"Folder","ModelName","GUID","FileBase","MeshURL","MeshStatus","DiffuseURL","DiffuseStatus","ColliderURL","ColliderStatus"
"Clockwork Legions","Conservator","823534","Conservator","https://steamusercontent-a.akamaihd.net/ugc/15603650782924130032/FEB16216DDD315F5E31D39E50E4723BB303ABA1D/","OK","https://steamusercontent-a.akamaihd.net/ugc/12069440468708218869/EC0E4F3B6336F9EF24BBA98769D7DBFC33990869/","OK","https://steamusercontent-a.akamaihd.net/ugc/18175565718039582103/2B831F2E0913F1D4D82539B79E01D9F3D151F3AD/","OK"
"Clockwork Legions","50mm base","777521","50mm base","https://steamusercontent-a.akamaihd.net/ugc/16565607465486734529/B3E55176002E04309EF32D048CCEB4FE1B14E5F9/","OK","https://steamusercontent-a.akamaihd.net/ugc/15825158844097975441/73A0276D495FE24E74341E06E6E2E7551E99C84B/","OK","https://steamusercontent-a.akamaihd.net/ugc/16565607465486734529/B3E55176002E04309EF32D048CCEB4FE1B14E5F9/","OK"
"Clockwork Legions","Archnumen Aurora","2405a6","Archnumen Aurora","https://steamusercontent-a.akamaihd.net/ugc/10300436004513505467/29C845DEAE9DEC8D973B0A788827404F61BF0822/","OK","https://steamusercontent-a.akamaihd.net/ugc/17557378319331389321/1C49A1870250B520B778DE681255F7E466E28E73/","OK","https://steamusercontent-a.akamaihd.net/ugc/16091245444157820896/FF4AF7384C6D583A6640C07CB7416F1428F95085/","OK"
"Clockwork Legions","50mm base","c6c983","50mm base_c6c983","https://steamusercontent-a.akamaihd.net/ugc/16565607465486734529/B3E55176002E04309EF32D048CCEB4FE1B14E5F9/","OK","https://steamusercontent-a.akamaihd.net/ugc/15825158844097975441/73A0276D495FE24E74341E06E6E2E7551E99C84B/","OK","https://steamusercontent-a.akamaihd.net/ugc/16565607465486734529/B3E55176002E04309EF32D048CCEB4FE1B14E5F9/","OK"
"Clockwork Legions","Assimilator","b53106","Assimilator","https://steamusercontent-a.akamaihd.net/ugc/15991641071178076683/D94B45F2B78D056EFA07F181A8CF7DD0931AE235/","OK","https://steamusercontent-a.akamaihd.net/ugc/17596956194901291176/EC0E4F3B6336F9EF24BBA98769D7DBFC33990869/","OK","https://steamusercontent-a.akamaihd.net/ugc/17211534403648804791/0B6C701B0B0AD70A4360EDBD2AF6D5348B131AFD/","OK"
"Clockwork Legions","50mm base","832edd","50mm base_832edd","https://steamusercontent-a.akamaihd.net/ugc/16565607465486734529/B3E55176002E04309EF32D048CCEB4FE1B14E5F9/","OK","https://steamusercontent-a.akamaihd.net/ugc/15825158844097975441/73A0276D495FE24E74341E06E6E2E7551E99C84B/","OK","https://steamusercontent-a.akamaihd.net/ugc/16565607465486734529/B3E55176002E04309EF32D048CCEB4FE1B14E5F9/","OK"
"Clockwork Legions","Axis, The Harmonic Enforcer","a78af4","Axis, The Harmonic Enforcer","https://steamusercontent-a.akamaihd.net/ugc/13722091776460332972/007A88214FD284F69239229377AB5677F9D48190/","OK","https://steamusercontent-a.akamaihd.net/ugc/15879669416168836377/940E6C0988B34823BF7775865F38F07479E4BD2B/","OK","https://steamusercontent-a.akamaihd.net/ugc/14111797635091902911/FF8BFF081A2905B68D02C92717CD1BDF50433E9E/","OK"
"Clockwork Legions","40mm base","ad3f3c","40mm base","https://steamusercontent-a.akamaihd.net/ugc/17467293707643483270/604FF622A74CBBBBF8151DE2F002D8047DC69150/","OK","https://steamusercontent-a.akamaihd.net/ugc/18385099658346253955/73A0276D495FE24E74341E06E6E2E7551E99C84B/","OK","https://steamusercontent-a.akamaihd.net/ugc/17467293707643483270/604FF622A74CBBBBF8151DE2F002D8047DC69150/","OK"
"Clockwork Legions","Cipher","1e3dd8","Cipher","https://steamusercontent-a.akamaihd.net/ugc/17558476525482241464/1E75E43EEC65C716D1E6CC845C0EB4C3CF8D7989/","OK","https://steamusercontent-a.akamaihd.net/ugc/12904947885467215758/B3647FFBAB0436B257A7F9F83F7F905B3BCA56AC/","OK","https://steamusercontent-a.akamaihd.net/ugc/9864808769923775278/4DF1A93B6139A6F3A7E4CD73B92E5F8A07DA90C9/","OK"
"Clockwork Legions","50mm base","67c153","50mm base_67c153","https://steamusercontent-a.akamaihd.net/ugc/16565607465486734529/B3E55176002E04309EF32D048CCEB4FE1B14E5F9/","OK","https://steamusercontent-a.akamaihd.net/ugc/15825158844097975441/73A0276D495FE24E74341E06E6E2E7551E99C84B/","OK","https://steamusercontent-a.akamaihd.net/ugc/16565607465486734529/B3E55176002E04309EF32D048CCEB4FE1B14E5F9/","OK"
"Clockwork Legions","Clockwork Angel","4370d5","Clockwork Angel","https://steamusercontent-a.akamaihd.net/ugc/16216170955763074961/5C0A4F119DA1818D989F158BCAAB3FA09484C67A/","OK","https://steamusercontent-a.akamaihd.net/ugc/12965420667120155204/4291849B3E1CD254D3D3E905D00597FDCD6DEB3E/","OK","https://steamusercontent-a.akamaihd.net/ugc/13768203040652444130/E4A12ECF288644166A9DCF55F0EDDB23AAC0FC7D/","OK"
"Clockwork Legions","30mm base","f6cd8f","30mm base","https://steamusercontent-a.akamaihd.net/ugc/13874377488447758171/176E993DB9378255E1BB74FFDD4A45558C98D895/","OK","https://steamusercontent-a.akamaihd.net/ugc/12567320968847447633/73A0276D495FE24E74341E06E6E2E7551E99C84B/","OK","https://steamusercontent-a.akamaihd.net/ugc/13874377488447758171/176E993DB9378255E1BB74FFDD4A45558C98D895/","OK"
"Clockwork Legions","Eminent Configurator Orion","e42bd3","Eminent Configurator Orion","https://steamusercontent-a.akamaihd.net/ugc/13030311942357277107/41C42F99FC5BCCE3DDCABD41F27D5E781CECE2B3/","OK","https://steamusercontent-a.akamaihd.net/ugc/16395452058940783636/F369ABC98C3091CFBD09E9FCD6D77E41F7D5FEC9/","OK","https://steamusercontent-a.akamaihd.net/ugc/13030311942357277107/41C42F99FC5BCCE3DDCABD41F27D5E781CECE2B3/","OK"
"Clockwork Legions","40mm base","5f652f","40mm base_5f652f","https://steamusercontent-a.akamaihd.net/ugc/17467293707643483270/604FF622A74CBBBBF8151DE2F002D8047DC69150/","OK","https://steamusercontent-a.akamaihd.net/ugc/18385099658346253955/73A0276D495FE24E74341E06E6E2E7551E99C84B/","OK","https://steamusercontent-a.akamaihd.net/ugc/17467293707643483270/604FF622A74CBBBBF8151DE2F002D8047DC69150/","OK"
"Clockwork Legions","Corollary","3814b4","Corollary","https://steamusercontent-a.akamaihd.net/ugc/17359100737704730512/29D7F7570EBCC87227D9AC3A19E2F3C40F4CDA5A/","OK","https://steamusercontent-a.akamaihd.net/ugc/17704055940734168355/5E2036A9E2E437313D5E28E101E08FB8601EF1AA/","OK","https://steamusercontent-a.akamaihd.net/ugc/17359100737704730512/29D7F7570EBCC87227D9AC3A19E2F3C40F4CDA5A/","OK"
"Clockwork Legions","40mm base","e571fa","40mm base_e571fa","https://steamusercontent-a.akamaihd.net/ugc/17467293707643483270/604FF622A74CBBBBF8151DE2F002D8047DC69150/","OK","https://steamusercontent-a.akamaihd.net/ugc/18385099658346253955/73A0276D495FE24E74341E06E6E2E7551E99C84B/","OK","https://steamusercontent-a.akamaihd.net/ugc/17467293707643483270/604FF622A74CBBBBF8151DE2F002D8047DC69150/","OK"
"Clockwork Legions","Enigma Foundry","8e21c2","Enigma Foundry","https://steamusercontent-a.akamaihd.net/ugc/16821922949990816868/D25FDDD4B0353B6648A2D63ABB5B0E3AFC721569/","OK","https://steamusercontent-a.akamaihd.net/ugc/12194727080679752297/990FFDC180B2246CB1B9B0B38C1C4DF047FBF1DE/","OK","https://steamusercontent-a.akamaihd.net/ugc/16821922949990816868/D25FDDD4B0353B6648A2D63ABB5B0E3AFC721569/","OK"
"Clockwork Legions","50mm base","e3f0ab","50mm base_e3f0ab","https://steamusercontent-a.akamaihd.net/ugc/16565607465486734529/B3E55176002E04309EF32D048CCEB4FE1B14E5F9/","OK","https://steamusercontent-a.akamaihd.net/ugc/15825158844097975441/73A0276D495FE24E74341E06E6E2E7551E99C84B/","OK","https://steamusercontent-a.akamaihd.net/ugc/16565607465486734529/B3E55176002E04309EF32D048CCEB4FE1B14E5F9/","OK"
"Clockwork Legions","Eradicator","3a9b67","Eradicator","https://steamusercontent-a.akamaihd.net/ugc/11944269478135388877/1FC3EB5951CE5DA131251A3611D6904E85F0E20D/","OK","https://steamusercontent-a.akamaihd.net/ugc/12533451002325567239/4F268EABB0DB6B33C056239BBB6109BBADFC8B89/","OK","https://steamusercontent-a.akamaihd.net/ugc/10394478352810057949/DF34F9F1D3FFDF2A300CBB64334E1A6314D3859A/","OK"
"Clockwork Legions","40mm base","4f8598","40mm base_4f8598","https://steamusercontent-a.akamaihd.net/ugc/17467293707643483270/604FF622A74CBBBBF8151DE2F002D8047DC69150/","OK","https://steamusercontent-a.akamaihd.net/ugc/18385099658346253955/73A0276D495FE24E74341E06E6E2E7551E99C84B/","OK","https://steamusercontent-a.akamaihd.net/ugc/17467293707643483270/604FF622A74CBBBBF8151DE2F002D8047DC69150/","OK"
"Clockwork Legions","Servitor","555fa3","Servitor","https://steamusercontent-a.akamaihd.net/ugc/11399872189378050374/4721273E37E28C10A8B840432253F140F5F6D631/","OK","https://steamusercontent-a.akamaihd.net/ugc/17012513666976491993/3B47AD6E7C4009BBB871036DF174F4BF3C8BAFEB/","OK","https://steamusercontent-a.akamaihd.net/ugc/11399872189378050374/4721273E37E28C10A8B840432253F140F5F6D631/","OK"
"Clockwork Legions","30mm base","9637b5","30mm base_9637b5","https://steamusercontent-a.akamaihd.net/ugc/13874377488447758171/176E993DB9378255E1BB74FFDD4A45558C98D895/","OK","https://steamusercontent-a.akamaihd.net/ugc/12567320968847447633/73A0276D495FE24E74341E06E6E2E7551E99C84B/","OK","https://steamusercontent-a.akamaihd.net/ugc/13874377488447758171/176E993DB9378255E1BB74FFDD4A45558C98D895/","OK"
"Clockwork Legions","Father Lucant, The Divinity Architect","347dd1","Father Lucant, The Divinity Architect","https://steamusercontent-a.akamaihd.net/ugc/15480510460204319783/6AF921401B16C1E5E484A601317306F5B5588F57/","OK","https://steamusercontent-a.akamaihd.net/ugc/16859405192470258709/587A137DE5F02EC9D8E75BD5E102DB1FBEF28138/","OK","https://steamusercontent-a.akamaihd.net/ugc/15480510460204319783/6AF921401B16C1E5E484A601317306F5B5588F57/","OK"
"Clockwork Legions","80mm base","b05593","80mm base","https://steamusercontent-a.akamaihd.net/ugc/9507323413831057586/A5ABC7B4C6AB4A09010368C107AE198A3CCC3D7A/","OK","https://steamusercontent-a.akamaihd.net/ugc/13689441281025536368/320864517CC6C1AA07B2B7F87481582BCB5BD368/","OK","https://steamusercontent-a.akamaihd.net/ugc/9507323413831057586/A5ABC7B4C6AB4A09010368C107AE198A3CCC3D7A/","OK"
"Clockwork Legions","Frustrum Locus","7d461e","Frustrum Locus","https://steamusercontent-a.akamaihd.net/ugc/12348861699443526951/637D88987A0A4D250B17B9522794934042317FFE/","OK","https://steamusercontent-a.akamaihd.net/ugc/12667713223267290580/5B16486E6776E117B93999B2F517F7D6D1371EE7/","OK","https://steamusercontent-a.akamaihd.net/ugc/12348861699443526951/637D88987A0A4D250B17B9522794934042317FFE/","OK"
"Clockwork Legions","50mm base","e3f0ab","50mm base_e3f0ab","https://steamusercontent-a.akamaihd.net/ugc/16565607465486734529/B3E55176002E04309EF32D048CCEB4FE1B14E5F9/","OK","https://steamusercontent-a.akamaihd.net/ugc/15825158844097975441/73A0276D495FE24E74341E06E6E2E7551E99C84B/","OK","https://steamusercontent-a.akamaihd.net/ugc/16565607465486734529/B3E55176002E04309EF32D048CCEB4FE1B14E5F9/","OK"
"Clockwork Legions","Inverter","3f9ea2","Inverter","https://steamusercontent-a.akamaihd.net/ugc/14442111847057959952/0E6B0D0808832445C73D7AF0F26EB88BF8E1550D/","OK","https://steamusercontent-a.akamaihd.net/ugc/16688198881837003814/B3647FFBAB0436B257A7F9F83F7F905B3BCA56AC/","OK","https://steamusercontent-a.akamaihd.net/ugc/12571752285281974625/33E86F948DCE163CEB205D14ADCC3D5A078F40CE/","OK"
"Clockwork Legions","50mm base","d4955f","50mm base_d4955f","https://steamusercontent-a.akamaihd.net/ugc/16565607465486734529/B3E55176002E04309EF32D048CCEB4FE1B14E5F9/","OK","https://steamusercontent-a.akamaihd.net/ugc/15825158844097975441/73A0276D495FE24E74341E06E6E2E7551E99C84B/","OK","https://steamusercontent-a.akamaihd.net/ugc/16565607465486734529/B3E55176002E04309EF32D048CCEB4FE1B14E5F9/","OK"
"Clockwork Legions","Iron Mother Directrix","065035","Iron Mother Directrix","https://steamusercontent-a.akamaihd.net/ugc/10459366576906340643/B621FE195350E9FDA40796BF7541F900B68228E8/","OK","https://steamusercontent-a.akamaihd.net/ugc/18197240134748814480/A1FF343110701225D5DC841559C411DC1849CED3/","OK","https://steamusercontent-a.akamaihd.net/ugc/15254582388138768960/3D2AE48D77A8F0202117E0D22773A693C583BD6B/","OK"
"Clockwork Legions","40mm base","e571fa","40mm base_e571fa","https://steamusercontent-a.akamaihd.net/ugc/17467293707643483270/604FF622A74CBBBBF8151DE2F002D8047DC69150/","OK","https://steamusercontent-a.akamaihd.net/ugc/18385099658346253955/73A0276D495FE24E74341E06E6E2E7551E99C84B/","OK","https://steamusercontent-a.akamaihd.net/ugc/17467293707643483270/604FF622A74CBBBBF8151DE2F002D8047DC69150/","OK"
"Clockwork Legions","Modulator","82f5df","Modulator","https://steamusercontent-a.akamaihd.net/ugc/11831141705874733526/4D0AA34B719692563CFE8EA28170F9F48294D998/","OK","https://steamusercontent-a.akamaihd.net/ugc/16390765455324611647/EC0E4F3B6336F9EF24BBA98769D7DBFC33990869/","OK","https://steamusercontent-a.akamaihd.net/ugc/16801533644907796235/2367402BC00060E12AB80AE838BF44B6E9428633/","OK"
"Clockwork Legions","50mm base","68dd31","50mm base_68dd31","https://steamusercontent-a.akamaihd.net/ugc/16565607465486734529/B3E55176002E04309EF32D048CCEB4FE1B14E5F9/","OK","https://steamusercontent-a.akamaihd.net/ugc/15825158844097975441/73A0276D495FE24E74341E06E6E2E7551E99C84B/","OK","https://steamusercontent-a.akamaihd.net/ugc/16565607465486734529/B3E55176002E04309EF32D048CCEB4FE1B14E5F9/","OK"
"Clockwork Legions","Monitor","1bf87a","Monitor","https://steamusercontent-a.akamaihd.net/ugc/12932825312763079241/384C400978714F859D6F6630416AF6F2428FFBD2/","OK","https://steamusercontent-a.akamaihd.net/ugc/13578776546077314608/B3647FFBAB0436B257A7F9F83F7F905B3BCA56AC/","OK","https://steamusercontent-a.akamaihd.net/ugc/17534162009588775834/2E465AB5A3229511FA1009AFF15792B8754C7E9B/","OK"
"Clockwork Legions","50mm base","f2ff31","50mm base_f2ff31","https://steamusercontent-a.akamaihd.net/ugc/16565607465486734529/B3E55176002E04309EF32D048CCEB4FE1B14E5F9/","OK","https://steamusercontent-a.akamaihd.net/ugc/15825158844097975441/73A0276D495FE24E74341E06E6E2E7551E99C84B/","OK","https://steamusercontent-a.akamaihd.net/ugc/16565607465486734529/B3E55176002E04309EF32D048CCEB4FE1B14E5F9/","OK"
"Clockwork Legions","Negation Angel","d006c5","Negation Angel","https://steamusercontent-a.akamaihd.net/ugc/9902285716333454808/22EF324064ADA62923E583B265BDD0DE6C6B4EE1/","OK","https://steamusercontent-a.akamaihd.net/ugc/14041009006376403065/353401101D14175B5CE9AB177CBB6647D30C8024/","OK","https://steamusercontent-a.akamaihd.net/ugc/14576195290994692770/666C66E89BF8AF1FF08C7394CFB284DE8AF7ADA2/","OK"
"Clockwork Legions","30mm base","3301c8","30mm base_3301c8","https://steamusercontent-a.akamaihd.net/ugc/13874377488447758171/176E993DB9378255E1BB74FFDD4A45558C98D895/","OK","https://steamusercontent-a.akamaihd.net/ugc/12567320968847447633/73A0276D495FE24E74341E06E6E2E7551E99C84B/","OK","https://steamusercontent-a.akamaihd.net/ugc/13874377488447758171/176E993DB9378255E1BB74FFDD4A45558C98D895/","OK"
"Clockwork Legions","Negator","008c83","Negator","https://steamusercontent-a.akamaihd.net/ugc/16953749404913200226/DC19114A89B466BA7F6B94EB5A651FB9CFF1C20C/","OK","https://steamusercontent-a.akamaihd.net/ugc/16263833857355100103/B5324E6EFC56754FF80361E58A576356F4F14734/","OK","https://steamusercontent-a.akamaihd.net/ugc/9966766865588331847/4B920D8E95A503EB5060140F7D4A097A2D42C18B/","OK"
"Clockwork Legions","40mm base","6e6bba","40mm base_6e6bba","https://steamusercontent-a.akamaihd.net/ugc/17467293707643483270/604FF622A74CBBBBF8151DE2F002D8047DC69150/","OK","https://steamusercontent-a.akamaihd.net/ugc/18385099658346253955/73A0276D495FE24E74341E06E6E2E7551E99C84B/","OK","https://steamusercontent-a.akamaihd.net/ugc/17467293707643483270/604FF622A74CBBBBF8151DE2F002D8047DC69150/","OK"
"Clockwork Legions","Obstructor","ef9ed8","Obstructor","https://steamusercontent-a.akamaihd.net/ugc/16988717314539062026/C99F77D9E055D37CB5B84EEE2A984759922247D6/","OK","https://steamusercontent-a.akamaihd.net/ugc/11181799595137198871/7025D01CAA97BCF344E01BBF18530605BEA907E8/","OK","https://steamusercontent-a.akamaihd.net/ugc/14718571759035830098/54A924D18EBC3C0D1D4B628540825D730527AC03/","OK"
"Clockwork Legions","30mm base","d29cf5","30mm base_d29cf5","https://steamusercontent-a.akamaihd.net/ugc/13874377488447758171/176E993DB9378255E1BB74FFDD4A45558C98D895/","OK","https://steamusercontent-a.akamaihd.net/ugc/12567320968847447633/73A0276D495FE24E74341E06E6E2E7551E99C84B/","OK","https://steamusercontent-a.akamaihd.net/ugc/13874377488447758171/176E993DB9378255E1BB74FFDD4A45558C98D895/","OK"
"Clockwork Legions","Optifex Directive","f8c378","Optifex Directive","https://steamusercontent-a.akamaihd.net/ugc/14730440960481516801/D1C290ED6176D8944EEB3DC2978D9D554BECF7B7/","OK","https://steamusercontent-a.akamaihd.net/ugc/9618614187451994902/A416F443E038F7953F70DA749B8C27C9C74667A0/","OK","https://steamusercontent-a.akamaihd.net/ugc/14730440960481516801/D1C290ED6176D8944EEB3DC2978D9D554BECF7B7/","OK"
"Clockwork Legions","30mm base","9637b5","30mm base_9637b5","https://steamusercontent-a.akamaihd.net/ugc/13874377488447758171/176E993DB9378255E1BB74FFDD4A45558C98D895/","OK","https://steamusercontent-a.akamaihd.net/ugc/12567320968847447633/73A0276D495FE24E74341E06E6E2E7551E99C84B/","OK","https://steamusercontent-a.akamaihd.net/ugc/13874377488447758171/176E993DB9378255E1BB74FFDD4A45558C98D895/","OK"
"Clockwork Legions","Perforator","671124","Perforator","https://steamusercontent-a.akamaihd.net/ugc/14445710611021356173/2CCAFDF6D7986A552E428C8398D810908A9810D4/","OK","https://steamusercontent-a.akamaihd.net/ugc/9785588594624055802/4E420F4107BD7A5FA11A524F057A8673411AF38A/","OK","https://steamusercontent-a.akamaihd.net/ugc/17421462922171098282/4D75A6636EFAB3CC678AACE18C7F3AA340A8DEF5/","OK"
"Clockwork Legions","40mm base","e571fa","40mm base_e571fa","https://steamusercontent-a.akamaihd.net/ugc/17467293707643483270/604FF622A74CBBBBF8151DE2F002D8047DC69150/","OK","https://steamusercontent-a.akamaihd.net/ugc/18385099658346253955/73A0276D495FE24E74341E06E6E2E7551E99C84B/","OK","https://steamusercontent-a.akamaihd.net/ugc/17467293707643483270/604FF622A74CBBBBF8151DE2F002D8047DC69150/","OK"
"Clockwork Legions","Prefect Hypatia","e6dc2f","Prefect Hypatia","https://steamusercontent-a.akamaihd.net/ugc/12297751581675567771/27CE0E3A224ABA513194314E9BA4E4E47D170422/","OK","https://steamusercontent-a.akamaihd.net/ugc/13281911321128488613/2495980EBBE8B258E5EC0737913E1EBAF86759C5/","OK","https://steamusercontent-a.akamaihd.net/ugc/12832998408132350057/C53FE23C342C30E26F1013D8A83A89085D165D4B/","OK"
"Clockwork Legions","30mm base","9637b5","30mm base_9637b5","https://steamusercontent-a.akamaihd.net/ugc/13874377488447758171/176E993DB9378255E1BB74FFDD4A45558C98D895/","OK","https://steamusercontent-a.akamaihd.net/ugc/12567320968847447633/73A0276D495FE24E74341E06E6E2E7551E99C84B/","OK","https://steamusercontent-a.akamaihd.net/ugc/13874377488447758171/176E993DB9378255E1BB74FFDD4A45558C98D895/","OK"
"Clockwork Legions","Prime Axiom","caa593","Prime Axiom","https://steamusercontent-a.akamaihd.net/ugc/11030618729714379226/F73BD5D4C4653018D1DBF2B91018E6127FF80B42/","OK","https://steamusercontent-a.akamaihd.net/ugc/18392654963582323627/D64B499D52C468A6FCBF00472792B924861B4BDF/","OK","https://steamusercontent-a.akamaihd.net/ugc/13985589532345084432/72E376207D44035A86B868F24FBE6B14F5D64212/","OK"
"Clockwork Legions","120mm base","9580b4","120mm base","https://steamusercontent-a.akamaihd.net/ugc/12398511746798383282/8D39692EEAE81114A3928C7F29445387B09B6611/","OK","https://steamusercontent-a.akamaihd.net/ugc/11874514094192302541/7B239DB4E92CEB6849B4D3A3066F6274DD65B1BC/","OK","https://steamusercontent-a.akamaihd.net/ugc/12398511746798383282/8D39692EEAE81114A3928C7F29445387B09B6611/","OK"
"Clockwork Legions","Prime Conflux","c3c1f8","Prime Conflux","https://steamusercontent-a.akamaihd.net/ugc/10461247109104294423/DC13786244DC9D340CA60F345E8B7D8A65CC25AC/","OK","https://steamusercontent-a.akamaihd.net/ugc/16027528500252438396/433058F2A15A192137AAB80D6B082C3E11BF9DA6/","OK","https://steamusercontent-a.akamaihd.net/ugc/9403600384076954212/CD47F602503D66D759AC67DAA2B64811F56F99B1/","OK"
"Clockwork Legions","120mm base","d1f51d","120mm base_d1f51d","https://steamusercontent-a.akamaihd.net/ugc/12398511746798383282/8D39692EEAE81114A3928C7F29445387B09B6611/","OK","https://steamusercontent-a.akamaihd.net/ugc/11874514094192302541/7B239DB4E92CEB6849B4D3A3066F6274DD65B1BC/","OK","https://steamusercontent-a.akamaihd.net/ugc/12398511746798383282/8D39692EEAE81114A3928C7F29445387B09B6611/","OK"
"Clockwork Legions","Reductor","2839d7","Reductor","https://steamusercontent-a.akamaihd.net/ugc/10992617504585367130/425FECBF1D13D0D8BBC1243A650BADE4FE90EBA1/","OK","https://steamusercontent-a.akamaihd.net/ugc/9619217298480180017/5AF5E21BBC0AA4C814A5908A076CFE47C1196A5C/","OK","https://steamusercontent-a.akamaihd.net/ugc/10773126373052261860/25A1649D888C52B702CEC83AFEA5AF694E85F408/","OK"
"Clockwork Legions","40mm base","e571fa","40mm base_e571fa","https://steamusercontent-a.akamaihd.net/ugc/17467293707643483270/604FF622A74CBBBBF8151DE2F002D8047DC69150/","OK","https://steamusercontent-a.akamaihd.net/ugc/18385099658346253955/73A0276D495FE24E74341E06E6E2E7551E99C84B/","OK","https://steamusercontent-a.akamaihd.net/ugc/17467293707643483270/604FF622A74CBBBBF8151DE2F002D8047DC69150/","OK"
"Clockwork Legions","Reductor","c497a2","Reductor_c497a2","https://steamusercontent-a.akamaihd.net/ugc/17343288420233504642/81AAEADEF3AA2A0735FC8DD78CAE9366F7C37324/","OK","https://steamusercontent-a.akamaihd.net/ugc/11572796087505562542/95AB35AA48C96DD07F7DF8E89FFF6F03E4E7B715/","OK","https://steamusercontent-a.akamaihd.net/ugc/11576271122156622966/D12272A425CFD4050E9A81E7963FFAD55361ED30/","OK"
"Clockwork Legions","30mm base","6a8382","30mm base_6a8382","https://steamusercontent-a.akamaihd.net/ugc/13874377488447758171/176E993DB9378255E1BB74FFDD4A45558C98D895/","OK","https://steamusercontent-a.akamaihd.net/ugc/12567320968847447633/73A0276D495FE24E74341E06E6E2E7551E99C84B/","OK","https://steamusercontent-a.akamaihd.net/ugc/13874377488447758171/176E993DB9378255E1BB74FFDD4A45558C98D895/","OK"
"Clockwork Legions","Tesselator","e04c60","Tesselator","https://steamusercontent-a.akamaihd.net/ugc/10698438910964471707/DA66A5B9EAAF543022113D86E20444774B72573F/","OK","https://steamusercontent-a.akamaihd.net/ugc/12451339338816743138/906497B03DD623420874F84C178D57F80A4D2E12/","OK","https://steamusercontent-a.akamaihd.net/ugc/10698438910964471707/DA66A5B9EAAF543022113D86E20444774B72573F/","OK"
"Clockwork Legions","40mm base","e571fa","40mm base_e571fa","https://steamusercontent-a.akamaihd.net/ugc/17467293707643483270/604FF622A74CBBBBF8151DE2F002D8047DC69150/","OK","https://steamusercontent-a.akamaihd.net/ugc/18385099658346253955/73A0276D495FE24E74341E06E6E2E7551E99C84B/","OK","https://steamusercontent-a.akamaihd.net/ugc/17467293707643483270/604FF622A74CBBBBF8151DE2F002D8047DC69150/","OK"
"Clockwork Legions","Transverse Enumerator","f31a81","Transverse Enumerator","https://steamusercontent-a.akamaihd.net/ugc/10886289606327551488/52D1E014E697BA6CD07748B334FF60A3659A5D32/","OK","https://steamusercontent-a.akamaihd.net/ugc/15692913821371951957/CF4BC80BEEAAFB9E7268F278AD68A9315341F358/","OK","https://steamusercontent-a.akamaihd.net/ugc/10886289606327551488/52D1E014E697BA6CD07748B334FF60A3659A5D32/","OK"
"Clockwork Legions","30mm base","9637b5","30mm base_9637b5","https://steamusercontent-a.akamaihd.net/ugc/13874377488447758171/176E993DB9378255E1BB74FFDD4A45558C98D895/","OK","https://steamusercontent-a.akamaihd.net/ugc/12567320968847447633/73A0276D495FE24E74341E06E6E2E7551E99C84B/","OK","https://steamusercontent-a.akamaihd.net/ugc/13874377488447758171/176E993DB9378255E1BB74FFDD4A45558C98D895/","OK"
"Clockwork Legions","Transfinite Emergence Projector","a5ccc8","Transfinite Emergence Projector","https://steamusercontent-a.akamaihd.net/ugc/17631022882237402390/9A26275A9C9CEA97AB2DD3A6BDAA50D34BA14889/","OK","https://steamusercontent-a.akamaihd.net/ugc/11731691370169748379/8916BC6D8FC5FCD84152CB13C3E0B692F6C3F767/","OK","https://steamusercontent-a.akamaihd.net/ugc/17631022882237402390/9A26275A9C9CEA97AB2DD3A6BDAA50D34BA14889/","OK"
"Clockwork Legions","120mm base","9580b4","120mm base_9580b4","https://steamusercontent-a.akamaihd.net/ugc/12398511746798383282/8D39692EEAE81114A3928C7F29445387B09B6611/","OK","https://steamusercontent-a.akamaihd.net/ugc/11874514094192302541/7B239DB4E92CEB6849B4D3A3066F6274DD65B1BC/","OK","https://steamusercontent-a.akamaihd.net/ugc/12398511746798383282/8D39692EEAE81114A3928C7F29445387B09B6611/","OK"
"Clockwork Legions","Forge Master Syntherion","a32584","Forge Master Syntherion","https://steamusercontent-a.akamaihd.net/ugc/12509037485455313508/CF3C56142DF371EF55E3863E3E1A93EA7C352966/","OK","https://steamusercontent-a.akamaihd.net/ugc/10287553259916636636/64B72E7563E6AEC9C0F407A0BC76A4C5E30B8EFD/","OK","https://steamusercontent-a.akamaihd.net/ugc/12509037485455313508/CF3C56142DF371EF55E3863E3E1A93EA7C352966/","OK"
"Clockwork Legions","40mm base","54f542","40mm base_54f542","https://steamusercontent-a.akamaihd.net/ugc/17467293707643483270/604FF622A74CBBBBF8151DE2F002D8047DC69150/","OK","https://steamusercontent-a.akamaihd.net/ugc/18385099658346253955/73A0276D495FE24E74341E06E6E2E7551E99C84B/","OK","https://steamusercontent-a.akamaihd.net/ugc/17467293707643483270/604FF622A74CBBBBF8151DE2F002D8047DC69150/","OK"
"Clockwork Legions","Steelsoul Protector","5cda94","Steelsoul Protector","https://steamusercontent-a.akamaihd.net/ugc/17311085848550658864/BDD8762B663C84E72318C32AE2D9F60B5C66C585/","OK","https://steamusercontent-a.akamaihd.net/ugc/10345928731915735523/6A4B2040A321FA469EE0A54B432D092E69CE3764/","OK","https://steamusercontent-a.akamaihd.net/ugc/15046514973642156409/BD1415D838FC90363A3A0CBA3FD123337A42DA78/","OK"
"Clockwork Legions","40mm base","eaa5d3","40mm base_eaa5d3","https://steamusercontent-a.akamaihd.net/ugc/17467293707643483270/604FF622A74CBBBBF8151DE2F002D8047DC69150/","OK","https://steamusercontent-a.akamaihd.net/ugc/18385099658346253955/73A0276D495FE24E74341E06E6E2E7551E99C84B/","OK","https://steamusercontent-a.akamaihd.net/ugc/17467293707643483270/604FF622A74CBBBBF8151DE2F002D8047DC69150/","OK"
"Fane of Nyrro","Vordak","b50c16","Vordak","https://steamusercontent-a.akamaihd.net/ugc/13494313957994998620/AB2856B46503FD65A452D3124574A2904942F56D/","OK","https://steamusercontent-a.akamaihd.net/ugc/17949829432557844869/E24275269E48805E46371C5AD3E696DAB46C9B51/","OK","https://steamusercontent-a.akamaihd.net/ugc/15591409741673847476/F687C215A282EDC8ED2C514ED979C4E271D6D768/","OK"
"Fane of Nyrro","50mm base","9de2ce","50mm base","https://steamusercontent-a.akamaihd.net/ugc/16565607465486734529/B3E55176002E04309EF32D048CCEB4FE1B14E5F9/","OK","https://steamusercontent-a.akamaihd.net/ugc/15825158844097975441/73A0276D495FE24E74341E06E6E2E7551E99C84B/","OK","https://steamusercontent-a.akamaihd.net/ugc/16565607465486734529/B3E55176002E04309EF32D048CCEB4FE1B14E5F9/","OK"
"Fane of Nyrro","The Merciless","1326cd","The Merciless","https://steamusercontent-a.akamaihd.net/ugc/13589860152749031277/28FFBBA3340DBDBFA4D28686CE065895752A1A2D/","OK","https://steamusercontent-a.akamaihd.net/ugc/18439013697043367011/F2F4FA29825358F2745E16F9C9FDC02259CE9828/","OK","https://steamusercontent-a.akamaihd.net/ugc/12391855232109712749/8F1E497E5578467CFE9DDD2D99BA927132113B78/","OK"
"Fane of Nyrro","30jmm base","ffd084","30jmm base","https://steamusercontent-a.akamaihd.net/ugc/13874377488447758171/176E993DB9378255E1BB74FFDD4A45558C98D895/","OK","https://steamusercontent-a.akamaihd.net/ugc/12567320968847447633/73A0276D495FE24E74341E06E6E2E7551E99C84B/","OK","https://steamusercontent-a.akamaihd.net/ugc/13874377488447758171/176E993DB9378255E1BB74FFDD4A45558C98D895/","OK"
"Fane of Nyrro","The Devoted","ab24d6","The Devoted","https://steamusercontent-a.akamaihd.net/ugc/16492862203169309175/2E4FF0A68BC4E5E9E5A58E0A82D73542A13E9506/","OK","https://steamusercontent-a.akamaihd.net/ugc/15134864662524011766/3CC488166B7727DCC547618071CE7E34CDA121D4/","OK","https://steamusercontent-a.akamaihd.net/ugc/9880515209086668859/66645B350A8949BEB97208F806E4AD16F44E7CC1/","OK"
"Fane of Nyrro","30jmm base","8e2efb","30jmm base_8e2efb","https://steamusercontent-a.akamaihd.net/ugc/13874377488447758171/176E993DB9378255E1BB74FFDD4A45558C98D895/","OK","https://steamusercontent-a.akamaihd.net/ugc/12567320968847447633/73A0276D495FE24E74341E06E6E2E7551E99C84B/","OK","https://steamusercontent-a.akamaihd.net/ugc/13874377488447758171/176E993DB9378255E1BB74FFDD4A45558C98D895/","OK"
"Fane of Nyrro","Harashet, The Gorged Darkness","92c64d","Harashet, The Gorged Darkness","https://steamusercontent-a.akamaihd.net/ugc/17108323851560768066/5DDBC195CB1680A4FBF5CA21FA3177669E0E8EAC/","OK","https://steamusercontent-a.akamaihd.net/ugc/17585168996118207380/C793C8EB62A12486F8F180AD363986804708ECB5/","OK","https://steamusercontent-a.akamaihd.net/ugc/12199983255924027947/CE61122CC8EEE7CBA3103BB9ECF4F820B58B6254/","OK"
"Fane of Nyrro","40mm base","f143c4","40mm base","https://steamusercontent-a.akamaihd.net/ugc/17467293707643483270/604FF622A74CBBBBF8151DE2F002D8047DC69150/","OK","https://steamusercontent-a.akamaihd.net/ugc/18385099658346253955/73A0276D495FE24E74341E06E6E2E7551E99C84B/","OK","https://steamusercontent-a.akamaihd.net/ugc/17467293707643483270/604FF622A74CBBBBF8151DE2F002D8047DC69150/","OK"
"Fane of Nyrro","Hollowed","1a40c6","Hollowed","https://steamusercontent-a.akamaihd.net/ugc/10657440270144239908/D3CCF620A5BD434679F3BA23640EAA16011AC492/","OK","https://steamusercontent-a.akamaihd.net/ugc/14457734739068626981/421B56FB59EBD9CDF054C905D0A24F53CA6AEEAC/","OK","https://steamusercontent-a.akamaihd.net/ugc/10657440270144239908/D3CCF620A5BD434679F3BA23640EAA16011AC492/","OK"
"Fane of Nyrro","30mm base","b4d1da","30mm base","https://steamusercontent-a.akamaihd.net/ugc/13874377488447758171/176E993DB9378255E1BB74FFDD4A45558C98D895/","OK","https://steamusercontent-a.akamaihd.net/ugc/12567320968847447633/73A0276D495FE24E74341E06E6E2E7551E99C84B/","OK","https://steamusercontent-a.akamaihd.net/ugc/13874377488447758171/176E993DB9378255E1BB74FFDD4A45558C98D895/","OK"
"Fane of Nyrro","Blood Sirens","76f946","Blood Sirens","https://steamusercontent-a.akamaihd.net/ugc/9711142523399746089/DA52700D655A5219BCDD8CA6C0233D0CBEF58EBC/","OK","https://steamusercontent-a.akamaihd.net/ugc/10678607636541924796/FF1652E399E569D440427E7D9252CA7FA93B2AB8/","OK","https://steamusercontent-a.akamaihd.net/ugc/15206294119966571798/1077F29EEED0799552096AADB9FAC650CD49B884/","OK"
"Fane of Nyrro","30jmm base","07efb4","30jmm base_07efb4","https://steamusercontent-a.akamaihd.net/ugc/13874377488447758171/176E993DB9378255E1BB74FFDD4A45558C98D895/","OK","https://steamusercontent-a.akamaihd.net/ugc/12567320968847447633/73A0276D495FE24E74341E06E6E2E7551E99C84B/","OK","https://steamusercontent-a.akamaihd.net/ugc/13874377488447758171/176E993DB9378255E1BB74FFDD4A45558C98D895/","OK"
"Fane of Nyrro","Ashmael, Keep of Whispers","e88603","Ashmael, Keep of Whispers","https://steamusercontent-a.akamaihd.net/ugc/10513461354506201826/C6918E8417EA8F6407EFA0037A49635F7F94C107/","OK","https://steamusercontent-a.akamaihd.net/ugc/16232516392994350356/F18BDC0912A5F83023BC0EF6CAF792A07CFEBFB2/","OK","https://steamusercontent-a.akamaihd.net/ugc/15281002730081092371/D488AC4B225BB96E3661913A9A3E540BE65EE75B/","OK"
"Fane of Nyrro","40mm base","147857","40mm base_147857","https://steamusercontent-a.akamaihd.net/ugc/17467293707643483270/604FF622A74CBBBBF8151DE2F002D8047DC69150/","OK","https://steamusercontent-a.akamaihd.net/ugc/18385099658346253955/73A0276D495FE24E74341E06E6E2E7551E99C84B/","OK","https://steamusercontent-a.akamaihd.net/ugc/17467293707643483270/604FF622A74CBBBBF8151DE2F002D8047DC69150/","OK"
"Fane of Nyrro","Fane Stalkers","99f3e4","Fane Stalkers","https://steamusercontent-a.akamaihd.net/ugc/14480579161177229867/1EA78AC21FCFC07C3C82A650465CFADD2A913B2A/","OK","https://steamusercontent-a.akamaihd.net/ugc/14637858547876418783/CC65079757951819550BDEAEF2C954B35CFAB242/","OK","https://steamusercontent-a.akamaihd.net/ugc/14480579161177229867/1EA78AC21FCFC07C3C82A650465CFADD2A913B2A/","OK"
"Fane of Nyrro","40mm base","9b36f2","40mm base_9b36f2","https://steamusercontent-a.akamaihd.net/ugc/17467293707643483270/604FF622A74CBBBBF8151DE2F002D8047DC69150/","OK","https://steamusercontent-a.akamaihd.net/ugc/18385099658346253955/73A0276D495FE24E74341E06E6E2E7551E99C84B/","OK","https://steamusercontent-a.akamaihd.net/ugc/17467293707643483270/604FF622A74CBBBBF8151DE2F002D8047DC69150/","OK"
"Fane of Nyrro","Hysene, the Executioner","c9ac78","Hysene, the Executioner","https://steamusercontent-a.akamaihd.net/ugc/9576647256257453087/37E489410E1748B2EEADDEAABD48C4A73655288E/","OK","https://steamusercontent-a.akamaihd.net/ugc/10808154868213776366/390F4ECB2FD24A430BB5851936782AD78B8328CA/","OK","https://steamusercontent-a.akamaihd.net/ugc/14102664036465499827/0252839A4C7E899213007FB11164A26A5C5948D2/","OK"
"Fane of Nyrro","40mm base","52348f","40mm base_52348f","https://steamusercontent-a.akamaihd.net/ugc/17467293707643483270/604FF622A74CBBBBF8151DE2F002D8047DC69150/","OK","https://steamusercontent-a.akamaihd.net/ugc/18385099658346253955/73A0276D495FE24E74341E06E6E2E7551E99C84B/","OK","https://steamusercontent-a.akamaihd.net/ugc/17467293707643483270/604FF622A74CBBBBF8151DE2F002D8047DC69150/","OK"
"Fane of Nyrro","Auricant Vorsalys","0843c7","Auricant Vorsalys","https://steamusercontent-a.akamaihd.net/ugc/17680121549066016874/F691254CE9C07BD33F64BB14B33E9A34F177C9FF/","OK","https://steamusercontent-a.akamaihd.net/ugc/16264838397569831662/381DCAD3B84C9240302B946CE6548DD2E558C35E/","OK","https://steamusercontent-a.akamaihd.net/ugc/16389608390881987253/299A4ABA8398E4221708A169BFF55551869B483D/","OK"
"Fane of Nyrro","40mm base","4debe3","40mm base_4debe3","https://steamusercontent-a.akamaihd.net/ugc/17467293707643483270/604FF622A74CBBBBF8151DE2F002D8047DC69150/","OK","https://steamusercontent-a.akamaihd.net/ugc/18385099658346253955/73A0276D495FE24E74341E06E6E2E7551E99C84B/","OK","https://steamusercontent-a.akamaihd.net/ugc/17467293707643483270/604FF622A74CBBBBF8151DE2F002D8047DC69150/","OK"
"Fane of Nyrro","Styrge Hounds","936f45","Styrge Hounds","https://steamusercontent-a.akamaihd.net/ugc/12334523398088238415/32F5A4525B13512939257C89A60D21EA413663E9/","OK","https://steamusercontent-a.akamaihd.net/ugc/17043718725068255717/3E5242DDD49A0D9FF08EFD18F8B038BB23DEAED2/","OK","https://steamusercontent-a.akamaihd.net/ugc/11779681424023404901/858494D280D4F6B176B52E91AA79AEBEEC0D348D/","OK"
"Fane of Nyrro","50mm base","5e31a1","50mm base_5e31a1","https://steamusercontent-a.akamaihd.net/ugc/16565607465486734529/B3E55176002E04309EF32D048CCEB4FE1B14E5F9/","OK","https://steamusercontent-a.akamaihd.net/ugc/15825158844097975441/73A0276D495FE24E74341E06E6E2E7551E99C84B/","OK","https://steamusercontent-a.akamaihd.net/ugc/16565607465486734529/B3E55176002E04309EF32D048CCEB4FE1B14E5F9/","OK"
"Fane of Nyrro","Nymara, The Shadowblade","1837ec","Nymara, The Shadowblade","https://steamusercontent-a.akamaihd.net/ugc/15071798301982136353/CB9D8450099C08D77DC9F5FAE9CEEE8F4F685BEE/","OK","https://steamusercontent-a.akamaihd.net/ugc/15556481022826561484/927AE302A68E1306C11339071AEDAF682FC2CF87/","OK","https://steamusercontent-a.akamaihd.net/ugc/16942229907393985629/48EA76D84BE0168E627D12B1B50F6C0BDB085FD1/","OK"
"Fane of Nyrro","80mm base","b4ec6a","80mm base","https://steamusercontent-a.akamaihd.net/ugc/9507323413831057586/A5ABC7B4C6AB4A09010368C107AE198A3CCC3D7A/","OK","https://steamusercontent-a.akamaihd.net/ugc/13689441281025536368/320864517CC6C1AA07B2B7F87481582BCB5BD368/","OK","https://steamusercontent-a.akamaihd.net/ugc/9507323413831057586/A5ABC7B4C6AB4A09010368C107AE198A3CCC3D7A/","OK"
"Fane of Nyrro","Fane Knights","448fb8","Fane Knights","https://steamusercontent-a.akamaihd.net/ugc/15735683765236047740/35BE4DC45C9FCBBCCD0B54B0CA7204E089197C8D/","OK","https://steamusercontent-a.akamaihd.net/ugc/14431092833087406973/6676440120FB68F434DEF99ECF21F3F66696E8A1/","OK","https://steamusercontent-a.akamaihd.net/ugc/15735683765236047740/35BE4DC45C9FCBBCCD0B54B0CA7204E089197C8D/","OK"
"Fane of Nyrro","40mm base","9b89f4","40mm base_9b89f4","https://steamusercontent-a.akamaihd.net/ugc/17467293707643483270/604FF622A74CBBBBF8151DE2F002D8047DC69150/","OK","https://steamusercontent-a.akamaihd.net/ugc/18385099658346253955/73A0276D495FE24E74341E06E6E2E7551E99C84B/","OK","https://steamusercontent-a.akamaihd.net/ugc/17467293707643483270/604FF622A74CBBBBF8151DE2F002D8047DC69150/","OK"
"Fane of Nyrro","The Klyvenesh","2a4fbd","The Klyvenesh","https://steamusercontent-a.akamaihd.net/ugc/13134802603782917641/F65DA261071C4696BCEADA1D6E46ACA973B9F5AE/","OK","https://steamusercontent-a.akamaihd.net/ugc/10386922988993153291/1CDC46CC6BF954B3DEE8002EB4687C1C8298F277/","OK","https://steamusercontent-a.akamaihd.net/ugc/10815174746372122460/D6C49AB9FDF8AB469FB071534A01A3D76A2FA014/","OK"
"Fane of Nyrro","30jmm base","efe400","30jmm base_efe400","https://steamusercontent-a.akamaihd.net/ugc/13874377488447758171/176E993DB9378255E1BB74FFDD4A45558C98D895/","OK","https://steamusercontent-a.akamaihd.net/ugc/12567320968847447633/73A0276D495FE24E74341E06E6E2E7551E99C84B/","OK","https://steamusercontent-a.akamaihd.net/ugc/13874377488447758171/176E993DB9378255E1BB74FFDD4A45558C98D895/","OK"
"Fane of Nyrro","The Klyvenesh","a82177","The Klyvenesh_a82177","https://steamusercontent-a.akamaihd.net/ugc/17484712318290617120/4D8082233EBA8F16BD81CE21152BEE6CE181F5AA/","OK","https://steamusercontent-a.akamaihd.net/ugc/14336270245318450457/1CDC46CC6BF954B3DEE8002EB4687C1C8298F277/","OK","https://steamusercontent-a.akamaihd.net/ugc/16128400120238152744/C1FFC5EBA876213C1F393139BE017AC95986AF1C/","OK"
"Fane of Nyrro","30jmm base","d962fc","30jmm base_d962fc","https://steamusercontent-a.akamaihd.net/ugc/13874377488447758171/176E993DB9378255E1BB74FFDD4A45558C98D895/","OK","https://steamusercontent-a.akamaihd.net/ugc/12567320968847447633/73A0276D495FE24E74341E06E6E2E7551E99C84B/","OK","https://steamusercontent-a.akamaihd.net/ugc/13874377488447758171/176E993DB9378255E1BB74FFDD4A45558C98D895/","OK"
"Fane of Nyrro","The Klyvenesh","74f0d7","The Klyvenesh_74f0d7","https://steamusercontent-a.akamaihd.net/ugc/14667234792771102876/C7AC10D145975ECB6AFAA936964DAB770D0F978E/","OK","https://steamusercontent-a.akamaihd.net/ugc/15034247253592368907/1CDC46CC6BF954B3DEE8002EB4687C1C8298F277/","OK","https://steamusercontent-a.akamaihd.net/ugc/14243215631148467630/E06F979321E230F61F1A3F82F01036C861BAB6FC/","OK"
"Fane of Nyrro","30jmm base","cd76a2","30jmm base_cd76a2","https://steamusercontent-a.akamaihd.net/ugc/13874377488447758171/176E993DB9378255E1BB74FFDD4A45558C98D895/","OK","https://steamusercontent-a.akamaihd.net/ugc/12567320968847447633/73A0276D495FE24E74341E06E6E2E7551E99C84B/","OK","https://steamusercontent-a.akamaihd.net/ugc/13874377488447758171/176E993DB9378255E1BB74FFDD4A45558C98D895/","OK"
"Fane of Nyrro","Lesser Eldritch","3569c8","Lesser Eldritch","https://steamusercontent-a.akamaihd.net/ugc/11023565509329617097/89E6CBB3F6C4483DD1D9563351DC6D7C497D3DA6/","OK","https://steamusercontent-a.akamaihd.net/ugc/13956642308466451711/AEB7E4BE8519D7C47E95664BC0ECEBD221E0669A/","OK","https://steamusercontent-a.akamaihd.net/ugc/11023565509329617097/89E6CBB3F6C4483DD1D9563351DC6D7C497D3DA6/","OK"
"Fane of Nyrro","30jmm base","6bcfe7","30jmm base_6bcfe7","https://steamusercontent-a.akamaihd.net/ugc/13874377488447758171/176E993DB9378255E1BB74FFDD4A45558C98D895/","OK","https://steamusercontent-a.akamaihd.net/ugc/12567320968847447633/73A0276D495FE24E74341E06E6E2E7551E99C84B/","OK","https://steamusercontent-a.akamaihd.net/ugc/13874377488447758171/176E993DB9378255E1BB74FFDD4A45558C98D895/","OK"
"Fane of Nyrro","Jylvana, The Tormented","fc09dd","Jylvana, The Tormented","https://steamusercontent-a.akamaihd.net/ugc/14350789600772074576/692FA31FD0D943DDF68FDE7E98366D95ECEF6BF3/","OK","https://steamusercontent-a.akamaihd.net/ugc/14078826398091769500/C99BE866D69BE74F37EF497D7408254CD142B09C/","OK","https://steamusercontent-a.akamaihd.net/ugc/18047746740225988487/1B3A20E3774BFED7EA00317EA74D9F9A76C12C25/","OK"
"Fane of Nyrro","30jmm base","5b3bed","30jmm base_5b3bed","https://steamusercontent-a.akamaihd.net/ugc/13874377488447758171/176E993DB9378255E1BB74FFDD4A45558C98D895/","OK","https://steamusercontent-a.akamaihd.net/ugc/12567320968847447633/73A0276D495FE24E74341E06E6E2E7551E99C84B/","OK","https://steamusercontent-a.akamaihd.net/ugc/13874377488447758171/176E993DB9378255E1BB74FFDD4A45558C98D895/","OK"
"Fane of Nyrro","The Forsaken","bc84db","The Forsaken","https://steamusercontent-a.akamaihd.net/ugc/17450395335914264213/C60279244AAFB51CDDD47424037AE039339D8B06/","OK","https://steamusercontent-a.akamaihd.net/ugc/12302915020933327803/AB901D4F08D78D2B6AB9A37BB8AF9D87AFCF6D90/","OK","https://steamusercontent-a.akamaihd.net/ugc/13372758709681761797/BAF3F7E3ADFA487EFAC4021A7D9834ED64C420B1/","OK"
"Fane of Nyrro","40mm base","fec9df","40mm base_fec9df","https://steamusercontent-a.akamaihd.net/ugc/17467293707643483270/604FF622A74CBBBBF8151DE2F002D8047DC69150/","OK","https://steamusercontent-a.akamaihd.net/ugc/18385099658346253955/73A0276D495FE24E74341E06E6E2E7551E99C84B/","OK","https://steamusercontent-a.akamaihd.net/ugc/17467293707643483270/604FF622A74CBBBBF8151DE2F002D8047DC69150/","OK"
"Fane of Nyrro","Riven","5994d9","Riven","https://steamusercontent-a.akamaihd.net/ugc/14539516640378947348/C09462E6AC731AB4A106706F5858632A6E4D6436/","OK","https://steamusercontent-a.akamaihd.net/ugc/13179897710269996436/BD57F1774EA1D36DC6387E0EA2BCECB138CB6CA8/","OK","https://steamusercontent-a.akamaihd.net/ugc/11770658869922246287/9139F435469A8660F817944F36CCE1848E3E9955/","OK"
"Fane of Nyrro","30mm base","f3bdaa","30mm base_f3bdaa","https://steamusercontent-a.akamaihd.net/ugc/13874377488447758171/176E993DB9378255E1BB74FFDD4A45558C98D895/","OK","https://steamusercontent-a.akamaihd.net/ugc/12567320968847447633/73A0276D495FE24E74341E06E6E2E7551E99C84B/","OK","https://steamusercontent-a.akamaihd.net/ugc/13874377488447758171/176E993DB9378255E1BB74FFDD4A45558C98D895/","OK"
"Fane of Nyrro","Sythyss Prophet","7905d5","Sythyss Prophet","https://steamusercontent-a.akamaihd.net/ugc/12074741173145078154/0B4E676CBAF98B623FBD17614A3EA5CAF642486E/","OK","https://steamusercontent-a.akamaihd.net/ugc/16691204105616921267/73AE1B0AFE13F522A581D4E4EE78BC4E4D94D302/","OK","https://steamusercontent-a.akamaihd.net/ugc/17756690678204353224/87129DE891D9E71FE979AD3C668CDB71C9B1BE7D/","OK"
"Fane of Nyrro","40mm base","d19df1","40mm base_d19df1","https://steamusercontent-a.akamaihd.net/ugc/17467293707643483270/604FF622A74CBBBBF8151DE2F002D8047DC69150/","OK","https://steamusercontent-a.akamaihd.net/ugc/18385099658346253955/73A0276D495FE24E74341E06E6E2E7551E99C84B/","OK","https://steamusercontent-a.akamaihd.net/ugc/17467293707643483270/604FF622A74CBBBBF8151DE2F002D8047DC69150/","OK"
"Fane of Nyrro","Strygon Rider","a50e80","Strygon Rider","https://steamusercontent-a.akamaihd.net/ugc/12629526863006084823/B54C1CCC171BC16EE25E3A8D681451EE0A4EE657/","OK","https://steamusercontent-a.akamaihd.net/ugc/9891811679871080612/9D55D5C1EC5B6CD31847FBC489FF6E8DC3BAF936/","OK","https://steamusercontent-a.akamaihd.net/ugc/17995857602283937776/F87092E45A27975B19235F5D02B6252E2753C3B4/","OK"
"Fane of Nyrro","50mm base","46b690","50mm base_46b690","https://steamusercontent-a.akamaihd.net/ugc/16565607465486734529/B3E55176002E04309EF32D048CCEB4FE1B14E5F9/","OK","https://steamusercontent-a.akamaihd.net/ugc/15825158844097975441/73A0276D495FE24E74341E06E6E2E7551E99C84B/","OK","https://steamusercontent-a.akamaihd.net/ugc/16565607465486734529/B3E55176002E04309EF32D048CCEB4FE1B14E5F9/","OK"
"Fane of Nyrro","Razor Bat Alpha","7b39ad","Razor Bat Alpha","https://steamusercontent-a.akamaihd.net/ugc/12725640511558980128/D09E8C45D3A879C032F00744D48EE27ACCBB9FF6/","OK","https://steamusercontent-a.akamaihd.net/ugc/9503218853705699848/C1C739AE6850F621D1068218C0CFC31A2CDAA8FC/","OK","https://steamusercontent-a.akamaihd.net/ugc/11052663934603621096/5F7805E278B2F1F6E4A771CE77A0DAB74D16C698/","OK"
"Fane of Nyrro","50mm base","94bc21","50mm base_94bc21","https://steamusercontent-a.akamaihd.net/ugc/16565607465486734529/B3E55176002E04309EF32D048CCEB4FE1B14E5F9/","OK","https://steamusercontent-a.akamaihd.net/ugc/15825158844097975441/73A0276D495FE24E74341E06E6E2E7551E99C84B/","OK","https://steamusercontent-a.akamaihd.net/ugc/16565607465486734529/B3E55176002E04309EF32D048CCEB4FE1B14E5F9/","OK"
"Fane of Nyrro","Thaelmara, Mistress of the Damned","a35245","Thaelmara, Mistress of the Damned","https://steamusercontent-a.akamaihd.net/ugc/16747895580061484012/390313C0C12D9AF9815F2AA00F609E126E34BC30/","OK","https://steamusercontent-a.akamaihd.net/ugc/16615442706178245227/795340F0C3AB0A63CFDF071EDBCBC2DBFA297206/","OK","https://steamusercontent-a.akamaihd.net/ugc/16274907909834069391/1F147AECEFAC0BE361388568F32A9CB5BFE17C06/","OK"
"Fane of Nyrro","40mm base","d5c19c","40mm base_d5c19c","https://steamusercontent-a.akamaihd.net/ugc/17467293707643483270/604FF622A74CBBBBF8151DE2F002D8047DC69150/","OK","https://steamusercontent-a.akamaihd.net/ugc/18385099658346253955/73A0276D495FE24E74341E06E6E2E7551E99C84B/","OK","https://steamusercontent-a.akamaihd.net/ugc/17467293707643483270/604FF622A74CBBBBF8151DE2F002D8047DC69150/","OK"
"Fane of Nyrro","Strygon","39f439","Strygon","https://steamusercontent-a.akamaihd.net/ugc/16828049898966155297/19363A5A8FF8F108EA337F37466264CF6783AF51/","OK","https://steamusercontent-a.akamaihd.net/ugc/17225356108014389274/DD279E9416E37AD5943817D3B44B18DAF5D05509/","OK","https://steamusercontent-a.akamaihd.net/ugc/10506123057226899641/68D58C75D5E53B3E99D2294BE8588E65CB65748A/","OK"
"Fane of Nyrro","40mm base","01898b","40mm base_01898b","https://steamusercontent-a.akamaihd.net/ugc/17467293707643483270/604FF622A74CBBBBF8151DE2F002D8047DC69150/","OK","https://steamusercontent-a.akamaihd.net/ugc/18385099658346253955/73A0276D495FE24E74341E06E6E2E7551E99C84B/","OK","https://steamusercontent-a.akamaihd.net/ugc/17467293707643483270/604FF622A74CBBBBF8151DE2F002D8047DC69150/","OK"
"Fane of Nyrro","Sythyss Overseer","de54ef","Sythyss Overseer","https://steamusercontent-a.akamaihd.net/ugc/10813657117284429838/CC66C12FFA819C43EDCE694A31C294B5C3F48D34/","OK","https://steamusercontent-a.akamaihd.net/ugc/16719668959288909605/BC7A48CBF171BF796D63410EAA1ECC678FA04B0E/","OK","https://steamusercontent-a.akamaihd.net/ugc/10813657117284429838/CC66C12FFA819C43EDCE694A31C294B5C3F48D34/","OK"
"Fane of Nyrro","40mm base","dde88a","40mm base_dde88a","https://steamusercontent-a.akamaihd.net/ugc/17467293707643483270/604FF622A74CBBBBF8151DE2F002D8047DC69150/","OK","https://steamusercontent-a.akamaihd.net/ugc/18385099658346253955/73A0276D495FE24E74341E06E6E2E7551E99C84B/","OK","https://steamusercontent-a.akamaihd.net/ugc/17467293707643483270/604FF622A74CBBBBF8151DE2F002D8047DC69150/","OK"
"Fane of Nyrro","Sybaris","c6f005","Sybaris","https://steamusercontent-a.akamaihd.net/ugc/14756353465565963224/4FE863A51BC7098D5B11FFB8DA4F07F0B76E67E5/","OK","https://steamusercontent-a.akamaihd.net/ugc/9225443225964608487/5F9DD67AB6841BDEFCDE5C8766461A45F256D06C/","OK","https://steamusercontent-a.akamaihd.net/ugc/16372908167716190990/F64FB5B197DD0E2513F3EEC6DE245970A79C5CE5/","OK"
"Fane of Nyrro","50mm base","4e338f","50mm base_4e338f","https://steamusercontent-a.akamaihd.net/ugc/16565607465486734529/B3E55176002E04309EF32D048CCEB4FE1B14E5F9/","OK","https://steamusercontent-a.akamaihd.net/ugc/15825158844097975441/73A0276D495FE24E74341E06E6E2E7551E99C84B/","OK","https://steamusercontent-a.akamaihd.net/ugc/16565607465486734529/B3E55176002E04309EF32D048CCEB4FE1B14E5F9/","OK"
"Fane of Nyrro","Horkos","39e54b","Horkos","https://steamusercontent-a.akamaihd.net/ugc/14791888814251507138/5441FBC323120B4FE9965A2B435363F51838A478/","OK","https://steamusercontent-a.akamaihd.net/ugc/16629608978825980592/8898245600E880A021DD0AE99D290B0C8C201A97/","OK","https://steamusercontent-a.akamaihd.net/ugc/10256234785791249399/581544B6598D2DAA36260E313CDF35FE5107CE96/","OK"
"Fane of Nyrro","50mm base","07589e","50mm base_07589e","https://steamusercontent-a.akamaihd.net/ugc/16565607465486734529/B3E55176002E04309EF32D048CCEB4FE1B14E5F9/","OK","https://steamusercontent-a.akamaihd.net/ugc/15825158844097975441/73A0276D495FE24E74341E06E6E2E7551E99C84B/","OK","https://steamusercontent-a.akamaihd.net/ugc/16565607465486734529/B3E55176002E04309EF32D048CCEB4FE1B14E5F9/","OK"
"Fane of Nyrro","Strygon","2eec9a","Strygon_2eec9a","https://steamusercontent-a.akamaihd.net/ugc/17128211269308783238/510CD6223BD0FDECA612974D552EC3F4B6D8DA34/","OK","https://steamusercontent-a.akamaihd.net/ugc/16506843374135065414/D2DDD26C3D72D6DF6C0696AB8E85EEC36A2A8D31/","OK","https://steamusercontent-a.akamaihd.net/ugc/16411708222808782919/C0BB1D2EDCAC37F37A9A78DA28B673972B8E17FE/","OK"
"Fane of Nyrro","40mm base","7f8c17","40mm base_7f8c17","https://steamusercontent-a.akamaihd.net/ugc/17467293707643483270/604FF622A74CBBBBF8151DE2F002D8047DC69150/","OK","https://steamusercontent-a.akamaihd.net/ugc/18385099658346253955/73A0276D495FE24E74341E06E6E2E7551E99C84B/","OK","https://steamusercontent-a.akamaihd.net/ugc/17467293707643483270/604FF622A74CBBBBF8151DE2F002D8047DC69150/","OK"
"Fane of Nyrro","Vordak","5b6161","Vordak_5b6161","https://steamusercontent-a.akamaihd.net/ugc/16498467802857768042/AAD62105D00F359248A5996307EB3A68FE73D1FC/","OK","https://steamusercontent-a.akamaihd.net/ugc/17774966577929466711/A70298491F5CC9F12C0E0AB203C57B5823C7654B/","OK","https://steamusercontent-a.akamaihd.net/ugc/14645469219644030757/E2011E629B028711ACCE23FF1629372A6E8B3DA4/","OK"
"Fane of Nyrro","50mm base","2f19c0","50mm base_2f19c0","https://steamusercontent-a.akamaihd.net/ugc/16565607465486734529/B3E55176002E04309EF32D048CCEB4FE1B14E5F9/","OK","https://steamusercontent-a.akamaihd.net/ugc/15825158844097975441/73A0276D495FE24E74341E06E6E2E7551E99C84B/","OK","https://steamusercontent-a.akamaihd.net/ugc/16565607465486734529/B3E55176002E04309EF32D048CCEB4FE1B14E5F9/","OK"
"Fane of Nyrro","Styrge Abhorreth","8e3dee","Styrge Abhorreth","https://steamusercontent-a.akamaihd.net/ugc/16881169522123915672/1DBAA821A878055B3867A8EBA2237982B703B95C/","OK","https://steamusercontent-a.akamaihd.net/ugc/12162702947410595792/14E7B0F26BE76483C26144DB3B501A36DDE78F47/","OK","https://steamusercontent-a.akamaihd.net/ugc/13681686749240242459/88DD17A69AF385C3E856BB9B09165B19536DBE72/","OK"
"Fane of Nyrro","80mm base","ee2737","80mm base_ee2737","https://steamusercontent-a.akamaihd.net/ugc/9507323413831057586/A5ABC7B4C6AB4A09010368C107AE198A3CCC3D7A/","OK","https://steamusercontent-a.akamaihd.net/ugc/13689441281025536368/320864517CC6C1AA07B2B7F87481582BCB5BD368/","OK","https://steamusercontent-a.akamaihd.net/ugc/9507323413831057586/A5ABC7B4C6AB4A09010368C107AE198A3CCC3D7A/","OK"
"Fane of Nyrro","Tyrant Nocturnys","b382bf","Tyrant Nocturnys","https://steamusercontent-a.akamaihd.net/ugc/13972898030686739873/A14789265F98CF97438427D85C8C5DD7BFDA7477/","OK","https://steamusercontent-a.akamaihd.net/ugc/10062736803660506068/F24A579974FC496787FC405F926E550026CA9C78/","OK","https://steamusercontent-a.akamaihd.net/ugc/9732050181087303523/ED594DDBE91E318F29F81F9A4180BD3A7C34B2D1/","OK"
"Fane of Nyrro","120mm base","059008","120mm base","https://steamusercontent-a.akamaihd.net/ugc/12398511746798383282/8D39692EEAE81114A3928C7F29445387B09B6611/","OK","https://steamusercontent-a.akamaihd.net/ugc/11874514094192302541/7B239DB4E92CEB6849B4D3A3066F6274DD65B1BC/","OK","https://steamusercontent-a.akamaihd.net/ugc/12398511746798383282/8D39692EEAE81114A3928C7F29445387B09B6611/","OK"
"Fane of Nyrro","Benkei","07ec21","Benkei","https://steamusercontent-a.akamaihd.net/ugc/15392899249268293903/7907049761F2CE83F0E813662B8700A84B20872E/","OK","https://steamusercontent-a.akamaihd.net/ugc/17690232892728038983/64E1C68EF26ADBEA3176FF3780A3172756F8EF23/","OK","https://steamusercontent-a.akamaihd.net/ugc/16781227059944891530/D133FB55944CE2FBB862A58245540FE478B4BC5C/","OK"
"Fane of Nyrro","50mm base","1b3d0e","50mm base_1b3d0e","https://steamusercontent-a.akamaihd.net/ugc/16565607465486734529/B3E55176002E04309EF32D048CCEB4FE1B14E5F9/","OK","https://steamusercontent-a.akamaihd.net/ugc/15825158844097975441/73A0276D495FE24E74341E06E6E2E7551E99C84B/","OK","https://steamusercontent-a.akamaihd.net/ugc/16565607465486734529/B3E55176002E04309EF32D048CCEB4FE1B14E5F9/","OK"
"Fane of Nyrro","Lanyssa Ryssyl, Aransor of Vengeance","8d27ef","Lanyssa Ryssyl, Aransor of Vengeance","https://steamusercontent-a.akamaihd.net/ugc/15837362829261406999/5E1EBB3D5233AAEFF3D1CA72DA83F83C66D43D04/","OK","https://steamusercontent-a.akamaihd.net/ugc/15979006702619506012/64E1C68EF26ADBEA3176FF3780A3172756F8EF23/","OK","https://steamusercontent-a.akamaihd.net/ugc/14130031674147609446/9D7F01720A4CE59FA8A21DCE6F4719703DB9354F/","OK"
"Fane of Nyrro","30mm base","a3c0b8","30mm base_a3c0b8","https://steamusercontent-a.akamaihd.net/ugc/13874377488447758171/176E993DB9378255E1BB74FFDD4A45558C98D895/","OK","https://steamusercontent-a.akamaihd.net/ugc/12567320968847447633/73A0276D495FE24E74341E06E6E2E7551E99C84B/","OK","https://steamusercontent-a.akamaihd.net/ugc/13874377488447758171/176E993DB9378255E1BB74FFDD4A45558C98D895/","OK"
"Fane of Nyrro","Sasha","02b016","Sasha","https://steamusercontent-a.akamaihd.net/ugc/11661836689378715125/2B612699A371408E1074856EF2A67404F8F5BFE0/","OK","https://steamusercontent-a.akamaihd.net/ugc/9753004988705060426/64E1C68EF26ADBEA3176FF3780A3172756F8EF23/","OK","https://steamusercontent-a.akamaihd.net/ugc/9648981516888626981/AA91A2ABDAA942CCA0AA4A9E306873239C224D11/","OK"
"Fane of Nyrro","50mm base","f8f20f","50mm base_f8f20f","https://steamusercontent-a.akamaihd.net/ugc/16565607465486734529/B3E55176002E04309EF32D048CCEB4FE1B14E5F9/","OK","https://steamusercontent-a.akamaihd.net/ugc/15825158844097975441/73A0276D495FE24E74341E06E6E2E7551E99C84B/","OK","https://steamusercontent-a.akamaihd.net/ugc/16565607465486734529/B3E55176002E04309EF32D048CCEB4FE1B14E5F9/","OK"
"Fane of Nyrro","Cylena Raefyll","f17551","Cylena Raefyll","https://steamusercontent-a.akamaihd.net/ugc/17040771680925978040/C46D8CC25438597AC9EE37BBBEFCAB20C4434469/","OK","https://steamusercontent-a.akamaihd.net/ugc/12378684020411626248/64E1C68EF26ADBEA3176FF3780A3172756F8EF23/","OK","https://steamusercontent-a.akamaihd.net/ugc/9994813468542932597/CA9F753CB7168AB25019FC7FD31A72F41E0A695D/","OK"
"Fane of Nyrro","30mm base","6eedc5","30mm base_6eedc5","https://steamusercontent-a.akamaihd.net/ugc/13874377488447758171/176E993DB9378255E1BB74FFDD4A45558C98D895/","OK","https://steamusercontent-a.akamaihd.net/ugc/12567320968847447633/73A0276D495FE24E74341E06E6E2E7551E99C84B/","OK","https://steamusercontent-a.akamaihd.net/ugc/13874377488447758171/176E993DB9378255E1BB74FFDD4A45558C98D895/","OK"
"Fane of Nyrro","The Last Watch","3c57b7","The Last Watch","https://steamusercontent-a.akamaihd.net/ugc/17993805395477810002/3BFB2EA3ADA5D9C36FF80F08699A18EE5180C05B/","OK","https://steamusercontent-a.akamaihd.net/ugc/9963327113336390951/64E1C68EF26ADBEA3176FF3780A3172756F8EF23/","OK","https://steamusercontent-a.akamaihd.net/ugc/14182093569640178349/58D3E0C91E9C251DED4A878939698A64516470A7/","OK"
"Fane of Nyrro","30mm base","ab6593","30mm base_ab6593","https://steamusercontent-a.akamaihd.net/ugc/13874377488447758171/176E993DB9378255E1BB74FFDD4A45558C98D895/","OK","https://steamusercontent-a.akamaihd.net/ugc/12567320968847447633/73A0276D495FE24E74341E06E6E2E7551E99C84B/","OK","https://steamusercontent-a.akamaihd.net/ugc/13874377488447758171/176E993DB9378255E1BB74FFDD4A45558C98D895/","OK"
"Fane of Nyrro","The Last Watch","405462","The Last Watch_405462","https://steamusercontent-a.akamaihd.net/ugc/9577919527000615769/A4EDC4269BFC433DD9336B3051B2DDC92B8FADBA/","OK","https://steamusercontent-a.akamaihd.net/ugc/12987263184382551284/64E1C68EF26ADBEA3176FF3780A3172756F8EF23/","OK","https://steamusercontent-a.akamaihd.net/ugc/15571642665667862171/79A1DFA4AD70CCE184D0143487BE333855416705/","OK"
"Fane of Nyrro","30mm base","7fd7f9","30mm base_7fd7f9","https://steamusercontent-a.akamaihd.net/ugc/13874377488447758171/176E993DB9378255E1BB74FFDD4A45558C98D895/","OK","https://steamusercontent-a.akamaihd.net/ugc/12567320968847447633/73A0276D495FE24E74341E06E6E2E7551E99C84B/","OK","https://steamusercontent-a.akamaihd.net/ugc/13874377488447758171/176E993DB9378255E1BB74FFDD4A45558C98D895/","OK"
"Fane of Nyrro","The Last Watch","83e896","The Last Watch_83e896","https://steamusercontent-a.akamaihd.net/ugc/11033263887301557545/E159A9E3E0AEC30DBA2975B31A127CF61E006E30/","OK","https://steamusercontent-a.akamaihd.net/ugc/9505562558977044410/64E1C68EF26ADBEA3176FF3780A3172756F8EF23/","OK","https://steamusercontent-a.akamaihd.net/ugc/16687224535929204749/BFBA73B0CD7C39C72301568652BE54D6F11B99C1/","OK"
"Fane of Nyrro","30mm base","4c88f1","30mm base_4c88f1","https://steamusercontent-a.akamaihd.net/ugc/13874377488447758171/176E993DB9378255E1BB74FFDD4A45558C98D895/","OK","https://steamusercontent-a.akamaihd.net/ugc/12567320968847447633/73A0276D495FE24E74341E06E6E2E7551E99C84B/","OK","https://steamusercontent-a.akamaihd.net/ugc/13874377488447758171/176E993DB9378255E1BB74FFDD4A45558C98D895/","OK"
"Winter Korps","Dire Wolf","21f59a","Dire Wolf","https://steamusercontent-a.akamaihd.net/ugc/18316825486638188970/7BA916C9E184FD919D658252180A29E0D6ACC4E7/","OK","https://steamusercontent-a.akamaihd.net/ugc/16033141297150769623/15346BD92A96C320D24C2475472D1FA09AC01A18/","OK","https://steamusercontent-a.akamaihd.net/ugc/9393132250164431308/B2FB4B85C2ADC0BC39D314D90D415566AB19C770/","OK"
"Winter Korps","50mm base","60f624","50mm base","https://steamusercontent-a.akamaihd.net/ugc/16565607465486734529/B3E55176002E04309EF32D048CCEB4FE1B14E5F9/","OK","https://steamusercontent-a.akamaihd.net/ugc/15825158844097975441/73A0276D495FE24E74341E06E6E2E7551E99C84B/","OK","https://steamusercontent-a.akamaihd.net/ugc/16565607465486734529/B3E55176002E04309EF32D048CCEB4FE1B14E5F9/","OK"
"Winter Korps","Kapitan Ilari Borisyuk","54391e","Kapitan Ilari Borisyuk","https://steamusercontent-a.akamaihd.net/ugc/13578348104200408689/DC40CF9D3C56464B183CA46695F85FE032DC3712/","OK","https://steamusercontent-a.akamaihd.net/ugc/11896004619722331319/7B06AF52896F59DC02044A97CA08C345332417B4/","OK","https://steamusercontent-a.akamaihd.net/ugc/12628662650791449944/F1F906A26B565F27D2CAA8F7463079CC99E11E33/","OK"
"Winter Korps","30mm base","b07e13","30mm base","https://steamusercontent-a.akamaihd.net/ugc/13874377488447758171/176E993DB9378255E1BB74FFDD4A45558C98D895/","OK","https://steamusercontent-a.akamaihd.net/ugc/12567320968847447633/73A0276D495FE24E74341E06E6E2E7551E99C84B/","OK","https://steamusercontent-a.akamaihd.net/ugc/13874377488447758171/176E993DB9378255E1BB74FFDD4A45558C98D895/","OK"
"Winter Korps","Great Bear","d4f2aa","Great Bear","https://steamusercontent-a.akamaihd.net/ugc/16247329102363264062/9C5A4F937AC6221CF95F90C6D858623F8273C816/","OK","https://steamusercontent-a.akamaihd.net/ugc/15981983568975501647/E9EE8DA852F45312C921480C74B3FEA91CAA542E/","OK","https://steamusercontent-a.akamaihd.net/ugc/15740334964404928355/5E45A499A9625EC2F0D7CF52C0BCCCACF8381395/","OK"
"Winter Korps","50mm base","f8efe0","50mm base_f8efe0","https://steamusercontent-a.akamaihd.net/ugc/16565607465486734529/B3E55176002E04309EF32D048CCEB4FE1B14E5F9/","OK","https://steamusercontent-a.akamaihd.net/ugc/15825158844097975441/73A0276D495FE24E74341E06E6E2E7551E99C84B/","OK","https://steamusercontent-a.akamaihd.net/ugc/16565607465486734529/B3E55176002E04309EF32D048CCEB4FE1B14E5F9/","OK"
"Winter Korps","Winter Korps Rocketeer","8d4ea5","Winter Korps Rocketeer","https://steamusercontent-a.akamaihd.net/ugc/17561386766890705419/771D4C2C416C753BBABC4E2EFD0FE298AE614358/","OK","https://steamusercontent-a.akamaihd.net/ugc/17075485220187274586/8647AF331789D644D6FE7993B52F1B158C39961C/","OK","https://steamusercontent-a.akamaihd.net/ugc/13052334716142779017/3CD981530B18579BBF260E975AB0093B5D207E66/","OK"
"Winter Korps","30mm base","cfef61","30mm base_cfef61","https://steamusercontent-a.akamaihd.net/ugc/13874377488447758171/176E993DB9378255E1BB74FFDD4A45558C98D895/","OK","https://steamusercontent-a.akamaihd.net/ugc/12567320968847447633/73A0276D495FE24E74341E06E6E2E7551E99C84B/","OK","https://steamusercontent-a.akamaihd.net/ugc/13874377488447758171/176E993DB9378255E1BB74FFDD4A45558C98D895/","OK"
"Winter Korps","Winter Korps Standard","4f4c87","Winter Korps Standard","https://steamusercontent-a.akamaihd.net/ugc/11487649220048663195/E806880DF7A044F24C9AD3CCBE016BC06D373586/","OK","https://steamusercontent-a.akamaihd.net/ugc/15891803304934922689/7215AEDF531C70AFADDA10E217D5B59D32B847E9/","OK","https://steamusercontent-a.akamaihd.net/ugc/17889825109994222543/92F3D3AE18B38FB5565D94B3ADDFBA4D374E70F3/","OK"
"Winter Korps","30mm base","a9c76d","30mm base_a9c76d","https://steamusercontent-a.akamaihd.net/ugc/13874377488447758171/176E993DB9378255E1BB74FFDD4A45558C98D895/","OK","https://steamusercontent-a.akamaihd.net/ugc/12567320968847447633/73A0276D495FE24E74341E06E6E2E7551E99C84B/","OK","https://steamusercontent-a.akamaihd.net/ugc/13874377488447758171/176E993DB9378255E1BB74FFDD4A45558C98D895/","OK"
"Winter Korps","Winter Korps Grunt","e04d6a","Winter Korps Grunt","https://steamusercontent-a.akamaihd.net/ugc/10438014467823429019/F580BBECF5D2B877BD68E2F3B64EF956461402A6/","OK","https://steamusercontent-a.akamaihd.net/ugc/9601272570778859340/8647AF331789D644D6FE7993B52F1B158C39961C/","OK","https://steamusercontent-a.akamaihd.net/ugc/15048363937559452373/127D2DA055A3DBE6325F67418FE13DDDF795773A/","OK"
"Winter Korps","30mm base","1ebc43","30mm base_1ebc43","https://steamusercontent-a.akamaihd.net/ugc/13874377488447758171/176E993DB9378255E1BB74FFDD4A45558C98D895/","OK","https://steamusercontent-a.akamaihd.net/ugc/12567320968847447633/73A0276D495FE24E74341E06E6E2E7551E99C84B/","OK","https://steamusercontent-a.akamaihd.net/ugc/13874377488447758171/176E993DB9378255E1BB74FFDD4A45558C98D895/","OK"
"Winter Korps","Winter Korps Auto Cannon","6ca284","Winter Korps Auto Cannon","https://steamusercontent-a.akamaihd.net/ugc/14700406268641399972/191D63CAA1D170E60D17694649B9F617104EFCCC/","OK","https://steamusercontent-a.akamaihd.net/ugc/10528141724015063631/8647AF331789D644D6FE7993B52F1B158C39961C/","OK","https://steamusercontent-a.akamaihd.net/ugc/17417906394472508120/32A135D9EAB627BD335B02E26CBBFB7041E569F0/","OK"
"Winter Korps","30mm base","226637","30mm base_226637","https://steamusercontent-a.akamaihd.net/ugc/13874377488447758171/176E993DB9378255E1BB74FFDD4A45558C98D895/","OK","https://steamusercontent-a.akamaihd.net/ugc/12567320968847447633/73A0276D495FE24E74341E06E6E2E7551E99C84B/","OK","https://steamusercontent-a.akamaihd.net/ugc/13874377488447758171/176E993DB9378255E1BB74FFDD4A45558C98D895/","OK"
"Winter Korps","Winter Korps Grenade Porter","01d6a0","Winter Korps Grenade Porter","https://steamusercontent-a.akamaihd.net/ugc/10044733368383665505/9ADA50D4A3A89C12A6B7D035267DA6CAD4C40D3A/","OK","https://steamusercontent-a.akamaihd.net/ugc/9805359678910133589/8647AF331789D644D6FE7993B52F1B158C39961C/","OK","https://steamusercontent-a.akamaihd.net/ugc/16664533273615180035/5CFD628BAD46DB46D05E154A2A5B5D6D6FCDC522/","OK"
"Winter Korps","30mm base","fcf0d7","30mm base_fcf0d7","https://steamusercontent-a.akamaihd.net/ugc/13874377488447758171/176E993DB9378255E1BB74FFDD4A45558C98D895/","OK","https://steamusercontent-a.akamaihd.net/ugc/12567320968847447633/73A0276D495FE24E74341E06E6E2E7551E99C84B/","OK","https://steamusercontent-a.akamaihd.net/ugc/13874377488447758171/176E993DB9378255E1BB74FFDD4A45558C98D895/","OK"
"Winter Korps","Winter Korps Hunting Dog","71c296","Winter Korps Hunting Dog","https://steamusercontent-a.akamaihd.net/ugc/15854818920308752999/6E95D5F04016E4AF99E6C4003882347A61C67195/","OK","https://steamusercontent-a.akamaihd.net/ugc/14827642709373882218/09F4F6E91EA8A0320C85FEAEC1D2A42C53B9DA9B/","OK","https://steamusercontent-a.akamaihd.net/ugc/18427849438896625724/904D065113ED14B47A1E15B0526A898C79566DCE/","OK"
"Winter Korps","40mm base","e39213","40mm base","https://steamusercontent-a.akamaihd.net/ugc/17467293707643483270/604FF622A74CBBBBF8151DE2F002D8047DC69150/","OK","https://steamusercontent-a.akamaihd.net/ugc/18385099658346253955/73A0276D495FE24E74341E06E6E2E7551E99C84B/","OK","https://steamusercontent-a.akamaihd.net/ugc/17467293707643483270/604FF622A74CBBBBF8151DE2F002D8047DC69150/","OK"
"Winter Korps","Winter Korps Sniper","bc65f8","Winter Korps Sniper","https://steamusercontent-a.akamaihd.net/ugc/14422525320715091922/9CFEFCFC01C04DBDE27CEE582E7E197F1C7DD305/","OK","https://steamusercontent-a.akamaihd.net/ugc/15214091896820883218/09F4F6E91EA8A0320C85FEAEC1D2A42C53B9DA9B/","OK","https://steamusercontent-a.akamaihd.net/ugc/16158743271881478398/F5FCE9F0B3AC29CFCD081D780DC73FEFCF796FD9/","OK"
"Winter Korps","30mm base","21fa73","30mm base_21fa73","https://steamusercontent-a.akamaihd.net/ugc/13874377488447758171/176E993DB9378255E1BB74FFDD4A45558C98D895/","OK","https://steamusercontent-a.akamaihd.net/ugc/12567320968847447633/73A0276D495FE24E74341E06E6E2E7551E99C84B/","OK","https://steamusercontent-a.akamaihd.net/ugc/13874377488447758171/176E993DB9378255E1BB74FFDD4A45558C98D895/","OK"
"Winter Korps","Man-O-War Wrecking Crew","a450c4","Man-O-War Wrecking Crew","https://steamusercontent-a.akamaihd.net/ugc/13935772444741904323/A85625D051287ABC1221A5C65EB0F748B4148090/","OK","https://steamusercontent-a.akamaihd.net/ugc/14630466748953324847/DDB3C1E4BCFDD05E416D35E57226C8796101903B/","OK","https://steamusercontent-a.akamaihd.net/ugc/11850327790170934557/2BDD91B1A2EC4ECF8A77202AC44938E7EC295740/","OK"
"Winter Korps","50mm base","4bc613","50mm base_4bc613","https://steamusercontent-a.akamaihd.net/ugc/16565607465486734529/B3E55176002E04309EF32D048CCEB4FE1B14E5F9/","OK","https://steamusercontent-a.akamaihd.net/ugc/15825158844097975441/73A0276D495FE24E74341E06E6E2E7551E99C84B/","OK","https://steamusercontent-a.akamaihd.net/ugc/16565607465486734529/B3E55176002E04309EF32D048CCEB4FE1B14E5F9/","OK"
"Winter Korps","Man-O-War Suppressors","58b0e0","Man-O-War Suppressors","https://steamusercontent-a.akamaihd.net/ugc/9432400404509814058/2C6A985A96B10764A1683E61953B15486E0BB5C3/","OK","https://steamusercontent-a.akamaihd.net/ugc/17229748452850960490/AD9DB8BE4A91BB64E1454A45364717FBD3C563F5/","OK","https://steamusercontent-a.akamaihd.net/ugc/10964918759731285106/61943A814C9EB67F3E788052BAD5337983E84E20/","OK"
"Winter Korps","50mm base","7fedf5","50mm base_7fedf5","https://steamusercontent-a.akamaihd.net/ugc/16565607465486734529/B3E55176002E04309EF32D048CCEB4FE1B14E5F9/","OK","https://steamusercontent-a.akamaihd.net/ugc/15825158844097975441/73A0276D495FE24E74341E06E6E2E7551E99C84B/","OK","https://steamusercontent-a.akamaihd.net/ugc/16565607465486734529/B3E55176002E04309EF32D048CCEB4FE1B14E5F9/","OK"
"Winter Korps","Arkanists","787d33","Arkanists","https://steamusercontent-a.akamaihd.net/ugc/17006639758708002058/F28296E63709EA4DD468BD818653A99D172E1ACD/","OK","https://steamusercontent-a.akamaihd.net/ugc/10348891924669908843/B1CB154640BF81D8D2FBC658FF2D2C28F0339E08/","OK","https://steamusercontent-a.akamaihd.net/ugc/17006639758708002058/F28296E63709EA4DD468BD818653A99D172E1ACD/","OK"
"Winter Korps","30mm base","eddcde","30mm base_eddcde","https://steamusercontent-a.akamaihd.net/ugc/13874377488447758171/176E993DB9378255E1BB74FFDD4A45558C98D895/","OK","https://steamusercontent-a.akamaihd.net/ugc/12567320968847447633/73A0276D495FE24E74341E06E6E2E7551E99C84B/","OK","https://steamusercontent-a.akamaihd.net/ugc/13874377488447758171/176E993DB9378255E1BB74FFDD4A45558C98D895/","OK"
"Winter Korps","Shock Trooper Pikemen","fe550d","Shock Trooper Pikemen","https://steamusercontent-a.akamaihd.net/ugc/15199351444155641144/F08C139B18760EBF60976457C5521D5FFC1B8E1F/","OK","https://steamusercontent-a.akamaihd.net/ugc/16019090243376928504/6A69E238B07524F51F07FFF79679F77E30F79631/","OK","https://steamusercontent-a.akamaihd.net/ugc/10405766855903307496/D2EAFAF743AF1FC9436FC9BF7A99F397B136BF15/","OK"
"Winter Korps","40mm base","219316","40mm base_219316","https://steamusercontent-a.akamaihd.net/ugc/17467293707643483270/604FF622A74CBBBBF8151DE2F002D8047DC69150/","OK","https://steamusercontent-a.akamaihd.net/ugc/18385099658346253955/73A0276D495FE24E74341E06E6E2E7551E99C84B/","OK","https://steamusercontent-a.akamaihd.net/ugc/17467293707643483270/604FF622A74CBBBBF8151DE2F002D8047DC69150/","OK"
"Winter Korps","Shock Trooper Gunners","261804","Shock Trooper Gunners","https://steamusercontent-a.akamaihd.net/ugc/11837502528964095648/0C13D9CD2F0A4C879F16F8287C082D41EE3D1E8D/","OK","https://steamusercontent-a.akamaihd.net/ugc/12171015785685074184/FE553FA3D3BCFA01CF36261B60DB1CCE30EA652F/","OK","https://steamusercontent-a.akamaihd.net/ugc/16649451718639906801/15FD42DFC20A8F8E87B909172D18E4CE2FAEDCA5/","OK"
"Winter Korps","40mm base","a8ac08","40mm base_a8ac08","https://steamusercontent-a.akamaihd.net/ugc/17467293707643483270/604FF622A74CBBBBF8151DE2F002D8047DC69150/","OK","https://steamusercontent-a.akamaihd.net/ugc/18385099658346253955/73A0276D495FE24E74341E06E6E2E7551E99C84B/","OK","https://steamusercontent-a.akamaihd.net/ugc/17467293707643483270/604FF622A74CBBBBF8151DE2F002D8047DC69150/","OK"
"Winter Korps","Winter Korps Mortar Team","6d0f6a","Winter Korps Mortar Team","https://steamusercontent-a.akamaihd.net/ugc/10573693156676148845/8D3F9CBDEA9C4807C9F7B06E1C9A6D50254691B1/","OK","https://steamusercontent-a.akamaihd.net/ugc/17096966568071511884/171A8B31121873612E0F79706B5504DEDE028676/","OK","https://steamusercontent-a.akamaihd.net/ugc/10573693156676148845/8D3F9CBDEA9C4807C9F7B06E1C9A6D50254691B1/","OK"
"Winter Korps","50mm base","e1a62d","50mm base_e1a62d","https://steamusercontent-a.akamaihd.net/ugc/16565607465486734529/B3E55176002E04309EF32D048CCEB4FE1B14E5F9/","OK","https://steamusercontent-a.akamaihd.net/ugc/15825158844097975441/73A0276D495FE24E74341E06E6E2E7551E99C84B/","OK","https://steamusercontent-a.akamaihd.net/ugc/16565607465486734529/B3E55176002E04309EF32D048CCEB4FE1B14E5F9/","OK"
"Winter Korps","Winter Korps Officer","5dd17a","Winter Korps Officer","https://steamusercontent-a.akamaihd.net/ugc/18360383595530433160/C550CA25AADCE3898858BC8FCF0057E16EA6A862/","OK","https://steamusercontent-a.akamaihd.net/ugc/17683822859866325285/44A8C025E9912511586F20310CE503A054265F30/","OK","https://steamusercontent-a.akamaihd.net/ugc/10452646135656108529/2145BD7A28097E05D883357586B9E72FB6DDB42D/","OK"
"Winter Korps","30mm base","a0b2d7","30mm base_a0b2d7","https://steamusercontent-a.akamaihd.net/ugc/13874377488447758171/176E993DB9378255E1BB74FFDD4A45558C98D895/","OK","https://steamusercontent-a.akamaihd.net/ugc/12567320968847447633/73A0276D495FE24E74341E06E6E2E7551E99C84B/","OK","https://steamusercontent-a.akamaihd.net/ugc/13874377488447758171/176E993DB9378255E1BB74FFDD4A45558C98D895/","OK"
"Winter Korps","Battle Mechanik","93539b","Battle Mechanik","https://steamusercontent-a.akamaihd.net/ugc/13017055735072282178/1CAC524953B93F7487EA8AC92C52D80BC1AAEA84/","OK","https://steamusercontent-a.akamaihd.net/ugc/15946087637702090174/2157B849A662BCE4CB6679E71B4836F6EF2A4082/","OK","https://steamusercontent-a.akamaihd.net/ugc/10100197193149187531/7643FB9673BC766FE6D413584AB46838133DE76E/","OK"
"Winter Korps","40mm base","29b924","40mm base_29b924","https://steamusercontent-a.akamaihd.net/ugc/17467293707643483270/604FF622A74CBBBBF8151DE2F002D8047DC69150/","OK","https://steamusercontent-a.akamaihd.net/ugc/18385099658346253955/73A0276D495FE24E74341E06E6E2E7551E99C84B/","OK","https://steamusercontent-a.akamaihd.net/ugc/17467293707643483270/604FF622A74CBBBBF8151DE2F002D8047DC69150/","OK"
"Winter Korps","AC-2 Bison","263008","AC-2 Bison","https://steamusercontent-a.akamaihd.net/ugc/11470288196919289717/6EE378AD2E7D971B2409F383675E4F5DB6CFABCE/","OK","https://steamusercontent-a.akamaihd.net/ugc/13871116359873713438/5AC9698C96012AF264FCE535E203DEE86B66D5C2/","OK","https://steamusercontent-a.akamaihd.net/ugc/17048042320646243090/FBFA2004DB7F72F03EBF20DB17C38AA58FE093C8/","OK"
"Winter Korps","80mm base","0b3a7c","80mm base","https://steamusercontent-a.akamaihd.net/ugc/9507323413831057586/A5ABC7B4C6AB4A09010368C107AE198A3CCC3D7A/","OK","https://steamusercontent-a.akamaihd.net/ugc/13689441281025536368/320864517CC6C1AA07B2B7F87481582BCB5BD368/","OK","https://steamusercontent-a.akamaihd.net/ugc/9507323413831057586/A5ABC7B4C6AB4A09010368C107AE198A3CCC3D7A/","OK"
"Winter Korps","Medveditsa","4b4a24","Medveditsa","https://steamusercontent-a.akamaihd.net/ugc/14123061579793171096/AAFF7B9F2995F7F744C3F61C214359E55F7D4170/","OK","https://steamusercontent-a.akamaihd.net/ugc/14093074288238698881/14F5B993B538914AB1D0A3D174AC6A248DC1B506/","OK","https://steamusercontent-a.akamaihd.net/ugc/14713645016734878107/F9D2158216B6D323C269B9052CEEF64E87E80AE1/","OK"
"Winter Korps","50mm base","a689c7","50mm base_a689c7","https://steamusercontent-a.akamaihd.net/ugc/16565607465486734529/B3E55176002E04309EF32D048CCEB4FE1B14E5F9/","OK","https://steamusercontent-a.akamaihd.net/ugc/15825158844097975441/73A0276D495FE24E74341E06E6E2E7551E99C84B/","OK","https://steamusercontent-a.akamaihd.net/ugc/16565607465486734529/B3E55176002E04309EF32D048CCEB4FE1B14E5F9/","OK"
"Winter Korps","Avalanche","f0063d","Avalanche","https://steamusercontent-a.akamaihd.net/ugc/13736498756901161574/620B373D8D823BEBBBE2A984274B1DA4EF1373E8/","OK","https://steamusercontent-a.akamaihd.net/ugc/15786612680730711141/D63B83D074B2FA340F22180610A4571DF9DC2F1A/","OK","https://steamusercontent-a.akamaihd.net/ugc/13359207509343278986/C79424149E38F235ED6AC9DF74A4211859C9AB14/","OK"
"Winter Korps","50mm base","4af4ab","50mm base_4af4ab","https://steamusercontent-a.akamaihd.net/ugc/16565607465486734529/B3E55176002E04309EF32D048CCEB4FE1B14E5F9/","OK","https://steamusercontent-a.akamaihd.net/ugc/15825158844097975441/73A0276D495FE24E74341E06E6E2E7551E99C84B/","OK","https://steamusercontent-a.akamaihd.net/ugc/16565607465486734529/B3E55176002E04309EF32D048CCEB4FE1B14E5F9/","OK"
"Winter Korps","Behemoth, Spirit of Imperial Khador","e4c154","Behemoth, Spirit of Imperial Khador","https://steamusercontent-a.akamaihd.net/ugc/9963376681596109576/56B5FC298B65DDCAE29984692DAFD4B8105B0C16/","OK","https://steamusercontent-a.akamaihd.net/ugc/12462579356958377160/29406DA2D06BDC1DE67A57A1D33C9D256C329CBD/","OK","https://steamusercontent-a.akamaihd.net/ugc/10933385300163033840/48F639B684458CBB47708DD11482078F467B3B85/","OK"
"Winter Korps","80mm base","52e7b0","80mm base_52e7b0","https://steamusercontent-a.akamaihd.net/ugc/9507323413831057586/A5ABC7B4C6AB4A09010368C107AE198A3CCC3D7A/","OK","https://steamusercontent-a.akamaihd.net/ugc/13689441281025536368/320864517CC6C1AA07B2B7F87481582BCB5BD368/","OK","https://steamusercontent-a.akamaihd.net/ugc/9507323413831057586/A5ABC7B4C6AB4A09010368C107AE198A3CCC3D7A/","OK"
"Winter Korps","Kontroller","5365dd","Kontroller","https://steamusercontent-a.akamaihd.net/ugc/12661378537235343835/3FDA0CCDA9D89D11008F0ABBF7E2398D790CE494/","OK","https://steamusercontent-a.akamaihd.net/ugc/13106463073025337087/17B5740AA40094D8F7C14889851433986A5D7D57/","OK","https://steamusercontent-a.akamaihd.net/ugc/11658017641877187921/401C698C4100FC020AAB9AAD351EB2741ED3312D/","OK"
"Winter Korps","50mm base","bad72f","50mm base_bad72f","https://steamusercontent-a.akamaihd.net/ugc/16565607465486734529/B3E55176002E04309EF32D048CCEB4FE1B14E5F9/","OK","https://steamusercontent-a.akamaihd.net/ugc/15825158844097975441/73A0276D495FE24E74341E06E6E2E7551E99C84B/","OK","https://steamusercontent-a.akamaihd.net/ugc/16565607465486734529/B3E55176002E04309EF32D048CCEB4FE1B14E5F9/","OK"
"Winter Korps","Sergeant Sergei Kroi","17e049","Sergeant Sergei Kroi","https://steamusercontent-a.akamaihd.net/ugc/12902166549202235563/26374E11B3F82FE4D4FACFE8E815F8449C6CDB9A/","OK","https://steamusercontent-a.akamaihd.net/ugc/9845120510029768458/F15FD9E99C07E5B59AC3C05BF6594D1FCAF99538/","OK","https://steamusercontent-a.akamaihd.net/ugc/17116287621728306959/5F155E48FBD031A7DFC3B3644C05A20BAA5B03D7/","OK"
"Winter Korps","50mm base","adba08","50mm base_adba08","https://steamusercontent-a.akamaihd.net/ugc/16565607465486734529/B3E55176002E04309EF32D048CCEB4FE1B14E5F9/","OK","https://steamusercontent-a.akamaihd.net/ugc/15825158844097975441/73A0276D495FE24E74341E06E6E2E7551E99C84B/","OK","https://steamusercontent-a.akamaihd.net/ugc/16565607465486734529/B3E55176002E04309EF32D048CCEB4FE1B14E5F9/","OK"
"Winter Korps","Mastodon","2b6278","Mastodon","https://steamusercontent-a.akamaihd.net/ugc/12284947369731521774/506ACA92D77B4474355C11C9F977335BB3683E26/","OK","https://steamusercontent-a.akamaihd.net/ugc/17676241658327523630/884033EA5633E9621AE56C285586436ACBF7CA3C/","OK","https://steamusercontent-a.akamaihd.net/ugc/9603286568396853788/DBC49BF1DE7BB48A0952062B7F0DE74C3E1A875F/","OK"
"Winter Korps","120mm base","3504db","120mm base","https://steamusercontent-a.akamaihd.net/ugc/12398511746798383282/8D39692EEAE81114A3928C7F29445387B09B6611/","OK","https://steamusercontent-a.akamaihd.net/ugc/11874514094192302541/7B239DB4E92CEB6849B4D3A3066F6274DD65B1BC/","OK","https://steamusercontent-a.akamaihd.net/ugc/12398511746798383282/8D39692EEAE81114A3928C7F29445387B09B6611/","OK"
"Winter Korps","Magziev Zariyah Volkova","3ce0f7","Magziev Zariyah Volkova","https://steamusercontent-a.akamaihd.net/ugc/11217367243510418033/F56E2321C8C21A4B530729D12918CA13DCC50C4D/","OK","https://steamusercontent-a.akamaihd.net/ugc/15027259678218385154/167A4E2FFAB299B9546DB150030D89320EE7F244/","OK","https://steamusercontent-a.akamaihd.net/ugc/14007473954855334884/70D4C4947503411CAFCE0AB591DFF2310A57BFA2/","OK"
"Winter Korps","30mm base","6844da","30mm base_6844da","https://steamusercontent-a.akamaihd.net/ugc/13874377488447758171/176E993DB9378255E1BB74FFDD4A45558C98D895/","OK","https://steamusercontent-a.akamaihd.net/ugc/12567320968847447633/73A0276D495FE24E74341E06E6E2E7551E99C84B/","OK","https://steamusercontent-a.akamaihd.net/ugc/13874377488447758171/176E993DB9378255E1BB74FFDD4A45558C98D895/","OK"
"Winter Korps","Razor","0a8913","Razor","https://steamusercontent-a.akamaihd.net/ugc/12546320651524251974/5DE2FDBE06210DECF686110F49659454ABC335DF/","OK","https://steamusercontent-a.akamaihd.net/ugc/16349233496041571342/F72E2086F83C0C738ADFDE149D31A75C50DEA35F/","OK","https://steamusercontent-a.akamaihd.net/ugc/13324851004793104593/E4748F1709DBACF317462D4C93FF69845D74E9FB/","OK"
"Winter Korps","50mm base","2a3490","50mm base_2a3490","https://steamusercontent-a.akamaihd.net/ugc/16565607465486734529/B3E55176002E04309EF32D048CCEB4FE1B14E5F9/","OK","https://steamusercontent-a.akamaihd.net/ugc/15825158844097975441/73A0276D495FE24E74341E06E6E2E7551E99C84B/","OK","https://steamusercontent-a.akamaihd.net/ugc/16565607465486734529/B3E55176002E04309EF32D048CCEB4FE1B14E5F9/","OK"
"Winter Korps","Kapitan Yana Kovoskiy","da7f65","Kapitan Yana Kovoskiy","https://steamusercontent-a.akamaihd.net/ugc/11578491941406481364/E57EE32B83E9235DBB9C99958B9D4A9A186C1F34/","OK","https://steamusercontent-a.akamaihd.net/ugc/17275901228860639587/9D142AAF938C65F9F67075116A2D8B37E87F085C/","OK","https://steamusercontent-a.akamaihd.net/ugc/16725984333046767007/B5B46080F1A515D3DD5F08BADA0BCE8E830F075F/","OK"
"Winter Korps","50mm base","064f8a","50mm base_064f8a","https://steamusercontent-a.akamaihd.net/ugc/16565607465486734529/B3E55176002E04309EF32D048CCEB4FE1B14E5F9/","OK","https://steamusercontent-a.akamaihd.net/ugc/15825158844097975441/73A0276D495FE24E74341E06E6E2E7551E99C84B/","OK","https://steamusercontent-a.akamaihd.net/ugc/16565607465486734529/B3E55176002E04309EF32D048CCEB4FE1B14E5F9/","OK"
"Winter Korps","The Hounds","becfe4","The Hounds","https://steamusercontent-a.akamaihd.net/ugc/15342163395945828745/60003EFB66A83ACF8BD89CBE8876B9A7FBB82B2A/","OK","https://steamusercontent-a.akamaihd.net/ugc/12907316245504739749/3AE4D500859D049E0FCF214E7FBBA5ECDD4CCA4C/","OK","https://steamusercontent-a.akamaihd.net/ugc/15024868854031630618/10F33DF65EFE183AA77A394BEDFEE94FFDA9C80B/","OK"
"Winter Korps","30mm base","efc584","30mm base_efc584","https://steamusercontent-a.akamaihd.net/ugc/13874377488447758171/176E993DB9378255E1BB74FFDD4A45558C98D895/","OK","https://steamusercontent-a.akamaihd.net/ugc/12567320968847447633/73A0276D495FE24E74341E06E6E2E7551E99C84B/","OK","https://steamusercontent-a.akamaihd.net/ugc/13874377488447758171/176E993DB9378255E1BB74FFDD4A45558C98D895/","OK"
"Winter Korps","Sergeant Goran Lazarenko, the Jackal","08bfe8","Sergeant Goran Lazarenko, the Jackal","https://steamusercontent-a.akamaihd.net/ugc/9482140203565809374/89355954B1CC2A76FF8C8F8FEE3C9804DCA17503/","OK","https://steamusercontent-a.akamaihd.net/ugc/15948123582597123175/082DBD145DEC7630222E843D99692466837168A2/","OK","https://steamusercontent-a.akamaihd.net/ugc/17132654463158884186/5304C6866F3C4E3928620D483A7BFE85200371DA/","OK"
"Winter Korps","30mm base","17e759","30mm base_17e759","https://steamusercontent-a.akamaihd.net/ugc/13874377488447758171/176E993DB9378255E1BB74FFDD4A45558C98D895/","OK","https://steamusercontent-a.akamaihd.net/ugc/12567320968847447633/73A0276D495FE24E74341E06E6E2E7551E99C84B/","OK","https://steamusercontent-a.akamaihd.net/ugc/13874377488447758171/176E993DB9378255E1BB74FFDD4A45558C98D895/","OK"
"Winter Korps","The Hounds","0692a5","The Hounds_0692a5","https://steamusercontent-a.akamaihd.net/ugc/14215017210470593948/1A3B532C426990A64887FCAB8BC6F86ECC3CA64F/","OK","https://steamusercontent-a.akamaihd.net/ugc/13992509787448149950/3AE4D500859D049E0FCF214E7FBBA5ECDD4CCA4C/","OK","https://steamusercontent-a.akamaihd.net/ugc/11092574311973099463/2CAA10FDA228E60051E463EB26DAEDF55626C3A0/","OK"
"Winter Korps","30mm base","1fbb58","30mm base_1fbb58","https://steamusercontent-a.akamaihd.net/ugc/13874377488447758171/176E993DB9378255E1BB74FFDD4A45558C98D895/","OK","https://steamusercontent-a.akamaihd.net/ugc/12567320968847447633/73A0276D495FE24E74341E06E6E2E7551E99C84B/","OK","https://steamusercontent-a.akamaihd.net/ugc/13874377488447758171/176E993DB9378255E1BB74FFDD4A45558C98D895/","OK"
"Winter Korps","The Hounds","89c12b","The Hounds_89c12b","https://steamusercontent-a.akamaihd.net/ugc/12979603510036821902/AB996C7736B60A8EF8CF0F9C026F7C7910F7C609/","OK","https://steamusercontent-a.akamaihd.net/ugc/9983276223715174369/3AE4D500859D049E0FCF214E7FBBA5ECDD4CCA4C/","OK","https://steamusercontent-a.akamaihd.net/ugc/9760823958799659784/B5C2E4B246A0420DB179AB14396EAA05C0309B5A/","OK"
"Winter Korps","30mm base","5373d5","30mm base_5373d5","https://steamusercontent-a.akamaihd.net/ugc/13874377488447758171/176E993DB9378255E1BB74FFDD4A45558C98D895/","OK","https://steamusercontent-a.akamaihd.net/ugc/12567320968847447633/73A0276D495FE24E74341E06E6E2E7551E99C84B/","OK","https://steamusercontent-a.akamaihd.net/ugc/13874377488447758171/176E993DB9378255E1BB74FFDD4A45558C98D895/","OK"
"Winter Korps","Kapitan Zahara Vilkul","c65c49","Kapitan Zahara Vilkul","https://steamusercontent-a.akamaihd.net/ugc/9795628360828587005/7EB3FFB5A0E38FCC8EB5F1B49D050A26B7C518A4/","OK","https://steamusercontent-a.akamaihd.net/ugc/11489410583308192393/276843B20957EAC292D82793DA62146ACE168C42/","OK","https://steamusercontent-a.akamaihd.net/ugc/10129493724483769933/816843DC43AB519F58017E91F9ED9F1978DE11A9/","OK"
"Winter Korps","30mm base","980ed3","30mm base_980ed3","https://steamusercontent-a.akamaihd.net/ugc/13874377488447758171/176E993DB9378255E1BB74FFDD4A45558C98D895/","OK","https://steamusercontent-a.akamaihd.net/ugc/12567320968847447633/73A0276D495FE24E74341E06E6E2E7551E99C84B/","OK","https://steamusercontent-a.akamaihd.net/ugc/13874377488447758171/176E993DB9378255E1BB74FFDD4A45558C98D895/","OK"
"Winter Korps","Kommander Tatiana Sikora","f663d5","Kommander Tatiana Sikora","https://steamusercontent-a.akamaihd.net/ugc/11937861475953379899/3320D708F494926A784C147817AF0FCDA5587A47/","OK","https://steamusercontent-a.akamaihd.net/ugc/14304011727595924600/81B9F2BCD0E0F7BB313F9CF5BA959F20EEF0DF8A/","OK","https://steamusercontent-a.akamaihd.net/ugc/14334760519625539295/72B9231F45711E068DEA73865681FA9CEA5831FD/","OK"
"Winter Korps","40mm base","fe34be","40mm base_fe34be","https://steamusercontent-a.akamaihd.net/ugc/17467293707643483270/604FF622A74CBBBBF8151DE2F002D8047DC69150/","OK","https://steamusercontent-a.akamaihd.net/ugc/18385099658346253955/73A0276D495FE24E74341E06E6E2E7551E99C84B/","OK","https://steamusercontent-a.akamaihd.net/ugc/17467293707643483270/604FF622A74CBBBBF8151DE2F002D8047DC69150/","OK"
"Winter Korps","Kommander Valerii Savaryn","7203c6","Kommander Valerii Savaryn","https://steamusercontent-a.akamaihd.net/ugc/11699996646771199874/2F516F05D038539255D3E342784FB07378D70976/","OK","https://steamusercontent-a.akamaihd.net/ugc/14763654833194705928/48DA2726A601324753785E16BB62F2F6677CB96E/","OK","https://steamusercontent-a.akamaihd.net/ugc/16684045173885791117/AF5451E1420273DE8E4D113DD326DCAFEB81A9C3/","OK"
"Winter Korps","30mm base","53fae9","30mm base_53fae9","https://steamusercontent-a.akamaihd.net/ugc/13874377488447758171/176E993DB9378255E1BB74FFDD4A45558C98D895/","OK","https://steamusercontent-a.akamaihd.net/ugc/12567320968847447633/73A0276D495FE24E74341E06E6E2E7551E99C84B/","OK","https://steamusercontent-a.akamaihd.net/ugc/13874377488447758171/176E993DB9378255E1BB74FFDD4A45558C98D895/","OK"
"Winter Korps","Kapitan Ekaterina Baranova","980043","Kapitan Ekaterina Baranova","https://steamusercontent-a.akamaihd.net/ugc/16377804944566694870/003271789DE03D8BA0C8F43A44DCA389075E7401/","OK","https://steamusercontent-a.akamaihd.net/ugc/17209101113312743769/7097BE1AAF8510C66B66CEA41CCAFC371C3D7D2F/","OK","https://steamusercontent-a.akamaihd.net/ugc/12922039217015832034/118FBCDF5779A52646EB52BACBE31FC657BCB329/","OK"
"Winter Korps","30mm base","8fab1f","30mm base_8fab1f","https://steamusercontent-a.akamaihd.net/ugc/13874377488447758171/176E993DB9378255E1BB74FFDD4A45558C98D895/","OK","https://steamusercontent-a.akamaihd.net/ugc/12567320968847447633/73A0276D495FE24E74341E06E6E2E7551E99C84B/","OK","https://steamusercontent-a.akamaihd.net/ugc/13874377488447758171/176E993DB9378255E1BB74FFDD4A45558C98D895/","OK"
"Shadowflame Shard","Wyrmspine Cinderbacks","92a5e1","Wyrmspine Cinderbacks","https://steamusercontent-a.akamaihd.net/ugc/16999264187243777949/3D31E4599BB3BB635366DC0E96A29EBF174E2A1C/","OK","https://steamusercontent-a.akamaihd.net/ugc/15904101372923436068/C16902FEAF5D945991E3F3E6E22D45B001E0E557/","OK","https://steamusercontent-a.akamaihd.net/ugc/17480283389511927626/34A2B50204B8EBEEFFA7D9E27C7626EF48050BC7/","OK"
"Shadowflame Shard","40mm base","8a9897","40mm base","https://steamusercontent-a.akamaihd.net/ugc/17467293707643483270/604FF622A74CBBBBF8151DE2F002D8047DC69150/","OK","https://steamusercontent-a.akamaihd.net/ugc/18385099658346253955/73A0276D495FE24E74341E06E6E2E7551E99C84B/","OK","https://steamusercontent-a.akamaihd.net/ugc/17467293707643483270/604FF622A74CBBBBF8151DE2F002D8047DC69150/","OK"
"Shadowflame Shard","Aklyss","f166a0","Aklyss","https://steamusercontent-a.akamaihd.net/ugc/11626069635210374216/582D39FEDAC49C19B2046DE05322246D187D223B/","OK","https://steamusercontent-a.akamaihd.net/ugc/9329042910507300932/1CFFB56B87EAD0B4B21A05D6D742503FC74F048C/","OK","https://steamusercontent-a.akamaihd.net/ugc/13066512916773033644/E904FEDA6E0F418CE222E75D68885869BF0D9872/","OK"
"Shadowflame Shard","50mm base","9cdee2","50mm base","https://steamusercontent-a.akamaihd.net/ugc/16565607465486734529/B3E55176002E04309EF32D048CCEB4FE1B14E5F9/","OK","https://steamusercontent-a.akamaihd.net/ugc/15825158844097975441/73A0276D495FE24E74341E06E6E2E7551E99C84B/","OK","https://steamusercontent-a.akamaihd.net/ugc/16565607465486734529/B3E55176002E04309EF32D048CCEB4FE1B14E5F9/","OK"
"Shadowflame Shard","Bellighul, Master of Pain","fe5b24","Bellighul, Master of Pain","https://steamusercontent-a.akamaihd.net/ugc/16792173590458483673/85C62812ADE9AE162D6DC3D21C80F72683C33DF0/","OK","https://steamusercontent-a.akamaihd.net/ugc/14709780596519019642/D378D651F5B50A8EC1EB88C6E68FF117BB2539ED/","OK","https://steamusercontent-a.akamaihd.net/ugc/16792173590458483673/85C62812ADE9AE162D6DC3D21C80F72683C33DF0/","OK"
"Shadowflame Shard","40mm base","9b9077","40mm base_9b9077","https://steamusercontent-a.akamaihd.net/ugc/17467293707643483270/604FF622A74CBBBBF8151DE2F002D8047DC69150/","OK","https://steamusercontent-a.akamaihd.net/ugc/18385099658346253955/73A0276D495FE24E74341E06E6E2E7551E99C84B/","OK","https://steamusercontent-a.akamaihd.net/ugc/17467293707643483270/604FF622A74CBBBBF8151DE2F002D8047DC69150/","OK"
"Shadowflame Shard","Drakyon","2bd665","Drakyon","https://steamusercontent-a.akamaihd.net/ugc/12419057232073934834/2733186E8AFE50715F9C69FD4C3227B85BCD909C/","OK","https://steamusercontent-a.akamaihd.net/ugc/10938686143391021937/771CE02D909AB06F00D54A4D8E40D66314BEF859/","OK","https://steamusercontent-a.akamaihd.net/ugc/15378994345690154749/4CABE9B65CE57B5E8C0DA37B3755398B3623BD9B/","OK"
"Shadowflame Shard","50mm base","764e65","50mm base_764e65","https://steamusercontent-a.akamaihd.net/ugc/16565607465486734529/B3E55176002E04309EF32D048CCEB4FE1B14E5F9/","OK","https://steamusercontent-a.akamaihd.net/ugc/15825158844097975441/73A0276D495FE24E74341E06E6E2E7551E99C84B/","OK","https://steamusercontent-a.akamaihd.net/ugc/16565607465486734529/B3E55176002E04309EF32D048CCEB4FE1B14E5F9/","OK"
"Shadowflame Shard","Hydrix","88bb02","Hydrix","https://steamusercontent-a.akamaihd.net/ugc/11998343377632558467/45DD808F08730DE827896117D8B7E22531140CDD/","OK","https://steamusercontent-a.akamaihd.net/ugc/13908282738391632092/F7EB0E3340F09A3E785B52F7B76ED2482B638DC7/","OK","https://steamusercontent-a.akamaihd.net/ugc/10515941889507650528/17B32472B2B8629B0F6B5F05C9360F787EB29BCD/","OK"
"Shadowflame Shard","50mm base","235fc5","50mm base_235fc5","https://steamusercontent-a.akamaihd.net/ugc/16565607465486734529/B3E55176002E04309EF32D048CCEB4FE1B14E5F9/","OK","https://steamusercontent-a.akamaihd.net/ugc/15825158844097975441/73A0276D495FE24E74341E06E6E2E7551E99C84B/","OK","https://steamusercontent-a.akamaihd.net/ugc/16565607465486734529/B3E55176002E04309EF32D048CCEB4FE1B14E5F9/","OK"
"Shadowflame Shard","Incarnate Conjuror","b8d758","Incarnate Conjuror","https://steamusercontent-a.akamaihd.net/ugc/9672563376557932022/28D5CD4CE9D87D86C19D6C57C7580D9BCF62F01B/","OK","https://steamusercontent-a.akamaihd.net/ugc/10095436989433802086/0948F4926BD323C9AED7AB14CE04975ECC369F83/","OK","https://steamusercontent-a.akamaihd.net/ugc/16876461813630299731/3049E5D1EF5CD9188EC04B25BF4A641A4A0B2580/","OK"
"Shadowflame Shard","50mm base","e3f0ab","50mm base_e3f0ab","https://steamusercontent-a.akamaihd.net/ugc/16565607465486734529/B3E55176002E04309EF32D048CCEB4FE1B14E5F9/","OK","https://steamusercontent-a.akamaihd.net/ugc/15825158844097975441/73A0276D495FE24E74341E06E6E2E7551E99C84B/","OK","https://steamusercontent-a.akamaihd.net/ugc/16565607465486734529/B3E55176002E04309EF32D048CCEB4FE1B14E5F9/","OK"
"Shadowflame Shard","Incarnate Knights","a43616","Incarnate Knights","https://steamusercontent-a.akamaihd.net/ugc/10140596476584090266/B4037BAB53EA22E22183DF48A3ADC57F40773187/","OK","https://steamusercontent-a.akamaihd.net/ugc/14966005400025220125/540B873FA78F7D00B1A866027B2165C0A1BC7280/","OK","https://steamusercontent-a.akamaihd.net/ugc/13096868928185410190/6DA2FD6DC7F18FCE0F50D22E83F9F39D219E68CB/","OK"
"Shadowflame Shard","50mm base","f5bba5","50mm base_f5bba5","https://steamusercontent-a.akamaihd.net/ugc/16565607465486734529/B3E55176002E04309EF32D048CCEB4FE1B14E5F9/","OK","https://steamusercontent-a.akamaihd.net/ugc/15825158844097975441/73A0276D495FE24E74341E06E6E2E7551E99C84B/","OK","https://steamusercontent-a.akamaihd.net/ugc/16565607465486734529/B3E55176002E04309EF32D048CCEB4FE1B14E5F9/","OK"
"Shadowflame Shard","Incarnate Knights","babc84","Incarnate Knights_babc84","https://steamusercontent-a.akamaihd.net/ugc/10140596476584090266/B4037BAB53EA22E22183DF48A3ADC57F40773187/","OK","https://steamusercontent-a.akamaihd.net/ugc/14966005400025220125/540B873FA78F7D00B1A866027B2165C0A1BC7280/","OK","https://steamusercontent-a.akamaihd.net/ugc/13096868928185410190/6DA2FD6DC7F18FCE0F50D22E83F9F39D219E68CB/","OK"
"Shadowflame Shard","50mm base","f5bba5","50mm base_f5bba5","https://steamusercontent-a.akamaihd.net/ugc/16565607465486734529/B3E55176002E04309EF32D048CCEB4FE1B14E5F9/","OK","https://steamusercontent-a.akamaihd.net/ugc/15825158844097975441/73A0276D495FE24E74341E06E6E2E7551E99C84B/","OK","https://steamusercontent-a.akamaihd.net/ugc/16565607465486734529/B3E55176002E04309EF32D048CCEB4FE1B14E5F9/","OK"
"Shadowflame Shard","Incarnate Knights","0de28e","Incarnate Knights_0de28e","https://steamusercontent-a.akamaihd.net/ugc/10140596476584090266/B4037BAB53EA22E22183DF48A3ADC57F40773187/","OK","https://steamusercontent-a.akamaihd.net/ugc/14966005400025220125/540B873FA78F7D00B1A866027B2165C0A1BC7280/","OK","https://steamusercontent-a.akamaihd.net/ugc/13096868928185410190/6DA2FD6DC7F18FCE0F50D22E83F9F39D219E68CB/","OK"
"Shadowflame Shard","50mm base","f5bba5","50mm base_f5bba5","https://steamusercontent-a.akamaihd.net/ugc/16565607465486734529/B3E55176002E04309EF32D048CCEB4FE1B14E5F9/","OK","https://steamusercontent-a.akamaihd.net/ugc/15825158844097975441/73A0276D495FE24E74341E06E6E2E7551E99C84B/","OK","https://steamusercontent-a.akamaihd.net/ugc/16565607465486734529/B3E55176002E04309EF32D048CCEB4FE1B14E5F9/","OK"
"Shadowflame Shard","Lylyth, The Raven Vengeance","c65378","Lylyth, The Raven Vengeance","https://steamusercontent-a.akamaihd.net/ugc/13409290361327413161/F21ED26B1A9C7BD0C759EAC6372373E4FC8D4814/","OK","https://steamusercontent-a.akamaihd.net/ugc/15629884067719855268/AFD0BF6A482D08A775064B872F06AE37B0D4DB88/","OK","https://steamusercontent-a.akamaihd.net/ugc/17386156078281935453/22A88BA7D93B83507B2DA7F144E7563E61758B7A/","OK"
"Shadowflame Shard","50mm base","e3f0ab","50mm base_e3f0ab","https://steamusercontent-a.akamaihd.net/ugc/16565607465486734529/B3E55176002E04309EF32D048CCEB4FE1B14E5F9/","OK","https://steamusercontent-a.akamaihd.net/ugc/15825158844097975441/73A0276D495FE24E74341E06E6E2E7551E99C84B/","OK","https://steamusercontent-a.akamaihd.net/ugc/16565607465486734529/B3E55176002E04309EF32D048CCEB4FE1B14E5F9/","OK"
"Shadowflame Shard","Nyxyan, the Stygian Coil","58f57b","Nyxyan, the Stygian Coil","https://steamusercontent-a.akamaihd.net/ugc/14190118185531774413/1F953B748ECE4A094EF9B16AC2B59D967E2C54B0/","OK","https://steamusercontent-a.akamaihd.net/ugc/14703122056236754498/1878EED39A193B8DBBA3B99C0F0ACC2F6735FC4B/","OK","https://steamusercontent-a.akamaihd.net/ugc/14155560148348151227/BB2C00D486264F9C5E834BB588D121EBBA18F2DF/","OK"
"Shadowflame Shard","40mm base","2e65e5","40mm base_2e65e5","https://steamusercontent-a.akamaihd.net/ugc/17467293707643483270/604FF622A74CBBBBF8151DE2F002D8047DC69150/","OK","https://steamusercontent-a.akamaihd.net/ugc/18385099658346253955/73A0276D495FE24E74341E06E6E2E7551E99C84B/","OK","https://steamusercontent-a.akamaihd.net/ugc/17467293707643483270/604FF622A74CBBBBF8151DE2F002D8047DC69150/","OK"
"Shadowflame Shard","Pythia","08ccb1","Pythia","https://steamusercontent-a.akamaihd.net/ugc/16812548452061735756/66EE06EF135A31675BF47EFCA90047E35236EA45/","OK","https://steamusercontent-a.akamaihd.net/ugc/16711142508702915156/881A4D0C9EFA06C0C082396C86DFBAF65FDA2180/","OK","https://steamusercontent-a.akamaihd.net/ugc/12458951556142738611/9D6DBA57A794C258F5A68B32D9B348950E4AD6E4/","OK"
"Shadowflame Shard","30mm base","c61de1","30mm base","https://steamusercontent-a.akamaihd.net/ugc/13874377488447758171/176E993DB9378255E1BB74FFDD4A45558C98D895/","OK","https://steamusercontent-a.akamaihd.net/ugc/12567320968847447633/73A0276D495FE24E74341E06E6E2E7551E99C84B/","OK","https://steamusercontent-a.akamaihd.net/ugc/13874377488447758171/176E993DB9378255E1BB74FFDD4A45558C98D895/","OK"
"Shadowflame Shard","Quick Fang Master","56450e","Quick Fang Master","https://steamusercontent-a.akamaihd.net/ugc/16779283588867890371/1408DEA020B181D3B7A16B07F360F0B8FFD540F9/","OK","https://steamusercontent-a.akamaihd.net/ugc/11788756487313281666/442EEF379580D9D8A005335DA328C271D9FDD27E/","OK","https://steamusercontent-a.akamaihd.net/ugc/11958277524549198538/B10C347D4DF3598F4FA54BE2E0B817F8E427E761/","OK"
"Shadowflame Shard","30mm base","2256a3","30mm base_2256a3","https://steamusercontent-a.akamaihd.net/ugc/13874377488447758171/176E993DB9378255E1BB74FFDD4A45558C98D895/","OK","https://steamusercontent-a.akamaihd.net/ugc/12567320968847447633/73A0276D495FE24E74341E06E6E2E7551E99C84B/","OK","https://steamusercontent-a.akamaihd.net/ugc/13874377488447758171/176E993DB9378255E1BB74FFDD4A45558C98D895/","OK"
"Shadowflame Shard","Quick Fang Stalkers","158893","Quick Fang Stalkers","https://steamusercontent-a.akamaihd.net/ugc/10631487967140784699/E8BF22B358612A999D6A4AE318EECB0EF055CF63/","OK","https://steamusercontent-a.akamaihd.net/ugc/12194907747356411994/15114C06AD030A8B1D719FC0E33B675BA11D6982/","OK","https://steamusercontent-a.akamaihd.net/ugc/14478003426050060669/CCBA5B3356E259F3DD086CD5317866C5BCB9C089/","OK"
"Shadowflame Shard","30mm base","8858cf","30mm base_8858cf","https://steamusercontent-a.akamaihd.net/ugc/13874377488447758171/176E993DB9378255E1BB74FFDD4A45558C98D895/","OK","https://steamusercontent-a.akamaihd.net/ugc/12567320968847447633/73A0276D495FE24E74341E06E6E2E7551E99C84B/","OK","https://steamusercontent-a.akamaihd.net/ugc/13874377488447758171/176E993DB9378255E1BB74FFDD4A45558C98D895/","OK"
"Shadowflame Shard","Quick Fang Stalkers","53703a","Quick Fang Stalkers_53703a","https://steamusercontent-a.akamaihd.net/ugc/17755621929838197556/A9E027634019EA861A0BD1F3855CB4212BA98C56/","OK","https://steamusercontent-a.akamaihd.net/ugc/14679249880642516542/15114C06AD030A8B1D719FC0E33B675BA11D6982/","OK","https://steamusercontent-a.akamaihd.net/ugc/14689686483213519465/725ACD2377695C3EE8FD3D520FE87A353A64C35C/","OK"
"Shadowflame Shard","30mm base","e5ce24","30mm base_e5ce24","https://steamusercontent-a.akamaihd.net/ugc/13874377488447758171/176E993DB9378255E1BB74FFDD4A45558C98D895/","OK","https://steamusercontent-a.akamaihd.net/ugc/12567320968847447633/73A0276D495FE24E74341E06E6E2E7551E99C84B/","OK","https://steamusercontent-a.akamaihd.net/ugc/13874377488447758171/176E993DB9378255E1BB74FFDD4A45558C98D895/","OK"
"Shadowflame Shard","Quick Fang Stalkers","5a2e9f","Quick Fang Stalkers_5a2e9f","https://steamusercontent-a.akamaihd.net/ugc/13495167275279222581/60D287136C4E99FE8FA922A15F831026487B22F1/","OK","https://steamusercontent-a.akamaihd.net/ugc/16814404141729024538/15114C06AD030A8B1D719FC0E33B675BA11D6982/","OK","https://steamusercontent-a.akamaihd.net/ugc/16470301533076494956/30FEBECD390A4EB14BF3EDFF5E2F5221F63FF93B/","OK"
"Shadowflame Shard","30mm base","4e763a","30mm base_4e763a","https://steamusercontent-a.akamaihd.net/ugc/13874377488447758171/176E993DB9378255E1BB74FFDD4A45558C98D895/","OK","https://steamusercontent-a.akamaihd.net/ugc/12567320968847447633/73A0276D495FE24E74341E06E6E2E7551E99C84B/","OK","https://steamusercontent-a.akamaihd.net/ugc/13874377488447758171/176E993DB9378255E1BB74FFDD4A45558C98D895/","OK"
"Shadowflame Shard","Quick Fang Stalkers","50c856","Quick Fang Stalkers_50c856","https://steamusercontent-a.akamaihd.net/ugc/17646370689981064495/DAE981979C357C2375E6AA4489E08593F69D7632/","OK","https://steamusercontent-a.akamaihd.net/ugc/14738962155752032702/15114C06AD030A8B1D719FC0E33B675BA11D6982/","OK","https://steamusercontent-a.akamaihd.net/ugc/15020946853760561112/CBDD6685DB3ECB8612D70426E76030B915550369/","OK"
"Shadowflame Shard","30mm base","27fa24","30mm base_27fa24","https://steamusercontent-a.akamaihd.net/ugc/13874377488447758171/176E993DB9378255E1BB74FFDD4A45558C98D895/","OK","https://steamusercontent-a.akamaihd.net/ugc/12567320968847447633/73A0276D495FE24E74341E06E6E2E7551E99C84B/","OK","https://steamusercontent-a.akamaihd.net/ugc/13874377488447758171/176E993DB9378255E1BB74FFDD4A45558C98D895/","OK"
"Shadowflame Shard","Quick Fang Stalkers","80a4d3","Quick Fang Stalkers_80a4d3","https://steamusercontent-a.akamaihd.net/ugc/17582441034516741205/A5F5C8838A902413350FA11BA030F92B298DAA0B/","OK","https://steamusercontent-a.akamaihd.net/ugc/13269470668446401115/15114C06AD030A8B1D719FC0E33B675BA11D6982/","OK","https://steamusercontent-a.akamaihd.net/ugc/18102216521417162128/92C64F39D947341005ACCC2416C86048E8B67720/","OK"
"Shadowflame Shard","30mm base","184485","30mm base_184485","https://steamusercontent-a.akamaihd.net/ugc/13874377488447758171/176E993DB9378255E1BB74FFDD4A45558C98D895/","OK","https://steamusercontent-a.akamaihd.net/ugc/12567320968847447633/73A0276D495FE24E74341E06E6E2E7551E99C84B/","OK","https://steamusercontent-a.akamaihd.net/ugc/13874377488447758171/176E993DB9378255E1BB74FFDD4A45558C98D895/","OK"
"Shadowflame Shard","","2cb6ca","2cb6ca","https://steamusercontent-a.akamaihd.net/ugc/14750243458671641266/EC7AE4EFD43B78E9947D527F5C565E383BAFE670/","OK","https://steamusercontent-a.akamaihd.net/ugc/10141926403580604153/0A259B5C423C1B05B27A235B7E3F9D26FC2DC319/","OK","https://steamusercontent-a.akamaihd.net/ugc/10315883688579402698/810256DED1850E4BB4ABB1D550110725DA83F672/","OK"
"Shadowflame Shard","30mm base","9637b5","30mm base_9637b5","https://steamusercontent-a.akamaihd.net/ugc/13874377488447758171/176E993DB9378255E1BB74FFDD4A45558C98D895/","OK","https://steamusercontent-a.akamaihd.net/ugc/12567320968847447633/73A0276D495FE24E74341E06E6E2E7551E99C84B/","OK","https://steamusercontent-a.akamaihd.net/ugc/13874377488447758171/176E993DB9378255E1BB74FFDD4A45558C98D895/","OK"
"Shadowflame Shard","Quick Fang Wind Strikers","3838b2","Quick Fang Wind Strikers","https://steamusercontent-a.akamaihd.net/ugc/14750243458671641266/EC7AE4EFD43B78E9947D527F5C565E383BAFE670/","OK","https://steamusercontent-a.akamaihd.net/ugc/10141926403580604153/0A259B5C423C1B05B27A235B7E3F9D26FC2DC319/","OK","https://steamusercontent-a.akamaihd.net/ugc/10315883688579402698/810256DED1850E4BB4ABB1D550110725DA83F672/","OK"
"Shadowflame Shard","30mm base","9637b5","30mm base_9637b5","https://steamusercontent-a.akamaihd.net/ugc/13874377488447758171/176E993DB9378255E1BB74FFDD4A45558C98D895/","OK","https://steamusercontent-a.akamaihd.net/ugc/12567320968847447633/73A0276D495FE24E74341E06E6E2E7551E99C84B/","OK","https://steamusercontent-a.akamaihd.net/ugc/13874377488447758171/176E993DB9378255E1BB74FFDD4A45558C98D895/","OK"
"Shadowflame Shard","","f42f22","f42f22","https://steamusercontent-a.akamaihd.net/ugc/14750243458671641266/EC7AE4EFD43B78E9947D527F5C565E383BAFE670/","OK","https://steamusercontent-a.akamaihd.net/ugc/10141926403580604153/0A259B5C423C1B05B27A235B7E3F9D26FC2DC319/","OK","https://steamusercontent-a.akamaihd.net/ugc/10315883688579402698/810256DED1850E4BB4ABB1D550110725DA83F672/","OK"
"Shadowflame Shard","30mm base","9637b5","30mm base_9637b5","https://steamusercontent-a.akamaihd.net/ugc/13874377488447758171/176E993DB9378255E1BB74FFDD4A45558C98D895/","OK","https://steamusercontent-a.akamaihd.net/ugc/12567320968847447633/73A0276D495FE24E74341E06E6E2E7551E99C84B/","OK","https://steamusercontent-a.akamaihd.net/ugc/13874377488447758171/176E993DB9378255E1BB74FFDD4A45558C98D895/","OK"
"Shadowflame Shard","","834cbf","834cbf","https://steamusercontent-a.akamaihd.net/ugc/14771147496573066933/58B7963648B1E5F84B0892DC740EAAAA1421F4C9/","OK","https://steamusercontent-a.akamaihd.net/ugc/10606639226077011685/0A259B5C423C1B05B27A235B7E3F9D26FC2DC319/","OK","https://steamusercontent-a.akamaihd.net/ugc/11808586747608788858/5503E829047086500B0E2E88EB7B466EBE5443ED/","OK"
"Shadowflame Shard","30mm base","2c538a","30mm base_2c538a","https://steamusercontent-a.akamaihd.net/ugc/13874377488447758171/176E993DB9378255E1BB74FFDD4A45558C98D895/","OK","https://steamusercontent-a.akamaihd.net/ugc/12567320968847447633/73A0276D495FE24E74341E06E6E2E7551E99C84B/","OK","https://steamusercontent-a.akamaihd.net/ugc/13874377488447758171/176E993DB9378255E1BB74FFDD4A45558C98D895/","OK"
"Shadowflame Shard","","f379f6","f379f6","https://steamusercontent-a.akamaihd.net/ugc/14771147496573066933/58B7963648B1E5F84B0892DC740EAAAA1421F4C9/","OK","https://steamusercontent-a.akamaihd.net/ugc/10606639226077011685/0A259B5C423C1B05B27A235B7E3F9D26FC2DC319/","OK","https://steamusercontent-a.akamaihd.net/ugc/11808586747608788858/5503E829047086500B0E2E88EB7B466EBE5443ED/","OK"
"Shadowflame Shard","30mm base","2c538a","30mm base_2c538a","https://steamusercontent-a.akamaihd.net/ugc/13874377488447758171/176E993DB9378255E1BB74FFDD4A45558C98D895/","OK","https://steamusercontent-a.akamaihd.net/ugc/12567320968847447633/73A0276D495FE24E74341E06E6E2E7551E99C84B/","OK","https://steamusercontent-a.akamaihd.net/ugc/13874377488447758171/176E993DB9378255E1BB74FFDD4A45558C98D895/","OK"
"Shadowflame Shard","Rassyk, Spawn of Shadows","dfa483","Rassyk, Spawn of Shadows","https://steamusercontent-a.akamaihd.net/ugc/18086520207189139205/41F55D9B39789167069950A483DB587A417CFF83/","OK","https://steamusercontent-a.akamaihd.net/ugc/17765157615421290947/6407F2DF35DC3C7A5D86F7F35695B4C126FAE954/","OK","https://steamusercontent-a.akamaihd.net/ugc/11181314127707680212/7BDA653305E808CA9101F3602946839D4A19168F/","OK"
"Shadowflame Shard","40mm base","d03d75","40mm base_d03d75","https://steamusercontent-a.akamaihd.net/ugc/17467293707643483270/604FF622A74CBBBBF8151DE2F002D8047DC69150/","OK","https://steamusercontent-a.akamaihd.net/ugc/18385099658346253955/73A0276D495FE24E74341E06E6E2E7551E99C84B/","OK","https://steamusercontent-a.akamaihd.net/ugc/17467293707643483270/604FF622A74CBBBBF8151DE2F002D8047DC69150/","OK"
"Shadowflame Shard","Regulus","03d266","Regulus","https://steamusercontent-a.akamaihd.net/ugc/12183403165945818910/949521CA6D7D0B7475C1C840250C2F9081946D94/","OK","https://steamusercontent-a.akamaihd.net/ugc/11738107845191921603/5FB0343F6BE59B1F3AED9899614807BB7ABF1268/","OK","https://steamusercontent-a.akamaihd.net/ugc/15508211477178298876/0D4168A6339E4D29BC6B1A3ADA0862FED38B12B1/","OK"
"Shadowflame Shard","30mm base","9637b5","30mm base_9637b5","https://steamusercontent-a.akamaihd.net/ugc/13874377488447758171/176E993DB9378255E1BB74FFDD4A45558C98D895/","OK","https://steamusercontent-a.akamaihd.net/ugc/12567320968847447633/73A0276D495FE24E74341E06E6E2E7551E99C84B/","OK","https://steamusercontent-a.akamaihd.net/ugc/13874377488447758171/176E993DB9378255E1BB74FFDD4A45558C98D895/","OK"
"Shadowflame Shard","Ryvyn, The Onyx Rampant","71dc06","Ryvyn, The Onyx Rampant","https://steamusercontent-a.akamaihd.net/ugc/17920620958655181866/4391193B209A3521A57D01426B7906F32DBFD43C/","OK","https://steamusercontent-a.akamaihd.net/ugc/17317312890015142981/CB013BC99FD70C6D699113A0D2D670EBAEC6EC45/","OK","https://steamusercontent-a.akamaihd.net/ugc/14565670585472731194/B8829A5DA3BF09D0358B56AAF21D5F15730B9F6D/","OK"
"Shadowflame Shard","50mm base","e3f0ab","50mm base_e3f0ab","https://steamusercontent-a.akamaihd.net/ugc/16565607465486734529/B3E55176002E04309EF32D048CCEB4FE1B14E5F9/","OK","https://steamusercontent-a.akamaihd.net/ugc/15825158844097975441/73A0276D495FE24E74341E06E6E2E7551E99C84B/","OK","https://steamusercontent-a.akamaihd.net/ugc/16565607465486734529/B3E55176002E04309EF32D048CCEB4FE1B14E5F9/","OK"
"Shadowflame Shard","Shades","c3b469","Shades","https://steamusercontent-a.akamaihd.net/ugc/16315723591173775485/092BE18C2DEB34DFEE3030F75D6557CE8AE2E0C4/","OK","https://steamusercontent-a.akamaihd.net/ugc/15821800443851055931/12E313B8F754A5E54797950BE103667391B89681/","OK","https://steamusercontent-a.akamaihd.net/ugc/17623517707642970851/4044BE4026A10CE23B29ADF4D00D6FDC39C673BD/","OK"
"Shadowflame Shard","30mm base","455fbd","30mm base_455fbd","https://steamusercontent-a.akamaihd.net/ugc/13874377488447758171/176E993DB9378255E1BB74FFDD4A45558C98D895/","OK","https://steamusercontent-a.akamaihd.net/ugc/12567320968847447633/73A0276D495FE24E74341E06E6E2E7551E99C84B/","OK","https://steamusercontent-a.akamaihd.net/ugc/13874377488447758171/176E993DB9378255E1BB74FFDD4A45558C98D895/","OK"
"Shadowflame Shard","Shades","e9af8e","Shades_e9af8e","https://steamusercontent-a.akamaihd.net/ugc/16713185509276818741/15FF706E78EDE7E024A26E2B6F94F41F9C46F403/","OK","https://steamusercontent-a.akamaihd.net/ugc/11008903168458868542/12E313B8F754A5E54797950BE103667391B89681/","OK","https://steamusercontent-a.akamaihd.net/ugc/14447930025900364850/BC4698D61616D3E3E1272D153FDCBB144BF7C115/","OK"
"Shadowflame Shard","30mm base","e8eef7","30mm base_e8eef7","https://steamusercontent-a.akamaihd.net/ugc/13874377488447758171/176E993DB9378255E1BB74FFDD4A45558C98D895/","OK","https://steamusercontent-a.akamaihd.net/ugc/12567320968847447633/73A0276D495FE24E74341E06E6E2E7551E99C84B/","OK","https://steamusercontent-a.akamaihd.net/ugc/13874377488447758171/176E993DB9378255E1BB74FFDD4A45558C98D895/","OK"
"Shadowflame Shard","Shades","702689","Shades_702689","https://steamusercontent-a.akamaihd.net/ugc/14475901029476201241/708158C7F77EB826CDCEB162E99AC3AC7D904185/","OK","https://steamusercontent-a.akamaihd.net/ugc/12324261311646863501/12E313B8F754A5E54797950BE103667391B89681/","OK","https://steamusercontent-a.akamaihd.net/ugc/12513101674828626337/3A8E41D73C37CB4D6BBEE1ED017CFB289B75D266/","OK"
"Shadowflame Shard","30mm base","47941a","30mm base_47941a","https://steamusercontent-a.akamaihd.net/ugc/13874377488447758171/176E993DB9378255E1BB74FFDD4A45558C98D895/","OK","https://steamusercontent-a.akamaihd.net/ugc/12567320968847447633/73A0276D495FE24E74341E06E6E2E7551E99C84B/","OK","https://steamusercontent-a.akamaihd.net/ugc/13874377488447758171/176E993DB9378255E1BB74FFDD4A45558C98D895/","OK"
"Shadowflame Shard","Shadow Seraph","141dc1","Shadow Seraph","https://steamusercontent-a.akamaihd.net/ugc/9564117834299613184/0CB6F0B3A710317F78394B62DBEFF30F4930FB82/","OK","https://steamusercontent-a.akamaihd.net/ugc/17558593767418516756/EEF6BAB5ABD19DE37E1356D43FEB2A0D81051F73/","OK","https://steamusercontent-a.akamaihd.net/ugc/18143497540821846960/77A6010BD1B891436B0CE17CDBB0674034D88A08/","OK"
"Shadowflame Shard","80mm base","b4ec6a","80mm base","https://steamusercontent-a.akamaihd.net/ugc/9507323413831057586/A5ABC7B4C6AB4A09010368C107AE198A3CCC3D7A/","OK","https://steamusercontent-a.akamaihd.net/ugc/13689441281025536368/320864517CC6C1AA07B2B7F87481582BCB5BD368/","OK","https://steamusercontent-a.akamaihd.net/ugc/9507323413831057586/A5ABC7B4C6AB4A09010368C107AE198A3CCC3D7A/","OK"
"Shadowflame Shard","Shadowmancer Scion","51af01","Shadowmancer Scion","https://steamusercontent-a.akamaihd.net/ugc/14430234379237709792/CE99A0AAEC38340E2F39944016A7E931F7739284/","OK","https://steamusercontent-a.akamaihd.net/ugc/16581018239147597934/B3C7E27DE67DD58D40D7428AFC744D684E80F7A7/","OK","https://steamusercontent-a.akamaihd.net/ugc/17919088784910117906/2A547A38B5432937E2AA13F65EAD27A5D17D4DE8/","OK"
"Shadowflame Shard","40mm base","e8a8a3","40mm base_e8a8a3","https://steamusercontent-a.akamaihd.net/ugc/17467293707643483270/604FF622A74CBBBBF8151DE2F002D8047DC69150/","OK","https://steamusercontent-a.akamaihd.net/ugc/18385099658346253955/73A0276D495FE24E74341E06E6E2E7551E99C84B/","OK","https://steamusercontent-a.akamaihd.net/ugc/17467293707643483270/604FF622A74CBBBBF8151DE2F002D8047DC69150/","OK"
"Shadowflame Shard","Shyryss, the Flawless Dark","60a09b","Shyryss, the Flawless Dark","https://steamusercontent-a.akamaihd.net/ugc/16478787710267431864/600A53D151BF2A83851B897045AE5B7B4C08FC0B/","OK","https://steamusercontent-a.akamaihd.net/ugc/17343393560724426212/905F7A31A7DD9D81CB4DFBC67BAA643EE68123EA/","OK","https://steamusercontent-a.akamaihd.net/ugc/13109500900999339786/A36A182289AD9A798915B804AD9D4AE1FE094389/","OK"
"Shadowflame Shard","30mm base","9637b5","30mm base_9637b5","https://steamusercontent-a.akamaihd.net/ugc/13874377488447758171/176E993DB9378255E1BB74FFDD4A45558C98D895/","OK","https://steamusercontent-a.akamaihd.net/ugc/12567320968847447633/73A0276D495FE24E74341E06E6E2E7551E99C84B/","OK","https://steamusercontent-a.akamaihd.net/ugc/13874377488447758171/176E993DB9378255E1BB74FFDD4A45558C98D895/","OK"
"Shadowflame Shard","Skylla, The Abyssal Fury","77f007","Skylla, The Abyssal Fury","https://steamusercontent-a.akamaihd.net/ugc/11103291568821513139/0E33969E9125B707AA0AFB060F37FB2B08078516/","OK","https://steamusercontent-a.akamaihd.net/ugc/11431316795513448887/58CB9A3C7DD19297146F8B6F661DDBD0400119AA/","OK","https://steamusercontent-a.akamaihd.net/ugc/12546391349106393816/712A630DF7012B81C91CAB290BB4D19C4794C084/","OK"
"Shadowflame Shard","50mm base","e3f0ab","50mm base_e3f0ab","https://steamusercontent-a.akamaihd.net/ugc/16565607465486734529/B3E55176002E04309EF32D048CCEB4FE1B14E5F9/","OK","https://steamusercontent-a.akamaihd.net/ugc/15825158844097975441/73A0276D495FE24E74341E06E6E2E7551E99C84B/","OK","https://steamusercontent-a.akamaihd.net/ugc/16565607465486734529/B3E55176002E04309EF32D048CCEB4FE1B14E5F9/","OK"
"Shadowflame Shard","Spinner","a23ea7","Spinner","https://steamusercontent-a.akamaihd.net/ugc/15443007481949628930/2CA45F0AEEA6752CFFD7EB7FE31C52DD63822723/","OK","https://steamusercontent-a.akamaihd.net/ugc/16817339974315383521/6A7B4407A4273A32E445A7269F376C924004D2A1/","OK","https://steamusercontent-a.akamaihd.net/ugc/10219880715370405474/A1070DCA32CF9F9AE704737C8AF4F985B8A0EE5F/","OK"
"Shadowflame Shard","40mm base","f1037d","40mm base_f1037d","https://steamusercontent-a.akamaihd.net/ugc/17467293707643483270/604FF622A74CBBBBF8151DE2F002D8047DC69150/","OK","https://steamusercontent-a.akamaihd.net/ugc/18385099658346253955/73A0276D495FE24E74341E06E6E2E7551E99C84B/","OK","https://steamusercontent-a.akamaihd.net/ugc/17467293707643483270/604FF622A74CBBBBF8151DE2F002D8047DC69150/","OK"
"Shadowflame Shard","Talon Death Dealers","3cf65e","Talon Death Dealers","https://steamusercontent-a.akamaihd.net/ugc/12136615591600793011/29F4C02D1CA512B7CC03CCE238483EFC2283878D/","OK","https://steamusercontent-a.akamaihd.net/ugc/18043059670765762179/3C922ACD2923DD2ADA6C2F1B4DDA147B4BEEAC2B/","OK","https://steamusercontent-a.akamaihd.net/ugc/11713179640294059533/2C0B0CA56043C6870315A5147A4E74F1CB48CDFD/","OK"
"Shadowflame Shard","40mm base","e571fa","40mm base_e571fa","https://steamusercontent-a.akamaihd.net/ugc/17467293707643483270/604FF622A74CBBBBF8151DE2F002D8047DC69150/","OK","https://steamusercontent-a.akamaihd.net/ugc/18385099658346253955/73A0276D495FE24E74341E06E6E2E7551E99C84B/","OK","https://steamusercontent-a.akamaihd.net/ugc/17467293707643483270/604FF622A74CBBBBF8151DE2F002D8047DC69150/","OK"
"Shadowflame Shard","Talon Death Dealers","b5b4f4","Talon Death Dealers_b5b4f4","https://steamusercontent-a.akamaihd.net/ugc/16262856600213010147/19917E75591A6694A8A0CCA7C06243D36F79012A/","OK","https://steamusercontent-a.akamaihd.net/ugc/18145504025427635781/3C922ACD2923DD2ADA6C2F1B4DDA147B4BEEAC2B/","OK","https://steamusercontent-a.akamaihd.net/ugc/18179778282328818634/F9FE55F6E54284872ED2330826D80BB84D14B12A/","OK"
"Shadowflame Shard","40mm base","c2e22e","40mm base_c2e22e","https://steamusercontent-a.akamaihd.net/ugc/17467293707643483270/604FF622A74CBBBBF8151DE2F002D8047DC69150/","OK","https://steamusercontent-a.akamaihd.net/ugc/18385099658346253955/73A0276D495FE24E74341E06E6E2E7551E99C84B/","OK","https://steamusercontent-a.akamaihd.net/ugc/17467293707643483270/604FF622A74CBBBBF8151DE2F002D8047DC69150/","OK"
"Shadowflame Shard","Talon Death Dealers","4579f4","Talon Death Dealers_4579f4","https://steamusercontent-a.akamaihd.net/ugc/12821947293820425291/EA1ADEFCD5B9DDA840CC51508F7366BD3800F2FA/","OK","https://steamusercontent-a.akamaihd.net/ugc/12818542091432363217/3C922ACD2923DD2ADA6C2F1B4DDA147B4BEEAC2B/","OK","https://steamusercontent-a.akamaihd.net/ugc/12725386314046903552/A39C8DEE40DE0EF7CE2BB4BF5B0D4B0D647F012D/","OK"
"Shadowflame Shard","40mm base","b94f10","40mm base_b94f10","https://steamusercontent-a.akamaihd.net/ugc/17467293707643483270/604FF622A74CBBBBF8151DE2F002D8047DC69150/","OK","https://steamusercontent-a.akamaihd.net/ugc/18385099658346253955/73A0276D495FE24E74341E06E6E2E7551E99C84B/","OK","https://steamusercontent-a.akamaihd.net/ugc/17467293707643483270/604FF622A74CBBBBF8151DE2F002D8047DC69150/","OK"
"Shadowflame Shard","Talon Lashers","44268f","Talon Lashers","https://steamusercontent-a.akamaihd.net/ugc/15968511396529402303/C0886672332CA64D259FEF92DEDBCEF08301942D/","OK","https://steamusercontent-a.akamaihd.net/ugc/12159423914449579546/869C2CB6A50E8B5CC11D0A3A06C7FE591A8C2F2C/","OK","https://steamusercontent-a.akamaihd.net/ugc/12420130786253772905/BD522487F2269AF1D584EAF87EECDCB841580661/","OK"
"Shadowflame Shard","40mm base","3159da","40mm base_3159da","https://steamusercontent-a.akamaihd.net/ugc/17467293707643483270/604FF622A74CBBBBF8151DE2F002D8047DC69150/","OK","https://steamusercontent-a.akamaihd.net/ugc/18385099658346253955/73A0276D495FE24E74341E06E6E2E7551E99C84B/","OK","https://steamusercontent-a.akamaihd.net/ugc/17467293707643483270/604FF622A74CBBBBF8151DE2F002D8047DC69150/","OK"
"Shadowflame Shard","Talon Lashers","2fc02a","Talon Lashers_2fc02a","https://steamusercontent-a.akamaihd.net/ugc/11997856657614786912/99AB51A7042995E648A0467C25A00A6CA722E260/","OK","https://steamusercontent-a.akamaihd.net/ugc/9243976877481034963/869C2CB6A50E8B5CC11D0A3A06C7FE591A8C2F2C/","OK","https://steamusercontent-a.akamaihd.net/ugc/15161541989854877336/330D7E31F615012994101DFA9080B561D4668C4B/","OK"
"Shadowflame Shard","40mm base","e571fa","40mm base_e571fa","https://steamusercontent-a.akamaihd.net/ugc/17467293707643483270/604FF622A74CBBBBF8151DE2F002D8047DC69150/","OK","https://steamusercontent-a.akamaihd.net/ugc/18385099658346253955/73A0276D495FE24E74341E06E6E2E7551E99C84B/","OK","https://steamusercontent-a.akamaihd.net/ugc/17467293707643483270/604FF622A74CBBBBF8151DE2F002D8047DC69150/","OK"
"Shadowflame Shard","Talon Lashers","072a24","Talon Lashers_072a24","https://steamusercontent-a.akamaihd.net/ugc/13987007305628808381/827EC58F3C91D10CDDCA55F87A058E7096ED4122/","OK","https://steamusercontent-a.akamaihd.net/ugc/17253568993350090008/869C2CB6A50E8B5CC11D0A3A06C7FE591A8C2F2C/","OK","https://steamusercontent-a.akamaihd.net/ugc/9688503520492918491/7D3C4B4863337612BFC804FBF661B165ACB19F84/","OK"
"Shadowflame Shard","40mm base","db1e42","40mm base_db1e42","https://steamusercontent-a.akamaihd.net/ugc/17467293707643483270/604FF622A74CBBBBF8151DE2F002D8047DC69150/","OK","https://steamusercontent-a.akamaihd.net/ugc/18385099658346253955/73A0276D495FE24E74341E06E6E2E7551E99C84B/","OK","https://steamusercontent-a.akamaihd.net/ugc/17467293707643483270/604FF622A74CBBBBF8151DE2F002D8047DC69150/","OK"
"Shadowflame Shard","Trikhymaerax","92a4bf","Trikhymaerax","https://steamusercontent-a.akamaihd.net/ugc/11901232865866903457/881EDDEAB3B99B008BF5DB211610780A6EEDF3DC/","OK","https://steamusercontent-a.akamaihd.net/ugc/16847803158384445943/E08C7B9CE0DD8C102CF33637BFFD27583EEE7350/","OK","https://steamusercontent-a.akamaihd.net/ugc/10120728545386935258/A40488C7BE1E35656FEC1D86DB8CA91EF10A952D/","OK"
"Shadowflame Shard","120mm base","9580b4","120mm base","https://steamusercontent-a.akamaihd.net/ugc/12398511746798383282/8D39692EEAE81114A3928C7F29445387B09B6611/","OK","https://steamusercontent-a.akamaihd.net/ugc/11874514094192302541/7B239DB4E92CEB6849B4D3A3066F6274DD65B1BC/","OK","https://steamusercontent-a.akamaihd.net/ugc/12398511746798383282/8D39692EEAE81114A3928C7F29445387B09B6611/","OK"
"Shadowflame Shard","Vallyx, Fate's Eclipse","0f256e","Vallyx, Fate's Eclipse","https://steamusercontent-a.akamaihd.net/ugc/18194213689362564698/615097B5AB5EDC929C1D1DF8A6F1AC72FB28D057/","OK","https://steamusercontent-a.akamaihd.net/ugc/10638786195351125312/D880CBB1EE102BD98BEDACCEC65C0F3265999690/","OK","https://steamusercontent-a.akamaihd.net/ugc/14509425230661826806/AC1083679134B9FB50F772B1BCA795A4DC327F71/","OK"
"Shadowflame Shard","40mm base","e571fa","40mm base_e571fa","https://steamusercontent-a.akamaihd.net/ugc/17467293707643483270/604FF622A74CBBBBF8151DE2F002D8047DC69150/","OK","https://steamusercontent-a.akamaihd.net/ugc/18385099658346253955/73A0276D495FE24E74341E06E6E2E7551E99C84B/","OK","https://steamusercontent-a.akamaihd.net/ugc/17467293707643483270/604FF622A74CBBBBF8151DE2F002D8047DC69150/","OK"
"Shadowflame Shard","Vypex","aa4417","Vypex","https://steamusercontent-a.akamaihd.net/ugc/9910020489097567576/5B27AF07FC1457DBB78BE910D8F1A41FCB086E19/","OK","https://steamusercontent-a.akamaihd.net/ugc/12939880918170477358/6CE3DFFF838033D1B6D30ACDF410553A4453F36D/","OK","https://steamusercontent-a.akamaihd.net/ugc/14075786187596152472/A29A7D874CADC875BDA68C4E6B9B3023FF37E918/","OK"
"Shadowflame Shard","50mm base","c9ecc9","50mm base_c9ecc9","https://steamusercontent-a.akamaihd.net/ugc/16565607465486734529/B3E55176002E04309EF32D048CCEB4FE1B14E5F9/","OK","https://steamusercontent-a.akamaihd.net/ugc/15825158844097975441/73A0276D495FE24E74341E06E6E2E7551E99C84B/","OK","https://steamusercontent-a.akamaihd.net/ugc/16565607465486734529/B3E55176002E04309EF32D048CCEB4FE1B14E5F9/","OK"
"Shadowflame Shard","Wraithwing Paragon","9a0126","Wraithwing Paragon","https://steamusercontent-a.akamaihd.net/ugc/10253924237856026419/9F042749D122975A66F68E59148750E88985F5B1/","OK","https://steamusercontent-a.akamaihd.net/ugc/17756305335107586628/680BEC11D0A3AF10C9C3E424E6FC1A23ABF4E6BD/","OK","https://steamusercontent-a.akamaihd.net/ugc/15380118812188514811/3E4E6EE8434529D8ECFA7FB1B69CF3FD85E5B797/","OK"
"Shadowflame Shard","50mm base","e3f0ab","50mm base_e3f0ab","https://steamusercontent-a.akamaihd.net/ugc/16565607465486734529/B3E55176002E04309EF32D048CCEB4FE1B14E5F9/","OK","https://steamusercontent-a.akamaihd.net/ugc/15825158844097975441/73A0276D495FE24E74341E06E6E2E7551E99C84B/","OK","https://steamusercontent-a.akamaihd.net/ugc/16565607465486734529/B3E55176002E04309EF32D048CCEB4FE1B14E5F9/","OK"
"Shadowflame Shard","Wyrmspine Cinderbacks","bdc56e","Wyrmspine Cinderbacks_bdc56e","https://steamusercontent-a.akamaihd.net/ugc/16999264187243777949/3D31E4599BB3BB635366DC0E96A29EBF174E2A1C/","OK","https://steamusercontent-a.akamaihd.net/ugc/15904101372923436068/C16902FEAF5D945991E3F3E6E22D45B001E0E557/","OK","https://steamusercontent-a.akamaihd.net/ugc/17480283389511927626/34A2B50204B8EBEEFFA7D9E27C7626EF48050BC7/","OK"
"Shadowflame Shard","40mm base","8a9897","40mm base_8a9897","https://steamusercontent-a.akamaihd.net/ugc/17467293707643483270/604FF622A74CBBBBF8151DE2F002D8047DC69150/","OK","https://steamusercontent-a.akamaihd.net/ugc/18385099658346253955/73A0276D495FE24E74341E06E6E2E7551E99C84B/","OK","https://steamusercontent-a.akamaihd.net/ugc/17467293707643483270/604FF622A74CBBBBF8151DE2F002D8047DC69150/","OK"
"Shadowflame Shard","Wyrmspine Cinderbacks","9c3691","Wyrmspine Cinderbacks_9c3691","https://steamusercontent-a.akamaihd.net/ugc/16999264187243777949/3D31E4599BB3BB635366DC0E96A29EBF174E2A1C/","OK","https://steamusercontent-a.akamaihd.net/ugc/15904101372923436068/C16902FEAF5D945991E3F3E6E22D45B001E0E557/","OK","https://steamusercontent-a.akamaihd.net/ugc/17480283389511927626/34A2B50204B8EBEEFFA7D9E27C7626EF48050BC7/","OK"
"Shadowflame Shard","40mm base","8a9897","40mm base_8a9897","https://steamusercontent-a.akamaihd.net/ugc/17467293707643483270/604FF622A74CBBBBF8151DE2F002D8047DC69150/","OK","https://steamusercontent-a.akamaihd.net/ugc/18385099658346253955/73A0276D495FE24E74341E06E6E2E7551E99C84B/","OK","https://steamusercontent-a.akamaihd.net/ugc/17467293707643483270/604FF622A74CBBBBF8151DE2F002D8047DC69150/","OK"
"Shadowflame Shard","Wyrmspine Shadowmancers","856231","Wyrmspine Shadowmancers","https://steamusercontent-a.akamaihd.net/ugc/9884924252262548288/4807CAEE5E614BB2A16B82B124327576F9D83666/","OK","https://steamusercontent-a.akamaihd.net/ugc/13161668382507111719/571BAC1FC9D8BB99166EAAD0AB62ACD4A6F50EA1/","OK","https://steamusercontent-a.akamaihd.net/ugc/13208369051699902014/B0BD57C9BF24313617E221B725AD1FFF576BBDBF/","OK"
"Shadowflame Shard","30mm base","9637b5","30mm base_9637b5","https://steamusercontent-a.akamaihd.net/ugc/13874377488447758171/176E993DB9378255E1BB74FFDD4A45558C98D895/","OK","https://steamusercontent-a.akamaihd.net/ugc/12567320968847447633/73A0276D495FE24E74341E06E6E2E7551E99C84B/","OK","https://steamusercontent-a.akamaihd.net/ugc/13874377488447758171/176E993DB9378255E1BB74FFDD4A45558C98D895/","OK"
"Shadowflame Shard","Wyrmspine Shadowmancers","e201e2","Wyrmspine Shadowmancers_e201e2","https://steamusercontent-a.akamaihd.net/ugc/9360350493667423084/057E0523A10E32C98A35872B6059256213D19E20/","OK","https://steamusercontent-a.akamaihd.net/ugc/15093605876372428643/571BAC1FC9D8BB99166EAAD0AB62ACD4A6F50EA1/","OK","https://steamusercontent-a.akamaihd.net/ugc/9725769790053864501/1A1ACC8B9913F089459DDE24314E626D15F1395A/","OK"
"Shadowflame Shard","30mm base","a0c0fa","30mm base_a0c0fa","https://steamusercontent-a.akamaihd.net/ugc/13874377488447758171/176E993DB9378255E1BB74FFDD4A45558C98D895/","OK","https://steamusercontent-a.akamaihd.net/ugc/12567320968847447633/73A0276D495FE24E74341E06E6E2E7551E99C84B/","OK","https://steamusercontent-a.akamaihd.net/ugc/13874377488447758171/176E993DB9378255E1BB74FFDD4A45558C98D895/","OK"
"Shadowflame Shard","Wyrmspine Shadowmancers","ce71c3","Wyrmspine Shadowmancers_ce71c3","https://steamusercontent-a.akamaihd.net/ugc/17284554188299743894/457650BE7A24BFEC630F4086D0740FF96C0D80B1/","OK","https://steamusercontent-a.akamaihd.net/ugc/10744173610163292721/571BAC1FC9D8BB99166EAAD0AB62ACD4A6F50EA1/","OK","https://steamusercontent-a.akamaihd.net/ugc/15784760138312518290/2B2F9FBD6661557F9125159BBF7A0ED2A2CACB1B/","OK"
"Shadowflame Shard","30mm base","32ade0","30mm base_32ade0","https://steamusercontent-a.akamaihd.net/ugc/13874377488447758171/176E993DB9378255E1BB74FFDD4A45558C98D895/","OK","https://steamusercontent-a.akamaihd.net/ugc/12567320968847447633/73A0276D495FE24E74341E06E6E2E7551E99C84B/","OK","https://steamusercontent-a.akamaihd.net/ugc/13874377488447758171/176E993DB9378255E1BB74FFDD4A45558C98D895/","OK"
"Shadowflame Shard","Wyvern","10bdba","Wyvern","https://steamusercontent-a.akamaihd.net/ugc/16157057353154708033/BFEC76485A85E5CDEBC8C3C1C547E200BA0A75C6/","OK","https://steamusercontent-a.akamaihd.net/ugc/12503012643921857820/F266275A568C8981C9CC67E8DFBDF75494AEFFF0/","OK","https://steamusercontent-a.akamaihd.net/ugc/16990634849549567294/190BAD38640C9CF194CE457391FB036989C6FA44/","OK"
"Shadowflame Shard","80mm base","b4ec6a","80mm base_b4ec6a","https://steamusercontent-a.akamaihd.net/ugc/9507323413831057586/A5ABC7B4C6AB4A09010368C107AE198A3CCC3D7A/","OK","https://steamusercontent-a.akamaihd.net/ugc/13689441281025536368/320864517CC6C1AA07B2B7F87481582BCB5BD368/","OK","https://steamusercontent-a.akamaihd.net/ugc/9507323413831057586/A5ABC7B4C6AB4A09010368C107AE198A3CCC3D7A/","OK"
"Shadowflame Shard","Kyrrax, the Unrelenting Night","f9a542","Kyrrax, the Unrelenting Night","https://steamusercontent-a.akamaihd.net/ugc/15346401673704310387/091D6DEAAC8B3A7D20227E5070B0ACE02CCD685B/","OK","https://steamusercontent-a.akamaihd.net/ugc/10558883801510447867/8FEB1624C1641D1CF1D7502DDB7A185DB396FA23/","OK","https://steamusercontent-a.akamaihd.net/ugc/11947920207049326131/8A2E6DC7E4B3FFCF9799D15713F7E5A285E357A6/","OK"
"Shadowflame Shard","50mm base","1a346a","50mm base_1a346a","https://steamusercontent-a.akamaihd.net/ugc/16565607465486734529/B3E55176002E04309EF32D048CCEB4FE1B14E5F9/","OK","https://steamusercontent-a.akamaihd.net/ugc/15825158844097975441/73A0276D495FE24E74341E06E6E2E7551E99C84B/","OK","https://steamusercontent-a.akamaihd.net/ugc/16565607465486734529/B3E55176002E04309EF32D048CCEB4FE1B14E5F9/","OK"
"Thornfall Alliance","Lytiersis","524a70","Lytiersis","https://steamusercontent-a.akamaihd.net/ugc/17762193142609743769/D82766493EE195A192F692438343E16C895A7357/","OK","https://steamusercontent-a.akamaihd.net/ugc/12238762629816983036/B2B09EE7F67574C3287BEAB5CDE6741DB27288EB/","OK","https://steamusercontent-a.akamaihd.net/ugc/13959532808792900148/8E032CEF43A314EECAF74A5EB36F3E2B28B334FC/","OK"
"Thornfall Alliance","50mm base","ecf1be","50mm base","https://steamusercontent-a.akamaihd.net/ugc/16565607465486734529/B3E55176002E04309EF32D048CCEB4FE1B14E5F9/","OK","https://steamusercontent-a.akamaihd.net/ugc/15825158844097975441/73A0276D495FE24E74341E06E6E2E7551E99C84B/","OK","https://steamusercontent-a.akamaihd.net/ugc/16565607465486734529/B3E55176002E04309EF32D048CCEB4FE1B14E5F9/","OK"
"Thornfall Alliance","Agata, Queen of Carnage","cae1c6","Agata, Queen of Carnage","https://steamusercontent-a.akamaihd.net/ugc/16473678263920459680/6D63BDC7E301FD0DD0C4BB31B8CBC07CBE866B8D/","OK","https://steamusercontent-a.akamaihd.net/ugc/12460997386883268636/03E7F23AF403273E78AC90B6B38B092378CE9681/","OK","https://steamusercontent-a.akamaihd.net/ugc/17353053541696857139/24F566435710E31B3FB8CFDD38CF0BC419FB5340/","OK"
"Thornfall Alliance","30mm base","829b6a","30mm base","https://steamusercontent-a.akamaihd.net/ugc/13874377488447758171/176E993DB9378255E1BB74FFDD4A45558C98D895/","OK","https://steamusercontent-a.akamaihd.net/ugc/12567320968847447633/73A0276D495FE24E74341E06E6E2E7551E99C84B/","OK","https://steamusercontent-a.akamaihd.net/ugc/13874377488447758171/176E993DB9378255E1BB74FFDD4A45558C98D895/","OK"
"Thornfall Alliance","Dr. Arkadius","d4b5b9","Dr. Arkadius","https://steamusercontent-a.akamaihd.net/ugc/13244245293555054640/350D3B3C683502E3AA1A61C04B58D25851947B8B/","OK","https://steamusercontent-a.akamaihd.net/ugc/9288385440039809670/19EBE321FBF26E23E6CCB5B390603E563AEEB7E4/","OK","https://steamusercontent-a.akamaihd.net/ugc/10901481444762366058/A5A805C734C1A018A2A8C073B5BDAD974851CF9F/","OK"
"Thornfall Alliance","30mm base","73996f","30mm base_73996f","https://steamusercontent-a.akamaihd.net/ugc/13874377488447758171/176E993DB9378255E1BB74FFDD4A45558C98D895/","OK","https://steamusercontent-a.akamaihd.net/ugc/12567320968847447633/73A0276D495FE24E74341E06E6E2E7551E99C84B/","OK","https://steamusercontent-a.akamaihd.net/ugc/13874377488447758171/176E993DB9378255E1BB74FFDD4A45558C98D895/","OK"
"Thornfall Alliance","Battle Boar","e05ad3","Battle Boar","https://steamusercontent-a.akamaihd.net/ugc/15311060880801532327/A56A8D5F33FDB5ABE2B23A3B71A0298C503976F6/","OK","https://steamusercontent-a.akamaihd.net/ugc/12712701803637179630/78E132EB57A59C79F1DBFB494C0CA7F329EDAA5C/","OK","https://steamusercontent-a.akamaihd.net/ugc/16904489447531605464/A77F783268A180CD84B7246DA94F5D4CA8245AEE/","OK"
"Thornfall Alliance","40mm base","c145a3","40mm base","https://steamusercontent-a.akamaihd.net/ugc/17467293707643483270/604FF622A74CBBBBF8151DE2F002D8047DC69150/","OK","https://steamusercontent-a.akamaihd.net/ugc/18385099658346253955/73A0276D495FE24E74341E06E6E2E7551E99C84B/","OK","https://steamusercontent-a.akamaihd.net/ugc/17467293707643483270/604FF622A74CBBBBF8151DE2F002D8047DC69150/","OK"
"Thornfall Alliance","Farrow Bone Grinders","94e6b8","Farrow Bone Grinders","https://steamusercontent-a.akamaihd.net/ugc/16160405459939747332/84B8586F1BC2455204BF7182FE62C36C57CB639F/","OK","https://steamusercontent-a.akamaihd.net/ugc/13224182522020406702/191F33348E055584DE55E781F4DF2B5D7D0CDE32/","OK","https://steamusercontent-a.akamaihd.net/ugc/15829586038646698828/EFAE2D53577DC549F40EEC19C22122AEF71CA4C8/","OK"
"Thornfall Alliance","30mm base","1a8322","30mm base_1a8322","https://steamusercontent-a.akamaihd.net/ugc/13874377488447758171/176E993DB9378255E1BB74FFDD4A45558C98D895/","OK","https://steamusercontent-a.akamaihd.net/ugc/12567320968847447633/73A0276D495FE24E74341E06E6E2E7551E99C84B/","OK","https://steamusercontent-a.akamaihd.net/ugc/13874377488447758171/176E993DB9378255E1BB74FFDD4A45558C98D895/","OK"
"Thornfall Alliance","Farrow Brigand Warlord","4f42fd","Farrow Brigand Warlord","https://steamusercontent-a.akamaihd.net/ugc/12584436358060997190/9C236B928E766B8F30C49973886292DD8464FB91/","OK","https://steamusercontent-a.akamaihd.net/ugc/15768783197156791034/D2A55A60839C36E70D1BF9D3612F419EBC8DD4FE/","OK","https://steamusercontent-a.akamaihd.net/ugc/12207650768006358695/7DF7C520E930BF8C46C505ADDE46AC86973C215F/","OK"
"Thornfall Alliance","30mm base","30dd3d","30mm base_30dd3d","https://steamusercontent-a.akamaihd.net/ugc/13874377488447758171/176E993DB9378255E1BB74FFDD4A45558C98D895/","OK","https://steamusercontent-a.akamaihd.net/ugc/12567320968847447633/73A0276D495FE24E74341E06E6E2E7551E99C84B/","OK","https://steamusercontent-a.akamaihd.net/ugc/13874377488447758171/176E993DB9378255E1BB74FFDD4A45558C98D895/","OK"
"Thornfall Alliance","Farrow Brigands","950a43","Farrow Brigands","https://steamusercontent-a.akamaihd.net/ugc/15616367202634337895/1121E3F5ED01E012A563B090D6C14346752CE954/","OK","https://steamusercontent-a.akamaihd.net/ugc/17676421001583946489/9D552991704570BC48830CF9970FFF962C38973B/","OK","https://steamusercontent-a.akamaihd.net/ugc/12582135458614635568/56F2B98E5D4F87F5DBAFA417427A06AB53519F73/","OK"
"Thornfall Alliance","30mm base","bf93a2","30mm base_bf93a2","https://steamusercontent-a.akamaihd.net/ugc/13874377488447758171/176E993DB9378255E1BB74FFDD4A45558C98D895/","OK","https://steamusercontent-a.akamaihd.net/ugc/12567320968847447633/73A0276D495FE24E74341E06E6E2E7551E99C84B/","OK","https://steamusercontent-a.akamaihd.net/ugc/13874377488447758171/176E993DB9378255E1BB74FFDD4A45558C98D895/","OK"
"Thornfall Alliance","Brynhildr","414915","Brynhildr","https://steamusercontent-a.akamaihd.net/ugc/17480770595997780329/80F7E4275C24C6088EEB1C57ED9E2330D4470118/","OK","https://steamusercontent-a.akamaihd.net/ugc/16553907816877076155/1E38C596BC30CE6B5BCBE17D4C24BBCD7BC9E5B7/","OK","https://steamusercontent-a.akamaihd.net/ugc/14024715824202553965/CA3FEAFE5C2BFA9FF2A3BF14C1A3304F520442E2/","OK"
"Thornfall Alliance","30mm base","e5796f","30mm base_e5796f","https://steamusercontent-a.akamaihd.net/ugc/13874377488447758171/176E993DB9378255E1BB74FFDD4A45558C98D895/","OK","https://steamusercontent-a.akamaihd.net/ugc/12567320968847447633/73A0276D495FE24E74341E06E6E2E7551E99C84B/","OK","https://steamusercontent-a.akamaihd.net/ugc/13874377488447758171/176E993DB9378255E1BB74FFDD4A45558C98D895/","OK"
"Thornfall Alliance","Chainbelchers","1ec51d","Chainbelchers","https://steamusercontent-a.akamaihd.net/ugc/18088570825178455226/94F5EDD49B5BF4560B4802D9890297B28A21D770/","OK","https://steamusercontent-a.akamaihd.net/ugc/15737374410002437270/4064A76F8309054FBCCA957B397A2A3A20600300/","OK","https://steamusercontent-a.akamaihd.net/ugc/12735324728244797391/8B85BB3302CD9F461F3E6EBD0347664FBDFF7D5E/","OK"
"Thornfall Alliance","50mm base","046c40","50mm base_046c40","https://steamusercontent-a.akamaihd.net/ugc/16565607465486734529/B3E55176002E04309EF32D048CCEB4FE1B14E5F9/","OK","https://steamusercontent-a.akamaihd.net/ugc/15825158844097975441/73A0276D495FE24E74341E06E6E2E7551E99C84B/","OK","https://steamusercontent-a.akamaihd.net/ugc/16565607465486734529/B3E55176002E04309EF32D048CCEB4FE1B14E5F9/","OK"
"Thornfall Alliance","Farrow Commandos","383c2e","Farrow Commandos","https://steamusercontent-a.akamaihd.net/ugc/16235984357308332338/7F94427A3AFC84B2996971FA7C2391088742749B/","OK","https://steamusercontent-a.akamaihd.net/ugc/11104576927941481097/9BD2230B11F9468A80EDEA6AFCD0E76A315066E6/","OK","https://steamusercontent-a.akamaihd.net/ugc/11436257251341289070/337DE9C30DF3408A377A1AE857A6876A45ADD836/","OK"
"Thornfall Alliance","30mm base","20b13a","30mm base_20b13a","https://steamusercontent-a.akamaihd.net/ugc/13874377488447758171/176E993DB9378255E1BB74FFDD4A45558C98D895/","OK","https://steamusercontent-a.akamaihd.net/ugc/12567320968847447633/73A0276D495FE24E74341E06E6E2E7551E99C84B/","OK","https://steamusercontent-a.akamaihd.net/ugc/13874377488447758171/176E993DB9378255E1BB74FFDD4A45558C98D895/","OK"
"Thornfall Alliance","Efaarit Scouts","312b13","Efaarit Scouts","https://steamusercontent-a.akamaihd.net/ugc/10302738521450795224/7A36F1149EC18EEC0FD30B98A65AD2F877BB61A4/","OK","https://steamusercontent-a.akamaihd.net/ugc/17766064723088026115/07B777419357C693E25471DE852075CC211B3E68/","OK","https://steamusercontent-a.akamaihd.net/ugc/9478117401011405154/A90E9D17333805D8BFAF565A94B7FEBDB399DBDA/","OK"
"Thornfall Alliance","50mm base","2284a4","50mm base_2284a4","https://steamusercontent-a.akamaihd.net/ugc/16565607465486734529/B3E55176002E04309EF32D048CCEB4FE1B14E5F9/","OK","https://steamusercontent-a.akamaihd.net/ugc/15825158844097975441/73A0276D495FE24E74341E06E6E2E7551E99C84B/","OK","https://steamusercontent-a.akamaihd.net/ugc/16565607465486734529/B3E55176002E04309EF32D048CCEB4FE1B14E5F9/","OK"
"Thornfall Alliance","Gun Boar","9e6473","Gun Boar","https://steamusercontent-a.akamaihd.net/ugc/16823798568149068014/777EB345DA0C5CA404E5A9E84C567279BCA3A425/","OK","https://steamusercontent-a.akamaihd.net/ugc/14483498064093431457/6FABC164C99372B58BD47040DFF12745297B2544/","OK","https://steamusercontent-a.akamaihd.net/ugc/15109465880956442439/E1B32CEDD53DED9D235724CE7D9165068796E0C4/","OK"
"Thornfall Alliance","40mm base","3433ec","40mm base_3433ec","https://steamusercontent-a.akamaihd.net/ugc/17467293707643483270/604FF622A74CBBBBF8151DE2F002D8047DC69150/","OK","https://steamusercontent-a.akamaihd.net/ugc/18385099658346253955/73A0276D495FE24E74341E06E6E2E7551E99C84B/","OK","https://steamusercontent-a.akamaihd.net/ugc/17467293707643483270/604FF622A74CBBBBF8151DE2F002D8047DC69150/","OK"
"Thornfall Alliance","Helga the Conqueror","fbd4da","Helga the Conqueror","https://steamusercontent-a.akamaihd.net/ugc/16907642136813180962/224E98EC1059BB209CD6539C0A039905480F6604/","OK","https://steamusercontent-a.akamaihd.net/ugc/16222171850395300185/3CE50F1AF17918D8AE59BA441AD0D64ED3CE613D/","OK","https://steamusercontent-a.akamaihd.net/ugc/15569181220689332466/A4A23C1FEE4810B52C33A01F8F71467985D4573F/","OK"
"Thornfall Alliance","30mm base","787d02","30mm base_787d02","https://steamusercontent-a.akamaihd.net/ugc/13874377488447758171/176E993DB9378255E1BB74FFDD4A45558C98D895/","OK","https://steamusercontent-a.akamaihd.net/ugc/12567320968847447633/73A0276D495FE24E74341E06E6E2E7551E99C84B/","OK","https://steamusercontent-a.akamaihd.net/ugc/13874377488447758171/176E993DB9378255E1BB74FFDD4A45558C98D895/","OK"
"Thornfall Alliance","Maximus","0a758c","Maximus","https://steamusercontent-a.akamaihd.net/ugc/12458760981784569242/04468CEFF345789FCAB4A1FCAA10F8D7D44A070E/","OK","https://steamusercontent-a.akamaihd.net/ugc/11323632057361089364/36A9835AAFFF1F39361505CC86F2D5C372070394/","OK","https://steamusercontent-a.akamaihd.net/ugc/16968508112764573090/DEC38BD9C92247A1125FF3F70B67EA97DF8EEF4B/","OK"
"Thornfall Alliance","30mm base","ccc6ae","30mm base_ccc6ae","https://steamusercontent-a.akamaihd.net/ugc/13874377488447758171/176E993DB9378255E1BB74FFDD4A45558C98D895/","OK","https://steamusercontent-a.akamaihd.net/ugc/12567320968847447633/73A0276D495FE24E74341E06E6E2E7551E99C84B/","OK","https://steamusercontent-a.akamaihd.net/ugc/13874377488447758171/176E993DB9378255E1BB74FFDD4A45558C98D895/","OK"
"Thornfall Alliance","Meat Thresher","e769a7","Meat Thresher","https://steamusercontent-a.akamaihd.net/ugc/14177165928362705714/0160303806BBA73084DC8D66647119F35F991C0A/","OK","https://steamusercontent-a.akamaihd.net/ugc/14497306057422269858/8F12A08E932212D37E9E446BF84F32AF27AA6F54/","OK","https://steamusercontent-a.akamaihd.net/ugc/9906125844261294844/4F00939CF92FB03153350F59169BF21BF92BE1EE/","OK"
"Thornfall Alliance","120mm base","72ff37","120mm base","https://steamusercontent-a.akamaihd.net/ugc/12398511746798383282/8D39692EEAE81114A3928C7F29445387B09B6611/","OK","https://steamusercontent-a.akamaihd.net/ugc/11874514094192302541/7B239DB4E92CEB6849B4D3A3066F6274DD65B1BC/","OK","https://steamusercontent-a.akamaihd.net/ugc/12398511746798383282/8D39692EEAE81114A3928C7F29445387B09B6611/","OK"
"Thornfall Alliance","Midas","6ccf95","Midas","https://steamusercontent-a.akamaihd.net/ugc/12289478745525350305/9E5753364F84CBBC24A63288EB2DC40E4A8A4AA7/","OK","https://steamusercontent-a.akamaihd.net/ugc/14242071537267271919/2A2C55DEEBF6C9C85188E47A07FA6B38560BC258/","OK","https://steamusercontent-a.akamaihd.net/ugc/10900562116694084724/6B9D0BE384AD9CA36A90A4BCCEA4B534636CE1FC/","OK"
"Thornfall Alliance","30mm base","9dbd29","30mm base_9dbd29","https://steamusercontent-a.akamaihd.net/ugc/13874377488447758171/176E993DB9378255E1BB74FFDD4A45558C98D895/","OK","https://steamusercontent-a.akamaihd.net/ugc/12567320968847447633/73A0276D495FE24E74341E06E6E2E7551E99C84B/","OK","https://steamusercontent-a.akamaihd.net/ugc/13874377488447758171/176E993DB9378255E1BB74FFDD4A45558C98D895/","OK"
"Thornfall Alliance","Razor Boar","33890a","Razor Boar","https://steamusercontent-a.akamaihd.net/ugc/15560169779925796365/6EC17776569CCE89AC434B37404EE0E9600E5C62/","OK","https://steamusercontent-a.akamaihd.net/ugc/12360233135197101387/8778EC35EEA5BD3060D1B62D12A410ED01DDDEF2/","OK","https://steamusercontent-a.akamaihd.net/ugc/10851064504843619870/73D89467DB330315FB34B65472C55BC7114AF120/","OK"
"Thornfall Alliance","30mm base","32c5da","30mm base_32c5da","https://steamusercontent-a.akamaihd.net/ugc/13874377488447758171/176E993DB9378255E1BB74FFDD4A45558C98D895/","OK","https://steamusercontent-a.akamaihd.net/ugc/12567320968847447633/73A0276D495FE24E74341E06E6E2E7551E99C84B/","OK","https://steamusercontent-a.akamaihd.net/ugc/13874377488447758171/176E993DB9378255E1BB74FFDD4A45558C98D895/","OK"
"Thornfall Alliance","Farrow Razorback","ab8b0d","Farrow Razorback","https://steamusercontent-a.akamaihd.net/ugc/15290995229280088100/EEDA0984229F66C05F058998EB47BE09002ED543/","OK","https://steamusercontent-a.akamaihd.net/ugc/15042729940993318122/599615A859EE74EC959C275644D600E4BE886849/","OK","https://steamusercontent-a.akamaihd.net/ugc/17207656588116224236/58E74EADB102E18DC5751F7456E62F7C1978E4CB/","OK"
"Thornfall Alliance","50mm base","33b4f9","50mm base_33b4f9","https://steamusercontent-a.akamaihd.net/ugc/16565607465486734529/B3E55176002E04309EF32D048CCEB4FE1B14E5F9/","OK","https://steamusercontent-a.akamaihd.net/ugc/15825158844097975441/73A0276D495FE24E74341E06E6E2E7551E99C84B/","OK","https://steamusercontent-a.akamaihd.net/ugc/16565607465486734529/B3E55176002E04309EF32D048CCEB4FE1B14E5F9/","OK"
"Thornfall Alliance","Rorsh","09f38f","Rorsh","https://steamusercontent-a.akamaihd.net/ugc/9295778003062919285/7C7B18B4211C166A65FA673563C6E5AF206BD05B/","OK","https://steamusercontent-a.akamaihd.net/ugc/17422421731509429494/2E0C4866BA9B6F5BBE986CB52C38D2D1CBC9D5A3/","OK","https://steamusercontent-a.akamaihd.net/ugc/17949897399369230778/3B5603A28B1333E0D50B7555744B3475F64D0379/","OK"
"Thornfall Alliance","30mm base","27843f","30mm base_27843f","https://steamusercontent-a.akamaihd.net/ugc/13874377488447758171/176E993DB9378255E1BB74FFDD4A45558C98D895/","OK","https://steamusercontent-a.akamaihd.net/ugc/12567320968847447633/73A0276D495FE24E74341E06E6E2E7551E99C84B/","OK","https://steamusercontent-a.akamaihd.net/ugc/13874377488447758171/176E993DB9378255E1BB74FFDD4A45558C98D895/","OK"
"Thornfall Alliance","Brine","a8fef1","Brine","https://steamusercontent-a.akamaihd.net/ugc/13950104800480611640/223B2991DEF396E8DACCC5E88B83CE12612CD8E9/","OK","https://steamusercontent-a.akamaihd.net/ugc/11328516648695252874/2E0C4866BA9B6F5BBE986CB52C38D2D1CBC9D5A3/","OK","https://steamusercontent-a.akamaihd.net/ugc/9908622370155294662/252F8585D9C3BFC5D4D7138FD666C6486BDC6FC0/","OK"
"Thornfall Alliance","50mm base","69bada","50mm base_69bada","https://steamusercontent-a.akamaihd.net/ugc/16565607465486734529/B3E55176002E04309EF32D048CCEB4FE1B14E5F9/","OK","https://steamusercontent-a.akamaihd.net/ugc/15825158844097975441/73A0276D495FE24E74341E06E6E2E7551E99C84B/","OK","https://steamusercontent-a.akamaihd.net/ugc/16565607465486734529/B3E55176002E04309EF32D048CCEB4FE1B14E5F9/","OK"
"Thornfall Alliance","Farrow Sapper","ec5d4f","Farrow Sapper","https://steamusercontent-a.akamaihd.net/ugc/18150147748133406799/9DE7308D3B4AA4FA7CC113512B5408F057454899/","OK","https://steamusercontent-a.akamaihd.net/ugc/17803689050097791368/52D67377E52E28DF08F5EC0173046856E567DC06/","OK","https://steamusercontent-a.akamaihd.net/ugc/10764755146308528084/26DC92609F13596B7BF5A549748D88D0BC9CF3A7/","OK"
"Thornfall Alliance","30mm base","e6b7f5","30mm base_e6b7f5","https://steamusercontent-a.akamaihd.net/ugc/13874377488447758171/176E993DB9378255E1BB74FFDD4A45558C98D895/","OK","https://steamusercontent-a.akamaihd.net/ugc/12567320968847447633/73A0276D495FE24E74341E06E6E2E7551E99C84B/","OK","https://steamusercontent-a.akamaihd.net/ugc/13874377488447758171/176E993DB9378255E1BB74FFDD4A45558C98D895/","OK"
"Thornfall Alliance","Splatter Boar","6c394f","Splatter Boar","https://steamusercontent-a.akamaihd.net/ugc/10988176281439787408/C76810354628C4F488EE0C761C5882122CB3908D/","OK","https://steamusercontent-a.akamaihd.net/ugc/10692345115685650001/AD1ADD531939ADAA423F9D8777686C3CBA7F1997/","OK","https://steamusercontent-a.akamaihd.net/ugc/9585870342165800979/B842313F26F55AE936BE505E32C91BDCEE949135/","OK"
"Thornfall Alliance","40mm base","ded172","40mm base_ded172","https://steamusercontent-a.akamaihd.net/ugc/17467293707643483270/604FF622A74CBBBBF8151DE2F002D8047DC69150/","OK","https://steamusercontent-a.akamaihd.net/ugc/18385099658346253955/73A0276D495FE24E74341E06E6E2E7551E99C84B/","OK","https://steamusercontent-a.akamaihd.net/ugc/17467293707643483270/604FF622A74CBBBBF8151DE2F002D8047DC69150/","OK"
"Thornfall Alliance","Sturm and Drang","61f454","Sturm and Drang","https://steamusercontent-a.akamaihd.net/ugc/16312771069487801010/2CAE699F02F9115D9177C5769472981AD1F8C804/","OK","https://steamusercontent-a.akamaihd.net/ugc/17023736922740229165/D6EA1A8443BCC9C55798993729644E10B3CBC69E/","OK","https://steamusercontent-a.akamaihd.net/ugc/17759123501936180027/89E17FC0C4A541AD0F9DF7525D2AF350240DB519/","OK"
"Thornfall Alliance","50mm base","7d60e9","50mm base_7d60e9","https://steamusercontent-a.akamaihd.net/ugc/16565607465486734529/B3E55176002E04309EF32D048CCEB4FE1B14E5F9/","OK","https://steamusercontent-a.akamaihd.net/ugc/15825158844097975441/73A0276D495FE24E74341E06E6E2E7551E99C84B/","OK","https://steamusercontent-a.akamaihd.net/ugc/16565607465486734529/B3E55176002E04309EF32D048CCEB4FE1B14E5F9/","OK"
"Thornfall Alliance","Targ","1d94ba","Targ","https://steamusercontent-a.akamaihd.net/ugc/17025958493225633662/0EFE0654B919BD87EE8AA910401B00F4F1BCF8BC/","OK","https://steamusercontent-a.akamaihd.net/ugc/10394780824002995750/EB504F56992528EF0D2618601B4413A1D24C98F7/","OK","https://steamusercontent-a.akamaihd.net/ugc/13361060602741704263/C99E02FFF1FD85C5E231863D0F89974AAFB70BBB/","OK"
"Thornfall Alliance","30mm base","2d5f45","30mm base_2d5f45","https://steamusercontent-a.akamaihd.net/ugc/13874377488447758171/176E993DB9378255E1BB74FFDD4A45558C98D895/","OK","https://steamusercontent-a.akamaihd.net/ugc/12567320968847447633/73A0276D495FE24E74341E06E6E2E7551E99C84B/","OK","https://steamusercontent-a.akamaihd.net/ugc/13874377488447758171/176E993DB9378255E1BB74FFDD4A45558C98D895/","OK"
"Thornfall Alliance","The Wastelander","1b9649","The Wastelander","https://steamusercontent-a.akamaihd.net/ugc/15220205723358161649/59E7E07C3EB738F104F3DE041BE048BC035E1C21/","OK","https://steamusercontent-a.akamaihd.net/ugc/13276007724733482943/094D0F868CFDB78B4D1C23AE3AF6DCDEAB8D0875/","OK","https://steamusercontent-a.akamaihd.net/ugc/15220205723358161649/59E7E07C3EB738F104F3DE041BE048BC035E1C21/","OK"
"Thornfall Alliance","30mm base","88660e","30mm base_88660e","https://steamusercontent-a.akamaihd.net/ugc/13874377488447758171/176E993DB9378255E1BB74FFDD4A45558C98D895/","OK","https://steamusercontent-a.akamaihd.net/ugc/12567320968847447633/73A0276D495FE24E74341E06E6E2E7551E99C84B/","OK","https://steamusercontent-a.akamaihd.net/ugc/13874377488447758171/176E993DB9378255E1BB74FFDD4A45558C98D895/","OK"
"Thornfall Alliance","Farrow Valkyries","9473ff","Farrow Valkyries","https://steamusercontent-a.akamaihd.net/ugc/9530470622044032413/160C2D7D481E6A57BCB8075345A0768BD34D3160/","OK","https://steamusercontent-a.akamaihd.net/ugc/15034468949583685229/3E10BE34665E3C720BCDE2B6352FA3E26763A3D1/","OK","https://steamusercontent-a.akamaihd.net/ugc/10898942738391785699/5A2A24C910163357DF11E2210521316D8AED02E1/","OK"
"Thornfall Alliance","30mm base","e8a3d1","30mm base_e8a3d1","https://steamusercontent-a.akamaihd.net/ugc/13874377488447758171/176E993DB9378255E1BB74FFDD4A45558C98D895/","OK","https://steamusercontent-a.akamaihd.net/ugc/12567320968847447633/73A0276D495FE24E74341E06E6E2E7551E99C84B/","OK","https://steamusercontent-a.akamaihd.net/ugc/13874377488447758171/176E993DB9378255E1BB74FFDD4A45558C98D895/","OK"
"Thornfall Alliance","War Hog","9c0819","War Hog","https://steamusercontent-a.akamaihd.net/ugc/9243686307614746550/E760BD47D373BBC9DA3AC94EF7588BDC15A31069/","OK","https://steamusercontent-a.akamaihd.net/ugc/10672269480393369184/355C02582CDB56C0CB0E177A2AF0E1B6B7294C47/","OK","https://steamusercontent-a.akamaihd.net/ugc/15677382697752366760/A83B4735CC6B243C651F76AF58728A2E0311C4CE/","OK"
"Thornfall Alliance","50mm base","41f60f","50mm base_41f60f","https://steamusercontent-a.akamaihd.net/ugc/16565607465486734529/B3E55176002E04309EF32D048CCEB4FE1B14E5F9/","OK","https://steamusercontent-a.akamaihd.net/ugc/15825158844097975441/73A0276D495FE24E74341E06E6E2E7551E99C84B/","OK","https://steamusercontent-a.akamaihd.net/ugc/16565607465486734529/B3E55176002E04309EF32D048CCEB4FE1B14E5F9/","OK"
"Thornfall Alliance","Farrow Slaughterhousers","684f5c","Farrow Slaughterhousers","https://steamusercontent-a.akamaihd.net/ugc/10319765559786628887/97B9E97A05747A4679DB079BA3F76D6531CAC969/","OK","https://steamusercontent-a.akamaihd.net/ugc/10561095169412969605/7FDB0115F093E035CD434B612238990FCAA6FA47/","OK","https://steamusercontent-a.akamaihd.net/ugc/13140841888190520566/3E1DFBC08B092C1D2B49850FB6BFD3CBEFC5F367/","OK"
"Thornfall Alliance","30mm base","978f5a","30mm base_978f5a","https://steamusercontent-a.akamaihd.net/ugc/13874377488447758171/176E993DB9378255E1BB74FFDD4A45558C98D895/","OK","https://steamusercontent-a.akamaihd.net/ugc/12567320968847447633/73A0276D495FE24E74341E06E6E2E7551E99C84B/","OK","https://steamusercontent-a.akamaihd.net/ugc/13874377488447758171/176E993DB9378255E1BB74FFDD4A45558C98D895/","OK"
"Thornfall Alliance","Road Hog","5dede0","Road Hog","https://steamusercontent-a.akamaihd.net/ugc/14550355305397554364/B4F4E4209588D6977AA9EAA99CC740BC3AA0EBE2/","OK","https://steamusercontent-a.akamaihd.net/ugc/16341412274026903011/538BCC84049FE3F7411EAC1816C4DA46E406387D/","OK","https://steamusercontent-a.akamaihd.net/ugc/13140841888190520566/3E1DFBC08B092C1D2B49850FB6BFD3CBEFC5F367/","OK"
"Thornfall Alliance","50mm base","937772","50mm base_937772","https://steamusercontent-a.akamaihd.net/ugc/16565607465486734529/B3E55176002E04309EF32D048CCEB4FE1B14E5F9/","OK","https://steamusercontent-a.akamaihd.net/ugc/15825158844097975441/73A0276D495FE24E74341E06E6E2E7551E99C84B/","OK","https://steamusercontent-a.akamaihd.net/ugc/16565607465486734529/B3E55176002E04309EF32D048CCEB4FE1B14E5F9/","OK"
"Thornfall Alliance","Carver Ultimus","de2a85","Carver Ultimus","https://steamusercontent-a.akamaihd.net/ugc/11633285536727413323/44342DB30F845E88B0109C12982195D8405519C5/","OK","https://steamusercontent-a.akamaihd.net/ugc/15992498404600452142/DC1F97352776EDC48CCA90C76B502ABB059BB243/","OK","https://steamusercontent-a.akamaihd.net/ugc/13621143482543520299/DCFF9C727496BAE72738FD7A35C46040C95865F8/","OK"
"Thornfall Alliance","40mm base","9b89f4","40mm base_9b89f4","https://steamusercontent-a.akamaihd.net/ugc/17467293707643483270/604FF622A74CBBBBF8151DE2F002D8047DC69150/","OK","https://steamusercontent-a.akamaihd.net/ugc/18385099658346253955/73A0276D495FE24E74341E06E6E2E7551E99C84B/","OK","https://steamusercontent-a.akamaihd.net/ugc/17467293707643483270/604FF622A74CBBBBF8151DE2F002D8047DC69150/","OK"
"Thornfall Alliance","War Boar MMD 47","671dd9","War Boar MMD 47","https://steamusercontent-a.akamaihd.net/ugc/15291637212477438389/F857AD6E6FCB7E3767A65CB0E22D37FD7BEFC32C/","OK","https://steamusercontent-a.akamaihd.net/ugc/15992498404600452142/DC1F97352776EDC48CCA90C76B502ABB059BB243/","OK","https://steamusercontent-a.akamaihd.net/ugc/9868584118372712406/4564E4020CF22FA601E28E440B05E3576C7036E7/","OK"
"Thornfall Alliance","80mm base","843ef0","80mm base","https://steamusercontent-a.akamaihd.net/ugc/9507323413831057586/A5ABC7B4C6AB4A09010368C107AE198A3CCC3D7A/","OK","https://steamusercontent-a.akamaihd.net/ugc/13689441281025536368/320864517CC6C1AA07B2B7F87481582BCB5BD368/","OK","https://steamusercontent-a.akamaihd.net/ugc/9507323413831057586/A5ABC7B4C6AB4A09010368C107AE198A3CCC3D7A/","OK"
"Nonokrian Order","Harvester of Souls","c6e2c5","Harvester of Souls","https://steamusercontent-a.akamaihd.net/ugc/9494223879738503677/E15559B68FCF90008AF8C61914BCE87A13DE35FD/","OK","https://steamusercontent-a.akamaihd.net/ugc/12513034638597167419/02B9B219267050AD161FF8A05E0CBC4B603F28EF/","OK","https://steamusercontent-a.akamaihd.net/ugc/17820709018524605413/45FB66CF3DF5AEAC22A4464D34C2BF3409BCEE5C/","OK"
"Nonokrian Order","120mm base","dc9b66","120mm base","https://steamusercontent-a.akamaihd.net/ugc/12398511746798383282/8D39692EEAE81114A3928C7F29445387B09B6611/","OK","https://steamusercontent-a.akamaihd.net/ugc/11874514094192302541/7B239DB4E92CEB6849B4D3A3066F6274DD65B1BC/","OK","https://steamusercontent-a.akamaihd.net/ugc/12398511746798383282/8D39692EEAE81114A3928C7F29445387B09B6611/","OK"
"Nonokrian Order","Agathon, The Voice in the Darkness","c7897f","Agathon, The Voice in the Darkness","https://steamusercontent-a.akamaihd.net/ugc/11825284068825789025/24A6C7316CC3B3914E3E6122A2B66FFD3B473CA2/","OK","https://steamusercontent-a.akamaihd.net/ugc/14593278129805526459/A47DFB70FD03084F5D25C98DB1A3CF8FC062E6F2/","OK","https://steamusercontent-a.akamaihd.net/ugc/11839234765246770402/306D0826EF39CFCAAA9FEC5DB54BE872E5FA0119/","OK"
"Nonokrian Order","50mm base","3d1f4d","50mm base","https://steamusercontent-a.akamaihd.net/ugc/16565607465486734529/B3E55176002E04309EF32D048CCEB4FE1B14E5F9/","OK","https://steamusercontent-a.akamaihd.net/ugc/15825158844097975441/73A0276D495FE24E74341E06E6E2E7551E99C84B/","OK","https://steamusercontent-a.akamaihd.net/ugc/16565607465486734529/B3E55176002E04309EF32D048CCEB4FE1B14E5F9/","OK"
"Nonokrian Order","Alain Runewood, Lord of Ash","a09abd","Alain Runewood, Lord of Ash","https://steamusercontent-a.akamaihd.net/ugc/10732403670826819908/589349B1515D61049B7E902FF80BEF97DDF6A7F9/","OK","https://steamusercontent-a.akamaihd.net/ugc/17245694919528556692/A49057B595C42C2C7DE0125CC205203F482A5A6B/","OK","https://steamusercontent-a.akamaihd.net/ugc/15778882532386897781/ACC97226959B6EDA48EEEA6D2EE98BEDA2861ACB/","OK"
"Nonokrian Order","30mm base","c1754d","30mm base","https://steamusercontent-a.akamaihd.net/ugc/13874377488447758171/176E993DB9378255E1BB74FFDD4A45558C98D895/","OK","https://steamusercontent-a.akamaihd.net/ugc/12567320968847447633/73A0276D495FE24E74341E06E6E2E7551E99C84B/","OK","https://steamusercontent-a.akamaihd.net/ugc/13874377488447758171/176E993DB9378255E1BB74FFDD4A45558C98D895/","OK"
"Nonokrian Order","Cultist Band","ed16cb","Cultist Band","https://steamusercontent-a.akamaihd.net/ugc/12401472583188849099/83F86DD496DF17CA8B58ACBBBE70075529F853AC/","OK","https://steamusercontent-a.akamaihd.net/ugc/10122079850568809742/200FF9BFC7AFB89C1539B1C74D3B256ABD34A04C/","OK","https://steamusercontent-a.akamaihd.net/ugc/17004060492729194088/DD54069B17C6AB4CA68A8CD8900D5796BC0DD719/","OK"
"Nonokrian Order","30mm base","1d31d2","30mm base_1d31d2","https://steamusercontent-a.akamaihd.net/ugc/13874377488447758171/176E993DB9378255E1BB74FFDD4A45558C98D895/","OK","https://steamusercontent-a.akamaihd.net/ugc/12567320968847447633/73A0276D495FE24E74341E06E6E2E7551E99C84B/","OK","https://steamusercontent-a.akamaihd.net/ugc/13874377488447758171/176E993DB9378255E1BB74FFDD4A45558C98D895/","OK"
"Nonokrian Order","Cultist Band","536231","Cultist Band_536231","https://steamusercontent-a.akamaihd.net/ugc/12401472583188849099/83F86DD496DF17CA8B58ACBBBE70075529F853AC/","OK","https://steamusercontent-a.akamaihd.net/ugc/10122079850568809742/200FF9BFC7AFB89C1539B1C74D3B256ABD34A04C/","OK","https://steamusercontent-a.akamaihd.net/ugc/17004060492729194088/DD54069B17C6AB4CA68A8CD8900D5796BC0DD719/","OK"
"Nonokrian Order","30mm base","1d31d2","30mm base_1d31d2","https://steamusercontent-a.akamaihd.net/ugc/13874377488447758171/176E993DB9378255E1BB74FFDD4A45558C98D895/","OK","https://steamusercontent-a.akamaihd.net/ugc/12567320968847447633/73A0276D495FE24E74341E06E6E2E7551E99C84B/","OK","https://steamusercontent-a.akamaihd.net/ugc/13874377488447758171/176E993DB9378255E1BB74FFDD4A45558C98D895/","OK"
"Nonokrian Order","Cultist Band","1fb2c9","Cultist Band_1fb2c9","https://steamusercontent-a.akamaihd.net/ugc/14547670580504261900/31E0988DAD5B8422ED45146461C32765738FB695/","OK","https://steamusercontent-a.akamaihd.net/ugc/18357376523412351166/200FF9BFC7AFB89C1539B1C74D3B256ABD34A04C/","OK","https://steamusercontent-a.akamaihd.net/ugc/12159235424682266998/B353FB747D738FCA05D5B44441E7D56211A1F34D/","OK"
"Nonokrian Order","30mm base","59a480","30mm base_59a480","https://steamusercontent-a.akamaihd.net/ugc/13874377488447758171/176E993DB9378255E1BB74FFDD4A45558C98D895/","OK","https://steamusercontent-a.akamaihd.net/ugc/12567320968847447633/73A0276D495FE24E74341E06E6E2E7551E99C84B/","OK","https://steamusercontent-a.akamaihd.net/ugc/13874377488447758171/176E993DB9378255E1BB74FFDD4A45558C98D895/","OK"
"Nonokrian Order","Cultist Band","7dca10","Cultist Band_7dca10","https://steamusercontent-a.akamaihd.net/ugc/14547670580504261900/31E0988DAD5B8422ED45146461C32765738FB695/","OK","https://steamusercontent-a.akamaihd.net/ugc/18357376523412351166/200FF9BFC7AFB89C1539B1C74D3B256ABD34A04C/","OK","https://steamusercontent-a.akamaihd.net/ugc/12159235424682266998/B353FB747D738FCA05D5B44441E7D56211A1F34D/","OK"
"Nonokrian Order","30mm base","59a480","30mm base_59a480","https://steamusercontent-a.akamaihd.net/ugc/13874377488447758171/176E993DB9378255E1BB74FFDD4A45558C98D895/","OK","https://steamusercontent-a.akamaihd.net/ugc/12567320968847447633/73A0276D495FE24E74341E06E6E2E7551E99C84B/","OK","https://steamusercontent-a.akamaihd.net/ugc/13874377488447758171/176E993DB9378255E1BB74FFDD4A45558C98D895/","OK"
"Nonokrian Order","Dark Sentinels","0e5772","Dark Sentinels","https://steamusercontent-a.akamaihd.net/ugc/12184614697357961483/D95C2240A56489847EB3BF69B489E1401995F4B0/","OK","https://steamusercontent-a.akamaihd.net/ugc/12398553084276469403/2E5306014B2EB04ABDB34B12B9231C41C6854FC2/","OK","https://steamusercontent-a.akamaihd.net/ugc/17737543001746266617/A3B6D525D60F7F29D758E0E4B2E87F82290993D4/","OK"
"Nonokrian Order","30mm base","04c187","30mm base_04c187","https://steamusercontent-a.akamaihd.net/ugc/13874377488447758171/176E993DB9378255E1BB74FFDD4A45558C98D895/","OK","https://steamusercontent-a.akamaihd.net/ugc/12567320968847447633/73A0276D495FE24E74341E06E6E2E7551E99C84B/","OK","https://steamusercontent-a.akamaihd.net/ugc/13874377488447758171/176E993DB9378255E1BB74FFDD4A45558C98D895/","OK"
"Nonokrian Order","Dark Sentinels","653170","Dark Sentinels_653170","https://steamusercontent-a.akamaihd.net/ugc/12184614697357961483/D95C2240A56489847EB3BF69B489E1401995F4B0/","OK","https://steamusercontent-a.akamaihd.net/ugc/12398553084276469403/2E5306014B2EB04ABDB34B12B9231C41C6854FC2/","OK","https://steamusercontent-a.akamaihd.net/ugc/17737543001746266617/A3B6D525D60F7F29D758E0E4B2E87F82290993D4/","OK"
"Nonokrian Order","30mm base","04c187","30mm base_04c187","https://steamusercontent-a.akamaihd.net/ugc/13874377488447758171/176E993DB9378255E1BB74FFDD4A45558C98D895/","OK","https://steamusercontent-a.akamaihd.net/ugc/12567320968847447633/73A0276D495FE24E74341E06E6E2E7551E99C84B/","OK","https://steamusercontent-a.akamaihd.net/ugc/13874377488447758171/176E993DB9378255E1BB74FFDD4A45558C98D895/","OK"
"Nonokrian Order","Dark Sentinels","d14c9e","Dark Sentinels_d14c9e","https://steamusercontent-a.akamaihd.net/ugc/12184614697357961483/D95C2240A56489847EB3BF69B489E1401995F4B0/","OK","https://steamusercontent-a.akamaihd.net/ugc/12398553084276469403/2E5306014B2EB04ABDB34B12B9231C41C6854FC2/","OK","https://steamusercontent-a.akamaihd.net/ugc/17737543001746266617/A3B6D525D60F7F29D758E0E4B2E87F82290993D4/","OK"
"Nonokrian Order","30mm base","04c187","30mm base_04c187","https://steamusercontent-a.akamaihd.net/ugc/13874377488447758171/176E993DB9378255E1BB74FFDD4A45558C98D895/","OK","https://steamusercontent-a.akamaihd.net/ugc/12567320968847447633/73A0276D495FE24E74341E06E6E2E7551E99C84B/","OK","https://steamusercontent-a.akamaihd.net/ugc/13874377488447758171/176E993DB9378255E1BB74FFDD4A45558C98D895/","OK"
"Nonokrian Order","Desolator","16ed92","Desolator","https://steamusercontent-a.akamaihd.net/ugc/10269919412980724317/F95F5FBAE9C48284EEDA6CA3AE40644778FFA37A/","OK","https://steamusercontent-a.akamaihd.net/ugc/10091487129520558307/F9F0C9393DD940F0FDF69C5744FF9A875253E865/","OK","https://steamusercontent-a.akamaihd.net/ugc/17941717770210115802/7764EA0763209DB94FBB81DB18F052A704890878/","OK"
"Nonokrian Order","50mm base","61710c","50mm base_61710c","https://steamusercontent-a.akamaihd.net/ugc/16565607465486734529/B3E55176002E04309EF32D048CCEB4FE1B14E5F9/","OK","https://steamusercontent-a.akamaihd.net/ugc/15825158844097975441/73A0276D495FE24E74341E06E6E2E7551E99C84B/","OK","https://steamusercontent-a.akamaihd.net/ugc/16565607465486734529/B3E55176002E04309EF32D048CCEB4FE1B14E5F9/","OK"
"Nonokrian Order","Eilish Garrity, the Dark Seeker","1a3f42","Eilish Garrity, the Dark Seeker","https://steamusercontent-a.akamaihd.net/ugc/13502970241444095709/A57C7EF18A0815CF8D77AC717C30EAD5B5636EBC/","OK","https://steamusercontent-a.akamaihd.net/ugc/13087610982426138429/0972D19F07598D293161DAE7F9274EDAEA4C85F3/","OK","https://steamusercontent-a.akamaihd.net/ugc/16087139604224747495/04AD2A5B8AA14BDA91F8767E73E8710DDEC4D336/","OK"
"Nonokrian Order","30mm base","9637b5","30mm base_9637b5","https://steamusercontent-a.akamaihd.net/ugc/13874377488447758171/176E993DB9378255E1BB74FFDD4A45558C98D895/","OK","https://steamusercontent-a.akamaihd.net/ugc/12567320968847447633/73A0276D495FE24E74341E06E6E2E7551E99C84B/","OK","https://steamusercontent-a.akamaihd.net/ugc/13874377488447758171/176E993DB9378255E1BB74FFDD4A45558C98D895/","OK"
"Nonokrian Order","Foreboder","5aa35a","Foreboder","https://steamusercontent-a.akamaihd.net/ugc/15709714313163367298/2449BB65E5F565C96568CBA1C1A65DD25D7A9054/","OK","https://steamusercontent-a.akamaihd.net/ugc/17373201833726776754/C4FC2AB66C27C5F1B4E4AAC49163681F1CC94B4B/","OK","https://steamusercontent-a.akamaihd.net/ugc/11656810740230826211/85F022C509A5823EE35E39169113F52E3732F163/","OK"
"Nonokrian Order","30mm base","e9898a","30mm base_e9898a","https://steamusercontent-a.akamaihd.net/ugc/13874377488447758171/176E993DB9378255E1BB74FFDD4A45558C98D895/","OK","https://steamusercontent-a.akamaihd.net/ugc/12567320968847447633/73A0276D495FE24E74341E06E6E2E7551E99C84B/","OK","https://steamusercontent-a.akamaihd.net/ugc/13874377488447758171/176E993DB9378255E1BB74FFDD4A45558C98D895/","OK"
"Nonokrian Order","Great Princess Regna Gravnoy","3d3436","Great Princess Regna Gravnoy","https://steamusercontent-a.akamaihd.net/ugc/17285253807814943234/11CF09931E1C2C0C140C4C0C8E506A6FB73C0903/","OK","https://steamusercontent-a.akamaihd.net/ugc/11356510238146127640/A25BE3B2EFB1D754F0902C2F0634C5454C676394/","OK","","Missing URL"
"Nonokrian Order","30mm base","ae8da2","30mm base_ae8da2","https://steamusercontent-a.akamaihd.net/ugc/13874377488447758171/176E993DB9378255E1BB74FFDD4A45558C98D895/","OK","https://steamusercontent-a.akamaihd.net/ugc/12567320968847447633/73A0276D495FE24E74341E06E6E2E7551E99C84B/","OK","https://steamusercontent-a.akamaihd.net/ugc/13874377488447758171/176E993DB9378255E1BB74FFDD4A45558C98D895/","OK"
"Nonokrian Order","Griever Swarm","91b2a6","Griever Swarm","https://steamusercontent-a.akamaihd.net/ugc/16679109811793586671/ABDE48FEC3969BF34975BC27C1888A86ADC1005F/","OK","https://steamusercontent-a.akamaihd.net/ugc/10166247907172834048/1215302C43E401FB22FF03E9BEA0FC8FEF83BE42/","OK","https://steamusercontent-a.akamaihd.net/ugc/17626074151750813052/DA893C8A93AFFC61C5AC7B46A779BED88A89906B/","OK"
"Nonokrian Order","30mm base","b5c097","30mm base_b5c097","https://steamusercontent-a.akamaihd.net/ugc/13874377488447758171/176E993DB9378255E1BB74FFDD4A45558C98D895/","OK","https://steamusercontent-a.akamaihd.net/ugc/12567320968847447633/73A0276D495FE24E74341E06E6E2E7551E99C84B/","OK","https://steamusercontent-a.akamaihd.net/ugc/13874377488447758171/176E993DB9378255E1BB74FFDD4A45558C98D895/","OK"
"Nonokrian Order","Griever Swarm","f8dc19","Griever Swarm_f8dc19","https://steamusercontent-a.akamaihd.net/ugc/16679109811793586671/ABDE48FEC3969BF34975BC27C1888A86ADC1005F/","OK","https://steamusercontent-a.akamaihd.net/ugc/10166247907172834048/1215302C43E401FB22FF03E9BEA0FC8FEF83BE42/","OK","https://steamusercontent-a.akamaihd.net/ugc/17626074151750813052/DA893C8A93AFFC61C5AC7B46A779BED88A89906B/","OK"
"Nonokrian Order","30mm base","b5c097","30mm base_b5c097","https://steamusercontent-a.akamaihd.net/ugc/13874377488447758171/176E993DB9378255E1BB74FFDD4A45558C98D895/","OK","https://steamusercontent-a.akamaihd.net/ugc/12567320968847447633/73A0276D495FE24E74341E06E6E2E7551E99C84B/","OK","https://steamusercontent-a.akamaihd.net/ugc/13874377488447758171/176E993DB9378255E1BB74FFDD4A45558C98D895/","OK"
"Nonokrian Order","Griever Swarm","0aac08","Griever Swarm_0aac08","https://steamusercontent-a.akamaihd.net/ugc/16679109811793586671/ABDE48FEC3969BF34975BC27C1888A86ADC1005F/","OK","https://steamusercontent-a.akamaihd.net/ugc/10166247907172834048/1215302C43E401FB22FF03E9BEA0FC8FEF83BE42/","OK","https://steamusercontent-a.akamaihd.net/ugc/17626074151750813052/DA893C8A93AFFC61C5AC7B46A779BED88A89906B/","OK"
"Nonokrian Order","30mm base","b5c097","30mm base_b5c097","https://steamusercontent-a.akamaihd.net/ugc/13874377488447758171/176E993DB9378255E1BB74FFDD4A45558C98D895/","OK","https://steamusercontent-a.akamaihd.net/ugc/12567320968847447633/73A0276D495FE24E74341E06E6E2E7551E99C84B/","OK","https://steamusercontent-a.akamaihd.net/ugc/13874377488447758171/176E993DB9378255E1BB74FFDD4A45558C98D895/","OK"
"Nonokrian Order","Griever Swarm","f2fbb3","Griever Swarm_f2fbb3","https://steamusercontent-a.akamaihd.net/ugc/16679109811793586671/ABDE48FEC3969BF34975BC27C1888A86ADC1005F/","OK","https://steamusercontent-a.akamaihd.net/ugc/10166247907172834048/1215302C43E401FB22FF03E9BEA0FC8FEF83BE42/","OK","https://steamusercontent-a.akamaihd.net/ugc/17626074151750813052/DA893C8A93AFFC61C5AC7B46A779BED88A89906B/","OK"
"Nonokrian Order","30mm base","b5c097","30mm base_b5c097","https://steamusercontent-a.akamaihd.net/ugc/13874377488447758171/176E993DB9378255E1BB74FFDD4A45558C98D895/","OK","https://steamusercontent-a.akamaihd.net/ugc/12567320968847447633/73A0276D495FE24E74341E06E6E2E7551E99C84B/","OK","https://steamusercontent-a.akamaihd.net/ugc/13874377488447758171/176E993DB9378255E1BB74FFDD4A45558C98D895/","OK"
"Nonokrian Order","Griever Swarm","8ffcef","Griever Swarm_8ffcef","https://steamusercontent-a.akamaihd.net/ugc/16679109811793586671/ABDE48FEC3969BF34975BC27C1888A86ADC1005F/","OK","https://steamusercontent-a.akamaihd.net/ugc/10166247907172834048/1215302C43E401FB22FF03E9BEA0FC8FEF83BE42/","OK","https://steamusercontent-a.akamaihd.net/ugc/17626074151750813052/DA893C8A93AFFC61C5AC7B46A779BED88A89906B/","OK"
"Nonokrian Order","30mm base","b5c097","30mm base_b5c097","https://steamusercontent-a.akamaihd.net/ugc/13874377488447758171/176E993DB9378255E1BB74FFDD4A45558C98D895/","OK","https://steamusercontent-a.akamaihd.net/ugc/12567320968847447633/73A0276D495FE24E74341E06E6E2E7551E99C84B/","OK","https://steamusercontent-a.akamaihd.net/ugc/13874377488447758171/176E993DB9378255E1BB74FFDD4A45558C98D895/","OK"
"Nonokrian Order","Guardian of Souls","ed0992","Guardian of Souls","https://steamusercontent-a.akamaihd.net/ugc/9534644559132209158/0341F23FC9C7677F26FA19E2D2712127C1D209DB/","OK","https://steamusercontent-a.akamaihd.net/ugc/17749465498856896134/F3D120079AF9E5020FC810F7E643BE6A8EFE2EF5/","OK","https://steamusercontent-a.akamaihd.net/ugc/11795260168233959040/E78DF98391DB584BEA71C19E68DDA199AB2ED340/","OK"
"Nonokrian Order","120mm base","9580b4","120mm base_9580b4","https://steamusercontent-a.akamaihd.net/ugc/12398511746798383282/8D39692EEAE81114A3928C7F29445387B09B6611/","OK","https://steamusercontent-a.akamaihd.net/ugc/11874514094192302541/7B239DB4E92CEB6849B4D3A3066F6274DD65B1BC/","OK","https://steamusercontent-a.akamaihd.net/ugc/12398511746798383282/8D39692EEAE81114A3928C7F29445387B09B6611/","OK"
"Nonokrian Order","Hermit of Henge Hold","615cbc","Hermit of Henge Hold","https://steamusercontent-a.akamaihd.net/ugc/16444847845429004132/99E571F448A2D656B091DA47028AB89941AEAB5F/","OK","https://steamusercontent-a.akamaihd.net/ugc/14575110304526951022/A67D2BA8E77B0CAAA682242D2F6D10FBE4B8DC52/","OK","https://steamusercontent-a.akamaihd.net/ugc/15240036859295665889/16A0991894E64B95BF661E6CBF327603F958982E/","OK"
"Nonokrian Order","30mm base","e09570","30mm base_e09570","https://steamusercontent-a.akamaihd.net/ugc/13874377488447758171/176E993DB9378255E1BB74FFDD4A45558C98D895/","OK","https://steamusercontent-a.akamaihd.net/ugc/12567320968847447633/73A0276D495FE24E74341E06E6E2E7551E99C84B/","OK","https://steamusercontent-a.akamaihd.net/ugc/13874377488447758171/176E993DB9378255E1BB74FFDD4A45558C98D895/","OK"
"Nonokrian Order","Howlers","59778c","Howlers","https://steamusercontent-a.akamaihd.net/ugc/12841318008263691613/C1E33229D7F5583156DC4CA80207657581707E10/","OK","https://steamusercontent-a.akamaihd.net/ugc/15542701389677463432/E669F82CE547DB1E63FBFAC20F20D5EE19A24563/","OK","https://steamusercontent-a.akamaihd.net/ugc/16208425504104389855/A370029037E938016B7F3B600D45E82F01C96E1F/","OK"
"Nonokrian Order","40mm base","f2a348","40mm base","https://steamusercontent-a.akamaihd.net/ugc/17467293707643483270/604FF622A74CBBBBF8151DE2F002D8047DC69150/","OK","https://steamusercontent-a.akamaihd.net/ugc/18385099658346253955/73A0276D495FE24E74341E06E6E2E7551E99C84B/","OK","https://steamusercontent-a.akamaihd.net/ugc/17467293707643483270/604FF622A74CBBBBF8151DE2F002D8047DC69150/","OK"
"Nonokrian Order","Howlers","65f5b6","Howlers_65f5b6","https://steamusercontent-a.akamaihd.net/ugc/12841318008263691613/C1E33229D7F5583156DC4CA80207657581707E10/","OK","https://steamusercontent-a.akamaihd.net/ugc/15542701389677463432/E669F82CE547DB1E63FBFAC20F20D5EE19A24563/","OK","https://steamusercontent-a.akamaihd.net/ugc/16208425504104389855/A370029037E938016B7F3B600D45E82F01C96E1F/","OK"
"Nonokrian Order","40mm base","f2a348","40mm base_f2a348","https://steamusercontent-a.akamaihd.net/ugc/17467293707643483270/604FF622A74CBBBBF8151DE2F002D8047DC69150/","OK","https://steamusercontent-a.akamaihd.net/ugc/18385099658346253955/73A0276D495FE24E74341E06E6E2E7551E99C84B/","OK","https://steamusercontent-a.akamaihd.net/ugc/17467293707643483270/604FF622A74CBBBBF8151DE2F002D8047DC69150/","OK"
"Nonokrian Order","Howlers","215702","Howlers_215702","https://steamusercontent-a.akamaihd.net/ugc/12841318008263691613/C1E33229D7F5583156DC4CA80207657581707E10/","OK","https://steamusercontent-a.akamaihd.net/ugc/15542701389677463432/E669F82CE547DB1E63FBFAC20F20D5EE19A24563/","OK","https://steamusercontent-a.akamaihd.net/ugc/16208425504104389855/A370029037E938016B7F3B600D45E82F01C96E1F/","OK"
"Nonokrian Order","40mm base","f2a348","40mm base_f2a348","https://steamusercontent-a.akamaihd.net/ugc/17467293707643483270/604FF622A74CBBBBF8151DE2F002D8047DC69150/","OK","https://steamusercontent-a.akamaihd.net/ugc/18385099658346253955/73A0276D495FE24E74341E06E6E2E7551E99C84B/","OK","https://steamusercontent-a.akamaihd.net/ugc/17467293707643483270/604FF622A74CBBBBF8151DE2F002D8047DC69150/","OK"
"Nonokrian Order","Infernal Gate","266393","Infernal Gate","https://steamusercontent-a.akamaihd.net/ugc/15167595048550805151/7BEFC804808F4AF640C3B9007965675FE0BB85D8/","OK","https://steamusercontent-a.akamaihd.net/ugc/10084980123535261562/425306309B675462F33DE9CC8260E357819B2F4C/","OK","https://steamusercontent-a.akamaihd.net/ugc/15167595048550805151/7BEFC804808F4AF640C3B9007965675FE0BB85D8/","OK"
"Nonokrian Order","120mm base","9580b4","120mm base_9580b4","https://steamusercontent-a.akamaihd.net/ugc/12398511746798383282/8D39692EEAE81114A3928C7F29445387B09B6611/","OK","https://steamusercontent-a.akamaihd.net/ugc/11874514094192302541/7B239DB4E92CEB6849B4D3A3066F6274DD65B1BC/","OK","https://steamusercontent-a.akamaihd.net/ugc/12398511746798383282/8D39692EEAE81114A3928C7F29445387B09B6611/","OK"
"Nonokrian Order","Lamenter","6483e7","Lamenter","https://steamusercontent-a.akamaihd.net/ugc/9662438142629317940/3B8EE9CBE581C1B77EE124B6C9AEF7DA331902BA/","OK","https://steamusercontent-a.akamaihd.net/ugc/9856140156880407304/250016F6C9C36A9A838D0E73175142052067DA6D/","OK","https://steamusercontent-a.akamaihd.net/ugc/15858148148136313032/10C2B2A4DFC6CFC8B358572F14AD9388C4AA2752/","OK"
"Nonokrian Order","40mm base","633d55","40mm base_633d55","https://steamusercontent-a.akamaihd.net/ugc/17467293707643483270/604FF622A74CBBBBF8151DE2F002D8047DC69150/","OK","https://steamusercontent-a.akamaihd.net/ugc/18385099658346253955/73A0276D495FE24E74341E06E6E2E7551E99C84B/","OK","https://steamusercontent-a.akamaihd.net/ugc/17467293707643483270/604FF622A74CBBBBF8151DE2F002D8047DC69150/","OK"
"Nonokrian Order","Lord Roget D'Vyaros","ec011c","Lord Roget D'Vyaros","https://steamusercontent-a.akamaihd.net/ugc/15546587059793063957/C226C79C2C2C30BACD300D92DA5CFA9C77875C20/","OK","https://steamusercontent-a.akamaihd.net/ugc/14671592677585142251/52994DBB6B6502C885EBFDE42096229945E3571D/","OK","https://steamusercontent-a.akamaihd.net/ugc/14690289865973748472/06D1919320FB77000F4C320125264E363914F065/","OK"
"Nonokrian Order","30mm base","de975f","30mm base_de975f","https://steamusercontent-a.akamaihd.net/ugc/13874377488447758171/176E993DB9378255E1BB74FFDD4A45558C98D895/","OK","https://steamusercontent-a.akamaihd.net/ugc/12567320968847447633/73A0276D495FE24E74341E06E6E2E7551E99C84B/","OK","https://steamusercontent-a.akamaihd.net/ugc/13874377488447758171/176E993DB9378255E1BB74FFDD4A45558C98D895/","OK"
"Nonokrian Order","Lynda the Forgotten","62f4ec","Lynda the Forgotten","https://steamusercontent-a.akamaihd.net/ugc/16219304712371668826/AE2707E19D4663DD5F8F29D0DC8536485EE2A758/","OK","https://steamusercontent-a.akamaihd.net/ugc/13747010739035793296/CBD307322F20CC84DDFF242457EA9253829255DB/","OK","https://steamusercontent-a.akamaihd.net/ugc/10834256109779781071/E96548109E59949507D18F0E45B3B7A78A9F9698/","OK"
"Nonokrian Order","30mm base","09e30c","30mm base_09e30c","https://steamusercontent-a.akamaihd.net/ugc/13874377488447758171/176E993DB9378255E1BB74FFDD4A45558C98D895/","OK","https://steamusercontent-a.akamaihd.net/ugc/12567320968847447633/73A0276D495FE24E74341E06E6E2E7551E99C84B/","OK","https://steamusercontent-a.akamaihd.net/ugc/13874377488447758171/176E993DB9378255E1BB74FFDD4A45558C98D895/","OK"
"Nonokrian Order","Master Preceptor Orin Midwinter","268e4b","Master Preceptor Orin Midwinter","https://steamusercontent-a.akamaihd.net/ugc/12134149108754880121/799150786F15CD156D1C3A0F6342AC02D3660B49/","OK","https://steamusercontent-a.akamaihd.net/ugc/17404249892501575654/5F5C9A889344E18F7D4A06E96E2C988BDD20AA64/","OK","https://steamusercontent-a.akamaihd.net/ugc/15667680909133414633/43970570FFBA986FC7D4975AE4277ED056C40E05/","OK"
"Nonokrian Order","30mm base","7e7477","30mm base_7e7477","https://steamusercontent-a.akamaihd.net/ugc/13874377488447758171/176E993DB9378255E1BB74FFDD4A45558C98D895/","OK","https://steamusercontent-a.akamaihd.net/ugc/12567320968847447633/73A0276D495FE24E74341E06E6E2E7551E99C84B/","OK","https://steamusercontent-a.akamaihd.net/ugc/13874377488447758171/176E993DB9378255E1BB74FFDD4A45558C98D895/","OK"
"Nonokrian Order","Nicia, Hound of the Abyss","ec5248","Nicia, Hound of the Abyss","https://steamusercontent-a.akamaihd.net/ugc/14271334603808692291/6E1095B8B59C9BB110A31BE959D6263D4E46B479/","OK","https://steamusercontent-a.akamaihd.net/ugc/11742386069557051920/ABD34A9028D0E7A7090A5C649D0ECBA822FEA00C/","OK","https://steamusercontent-a.akamaihd.net/ugc/14440623957744592154/F5263C95DD2B46F1A9D62DBD69765162FAA6B380/","OK"
"Nonokrian Order","30mm base","370b2d","30mm base_370b2d","https://steamusercontent-a.akamaihd.net/ugc/13874377488447758171/176E993DB9378255E1BB74FFDD4A45558C98D895/","OK","https://steamusercontent-a.akamaihd.net/ugc/12567320968847447633/73A0276D495FE24E74341E06E6E2E7551E99C84B/","OK","https://steamusercontent-a.akamaihd.net/ugc/13874377488447758171/176E993DB9378255E1BB74FFDD4A45558C98D895/","OK"
"Nonokrian Order","Omodamos, The Black Gate","80acca","Omodamos, The Black Gate","https://steamusercontent-a.akamaihd.net/ugc/12435602982540591541/4BA7F097F90795835B48D4751CB1C3E2D20FBAF9/","OK","https://steamusercontent-a.akamaihd.net/ugc/13841996150024933152/C71067108B973847689E523FB93570102ED7F77B/","OK","https://steamusercontent-a.akamaihd.net/ugc/16444611497884103466/182DF11F96A19133695C947157382D5400338C12/","OK"
"Nonokrian Order","50mm base","a0cca5","50mm base_a0cca5","https://steamusercontent-a.akamaihd.net/ugc/16565607465486734529/B3E55176002E04309EF32D048CCEB4FE1B14E5F9/","OK","https://steamusercontent-a.akamaihd.net/ugc/15825158844097975441/73A0276D495FE24E74341E06E6E2E7551E99C84B/","OK","https://steamusercontent-a.akamaihd.net/ugc/16565607465486734529/B3E55176002E04309EF32D048CCEB4FE1B14E5F9/","OK"
"Nonokrian Order","Shrieker","937e88","Shrieker","https://steamusercontent-a.akamaihd.net/ugc/14608101206830479685/DFBF223E729703DA5909C59D053327BE7A92992E/","OK","https://steamusercontent-a.akamaihd.net/ugc/16235001124465560917/B4A5FC2BEB8421F2DD3F18AD986BF630315C6CC6/","OK","https://steamusercontent-a.akamaihd.net/ugc/11391485270301646879/9232B19768DD5ADFB6D79FA002C0537446526F39/","OK"
"Nonokrian Order","40mm base","29ea14","40mm base_29ea14","https://steamusercontent-a.akamaihd.net/ugc/17467293707643483270/604FF622A74CBBBBF8151DE2F002D8047DC69150/","OK","https://steamusercontent-a.akamaihd.net/ugc/18385099658346253955/73A0276D495FE24E74341E06E6E2E7551E99C84B/","OK","https://steamusercontent-a.akamaihd.net/ugc/17467293707643483270/604FF622A74CBBBBF8151DE2F002D8047DC69150/","OK"
"Nonokrian Order","Soul Stalker","270427","Soul Stalker","https://steamusercontent-a.akamaihd.net/ugc/13606702745956569154/8A606E02F9E31F84D4BBB627497A82AACD797099/","OK","https://steamusercontent-a.akamaihd.net/ugc/15562509613430218620/2FD4BF681975C0A6127BB33B78EF7CEC93C9B110/","OK","https://steamusercontent-a.akamaihd.net/ugc/14825869497028932770/EDCF31AA1ED7C3802A0A85B3F808B9338346C24C/","OK"
"Nonokrian Order","50mm base","3d278c","50mm base_3d278c","https://steamusercontent-a.akamaihd.net/ugc/16565607465486734529/B3E55176002E04309EF32D048CCEB4FE1B14E5F9/","OK","https://steamusercontent-a.akamaihd.net/ugc/15825158844097975441/73A0276D495FE24E74341E06E6E2E7551E99C84B/","OK","https://steamusercontent-a.akamaihd.net/ugc/16565607465486734529/B3E55176002E04309EF32D048CCEB4FE1B14E5F9/","OK"
"Nonokrian Order","The Wretch","47cc21","The Wretch","https://steamusercontent-a.akamaihd.net/ugc/17364657399045524496/1F5B6E2D1D4C8704B699D33C811E9CD3D3C89B84/","OK","https://steamusercontent-a.akamaihd.net/ugc/11963667299666929552/7B31CE50D81F209D13354857BD9A9089B361D551/","OK","https://steamusercontent-a.akamaihd.net/ugc/16865737621714810603/3C5637E286680E591AC2BC6EE5F21C6538E72435/","OK"
"Nonokrian Order","30mm base","724578","30mm base_724578","https://steamusercontent-a.akamaihd.net/ugc/13874377488447758171/176E993DB9378255E1BB74FFDD4A45558C98D895/","OK","https://steamusercontent-a.akamaihd.net/ugc/12567320968847447633/73A0276D495FE24E74341E06E6E2E7551E99C84B/","OK","https://steamusercontent-a.akamaihd.net/ugc/13874377488447758171/176E993DB9378255E1BB74FFDD4A45558C98D895/","OK"
"Nonokrian Order","Tormentor","d974e1","Tormentor","https://steamusercontent-a.akamaihd.net/ugc/15827866649901576037/C648A6DDB7EC969637C4BCA28CC40AE65E779927/","OK","https://steamusercontent-a.akamaihd.net/ugc/14628059893725074422/50D637839241E8D6C9D4C8A66D695A673745C462/","OK","https://steamusercontent-a.akamaihd.net/ugc/15681717660197908692/285FD82397916A3914BFC5DD231C40CB707C20AF/","OK"
"Nonokrian Order","50mm base","a71a0d","50mm base_a71a0d","https://steamusercontent-a.akamaihd.net/ugc/16565607465486734529/B3E55176002E04309EF32D048CCEB4FE1B14E5F9/","OK","https://steamusercontent-a.akamaihd.net/ugc/15825158844097975441/73A0276D495FE24E74341E06E6E2E7551E99C84B/","OK","https://steamusercontent-a.akamaihd.net/ugc/16565607465486734529/B3E55176002E04309EF32D048CCEB4FE1B14E5F9/","OK"
"Nonokrian Order","Umbral Guardian","38e202","Umbral Guardian","https://steamusercontent-a.akamaihd.net/ugc/17506805514313696702/89C2D11F245AA908879060D7D5381817A01ED045/","OK","https://steamusercontent-a.akamaihd.net/ugc/18157033160505993549/376AC547C81D168DABD8803CEF5369C4CA92ED23/","OK","https://steamusercontent-a.akamaihd.net/ugc/12671796560166002789/4E13221CC7D33E462E0B711CE3EB1FA28997CD27/","OK"
"Nonokrian Order","40mm base","505393","40mm base_505393","https://steamusercontent-a.akamaihd.net/ugc/17467293707643483270/604FF622A74CBBBBF8151DE2F002D8047DC69150/","OK","https://steamusercontent-a.akamaihd.net/ugc/18385099658346253955/73A0276D495FE24E74341E06E6E2E7551E99C84B/","OK","https://steamusercontent-a.akamaihd.net/ugc/17467293707643483270/604FF622A74CBBBBF8151DE2F002D8047DC69150/","OK"
"Nonokrian Order","Valin Hauke, the Fallen Knight","d7723b","Valin Hauke, the Fallen Knight","https://steamusercontent-a.akamaihd.net/ugc/12711547531783142561/97C85B60D194FAE949329A893FCEDAD2CBCF195B/","OK","https://steamusercontent-a.akamaihd.net/ugc/16380754099388062876/CFFA29F71BCE26C91EB9553C29345458C46D14CC/","OK","https://steamusercontent-a.akamaihd.net/ugc/12097733033997650774/9177611F41F65EF77529B079C63F4F7A88BB0F2F/","OK"
"Nonokrian Order","50mm base","8b858b","50mm base_8b858b","https://steamusercontent-a.akamaihd.net/ugc/16565607465486734529/B3E55176002E04309EF32D048CCEB4FE1B14E5F9/","OK","https://steamusercontent-a.akamaihd.net/ugc/15825158844097975441/73A0276D495FE24E74341E06E6E2E7551E99C84B/","OK","https://steamusercontent-a.akamaihd.net/ugc/16565607465486734529/B3E55176002E04309EF32D048CCEB4FE1B14E5F9/","OK"
"Nonokrian Order","Vorgoroth, Conduit of the Abyss","8d5535","Vorgoroth, Conduit of the Abyss","https://steamusercontent-a.akamaihd.net/ugc/11077134136573031516/7376636BA63352953AE33A1C3F828C3819F36E07/","OK","https://steamusercontent-a.akamaihd.net/ugc/17120487911920618392/416C459A28BE7FE741A08D68608D59B9F84F72FE/","OK","https://steamusercontent-a.akamaihd.net/ugc/10757917670549012629/CA95A30B389456143828EF91E651B4E032F081DA/","OK"
"Nonokrian Order","50mm base","169dd5","50mm base_169dd5","https://steamusercontent-a.akamaihd.net/ugc/16565607465486734529/B3E55176002E04309EF32D048CCEB4FE1B14E5F9/","OK","https://steamusercontent-a.akamaihd.net/ugc/15825158844097975441/73A0276D495FE24E74341E06E6E2E7551E99C84B/","OK","https://steamusercontent-a.akamaihd.net/ugc/16565607465486734529/B3E55176002E04309EF32D048CCEB4FE1B14E5F9/","OK"
"Nonokrian Order","Zaateroth, The Weaver of Shadows","f4128d","Zaateroth, The Weaver of Shadows","https://steamusercontent-a.akamaihd.net/ugc/10102800151331484726/51C35127AD016FE93E80D8F2DF965587A6F3D1CA/","OK","https://steamusercontent-a.akamaihd.net/ugc/16958334092473901283/3363999B4B3845A0BEFDC45B6E31C04327DF3BEA/","OK","https://steamusercontent-a.akamaihd.net/ugc/10633589278302655390/D7AE31479F26F2F6534A97FFE03460536B28D274/","OK"
"Nonokrian Order","50mm base","31f47f","50mm base_31f47f","https://steamusercontent-a.akamaihd.net/ugc/16565607465486734529/B3E55176002E04309EF32D048CCEB4FE1B14E5F9/","OK","https://steamusercontent-a.akamaihd.net/ugc/15825158844097975441/73A0276D495FE24E74341E06E6E2E7551E99C84B/","OK","https://steamusercontent-a.akamaihd.net/ugc/16565607465486734529/B3E55176002E04309EF32D048CCEB4FE1B14E5F9/","OK"
"House Kallys","Benkei","4b92d3","Benkei","https://steamusercontent-a.akamaihd.net/ugc/15392899249268293903/7907049761F2CE83F0E813662B8700A84B20872E/","OK","https://steamusercontent-a.akamaihd.net/ugc/17690232892728038983/64E1C68EF26ADBEA3176FF3780A3172756F8EF23/","OK","https://steamusercontent-a.akamaihd.net/ugc/16781227059944891530/D133FB55944CE2FBB862A58245540FE478B4BC5C/","OK"
"House Kallys","50mm base","1b3d0e","50mm base","https://steamusercontent-a.akamaihd.net/ugc/16565607465486734529/B3E55176002E04309EF32D048CCEB4FE1B14E5F9/","OK","https://steamusercontent-a.akamaihd.net/ugc/15825158844097975441/73A0276D495FE24E74341E06E6E2E7551E99C84B/","OK","https://steamusercontent-a.akamaihd.net/ugc/16565607465486734529/B3E55176002E04309EF32D048CCEB4FE1B14E5F9/","OK"
"House Kallys","The Last Watch","9b50ae","The Last Watch","https://steamusercontent-a.akamaihd.net/ugc/17993805395477810002/3BFB2EA3ADA5D9C36FF80F08699A18EE5180C05B/","OK","https://steamusercontent-a.akamaihd.net/ugc/9963327113336390951/64E1C68EF26ADBEA3176FF3780A3172756F8EF23/","OK","https://steamusercontent-a.akamaihd.net/ugc/14182093569640178349/58D3E0C91E9C251DED4A878939698A64516470A7/","OK"
"House Kallys","30mm base","ab6593","30mm base","https://steamusercontent-a.akamaihd.net/ugc/13874377488447758171/176E993DB9378255E1BB74FFDD4A45558C98D895/","OK","https://steamusercontent-a.akamaihd.net/ugc/12567320968847447633/73A0276D495FE24E74341E06E6E2E7551E99C84B/","OK","https://steamusercontent-a.akamaihd.net/ugc/13874377488447758171/176E993DB9378255E1BB74FFDD4A45558C98D895/","OK"
"House Kallys","Sasha","9db384","Sasha","https://steamusercontent-a.akamaihd.net/ugc/11661836689378715125/2B612699A371408E1074856EF2A67404F8F5BFE0/","OK","https://steamusercontent-a.akamaihd.net/ugc/9753004988705060426/64E1C68EF26ADBEA3176FF3780A3172756F8EF23/","OK","https://steamusercontent-a.akamaihd.net/ugc/9648981516888626981/AA91A2ABDAA942CCA0AA4A9E306873239C224D11/","OK"
"House Kallys","50mm base","f8f20f","50mm base_f8f20f","https://steamusercontent-a.akamaihd.net/ugc/16565607465486734529/B3E55176002E04309EF32D048CCEB4FE1B14E5F9/","OK","https://steamusercontent-a.akamaihd.net/ugc/15825158844097975441/73A0276D495FE24E74341E06E6E2E7551E99C84B/","OK","https://steamusercontent-a.akamaihd.net/ugc/16565607465486734529/B3E55176002E04309EF32D048CCEB4FE1B14E5F9/","OK"
"House Kallys","Lanyssa Ryssyl, Aransor of Vengeance","ea68e8","Lanyssa Ryssyl, Aransor of Vengeance","https://steamusercontent-a.akamaihd.net/ugc/15837362829261406999/5E1EBB3D5233AAEFF3D1CA72DA83F83C66D43D04/","OK","https://steamusercontent-a.akamaihd.net/ugc/15979006702619506012/64E1C68EF26ADBEA3176FF3780A3172756F8EF23/","OK","https://steamusercontent-a.akamaihd.net/ugc/14130031674147609446/9D7F01720A4CE59FA8A21DCE6F4719703DB9354F/","OK"
"House Kallys","30mm base","a3c0b8","30mm base_a3c0b8","https://steamusercontent-a.akamaihd.net/ugc/13874377488447758171/176E993DB9378255E1BB74FFDD4A45558C98D895/","OK","https://steamusercontent-a.akamaihd.net/ugc/12567320968847447633/73A0276D495FE24E74341E06E6E2E7551E99C84B/","OK","https://steamusercontent-a.akamaihd.net/ugc/13874377488447758171/176E993DB9378255E1BB74FFDD4A45558C98D895/","OK"
"House Kallys","Cylena Raefyll","23627a","Cylena Raefyll","https://steamusercontent-a.akamaihd.net/ugc/17040771680925978040/C46D8CC25438597AC9EE37BBBEFCAB20C4434469/","OK","https://steamusercontent-a.akamaihd.net/ugc/12378684020411626248/64E1C68EF26ADBEA3176FF3780A3172756F8EF23/","OK","https://steamusercontent-a.akamaihd.net/ugc/9994813468542932597/CA9F753CB7168AB25019FC7FD31A72F41E0A695D/","OK"
"House Kallys","30mm base","6eedc5","30mm base_6eedc5","https://steamusercontent-a.akamaihd.net/ugc/13874377488447758171/176E993DB9378255E1BB74FFDD4A45558C98D895/","OK","https://steamusercontent-a.akamaihd.net/ugc/12567320968847447633/73A0276D495FE24E74341E06E6E2E7551E99C84B/","OK","https://steamusercontent-a.akamaihd.net/ugc/13874377488447758171/176E993DB9378255E1BB74FFDD4A45558C98D895/","OK"
"House Kallys","The Last Watch","719ae9","The Last Watch_719ae9","https://steamusercontent-a.akamaihd.net/ugc/9577919527000615769/A4EDC4269BFC433DD9336B3051B2DDC92B8FADBA/","OK","https://steamusercontent-a.akamaihd.net/ugc/12987263184382551284/64E1C68EF26ADBEA3176FF3780A3172756F8EF23/","OK","https://steamusercontent-a.akamaihd.net/ugc/15571642665667862171/79A1DFA4AD70CCE184D0143487BE333855416705/","OK"
"House Kallys","30mm base","7fd7f9","30mm base_7fd7f9","https://steamusercontent-a.akamaihd.net/ugc/13874377488447758171/176E993DB9378255E1BB74FFDD4A45558C98D895/","OK","https://steamusercontent-a.akamaihd.net/ugc/12567320968847447633/73A0276D495FE24E74341E06E6E2E7551E99C84B/","OK","https://steamusercontent-a.akamaihd.net/ugc/13874377488447758171/176E993DB9378255E1BB74FFDD4A45558C98D895/","OK"
"House Kallys","The Last Watch","0795df","The Last Watch_0795df","https://steamusercontent-a.akamaihd.net/ugc/11033263887301557545/E159A9E3E0AEC30DBA2975B31A127CF61E006E30/","OK","https://steamusercontent-a.akamaihd.net/ugc/9505562558977044410/64E1C68EF26ADBEA3176FF3780A3172756F8EF23/","OK","https://steamusercontent-a.akamaihd.net/ugc/16687224535929204749/BFBA73B0CD7C39C72301568652BE54D6F11B99C1/","OK"
"House Kallys","30mm base","4c88f1","30mm base_4c88f1","https://steamusercontent-a.akamaihd.net/ugc/13874377488447758171/176E993DB9378255E1BB74FFDD4A45558C98D895/","OK","https://steamusercontent-a.akamaihd.net/ugc/12567320968847447633/73A0276D495FE24E74341E06E6E2E7551E99C84B/","OK","https://steamusercontent-a.akamaihd.net/ugc/13874377488447758171/176E993DB9378255E1BB74FFDD4A45558C98D895/","OK"
"House Kallys","Phantasm","0675ac","Phantasm","https://steamusercontent-a.akamaihd.net/ugc/16679401441874345914/F649AF8404DC28D759D66D181C9687EFEC59CE90/","OK","https://steamusercontent-a.akamaihd.net/ugc/11592395717655694469/DDEBD9A050B4CBB17D2EA59E3ED2D3E755BD00A7/","OK","https://steamusercontent-a.akamaihd.net/ugc/10808447632057918733/F2A8FAFCC5FB51319AE06C942EC9C9F79090F603/","OK"
"House Kallys","120mm base","9369a1","120mm base","https://steamusercontent-a.akamaihd.net/ugc/12398511746798383282/8D39692EEAE81114A3928C7F29445387B09B6611/","OK","https://steamusercontent-a.akamaihd.net/ugc/11874514094192302541/7B239DB4E92CEB6849B4D3A3066F6274DD65B1BC/","OK","https://steamusercontent-a.akamaihd.net/ugc/12398511746798383282/8D39692EEAE81114A3928C7F29445387B09B6611/","OK"
"House Kallys","Mage Hunter Sniper Team","dec67d","Mage Hunter Sniper Team","https://steamusercontent-a.akamaihd.net/ugc/9670459213084981116/E660E4DAFABCA159EF1EC1C5A4E5AE81BFBC9777/","OK","https://steamusercontent-a.akamaihd.net/ugc/15501178773191841597/DEB149642DCBB564313568C4CCFA5AF3659DCED7/","OK","https://steamusercontent-a.akamaihd.net/ugc/18240234389890056457/220C7B86673BDB56AC5900B4C98D2F276F54AFB5/","OK"
"House Kallys","50mm base","1b2aa6","50mm base_1b2aa6","https://steamusercontent-a.akamaihd.net/ugc/16565607465486734529/B3E55176002E04309EF32D048CCEB4FE1B14E5F9/","OK","https://steamusercontent-a.akamaihd.net/ugc/15825158844097975441/73A0276D495FE24E74341E06E6E2E7551E99C84B/","OK","https://steamusercontent-a.akamaihd.net/ugc/16565607465486734529/B3E55176002E04309EF32D048CCEB4FE1B14E5F9/","OK"
"House Kallys","Vaelyss, The Hand of Mourning","3bb208","Vaelyss, The Hand of Mourning","https://steamusercontent-a.akamaihd.net/ugc/13012168717663782757/56C8BEE21C173BC1D3AB4A732277FC4FDF15341A/","OK","https://steamusercontent-a.akamaihd.net/ugc/17842825892949223155/804ED810D6B991B92C63B91BC3079A3863F97B9A/","OK","https://steamusercontent-a.akamaihd.net/ugc/12224726542931306537/8535398C41C9A43D3DBD7EB76166E59A5F157B04/","OK"
"House Kallys","30mm base","9f04ac","30mm base_9f04ac","https://steamusercontent-a.akamaihd.net/ugc/13874377488447758171/176E993DB9378255E1BB74FFDD4A45558C98D895/","OK","https://steamusercontent-a.akamaihd.net/ugc/12567320968847447633/73A0276D495FE24E74341E06E6E2E7551E99C84B/","OK","https://steamusercontent-a.akamaihd.net/ugc/13874377488447758171/176E993DB9378255E1BB74FFDD4A45558C98D895/","OK"
"House Kallys","Hellyth, Scyir of Nightfall","731358","Hellyth, Scyir of Nightfall","https://steamusercontent-a.akamaihd.net/ugc/10761894152742220130/A549DC73945B5B5E87ADFF12BFD873A3D6AAB651/","OK","https://steamusercontent-a.akamaihd.net/ugc/11091640568748096374/CB61DA708A3BC4B5C8C5F70FF10800861CC5BF7E/","OK","https://steamusercontent-a.akamaihd.net/ugc/14264280144418720231/D32B382455E65486653B1D19BA9688546D7D9FFA/","OK"
"House Kallys","30mm base","467bce","30mm base_467bce","https://steamusercontent-a.akamaihd.net/ugc/13874377488447758171/176E993DB9378255E1BB74FFDD4A45558C98D895/","OK","https://steamusercontent-a.akamaihd.net/ugc/12567320968847447633/73A0276D495FE24E74341E06E6E2E7551E99C84B/","OK","https://steamusercontent-a.akamaihd.net/ugc/13874377488447758171/176E993DB9378255E1BB74FFDD4A45558C98D895/","OK"
"House Kallys","Hazaroth, Narcissar of Ruin","8118f5","Hazaroth, Narcissar of Ruin","https://steamusercontent-a.akamaihd.net/ugc/10878134642592390860/6E4585416B254D7A0C45FB9E6E3BBCFCA15C8E37/","OK","https://steamusercontent-a.akamaihd.net/ugc/14410804680235153193/CCCE1DDFB50E7CDF37B4122773CC6C2E431AE025/","OK","https://steamusercontent-a.akamaihd.net/ugc/10878134642592390860/6E4585416B254D7A0C45FB9E6E3BBCFCA15C8E37/","OK"
"House Kallys","50mm base","b34fec","50mm base_b34fec","https://steamusercontent-a.akamaihd.net/ugc/16565607465486734529/B3E55176002E04309EF32D048CCEB4FE1B14E5F9/","OK","https://steamusercontent-a.akamaihd.net/ugc/15825158844097975441/73A0276D495FE24E74341E06E6E2E7551E99C84B/","OK","https://steamusercontent-a.akamaihd.net/ugc/16565607465486734529/B3E55176002E04309EF32D048CCEB4FE1B14E5F9/","OK"
"House Kallys","Vaelyss, The Hand of Mourning","16e196","Vaelyss, The Hand of Mourning_16e196","https://steamusercontent-a.akamaihd.net/ugc/10731788692493025716/8E96EC67F1F560FF07B1CF47F56F8DE6E361E6C4/","OK","https://steamusercontent-a.akamaihd.net/ugc/13598466184034234695/5525E60B5B050E8DD143684ED417EC110DC3EE85/","OK","https://steamusercontent-a.akamaihd.net/ugc/11926027305545556757/3DD0416F41B52C5B4F80F28BAE7DF9E0531BC0C0/","OK"
"House Kallys","40mm base","195abf","40mm base","https://steamusercontent-a.akamaihd.net/ugc/17467293707643483270/604FF622A74CBBBBF8151DE2F002D8047DC69150/","OK","https://steamusercontent-a.akamaihd.net/ugc/18385099658346253955/73A0276D495FE24E74341E06E6E2E7551E99C84B/","OK","https://steamusercontent-a.akamaihd.net/ugc/17467293707643483270/604FF622A74CBBBBF8151DE2F002D8047DC69150/","OK"
"House Kallys","Morayne, The Blade of Twilight","5058b3","Morayne, The Blade of Twilight","https://steamusercontent-a.akamaihd.net/ugc/16153437553674172361/F98573FDDC457E2880F63C7D1661E38956461783/","OK","https://steamusercontent-a.akamaihd.net/ugc/12011522721393929942/E918C37922BE5A6E258FEFC56612688A1914D1C5/","OK","https://steamusercontent-a.akamaihd.net/ugc/16001157746029096080/393051C14F7F161F18AECCEBBE369DF7056CD185/","OK"
"House Kallys","50mm base","3a8f4c","50mm base_3a8f4c","https://steamusercontent-a.akamaihd.net/ugc/16565607465486734529/B3E55176002E04309EF32D048CCEB4FE1B14E5F9/","OK","https://steamusercontent-a.akamaihd.net/ugc/15825158844097975441/73A0276D495FE24E74341E06E6E2E7551E99C84B/","OK","https://steamusercontent-a.akamaihd.net/ugc/16565607465486734529/B3E55176002E04309EF32D048CCEB4FE1B14E5F9/","OK"
"House Kallys","Dreadguard Scyir","ea10a4","Dreadguard Scyir","https://steamusercontent-a.akamaihd.net/ugc/11165908372251679622/31C7076C4C5ED4D9B9BF399D7BA1D8ABDDB0C03D/","OK","https://steamusercontent-a.akamaihd.net/ugc/13006702989112087471/4BFFD679C40E58CBD92860E06B152533A10BB611/","OK","https://steamusercontent-a.akamaihd.net/ugc/11958506627707075049/86B154F278C5A8938F5FB6BBAB54D321A3F4992C/","OK"
"House Kallys","40mm base","8490a1","40mm base_8490a1","https://steamusercontent-a.akamaihd.net/ugc/17467293707643483270/604FF622A74CBBBBF8151DE2F002D8047DC69150/","OK","https://steamusercontent-a.akamaihd.net/ugc/18385099658346253955/73A0276D495FE24E74341E06E6E2E7551E99C84B/","OK","https://steamusercontent-a.akamaihd.net/ugc/17467293707643483270/604FF622A74CBBBBF8151DE2F002D8047DC69150/","OK"
"House Kallys","Tyrus, Nis-Arsyr of Spiders","eb2746","Tyrus, Nis-Arsyr of Spiders","https://steamusercontent-a.akamaihd.net/ugc/11463821102489771746/62799968A53AD370640E011D631F04CE052CA624/","OK","https://steamusercontent-a.akamaihd.net/ugc/15896007000337147074/E29614139714573D4A92CDC660DBAF5D48B67386/","OK","https://steamusercontent-a.akamaihd.net/ugc/17005434945754306882/441DA74A5D30C0381B5437D3909CE51339F72DEC/","OK"
"House Kallys","40mm base","21be54","40mm base_21be54","https://steamusercontent-a.akamaihd.net/ugc/17467293707643483270/604FF622A74CBBBBF8151DE2F002D8047DC69150/","OK","https://steamusercontent-a.akamaihd.net/ugc/18385099658346253955/73A0276D495FE24E74341E06E6E2E7551E99C84B/","OK","https://steamusercontent-a.akamaihd.net/ugc/17467293707643483270/604FF622A74CBBBBF8151DE2F002D8047DC69150/","OK"
"House Kallys","Dyssiss, the Eye of Darkness","aa4b58","Dyssiss, the Eye of Darkness","https://steamusercontent-a.akamaihd.net/ugc/14874736007211319703/0DB50C4327059B319462EE108A86FEEEC17D4A2B/","OK","https://steamusercontent-a.akamaihd.net/ugc/11333629574613712801/D8254517EC27BA39F79278C0EABB1B3818887079/","OK","https://steamusercontent-a.akamaihd.net/ugc/14874736007211319703/0DB50C4327059B319462EE108A86FEEEC17D4A2B/","OK"
"House Kallys","30mm base","ff2cf2","30mm base_ff2cf2","https://steamusercontent-a.akamaihd.net/ugc/13874377488447758171/176E993DB9378255E1BB74FFDD4A45558C98D895/","OK","https://steamusercontent-a.akamaihd.net/ugc/12567320968847447633/73A0276D495FE24E74341E06E6E2E7551E99C84B/","OK","https://steamusercontent-a.akamaihd.net/ugc/13874377488447758171/176E993DB9378255E1BB74FFDD4A45558C98D895/","OK"
"House Kallys","Mage Hunter Assassins","f78745","Mage Hunter Assassins","https://steamusercontent-a.akamaihd.net/ugc/12528302104860219678/6A0BB1EFC31FB2CC10CB3DE418D62565DD1D6ABE/","OK","https://steamusercontent-a.akamaihd.net/ugc/17793722939104611856/2B469A2E3CC0A738449B9D584BBA7261962F4823/","OK","https://steamusercontent-a.akamaihd.net/ugc/13727403930053491107/38546B4F26E93F4EC1269A9FAB6ABAA94E67ED84/","OK"
"House Kallys","30mm base","3eeed2","30mm base_3eeed2","https://steamusercontent-a.akamaihd.net/ugc/13874377488447758171/176E993DB9378255E1BB74FFDD4A45558C98D895/","OK","https://steamusercontent-a.akamaihd.net/ugc/12567320968847447633/73A0276D495FE24E74341E06E6E2E7551E99C84B/","OK","https://steamusercontent-a.akamaihd.net/ugc/13874377488447758171/176E993DB9378255E1BB74FFDD4A45558C98D895/","OK"
"House Kallys","Mage Hunter Rangers","5b7e7a","Mage Hunter Rangers","https://steamusercontent-a.akamaihd.net/ugc/14596508926822101879/BF1F7CD18A6A14139EDA999408873B0875FDC86E/","OK","https://steamusercontent-a.akamaihd.net/ugc/11956058247055878597/1ACF0F3789D127E1CA39B569D99AA2B17EBA13BC/","OK","https://steamusercontent-a.akamaihd.net/ugc/12382912702924173127/DAAF67D0AB4CB6A196888252CCCB885A48019364/","OK"
"House Kallys","30mm base","3e4597","30mm base_3e4597","https://steamusercontent-a.akamaihd.net/ugc/13874377488447758171/176E993DB9378255E1BB74FFDD4A45558C98D895/","OK","https://steamusercontent-a.akamaihd.net/ugc/12567320968847447633/73A0276D495FE24E74341E06E6E2E7551E99C84B/","OK","https://steamusercontent-a.akamaihd.net/ugc/13874377488447758171/176E993DB9378255E1BB74FFDD4A45558C98D895/","OK"
"House Kallys","Specter","99ab10","Specter","https://steamusercontent-a.akamaihd.net/ugc/15383259984752886817/C8E7AD7A457E879840D35B8D891F28B62D7788F5/","OK","https://steamusercontent-a.akamaihd.net/ugc/18336404063500445552/C5B4E38230F01FB0F811B963919A2E1986FA6642/","OK","https://steamusercontent-a.akamaihd.net/ugc/10629452051703438630/C82378E49D53D4C2F6E6B8438BD858EA2F3B5909/","OK"
"House Kallys","40mm base","1d6145","40mm base_1d6145","https://steamusercontent-a.akamaihd.net/ugc/17467293707643483270/604FF622A74CBBBBF8151DE2F002D8047DC69150/","OK","https://steamusercontent-a.akamaihd.net/ugc/18385099658346253955/73A0276D495FE24E74341E06E6E2E7551E99C84B/","OK","https://steamusercontent-a.akamaihd.net/ugc/17467293707643483270/604FF622A74CBBBBF8151DE2F002D8047DC69150/","OK"
"House Kallys","Scyrafael, Nis-Issyr of Desolations","b153fe","Scyrafael, Nis-Issyr of Desolations","https://steamusercontent-a.akamaihd.net/ugc/17882404271788574089/ED28F53C87C9A47391A8690972E57FFC22AFCC4B/","OK","https://steamusercontent-a.akamaihd.net/ugc/9359444889616576129/A20ADA094F3FE049BBB350D8D2916D652D72C42A/","OK","https://steamusercontent-a.akamaihd.net/ugc/10970180140568569847/A0623335586D47D9D5D6147BA66E58308EB41A9B/","OK"
"House Kallys","50mm base","417ffa","50mm base_417ffa","https://steamusercontent-a.akamaihd.net/ugc/16565607465486734529/B3E55176002E04309EF32D048CCEB4FE1B14E5F9/","OK","https://steamusercontent-a.akamaihd.net/ugc/15825158844097975441/73A0276D495FE24E74341E06E6E2E7551E99C84B/","OK","https://steamusercontent-a.akamaihd.net/ugc/16565607465486734529/B3E55176002E04309EF32D048CCEB4FE1B14E5F9/","OK"
"House Kallys","Void Shaper","0d26b0","Void Shaper","https://steamusercontent-a.akamaihd.net/ugc/11328893688814468406/7C789C23497258E5922D8A01D3F678574F5FC3B9/","OK","https://steamusercontent-a.akamaihd.net/ugc/12885610327020860490/D36A756B4EC534EB23A062BB427F94C74F3BCEF1/","OK","https://steamusercontent-a.akamaihd.net/ugc/11328893688814468406/7C789C23497258E5922D8A01D3F678574F5FC3B9/","OK"
"House Kallys","40mm base","b52880","40mm base_b52880","https://steamusercontent-a.akamaihd.net/ugc/17467293707643483270/604FF622A74CBBBBF8151DE2F002D8047DC69150/","OK","https://steamusercontent-a.akamaihd.net/ugc/18385099658346253955/73A0276D495FE24E74341E06E6E2E7551E99C84B/","OK","https://steamusercontent-a.akamaihd.net/ugc/17467293707643483270/604FF622A74CBBBBF8151DE2F002D8047DC69150/","OK"
"House Kallys","Mage Hunter Commander","febd25","Mage Hunter Commander","https://steamusercontent-a.akamaihd.net/ugc/14611710566675866134/5142F97754707273211DCEA6AC73A0A3603B231D/","OK","https://steamusercontent-a.akamaihd.net/ugc/15415207371351706807/CD3D0E967ABC2B5D5E4819CA9FCC3151A2ACE93A/","OK","https://steamusercontent-a.akamaihd.net/ugc/15232148528559543372/6F08E85B8E2AE6165DB8FE3F452FD8F32C6E3C60/","OK"
"House Kallys","30mm base","2a2802","30mm base_2a2802","https://steamusercontent-a.akamaihd.net/ugc/13874377488447758171/176E993DB9378255E1BB74FFDD4A45558C98D895/","OK","https://steamusercontent-a.akamaihd.net/ugc/12567320968847447633/73A0276D495FE24E74341E06E6E2E7551E99C84B/","OK","https://steamusercontent-a.akamaihd.net/ugc/13874377488447758171/176E993DB9378255E1BB74FFDD4A45558C98D895/","OK"
"House Kallys","Ghast","baf78c","Ghast","https://steamusercontent-a.akamaihd.net/ugc/16184878747281858528/8A3F30A5A8F340279D78209807CF3E2C29E6AF8A/","OK","https://steamusercontent-a.akamaihd.net/ugc/9979914712299159853/27689AABBA4E9969F6EBFBB4F598700186106D0B/","OK","https://steamusercontent-a.akamaihd.net/ugc/9614479286150246647/E3B5AABCDF292EF528D19818AEE9A16CB9D5D0B9/","OK"
"House Kallys","40mm base","bcc7f6","40mm base_bcc7f6","https://steamusercontent-a.akamaihd.net/ugc/17467293707643483270/604FF622A74CBBBBF8151DE2F002D8047DC69150/","OK","https://steamusercontent-a.akamaihd.net/ugc/18385099658346253955/73A0276D495FE24E74341E06E6E2E7551E99C84B/","OK","https://steamusercontent-a.akamaihd.net/ugc/17467293707643483270/604FF622A74CBBBBF8151DE2F002D8047DC69150/","OK"
"House Kallys","Ghast","64122f","Ghast_64122f","https://steamusercontent-a.akamaihd.net/ugc/17801484611747592804/FC789C3D5008C870C431BCB7C625106D9DE30A3D/","OK","https://steamusercontent-a.akamaihd.net/ugc/13649033593287582985/7EBD897169151EFD5D66BBD1676B57EF7F3B590B/","OK","https://steamusercontent-a.akamaihd.net/ugc/13695450846503166642/54374EC6ED1324AC4A11F37431BBE29218447074/","OK"
"House Kallys","40mm base","008ab3","40mm base_008ab3","https://steamusercontent-a.akamaihd.net/ugc/17467293707643483270/604FF622A74CBBBBF8151DE2F002D8047DC69150/","OK","https://steamusercontent-a.akamaihd.net/ugc/18385099658346253955/73A0276D495FE24E74341E06E6E2E7551E99C84B/","OK","https://steamusercontent-a.akamaihd.net/ugc/17467293707643483270/604FF622A74CBBBBF8151DE2F002D8047DC69150/","OK"
"House Kallys","Wight","06b8fa","Wight","https://steamusercontent-a.akamaihd.net/ugc/12942227027451271226/3B6C446233A6A79990425F759A1A2DC69E5EC6FB/","OK","https://steamusercontent-a.akamaihd.net/ugc/18373707445159995393/4D2457EFE47CFA065B213F979E15B6E8F1BF0627/","OK","https://steamusercontent-a.akamaihd.net/ugc/12942227027451271226/3B6C446233A6A79990425F759A1A2DC69E5EC6FB/","OK"
"House Kallys","30mm base","ca17ad","30mm base_ca17ad","https://steamusercontent-a.akamaihd.net/ugc/13874377488447758171/176E993DB9378255E1BB74FFDD4A45558C98D895/","OK","https://steamusercontent-a.akamaihd.net/ugc/12567320968847447633/73A0276D495FE24E74341E06E6E2E7551E99C84B/","OK","https://steamusercontent-a.akamaihd.net/ugc/13874377488447758171/176E993DB9378255E1BB74FFDD4A45558C98D895/","OK"
"House Kallys","Void Engine","152453","Void Engine","https://steamusercontent-a.akamaihd.net/ugc/14980087416180970477/7325531A0D28E18FA419E5270B5B5A6A4969C40D/","OK","https://steamusercontent-a.akamaihd.net/ugc/16053813211023794136/348EA673C004F62FD8BD9415FBA0D659F30D4211/","OK","https://steamusercontent-a.akamaihd.net/ugc/14980087416180970477/7325531A0D28E18FA419E5270B5B5A6A4969C40D/","OK"
"House Kallys","80mm base","0b7bc9","80mm base","https://steamusercontent-a.akamaihd.net/ugc/9507323413831057586/A5ABC7B4C6AB4A09010368C107AE198A3CCC3D7A/","OK","https://steamusercontent-a.akamaihd.net/ugc/13689441281025536368/320864517CC6C1AA07B2B7F87481582BCB5BD368/","OK","https://steamusercontent-a.akamaihd.net/ugc/9507323413831057586/A5ABC7B4C6AB4A09010368C107AE198A3CCC3D7A/","OK"
"House Kallys","Eidolon","43a84d","Eidolon","https://steamusercontent-a.akamaihd.net/ugc/10930446876220401380/217D4A7973747EEF7714A2479B3D7B2FAD1EE846/","OK","https://steamusercontent-a.akamaihd.net/ugc/12700811715253435746/55C06DC23C4F19E7EAF26907B8F16A0976B94402/","OK","https://steamusercontent-a.akamaihd.net/ugc/11591757505349404898/1CC10827E6FB08DAC8B9BEB1034A20F9014553CF/","OK"
"House Kallys","50mm base","369186","50mm base_369186","https://steamusercontent-a.akamaihd.net/ugc/16565607465486734529/B3E55176002E04309EF32D048CCEB4FE1B14E5F9/","OK","https://steamusercontent-a.akamaihd.net/ugc/15825158844097975441/73A0276D495FE24E74341E06E6E2E7551E99C84B/","OK","https://steamusercontent-a.akamaihd.net/ugc/16565607465486734529/B3E55176002E04309EF32D048CCEB4FE1B14E5F9/","OK"
"House Kallys","Eidolon","5f58ea","Eidolon_5f58ea","https://steamusercontent-a.akamaihd.net/ugc/11621376198045260407/B59D1FDB9EF42D440BA2259F520F590FA8D84DB9/","OK","https://steamusercontent-a.akamaihd.net/ugc/9538937475482136257/F0F586CE9814724A869C5658A4CA3D4D625FA410/","OK","https://steamusercontent-a.akamaihd.net/ugc/12392132558410700923/0ACD02237C794FF6A4D0D615827B72B4BB671E72/","OK"
"House Kallys","50mm base","137190","50mm base_137190","https://steamusercontent-a.akamaihd.net/ugc/16565607465486734529/B3E55176002E04309EF32D048CCEB4FE1B14E5F9/","OK","https://steamusercontent-a.akamaihd.net/ugc/15825158844097975441/73A0276D495FE24E74341E06E6E2E7551E99C84B/","OK","https://steamusercontent-a.akamaihd.net/ugc/16565607465486734529/B3E55176002E04309EF32D048CCEB4FE1B14E5F9/","OK"
"House Kallys","Soulless Hunters","930b94","Soulless Hunters","https://steamusercontent-a.akamaihd.net/ugc/10193031799011662840/7FB5317D911CAE5393733C79933A1D0559C263A0/","OK","https://steamusercontent-a.akamaihd.net/ugc/14946744771999610014/7741FFE7A3247D8509C1193305740D460A1A6693/","OK","https://steamusercontent-a.akamaihd.net/ugc/14870380141835801996/4E5ABA43BF8768393722B0D5BADAD4734B4A9D2B/","OK"
"House Kallys","30mm base","5ccc26","30mm base_5ccc26","https://steamusercontent-a.akamaihd.net/ugc/13874377488447758171/176E993DB9378255E1BB74FFDD4A45558C98D895/","OK","https://steamusercontent-a.akamaihd.net/ugc/12567320968847447633/73A0276D495FE24E74341E06E6E2E7551E99C84B/","OK","https://steamusercontent-a.akamaihd.net/ugc/13874377488447758171/176E993DB9378255E1BB74FFDD4A45558C98D895/","OK"
"House Kallys","Seeker Adepts","f4e1e8","Seeker Adepts","https://steamusercontent-a.akamaihd.net/ugc/17996225716117386209/1195A287AC95A11439F6830C635B194430877039/","OK","https://steamusercontent-a.akamaihd.net/ugc/13068629567125872175/9E4A6D59FCD7F4F2159AC1B8DFA0942399D67FED/","OK","https://steamusercontent-a.akamaihd.net/ugc/17996225716117386209/1195A287AC95A11439F6830C635B194430877039/","OK"
"House Kallys","30mm base","b10ce7","30mm base_b10ce7","https://steamusercontent-a.akamaihd.net/ugc/13874377488447758171/176E993DB9378255E1BB74FFDD4A45558C98D895/","OK","https://steamusercontent-a.akamaihd.net/ugc/12567320968847447633/73A0276D495FE24E74341E06E6E2E7551E99C84B/","OK","https://steamusercontent-a.akamaihd.net/ugc/13874377488447758171/176E993DB9378255E1BB74FFDD4A45558C98D895/","OK"
"House Kallys","Soulless Blademasters","7ce9af","Soulless Blademasters","https://steamusercontent-a.akamaihd.net/ugc/11776661571100364704/D9C96C9BC639592CBE1655C84510D7367C4A11EF/","OK","https://steamusercontent-a.akamaihd.net/ugc/12974117893628254682/E47B62C01FEFD47FC67F36BECD5365C1A95BBAF4/","OK","https://steamusercontent-a.akamaihd.net/ugc/11568128761057192228/2059D608F7449FB9E01522D0641A1C00F9A40427/","OK"
"House Kallys","30mm base","5c0abd","30mm base_5c0abd","https://steamusercontent-a.akamaihd.net/ugc/13874377488447758171/176E993DB9378255E1BB74FFDD4A45558C98D895/","OK","https://steamusercontent-a.akamaihd.net/ugc/12567320968847447633/73A0276D495FE24E74341E06E6E2E7551E99C84B/","OK","https://steamusercontent-a.akamaihd.net/ugc/13874377488447758171/176E993DB9378255E1BB74FFDD4A45558C98D895/","OK"
"House Kallys","Eidolon","7930a6","Eidolon_7930a6","https://steamusercontent-a.akamaihd.net/ugc/11340382895162611983/83864BC62C92DF3B97D10F29EDDC8AEED42C46D9/","OK","https://steamusercontent-a.akamaihd.net/ugc/13694364178410193174/830B87523CE8411A935BE10AB430005E10821056/","OK","https://steamusercontent-a.akamaihd.net/ugc/12438573003364829909/40E749755D7DE39D590B5A43067F347D1CD1D7AC/","OK"
"House Kallys","50mm base","7c876a","50mm base_7c876a","https://steamusercontent-a.akamaihd.net/ugc/16565607465486734529/B3E55176002E04309EF32D048CCEB4FE1B14E5F9/","OK","https://steamusercontent-a.akamaihd.net/ugc/15825158844097975441/73A0276D495FE24E74341E06E6E2E7551E99C84B/","OK","https://steamusercontent-a.akamaihd.net/ugc/16565607465486734529/B3E55176002E04309EF32D048CCEB4FE1B14E5F9/","OK"
"House Kallys","Soulless Guardians","3fa63e","Soulless Guardians","https://steamusercontent-a.akamaihd.net/ugc/17461804455596462838/03C6BA82F41BE8ABF46A4A1B5483E39D37BAAE53/","OK","https://steamusercontent-a.akamaihd.net/ugc/12571453727580719117/2B1D479BC6E0EB67BC3D8DD1B9ABBFB75ABDB2AD/","OK","https://steamusercontent-a.akamaihd.net/ugc/17169963842497400231/0620C0D8C3C6CA581744EECC0423D90A621C9868/","OK"
"House Kallys","30mm base","74d6bb","30mm base_74d6bb","https://steamusercontent-a.akamaihd.net/ugc/13874377488447758171/176E993DB9378255E1BB74FFDD4A45558C98D895/","OK","https://steamusercontent-a.akamaihd.net/ugc/12567320968847447633/73A0276D495FE24E74341E06E6E2E7551E99C84B/","OK","https://steamusercontent-a.akamaihd.net/ugc/13874377488447758171/176E993DB9378255E1BB74FFDD4A45558C98D895/","OK"
"House Kallys","Seeker Warden","c624bb","Seeker Warden","https://steamusercontent-a.akamaihd.net/ugc/17086410208120108252/2A6E913378D5FF9E797DE00F068DB1615D558A77/","OK","https://steamusercontent-a.akamaihd.net/ugc/12583809967030325827/D9D1AE0BF12F592A8EAF06BD37A67CDC48A9AF10/","OK","https://steamusercontent-a.akamaihd.net/ugc/11905141269182002498/24919905CF0CAB1A16055352B89AB87C46A42470/","OK"
"House Kallys","30mm base","588001","30mm base_588001","https://steamusercontent-a.akamaihd.net/ugc/13874377488447758171/176E993DB9378255E1BB74FFDD4A45558C98D895/","OK","https://steamusercontent-a.akamaihd.net/ugc/12567320968847447633/73A0276D495FE24E74341E06E6E2E7551E99C84B/","OK","https://steamusercontent-a.akamaihd.net/ugc/13874377488447758171/176E993DB9378255E1BB74FFDD4A45558C98D895/","OK"
"House Kallys","Israfyl","eb048c","Israfyl","https://steamusercontent-a.akamaihd.net/ugc/15334661491558071070/5CD30B38FD720F3F71925F63A510933964FB4265/","OK","https://steamusercontent-a.akamaihd.net/ugc/9948602004435508711/097AE94B68FE8699BF67C106F68D1D03A8DCAF55/","OK","https://steamusercontent-a.akamaihd.net/ugc/11357087338895420274/A04C1F3B95FA61B5F5894AA26719C5733F1DF2DE/","OK"
"House Kallys","50mm base","0197f5","50mm base_0197f5","https://steamusercontent-a.akamaihd.net/ugc/16565607465486734529/B3E55176002E04309EF32D048CCEB4FE1B14E5F9/","OK","https://steamusercontent-a.akamaihd.net/ugc/15825158844097975441/73A0276D495FE24E74341E06E6E2E7551E99C84B/","OK","https://steamusercontent-a.akamaihd.net/ugc/16565607465486734529/B3E55176002E04309EF32D048CCEB4FE1B14E5F9/","OK"
"House Kallys","Dreadguard Cavalry","1bd34d","Dreadguard Cavalry","https://steamusercontent-a.akamaihd.net/ugc/16866473668505465396/DE0413DC7820EB43D00DDB557D6509249CCE119E/","OK","https://steamusercontent-a.akamaihd.net/ugc/15399823946906887825/FF3AB4DBAC62A36766644E60CA26EE72922E9FB4/","OK","https://steamusercontent-a.akamaihd.net/ugc/15421678918863457398/B673B6107445F1B97339B532378AE11FF5B50060/","OK"
"House Kallys","50mm base","4ad57f","50mm base_4ad57f","https://steamusercontent-a.akamaihd.net/ugc/16565607465486734529/B3E55176002E04309EF32D048CCEB4FE1B14E5F9/","OK","https://steamusercontent-a.akamaihd.net/ugc/15825158844097975441/73A0276D495FE24E74341E06E6E2E7551E99C84B/","OK","https://steamusercontent-a.akamaihd.net/ugc/16565607465486734529/B3E55176002E04309EF32D048CCEB4FE1B14E5F9/","OK"
"House Kallys","Imperatus, Ashen Phoenix","29d7fb","Imperatus, Ashen Phoenix","https://steamusercontent-a.akamaihd.net/ugc/14839093141771656650/3210EFE7F2C32D08F448E82F6695BAC7399D048A/","OK","https://steamusercontent-a.akamaihd.net/ugc/9541934568804095747/1A6F8A976AA1187F1490FADF888A6557D2107E0C/","OK","https://steamusercontent-a.akamaihd.net/ugc/16399701276648419221/CBE2AE616597E5FB02B62D0F83AEE8BF51513BCA/","OK"
"House Kallys","80mm base","433560","80mm base_433560","https://steamusercontent-a.akamaihd.net/ugc/9507323413831057586/A5ABC7B4C6AB4A09010368C107AE198A3CCC3D7A/","OK","https://steamusercontent-a.akamaihd.net/ugc/13689441281025536368/320864517CC6C1AA07B2B7F87481582BCB5BD368/","OK","https://steamusercontent-a.akamaihd.net/ugc/9507323413831057586/A5ABC7B4C6AB4A09010368C107AE198A3CCC3D7A/","OK"
"House Kallys","Dreadguard Slayers","92bf01","Dreadguard Slayers","https://steamusercontent-a.akamaihd.net/ugc/13460024357882890840/3C34C947135EA3058DBE37BC385ABFE1CA06C540/","OK","https://steamusercontent-a.akamaihd.net/ugc/16214790783057039939/013A2ADF556595616EE4D1C6C968A3E882C663A2/","OK","https://steamusercontent-a.akamaihd.net/ugc/9782717554388411039/0292A3B6604AF2734F4D882724BB1691A7F4F3A3/","OK"
"House Kallys","40mm base","367f40","40mm base_367f40","https://steamusercontent-a.akamaihd.net/ugc/17467293707643483270/604FF622A74CBBBBF8151DE2F002D8047DC69150/","OK","https://steamusercontent-a.akamaihd.net/ugc/18385099658346253955/73A0276D495FE24E74341E06E6E2E7551E99C84B/","OK","https://steamusercontent-a.akamaihd.net/ugc/17467293707643483270/604FF622A74CBBBBF8151DE2F002D8047DC69150/","OK"
"House Kallys","Dreadguard Archers","472b5d","Dreadguard Archers","https://steamusercontent-a.akamaihd.net/ugc/10334635094493476282/AAE565D631E891D407FCCA8DDDDEE03ADC093584/","OK","https://steamusercontent-a.akamaihd.net/ugc/11388405138412466617/D2B7C159A6F34620D8F5F9FDA04F2595F39D5CA6/","OK","https://steamusercontent-a.akamaihd.net/ugc/10334635094493476282/AAE565D631E891D407FCCA8DDDDEE03ADC093584/","OK"
"House Kallys","40mm base","3622fb","40mm base_3622fb","https://steamusercontent-a.akamaihd.net/ugc/17467293707643483270/604FF622A74CBBBBF8151DE2F002D8047DC69150/","OK","https://steamusercontent-a.akamaihd.net/ugc/18385099658346253955/73A0276D495FE24E74341E06E6E2E7551E99C84B/","OK","https://steamusercontent-a.akamaihd.net/ugc/17467293707643483270/604FF622A74CBBBBF8151DE2F002D8047DC69150/","OK"
"Old Umbrey","Kapitan Yana Kovoskiy","4b716a","Kapitan Yana Kovoskiy","https://steamusercontent-a.akamaihd.net/ugc/11578491941406481364/E57EE32B83E9235DBB9C99958B9D4A9A186C1F34/","OK","https://steamusercontent-a.akamaihd.net/ugc/17275901228860639587/9D142AAF938C65F9F67075116A2D8B37E87F085C/","OK","https://steamusercontent-a.akamaihd.net/ugc/16725984333046767007/B5B46080F1A515D3DD5F08BADA0BCE8E830F075F/","OK"
"Old Umbrey","50mm base","064f8a","50mm base","https://steamusercontent-a.akamaihd.net/ugc/16565607465486734529/B3E55176002E04309EF32D048CCEB4FE1B14E5F9/","OK","https://steamusercontent-a.akamaihd.net/ugc/15825158844097975441/73A0276D495FE24E74341E06E6E2E7551E99C84B/","OK","https://steamusercontent-a.akamaihd.net/ugc/16565607465486734529/B3E55176002E04309EF32D048CCEB4FE1B14E5F9/","OK"
"Old Umbrey","Sergeant Goran Lazarenko, the Jackal","3aae37","Sergeant Goran Lazarenko, the Jackal","https://steamusercontent-a.akamaihd.net/ugc/9482140203565809374/89355954B1CC2A76FF8C8F8FEE3C9804DCA17503/","OK","https://steamusercontent-a.akamaihd.net/ugc/15948123582597123175/082DBD145DEC7630222E843D99692466837168A2/","OK","https://steamusercontent-a.akamaihd.net/ugc/17132654463158884186/5304C6866F3C4E3928620D483A7BFE85200371DA/","OK"
"Old Umbrey","30mm base","17e759","30mm base","https://steamusercontent-a.akamaihd.net/ugc/13874377488447758171/176E993DB9378255E1BB74FFDD4A45558C98D895/","OK","https://steamusercontent-a.akamaihd.net/ugc/12567320968847447633/73A0276D495FE24E74341E06E6E2E7551E99C84B/","OK","https://steamusercontent-a.akamaihd.net/ugc/13874377488447758171/176E993DB9378255E1BB74FFDD4A45558C98D895/","OK"
"Old Umbrey","The Hounds","711708","The Hounds","https://steamusercontent-a.akamaihd.net/ugc/14215017210470593948/1A3B532C426990A64887FCAB8BC6F86ECC3CA64F/","OK","https://steamusercontent-a.akamaihd.net/ugc/13992509787448149950/3AE4D500859D049E0FCF214E7FBBA5ECDD4CCA4C/","OK","https://steamusercontent-a.akamaihd.net/ugc/11092574311973099463/2CAA10FDA228E60051E463EB26DAEDF55626C3A0/","OK"
"Old Umbrey","30mm base","1fbb58","30mm base_1fbb58","https://steamusercontent-a.akamaihd.net/ugc/13874377488447758171/176E993DB9378255E1BB74FFDD4A45558C98D895/","OK","https://steamusercontent-a.akamaihd.net/ugc/12567320968847447633/73A0276D495FE24E74341E06E6E2E7551E99C84B/","OK","https://steamusercontent-a.akamaihd.net/ugc/13874377488447758171/176E993DB9378255E1BB74FFDD4A45558C98D895/","OK"
"Old Umbrey","The Hounds","abd201","The Hounds_abd201","https://steamusercontent-a.akamaihd.net/ugc/12979603510036821902/AB996C7736B60A8EF8CF0F9C026F7C7910F7C609/","OK","https://steamusercontent-a.akamaihd.net/ugc/9983276223715174369/3AE4D500859D049E0FCF214E7FBBA5ECDD4CCA4C/","OK","https://steamusercontent-a.akamaihd.net/ugc/9760823958799659784/B5C2E4B246A0420DB179AB14396EAA05C0309B5A/","OK"
"Old Umbrey","30mm base","5373d5","30mm base_5373d5","https://steamusercontent-a.akamaihd.net/ugc/13874377488447758171/176E993DB9378255E1BB74FFDD4A45558C98D895/","OK","https://steamusercontent-a.akamaihd.net/ugc/12567320968847447633/73A0276D495FE24E74341E06E6E2E7551E99C84B/","OK","https://steamusercontent-a.akamaihd.net/ugc/13874377488447758171/176E993DB9378255E1BB74FFDD4A45558C98D895/","OK"
"Old Umbrey","The Hounds","311d2a","The Hounds_311d2a","https://steamusercontent-a.akamaihd.net/ugc/15342163395945828745/60003EFB66A83ACF8BD89CBE8876B9A7FBB82B2A/","OK","https://steamusercontent-a.akamaihd.net/ugc/12907316245504739749/3AE4D500859D049E0FCF214E7FBBA5ECDD4CCA4C/","OK","https://steamusercontent-a.akamaihd.net/ugc/15024868854031630618/10F33DF65EFE183AA77A394BEDFEE94FFDA9C80B/","OK"
"Old Umbrey","30mm base","efc584","30mm base_efc584","https://steamusercontent-a.akamaihd.net/ugc/13874377488447758171/176E993DB9378255E1BB74FFDD4A45558C98D895/","OK","https://steamusercontent-a.akamaihd.net/ugc/12567320968847447633/73A0276D495FE24E74341E06E6E2E7551E99C84B/","OK","https://steamusercontent-a.akamaihd.net/ugc/13874377488447758171/176E993DB9378255E1BB74FFDD4A45558C98D895/","OK"
"Old Umbrey","Kapitan Zahara Vilkul","1a4314","Kapitan Zahara Vilkul","https://steamusercontent-a.akamaihd.net/ugc/9795628360828587005/7EB3FFB5A0E38FCC8EB5F1B49D050A26B7C518A4/","OK","https://steamusercontent-a.akamaihd.net/ugc/11489410583308192393/276843B20957EAC292D82793DA62146ACE168C42/","OK","https://steamusercontent-a.akamaihd.net/ugc/10129493724483769933/816843DC43AB519F58017E91F9ED9F1978DE11A9/","OK"
"Old Umbrey","30mm base","980ed3","30mm base_980ed3","https://steamusercontent-a.akamaihd.net/ugc/13874377488447758171/176E993DB9378255E1BB74FFDD4A45558C98D895/","OK","https://steamusercontent-a.akamaihd.net/ugc/12567320968847447633/73A0276D495FE24E74341E06E6E2E7551E99C84B/","OK","https://steamusercontent-a.akamaihd.net/ugc/13874377488447758171/176E993DB9378255E1BB74FFDD4A45558C98D895/","OK"
"Old Umbrey","Razor","426c19","Razor","https://steamusercontent-a.akamaihd.net/ugc/12546320651524251974/5DE2FDBE06210DECF686110F49659454ABC335DF/","OK","https://steamusercontent-a.akamaihd.net/ugc/16349233496041571342/F72E2086F83C0C738ADFDE149D31A75C50DEA35F/","OK","https://steamusercontent-a.akamaihd.net/ugc/13324851004793104593/E4748F1709DBACF317462D4C93FF69845D74E9FB/","OK"
"Old Umbrey","50mm base","2a3490","50mm base_2a3490","https://steamusercontent-a.akamaihd.net/ugc/16565607465486734529/B3E55176002E04309EF32D048CCEB4FE1B14E5F9/","OK","https://steamusercontent-a.akamaihd.net/ugc/15825158844097975441/73A0276D495FE24E74341E06E6E2E7551E99C84B/","OK","https://steamusercontent-a.akamaihd.net/ugc/16565607465486734529/B3E55176002E04309EF32D048CCEB4FE1B14E5F9/","OK"
"Gravediggers","Lt. Stella Barron","0c693a","Lt. Stella Barron","https://steamusercontent-a.akamaihd.net/ugc/16835222517753310813/9D35BA83A2431C0B24D2272B12EC352EF53753F8/","OK","https://steamusercontent-a.akamaihd.net/ugc/9968712090765195082/0DD284A02026D2A6D58C67EB6D86A537A25C94D4/","OK","https://steamusercontent-a.akamaihd.net/ugc/10633463155664822504/10883FBAA6E29AEBB34FC0FDC4D38B65FD35BC90/","OK"
"Gravediggers","30mm base","e6f312","30mm base","https://steamusercontent-a.akamaihd.net/ugc/13874377488447758171/176E993DB9378255E1BB74FFDD4A45558C98D895/","OK","https://steamusercontent-a.akamaihd.net/ugc/12567320968847447633/73A0276D495FE24E74341E06E6E2E7551E99C84B/","OK","https://steamusercontent-a.akamaihd.net/ugc/13874377488447758171/176E993DB9378255E1BB74FFDD4A45558C98D895/","OK"
"Gravediggers","Captain Connor 'Boom Boom' McCoy","05c60a","Captain Connor 'Boom Boom' McCoy","https://steamusercontent-a.akamaihd.net/ugc/12943841917036568322/FFB82C0B776DFAA457AB2A52FCE0E3467318C128/","OK","https://steamusercontent-a.akamaihd.net/ugc/9932274430529420666/4C508105989F67F66524E77094AC1F191996F419/","OK","https://steamusercontent-a.akamaihd.net/ugc/13071252450330838177/086784FCA9423E552017188483B87E328E9A23DC/","OK"
"Gravediggers","80mm base","076b03","80mm base","https://steamusercontent-a.akamaihd.net/ugc/9507323413831057586/A5ABC7B4C6AB4A09010368C107AE198A3CCC3D7A/","OK","https://steamusercontent-a.akamaihd.net/ugc/13689441281025536368/320864517CC6C1AA07B2B7F87481582BCB5BD368/","OK","https://steamusercontent-a.akamaihd.net/ugc/9507323413831057586/A5ABC7B4C6AB4A09010368C107AE198A3CCC3D7A/","OK"
"Gravediggers","Blocker","ff7f5d","Blocker","https://steamusercontent-a.akamaihd.net/ugc/17865877400074212476/165E0C90BD0F4A197B44E10569E977B750346C74/","OK","https://steamusercontent-a.akamaihd.net/ugc/17041665375113687815/9FFB068968D63A91ED00D922662C40098D27C1E2/","OK","https://steamusercontent-a.akamaihd.net/ugc/13536249528352620495/222DC2C428AB618C9211B7070ADCC24B3A7EA2B3/","OK"
"Gravediggers","40mm base","f8915d","40mm base","https://steamusercontent-a.akamaihd.net/ugc/17467293707643483270/604FF622A74CBBBBF8151DE2F002D8047DC69150/","OK","https://steamusercontent-a.akamaihd.net/ugc/18385099658346253955/73A0276D495FE24E74341E06E6E2E7551E99C84B/","OK","https://steamusercontent-a.akamaihd.net/ugc/17467293707643483270/604FF622A74CBBBBF8151DE2F002D8047DC69150/","OK"
"Gravediggers","Captain Buck Hasker","c83c47","Captain Buck Hasker","https://steamusercontent-a.akamaihd.net/ugc/13642132310025748877/2D3B4AFF13EB904EE14E66134BA47405B51001B4/","OK","https://steamusercontent-a.akamaihd.net/ugc/10678580971080580353/6DD1DEB0D6CE16DE8C94B84E0922546BBA0F66DF/","OK","https://steamusercontent-a.akamaihd.net/ugc/14133623494296073838/CA97FD0688FE3FDD3B5096B514E3399E9616F490/","OK"
"Gravediggers","30mm base","e4180e","30mm base_e4180e","https://steamusercontent-a.akamaihd.net/ugc/13874377488447758171/176E993DB9378255E1BB74FFDD4A45558C98D895/","OK","https://steamusercontent-a.akamaihd.net/ugc/12567320968847447633/73A0276D495FE24E74341E06E6E2E7551E99C84B/","OK","https://steamusercontent-a.akamaihd.net/ugc/13874377488447758171/176E993DB9378255E1BB74FFDD4A45558C98D895/","OK"
"Gravediggers","Gravedigger Commandos Bazooka","488bd9","Gravedigger Commandos Bazooka","https://steamusercontent-a.akamaihd.net/ugc/13266739806691166526/DCBF833C45D11E21BBFA348681EC50000D534A73/","OK","https://steamusercontent-a.akamaihd.net/ugc/12162496766106676989/94C8681205E1EBC4EF1AE2D4AD50D3B5D1EB0B1F/","OK","https://steamusercontent-a.akamaihd.net/ugc/10955458646381416308/C523C9847BEA077F26824EADF422563AF202FDCF/","OK"
"Gravediggers","30mm base","8c5ce0","30mm base_8c5ce0","https://steamusercontent-a.akamaihd.net/ugc/13874377488447758171/176E993DB9378255E1BB74FFDD4A45558C98D895/","OK","https://steamusercontent-a.akamaihd.net/ugc/12567320968847447633/73A0276D495FE24E74341E06E6E2E7551E99C84B/","OK","https://steamusercontent-a.akamaihd.net/ugc/13874377488447758171/176E993DB9378255E1BB74FFDD4A45558C98D895/","OK"
"Gravediggers","Commando Officers","de42a4","Commando Officers","https://steamusercontent-a.akamaihd.net/ugc/18242505973224082789/5377F9CC1533CA705184B8F2F166A6C88CC6D3C5/","OK","https://steamusercontent-a.akamaihd.net/ugc/12440219610001753574/C4AB6C134B6285F5DED18421D0F8AA1FADAB0460/","OK","https://steamusercontent-a.akamaihd.net/ugc/10133538707289192992/DD5EBD8BB991A1FA57E48519DD52CE77CE8A3452/","OK"
"Gravediggers","30mm base","797eca","30mm base_797eca","https://steamusercontent-a.akamaihd.net/ugc/13874377488447758171/176E993DB9378255E1BB74FFDD4A45558C98D895/","OK","https://steamusercontent-a.akamaihd.net/ugc/12567320968847447633/73A0276D495FE24E74341E06E6E2E7551E99C84B/","OK","https://steamusercontent-a.akamaihd.net/ugc/13874377488447758171/176E993DB9378255E1BB74FFDD4A45558C98D895/","OK"
"Gravediggers","Captain Cynthia Rosko","2dc037","Captain Cynthia Rosko","https://steamusercontent-a.akamaihd.net/ugc/16949390471528136138/81D965641292F9FEE24B67945ECF1B17670D28FB/","OK","https://steamusercontent-a.akamaihd.net/ugc/15203948080095814478/3C74BDBB38258978095E61EBB5726469D5441D4C/","OK","https://steamusercontent-a.akamaihd.net/ugc/16902321253955657573/15E77C26AD380AA20E65A5AAEB68D0DE1A19AFA6/","OK"
"Gravediggers","30mm base","658fb1","30mm base_658fb1","https://steamusercontent-a.akamaihd.net/ugc/13874377488447758171/176E993DB9378255E1BB74FFDD4A45558C98D895/","OK","https://steamusercontent-a.akamaihd.net/ugc/12567320968847447633/73A0276D495FE24E74341E06E6E2E7551E99C84B/","OK","https://steamusercontent-a.akamaihd.net/ugc/13874377488447758171/176E993DB9378255E1BB74FFDD4A45558C98D895/","OK"
"Gravediggers","Gravedigger Gun Mages","0347b1","Gravedigger Gun Mages","https://steamusercontent-a.akamaihd.net/ugc/16067144237282940991/0FB2A426F88041C448570C1C3D9B5C59B4E492B8/","OK","https://steamusercontent-a.akamaihd.net/ugc/16483651074743556254/4E45ACC9D8FC743D9475D42A1ADA2AF4B87E5237/","OK","https://steamusercontent-a.akamaihd.net/ugc/9925004388457316621/CF78B20C4B2888A035EC479123B9CBC0E51CF6D0/","OK"
"Gravediggers","30mm base","adc04f","30mm base_adc04f","https://steamusercontent-a.akamaihd.net/ugc/13874377488447758171/176E993DB9378255E1BB74FFDD4A45558C98D895/","OK","https://steamusercontent-a.akamaihd.net/ugc/12567320968847447633/73A0276D495FE24E74341E06E6E2E7551E99C84B/","OK","https://steamusercontent-a.akamaihd.net/ugc/13874377488447758171/176E993DB9378255E1BB74FFDD4A45558C98D895/","OK"
"Gravediggers","Heavy Field Gun","cd8a56","Heavy Field Gun","https://steamusercontent-a.akamaihd.net/ugc/12305597420181901458/89941A8AAA7746D5E3DE0A4FBDBF8E92EC590B76/","OK","https://steamusercontent-a.akamaihd.net/ugc/11962434616092128966/E0F37392CB360FF1C0E560CB00E613E1AEBF4559/","OK","https://steamusercontent-a.akamaihd.net/ugc/16296228828974535508/99CE31804B975D3CAE4156EE16E3632D6A1A5E7B/","OK"
"Gravediggers","80mm base","654170","80mm base_654170","https://steamusercontent-a.akamaihd.net/ugc/9507323413831057586/A5ABC7B4C6AB4A09010368C107AE198A3CCC3D7A/","OK","https://steamusercontent-a.akamaihd.net/ugc/13689441281025536368/320864517CC6C1AA07B2B7F87481582BCB5BD368/","OK","https://steamusercontent-a.akamaihd.net/ugc/9507323413831057586/A5ABC7B4C6AB4A09010368C107AE198A3CCC3D7A/","OK"
"Gravediggers","Heavy Machine Gun Crew","f75312","Heavy Machine Gun Crew","https://steamusercontent-a.akamaihd.net/ugc/14275624833689659287/2549A805198C76931E5EDFF6858DFC39F1222740/","OK","https://steamusercontent-a.akamaihd.net/ugc/14552894748335951659/581480FC4009136CF2664DF568E4D05544C0CF5C/","OK","https://steamusercontent-a.akamaihd.net/ugc/12897922463488629116/BC4B13FC5695F1DA3F7425ADB40559B91A1AF4D5/","OK"
"Gravediggers","50mm base","51bfd5","50mm base","https://steamusercontent-a.akamaihd.net/ugc/16565607465486734529/B3E55176002E04309EF32D048CCEB4FE1B14E5F9/","OK","https://steamusercontent-a.akamaihd.net/ugc/15825158844097975441/73A0276D495FE24E74341E06E6E2E7551E99C84B/","OK","https://steamusercontent-a.akamaihd.net/ugc/16565607465486734529/B3E55176002E04309EF32D048CCEB4FE1B14E5F9/","OK"
"Gravediggers","Light Airdrop","80e2e9","Light Airdrop","https://steamusercontent-a.akamaihd.net/ugc/15129533734747541624/451ED481B807C4186A76ECC794E2412F4A89E109/","OK","https://steamusercontent-a.akamaihd.net/ugc/15989834969179210295/3B1453340DF353D06197AC364316400F2F20CB5E/","OK","https://steamusercontent-a.akamaihd.net/ugc/15129533734747541624/451ED481B807C4186A76ECC794E2412F4A89E109/","OK"
"Gravediggers","30mm base","c7b782","30mm base_c7b782","https://steamusercontent-a.akamaihd.net/ugc/13874377488447758171/176E993DB9378255E1BB74FFDD4A45558C98D895/","OK","https://steamusercontent-a.akamaihd.net/ugc/12567320968847447633/73A0276D495FE24E74341E06E6E2E7551E99C84B/","OK","https://steamusercontent-a.akamaihd.net/ugc/13874377488447758171/176E993DB9378255E1BB74FFDD4A45558C98D895/","OK"
"Gravediggers","Light Airdrop","dd36de","Light Airdrop_dd36de","https://steamusercontent-a.akamaihd.net/ugc/10432084260875235365/71CFFAC9499A655600DB666AB4C336F81029CB51/","OK","https://steamusercontent-a.akamaihd.net/ugc/9695505055848734530/3B1453340DF353D06197AC364316400F2F20CB5E/","OK","https://steamusercontent-a.akamaihd.net/ugc/10432084260875235365/71CFFAC9499A655600DB666AB4C336F81029CB51/","OK"
"Gravediggers","30mm base","0a587d","30mm base_0a587d","https://steamusercontent-a.akamaihd.net/ugc/13874377488447758171/176E993DB9378255E1BB74FFDD4A45558C98D895/","OK","https://steamusercontent-a.akamaihd.net/ugc/12567320968847447633/73A0276D495FE24E74341E06E6E2E7551E99C84B/","OK","https://steamusercontent-a.akamaihd.net/ugc/13874377488447758171/176E993DB9378255E1BB74FFDD4A45558C98D895/","OK"
"Gravediggers","Light Airdrop","b62285","Light Airdrop_b62285","https://steamusercontent-a.akamaihd.net/ugc/9764027346144918454/C19C656F8C955CF7A1636518B3B2C7DF3A33EDB8/","OK","https://steamusercontent-a.akamaihd.net/ugc/10046320583472768136/3B1453340DF353D06197AC364316400F2F20CB5E/","OK","https://steamusercontent-a.akamaihd.net/ugc/10509668852572526464/A784D0CEC68929082C0556BEBD349D184B439DD7/","OK"
"Gravediggers","30mm base","595640","30mm base_595640","https://steamusercontent-a.akamaihd.net/ugc/13874377488447758171/176E993DB9378255E1BB74FFDD4A45558C98D895/","OK","https://steamusercontent-a.akamaihd.net/ugc/12567320968847447633/73A0276D495FE24E74341E06E6E2E7551E99C84B/","OK","https://steamusercontent-a.akamaihd.net/ugc/13874377488447758171/176E993DB9378255E1BB74FFDD4A45558C98D895/","OK"
"Gravediggers","Patriot","5e5ea3","Patriot","https://steamusercontent-a.akamaihd.net/ugc/16458177683994374084/94C40C1FC18E24928B0FBAA92A424CB31DDB82DE/","OK","https://steamusercontent-a.akamaihd.net/ugc/11951202845233558988/E6F2A55B064E11DF9B642DAEC74FC0893D8D25CD/","OK","https://steamusercontent-a.akamaihd.net/ugc/16974758410079209061/F46E78A57C36E5C598335A0FC8197D57820DC74B/","OK"
"Gravediggers","40mm base","c672e4","40mm base_c672e4","https://steamusercontent-a.akamaihd.net/ugc/17467293707643483270/604FF622A74CBBBBF8151DE2F002D8047DC69150/","OK","https://steamusercontent-a.akamaihd.net/ugc/18385099658346253955/73A0276D495FE24E74341E06E6E2E7551E99C84B/","OK","https://steamusercontent-a.akamaihd.net/ugc/17467293707643483270/604FF622A74CBBBBF8151DE2F002D8047DC69150/","OK"
"Gravediggers","Plugger","e0023c","Plugger","https://steamusercontent-a.akamaihd.net/ugc/14964228791484524880/19F0E429D371857A0B63C068C3DA3C2DD8FC8168/","OK","https://steamusercontent-a.akamaihd.net/ugc/11195793392976375283/5269C7731321D240E95C032D4BC4681CFEFC7C58/","OK","https://steamusercontent-a.akamaihd.net/ugc/16177216546434069587/4F402529B4D0B270FBDE6BDA1916B90F630662A2/","OK"
"Gravediggers","50mm base","22c699","50mm base_22c699","https://steamusercontent-a.akamaihd.net/ugc/16565607465486734529/B3E55176002E04309EF32D048CCEB4FE1B14E5F9/","OK","https://steamusercontent-a.akamaihd.net/ugc/15825158844097975441/73A0276D495FE24E74341E06E6E2E7551E99C84B/","OK","https://steamusercontent-a.akamaihd.net/ugc/16565607465486734529/B3E55176002E04309EF32D048CCEB4FE1B14E5F9/","OK"
"Gravediggers","Sergeant Brunaugh ""Bruno"" Ramjaw","7585b1","Sergeant Brunaugh _Bruno_ Ramjaw","https://steamusercontent-a.akamaihd.net/ugc/15663141384211109167/143D9B939483624EC026246CD84F8025BF8DF94C/","OK","https://steamusercontent-a.akamaihd.net/ugc/10354146204562390310/C78F865927FF53A1F08BD3D7A17939F27522B914/","OK","https://steamusercontent-a.akamaihd.net/ugc/17579857111968575478/4AC32AE7B030681ADFCE02E18FD0552A89F3C57B/","OK"
"Gravediggers","40mm base","ecb4e5","40mm base_ecb4e5","https://steamusercontent-a.akamaihd.net/ugc/17467293707643483270/604FF622A74CBBBBF8151DE2F002D8047DC69150/","OK","https://steamusercontent-a.akamaihd.net/ugc/18385099658346253955/73A0276D495FE24E74341E06E6E2E7551E99C84B/","OK","https://steamusercontent-a.akamaihd.net/ugc/17467293707643483270/604FF622A74CBBBBF8151DE2F002D8047DC69150/","OK"
"Gravediggers","Gravedigger Rangers","de4449","Gravedigger Rangers","https://steamusercontent-a.akamaihd.net/ugc/13852963745915988737/E00CEBC9A858021060C8B89BA7C2DC9F96EFC037/","OK","https://steamusercontent-a.akamaihd.net/ugc/17133060190378072739/590380A833AB36056D17101CC14C29B3786B720F/","OK","https://steamusercontent-a.akamaihd.net/ugc/14740796494009634170/1AD7C16A73EA4FC1590A7540E4ECCA9A58EDDF37/","OK"
"Gravediggers","30mm base","9d78b4","30mm base_9d78b4","https://steamusercontent-a.akamaihd.net/ugc/13874377488447758171/176E993DB9378255E1BB74FFDD4A45558C98D895/","OK","https://steamusercontent-a.akamaihd.net/ugc/12567320968847447633/73A0276D495FE24E74341E06E6E2E7551E99C84B/","OK","https://steamusercontent-a.akamaihd.net/ugc/13874377488447758171/176E993DB9378255E1BB74FFDD4A45558C98D895/","OK"
"Gravediggers","Gravedigger Rangers LMG","ca6cb5","Gravedigger Rangers LMG","https://steamusercontent-a.akamaihd.net/ugc/10045144341770641699/7B0A1929EF8D9AAA8BA198A47456A008766F970E/","OK","https://steamusercontent-a.akamaihd.net/ugc/13517584762356287593/590380A833AB36056D17101CC14C29B3786B720F/","OK","https://steamusercontent-a.akamaihd.net/ugc/13563559584373628720/60A15F4AFFC9A19496A7A34196D918E8D4648E7F/","OK"
"Gravediggers","30mm base","b2286a","30mm base_b2286a","https://steamusercontent-a.akamaihd.net/ugc/13874377488447758171/176E993DB9378255E1BB74FFDD4A45558C98D895/","OK","https://steamusercontent-a.akamaihd.net/ugc/12567320968847447633/73A0276D495FE24E74341E06E6E2E7551E99C84B/","OK","https://steamusercontent-a.akamaihd.net/ugc/13874377488447758171/176E993DB9378255E1BB74FFDD4A45558C98D895/","OK"
"Gravediggers","The Rowdies","9f53ce","The Rowdies","https://steamusercontent-a.akamaihd.net/ugc/9496979951941029415/E534F0981B734B6BE52DE04B8C3A3BE52011D4CF/","OK","https://steamusercontent-a.akamaihd.net/ugc/9618008806692700682/97C41EA370D3A9AACEFC79AD7B142E11015AB5D5/","OK","https://steamusercontent-a.akamaihd.net/ugc/17537033790225666438/3DA1CD8DA93BE8FD17D5C438B0F1195B11BFD9ED/","OK"
"Gravediggers","30mm base","5c1c22","30mm base_5c1c22","https://steamusercontent-a.akamaihd.net/ugc/13874377488447758171/176E993DB9378255E1BB74FFDD4A45558C98D895/","OK","https://steamusercontent-a.akamaihd.net/ugc/12567320968847447633/73A0276D495FE24E74341E06E6E2E7551E99C84B/","OK","https://steamusercontent-a.akamaihd.net/ugc/13874377488447758171/176E993DB9378255E1BB74FFDD4A45558C98D895/","OK"
"Gravediggers","The Rowdies","5e767e","The Rowdies_5e767e","https://steamusercontent-a.akamaihd.net/ugc/16509571050248103652/C41BEF20EAC50E3318B0211B386D7FE44A5500D8/","OK","https://steamusercontent-a.akamaihd.net/ugc/14942740034301197761/97C41EA370D3A9AACEFC79AD7B142E11015AB5D5/","OK","https://steamusercontent-a.akamaihd.net/ugc/17855626418307634500/0E82F46FB47C215D1315312CF349AAF6787BD5EA/","OK"
"Gravediggers","30mm base","b83ca0","30mm base_b83ca0","https://steamusercontent-a.akamaihd.net/ugc/13874377488447758171/176E993DB9378255E1BB74FFDD4A45558C98D895/","OK","https://steamusercontent-a.akamaihd.net/ugc/12567320968847447633/73A0276D495FE24E74341E06E6E2E7551E99C84B/","OK","https://steamusercontent-a.akamaihd.net/ugc/13874377488447758171/176E993DB9378255E1BB74FFDD4A45558C98D895/","OK"
"Gravediggers","The Rowdies","1a71bb","The Rowdies_1a71bb","https://steamusercontent-a.akamaihd.net/ugc/10764688400313114154/576D09F886DA712493FEEF512F84C8B242873E9B/","OK","https://steamusercontent-a.akamaihd.net/ugc/17803528866388358985/97C41EA370D3A9AACEFC79AD7B142E11015AB5D5/","OK","https://steamusercontent-a.akamaihd.net/ugc/13395889779311071087/D7891ACE19018158562CAD731BCB4BBF75EA2EBC/","OK"
"Gravediggers","30mm base","46b545","30mm base_46b545","https://steamusercontent-a.akamaihd.net/ugc/13874377488447758171/176E993DB9378255E1BB74FFDD4A45558C98D895/","OK","https://steamusercontent-a.akamaihd.net/ugc/12567320968847447633/73A0276D495FE24E74341E06E6E2E7551E99C84B/","OK","https://steamusercontent-a.akamaihd.net/ugc/13874377488447758171/176E993DB9378255E1BB74FFDD4A45558C98D895/","OK"
"Gravediggers","Trollkin Express Sniper","6c2e8c","Trollkin Express Sniper","https://steamusercontent-a.akamaihd.net/ugc/14838065977111534626/6436974BFC01EB9DC65C7F8F2018AC30BBE199D8/","OK","https://steamusercontent-a.akamaihd.net/ugc/17073370607409140194/E9AA2FBD67BD6470BF90EAE9AEB212D2F27D9331/","OK","https://steamusercontent-a.akamaihd.net/ugc/12252671164412442373/FC32CD6525E541D8C6DE4119736E9344F4D2E018/","OK"
"Gravediggers","40mm base","105bae","40mm base_105bae","https://steamusercontent-a.akamaihd.net/ugc/17467293707643483270/604FF622A74CBBBBF8151DE2F002D8047DC69150/","OK","https://steamusercontent-a.akamaihd.net/ugc/18385099658346253955/73A0276D495FE24E74341E06E6E2E7551E99C84B/","OK","https://steamusercontent-a.akamaihd.net/ugc/17467293707643483270/604FF622A74CBBBBF8151DE2F002D8047DC69150/","OK"
"Gravediggers","Valiant","087604","Valiant","https://steamusercontent-a.akamaihd.net/ugc/14572880415584797873/988CB8CFE7A2B66A6C6F07AADE7354A1E6E753B1/","OK","https://steamusercontent-a.akamaihd.net/ugc/10939201857268748576/00581B527020F4B117834961EFDC5D22EAE47990/","OK","https://steamusercontent-a.akamaihd.net/ugc/16308797950648774095/BD7E3B874E4AEDC5D5A56D1AB373C5CC4DDBB445/","OK"
"Gravediggers","50mm base","b07eed","50mm base_b07eed","https://steamusercontent-a.akamaihd.net/ugc/16565607465486734529/B3E55176002E04309EF32D048CCEB4FE1B14E5F9/","OK","https://steamusercontent-a.akamaihd.net/ugc/15825158844097975441/73A0276D495FE24E74341E06E6E2E7551E99C84B/","OK","https://steamusercontent-a.akamaihd.net/ugc/16565607465486734529/B3E55176002E04309EF32D048CCEB4FE1B14E5F9/","OK"
"Gravediggers","Major Grant Vargus","646518","Major Grant Vargus","https://steamusercontent-a.akamaihd.net/ugc/13458399660571110138/AC8B36F528A29C6C00CAB7A9B67BF61ACB373D06/","OK","https://steamusercontent-a.akamaihd.net/ugc/9282388439383439504/067BDC0763623BA3B55238A1414214642F19B03E/","OK","https://steamusercontent-a.akamaihd.net/ugc/10449707361056499681/B326F7ECD3EE7715E042EB06E48268ADA6A3C04F/","OK"
"Gravediggers","40mm base","5eeba6","40mm base_5eeba6","https://steamusercontent-a.akamaihd.net/ugc/17467293707643483270/604FF622A74CBBBBF8151DE2F002D8047DC69150/","OK","https://steamusercontent-a.akamaihd.net/ugc/18385099658346253955/73A0276D495FE24E74341E06E6E2E7551E99C84B/","OK","https://steamusercontent-a.akamaihd.net/ugc/17467293707643483270/604FF622A74CBBBBF8151DE2F002D8047DC69150/","OK"
"Gravediggers","Colonel Allison Jakes","56e93c","Colonel Allison Jakes","https://steamusercontent-a.akamaihd.net/ugc/18091003580342640929/5A45DAFF774616123378F6B417D0998D7B7F259A/","OK","https://steamusercontent-a.akamaihd.net/ugc/12637190059274603239/1FB55FCBDB1F70368D32DE1EC7CD0CFBF6DE1E35/","OK","https://steamusercontent-a.akamaihd.net/ugc/11533517462757333474/F08283C88EBDEF6FBA48A0CDD457B157AFDE9DBA/","OK"
"Gravediggers","30mm base","c0af32","30mm base_c0af32","https://steamusercontent-a.akamaihd.net/ugc/13874377488447758171/176E993DB9378255E1BB74FFDD4A45558C98D895/","OK","https://steamusercontent-a.akamaihd.net/ugc/12567320968847447633/73A0276D495FE24E74341E06E6E2E7551E99C84B/","OK","https://steamusercontent-a.akamaihd.net/ugc/13874377488447758171/176E993DB9378255E1BB74FFDD4A45558C98D895/","OK"
"Gravediggers","Captain Argo Brock","31cd5c","Captain Argo Brock","https://steamusercontent-a.akamaihd.net/ugc/15058054499081797614/8FDB44E417710199F602904479244C5DA9F8C454/","OK","https://steamusercontent-a.akamaihd.net/ugc/11776016654109831767/AC8BEE7D1753C130937DABA0D46E4C436F836339/","OK","https://steamusercontent-a.akamaihd.net/ugc/15985165537263016848/48B6DE77B3A581EBE69CA965D370BBFC1E8D972B/","OK"
"Gravediggers","40mm base","71a9ea","40mm base_71a9ea","https://steamusercontent-a.akamaihd.net/ugc/17467293707643483270/604FF622A74CBBBBF8151DE2F002D8047DC69150/","OK","https://steamusercontent-a.akamaihd.net/ugc/18385099658346253955/73A0276D495FE24E74341E06E6E2E7551E99C84B/","OK","https://steamusercontent-a.akamaihd.net/ugc/17467293707643483270/604FF622A74CBBBBF8151DE2F002D8047DC69150/","OK"
"Gravediggers","Assault Strider","05f831","Assault Strider","https://steamusercontent-a.akamaihd.net/ugc/15010535133151882839/44F73A0ED71D5AF2D16EE73F962D97587E978446/","OK","https://steamusercontent-a.akamaihd.net/ugc/17255752007012882809/4D87D3D1FE571F5FFF025C73989A8BB1AEBFC8C8/","OK","https://steamusercontent-a.akamaihd.net/ugc/13729810049148526976/3C9AD9B890558C443AF3E29BE674C9D6FD0B717C/","OK"
"Gravediggers","80mm base","b97865","80mm base_b97865","https://steamusercontent-a.akamaihd.net/ugc/9507323413831057586/A5ABC7B4C6AB4A09010368C107AE198A3CCC3D7A/","OK","https://steamusercontent-a.akamaihd.net/ugc/13689441281025536368/320864517CC6C1AA07B2B7F87481582BCB5BD368/","OK","https://steamusercontent-a.akamaihd.net/ugc/9507323413831057586/A5ABC7B4C6AB4A09010368C107AE198A3CCC3D7A/","OK"
"Gravediggers","Bandit","ff81b8","Bandit","https://steamusercontent-a.akamaihd.net/ugc/13083645337814374388/665089ED7E34B92DDE66BDED1D29EA68C0696325/","OK","https://steamusercontent-a.akamaihd.net/ugc/16543025477594670039/64EB8631AAD2459D1335A17DC0795135CFF974E1/","OK","https://steamusercontent-a.akamaihd.net/ugc/18236762169007226557/572A95030AF6411100DC687751410296A666215F/","OK"
"Gravediggers","80mm base","0bf3aa","80mm base_0bf3aa","https://steamusercontent-a.akamaihd.net/ugc/9507323413831057586/A5ABC7B4C6AB4A09010368C107AE198A3CCC3D7A/","OK","https://steamusercontent-a.akamaihd.net/ugc/13689441281025536368/320864517CC6C1AA07B2B7F87481582BCB5BD368/","OK","https://steamusercontent-a.akamaihd.net/ugc/9507323413831057586/A5ABC7B4C6AB4A09010368C107AE198A3CCC3D7A/","OK"
"Gravediggers","Beaker","d902ea","Beaker","https://steamusercontent-a.akamaihd.net/ugc/11262511386622322341/45483B91F7185D3E49A71AB548C79D967379F9E2/","OK","https://steamusercontent-a.akamaihd.net/ugc/12045100103113841282/D68FA89F73B26944F87C33C8F1967A6EB33D9649/","OK","https://steamusercontent-a.akamaihd.net/ugc/12281509740404377650/13A6840674B313475924FABD2E70B122A9529FEA/","OK"
"Gravediggers","50mm base","e67be8","50mm base_e67be8","https://steamusercontent-a.akamaihd.net/ugc/16565607465486734529/B3E55176002E04309EF32D048CCEB4FE1B14E5F9/","OK","https://steamusercontent-a.akamaihd.net/ugc/15825158844097975441/73A0276D495FE24E74341E06E6E2E7551E99C84B/","OK","https://steamusercontent-a.akamaihd.net/ugc/16565607465486734529/B3E55176002E04309EF32D048CCEB4FE1B14E5F9/","OK"
"Gravediggers","Gravedigger Commandos","e8ac22","Gravedigger Commandos","https://steamusercontent-a.akamaihd.net/ugc/16894569096106122810/1681774DC736DE7D0CF712689693F2F963773FA7/","OK","https://steamusercontent-a.akamaihd.net/ugc/12781764177309489127/42B1F1E29D9278E9126FD06835B8D47ADC49F477/","OK","https://steamusercontent-a.akamaihd.net/ugc/16894569096106122810/1681774DC736DE7D0CF712689693F2F963773FA7/","OK"
"Gravediggers","30mm base","a06c33","30mm base_a06c33","https://steamusercontent-a.akamaihd.net/ugc/13874377488447758171/176E993DB9378255E1BB74FFDD4A45558C98D895/","OK","https://steamusercontent-a.akamaihd.net/ugc/12567320968847447633/73A0276D495FE24E74341E06E6E2E7551E99C84B/","OK","https://steamusercontent-a.akamaihd.net/ugc/13874377488447758171/176E993DB9378255E1BB74FFDD4A45558C98D895/","OK"
"Gravediggers","Skirmisher","bbc872","Skirmisher","https://steamusercontent-a.akamaihd.net/ugc/17123303178413923007/455C2A397C8F73AEBAFE6946864FF49C618B9AA1/","OK","https://steamusercontent-a.akamaihd.net/ugc/10827053694983984701/DC0EB7DF94C202B22D1C6A0DCE9F98080F7FE599/","OK","https://steamusercontent-a.akamaihd.net/ugc/12541763399116154053/B456FB9B3D5C2EA9A50192D066B344830B61CD80/","OK"
"Gravediggers","40mm base","123223","40mm base_123223","https://steamusercontent-a.akamaihd.net/ugc/17467293707643483270/604FF622A74CBBBBF8151DE2F002D8047DC69150/","OK","https://steamusercontent-a.akamaihd.net/ugc/18385099658346253955/73A0276D495FE24E74341E06E6E2E7551E99C84B/","OK","https://steamusercontent-a.akamaihd.net/ugc/17467293707643483270/604FF622A74CBBBBF8151DE2F002D8047DC69150/","OK"
"Gravediggers","Raider","5d5f8d","Raider","https://steamusercontent-a.akamaihd.net/ugc/17953585985951592117/922B2433360D67FC8D8DB9F71341657BF14B2652/","OK","https://steamusercontent-a.akamaihd.net/ugc/17777951038517294553/25709FB5B95602D32324FC992D97D249F68578E1/","OK","https://steamusercontent-a.akamaihd.net/ugc/16389521281985404496/DBE81611F32CC6A56DD41E734685C0B35BC72CED/","OK"
"Gravediggers","40mm base","62b539","40mm base_62b539","https://steamusercontent-a.akamaihd.net/ugc/17467293707643483270/604FF622A74CBBBBF8151DE2F002D8047DC69150/","OK","https://steamusercontent-a.akamaihd.net/ugc/18385099658346253955/73A0276D495FE24E74341E06E6E2E7551E99C84B/","OK","https://steamusercontent-a.akamaihd.net/ugc/17467293707643483270/604FF622A74CBBBBF8151DE2F002D8047DC69150/","OK"
"Sea Raiders","Gharlghast","f47b11","Gharlghast","https://steamusercontent-a.akamaihd.net/ugc/10491672152086166987/CEC62F2C1AD65A28479E389ED43B92235D8E970A/","OK","https://steamusercontent-a.akamaihd.net/ugc/14139804897828583507/30132C108CF6302CF9D052EC34223BF8E4907274/","OK","https://steamusercontent-a.akamaihd.net/ugc/17420298231721315237/56C35185C8FF2B8B38E13C946B39DEB53A1F386E/","OK"
"Sea Raiders","120mm base","8f1385","120mm base","https://steamusercontent-a.akamaihd.net/ugc/12398511746798383282/8D39692EEAE81114A3928C7F29445387B09B6611/","OK","https://steamusercontent-a.akamaihd.net/ugc/11874514094192302541/7B239DB4E92CEB6849B4D3A3066F6274DD65B1BC/","OK","https://steamusercontent-a.akamaihd.net/ugc/12398511746798383282/8D39692EEAE81114A3928C7F29445387B09B6611/","OK"
"Sea Raiders","Anathia, The Imperishable Desolation","4661bc","Anathia, The Imperishable Desolation","https://steamusercontent-a.akamaihd.net/ugc/14270554932509102315/FF8A739AC613B8C8D08566476ED01CC726A32BA4/","OK","https://steamusercontent-a.akamaihd.net/ugc/15246843503540173836/4506ABA394D1A0F3B5EA18F5C21A001C09B35BDD/","OK","https://steamusercontent-a.akamaihd.net/ugc/9567312169197308627/9AA07A809390F8CB3B27C13F124980C1DB3A87C5/","OK"
"Sea Raiders","40mm base","a5470c","40mm base","https://steamusercontent-a.akamaihd.net/ugc/17467293707643483270/604FF622A74CBBBBF8151DE2F002D8047DC69150/","OK","https://steamusercontent-a.akamaihd.net/ugc/18385099658346253955/73A0276D495FE24E74341E06E6E2E7551E99C84B/","OK","https://steamusercontent-a.akamaihd.net/ugc/17467293707643483270/604FF622A74CBBBBF8151DE2F002D8047DC69150/","OK"
"Sea Raiders","Assault Reavers","c9e901","Assault Reavers","https://steamusercontent-a.akamaihd.net/ugc/10174277205641031492/12CF86D3807552BCCB8879738AC5F9B8E82466E6/","OK","https://steamusercontent-a.akamaihd.net/ugc/15099619151023656236/63481FE4BB03F8D23AE9BEEA529FF96B3ED86F74/","OK","https://steamusercontent-a.akamaihd.net/ugc/9524156420017104736/49EF457B1AAE8B5A49AE8D81DE035F745A8FE16B/","OK"
"Sea Raiders","40mm base","bad165","40mm base_bad165","https://steamusercontent-a.akamaihd.net/ugc/17467293707643483270/604FF622A74CBBBBF8151DE2F002D8047DC69150/","OK","https://steamusercontent-a.akamaihd.net/ugc/18385099658346253955/73A0276D495FE24E74341E06E6E2E7551E99C84B/","OK","https://steamusercontent-a.akamaihd.net/ugc/17467293707643483270/604FF622A74CBBBBF8151DE2F002D8047DC69150/","OK"
"Sea Raiders","Azdharak, Herald of Immolation","5d2571","Azdharak, Herald of Immolation","https://steamusercontent-a.akamaihd.net/ugc/13073841661613590748/A5C803D7546872B20E8D8E6256EDE5EEA7A39C15/","OK","https://steamusercontent-a.akamaihd.net/ugc/14543461738855410064/930DB07D0A586307B498D47AE3F2012DF9FE65E7/","OK","https://steamusercontent-a.akamaihd.net/ugc/16464825211831484898/08A96BB381762B93DC70BE58D92F7AFEE9A2138E/","OK"
"Sea Raiders","80mm base","ba452a","80mm base","https://steamusercontent-a.akamaihd.net/ugc/9507323413831057586/A5ABC7B4C6AB4A09010368C107AE198A3CCC3D7A/","OK","https://steamusercontent-a.akamaihd.net/ugc/13689441281025536368/320864517CC6C1AA07B2B7F87481582BCB5BD368/","OK","https://steamusercontent-a.akamaihd.net/ugc/9507323413831057586/A5ABC7B4C6AB4A09010368C107AE198A3CCC3D7A/","OK"
"Sea Raiders","Barrow Ghoul","10a383","Barrow Ghoul","https://steamusercontent-a.akamaihd.net/ugc/12292643349652571195/817F8AC7D8A95562198D730400C159872D49E4BD/","OK","https://steamusercontent-a.akamaihd.net/ugc/16274228071199299787/5B12A98B0009020DE5C341C3ABCA70B4674190F3/","OK","https://steamusercontent-a.akamaihd.net/ugc/12831044098757815016/F6C392754CFAF260B3657785B3246525EDB4CFF7/","OK"
"Sea Raiders","50mm base","507c0c","50mm base","https://steamusercontent-a.akamaihd.net/ugc/16565607465486734529/B3E55176002E04309EF32D048CCEB4FE1B14E5F9/","OK","https://steamusercontent-a.akamaihd.net/ugc/15825158844097975441/73A0276D495FE24E74341E06E6E2E7551E99C84B/","OK","https://steamusercontent-a.akamaihd.net/ugc/16565607465486734529/B3E55176002E04309EF32D048CCEB4FE1B14E5F9/","OK"
"Sea Raiders","Charnel Hound","16c5ce","Charnel Hound","https://steamusercontent-a.akamaihd.net/ugc/18322055355800195736/B81EE660DB7387FFDB60C88700435E784A793C32/","OK","https://steamusercontent-a.akamaihd.net/ugc/15489800241871112614/AA2FE288D36693CFBD10AD25711704A5783645F1/","OK","https://steamusercontent-a.akamaihd.net/ugc/11079428643611013413/972F644C1F803AF48F45F20C9DCEF217CB803E28/","OK"
"Sea Raiders","40mm base","3eed45","40mm base_3eed45","https://steamusercontent-a.akamaihd.net/ugc/17467293707643483270/604FF622A74CBBBBF8151DE2F002D8047DC69150/","OK","https://steamusercontent-a.akamaihd.net/ugc/18385099658346253955/73A0276D495FE24E74341E06E6E2E7551E99C84B/","OK","https://steamusercontent-a.akamaihd.net/ugc/17467293707643483270/604FF622A74CBBBBF8151DE2F002D8047DC69150/","OK"
"Sea Raiders","Gnashers","877e57","Gnashers","https://steamusercontent-a.akamaihd.net/ugc/14126747608645387149/669E8DADD97E6703F4C4B7B09A90D04AE8575722/","OK","https://steamusercontent-a.akamaihd.net/ugc/13521127108349272968/8D483C9DD8E93F8281BFA1DD58E8E79192FAAFA3/","OK","https://steamusercontent-a.akamaihd.net/ugc/13717309880920833222/BC17BBFF420FCA9DDB6CAA364F59F9CE6FDE755A/","OK"
"Sea Raiders","40mm base","2f0ae3","40mm base_2f0ae3","https://steamusercontent-a.akamaihd.net/ugc/17467293707643483270/604FF622A74CBBBBF8151DE2F002D8047DC69150/","OK","https://steamusercontent-a.akamaihd.net/ugc/18385099658346253955/73A0276D495FE24E74341E06E6E2E7551E99C84B/","OK","https://steamusercontent-a.akamaihd.net/ugc/17467293707643483270/604FF622A74CBBBBF8151DE2F002D8047DC69150/","OK"
"Sea Raiders","Grhotten Champion","5efce3","Grhotten Champion","https://steamusercontent-a.akamaihd.net/ugc/11269861520316226285/41B952B46B6E830CDA0FA1A45FF3406BA743087C/","OK","https://steamusercontent-a.akamaihd.net/ugc/18276806990492044179/40E96BAFFFC9929BCCAFF75FA9206683D0BD6A56/","OK","https://steamusercontent-a.akamaihd.net/ugc/17688439119340015896/CF10AF83778B7F99D4170DC0022AC135C1F3562E/","OK"
"Sea Raiders","50mm base","6d83f5","50mm base_6d83f5","https://steamusercontent-a.akamaihd.net/ugc/16565607465486734529/B3E55176002E04309EF32D048CCEB4FE1B14E5F9/","OK","https://steamusercontent-a.akamaihd.net/ugc/15825158844097975441/73A0276D495FE24E74341E06E6E2E7551E99C84B/","OK","https://steamusercontent-a.akamaihd.net/ugc/16565607465486734529/B3E55176002E04309EF32D048CCEB4FE1B14E5F9/","OK"
"Sea Raiders","Halexus the Warlord","b9314f","Halexus the Warlord","https://steamusercontent-a.akamaihd.net/ugc/10141151071433478352/A2F44B281F2C4E42113BDBF50DF4ED8B157CC1D0/","OK","https://steamusercontent-a.akamaihd.net/ugc/17447937160272372406/6AEFF01CD895788AE602E4DB3D1573698F40B820/","OK","https://steamusercontent-a.akamaihd.net/ugc/17020815542549573596/9E8EA58759986BBA0371D93AEEE2989E0556EA8E/","OK"
"Sea Raiders","40mm base","cfa49d","40mm base_cfa49d","https://steamusercontent-a.akamaihd.net/ugc/17467293707643483270/604FF622A74CBBBBF8151DE2F002D8047DC69150/","OK","https://steamusercontent-a.akamaihd.net/ugc/18385099658346253955/73A0276D495FE24E74341E06E6E2E7551E99C84B/","OK","https://steamusercontent-a.akamaihd.net/ugc/17467293707643483270/604FF622A74CBBBBF8151DE2F002D8047DC69150/","OK"
"Sea Raiders","Horruskh, The Thousand Wraths","8b2342","Horruskh, The Thousand Wraths","https://steamusercontent-a.akamaihd.net/ugc/10137323952492367029/26E8D79995FC1FC5068FF5A49C3B8BACE498C7AC/","OK","https://steamusercontent-a.akamaihd.net/ugc/18239767999499268449/FC1330DC59AE767C52B060878384351AA07D407F/","OK","https://steamusercontent-a.akamaihd.net/ugc/10857349960954430640/4BB5E08704C241218EC1B100CD429D165FC0D008/","OK"
"Sea Raiders","40mm base","cd7f3a","40mm base_cd7f3a","https://steamusercontent-a.akamaihd.net/ugc/17467293707643483270/604FF622A74CBBBBF8151DE2F002D8047DC69150/","OK","https://steamusercontent-a.akamaihd.net/ugc/18385099658346253955/73A0276D495FE24E74341E06E6E2E7551E99C84B/","OK","https://steamusercontent-a.akamaihd.net/ugc/17467293707643483270/604FF622A74CBBBBF8151DE2F002D8047DC69150/","OK"
"Sea Raiders","Jackal","d99202","Jackal","https://steamusercontent-a.akamaihd.net/ugc/12261158763286995268/7032AA347728716F3164F505173C9EEDB405CA84/","OK","https://steamusercontent-a.akamaihd.net/ugc/16142440389254624774/585E9C6A46DDB4EE169C7803008C6EEFAE1FE590/","OK","https://steamusercontent-a.akamaihd.net/ugc/9913412639304890430/8A099DB39A736420EDD1F60B18BCC106125AB18D/","OK"
"Sea Raiders","40mm base","ea48aa","40mm base_ea48aa","https://steamusercontent-a.akamaihd.net/ugc/17467293707643483270/604FF622A74CBBBBF8151DE2F002D8047DC69150/","OK","https://steamusercontent-a.akamaihd.net/ugc/18385099658346253955/73A0276D495FE24E74341E06E6E2E7551E99C84B/","OK","https://steamusercontent-a.akamaihd.net/ugc/17467293707643483270/604FF622A74CBBBBF8151DE2F002D8047DC69150/","OK"
"Sea Raiders","Kishtaar, the Howling Silence","a9858c","Kishtaar, the Howling Silence","https://steamusercontent-a.akamaihd.net/ugc/13374810872783438455/B9C322F82F7B298648AE2A1DE20ED0D943DA981E/","OK","https://steamusercontent-a.akamaihd.net/ugc/12851220845324466484/E82497807434F0C079739FF23C6A3E19035F2AE4/","OK","https://steamusercontent-a.akamaihd.net/ugc/13290133818085594385/DAFC60E418CBEFF6AE85E76967D5A6C3105D3A93/","OK"
"Sea Raiders","40mm base","8da745","40mm base_8da745","https://steamusercontent-a.akamaihd.net/ugc/17467293707643483270/604FF622A74CBBBBF8151DE2F002D8047DC69150/","OK","https://steamusercontent-a.akamaihd.net/ugc/18385099658346253955/73A0276D495FE24E74341E06E6E2E7551E99C84B/","OK","https://steamusercontent-a.akamaihd.net/ugc/17467293707643483270/604FF622A74CBBBBF8151DE2F002D8047DC69150/","OK"
"Sea Raiders","Molok","1eed22","Molok","https://steamusercontent-a.akamaihd.net/ugc/11166311587063895512/B563AF4CFC81B5C8F52B54DB340A1435E1BEB77D/","OK","https://steamusercontent-a.akamaihd.net/ugc/11893857609000615544/529029EA379CB7ADE48D962AB69952A6D857837F/","OK","https://steamusercontent-a.akamaihd.net/ugc/10697074635438853963/DD8D9EE75013F0122D33DA552E49CBA8EA0D4F1B/","OK"
"Sea Raiders","50mm base","72cefb","50mm base_72cefb","https://steamusercontent-a.akamaihd.net/ugc/16565607465486734529/B3E55176002E04309EF32D048CCEB4FE1B14E5F9/","OK","https://steamusercontent-a.akamaihd.net/ugc/15825158844097975441/73A0276D495FE24E74341E06E6E2E7551E99C84B/","OK","https://steamusercontent-a.akamaihd.net/ugc/16565607465486734529/B3E55176002E04309EF32D048CCEB4FE1B14E5F9/","OK"
"Sea Raiders","Oriax, the Soul Slaver","63ea40","Oriax, the Soul Slaver","https://steamusercontent-a.akamaihd.net/ugc/13386253615289217875/DFEFAD0EB02B0092BF199B94BECFDF33E0EE3F4C/","OK","https://steamusercontent-a.akamaihd.net/ugc/15010005464620583318/67F8B06203A7E5E78C4FF71A46B9DA4D3B28C1A8/","OK","https://steamusercontent-a.akamaihd.net/ugc/13803204441757782981/1417A3F63C7BBAED70FF4F5EE43DF709D489C4EB/","OK"
"Sea Raiders","40mm base","278f63","40mm base_278f63","https://steamusercontent-a.akamaihd.net/ugc/17467293707643483270/604FF622A74CBBBBF8151DE2F002D8047DC69150/","OK","https://steamusercontent-a.akamaihd.net/ugc/18385099658346253955/73A0276D495FE24E74341E06E6E2E7551E99C84B/","OK","https://steamusercontent-a.akamaihd.net/ugc/17467293707643483270/604FF622A74CBBBBF8151DE2F002D8047DC69150/","OK"
"Sea Raiders","Orsus the Betrayed","856116","Orsus the Betrayed","https://steamusercontent-a.akamaihd.net/ugc/12065652641032025417/E8A4BF69150A9671C7DAFD31AF19275823E196A8/","OK","https://steamusercontent-a.akamaihd.net/ugc/17753918730317158651/59184896FC23AC3B464D2E258DE50A80972B586B/","OK","https://steamusercontent-a.akamaihd.net/ugc/17194272930679703806/8358B8525617F8727A98AFBFF9BDB1CA887A6CED/","OK"
"Sea Raiders","50mm base","42863e","50mm base_42863e","https://steamusercontent-a.akamaihd.net/ugc/16565607465486734529/B3E55176002E04309EF32D048CCEB4FE1B14E5F9/","OK","https://steamusercontent-a.akamaihd.net/ugc/15825158844097975441/73A0276D495FE24E74341E06E6E2E7551E99C84B/","OK","https://steamusercontent-a.akamaihd.net/ugc/16565607465486734529/B3E55176002E04309EF32D048CCEB4FE1B14E5F9/","OK"
"Sea Raiders","Reaver Commander","afc1ef","Reaver Commander","https://steamusercontent-a.akamaihd.net/ugc/17250042866216287365/A7EE7E80F3646DFD77F8005B8B4F2364EE709B7C/","OK","https://steamusercontent-a.akamaihd.net/ugc/12607148237749633912/4ACF9C2344FA77858F01EF63119A9D07321C5DF9/","OK","https://steamusercontent-a.akamaihd.net/ugc/16593275330527340306/50458A43BDE7AD795D16154D2DE80FA59549D70E/","OK"
"Sea Raiders","40mm base","5a7b48","40mm base_5a7b48","https://steamusercontent-a.akamaihd.net/ugc/17467293707643483270/604FF622A74CBBBBF8151DE2F002D8047DC69150/","OK","https://steamusercontent-a.akamaihd.net/ugc/18385099658346253955/73A0276D495FE24E74341E06E6E2E7551E99C84B/","OK","https://steamusercontent-a.akamaihd.net/ugc/17467293707643483270/604FF622A74CBBBBF8151DE2F002D8047DC69150/","OK"
"Sea Raiders","Reaver Skirmishers","0f66ce","Reaver Skirmishers","https://steamusercontent-a.akamaihd.net/ugc/9402669042450982160/C2E251D07E55F2D70CEB23546D722EBAE77AE439/","OK","https://steamusercontent-a.akamaihd.net/ugc/12295585127155459801/FB5884F2C90ACBF62212DB0FFFF17C388EE8C5E3/","OK","https://steamusercontent-a.akamaihd.net/ugc/16161720123063731393/1E11E1B3B23EEBCC6A20FD8F5ABDCED3B69C6987/","OK"
"Sea Raiders","40mm base","ed2b45","40mm base_ed2b45","https://steamusercontent-a.akamaihd.net/ugc/17467293707643483270/604FF622A74CBBBBF8151DE2F002D8047DC69150/","OK","https://steamusercontent-a.akamaihd.net/ugc/18385099658346253955/73A0276D495FE24E74341E06E6E2E7551E99C84B/","OK","https://steamusercontent-a.akamaihd.net/ugc/17467293707643483270/604FF622A74CBBBBF8151DE2F002D8047DC69150/","OK"
"Sea Raiders","Reaver Standard","a09150","Reaver Standard","https://steamusercontent-a.akamaihd.net/ugc/15834960798218155213/DB8FE8C1BE5BF0A260217A3891454B42585F9D37/","OK","https://steamusercontent-a.akamaihd.net/ugc/16055568272515229001/E5DD6E029BA51188AC6064BA9B9FFA70DCDBD29E/","OK","https://steamusercontent-a.akamaihd.net/ugc/14670799248340423104/EB3D01FD9FA7B26EE20389C25431D106588E1A7E/","OK"
"Sea Raiders","40mm base","2b22a2","40mm base_2b22a2","https://steamusercontent-a.akamaihd.net/ugc/17467293707643483270/604FF622A74CBBBBF8151DE2F002D8047DC69150/","OK","https://steamusercontent-a.akamaihd.net/ugc/18385099658346253955/73A0276D495FE24E74341E06E6E2E7551E99C84B/","OK","https://steamusercontent-a.akamaihd.net/ugc/17467293707643483270/604FF622A74CBBBBF8151DE2F002D8047DC69150/","OK"
"Sea Raiders","Revenant Champion","dbb70b","Revenant Champion","https://steamusercontent-a.akamaihd.net/ugc/17998665537573646386/EA381000A9CEE01A2B46E6736AEDDC9CF5E8D1D1/","OK","https://steamusercontent-a.akamaihd.net/ugc/12243506344027458139/B91FB7151C1B12DD4892FCB45984A33BED078DCB/","OK","https://steamusercontent-a.akamaihd.net/ugc/13120528589018847074/0EFFCD0D4091CC0800532FCDBCE354BDE7484CE0/","OK"
"Sea Raiders","40mm base","7bd773","40mm base_7bd773","https://steamusercontent-a.akamaihd.net/ugc/17467293707643483270/604FF622A74CBBBBF8151DE2F002D8047DC69150/","OK","https://steamusercontent-a.akamaihd.net/ugc/18385099658346253955/73A0276D495FE24E74341E06E6E2E7551E99C84B/","OK","https://steamusercontent-a.akamaihd.net/ugc/17467293707643483270/604FF622A74CBBBBF8151DE2F002D8047DC69150/","OK"
"Sea Raiders","Rhok Harriers","36b675","Rhok Harriers","https://steamusercontent-a.akamaihd.net/ugc/16853628714703929157/F75AA4669AEA6EA5AAE6791215B054F642C928C9/","OK","https://steamusercontent-a.akamaihd.net/ugc/13672956258057273981/A879708AC4202AD2D812B4BC44436655680ABD08/","OK","https://steamusercontent-a.akamaihd.net/ugc/17591593993356983537/EF6F51FC8A8D5AD32EAC8C778F5102E1D810ACCC/","OK"
"Sea Raiders","50mm base","98d282","50mm base_98d282","https://steamusercontent-a.akamaihd.net/ugc/16565607465486734529/B3E55176002E04309EF32D048CCEB4FE1B14E5F9/","OK","https://steamusercontent-a.akamaihd.net/ugc/15825158844097975441/73A0276D495FE24E74341E06E6E2E7551E99C84B/","OK","https://steamusercontent-a.akamaihd.net/ugc/16565607465486734529/B3E55176002E04309EF32D048CCEB4FE1B14E5F9/","OK"
"Sea Raiders","Sabbreth, the Eternal Annihilation","292ce7","Sabbreth, the Eternal Annihilation","https://steamusercontent-a.akamaihd.net/ugc/12439825690130976541/BB2594AAB1C6393F69D1FD4CD08D01C88C7A2B4B/","OK","https://steamusercontent-a.akamaihd.net/ugc/9784009028298784541/524D092CDE83A97222DFA2BC468E028618EB2755/","OK","https://steamusercontent-a.akamaihd.net/ugc/9610848234265120542/0AC125DA0ACB8C1CC270BE95F89BD9B580AE36E8/","OK"
"Sea Raiders","40mm base","c8c9ad","40mm base_c8c9ad","https://steamusercontent-a.akamaihd.net/ugc/17467293707643483270/604FF622A74CBBBBF8151DE2F002D8047DC69150/","OK","https://steamusercontent-a.akamaihd.net/ugc/18385099658346253955/73A0276D495FE24E74341E06E6E2E7551E99C84B/","OK","https://steamusercontent-a.akamaihd.net/ugc/17467293707643483270/604FF622A74CBBBBF8151DE2F002D8047DC69150/","OK"
"Sea Raiders","Siege Tarask","039813","Siege Tarask","https://steamusercontent-a.akamaihd.net/ugc/9535706763169908353/14397B70403A6CF23669D0D79AA4AB71CCBCC1F1/","OK","https://steamusercontent-a.akamaihd.net/ugc/14434180975673416658/3A4C7884FB233339D1FF64082C982B53B42E8FDF/","OK","https://steamusercontent-a.akamaihd.net/ugc/18150929371787148852/50070C68FCFB307AE1D0FEC3D06296DA6331CEA8/","OK"
"Sea Raiders","80mm base","e08bb8","80mm base_e08bb8","https://steamusercontent-a.akamaihd.net/ugc/9507323413831057586/A5ABC7B4C6AB4A09010368C107AE198A3CCC3D7A/","OK","https://steamusercontent-a.akamaihd.net/ugc/13689441281025536368/320864517CC6C1AA07B2B7F87481582BCB5BD368/","OK","https://steamusercontent-a.akamaihd.net/ugc/9507323413831057586/A5ABC7B4C6AB4A09010368C107AE198A3CCC3D7A/","OK"
"Sea Raiders","Strike Reavers","662aa5","Strike Reavers","https://steamusercontent-a.akamaihd.net/ugc/14233597131136651377/466E35A69D3244021A3B7D9575E3F008A5DD7052/","OK","https://steamusercontent-a.akamaihd.net/ugc/15852843748210727157/A7E13B54954B81C7216A46966DC4006AC5FAC165/","OK","https://steamusercontent-a.akamaihd.net/ugc/16764668405180666918/B8BEBFBB744538816ECEC9AD306EBF863644F340/","OK"
"Sea Raiders","40mm base","d4ba06","40mm base_d4ba06","https://steamusercontent-a.akamaihd.net/ugc/17467293707643483270/604FF622A74CBBBBF8151DE2F002D8047DC69150/","OK","https://steamusercontent-a.akamaihd.net/ugc/18385099658346253955/73A0276D495FE24E74341E06E6E2E7551E99C84B/","OK","https://steamusercontent-a.akamaihd.net/ugc/17467293707643483270/604FF622A74CBBBBF8151DE2F002D8047DC69150/","OK"
"Sea Raiders","Therion Vhanek","8924cc","Therion Vhanek","https://steamusercontent-a.akamaihd.net/ugc/17251328015399867273/88D931284D5EE1B49EE02D3DDC307589292AA7B1/","OK","https://steamusercontent-a.akamaihd.net/ugc/16043489234802207247/F9C22BEDC962947D10F3F709CA78A4C560CE35A1/","OK","https://steamusercontent-a.akamaihd.net/ugc/9559064999227964858/2002FAFFC9FA6CAA2CC537242940FF7D2DCBCE29/","OK"
"Sea Raiders","40mm base","4a458b","40mm base_4a458b","https://steamusercontent-a.akamaihd.net/ugc/17467293707643483270/604FF622A74CBBBBF8151DE2F002D8047DC69150/","OK","https://steamusercontent-a.akamaihd.net/ugc/18385099658346253955/73A0276D495FE24E74341E06E6E2E7551E99C84B/","OK","https://steamusercontent-a.akamaihd.net/ugc/17467293707643483270/604FF622A74CBBBBF8151DE2F002D8047DC69150/","OK"
"Sea Raiders","Tyrant","81e286","Tyrant","https://steamusercontent-a.akamaihd.net/ugc/13404896273992598035/B60141B57FEF4A9924F9BC99A2375FA6DF291CC9/","OK","https://steamusercontent-a.akamaihd.net/ugc/12245664671064791763/8F19AB1FD2F6CC289DAA10C19AED31EAFBEE1579/","OK","https://steamusercontent-a.akamaihd.net/ugc/14895341176749404027/AC603E792BEE86B033087A0992502AD72385BCC5/","OK"
"Sea Raiders","50mm base","77663f","50mm base_77663f","https://steamusercontent-a.akamaihd.net/ugc/16565607465486734529/B3E55176002E04309EF32D048CCEB4FE1B14E5F9/","OK","https://steamusercontent-a.akamaihd.net/ugc/15825158844097975441/73A0276D495FE24E74341E06E6E2E7551E99C84B/","OK","https://steamusercontent-a.akamaihd.net/ugc/16565607465486734529/B3E55176002E04309EF32D048CCEB4FE1B14E5F9/","OK"
"Sea Raiders","Ulkor Axers","48442f","Ulkor Axers","https://steamusercontent-a.akamaihd.net/ugc/17347200947431173650/7BC10C6B2029020ED0C687B2B512E9B896885ADB/","OK","https://steamusercontent-a.akamaihd.net/ugc/12241230022704463467/A5E9CFEC1AF3C45EF85B423B3298F57843D5AA77/","OK","https://steamusercontent-a.akamaihd.net/ugc/10235231000524417766/22520D8AB69B4923CF5B9E52EDC4BE0EE116ED4A/","OK"
"Sea Raiders","40mm base","547c04","40mm base_547c04","https://steamusercontent-a.akamaihd.net/ugc/17467293707643483270/604FF622A74CBBBBF8151DE2F002D8047DC69150/","OK","https://steamusercontent-a.akamaihd.net/ugc/18385099658346253955/73A0276D495FE24E74341E06E6E2E7551E99C84B/","OK","https://steamusercontent-a.akamaihd.net/ugc/17467293707643483270/604FF622A74CBBBBF8151DE2F002D8047DC69150/","OK"
"Sea Raiders","Ulkor Barragers","75edab","Ulkor Barragers","https://steamusercontent-a.akamaihd.net/ugc/14472184040608537290/7D43D759A3ED6115ACAC4462D47F99B37A0DACA5/","OK","https://steamusercontent-a.akamaihd.net/ugc/14994977452411239812/3F6E5FDC880FEABC8949F9211481EE4EF256A365/","OK","https://steamusercontent-a.akamaihd.net/ugc/15799654888485408751/836538ADF8FBDA045A50642D8BDF9AF8475F04F2/","OK"
"Sea Raiders","40mm base","7d6c29","40mm base_7d6c29","https://steamusercontent-a.akamaihd.net/ugc/17467293707643483270/604FF622A74CBBBBF8151DE2F002D8047DC69150/","OK","https://steamusercontent-a.akamaihd.net/ugc/18385099658346253955/73A0276D495FE24E74341E06E6E2E7551E99C84B/","OK","https://steamusercontent-a.akamaihd.net/ugc/17467293707643483270/604FF622A74CBBBBF8151DE2F002D8047DC69150/","OK"
"Sea Raiders","Volcar Forge Master","300bd6","Volcar Forge Master","https://steamusercontent-a.akamaihd.net/ugc/16862874668048539038/CA638AAD31305E36B2D36DAD9F15DE1F696305CE/","OK","https://steamusercontent-a.akamaihd.net/ugc/13873473477532917171/2A031C73637CB00ED224A4AE76B89CE0ABE6C1C0/","OK","https://steamusercontent-a.akamaihd.net/ugc/9687725041968552668/CA41002773E0A73B6C26D3BC2BB7746650016859/","OK"
"Sea Raiders","40mm base","01b76c","40mm base_01b76c","https://steamusercontent-a.akamaihd.net/ugc/17467293707643483270/604FF622A74CBBBBF8151DE2F002D8047DC69150/","OK","https://steamusercontent-a.akamaihd.net/ugc/18385099658346253955/73A0276D495FE24E74341E06E6E2E7551E99C84B/","OK","https://steamusercontent-a.akamaihd.net/ugc/17467293707643483270/604FF622A74CBBBBF8151DE2F002D8047DC69150/","OK"
"Sea Raiders","Warwitch Coven","93e742","Warwitch Coven","https://steamusercontent-a.akamaihd.net/ugc/10660008667292067148/8D3142BB10AB3C49C7DB4D8055C2C9672CB42D89/","OK","https://steamusercontent-a.akamaihd.net/ugc/15537506786629309324/6BD62462CDCD7631658E9125E27F24F14FC7EF8C/","OK","https://steamusercontent-a.akamaihd.net/ugc/15506065280105396231/68C62239F859BB5D6E92F6C5D1A15C582D24C71A/","OK"
"Sea Raiders","30mm base","3d2b43","30mm base","https://steamusercontent-a.akamaihd.net/ugc/13874377488447758171/176E993DB9378255E1BB74FFDD4A45558C98D895/","OK","https://steamusercontent-a.akamaihd.net/ugc/12567320968847447633/73A0276D495FE24E74341E06E6E2E7551E99C84B/","OK","https://steamusercontent-a.akamaihd.net/ugc/13874377488447758171/176E993DB9378255E1BB74FFDD4A45558C98D895/","OK"
"Sea Raiders","The Execrators","0ced88","The Execrators","https://steamusercontent-a.akamaihd.net/ugc/11360905521175187325/0D60F470184C07948BA70056764672BA47593DA3/","OK","https://steamusercontent-a.akamaihd.net/ugc/12991889736660310718/CD16DC98053F22BED33AA135AF0C78B5C4BEE2CF/","OK","https://steamusercontent-a.akamaihd.net/ugc/14689105783379643361/D15CD98FBDCAFB99229473A8F71FFA6BC531973F/","OK"
"Sea Raiders","40mm base","1d2e3a","40mm base_1d2e3a","https://steamusercontent-a.akamaihd.net/ugc/17467293707643483270/604FF622A74CBBBBF8151DE2F002D8047DC69150/","OK","https://steamusercontent-a.akamaihd.net/ugc/18385099658346253955/73A0276D495FE24E74341E06E6E2E7551E99C84B/","OK","https://steamusercontent-a.akamaihd.net/ugc/17467293707643483270/604FF622A74CBBBBF8151DE2F002D8047DC69150/","OK"
"Sea Raiders","Grhotten Keeper","bae384","Grhotten Keeper","https://steamusercontent-a.akamaihd.net/ugc/16915644110319957905/247749288E9FD38469CC937B04F4E8DBC5C69B43/","OK","https://steamusercontent-a.akamaihd.net/ugc/15665151796557294208/C1D7C41DDC2BA0F381BA6221FAD9F947650F2CF9/","OK","https://steamusercontent-a.akamaihd.net/ugc/12889432677231645628/4330163D6558AD555F4FBFDB919AE4F269062DB2/","OK"
"Sea Raiders","50mm base","21fb31","50mm base_21fb31","https://steamusercontent-a.akamaihd.net/ugc/16565607465486734529/B3E55176002E04309EF32D048CCEB4FE1B14E5F9/","OK","https://steamusercontent-a.akamaihd.net/ugc/15825158844097975441/73A0276D495FE24E74341E06E6E2E7551E99C84B/","OK","https://steamusercontent-a.akamaihd.net/ugc/16565607465486734529/B3E55176002E04309EF32D048CCEB4FE1B14E5F9/","OK"
"Sea Raiders","Ravener","63d007","Ravener","https://steamusercontent-a.akamaihd.net/ugc/16078468265439422135/B0F150FBB0A70E63264C8CF22C8A8D6DE1BD9D07/","OK","https://steamusercontent-a.akamaihd.net/ugc/14842014027777614587/6569063FE94773459BB4FBA60EAA71EA428CA151/","OK","https://steamusercontent-a.akamaihd.net/ugc/14718962344005431162/263198EA75AE102C74EFFBCC984B1712487A4D9C/","OK"
"Sea Raiders","50mm base","e3f0ab","50mm base_e3f0ab","https://steamusercontent-a.akamaihd.net/ugc/16565607465486734529/B3E55176002E04309EF32D048CCEB4FE1B14E5F9/","OK","https://steamusercontent-a.akamaihd.net/ugc/15825158844097975441/73A0276D495FE24E74341E06E6E2E7551E99C84B/","OK","https://steamusercontent-a.akamaihd.net/ugc/16565607465486734529/B3E55176002E04309EF32D048CCEB4FE1B14E5F9/","OK"
"Covenant of the Flame","Crusader","6975ec","Crusader","https://steamusercontent-a.akamaihd.net/ugc/17152518543167991236/98DCE2ACE7F0B567FCC3496BBD828978B7BF63B5/","OK","https://steamusercontent-a.akamaihd.net/ugc/15804708849979995427/ACA4EA5888F3C741EA676F2BA79E0DC89BCDBB11/","OK","https://steamusercontent-a.akamaihd.net/ugc/17275082215096187990/767967622502E28F179A4CD097D6AFCCC8C7B11F/","OK"
"Covenant of the Flame","50mm base","311b8f","50mm base","https://steamusercontent-a.akamaihd.net/ugc/16565607465486734529/B3E55176002E04309EF32D048CCEB4FE1B14E5F9/","OK","https://steamusercontent-a.akamaihd.net/ugc/15825158844097975441/73A0276D495FE24E74341E06E6E2E7551E99C84B/","OK","https://steamusercontent-a.akamaihd.net/ugc/16565607465486734529/B3E55176002E04309EF32D048CCEB4FE1B14E5F9/","OK"
"Covenant of the Flame","Cleanser Sanctifiers","dc5aba","Cleanser Sanctifiers","https://steamusercontent-a.akamaihd.net/ugc/12594525388219279936/87805A40612EB42DF3B9E6C01B62A97232A620C0/","OK","https://steamusercontent-a.akamaihd.net/ugc/12234174546705277201/EE7C0DEBDA97556D822669EB8652EBC57982B999/","OK","https://steamusercontent-a.akamaihd.net/ugc/16878594810341994078/C37B338ADC276CBFE73888FA82533201D8EBD413/","OK"
"Covenant of the Flame","40mm base","11f62e","40mm base","https://steamusercontent-a.akamaihd.net/ugc/17467293707643483270/604FF622A74CBBBBF8151DE2F002D8047DC69150/","OK","https://steamusercontent-a.akamaihd.net/ugc/18385099658346253955/73A0276D495FE24E74341E06E6E2E7551E99C84B/","OK","https://steamusercontent-a.akamaihd.net/ugc/17467293707643483270/604FF622A74CBBBBF8151DE2F002D8047DC69150/","OK"
"Covenant of the Flame","Crusader","5e8c2f","Crusader_5e8c2f","https://steamusercontent-a.akamaihd.net/ugc/17274404349204215799/22101509F5C84DD40423BFC61E5AB7DB93BB02C0/","OK","https://steamusercontent-a.akamaihd.net/ugc/16505598595305634241/C1C305B693DEA09CBF70CD5A8B4FC2042A6333C5/","OK","https://steamusercontent-a.akamaihd.net/ugc/15348691622084900733/8048C245AEAB924EDA509728B4850CC3FE9B632B/","OK"
"Covenant of the Flame","50mm base","3ec62a","50mm base_3ec62a","https://steamusercontent-a.akamaihd.net/ugc/16565607465486734529/B3E55176002E04309EF32D048CCEB4FE1B14E5F9/","OK","https://steamusercontent-a.akamaihd.net/ugc/15825158844097975441/73A0276D495FE24E74341E06E6E2E7551E99C84B/","OK","https://steamusercontent-a.akamaihd.net/ugc/16565607465486734529/B3E55176002E04309EF32D048CCEB4FE1B14E5F9/","OK"
"Covenant of the Flame","Daughters of the Veil","315d8f","Daughters of the Veil","https://steamusercontent-a.akamaihd.net/ugc/12400240341754820939/A37D18CDFB21B71076F8464165C585B1C277AE51/","OK","https://steamusercontent-a.akamaihd.net/ugc/17453902050511386603/C19EFD1816529B69269E48D3CD95D5B347095F4F/","OK","https://steamusercontent-a.akamaihd.net/ugc/10774286173702041088/366F808F1754B93BBE09B6B203DDDE0ED30E6AD9/","OK"
"Covenant of the Flame","30mm base","69efcf","30mm base","https://steamusercontent-a.akamaihd.net/ugc/13874377488447758171/176E993DB9378255E1BB74FFDD4A45558C98D895/","OK","https://steamusercontent-a.akamaihd.net/ugc/12567320968847447633/73A0276D495FE24E74341E06E6E2E7551E99C84B/","OK","https://steamusercontent-a.akamaihd.net/ugc/13874377488447758171/176E993DB9378255E1BB74FFDD4A45558C98D895/","OK"
"Covenant of the Flame","Eye of Truth","50ce56","Eye of Truth","https://steamusercontent-a.akamaihd.net/ugc/11570408524633032627/B2B083918552127AA26A09EE44A75AD620E83F49/","OK","https://steamusercontent-a.akamaihd.net/ugc/14981244006441091674/156DF0085DE241271F10749B9F302B80BFE7854F/","OK","https://steamusercontent-a.akamaihd.net/ugc/11864052799980503720/705ED897BAA98DE0D16A600515CB6BAC039D20DF/","OK"
"Covenant of the Flame","50mm base","f19515","50mm base_f19515","https://steamusercontent-a.akamaihd.net/ugc/16565607465486734529/B3E55176002E04309EF32D048CCEB4FE1B14E5F9/","OK","https://steamusercontent-a.akamaihd.net/ugc/15825158844097975441/73A0276D495FE24E74341E06E6E2E7551E99C84B/","OK","https://steamusercontent-a.akamaihd.net/ugc/16565607465486734529/B3E55176002E04309EF32D048CCEB4FE1B14E5F9/","OK"
"Covenant of the Flame","Feora, Marshal of the Flameguard","6da78f","Feora, Marshal of the Flameguard","https://steamusercontent-a.akamaihd.net/ugc/16967767243737835074/2D7B85B720391F706AC95D33612B34D6D7D945AF/","OK","https://steamusercontent-a.akamaihd.net/ugc/12211930841443575832/054EE039AF5371ACEAFFC1A1DFD4B480382F1700/","OK","https://steamusercontent-a.akamaihd.net/ugc/17500257072996933848/FB2F4BEB9968B120D00D8FB597A84B2860B17DBB/","OK"
"Covenant of the Flame","30mm base","34410a","30mm base_34410a","https://steamusercontent-a.akamaihd.net/ugc/13874377488447758171/176E993DB9378255E1BB74FFDD4A45558C98D895/","OK","https://steamusercontent-a.akamaihd.net/ugc/12567320968847447633/73A0276D495FE24E74341E06E6E2E7551E99C84B/","OK","https://steamusercontent-a.akamaihd.net/ugc/13874377488447758171/176E993DB9378255E1BB74FFDD4A45558C98D895/","OK"
"Covenant of the Flame","Flameguard Defenders","c78f4d","Flameguard Defenders","https://steamusercontent-a.akamaihd.net/ugc/17654535272419332436/1553EC6C8E93A0AE09C25677EF88480C7F829DA3/","OK","https://steamusercontent-a.akamaihd.net/ugc/10064796835981277994/73F517886FFA75A3463A6D7FDB97936A22FE4BF7/","OK","https://steamusercontent-a.akamaihd.net/ugc/12355030719247130303/E9A50009379745B3DD6C235D1D6C0FB1D346A552/","OK"
"Covenant of the Flame","30mm base","54b21c","30mm base_54b21c","https://steamusercontent-a.akamaihd.net/ugc/13874377488447758171/176E993DB9378255E1BB74FFDD4A45558C98D895/","OK","https://steamusercontent-a.akamaihd.net/ugc/12567320968847447633/73A0276D495FE24E74341E06E6E2E7551E99C84B/","OK","https://steamusercontent-a.akamaihd.net/ugc/13874377488447758171/176E993DB9378255E1BB74FFDD4A45558C98D895/","OK"
"Covenant of the Flame","Cleanser Preceptor","aeec30","Cleanser Preceptor","https://steamusercontent-a.akamaihd.net/ugc/14733732694801240469/A02020A7BAE6A5936A16FBFB75A25C88081FAB13/","OK","https://steamusercontent-a.akamaihd.net/ugc/9626922441849751339/E41DA3149ECDBA2FD83791D3F872E9D8670BA001/","OK","https://steamusercontent-a.akamaihd.net/ugc/15362353375356949055/DDC4A172DB9257D548F9E21241A2F161F99B2951/","OK"
"Covenant of the Flame","40mm base","137a8e","40mm base_137a8e","https://steamusercontent-a.akamaihd.net/ugc/17467293707643483270/604FF622A74CBBBBF8151DE2F002D8047DC69150/","OK","https://steamusercontent-a.akamaihd.net/ugc/18385099658346253955/73A0276D495FE24E74341E06E6E2E7551E99C84B/","OK","https://steamusercontent-a.akamaihd.net/ugc/17467293707643483270/604FF622A74CBBBBF8151DE2F002D8047DC69150/","OK"
"Covenant of the Flame","Pyrrhus, Flameguard Commander","699c59","Pyrrhus, Flameguard Commander","https://steamusercontent-a.akamaihd.net/ugc/16046962774992248106/87AB3FA02790D97A07C61DA4CA4B1BD2FE8F58D6/","OK","https://steamusercontent-a.akamaihd.net/ugc/14768103838705799615/68F63401DB232EC11440ED97CA651C8F824AFD63/","OK","https://steamusercontent-a.akamaihd.net/ugc/11800505001790530725/CF433B4BE0F4ED3569001C68704E5E9B6BCDBC7E/","OK"
"Covenant of the Flame","30mm base","6528a5","30mm base_6528a5","https://steamusercontent-a.akamaihd.net/ugc/13874377488447758171/176E993DB9378255E1BB74FFDD4A45558C98D895/","OK","https://steamusercontent-a.akamaihd.net/ugc/12567320968847447633/73A0276D495FE24E74341E06E6E2E7551E99C84B/","OK","https://steamusercontent-a.akamaihd.net/ugc/13874377488447758171/176E993DB9378255E1BB74FFDD4A45558C98D895/","OK"
"Covenant of the Flame","Revenger","9bf1c4","Revenger","https://steamusercontent-a.akamaihd.net/ugc/16607846668050292556/27F3EC61B27779C54EF4BF9EBD53A451B65D980F/","OK","https://steamusercontent-a.akamaihd.net/ugc/14668192999338137423/4141E847B677C03DD05275548180A56F365B7812/","OK","https://steamusercontent-a.akamaihd.net/ugc/13501379374558601562/C5ADBA00BA85CE8A806F386D3D6DE672D8A789CA/","OK"
"Covenant of the Flame","40mm base","f65141","40mm base_f65141","https://steamusercontent-a.akamaihd.net/ugc/17467293707643483270/604FF622A74CBBBBF8151DE2F002D8047DC69150/","OK","https://steamusercontent-a.akamaihd.net/ugc/18385099658346253955/73A0276D495FE24E74341E06E6E2E7551E99C84B/","OK","https://steamusercontent-a.akamaihd.net/ugc/17467293707643483270/604FF622A74CBBBBF8151DE2F002D8047DC69150/","OK"
"Covenant of the Flame","Revenger","4e30d0","Revenger_4e30d0","https://steamusercontent-a.akamaihd.net/ugc/15384845001555399295/0973E6E257502D9B2147E8BE2C171228D86DE532/","OK","https://steamusercontent-a.akamaihd.net/ugc/15803990831273314855/E0FD9C3A5BC46ECA8E2CA3AB903276833EFD13CA/","OK","https://steamusercontent-a.akamaihd.net/ugc/16540575256705586286/9F322A165BE80BA2A981A475D22F2FA079E46598/","OK"
"Covenant of the Flame","40mm base","4d04e6","40mm base_4d04e6","https://steamusercontent-a.akamaihd.net/ugc/17467293707643483270/604FF622A74CBBBBF8151DE2F002D8047DC69150/","OK","https://steamusercontent-a.akamaihd.net/ugc/18385099658346253955/73A0276D495FE24E74341E06E6E2E7551E99C84B/","OK","https://steamusercontent-a.akamaihd.net/ugc/17467293707643483270/604FF622A74CBBBBF8151DE2F002D8047DC69150/","OK"
"Covenant of the Flame","Valeria, Whisper of Death","7eb18f","Valeria, Whisper of Death","https://steamusercontent-a.akamaihd.net/ugc/11184315886800427016/56605BDCBB6DFC7A75842495B53EE90AF655DD33/","OK","https://steamusercontent-a.akamaihd.net/ugc/18257305900222393348/0B167B818169C380F0A8D3636950D893CDB9F8B9/","OK","https://steamusercontent-a.akamaihd.net/ugc/10832065939021112936/A7CBE5A6E9A2B808636195FB14E3D8482B619158/","OK"
"Covenant of the Flame","30mm base","580a46","30mm base_580a46","https://steamusercontent-a.akamaihd.net/ugc/13874377488447758171/176E993DB9378255E1BB74FFDD4A45558C98D895/","OK","https://steamusercontent-a.akamaihd.net/ugc/12567320968847447633/73A0276D495FE24E74341E06E6E2E7551E99C84B/","OK","https://steamusercontent-a.akamaihd.net/ugc/13874377488447758171/176E993DB9378255E1BB74FFDD4A45558C98D895/","OK"
"Covenant of the Flame","Vassals of Menoth","9ebc33","Vassals of Menoth","https://steamusercontent-a.akamaihd.net/ugc/17275509311331058086/A8A05CF71597D612A94B9008FDDB4AC9A68D3E62/","OK","https://steamusercontent-a.akamaihd.net/ugc/16610608750646230302/EDE7141BBD104E6069A2F8681A501A6C88F52397/","OK","https://steamusercontent-a.akamaihd.net/ugc/13751746605059217425/6000E0620FAE373850381A7A68BAE5AEF2F08AB6/","OK"
"Covenant of the Flame","30mm base","33af4d","30mm base_33af4d","https://steamusercontent-a.akamaihd.net/ugc/13874377488447758171/176E993DB9378255E1BB74FFDD4A45558C98D895/","OK","https://steamusercontent-a.akamaihd.net/ugc/12567320968847447633/73A0276D495FE24E74341E06E6E2E7551E99C84B/","OK","https://steamusercontent-a.akamaihd.net/ugc/13874377488447758171/176E993DB9378255E1BB74FFDD4A45558C98D895/","OK"
"Crucible Guard","Railless Interceptor","13e69d","Railless Interceptor","https://steamusercontent-a.akamaihd.net/ugc/9316135047756314248/6737330BC5E6221CF66147A327E134B109211335/","OK","https://steamusercontent-a.akamaihd.net/ugc/13576915387324095982/F73F04BA41EBEB1FC7FAF62DF0F7FE1AD9C0E7F7/","OK","https://steamusercontent-a.akamaihd.net/ugc/17426766348470711143/D52E6103CA0170525BE25DA815FCC6D7EB3A1203/","OK"
"Crucible Guard","120mm base","8c8327","120mm base","https://steamusercontent-a.akamaihd.net/ugc/12398511746798383282/8D39692EEAE81114A3928C7F29445387B09B6611/","OK","https://steamusercontent-a.akamaihd.net/ugc/11874514094192302541/7B239DB4E92CEB6849B4D3A3066F6274DD65B1BC/","OK","https://steamusercontent-a.akamaihd.net/ugc/12398511746798383282/8D39692EEAE81114A3928C7F29445387B09B6611/","OK"
"Crucible Guard","Crucible Guard Mechanik","2671e2","Crucible Guard Mechanik","https://steamusercontent-a.akamaihd.net/ugc/11538236071019004241/7F6478D30FE7E17069408045962ADAACF6BBA92C/","OK","https://steamusercontent-a.akamaihd.net/ugc/10016162738042700758/0456735C8151AC7AADFAB9917C3AE85A78448791/","OK","https://steamusercontent-a.akamaihd.net/ugc/18266091938673096575/56964E771777C7EC5328DAE291A22BFA12E633F7/","OK"
"Crucible Guard","30mm base","2eab84","30mm base","https://steamusercontent-a.akamaihd.net/ugc/13874377488447758171/176E993DB9378255E1BB74FFDD4A45558C98D895/","OK","https://steamusercontent-a.akamaihd.net/ugc/12567320968847447633/73A0276D495FE24E74341E06E6E2E7551E99C84B/","OK","https://steamusercontent-a.akamaihd.net/ugc/13874377488447758171/176E993DB9378255E1BB74FFDD4A45558C98D895/","OK"
"Crucible Guard","Ascendant Mentalist","0a639e","Ascendant Mentalist","https://steamusercontent-a.akamaihd.net/ugc/12242119486572417571/E0D17803F125486A8DEC665C341FEA50D0AC5F79/","OK","https://steamusercontent-a.akamaihd.net/ugc/11972199921103652681/F6464E9E40C48CFF3034B4A54198C606274AAD00/","OK","https://steamusercontent-a.akamaihd.net/ugc/10703764909967355432/FB7AA06A07DE7581C992EC6704E1501EDB4910D9/","OK"
"Crucible Guard","40mm base","b582f8","40mm base","https://steamusercontent-a.akamaihd.net/ugc/17467293707643483270/604FF622A74CBBBBF8151DE2F002D8047DC69150/","OK","https://steamusercontent-a.akamaihd.net/ugc/18385099658346253955/73A0276D495FE24E74341E06E6E2E7551E99C84B/","OK","https://steamusercontent-a.akamaihd.net/ugc/17467293707643483270/604FF622A74CBBBBF8151DE2F002D8047DC69150/","OK"
"Crucible Guard","Mr. Clogg","5c039d","Mr. Clogg","https://steamusercontent-a.akamaihd.net/ugc/17318740229497016484/721DA65EAB3E6776527E0E7ABDAED003C20022AF/","OK","https://steamusercontent-a.akamaihd.net/ugc/17118374015633707073/401FD5BC99696AF9F835032A92FB7A9E8E433CE4/","OK","https://steamusercontent-a.akamaihd.net/ugc/9799876674020598399/1FD531FCE9611D6C9E9CCEF34903F1683D1CFB93/","OK"
"Crucible Guard","30mm base","90703e","30mm base_90703e","https://steamusercontent-a.akamaihd.net/ugc/13874377488447758171/176E993DB9378255E1BB74FFDD4A45558C98D895/","OK","https://steamusercontent-a.akamaihd.net/ugc/12567320968847447633/73A0276D495FE24E74341E06E6E2E7551E99C84B/","OK","https://steamusercontent-a.akamaihd.net/ugc/13874377488447758171/176E993DB9378255E1BB74FFDD4A45558C98D895/","OK"
"Crucible Guard","Prospero","629dbb","Prospero","https://steamusercontent-a.akamaihd.net/ugc/9286778919920061971/9F92AA5F6A3FA999A230F8BE1107B3E30127A439/","OK","https://steamusercontent-a.akamaihd.net/ugc/9939658313498889581/659D59612F809F13C46E8E1044275268D8663534/","OK","https://steamusercontent-a.akamaihd.net/ugc/9323167136122235848/6C2C358242F1AC5DBA23E0FD71E29E28ED65D7C9/","OK"
"Crucible Guard","40mm base","f22b97","40mm base_f22b97","https://steamusercontent-a.akamaihd.net/ugc/17467293707643483270/604FF622A74CBBBBF8151DE2F002D8047DC69150/","OK","https://steamusercontent-a.akamaihd.net/ugc/18385099658346253955/73A0276D495FE24E74341E06E6E2E7551E99C84B/","OK","https://steamusercontent-a.akamaihd.net/ugc/17467293707643483270/604FF622A74CBBBBF8151DE2F002D8047DC69150/","OK"
"Crucible Guard","Retaliator","5d9aee","Retaliator","https://steamusercontent-a.akamaihd.net/ugc/13086246042909483428/F9A736B61D9E4D44D616A5B145705928071DCED8/","OK","https://steamusercontent-a.akamaihd.net/ugc/15415263038243096486/B0CB456D7DB976B5E17552D754C6806314CB1D63/","OK","https://steamusercontent-a.akamaihd.net/ugc/15113345741293616552/3BC55141BA0E5C4006F4ECC08035276BACEE4708/","OK"
"Crucible Guard","40mm base","44d5fa","40mm base_44d5fa","https://steamusercontent-a.akamaihd.net/ugc/17467293707643483270/604FF622A74CBBBBF8151DE2F002D8047DC69150/","OK","https://steamusercontent-a.akamaihd.net/ugc/18385099658346253955/73A0276D495FE24E74341E06E6E2E7551E99C84B/","OK","https://steamusercontent-a.akamaihd.net/ugc/17467293707643483270/604FF622A74CBBBBF8151DE2F002D8047DC69150/","OK"
"Crucible Guard","Rocketman Ace","93da82","Rocketman Ace","https://steamusercontent-a.akamaihd.net/ugc/14475862196674920310/48F970D8279C4F685329B65A18632291F521BACF/","OK","https://steamusercontent-a.akamaihd.net/ugc/9675807942699397373/F6230CEEF712F09E6511F517C6C4CA233DAB4AA7/","OK","https://steamusercontent-a.akamaihd.net/ugc/10209610125587619683/6C6CC8A05E69FBDB36D84715C009F1DB199D421E/","OK"
"Crucible Guard","30mm base","ba3086","30mm base_ba3086","https://steamusercontent-a.akamaihd.net/ugc/13874377488447758171/176E993DB9378255E1BB74FFDD4A45558C98D895/","OK","https://steamusercontent-a.akamaihd.net/ugc/12567320968847447633/73A0276D495FE24E74341E06E6E2E7551E99C84B/","OK","https://steamusercontent-a.akamaihd.net/ugc/13874377488447758171/176E993DB9378255E1BB74FFDD4A45558C98D895/","OK"
"Crucible Guard","Rocketman Stinger","01fb28","Rocketman Stinger","https://steamusercontent-a.akamaihd.net/ugc/9300681603324378094/3416CE81F5193E748976991B6EE0231C80830309/","OK","https://steamusercontent-a.akamaihd.net/ugc/15208742408172875161/B540AB17A3E1E76E8554BF42FE51135051B5C240/","OK","https://steamusercontent-a.akamaihd.net/ugc/11886202408639357222/BECCE15B1F09B78574CE7779818694566844E78F/","OK"
"Crucible Guard","30mm base","d8b216","30mm base_d8b216","https://steamusercontent-a.akamaihd.net/ugc/13874377488447758171/176E993DB9378255E1BB74FFDD4A45558C98D895/","OK","https://steamusercontent-a.akamaihd.net/ugc/12567320968847447633/73A0276D495FE24E74341E06E6E2E7551E99C84B/","OK","https://steamusercontent-a.akamaihd.net/ugc/13874377488447758171/176E993DB9378255E1BB74FFDD4A45558C98D895/","OK"
"Crucible Guard","Crucible Guard Rocketman Captain","a504d1","Crucible Guard Rocketman Captain","https://steamusercontent-a.akamaihd.net/ugc/13633327044993124227/F7DD0D7E945EB48478A9143E56E7DCD1EF25E4F1/","OK","https://steamusercontent-a.akamaihd.net/ugc/16883330315300120819/5B9EC8A8822A582B97703CC78861C9E51A3E8BC1/","OK","https://steamusercontent-a.akamaihd.net/ugc/11910286334204446341/9E4A8A9797B7623C54DF84F9F90FDBF5D2E78F38/","OK"
"Crucible Guard","30mm base","ffaa3e","30mm base_ffaa3e","https://steamusercontent-a.akamaihd.net/ugc/13874377488447758171/176E993DB9378255E1BB74FFDD4A45558C98D895/","OK","https://steamusercontent-a.akamaihd.net/ugc/12567320968847447633/73A0276D495FE24E74341E06E6E2E7551E99C84B/","OK","https://steamusercontent-a.akamaihd.net/ugc/13874377488447758171/176E993DB9378255E1BB74FFDD4A45558C98D895/","OK"
"Crucible Guard","Crucible Guard Rocketmen","fd6bdd","Crucible Guard Rocketmen","https://steamusercontent-a.akamaihd.net/ugc/15213001940015079016/C43CC5B37BA57E67E38D9FE89DDA42EFBE2F1D56/","OK","https://steamusercontent-a.akamaihd.net/ugc/15179933395579242828/5B9EC8A8822A582B97703CC78861C9E51A3E8BC1/","OK","https://steamusercontent-a.akamaihd.net/ugc/17773824227202237372/AECAD1BBB163605C603EC10E29C900FB94734EE5/","OK"
"Crucible Guard","30mm base","5aabb0","30mm base_5aabb0","https://steamusercontent-a.akamaihd.net/ugc/13874377488447758171/176E993DB9378255E1BB74FFDD4A45558C98D895/","OK","https://steamusercontent-a.akamaihd.net/ugc/12567320968847447633/73A0276D495FE24E74341E06E6E2E7551E99C84B/","OK","https://steamusercontent-a.akamaihd.net/ugc/13874377488447758171/176E993DB9378255E1BB74FFDD4A45558C98D895/","OK"
"Crucible Guard","Suppressor","25e492","Suppressor","https://steamusercontent-a.akamaihd.net/ugc/16244990478753222966/0526A1770648A458B5816CF79510941B1D434C5E/","OK","https://steamusercontent-a.akamaihd.net/ugc/17219720063287638559/33FFEC40D79BDB578DF5C59FC8A1328B7E063468/","OK","https://steamusercontent-a.akamaihd.net/ugc/14083130176585400690/9AE5E4A0EE0821A998BE6E1CDA4647349789004D/","OK"
"Crucible Guard","50mm base","24e8f4","50mm base","https://steamusercontent-a.akamaihd.net/ugc/16565607465486734529/B3E55176002E04309EF32D048CCEB4FE1B14E5F9/","OK","https://steamusercontent-a.akamaihd.net/ugc/15825158844097975441/73A0276D495FE24E74341E06E6E2E7551E99C84B/","OK","https://steamusercontent-a.akamaihd.net/ugc/16565607465486734529/B3E55176002E04309EF32D048CCEB4FE1B14E5F9/","OK"
"Crucible Guard","Toro","7b62ab","Toro","https://steamusercontent-a.akamaihd.net/ugc/9426330574257060589/B5659D9494FCDDB6BDFDF5F112739405AC6748F6/","OK","https://steamusercontent-a.akamaihd.net/ugc/14331286527670978085/F2EE8C9C2B3FD9B759A1A04CC7BD93892A8EE4A9/","OK","https://steamusercontent-a.akamaihd.net/ugc/11765356242645035767/B5C7C2C3509D6050B535B5F2A0C64D5E8BD48125/","OK"
"Crucible Guard","50mm base","db060e","50mm base_db060e","https://steamusercontent-a.akamaihd.net/ugc/16565607465486734529/B3E55176002E04309EF32D048CCEB4FE1B14E5F9/","OK","https://steamusercontent-a.akamaihd.net/ugc/15825158844097975441/73A0276D495FE24E74341E06E6E2E7551E99C84B/","OK","https://steamusercontent-a.akamaihd.net/ugc/16565607465486734529/B3E55176002E04309EF32D048CCEB4FE1B14E5F9/","OK"
"Crucible Guard","Triumverate","b078b8","Triumverate","https://steamusercontent-a.akamaihd.net/ugc/14736745690996684954/774B003750EE3EA8A3715A9E60FED410A95B2CFD/","OK","https://steamusercontent-a.akamaihd.net/ugc/12885113545627914960/FBB45293E43D1DAEEF1566C120E51769EDA5BDB3/","OK","https://steamusercontent-a.akamaihd.net/ugc/10439819510978438460/8018A280BF3B7D6511D4DCF03138CC261A12CAD2/","OK"
"Crucible Guard","30mm base","64387a","30mm base_64387a","https://steamusercontent-a.akamaihd.net/ugc/13874377488447758171/176E993DB9378255E1BB74FFDD4A45558C98D895/","OK","https://steamusercontent-a.akamaihd.net/ugc/12567320968847447633/73A0276D495FE24E74341E06E6E2E7551E99C84B/","OK","https://steamusercontent-a.akamaihd.net/ugc/13874377488447758171/176E993DB9378255E1BB74FFDD4A45558C98D895/","OK"
"Crucible Guard","Triumverate","d28973","Triumverate_d28973","https://steamusercontent-a.akamaihd.net/ugc/9569444422259065871/CEBB2885836F97E9DE76E23B71E07F84E7EC260A/","OK","https://steamusercontent-a.akamaihd.net/ugc/13547326241294860448/FBB45293E43D1DAEEF1566C120E51769EDA5BDB3/","OK","https://steamusercontent-a.akamaihd.net/ugc/12499978659621663912/18725434A5F07AAF311523257C07B00019B6F5A7/","OK"
"Crucible Guard","30mm base","6ec065","30mm base_6ec065","https://steamusercontent-a.akamaihd.net/ugc/13874377488447758171/176E993DB9378255E1BB74FFDD4A45558C98D895/","OK","https://steamusercontent-a.akamaihd.net/ugc/12567320968847447633/73A0276D495FE24E74341E06E6E2E7551E99C84B/","OK","https://steamusercontent-a.akamaihd.net/ugc/13874377488447758171/176E993DB9378255E1BB74FFDD4A45558C98D895/","OK"
"Crucible Guard","Triumverate","72253f","Triumverate_72253f","https://steamusercontent-a.akamaihd.net/ugc/16522837957949321268/50CBC6AE751EDFF8654403E616DFDA06E9100C92/","OK","https://steamusercontent-a.akamaihd.net/ugc/11677949976359835930/FBB45293E43D1DAEEF1566C120E51769EDA5BDB3/","OK","https://steamusercontent-a.akamaihd.net/ugc/9947418975133367749/37EB3AC1752898B28D44A0802E92B9AADB5DCDA1/","OK"
"Crucible Guard","40mm base","be7ea8","40mm base_be7ea8","https://steamusercontent-a.akamaihd.net/ugc/17467293707643483270/604FF622A74CBBBBF8151DE2F002D8047DC69150/","OK","https://steamusercontent-a.akamaihd.net/ugc/18385099658346253955/73A0276D495FE24E74341E06E6E2E7551E99C84B/","OK","https://steamusercontent-a.akamaihd.net/ugc/17467293707643483270/604FF622A74CBBBBF8151DE2F002D8047DC69150/","OK"
"Crucible Guard","Vanguard","284161","Vanguard","https://steamusercontent-a.akamaihd.net/ugc/14754519644105372124/0B472E0062A351D9962E9C2231C5100AE676207F/","OK","https://steamusercontent-a.akamaihd.net/ugc/13126125424555328800/A48DB2FBB0A37B1DD29A390773286E74E8976DFC/","OK","https://steamusercontent-a.akamaihd.net/ugc/16475060110743424749/E9193EDB08929D93BB40BF64ED1940E2AAF49051/","OK"
"Crucible Guard","40mm base","ad308e","40mm base_ad308e","https://steamusercontent-a.akamaihd.net/ugc/17467293707643483270/604FF622A74CBBBBF8151DE2F002D8047DC69150/","OK","https://steamusercontent-a.akamaihd.net/ugc/18385099658346253955/73A0276D495FE24E74341E06E6E2E7551E99C84B/","OK","https://steamusercontent-a.akamaihd.net/ugc/17467293707643483270/604FF622A74CBBBBF8151DE2F002D8047DC69150/","OK"
"Crucible Guard","Vindicator","585182","Vindicator","https://steamusercontent-a.akamaihd.net/ugc/11860646334914783594/F9B756207DE6A3CC72F3AA95794A202C8F8C8E82/","OK","https://steamusercontent-a.akamaihd.net/ugc/16057516388385738660/33E98DA73473994C09BBF5E839232D18B0D7611C/","OK","https://steamusercontent-a.akamaihd.net/ugc/18355551489302800916/57718C8CAB6E51426B580AAEABF2D637C2839F6C/","OK"
"Crucible Guard","50mm base","88bfc1","50mm base_88bfc1","https://steamusercontent-a.akamaihd.net/ugc/16565607465486734529/B3E55176002E04309EF32D048CCEB4FE1B14E5F9/","OK","https://steamusercontent-a.akamaihd.net/ugc/15825158844097975441/73A0276D495FE24E74341E06E6E2E7551E99C84B/","OK","https://steamusercontent-a.akamaihd.net/ugc/16565607465486734529/B3E55176002E04309EF32D048CCEB4FE1B14E5F9/","OK"
"Crucible Guard","Trancer","56b496","Trancer","https://steamusercontent-a.akamaihd.net/ugc/15327622359346138724/DB4392115BB725521B56970D82E5920C2A628886/","OK","https://steamusercontent-a.akamaihd.net/ugc/12046600780529345714/B3047AC14CC541CD3D64B111984AF63E1A764308/","OK","https://steamusercontent-a.akamaihd.net/ugc/15327622359346138724/DB4392115BB725521B56970D82E5920C2A628886/","OK"
"Crucible Guard","30mm base","e6cae4","30mm base_e6cae4","https://steamusercontent-a.akamaihd.net/ugc/13874377488447758171/176E993DB9378255E1BB74FFDD4A45558C98D895/","OK","https://steamusercontent-a.akamaihd.net/ugc/12567320968847447633/73A0276D495FE24E74341E06E6E2E7551E99C84B/","OK","https://steamusercontent-a.akamaihd.net/ugc/13874377488447758171/176E993DB9378255E1BB74FFDD4A45558C98D895/","OK"
"Crucible Guard","Aurum Legate Lukas Di Morray","c0620e","Aurum Legate Lukas Di Morray","https://steamusercontent-a.akamaihd.net/ugc/11302564199875929101/FA25E3216446C603765472A94AC8423AD989B7A6/","OK","https://steamusercontent-a.akamaihd.net/ugc/16089195866144728619/200F4F26D1A0B569E6096AE6805AE35D440E5E6D/","OK","https://steamusercontent-a.akamaihd.net/ugc/14426163673923597878/8F20F031CC919AC6F26292AD51E7913CE8A749CD/","OK"
"Crucible Guard","30mm base","7b5e63","30mm base_7b5e63","https://steamusercontent-a.akamaihd.net/ugc/13874377488447758171/176E993DB9378255E1BB74FFDD4A45558C98D895/","OK","https://steamusercontent-a.akamaihd.net/ugc/12567320968847447633/73A0276D495FE24E74341E06E6E2E7551E99C84B/","OK","https://steamusercontent-a.akamaihd.net/ugc/13874377488447758171/176E993DB9378255E1BB74FFDD4A45558C98D895/","OK"
"Crucible Guard","Infantry Officer","a4c2a0","Infantry Officer","https://steamusercontent-a.akamaihd.net/ugc/10400730892317094250/4AFC97014828132882120301480E38CE2FB2FB20/","OK","https://steamusercontent-a.akamaihd.net/ugc/10866918075942611787/85843D531FADE4C4B5D88B43436EA65255E9D288/","OK","https://steamusercontent-a.akamaihd.net/ugc/15033354734203744106/5CD354B5D5D3A6DA39B80CA05C5E464FD6395F87/","OK"
"Crucible Guard","30mm base","61f21d","30mm base_61f21d","https://steamusercontent-a.akamaihd.net/ugc/13874377488447758171/176E993DB9378255E1BB74FFDD4A45558C98D895/","OK","https://steamusercontent-a.akamaihd.net/ugc/12567320968847447633/73A0276D495FE24E74341E06E6E2E7551E99C84B/","OK","https://steamusercontent-a.akamaihd.net/ugc/13874377488447758171/176E993DB9378255E1BB74FFDD4A45558C98D895/","OK"
"Crucible Guard","Infantry Standard","b576dc","Infantry Standard","https://steamusercontent-a.akamaihd.net/ugc/13557111060186915708/0D7E90EA4EF2290B06B91BC75D58916555821F9E/","OK","https://steamusercontent-a.akamaihd.net/ugc/13225027463808505853/85843D531FADE4C4B5D88B43436EA65255E9D288/","OK","https://steamusercontent-a.akamaihd.net/ugc/16077127621175057361/7260175D151ED04EAF8954D669AF130A54DFC9B9/","OK"
"Crucible Guard","30mm base","681519","30mm base_681519","https://steamusercontent-a.akamaihd.net/ugc/13874377488447758171/176E993DB9378255E1BB74FFDD4A45558C98D895/","OK","https://steamusercontent-a.akamaihd.net/ugc/12567320968847447633/73A0276D495FE24E74341E06E6E2E7551E99C84B/","OK","https://steamusercontent-a.akamaihd.net/ugc/13874377488447758171/176E993DB9378255E1BB74FFDD4A45558C98D895/","OK"
"Crucible Guard","Crucible Guard Infantry","86776c","Crucible Guard Infantry","https://steamusercontent-a.akamaihd.net/ugc/14686114027876556617/A5EC57658FBC03020F824D0CC430933CD14F15ED/","OK","https://steamusercontent-a.akamaihd.net/ugc/15572236799034442565/0D6FCFF919A64D5D3CA356266D8EC7BD0E069DC5/","OK","https://steamusercontent-a.akamaihd.net/ugc/18133717479834459289/5565064B8F6A23203AC20674EE27A44339147069/","OK"
"Crucible Guard","30mm base","ae0841","30mm base_ae0841","https://steamusercontent-a.akamaihd.net/ugc/13874377488447758171/176E993DB9378255E1BB74FFDD4A45558C98D895/","OK","https://steamusercontent-a.akamaihd.net/ugc/12567320968847447633/73A0276D495FE24E74341E06E6E2E7551E99C84B/","OK","https://steamusercontent-a.akamaihd.net/ugc/13874377488447758171/176E993DB9378255E1BB74FFDD4A45558C98D895/","OK"
"Crucible Guard","Hutchuk, Ogrun Bounty Hunter","9bb2cf","Hutchuk, Ogrun Bounty Hunter","https://steamusercontent-a.akamaihd.net/ugc/11178939130018557088/9E40D609A8BE3E208A9BDD79878613C595D5AD12/","OK","https://steamusercontent-a.akamaihd.net/ugc/18054191973552218763/B4EF4132C784829C636F36F093A51AC0E1564FD4/","OK","https://steamusercontent-a.akamaihd.net/ugc/12739222189927216156/92EB7872C2B6717E5D0A380D83FEFDA076F2A6DC/","OK"
"Crucible Guard","40mm base","856945","40mm base_856945","https://steamusercontent-a.akamaihd.net/ugc/17467293707643483270/604FF622A74CBBBBF8151DE2F002D8047DC69150/","OK","https://steamusercontent-a.akamaihd.net/ugc/18385099658346253955/73A0276D495FE24E74341E06E6E2E7551E99C84B/","OK","https://steamusercontent-a.akamaihd.net/ugc/17467293707643483270/604FF622A74CBBBBF8151DE2F002D8047DC69150/","OK"
"Crucible Guard","Failed Experiment","4e0905","Failed Experiment","https://steamusercontent-a.akamaihd.net/ugc/14007816212881729352/24DA6F03D71FB5A7D5EA0AA40DB6BAA2223464C7/","OK","https://steamusercontent-a.akamaihd.net/ugc/10491196541693142906/4B764016826D4DB322D52676E4F755A2361AB129/","OK","https://steamusercontent-a.akamaihd.net/ugc/17716441568085616147/7C278BD740EABF0628ACB14C8DADA9EE91D8E842/","OK"
"Crucible Guard","40mm base","c79622","40mm base_c79622","https://steamusercontent-a.akamaihd.net/ugc/17467293707643483270/604FF622A74CBBBBF8151DE2F002D8047DC69150/","OK","https://steamusercontent-a.akamaihd.net/ugc/18385099658346253955/73A0276D495FE24E74341E06E6E2E7551E99C84B/","OK","https://steamusercontent-a.akamaihd.net/ugc/17467293707643483270/604FF622A74CBBBBF8151DE2F002D8047DC69150/","OK"
"Crucible Guard","Captain Eira Mackay","1a0dbc","Captain Eira Mackay","https://steamusercontent-a.akamaihd.net/ugc/9316135047756314248/6737330BC5E6221CF66147A327E134B109211335/","OK","https://steamusercontent-a.akamaihd.net/ugc/13576915387324095982/F73F04BA41EBEB1FC7FAF62DF0F7FE1AD9C0E7F7/","OK","https://steamusercontent-a.akamaihd.net/ugc/17426766348470711143/D52E6103CA0170525BE25DA815FCC6D7EB3A1203/","OK"
"Crucible Guard","120mm base","8c8327","120mm base_8c8327","https://steamusercontent-a.akamaihd.net/ugc/12398511746798383282/8D39692EEAE81114A3928C7F29445387B09B6611/","OK","https://steamusercontent-a.akamaihd.net/ugc/11874514094192302541/7B239DB4E92CEB6849B4D3A3066F6274DD65B1BC/","OK","https://steamusercontent-a.akamaihd.net/ugc/12398511746798383282/8D39692EEAE81114A3928C7F29445387B09B6611/","OK"
"Crucible Guard","Dragon's Breath Rocket","d5be31","Dragon's Breath Rocket","https://steamusercontent-a.akamaihd.net/ugc/14909484439127447770/296ABF6968207B85D720044A0CDD7043535BABF4/","OK","https://steamusercontent-a.akamaihd.net/ugc/14729811150027074571/AEB755CA1C9FEEA214D60CC34CBA88EEB23B2B29/","OK","https://steamusercontent-a.akamaihd.net/ugc/14257855329215018081/0CB336BBAE732145EC4E368DB7606585C1F7BDCB/","OK"
"Crucible Guard","50mm base","97a2bb","50mm base_97a2bb","https://steamusercontent-a.akamaihd.net/ugc/16565607465486734529/B3E55176002E04309EF32D048CCEB4FE1B14E5F9/","OK","https://steamusercontent-a.akamaihd.net/ugc/15825158844097975441/73A0276D495FE24E74341E06E6E2E7551E99C84B/","OK","https://steamusercontent-a.akamaihd.net/ugc/16565607465486734529/B3E55176002E04309EF32D048CCEB4FE1B14E5F9/","OK"
"Crucible Guard","Containment Operative","8d0bdc","Containment Operative","https://steamusercontent-a.akamaihd.net/ugc/13335179399067885389/8681E38F299246EBED04BE8170D37E5944CA0DF5/","OK","https://steamusercontent-a.akamaihd.net/ugc/14156161272518459504/1E0D298F9571649758D08700DCC89E6E9C136F8D/","OK","https://steamusercontent-a.akamaihd.net/ugc/16368712337313677604/56D7123820BAD6257BB2D130B6C8A3DB075DBBC6/","OK"
"Crucible Guard","30mm base","bf532b","30mm base_bf532b","https://steamusercontent-a.akamaihd.net/ugc/13874377488447758171/176E993DB9378255E1BB74FFDD4A45558C98D895/","OK","https://steamusercontent-a.akamaihd.net/ugc/12567320968847447633/73A0276D495FE24E74341E06E6E2E7551E99C84B/","OK","https://steamusercontent-a.akamaihd.net/ugc/13874377488447758171/176E993DB9378255E1BB74FFDD4A45558C98D895/","OK"
"Crucible Guard","Combat Alchemist","7c9f1f","Combat Alchemist","https://steamusercontent-a.akamaihd.net/ugc/14424848207033369815/DBB8A628BD8F9A839DDC782561475909B3B3D0AE/","OK","https://steamusercontent-a.akamaihd.net/ugc/12372611850327944867/12AD6CCB64BA32BAAE1C65D43130641E92E06482/","OK","https://steamusercontent-a.akamaihd.net/ugc/16289002112720010398/F8B334CAEB1C3DD2A87CF73FFB9CE1119544CE53/","OK"
"Crucible Guard","30mm base","a5405f","30mm base_a5405f","https://steamusercontent-a.akamaihd.net/ugc/13874377488447758171/176E993DB9378255E1BB74FFDD4A45558C98D895/","OK","https://steamusercontent-a.akamaihd.net/ugc/12567320968847447633/73A0276D495FE24E74341E06E6E2E7551E99C84B/","OK","https://steamusercontent-a.akamaihd.net/ugc/13874377488447758171/176E993DB9378255E1BB74FFDD4A45558C98D895/","OK"
"Crucible Guard","Marshal General Baldwin Gearhart","8ae4ff","Marshal General Baldwin Gearhart","https://steamusercontent-a.akamaihd.net/ugc/14375749220864597810/718C9D23902130BEC3EA48E2C06ADC857729496F/","OK","https://steamusercontent-a.akamaihd.net/ugc/13102537960381780060/3875204A34EDA72E0289C7FE5E6CF2F276F53637/","OK","https://steamusercontent-a.akamaihd.net/ugc/18314577856841831934/275A162AA3448DC0C3AB80147C47B93E9C8EB383/","OK"
"Crucible Guard","30mm base","79c37f","30mm base_79c37f","https://steamusercontent-a.akamaihd.net/ugc/13874377488447758171/176E993DB9378255E1BB74FFDD4A45558C98D895/","OK","https://steamusercontent-a.akamaihd.net/ugc/12567320968847447633/73A0276D495FE24E74341E06E6E2E7551E99C84B/","OK","https://steamusercontent-a.akamaihd.net/ugc/13874377488447758171/176E993DB9378255E1BB74FFDD4A45558C98D895/","OK"
"Crucible Guard","Aurum Lucanum Athanor Locke","d45061","Aurum Lucanum Athanor Locke","https://steamusercontent-a.akamaihd.net/ugc/18341325908979915155/96415D912AE32D1CC1A9E1337B3AE85FEF88EA53/","OK","https://steamusercontent-a.akamaihd.net/ugc/17097508452747549059/06CC73DC16930912073D3D0EEC1D2A2A27B67978/","OK","https://steamusercontent-a.akamaihd.net/ugc/12522567353276553716/048B0145F3AFF79BA771FAC9C643A37107B6CFF3/","OK"
"Crucible Guard","40mm base","6ebf01","40mm base_6ebf01","https://steamusercontent-a.akamaihd.net/ugc/17467293707643483270/604FF622A74CBBBBF8151DE2F002D8047DC69150/","OK","https://steamusercontent-a.akamaihd.net/ugc/18385099658346253955/73A0276D495FE24E74341E06E6E2E7551E99C84B/","OK","https://steamusercontent-a.akamaihd.net/ugc/17467293707643483270/604FF622A74CBBBBF8151DE2F002D8047DC69150/","OK"
"Crucible Guard","Apollo","f27a13","Apollo","https://steamusercontent-a.akamaihd.net/ugc/12744696026452338660/76E1AB5D06CD06CE4FF65010C6E90BC456825D62/","OK","https://steamusercontent-a.akamaihd.net/ugc/10496369965487375933/33E0C1A25EA28E74F224935D71388D6A4012B308/","OK","https://steamusercontent-a.akamaihd.net/ugc/15417924986424679372/145A636D135897A81B221213BAB1C34690D0D225/","OK"
"Crucible Guard","40mm base","cb66c1","40mm base_cb66c1","https://steamusercontent-a.akamaihd.net/ugc/17467293707643483270/604FF622A74CBBBBF8151DE2F002D8047DC69150/","OK","https://steamusercontent-a.akamaihd.net/ugc/18385099658346253955/73A0276D495FE24E74341E06E6E2E7551E99C84B/","OK","https://steamusercontent-a.akamaihd.net/ugc/17467293707643483270/604FF622A74CBBBBF8151DE2F002D8047DC69150/","OK"
"Crucible Guard","Aurum Ominus Alyce Marc","5e26cf","Aurum Ominus Alyce Marc","https://steamusercontent-a.akamaihd.net/ugc/11441452132575086412/24D4BF4901E2B03DA574151A9AFEDFA6D472D277/","OK","https://steamusercontent-a.akamaihd.net/ugc/15989585282806136582/EF729ED52901017169D4AF43A99D1682D11F18AC/","OK","https://steamusercontent-a.akamaihd.net/ugc/9508388000875730085/77100F6E5BA3093ED1B39B886D51F098AB99EDFA/","OK"
"Crucible Guard","30mm base","0c727f","30mm base_0c727f","https://steamusercontent-a.akamaihd.net/ugc/13874377488447758171/176E993DB9378255E1BB74FFDD4A45558C98D895/","OK","https://steamusercontent-a.akamaihd.net/ugc/12567320968847447633/73A0276D495FE24E74341E06E6E2E7551E99C84B/","OK","https://steamusercontent-a.akamaihd.net/ugc/13874377488447758171/176E993DB9378255E1BB74FFDD4A45558C98D895/","OK"
"Crucible Guard","Big Alyce","479f74","Big Alyce","https://steamusercontent-a.akamaihd.net/ugc/10892484166536220975/904AE3F5AF0D3D286ECC1923AA0C1FFABC02C9F2/","OK","https://steamusercontent-a.akamaihd.net/ugc/9319631430083389311/EF729ED52901017169D4AF43A99D1682D11F18AC/","OK","https://steamusercontent-a.akamaihd.net/ugc/12197498052538192449/8D81C0C6CF4CC627571E8FFD0D873F87B151CA05/","OK"
"Crucible Guard","40mm base","c7027e","40mm base_c7027e","https://steamusercontent-a.akamaihd.net/ugc/17467293707643483270/604FF622A74CBBBBF8151DE2F002D8047DC69150/","OK","https://steamusercontent-a.akamaihd.net/ugc/18385099658346253955/73A0276D495FE24E74341E06E6E2E7551E99C84B/","OK","https://steamusercontent-a.akamaihd.net/ugc/17467293707643483270/604FF622A74CBBBBF8151DE2F002D8047DC69150/","OK"
"Crucible Guard","Doctor Alejandro Mosby","93cc09","Doctor Alejandro Mosby","https://steamusercontent-a.akamaihd.net/ugc/16868467991163138901/BC880B8A8F7B5C710172CCF4BF07797820150E22/","OK","https://steamusercontent-a.akamaihd.net/ugc/15456188366220731727/A7EEC0E82D56BAD1DAA67767A451EC96ADF70B24/","OK","https://steamusercontent-a.akamaihd.net/ugc/10666686528495905702/EC3DEDD8187677DD3160981E150F02490A7E16FA/","OK"
"Crucible Guard","30mm base","bdce47","30mm base_bdce47","https://steamusercontent-a.akamaihd.net/ugc/13874377488447758171/176E993DB9378255E1BB74FFDD4A45558C98D895/","OK","https://steamusercontent-a.akamaihd.net/ugc/12567320968847447633/73A0276D495FE24E74341E06E6E2E7551E99C84B/","OK","https://steamusercontent-a.akamaihd.net/ugc/13874377488447758171/176E993DB9378255E1BB74FFDD4A45558C98D895/","OK"
"Crucible Guard","Aurum Adeptus Syvestro","83b336","Aurum Adeptus Syvestro","https://steamusercontent-a.akamaihd.net/ugc/16350266217665779190/EF4C25F004AF2FAC64C0DD2B4694C22309A86895/","OK","https://steamusercontent-a.akamaihd.net/ugc/14008543786438069363/BDB5F63A6B49673F08967C4529D0E9ED509C6412/","OK","https://steamusercontent-a.akamaihd.net/ugc/18361031313843260760/50F7726DF5614064BAA7834D55751FE697CCFF75/","OK"
"Crucible Guard","30mm base","f38f3d","30mm base_f38f3d","https://steamusercontent-a.akamaihd.net/ugc/13874377488447758171/176E993DB9378255E1BB74FFDD4A45558C98D895/","OK","https://steamusercontent-a.akamaihd.net/ugc/12567320968847447633/73A0276D495FE24E74341E06E6E2E7551E99C84B/","OK","https://steamusercontent-a.akamaihd.net/ugc/13874377488447758171/176E993DB9378255E1BB74FFDD4A45558C98D895/","OK"
"Crucible Guard","Vulcan","0df26a","Vulcan","https://steamusercontent-a.akamaihd.net/ugc/15300984067760397670/44C74A55EA8E907EF474E007B99228E3B8717A17/","OK","https://steamusercontent-a.akamaihd.net/ugc/10149451841918178698/15E66DF7DD0244EEB3ED4E02AEC193ACBCA88B74/","OK","https://steamusercontent-a.akamaihd.net/ugc/16107650926378065377/B13E63D93F39F9C864C93C5E17ADF047609F928D/","OK"
"Crucible Guard","120mm base","5cc6f1","120mm base_5cc6f1","https://steamusercontent-a.akamaihd.net/ugc/12398511746798383282/8D39692EEAE81114A3928C7F29445387B09B6611/","OK","https://steamusercontent-a.akamaihd.net/ugc/11874514094192302541/7B239DB4E92CEB6849B4D3A3066F6274DD65B1BC/","OK","https://steamusercontent-a.akamaihd.net/ugc/12398511746798383282/8D39692EEAE81114A3928C7F29445387B09B6611/","OK"
"Crucible Guard","Crucible Guard Assault Troopers","ff7d8c","Crucible Guard Assault Troopers","https://steamusercontent-a.akamaihd.net/ugc/17122882130175220294/2A4762867AFD2F3EBA93B4F3EA5C9B9E7CF4D4F5/","OK","https://steamusercontent-a.akamaihd.net/ugc/11704569184740756345/A044818EBFF902DD128A12D541E56433C66594E2/","OK","https://steamusercontent-a.akamaihd.net/ugc/9562746213689816525/F70DE6ADEC192652C3C6E2D4F4F9C70F5982A33E/","OK"
"Crucible Guard","40mm base","c14dc4","40mm base_c14dc4","https://steamusercontent-a.akamaihd.net/ugc/17467293707643483270/604FF622A74CBBBBF8151DE2F002D8047DC69150/","OK","https://steamusercontent-a.akamaihd.net/ugc/18385099658346253955/73A0276D495FE24E74341E06E6E2E7551E99C84B/","OK","https://steamusercontent-a.akamaihd.net/ugc/17467293707643483270/604FF622A74CBBBBF8151DE2F002D8047DC69150/","OK"
"Crucible Guard","Crucible Guard Storm Troopers","0d4368","Crucible Guard Storm Troopers","https://steamusercontent-a.akamaihd.net/ugc/11430280650901249483/4524D4DEED756F7E01B75B8CA972046658C607DE/","OK","https://steamusercontent-a.akamaihd.net/ugc/9971130884896615796/898E380C0E1635EEA718AC342CBAE2572B6FBACA/","OK","https://steamusercontent-a.akamaihd.net/ugc/15995448403735943002/ABA32A24A7A98AC3F4335438EBD46DAB47120276/","OK"
"Crucible Guard","40mm base","06ee0e","40mm base_06ee0e","https://steamusercontent-a.akamaihd.net/ugc/17467293707643483270/604FF622A74CBBBBF8151DE2F002D8047DC69150/","OK","https://steamusercontent-a.akamaihd.net/ugc/18385099658346253955/73A0276D495FE24E74341E06E6E2E7551E99C84B/","OK","https://steamusercontent-a.akamaihd.net/ugc/17467293707643483270/604FF622A74CBBBBF8151DE2F002D8047DC69150/","OK"
"Crucible Guard","Rocketmen Gunners","8d427d","Rocketmen Gunners","https://steamusercontent-a.akamaihd.net/ugc/11262836098380507943/3170B3EAF083641ED561A317A8009BFC988B0073/","OK","https://steamusercontent-a.akamaihd.net/ugc/11235733750298050437/02265024D7F8FBA39B63C50EC9EB40038645CB7E/","OK","https://steamusercontent-a.akamaihd.net/ugc/17773824227202237372/AECAD1BBB163605C603EC10E29C900FB94734EE5/","OK"
"Crucible Guard","30mm base","9b4a97","30mm base_9b4a97","https://steamusercontent-a.akamaihd.net/ugc/13874377488447758171/176E993DB9378255E1BB74FFDD4A45558C98D895/","OK","https://steamusercontent-a.akamaihd.net/ugc/12567320968847447633/73A0276D495FE24E74341E06E6E2E7551E99C84B/","OK","https://steamusercontent-a.akamaihd.net/ugc/13874377488447758171/176E993DB9378255E1BB74FFDD4A45558C98D895/","OK"
"Crucible Guard","Major Aline Bennet","23b81b","Major Aline Bennet","https://steamusercontent-a.akamaihd.net/ugc/10218293827635796078/F2AE05BD60DDED4CD603C05C5EBC01E9B20EA83E/","OK","https://steamusercontent-a.akamaihd.net/ugc/17585964826177144789/3D2CEBA8F9A0EA788A14ECA638596FD8ED4220C1/","OK","https://steamusercontent-a.akamaihd.net/ugc/10218293827635796078/F2AE05BD60DDED4CD603C05C5EBC01E9B20EA83E/","OK"
"Crucible Guard","40mm base","cfb3b7","40mm base_cfb3b7","https://steamusercontent-a.akamaihd.net/ugc/17467293707643483270/604FF622A74CBBBBF8151DE2F002D8047DC69150/","OK","https://steamusercontent-a.akamaihd.net/ugc/18385099658346253955/73A0276D495FE24E74341E06E6E2E7551E99C84B/","OK","https://steamusercontent-a.akamaihd.net/ugc/17467293707643483270/604FF622A74CBBBBF8151DE2F002D8047DC69150/","OK"
"Crucible Guard","Gorman di Wulfe, Revolutionary Agent","feac15","Gorman di Wulfe, Revolutionary Agent","https://steamusercontent-a.akamaihd.net/ugc/12321677819578934312/6387FABC97C70A44939A19DA15A4970CFE5EBDB5/","OK","https://steamusercontent-a.akamaihd.net/ugc/14033928828547854271/6E875B2D1B9376BF74FF3398C955B367AF721E79/","OK","https://steamusercontent-a.akamaihd.net/ugc/13928927060451300076/080942347C940B7DFB48AD807DCCDE71A62467CC/","OK"
"Crucible Guard","30mm base","ffd4a9","30mm base_ffd4a9","https://steamusercontent-a.akamaihd.net/ugc/13874377488447758171/176E993DB9378255E1BB74FFDD4A45558C98D895/","OK","https://steamusercontent-a.akamaihd.net/ugc/12567320968847447633/73A0276D495FE24E74341E06E6E2E7551E99C84B/","OK","https://steamusercontent-a.akamaihd.net/ugc/13874377488447758171/176E993DB9378255E1BB74FFDD4A45558C98D895/","OK"
"Crucible Guard","Liberator","e9a05c","Liberator","https://steamusercontent-a.akamaihd.net/ugc/11609231022985622627/6C5ACE2D7C02161801F443848A296E287AC5C995/","OK","https://steamusercontent-a.akamaihd.net/ugc/13916754656357937664/51D05C1C83027A3EF4094B993B93A482329F5E21/","OK","https://steamusercontent-a.akamaihd.net/ugc/15096292144765708275/8D1C4BD27329FBEE75DCF35C7109540BEDE3B003/","OK"
"Crucible Guard","40mm base","fd1494","40mm base_fd1494","https://steamusercontent-a.akamaihd.net/ugc/17467293707643483270/604FF622A74CBBBBF8151DE2F002D8047DC69150/","OK","https://steamusercontent-a.akamaihd.net/ugc/18385099658346253955/73A0276D495FE24E74341E06E6E2E7551E99C84B/","OK","https://steamusercontent-a.akamaihd.net/ugc/17467293707643483270/604FF622A74CBBBBF8151DE2F002D8047DC69150/","OK"
"Kithguard","Vorogger","ba9eef","Vorogger","https://steamusercontent-a.akamaihd.net/ugc/10551568685147080302/91224440660B117C13C664CF1DA2A97241559026/","OK","https://steamusercontent-a.akamaihd.net/ugc/12265913214736648918/C27FA76A7CA406DBF94CBC2ECC160BD42E4C78C4/","OK","https://steamusercontent-a.akamaihd.net/ugc/10458411893089870379/93483740974E019F96C9AA5498957BEFD3F44EA3/","OK"
"Kithguard","50mm base","e3f0ab","50mm base","https://steamusercontent-a.akamaihd.net/ugc/16565607465486734529/B3E55176002E04309EF32D048CCEB4FE1B14E5F9/","OK","https://steamusercontent-a.akamaihd.net/ugc/15825158844097975441/73A0276D495FE24E74341E06E6E2E7551E99C84B/","OK","https://steamusercontent-a.akamaihd.net/ugc/16565607465486734529/B3E55176002E04309EF32D048CCEB4FE1B14E5F9/","OK"
"Kithguard","Mistborn Dire Troll","9e936c","Mistborn Dire Troll","https://steamusercontent-a.akamaihd.net/ugc/12014293292902922411/575E8A5557D9837E7DDBE3FDB4D7CA614989B29D/","OK","https://steamusercontent-a.akamaihd.net/ugc/11779141868291033944/4BDC96ECA18C6F2A293F0D807C2AA816B49DA701/","OK","https://steamusercontent-a.akamaihd.net/ugc/14176774162815072415/527818910CC7EE21DCA5AB5D52878DBBC295A2DB/","OK"
"Kithguard","50mm base","e3f0ab","50mm base_e3f0ab","https://steamusercontent-a.akamaihd.net/ugc/16565607465486734529/B3E55176002E04309EF32D048CCEB4FE1B14E5F9/","OK","https://steamusercontent-a.akamaihd.net/ugc/15825158844097975441/73A0276D495FE24E74341E06E6E2E7551E99C84B/","OK","https://steamusercontent-a.akamaihd.net/ugc/16565607465486734529/B3E55176002E04309EF32D048CCEB4FE1B14E5F9/","OK"
"Kithguard","Chomper","6236e8","Chomper","https://steamusercontent-a.akamaihd.net/ugc/18198183818768124274/98C3D8E5C739014C89AE8CBE7F6FF559EDC62DD2/","OK","https://steamusercontent-a.akamaihd.net/ugc/13603855294076254886/F09D292CDFA393A1303407A02CDE4DF8BE2E2206/","OK","https://steamusercontent-a.akamaihd.net/ugc/10205324324325433582/9F0103416743EF32317ABC1B3D8B7539E81413E5/","OK"
"Kithguard","50mm base","3c4243","50mm base_3c4243","https://steamusercontent-a.akamaihd.net/ugc/16565607465486734529/B3E55176002E04309EF32D048CCEB4FE1B14E5F9/","OK","https://steamusercontent-a.akamaihd.net/ugc/15825158844097975441/73A0276D495FE24E74341E06E6E2E7551E99C84B/","OK","https://steamusercontent-a.akamaihd.net/ugc/16565607465486734529/B3E55176002E04309EF32D048CCEB4FE1B14E5F9/","OK"
"Kithguard","Sergeant Hulder Craghorn","e4a465","Sergeant Hulder Craghorn","https://steamusercontent-a.akamaihd.net/ugc/16509873509102649264/47510CE5FAB1C86C52B77444930E08D51F358B73/","OK","https://steamusercontent-a.akamaihd.net/ugc/14770429321543910532/6811784F68034B1E6F5D74CDD195D9EA4CE382EB/","OK","https://steamusercontent-a.akamaihd.net/ugc/10858688008362542194/B17800FFDD76EA29363644D3C215ED9F0A30A490/","OK"
"Kithguard","40mm base","e1a9db","40mm base","https://steamusercontent-a.akamaihd.net/ugc/17467293707643483270/604FF622A74CBBBBF8151DE2F002D8047DC69150/","OK","https://steamusercontent-a.akamaihd.net/ugc/18385099658346253955/73A0276D495FE24E74341E06E6E2E7551E99C84B/","OK","https://steamusercontent-a.akamaihd.net/ugc/17467293707643483270/604FF622A74CBBBBF8151DE2F002D8047DC69150/","OK"
"Kithguard","Lt. Frag Thornbane","7be01f","Lt. Frag Thornbane","https://steamusercontent-a.akamaihd.net/ugc/13466256503223290044/2911C4897F0E1F4C53CD94507338F8CF133DAFCF/","OK","https://steamusercontent-a.akamaihd.net/ugc/15469045282833263908/5AFDB695B1A50EAF0A078BC7E84310B016379256/","OK","https://steamusercontent-a.akamaihd.net/ugc/13466256503223290044/2911C4897F0E1F4C53CD94507338F8CF133DAFCF/","OK"
"Kithguard","50mm base","e4b533","50mm base_e4b533","https://steamusercontent-a.akamaihd.net/ugc/16565607465486734529/B3E55176002E04309EF32D048CCEB4FE1B14E5F9/","OK","https://steamusercontent-a.akamaihd.net/ugc/15825158844097975441/73A0276D495FE24E74341E06E6E2E7551E99C84B/","OK","https://steamusercontent-a.akamaihd.net/ugc/16565607465486734529/B3E55176002E04309EF32D048CCEB4FE1B14E5F9/","OK"
"Kithguard","Klangor","e4cbb4","Klangor","https://steamusercontent-a.akamaihd.net/ugc/17860564354814890068/6FC1887ADAC66F663D57CBDFF19E24416BCD1C50/","OK","https://steamusercontent-a.akamaihd.net/ugc/14989090608422383715/135880AD393C361197BA3221142800C2031B5C15/","OK","https://steamusercontent-a.akamaihd.net/ugc/16854231991680097375/C7733AB6F2C793A254BF81C34D841C589F0B0DC7/","OK"
"Kithguard","50mm base","76cbc1","50mm base_76cbc1","https://steamusercontent-a.akamaihd.net/ugc/16565607465486734529/B3E55176002E04309EF32D048CCEB4FE1B14E5F9/","OK","https://steamusercontent-a.akamaihd.net/ugc/15825158844097975441/73A0276D495FE24E74341E06E6E2E7551E99C84B/","OK","https://steamusercontent-a.akamaihd.net/ugc/16565607465486734529/B3E55176002E04309EF32D048CCEB4FE1B14E5F9/","OK"
"Kithguard","Ramhead","4aa431","Ramhead","https://steamusercontent-a.akamaihd.net/ugc/15372037788408410396/7A2AFDAC07DAE740E369FE7A88AAEFFF91BEEC24/","OK","https://steamusercontent-a.akamaihd.net/ugc/13773598637166434337/1A374D05EE2039957EEBE3362138C3D6B557A232/","OK","https://steamusercontent-a.akamaihd.net/ugc/12737551162976520657/5A69147CA9EE974C74CB978B90AD7543552B8B46/","OK"
"Kithguard","80mm base","0cbef3","80mm base","https://steamusercontent-a.akamaihd.net/ugc/9507323413831057586/A5ABC7B4C6AB4A09010368C107AE198A3CCC3D7A/","OK","https://steamusercontent-a.akamaihd.net/ugc/13689441281025536368/320864517CC6C1AA07B2B7F87481582BCB5BD368/","OK","https://steamusercontent-a.akamaihd.net/ugc/9507323413831057586/A5ABC7B4C6AB4A09010368C107AE198A3CCC3D7A/","OK"
"Kithguard","Fire Guardian","ec065c","Fire Guardian","https://steamusercontent-a.akamaihd.net/ugc/17993565460307190343/79658837CFC31D4C81BC9945B30A207D2904D751/","OK","https://steamusercontent-a.akamaihd.net/ugc/10494724096218306988/72CDEE6195D1BAC658D9BBFA02827405F34C85C7/","OK","https://steamusercontent-a.akamaihd.net/ugc/17993565460307190343/79658837CFC31D4C81BC9945B30A207D2904D751/","OK"
"Kithguard","40mm base","a79afd","40mm base_a79afd","https://steamusercontent-a.akamaihd.net/ugc/17467293707643483270/604FF622A74CBBBBF8151DE2F002D8047DC69150/","OK","https://steamusercontent-a.akamaihd.net/ugc/18385099658346253955/73A0276D495FE24E74341E06E6E2E7551E99C84B/","OK","https://steamusercontent-a.akamaihd.net/ugc/17467293707643483270/604FF622A74CBBBBF8151DE2F002D8047DC69150/","OK"
"Kithguard","Captain Grimtusk","fced64","Captain Grimtusk","https://steamusercontent-a.akamaihd.net/ugc/17375117033502499575/1ABDF528650354C2D41731342D5D54FED17EAB6D/","OK","https://steamusercontent-a.akamaihd.net/ugc/14489102405070980981/DC5DEEA91E2B8744DC7D9766F8F499337CE6EF90/","OK","https://steamusercontent-a.akamaihd.net/ugc/17375117033502499575/1ABDF528650354C2D41731342D5D54FED17EAB6D/","OK"
"Kithguard","40mm base","4819b6","40mm base_4819b6","https://steamusercontent-a.akamaihd.net/ugc/17467293707643483270/604FF622A74CBBBBF8151DE2F002D8047DC69150/","OK","https://steamusercontent-a.akamaihd.net/ugc/18385099658346253955/73A0276D495FE24E74341E06E6E2E7551E99C84B/","OK","https://steamusercontent-a.akamaihd.net/ugc/17467293707643483270/604FF622A74CBBBBF8151DE2F002D8047DC69150/","OK"
"Kithguard","Jungle Troll ","30cca8","Jungle Troll","https://steamusercontent-a.akamaihd.net/ugc/15133117649185207799/DC7B79C3DA305F8D118665DEFA57F808B733F80C/","OK","https://steamusercontent-a.akamaihd.net/ugc/10927272421361850431/638AD868A97FC62E4BC6BDE062A79C7E47DC6B26/","OK","https://steamusercontent-a.akamaihd.net/ugc/11332563134161402288/5B89C17EF3C47BA79B0E3123B282C90BE97712E8/","OK"
"Kithguard","40mm base","a21cef","40mm base_a21cef","https://steamusercontent-a.akamaihd.net/ugc/17467293707643483270/604FF622A74CBBBBF8151DE2F002D8047DC69150/","OK","https://steamusercontent-a.akamaihd.net/ugc/18385099658346253955/73A0276D495FE24E74341E06E6E2E7551E99C84B/","OK","https://steamusercontent-a.akamaihd.net/ugc/17467293707643483270/604FF622A74CBBBBF8151DE2F002D8047DC69150/","OK"
"Kithguard","Kithguard Joureyman","cc5f86","Kithguard Joureyman","https://steamusercontent-a.akamaihd.net/ugc/15306493260211221979/803FA8BE85009600079484035E0A83BB8837DDC2/","OK","https://steamusercontent-a.akamaihd.net/ugc/15316839565610164013/103AACB0287F36751FBABB1144D9A0C7419FA783/","OK","https://steamusercontent-a.akamaihd.net/ugc/15306493260211221979/803FA8BE85009600079484035E0A83BB8837DDC2/","OK"
"Kithguard","40mm base","ae4278","40mm base_ae4278","https://steamusercontent-a.akamaihd.net/ugc/17467293707643483270/604FF622A74CBBBBF8151DE2F002D8047DC69150/","OK","https://steamusercontent-a.akamaihd.net/ugc/18385099658346253955/73A0276D495FE24E74341E06E6E2E7551E99C84B/","OK","https://steamusercontent-a.akamaihd.net/ugc/17467293707643483270/604FF622A74CBBBBF8151DE2F002D8047DC69150/","OK"
"Kithguard","Guard Post","a5d827","Guard Post","https://steamusercontent-a.akamaihd.net/ugc/11813873758714677790/74D2682EC44AEE6A7BBA2EA8452CCDB887458CC8/","OK","https://steamusercontent-a.akamaihd.net/ugc/17682612175129364051/A1E96202213045BBF72D6A93F0DA32AD4C94CB0A/","OK","https://steamusercontent-a.akamaihd.net/ugc/11813873758714677790/74D2682EC44AEE6A7BBA2EA8452CCDB887458CC8/","OK"
"Kithguard","50mm base","afa2cf","50mm base_afa2cf","https://steamusercontent-a.akamaihd.net/ugc/16565607465486734529/B3E55176002E04309EF32D048CCEB4FE1B14E5F9/","OK","https://steamusercontent-a.akamaihd.net/ugc/15825158844097975441/73A0276D495FE24E74341E06E6E2E7551E99C84B/","OK","https://steamusercontent-a.akamaihd.net/ugc/16565607465486734529/B3E55176002E04309EF32D048CCEB4FE1B14E5F9/","OK"
"Kithguard","Captain Grindstone","fb6f2e","Captain Grindstone","https://steamusercontent-a.akamaihd.net/ugc/15254711127440336499/5D5ECCE3D301C20772C2576D2E05B9BF25E7649B/","OK","https://steamusercontent-a.akamaihd.net/ugc/18186990674514630406/E0F76414C0B3828807CCD4550000EE49C3565D3A/","OK","https://steamusercontent-a.akamaihd.net/ugc/10243277280733817396/B968D72F7ADDC844E927C850C5CC3439CC3F1107/","OK"
"Kithguard","40mm base","a33c35","40mm base_a33c35","https://steamusercontent-a.akamaihd.net/ugc/17467293707643483270/604FF622A74CBBBBF8151DE2F002D8047DC69150/","OK","https://steamusercontent-a.akamaihd.net/ugc/18385099658346253955/73A0276D495FE24E74341E06E6E2E7551E99C84B/","OK","https://steamusercontent-a.akamaihd.net/ugc/17467293707643483270/604FF622A74CBBBBF8151DE2F002D8047DC69150/","OK"
"Kithguard","Stormcraw","f0d9e2","Stormcraw","https://steamusercontent-a.akamaihd.net/ugc/12261815862404807067/A3B5EF89D6C332B44E9405218F6D9FA111EB79B7/","OK","https://steamusercontent-a.akamaihd.net/ugc/13306245706078307937/02169BA21E07FF5B2501DE7DFC0F089B16CE5BE0/","OK","https://steamusercontent-a.akamaihd.net/ugc/12261815862404807067/A3B5EF89D6C332B44E9405218F6D9FA111EB79B7/","OK"
"Kithguard","40mm base","41170b","40mm base_41170b","https://steamusercontent-a.akamaihd.net/ugc/17467293707643483270/604FF622A74CBBBBF8151DE2F002D8047DC69150/","OK","https://steamusercontent-a.akamaihd.net/ugc/18385099658346253955/73A0276D495FE24E74341E06E6E2E7551E99C84B/","OK","https://steamusercontent-a.akamaihd.net/ugc/17467293707643483270/604FF622A74CBBBBF8151DE2F002D8047DC69150/","OK"
"Kithguard","Wroughtmourn","371473","Wroughtmourn","https://steamusercontent-a.akamaihd.net/ugc/13261085181511672060/43DD1FF6E09A0790069319350C4CA4AA3E5D1860/","OK","https://steamusercontent-a.akamaihd.net/ugc/13987762699596595801/14EAD24523AFD8F33281F21F080278023895D13F/","OK","https://steamusercontent-a.akamaihd.net/ugc/13261085181511672060/43DD1FF6E09A0790069319350C4CA4AA3E5D1860/","OK"
"Kithguard","40mm base","58c5e8","40mm base_58c5e8","https://steamusercontent-a.akamaihd.net/ugc/17467293707643483270/604FF622A74CBBBBF8151DE2F002D8047DC69150/","OK","https://steamusercontent-a.akamaihd.net/ugc/18385099658346253955/73A0276D495FE24E74341E06E6E2E7551E99C84B/","OK","https://steamusercontent-a.akamaihd.net/ugc/17467293707643483270/604FF622A74CBBBBF8151DE2F002D8047DC69150/","OK"
"Kithguard","Fortress King","069838","Fortress King","https://steamusercontent-a.akamaihd.net/ugc/10517312458055617613/796D400F5F6C7316C70742E46B50FD45FE3584F8/","OK","https://steamusercontent-a.akamaihd.net/ugc/16630351560949578055/93D3375BAC69814B3CA9701D42C64BDEB4B33F6A/","OK","https://steamusercontent-a.akamaihd.net/ugc/13114103173799962563/0A8BEA628CC6A0653901DA60C6FC56467996E8B0/","OK"
"Kithguard","120mm base","9580b4","120mm base","https://steamusercontent-a.akamaihd.net/ugc/12398511746798383282/8D39692EEAE81114A3928C7F29445387B09B6611/","OK","https://steamusercontent-a.akamaihd.net/ugc/11874514094192302541/7B239DB4E92CEB6849B4D3A3066F6274DD65B1BC/","OK","https://steamusercontent-a.akamaihd.net/ugc/12398511746798383282/8D39692EEAE81114A3928C7F29445387B09B6611/","OK"
"Kithguard","Sergant","9f69aa","Sergant","https://steamusercontent-a.akamaihd.net/ugc/9661038997001997973/B11106F94312AEE2AE92F1C036E35F0E2C056BA7/","OK","https://steamusercontent-a.akamaihd.net/ugc/10337831960260849826/B8FB9073F31CA1C92A5B56BC875FA6D86E427D29/","OK","https://steamusercontent-a.akamaihd.net/ugc/9661038997001997973/B11106F94312AEE2AE92F1C036E35F0E2C056BA7/","OK"
"Kithguard","40mm base","32d0ec","40mm base_32d0ec","https://steamusercontent-a.akamaihd.net/ugc/17467293707643483270/604FF622A74CBBBBF8151DE2F002D8047DC69150/","OK","https://steamusercontent-a.akamaihd.net/ugc/18385099658346253955/73A0276D495FE24E74341E06E6E2E7551E99C84B/","OK","https://steamusercontent-a.akamaihd.net/ugc/17467293707643483270/604FF622A74CBBBBF8151DE2F002D8047DC69150/","OK"
"Kithguard","Mawga'Bawza","157b52","Mawga'Bawza","https://steamusercontent-a.akamaihd.net/ugc/12372329329562220277/4056326D5ADBF9052F0697F4FD1B5C1DCCDB2DE9/","OK","https://steamusercontent-a.akamaihd.net/ugc/16190846217230777260/B73F2133418A3794D47C3227333232D0040A0F55/","OK","https://steamusercontent-a.akamaihd.net/ugc/12372329329562220277/4056326D5ADBF9052F0697F4FD1B5C1DCCDB2DE9/","OK"
"Kithguard","40mm base","6e45aa","40mm base_6e45aa","https://steamusercontent-a.akamaihd.net/ugc/17467293707643483270/604FF622A74CBBBBF8151DE2F002D8047DC69150/","OK","https://steamusercontent-a.akamaihd.net/ugc/18385099658346253955/73A0276D495FE24E74341E06E6E2E7551E99C84B/","OK","https://steamusercontent-a.akamaihd.net/ugc/17467293707643483270/604FF622A74CBBBBF8151DE2F002D8047DC69150/","OK"
"Kithguard","Warchief Bagadibawm","13fc29","Warchief Bagadibawm","https://steamusercontent-a.akamaihd.net/ugc/14877424864287558839/22406C9011614532C0B19AADD9F5F4A260A614E8/","OK","https://steamusercontent-a.akamaihd.net/ugc/9819893681062940382/B1FD8C4E93CB8BE03B58339FC163FA76D2617FD5/","OK","https://steamusercontent-a.akamaihd.net/ugc/11572213293083373870/A5485483162B139D4A5FD3C6C17353851F8DB963/","OK"
"Kithguard","40mm base","c0513b","40mm base_c0513b","https://steamusercontent-a.akamaihd.net/ugc/17467293707643483270/604FF622A74CBBBBF8151DE2F002D8047DC69150/","OK","https://steamusercontent-a.akamaihd.net/ugc/18385099658346253955/73A0276D495FE24E74341E06E6E2E7551E99C84B/","OK","https://steamusercontent-a.akamaihd.net/ugc/17467293707643483270/604FF622A74CBBBBF8151DE2F002D8047DC69150/","OK"
"Kithguard","Hailer","0023e4","Hailer","https://steamusercontent-a.akamaihd.net/ugc/10597670023179735641/AA86868C88512EFC9D99AC7B46F19DD20BB9D70A/","OK","https://steamusercontent-a.akamaihd.net/ugc/10744626476105895304/28767363FD8971DBE94BBDFFB9C4566E24E36794/","OK","https://steamusercontent-a.akamaihd.net/ugc/12712156861758379337/A0B97B72D267F54D0C30BF9CD46B354B89F66EA8/","OK"
"Kithguard","50mm base","e5cfcc","50mm base_e5cfcc","https://steamusercontent-a.akamaihd.net/ugc/16565607465486734529/B3E55176002E04309EF32D048CCEB4FE1B14E5F9/","OK","https://steamusercontent-a.akamaihd.net/ugc/15825158844097975441/73A0276D495FE24E74341E06E6E2E7551E99C84B/","OK","https://steamusercontent-a.akamaihd.net/ugc/16565607465486734529/B3E55176002E04309EF32D048CCEB4FE1B14E5F9/","OK"
"Kithguard","","384de8","384de8","https://steamusercontent-a.akamaihd.net/ugc/15792427832858122041/F4BC1B884AA86345F3F836211875D4CB6193985C/","OK","https://steamusercontent-a.akamaihd.net/ugc/17460770449249463046/D9C0F3A481268E22D608B7382D3AA36777F7F4C8/","OK","https://steamusercontent-a.akamaihd.net/ugc/15792427832858122041/F4BC1B884AA86345F3F836211875D4CB6193985C/","OK"
"Kithguard","80mm base","b4ec6a","80mm base_b4ec6a","https://steamusercontent-a.akamaihd.net/ugc/9507323413831057586/A5ABC7B4C6AB4A09010368C107AE198A3CCC3D7A/","OK","https://steamusercontent-a.akamaihd.net/ugc/13689441281025536368/320864517CC6C1AA07B2B7F87481582BCB5BD368/","OK","https://steamusercontent-a.akamaihd.net/ugc/9507323413831057586/A5ABC7B4C6AB4A09010368C107AE198A3CCC3D7A/","OK"
"Kithguard","Fire Spitters","e6f0b2","Fire Spitters","https://steamusercontent-a.akamaihd.net/ugc/15340731621641762917/607553F8D1ACDF58DF80580085D862927FF8AAF6/","OK","https://steamusercontent-a.akamaihd.net/ugc/9580458583698353251/A1827105848E18BB7AE73A1E14F4890D2AE11D9F/","OK","https://steamusercontent-a.akamaihd.net/ugc/11868906381367004758/9EB59CFC87C0BB269419778C06857B94C5FD25C2/","OK"
"Kithguard","30mm base","8c20bd","30mm base","https://steamusercontent-a.akamaihd.net/ugc/13874377488447758171/176E993DB9378255E1BB74FFDD4A45558C98D895/","OK","https://steamusercontent-a.akamaihd.net/ugc/12567320968847447633/73A0276D495FE24E74341E06E6E2E7551E99C84B/","OK","https://steamusercontent-a.akamaihd.net/ugc/13874377488447758171/176E993DB9378255E1BB74FFDD4A45558C98D895/","OK"
"Kithguard","Kithguard Infantry - Slugger","6e535c","Kithguard Infantry - Slugger","https://steamusercontent-a.akamaihd.net/ugc/16141377532026466139/ACE07FA09BA387F45C41372284B31978C7E7DEE7/","OK","https://steamusercontent-a.akamaihd.net/ugc/13096366309690641891/89A98261E517F7711A7A21BDDCBFB0CB321E78D5/","OK","https://steamusercontent-a.akamaihd.net/ugc/16702481170365968800/861856E256BABD1CEE77F00741BA26645F40E56D/","OK"
"Kithguard","40mm base","ce3c72","40mm base_ce3c72","https://steamusercontent-a.akamaihd.net/ugc/17467293707643483270/604FF622A74CBBBBF8151DE2F002D8047DC69150/","OK","https://steamusercontent-a.akamaihd.net/ugc/18385099658346253955/73A0276D495FE24E74341E06E6E2E7551E99C84B/","OK","https://steamusercontent-a.akamaihd.net/ugc/17467293707643483270/604FF622A74CBBBBF8151DE2F002D8047DC69150/","OK"
"Kithguard","medic","494904","medic","https://steamusercontent-a.akamaihd.net/ugc/12203184091502906870/F5420529FEF804E5FA2729557DC99C7BC6F0AE1A/","OK","https://steamusercontent-a.akamaihd.net/ugc/10617617132622002543/238E058E8AC152CAD07678EDA6450524809CA2E0/","OK","https://steamusercontent-a.akamaihd.net/ugc/12203184091502906870/F5420529FEF804E5FA2729557DC99C7BC6F0AE1A/","OK"
"Kithguard","30mm base","9637b5","30mm base_9637b5","https://steamusercontent-a.akamaihd.net/ugc/13874377488447758171/176E993DB9378255E1BB74FFDD4A45558C98D895/","OK","https://steamusercontent-a.akamaihd.net/ugc/12567320968847447633/73A0276D495FE24E74341E06E6E2E7551E99C84B/","OK","https://steamusercontent-a.akamaihd.net/ugc/13874377488447758171/176E993DB9378255E1BB74FFDD4A45558C98D895/","OK"
"Kithguard","Kithguard Infantry - Mortar","b71d07","Kithguard Infantry - Mortar","https://steamusercontent-a.akamaihd.net/ugc/14900869399089822452/0749FDA8A8AB1AF7F02CDF36FD829162BA7A35B8/","OK","https://steamusercontent-a.akamaihd.net/ugc/13096366309690641891/89A98261E517F7711A7A21BDDCBFB0CB321E78D5/","OK","https://steamusercontent-a.akamaihd.net/ugc/14900869399089822452/0749FDA8A8AB1AF7F02CDF36FD829162BA7A35B8/","OK"
"Kithguard","40mm base","d7fe16","40mm base_d7fe16","https://steamusercontent-a.akamaihd.net/ugc/17467293707643483270/604FF622A74CBBBBF8151DE2F002D8047DC69150/","OK","https://steamusercontent-a.akamaihd.net/ugc/18385099658346253955/73A0276D495FE24E74341E06E6E2E7551E99C84B/","OK","https://steamusercontent-a.akamaihd.net/ugc/17467293707643483270/604FF622A74CBBBBF8151DE2F002D8047DC69150/","OK"
"Kithguard","Sidewinder","58c4f6","Sidewinder","https://steamusercontent-a.akamaihd.net/ugc/14140398194524743982/DCC27573F2379E93C21508C81546D089051A768B/","OK","https://steamusercontent-a.akamaihd.net/ugc/14023588825193184154/3E79A1CFC55A5A077B58C680F0B921D9F1C74E1F/","OK","https://steamusercontent-a.akamaihd.net/ugc/14140398194524743982/DCC27573F2379E93C21508C81546D089051A768B/","OK"
"Kithguard","50mm base","94a99c","50mm base_94a99c","https://steamusercontent-a.akamaihd.net/ugc/16565607465486734529/B3E55176002E04309EF32D048CCEB4FE1B14E5F9/","OK","https://steamusercontent-a.akamaihd.net/ugc/15825158844097975441/73A0276D495FE24E74341E06E6E2E7551E99C84B/","OK","https://steamusercontent-a.akamaihd.net/ugc/16565607465486734529/B3E55176002E04309EF32D048CCEB4FE1B14E5F9/","OK"
"Kithguard","Spirit Shaman","ccfc6f","Spirit Shaman","https://steamusercontent-a.akamaihd.net/ugc/17744153376035227827/31D64B6A8425DAEAF95A028E5D309D77701EF7C1/","OK","https://steamusercontent-a.akamaihd.net/ugc/9948054634787811535/547DB68A7B2FE3BE12DE7C80F4864FA0982DB416/","OK","https://steamusercontent-a.akamaihd.net/ugc/9775778878195038739/C0BFCE7D50B4AB22232BB287EC5EF38CBDAA6BBD/","OK"
"Kithguard","30mm base","880088","30mm base_880088","https://steamusercontent-a.akamaihd.net/ugc/13874377488447758171/176E993DB9378255E1BB74FFDD4A45558C98D895/","OK","https://steamusercontent-a.akamaihd.net/ugc/12567320968847447633/73A0276D495FE24E74341E06E6E2E7551E99C84B/","OK","https://steamusercontent-a.akamaihd.net/ugc/13874377488447758171/176E993DB9378255E1BB74FFDD4A45558C98D895/","OK"
"Kithguard","Fugewalker","07c983","Fugewalker","https://steamusercontent-a.akamaihd.net/ugc/9236541777332802395/BAAB38E0103E4436D583C3BA6C98BB002BDD6B21/","OK","https://steamusercontent-a.akamaihd.net/ugc/17298028691563926353/CB92458C57F8DEE88DE0909713F03CF8E35F94C1/","OK","https://steamusercontent-a.akamaihd.net/ugc/13268128035278929446/93BF6C15EF57983EB95C62C62B6E1B551FD1FD17/","OK"
"Kithguard","40mm base","12560d","40mm base_12560d","https://steamusercontent-a.akamaihd.net/ugc/17467293707643483270/604FF622A74CBBBBF8151DE2F002D8047DC69150/","OK","https://steamusercontent-a.akamaihd.net/ugc/18385099658346253955/73A0276D495FE24E74341E06E6E2E7551E99C84B/","OK","https://steamusercontent-a.akamaihd.net/ugc/17467293707643483270/604FF622A74CBBBBF8151DE2F002D8047DC69150/","OK"
"Kithguard","","b0eea3","b0eea3","https://steamusercontent-a.akamaihd.net/ugc/12796334831549003522/012AE3B38534C06BCBFCD1A10DC6CCFB9AA67D46/","OK","https://steamusercontent-a.akamaihd.net/ugc/13181633349233283573/7244D0BAB870721CC02DA485A20CD87E0C6E38B5/","OK","https://steamusercontent-a.akamaihd.net/ugc/16641979298150213744/2B2B54B71E56947B7D23A7049DEEC6440B83DCF2/","OK"
"Kithguard","40mm base","e571fa","40mm base_e571fa","https://steamusercontent-a.akamaihd.net/ugc/17467293707643483270/604FF622A74CBBBBF8151DE2F002D8047DC69150/","OK","https://steamusercontent-a.akamaihd.net/ugc/18385099658346253955/73A0276D495FE24E74341E06E6E2E7551E99C84B/","OK","https://steamusercontent-a.akamaihd.net/ugc/17467293707643483270/604FF622A74CBBBBF8151DE2F002D8047DC69150/","OK"
"Kithguard","Kithguard Infantry - Flamethrower","8c3b8c","Kithguard Infantry - Flamethrower","https://steamusercontent-a.akamaihd.net/ugc/16571587889873594581/58E2F475E3E711C23B7804D1F5A83E5BF3746931/","OK","https://steamusercontent-a.akamaihd.net/ugc/13096366309690641891/89A98261E517F7711A7A21BDDCBFB0CB321E78D5/","OK","https://steamusercontent-a.akamaihd.net/ugc/16571587889873594581/58E2F475E3E711C23B7804D1F5A83E5BF3746931/","OK"
"Kithguard","40mm base","353381","40mm base_353381","https://steamusercontent-a.akamaihd.net/ugc/17467293707643483270/604FF622A74CBBBBF8151DE2F002D8047DC69150/","OK","https://steamusercontent-a.akamaihd.net/ugc/18385099658346253955/73A0276D495FE24E74341E06E6E2E7551E99C84B/","OK","https://steamusercontent-a.akamaihd.net/ugc/17467293707643483270/604FF622A74CBBBBF8151DE2F002D8047DC69150/","OK"
"Kithguard","Kithguard Infantry - Rifle","ec9f99","Kithguard Infantry - Rifle","https://steamusercontent-a.akamaihd.net/ugc/12062708742432518680/606192516ECC7C8E0F7E36F7F742911EBEF9652F/","OK","https://steamusercontent-a.akamaihd.net/ugc/13096366309690641891/89A98261E517F7711A7A21BDDCBFB0CB321E78D5/","OK","https://steamusercontent-a.akamaihd.net/ugc/12062708742432518680/606192516ECC7C8E0F7E36F7F742911EBEF9652F/","OK"
"Kithguard","40mm base","695b1d","40mm base_695b1d","https://steamusercontent-a.akamaihd.net/ugc/17467293707643483270/604FF622A74CBBBBF8151DE2F002D8047DC69150/","OK","https://steamusercontent-a.akamaihd.net/ugc/18385099658346253955/73A0276D495FE24E74341E06E6E2E7551E99C84B/","OK","https://steamusercontent-a.akamaihd.net/ugc/17467293707643483270/604FF622A74CBBBBF8151DE2F002D8047DC69150/","OK"
"Kithguard","Pvt. Rattles","9e7e50","Pvt. Rattles","https://steamusercontent-a.akamaihd.net/ugc/12370969166253882122/32E53FA3D202EB6BE126DC8293897D1C7658D6F5/","OK","https://steamusercontent-a.akamaihd.net/ugc/15404093722073090844/0621DE8989E06A33E5B5DAE45ACE8A3C350B8E19/","OK","https://steamusercontent-a.akamaihd.net/ugc/12370969166253882122/32E53FA3D202EB6BE126DC8293897D1C7658D6F5/","OK"
"Kithguard","30mm base","9637b5","30mm base_9637b5","https://steamusercontent-a.akamaihd.net/ugc/13874377488447758171/176E993DB9378255E1BB74FFDD4A45558C98D895/","OK","https://steamusercontent-a.akamaihd.net/ugc/12567320968847447633/73A0276D495FE24E74341E06E6E2E7551E99C84B/","OK","https://steamusercontent-a.akamaihd.net/ugc/13874377488447758171/176E993DB9378255E1BB74FFDD4A45558C98D895/","OK"
"Kithguard","Scrapper","485438","Scrapper","https://steamusercontent-a.akamaihd.net/ugc/9925625385172809961/21BA288994034CA35062C35124C20065F3BD7327/","OK","https://steamusercontent-a.akamaihd.net/ugc/17243547291009272289/F57ACC207FFAFD8F314D3E2D4067C3A72DB224F0/","OK","https://steamusercontent-a.akamaihd.net/ugc/9925625385172809961/21BA288994034CA35062C35124C20065F3BD7327/","OK"
"Kithguard","40mm base","330a37","40mm base_330a37","https://steamusercontent-a.akamaihd.net/ugc/17467293707643483270/604FF622A74CBBBBF8151DE2F002D8047DC69150/","OK","https://steamusercontent-a.akamaihd.net/ugc/18385099658346253955/73A0276D495FE24E74341E06E6E2E7551E99C84B/","OK","https://steamusercontent-a.akamaihd.net/ugc/17467293707643483270/604FF622A74CBBBBF8151DE2F002D8047DC69150/","OK"
"Kithguard","Tunnel Rat","e8b315","Tunnel Rat","https://steamusercontent-a.akamaihd.net/ugc/15305967939295273905/54AE6F9FB6155E37974E47A17B2CEC69B08774ED/","OK","https://steamusercontent-a.akamaihd.net/ugc/14088948647898815540/DCAC0210443ED34D1A48DA13E56576977B1A8454/","OK","https://steamusercontent-a.akamaihd.net/ugc/15305967939295273905/54AE6F9FB6155E37974E47A17B2CEC69B08774ED/","OK"
"Kithguard","30mm base","90d981","30mm base_90d981","https://steamusercontent-a.akamaihd.net/ugc/13874377488447758171/176E993DB9378255E1BB74FFDD4A45558C98D895/","OK","https://steamusercontent-a.akamaihd.net/ugc/12567320968847447633/73A0276D495FE24E74341E06E6E2E7551E99C84B/","OK","https://steamusercontent-a.akamaihd.net/ugc/13874377488447758171/176E993DB9378255E1BB74FFDD4A45558C98D895/","OK"
"Kithguard","Throatcutter","bd968f","Throatcutter","https://steamusercontent-a.akamaihd.net/ugc/13177124495877992282/D8811BDC93F4FF3B0FBB82DD9D6D5D19DD7EDE91/","OK","https://steamusercontent-a.akamaihd.net/ugc/9524866823472107921/5B711BC4B977886DF94D67F5DA4B011C195D9F08/","OK","https://steamusercontent-a.akamaihd.net/ugc/13177124495877992282/D8811BDC93F4FF3B0FBB82DD9D6D5D19DD7EDE91/","OK"
"Kithguard","40mm base","585d87","40mm base_585d87","https://steamusercontent-a.akamaihd.net/ugc/17467293707643483270/604FF622A74CBBBBF8151DE2F002D8047DC69150/","OK","https://steamusercontent-a.akamaihd.net/ugc/18385099658346253955/73A0276D495FE24E74341E06E6E2E7551E99C84B/","OK","https://steamusercontent-a.akamaihd.net/ugc/17467293707643483270/604FF622A74CBBBBF8151DE2F002D8047DC69150/","OK"
"Kithguard","TRAPDOOR","5a0a78","TRAPDOOR","https://steamusercontent-a.akamaihd.net/ugc/14241234182393987825/F3DD1561FC85F3C75751421C346F14C3C668D066/","OK","https://steamusercontent-a.akamaihd.net/ugc/15539299313834074496/D45493D8E3D9B05DAB63F34B48ACE87D9D6944D2/","OK","https://steamusercontent-a.akamaihd.net/ugc/14241234182393987825/F3DD1561FC85F3C75751421C346F14C3C668D066/","OK"
"Kithguard","30mm base","9888a0","30mm base_9888a0","https://steamusercontent-a.akamaihd.net/ugc/13874377488447758171/176E993DB9378255E1BB74FFDD4A45558C98D895/","OK","https://steamusercontent-a.akamaihd.net/ugc/12567320968847447633/73A0276D495FE24E74341E06E6E2E7551E99C84B/","OK","https://steamusercontent-a.akamaihd.net/ugc/13874377488447758171/176E993DB9378255E1BB74FFDD4A45558C98D895/","OK"
"Kithguard","Dozer & Smigg, Siege Breakers","417fbb","Dozer & Smigg, Siege Breakers","https://steamusercontent-a.akamaihd.net/ugc/14476319644727041508/B8FB31C44550B551BE8868768CFFF0B5010DFE7D/","OK","https://steamusercontent-a.akamaihd.net/ugc/16650248793196420325/4AC0373CE1CAA75EEDAFE79881126B8E63714D9A/","OK","https://steamusercontent-a.akamaihd.net/ugc/15287114659992050423/E9D5C4C6FA730C3986A45BB690DECFDF4108D064/","OK"
"Kithguard","80mm base","443614","80mm base_443614","https://steamusercontent-a.akamaihd.net/ugc/9507323413831057586/A5ABC7B4C6AB4A09010368C107AE198A3CCC3D7A/","OK","https://steamusercontent-a.akamaihd.net/ugc/13689441281025536368/320864517CC6C1AA07B2B7F87481582BCB5BD368/","OK","https://steamusercontent-a.akamaihd.net/ugc/9507323413831057586/A5ABC7B4C6AB4A09010368C107AE198A3CCC3D7A/","OK"
"Brineblood Marauders","Ol' Scuttlebutt","056abb","Ol' Scuttlebutt","https://steamusercontent-a.akamaihd.net/ugc/17928931960802127953/D09FF19E60FA3A8A18195E0CD047DDF5EBA49A54/","OK","https://steamusercontent-a.akamaihd.net/ugc/15776345228292027718/FADC09C8EE5246007FF5038F8567D34E69473B60/","OK","https://steamusercontent-a.akamaihd.net/ugc/12639365994270280730/94F1E9627EB30EC7AB98D7D44ED685642CBA3F0E/","OK"
"Brineblood Marauders","80mm base","b4ec6a","80mm base","https://steamusercontent-a.akamaihd.net/ugc/9507323413831057586/A5ABC7B4C6AB4A09010368C107AE198A3CCC3D7A/","OK","https://steamusercontent-a.akamaihd.net/ugc/13689441281025536368/320864517CC6C1AA07B2B7F87481582BCB5BD368/","OK","https://steamusercontent-a.akamaihd.net/ugc/9507323413831057586/A5ABC7B4C6AB4A09010368C107AE198A3CCC3D7A/","OK"
"Brineblood Marauders","Admiral Boomhowler","6c2377","Admiral Boomhowler","https://steamusercontent-a.akamaihd.net/ugc/12972983358663382666/E660D8BC7165E8731A9FC8D09ABDA4531DEC3CE0/","OK","https://steamusercontent-a.akamaihd.net/ugc/17367886097518551508/2C9BEB706AF15DDE0B01FD0C88CE8937CA91ECF9/","OK","https://steamusercontent-a.akamaihd.net/ugc/14228283966169537181/23B1B6DED82BA8F40880D2157CC2372C794F9BEE/","OK"
"Brineblood Marauders","40mm base","e571fa","40mm base","https://steamusercontent-a.akamaihd.net/ugc/17467293707643483270/604FF622A74CBBBBF8151DE2F002D8047DC69150/","OK","https://steamusercontent-a.akamaihd.net/ugc/18385099658346253955/73A0276D495FE24E74341E06E6E2E7551E99C84B/","OK","https://steamusercontent-a.akamaihd.net/ugc/17467293707643483270/604FF622A74CBBBBF8151DE2F002D8047DC69150/","OK"
"Brineblood Marauders","Captain Firequill","0e00fc","Captain Firequill","https://steamusercontent-a.akamaihd.net/ugc/10692185212250363394/E8069D4B8C552F273E83EB52CBDA783384CC50C9/","OK","https://steamusercontent-a.akamaihd.net/ugc/15563159686190709681/29E0A232E844BA549035149B4FFE882C4D54176D/","OK","https://steamusercontent-a.akamaihd.net/ugc/15054247592647219940/364D71C5A5A4C55E911B4FB9A15E8246CA262499/","OK"
"Brineblood Marauders","40mm base","7b00ef","40mm base_7b00ef","https://steamusercontent-a.akamaihd.net/ugc/17467293707643483270/604FF622A74CBBBBF8151DE2F002D8047DC69150/","OK","https://steamusercontent-a.akamaihd.net/ugc/18385099658346253955/73A0276D495FE24E74341E06E6E2E7551E99C84B/","OK","https://steamusercontent-a.akamaihd.net/ugc/17467293707643483270/604FF622A74CBBBBF8151DE2F002D8047DC69150/","OK"
"Brineblood Marauders","Commander Foulblood","e15b06","Commander Foulblood","https://steamusercontent-a.akamaihd.net/ugc/16567596485526867787/6417700B6D513D09040C65513E6668FF4E810C11/","OK","https://steamusercontent-a.akamaihd.net/ugc/17379035889139567675/390F74F9ED826DF62F847A6E999B38E0FE4E8FC6/","OK","https://steamusercontent-a.akamaihd.net/ugc/11478182392169887888/35C3E13D22E64713C8272AD6C068E956032B16AA/","OK"
"Brineblood Marauders","40mm base","9638f0","40mm base_9638f0","https://steamusercontent-a.akamaihd.net/ugc/17467293707643483270/604FF622A74CBBBBF8151DE2F002D8047DC69150/","OK","https://steamusercontent-a.akamaihd.net/ugc/18385099658346253955/73A0276D495FE24E74341E06E6E2E7551E99C84B/","OK","https://steamusercontent-a.akamaihd.net/ugc/17467293707643483270/604FF622A74CBBBBF8151DE2F002D8047DC69150/","OK"
"Brineblood Marauders","Maruder Crew","1cba66","Maruder Crew","https://steamusercontent-a.akamaihd.net/ugc/15467052094568646082/728E33F53DC72584F5D28E6D41F13003D5FEAA80/","OK","https://steamusercontent-a.akamaihd.net/ugc/12852140416188361256/8B7F044A71A92F50AB5BBC7ACF30EB9B0BEC1958/","OK","https://steamusercontent-a.akamaihd.net/ugc/11150440136856433200/4164843247751B2D02B096B8467F4B118396DA03/","OK"
"Brineblood Marauders","40mm base","2a6229","40mm base_2a6229","https://steamusercontent-a.akamaihd.net/ugc/17467293707643483270/604FF622A74CBBBBF8151DE2F002D8047DC69150/","OK","https://steamusercontent-a.akamaihd.net/ugc/18385099658346253955/73A0276D495FE24E74341E06E6E2E7551E99C84B/","OK","https://steamusercontent-a.akamaihd.net/ugc/17467293707643483270/604FF622A74CBBBBF8151DE2F002D8047DC69150/","OK"
"Brineblood Marauders","Warchief Bagadibawm","753e1a","Warchief Bagadibawm","https://steamusercontent-a.akamaihd.net/ugc/14877424864287558839/22406C9011614532C0B19AADD9F5F4A260A614E8/","OK","https://steamusercontent-a.akamaihd.net/ugc/9819893681062940382/B1FD8C4E93CB8BE03B58339FC163FA76D2617FD5/","OK","https://steamusercontent-a.akamaihd.net/ugc/11572213293083373870/A5485483162B139D4A5FD3C6C17353851F8DB963/","OK"
"Brineblood Marauders","40mm base","c0513b","40mm base_c0513b","https://steamusercontent-a.akamaihd.net/ugc/17467293707643483270/604FF622A74CBBBBF8151DE2F002D8047DC69150/","OK","https://steamusercontent-a.akamaihd.net/ugc/18385099658346253955/73A0276D495FE24E74341E06E6E2E7551E99C84B/","OK","https://steamusercontent-a.akamaihd.net/ugc/17467293707643483270/604FF622A74CBBBBF8151DE2F002D8047DC69150/","OK"
"Brineblood Marauders","Booty Boss","97ab1a","Booty Boss","https://steamusercontent-a.akamaihd.net/ugc/11685294856362015622/FC9AAF25E075F5F02F37E89FC9C9CEB15977B08C/","OK","https://steamusercontent-a.akamaihd.net/ugc/11004531102920954214/EBE251473C54D769AB9FF13A4FCDEA9CCB7FEFAF/","OK","https://steamusercontent-a.akamaihd.net/ugc/16957763356890430486/E5217ACA92316FAFB27720ED24224ACD580F1E40/","OK"
"Brineblood Marauders","40mm base","e571fa","40mm base_e571fa","https://steamusercontent-a.akamaihd.net/ugc/17467293707643483270/604FF622A74CBBBBF8151DE2F002D8047DC69150/","OK","https://steamusercontent-a.akamaihd.net/ugc/18385099658346253955/73A0276D495FE24E74341E06E6E2E7551E99C84B/","OK","https://steamusercontent-a.akamaihd.net/ugc/17467293707643483270/604FF622A74CBBBBF8151DE2F002D8047DC69150/","OK"
"Brineblood Marauders","First Mate Hargo Stormjaw","251764","First Mate Hargo Stormjaw","https://steamusercontent-a.akamaihd.net/ugc/17466426004586247955/C7C53D029B822C502ABF6188C4C457C964BAE9A6/","OK","https://steamusercontent-a.akamaihd.net/ugc/16624393923679004818/77968293D1E76A53882BB8334D508D5A92B00124/","OK","https://steamusercontent-a.akamaihd.net/ugc/13667626826129314466/8311FB6EB86B84FB63544CA89049D4A46399F760/","OK"
"Brineblood Marauders","40mm base","f90030","40mm base_f90030","https://steamusercontent-a.akamaihd.net/ugc/17467293707643483270/604FF622A74CBBBBF8151DE2F002D8047DC69150/","OK","https://steamusercontent-a.akamaihd.net/ugc/18385099658346253955/73A0276D495FE24E74341E06E6E2E7551E99C84B/","OK","https://steamusercontent-a.akamaihd.net/ugc/17467293707643483270/604FF622A74CBBBBF8151DE2F002D8047DC69150/","OK"
"Brineblood Marauders","Chum","b2a951","Chum","https://steamusercontent-a.akamaihd.net/ugc/11898606156447608983/FCC3A39BABFAB92482965901D866BB01BA4F2460/","OK","https://steamusercontent-a.akamaihd.net/ugc/15699422396239877557/E8B371EC830EEC24F953E38132E3430DA8F08976/","OK","https://steamusercontent-a.akamaihd.net/ugc/16849587366914397281/28C99EEC964357FFC43038C9C7450C0D73D82E3D/","OK"
"Brineblood Marauders","50mm base","e3f0ab","50mm base","https://steamusercontent-a.akamaihd.net/ugc/16565607465486734529/B3E55176002E04309EF32D048CCEB4FE1B14E5F9/","OK","https://steamusercontent-a.akamaihd.net/ugc/15825158844097975441/73A0276D495FE24E74341E06E6E2E7551E99C84B/","OK","https://steamusercontent-a.akamaihd.net/ugc/16565607465486734529/B3E55176002E04309EF32D048CCEB4FE1B14E5F9/","OK"
"Brineblood Marauders","Deepborn Dire Troll","cbae45","Deepborn Dire Troll","https://steamusercontent-a.akamaihd.net/ugc/17288835824157080489/199B7ED28F1DE116BF7B7C43E29874C9BC856068/","OK","https://steamusercontent-a.akamaihd.net/ugc/13754192831820383586/6E0582E04ACAAB72C2714EE1BABBF044D0B02EAD/","OK","https://steamusercontent-a.akamaihd.net/ugc/15864049028998776482/FCD1A0EE1CC42182866F8D2C263CD86E72BD71CA/","OK"
"Brineblood Marauders","50mm base","fb524e","50mm base_fb524e","https://steamusercontent-a.akamaihd.net/ugc/16565607465486734529/B3E55176002E04309EF32D048CCEB4FE1B14E5F9/","OK","https://steamusercontent-a.akamaihd.net/ugc/15825158844097975441/73A0276D495FE24E74341E06E6E2E7551E99C84B/","OK","https://steamusercontent-a.akamaihd.net/ugc/16565607465486734529/B3E55176002E04309EF32D048CCEB4FE1B14E5F9/","OK"
"Brineblood Marauders","Fire Guardian","8e8d6d","Fire Guardian","https://steamusercontent-a.akamaihd.net/ugc/17993565460307190343/79658837CFC31D4C81BC9945B30A207D2904D751/","OK","https://steamusercontent-a.akamaihd.net/ugc/10494724096218306988/72CDEE6195D1BAC658D9BBFA02827405F34C85C7/","OK","https://steamusercontent-a.akamaihd.net/ugc/17993565460307190343/79658837CFC31D4C81BC9945B30A207D2904D751/","OK"
"Brineblood Marauders","40mm base","a79afd","40mm base_a79afd","https://steamusercontent-a.akamaihd.net/ugc/17467293707643483270/604FF622A74CBBBBF8151DE2F002D8047DC69150/","OK","https://steamusercontent-a.akamaihd.net/ugc/18385099658346253955/73A0276D495FE24E74341E06E6E2E7551E99C84B/","OK","https://steamusercontent-a.akamaihd.net/ugc/17467293707643483270/604FF622A74CBBBBF8151DE2F002D8047DC69150/","OK"
"Brineblood Marauders","Fire Spitters","46cc9f","Fire Spitters","https://steamusercontent-a.akamaihd.net/ugc/15340731621641762917/607553F8D1ACDF58DF80580085D862927FF8AAF6/","OK","https://steamusercontent-a.akamaihd.net/ugc/9580458583698353251/A1827105848E18BB7AE73A1E14F4890D2AE11D9F/","OK","https://steamusercontent-a.akamaihd.net/ugc/11868906381367004758/9EB59CFC87C0BB269419778C06857B94C5FD25C2/","OK"
"Brineblood Marauders","30mm base","8c20bd","30mm base","https://steamusercontent-a.akamaihd.net/ugc/13874377488447758171/176E993DB9378255E1BB74FFDD4A45558C98D895/","OK","https://steamusercontent-a.akamaihd.net/ugc/12567320968847447633/73A0276D495FE24E74341E06E6E2E7551E99C84B/","OK","https://steamusercontent-a.akamaihd.net/ugc/13874377488447758171/176E993DB9378255E1BB74FFDD4A45558C98D895/","OK"
"Brineblood Marauders","Great Old One","6b3482","Great Old One","https://steamusercontent-a.akamaihd.net/ugc/9847252277573823717/700D91F3D467D043BD65BE9D6681CA56FEE1A7AB/","OK","https://steamusercontent-a.akamaihd.net/ugc/13001960105230963976/22CA2A0CCFC44289F5AFCAE8CCF815A236D0D2F9/","OK","https://steamusercontent-a.akamaihd.net/ugc/17063545117327847905/AF622E2D0AF604D7C0B84276C0B6B2C474A0C265/","OK"
"Brineblood Marauders","50mm base","67fdd5","50mm base_67fdd5","https://steamusercontent-a.akamaihd.net/ugc/16565607465486734529/B3E55176002E04309EF32D048CCEB4FE1B14E5F9/","OK","https://steamusercontent-a.akamaihd.net/ugc/15825158844097975441/73A0276D495FE24E74341E06E6E2E7551E99C84B/","OK","https://steamusercontent-a.akamaihd.net/ugc/16565607465486734529/B3E55176002E04309EF32D048CCEB4FE1B14E5F9/","OK"
"Brineblood Marauders","","092fbb","092fbb","https://steamusercontent-a.akamaihd.net/ugc/9236541777332802395/BAAB38E0103E4436D583C3BA6C98BB002BDD6B21/","OK","https://steamusercontent-a.akamaihd.net/ugc/17298028691563926353/CB92458C57F8DEE88DE0909713F03CF8E35F94C1/","OK","https://steamusercontent-a.akamaihd.net/ugc/13268128035278929446/93BF6C15EF57983EB95C62C62B6E1B551FD1FD17/","OK"
"Brineblood Marauders","40mm base","12560d","40mm base_12560d","https://steamusercontent-a.akamaihd.net/ugc/17467293707643483270/604FF622A74CBBBBF8151DE2F002D8047DC69150/","OK","https://steamusercontent-a.akamaihd.net/ugc/18385099658346253955/73A0276D495FE24E74341E06E6E2E7551E99C84B/","OK","https://steamusercontent-a.akamaihd.net/ugc/17467293707643483270/604FF622A74CBBBBF8151DE2F002D8047DC69150/","OK"
"Brineblood Marauders","Marauder Crew Bosun","404240","Marauder Crew Bosun","https://steamusercontent-a.akamaihd.net/ugc/11317430949300857022/D19BDE350C2412B6FF90A0BF50FC38CB5E8C4F0C/","OK","https://steamusercontent-a.akamaihd.net/ugc/18127780570084003246/06BDA9BE16AB39527CE893B3B48B4AE144253013/","OK","https://steamusercontent-a.akamaihd.net/ugc/11502516246732687698/2C76646DA3F7B79D2F10F9D003E8DA850B7DA02F/","OK"
"Brineblood Marauders","40mm base","e571fa","40mm base_e571fa","https://steamusercontent-a.akamaihd.net/ugc/17467293707643483270/604FF622A74CBBBBF8151DE2F002D8047DC69150/","OK","https://steamusercontent-a.akamaihd.net/ugc/18385099658346253955/73A0276D495FE24E74341E06E6E2E7551E99C84B/","OK","https://steamusercontent-a.akamaihd.net/ugc/17467293707643483270/604FF622A74CBBBBF8151DE2F002D8047DC69150/","OK"
"Brineblood Marauders","Marauder Crew Quartermaster","7ab1a5","Marauder Crew Quartermaster","https://steamusercontent-a.akamaihd.net/ugc/9232200360714257930/D6D8A6C3CAAC6DF8F4548264BACF0F241D99DEC2/","OK","https://steamusercontent-a.akamaihd.net/ugc/11777980559009719257/DEC37D65BED99B5B6C293D885911436C08CE8777/","OK","https://steamusercontent-a.akamaihd.net/ugc/11145821461807526264/A5DB9CF44FCA5E920A1538101B83011D6A024172/","OK"
"Brineblood Marauders","40mm base","e571fa","40mm base_e571fa","https://steamusercontent-a.akamaihd.net/ugc/17467293707643483270/604FF622A74CBBBBF8151DE2F002D8047DC69150/","OK","https://steamusercontent-a.akamaihd.net/ugc/18385099658346253955/73A0276D495FE24E74341E06E6E2E7551E99C84B/","OK","https://steamusercontent-a.akamaihd.net/ugc/17467293707643483270/604FF622A74CBBBBF8151DE2F002D8047DC69150/","OK"
"Brineblood Marauders","Marauder Crew Tapper","dc3541","Marauder Crew Tapper","https://steamusercontent-a.akamaihd.net/ugc/17343803845737975379/1741BFBD31BE25B5B7C896037870FBDF1352A93B/","OK","https://steamusercontent-a.akamaihd.net/ugc/13072272515026032826/E167856AEC040C90355B1EEDEBF5274C1C151B6F/","OK","https://steamusercontent-a.akamaihd.net/ugc/10791600630603312348/F7CD3A11A20BADAAA44215EDC7B141C610654B68/","OK"
"Brineblood Marauders","40mm base","ad3087","40mm base_ad3087","https://steamusercontent-a.akamaihd.net/ugc/17467293707643483270/604FF622A74CBBBBF8151DE2F002D8047DC69150/","OK","https://steamusercontent-a.akamaihd.net/ugc/18385099658346253955/73A0276D495FE24E74341E06E6E2E7551E99C84B/","OK","https://steamusercontent-a.akamaihd.net/ugc/17467293707643483270/604FF622A74CBBBBF8151DE2F002D8047DC69150/","OK"
"Brineblood Marauders","Mawga'Bawza","d831cb","Mawga'Bawza","https://steamusercontent-a.akamaihd.net/ugc/12372329329562220277/4056326D5ADBF9052F0697F4FD1B5C1DCCDB2DE9/","OK","https://steamusercontent-a.akamaihd.net/ugc/16190846217230777260/B73F2133418A3794D47C3227333232D0040A0F55/","OK","https://steamusercontent-a.akamaihd.net/ugc/12372329329562220277/4056326D5ADBF9052F0697F4FD1B5C1DCCDB2DE9/","OK"
"Brineblood Marauders","40mm base","6e45aa","40mm base_6e45aa","https://steamusercontent-a.akamaihd.net/ugc/17467293707643483270/604FF622A74CBBBBF8151DE2F002D8047DC69150/","OK","https://steamusercontent-a.akamaihd.net/ugc/18385099658346253955/73A0276D495FE24E74341E06E6E2E7551E99C84B/","OK","https://steamusercontent-a.akamaihd.net/ugc/17467293707643483270/604FF622A74CBBBBF8151DE2F002D8047DC69150/","OK"
"Brineblood Marauders","MISTAAA BOGSSSS","70cd71","MISTAAA BOGSSSS","https://steamusercontent-a.akamaihd.net/ugc/17721124310889120544/A4A0780A73AA82972E21F62F8DC61C0BA92C987D/","OK","https://steamusercontent-a.akamaihd.net/ugc/13382599399406890710/469042A5DF1851E2CD08B7FE2F39E4F63A1F3E0A/","OK","https://steamusercontent-a.akamaihd.net/ugc/17721124310889120544/A4A0780A73AA82972E21F62F8DC61C0BA92C987D/","OK"
"Brineblood Marauders","30mm base","f9c680","30mm base_f9c680","https://steamusercontent-a.akamaihd.net/ugc/13874377488447758171/176E993DB9378255E1BB74FFDD4A45558C98D895/","OK","https://steamusercontent-a.akamaihd.net/ugc/12567320968847447633/73A0276D495FE24E74341E06E6E2E7551E99C84B/","OK","https://steamusercontent-a.akamaihd.net/ugc/13874377488447758171/176E993DB9378255E1BB74FFDD4A45558C98D895/","OK"
"Brineblood Marauders","Pyg Boarding Party","c67b6c","Pyg Boarding Party","https://steamusercontent-a.akamaihd.net/ugc/17547307807960188434/9B5FC7CCC2CF42FA5764D168AF80C95101A841B0/","OK","https://steamusercontent-a.akamaihd.net/ugc/12772130057328171001/E174E58B6A849FE18866D0CBBB1DBBB1AC6E806B/","OK","https://steamusercontent-a.akamaihd.net/ugc/17547307807960188434/9B5FC7CCC2CF42FA5764D168AF80C95101A841B0/","OK"
"Brineblood Marauders","30mm base","fe35c9","30mm base_fe35c9","https://steamusercontent-a.akamaihd.net/ugc/13874377488447758171/176E993DB9378255E1BB74FFDD4A45558C98D895/","OK","https://steamusercontent-a.akamaihd.net/ugc/12567320968847447633/73A0276D495FE24E74341E06E6E2E7551E99C84B/","OK","https://steamusercontent-a.akamaihd.net/ugc/13874377488447758171/176E993DB9378255E1BB74FFDD4A45558C98D895/","OK"
"Brineblood Marauders","Pyg Dirge","f1ebc1","Pyg Dirge","https://steamusercontent-a.akamaihd.net/ugc/16635412285072912121/DA46DA06B4F3235DB683DFCBCE490899B6D184AD/","OK","https://steamusercontent-a.akamaihd.net/ugc/14425378392063925597/D27900EB0CDC181B4CF968B870486A6820B3BB22/","OK","https://steamusercontent-a.akamaihd.net/ugc/11561154900781383651/CC3A5D195C7C2D5B23557166F84B9A4AFC98D538/","OK"
"Brineblood Marauders","50mm base","e3f0ab","50mm base_e3f0ab","https://steamusercontent-a.akamaihd.net/ugc/16565607465486734529/B3E55176002E04309EF32D048CCEB4FE1B14E5F9/","OK","https://steamusercontent-a.akamaihd.net/ugc/15825158844097975441/73A0276D495FE24E74341E06E6E2E7551E99C84B/","OK","https://steamusercontent-a.akamaihd.net/ugc/16565607465486734529/B3E55176002E04309EF32D048CCEB4FE1B14E5F9/","OK"
"Brineblood Marauders","Pyg Galley Crew","5c00d1","Pyg Galley Crew","https://steamusercontent-a.akamaihd.net/ugc/17538143354730156907/1A700D6F2CC4C3E3BCB28B4BAE70AEFB43EEE845/","OK","https://steamusercontent-a.akamaihd.net/ugc/14474011408057721187/3495BBD47C32D76D8D337CA25E1ABEB165F3028A/","OK","https://steamusercontent-a.akamaihd.net/ugc/17633590624529142659/7BAC07B33CFAE3D9744B8212769D9FF4145222FC/","OK"
"Brineblood Marauders","30mm base","15fdfe","30mm base_15fdfe","https://steamusercontent-a.akamaihd.net/ugc/13874377488447758171/176E993DB9378255E1BB74FFDD4A45558C98D895/","OK","https://steamusercontent-a.akamaihd.net/ugc/12567320968847447633/73A0276D495FE24E74341E06E6E2E7551E99C84B/","OK","https://steamusercontent-a.akamaihd.net/ugc/13874377488447758171/176E993DB9378255E1BB74FFDD4A45558C98D895/","OK"
"Brineblood Marauders","Braghen Ragemonger","a97c25","Braghen Ragemonger","https://steamusercontent-a.akamaihd.net/ugc/15003745095911433288/E157DC8AEF7C2A2946599E94EAD6DB0B70325141/","OK","https://steamusercontent-a.akamaihd.net/ugc/14341855594682656394/46D4D6514E4C97AC42D992ABDD06F2DEFAB8B3A3/","OK","https://steamusercontent-a.akamaihd.net/ugc/15003745095911433288/E157DC8AEF7C2A2946599E94EAD6DB0B70325141/","OK"
"Brineblood Marauders","50mm base","171a8d","50mm base_171a8d","https://steamusercontent-a.akamaihd.net/ugc/16565607465486734529/B3E55176002E04309EF32D048CCEB4FE1B14E5F9/","OK","https://steamusercontent-a.akamaihd.net/ugc/15825158844097975441/73A0276D495FE24E74341E06E6E2E7551E99C84B/","OK","https://steamusercontent-a.akamaihd.net/ugc/16565607465486734529/B3E55176002E04309EF32D048CCEB4FE1B14E5F9/","OK"
"Brineblood Marauders","Reef Troll","007bba","Reef Troll","https://steamusercontent-a.akamaihd.net/ugc/11691893843434125477/9FAD57840239A2117E99CB501BE28EC73A574915/","OK","https://steamusercontent-a.akamaihd.net/ugc/9521410642125022657/BBFD1BF06D06287090FDB12C68D8D25DE0F58F01/","OK","https://steamusercontent-a.akamaihd.net/ugc/15938980520112971201/90297BDA08C6FD37C79CA109B86C35CAFAD0852B/","OK"
"Brineblood Marauders","40mm base","f90eb4","40mm base_f90eb4","https://steamusercontent-a.akamaihd.net/ugc/17467293707643483270/604FF622A74CBBBBF8151DE2F002D8047DC69150/","OK","https://steamusercontent-a.akamaihd.net/ugc/18385099658346253955/73A0276D495FE24E74341E06E6E2E7551E99C84B/","OK","https://steamusercontent-a.akamaihd.net/ugc/17467293707643483270/604FF622A74CBBBBF8151DE2F002D8047DC69150/","OK"
"Brineblood Marauders","","41c31d","41c31d","https://steamusercontent-a.akamaihd.net/ugc/18187715080987551154/5A3DB008B53789463E6CFB009FFF8E10C223E124/","OK","https://steamusercontent-a.akamaihd.net/ugc/16698572416969449448/54C554DF707783CA92F902AA154C600DDA2F65D3/","OK","https://steamusercontent-a.akamaihd.net/ugc/18187715080987551154/5A3DB008B53789463E6CFB009FFF8E10C223E124/","OK"
"Brineblood Marauders","40mm base","2e6c8a","40mm base_2e6c8a","https://steamusercontent-a.akamaihd.net/ugc/17467293707643483270/604FF622A74CBBBBF8151DE2F002D8047DC69150/","OK","https://steamusercontent-a.akamaihd.net/ugc/18385099658346253955/73A0276D495FE24E74341E06E6E2E7551E99C84B/","OK","https://steamusercontent-a.akamaihd.net/ugc/17467293707643483270/604FF622A74CBBBBF8151DE2F002D8047DC69150/","OK"
"Brineblood Marauders","Lochabash Brothers","802ff4","Lochabash Brothers","https://steamusercontent-a.akamaihd.net/ugc/16329620606284308284/A17D46E8BA5EBB3128C94D6EBCEDF14AB550FDC7/","OK","https://steamusercontent-a.akamaihd.net/ugc/18392769510776648212/EBC424B5221B6ADA9DDF6235F12E6747D4CB6111/","OK","https://steamusercontent-a.akamaihd.net/ugc/13626924038127541807/26BF7657A5570B84F8FF05EE9CAD067F9FE1353F/","OK"
"Brineblood Marauders","40mm base","2be71a","40mm base_2be71a","https://steamusercontent-a.akamaihd.net/ugc/17467293707643483270/604FF622A74CBBBBF8151DE2F002D8047DC69150/","OK","https://steamusercontent-a.akamaihd.net/ugc/18385099658346253955/73A0276D495FE24E74341E06E6E2E7551E99C84B/","OK","https://steamusercontent-a.akamaihd.net/ugc/17467293707643483270/604FF622A74CBBBBF8151DE2F002D8047DC69150/","OK"
"Brineblood Marauders","Pyg Battle Brig","81fbed","Pyg Battle Brig","https://steamusercontent-a.akamaihd.net/ugc/16393931063483622950/7886F25422CBA5AD874EBDE7F178B91424373C84/","OK","https://steamusercontent-a.akamaihd.net/ugc/12122525916580222839/553B25950D4585670368FFFD2C9C5AAC86B76A26/","OK","https://steamusercontent-a.akamaihd.net/ugc/16393931063483622950/7886F25422CBA5AD874EBDE7F178B91424373C84/","OK"
"Brineblood Marauders","80mm base","b4ec6a","80mm base_b4ec6a","https://steamusercontent-a.akamaihd.net/ugc/9507323413831057586/A5ABC7B4C6AB4A09010368C107AE198A3CCC3D7A/","OK","https://steamusercontent-a.akamaihd.net/ugc/13689441281025536368/320864517CC6C1AA07B2B7F87481582BCB5BD368/","OK","https://steamusercontent-a.akamaihd.net/ugc/9507323413831057586/A5ABC7B4C6AB4A09010368C107AE198A3CCC3D7A/","OK"
"Brineblood Marauders","Pyg Cannon Crew","aaa549","Pyg Cannon Crew","https://steamusercontent-a.akamaihd.net/ugc/11327363648777484585/6B78E0629207B1543D0EE1EC7B7ACF4F93148496/","OK","https://steamusercontent-a.akamaihd.net/ugc/17671321657627713138/CA45F64F1D996777A2ADF1F9B062211AFD0890A3/","OK","https://steamusercontent-a.akamaihd.net/ugc/11327363648777484585/6B78E0629207B1543D0EE1EC7B7ACF4F93148496/","OK"
"Brineblood Marauders","50mm base","9e928a","50mm base_9e928a","https://steamusercontent-a.akamaihd.net/ugc/16565607465486734529/B3E55176002E04309EF32D048CCEB4FE1B14E5F9/","OK","https://steamusercontent-a.akamaihd.net/ugc/15825158844097975441/73A0276D495FE24E74341E06E6E2E7551E99C84B/","OK","https://steamusercontent-a.akamaihd.net/ugc/16565607465486734529/B3E55176002E04309EF32D048CCEB4FE1B14E5F9/","OK"
"Brineblood Marauders","Pyg Coxswain","249ca9","Pyg Coxswain","https://steamusercontent-a.akamaihd.net/ugc/15680264992727820051/95CF97F560728181AA761465217C319BE6CE6801/","OK","https://steamusercontent-a.akamaihd.net/ugc/9302240859172950869/B4FEAEF7DEE6671DF044A7EF607BDB32E97CB600/","OK","https://steamusercontent-a.akamaihd.net/ugc/18281718707160316873/6CE9501A56845F3FD073EFA3570D7E972EF06740/","OK"
"Brineblood Marauders","30mm base","2aad83","30mm base_2aad83","https://steamusercontent-a.akamaihd.net/ugc/13874377488447758171/176E993DB9378255E1BB74FFDD4A45558C98D895/","OK","https://steamusercontent-a.akamaihd.net/ugc/12567320968847447633/73A0276D495FE24E74341E06E6E2E7551E99C84B/","OK","https://steamusercontent-a.akamaihd.net/ugc/13874377488447758171/176E993DB9378255E1BB74FFDD4A45558C98D895/","OK"
"Brineblood Marauders","Pyg Shockers","310aa8","Pyg Shockers","https://steamusercontent-a.akamaihd.net/ugc/11160058523015250559/221205774454DE04703E6BEC5E242074FD062609/","OK","https://steamusercontent-a.akamaihd.net/ugc/13359125238491787015/1B504D919414AF20F8445E9292928AA04302933E/","OK","https://steamusercontent-a.akamaihd.net/ugc/11160058523015250559/221205774454DE04703E6BEC5E242074FD062609/","OK"
"Brineblood Marauders","30mm base","0f3c82","30mm base_0f3c82","https://steamusercontent-a.akamaihd.net/ugc/13874377488447758171/176E993DB9378255E1BB74FFDD4A45558C98D895/","OK","https://steamusercontent-a.akamaihd.net/ugc/12567320968847447633/73A0276D495FE24E74341E06E6E2E7551E99C84B/","OK","https://steamusercontent-a.akamaihd.net/ugc/13874377488447758171/176E993DB9378255E1BB74FFDD4A45558C98D895/","OK"
"Brineblood Marauders","Spirit Shaman","6ec42a","Spirit Shaman","https://steamusercontent-a.akamaihd.net/ugc/17744153376035227827/31D64B6A8425DAEAF95A028E5D309D77701EF7C1/","OK","https://steamusercontent-a.akamaihd.net/ugc/9948054634787811535/547DB68A7B2FE3BE12DE7C80F4864FA0982DB416/","OK","https://steamusercontent-a.akamaihd.net/ugc/9775778878195038739/C0BFCE7D50B4AB22232BB287EC5EF38CBDAA6BBD/","OK"
"Brineblood Marauders","30mm base","880088","30mm base_880088","https://steamusercontent-a.akamaihd.net/ugc/13874377488447758171/176E993DB9378255E1BB74FFDD4A45558C98D895/","OK","https://steamusercontent-a.akamaihd.net/ugc/12567320968847447633/73A0276D495FE24E74341E06E6E2E7551E99C84B/","OK","https://steamusercontent-a.akamaihd.net/ugc/13874377488447758171/176E993DB9378255E1BB74FFDD4A45558C98D895/","OK"
"Brineblood Marauders","SULLY DA BIG BIRD","9824a6","SULLY DA BIG BIRD","https://steamusercontent-a.akamaihd.net/ugc/13093016498744467417/71B4CAF32E3026A438B2119B6C387CC70B086ED2/","OK","https://steamusercontent-a.akamaihd.net/ugc/15052952897603180944/A3989F5C3ECDA45CBF045CE61AD3AB481D8BB1D2/","OK","https://steamusercontent-a.akamaihd.net/ugc/15054620241034513876/9AE42C44299116F6044E3F702F19D80E1CE8B7D5/","OK"
"Brineblood Marauders","40mm base","1af2ee","40mm base_1af2ee","https://steamusercontent-a.akamaihd.net/ugc/17467293707643483270/604FF622A74CBBBBF8151DE2F002D8047DC69150/","OK","https://steamusercontent-a.akamaihd.net/ugc/18385099658346253955/73A0276D495FE24E74341E06E6E2E7551E99C84B/","OK","https://steamusercontent-a.akamaihd.net/ugc/17467293707643483270/604FF622A74CBBBBF8151DE2F002D8047DC69150/","OK"
"Brineblood Marauders","Surgeon","2310ef","Surgeon","https://steamusercontent-a.akamaihd.net/ugc/10002794509209442497/2BA3F737C0F0FE6665C6D7888172BC2A972677A3/","OK","https://steamusercontent-a.akamaihd.net/ugc/12420872530757713502/ACCA45162C14D2666B9E20024409131205E06955/","OK","https://steamusercontent-a.akamaihd.net/ugc/10002794509209442497/2BA3F737C0F0FE6665C6D7888172BC2A972677A3/","OK"
"Brineblood Marauders","40mm base","9b0995","40mm base_9b0995","https://steamusercontent-a.akamaihd.net/ugc/17467293707643483270/604FF622A74CBBBBF8151DE2F002D8047DC69150/","OK","https://steamusercontent-a.akamaihd.net/ugc/18385099658346253955/73A0276D495FE24E74341E06E6E2E7551E99C84B/","OK","https://steamusercontent-a.akamaihd.net/ugc/17467293707643483270/604FF622A74CBBBBF8151DE2F002D8047DC69150/","OK"
"Brineblood Marauders","Vorogger","6e7521","Vorogger","https://steamusercontent-a.akamaihd.net/ugc/10551568685147080302/91224440660B117C13C664CF1DA2A97241559026/","OK","https://steamusercontent-a.akamaihd.net/ugc/12265913214736648918/C27FA76A7CA406DBF94CBC2ECC160BD42E4C78C4/","OK","https://steamusercontent-a.akamaihd.net/ugc/10458411893089870379/93483740974E019F96C9AA5498957BEFD3F44EA3/","OK"
"Brineblood Marauders","50mm base","e3f0ab","50mm base_e3f0ab","https://steamusercontent-a.akamaihd.net/ugc/16565607465486734529/B3E55176002E04309EF32D048CCEB4FE1B14E5F9/","OK","https://steamusercontent-a.akamaihd.net/ugc/15825158844097975441/73A0276D495FE24E74341E06E6E2E7551E99C84B/","OK","https://steamusercontent-a.akamaihd.net/ugc/16565607465486734529/B3E55176002E04309EF32D048CCEB4FE1B14E5F9/","OK"
"Brineblood Marauders","Abyssal King","f5db37","Abyssal King","https://steamusercontent-a.akamaihd.net/ugc/13116008077129130183/4FFB61BB3D3868C260E45A55F3B7ED2BBD132F94/","OK","https://steamusercontent-a.akamaihd.net/ugc/11288867500629758423/A5A215B482B85A8E7F1659E27B9E11633CBE089B/","OK","https://steamusercontent-a.akamaihd.net/ugc/14886223018736722374/B48B2D711A872899BD61096207EB54B293BA30DD/","OK"
"Brineblood Marauders","120mm base","76e8f4","120mm base","https://steamusercontent-a.akamaihd.net/ugc/12398511746798383282/8D39692EEAE81114A3928C7F29445387B09B6611/","OK","https://steamusercontent-a.akamaihd.net/ugc/11874514094192302541/7B239DB4E92CEB6849B4D3A3066F6274DD65B1BC/","OK","https://steamusercontent-a.akamaihd.net/ugc/12398511746798383282/8D39692EEAE81114A3928C7F29445387B09B6611/","OK"
"Mercernaries","Gorman di Wulfe, Revolutionary Agent","6197fc","Gorman di Wulfe, Revolutionary Agent","https://steamusercontent-a.akamaihd.net/ugc/12321677819578934312/6387FABC97C70A44939A19DA15A4970CFE5EBDB5/","OK","https://steamusercontent-a.akamaihd.net/ugc/14033928828547854271/6E875B2D1B9376BF74FF3398C955B367AF721E79/","OK","https://steamusercontent-a.akamaihd.net/ugc/13928927060451300076/080942347C940B7DFB48AD807DCCDE71A62467CC/","OK"
"Mercernaries","30mm base","ffd4a9","30mm base","https://steamusercontent-a.akamaihd.net/ugc/13874377488447758171/176E993DB9378255E1BB74FFDD4A45558C98D895/","OK","https://steamusercontent-a.akamaihd.net/ugc/12567320968847447633/73A0276D495FE24E74341E06E6E2E7551E99C84B/","OK","https://steamusercontent-a.akamaihd.net/ugc/13874377488447758171/176E993DB9378255E1BB74FFDD4A45558C98D895/","OK"
"Mercernaries","War Boar MMD 47","5c2e0e","War Boar MMD 47","https://steamusercontent-a.akamaihd.net/ugc/15291637212477438389/F857AD6E6FCB7E3767A65CB0E22D37FD7BEFC32C/","OK","https://steamusercontent-a.akamaihd.net/ugc/15992498404600452142/DC1F97352776EDC48CCA90C76B502ABB059BB243/","OK","https://steamusercontent-a.akamaihd.net/ugc/9868584118372712406/4564E4020CF22FA601E28E440B05E3576C7036E7/","OK"
"Mercernaries","80mm base","843ef0","80mm base","https://steamusercontent-a.akamaihd.net/ugc/9507323413831057586/A5ABC7B4C6AB4A09010368C107AE198A3CCC3D7A/","OK","https://steamusercontent-a.akamaihd.net/ugc/13689441281025536368/320864517CC6C1AA07B2B7F87481582BCB5BD368/","OK","https://steamusercontent-a.akamaihd.net/ugc/9507323413831057586/A5ABC7B4C6AB4A09010368C107AE198A3CCC3D7A/","OK"
"Mercernaries","Carver Ultimus","c495a2","Carver Ultimus","https://steamusercontent-a.akamaihd.net/ugc/11633285536727413323/44342DB30F845E88B0109C12982195D8405519C5/","OK","https://steamusercontent-a.akamaihd.net/ugc/15992498404600452142/DC1F97352776EDC48CCA90C76B502ABB059BB243/","OK","https://steamusercontent-a.akamaihd.net/ugc/13621143482543520299/DCFF9C727496BAE72738FD7A35C46040C95865F8/","OK"
"Mercernaries","40mm base","9b89f4","40mm base","https://steamusercontent-a.akamaihd.net/ugc/17467293707643483270/604FF622A74CBBBBF8151DE2F002D8047DC69150/","OK","https://steamusercontent-a.akamaihd.net/ugc/18385099658346253955/73A0276D495FE24E74341E06E6E2E7551E99C84B/","OK","https://steamusercontent-a.akamaihd.net/ugc/17467293707643483270/604FF622A74CBBBBF8151DE2F002D8047DC69150/","OK"
"On the Table","120mm base","9580b4","120mm base","https://steamusercontent-a.akamaihd.net/ugc/12398511746798383282/8D39692EEAE81114A3928C7F29445387B09B6611/","OK","https://steamusercontent-a.akamaihd.net/ugc/11874514094192302541/7B239DB4E92CEB6849B4D3A3066F6274DD65B1BC/","OK","https://steamusercontent-a.akamaihd.net/ugc/12398511746798383282/8D39692EEAE81114A3928C7F29445387B09B6611/","OK"
"On the Table","50mm base","e3f0ab","50mm base","https://steamusercontent-a.akamaihd.net/ugc/16565607465486734529/B3E55176002E04309EF32D048CCEB4FE1B14E5F9/","OK","https://steamusercontent-a.akamaihd.net/ugc/15825158844097975441/73A0276D495FE24E74341E06E6E2E7551E99C84B/","OK","https://steamusercontent-a.akamaihd.net/ugc/16565607465486734529/B3E55176002E04309EF32D048CCEB4FE1B14E5F9/","OK"
"On the Table","30mm base","9637b5","30mm base","https://steamusercontent-a.akamaihd.net/ugc/13874377488447758171/176E993DB9378255E1BB74FFDD4A45558C98D895/","OK","https://steamusercontent-a.akamaihd.net/ugc/12567320968847447633/73A0276D495FE24E74341E06E6E2E7551E99C84B/","OK","https://steamusercontent-a.akamaihd.net/ugc/13874377488447758171/176E993DB9378255E1BB74FFDD4A45558C98D895/","OK"
"On the Table","80mm base","b4ec6a","80mm base","https://steamusercontent-a.akamaihd.net/ugc/9507323413831057586/A5ABC7B4C6AB4A09010368C107AE198A3CCC3D7A/","OK","https://steamusercontent-a.akamaihd.net/ugc/13689441281025536368/320864517CC6C1AA07B2B7F87481582BCB5BD368/","OK","https://steamusercontent-a.akamaihd.net/ugc/9507323413831057586/A5ABC7B4C6AB4A09010368C107AE198A3CCC3D7A/","OK"
"On the Table","","4ee1f2","4ee1f2","https://steamusercontent-a.akamaihd.net/ugc/879750610978796176/4A5A65543B98BCFBF57E910D06EC984208223D38/","OK","https://imgs.michaels.com/a93a55ce-6ccd-484a-a853-60310a1961a8.jpg","FAILED: The remote server returned an error: (403) Forbidden.","","Missing URL"
"Soul Tokens","Corrosion","b6de07","Corrosion","https://steamusercontent-a.akamaihd.net/ugc/1653348808801918724/1A162C2C435D156FF97B0CAE30C84F05A25D3971/","OK","https://steamusercontent-a.akamaihd.net/ugc/1653348808801919097/F999D05C135B39D607195F1041BBBC111C3BD343/","OK","https://steamusercontent-a.akamaihd.net/ugc/1653348808801918724/1A162C2C435D156FF97B0CAE30C84F05A25D3971/","OK"
"Corrosion Tokens","Corrosion","340116","Corrosion","https://steamusercontent-a.akamaihd.net/ugc/1653348808801918724/1A162C2C435D156FF97B0CAE30C84F05A25D3971/","OK","https://steamusercontent-a.akamaihd.net/ugc/1653348808801919353/8AA0999F3E48B2A91A1CCE161D1123EB1AAB1157/","OK","https://steamusercontent-a.akamaihd.net/ugc/1653348808801918724/1A162C2C435D156FF97B0CAE30C84F05A25D3971/","OK"
"Spell Tokens","Spell Tokens","e5c617","Spell Tokens","https://steamusercontent-a.akamaihd.net/ugc/1653348808801919612/7E7112224C7B4B29DAB475D3397383669C2EFA07/","OK","https://steamusercontent-a.akamaihd.net/ugc/1653348808801919753/0A09C5287A4896E6FC1FF807E44CF5B5D7F21CD4/","OK","https://steamusercontent-a.akamaihd.net/ugc/1653348808801919612/7E7112224C7B4B29DAB475D3397383669C2EFA07/","OK"
"Knocked Down Tokens","Knocked Down","5f3de0","Knocked Down","https://steamusercontent-a.akamaihd.net/ugc/1653348808801918724/1A162C2C435D156FF97B0CAE30C84F05A25D3971/","OK","https://steamusercontent-a.akamaihd.net/ugc/1653348808801918573/37F551D37F3782AAA39413373C77469743C681E4/","OK","https://steamusercontent-a.akamaihd.net/ugc/1653348808801918724/1A162C2C435D156FF97B0CAE30C84F05A25D3971/","OK"
"Fire Tokens","Fire","561200","Fire","https://steamusercontent-a.akamaihd.net/ugc/1653348808801918724/1A162C2C435D156FF97B0CAE30C84F05A25D3971/","OK","https://steamusercontent-a.akamaihd.net/ugc/1653348808801919477/4088A6A97D539C4720B64626073E2CB76383C65F/","OK","https://steamusercontent-a.akamaihd.net/ugc/1653348808801918724/1A162C2C435D156FF97B0CAE30C84F05A25D3971/","OK"
"Animus Tokens","Animus Tokens","2bc126","Animus Tokens","https://steamusercontent-a.akamaihd.net/ugc/1653348808801919892/961B204AECD2F0F1535C65E9F9A1F8AA47B173D7/","OK","https://steamusercontent-a.akamaihd.net/ugc/1653348808801920017/59EBA72D31685EF1009E63F02F9D087CD5E508E6/","OK","https://steamusercontent-a.akamaihd.net/ugc/1653348808801919892/961B204AECD2F0F1535C65E9F9A1F8AA47B173D7/","OK"
"Upkeep Tokens","UpKeep","dc34ee","UpKeep","https://steamusercontent-a.akamaihd.net/ugc/1653348808801919612/7E7112224C7B4B29DAB475D3397383669C2EFA07/","OK","https://steamusercontent-a.akamaihd.net/ugc/1653348808801920191/650AFFE3B0781F360F8892719593D535F1FC2B3B/","OK","https://steamusercontent-a.akamaihd.net/ugc/1653348808801919612/7E7112224C7B4B29DAB475D3397383669C2EFA07/","OK"
"Disruption Tokens","Disruption","5f3de0","Disruption","https://steamusercontent-a.akamaihd.net/ugc/1653348808801918724/1A162C2C435D156FF97B0CAE30C84F05A25D3971/","OK","https://steamusercontent-a.akamaihd.net/ugc/1653348808801919214/B95005BA85829A8D3B6E0C4B82BCF0BCB97740CB/","OK","https://steamusercontent-a.akamaihd.net/ugc/1653348808801918724/1A162C2C435D156FF97B0CAE30C84F05A25D3971/","OK"
"Focus_Fury Tokens","","14ddf1","14ddf1","https://steamusercontent-a.akamaihd.net/ugc/1653348808801920412/226AC860E2861588A6EB01EAA26623E88353F282/","OK","https://steamusercontent-a.akamaihd.net/ugc/1653348808801920596/8768A9164E5A03A160A723C91B5D59EBFF3104C4/","OK","https://steamusercontent-a.akamaihd.net/ugc/1653348808801920412/226AC860E2861588A6EB01EAA26623E88353F282/","OK"
"Focus_Fury Tokens","","26890d","26890d","https://steamusercontent-a.akamaihd.net/ugc/1653348808801920412/226AC860E2861588A6EB01EAA26623E88353F282/","OK","https://steamusercontent-a.akamaihd.net/ugc/1653348808801920596/8768A9164E5A03A160A723C91B5D59EBFF3104C4/","OK","https://steamusercontent-a.akamaihd.net/ugc/1653348808801920412/226AC860E2861588A6EB01EAA26623E88353F282/","OK"
"Generic Tokens","","62e48d","62e48d","https://steamusercontent-a.akamaihd.net/ugc/1653348808801919612/7E7112224C7B4B29DAB475D3397383669C2EFA07/","OK","https://steamusercontent-a.akamaihd.net/ugc/1008187098044524898/14883B73B44CA424F3C916A0BE8FC71F33790EE9/","OK","https://steamusercontent-a.akamaihd.net/ugc/1653348808801919612/7E7112224C7B4B29DAB475D3397383669C2EFA07/","OK"
"On the Table","4""","691f05","4_","https://steamusercontent-a.akamaihd.net/ugc/1778336318178032419/850FBBC8AF02B8BA0937C125B6962E84D4E5D218/","OK","https://steamusercontent-a.akamaihd.net/ugc/1778336318178110550/93574BB78C4E1E200BEFB3FD14C20CB2E6968D19/","OK","https://steamusercontent-a.akamaihd.net/ugc/1778336318178049383/9E839A7460C2A4A7D3BACAD6268C595B3ADB1B86/","OK"
"Stationary Tokens","Stationary","1b29eb","Stationary","https://steamusercontent-a.akamaihd.net/ugc/1653348808801918724/1A162C2C435D156FF97B0CAE30C84F05A25D3971/","OK","https://steamusercontent-a.akamaihd.net/ugc/1653348808801918983/774A3FDE6DA79EA84E1072D71322CF3605947D1C/","OK","https://steamusercontent-a.akamaihd.net/ugc/1653348808801918724/1A162C2C435D156FF97B0CAE30C84F05A25D3971/","OK"
"On the Table","Flag","ee373b","Flag","https://steamusercontent-a.akamaihd.net/ugc/12440831504283643100/01CBBF2958C30EE6B8E522E975A218A8048579C8/","OK","https://steamusercontent-a.akamaihd.net/ugc/11373670231026376896/5ADDCD5C3DDDD3196554E5833B1B9CE217FA3032/","OK","https://steamusercontent-a.akamaihd.net/ugc/12440831504283643100/01CBBF2958C30EE6B8E522E975A218A8048579C8/","OK"
"On the Table","30jmm base","178bc1","30jmm base","https://steamusercontent-a.akamaihd.net/ugc/13874377488447758171/176E993DB9378255E1BB74FFDD4A45558C98D895/","OK","https://steamusercontent-a.akamaihd.net/ugc/12567320968847447633/73A0276D495FE24E74341E06E6E2E7551E99C84B/","OK","https://steamusercontent-a.akamaihd.net/ugc/13874377488447758171/176E993DB9378255E1BB74FFDD4A45558C98D895/","OK"
"On the Table","Cache","b4d92d","Cache","https://steamusercontent-a.akamaihd.net/ugc/12074578264040527651/5E09F5E0B78F39A4170BCE1795024FA80A352AE0/","OK","https://steamusercontent-a.akamaihd.net/ugc/13275304617437534285/5ADDCD5C3DDDD3196554E5833B1B9CE217FA3032/","OK","https://steamusercontent-a.akamaihd.net/ugc/12074578264040527651/5E09F5E0B78F39A4170BCE1795024FA80A352AE0/","OK"
"On the Table","30jmm base","0e73fe","30jmm base_0e73fe","https://steamusercontent-a.akamaihd.net/ugc/13874377488447758171/176E993DB9378255E1BB74FFDD4A45558C98D895/","OK","https://steamusercontent-a.akamaihd.net/ugc/12567320968847447633/73A0276D495FE24E74341E06E6E2E7551E99C84B/","OK","https://steamusercontent-a.akamaihd.net/ugc/13874377488447758171/176E993DB9378255E1BB74FFDD4A45558C98D895/","OK"
"On the Table","Flag","536da7","Flag_536da7","https://steamusercontent-a.akamaihd.net/ugc/12440831504283643100/01CBBF2958C30EE6B8E522E975A218A8048579C8/","OK","https://steamusercontent-a.akamaihd.net/ugc/11373670231026376896/5ADDCD5C3DDDD3196554E5833B1B9CE217FA3032/","OK","https://steamusercontent-a.akamaihd.net/ugc/12440831504283643100/01CBBF2958C30EE6B8E522E975A218A8048579C8/","OK"
"On the Table","30jmm base","79992d","30jmm base_79992d","https://steamusercontent-a.akamaihd.net/ugc/13874377488447758171/176E993DB9378255E1BB74FFDD4A45558C98D895/","OK","https://steamusercontent-a.akamaihd.net/ugc/12567320968847447633/73A0276D495FE24E74341E06E6E2E7551E99C84B/","OK","https://steamusercontent-a.akamaihd.net/ugc/13874377488447758171/176E993DB9378255E1BB74FFDD4A45558C98D895/","OK"
"On the Table","Cache","d469d0","Cache_d469d0","https://steamusercontent-a.akamaihd.net/ugc/12074578264040527651/5E09F5E0B78F39A4170BCE1795024FA80A352AE0/","OK","https://steamusercontent-a.akamaihd.net/ugc/13275304617437534285/5ADDCD5C3DDDD3196554E5833B1B9CE217FA3032/","OK","https://steamusercontent-a.akamaihd.net/ugc/12074578264040527651/5E09F5E0B78F39A4170BCE1795024FA80A352AE0/","OK"
"On the Table","30jmm base","5b3bed","30jmm base_5b3bed","https://steamusercontent-a.akamaihd.net/ugc/13874377488447758171/176E993DB9378255E1BB74FFDD4A45558C98D895/","OK","https://steamusercontent-a.akamaihd.net/ugc/12567320968847447633/73A0276D495FE24E74341E06E6E2E7551E99C84B/","OK","https://steamusercontent-a.akamaihd.net/ugc/13874377488447758171/176E993DB9378255E1BB74FFDD4A45558C98D895/","OK"
"On the Table","40mm Objective","2045d3","40mm Objective","https://steamusercontent-a.akamaihd.net/ugc/15395814541940119048/5B3C8478BF922F133C8D72396B495BD0067DB0F1/","OK","https://steamusercontent-a.akamaihd.net/ugc/10134297408575358968/5ADDCD5C3DDDD3196554E5833B1B9CE217FA3032/","OK","https://steamusercontent-a.akamaihd.net/ugc/15395814541940119048/5B3C8478BF922F133C8D72396B495BD0067DB0F1/","OK"
"On the Table","40mm base","fe567c","40mm base","https://steamusercontent-a.akamaihd.net/ugc/17467293707643483270/604FF622A74CBBBBF8151DE2F002D8047DC69150/","OK","https://steamusercontent-a.akamaihd.net/ugc/18385099658346253955/73A0276D495FE24E74341E06E6E2E7551E99C84B/","OK","https://steamusercontent-a.akamaihd.net/ugc/17467293707643483270/604FF622A74CBBBBF8151DE2F002D8047DC69150/","OK"
"On the Table","40mm Objective","3da653","40mm Objective_3da653","https://steamusercontent-a.akamaihd.net/ugc/15395814541940119048/5B3C8478BF922F133C8D72396B495BD0067DB0F1/","OK","https://steamusercontent-a.akamaihd.net/ugc/10134297408575358968/5ADDCD5C3DDDD3196554E5833B1B9CE217FA3032/","OK","https://steamusercontent-a.akamaihd.net/ugc/15395814541940119048/5B3C8478BF922F133C8D72396B495BD0067DB0F1/","OK"
"On the Table","40mm base","9b89f4","40mm base_9b89f4","https://steamusercontent-a.akamaihd.net/ugc/17467293707643483270/604FF622A74CBBBBF8151DE2F002D8047DC69150/","OK","https://steamusercontent-a.akamaihd.net/ugc/18385099658346253955/73A0276D495FE24E74341E06E6E2E7551E99C84B/","OK","https://steamusercontent-a.akamaihd.net/ugc/17467293707643483270/604FF622A74CBBBBF8151DE2F002D8047DC69150/","OK"
"On the Table","50mm Objective","17e3dc","50mm Objective","https://steamusercontent-a.akamaihd.net/ugc/11358090935904321105/454CC4433DB00063772C5879604DD14A71A3012F/","OK","https://steamusercontent-a.akamaihd.net/ugc/16908417370140875542/5ADDCD5C3DDDD3196554E5833B1B9CE217FA3032/","OK","https://steamusercontent-a.akamaihd.net/ugc/11358090935904321105/454CC4433DB00063772C5879604DD14A71A3012F/","OK"
"On the Table","","e3f0ab","e3f0ab","https://steamusercontent-a.akamaihd.net/ugc/16565607465486734529/B3E55176002E04309EF32D048CCEB4FE1B14E5F9/","OK","https://steamusercontent-a.akamaihd.net/ugc/15825158844097975441/73A0276D495FE24E74341E06E6E2E7551E99C84B/","OK","https://steamusercontent-a.akamaihd.net/ugc/16565607465486734529/B3E55176002E04309EF32D048CCEB4FE1B14E5F9/","OK"
"On the Table","50mm Objective","e4f244","50mm Objective_e4f244","https://steamusercontent-a.akamaihd.net/ugc/11358090935904321105/454CC4433DB00063772C5879604DD14A71A3012F/","OK","https://steamusercontent-a.akamaihd.net/ugc/16908417370140875542/5ADDCD5C3DDDD3196554E5833B1B9CE217FA3032/","OK","https://steamusercontent-a.akamaihd.net/ugc/11358090935904321105/454CC4433DB00063772C5879604DD14A71A3012F/","OK"
"On the Table","","1a6537","1a6537","https://steamusercontent-a.akamaihd.net/ugc/16565607465486734529/B3E55176002E04309EF32D048CCEB4FE1B14E5F9/","OK","https://steamusercontent-a.akamaihd.net/ugc/15825158844097975441/73A0276D495FE24E74341E06E6E2E7551E99C84B/","OK","https://steamusercontent-a.akamaihd.net/ugc/16565607465486734529/B3E55176002E04309EF32D048CCEB4FE1B14E5F9/","OK"
"On the Table","","1634f3","1634f3","https://steamusercontent-a.akamaihd.net/ugc/10416286760083449427/1713F332E414CC3081D5B28DDB93F1F59BC88A11/","OK","https://steamusercontent-a.akamaihd.net/ugc/11746166418254966328/DECD4BE0D4259B4AEB17D70078B04BC2EDABE275/","OK","https://steamusercontent-a.akamaihd.net/ugc/10416286760083449427/1713F332E414CC3081D5B28DDB93F1F59BC88A11/","OK"
"On the Table","","d10ce0","d10ce0","https://steamusercontent-a.akamaihd.net/ugc/10844334588627658111/A528B1E963F8FBAA77FC06E67E38101E1391E423/","OK","https://steamusercontent-a.akamaihd.net/ugc/9523090838871993458/DECD4BE0D4259B4AEB17D70078B04BC2EDABE275/","OK","https://steamusercontent-a.akamaihd.net/ugc/10844334588627658111/A528B1E963F8FBAA77FC06E67E38101E1391E423/","OK"
"On the Table","hill","a8f646","hill","https://steamusercontent-a.akamaihd.net/ugc/18022678592625244402/0F8A42EC152C5FCD36178425CE28DD9A248B2A70/","OK","https://steamusercontent-a.akamaihd.net/ugc/16651187865314973248/11A0B10F9B76882CAE5C1AE0DEE23F3FA9089C38/","OK","https://steamusercontent-a.akamaihd.net/ugc/14835664750534662166/0BDCE794B24F7065C21CE81457D6847EEE5CD8FB/","OK"
"On the Table","water","31a268","water","https://steamusercontent-a.akamaihd.net/ugc/16479143800893024913/0005E2FCF051D37A69B84E6B002CC359F6E12A4F/","OK","https://steamusercontent-a.akamaihd.net/ugc/12753872602441874967/B68B2F763160A74D93C22A9D9213982C9B541033/","OK","https://steamusercontent-a.akamaihd.net/ugc/13464797974877995833/59AB7F500BF1F123299DEB78DDB75C0CAC760E95/","OK"
"On the Table","obstruction/wall","89ad12","obstruction_wall","https://steamusercontent-a.akamaihd.net/ugc/14083044349407579540/25BE640E658FB31F8CA2053E61E18BA9829ACCCB/","OK","https://steamusercontent-a.akamaihd.net/ugc/11563439550097873030/0942FEF5B44E8E90EA7B7767E524D6B512432DA6/","OK","https://steamusercontent-a.akamaihd.net/ugc/14083044349407579540/25BE640E658FB31F8CA2053E61E18BA9829ACCCB/","OK"
"On the Table","obstruction","da85ba","obstruction","https://steamusercontent-a.akamaihd.net/ugc/11472314843205064569/39FCEBFC044620B62EC35E898E6D9B12DEE137A1/","OK","https://steamusercontent-a.akamaihd.net/ugc/11313699486861985485/3885C3A54F2D004D5DAD36E9AEEC984DD72A5B0A/","OK","https://steamusercontent-a.akamaihd.net/ugc/11472314843205064569/39FCEBFC044620B62EC35E898E6D9B12DEE137A1/","OK"
"On the Table","obstruction","260d49","obstruction_260d49","https://steamusercontent-a.akamaihd.net/ugc/14220384691813600228/3DC4403AA6572C8CBD680806195A9682A9A79FB4/","OK","https://steamusercontent-a.akamaihd.net/ugc/17553941006682530596/DD79E19B2F075124534E1D92776A1A6A8C3690CB/","OK","https://steamusercontent-a.akamaihd.net/ugc/14220384691813600228/3DC4403AA6572C8CBD680806195A9682A9A79FB4/","OK"
"On the Table","Forest","f97f08","Forest","https://steamusercontent-a.akamaihd.net/ugc/11224575947926523037/7BF4CC1D496F2FF6730B134D495F2706A67FE34B/","OK","https://steamusercontent-a.akamaihd.net/ugc/16859368117180253797/41028B68D0D2C12EDDB5103FF80197CC5EC0D227/","OK","https://steamusercontent-a.akamaihd.net/ugc/15626193069855589951/E0411B64AF21F82EB7740322CA37EFFCB2A6C9A4/","OK"
"On the Table","","7da2bb","7da2bb","https://steamusercontent-a.akamaihd.net/ugc/17519460721811213583/4526DC8740F8F782E1C20C307A0DD119CD73BC4E/","OK","https://steamusercontent-a.akamaihd.net/ugc/11684516995207736243/F0088F5F7DBCA25A37224E69B6955598059BE833/","OK","https://steamusercontent-a.akamaihd.net/ugc/17240047373740160177/4B6F6C1563F8D2B06D1260B75D150611A95A1FF1/","OK"
"On the Table","Forest","508345","Forest_508345","https://steamusercontent-a.akamaihd.net/ugc/16597464581677102065/5381F5ADB9A46E9CCD7EBFA55397831063BD74EA/","OK","https://steamusercontent-a.akamaihd.net/ugc/12992167029245461898/DD4398C95195F307CA8CF2064756695914B01CC2/","OK","https://steamusercontent-a.akamaihd.net/ugc/15571719992468099717/6AD84E4CB11DA900DB772CE91642DAC21CE2A3DA/","OK"
"On the Table","Hill","d1e8bd","Hill_d1e8bd","https://steamusercontent-a.akamaihd.net/ugc/10186305226099194133/46359E9E2CA777DDF4236AB930D1296146676710/","OK","https://steamusercontent-a.akamaihd.net/ugc/18245180936723732548/EE03FFB4814B650A6D92687A019CBD80EF25BEB9/","OK","https://steamusercontent-a.akamaihd.net/ugc/14747740896997144166/40786CDF0E4042D48A165A0E08FF1F545AB79EA8/","OK"
"On the Table","","21e873","21e873","https://steamusercontent-a.akamaihd.net/ugc/9755423284846994912/F8F102665F8C716EFDA839D2AECAB39CE15A40D9/","OK","https://steamusercontent-a.akamaihd.net/ugc/15370512041217593452/8E2586CAF64EF4546410201A2143510D87ED7B73/","OK","https://steamusercontent-a.akamaihd.net/ugc/9755423284846994912/F8F102665F8C716EFDA839D2AECAB39CE15A40D9/","OK"
"On the Table","Wall/Obstruction","73215e","Wall_Obstruction","https://steamusercontent-a.akamaihd.net/ugc/9836490581916736879/23FA96E42F49EA76F04D5D061BE825B530295262/","OK","https://steamusercontent-a.akamaihd.net/ugc/10347612928715403902/8B885F60B98966548942C57AD3189DD8AEF56174/","OK","","Missing URL"
"On the Table","scatter","f6ecaa","scatter","https://steamusercontent-a.akamaihd.net/ugc/12691291968630529585/04D601190E3A3B6550A82F670AFE2B44EEF46AC0/","OK","https://steamusercontent-a.akamaihd.net/ugc/13371887223486725695/647DCCD5B37B3EB1FE14916DDC4CEA0FD966BA11/","OK","https://steamusercontent-a.akamaihd.net/ugc/12691291968630529585/04D601190E3A3B6550A82F670AFE2B44EEF46AC0/","OK"
"On the Table","obstruction/wall","583dab","obstruction_wall_583dab","https://steamusercontent-a.akamaihd.net/ugc/17501649469028158704/759DC9D40779D3F7385AD728E1923F2F76BD1075/","OK","https://steamusercontent-a.akamaihd.net/ugc/13778971674239270570/94585E057AA8FD5677272B68588DEF5C2717A616/","OK","https://steamusercontent-a.akamaihd.net/ugc/17501649469028158704/759DC9D40779D3F7385AD728E1923F2F76BD1075/","OK"
"On the Table","ruins","060d2f","ruins","https://steamusercontent-a.akamaihd.net/ugc/9693950217478292966/D8BEE2A7E1DFE12AFFBF6F19B4D4F08E4299012E/","OK","https://steamusercontent-a.akamaihd.net/ugc/17111104400471662662/8C925C9EC89943C660EC9E49B279AAECCE34E9DF/","OK","https://steamusercontent-a.akamaihd.net/ugc/10498593032427671424/E082E9205F6C424593F35B80AAE2DA840F2F1AFB/","OK"
"On the Table","","1d0282","1d0282","https://steamusercontent-a.akamaihd.net/ugc/16214036605437362190/0BEC5C2F738C237009AF7CAFFF9E6225C58BE8B3/","OK","https://steamusercontent-a.akamaihd.net/ugc/18165132470559533295/E904B83CEADB34CA379A2107A99AC82693A3D9C1/","OK","https://steamusercontent-a.akamaihd.net/ugc/16214036605437362190/0BEC5C2F738C237009AF7CAFFF9E6225C58BE8B3/","OK"
"On the Table","","ae1dd5","ae1dd5","https://steamusercontent-a.akamaihd.net/ugc/11680271018460583377/94083D30B929F5346B91F7E39261FA9E7AFA9A12/","OK","https://steamusercontent-a.akamaihd.net/ugc/14814779113590502377/3E36C7AF5ABC72E418BDC1429258B938B690AF5D/","OK","https://steamusercontent-a.akamaihd.net/ugc/16768086652658002507/C937A83DEC24BCA312AEBB84AE2D869A25351B87/","OK"
"On the Table","acid","11ea0c","acid","https://steamusercontent-a.akamaihd.net/ugc/14217373173720782723/37A2778FB2BAC69C76A5F94958597B8FACF36C15/","OK","https://steamusercontent-a.akamaihd.net/ugc/15695127455325256835/636A0533C9028E027919F2AE1F5E5EC87D436C9A/","OK","https://steamusercontent-a.akamaihd.net/ugc/11886960376804652921/23A9F157D9AEAD2B7F93ECA46D8BBFA074E515AF/","OK"
"On the Table","acid","d38c30","acid_d38c30","https://steamusercontent-a.akamaihd.net/ugc/10083846211145776941/6CE0AC54D0D11AED1D96EA1556353E89D4F2E38D/","OK","https://steamusercontent-a.akamaihd.net/ugc/14460201162427841331/8FB568BA9DEEE7301224A837527D996A6CABD488/","OK","https://steamusercontent-a.akamaihd.net/ugc/17505753383116842658/D913541C8D392AB5447B1CD474BE05012D131756/","OK"
"On the Table","","cbbf2d","cbbf2d","https://steamusercontent-a.akamaihd.net/ugc/10844334588627658111/A528B1E963F8FBAA77FC06E67E38101E1391E423/","OK","https://steamusercontent-a.akamaihd.net/ugc/9523090838871993458/DECD4BE0D4259B4AEB17D70078B04BC2EDABE275/","OK","https://steamusercontent-a.akamaihd.net/ugc/10844334588627658111/A528B1E963F8FBAA77FC06E67E38101E1391E423/","OK"
"On the Table","","91dc34","91dc34","https://steamusercontent-a.akamaihd.net/ugc/18089217237294247247/66D10CF4C38AD0D10E02B7152A185DADC36C47DC/","OK","https://steamusercontent-a.akamaihd.net/ugc/13157417785420366132/9B15767A9AC3503C3D18EAF169104FA51D78581D/","OK","https://steamusercontent-a.akamaihd.net/ugc/18089217237294247247/66D10CF4C38AD0D10E02B7152A185DADC36C47DC/","OK"
"On the Table","","72b1cb","72b1cb","https://steamusercontent-a.akamaihd.net/ugc/10416286760083449427/1713F332E414CC3081D5B28DDB93F1F59BC88A11/","OK","https://steamusercontent-a.akamaihd.net/ugc/11746166418254966328/DECD4BE0D4259B4AEB17D70078B04BC2EDABE275/","OK","https://steamusercontent-a.akamaihd.net/ugc/10416286760083449427/1713F332E414CC3081D5B28DDB93F1F59BC88A11/","OK"
"On the Table","","5894fa","5894fa","https://steamusercontent-a.akamaihd.net/ugc/10483421517538820999/101CB2FD2052A95284C0BED2E115BB6987D26A45/","OK","https://steamusercontent-a.akamaihd.net/ugc/13170726003229029905/943F28254B2D84B49302B5FBA32B3298B1ED4BAF/","OK","https://steamusercontent-a.akamaihd.net/ugc/10483421517538820999/101CB2FD2052A95284C0BED2E115BB6987D26A45/","OK"
"On the Table","","3ef990","3ef990","https://steamusercontent-a.akamaihd.net/ugc/11548110839638437303/0B92545928EF382A921CAE8F6537711ECDAC3A7E/","OK","https://steamusercontent-a.akamaihd.net/ugc/15424713399294917063/4F5D93C4421DD5EE781BACC1282F90207002986B/","OK","https://steamusercontent-a.akamaihd.net/ugc/12044948752503360267/2541A5CE6BFBC88A94D5B3BB6A9BD5A1EB25F953/","OK"
"On the Table","","a6090a","a6090a","https://steamusercontent-a.akamaihd.net/ugc/11769655968688735779/F2A1F949C95EA26FD251525EFDA832F842B6281D/","OK","https://steamusercontent-a.akamaihd.net/ugc/15655669318540983993/EEC0B90913A5D27E39985CC03AE5956459E4F497/","OK","https://steamusercontent-a.akamaihd.net/ugc/11769655968688735779/F2A1F949C95EA26FD251525EFDA832F842B6281D/","OK"
"On the Table","","2cfdee","2cfdee","https://steamusercontent-a.akamaihd.net/ugc/16740345483157834797/5117EC1928FA8C60A8E199C8BA35E848F94A2581/","OK","https://steamusercontent-a.akamaihd.net/ugc/18116427838584202091/75AFD490A1FD8720786F193F28FD7F82B690CA8E/","OK","https://steamusercontent-a.akamaihd.net/ugc/16740345483157834797/5117EC1928FA8C60A8E199C8BA35E848F94A2581/","OK"
"On the Table","","b09209","b09209","https://steamusercontent-a.akamaihd.net/ugc/9838274539049958530/4A08760C8D421D7CB84808D861A21CE03A2FFAB7/","OK","https://steamusercontent-a.akamaihd.net/ugc/15092455380036961337/EC8D6210B615944322C759BE6330B5CFE5AAF88A/","OK","https://steamusercontent-a.akamaihd.net/ugc/13467426160093002579/6D00406FCE8F174B887CDD1C59E88535747DFC8E/","OK"
"On the Table","","bbfbe0","bbfbe0","https://steamusercontent-a.akamaihd.net/ugc/11495940479981128713/8433AFCCB1ACF4D559D2ABC50BF0BC32CACD1C79/","OK","https://steamusercontent-a.akamaihd.net/ugc/17823918167443393765/C5B1DEFDCD36441D346838A5D01A4D72387F98A9/","OK","https://steamusercontent-a.akamaihd.net/ugc/15205046291721808538/58F563A63D376FE68678C4E079674F0C450CB62F/","OK"
"On the Table","","7e17d2","7e17d2","https://steamusercontent-a.akamaihd.net/ugc/14119452821259370768/9A580F465E5089E68D44DF9DA9235AB9BD26FB62/","OK","https://steamusercontent-a.akamaihd.net/ugc/12754238415436766027/A9A16F9A1EAE640FEEC049E6FEDBBBAB31F2F646/","OK","https://steamusercontent-a.akamaihd.net/ugc/13424083595536788510/295AAB1FCF030ADD2E6CA9C83BF0A311EF49DF0B/","OK"
"On the Table","","a90713","a90713","https://steamusercontent-a.akamaihd.net/ugc/17787512838260557999/32120C9C570996F0A8B9FB9AB2F1D769F20E063B/","OK","https://steamusercontent-a.akamaihd.net/ugc/16835981536980014500/4C905DC43691DDA0DB344F7393B2FE84406C691F/","OK","https://steamusercontent-a.akamaihd.net/ugc/12449173120109099264/6C64ADEF7B4A1CBC52A6943DFEA3881EE148C46A/","OK"
"On the Table","","10dd77","10dd77","https://steamusercontent-a.akamaihd.net/ugc/9487447229707264512/BD596D267BCA56D76FB2CE70A9885F125018DAA2/","OK","https://steamusercontent-a.akamaihd.net/ugc/15958318951327895462/13A748BDD506CB6E9DB831C69C9ECD82E8B5E6D7/","OK","https://steamusercontent-a.akamaihd.net/ugc/18421350514441919270/4296FB5B6A8FCB1168F92731F61D9986CAE56E18/","OK"
"On the Table","","57abab","57abab","https://steamusercontent-a.akamaihd.net/ugc/10732287832420372200/F6DF6E2310B8ACA5078819C167DCE01BF24087EA/","OK","https://steamusercontent-a.akamaihd.net/ugc/11975755844539798144/DC39AA673B0E3BE2D4B22C55AC1B231271195FBE/","OK","https://steamusercontent-a.akamaihd.net/ugc/10732287832420372200/F6DF6E2310B8ACA5078819C167DCE01BF24087EA/","OK"
"On the Table","","eb6268","eb6268","https://steamusercontent-a.akamaihd.net/ugc/14717908287150895106/A61F9EF4EE21E38F89C0749A3DCB45071D6E230C/","OK","https://steamusercontent-a.akamaihd.net/ugc/17235921647574924194/53D61FFF55F02F9119466DC327D7BF53ADA5193E/","OK","https://steamusercontent-a.akamaihd.net/ugc/14717908287150895106/A61F9EF4EE21E38F89C0749A3DCB45071D6E230C/","OK"
"On the Table","","e2af88","e2af88","https://steamusercontent-a.akamaihd.net/ugc/17810025805778748275/4C0CDCA934F7C6B61CBBF76935023F7DC8D814AA/","OK","https://steamusercontent-a.akamaihd.net/ugc/18373810588712706671/CEDEA2B0F49C28BA686B91AAF090DCAB2AD50C2B/","OK","https://steamusercontent-a.akamaihd.net/ugc/17810025805778748275/4C0CDCA934F7C6B61CBBF76935023F7DC8D814AA/","OK"
"On the Table","","2c05e6","2c05e6","https://steamusercontent-a.akamaihd.net/ugc/13908990729612540872/2B611DFD4FB5CD21C2CD37EC62A8A326C0A004AE/","OK","https://steamusercontent-a.akamaihd.net/ugc/15759616509964618395/712B41D393396F7F8329FB5D0C5499031103694D/","OK","https://steamusercontent-a.akamaihd.net/ugc/13908990729612540872/2B611DFD4FB5CD21C2CD37EC62A8A326C0A004AE/","OK"
"On the Table","","7063b2","7063b2","https://steamusercontent-a.akamaihd.net/ugc/13496599218220360921/728CC77F22E153FCDA5BB2BD41A93BADD60A9B56/","OK","https://steamusercontent-a.akamaihd.net/ugc/14763226381430402527/62D1D1C7B6101E5CC1913838EA993E2A83EB6045/","OK","https://steamusercontent-a.akamaihd.net/ugc/13496599218220360921/728CC77F22E153FCDA5BB2BD41A93BADD60A9B56/","OK"
"On the Table","","4d54af","4d54af","https://steamusercontent-a.akamaihd.net/ugc/12768607506434593754/BAC73340EB2D1117AE87C676539A4EEAFAF9659B/","OK","https://steamusercontent-a.akamaihd.net/ugc/12324962118170625583/0BDE98E4EED49FF5FE893E9D52C5D0794E3AAEDA/","OK","https://steamusercontent-a.akamaihd.net/ugc/12768607506434593754/BAC73340EB2D1117AE87C676539A4EEAFAF9659B/","OK"
"On the Table","","42764b","42764b","https://steamusercontent-a.akamaihd.net/ugc/11455212579296416235/0D5D9D8D5DF6828EDBA301356EE392CAB2498354/","OK","https://steamusercontent-a.akamaihd.net/ugc/12719682987682403756/A298BB1A89EB1B578E0EB2221929C1E0D664511C/","OK","https://steamusercontent-a.akamaihd.net/ugc/11455212579296416235/0D5D9D8D5DF6828EDBA301356EE392CAB2498354/","OK"
"On the Table","","76cd40","76cd40","https://steamusercontent-a.akamaihd.net/ugc/13052854563620518600/93C917BA2DD4464092A7310D3FCACADE979758CF/","OK","https://steamusercontent-a.akamaihd.net/ugc/13925056492868871793/B70D0A62BD67A82EB8F956D806AC2A2B10CDD558/","OK","https://steamusercontent-a.akamaihd.net/ugc/16211308546670866239/AE27BA625AF543E3E031B9F43E0AD5B2523B4C20/","OK"
"On the Table","","c48e1c","c48e1c","https://steamusercontent-a.akamaihd.net/ugc/14649147765086761601/86261B61F2F5071D6E98FAF075D5221B1D46F984/","OK","https://steamusercontent-a.akamaihd.net/ugc/10455100266889354839/D8ECA14E99A501C5D359119B2A17CDB17DADC2C9/","OK","https://steamusercontent-a.akamaihd.net/ugc/11146007271694319879/16040192D5D36405542520ED1218A303D115A529/","OK"
"On the Table","","fd4745","fd4745","https://steamusercontent-a.akamaihd.net/ugc/14221669732509447535/0FEDB59090A80AFA14B8FAB431F94444934AC5B8/","OK","https://steamusercontent-a.akamaihd.net/ugc/15257360082170223198/D32D732052A05C44E23D817700B31A1E4BF48230/","OK","https://steamusercontent-a.akamaihd.net/ugc/10909756221863434067/B8FB93F3AE379E0058B9855C7F1F72EDE03E1D21/","OK"
"On the Table","","ae7c90","ae7c90","https://steamusercontent-a.akamaihd.net/ugc/10619263577980075874/56ED0E20A3BE92BF3A73745E7F4E54C4C510BB23/","OK","https://steamusercontent-a.akamaihd.net/ugc/11187708818572331930/D2CF31BCF16BDA6710F6E01DD58C0F9B66A485B2/","OK","https://steamusercontent-a.akamaihd.net/ugc/10619263577980075874/56ED0E20A3BE92BF3A73745E7F4E54C4C510BB23/","OK"
"On the Table","","d053e4","d053e4","https://steamusercontent-a.akamaihd.net/ugc/17069517213634785813/93305BC47F967BD33CE67076FCD4B39354FFA921/","OK","https://steamusercontent-a.akamaihd.net/ugc/18371940418568089365/0F1652FE59C7B81FF07C48C5149BAADE62F80C38/","OK","https://steamusercontent-a.akamaihd.net/ugc/9456185423741120018/5C9AA2AE820A5BB2EA7E28BCB58EED4337896536/","OK"
"On the Table","","5956a6","5956a6","https://steamusercontent-a.akamaihd.net/ugc/11575329375337895064/57107EA36CF5BAB8A81F90D6F9BB3C5BE66A4F2C/","OK","https://steamusercontent-a.akamaihd.net/ugc/12147707239262765652/2DD9AA96619633F3FE4626F6F5CF34E28282F15E/","OK","https://steamusercontent-a.akamaihd.net/ugc/10810669702217734084/52BFE2F96521992A0EFD2D901B0CAFA196EC8011/","OK"
"On the Table","","baff43","baff43","https://steamusercontent-a.akamaihd.net/ugc/9434974231345225941/70B14730ACB83EBE3D7B375F3AFC640CDE8B592B/","OK","https://steamusercontent-a.akamaihd.net/ugc/14035312731725039006/BD3931811FD2371DA652F17AF50C8DC786430FF6/","OK","https://steamusercontent-a.akamaihd.net/ugc/9434974231345225941/70B14730ACB83EBE3D7B375F3AFC640CDE8B592B/","OK"
"On the Table","","829cdb","829cdb","https://steamusercontent-a.akamaihd.net/ugc/17575748485569024150/0D718D35CEFE064787FF408131BCC83FFDB4DCEB/","OK","https://steamusercontent-a.akamaihd.net/ugc/14035312731725039006/BD3931811FD2371DA652F17AF50C8DC786430FF6/","OK","https://steamusercontent-a.akamaihd.net/ugc/17575748485569024150/0D718D35CEFE064787FF408131BCC83FFDB4DCEB/","OK"
"On the Table","","d3ef60","d3ef60","https://steamusercontent-a.akamaihd.net/ugc/18338627978864355236/790DAFF28F5CE2E757512D28A3867916CC2F8FF2/","OK","https://steamusercontent-a.akamaihd.net/ugc/11209121511417333996/6B5D6A915EA264B8626737E434747661C3C89AFF/","OK","https://steamusercontent-a.akamaihd.net/ugc/18338627978864355236/790DAFF28F5CE2E757512D28A3867916CC2F8FF2/","OK"
"On the Table","","f678a1","f678a1","https://steamusercontent-a.akamaihd.net/ugc/18358238281889972184/7AB2597BCF932FCB96A532DEBDF2364B44B51E62/","OK","https://steamusercontent-a.akamaihd.net/ugc/9311785184348417576/84B1F0714B400E3BFA70A48DA03F8DC873893C90/","OK","https://steamusercontent-a.akamaihd.net/ugc/18358238281889972184/7AB2597BCF932FCB96A532DEBDF2364B44B51E62/","OK"
"On the Table","","d70f71","d70f71","https://steamusercontent-a.akamaihd.net/ugc/17091299610471936570/5C874B948FD3939946667ACA44C9DB6E2A49EFAD/","OK","https://steamusercontent-a.akamaihd.net/ugc/10200005337000730541/904A654A1344AA1329C4C50420FEFCEF8413C4B0/","OK","https://steamusercontent-a.akamaihd.net/ugc/17091299610471936570/5C874B948FD3939946667ACA44C9DB6E2A49EFAD/","OK"
"On the Table","","5a96e6","5a96e6","https://steamusercontent-a.akamaihd.net/ugc/14753927991061289768/52D3422848EA4D60913B01C65EE7026F9551B040/","OK","https://steamusercontent-a.akamaihd.net/ugc/15748143396335220039/9D3D4E00AAC1353354B21C19F9BAA7F9488689C1/","OK","https://steamusercontent-a.akamaihd.net/ugc/14753927991061289768/52D3422848EA4D60913B01C65EE7026F9551B040/","OK"
"On the Table","","0512a6","0512a6","https://steamusercontent-a.akamaihd.net/ugc/12578637495685753004/AB5B56B13473F8E9C4B1492F4795AD1C07AA5D22/","OK","https://steamusercontent-a.akamaihd.net/ugc/15689597158976950794/04FF72F9F12280C5A9CDB47C98D07DA8B075F47F/","OK","https://steamusercontent-a.akamaihd.net/ugc/18292059196246266221/80686034B34930A1F083D9F493757D31D3AE7894/","OK"
"On the Table","","415c9a","415c9a","https://steamusercontent-a.akamaihd.net/ugc/9838274539049958530/4A08760C8D421D7CB84808D861A21CE03A2FFAB7/","OK","https://steamusercontent-a.akamaihd.net/ugc/15092455380036961337/EC8D6210B615944322C759BE6330B5CFE5AAF88A/","OK","https://steamusercontent-a.akamaihd.net/ugc/13467426160093002579/6D00406FCE8F174B887CDD1C59E88535747DFC8E/","OK"
"On the Table","","77c5a0","77c5a0","https://steamusercontent-a.akamaihd.net/ugc/10844334588627658111/A528B1E963F8FBAA77FC06E67E38101E1391E423/","OK","https://steamusercontent-a.akamaihd.net/ugc/9523090838871993458/DECD4BE0D4259B4AEB17D70078B04BC2EDABE275/","OK","https://steamusercontent-a.akamaihd.net/ugc/10844334588627658111/A528B1E963F8FBAA77FC06E67E38101E1391E423/","OK"
"On the Table","","ddb366","ddb366","https://steamusercontent-a.akamaihd.net/ugc/10416286760083449427/1713F332E414CC3081D5B28DDB93F1F59BC88A11/","OK","https://steamusercontent-a.akamaihd.net/ugc/11746166418254966328/DECD4BE0D4259B4AEB17D70078B04BC2EDABE275/","OK","https://steamusercontent-a.akamaihd.net/ugc/10416286760083449427/1713F332E414CC3081D5B28DDB93F1F59BC88A11/","OK"
"On the Table","40mm base","fcee6f","40mm base_fcee6f","https://steamusercontent-a.akamaihd.net/ugc/17467293707643483270/604FF622A74CBBBBF8151DE2F002D8047DC69150/","OK","https://steamusercontent-a.akamaihd.net/ugc/18385099658346253955/73A0276D495FE24E74341E06E6E2E7551E99C84B/","OK","https://steamusercontent-a.akamaihd.net/ugc/17467293707643483270/604FF622A74CBBBBF8151DE2F002D8047DC69150/","OK"
"Dread Armada","","2d63de","2d63de","https://steamusercontent-a.akamaihd.net/ugc/10173280135397066753/1793C1EA02F15C2C9C13F942C19F7F65365D6900/","OK","https://steamusercontent-a.akamaihd.net/ugc/12796375777451012967/5A5DEA9100001469C63EE299EE6C728B877EA386/","OK","https://steamusercontent-a.akamaihd.net/ugc/15288065520264955403/BE3BD94F45158CF3DA62C709A61CB5351E1509E5/","OK"
"Dread Armada","120mm base","798b75","120mm base","https://steamusercontent-a.akamaihd.net/ugc/12398511746798383282/8D39692EEAE81114A3928C7F29445387B09B6611/","OK","https://steamusercontent-a.akamaihd.net/ugc/11874514094192302541/7B239DB4E92CEB6849B4D3A3066F6274DD65B1BC/","OK","https://steamusercontent-a.akamaihd.net/ugc/12398511746798383282/8D39692EEAE81114A3928C7F29445387B09B6611/","OK"
"Dread Armada","","e966d5","e966d5","https://steamusercontent-a.akamaihd.net/ugc/18208027911478780351/95F5B7AA0C5F7F720C0512AA682E7871AD1F91E3/","OK","https://steamusercontent-a.akamaihd.net/ugc/10861860398210026982/5B7CDE6AA8A1CC0DC2F5A643F36E856F4CBF5D10/","OK","https://steamusercontent-a.akamaihd.net/ugc/11671551071868494766/284E48E87777C29065ACA387508471A903E9098A/","OK"
"Dread Armada","30mm base","1e7832","30mm base","https://steamusercontent-a.akamaihd.net/ugc/13874377488447758171/176E993DB9378255E1BB74FFDD4A45558C98D895/","OK","https://steamusercontent-a.akamaihd.net/ugc/12567320968847447633/73A0276D495FE24E74341E06E6E2E7551E99C84B/","OK","https://steamusercontent-a.akamaihd.net/ugc/13874377488447758171/176E993DB9378255E1BB74FFDD4A45558C98D895/","OK"
"Dread Armada","","ea43f6","ea43f6","https://steamusercontent-a.akamaihd.net/ugc/15708362039113116404/B8AEB898F382CE6EEEA65D66A407CFE1BD9B3641/","OK","https://steamusercontent-a.akamaihd.net/ugc/16587072130247736969/3D289DD88A19B6C7DD9AC9740A759273F357A231/","OK","https://steamusercontent-a.akamaihd.net/ugc/15708362039113116404/B8AEB898F382CE6EEEA65D66A407CFE1BD9B3641/","OK"
"Dread Armada","30mm base","24e9a9","30mm base_24e9a9","https://steamusercontent-a.akamaihd.net/ugc/13874377488447758171/176E993DB9378255E1BB74FFDD4A45558C98D895/","OK","https://steamusercontent-a.akamaihd.net/ugc/12567320968847447633/73A0276D495FE24E74341E06E6E2E7551E99C84B/","OK","https://steamusercontent-a.akamaihd.net/ugc/13874377488447758171/176E993DB9378255E1BB74FFDD4A45558C98D895/","OK"
"Dread Armada","","ec5f9d","ec5f9d","https://steamusercontent-a.akamaihd.net/ugc/16244420159168232618/0444AFB3148563D2A36EF54B1D0F5BCC11214503/","OK","https://steamusercontent-a.akamaihd.net/ugc/16688478200150936888/FD802784D6445D0E6B3B6C6BC8C7173EB497206C/","OK","https://steamusercontent-a.akamaihd.net/ugc/14031718056163390473/AC78EC04E8299F90F98DBB21E78A6767486DA628/","OK"
"Dread Armada","30mm base","072ec0","30mm base_072ec0","https://steamusercontent-a.akamaihd.net/ugc/13874377488447758171/176E993DB9378255E1BB74FFDD4A45558C98D895/","OK","https://steamusercontent-a.akamaihd.net/ugc/12567320968847447633/73A0276D495FE24E74341E06E6E2E7551E99C84B/","OK","https://steamusercontent-a.akamaihd.net/ugc/13874377488447758171/176E993DB9378255E1BB74FFDD4A45558C98D895/","OK"
"Dread Armada","","f3ca49","f3ca49","https://steamusercontent-a.akamaihd.net/ugc/16844924798974377855/208358E730DB476D5A4BD39D754C6A2D1E29FDD5/","OK","https://steamusercontent-a.akamaihd.net/ugc/18052442730205811235/CDDF71B18AD688182E039746F427AF09C69F01F8/","OK","https://steamusercontent-a.akamaihd.net/ugc/14823838659822549242/4CA6DECB876FFE6B613F19427EB97F25E945E719/","OK"
"Dread Armada","80mm base","c9776b","80mm base","https://steamusercontent-a.akamaihd.net/ugc/9507323413831057586/A5ABC7B4C6AB4A09010368C107AE198A3CCC3D7A/","OK","https://steamusercontent-a.akamaihd.net/ugc/13689441281025536368/320864517CC6C1AA07B2B7F87481582BCB5BD368/","OK","https://steamusercontent-a.akamaihd.net/ugc/9507323413831057586/A5ABC7B4C6AB4A09010368C107AE198A3CCC3D7A/","OK"
"Dread Armada","","54084c","54084c","https://steamusercontent-a.akamaihd.net/ugc/9856713257049282730/151708FB687C010A7EEDF4E3DB9DF6F5FDCBF3E9/","OK","https://steamusercontent-a.akamaihd.net/ugc/9382780089463973122/0E81D1EBA1027ABB4D155B1F6ACD238B54083455/","OK","https://steamusercontent-a.akamaihd.net/ugc/12557124763595660839/D5B5CFDE8C4BFC4C5E6190E0B480A877715D1E2E/","OK"
"Dread Armada","30mm base","c49516","30mm base_c49516","https://steamusercontent-a.akamaihd.net/ugc/13874377488447758171/176E993DB9378255E1BB74FFDD4A45558C98D895/","OK","https://steamusercontent-a.akamaihd.net/ugc/12567320968847447633/73A0276D495FE24E74341E06E6E2E7551E99C84B/","OK","https://steamusercontent-a.akamaihd.net/ugc/13874377488447758171/176E993DB9378255E1BB74FFDD4A45558C98D895/","OK"
"Dread Armada","","c7165b","c7165b","https://steamusercontent-a.akamaihd.net/ugc/14832003144747152019/CC526FF7DDB665FA14D8BE4EAE9F536B04EFE9B3/","OK","https://steamusercontent-a.akamaihd.net/ugc/13661568272859807270/2E03F25EAFE02819EDC2DDEDAF93D61100CCB258/","OK","https://steamusercontent-a.akamaihd.net/ugc/10592363282123727646/D30889D41B7E6250542360DA67F5565D8E421DFD/","OK"
"Dread Armada","30mm base","6f340e","30mm base_6f340e","https://steamusercontent-a.akamaihd.net/ugc/13874377488447758171/176E993DB9378255E1BB74FFDD4A45558C98D895/","OK","https://steamusercontent-a.akamaihd.net/ugc/12567320968847447633/73A0276D495FE24E74341E06E6E2E7551E99C84B/","OK","https://steamusercontent-a.akamaihd.net/ugc/13874377488447758171/176E993DB9378255E1BB74FFDD4A45558C98D895/","OK"
"Dread Armada","","ea6434","ea6434","https://steamusercontent-a.akamaihd.net/ugc/15062872337284649807/8A13222EA688EBDBCF44486805EBF3F6DBF4B1AE/","OK","https://steamusercontent-a.akamaihd.net/ugc/18248460891048279150/3D289DD88A19B6C7DD9AC9740A759273F357A231/","OK","https://steamusercontent-a.akamaihd.net/ugc/15062872337284649807/8A13222EA688EBDBCF44486805EBF3F6DBF4B1AE/","OK"
"Dread Armada","30mm base","b04311","30mm base_b04311","https://steamusercontent-a.akamaihd.net/ugc/13874377488447758171/176E993DB9378255E1BB74FFDD4A45558C98D895/","OK","https://steamusercontent-a.akamaihd.net/ugc/12567320968847447633/73A0276D495FE24E74341E06E6E2E7551E99C84B/","OK","https://steamusercontent-a.akamaihd.net/ugc/13874377488447758171/176E993DB9378255E1BB74FFDD4A45558C98D895/","OK"
"Dread Armada","","804f05","804f05","https://steamusercontent-a.akamaihd.net/ugc/13872600372686717472/A9944ED2395BE922CB34869B7FF4B0C10336DED6/","OK","https://steamusercontent-a.akamaihd.net/ugc/11250036316025412984/3D289DD88A19B6C7DD9AC9740A759273F357A231/","OK","https://steamusercontent-a.akamaihd.net/ugc/13872600372686717472/A9944ED2395BE922CB34869B7FF4B0C10336DED6/","OK"
"Dread Armada","30mm base","81a99b","30mm base_81a99b","https://steamusercontent-a.akamaihd.net/ugc/13874377488447758171/176E993DB9378255E1BB74FFDD4A45558C98D895/","OK","https://steamusercontent-a.akamaihd.net/ugc/12567320968847447633/73A0276D495FE24E74341E06E6E2E7551E99C84B/","OK","https://steamusercontent-a.akamaihd.net/ugc/13874377488447758171/176E993DB9378255E1BB74FFDD4A45558C98D895/","OK"
"Dread Armada","","3c0272","3c0272","https://steamusercontent-a.akamaihd.net/ugc/12171754916787000936/DA310E45FFB1829AD48F56F7D54D4B6FE666DCF9/","OK","https://steamusercontent-a.akamaihd.net/ugc/17883831369764400299/41AB11F0BAE235BC4BE5DDD7009CD9A5D8FB8D23/","OK","https://steamusercontent-a.akamaihd.net/ugc/13691581601419532111/1DA4631D698E74C17A966A9CD80A4833DCD72E02/","OK"
"Dread Armada","40mm base","7e8a25","40mm base","https://steamusercontent-a.akamaihd.net/ugc/17467293707643483270/604FF622A74CBBBBF8151DE2F002D8047DC69150/","OK","https://steamusercontent-a.akamaihd.net/ugc/18385099658346253955/73A0276D495FE24E74341E06E6E2E7551E99C84B/","OK","https://steamusercontent-a.akamaihd.net/ugc/17467293707643483270/604FF622A74CBBBBF8151DE2F002D8047DC69150/","OK"
"Dread Armada","","cdd631","cdd631","https://steamusercontent-a.akamaihd.net/ugc/10082439350272979476/330B3E4B1F3BF5A5973E4B249900B5A1D559A09D/","OK","https://steamusercontent-a.akamaihd.net/ugc/13397233558797532959/645F1CBA8F7B76FE3D5EFBF38480AEC79DB4EC88/","OK","https://steamusercontent-a.akamaihd.net/ugc/18094877934023172887/090696CA40A897CDC942B0118532C04F22153039/","OK"
"Dread Armada","30mm base","522645","30mm base_522645","https://steamusercontent-a.akamaihd.net/ugc/13874377488447758171/176E993DB9378255E1BB74FFDD4A45558C98D895/","OK","https://steamusercontent-a.akamaihd.net/ugc/12567320968847447633/73A0276D495FE24E74341E06E6E2E7551E99C84B/","OK","https://steamusercontent-a.akamaihd.net/ugc/13874377488447758171/176E993DB9378255E1BB74FFDD4A45558C98D895/","OK"
"Dread Armada","","cd1b87","cd1b87","https://steamusercontent-a.akamaihd.net/ugc/13163451642340495195/3BFA058C568EBE0E744D8D66AAF7181325A328DE/","OK","https://steamusercontent-a.akamaihd.net/ugc/14756434326791334614/31DDC8D8EBB39AC6BEEEA29CA3FB3647BD68A1C3/","OK","https://steamusercontent-a.akamaihd.net/ugc/11375633632437838482/125F0D09D959E82B5628118457F4625CC3AAE4F7/","OK"
"Dread Armada","50mm base","f3c6e8","50mm base","https://steamusercontent-a.akamaihd.net/ugc/16565607465486734529/B3E55176002E04309EF32D048CCEB4FE1B14E5F9/","OK","https://steamusercontent-a.akamaihd.net/ugc/15825158844097975441/73A0276D495FE24E74341E06E6E2E7551E99C84B/","OK","https://steamusercontent-a.akamaihd.net/ugc/16565607465486734529/B3E55176002E04309EF32D048CCEB4FE1B14E5F9/","OK"
"Dread Armada","","e501ff","e501ff","https://steamusercontent-a.akamaihd.net/ugc/17089763363374313538/30C9D72C8125416B8DF5922066F69558183701F5/","OK","https://steamusercontent-a.akamaihd.net/ugc/16092882084195756357/EF2A52C16A011758E544B20A6E3AAF709BA98419/","OK","https://steamusercontent-a.akamaihd.net/ugc/10144462611405400996/4FC86B3727889F66897C4B7264D545AE842FD357/","OK"
"Dread Armada","30mm base","4e905f","30mm base_4e905f","https://steamusercontent-a.akamaihd.net/ugc/13874377488447758171/176E993DB9378255E1BB74FFDD4A45558C98D895/","OK","https://steamusercontent-a.akamaihd.net/ugc/12567320968847447633/73A0276D495FE24E74341E06E6E2E7551E99C84B/","OK","https://steamusercontent-a.akamaihd.net/ugc/13874377488447758171/176E993DB9378255E1BB74FFDD4A45558C98D895/","OK"
"Dread Armada","","d7091d","d7091d","https://steamusercontent-a.akamaihd.net/ugc/15947221454960450394/BE993934FBCE5A73B960FCB156B90667A17385CE/","OK","https://steamusercontent-a.akamaihd.net/ugc/17550041818895076974/A5A0EFD828B51015E60A88DEC8A5CCA8D284A7FC/","OK","https://steamusercontent-a.akamaihd.net/ugc/15947221454960450394/BE993934FBCE5A73B960FCB156B90667A17385CE/","OK"
"Dread Armada","40mm base","741b67","40mm base_741b67","https://steamusercontent-a.akamaihd.net/ugc/17467293707643483270/604FF622A74CBBBBF8151DE2F002D8047DC69150/","OK","https://steamusercontent-a.akamaihd.net/ugc/18385099658346253955/73A0276D495FE24E74341E06E6E2E7551E99C84B/","OK","https://steamusercontent-a.akamaihd.net/ugc/17467293707643483270/604FF622A74CBBBBF8151DE2F002D8047DC69150/","OK"
"Dread Armada","","6c4d3a","6c4d3a","https://steamusercontent-a.akamaihd.net/ugc/14376644146461351096/3B5F33EEBFF098DE721F451A1BAD51395DBA1E23/","OK","https://steamusercontent-a.akamaihd.net/ugc/17258159751789135144/7684F0E5D4F3E7FA6191B8F9954F80EE243B333C/","OK","https://steamusercontent-a.akamaihd.net/ugc/15615833622268582947/B544F471870D487510C9FA6F8124A9EA50C73D92/","OK"
"Dread Armada","30mm base","8ab267","30mm base_8ab267","https://steamusercontent-a.akamaihd.net/ugc/13874377488447758171/176E993DB9378255E1BB74FFDD4A45558C98D895/","OK","https://steamusercontent-a.akamaihd.net/ugc/12567320968847447633/73A0276D495FE24E74341E06E6E2E7551E99C84B/","OK","https://steamusercontent-a.akamaihd.net/ugc/13874377488447758171/176E993DB9378255E1BB74FFDD4A45558C98D895/","OK"
"Dread Armada","","31da25","31da25","https://steamusercontent-a.akamaihd.net/ugc/9954117509657181665/BD9712090992F91D16B1BE799E86356D0BAFE742/","OK","https://steamusercontent-a.akamaihd.net/ugc/16776224749024220789/2EA89818299863827EB4331FAF2CB58C55181454/","OK","https://steamusercontent-a.akamaihd.net/ugc/13452573767572136419/2BF28C66CFE88BC451C168A3C2B0412FD2AA9035/","OK"
"Dread Armada","30mm base","8b2508","30mm base_8b2508","https://steamusercontent-a.akamaihd.net/ugc/13874377488447758171/176E993DB9378255E1BB74FFDD4A45558C98D895/","OK","https://steamusercontent-a.akamaihd.net/ugc/12567320968847447633/73A0276D495FE24E74341E06E6E2E7551E99C84B/","OK","https://steamusercontent-a.akamaihd.net/ugc/13874377488447758171/176E993DB9378255E1BB74FFDD4A45558C98D895/","OK"
"Dread Armada","","16d806","16d806","https://steamusercontent-a.akamaihd.net/ugc/18265839758184486145/33EE93B12819DEFA76ECF43D0E23BDA428B413F8/","OK","https://steamusercontent-a.akamaihd.net/ugc/12328525476499849592/2718426D90D99F8D0558614794A834153D9A00FC/","OK","https://steamusercontent-a.akamaihd.net/ugc/18265839758184486145/33EE93B12819DEFA76ECF43D0E23BDA428B413F8/","OK"
"Dread Armada","30mm base","4b7c20","30mm base_4b7c20","https://steamusercontent-a.akamaihd.net/ugc/13874377488447758171/176E993DB9378255E1BB74FFDD4A45558C98D895/","OK","https://steamusercontent-a.akamaihd.net/ugc/12567320968847447633/73A0276D495FE24E74341E06E6E2E7551E99C84B/","OK","https://steamusercontent-a.akamaihd.net/ugc/13874377488447758171/176E993DB9378255E1BB74FFDD4A45558C98D895/","OK"
"Dread Armada","","8dd57d","8dd57d","https://steamusercontent-a.akamaihd.net/ugc/18194491539770845304/F98E713FBBD0E4028921B1F33D0BA6DDF3B37BDB/","OK","https://steamusercontent-a.akamaihd.net/ugc/9228530841247774708/D98C48A4F215DB7DDCE9D528A9DA6C62AE6A3B62/","OK","https://steamusercontent-a.akamaihd.net/ugc/18194491539770845304/F98E713FBBD0E4028921B1F33D0BA6DDF3B37BDB/","OK"
"Dread Armada","40mm base","ca1370","40mm base_ca1370","https://steamusercontent-a.akamaihd.net/ugc/17467293707643483270/604FF622A74CBBBBF8151DE2F002D8047DC69150/","OK","https://steamusercontent-a.akamaihd.net/ugc/18385099658346253955/73A0276D495FE24E74341E06E6E2E7551E99C84B/","OK","https://steamusercontent-a.akamaihd.net/ugc/17467293707643483270/604FF622A74CBBBBF8151DE2F002D8047DC69150/","OK"
"Dread Armada","","16c02d","16c02d","https://steamusercontent-a.akamaihd.net/ugc/15447755223578695382/9CCDE038D4CE1909CE070157D334B850D2EE9B19/","OK","https://steamusercontent-a.akamaihd.net/ugc/10075822380660959717/C88449F52F1B474CF6A815A4A9BD5BD32E10F8D8/","OK","https://steamusercontent-a.akamaihd.net/ugc/9708851140458556651/6963B3FA69A32362DA2627A1459CBB26C8189D4A/","OK"
"Dread Armada","30mm base","075643","30mm base_075643","https://steamusercontent-a.akamaihd.net/ugc/13874377488447758171/176E993DB9378255E1BB74FFDD4A45558C98D895/","OK","https://steamusercontent-a.akamaihd.net/ugc/12567320968847447633/73A0276D495FE24E74341E06E6E2E7551E99C84B/","OK","https://steamusercontent-a.akamaihd.net/ugc/13874377488447758171/176E993DB9378255E1BB74FFDD4A45558C98D895/","OK"
"Dread Armada","","c4e82d","c4e82d","https://steamusercontent-a.akamaihd.net/ugc/9337016633573853547/F9C92B7B28869B8CA08ABBB8EB75C31BD1ACEA6F/","OK","https://steamusercontent-a.akamaihd.net/ugc/17144948611141152634/7905C753439CB3D5BA17064411EFB3A3CF237AE8/","OK","https://steamusercontent-a.akamaihd.net/ugc/15792198312185273210/E74B0DB374BA93B9409541243074B6EB4BC600F3/","OK"
"Dread Armada","30mm base","ee398b","30mm base_ee398b","https://steamusercontent-a.akamaihd.net/ugc/13874377488447758171/176E993DB9378255E1BB74FFDD4A45558C98D895/","OK","https://steamusercontent-a.akamaihd.net/ugc/12567320968847447633/73A0276D495FE24E74341E06E6E2E7551E99C84B/","OK","https://steamusercontent-a.akamaihd.net/ugc/13874377488447758171/176E993DB9378255E1BB74FFDD4A45558C98D895/","OK"
"Dread Armada","","63d2c6","63d2c6","https://steamusercontent-a.akamaihd.net/ugc/9534338609170361624/2AB070290C467EDBBDD8F05E9FB8CBF5520196CD/","OK","https://steamusercontent-a.akamaihd.net/ugc/10568327989613920731/8A8B0B7E08579D0233E7C8DE2511B58224C1AD4C/","OK","https://steamusercontent-a.akamaihd.net/ugc/16667769872850543762/BFBEFB8A5B1E137DC0B193CA68A08FAE3FADBAD1/","OK"
"Dread Armada","50mm base","f2992f","50mm base_f2992f","https://steamusercontent-a.akamaihd.net/ugc/16565607465486734529/B3E55176002E04309EF32D048CCEB4FE1B14E5F9/","OK","https://steamusercontent-a.akamaihd.net/ugc/15825158844097975441/73A0276D495FE24E74341E06E6E2E7551E99C84B/","OK","https://steamusercontent-a.akamaihd.net/ugc/16565607465486734529/B3E55176002E04309EF32D048CCEB4FE1B14E5F9/","OK"
"Dread Armada","","a66314","a66314","https://steamusercontent-a.akamaihd.net/ugc/16280658637581846574/27FD452D360CD6C372A5D4EEADFFC084DD39A9F6/","OK","https://steamusercontent-a.akamaihd.net/ugc/9310153076963665036/6F74A7C61BC453FB8B02FC4245CDC54F27B7777C/","OK","https://steamusercontent-a.akamaihd.net/ugc/12811589728934839665/9F62B3E2E5238E0E24A18F783D3A96E224F913F7/","OK"
"Dread Armada","40mm base","7e8a25","40mm base_7e8a25","https://steamusercontent-a.akamaihd.net/ugc/17467293707643483270/604FF622A74CBBBBF8151DE2F002D8047DC69150/","OK","https://steamusercontent-a.akamaihd.net/ugc/18385099658346253955/73A0276D495FE24E74341E06E6E2E7551E99C84B/","OK","https://steamusercontent-a.akamaihd.net/ugc/17467293707643483270/604FF622A74CBBBBF8151DE2F002D8047DC69150/","OK"
"Dread Armada","","1de520","1de520","https://steamusercontent-a.akamaihd.net/ugc/14579602848230206036/C463721037F4C430B4919D6BF902AC426034CA3D/","OK","https://steamusercontent-a.akamaihd.net/ugc/11729390476103044526/037AC3F6B9E41D6E5483158D85D9AFD5779E5F93/","OK","https://steamusercontent-a.akamaihd.net/ugc/14579602848230206036/C463721037F4C430B4919D6BF902AC426034CA3D/","OK"
"Dread Armada","30mm base","1c2dbf","30mm base_1c2dbf","https://steamusercontent-a.akamaihd.net/ugc/13874377488447758171/176E993DB9378255E1BB74FFDD4A45558C98D895/","OK","https://steamusercontent-a.akamaihd.net/ugc/12567320968847447633/73A0276D495FE24E74341E06E6E2E7551E99C84B/","OK","https://steamusercontent-a.akamaihd.net/ugc/13874377488447758171/176E993DB9378255E1BB74FFDD4A45558C98D895/","OK"
"Dread Armada","","94abe5","94abe5","https://steamusercontent-a.akamaihd.net/ugc/10482685259620843945/8B23276F2FB43A88DC76AA03E7E35E859D9147A9/","OK","https://steamusercontent-a.akamaihd.net/ugc/15699657146030158420/62CEBA4A7F2153C34556839163B05AE813F9BB87/","OK","https://steamusercontent-a.akamaihd.net/ugc/10482685259620843945/8B23276F2FB43A88DC76AA03E7E35E859D9147A9/","OK"
"Dread Armada","80mm base","d8e618","80mm base_d8e618","https://steamusercontent-a.akamaihd.net/ugc/9507323413831057586/A5ABC7B4C6AB4A09010368C107AE198A3CCC3D7A/","OK","https://steamusercontent-a.akamaihd.net/ugc/13689441281025536368/320864517CC6C1AA07B2B7F87481582BCB5BD368/","OK","https://steamusercontent-a.akamaihd.net/ugc/9507323413831057586/A5ABC7B4C6AB4A09010368C107AE198A3CCC3D7A/","OK"
"Dread Armada","","bb6999","bb6999","https://steamusercontent-a.akamaihd.net/ugc/13518520112297928679/E8BBB8345F9648A07ED7B4FB964B4B33D6718D3B/","OK","https://steamusercontent-a.akamaihd.net/ugc/17961526734497596185/D082DAE6229ED34AD04A4F699532D76F808549E6/","OK","https://steamusercontent-a.akamaihd.net/ugc/15236334767530865353/5ABAF4DA8E5BD8A28F295DACBCE7A1BBA03594A1/","OK"
"Dread Armada","30mm base","0e9f72","30mm base_0e9f72","https://steamusercontent-a.akamaihd.net/ugc/13874377488447758171/176E993DB9378255E1BB74FFDD4A45558C98D895/","OK","https://steamusercontent-a.akamaihd.net/ugc/12567320968847447633/73A0276D495FE24E74341E06E6E2E7551E99C84B/","OK","https://steamusercontent-a.akamaihd.net/ugc/13874377488447758171/176E993DB9378255E1BB74FFDD4A45558C98D895/","OK"
