# Blender 5.2.1 LTS
# www.blender.org
mtllib infantry.mtl
o Object.1
v -0.411424 -0.335022 0.056090
v -0.419404 -0.337017 -0.001762
v -0.420401 -0.343999 -0.044653
v -0.408432 -0.342005 -0.091534
v -0.411424 -0.330035 -0.044653
v -0.399455 -0.319063 0.021179
v -0.392472 -0.317068 0.049108
v -0.383495 -0.311083 -0.000765
v -0.403444 -0.322055 -0.034678
v -0.388483 -0.314076 -0.046648
v -0.364544 -0.308091 -0.075574
v -0.392472 -0.322055 -0.091534
v -0.376513 -0.316071 -0.109488
v -0.337612 -0.309088 -0.142404
v -0.372523 -0.320060 -0.131432
v -0.325643 -0.312081 -0.170333
v -0.390477 -0.338015 -0.131432
v -0.348584 -0.324050 -0.171330
v -0.313673 -0.317068 -0.193274
v -0.293724 -0.327043 -0.221203
v -0.367536 -0.332030 -0.159361
v -0.337612 -0.338015 -0.196267
v -0.395465 -0.339012 0.110951
v -0.365541 -0.337017 0.151846
v -0.380503 -0.327043 0.117933
v -0.347587 -0.321058 0.146859
v -0.397460 -0.327043 0.081027
v -0.374518 -0.318065 0.099978
v -0.329632 -0.313078 0.139877
v -0.365541 -0.310086 0.069057
v -0.327638 -0.304101 0.078034
v -0.359556 -0.306096 -0.004755
v -0.330630 -0.303104 -0.080561
v -0.279760 -0.303104 -0.156368
v -0.218915 -0.303104 -0.153376
v -0.210935 -0.303104 -0.195269
v -0.337612 -0.303104 -0.006749
v -0.366539 -0.298116 -0.005752
v -0.340605 -0.295124 -0.000765
v -0.341602 -0.303104 0.005220
v -0.322650 -0.303104 0.008212
v -0.288737 -0.303104 -0.061610
v -0.298711 -0.302106 -0.000765
v -0.289734 -0.302106 -0.042658
v -0.298711 -0.303104 0.057088
v -0.285744 -0.302106 0.105963
v -0.292727 -0.289139 -0.054628
v -0.299709 -0.290137 0.075042
v -0.297714 -0.286147 0.095989
v -0.303699 -0.287144 -0.015727
v -0.308686 -0.283154 0.036141
v -0.305694 -0.281159 0.069057
v -0.309683 -0.272182 0.072050
v -0.292727 -0.285149 0.114940
v -0.305694 -0.271185 0.095989
v -0.312676 -0.271185 0.049108
v -0.316666 -0.272182 0.034146
v -0.312676 -0.273180 0.018187
v -0.308686 -0.279165 -0.010739
v -0.298711 -0.283154 -0.057620
v -0.314671 -0.270187 -0.011737
v -0.302701 -0.274177 -0.074577
v -0.313673 -0.266198 -0.000765
v -0.288737 -0.284152 -0.089539
v -0.280757 -0.291134 -0.076572
v -0.273775 -0.303104 -0.070587
v -0.256818 -0.289139 -0.108490
v -0.248838 -0.302106 -0.102506
v -0.235872 -0.303104 -0.121457
v -0.261805 -0.278167 -0.140409
v -0.234874 -0.293129 -0.133427
v -0.219912 -0.302106 -0.142404
v -0.189988 -0.303104 -0.177315
v -0.159067 -0.303104 -0.201254
v -0.199963 -0.294127 -0.175320
v -0.182009 -0.289139 -0.193274
v -0.153082 -0.290137 -0.207239
v -0.147098 -0.285149 -0.207239
v -0.217917 -0.286147 -0.172328
v -0.184004 -0.281159 -0.186292
v -0.158070 -0.276172 -0.165346
v -0.247841 -0.284152 -0.148389
v -0.255821 -0.285149 -0.136419
v -0.239861 -0.287144 -0.169335
v -0.223902 -0.280162 -0.165346
v -0.261805 -0.285149 -0.148389
v -0.239861 -0.278167 -0.155371
v -0.231882 -0.272182 -0.141407
v -0.208940 -0.275175 -0.155371
v -0.198965 -0.265200 -0.106495
v -0.178019 -0.268193 -0.117467
v -0.217917 -0.261210 -0.096521
v -0.220910 -0.271185 -0.136419
v -0.225897 -0.260213 -0.071584
v -0.173032 -0.254228 -0.099513
v -0.220910 -0.254228 -0.079564
v -0.144105 -0.271185 -0.135422
v -0.132136 -0.272182 -0.140409
v -0.152085 -0.233282 -0.119462
v -0.148095 -0.231287 -0.126445
v -0.126151 -0.222310 -0.145396
v -0.117174 -0.272182 -0.145396
v -0.210935 -0.247246 -0.081559
v -0.217917 -0.248243 -0.065600
v -0.200961 -0.246249 -0.057620
v -0.176024 -0.253231 -0.110485
v -0.170039 -0.247246 -0.093529
v -0.160065 -0.255226 -0.072582
v -0.143108 -0.224304 -0.087544
v -0.209937 -0.262208 -0.042658
v -0.158070 -0.250238 -0.066597
v -0.152085 -0.266198 -0.061610
v -0.179016 -0.265200 -0.047645
v -0.206945 -0.265200 -0.009742
v -0.173032 -0.268193 -0.010739
v -0.132136 -0.244254 -0.074577
v -0.123159 -0.271185 -0.021711
v -0.148095 -0.269190 0.009210
v -0.169042 -0.268193 0.022177
v -0.144105 -0.265200 0.049108
v -0.131138 -0.269190 0.031154
v -0.109194 -0.266198 0.055093
v -0.188991 -0.262208 0.030156
v -0.160065 -0.255226 0.074045
v -0.187993 -0.242259 0.074045
v -0.203953 -0.253231 0.033149
v -0.214925 -0.259215 0.006217
v -0.216920 -0.228294 0.058085
v -0.232879 -0.219317 0.054095
v -0.238864 -0.229292 0.035144
v -0.238864 -0.216325 0.063073
v -0.233876 -0.254228 -0.004755
v -0.242854 -0.258218 -0.030689
v -0.243851 -0.242259 0.012202
v -0.249836 -0.240264 0.008212
v -0.249836 -0.220315 0.040131
v -0.251831 -0.210340 0.059083
v -0.245846 -0.213332 0.074045
v -0.259810 -0.221312 0.034146
v -0.261805 -0.205353 0.063073
v -0.256818 -0.214330 0.084019
v -0.272777 -0.205353 0.072050
v -0.271780 -0.206350 0.056090
v -0.284747 -0.204355 0.071052
v -0.272777 -0.219317 0.037139
v -0.260808 -0.234279 0.015194
v -0.274772 -0.231287 0.016192
v -0.262803 -0.245251 -0.006749
v -0.289734 -0.214330 0.043123
v -0.277765 -0.220315 0.097984
v -0.289734 -0.210340 0.081027
v -0.300706 -0.208345 0.060080
v -0.260808 -0.256223 -0.037671
v -0.271780 -0.247246 -0.014729
v -0.267790 -0.261210 -0.087544
v -0.276767 -0.255226 -0.039666
v -0.284747 -0.245251 -0.011737
v -0.288737 -0.233281 0.011205
v -0.295719 -0.229292 0.024172
v -0.296716 -0.246249 -0.012734
v -0.291729 -0.256223 -0.039666
v -0.288737 -0.265200 -0.097518
v -0.299709 -0.260213 -0.054628
v -0.302701 -0.234279 0.007215
v -0.301704 -0.214330 0.042126
v -0.306691 -0.247246 -0.011737
v -0.307689 -0.232284 0.022177
v -0.311678 -0.253231 -0.022709
v -0.314671 -0.240264 0.004222
v -0.309683 -0.212335 0.057088
v -0.311678 -0.227297 0.025169
v -0.315668 -0.221312 0.037139
v -0.319658 -0.227297 0.035144
v -0.315668 -0.217322 0.065068
v -0.302701 -0.211337 0.077037
v -0.283749 -0.225302 0.103968
v -0.302701 -0.219317 0.091001
v -0.299709 -0.228294 0.101973
v -0.317663 -0.222309 0.068060
v -0.311678 -0.227297 0.095989
v -0.325643 -0.226299 0.061078
v -0.318660 -0.242259 0.005220
v -0.325643 -0.230289 0.035144
v -0.322650 -0.254228 -0.007747
v -0.314671 -0.233281 0.082024
v -0.300706 -0.240264 0.108956
v -0.322650 -0.241261 0.008212
v -0.330630 -0.236274 0.036141
v -0.326640 -0.235276 0.059083
v -0.323648 -0.238269 0.091001
v -0.303699 -0.247246 0.113943
v -0.306691 -0.247246 0.099978
v -0.316666 -0.242259 0.080029
v -0.306691 -0.254228 0.106961
v -0.322650 -0.238269 0.058085
v -0.318660 -0.245251 0.080029
v -0.311678 -0.256223 0.085017
v -0.300706 -0.260213 0.112945
v -0.328635 -0.243256 0.033149
v -0.319658 -0.249241 0.064070
v -0.303699 -0.264203 0.108956
v -0.319658 -0.258218 0.071052
v -0.326640 -0.249241 0.009210
v -0.325643 -0.250238 0.052100
v -0.317663 -0.263205 0.057088
v -0.315668 -0.258218 0.059083
v -0.343597 -0.249241 0.055093
v -0.321653 -0.257221 0.035144
v -0.322650 -0.253231 0.007215
v -0.318660 -0.260213 0.005220
v -0.320655 -0.261210 -0.028694
v -0.311678 -0.269190 -0.058617
v -0.308686 -0.266198 -0.064602
v -0.308686 -0.272182 -0.089539
v -0.282752 -0.274177 -0.119462
v -0.266793 -0.269190 -0.126445
v -0.253826 -0.267195 -0.124450
v -0.245846 -0.261210 -0.085549
v -0.335617 -0.330035 0.172793
v -0.296716 -0.333027 0.205709
v -0.297714 -0.317068 0.180773
v -0.244848 -0.317068 0.213689
v -0.223902 -0.328040 0.240620
v -0.180014 -0.316071 0.240620
v -0.201958 -0.305098 0.197729
v -0.245846 -0.341007 0.240620
v -0.178019 -0.343999 0.270544
v -0.164054 -0.306096 0.216681
v -0.127148 -0.307093 0.231643
v -0.177021 -0.299114 0.210697
v -0.200961 -0.290137 0.202717
v -0.173032 -0.292132 0.218676
v -0.155077 -0.293129 0.225658
v -0.143108 -0.298116 0.225658
v -0.107199 -0.295124 0.240620
v -0.131138 -0.296121 0.235633
v -0.242854 -0.304101 0.170798
v -0.257816 -0.304101 0.157831
v -0.272777 -0.303104 0.137882
v -0.265795 -0.296121 0.153841
v -0.283749 -0.285149 0.133892
v -0.218915 -0.305099 0.186757
v -0.219912 -0.291134 0.190747
v -0.241856 -0.298116 0.175785
v -0.253826 -0.298116 0.167806
v -0.270782 -0.290137 0.151846
v -0.242854 -0.293129 0.177780
v -0.264798 -0.289139 0.162818
v -0.278762 -0.280162 0.142869
v -0.234874 -0.279165 0.171795
v -0.243851 -0.283154 0.169801
v -0.251831 -0.275175 0.159826
v -0.264798 -0.275175 0.154839
v -0.216920 -0.282157 0.180773
v -0.277765 -0.274177 0.145862
v -0.269785 -0.266198 0.145862
v -0.286742 -0.265200 0.134889
v -0.185998 -0.286147 0.206706
v -0.180014 -0.279165 0.201719
v -0.174029 -0.277170 0.194737
v -0.189988 -0.276172 0.188752
v -0.179016 -0.274177 0.189750
v -0.176024 -0.265200 0.164813
v -0.171037 -0.257221 0.161821
v -0.188991 -0.271185 0.171795
v -0.195973 -0.280162 0.191745
v -0.195973 -0.274177 0.177780
v -0.194976 -0.266198 0.165811
v -0.184004 -0.265200 0.172793
v -0.186996 -0.267195 0.161821
v -0.184004 -0.260213 0.151846
v -0.204950 -0.270187 0.163816
v -0.210935 -0.276172 0.175785
v -0.201958 -0.257221 0.134889
v -0.193978 -0.258218 0.144864
v -0.187993 -0.258218 0.136885
v -0.188991 -0.247246 0.114940
v -0.181011 -0.253231 0.144864
v -0.202955 -0.236274 0.091999
v -0.179016 -0.245251 0.110951
v -0.175027 -0.253231 0.131897
v -0.170039 -0.248243 0.126910
v -0.208940 -0.249241 0.123917
v -0.215922 -0.236274 0.100976
v -0.207943 -0.260213 0.146859
v -0.215922 -0.256223 0.134889
v -0.225897 -0.240264 0.112945
v -0.215922 -0.268193 0.155836
v -0.219912 -0.272182 0.167806
v -0.222904 -0.259215 0.147856
v -0.231882 -0.247246 0.124915
v -0.245846 -0.230289 0.105963
v -0.240859 -0.231287 0.100976
v -0.225897 -0.271185 0.158829
v -0.227892 -0.260213 0.141872
v -0.240859 -0.249241 0.131897
v -0.233876 -0.257221 0.143867
v -0.234874 -0.271185 0.161821
v -0.243851 -0.260213 0.144864
v -0.246844 -0.269190 0.154839
v -0.261805 -0.258218 0.142869
v -0.256818 -0.258218 0.138879
v -0.249836 -0.251236 0.132895
v -0.255821 -0.242259 0.121923
v -0.258813 -0.246248 0.129902
v -0.270782 -0.251236 0.133892
v -0.265795 -0.231287 0.108956
v -0.269785 -0.237271 0.117933
v -0.262803 -0.224304 0.104966
v -0.255821 -0.228294 0.102971
v -0.251831 -0.214330 0.083022
v -0.284747 -0.241261 0.119928
v -0.277765 -0.257221 0.135887
v -0.289734 -0.251236 0.125912
v -0.296716 -0.259215 0.122920
v -0.288737 -0.266198 0.127907
v -0.289734 -0.273180 0.132895
v -0.297714 -0.276172 0.111948
v -0.293724 -0.272182 0.116935
v -0.060319 -0.334025 -0.298007
v -0.130141 -0.342005 -0.292023
v -0.104207 -0.328040 -0.288033
v -0.034385 -0.320060 -0.286038
v -0.135128 -0.317068 -0.270079
v -0.266793 -0.340010 -0.244145
v -0.209937 -0.339012 -0.267086
v -0.167047 -0.328040 -0.274068
v -0.221907 -0.324050 -0.252124
v -0.267790 -0.320060 -0.227188
v -0.213927 -0.316071 -0.243147
v -0.249836 -0.311083 -0.216216
v -0.189988 -0.310086 -0.236165
v -0.080268 -0.313078 -0.269081
v -0.113184 -0.305099 -0.233173
v -0.065306 -0.303104 -0.234170
v -0.117174 -0.303104 -0.220206
v -0.237866 -0.222309 0.085017
v -0.233876 -0.230289 0.099978
v -0.230884 -0.222309 0.081027
v -0.223902 -0.221312 0.079032
v -0.218915 -0.224304 0.074045
v -0.186996 -0.241261 0.094991
v -0.179016 -0.241261 0.091999
v -0.164054 -0.246248 0.110951
v -0.148095 -0.252233 0.092996
v -0.163057 -0.253231 0.135887
v -0.163057 -0.261210 0.157831
v -0.156075 -0.253231 0.150849
v -0.157072 -0.247246 0.124915
v -0.151087 -0.250238 0.130900
v -0.143108 -0.252233 0.150849
v -0.138121 -0.260213 0.069057
v -0.143108 -0.250238 0.100976
v -0.132136 -0.250238 0.133892
v -0.132136 -0.251236 0.106961
v -0.127148 -0.262208 0.063073
v -0.118171 -0.266198 0.051103
v -0.115179 -0.257221 0.089006
v -0.105204 -0.258218 0.106961
v -0.122161 -0.259215 0.093994
v -0.117174 -0.252233 0.138879
v -0.109194 -0.261210 0.167806
v -0.122161 -0.255226 0.135887
v -0.122161 -0.263205 0.178778
v -0.116176 -0.245251 0.168803
v -0.128146 -0.256223 0.168803
v -0.136126 -0.262208 0.165811
v -0.142110 -0.254228 0.158829
v -0.148095 -0.259215 0.158829
v -0.153082 -0.257221 0.156834
v -0.146100 -0.260213 0.169801
v -0.121164 -0.239266 0.187755
v -0.115179 -0.263205 0.192742
v -0.126151 -0.205353 0.185760
v -0.111189 -0.242259 0.193740
v -0.105204 -0.267195 0.193740
v -0.116176 -0.205353 0.166808
v -0.099220 -0.251236 0.186757
v -0.092237 -0.266198 0.178778
v -0.098222 -0.262208 0.173790
v -0.133133 -0.202360 0.178778
v -0.121164 -0.202360 0.158829
v -0.109194 -0.203358 0.192742
v -0.130141 -0.190391 0.183765
v -0.119169 -0.188396 0.158829
v -0.127148 -0.203358 0.197729
v -0.124156 -0.177424 0.167806
v -0.099220 -0.239266 0.186757
v -0.101215 -0.241261 0.172793
v -0.099220 -0.203358 0.179775
v -0.107199 -0.199368 0.197729
v -0.105204 -0.198370 0.166808
v -0.089245 -0.200365 0.182768
v -0.122161 -0.193383 0.193740
v -0.126151 -0.184406 0.197729
v -0.106202 -0.182411 0.193740
v -0.096227 -0.192386 0.181770
v -0.094232 -0.182411 0.182768
v -0.104207 -0.172436 0.169801
v -0.116176 -0.159470 0.167806
v -0.103209 -0.154482 0.181770
v -0.103209 -0.169444 0.189750
v -0.124156 -0.151490 0.188752
v -0.127148 -0.177424 0.187755
v -0.234874 0.169692 0.121922
v -0.239861 0.230537 0.114940
v -0.234874 0.223554 0.074044
v -0.191983 0.232532 0.068060
v -0.180014 0.215575 0.006217
v -0.203953 0.245499 0.141872
v -0.180014 0.255473 0.097983
v -0.226894 0.223555 0.152844
v -0.194976 0.223555 0.170798
v -0.157072 0.221560 0.162818
v -0.212930 0.196623 0.153841
v -0.185998 0.187646 0.168803
v -0.137123 0.173682 0.161821
v -0.169042 0.148745 0.158829
v -0.199963 0.160715 0.154839
v -0.194976 0.130791 0.132895
v -0.227892 0.145753 0.087011
v -0.184004 0.109844 0.125912
v -0.245846 0.202608 0.078034
v -0.134131 0.127798 0.159826
v -0.129144 0.148745 0.164813
v -0.164054 0.120816 0.154839
v -0.158070 0.072938 0.129902
v -0.127148 0.065956 0.156834
v -0.136126 0.100867 0.073047
v -0.168044 0.121814 0.066065
v -0.187993 0.131788 0.094991
v -0.143108 0.152735 0.071052
v -0.193978 0.136776 0.045118
v -0.150090 0.156725 0.041128
v -0.174029 0.140765 -0.004755
v -0.217917 0.157722 0.003225
v -0.208940 0.188643 -0.015727
v -0.210935 0.207595 -0.008745
v -0.105204 -0.339012 0.287501
v -0.153082 -0.329037 0.266554
v -0.102212 -0.316071 0.263562
v -0.070293 -0.327043 0.283511
v -0.052339 -0.341007 0.300468
v -0.033387 -0.323053 0.283511
v 0.019478 -0.337017 0.301465
v -0.031392 -0.315073 0.269546
v 0.026460 -0.320060 0.281516
v 0.079325 -0.327043 0.285506
v 0.081321 -0.343999 0.300468
v 0.143163 -0.333027 0.278524
v 0.062369 -0.316071 0.271541
v -0.015433 -0.309088 0.256579
v -0.040369 -0.309088 0.253587
v 0.025463 -0.311083 0.260569
v -0.076278 -0.308091 0.245607
v -0.101215 -0.301109 0.239623
v -0.094232 -0.295124 0.244610
v -0.063311 -0.296121 0.248600
v -0.046354 -0.299114 0.252590
v -0.046354 -0.303104 0.272539
v -0.038375 -0.302106 0.254585
v -0.037377 -0.293129 0.252590
v -0.066303 -0.285149 0.230645
v -0.032390 -0.305098 0.255582
v -0.033387 -0.303104 0.268549
v -0.030395 -0.301109 0.254585
v 0.011498 -0.302106 0.256579
v -0.045357 -0.283154 0.226656
v -0.010446 -0.297119 0.258574
v -0.021418 -0.284152 0.244610
v 0.015488 -0.299114 0.261567
v 0.036435 -0.302106 0.261567
v 0.013493 -0.280162 0.254585
v -0.012441 -0.272182 0.237628
v -0.023413 -0.271185 0.217679
v 0.001524 -0.248243 0.239623
v 0.039427 -0.297119 0.262564
v 0.058379 -0.300111 0.263562
v 0.016486 -0.267195 0.253587
v 0.024465 -0.267195 0.258574
v 0.017483 -0.244253 0.253587
v 0.051397 -0.289139 0.266554
v 0.035437 -0.268193 0.264559
v 0.003519 -0.229292 0.236630
v 0.057381 -0.273180 0.272539
v 0.039427 -0.254228 0.268549
v 0.071346 -0.294126 0.270544
v 0.066358 -0.297119 0.265557
v 0.091295 -0.300111 0.264559
v 0.086308 -0.292132 0.272539
v 0.084313 -0.283154 0.274534
v 0.074338 -0.268193 0.278524
v 0.065361 -0.255226 0.280519
v 0.060374 -0.310086 0.259572
v 0.096282 -0.311083 0.253587
v 0.060374 -0.313078 0.262564
v 0.060374 -0.310086 0.261567
v 0.060374 -0.311083 0.261567
v 0.059376 -0.311083 0.262564
v 0.060374 -0.312081 0.262564
v 0.057381 -0.311083 0.263562
v 0.058379 -0.311083 0.263562
v 0.059376 -0.313078 0.261567
v 0.059376 -0.312081 0.262564
v 0.061371 -0.314076 0.267552
v 0.056384 -0.312081 0.258574
v 0.037432 -0.230289 0.268549
v 0.052394 -0.231287 0.273536
v 0.064364 -0.236274 0.281516
v 0.050399 -0.216325 0.269546
v 0.026460 -0.215327 0.259572
v 0.039427 -0.204355 0.254585
v 0.023468 -0.225302 0.257577
v 0.017483 -0.230289 0.251592
v 0.015488 -0.212335 0.246605
v 0.025463 -0.205353 0.238625
v 0.044415 -0.207348 0.227653
v 0.038430 -0.210340 0.218676
v 0.016486 -0.211337 0.226656
v 0.030450 -0.223307 0.202717
v 0.015488 -0.228294 0.206706
v 0.034440 -0.245251 0.177780
v 0.004516 -0.229292 0.222666
v 0.011498 -0.242259 0.196732
v 0.028455 -0.261210 0.158829
v -0.013438 -0.261210 0.218676
v 0.011498 -0.256223 0.176783
v -0.005458 -0.265200 0.165811
v 0.016486 -0.265200 0.148854
v 0.043417 -0.274177 0.091999
v -0.007453 -0.272182 0.056090
v -0.021418 -0.271185 -0.031686
v -0.014436 -0.267195 0.123917
v -0.030395 -0.272182 0.032151
v -0.029398 -0.266198 0.153841
v -0.026405 -0.268193 0.074045
v -0.042365 -0.266198 0.081027
v -0.033387 -0.270187 0.188752
v -0.041367 -0.264203 0.106961
v -0.049347 -0.263205 0.081027
v -0.046354 -0.273180 0.196732
v -0.057326 -0.281159 0.217679
v -0.051342 -0.263205 0.144864
v -0.053336 -0.267195 0.176783
v -0.065306 -0.276172 0.209699
v -0.081265 -0.284152 0.227653
v -0.062314 -0.265200 0.173790
v -0.070293 -0.273180 0.196732
v -0.087250 -0.282157 0.224661
v -0.095230 -0.275175 0.207704
v -0.078273 -0.275175 0.210697
v -0.074283 -0.267195 0.183765
v -0.080268 -0.268193 0.184763
v -0.086253 -0.265200 0.181770
v -0.090242 -0.258218 0.152844
v -0.083260 -0.262208 0.152844
v -0.074283 -0.262208 0.161821
v -0.078273 -0.259215 0.153841
v -0.072288 -0.263205 0.156834
v -0.073286 -0.259215 0.142869
v -0.064309 -0.263205 0.160823
v -0.071291 -0.263205 0.096986
v -0.061316 -0.261210 0.144864
v -0.059321 -0.264203 0.103968
v -0.066303 -0.262208 0.084019
v -0.056329 -0.271185 0.039134
v -0.051342 -0.271185 -0.049640
v -0.061316 -0.264203 0.068060
v -0.068298 -0.270187 0.041128
v -0.071291 -0.271185 -0.047645
v -0.070293 -0.265200 0.067062
v -0.075281 -0.265200 0.055093
v -0.073286 -0.260213 0.087012
v -0.079270 -0.272182 0.007215
v -0.084258 -0.269190 0.038136
v -0.077276 -0.260213 0.102971
v -0.078273 -0.264203 0.072050
v -0.084258 -0.262208 0.100976
v -0.094232 -0.271185 0.026167
v -0.088248 -0.258218 0.104966
v -0.086253 -0.262208 0.070055
v -0.092237 -0.262208 0.076039
v -0.096227 -0.259215 0.119928
v -0.103209 -0.255226 0.151846
v -0.101215 -0.262208 0.069057
v -0.198965 0.149742 -0.078567
v -0.163057 0.168694 -0.152379
v -0.168044 0.204603 -0.072582
v -0.111189 0.198618 -0.135422
v -0.145103 0.192633 -0.009742
v -0.153082 0.202608 0.066065
v -0.103209 0.174679 -0.093529
v -0.143108 0.164704 -0.004755
v -0.119169 0.130791 -0.077569
v -0.149093 0.126801 -0.092531
v -0.149093 0.140765 -0.136419
v -0.105204 0.148745 -0.111483
v -0.047352 0.159717 -0.101508
v -0.030395 0.125804 -0.164348
v -0.008451 0.145753 -0.152379
v -0.158070 0.220562 0.068060
v -0.138121 0.234527 0.123917
v -0.128146 0.224552 0.089006
v -0.134131 0.210588 0.141872
v -0.123159 0.190638 0.101973
v -0.127148 0.155727 0.079032
v -0.112187 0.151737 0.072050
v -0.101215 0.166699 0.116935
v -0.096227 0.145753 0.097983
v -0.103209 0.158720 0.144864
v -0.105204 0.104857 0.156834
v -0.101215 0.108847 0.085017
v -0.105204 0.079921 0.077037
v -0.108197 0.138771 0.142869
v -0.084258 0.104857 0.114940
v -0.086253 0.094882 0.145861
v -0.085255 0.064959 0.158829
v -0.065306 0.068948 0.107958
v -0.052339 0.043015 0.128905
v -0.042365 0.013091 0.133892
v -0.067301 0.004114 0.158829
v -0.039372 0.014088 0.108956
v -0.070293 -0.004863 0.086014
v -0.077276 0.025060 0.080029
v -0.113184 0.016083 0.090004
v -0.096227 0.171687 -0.189284
v -0.048349 0.152735 -0.211229
v -0.036380 0.200613 -0.196267
v 0.028455 0.142760 -0.201254
v 0.025463 0.137773 -0.171330
v 0.027457 0.160715 -0.227188
v -0.002466 0.194628 -0.226191
v 0.046409 0.191636 -0.226191
v 0.068353 0.165702 -0.226191
v 0.024465 0.117824 -0.179310
v 0.044415 0.105854 -0.190282
v 0.076333 0.101865 -0.208236
v 0.134186 0.155727 -0.201254
v 0.131193 0.078923 -0.199259
v 0.066358 0.214577 -0.223198
v 0.156130 0.099870 -0.181305
v 0.157127 0.074933 -0.191280
v 0.200018 0.075931 -0.143401
v 0.152140 0.189641 -0.178312
v 0.199021 0.218567 -0.133427
v 0.232934 0.208593 -0.112480
v 0.115234 0.205600 -0.205244
v 0.126206 0.231534 -0.159361
v 0.097280 0.259463 -0.132429
v 0.085310 0.241509 -0.192277
v 0.031447 0.250486 -0.182302
v 0.035437 0.250486 -0.112480
v 0.004516 0.239514 -0.151381
v -0.006456 0.149742 -0.086546
v 0.005514 0.239514 -0.181305
v 0.021473 0.228542 -0.219208
v -0.005458 0.184654 -0.127442
v -0.005458 0.222557 -0.201254
v -0.022415 0.213580 -0.159361
v -0.061316 0.214577 -0.133427
v -0.055331 0.196623 -0.095523
v -0.168044 -0.279165 0.204712
v -0.168044 -0.269190 0.190747
v -0.163057 -0.285149 0.217679
v -0.160065 -0.279165 0.206706
v -0.164054 -0.267195 0.175785
v -0.142110 -0.285149 0.219674
v -0.158070 -0.266198 0.189750
v -0.151087 -0.271185 0.194737
v -0.128146 -0.286147 0.224661
v -0.144105 -0.264203 0.187755
v -0.136126 -0.277170 0.206706
v -0.116176 -0.285149 0.226656
v -0.129144 -0.268193 0.200722
v -0.123159 -0.277170 0.212691
v -0.110192 -0.278167 0.214686
v -0.167047 -0.163459 0.159826
v -0.153082 -0.118574 0.154839
v -0.152085 -0.127551 0.146859
v -0.149093 -0.098625 0.143867
v -0.148095 -0.144508 0.170798
v -0.156075 -0.159470 0.144864
v -0.141113 -0.163459 0.158829
v -0.152085 -0.170442 0.163816
v -0.153082 -0.175429 0.174788
v -0.150090 -0.185403 0.165811
v -0.156075 -0.167449 0.154839
v -0.162060 -0.181414 0.156834
v -0.151087 -0.186401 0.145862
v -0.146100 -0.172436 0.147856
v -0.148095 -0.176426 0.137882
v -0.141113 -0.178421 0.165811
v -0.116176 -0.161464 0.136885
v -0.142110 -0.151490 0.140874
v -0.125154 -0.113586 0.134889
v -0.120166 -0.147500 0.125912
v -0.106202 -0.164457 0.118930
v -0.141113 0.070943 0.086014
v -0.148095 0.047004 0.116935
v -0.141113 0.030048 0.129902
v -0.109194 0.019076 0.161821
v -0.109194 -0.013841 0.100976
v -0.091240 -0.040772 0.112945
v -0.104207 -0.004863 0.160823
v -0.122161 -0.011846 0.132895
v -0.116176 -0.013841 0.083022
v -0.115179 -0.061719 0.094991
v -0.148095 -0.045759 0.095989
v -0.136126 -0.031795 0.134889
v -0.083260 -0.026808 0.154839
v -0.049347 -0.061719 0.161821
v -0.069296 -0.012843 0.197729
v -0.095230 0.006109 0.213689
v -0.118171 -0.015835 0.214686
v -0.112187 -0.034787 0.226656
v -0.122161 -0.054736 0.149851
v -0.158070 -0.192386 0.152844
v -0.147098 -0.195378 0.154839
v -0.140115 -0.185403 0.157831
v -0.142110 -0.183409 0.146859
v -0.154080 -0.218320 -0.107493
v -0.142110 -0.216325 -0.083554
v -0.124156 -0.188396 -0.150384
v -0.120166 -0.241261 -0.071584
v -0.138121 -0.184406 -0.121457
v -0.138121 -0.180416 -0.101508
v -0.124156 -0.179419 -0.082556
v -0.144105 -0.174432 -0.110485
v -0.121164 -0.268193 -0.070587
v -0.088248 -0.272182 -0.027696
v -0.102212 -0.269190 -0.074577
v -0.087250 -0.270187 -0.089539
v -0.112187 -0.191388 -0.075574
v -0.082263 -0.265200 -0.086546
v -0.071291 -0.265200 -0.110485
v -0.091240 -0.223307 -0.078567
v -0.071291 -0.238269 -0.096521
v -0.072288 -0.246249 -0.130434
v -0.042365 -0.203358 -0.126445
v -0.047352 -0.202360 -0.094526
v -0.080268 -0.195378 -0.070587
v -0.064309 -0.171439 -0.069589
v -0.099220 -0.175429 -0.070587
v -0.082263 -0.169444 -0.060612
v -0.068298 -0.139520 -0.062607
v -0.120166 -0.174432 -0.065600
v -0.135128 -0.170442 -0.073579
v -0.104207 -0.151490 -0.055625
v -0.089245 -0.112589 -0.057620
v -0.076278 -0.108599 -0.050638
v -0.091240 -0.136528 -0.059615
v -0.099220 -0.093637 -0.066597
v -0.143108 -0.155480 -0.085549
v -0.123159 -0.122564 -0.055625
v -0.128146 -0.088650 -0.082556
v -0.108197 -0.076681 -0.110485
v -0.138121 -0.091642 -0.112480
v -0.145103 -0.116579 -0.089539
v -0.111189 -0.095632 -0.149386
v -0.149093 -0.128548 -0.117467
v -0.124156 -0.104609 -0.157366
v -0.118171 -0.124559 -0.157366
v -0.140115 -0.114584 -0.137417
v -0.147098 -0.157475 -0.129437
v -0.127148 -0.145505 -0.159361
v -0.142110 -0.169444 -0.138414
v -0.120166 -0.161465 -0.161356
v -0.093235 -0.102615 -0.168338
v -0.101215 -0.155480 -0.168338
v -0.101215 -0.169444 -0.171330
v -0.098222 -0.195378 -0.166343
v -0.063311 -0.173434 -0.169335
v -0.092237 -0.242259 -0.148389
v -0.062314 -0.200365 -0.158363
v -0.079270 -0.265200 -0.136419
v -0.095230 -0.272182 -0.123452
v -0.157072 -0.148498 0.183765
v -0.139118 -0.113586 0.177780
v -0.134131 -0.131541 0.191745
v -0.125154 -0.150492 0.219674
v -0.122161 -0.110594 0.194737
v -0.105204 -0.141515 0.198727
v -0.118171 -0.084660 0.184763
v -0.102212 -0.121566 0.170798
v -0.091240 -0.122564 0.193740
v -0.077276 -0.153485 0.196732
v -0.104207 -0.133536 0.167806
v -0.138121 -0.117576 0.158829
v -0.139118 -0.117576 0.143867
v -0.111189 -0.125556 0.137882
v -0.104207 -0.291134 -0.226190
v -0.040369 -0.293129 -0.239157
v -0.040369 -0.287144 -0.236165
v -0.110192 -0.285149 -0.218211
v -0.060319 -0.280162 -0.211229
v -0.053336 -0.274177 -0.171330
v -0.090242 -0.272182 -0.139412
v -0.070293 -0.272182 -0.134424
v -0.084258 -0.273180 -0.116470
v -0.028400 -0.272182 -0.125447
v -0.157072 -0.065708 0.122920
v -0.115179 -0.055734 0.136884
v -0.132136 -0.074686 0.144864
v -0.136126 -0.044762 0.213689
v -0.103209 -0.042767 0.203714
v -0.073286 -0.035785 0.219673
v -0.099220 -0.077678 0.131897
v -0.110192 -0.093637 0.134889
v -0.073286 -0.077678 0.117933
v -0.104207 -0.088650 0.158829
v -0.112187 -0.112589 0.149851
v -0.097225 -0.116579 0.140874
v -0.084258 -0.100619 0.160823
v -0.094232 -0.108599 0.102971
v -0.081265 -0.094635 0.182767
v -0.060319 -0.070696 0.195735
v -0.038375 -0.078675 0.191745
v -0.018426 -0.054736 0.185760
v -0.098222 -0.090645 0.101973
v -0.066303 -0.095632 0.071052
v -0.038375 -0.061719 0.095989
v -0.046354 -0.068701 0.069057
v -0.048349 -0.077678 0.083022
v -0.058324 -0.082665 0.081027
v -0.063311 -0.094635 0.099978
v -0.077276 -0.072691 0.144864
v -0.048349 -0.066706 0.182767
v -0.019423 -0.050747 0.168803
v -0.087250 -0.088650 -0.155371
v -0.059321 -0.111592 -0.168338
v -0.078273 -0.135531 -0.164348
v -0.068298 -0.160467 -0.171330
v -0.049347 -0.140518 -0.149386
v -0.050344 -0.185404 -0.149386
v -0.037377 -0.175429 -0.146394
v -0.032390 -0.175429 -0.112480
v -0.036380 -0.150493 -0.122455
v 0.009504 -0.132538 -0.165346
v 0.036435 -0.141515 -0.122455
v 0.104262 -0.130543 -0.146394
v 0.105259 -0.123561 -0.171330
v 0.060374 -0.113587 -0.189284
v 0.110247 -0.109597 -0.192277
v 0.025463 -0.100620 -0.192277
v 0.045412 -0.086655 -0.203249
v 0.008506 -0.075683 -0.190282
v -0.039372 -0.071693 -0.169335
v 0.015488 -0.035785 -0.179310
v -0.041367 -0.062716 -0.178312
v -0.005458 -0.035785 -0.159361
v -0.040369 -0.044762 -0.138414
v 0.011498 -0.025810 -0.140409
v 0.014491 -0.025810 -0.101508
v -0.094232 -0.076681 -0.115473
v -0.035382 -0.043764 -0.119463
v 0.006511 -0.057729 -0.068592
v 0.021473 -0.037780 -0.078567
v -0.085255 -0.076681 -0.084551
v -0.017428 -0.053739 -0.090536
v 0.008506 -0.078675 -0.071584
v -0.057326 -0.077678 -0.070587
v -0.075281 -0.096630 0.130900
v -0.058324 -0.142513 0.130900
v -0.021418 -0.117576 0.093994
v -0.057326 -0.188396 0.162818
v -0.067301 -0.178421 0.140874
v -0.040369 -0.208345 0.148854
v -0.057326 -0.143510 0.100976
v -0.020420 -0.131541 0.087012
v -0.043362 -0.169444 0.110951
v -0.020420 -0.167449 0.098981
v -0.010446 -0.156477 0.082024
v -0.032390 -0.198370 0.127907
v -0.022415 -0.191388 0.101973
v 0.020475 -0.171439 0.095989
v -0.008451 -0.219317 0.120925
v -0.009448 -0.222309 0.153841
v 0.002521 -0.231287 0.124915
v 0.034440 -0.215327 0.165811
v 0.017483 -0.213332 0.103968
v -0.052339 -0.186401 0.179775
v -0.070293 -0.134533 0.207704
v -0.073286 -0.135531 0.173790
v -0.049347 -0.132538 0.162818
v -0.079270 -0.112589 0.183765
v -0.056329 -0.097627 0.186757
v -0.036380 -0.122564 0.193740
v -0.013438 -0.109597 0.170798
v -0.043362 -0.083663 0.165811
v -0.069296 -0.094635 0.148854
v -0.051342 -0.138523 0.154839
v -0.032390 -0.133536 0.178778
v -0.004461 -0.122564 0.175785
v -0.020420 -0.044762 0.131897
v -0.026405 -0.054736 0.152844
v -0.003464 -0.049749 0.102971
v -0.010446 -0.064711 0.169801
v 0.000526 -0.044762 0.143867
v 0.002521 -0.064711 0.135887
v -0.014436 -0.071693 0.104966
v -0.023413 -0.074686 0.075042
v -0.036380 -0.157475 0.165811
v -0.050344 -0.080670 0.179775
v -0.049347 -0.137525 -0.062607
v -0.039372 -0.153485 -0.094526
v -0.047352 -0.173434 -0.082556
v -0.039372 -0.115581 -0.063605
v -0.027402 -0.141515 -0.089539
v 0.025463 -0.138523 -0.100511
v 0.079325 -0.129546 -0.107493
v 0.055387 -0.111592 -0.077569
v 0.040424 -0.095632 -0.070587
v 0.067356 -0.093637 -0.044653
v 0.091295 -0.116579 -0.055625
v 0.093290 -0.080670 -0.030689
v 0.105259 -0.101617 -0.013732
v 0.039427 -0.136528 -0.054628
v 0.031447 -0.081668 -0.069589
v 0.032445 -0.114584 -0.045650
v 0.031447 -0.140518 -0.036673
v 0.071346 -0.075683 -0.025701
v 0.049402 -0.078675 -0.041661
v 0.004516 -0.075683 -0.052633
v 0.020475 -0.074686 -0.060612
v 0.033442 -0.076681 -0.048643
v 0.026460 -0.073688 -0.031686
v 0.039427 -0.024813 -0.044653
v 0.024465 -0.024813 -0.056622
v 0.023468 -0.015836 -0.046648
v 0.026460 -0.008853 -0.067595
v 0.013493 -0.015836 -0.061610
v -0.039372 -0.182411 0.213689
v -0.018426 -0.158472 0.188752
v 0.015488 -0.139520 0.171795
v -0.001469 -0.163459 0.172793
v -0.029398 -0.186401 0.161821
v 0.013493 -0.181414 0.176783
v 0.016486 -0.205353 0.172793
v -0.024410 -0.277170 -0.187290
v 0.004516 -0.272182 -0.127442
v -0.006456 -0.273180 -0.069589
v 0.015488 -0.276172 -0.163351
v 0.008506 -0.272182 -0.050638
v 0.047407 -0.271185 -0.009742
v 0.042419 -0.274177 -0.140409
v 0.006511 -0.282157 -0.214221
v 0.043417 -0.273180 -0.076572
v 0.064364 -0.274177 -0.116470
v 0.059376 -0.282157 -0.204246
v 0.075336 -0.274177 -0.069589
v 0.102267 -0.273180 0.008212
v 0.098277 -0.275175 -0.056622
v 0.123214 -0.274177 -0.031686
v 0.094287 -0.276172 -0.120460
v 0.116231 -0.276172 -0.103503
v 0.144160 -0.274177 -0.046648
v 0.126206 -0.280162 -0.154373
v 0.145158 -0.275175 -0.091534
v 0.169097 -0.275175 -0.044653
v 0.176079 -0.277170 -0.083554
v 0.183061 -0.276172 -0.031686
v 0.148150 -0.283154 -0.182302
v 0.117229 -0.276172 -0.163351
v 0.102267 -0.280162 -0.189284
v 0.139173 -0.279165 -0.187290
v 0.121219 -0.284152 -0.201254
v 0.138176 -0.288142 -0.222201
v 0.187051 -0.288142 -0.198262
v 0.064364 -0.288142 -0.240155
v 0.142165 -0.296121 -0.223198
v 0.203010 -0.304101 -0.192277
v 0.167102 -0.304101 -0.213224
v 0.020475 -0.292132 -0.243147
v 0.069351 -0.298116 -0.241152
v 0.035437 -0.305099 -0.243147
v 0.110247 -0.305099 -0.233173
v 0.130196 -0.312081 -0.256114
v 0.227947 -0.312081 -0.225193
v 0.024465 -0.312081 -0.270079
v 0.207997 -0.318066 -0.248134
v 0.271835 -0.320060 -0.222201
v 0.251886 -0.330035 -0.244145
v 0.020475 -0.318066 -0.284043
v 0.081321 -0.317068 -0.278058
v 0.158125 -0.318066 -0.264094
v 0.036435 -0.328040 -0.296012
v 0.195030 -0.329038 -0.265091
v 0.135183 -0.327043 -0.281051
v 0.204008 -0.343002 -0.270079
v 0.081321 -0.327043 -0.291025
v 0.085310 -0.341007 -0.300002
v 0.147153 -0.341007 -0.287035
v -0.001469 -0.342005 -0.304990
v -0.049347 0.280410 0.055093
v -0.015433 0.258466 0.052100
v -0.032390 0.286394 0.075042
v 0.012496 0.264450 0.037139
v -0.009448 0.290384 0.033149
v 0.011498 0.281407 0.023174
v -0.004461 0.272430 0.006217
v 0.001524 0.241509 -0.004755
v 0.008506 0.241509 -0.042658
v -0.000471 0.279412 -0.035676
v -0.015433 0.306344 -0.025701
v 0.014491 0.294374 0.009210
v -0.000471 0.305346 -0.055625
v -0.026405 0.271432 -0.049640
v 0.010501 0.326293 -0.033681
v 0.016486 0.321305 0.012202
v 0.043417 0.338262 -0.031686
v 0.052394 0.309336 -0.075574
v -0.007453 0.282405 -0.084551
v 0.023468 0.274425 -0.074577
v 0.015488 0.246496 -0.075574
v -0.013438 0.129793 -0.088541
v -0.040369 0.199616 -0.037671
v -0.052339 0.197620 -0.053630
v -0.008451 0.135778 -0.077569
v -0.004461 0.138771 -0.072582
v -0.008451 0.134781 -0.078567
v -0.007453 0.135778 -0.077569
v -0.001469 0.140765 -0.067595
v -0.006456 0.248491 -0.084551
v 0.042419 0.275422 -0.114475
v 0.001524 0.246496 -0.068592
v -0.014436 0.127798 -0.077569
v 0.013493 0.164704 -0.076572
v 0.006511 0.182659 -0.069589
v -0.004461 0.221560 -0.059615
v 0.019478 0.228542 -0.079564
v 0.006511 -0.102614 0.104966
v 0.021473 -0.113586 0.119928
v 0.033442 -0.096630 0.095989
v 0.045412 -0.065708 0.090004
v 0.052394 -0.057729 0.126910
v 0.088303 -0.130543 0.131897
v 0.015488 -0.096630 0.140874
v 0.040424 -0.092640 0.135887
v -0.018426 -0.083663 0.162818
v -0.020420 0.264450 0.024172
v -0.005458 0.230537 0.015194
v 0.021473 0.244501 0.049108
v 0.057381 0.246496 0.029159
v -0.014436 0.092887 -0.097518
v -0.016431 0.105854 -0.130435
v -0.010446 0.131788 -0.077569
v -0.000471 0.040022 -0.072582
v -0.005458 0.143758 -0.125447
v 0.004516 0.155727 -0.133427
v -0.014436 0.070943 -0.118465
v -0.008451 0.004114 -0.079564
v -0.009448 -0.004864 -0.099513
v -0.027402 0.002119 -0.117468
v 0.002521 -0.001871 -0.136419
v -0.011443 -0.013841 -0.117468
v -0.011443 -0.009851 -0.152378
v -0.006456 -0.015836 -0.178312
v 0.007508 0.021070 -0.161356
v 0.006511 -0.066706 -0.203249
v 0.026460 -0.036782 -0.203249
v 0.022470 0.006108 -0.179310
v 0.033442 -0.005861 -0.206241
v 0.048404 -0.045759 -0.203249
v 0.055387 -0.002869 -0.202252
v 0.085310 0.036032 -0.218211
v 0.039427 0.045009 -0.200256
v 0.073340 0.070943 -0.210231
v 0.137178 0.037030 -0.209234
v 0.030450 0.066953 -0.177315
v 0.020475 0.090892 -0.171330
v 0.017483 0.075931 -0.177315
v -0.016431 0.048002 -0.130434
v 0.011498 -0.137525 0.096986
v 0.034440 -0.140518 0.121923
v 0.028455 -0.126553 0.139877
v 0.040424 -0.159470 0.145862
v 0.013493 0.244501 -0.068592
v 0.013493 0.245499 -0.067595
v 0.024465 0.242506 -0.067595
v 0.013493 0.245499 -0.068592
v 0.028455 -0.160467 0.175785
v 0.045412 -0.193383 0.148854
v 0.040424 -0.208345 0.115938
v 0.049402 -0.155480 0.101973
v 0.077331 -0.173434 0.139877
v 0.084313 -0.150493 0.094991
v 0.062369 -0.135531 0.137882
v 0.009504 0.051992 -0.080562
v 0.015488 0.079921 -0.022709
v 0.020475 0.075931 -0.052633
v 0.027457 0.130791 -0.045651
v 0.016486 0.134781 -0.028694
v 0.029453 0.178669 -0.032684
v 0.064364 0.174679 -0.048643
v 0.053391 0.139768 -0.013732
v 0.084313 0.204603 -0.010739
v 0.111244 0.223554 -0.002760
v 0.118226 0.261458 -0.028694
v 0.070348 0.157722 -0.001762
v 0.051397 0.118821 0.014197
v 0.089300 0.159717 0.019184
v 0.095285 0.198618 0.042126
v 0.121219 0.184654 0.056090
v 0.053391 0.219565 0.061078
v 0.117229 0.137773 0.034146
v 0.092292 0.083910 0.026166
v 0.031447 0.115829 -0.002760
v 0.041422 0.059971 0.008212
v 0.053391 0.054984 0.003225
v 0.053391 0.025060 -0.010739
v 0.016486 0.248491 0.023174
v 0.007508 0.199616 0.012202
v 0.010501 0.202608 -0.036673
v 0.036435 0.218567 0.037139
v 0.060374 0.212582 0.032151
v 0.022470 0.214577 0.058085
v -0.007453 0.201610 0.023174
v 0.019478 0.192633 0.052100
v 0.054389 0.192633 -0.038668
v 0.045412 0.237519 -0.082556
v 0.042419 0.225549 -0.084551
v 0.021473 0.147748 0.045118
v 0.029453 0.179666 -0.031686
v 0.103265 0.226547 0.010207
v 0.098277 0.310333 -0.007747
v 0.114236 0.269438 -0.001762
v 0.024465 -0.095632 -0.220206
v 0.022470 -0.120569 -0.212226
v 0.035437 -0.118574 -0.214221
v 0.029453 -0.068701 -0.219208
v 0.072343 -0.178421 -0.215218
v 0.068353 -0.157475 -0.227188
v 0.057381 -0.086655 -0.213224
v 0.095285 -0.157475 -0.220206
v 0.073340 -0.036782 -0.218211
v 0.118226 -0.093637 -0.217213
v 0.088303 0.004114 -0.217213
v 0.147153 0.002119 -0.209234
v 0.099274 -0.037780 -0.223198
v 0.141168 -0.031795 -0.217213
v 0.157127 -0.147500 -0.202251
v 0.171092 -0.033790 -0.202252
v 0.045412 0.280410 -0.091534
v 0.054389 0.256471 -0.090536
v 0.055387 0.252481 -0.088541
v 0.056384 0.252481 -0.090536
v 0.057381 0.252481 -0.091534
v 0.051397 0.268440 -0.086546
v 0.057381 0.251483 -0.089539
v 0.086308 -0.274177 0.097984
v 0.112242 -0.277170 0.068060
v 0.128201 -0.276172 0.020182
v 0.117229 -0.276172 -0.001762
v 0.114236 -0.224304 0.006217
v 0.119224 -0.229292 -0.034678
v 0.106257 -0.214330 0.013200
v 0.121219 -0.218320 -0.053630
v 0.090298 -0.215327 -0.000765
v 0.094287 -0.205353 -0.027696
v 0.110247 -0.197373 -0.045650
v 0.070348 -0.251236 -0.007747
v 0.093290 -0.195378 -0.000765
v 0.097280 -0.196376 -0.022709
v 0.105259 -0.144508 -0.025701
v 0.107254 -0.157475 -0.047645
v 0.108252 -0.138523 -0.000765
v 0.097280 -0.131541 -0.087544
v 0.033442 -0.193383 -0.050638
v 0.033442 -0.259215 -0.049640
v 0.023468 -0.264203 -0.037671
v 0.046409 -0.240264 -0.006749
v 0.092292 -0.201363 0.023174
v 0.103265 -0.116579 0.012202
v 0.089300 -0.246249 0.028161
v 0.102267 -0.244254 0.017190
v 0.044415 0.293377 0.028161
v 0.054389 0.316318 0.037139
v 0.073340 0.261458 0.083022
v 0.091295 0.303351 0.037139
v 0.061371 0.344247 0.000232
v 0.082318 0.332278 -0.030689
v 0.120221 0.290384 -0.049640
v 0.101269 0.288389 -0.096521
v 0.133188 0.267443 -0.075574
v 0.056384 0.250486 -0.089539
v 0.053391 0.247493 -0.087544
v 0.053391 -0.266198 0.141872
v 0.134186 -0.270187 0.114940
v 0.059376 -0.259215 0.153841
v 0.053391 -0.230289 0.188752
v 0.081321 -0.257221 0.151846
v 0.068353 -0.221312 0.200722
v 0.078328 -0.235276 0.181770
v 0.124211 -0.256223 0.151846
v 0.108252 -0.238269 0.185760
v 0.059376 -0.209342 0.234636
v 0.079325 -0.218320 0.246605
v 0.132191 -0.244253 0.223663
v 0.110247 -0.234279 0.214686
v 0.174084 -0.258218 0.184763
v 0.192038 -0.267195 0.212691
v 0.212985 -0.267195 0.184763
v 0.148150 -0.253231 0.168803
v 0.222960 -0.268193 0.158829
v 0.279815 -0.273180 0.126910
v 0.258868 -0.272182 0.120925
v 0.202013 -0.266198 0.143867
v 0.230939 -0.270187 0.117933
v 0.249891 -0.278167 0.104966
v 0.210990 -0.273180 0.118930
v 0.187051 -0.267195 0.122920
v 0.163112 -0.267195 0.120925
v 0.160120 -0.275175 0.121923
v 0.185056 -0.259215 0.080029
v 0.211987 -0.251236 0.068060
v 0.177076 -0.251236 0.064070
v 0.165107 -0.264203 0.056090
v 0.126206 -0.273180 0.061078
v 0.155132 -0.271185 0.036141
v 0.180069 -0.265200 0.023174
v 0.138176 -0.261210 0.057088
v 0.051397 0.011096 -0.039666
v 0.066358 -0.019825 -0.025701
v 0.048404 -0.023815 -0.031686
v 0.049402 -0.065709 -0.030689
v 0.066358 -0.064711 -0.020714
v 0.091295 -0.069698 -0.012734
v 0.113239 -0.069698 -0.005752
v 0.088303 -0.064711 -0.003757
v 0.085310 -0.026808 -0.008744
v 0.109249 -0.060721 0.006217
v 0.107254 -0.025810 0.002227
v 0.122216 -0.073688 0.021179
v 0.148150 -0.091642 0.023174
v 0.110247 -0.050747 0.015194
v 0.155132 -0.075683 0.028161
v 0.098277 -0.020823 -0.010739
v 0.145158 -0.021820 0.017190
v 0.167102 -0.045759 0.024172
v 0.178074 -0.049749 0.014197
v 0.139173 -0.032792 0.022177
v 0.146155 -0.015835 0.002227
v 0.120221 0.046007 0.032151
v 0.133188 0.008103 0.039134
v 0.127204 0.131788 0.040131
v 0.137178 0.007106 -0.009742
v 0.126206 0.050994 0.012202
v 0.091295 0.069946 0.012202
v 0.077331 0.047004 -0.001762
v 0.096282 0.002119 -0.020714
v 0.055387 0.012093 -0.047646
v 0.077331 -0.007856 -0.013732
v 0.066358 -0.213332 0.258574
v 0.081321 -0.229292 0.267552
v 0.107254 -0.239266 0.256579
v 0.123214 -0.244253 0.240620
v 0.131193 -0.262208 0.260569
v 0.166104 -0.261210 0.225658
v 0.214980 -0.279165 0.221668
v 0.154135 -0.265200 0.243612
v 0.164109 -0.276172 0.249597
v 0.187051 -0.284152 0.243612
v 0.171092 -0.284152 0.253587
v 0.174084 -0.290137 0.245607
v 0.207000 -0.293129 0.224661
v 0.151142 -0.285149 0.262564
v 0.133188 -0.278167 0.270544
v 0.182064 -0.300111 0.233638
v 0.175081 -0.295124 0.241618
v 0.148150 -0.292132 0.259572
v 0.136181 -0.285149 0.267552
v 0.112242 -0.271185 0.276529
v 0.146155 -0.297119 0.255582
v 0.115234 -0.283154 0.274534
v 0.115234 -0.279165 0.276529
v 0.118226 -0.294126 0.266554
v 0.139173 -0.302106 0.251592
v 0.176079 -0.310086 0.227653
v 0.141168 -0.311083 0.241618
v 0.152140 -0.319063 0.258574
v 0.092292 -0.277170 0.278524
v 0.090298 -0.265200 0.282513
v 0.081321 -0.254228 0.282513
v 0.087305 -0.248243 0.278524
v 0.417464 -0.335022 -0.015727
v 0.418462 -0.340010 0.034146
v 0.404497 -0.322055 0.006217
v 0.402502 -0.324050 0.041128
v 0.409484 -0.339012 0.072050
v 0.394522 -0.318065 0.027164
v 0.287794 -0.329037 0.214686
v 0.334675 -0.342005 0.190747
v 0.310736 -0.323053 0.189750
v 0.245901 -0.315073 0.213689
v 0.357616 -0.335022 0.158829
v 0.385545 -0.333027 0.114940
v 0.356619 -0.323053 0.141872
v 0.321708 -0.315073 0.158829
v 0.278817 -0.309088 0.159826
v 0.302756 -0.309088 0.134889
v 0.388538 -0.322055 0.082024
v 0.349637 -0.312081 0.107958
v 0.317718 -0.309088 0.114940
v 0.336670 -0.309088 0.086014
v 0.382553 -0.316071 0.059083
v 0.367591 -0.310086 0.037139
v 0.349637 -0.309088 0.052100
v 0.354624 -0.309088 0.032151
v 0.390532 -0.311083 0.033149
v 0.405494 -0.314076 0.029159
v 0.385545 -0.307094 0.027164
v 0.068353 -0.167449 -0.198262
v 0.115234 -0.160467 -0.197264
v 0.153138 -0.105607 -0.178312
v 0.135183 -0.216325 -0.216216
v 0.161117 -0.154482 -0.177315
v 0.188048 -0.136528 -0.150384
v 0.187051 -0.097627 -0.148389
v 0.099274 -0.257221 -0.238160
v 0.094287 -0.250238 -0.252124
v 0.138176 -0.261210 -0.244145
v 0.095285 -0.240264 -0.262099
v 0.140170 -0.250238 -0.267086
v 0.183061 -0.230289 -0.208236
v 0.188048 -0.256223 -0.236165
v 0.127204 -0.166452 -0.219208
v 0.195030 -0.233282 -0.241152
v 0.147153 -0.168447 -0.215218
v 0.188048 -0.183409 -0.204246
v 0.215977 -0.237271 -0.239157
v 0.207000 -0.256223 -0.225193
v 0.261860 -0.254228 -0.188287
v 0.270838 -0.241261 -0.187290
v 0.310736 -0.242259 -0.106495
v 0.239916 -0.252233 -0.187290
v 0.285799 -0.258218 -0.101508
v 0.290787 -0.242259 -0.065600
v 0.308741 -0.234279 -0.079564
v 0.238919 -0.165454 -0.053630
v 0.239916 -0.193383 -0.109488
v 0.207997 -0.182411 -0.150384
v 0.217972 -0.115581 -0.091534
v 0.216975 -0.102614 -0.048643
v 0.212985 -0.141515 -0.116470
v 0.123214 -0.128548 -0.125447
v 0.121219 -0.146503 -0.078567
v 0.144160 -0.117576 -0.157366
v 0.166104 -0.117576 -0.127442
v 0.134186 -0.164457 -0.068592
v 0.167102 -0.152487 -0.077569
v 0.192038 -0.129546 -0.095523
v 0.194033 -0.162462 -0.054628
v 0.139173 -0.197373 -0.061610
v 0.212985 -0.120569 -0.070587
v 0.177076 -0.184406 -0.054628
v 0.210990 -0.162462 -0.018719
v 0.193036 -0.198371 -0.053630
v 0.153138 -0.218320 -0.067595
v 0.154135 -0.230289 -0.051635
v 0.190043 -0.227297 -0.030689
v 0.191041 -0.274177 0.002227
v 0.193036 -0.223307 0.004222
v 0.205005 -0.212335 -0.003757
v 0.172089 -0.221312 0.034146
v 0.222960 -0.210340 -0.028694
v 0.155132 -0.211337 0.045118
v 0.139173 -0.222309 0.035144
v 0.236924 -0.208345 0.018187
v 0.133188 -0.208345 0.067062
v 0.230939 -0.191388 0.007215
v 0.193036 -0.207348 0.071052
v 0.219967 -0.191388 0.050106
v 0.202013 -0.128548 0.013200
v 0.196028 -0.088650 -0.006749
v 0.216975 -0.078675 -0.034678
v 0.202013 -0.097627 0.020182
v 0.214980 -0.084660 -0.010739
v 0.232934 -0.071693 -0.036673
v 0.116231 -0.192386 0.048111
v 0.166104 -0.191388 0.072050
v 0.100272 -0.190391 0.022177
v 0.198023 -0.185404 0.064070
v 0.151142 -0.180416 0.067062
v 0.106257 -0.149495 0.018187
v 0.115234 -0.157475 0.040131
v 0.117229 -0.114584 0.011205
v 0.148150 -0.151490 0.057088
v 0.161117 -0.169444 0.081027
v 0.160120 -0.092640 0.041128
v 0.215977 -0.169444 0.058085
v 0.187051 -0.129546 0.055093
v 0.185056 -0.099622 0.043123
v 0.184059 -0.115581 0.061078
v 0.174084 -0.076681 0.014197
v 0.197026 -0.068701 0.035144
v 0.196028 -0.051744 0.023174
v 0.216975 -0.097627 0.018187
v 0.214980 -0.053739 0.007215
v 0.191041 -0.048752 -0.000765
v 0.209993 -0.052741 -0.015727
v 0.231937 -0.081668 0.005220
v 0.234929 -0.122564 0.009210
v 0.121219 0.207595 0.109953
v 0.106257 0.258466 0.101973
v 0.132191 0.297366 0.070055
v 0.146155 0.260460 0.114940
v 0.139173 0.228542 0.112945
v 0.158125 0.252481 0.091999
v 0.173087 0.279412 0.085017
v 0.191041 0.233529 0.051103
v 0.155132 0.292379 0.027164
v 0.135183 0.304349 0.003225
v 0.151142 0.292379 -0.012734
v 0.178074 0.290384 -0.004755
v 0.158125 0.325295 -0.008745
v 0.177076 0.320308 0.007215
v 0.157127 0.176674 0.093994
v 0.169097 0.188643 0.049108
v 0.242909 0.168694 0.063072
v 0.199021 0.196623 0.042126
v 0.255876 0.165702 0.093994
v 0.193036 0.199616 0.120925
v 0.249891 0.190638 0.110951
v 0.276822 0.197620 0.087011
v 0.230939 0.225549 0.109953
v 0.267845 0.231534 0.071052
v 0.222960 0.235524 0.071052
v 0.121219 0.155727 0.023174
v 0.139173 0.255473 -0.016724
v 0.119224 0.203605 0.029159
v 0.134186 0.260460 0.005220
v 0.166104 0.226547 0.023174
v 0.202013 0.239514 0.028161
v 0.175081 0.197620 0.018187
v 0.167102 0.246496 0.008212
v 0.171092 0.166699 0.008212
v 0.220964 -0.332030 0.252590
v 0.233931 -0.323053 0.236630
v 0.214980 -0.309088 0.206706
v 0.214980 -0.301109 0.211694
v 0.220964 -0.296121 0.210697
v 0.200018 0.285397 -0.016724
v 0.170094 0.277417 -0.039666
v 0.215977 0.258466 -0.087544
v 0.248893 0.261458 -0.065600
v 0.263855 0.195626 -0.075574
v 0.229942 0.245499 0.023174
v 0.249891 0.238516 0.046116
v 0.234929 0.269438 0.018187
v 0.268843 0.250486 -0.007747
v 0.273830 0.262455 -0.022709
v 0.282807 0.226547 0.021179
v 0.279815 0.215575 -0.040663
v 0.285799 0.188643 -0.002760
v 0.248893 0.158720 0.009210
v 0.238919 0.167697 -0.043656
v 0.214980 0.167697 0.024172
v 0.235926 0.137773 -0.052633
v 0.216975 0.088898 -0.007747
v 0.239916 0.109844 -0.076572
v 0.230939 0.067951 -0.032684
v 0.229942 0.078923 -0.110485
v 0.224955 0.136776 -0.113478
v 0.165107 0.144755 0.031154
v 0.175081 0.114831 0.037139
v 0.140170 0.102862 0.043123
v 0.167102 0.077925 0.035144
v 0.138176 0.078923 0.032151
v 0.166104 0.008103 0.044121
v 0.179071 0.054984 0.036141
v 0.155132 -0.003866 0.033149
v 0.174084 -0.013841 0.030156
v 0.194033 0.009101 0.025169
v 0.203010 -0.015835 0.018187
v 0.224955 0.033040 -0.013732
v 0.245901 0.064959 -0.051635
v 0.207000 -0.006858 0.005220
v 0.237921 -0.010848 -0.015727
v 0.225952 -0.053739 -0.008744
v 0.161117 0.034037 -0.197264
v 0.227947 0.002119 -0.137417
v 0.218970 0.072938 -0.138414
v 0.222960 0.035035 -0.140409
v 0.190043 -0.125556 -0.177315
v 0.211987 -0.033790 -0.165346
v 0.240914 -0.036782 -0.115473
v 0.235926 0.034037 -0.114475
v 0.242909 -0.004864 -0.062607
v 0.242909 -0.043764 -0.064602
v 0.227947 -0.041770 -0.028694
v 0.248893 0.032042 -0.076572
v 0.183061 -0.279165 -0.115473
v 0.198023 -0.277170 -0.057620
v 0.212985 -0.275175 0.004222
v 0.222960 -0.277170 -0.040663
v 0.231937 -0.275175 0.013200
v 0.246898 -0.276172 -0.000765
v 0.266847 -0.279165 0.041128
v 0.263855 -0.279165 -0.018719
v 0.218970 -0.278167 -0.083554
v 0.289789 -0.280162 0.010207
v 0.208995 -0.282157 -0.135422
v 0.248893 -0.281159 -0.079564
v 0.284802 -0.281159 -0.030689
v 0.254878 -0.281159 -0.092531
v 0.236924 -0.284152 -0.149386
v 0.276822 -0.282157 -0.075574
v 0.260863 -0.288142 -0.149386
v 0.266847 -0.280162 -0.108490
v 0.273830 -0.278167 -0.081559
v 0.294777 -0.284152 -0.058617
v 0.298766 -0.285149 -0.092531
v 0.288792 -0.282157 -0.104501
v 0.307744 -0.290137 -0.111483
v 0.304751 -0.283154 -0.023706
v 0.312731 -0.285149 -0.046648
v 0.315723 -0.285149 -0.078567
v 0.335672 -0.284152 0.016192
v 0.337667 -0.288142 -0.050638
v 0.348639 -0.292132 -0.061610
v 0.364598 -0.288142 -0.007747
v 0.312731 -0.282157 0.036141
v 0.286797 -0.277170 0.086014
v 0.347642 -0.278167 0.063073
v 0.275825 -0.274177 0.027164
v 0.363601 -0.280162 0.058085
v 0.326695 -0.274177 0.087012
v 0.325698 -0.261210 0.110951
v 0.282807 -0.268193 0.110951
v 0.263855 -0.268193 0.091999
v 0.251886 -0.257221 0.075042
v 0.256873 -0.257221 0.044121
v 0.245901 -0.238269 0.055093
v 0.234929 -0.223307 0.074045
v 0.231937 -0.221312 0.089006
v 0.253881 -0.246248 0.116935
v 0.229942 -0.204355 0.099978
v 0.232934 -0.193383 0.113943
v 0.237921 -0.178421 0.125912
v 0.258868 -0.216325 0.136885
v 0.244904 -0.170442 0.135887
v 0.274827 -0.245251 0.129902
v 0.307744 -0.245251 0.128905
v 0.264853 -0.178421 0.145862
v 0.254878 -0.158472 0.140874
v 0.293779 -0.213332 0.143867
v 0.269840 -0.167449 0.150849
v 0.258868 -0.169444 0.146859
v 0.261860 -0.155480 0.141872
v 0.258868 -0.158472 0.144864
v 0.265850 -0.147500 0.144864
v 0.273830 -0.210340 0.153841
v 0.253881 -0.213332 0.147856
v 0.282807 -0.159470 0.152844
v 0.285799 -0.253231 0.140874
v 0.248893 -0.246248 0.130900
v 0.308741 -0.274177 0.124915
v 0.318715 -0.249241 0.135887
v 0.306746 -0.173434 0.148854
v 0.301759 -0.196375 0.153841
v 0.322705 -0.196375 0.143867
v 0.332680 -0.207348 0.135887
v 0.331683 -0.221312 0.137882
v 0.345647 -0.218320 0.127907
v 0.352629 -0.222309 0.124915
v 0.348639 -0.251236 0.106961
v 0.357616 -0.242259 0.115938
v 0.360609 -0.221312 0.116935
v 0.366594 -0.234279 0.102971
v 0.372578 -0.264203 0.072050
v 0.373576 -0.249241 0.089006
v 0.367591 -0.262208 0.092996
v 0.340660 -0.275175 0.108956
v 0.360609 -0.280162 0.081027
v 0.368588 -0.283154 0.056090
v 0.369586 -0.286147 0.048111
v 0.369586 -0.290137 0.009210
v 0.361606 -0.290137 0.070055
v 0.361606 -0.297119 0.047113
v 0.367591 -0.292132 -0.005752
v 0.357616 -0.297119 -0.041661
v 0.360609 -0.299114 0.015194
v 0.352629 -0.302106 0.058085
v 0.342655 -0.303104 0.078034
v 0.356619 -0.307094 -0.013732
v 0.369586 -0.309088 0.022177
v 0.388538 -0.314076 -0.028694
v 0.353626 -0.306096 -0.034678
v 0.335672 -0.305099 -0.080561
v 0.364598 -0.312081 -0.087544
v 0.399510 -0.324050 -0.058617
v 0.339662 -0.298116 -0.077569
v 0.304751 -0.304101 -0.116470
v 0.328690 -0.311083 -0.148389
v 0.253881 -0.304101 -0.159361
v 0.298766 -0.304101 -0.135422
v 0.241911 -0.304101 -0.181305
v 0.283805 -0.311083 -0.192277
v 0.311733 -0.316071 -0.187290
v 0.320711 -0.325048 -0.196267
v 0.345647 -0.320060 -0.160358
v 0.368588 -0.316071 -0.103503
v 0.380558 -0.325048 -0.113478
v 0.357616 -0.335022 -0.166343
v 0.406492 -0.343002 -0.086546
v 0.382553 -0.342005 -0.136419
v 0.290787 -0.332030 -0.225193
v 0.171092 -0.127551 -0.192277
v 0.203010 -0.179419 -0.189284
v 0.211987 -0.152487 -0.162353
v 0.245901 -0.229292 -0.201254
v 0.225952 -0.141515 -0.135422
v 0.277820 -0.230289 -0.151381
v 0.238919 -0.130543 -0.109488
v 0.257871 -0.163459 -0.099513
v 0.297769 -0.228294 -0.099513
v 0.245901 -0.114584 -0.070587
v 0.257871 -0.131541 -0.053630
v 0.262858 -0.177424 -0.061610
v 0.181066 -0.254228 0.040131
v 0.209993 -0.251236 0.037139
v 0.229942 -0.261210 0.049108
v 0.209993 -0.262208 0.017190
v 0.225952 -0.264203 0.028161
v 0.246898 -0.272182 0.081027
v 0.234929 -0.244254 0.077037
v 0.235926 -0.252233 0.099978
v 0.231937 -0.216325 0.118930
v 0.218970 -0.282157 0.226656
v 0.217972 -0.286147 0.220671
v 0.243906 -0.287144 0.200722
v 0.255876 -0.281159 0.197729
v 0.255876 -0.275175 0.183765
v 0.253881 -0.294127 0.189750
v 0.247896 -0.297119 0.187755
v 0.271835 -0.286147 0.178778
v 0.243906 -0.309088 0.186757
v 0.268843 -0.297119 0.171795
v 0.293779 -0.297119 0.149851
v 0.272832 -0.279165 0.178778
v 0.282807 -0.283154 0.168803
v 0.295774 -0.277170 0.175785
v 0.273830 -0.277170 0.188752
v 0.292781 -0.276172 0.157831
v 0.295774 -0.285149 0.154839
v 0.302756 -0.284152 0.157831
v 0.317718 -0.275175 0.156834
v 0.314726 -0.284152 0.136885
v 0.336670 -0.284152 0.115938
v 0.308741 -0.275175 0.142869
v 0.334675 -0.277170 0.119928
v 0.360609 -0.278167 0.116935
v 0.336670 -0.278167 0.126910
v 0.315723 -0.278167 0.139877
v 0.241911 -0.272182 0.181770
v 0.222960 -0.271185 0.197729
v 0.259865 -0.149495 0.142869
v 0.303754 -0.302106 0.135887
v 0.323703 -0.296121 0.116935
v 0.325698 -0.303104 0.106961
v 0.343652 -0.297119 0.087012
v 0.329688 -0.299114 0.105963
v 0.348639 -0.291134 0.091999
v 0.352629 -0.285149 0.089006
v 0.353626 -0.282157 0.097984
v 0.378563 -0.281159 0.085017
v 0.352629 -0.275175 0.098981
v 0.357616 -0.278167 0.089006
v -0.409366 -0.344247 -0.090880
v -0.410525 -0.344247 -0.086899
v -0.407983 -0.344247 -0.095271
v -0.389884 -0.344247 -0.136774
v -0.395398 -0.344247 -0.126512
v -0.377038 -0.344247 -0.154836
v -0.367536 -0.344247 -0.168523
v -0.347999 -0.344247 -0.189688
v -0.340564 -0.344247 -0.196595
v -0.121321 -0.344247 -0.294265
v -0.129086 -0.344247 -0.293078
v -0.065207 -0.344247 -0.302007
v -0.051491 -0.344247 -0.303118
v -0.007875 -0.344247 -0.305630
v -0.000638 -0.344247 -0.305737
v 0.081265 -0.344247 0.300605
v 0.082716 -0.344247 0.300288
v 0.080330 -0.344247 0.300699
v 0.020135 -0.344247 0.305737
v 0.003497 -0.344247 0.305651
v -0.045859 -0.344247 0.303060
v -0.114008 -0.344247 0.287977
v -0.177495 -0.344247 0.270821
v -0.095981 -0.344247 0.292486
v -0.055067 -0.344247 0.301661
v -0.396250 -0.344247 0.114353
v -0.391393 -0.344247 0.121711
v -0.400084 -0.344247 0.106332
v -0.422296 -0.344247 -0.000895
v -0.421010 -0.344247 0.025550
v -0.422296 -0.344247 -0.010799
v -0.420535 -0.344247 -0.044310
v -0.325563 -0.344247 -0.208316
v -0.303650 -0.344247 -0.223850
v -0.280482 -0.344247 -0.237952
v -0.257321 -0.344247 -0.250127
v -0.215463 -0.344247 -0.267377
v -0.269534 -0.344247 -0.244394
v -0.197374 -0.344247 -0.273368
v -0.138363 -0.344247 -0.290715
v 0.044538 -0.344247 -0.304116
v 0.076338 -0.344247 -0.302245
v 0.008062 -0.344247 -0.305737
v 0.090494 -0.344247 -0.300650
v 0.278379 -0.344247 0.233517
v 0.300381 -0.344247 0.217309
v 0.257616 -0.344247 0.244445
v 0.147558 -0.344247 -0.288250
v 0.199117 -0.344247 -0.272124
v 0.138945 -0.344247 -0.290491
v 0.272865 -0.344247 -0.242114
v 0.251886 -0.344247 -0.251251
v 0.208604 -0.344247 -0.268834
v 0.285643 -0.344247 -0.235481
v 0.341446 -0.344247 -0.193195
v 0.351467 -0.344247 -0.182332
v 0.321449 -0.344247 -0.211774
v 0.310720 -0.344247 -0.220049
v 0.336917 -0.344247 0.189480
v 0.342829 -0.344247 0.182797
v 0.331451 -0.344247 0.194812
v 0.366329 -0.344247 0.155241
v 0.385059 -0.344247 -0.133649
v 0.406103 -0.344247 -0.088803
v 0.381102 -0.344247 -0.140376
v 0.362997 -0.344247 -0.166343
v 0.407737 -0.344247 -0.084368
v 0.411472 -0.344247 -0.073267
v 0.416952 -0.344247 -0.054945
v 0.418303 -0.344247 -0.048432
v 0.422296 -0.344247 -0.015727
v 0.406576 -0.344247 0.084555
v 0.392090 -0.344247 0.114940
v 0.412475 -0.344247 0.068684
v 0.379374 -0.344247 0.135697
v 0.418136 -0.344247 0.043599
v 0.421110 -0.344247 0.027525
v 0.422296 -0.344247 -0.004745
v 0.204340 -0.344247 -0.270494
v -0.344813 -0.344247 0.177809
v -0.351804 -0.344247 0.171367
v -0.336786 -0.344247 0.184071
v -0.302326 -0.344247 0.209161
v -0.283627 -0.344247 0.221136
v -0.371325 -0.344247 0.150400
v 0.216078 -0.344247 0.263178
v 0.200864 -0.344247 0.268105
v 0.143163 -0.344247 0.285663
v -0.420439 -0.344247 -0.044958
v -0.419810 -0.344247 0.035964
v -0.415198 -0.344247 0.058606
v -0.410985 -0.344247 0.073661
v -0.250503 -0.344247 0.240215
v -0.241310 -0.344247 0.244346
v -0.178601 -0.344247 0.270442
vn -0.0000 -1.0000 -0.0000
vn -0.0000 -1.0000 0.0001
vn -0.0000 -1.0000 -0.0001
vn -0.0493 0.7128 0.6996
vn -0.0786 0.7271 0.6820
vn -0.0873 0.8073 0.5837
vn -0.1513 0.7438 0.6511
vn -0.1699 0.7995 0.5762
vn -0.1007 0.9345 0.3415
vn -0.1051 0.9409 0.3220
vn -0.3764 -0.0525 0.9250
vn -0.3797 -0.0595 0.9232
vn -0.0000 -0.9806 0.1961
vn -0.1648 0.7494 0.6413
vn 0.0960 0.8381 0.5369
vn -0.0103 0.8660 0.5000
vn -0.2654 0.7740 0.5749
vn -0.1539 0.8547 0.4957
vn -0.1106 0.8684 0.4834
vn -0.1735 0.7518 0.6361
vn -0.1705 0.7534 0.6351
vn -0.0704 0.6693 0.7397
vn -0.0447 0.8821 0.4690
vn -0.1130 0.8849 0.4519
vn -0.4578 0.7271 0.5117
vn -0.5368 0.7052 0.4631
vn 0.3068 0.8128 0.4952
vn 0.1536 0.9075 0.3909
vn -0.1985 0.9105 0.3628
vn -0.4395 0.7402 0.5089
vn -0.2835 0.8101 0.5131
vn -0.3564 0.7610 0.5420
vn -0.3478 0.7711 0.5334
vn -0.3524 0.6266 0.6951
vn -0.4427 -0.5534 0.7056
vn -0.3109 -0.6328 0.7092
vn -0.2812 -0.6748 0.6823
vn -0.3934 -0.2670 0.8797
vn -0.5091 -0.2415 0.8262
vn -0.5233 -0.2685 0.8088
vn -0.4814 -0.2724 0.8331
vn -0.4220 -0.4082 0.8095
vn -0.4453 0.5554 0.7023
vn -0.4056 0.5460 0.7331
vn -0.4018 0.5309 0.7461
vn -0.2646 0.7379 0.6209
vn -0.0855 0.6789 0.7292
vn -0.2979 0.5817 0.7569
vn -0.2894 0.5917 0.7525
vn -0.4757 0.4757 0.7399
vn -0.4905 0.4323 0.7566
vn -0.8384 -0.1255 0.5304
vn -0.8427 -0.2408 0.4815
vn -0.6810 -0.5959 0.4256
vn -0.5752 -0.2751 0.7703
vn -0.7196 -0.4138 0.5577
vn -0.7627 -0.4981 0.4125
vn -0.7828 -0.3666 0.5029
vn -0.7205 -0.4619 0.5173
vn -0.6311 -0.2670 0.7282
vn -0.1697 0.9659 0.1958
vn -0.1827 0.9545 0.2357
vn -0.1729 0.9450 0.2777
vn -0.1471 0.9487 0.2800
vn -0.3233 0.7911 0.5192
vn -0.3211 0.7632 0.5607
vn -0.2259 0.8281 0.5130
vn -0.1449 0.9382 0.3142
vn -0.3710 0.6279 0.6842
vn -0.3195 0.5407 0.7782
vn -0.2597 0.6284 0.7333
vn -0.2223 0.5796 0.7840
vn -0.2308 0.4659 0.8542
vn -0.2309 0.4658 0.8542
vn 0.8807 0.4613 -0.1075
vn 0.8858 0.4640 -0.0000
vn 0.8692 0.4934 0.0319
vn 0.8692 0.4933 0.0319
vn 0.9007 0.3840 0.2032
vn 0.8949 0.2975 0.3327
vn 0.7987 0.4659 0.3808
vn -0.1348 0.4405 0.8876
vn -0.1922 0.4777 0.8572
vn -0.0431 0.5702 0.8204
vn -0.0045 0.5084 0.8611
vn 0.0716 0.5122 0.8558
vn 0.0717 0.5125 0.8557
vn 0.0870 0.6649 0.7419
vn 0.1425 0.6642 0.7338
vn 0.1398 0.7805 0.6093
vn 0.1970 0.7593 0.6202
vn 0.1983 0.7766 0.5980
vn 0.1499 0.9070 0.3936
vn 0.1404 0.9164 0.3748
vn 0.1174 0.9257 0.3596
vn 0.0988 0.9235 0.3706
vn 0.0911 0.9018 0.4225
vn 0.0250 0.9500 0.3111
vn 0.7050 0.7049 0.0783
vn 0.5774 0.5773 -0.5774
vn -0.7071 -0.0000 0.7071
vn 1.0000 -0.0000 -0.0000
vn 0.6395 -0.6397 -0.4264
vn 0.9487 0.3162 -0.0000
vn -0.2673 0.8018 0.5345
vn 0.3590 0.8615 0.3590
vn -0.0000 0.8480 0.5300
vn -0.2940 -0.8823 -0.3676
vn -0.4987 -0.8550 -0.1425
vn -0.4472 -0.0000 -0.8944
vn -0.1826 -0.9129 -0.3651
vn 0.4262 -0.8997 0.0947
vn -0.4880 0.7807 0.3903
vn -0.5774 0.5773 0.5773
vn -0.0000 1.0000 -0.0000
vn -0.5773 -0.5774 -0.5773
vn -0.9800 0.0891 0.1782
vn 0.0467 -0.3908 0.9193
vn 0.0486 0.9607 0.2732
vn 0.0072 0.9192 0.3936
vn 0.0659 0.8219 0.5658
vn 0.0064 0.9192 0.3937
vn -0.0780 0.3010 0.9504
vn -0.1945 0.1297 0.9723
vn -0.1155 -0.8083 0.5773
vn -0.1290 -0.8014 0.5841
vn -0.0240 0.7231 0.6903
vn -0.0502 0.7119 0.7005
vn -0.2775 0.8650 0.4181
vn -0.1653 0.9024 0.3979
vn -0.1764 0.2646 0.9481
vn -0.1537 0.2306 0.9608
vn -0.0275 0.2198 0.9752
vn -0.1232 0.9858 0.1144
vn 0.8994 -0.4164 0.1332
vn -0.0000 0.2425 0.9701
vn -0.1154 -0.2500 0.9614
vn -0.0447 0.9269 0.3727
vn -0.0445 0.9269 0.3726
vn -0.0504 0.9376 0.3439
vn -0.2177 -0.0331 0.9755
vn -0.8482 -0.5193 -0.1039
vn 0.8768 -0.3038 0.3728
vn -0.2033 -0.0813 0.9757
vn -0.4583 -0.8831 0.1006
vn 0.3036 0.9343 0.1869
vn -0.2284 0.0040 0.9736
vn -0.2314 0.0075 0.9728
vn -0.1245 -0.5454 0.8288
vn -0.2679 -0.4129 0.8705
vn -0.0405 0.8496 0.5259
vn -0.0465 0.8545 0.5174
vn 0.0059 0.8375 0.5464
vn -0.2467 0.8497 0.4660
vn 0.0454 0.8793 0.4741
vn 0.0440 0.8806 0.4718
vn 0.2790 0.8217 0.4969
vn -0.1099 -0.0264 0.9936
vn 0.5742 0.1378 0.8071
vn 0.5039 -0.0000 0.8638
vn 0.9899 -0.0000 -0.1414
vn 0.9901 -0.0268 -0.1376
vn 0.5948 0.1152 -0.7956
vn 0.4660 -0.7322 -0.4967
vn 0.3810 -0.7903 -0.4798
vn 0.6456 0.4919 -0.5841
vn 0.6655 0.4638 -0.5848
vn 0.6994 -0.0687 -0.7114
vn 0.6615 -0.2045 0.7216
vn 0.6740 0.0707 0.7353
vn -0.1865 0.3280 0.9261
vn -0.3148 -0.2120 0.9252
vn -0.1621 0.9229 -0.3492
vn -0.7363 -0.5198 0.4332
vn -0.5741 0.5350 0.6198
vn -0.9462 0.1096 0.3046
vn -0.7881 0.3941 -0.4729
vn -0.9113 0.1302 -0.3906
vn -0.9099 -0.0808 -0.4068
vn -0.0740 0.6111 -0.7881
vn 0.1117 -0.0496 -0.9925
vn 0.5803 0.4292 -0.6921
vn 0.9986 -0.0247 -0.0462
vn 0.3398 0.4426 0.8298
vn 0.0916 -0.7858 0.6117
vn -0.2926 -0.7759 0.5589
vn 0.4867 -0.2895 -0.8242
vn 0.8519 0.3468 -0.3924
vn 0.3543 0.9261 -0.1292
vn 0.7880 0.1117 0.6055
vn -0.6927 0.3493 0.6310
vn -0.6994 0.3075 0.6452
vn -0.7791 0.3732 0.5037
vn 0.5694 0.4046 0.7156
vn -0.8952 -0.4454 -0.0145
vn -0.1660 -0.2270 0.9596
vn -0.0380 -0.9474 -0.3178
vn -0.4024 -0.8960 0.1880
vn -0.1945 -0.5740 0.7954
vn 0.5446 -0.2951 0.7850
vn -0.3827 0.8537 0.3532
vn 0.6177 0.3326 0.7127
vn 0.9400 -0.1443 -0.3092
vn 0.9263 0.3496 -0.1408
vn 0.8820 0.3495 -0.3162
vn -0.9428 0.3285 0.0571
vn -0.5943 0.3178 -0.7388
vn -0.3588 -0.9312 0.0645
vn -0.6537 0.7567 -0.0052
vn -0.3105 -0.7440 0.5917
vn -0.9651 -0.0013 -0.2620
vn 0.0526 -0.0631 -0.9966
vn -0.6177 0.7413 0.2625
vn 0.0297 0.7430 0.6687
vn 0.3650 0.9308 0.0183
vn -0.2558 0.9027 0.3460
vn -0.5569 0.7956 0.2387
vn 0.2622 0.9478 0.1815
vn 0.3752 0.0223 0.9267
vn -0.0397 0.0511 0.9979
vn 0.7842 0.0467 -0.6188
vn 0.9888 -0.0265 0.1468
vn 0.5772 0.7383 0.3490
vn -0.6348 0.7462 0.2005
vn -0.6401 0.7215 0.2640
vn -0.6837 0.6900 0.2374
vn 0.4323 0.8398 0.3284
vn 0.6441 0.7520 0.1399
vn -0.5733 0.8056 0.1499
vn -0.4754 0.8758 -0.0834
vn -0.3431 0.9332 -0.1070
vn -0.3029 0.9520 -0.0433
vn 0.1123 0.9649 -0.2374
vn 0.1264 0.9656 -0.2270
vn 0.0914 0.9744 -0.2055
vn -0.0814 0.9954 -0.0498
vn 0.1513 0.9842 -0.0914
vn 0.0259 0.9995 -0.0156
vn 0.0502 0.9987 -0.0129
vn -0.0451 0.9989 0.0116
vn -0.0213 0.9993 0.0319
vn 0.1000 0.9944 0.0337
vn 0.0620 0.9971 0.0452
vn 0.2074 0.0285 0.9778
vn 0.2268 0.0416 0.9731
vn -0.3944 0.1358 0.9089
vn -0.3443 0.1424 0.9280
vn -0.2844 0.1998 0.9377
vn -0.8535 -0.1438 0.5009
vn 0.1125 0.5843 0.8037
vn 0.1977 0.3592 0.9121
vn 0.2842 0.2829 0.9161
vn 0.0828 0.9945 0.0643
vn 0.0736 0.9948 0.0710
vn 0.0992 0.9949 0.0158
vn -0.0285 0.9959 0.0854
vn 0.0442 0.9990 -0.0054
vn -0.0134 0.9951 -0.0982
vn 0.1461 0.9828 -0.1129
vn -0.0264 0.9716 -0.2350
vn 0.1111 0.9558 -0.2723
vn 0.0764 0.9550 -0.2865
vn 0.2262 0.9392 -0.2582
vn 0.0470 0.9703 -0.2372
vn 0.1104 0.9932 -0.0368
vn 0.4522 0.8913 -0.0330
vn -0.1191 0.9921 0.0397
vn 0.1482 0.9882 0.0395
vn -0.0761 0.9887 0.1293
vn 0.0058 -0.0748 -0.9972
vn 0.9402 0.0891 -0.3288
vn 0.7134 -0.3110 -0.6280
vn 0.3306 -0.9162 -0.2267
vn 0.2638 0.9421 0.2073
vn 0.4558 0.8900 -0.0109
vn 0.2791 0.9576 -0.0711
vn 0.1117 0.9683 -0.2235
vn 0.4853 0.8602 -0.1568
vn 0.4075 0.8776 -0.2525
vn 0.3880 0.8357 -0.3887
vn 0.4174 0.8237 -0.3839
vn 0.5706 0.7098 -0.4131
vn 0.5899 0.7034 -0.3966
vn 0.5223 0.7411 -0.4217
vn 0.5126 0.8459 -0.1474
vn 0.4454 0.8909 -0.0891
vn 0.3728 0.9260 -0.0601
vn -0.1754 0.8929 -0.4146
vn 0.4824 0.7945 -0.3689
vn 0.4806 0.7958 -0.3683
vn 0.4150 0.9097 0.0160
vn 0.6143 0.7679 0.1815
vn 0.1452 0.9562 0.2542
vn 0.2334 0.8825 0.4084
vn 0.3746 0.8319 0.4094
vn 0.2008 0.8669 0.4563
vn 0.0392 0.8322 0.5531
vn 0.2549 0.8335 0.4903
vn 0.1249 0.8286 0.5458
vn 0.2791 0.8918 0.3561
vn 0.4815 0.7610 0.4349
vn 0.4976 0.7595 0.4190
vn 0.1065 0.9321 0.3462
vn -0.2248 0.7466 0.6262
vn -0.7095 0.4699 0.5252
vn 0.1331 0.9072 0.3992
vn 0.2027 0.7675 0.6082
vn -0.1747 0.7819 0.5984
vn -0.2307 0.7567 0.6117
vn -0.1740 0.7574 0.6294
vn -0.1849 0.7396 0.6472
vn 0.0727 0.6061 0.7920
vn 0.5142 0.5678 0.6428
vn -0.0876 0.7420 0.6647
vn -0.0960 0.7521 0.6521
vn -0.0127 0.7529 0.6580
vn -0.1883 0.7003 0.6885
vn -0.2162 0.6971 0.6836
vn -0.3418 0.6033 0.7206
vn -0.5960 0.4411 0.6710
vn -0.3864 0.6400 0.6641
vn -0.5943 0.2311 0.7703
vn -0.6496 0.3077 0.6952
vn -0.4534 0.4112 0.7908
vn -0.4712 0.4342 0.7677
vn -0.2866 0.5868 0.7573
vn -0.7271 -0.6194 0.2962
vn -0.8986 -0.3181 0.3022
vn -0.3130 0.5812 0.7511
vn -0.7408 -0.3212 0.5900
vn -0.8410 -0.3892 0.3760
vn -0.8505 -0.3382 0.4029
vn -0.8700 -0.3777 0.3170
vn -0.8221 -0.5465 0.1598
vn -0.8088 -0.5664 0.1584
vn -0.8135 -0.5747 0.0890
vn -0.8074 -0.5845 0.0799
vn -0.8968 -0.4313 0.0982
vn -0.9543 -0.1404 0.2638
vn -0.5574 0.8249 0.0936
vn -0.8216 -0.5686 -0.0404
vn -0.7752 -0.6316 -0.0144
vn -0.7348 -0.6754 0.0631
vn -0.6291 -0.7771 0.0185
vn -0.9266 0.3725 -0.0512
vn -0.5554 -0.8299 -0.0531
vn -0.8197 -0.5599 -0.1206
vn -0.8320 -0.5547 -0.0000
vn -0.4558 -0.8882 -0.0584
vn -0.7845 -0.5994 -0.1587
vn -0.9036 -0.4268 -0.0363
vn -0.8592 -0.5099 -0.0434
vn -0.8730 -0.4854 -0.0466
vn -0.9470 -0.3212 -0.0055
vn -0.8433 -0.4936 -0.2125
vn -0.9018 -0.3865 -0.1932
vn -0.7685 -0.5206 -0.3719
vn -0.7033 -0.6005 -0.3805
vn -0.0325 0.9980 -0.0542
vn -0.1204 0.9910 -0.0585
vn -0.1027 0.9780 -0.1818
vn -0.0864 0.9738 -0.2105
vn -0.0559 0.9790 -0.1958
vn -0.0524 0.9636 -0.2621
vn -0.0638 0.9521 -0.2992
vn -0.0537 0.8638 -0.5010
vn -0.0729 0.7902 -0.6085
vn -0.1545 0.7021 -0.6951
vn -0.1882 0.7694 -0.6104
vn -0.1807 0.8094 -0.5588
vn -0.2184 0.8177 -0.5327
vn -0.1895 0.8888 -0.4172
vn -0.2197 0.8999 -0.3767
vn -0.1971 0.9316 -0.3054
vn -0.4117 0.8220 -0.3935
vn -0.4955 0.6432 -0.5837
vn -0.4919 0.6493 -0.5800
vn -0.5982 0.5576 -0.5755
vn -0.5612 0.7198 -0.4087
vn -0.6498 0.6498 -0.3945
vn -0.6738 0.6738 -0.3032
vn -0.5707 0.7834 -0.2462
vn -0.4601 0.8803 -0.1156
vn -0.5307 0.8414 -0.1024
vn -0.4785 0.8780 -0.0129
vn -0.6744 0.7383 0.0086
vn -0.6986 0.7154 -0.0135
vn -0.8392 0.5395 -0.0683
vn -0.8261 0.5311 -0.1883
vn -0.8932 0.3971 -0.2111
vn -0.8931 0.3972 -0.2111
vn -0.9111 0.2959 -0.2869
vn -0.8499 0.4007 -0.3424
vn -0.0524 0.4100 -0.9106
vn -0.0140 0.3115 -0.9501
vn -0.0000 0.3162 -0.9487
vn 0.0394 0.4626 -0.8857
vn 0.0394 0.4625 -0.8857
vn 0.0519 0.4673 -0.8826
vn 0.1047 0.3535 -0.9296
vn 0.1818 0.4642 -0.8669
vn -0.9057 0.4213 -0.0476
vn 0.2776 0.3675 -0.8876
vn 0.2769 0.3694 -0.8870
vn 0.3359 0.3772 -0.8630
vn 0.3415 0.4203 -0.8407
vn -0.8918 0.4144 0.1817
vn -0.8317 0.5469 0.0959
vn -0.9257 0.3757 0.0450
vn -0.9285 0.3714 -0.0000
vn -0.8724 0.4235 0.2441
vn -0.8285 0.4871 0.2764
vn 0.4694 0.4447 -0.7628
vn 0.5090 0.5526 -0.6600
vn -0.7514 0.4351 0.4960
vn -0.8332 0.3838 0.3982
vn -0.7208 0.4757 0.5042
vn -0.7207 0.4758 0.5042
vn -0.6750 0.5719 0.4660
vn -0.6780 0.6658 0.3115
vn -0.5181 0.8215 0.2381
vn -0.4896 0.8511 0.1895
vn -0.6563 0.7432 0.1297
vn -0.6613 0.7417 0.1123
vn -0.4064 0.9130 0.0364
vn -0.2931 0.9541 0.0617
vn -0.1979 0.9795 0.0369
vn -0.2060 0.9785 -0.0131
vn -0.2789 0.9598 -0.0323
vn -0.1480 0.9888 -0.0174
vn -0.1562 0.9847 -0.0777
vn -0.2776 0.9524 -0.1261
vn -0.1363 0.9906 -0.0129
vn -0.0648 -0.1794 -0.9816
vn 0.0794 0.6170 -0.7830
vn 0.5534 0.6225 -0.5534
vn -0.1242 0.6052 0.7863
vn -0.0022 0.9999 0.0141
vn -0.0373 0.9992 0.0116
vn -0.1912 0.9803 0.0501
vn -0.2172 0.6029 0.7677
vn -0.4326 -0.2710 0.8599
vn -0.1650 0.9855 0.0399
vn -0.1857 0.9732 0.1353
vn -0.1665 0.9766 0.1364
vn -0.0932 0.9933 0.0689
vn -0.0413 0.9991 -0.0094
vn -0.8823 -0.4034 0.2423
vn -0.8374 -0.5167 0.1782
vn -0.8686 -0.4649 0.1713
vn -0.8590 -0.5004 0.1084
vn -0.8426 -0.4263 0.3290
vn -0.7862 -0.5708 0.2369
vn -0.2574 0.9511 0.1707
vn -0.3150 0.9184 0.2396
vn -0.3442 0.9285 0.1397
vn -0.4141 0.8618 0.2929
vn -0.7942 0.5441 0.2706
vn -0.5229 0.7272 0.4446
vn -0.5041 0.7174 0.4810
vn -0.5557 0.5724 0.6030
vn -0.5557 0.5723 0.6030
vn 0.7332 0.4277 -0.5287
vn 0.7400 0.4316 -0.5159
vn 0.8168 0.3193 -0.4805
vn 0.8139 0.4378 -0.3819
vn -0.4767 0.4674 0.7445
vn -0.5173 0.4772 0.7104
vn -0.5095 0.5602 0.6531
vn -0.4263 0.5202 0.7400
vn 0.8831 0.3631 -0.2971
vn 0.7571 0.6127 -0.2265
vn -0.3403 0.4640 0.8178
vn -0.3702 0.4292 0.8239
vn 0.7614 0.6288 -0.1578
vn 0.6409 0.7641 -0.0728
vn 0.5622 0.8242 -0.0686
vn 0.4245 0.8941 -0.1424
vn 0.2324 0.9707 -0.0616
vn 0.2194 0.9735 -0.0647
vn 0.7567 -0.5763 -0.3086
vn 0.8685 -0.2177 -0.4453
vn 0.8655 0.4105 -0.2869
vn 0.2160 0.9669 -0.1356
vn 0.2537 0.9625 -0.0963
vn 0.3074 0.9270 -0.2150
vn 0.1514 0.9712 -0.1839
vn 0.3645 0.9284 -0.0717
vn 0.2744 0.9615 0.0117
vn 0.3962 0.8430 0.3639
vn 0.1240 0.9922 -0.0146
vn 0.0695 0.9974 -0.0212
vn 0.0916 0.9943 -0.0546
vn 0.0991 0.9937 -0.0519
vn 0.1101 0.9923 -0.0560
vn 0.0648 0.9976 -0.0253
vn -0.0195 0.9924 -0.1217
vn 0.0777 0.9863 -0.1458
vn 0.0378 0.9921 -0.1197
vn 0.6090 0.7885 -0.0863
vn 0.8281 0.5305 -0.1811
vn 0.7071 -0.7071 -0.0000
vn 0.6104 -0.7899 -0.0598
vn 0.9626 -0.2641 -0.0599
vn 0.8694 -0.4939 0.0163
vn 0.0298 0.9986 0.0447
vn 0.2049 0.9786 -0.0196
vn -0.0841 0.9884 -0.1262
vn 0.2280 0.3976 -0.8888
vn 0.1875 -0.0247 -0.9820
vn 0.3416 0.9397 -0.0163
vn 0.5072 0.8583 0.0780
vn 0.4574 0.8816 0.1164
vn 0.3019 0.9518 0.0537
vn 0.1100 -0.6099 0.7848
vn 0.0537 0.9968 0.0597
vn 0.0700 0.9974 0.0175
vn 0.0812 0.9962 0.0311
vn 0.7629 -0.5770 0.2917
vn 0.8575 -0.3063 0.4134
vn 0.8478 -0.1852 0.4970
vn 0.6405 -0.6699 0.3755
vn 0.6863 -0.5751 0.4452
vn 0.5655 -0.7525 0.3375
vn 0.6230 -0.5990 0.5032
vn 0.7140 -0.1322 0.6875
vn 0.6375 -0.6571 0.4021
vn 0.5985 -0.6045 0.5257
vn 0.6428 -0.3650 0.6734
vn 0.6749 -0.2112 0.7070
vn 0.1776 -0.9658 -0.1887
vn 0.4684 -0.4563 0.7566
vn 0.1738 -0.4634 0.8689
vn 0.6882 -0.0246 0.7251
vn 0.6844 -0.0149 0.7290
vn -0.0104 0.9984 0.0555
vn 0.0398 0.9960 0.0797
vn 0.1028 0.9933 0.0530
vn 0.1796 0.9780 0.1063
vn 0.1836 0.9703 0.1573
vn 0.1851 0.9698 0.1592
vn 0.2700 0.8828 0.3843
vn 0.2655 0.8861 0.3798
vn -0.0073 0.9191 0.3939
vn 0.1652 0.9638 -0.2093
vn 0.3246 0.8427 0.4295
vn 0.7182 0.0630 0.6930
vn 0.4276 0.5346 0.7289
vn 0.0380 0.0475 0.9981
vn 0.3679 -0.6833 -0.6307
vn 0.0572 -0.9795 0.1930
vn 0.6493 -0.3822 0.6575
vn 0.5909 -0.4470 0.6715
vn 0.6478 -0.1963 0.7361
vn 0.6976 -0.3520 0.6240
vn 0.7071 -0.1980 0.6788
vn 0.7779 -0.1964 0.5969
vn 0.6559 -0.5505 0.5165
vn 0.7730 -0.2576 0.5797
vn 0.1111 0.9903 0.0833
vn 0.1085 0.9916 0.0711
vn 0.1399 0.9810 0.1345
vn 0.3220 0.9182 0.2308
vn 0.3745 0.9020 0.2147
vn 0.3401 0.9278 0.1533
vn 0.5537 0.7736 0.3082
vn 0.6230 0.6558 0.4263
vn 0.7227 0.4950 0.4824
vn 0.6896 0.4226 0.5881
vn 0.7014 0.3507 0.6205
vn 0.6700 0.2818 0.6868
vn 0.4973 0.5300 0.6869
vn 0.2487 0.5200 0.8172
vn 0.2523 0.5742 0.7789
vn 0.3485 0.5304 0.7728
vn 0.3624 0.6281 0.6886
vn 0.5019 0.5328 0.6813
vn 0.4823 0.6407 0.5975
vn 0.2720 0.8485 0.4539
vn 0.2310 0.9191 0.3191
vn 0.1400 0.9711 0.1934
vn 0.1567 0.9665 0.2032
vn 0.1412 0.9686 0.2048
vn 0.5048 -0.4575 0.7320
vn 0.4255 -0.4796 0.7674
vn 0.4137 -0.6379 0.6495
vn 0.3266 -0.6226 0.7111
vn 0.2630 -0.7999 0.5395
vn 0.1706 -0.7501 0.6390
vn 0.1304 -0.7874 0.6025
vn 0.0954 -0.6735 0.7330
vn -0.4914 -0.7500 0.4428
vn -0.1627 -0.2484 0.9549
vn -0.2070 -0.3786 0.9021
vn -0.3073 -0.0917 0.9472
vn -0.3687 -0.1564 0.9163
vn -0.3746 -0.1991 0.9056
vn -0.2507 -0.2561 0.9336
vn -0.3022 -0.6533 0.6942
vn -0.0757 -0.8198 0.5676
vn -0.0586 -0.7191 0.6925
vn 0.1329 -0.4653 0.8751
vn -0.0855 -0.3847 0.9191
vn -0.1119 -0.3271 0.9383
vn -0.1002 -0.3206 0.9419
vn -0.0758 -0.1516 0.9855
vn -0.3003 -0.0105 0.9538
vn -0.2166 0.1245 0.9683
vn -0.5336 0.1866 0.8249
vn -0.4876 0.2139 0.8464
vn -0.7859 0.4207 0.4533
vn -0.6222 0.6863 0.3765
vn -0.7089 0.7017 0.0720
vn -0.6904 0.7061 -0.1575
vn -0.0841 0.9928 0.0854
vn -0.1705 0.9810 0.0926
vn -0.4157 0.8927 0.1741
vn -0.0238 0.9482 0.3168
vn -0.0808 0.9448 0.3176
vn -0.0406 0.9625 0.2681
vn 0.1693 0.9029 0.3950
vn 0.2357 0.9124 0.3346
vn 0.1110 0.9478 0.2989
vn -0.1516 0.9488 0.2773
vn 0.1586 0.9141 0.3731
vn -0.0455 0.9887 0.1431
vn -0.0819 0.9831 0.1638
vn -0.3877 0.9208 0.0424
vn -0.1961 0.9806 -0.0000
vn -0.3773 0.9231 -0.0741
vn 0.8436 0.5369 -0.0077
vn 0.8463 0.5326 -0.0095
vn -0.0712 0.9973 -0.0178
vn -0.0450 0.9988 -0.0205
vn 0.3607 0.9182 0.1640
vn 0.7099 0.6890 0.1461
vn 0.1422 0.9481 0.2844
vn -0.1246 0.9675 0.2199
vn -0.1151 0.9569 0.2665
vn -0.2940 0.9170 0.2695
vn 0.2672 0.8940 0.3597
vn 0.3885 0.9116 0.1345
vn 0.4913 0.8597 0.1398
vn -0.2846 0.9222 0.2619
vn 0.3431 0.8900 0.3002
vn 0.7184 0.5573 -0.4163
vn -0.3649 0.9303 0.0382
vn 0.7033 0.7078 0.0654
vn -0.0890 0.9431 0.3203
vn 0.4804 0.2625 -0.8369
vn -0.6103 -0.2194 -0.7612
vn -0.9434 0.1502 -0.2957
vn -0.8869 -0.1293 0.4435
vn -0.5869 0.7546 0.2935
vn -0.9664 -0.1542 -0.2056
vn -0.8847 -0.0233 -0.4656
vn -0.2676 -0.9532 -0.1409
vn -0.5201 -0.0263 0.8537
vn -0.3847 0.0434 0.9220
vn 0.0467 -0.9847 0.1680
vn 0.1602 -0.8010 0.5768
vn 0.5179 -0.7570 0.3984
vn 0.2599 -0.0089 -0.9656
vn -0.7250 0.6886 -0.0137
vn 0.6057 0.7918 0.0787
vn 0.2158 0.9736 -0.0745
vn 0.2220 0.9718 -0.0789
vn -0.2556 0.9583 -0.1278
vn 0.3950 0.9029 -0.1693
vn 0.0494 0.9968 -0.0635
vn 0.1407 0.9734 -0.1808
vn 0.0165 0.9839 -0.1778
vn -0.2216 0.9496 -0.2216
vn -0.1195 0.9856 -0.1195
vn 0.6840 0.7282 -0.0441
vn 0.7003 0.7138 -0.0135
vn -0.5159 0.8566 0.0099
vn 0.2462 0.9691 -0.0159
vn -0.2419 0.9633 -0.1165
vn 0.2822 0.9407 -0.1881
vn -0.2413 0.9653 -0.0994
vn -0.1951 0.9727 -0.1256
vn 0.3360 0.9276 -0.1633
vn 0.3589 0.9213 -0.1496
vn -0.0869 0.9770 -0.1946
vn 0.0432 0.9728 -0.2274
vn 0.0807 0.9966 -0.0139
vn 0.0390 0.9992 0.0022
vn -0.0086 0.9999 0.0144
vn -0.0142 0.9998 0.0136
vn 0.1091 0.9885 -0.1045
vn 0.0793 0.9916 -0.1020
vn 0.0892 0.9928 -0.0798
vn 0.2248 0.9743 -0.0159
vn 0.0180 0.9995 -0.0243
vn 0.1317 0.9913 0.0086
vn 0.0821 0.9883 0.1287
vn 0.1764 0.9581 0.2257
vn 0.1127 0.9936 0.0035
vn -0.1071 0.9942 -0.0033
vn -0.3601 0.9257 -0.1163
vn 0.1957 0.9787 -0.0621
vn 0.1942 0.9708 0.1406
vn 0.3925 0.9158 -0.0855
vn 0.3939 0.9190 -0.0161
vn 0.1540 0.9864 -0.0567
vn -0.0048 0.9973 -0.0738
vn 0.1116 0.9884 -0.1032
vn -0.1397 0.9657 -0.2187
vn 0.0788 0.9818 -0.1729
vn 0.0227 0.9865 -0.1624
vn -0.0041 0.9996 0.0292
vn 0.0309 0.9994 0.0166
vn 0.0457 0.9985 -0.0286
vn 0.0629 0.9974 -0.0346
vn 0.0500 0.9987 -0.0117
vn 0.0639 0.9978 -0.0196
vn 0.0538 0.9942 -0.0934
vn 0.1047 0.9899 -0.0959
vn 0.0173 0.9997 -0.0159
vn -0.0083 0.9995 -0.0293
vn 0.0061 0.9995 -0.0302
vn 0.0112 0.9993 -0.0350
vn -0.0000 0.9986 -0.0526
vn -0.0712 0.9975 0.0037
vn 0.0011 0.9998 0.0174
vn -0.0049 0.9967 -0.0807
vn 0.0350 0.9944 -0.0998
vn 0.0505 0.9908 -0.1255
vn -0.0126 0.9805 -0.1960
vn 0.0656 0.9733 -0.2200
vn -0.0519 0.9501 -0.3076
vn -0.0800 0.9877 -0.1342
vn -0.0715 0.9869 -0.1443
vn 0.0121 0.9988 -0.0484
vn 0.0105 0.9987 -0.0491
vn 0.0026 0.9999 -0.0124
vn -0.0116 0.9989 0.0465
vn -0.0872 0.9961 -0.0125
vn 0.0756 0.9969 0.0236
vn 0.5119 -0.2064 -0.8339
vn 0.4676 -0.8714 0.1488
vn 0.5938 -0.7571 0.2722
vn 0.8886 -0.2112 0.4073
vn 0.6698 0.0021 0.7425
vn 0.5213 -0.0506 0.8519
vn 0.4290 -0.3999 0.8099
vn -0.1761 -0.2058 0.9626
vn -0.1722 -0.1636 0.9714
vn -0.0258 -0.0245 0.9994
vn 0.0935 -0.9158 0.3905
vn 0.0609 -0.8982 0.4354
vn -0.0764 -0.3524 0.9327
vn -0.4798 -0.0471 0.8761
vn -0.4092 -0.8448 0.3448
vn -0.4086 -0.8448 0.3455
vn -0.8482 -0.4635 0.2564
vn -0.7868 -0.6052 0.1210
vn -0.8976 -0.0577 -0.4371
vn -0.9020 -0.0414 -0.4297
vn -0.8656 0.2226 -0.4486
vn -0.8064 -0.0393 -0.5901
vn -0.5396 -0.0913 -0.8369
vn -0.2977 -0.3743 -0.8782
vn -0.0982 -0.0177 -0.9950
vn -0.3157 -0.0568 -0.9472
vn -0.0602 0.9817 -0.1806
vn 0.0050 0.9866 -0.1630
vn 0.0115 0.9854 -0.1696
vn -0.3670 0.1691 -0.9147
vn -0.8709 0.0234 -0.4910
vn -0.8718 0.2298 -0.4326
vn -0.8503 -0.3932 0.3497
vn -0.6437 0.7645 -0.0340
vn -0.6484 0.7603 -0.0395
vn -0.5964 0.4034 -0.6940
vn -0.9646 0.0056 0.2636
vn -0.1848 0.8000 -0.5709
vn 0.0415 0.9812 -0.1885
vn -0.0424 0.9825 -0.1814
vn -0.0155 0.9768 -0.2134
vn -0.3619 0.5610 -0.7445
vn -0.3857 0.5510 -0.7400
vn -0.3910 0.5060 -0.7688
vn -0.1262 0.9500 -0.2857
vn -0.0851 0.9364 -0.3405
vn 0.0036 0.9790 -0.2038
vn -0.0542 0.9697 -0.2384
vn 0.0905 0.9720 -0.2168
vn -0.4616 0.8682 -0.1824
vn -0.8903 0.3437 -0.2986
vn -0.5785 0.7133 -0.3958
vn -0.5885 0.7811 -0.2087
vn -0.1210 0.9926 0.0091
vn 0.1354 0.9860 -0.0975
vn 0.1941 0.9793 -0.0572
vn 0.3595 0.7775 0.5160
vn -0.9007 0.0138 0.4342
vn -0.9129 -0.1074 0.3938
vn -0.3565 0.7378 0.5731
vn -0.8230 0.3109 0.4755
vn -0.0474 0.9944 0.0947
vn 0.0900 0.9926 0.0821
vn 0.0841 0.9901 -0.1121
vn 0.2949 0.9338 -0.2027
vn 0.3437 0.9228 -0.1742
vn 0.4545 0.7798 -0.4306
vn 0.1479 0.8469 -0.5108
vn 0.4767 0.8255 -0.3023
vn 0.5367 0.7155 -0.4472
vn 0.2271 0.8258 -0.5162
vn 0.0873 0.8200 -0.5657
vn 0.1873 0.8717 -0.4529
vn 0.1557 0.8778 -0.4530
vn 0.1469 0.8527 -0.5013
vn 0.0771 0.8625 -0.5002
vn 0.0588 0.8592 -0.5083
vn 0.0364 0.8886 -0.4573
vn -0.0347 0.8836 -0.4670
vn -0.2375 0.8851 -0.4002
vn 0.3624 0.8432 -0.3972
vn 0.5286 0.7304 -0.4325
vn 0.7661 0.5958 -0.2412
vn -0.3559 0.7849 -0.5073
vn -0.0048 0.9420 -0.3356
vn -0.4215 0.8550 0.3022
vn -0.1240 0.9796 0.1583
vn -0.2367 0.7844 0.5733
vn -0.1174 0.8175 0.5638
vn -0.0651 0.8664 0.4951
vn -0.6515 0.6587 0.3764
vn -0.8549 0.2621 0.4476
vn -0.6910 0.5546 0.4637
vn -0.0066 0.9842 0.1772
vn -0.6061 0.7504 0.2639
vn -0.8717 -0.3542 0.3386
vn -0.8579 -0.3795 0.3465
vn -0.8864 -0.0044 0.4629
vn -0.3861 0.9144 0.1219
vn -0.0793 0.9030 0.4223
vn -0.5096 -0.8534 0.1092
vn -0.4751 -0.8798 0.0176
vn -0.7276 0.4851 0.4851
vn -0.6140 0.5582 0.5581
vn -0.8154 -0.4448 0.3706
vn -0.7938 -0.5623 0.2315
vn -0.8808 0.2753 0.3853
vn -0.9481 -0.1952 0.2510
vn -0.8421 0.1021 0.5295
vn -0.6786 -0.7239 0.1244
vn -0.6963 -0.1741 0.6963
vn -0.8648 -0.4427 0.2368
vn -0.8646 -0.4720 0.1720
vn -0.8379 0.3351 0.4309
vn -0.9212 -0.2388 -0.3071
vn -0.2909 -0.5602 0.7756
vn -0.1491 -0.7501 -0.6443
vn -0.6761 -0.7236 0.1389
vn -0.8980 -0.4388 -0.0306
vn -0.7071 -0.7071 -0.0000
vn -0.6942 -0.7182 0.0479
vn -0.8636 -0.5031 0.0335
vn -0.8632 0.3918 -0.3184
vn -0.2687 0.7476 -0.6074
vn -0.6267 0.6592 -0.4156
vn -0.5039 0.8039 -0.3160
vn -0.5231 0.8029 -0.2859
vn -0.2731 0.9133 -0.3022
vn -0.3781 0.9035 -0.2018
vn -0.3979 0.8921 -0.2141
vn -0.4484 0.7778 -0.4405
vn -0.4376 0.7841 -0.4401
vn -0.4645 0.6601 -0.5903
vn -0.5106 -0.7798 -0.3621
vn -0.3311 -0.9007 -0.2813
vn -0.2853 -0.9192 -0.2714
vn -0.7174 -0.6856 -0.1236
vn -0.7964 -0.4551 0.3982
vn -0.0537 0.7515 -0.6576
vn -0.0564 0.7890 0.6118
vn -0.4025 0.7700 -0.4950
vn -0.2268 0.8193 -0.5267
vn -0.5510 -0.2082 -0.8081
vn -0.0614 -0.9976 0.0307
vn 0.5861 -0.7404 0.3291
vn 0.0674 -0.9838 0.1662
vn -0.2939 -0.9103 -0.2915
vn -0.3909 -0.8984 -0.2003
vn -0.6409 -0.6097 -0.4664
vn -0.7292 -0.4946 -0.4729
vn 0.3206 0.9318 0.1703
vn -0.2010 0.9737 -0.1068
vn -0.0807 0.9920 -0.0975
vn -0.6264 -0.5804 -0.5203
vn -0.5573 -0.4665 -0.6869
vn -0.5355 -0.4845 -0.6917
vn -0.4312 -0.2064 -0.8784
vn -0.4016 -0.2244 -0.8879
vn -0.0793 0.9813 -0.1754
vn -0.0445 0.9852 -0.1653
vn -0.2549 -0.1972 -0.9466
vn -0.1988 0.0071 -0.9800
vn -0.0908 -0.2543 -0.9628
vn -0.0031 0.9683 -0.2498
vn -0.0117 0.9628 -0.2700
vn -0.0125 0.9204 -0.3909
vn 0.0243 0.9163 -0.3997
vn 0.0462 0.7968 -0.6024
vn 0.0501 0.7916 -0.6089
vn 0.1122 0.7876 -0.6059
vn 0.1503 0.5646 -0.8115
vn 0.1165 0.8039 -0.5832
vn 0.1990 0.7289 -0.6551
vn 0.2430 0.4610 -0.8535
vn 0.2552 0.5573 -0.7901
vn 0.2038 0.7435 -0.6369
vn 0.2537 0.7120 -0.6547
vn 0.2623 0.7662 -0.5867
vn 0.3420 0.6986 -0.6285
vn 0.4032 0.4842 -0.7765
vn 0.1903 0.8968 -0.3994
vn 0.1906 0.9167 -0.3512
vn 0.2261 0.9044 -0.3618
vn 0.3358 0.8124 -0.4766
vn 0.4149 0.8165 -0.4015
vn 0.5745 0.6556 -0.4900
vn 0.6063 0.5653 -0.5593
vn 0.6313 0.6648 -0.3994
vn 0.4461 0.8621 -0.2405
vn 0.4871 0.8538 -0.1838
vn 0.3426 0.9174 -0.2026
vn 0.2983 0.9409 -0.1606
vn 0.3079 0.9175 -0.2519
vn 0.2085 0.9545 -0.2133
vn 0.1575 0.9743 -0.1611
vn 0.1826 0.9776 -0.1051
vn 0.0509 0.9986 -0.0161
vn 0.6326 0.1922 -0.7503
vn 0.5317 0.2692 -0.8030
vn 0.1596 0.9573 -0.2410
vn 0.1607 0.9641 -0.2116
vn 0.1260 0.9700 -0.2077
vn -0.1074 0.9940 -0.0184
vn -0.1340 0.9902 -0.0386
vn 0.0388 0.9971 -0.0647
vn -0.0152 0.9999 -0.0070
vn 0.0724 0.9968 -0.0350
vn 0.0668 0.9966 -0.0491
vn 0.0757 0.9966 -0.0335
vn 0.1126 0.9929 -0.0379
vn 0.0407 0.9992 -0.0020
vn -0.7898 -0.2009 -0.5795
vn 0.3711 0.9283 -0.0220
vn 0.3599 0.9328 -0.0197
vn 0.2842 0.9157 -0.2842
vn -0.0615 0.9359 -0.3468
vn -0.1413 0.8680 -0.4761
vn -0.3654 0.8120 -0.4551
vn -0.3123 0.8413 -0.4411
vn -0.4114 0.7256 -0.5516
vn -0.4648 0.6773 -0.5703
vn 0.9063 -0.3419 0.2484
vn 0.8368 -0.4893 0.2458
vn 0.8355 -0.4461 0.3209
vn 0.9090 -0.2639 0.3226
vn 0.7564 -0.4483 0.4763
vn 0.0595 -0.8721 -0.4856
vn 0.1691 -0.1208 0.9782
vn 0.7035 -0.5025 0.5025
vn 0.9733 0.1622 -0.1622
vn 0.6401 -0.0183 0.7681
vn 0.5976 -0.3586 0.7171
vn 0.6056 -0.4511 0.6555
vn 0.4734 -0.4093 0.7799
vn 0.3761 -0.4951 0.7832
vn 0.1599 0.9522 0.2604
vn 0.0619 0.9755 0.2111
vn 0.1941 -0.6546 -0.7307
vn 0.1872 -0.4574 0.8694
vn 0.1738 -0.2402 0.9550
vn -0.2234 -0.3387 0.9140
vn -0.3088 -0.3982 0.8638
vn -0.3111 -0.4430 0.8408
vn -0.2598 -0.5002 0.8260
vn 0.0610 0.9970 -0.0472
vn 0.0748 0.9966 -0.0340
vn 0.1134 0.9932 -0.0263
vn 0.1552 0.9841 -0.0860
vn 0.2146 0.9757 -0.0438
vn 0.2837 0.9445 -0.1658
vn 0.1691 0.9017 -0.3978
vn 0.1446 0.9010 -0.4090
vn -0.0187 0.8054 -0.5925
vn -0.0044 0.8062 -0.5916
vn -0.0060 0.8035 -0.5952
vn -0.0392 0.8223 -0.5678
vn 0.1094 0.9188 -0.3792
vn 0.2473 0.9324 -0.2636
vn 0.3560 0.9068 -0.2258
vn 0.3380 0.9289 -0.1514
vn 0.4270 0.9033 -0.0402
vn 0.3839 0.9196 0.0833
vn 0.3672 0.9281 0.0623
vn 0.2217 0.9608 0.1663
vn 0.3911 0.8292 0.3995
vn 0.3507 0.8902 0.2906
vn 0.3433 0.8421 0.4160
vn 0.3811 0.6851 0.6208
vn 0.3953 0.6486 0.6505
vn 0.1615 0.8979 0.4096
vn 0.3115 -0.8138 0.4906
vn 0.3396 -0.8077 0.4819
vn 0.4752 -0.6586 0.5835
vn 0.4875 -0.7990 0.3521
vn 0.6174 -0.0882 0.7817
vn 0.1309 -0.0187 0.9912
vn 0.3617 -0.9244 0.1206
vn 0.5931 -0.3163 0.7404
vn 0.6005 -0.5394 0.5903
vn 0.3017 -0.8673 0.3959
vn 0.3029 -0.8681 0.3934
vn 0.5429 -0.5195 0.6599
vn 0.5853 -0.2592 0.7683
vn 0.4984 -0.4512 0.7403
vn 0.5039 -0.5305 0.6816
vn 0.5580 -0.4971 0.6645
vn 0.4040 -0.7240 0.5591
vn 0.4149 -0.5436 0.7296
vn 0.4851 -0.4851 0.7276
vn 0.4387 -0.5062 0.7425
vn 0.3609 -0.6663 0.6525
vn 0.1576 -0.6545 0.7394
vn 0.2163 -0.5507 0.8062
vn 0.2476 -0.4333 0.8666
vn 0.0389 -0.4469 0.8938
vn 0.0559 -0.3073 0.9500
vn 0.2890 0.1084 0.9512
vn 0.3197 0.2616 0.9107
vn 0.3264 0.2762 0.9040
vn 0.2842 0.3186 0.9043
vn -0.1202 -0.0585 0.9910
vn -0.5741 -0.0731 0.8155
vn -0.5005 0.1602 0.8508
vn -0.3705 0.1929 0.9086
vn -0.2775 0.3364 0.8999
vn -0.6120 0.0255 0.7905
vn -0.6416 -0.1359 0.7549
vn -0.7442 0.1007 0.6603
vn -0.7231 0.1091 0.6821
vn -0.8137 0.5812 -0.0116
vn -0.8245 0.5628 -0.0589
vn -0.8666 0.4952 -0.0619
vn -0.7561 0.4808 -0.4440
vn -0.7481 0.5437 -0.3806
vn -0.3439 0.7693 -0.5385
vn -0.3447 0.7688 -0.5386
vn -0.4620 0.5991 -0.6539
vn -0.3910 0.6590 -0.6425
vn -0.1852 0.7228 -0.6657
vn -0.2073 0.7355 -0.6450
vn -0.0000 0.8638 -0.5039
vn -0.1215 0.8826 -0.4541
vn -0.1135 0.8753 -0.4701
vn -0.3926 0.7104 -0.5842
vn -0.2332 0.8085 -0.5403
vn -0.1654 0.9261 -0.3390
vn -0.7136 0.5306 -0.4574
vn -0.6969 0.5633 -0.4439
vn -0.5665 0.8240 0.0129
vn -0.3870 0.8773 0.2838
vn 0.0456 0.9937 -0.1020
vn -0.4216 0.7379 0.5271
vn -0.7243 0.0975 0.6825
vn -0.6729 0.1840 0.7165
vn -0.5212 0.1207 0.8449
vn -0.6467 -0.0539 0.7608
vn -0.4199 -0.0350 0.9069
vn -0.7493 0.0937 0.6556
vn -0.2709 0.6449 0.7146
vn 0.2004 0.8314 0.5182
vn 0.3219 0.9457 -0.0453
vn 0.3487 0.9300 0.1162
vn 0.5289 0.8161 0.2329
vn 0.5172 0.8146 0.2626
vn 0.5167 0.8113 0.2735
vn 0.5221 0.8092 0.2693
vn 0.5113 0.6344 0.5798
vn 0.4957 0.6225 0.6056
vn 0.4601 0.5492 0.6976
vn 0.4851 0.7276 0.4851
vn 0.3265 0.6771 0.6595
vn 0.3137 0.6403 0.7011
vn -0.3078 0.1090 0.9452
vn 0.3839 0.5504 0.7414
vn 0.4554 0.4271 0.7811
vn 0.3907 0.5225 0.7579
vn 0.4591 0.5114 0.7264
vn 0.4972 0.3965 0.7717
vn 0.2955 0.6214 0.7257
vn 0.3238 -0.6946 0.6424
vn 0.4007 -0.6545 0.6411
vn 0.3052 -0.2616 0.9156
vn 0.1550 -0.3323 0.9304
vn -0.1175 -0.0962 0.9884
vn -0.1848 -0.2732 0.9441
vn -0.1684 -0.3369 0.9264
vn -0.0137 -0.5906 0.8069
vn 0.0113 -0.5651 0.8250
vn 0.4271 0.1602 0.8899
vn 0.2780 -0.4766 0.8340
vn 0.3868 -0.6066 0.6945
vn 0.5283 -0.4033 0.7472
vn 0.3964 0.6639 0.6342
vn 0.4745 0.7130 0.5162
vn 0.4618 0.7495 0.4744
vn 0.4251 0.8767 0.2251
vn 0.4277 0.9032 -0.0354
vn 0.1675 0.9828 -0.0782
vn -0.0607 0.9584 -0.2790
vn -0.1165 0.7985 -0.5906
vn -0.1271 0.7530 -0.6457
vn -0.0217 0.9331 -0.3589
vn -0.0222 0.9331 -0.3591
vn 0.2184 -0.2012 -0.9549
vn 0.2485 0.9343 -0.2555
vn -0.0363 0.9908 -0.1306
vn -0.2039 0.9681 0.1454
vn -0.3126 0.9461 -0.0845
vn 0.0912 0.9945 0.0511
vn 0.1479 0.9862 -0.0740
vn 0.2696 0.9558 0.1176
vn -0.9744 -0.1000 -0.2015
vn -0.5780 -0.1053 -0.8092
vn -0.0185 0.9995 -0.0260
vn -0.0250 0.9994 -0.0228
vn -0.0019 0.9969 -0.0786
vn 0.0524 0.9963 -0.0679
vn 0.0913 0.9902 -0.1061
vn 0.0434 0.9964 -0.0727
vn 0.2927 0.9475 0.1284
vn -0.7124 -0.5038 0.4885
vn -0.0191 0.9898 -0.1412
vn -0.0078 0.9449 -0.3274
vn 0.0434 0.9664 -0.2534
vn 0.0395 0.9865 -0.1589
vn 0.0302 0.9866 -0.1602
vn 0.0382 0.9869 -0.1570
vn 0.2298 0.2330 -0.9449
vn 0.2287 0.2094 -0.9507
vn 0.0560 0.1270 -0.9903
vn -0.0192 0.7267 -0.6867
vn -0.0658 0.4463 -0.8925
vn 0.0474 0.0547 -0.9974
vn 0.1244 -0.3377 -0.9330
vn 0.0351 0.9642 -0.2630
vn 0.0663 0.9692 -0.2373
vn 0.0781 0.9659 -0.2469
vn 0.0875 0.9748 -0.2051
vn 0.4516 0.4435 -0.7742
vn 0.4629 0.1343 -0.8762
vn 0.3301 -0.1359 -0.9341
vn 0.2258 0.2449 -0.9429
vn 0.4174 0.3152 -0.8523
vn 0.0689 0.9877 -0.1407
vn 0.0611 0.9884 -0.1388
vn 0.5518 0.2453 -0.7971
vn -0.0610 0.9973 0.0418
vn 0.3174 0.9321 0.1744
vn 0.0038 0.9981 -0.0616
vn 0.0493 0.9951 -0.0852
vn 0.0487 0.9951 -0.0859
vn 0.0037 0.9994 -0.0354
vn 0.0169 0.9995 -0.0248
vn 0.0643 0.9975 -0.0292
vn 0.0911 0.9927 -0.0795
vn 0.0277 0.9987 -0.0416
vn 0.0919 0.9954 0.0273
vn 0.4261 0.8024 -0.4180
vn 0.3418 0.9398 0.0064
vn -0.8632 -0.3416 -0.3718
vn -0.8253 -0.4093 -0.3890
vn -0.8496 -0.2124 -0.4827
vn 0.8902 0.4323 0.1436
vn 0.8812 0.4453 0.1586
vn 0.8868 0.4469 0.1178
vn 0.8291 0.5299 -0.1783
vn 0.8627 0.3423 -0.3722
vn 0.8487 0.3121 -0.4271
vn 0.7359 0.2561 -0.6268
vn 0.7720 0.2585 -0.5807
vn 0.4577 0.4391 -0.7731
vn 0.1602 0.3143 -0.9357
vn -0.0276 0.4144 -0.9097
vn -0.0235 0.6318 -0.7747
vn -0.2007 0.3424 -0.9179
vn -0.3051 0.3629 -0.8804
vn -0.2661 0.3412 -0.9015
vn -0.3649 0.4841 -0.7953
vn 0.5687 0.0764 0.8190
vn 0.5133 0.2933 0.8066
vn -0.0579 0.5322 -0.8446
vn -0.6555 0.4615 -0.5978
vn -0.5812 0.4569 -0.6734
vn 0.8531 -0.1457 0.5009
vn 0.8451 -0.0964 0.5258
vn 0.7090 -0.1343 0.6923
vn 0.4941 -0.2880 0.8203
vn 0.3159 -0.2127 0.9246
vn 0.4291 -0.0618 0.9011
vn 0.4277 0.1023 0.8981
vn 0.2490 0.1537 0.9562
vn -0.0103 0.2583 -0.9660
vn -0.0318 0.1341 -0.9905
vn -0.1827 0.0515 0.9818
vn -0.3469 0.0331 0.9373
vn 0.2804 0.2887 -0.9155
vn 0.4589 0.2100 0.8633
vn 0.6270 0.1394 0.7664
vn -0.7013 0.1275 0.7013
vn -0.7349 0.0988 0.6710
vn -0.5514 0.1152 0.8263
vn 0.4472 -0.0000 -0.8944
vn 0.4842 0.1285 -0.8655
vn -0.8157 -0.0093 0.5784
vn -0.7973 0.0148 0.6033
vn -0.6882 0.2294 0.6883
vn 0.0613 0.1839 -0.9810
vn 0.2357 0.2357 -0.9428
vn 0.6921 -0.0769 -0.7177
vn -0.3689 0.1986 0.9080
vn -0.3071 0.2388 0.9212
vn -0.1135 -0.6434 -0.7570
vn 0.1996 -0.1426 -0.9695
vn 0.5889 0.0971 -0.8024
vn -0.0108 0.0215 0.9997
vn 0.6626 0.0593 0.7466
vn -0.0891 0.1520 -0.9844
vn 0.1712 0.2349 -0.9568
vn 0.3701 0.6648 -0.6489
vn 0.7178 0.2040 -0.6657
vn -0.9568 0.1009 0.2726
vn -0.9855 0.0758 0.1516
vn -0.9912 -0.1307 0.0218
vn -0.9925 -0.1209 0.0202
vn -0.8518 -0.3154 0.4183
vn -0.8306 -0.3666 0.4193
vn -0.8797 -0.4754 -0.0089
vn 0.1995 0.9562 0.2141
vn -0.1434 0.7355 -0.6622
vn 0.3711 0.8500 0.3739
vn -0.0965 0.9146 0.3926
vn -0.0535 0.8822 0.4678
vn -0.7533 0.3545 0.5539
vn -0.3784 0.9173 0.1242
vn -0.6554 0.7282 -0.2003
vn -0.7211 0.6002 -0.3460
vn -0.3129 0.9343 -0.1706
vn 0.0892 0.9254 -0.3685
vn 0.0643 0.2571 0.9642
vn -0.6168 0.3887 -0.6844
vn 0.4817 -0.1291 0.8668
vn 0.0294 0.0300 0.9991
vn -0.4853 -0.1409 0.8629
vn -0.7562 -0.0276 0.6538
vn -0.4937 -0.7280 0.4758
vn -0.7878 -0.6156 -0.0210
vn -0.9623 -0.1787 -0.2048
vn -0.2214 -0.8337 -0.5060
vn -0.2948 -0.7732 -0.5615
vn 0.3915 -0.7242 -0.5676
vn 0.6972 0.3879 -0.6028
vn 0.6844 -0.7287 0.0246
vn 0.9960 -0.0359 -0.0813
vn 0.8750 -0.0532 0.4811
vn -0.1852 0.8644 -0.4675
vn -0.1704 0.8634 -0.4749
vn 0.0955 0.7148 -0.6928
vn 0.0494 0.9978 -0.0441
vn -0.0250 0.9983 -0.0528
vn 0.0270 0.9994 -0.0229
vn 0.1015 0.9943 -0.0328
vn 0.6751 -0.0815 -0.7332
vn 0.3023 0.7080 -0.6382
vn 0.4034 0.8018 -0.4410
vn 0.5382 0.8139 -0.2188
vn 0.4612 0.8868 -0.0298
vn 0.9664 -0.1336 -0.2195
vn 0.7350 -0.4079 0.5417
vn 0.6501 0.3841 0.6556
vn 0.0648 -0.9941 0.0864
vn 0.0587 -0.9960 0.0675
vn 0.0070 -0.9898 0.1420
vn -0.0167 -0.9928 0.1187
vn -0.4992 -0.7978 0.3382
vn -0.7279 0.0395 0.6846
vn -0.6935 0.5470 0.4689
vn -0.0114 0.0987 0.9950
vn -0.2287 0.1540 0.9613
vn -0.6484 0.1796 0.7398
vn -0.5800 0.2622 0.7713
vn -0.2786 0.3946 0.8756
vn -0.1758 -0.8148 0.5525
vn -0.7904 -0.5867 0.1765
vn -0.8354 -0.3191 0.4474
vn -0.9875 -0.0389 0.1530
vn -0.4406 0.0770 0.8944
vn -0.4487 0.0817 0.8900
vn -0.2933 0.8066 0.5133
vn -0.2574 0.7577 0.5997
vn -0.6470 0.0842 0.7578
vn -0.3352 0.1040 0.9364
vn -0.2464 0.9643 0.0964
vn -0.8121 -0.1186 0.5713
vn -0.9994 -0.0231 0.0273
vn -0.4232 -0.5852 0.6917
vn -0.4084 -0.5250 0.7467
vn -0.5942 0.1938 0.7806
vn -0.8101 0.3286 0.4856
vn -0.9491 -0.2036 -0.2404
vn -0.7490 0.0324 -0.6618
vn -0.9923 -0.0047 -0.1239
vn -0.9269 0.0628 -0.3701
vn -0.8197 0.0483 0.5708
vn -0.5146 0.1746 0.8394
vn -0.6244 -0.3213 0.7120
vn -0.6154 0.1275 0.7779
vn 0.2727 -0.9621 -0.0103
vn 0.1842 -0.9821 0.0392
vn 0.6298 -0.1846 -0.7545
vn 0.6502 -0.2198 -0.7273
vn 0.4314 -0.0647 -0.8998
vn 0.6325 -0.1652 -0.7567
vn 0.5623 -0.1784 -0.8074
vn 0.6762 -0.2821 -0.6805
vn -0.4770 -0.6870 0.5482
vn -0.4341 -0.7151 0.5479
vn -0.1603 -0.5570 0.8149
vn 0.5642 -0.3002 -0.7691
vn 0.5869 -0.2256 -0.7776
vn -0.9912 -0.0356 0.1275
vn -0.9844 0.1561 0.0807
vn -0.8638 0.1045 -0.4928
vn -0.9960 -0.0770 -0.0451
vn -0.6254 -0.0857 -0.7756
vn -0.4677 -0.2507 -0.8476
vn 0.2293 -0.1686 -0.9586
vn 0.2387 -0.1845 -0.9534
vn 0.1476 0.0984 -0.9841
vn 0.1433 0.3590 -0.9223
vn 0.4785 -0.4155 -0.7736
vn 0.6349 0.6160 -0.4662
vn 0.8394 0.0998 -0.5343
vn 0.8818 0.4253 -0.2039
vn 0.8925 0.3891 0.2283
vn 0.8657 0.4489 0.2215
vn 0.9408 0.0746 -0.3306
vn 0.9829 0.1838 -0.0139
vn 0.7065 0.4329 0.5599
vn 0.2411 0.9352 0.2595
vn 0.1094 0.9938 -0.0177
vn 0.0940 0.3874 0.9171
vn -0.5040 -0.4638 0.7286
vn 0.1187 -0.4400 0.8901
vn 0.6519 0.0050 0.7583
vn 0.5733 0.1210 0.8104
vn 0.6871 -0.0206 -0.7262
vn 0.5871 0.4065 -0.7000
vn 0.9712 0.1196 -0.2059
vn 0.7494 0.2149 0.6263
vn 0.3724 -0.9072 -0.1958
vn 0.2024 -0.1880 0.9611
vn 0.8833 0.4244 -0.1991
vn 0.9383 0.0104 0.3456
vn 0.9782 0.0582 -0.1994
vn 0.9988 -0.0240 -0.0425
vn 0.9992 0.0020 -0.0389
vn 0.9225 -0.0198 0.3855
vn 0.6483 -0.6960 0.3088
vn 0.1635 -0.8531 -0.4955
vn -0.3878 -0.4036 0.8287
vn 0.5589 -0.0210 0.8290
vn 0.5675 0.1307 0.8129
vn 0.5084 0.1884 -0.8403
vn 0.8042 -0.0823 0.5886
vn 0.8873 0.2035 0.4139
vn 0.9691 -0.1627 0.1856
vn 0.9197 -0.3173 -0.2313
vn 0.1756 0.9807 0.0860
vn 0.5918 0.4878 0.6418
vn -0.3310 0.5311 0.7800
vn -0.4445 -0.4046 0.7992
vn -0.2740 -0.4159 0.8672
vn 0.6132 0.6796 0.4027
vn 0.1031 0.3644 0.9255
vn -0.5096 0.5707 0.6439
vn -0.1410 -0.1532 0.9781
vn -0.1697 0.1966 0.9657
vn 0.6339 -0.1525 0.7582
vn 0.7813 -0.4701 0.4105
vn -0.2150 -0.2044 0.9550
vn -0.1879 -0.5921 0.7836
vn -0.1753 -0.5731 0.8005
vn -0.6332 -0.1205 0.7646
vn -0.7784 -0.2068 0.5927
vn -0.7039 -0.2466 0.6661
vn 0.6678 0.0263 0.7439
vn -0.5474 -0.0332 0.8362
vn -0.5298 -0.0357 0.8474
vn -0.9558 -0.0248 -0.2929
vn -0.9484 -0.0843 -0.3056
vn -0.9263 -0.3759 -0.0258
vn -0.2787 0.3563 0.8919
vn -0.0879 0.0870 0.9923
vn -0.2396 0.8196 0.5205
vn -0.1961 0.7845 0.5883
vn 0.3584 0.8874 0.2901
vn -0.7192 -0.0346 0.6939
vn -0.1187 -0.9762 -0.1814
vn -0.4200 -0.4977 0.7589
vn 0.5699 -0.7547 0.3250
vn 0.2471 -0.8792 0.4074
vn -0.7461 -0.3535 0.5643
vn -0.7912 -0.3877 0.4731
vn -0.9489 0.0451 0.3123
vn -0.5479 0.3776 -0.7465
vn -0.7326 0.2289 -0.6410
vn -0.9864 0.1558 0.0519
vn -0.9785 -0.0652 -0.1957
vn -0.6812 -0.1667 0.7128
vn 0.0213 0.6189 0.7852
vn 0.0209 0.5329 0.8459
vn 0.2955 -0.1805 0.9381
vn 0.0489 0.1501 0.9875
vn -0.1035 -0.1369 0.9852
vn 0.3131 -0.0994 0.9445
vn 0.7180 -0.2978 0.6291
vn 0.1359 -0.6685 0.7312
vn 0.1759 -0.7443 0.6443
vn 0.1035 -0.9664 0.2353
vn 0.1201 -0.9739 0.1928
vn 0.1885 -0.9561 0.2246
vn 0.2128 -0.9637 0.1611
vn 0.0449 -0.9975 0.0544
vn -0.0132 -0.9961 -0.0877
vn -0.3694 -0.8970 0.2427
vn -0.4023 -0.8491 -0.3423
vn -0.3465 -0.8237 -0.4488
vn -0.9313 -0.3642 -0.0039
vn 0.2181 -0.9144 -0.3409
vn -0.0941 -0.8165 -0.5697
vn -0.0480 -0.5114 -0.8580
vn 0.3174 -0.7739 -0.5481
vn 0.2464 -0.7491 -0.6149
vn 0.7421 -0.5040 -0.4419
vn 0.7850 -0.4963 -0.3707
vn 0.9885 -0.1339 -0.0702
vn 0.9211 -0.3662 0.1321
vn -0.9392 -0.3342 0.0792
vn 0.3349 0.0422 0.9413
vn -0.5000 -0.4364 0.7480
vn 0.8121 -0.2940 0.5040
vn 0.8886 0.3047 0.3428
vn 0.3581 0.0971 0.9286
vn -0.7488 -0.5608 0.3532
vn -0.8039 -0.5376 0.2544
vn -0.7764 -0.5027 0.3802
vn -0.7232 -0.5508 0.4167
vn -0.7840 -0.3369 0.5215
vn -0.7809 -0.3395 0.5243
vn -0.5921 -0.2574 0.7637
vn -0.6717 -0.0947 0.7348
vn -0.6532 -0.0555 0.7551
vn 0.4528 -0.8438 -0.2881
vn 0.4541 -0.8264 -0.3330
vn 0.2741 -0.8809 -0.3859
vn 0.2398 -0.8332 -0.4984
vn -0.2970 -0.1220 0.9471
vn 0.0669 -0.0909 0.9936
vn 0.0034 -0.1639 0.9865
vn 0.0264 -0.3127 0.9495
vn -0.3197 -0.4048 0.8567
vn -0.2689 -0.4295 0.8621
vn -0.2858 -0.5199 0.8050
vn -0.0347 -0.7354 0.6767
vn 0.9144 -0.2020 0.3509
vn -0.7858 -0.5726 -0.2337
vn -0.4643 -0.7434 0.4815
vn -0.0813 -0.9814 0.1739
vn 0.4364 -0.6585 -0.6131
vn 0.6215 -0.3775 -0.6864
vn 0.7717 -0.5045 -0.3873
vn 0.5049 -0.8446 -0.1781
vn 0.6869 0.6469 -0.3312
vn 0.6337 0.7243 -0.2716
vn 0.6818 0.7136 -0.1609
vn 0.5601 -0.7821 0.2732
vn 0.8202 0.4834 -0.3061
vn 0.1969 -0.1472 0.9693
vn 0.8044 0.4950 -0.3284
vn 0.7515 0.4625 -0.4704
vn 0.8724 0.4344 -0.2241
vn 0.6763 0.4935 -0.5469
vn 0.7943 0.5204 -0.3135
vn 0.5927 0.5651 -0.5739
vn 0.6248 0.5544 -0.5498
vn 0.4474 0.5534 -0.7025
vn 0.7650 0.3097 -0.5647
vn 0.5454 -0.0211 -0.8379
vn 0.6686 -0.0632 -0.7409
vn 0.6452 0.2693 -0.7150
vn 0.8652 0.0055 -0.5015
vn 0.8640 -0.0277 -0.5028
vn 0.6368 0.2852 -0.7164
vn 0.4503 0.1284 -0.8836
vn 0.4436 -0.0545 -0.8945
vn 0.2452 -0.0910 -0.9652
vn 0.5863 0.2058 -0.7835
vn 0.1572 0.4646 -0.8714
vn 0.2177 0.4968 -0.8401
vn 0.2340 0.5094 -0.8281
vn 0.1694 0.5086 -0.8442
vn 0.0403 0.0323 -0.9987
vn 0.0560 0.0267 -0.9981
vn -0.1924 -0.1689 -0.9667
vn -0.1847 0.0914 -0.9785
vn 0.1381 0.1754 -0.9748
vn 0.1356 0.0387 -0.9900
vn 0.4564 0.1304 -0.8802
vn 0.4575 0.2673 -0.8481
vn 0.3134 0.1674 -0.9348
vn 0.6433 0.1719 -0.7461
vn 0.6718 0.1093 -0.7326
vn 0.6761 0.0355 -0.7360
vn 0.8918 0.0949 -0.4423
vn 0.9742 -0.0970 -0.2039
vn 0.9067 -0.2698 -0.3244
vn 0.9343 -0.0167 0.3562
vn 0.9176 -0.1836 0.3525
vn 0.7853 0.1860 0.5906
vn 0.3463 0.9295 0.1266
vn 0.9650 -0.2578 -0.0487
vn 0.9402 0.0637 -0.3346
vn 0.7383 0.0288 -0.6738
vn 0.8448 -0.0865 -0.5281
vn 0.7514 -0.0744 -0.6557
vn 0.7830 0.2633 -0.5635
vn 0.8314 0.2631 -0.4895
vn 0.7879 0.3054 -0.5347
vn 0.8721 -0.4721 -0.1289
vn 0.8671 -0.2470 0.4327
vn 0.9525 -0.1079 0.2847
vn 0.7205 0.2963 0.6269
vn 0.7771 0.3511 0.5224
vn 0.6639 -0.1827 0.7252
vn 0.5723 0.3312 0.7502
vn 0.8029 -0.1512 0.5766
vn 0.7838 0.1094 0.6113
vn 0.5618 -0.0146 0.8271
vn 0.1556 0.1238 0.9800
vn 0.2001 -0.0960 0.9751
vn 0.7579 0.3613 0.5433
vn 0.1451 0.2403 0.9598
vn 0.9544 0.0477 0.2946
vn -0.8735 -0.0437 0.4848
vn 0.5791 -0.3170 0.7511
vn -0.5684 -0.7979 -0.2006
vn -0.2975 -0.9489 -0.1050
vn 0.5631 -0.7906 -0.2405
vn 0.6558 -0.7259 0.2073
vn -0.5647 -0.8205 0.0892
vn -0.0185 -0.6183 -0.7857
vn -0.2673 0.1728 -0.9480
vn 0.4910 0.3047 -0.8161
vn -0.8717 0.2056 0.4448
vn -0.6751 0.2706 0.6864
vn -0.1761 0.9685 0.1761
vn 0.0919 0.9721 0.2159
vn 0.0652 0.9690 0.2383
vn 0.6192 0.0344 0.7845
vn -0.6111 0.2814 0.7398
vn 0.3038 0.9441 0.1278
vn 0.6876 0.4377 0.5793
vn 0.0523 0.9708 0.2341
vn 0.9532 0.2909 0.0820
vn 0.5177 0.7650 0.3832
vn 0.9119 0.3941 -0.1141
vn 0.9901 0.1221 -0.0696
vn 0.9951 0.0168 0.0978
vn 0.8417 -0.5225 0.1364
vn 0.6763 -0.2963 0.6744
vn 0.5763 0.3342 0.7458
vn 0.1914 0.1317 0.9726
vn 0.0417 0.3370 0.9406
vn 0.0459 0.6370 0.7695
vn 0.8335 -0.2142 0.5093
vn 0.7959 -0.3068 0.5220
vn 0.1224 0.7850 0.6073
vn -0.2500 0.7083 0.6602
vn -0.2981 0.7164 0.6309
vn -0.3388 0.7570 0.5586
vn 0.2354 0.6701 0.7040
vn 0.2618 0.7451 0.6134
vn 0.6856 0.6955 0.2148
vn 0.6862 0.7012 0.1934
vn 0.8778 0.4397 -0.1900
vn 0.7131 0.3782 0.5902
vn -0.9900 -0.0312 -0.1374
vn 0.2490 0.8755 0.4142
vn 0.0668 -0.5159 -0.8541
vn 0.8590 -0.5047 -0.0859
vn 0.5994 0.1476 -0.7868
vn 0.7160 0.1605 -0.6794
vn 0.8704 0.4635 -0.1662
vn 0.0819 -0.4050 -0.9106
vn 0.1636 -0.5482 -0.8202
vn -0.0156 -0.8183 -0.5746
vn 0.0448 -0.9682 -0.2462
vn -0.5258 -0.7826 0.3333
vn 0.1744 -0.2841 0.9428
vn -0.4064 -0.8406 0.3581
vn -0.4594 -0.8876 -0.0345
vn -0.3987 -0.9088 0.1231
vn -0.9722 -0.1043 -0.2095
vn -0.9076 -0.2581 -0.3312
vn -0.8242 0.1440 0.5477
vn -0.5553 -0.0824 0.8276
vn -0.5356 -0.0540 0.8428
vn -0.9891 0.0582 0.1353
vn -0.3459 0.9269 0.1459
vn -0.2507 0.7840 -0.5680
vn -0.2787 0.7605 -0.5865
vn -0.6368 0.6913 -0.3415
vn -0.8518 -0.3194 -0.4152
vn -0.5235 0.5195 0.6753
vn -0.1561 -0.7044 0.6925
vn -0.8364 -0.0988 -0.5392
vn -0.9702 -0.2064 -0.1268
vn -0.5555 0.8271 0.0850
vn 0.1019 0.8363 -0.5387
vn -0.7516 0.4760 -0.4565
vn 0.1222 -0.9427 -0.3103
vn -0.8655 -0.3077 0.3952
vn -0.8728 0.4866 -0.0379
vn -0.7863 0.0167 0.6176
vn 0.3651 0.5943 0.7166
vn 0.3673 0.6040 0.7072
vn -0.0267 -0.9888 -0.1470
vn -0.1185 0.3539 0.9277
vn -0.6297 -0.0583 0.7747
vn -0.4572 0.8787 -0.1374
vn -0.0815 0.9551 -0.2849
vn -0.7418 -0.0804 0.6657
vn 0.5301 -0.2896 0.7970
vn 0.4799 -0.1140 0.8699
vn 0.4820 -0.1155 0.8685
vn 0.7104 -0.6982 0.0886
vn 0.8210 -0.5442 -0.1726
vn -0.5630 0.5348 0.6301
vn -0.4572 0.2967 0.8384
vn -0.6876 0.4360 0.5806
vn -0.9464 0.2592 -0.1925
vn -0.8452 -0.2793 -0.4557
vn -0.8428 0.0666 -0.5340
vn -0.1965 -0.2166 -0.9563
vn 0.2802 -0.0311 -0.9594
vn 0.0162 0.8996 0.4363
vn -0.3231 0.7109 0.6247
vn -0.3366 0.7080 0.6209
vn 0.6595 0.2980 -0.6901
vn 0.2874 0.0549 -0.9562
vn 0.7885 -0.2056 0.5796
vn -0.6019 0.2207 -0.7674
vn -0.6503 0.5372 0.5372
vn -0.3363 0.1995 0.9204
vn -0.2877 -0.0087 0.9577
vn 0.8183 -0.4346 0.3761
vn 0.4006 -0.6620 0.6334
vn -0.2148 -0.4130 0.8850
vn -0.6682 -0.3146 0.6742
vn -0.4445 -0.8750 -0.1917
vn -0.7700 -0.0122 0.6379
vn -0.8394 0.0740 0.5384
vn -0.9864 -0.0000 -0.1644
vn -0.7738 0.5981 -0.2087
vn -0.8119 0.5542 -0.1836
vn 0.5191 0.1306 0.8447
vn -0.9600 -0.1389 0.2431
vn -0.8059 0.0647 0.5884
vn -0.9959 -0.0523 0.0733
vn -0.5992 -0.7184 0.3533
vn -0.6470 -0.7139 -0.2677
vn -0.9300 -0.3607 0.0715
vn -0.3422 0.9393 0.0263
vn -0.3522 0.9349 0.0435
vn -0.4518 0.6927 0.5622
vn -0.4824 0.8722 0.0810
vn -0.4763 0.8683 0.1383
vn -0.2501 0.8569 0.4507
vn -0.4526 0.7967 0.4004
vn -0.0023 0.7279 0.6857
vn -0.5024 0.1397 0.8532
vn -0.4520 0.1763 0.8744
vn -0.1316 0.6045 0.7856
vn 0.0848 -0.0898 0.9923
vn -0.1469 -0.0700 0.9867
vn 0.1983 -0.0272 0.9798
vn 0.1715 0.1124 0.9788
vn -0.5460 -0.3577 0.7575
vn -0.8385 0.0129 0.5448
vn -0.9872 -0.0346 0.1559
vn -0.9897 -0.1075 0.0949
vn -0.9931 -0.0707 0.0935
vn -0.9453 -0.3027 -0.1216
vn -0.8407 0.0539 -0.5389
vn -0.6709 -0.2044 -0.7128
vn -0.0341 0.1092 -0.9934
vn -0.4863 0.1199 -0.8655
vn -0.3603 0.0544 -0.9313
vn -0.3922 0.1927 -0.8994
vn -0.5250 -0.2188 -0.8225
vn 0.0322 -0.1852 -0.9822
vn 0.1527 -0.3680 -0.9172
vn 0.7493 -0.2259 -0.6226
vn 0.7903 -0.3180 -0.5237
vn 0.9051 -0.1192 -0.4081
vn 0.9037 -0.3996 0.1537
vn 0.8195 -0.5544 0.1454
vn 0.8101 -0.5756 0.1116
vn 0.8738 -0.1859 0.4493
vn 0.5518 -0.3189 0.7706
vn 0.6091 0.2145 0.7635
vn 0.7268 -0.0589 0.6844
vn 0.0925 -0.8787 0.4683
vn 0.8889 -0.0855 0.4501
vn 0.9705 0.2057 0.1260
vn 0.9844 0.0996 -0.1448
vn 0.9013 0.2807 -0.3300
vn 0.0290 -0.9327 -0.3594
vn -0.1403 -0.5760 -0.8053
vn -0.1464 -0.5941 -0.7909
vn -0.2585 -0.0989 -0.9609
vn -0.8110 -0.5320 -0.2435
vn -0.9686 0.1080 0.2238
vn -0.7713 0.5142 -0.3750
vn -0.5159 0.3439 -0.7846
vn 0.1854 0.4533 -0.8719
vn 0.6778 -0.0496 -0.7336
vn 0.6501 -0.0925 -0.7542
vn 0.6053 0.0830 -0.7917
vn -0.1006 -0.2959 -0.9499
vn -0.9939 0.0964 0.0527
vn 0.2125 -0.7067 0.6748
vn 0.6453 -0.4208 0.6376
vn -0.1150 -0.5069 -0.8543
vn -0.8829 -0.3056 0.3565
vn -0.9549 -0.2620 -0.1401
vn -0.9648 -0.2422 -0.1023
vn -0.9411 -0.1874 -0.2815
vn -0.2282 -0.6770 -0.6998
vn -0.1425 -0.8880 -0.4371
vn -0.1539 -0.9047 -0.3974
vn 0.2254 0.4399 -0.8693
vn 0.2446 0.2239 -0.9434
vn -0.9214 -0.3585 0.1498
vn -0.9476 -0.3190 -0.0165
vn -0.6393 0.0522 -0.7672
vn -0.6395 0.0468 -0.7674
vn -0.5355 0.0873 -0.8400
vn -0.5396 0.1073 -0.8350
vn 0.1797 -0.0064 -0.9837
vn -0.0468 0.9056 -0.4216
vn -0.5537 0.0862 -0.8282
vn -0.4012 -0.0662 -0.9136
vn -0.6002 0.2929 -0.7443
vn -0.3898 -0.6064 -0.6930
vn -0.3467 0.0944 -0.9332
vn 0.1591 0.2715 -0.9492
vn -0.6097 0.7925 -0.0126
vn -0.6453 0.1112 -0.7558
vn -0.5511 -0.0146 -0.8343
vn -0.5485 -0.0195 -0.8359
vn -0.4981 -0.2534 -0.8293
vn -0.4964 -0.2920 -0.8175
vn 0.3162 -0.2200 -0.9228
vn 0.1486 -0.0315 -0.9884
vn 0.6080 -0.0443 -0.7927
vn 0.7450 0.0553 -0.6648
vn 0.6695 0.0545 -0.7408
vn 0.7109 0.2855 -0.6428
vn 0.6721 0.0563 -0.7383
vn 0.3646 0.5617 -0.7427
vn 0.3200 0.8082 -0.4944
vn 0.3476 0.8730 -0.3421
vn -0.0124 0.7568 -0.6535
vn 0.5549 0.5152 -0.6531
vn 0.0562 0.9456 -0.3204
vn 0.0199 0.9360 -0.3515
vn 0.1323 0.9360 -0.3261
vn -0.4268 0.8677 0.2548
vn -0.3417 0.6948 0.6328
vn -0.2636 0.6687 0.6953
vn -0.5381 0.3948 0.7447
vn 0.9212 -0.0102 0.3889
vn -0.4496 0.8653 0.2217
vn 0.8751 0.4839 0.0094
vn 0.6515 0.6997 -0.2932
vn -0.1401 0.9900 0.0145
vn -0.1555 0.9693 -0.1904
vn -0.5317 0.8393 -0.1131
vn -0.5554 0.0894 -0.8268
vn -0.5545 -0.0057 -0.8322
vn -0.5641 0.7361 0.3740
vn -0.5788 -0.7929 0.1903
vn -0.1170 -0.6807 0.7232
vn -0.1170 -0.7023 0.7022
vn -0.9715 0.1675 -0.1675
vn -0.8006 0.5931 -0.0855
vn -0.7968 0.6017 -0.0557
vn 0.4372 0.2099 0.8745
vn 0.4416 -0.1577 0.8832
vn -0.0164 -0.1971 -0.9802
vn 0.0308 -0.2127 -0.9766
vn 0.2403 0.9490 0.2042
vn 0.7048 0.2995 -0.6431
vn 0.5300 -0.0700 0.8451
vn 0.2249 0.1109 0.9680
vn 0.1942 0.1134 0.9744
vn -0.8975 -0.3241 0.2992
vn -0.7860 -0.1423 0.6017
vn -0.9127 0.1265 -0.3886
vn -0.1685 0.1116 -0.9794
vn -0.4969 -0.0158 -0.8676
vn -0.4644 -0.0442 -0.8845
vn 0.0001 0.4472 0.8944
vn -0.7391 0.2864 -0.6097
vn -0.5014 0.3581 0.7876
vn -0.9172 0.1692 0.3607
vn -0.8907 -0.4461 -0.0877
vn -0.4005 -0.6049 0.6883
vn -0.8963 0.4210 0.1393
vn 0.3913 0.5863 0.7093
vn -0.3911 0.1973 0.8990
vn -0.3274 0.7670 0.5519
vn -0.8001 0.2844 0.5281
vn -0.7835 0.3352 0.5233
vn 0.6427 -0.0151 0.7660
vn -0.2099 -0.8166 -0.5377
vn 0.5400 -0.0629 0.8393
vn 0.6000 -0.0764 0.7963
vn -0.9297 -0.3679 0.0163
vn -0.8864 0.0543 0.4598
vn 0.7811 -0.5773 -0.2377
vn 0.7712 -0.5757 -0.2716
vn 0.6689 -0.5256 0.5256
vn -0.7926 0.5661 0.2267
vn 0.0013 -0.0354 0.9994
vn 0.0375 -0.0281 0.9989
vn 0.7873 -0.5905 -0.1771
vn -0.7743 0.5807 0.2517
vn -0.0000 -0.0000 -1.0000
vn -0.7516 0.6576 0.0513
vn -0.0000 -0.8779 0.4789
vn -0.5247 -0.6242 0.5789
vn -0.5952 -0.6104 0.5227
vn -0.3988 0.2284 -0.8881
vn -0.9388 0.3361 -0.0758
vn -0.9997 -0.0012 -0.0254
vn -0.5951 -0.0392 -0.8027
vn -0.7791 0.2730 -0.5643
vn -0.4269 -0.8844 0.1887
vn -0.6723 0.2845 -0.6835
vn -0.6745 -0.2736 -0.6857
vn -0.9982 -0.0420 0.0440
vn -0.9978 0.0112 0.0649
vn -0.9657 0.1792 -0.1878
vn -0.9666 0.1795 -0.1829
vn -0.8437 0.3042 -0.4424
vn -0.8469 0.3347 -0.4132
vn -0.4228 -0.6107 -0.6696
vn -0.6997 -0.0343 -0.7136
vn -0.7863 0.2629 -0.5591
vn -0.8204 0.2472 -0.5156
vn 0.4464 -0.8888 -0.1035
vn -0.3683 -0.3116 -0.8759
vn 0.0757 0.0640 -0.9951
vn -0.0375 0.1612 -0.9862
vn -0.5150 -0.1899 -0.8359
vn -0.4540 0.7865 -0.4188
vn -0.7352 0.6596 -0.1563
vn -0.6899 0.7235 -0.0230
vn -0.3900 0.9207 -0.0130
vn -0.3570 0.9339 0.0204
vn -0.7595 0.4393 0.4798
vn -0.1411 0.9900 0.0081
vn -0.2970 0.7595 -0.5788
vn 0.1015 0.9471 -0.3044
vn 0.0036 0.7530 -0.6580
vn 0.3732 0.5741 -0.7288
vn 0.3539 0.0598 -0.9334
vn 0.5651 0.6530 -0.5042
vn -0.2791 0.5908 -0.7570
vn -0.5983 0.4094 0.6888
vn 0.4677 0.7642 0.4441
vn 0.5353 -0.0212 0.8444
vn 0.6478 -0.4458 0.6177
vn 0.4044 -0.7548 0.5165
vn 0.4807 -0.7750 0.4104
vn -0.0508 -0.8743 -0.4828
vn -0.0330 -0.8223 -0.5680
vn -0.1900 -0.1390 -0.9719
vn 0.0019 0.0311 -0.9995
vn -0.5765 0.3715 -0.7277
vn -0.4972 0.5476 -0.6730
vn -0.2730 0.3485 -0.8967
vn -0.5098 -0.4159 -0.7531
vn -0.3686 -0.5933 -0.7156
vn -0.3085 0.8138 -0.4926
vn -0.3554 0.8439 -0.4020
vn 0.2183 0.9702 0.1051
vn 0.7314 0.6427 0.2280
vn -0.3394 0.7874 0.5146
vn -0.2888 0.8468 0.4467
vn -0.2606 0.8673 -0.4242
vn -0.2252 0.9427 -0.2460
vn 0.8973 0.1389 0.4189
vn 0.9035 -0.1886 0.3849
vn 0.9350 -0.2477 0.2539
vn -0.0343 -0.5671 0.8229
vn 0.3445 -0.8809 -0.3245
vn -0.0335 -0.9333 0.3576
vn 0.2684 -0.9180 -0.2921
vn 0.0464 -0.9844 0.1698
vn -0.4112 -0.9111 0.0281
vn -0.8124 -0.5447 0.2082
vn -0.3187 -0.4264 -0.8466
vn -0.9267 0.0401 -0.3736
vn 0.3307 0.3567 -0.8737
vn -0.5831 0.7878 -0.1983
vn -0.1394 0.9641 -0.2261
vn -0.2353 0.9248 -0.2991
vn 0.3267 0.9257 -0.1906
vn 0.8954 0.2866 -0.3408
vn 0.5305 0.8459 -0.0555
vn 0.9946 0.0086 0.1036
vn 0.9641 0.1726 -0.2019
vn 0.3886 -0.8971 -0.2103
vn 0.4191 -0.9029 0.0954
vn 0.6116 -0.7899 -0.0443
vn 0.3588 -0.9236 -0.1354
vn -0.3198 -0.9458 -0.0562
vn -0.4520 -0.8739 -0.1787
vn -0.9344 -0.3198 -0.1569
vn 0.0382 0.1676 0.9851
vn -0.9865 -0.1090 -0.1226
vn -0.9901 -0.0932 -0.1048
vn -0.8231 -0.0023 0.5678
vn -0.5437 -0.4189 0.7273
vn -0.6885 -0.0190 0.7250
vn -0.2490 -0.3410 0.9065
vn 0.0774 -0.2158 0.9734
vn 0.4998 -0.7009 0.5089
vn -0.0488 0.9442 0.3256
vn -0.1659 0.9513 0.2599
vn 0.9847 0.1357 0.1091
vn 0.7791 0.5123 -0.3612
vn 0.7529 -0.3651 -0.5476
vn 0.1547 -0.0921 -0.9837
vn -0.4789 -0.8275 -0.2932
vn -0.7494 -0.5818 -0.3162
vn -0.8949 -0.4102 -0.1756
vn -0.4311 -0.4804 0.7637
vn -0.7609 -0.2229 0.6093
vn -0.6730 -0.4061 0.6182
vn -0.0388 -0.4654 0.8843
vn -0.6669 -0.1109 0.7369
vn 0.0712 -0.0402 0.9967
vn -0.0469 0.0265 0.9985
vn 0.5980 0.3354 0.7280
vn 0.7421 0.2872 0.6057
vn 0.8482 0.5170 0.1150
vn 0.8826 0.4279 0.1950
vn 0.8706 0.4490 0.2010
vn 0.8780 0.3785 0.2930
vn 0.8718 0.0533 -0.4869
vn 0.8708 0.0155 -0.4914
vn 0.2707 0.2211 -0.9369
vn -0.0077 -0.1981 -0.9801
vn -0.2249 -0.1669 -0.9600
vn -0.2044 -0.2376 -0.9496
vn -0.2604 -0.3628 -0.8947
vn -0.2045 -0.5082 -0.8366
vn 0.8466 0.4181 -0.3292
vn 0.0783 0.9965 -0.0305
vn -0.8540 -0.4093 -0.3213
vn -0.7645 -0.3053 0.5678
vn -0.7258 -0.1789 0.6643
vn 0.0610 -0.0289 0.9977
vn 0.0796 0.0235 0.9966
vn 0.6578 0.1941 0.7277
vn 0.5995 0.3431 0.7231
vn 0.3263 0.1315 0.9361
vn -0.3233 0.9416 -0.0939
vn -0.3672 0.9274 -0.0712
vn -0.3688 0.9263 -0.0770
vn -0.3149 0.9478 -0.0501
vn -0.0750 0.6567 -0.7504
vn -0.4029 0.7155 -0.5707
vn -0.1171 -0.6487 -0.7520
vn 0.1257 0.8235 0.5532
vn 0.3577 0.4118 0.8381
vn -0.4712 0.7710 0.4284
vn 0.1914 -0.6697 0.7175
vn 0.2896 -0.7143 0.6371
vn 0.1371 -0.9889 0.0577
vn 0.8657 -0.4523 -0.2145
vn 0.8241 -0.4440 -0.3517
vn -0.1608 0.9780 -0.1327
vn 0.1447 0.2099 0.9670
vn 0.1626 0.1931 0.9676
vn 0.2168 0.1727 0.9608
vn 0.8741 0.4136 -0.2548
vn 0.8732 0.3829 -0.3014
vn 0.9696 -0.2431 0.0266
vn 0.7405 -0.6381 -0.2110
vn 0.5638 -0.7807 0.2695
vn 0.2014 0.1154 0.9727
vn 0.6836 0.1633 0.7113
vn 0.6481 -0.0457 0.7602
vn 0.5039 0.3561 0.7869
vn -0.0917 -0.6765 0.7307
vn 0.0633 -0.9454 0.3196
vn 0.5065 -0.8602 -0.0596
vn 0.3959 -0.8176 -0.4181
vn 0.4868 -0.1969 -0.8510
vn 0.3466 -0.2941 -0.8907
vn -0.4801 0.8770 -0.0185
vn 0.9307 -0.1353 -0.3398
vn 0.0064 0.6409 -0.7676
vn 0.5065 -0.8287 -0.2383
vn -0.2645 -0.7313 -0.6287
vn -0.5333 0.8100 -0.2438
vn 0.1389 -0.5876 -0.7972
vn 0.3404 0.5728 -0.7457
vn 0.9330 -0.0467 -0.3569
vn 0.5334 0.7446 -0.4014
vn 0.9329 -0.0575 0.3556
vn 0.6173 0.6090 0.4982
vn -0.0233 -0.2549 0.9667
vn -0.4469 0.1570 0.8807
vn 0.7589 0.6462 0.0813
vn -0.1205 -0.0144 0.9926
vn 0.0444 -0.1260 0.9910
vn 0.0682 -0.5326 0.8436
vn -0.2625 -0.3902 0.8825
vn -0.3227 -0.0590 0.9447
vn -0.1112 0.1264 0.9857
vn -0.0989 0.9951 -0.0064
vn 0.5308 -0.3437 0.7747
vn 0.5739 -0.3762 0.7274
vn 0.3904 -0.6752 0.6258
vn 0.6525 -0.7401 -0.1624
vn -0.8029 -0.4732 0.3626
vn 0.2743 0.2917 0.9163
vn 0.2152 0.4192 0.8820
vn 0.4438 0.1059 -0.8898
vn -0.1206 0.3692 -0.9215
vn -0.9529 -0.2888 0.0926
vn -0.2178 0.9519 -0.2157
vn -0.3754 -0.2593 -0.8898
vn -0.3087 -0.2700 -0.9120
vn 0.6691 0.2646 -0.6944
vn 0.7765 0.1951 -0.5992
vn 0.8845 0.4559 -0.0985
vn 0.7490 -0.4230 0.5099
vn -0.0325 0.3391 0.9402
vn 0.4499 0.5745 0.6838
vn 0.5990 0.3385 0.7257
vn 0.1132 0.3120 0.9433
vn -0.1947 -0.0362 0.9802
vn -0.5521 0.0166 0.8336
vn -0.8541 -0.2906 0.4315
vn 0.3814 -0.9243 0.0147
vn 0.3222 -0.8798 0.3496
vn 0.6301 -0.5614 -0.5365
vn 0.3014 -0.9295 0.2124
vn -0.0101 -0.4694 0.8829
vn -0.6784 0.2126 0.7033
vn -0.3517 0.9354 -0.0368
vn -0.5643 0.7759 -0.2821
vn -0.3005 -0.2587 -0.9180
vn -0.2016 -0.6897 -0.6955
vn 0.6812 -0.4173 0.6015
vn 0.9054 0.0500 0.4215
vn 0.9329 -0.0494 0.3567
vn 0.4741 -0.8616 0.1813
vn -0.2966 0.9256 0.2352
vn -0.4391 0.8691 0.2278
vn 0.9892 -0.1248 -0.0768
vn -0.0949 0.6873 0.7202
vn -0.4421 0.8832 0.1567
vn 0.2468 0.3680 0.8965
vn -0.4472 -0.0000 0.8944
vn -0.5422 -0.7852 0.2991
vn -0.9509 0.2471 0.1862
vn -0.2521 -0.2650 0.9307
vn 0.1247 -0.8127 0.5691
vn -0.5414 -0.4851 -0.6867
vn -0.8368 -0.5187 -0.1753
vn 0.6410 -0.7597 -0.1093
vn -0.3198 -0.1182 -0.9401
vn -0.3489 -0.1688 -0.9218
vn -0.7841 0.0238 -0.6202
vn -0.8807 -0.4262 0.2066
vn -0.8752 -0.3235 -0.3597
vn -0.3960 -0.5269 -0.7520
vn -0.5908 0.8055 -0.0465
vn 0.3227 -0.9456 0.0423
vn -0.4324 0.3783 -0.8185
vn 0.1067 0.4507 -0.8863
vn 0.2722 0.1844 -0.9444
vn -0.2735 -0.1852 -0.9439
vn 0.2472 -0.9639 0.0989
vn 0.7361 0.6134 -0.2863
vn -0.2322 -0.0974 -0.9678
vn -0.1369 -0.1369 -0.9811
vn -0.8825 -0.1959 0.4275
vn -0.8764 -0.4392 0.1973
vn -0.0107 0.2341 -0.9722
vn 0.4177 -0.9027 0.1034
vn -0.9098 -0.2217 -0.3510
vn -0.6981 -0.1934 -0.6894
vn -0.4235 0.9030 -0.0719
vn -0.4681 0.1588 -0.8693
vn -0.1056 0.9749 -0.1962
vn -0.8954 -0.4424 -0.0507
vn -0.9544 -0.1768 0.2407
vn 0.9838 -0.0764 -0.1619
vn 0.9210 -0.3408 -0.1889
vn 0.5977 0.6844 -0.4175
vn 0.4634 0.8487 -0.2548
vn -0.6155 0.7859 -0.0586
vn -0.6909 0.7228 0.0109
vn -0.3599 0.4143 0.8359
vn 0.1776 0.2298 0.9569
vn 0.0372 -0.9392 0.3412
vn 0.1710 -0.9079 0.3827
vn -0.2951 0.2153 -0.9309
vn -0.7325 -0.5629 0.3828
vn 0.1590 -0.9741 0.1605
vn 0.5696 -0.8200 0.0571
vn 0.6052 -0.7881 0.1126
vn -0.7531 -0.6512 0.0930
vn -0.1820 -0.2388 -0.9539
vn -0.3705 -0.0588 -0.9270
vn 0.5001 -0.5461 0.6721
vn -0.8608 0.5018 0.0847
vn -0.8163 0.5759 0.0445
vn -0.3542 -0.6911 -0.6300
vn -0.1468 -0.2428 -0.9589
vn 0.7856 0.4837 0.3858
vn -0.5501 0.3148 0.7735
vn -0.8905 -0.3639 0.2731
vn 0.6815 0.4405 0.5844
vn 0.2232 -0.9747 0.0080
vn -0.3598 0.0730 -0.9302
vn -0.6266 0.1208 0.7700
vn 0.2188 0.7276 -0.6502
vn -0.4310 -0.2450 0.8684
vn 0.2043 0.0738 0.9761
vn -0.5135 -0.8075 0.2902
vn 0.7018 0.0520 -0.7105
vn 0.4243 -0.8184 0.3875
vn 0.0734 0.7878 0.6115
vn 0.9043 -0.1664 0.3931
vn -0.5774 -0.5773 0.5774
vn -0.5296 0.8467 -0.0510
vn -0.4572 0.5635 0.6880
vn -0.9245 -0.3698 0.0925
vn 0.6362 0.2152 0.7409
vn 0.4091 -0.7480 0.5227
vn -0.7478 -0.6627 0.0387
vn -0.5611 -0.6438 -0.5203
vn -0.6447 -0.5652 -0.5147
vn -0.3970 -0.9129 -0.0950
vn -0.4305 -0.1985 -0.8805
vn 0.4102 -0.9079 -0.0867
vn -0.9358 0.0341 -0.3507
vn -0.5285 -0.4618 -0.7123
vn -0.6158 -0.0401 -0.7869
vn -0.7341 -0.2106 0.6456
vn 0.5114 0.3181 0.7983
vn 0.3560 -0.9303 -0.0881
vn -0.3428 0.8879 0.3068
vn 0.4820 0.8021 0.3527
vn 0.6478 -0.1382 -0.7492
vn -0.7624 0.0541 -0.6449
vn -0.1104 -0.9242 -0.3656
vn 0.6915 -0.2726 -0.6689
vn -0.0838 -0.1167 -0.9896
vn 0.7591 0.5892 0.2767
vn -0.7493 0.6556 -0.0937
vn -0.5230 -0.1233 -0.8434
vn -0.3530 -0.5707 -0.7414
vn -0.7203 -0.6885 -0.0844
vn -0.3305 -0.4322 0.8390
vn -0.3716 -0.1976 0.9071
vn 0.7840 -0.5459 0.2954
vn 0.2074 0.1329 0.9692
vn 0.9085 -0.4149 0.0509
vn -0.1598 -0.2267 -0.9608
vn 0.1992 0.1298 0.9713
vn -0.1753 -0.1378 -0.9748
vn 0.1959 0.1453 0.9698
vn 0.1709 -0.9829 0.0684
vn 0.5998 0.3557 0.7168
vn -0.1431 0.9726 -0.1832
vn 0.3432 0.5655 -0.7500
vn 0.1938 -0.2145 -0.9573
vn 0.6757 -0.6633 0.3217
vn -0.6056 0.3976 -0.6893
vn 0.3342 -0.8341 -0.4389
vn 0.4192 -0.7997 -0.4298
vn -0.4383 0.8977 -0.0445
vn -0.3732 -0.3596 -0.8552
vn 0.7580 0.3265 -0.5646
vn 0.7811 0.3149 -0.5392
vn 0.5080 -0.8609 0.0265
vn 0.9347 0.3325 0.1255
vn -0.6036 0.7071 0.3683
vn 0.7674 -0.6357 -0.0835
vn 0.9831 0.1437 -0.1134
vn -0.0053 0.9733 0.2293
vn -0.2051 -0.0621 0.9768
vn -0.2159 -0.0145 0.9763
vn 0.8630 0.3137 0.3960
vn 0.0957 -0.1758 0.9798
vn -0.7265 -0.2086 0.6548
vn -0.8841 -0.0067 0.4673
vn -0.7558 -0.5647 -0.3314
vn -0.7577 -0.4220 -0.4978
vn -0.9202 -0.1803 -0.3474
vn -0.9328 -0.0007 -0.3604
vn -0.7529 0.5614 0.3436
vn -0.7253 0.6789 -0.1142
vn 0.6799 -0.1645 -0.7146
vn -0.4689 -0.3384 -0.8159
vn -0.8291 -0.2866 -0.4801
vn 0.6031 -0.0188 -0.7974
vn 0.6323 0.2858 -0.7201
vn 0.6349 0.2840 -0.7185
vn -0.4505 -0.2907 -0.8441
vn 0.6207 0.4522 -0.6405
vn 0.9039 0.4267 -0.0312
vn 0.7468 0.3438 0.5693
vn 0.6003 0.3492 0.7195
vn 0.8246 -0.1517 -0.5450
vn -0.0453 0.0885 0.9950
vn 0.2569 0.2006 0.9454
vn -0.6224 -0.5282 0.5776
vn -0.1253 -0.1622 0.9788
vn -0.6720 -0.5283 -0.5189
vn -0.2190 0.5676 -0.7937
vn -0.2268 0.5528 -0.8018
vn 0.7815 0.2778 -0.5586
vn 0.5851 0.7782 -0.2282
vn 0.9692 0.0516 0.2408
vn 0.7171 0.2855 0.6358
vn 0.7024 0.4983 0.5083
vn 0.9379 0.2942 0.1839
vn 0.0536 0.9641 -0.2601
vn 0.5930 0.7055 -0.3882
vn 0.2440 0.9084 0.3395
vn -0.7048 0.6704 -0.2321
vn -0.2409 0.9485 -0.2057
vn -0.5641 0.7559 0.3322
vn -0.3557 0.6881 0.6324
vn 0.1614 0.8097 0.5642
vn 0.1362 -0.5913 0.7949
vn -0.4786 -0.2167 0.8509
vn 0.2589 0.8715 0.4166
vn 0.7092 -0.6973 -0.1039
vn 0.4698 -0.2420 -0.8489
vn 0.2502 0.2907 -0.9235
vn 0.7889 0.4987 -0.3591
vn 0.9430 -0.2569 0.2115
vn 0.6519 -0.3190 0.6879
vn -0.1455 -0.1963 0.9697
vn 0.5749 0.7422 0.3444
vn 0.1534 0.0434 0.9872
vn -0.3249 -0.5939 0.7360
vn -0.6544 -0.5150 0.5536
vn -0.3262 0.4270 0.8434
vn -0.8700 -0.4431 0.2160
vn -0.7071 -0.6411 0.2982
vn -0.3144 -0.9457 -0.0828
vn -0.5779 0.5616 -0.5922
vn 0.5353 0.2387 -0.8102
vn 0.2528 0.7163 -0.6503
vn -0.2265 0.9552 -0.1907
vn -0.8619 0.3897 -0.3244
vn -0.9278 0.0409 -0.3709
vn -0.3866 -0.8941 -0.2262
vn -0.8796 0.3292 -0.3434
vn -0.4636 -0.8443 -0.2686
vn 0.5319 -0.6871 0.4949
vn 0.9810 0.0998 0.1666
vn 0.5374 0.8426 -0.0357
vn -0.7026 0.6315 -0.3281
vn -0.6523 -0.5947 -0.4700
vn -0.4240 0.7574 -0.4965
vn -0.2109 -0.8803 -0.4249
vn 0.0801 -0.8680 0.4901
vn 0.3156 -0.5292 0.7876
vn 0.1040 -0.1373 0.9851
vn 0.2735 0.8853 0.3762
vn -0.5843 0.8090 -0.0632
vn 0.0409 0.6679 -0.7431
vn 0.2808 0.9470 -0.1559
vn 0.7999 -0.4786 -0.3621
vn -0.3228 -0.9278 -0.1869
vn -0.8939 -0.2284 -0.3858
vn -0.9458 0.2580 0.1972
vn -0.9526 0.2885 -0.0968
vn -0.4579 -0.6244 0.6328
vn -0.7713 0.6175 0.1540
vn 0.3333 0.6667 -0.6667
vn 0.8729 -0.2183 -0.4364
vn 0.5478 -0.0621 0.8343
vn -0.7786 -0.4934 -0.3877
vn 0.3693 0.6746 0.6391
vn -0.5414 -0.6406 -0.5445
vn -0.1656 -0.5673 -0.8067
vn -0.1107 -0.2976 -0.9482
vn 0.3630 -0.8732 -0.3252
vn -0.8794 -0.4003 -0.2577
vn -0.7588 -0.6456 -0.0860
vn -0.9831 -0.1690 -0.0705
vn -0.9805 -0.0781 -0.1806
vn 0.4472 -0.0000 0.8944
vn -0.8821 -0.1654 -0.4411
vn 0.8165 0.4082 0.4082
vn 0.6667 0.3333 0.6667
vn 0.6921 -0.2051 0.6921
vn 0.4321 -0.4033 -0.8066
vn 0.4082 -0.4082 -0.8165
vn -0.6666 0.6667 0.3334
vn -0.9401 -0.3049 -0.1525
vn -0.8651 0.4974 0.0649
vn 0.8151 0.3668 -0.4484
vn -0.1542 -0.3469 0.9251
vn -0.4101 0.3238 0.8526
vn 0.2427 0.6271 0.7401
vn 0.9429 -0.3332 -0.0041
vn -0.6001 -0.1888 -0.7773
vn 0.2949 -0.0502 -0.9542
vn 0.3795 0.0112 -0.9251
vn 0.3782 0.6787 -0.6296
vn 0.4063 0.2216 0.8865
vn -0.9615 -0.0000 -0.2747
vn -0.8189 0.0460 0.5721
vn -0.8751 -0.0257 -0.4832
vn -0.5781 0.7414 0.3409
vn -0.5664 0.0235 -0.8238
vn -0.2595 0.5891 0.7653
vn 0.3208 -0.1645 -0.9328
vn 0.4192 0.3589 -0.8339
vn 0.6801 0.5321 -0.5042
vn 0.4712 0.8145 -0.3386
vn 0.6225 0.6082 -0.4926
vn 0.6292 0.1786 -0.7564
vn 0.3628 0.0717 -0.9291
vn -0.5744 -0.2398 -0.7827
vn -0.5633 0.8240 -0.0611
vn 0.2237 0.3231 -0.9196
vn -0.8074 0.2122 -0.5506
vn -0.4859 -0.5926 -0.6424
vn -0.5082 -0.5082 -0.6954
vn -0.6491 -0.6491 0.3967
vn -0.7413 0.5612 0.3681
vn -0.8542 0.4460 -0.2672
vn -0.9720 -0.1855 -0.1441
vn -0.5590 -0.5856 -0.5870
vn -0.3954 0.8193 -0.4152
vn -0.4297 0.8274 -0.3616
vn -0.9873 -0.1343 0.0851
vn -0.4168 0.6788 -0.6046
vn -0.3623 0.2947 -0.8842
vn 0.2922 -0.6430 -0.7079
vn -0.0394 0.0066 -0.9992
vn -0.6202 -0.3342 0.7097
vn 0.1800 0.0460 -0.9826
vn -0.4087 0.5042 -0.7608
vn -0.8877 0.1586 -0.4322
vn -0.0361 -0.0882 -0.9955
vn -0.5581 0.1337 -0.8190
vn -0.8965 0.1494 -0.4171
vn -0.3602 0.3054 -0.8815
vn -0.8632 -0.5014 -0.0587
vn -0.3525 0.0970 -0.9308
vn 0.1671 0.6315 -0.7572
vn -0.0361 -0.1364 -0.9900
vn -0.5864 0.6717 -0.4528
vn -0.1040 0.8972 -0.4291
vn -0.3938 0.8379 -0.3779
vn -0.3695 0.8557 -0.3622
vn -0.7846 0.4863 -0.3846
vn -0.9301 0.3043 -0.2055
vn -0.8940 -0.0597 -0.4441
vn -0.7084 -0.2125 -0.6730
vn 0.4498 0.1350 -0.8828
vn -0.4496 0.8911 0.0608
vn -0.8554 0.4595 0.2392
vn -0.1520 -0.5919 -0.7916
vn 0.0421 -0.8250 -0.5636
vn 0.0735 -0.9611 -0.2662
vn 0.3580 -0.4222 -0.8328
vn 0.4740 0.4081 -0.7803
vn -0.0499 0.2507 -0.9668
vn -0.1181 -0.1952 -0.9736
vn 0.6620 0.1414 -0.7360
vn 0.6665 0.1662 -0.7267
vn 0.6203 -0.7790 -0.0912
vn 0.7312 -0.4636 -0.5005
vn 0.5086 -0.5256 -0.6819
vn 0.6677 -0.0109 -0.7443
vn 0.9252 -0.2510 -0.2847
vn 0.5467 -0.5120 -0.6626
vn 0.0733 0.2090 -0.9752
vn 0.1962 -0.0296 -0.9801
vn -0.6150 0.3442 -0.7094
vn -0.5575 0.3122 -0.7693
vn -0.8493 0.1508 -0.5059
vn -0.9590 0.2830 0.0157
vn -0.7661 0.3268 0.5534
vn -0.3297 -0.4136 0.8487
vn -0.0427 0.9290 0.3677
vn -0.1082 0.9468 -0.3030
vn -0.5808 0.7462 -0.3255
vn -0.3438 0.9221 -0.1777
vn -0.6016 -0.3456 0.7202
vn 0.7830 -0.5868 0.2064
vn -0.7160 -0.0507 0.6963
vn -0.9955 0.0468 -0.0820
vn 0.0300 -0.0300 0.9991
vn -0.9365 0.0208 0.3501
vn -0.8075 0.1745 -0.5635
vn -0.6250 0.4130 0.6624
vn -0.6502 0.0330 0.7591
vn 0.3263 -0.1502 0.9333
vn -0.4057 -0.1671 0.8986
vn -0.6186 -0.2893 0.7305
vn 0.9820 -0.1420 0.1248
vn -0.0234 0.5251 0.8507
vn -0.7862 0.5200 0.3338
vn -0.7531 0.3330 0.5674
vn 0.5358 -0.8137 -0.2254
vn -0.9584 -0.0850 0.2726
vn -0.2085 -0.9721 -0.1076
vn 0.2967 0.8821 0.3658
vn -0.8860 0.0595 0.4598
vn 0.6654 -0.7079 -0.2369
vn 0.6604 -0.7312 -0.1710
vn 0.0881 -0.9707 -0.2237
vn 0.4996 -0.3483 0.7932
vn 0.6597 0.6229 0.4206
vn -0.2717 0.9607 -0.0573
vn -0.4125 -0.7146 0.5650
vn -0.5465 -0.8335 -0.0810
vn -0.5130 0.4665 -0.7206
vn 0.5394 0.5540 0.6342
vn -0.9757 -0.1251 -0.1797
vn 0.2577 0.9447 0.2027
vn -0.2046 -0.7501 0.6289
vn -0.7896 0.5591 -0.2529
vn -0.8279 -0.5290 0.1863
vn -0.3908 0.7148 0.5800
vn -0.3577 0.2708 -0.8937
vn 0.1426 0.8396 -0.5242
vn -0.4372 0.8960 0.0779
vn -0.3806 0.7246 0.5746
vn -0.3528 0.7222 0.5950
vn -0.1432 -0.0185 0.9895
vn 0.2280 0.1055 0.9679
vn -0.1030 -0.7357 -0.6695
vn -0.5821 -0.3447 0.7364
vn -0.5947 -0.1322 0.7930
vn 0.9981 0.0467 -0.0411
vn 0.9569 -0.1463 0.2507
vn -0.0761 -0.9971 0.0076
vn -0.4806 0.3999 -0.7805
vn 0.8463 0.5277 0.0724
vn -0.9838 0.0678 -0.1658
vn 0.4218 0.6620 -0.6196
vn 0.8687 0.1527 0.4711
vn 0.1533 0.9521 -0.2647
vn 0.1939 0.9643 0.1802
vn -0.2584 0.7932 0.5514
vn -0.8481 0.1355 0.5123
vn 0.1654 0.9859 -0.0262
vn -0.4997 -0.0111 0.8661
vn -0.3112 0.0573 0.9486
vn 0.3720 0.9237 0.0916
vn 0.7079 -0.2192 0.6714
vn -0.1248 -0.0347 0.9916
vn 0.3024 0.9364 0.1781
vn 0.0861 0.9692 0.2308
vn -0.3524 -0.4264 0.8331
vn -0.0783 -0.7049 0.7049
vn -0.1103 -0.9926 -0.0498
vn 0.0589 -0.5516 0.8320
vn 0.6057 0.4644 0.6461
vn 0.0866 0.9738 0.2103
vn -0.0220 0.6986 0.7151
vn 0.1416 0.9367 -0.3202
vn 0.7425 -0.3373 -0.5787
vn -0.1953 -0.9334 -0.3010
vn 0.1863 -0.9674 -0.1718
vn 0.6758 -0.5463 -0.4949
vn 0.2843 -0.3874 0.8770
vn -0.5579 -0.6376 0.5313
vn -0.4785 0.0999 0.8724
vn -0.1208 0.2206 0.9678
vn 0.5847 -0.2862 0.7591
vn 0.2864 -0.3015 0.9094
vn 0.9487 -0.0000 0.3162
vn 0.2781 0.9428 -0.1836
vn 0.4418 0.5168 -0.7332
vn 0.5377 0.0626 -0.8408
vn 0.2227 0.9317 -0.2871
vn 0.8337 -0.2268 -0.5035
vn 0.9151 0.1813 0.3602
vn 0.9501 0.2387 -0.2010
vn 0.9375 0.1528 -0.3127
vn 0.8857 0.1569 -0.4368
vn 0.9156 0.1166 -0.3847
vn 0.2047 0.9575 -0.2033
vn 0.3246 0.3625 -0.8737
vn 0.1472 0.2490 -0.9573
vn 0.1708 -0.0148 -0.9852
vn -0.4386 0.1819 -0.8801
vn -0.2261 -0.0250 -0.9738
vn 0.0012 0.4515 -0.8923
vn 0.5817 0.5349 -0.6128
vn 0.1885 0.6011 -0.7766
vn 0.4525 0.6383 -0.6227
vn 0.2630 0.2778 -0.9239
vn 0.5625 0.3329 -0.7568
vn 0.2008 0.0516 -0.9783
vn 0.1489 -0.0553 -0.9873
vn 0.6526 -0.0802 -0.7534
vn 0.1089 0.2094 -0.9717
vn 0.6643 -0.0104 -0.7474
vn 0.6229 -0.0828 -0.7779
vn 0.6297 0.3099 -0.7123
vn 0.5533 0.6116 -0.5656
vn 0.8896 -0.0115 -0.4566
vn 0.5931 0.5534 -0.5848
vn -0.0336 -0.5825 -0.8121
vn 0.4843 -0.3241 -0.8127
vn 0.1560 -0.8963 -0.4151
vn 0.0769 -0.5230 0.8488
vn -0.0680 -0.4247 0.9028
vn -0.9809 -0.1198 -0.1533
vn 0.0339 -0.8353 -0.5488
vn 0.2353 -0.9383 -0.2533
vn -0.3933 -0.0455 0.9183
vn -0.6302 -0.4426 0.6379
vn -0.8082 -0.0508 0.5868
vn -0.8841 -0.2242 0.4100
vn 0.4708 -0.7349 -0.4881
vn -0.7886 -0.3406 0.5119
vn -0.4687 -0.5707 0.6743
vn -0.0914 -0.9956 -0.0205
vn 0.5567 -0.7850 0.2716
vn 0.5500 0.1868 0.8140
vn -0.9457 -0.2971 0.1317
vn 0.4830 -0.8707 -0.0923
vn 0.2598 -0.8156 -0.5170
vn 0.2365 -0.9560 -0.1734
vn 0.2676 -0.9515 -0.1515
vn 0.0696 -0.9668 -0.2460
vn 0.1177 -0.9546 -0.2737
vn 0.2065 -0.7573 0.6196
vn 0.4944 -0.7058 0.5074
vn 0.0371 -0.3524 0.9351
vn -0.3232 0.6449 0.6925
vn -0.2316 0.8210 0.5219
vn -0.2895 0.8351 0.4677
vn -0.1391 -0.9823 0.1258
vn 0.4334 -0.3734 0.8202
vn 0.4500 -0.1069 0.8866
vn -0.6786 -0.0045 0.7345
vn -0.9854 -0.1631 0.0483
vn -0.6788 -0.5783 0.4526
vn -0.9240 -0.1398 -0.3558
vn 0.0204 0.2513 0.9677
vn 0.4284 0.8371 0.3402
vn -0.1680 -0.9803 0.1038
vn -0.3672 -0.8964 0.2484
vn -0.2786 0.1832 0.9428
vn -0.3690 0.8963 0.2460
vn -0.5443 0.6643 0.5123
vn 0.4611 -0.2670 0.8462
vn -0.7389 -0.3907 0.5490
vn -0.7950 0.1847 0.5778
vn 0.2993 -0.6224 0.7232
vn -0.2203 -0.4058 0.8870
vn -0.2103 -0.4543 0.8657
vn -0.9350 -0.3033 -0.1836
vn -0.2329 0.9082 0.3478
vn -0.1736 -0.4748 0.8628
vn -0.1391 -0.2563 0.9565
vn -0.0501 0.6633 0.7467
vn -0.9411 -0.3329 -0.0594
vn 0.1157 0.1534 0.9814
vn 0.3769 0.1128 0.9194
vn 0.2992 0.0727 0.9514
vn 0.5427 -0.3015 0.7839
vn -0.1262 -0.6190 0.7752
vn 0.3849 0.0531 0.9214
vn 0.3721 -0.1236 0.9199
vn 0.6705 0.2619 0.6941
vn 0.5452 -0.3185 0.7755
vn 0.9576 -0.2789 -0.0716
vn 0.9285 -0.0368 0.3696
vn 0.9596 0.2234 -0.1711
vn 0.9012 -0.0467 -0.4309
vn 0.8601 0.3989 -0.3180
vn 0.8782 0.4451 -0.1749
vn 0.2650 -0.1372 0.9544
vn 0.1545 -0.9614 -0.2275
vn 0.1250 -0.9326 -0.3386
vn 0.7659 0.2968 0.5703
vn 0.2046 0.9789 -0.0019
vn -0.8279 -0.5309 -0.1809
vn 0.6802 0.3677 0.6342
vn -0.0540 -0.9126 -0.4054
vn -0.6899 0.1022 0.7167
vn 0.3535 -0.0524 0.9340
vn -0.7842 0.3059 0.5398
vn -0.5749 0.4034 0.7119
vn -0.5119 0.2634 0.8177
vn -0.4654 0.5097 0.7236
vn -0.4787 0.2415 0.8441
vn -0.8438 0.0948 0.5282
vn -0.0415 -0.7710 0.6354
vn 0.3843 -0.0877 0.9190
vn 0.3643 0.3294 0.8711
vn 0.1719 0.4559 0.8733
vn -0.7794 -0.3804 0.4978
vn 0.9755 0.1346 0.1738
vn 0.1102 0.5319 0.8396
vn 0.1884 0.2586 0.9474
vn 0.5578 0.1339 0.8191
vn -0.4234 -0.1731 0.8893
vn -0.6435 -0.1198 0.7560
vn -0.8162 0.3487 0.4607
vn -0.7156 0.3147 0.6236
vn 0.1527 0.7344 0.6613
vn 0.4127 0.3619 0.8359
vn 0.4798 -0.2215 0.8489
vn 0.9783 0.0457 -0.2022
vn 0.9691 0.0257 0.2452
vn 0.9462 0.1475 -0.2881
vn 0.4693 0.4836 -0.7388
vn 0.7412 -0.5728 -0.3500
vn 0.1536 -0.8275 -0.5401
vn -0.4818 -0.0717 -0.8733
vn -0.5550 -0.6727 -0.4893
vn -0.9327 -0.3412 0.1168
vn -0.7468 0.4954 -0.4437
vn -0.8982 0.4003 -0.1815
vn -0.7170 -0.1135 -0.6878
vn -0.6560 -0.6710 -0.3457
vn -0.9505 0.2501 -0.1842
vn -0.9334 -0.0964 0.3456
vn -0.9022 -0.2111 0.3761
vn -0.3343 -0.8759 0.3479
vn 0.1515 -0.2735 0.9499
vn 0.6310 -0.1661 -0.7578
vn -0.9848 0.1477 -0.0912
vn 0.6444 0.0160 0.7645
vn 0.3317 -0.9365 -0.1138
vn 0.7513 -0.0100 -0.6599
vn -0.7662 -0.0097 -0.6425
vn 0.6653 -0.1217 -0.7366
vn -0.5439 -0.2935 -0.7861
vn -0.2254 -0.9427 0.2459
vn -0.6409 0.2730 0.7174
vn 0.4186 0.1275 0.8992
vn -0.5837 0.0824 0.8078
vn -0.5074 0.0084 0.8617
vn -0.3912 -0.4462 0.8049
vn -0.2181 0.8507 0.4782
vn -0.6105 0.0558 0.7901
vn -0.2981 -0.8731 0.3857
vn -0.3732 0.3924 0.8407
vn -0.1964 0.1503 0.9689
vn -0.5714 -0.8177 0.0693
vn -0.0563 -0.8806 0.4705
vn 0.0161 0.3546 0.9349
vn -0.3530 -0.5154 0.7809
vn -0.6412 0.1830 0.7453
vn 0.0441 0.1826 0.9822
vn -0.8884 0.1715 0.4258
vn -0.4684 0.8110 0.3506
vn -0.3802 0.5113 0.7707
vn 0.6093 0.0473 0.7915
vn -0.0628 -0.1675 0.9839
vn 0.6988 -0.4077 0.5878
vn 0.1195 -0.9928 0.0066
vn 0.1127 -0.9936 0.0016
vn 0.5016 0.0327 -0.8645
vn 0.0739 -0.1292 -0.9889
vn -0.3970 0.1377 -0.9074
vn 0.0086 -0.9981 0.0615
vn -0.5480 0.0375 0.8356
vn 0.0428 -0.7054 0.7075
vn 0.8194 0.0057 0.5732
vn -0.1414 0.8349 -0.5319
vn -0.1164 0.9830 -0.1423
vn -0.0163 0.9376 0.3474
vn -0.0687 0.3486 -0.9348
vn 0.2074 0.9589 -0.1938
vn 0.5070 0.8616 0.0268
vn 0.7954 0.5760 -0.1887
vn -0.9681 -0.1849 -0.1690
vn -0.9989 0.0065 0.0457
vn 0.7178 0.6865 0.1158
vn -0.8852 -0.0658 -0.4605
vn -0.9091 -0.4041 -0.1010
vn 0.7969 0.5580 -0.2315
vn 0.3988 0.8083 -0.4332
vn 0.0190 0.9990 -0.0402
vn 0.0262 0.9989 -0.0386
vn 0.0585 0.9971 -0.0495
vn 0.0741 0.9965 -0.0378
vn 0.0417 0.9989 -0.0213
vn -0.0135 0.9996 -0.0264
vn -0.4370 -0.0029 -0.8995
vn -0.9924 -0.0394 -0.1162
vn -0.8880 -0.1195 0.4440
vn -0.1361 0.9875 -0.0789
vn -0.2047 0.9679 0.1458
vn 0.0821 -0.1538 -0.9847
vn 0.0228 0.9616 -0.2734
vn 0.1542 0.8324 -0.5322
vn 0.0644 0.9632 -0.2608
vn 0.2846 0.9468 -0.1502
vn 0.1601 0.9739 -0.1607
vn 0.2246 0.9732 0.0490
vn -0.1562 0.9351 -0.3181
vn 0.1080 0.9094 -0.4018
vn -0.6780 -0.4762 0.5600
vn -0.7716 -0.1950 0.6055
vn -0.2945 0.0551 0.9541
vn 0.1391 -0.2782 0.9504
vn 0.4771 -0.2587 0.8399
vn 0.6966 0.2212 0.6825
vn 0.6727 -0.5454 0.5000
vn 0.0998 0.9735 -0.2059
vn 0.8890 -0.3810 0.2540
vn 0.7878 -0.5893 0.1793
vn 0.4928 -0.8325 0.2534
vn 0.8046 -0.5907 0.0606
vn 0.4116 0.8690 -0.2744
vn 0.0720 0.6336 -0.7703
vn 0.7238 -0.5549 0.4101
vn 0.8160 -0.2110 0.5382
vn -0.5531 0.4157 -0.7220
vn -0.3488 0.4804 -0.8047
vn -0.1115 0.6848 -0.7202
vn -0.0674 0.9729 -0.2212
vn 0.4698 0.7474 -0.4698
vn 0.6381 0.7685 0.0469
vn 0.1249 0.9916 -0.0342
vn -0.7643 -0.2674 -0.5868
vn 0.1653 0.9862 -0.0083
vn 0.1071 0.9925 -0.0589
vn 0.1119 0.9889 -0.0976
vn 0.0368 0.9969 -0.0689
vn 0.0659 0.9868 -0.1478
vn 0.5296 0.2227 -0.8185
vn 0.6261 0.1398 -0.7671
vn 0.7569 0.0699 -0.6498
vn 0.7110 -0.1086 -0.6947
vn 0.1234 0.9805 -0.1529
vn 0.1068 0.9717 -0.2107
vn 0.1065 0.9356 -0.3367
vn 0.1061 0.9374 -0.3316
vn 0.0835 0.9153 -0.3941
vn -0.0044 0.7653 -0.6437
vn -0.0269 0.6788 -0.7338
vn 0.0404 0.9511 -0.3062
vn 0.0349 0.9639 -0.2641
vn -0.0640 -0.0739 -0.9952
vn -0.1654 0.4411 -0.8821
vn -0.3619 -0.0727 -0.9294
vn -0.3258 0.3910 -0.8608
vn -0.2022 0.7047 -0.6801
vn -0.6469 -0.5522 -0.5259
vn -0.6468 -0.5585 -0.5194
vn -0.6154 -0.6094 -0.4998
vn -0.4287 -0.8381 -0.3373
vn -0.0929 -0.9852 -0.1441
vn -0.7591 -0.5567 -0.3374
vn -0.7011 -0.6851 -0.1977
vn -0.6492 -0.7391 -0.1798
vn -0.4039 0.6971 -0.5924
vn -0.0859 0.9261 -0.3674
vn -0.0671 0.9304 -0.3604
vn 0.0918 0.9812 -0.1698
vn 0.0731 0.9819 -0.1746
vn -0.0123 0.9985 -0.0538
vn 0.0050 0.9985 -0.0547
vn 0.1555 0.9805 -0.1198
vn 0.0757 0.9911 -0.1097
vn -0.1181 0.9824 -0.1449
vn -0.0657 0.9855 -0.1563
vn -0.0623 0.9341 -0.3514
vn 0.0723 0.9456 -0.3171
vn 0.0990 0.9418 -0.3212
vn 0.0829 0.9409 -0.3285
vn 0.2243 0.9229 -0.3130
vn 0.0141 0.9878 -0.1549
vn -0.1184 0.9721 -0.2024
vn -0.0894 0.9752 -0.2023
vn -0.1556 -0.9854 -0.0692
vn -0.8212 0.5549 -0.1332
vn -0.1848 0.9697 -0.1600
vn 0.1352 0.9370 -0.3220
vn -0.1250 0.9439 -0.3057
vn -0.3468 0.8807 -0.3227
vn -0.1009 0.8920 -0.4407
vn -0.0071 0.9148 -0.4038
vn 0.4990 0.7031 -0.5066
vn 0.6054 0.7055 -0.3685
vn -0.2102 0.8436 -0.4941
vn 0.0712 0.9014 -0.4270
vn -0.7118 0.6953 -0.0993
vn -0.8165 0.5715 -0.0816
vn -0.7136 0.5976 -0.3657
vn -0.4879 0.7741 -0.4033
vn -0.4059 0.8119 -0.4195
vn -0.4430 0.8861 -0.1363
vn -0.7725 0.6276 -0.0966
vn -0.7537 0.5751 -0.3181
vn -0.3827 -0.9222 0.0553
vn -0.5032 0.8626 -0.0518
vn -0.9713 0.1090 0.2113
vn -0.7907 0.5271 0.3115
vn -0.5972 -0.8019 0.0171
vn -0.5727 -0.8086 0.1348
vn -0.2111 0.8443 -0.4925
vn -0.6756 0.6670 -0.3141
vn -0.4876 0.7642 -0.4221
vn -0.0559 0.9225 -0.3820
vn -0.8887 0.4219 -0.1795
vn -0.9316 -0.3633 0.0132
vn -0.7528 0.5701 0.3289
vn -0.9301 0.2744 0.2440
vn 0.0382 0.9941 -0.1019
vn -0.8770 -0.4504 0.1674
vn -0.7276 0.4850 0.4851
vn -0.5307 -0.8471 -0.0297
vn -0.9832 0.0719 0.1679
vn -0.3592 0.9257 -0.1185
vn -0.5179 0.8440 0.1391
vn -0.4334 0.8949 0.1069
vn -0.0084 0.8593 0.5114
vn -0.0097 0.8591 0.5116
vn 0.0316 0.8703 0.4915
vn 0.0876 0.9945 -0.0567
vn -0.4485 0.7485 -0.4885
vn -0.0033 0.8254 -0.5646
vn 0.2343 0.8580 -0.4572
vn 0.2458 0.8558 -0.4552
vn -0.0537 0.9964 -0.0656
vn 0.2663 0.9073 0.3254
vn 0.2244 0.9139 0.3382
vn 0.0254 0.9916 0.1271
vn 0.1170 0.8025 0.5851
vn 0.5344 0.6937 0.4830
vn 0.5327 0.6813 0.5020
vn -0.0170 0.8049 0.5931
vn -0.0190 0.8055 0.5923
vn 0.2424 0.8049 0.5416
vn 0.2508 0.7965 0.5501
vn 0.4997 0.8264 0.2595
vn -0.0923 0.7454 0.6602
vn -0.3404 0.5722 0.7461
vn 0.2497 0.8254 0.5063
vn -0.0077 0.8199 0.5724
vn 0.4863 0.7717 0.4099
vn 0.5425 0.7419 0.3941
vn -0.0384 0.8281 0.5592
vn 0.3811 0.9025 0.2006
vn 0.1481 0.8758 0.4594
vn -0.2259 0.5545 0.8009
vn 0.1701 0.7834 0.5978
vn -0.9152 0.3948 -0.0808
vn -0.7295 0.6026 -0.3235
vn -0.1370 0.8307 -0.5395
vn -0.0483 0.9337 -0.3548
vn 0.0316 0.8894 -0.4560
vn -0.4336 0.7688 -0.4700
vn 0.1460 0.9231 -0.3557
vn 0.1916 0.8796 -0.4354
vn 0.1115 0.9098 -0.3999
vn 0.4828 0.8249 -0.2940
vn 0.3246 0.9115 -0.2526
vn 0.1766 0.9840 0.0252
vn 0.1832 0.6156 0.7665
vn -0.1600 0.7578 -0.6326
vn -0.8123 0.5785 -0.0739
vn -0.0133 0.9857 -0.1678
vn -0.0983 0.9338 -0.3440
vn -0.1280 0.6962 -0.7064
vn -0.4066 -0.6904 -0.5984
vn -0.3755 0.4506 -0.8099
vn -0.0102 0.9802 -0.1979
vn -0.1611 0.7720 -0.6149
vn -0.9465 0.1710 0.2737
vn -0.4315 0.2714 -0.8603
vn -0.0000 0.9864 -0.1644
vn -0.0671 0.9718 -0.2258
vn -0.6543 0.0029 -0.7562
vn 0.2737 -0.3188 -0.9075
vn 0.2284 -0.9464 -0.2284
vn 0.1598 -0.3352 -0.9285
vn -0.6757 0.4914 -0.5496
vn -0.5549 -0.2420 -0.7959
vn 0.1854 -0.9696 -0.1599
vn -0.9142 0.3975 -0.0795
vn -0.8632 0.2992 0.4067
vn -0.9230 -0.2877 0.2556
vn -0.6036 0.2763 0.7479
vn 0.2520 0.0394 0.9669
vn 0.0204 -0.9605 0.2777
vn 0.4301 -0.1413 0.8916
vn 0.4962 -0.3637 0.7884
vn 0.4929 -0.3723 0.7864
vn 0.9993 0.0174 -0.0335
vn 0.3287 -0.9390 -0.1011
vn 0.0381 0.9844 -0.1717
vn -0.1494 0.7340 -0.6625
vn 0.0186 0.9883 -0.1515
vn 0.0008 0.9748 -0.2232
vn 0.0305 0.9920 -0.1221
vn 0.0162 0.9943 -0.1055
vn 0.0608 0.9952 -0.0763
vn 0.0516 0.9987 -0.0027
vn 0.0891 0.9959 -0.0172
vn 0.0168 0.9997 -0.0159
vn 0.0223 0.9927 -0.1182
vn 0.0339 0.9958 -0.0853
vn 0.0127 0.9998 -0.0164
vn -0.0098 0.9995 -0.0301
vn 0.0712 0.9973 -0.0167
vn 0.1591 0.9865 0.0392
vn -0.0093 0.9995 0.0290
vn -0.0147 0.9818 -0.1895
vn -0.2389 0.7786 -0.5803
vn -0.0540 0.9478 -0.3143
vn -0.2606 0.9046 -0.3373
vn -0.0315 0.9987 -0.0408
vn 0.0351 0.9994 0.0058
vn 0.0067 0.9999 -0.0111
vn -0.0121 0.9826 -0.1852
vn -0.0012 0.9999 -0.0115
vn 0.7264 0.6861 -0.0404
vn 0.3215 0.9467 -0.0179
vn -0.3748 0.9193 -0.1202
vn -0.2903 0.9526 -0.0913
vn -0.1344 0.9909 -0.0056
vn -0.2827 0.9240 0.2575
vn 0.4960 0.8681 0.0207
vn -0.5334 0.8209 0.2039
vn -0.2683 0.9630 -0.0241
vn -0.4135 0.9046 -0.1034
vn 0.3980 0.9022 -0.1659
vn -0.0925 0.9841 -0.1519
vn 0.3979 0.9162 -0.0476
vn 0.9555 0.2946 0.0159
vn 0.0834 0.9868 0.1390
vn 0.7214 0.6753 0.1535
vn 0.3237 0.8930 0.3126
vn 0.6252 0.6387 0.4485
vn -0.1589 0.9469 0.2796
vn 0.1726 0.9760 0.1328
vn -0.0876 0.9453 0.3142
vn -0.1693 0.9812 0.0928
vn -0.0200 0.9989 -0.0433
vn -0.3977 0.9084 -0.1286
vn -0.8485 0.1685 0.5017
vn -0.2789 0.6313 0.7236
vn -0.6623 0.0288 0.7487
vn -0.5299 0.0230 0.8478
vn -0.4751 0.0464 0.8787
vn -0.5240 -0.1502 0.8384
vn -0.3018 -0.0238 0.9531
vn -0.4788 -0.2857 0.8301
vn -0.5822 -0.0652 0.8104
vn -0.3965 -0.4015 0.8256
vn -0.1826 -0.3652 0.9129
vn 0.3189 0.1231 0.9398
vn 0.1706 -0.1775 0.9692
vn 0.1536 -0.7190 0.6778
vn 0.2637 -0.5193 0.8129
vn 0.3822 -0.5955 0.7066
vn 0.4898 -0.4368 0.7545
vn 0.5884 -0.2599 0.7657
vn 0.5167 0.6801 0.5201
vn 0.1916 0.4440 0.8753
vn 0.1999 0.5263 0.8265
vn 0.5003 0.7210 0.4795
vn 0.3679 0.8604 0.3526
vn 0.1400 0.9810 0.1344
vn 0.5878 -0.2721 0.7619
vn 0.6458 -0.5274 0.5521
vn -0.1383 0.8641 -0.4839
vn 0.2896 -0.9437 0.1598
vn 0.2466 0.9053 0.3459
vn 0.3012 0.8700 0.3904
vn 0.1963 0.9694 0.1473
vn 0.0840 0.9964 -0.0060
vn 0.1756 0.9612 0.2129
vn 0.0361 -0.5803 0.8136
vn 0.1249 0.9906 0.0550
vn -0.0501 0.3007 -0.9524
vn 0.4924 0.3534 0.7954
vn 0.1595 0.9826 0.0948
vn 0.0827 -0.4765 0.8753
vn 0.6459 -0.3829 0.6605
vn 0.6981 -0.3510 0.6240
vn 0.3752 -0.8911 0.2553
vn 0.8238 -0.3130 0.4726
vn 0.6129 -0.7405 0.2758
vn 0.6681 -0.5402 0.5117
vn 0.7234 -0.6089 0.3255
vn 0.7807 -0.3589 0.5115
vn 0.7391 -0.5812 0.3405
vn 0.7328 -0.5958 0.3287
vn 0.7115 -0.7024 0.0217
vn 0.1269 0.9901 0.0601
vn 0.2519 0.9635 0.0910
vn 0.4543 0.8838 0.1120
vn 0.6715 0.7151 0.1944
vn 0.7317 0.6635 0.1558
vn 0.7222 0.6870 0.0805
vn 0.0838 -0.6204 0.7798
vn 0.2750 0.8898 0.3640
vn 0.0320 0.8437 0.5358
vn 0.9565 -0.1674 0.2391
vn 0.7140 -0.6998 0.0214
vn 0.6363 0.7674 -0.0787
vn -0.1342 0.6942 -0.7071
vn -0.0263 0.9932 -0.1130
vn 0.1236 0.9918 -0.0330
vn 0.1211 0.9906 -0.0629
vn 0.1566 0.9864 -0.0498
vn -0.4669 0.6101 0.6401
vn 0.1083 0.9889 -0.1013
vn 0.2768 0.9148 -0.2942
vn 0.7041 0.4369 -0.5599
vn 0.1209 0.9926 0.0113
vn 0.0902 0.9943 -0.0567
vn 0.8293 0.4739 -0.2962
vn 0.8681 -0.3417 -0.3601
vn 0.8569 -0.4944 -0.1460
vn 0.2087 0.9721 -0.1073
vn 0.2204 0.9753 0.0150
vn 0.4115 0.9031 -0.1229
vn 0.3659 0.9295 0.0452
vn 0.7172 0.6467 -0.2595
vn 0.8902 0.3162 -0.3280
vn 0.7508 0.5607 -0.3492
vn 0.6636 0.6280 -0.4065
vn -0.3725 0.8103 0.4524
vn -0.6676 0.4098 0.6216
vn 0.5790 0.5256 -0.6232
vn 0.3749 0.7349 -0.5652
vn 0.3629 0.4167 -0.8334
vn 0.3090 0.4898 -0.8153
vn 0.2776 0.3676 -0.8876
vn 0.2342 0.3669 -0.9003
vn 0.1763 0.5116 -0.8410
vn 0.0797 0.5550 -0.8280
vn -0.0188 0.5763 -0.8170
vn -0.0742 0.3940 -0.9161
vn -0.1245 0.4126 -0.9023
vn -0.1406 0.3666 -0.9197
vn -0.2337 0.3217 -0.9175
vn -0.2548 0.4286 -0.8668
vn -0.2934 0.3590 -0.8860
vn -0.3470 0.4131 -0.8420
vn -0.4037 0.3118 -0.8601
vn -0.4743 0.3543 -0.8060
vn -0.4774 0.3961 -0.7843
vn -0.3299 0.6018 -0.7274
vn -0.3470 0.4130 -0.8420
vn -0.3264 0.5250 -0.7861
vn -0.5256 0.4173 -0.7414
vn -0.5841 0.3160 -0.7476
vn -0.6402 0.3395 -0.6892
vn -0.6549 0.4534 -0.6046
vn -0.2528 0.4398 -0.8618
vn -0.7553 0.3932 -0.5243
vn -0.7516 0.3866 -0.5345
vn -0.1297 0.4876 -0.8634
vn -0.8385 0.3063 -0.4506
vn -0.9149 0.3035 -0.2663
vn -0.9392 0.3145 -0.1382
vn -0.7643 0.6114 -0.2049
vn -0.9055 0.4217 -0.0476
vn -0.7130 0.6972 0.0743
vn -0.4564 0.8897 -0.0084
vn -0.6228 0.7731 -0.1202
vn -0.3491 0.9321 -0.0961
vn -0.3567 0.9056 -0.2295
vn -0.3611 0.8981 -0.2510
vn -0.1408 0.9762 -0.1649
vn -0.7502 0.6001 -0.2776
vn -0.6549 0.4534 -0.6045
vn -0.4237 0.8403 -0.3382
vn -0.3318 0.7881 -0.5185
vn -0.3417 0.5987 -0.7244
vn -0.2712 0.5634 -0.7804
vn -0.1792 0.5633 -0.8066
vn -0.0615 0.7130 -0.6985
vn -0.0177 0.9068 -0.4212
vn -0.1184 0.9172 -0.3803
vn -0.0456 0.9655 -0.2563
vn -0.0086 0.9972 -0.0747
vn -0.1311 0.9288 -0.3467
vn -0.1308 0.9720 -0.1950
vn -0.1221 0.9891 -0.0819
vn -0.1124 0.9900 -0.0855
vn 0.0352 0.9977 0.0587
vn -0.6157 -0.6091 -0.4999
vn -0.4691 -0.8652 -0.1772
vn -0.0453 0.9989 -0.0097
vn -0.6611 -0.7354 -0.1487
vn -0.0220 0.9996 0.0172
vn -0.9403 -0.2986 0.1634
vn -0.8776 -0.4560 -0.1479
vn -0.8021 -0.5848 -0.1209
vn -0.4198 -0.9064 0.0471
vn -0.9111 0.2377 -0.3367
vn -0.8900 -0.4512 0.0656
vn -0.8723 -0.4875 -0.0385
vn -0.9492 0.3134 -0.0276
vn -0.8132 -0.5717 0.1086
vn -0.8763 -0.4483 0.1766
vn -0.8446 -0.5354 0.0075
vn -0.8465 0.4514 -0.2822
vn -0.8691 0.0150 0.4945
vn -0.9059 -0.3374 0.2561
vn -0.8755 -0.3562 0.3265
vn -0.8190 0.5223 0.2374
vn -0.5392 0.5392 0.6470
vn -0.7312 -0.5850 0.3510
vn -0.9037 -0.3819 0.1937
vn -0.6252 0.6130 0.4831
vn -0.3559 0.4928 0.7940
vn -0.3142 0.5990 0.7365
vn -0.2176 0.7255 0.6529
vn -0.3062 0.6028 0.7368
vn 0.0091 0.7637 0.6455
vn 0.0502 0.8205 0.5694
vn 0.2808 0.8122 0.5114
vn -0.1014 0.7709 0.6289
vn -0.1701 0.7713 0.6134
vn 0.5141 0.7465 0.4225
vn -0.6674 0.5870 0.4583
vn -0.1793 0.7682 0.6146
vn -0.3575 0.8329 0.4225
vn 0.1128 0.8650 0.4889
vn -0.1587 0.9125 0.3769
vn -0.2001 0.9005 0.3860
vn -0.4068 0.7754 0.4830
vn -0.4070 0.8485 0.3382
vn -0.2973 0.8969 0.3275
vn -0.2541 0.9210 0.2954
vn -0.0155 0.8983 0.4391
vn 0.3315 0.8508 0.4078
vn 0.3565 0.8488 0.3904
vn -0.2046 0.8796 0.4296
vn 0.2811 0.8696 0.4060
vn 0.2554 0.8937 0.3688
vn 0.4979 0.8576 0.1291
vn 0.3080 0.9495 -0.0599
vn 0.2326 0.9249 0.3007
vn -0.0797 0.9569 0.2791
vn 0.0770 0.9756 0.2054
vn -0.1051 0.9694 0.2219
vn 0.4913 0.8409 0.2268
vn -0.4245 0.8163 0.3918
vn 0.0658 0.9868 0.1480
vn 0.3396 0.9092 0.2410
vn 0.2259 0.9155 0.3329
vn -0.5908 0.7582 0.2757
vn -0.6339 0.7429 0.2151
vn 0.4940 0.8170 0.2976
vn -0.9049 -0.0435 0.4234
vn -0.6264 0.7493 0.2150
vn -0.7974 0.5209 0.3045
vn 0.1212 0.7816 0.6119
vn 0.5230 0.8154 0.2482
vn 0.5835 0.7700 0.2583
vn -0.6602 0.6674 0.3445
vn -0.7617 0.5825 0.2838
vn -0.8015 0.5694 0.1828
vn 0.5407 0.7886 0.2929
vn 0.5237 0.8213 0.2262
vn -0.5971 0.7808 0.1837
vn 0.6179 0.7327 0.2852
vn -0.4270 0.7243 0.5413
vn 0.2257 0.9477 0.2256
vn -0.8317 0.5402 0.1286
vn -0.7725 0.6276 0.0966
vn 0.3104 0.8596 0.4059
vn 0.4360 0.8561 0.2775
vn -0.7114 0.5127 0.4807
vn -0.6804 0.6804 0.2722
vn 0.3960 0.8689 0.2970
vn 0.3541 0.8656 0.3541
vn -0.7489 0.6007 0.2798
vn -0.7635 0.5630 0.3162
vn 0.4942 0.7863 0.3707
vn 0.2877 0.8903 0.3529
vn -0.5511 0.7148 0.4306
vn 0.4083 0.8165 0.4082
vn -0.6303 0.6043 0.4874
vn -0.2962 0.8293 0.4739
vn -0.7180 0.4610 0.5215
vn 0.2012 0.7990 0.5667
vn -0.0650 0.8601 0.5059
vn -0.0238 0.7853 0.6187
vn 0.5019 0.8116 0.2990
vn 0.4472 0.8944 -0.0000
vn 0.1783 0.8784 -0.4435
vn 0.3897 0.7629 -0.5159
vn -0.0398 0.9425 0.3319
vn 0.6648 0.7072 0.2405
vn 0.3468 0.7804 -0.5203
vn 0.4963 0.8548 -0.1517
vn 0.4266 0.8304 -0.3583
vn 0.1772 0.9471 -0.2674
vn -0.0175 0.9988 -0.0467
vn 0.0651 0.9765 0.2056
vn -0.3985 0.8789 0.2620
vn -0.4632 0.8595 0.2162
vn -0.2693 0.9604 -0.0718
vn 0.1804 0.9476 -0.2636
vn 0.1748 0.9477 -0.2672
vn 0.2749 0.9609 -0.0333
vn 0.1062 0.9923 0.0632
vn 0.3420 0.7162 0.6084
vn -0.8741 -0.1878 0.4479
vn -0.6497 0.6680 0.3630
vn -0.8846 -0.1154 0.4519
vn -0.7613 0.3557 0.5422
vn -0.4417 0.0796 0.8936
vn 0.1977 0.0379 0.9795
vn -0.2529 0.0452 0.9664
vn 0.4467 -0.7444 0.4963
vn 0.2636 0.9615 -0.0775
vn -0.1620 0.9868 -0.0056
vn -0.0697 0.9918 -0.1072
vn 0.0392 0.9973 0.0627
vn -0.1010 0.9704 -0.2195
vn 0.0408 0.9987 -0.0315
vn 0.0570 0.9738 -0.2201
vn 0.1054 0.9658 -0.2371
vn 0.4805 0.8621 -0.1609
vn 0.2518 0.9639 -0.0863
vn 0.5584 0.8258 -0.0787
vn 0.0845 0.9580 0.2740
vn 0.5061 0.7922 0.3411
vn 0.4279 0.8977 0.1050
vn 0.5790 0.7657 0.2801
vn -0.2588 0.8001 0.5412
vn 0.4053 0.8645 0.2972
vn 0.5228 -0.0231 0.8521
vn 0.1648 0.9615 0.2198
vn 0.4242 -0.0254 -0.9052
vn -0.9836 -0.0431 0.1749
vn -0.1660 0.0478 0.9850
vn -0.7071 -0.0000 -0.7071
vn -0.5938 0.0281 0.8042
vn -0.7792 0.4026 0.4805
vn -0.3906 -0.9113 -0.1302
vn -0.4938 -0.6790 -0.5432
vn -0.6376 -0.6015 -0.4812
vn -0.8159 0.1371 -0.5617
vn -0.3255 0.0995 -0.9403
vn -0.4264 0.0481 -0.9032
vn -0.5746 0.1294 -0.8082
vn -0.2072 0.2218 -0.9528
vn 0.5236 0.4265 -0.7376
vn 0.9636 0.2063 -0.1698
vn 0.5565 -0.7122 0.4279
vn 0.9076 -0.4189 0.0270
vn 0.6432 0.7638 0.0536
vn 0.8421 -0.0055 -0.5393
vn 0.0462 0.9810 0.1885
vn 0.1721 0.9657 -0.1943
vn -0.9471 0.3005 -0.1131
vn -0.2565 0.4703 0.8444
vn -0.6781 0.2862 0.6770
vn -0.2537 0.5046 0.8252
vn -0.9744 0.0790 -0.2107
vn -0.1615 -0.0850 -0.9832
vn 0.8834 0.4649 -0.0589
vn -0.2642 0.9643 0.0176
vn -0.7882 -0.5034 -0.3540
vn -0.3509 -0.6385 -0.6850
vn -0.5592 0.5377 -0.6309
vn -0.2008 -0.1338 -0.9705
vn -0.0863 -0.9785 -0.1871
vn -0.8951 0.2365 -0.3779
vn -0.5331 0.1086 -0.8391
vn 0.2944 -0.6493 -0.7012
vn 0.9531 0.2767 -0.1230
vn 0.6830 0.3817 -0.6227
vn 0.4168 -0.5359 0.7343
vn -0.9759 -0.1511 -0.1574
vn -0.3371 -0.1961 0.9208
vn 0.1352 -0.9888 0.0638
vn -0.8186 0.3419 -0.4615
vn -0.5546 0.4094 0.7244
vn -0.1119 0.3090 -0.9445
vn 0.1021 0.1822 0.9780
vn 0.9684 -0.1048 -0.2264
vn 0.1369 0.1565 0.9781
vn 0.4474 -0.8933 0.0432
vn 0.7461 -0.3444 -0.5698
vn -0.8164 0.3629 -0.4492
vn -0.9819 0.1190 -0.1473
vn -0.2883 -0.9418 -0.1730
vn -0.4789 -0.8715 0.1054
vn -0.0810 0.4048 0.9108
vn 0.2891 0.9135 0.2861
vn 0.2323 -0.3379 0.9120
vn 0.2163 -0.3146 0.9242
vn -0.9538 0.2641 -0.1431
vn -0.0731 -0.0299 0.9969
vn 0.7808 0.6109 -0.1307
vn 0.7033 -0.1880 -0.6856
vn 0.4593 -0.0656 -0.8858
vn 0.7463 0.6618 0.0704
vn 0.1928 -0.9363 0.2937
vn 0.4497 -0.7067 -0.5461
vn 0.2693 -0.0481 -0.9618
vn 0.7871 0.1177 0.6055
vn 0.9894 0.1393 -0.0418
vn 0.5046 -0.0037 0.8634
vn 0.7556 0.0032 0.6550
vn -0.5017 0.0544 0.8633
vn 0.2891 0.9054 0.3109
vn 0.0309 0.9293 0.3681
vn 0.0554 0.8784 0.4748
vn -0.0173 0.9193 0.3932
vn -0.2649 -0.1266 0.9559
vn 0.0175 0.8544 0.5192
vn -0.2889 0.8541 0.4326
vn -0.2077 0.0623 0.9762
vn -0.2937 0.3031 0.9066
vn -0.0527 -0.5620 0.8255
vn 0.0500 0.3499 0.9355
vn -0.0430 0.1657 0.9852
vn -0.0067 0.9111 0.4122
vn -0.0270 0.8696 0.4930
vn -0.0905 -0.0000 0.9959
vn -0.4082 -0.8165 -0.4082
vn -0.6554 0.5734 0.4916
vn -0.5923 0.6516 0.4739
vn -0.0000 -0.0000 1.0000
vn 0.7071 -0.0000 0.7071
vn 0.9806 0.1961 -0.0000
vn 0.8157 -0.4392 -0.3765
vn -0.9507 -0.2194 0.2194
vn 0.1362 0.7005 0.7005
vn 0.1964 -0.6473 0.7365
vn 0.2882 -0.6824 0.6718
vn 0.1229 0.9540 0.2736
vn 0.2744 0.8548 0.4405
vn 0.3421 0.6725 0.6562
vn 0.2523 0.5741 0.7789
vn 0.1049 0.8399 0.5325
vn 0.2000 0.5260 0.8266
vn 0.0498 0.7523 0.6569
vn 0.0879 0.4690 0.8788
vn 0.7635 0.4454 0.4677
vn 0.6815 0.6734 0.2864
vn 0.9337 0.3136 0.1728
vn 0.7482 0.6615 0.0512
vn 0.7613 0.6289 -0.1578
vn -0.3033 0.3486 0.8868
vn -0.2174 0.4446 0.8690
vn -0.3403 0.4641 0.8178
vn -0.3726 0.7748 0.5108
vn -0.2831 0.9078 0.3095
vn -0.1644 0.9713 0.1719
vn -0.8219 -0.4158 0.3893
vn -0.5199 -0.7865 0.3333
vn -0.4755 -0.5151 0.7132
vn -0.8208 -0.1642 0.5472
vn -0.8196 -0.1410 0.5552
vn -0.4624 0.4624 0.7566
vn -0.3167 0.4706 0.8235
vn -0.3006 0.5835 0.7544
vn 0.3162 0.8624 0.3953
vn -0.2281 0.7603 0.6082
vn -0.4007 0.5319 0.7460
vn -0.4012 0.5474 0.7344
vn -0.1866 0.7574 0.6257
vn -0.5070 -0.4056 0.7605
vn -0.4926 -0.5072 0.7072
vn -0.1684 0.9507 0.2603
vn -0.4476 -0.0670 0.8917
vn -0.3865 0.7402 0.5502
vn -0.3468 0.7804 0.5203
vn -0.3839 0.8487 0.3637
vn -0.1958 0.9439 0.2661
vn 0.1961 0.9149 0.3529
vn -0.2777 0.7045 0.6531
vn -0.5721 0.6674 0.4767
vn -0.1438 0.8053 0.5752
vn -0.0823 0.8566 0.5093
vn -0.2841 0.5209 0.8050
vn 0.0652 0.8361 0.5446
vn -0.3067 0.6815 0.6645
vn -0.0239 0.8235 0.5669
vn -0.1701 0.8157 0.5530
vn -0.1689 0.7518 0.6374
vn -0.3230 -0.7753 0.5427
vn -0.2000 -0.3524 0.9142
vn -0.4042 0.0328 0.9141
vn -0.1287 0.9429 0.3071
vn -0.0693 0.9449 0.3199
vn -0.2099 0.7697 0.6029
vn -0.1597 0.6984 0.6976
vn -0.0536 0.8703 0.4896
vn -0.1506 0.6789 0.7186
vn -0.0168 0.7647 0.6441
vt 0.000000 0.000000
vt 0.260742 0.776123
vt 0.247070 0.781738
vt 0.255371 0.772705
vt 0.262939 0.770996
vt 0.266357 0.765625
vt 0.278320 0.768066
vt 0.282471 0.762939
vt 0.268555 0.759033
vt 0.800537 0.223389
vt 0.793213 0.224854
vt 0.803711 0.217773
vt 0.804443 0.219971
vt 0.807617 0.215088
vt 0.806885 0.218262
vt 0.775635 0.994873
vt 0.778564 0.992676
vt 0.778320 0.997070
vt 0.773193 0.995850
vt 0.772705 0.993652
vt 0.772461 0.990967
vt 0.775879 0.992676
vt 0.775635 0.989990
vt 0.778320 0.988525
vt 0.777100 0.986572
vt 0.774902 0.985596
vt 0.775879 0.984131
vt 0.778809 0.985107
vt 0.775391 0.981934
vt 0.572510 0.963623
vt 0.571289 0.960205
vt 0.573975 0.962891
vt 0.574219 0.964355
vt 0.572998 0.966064
vt 0.570557 0.964111
vt 0.571289 0.967285
vt 0.569092 0.971680
vt 0.568359 0.966309
vt 0.803467 0.227295
vt 0.802002 0.224609
vt 0.804443 0.223633
vt 0.805176 0.221436
vt 0.799561 0.229980
vt 0.566895 0.970703
vt 0.565918 0.966309
vt 0.564453 0.969971
vt 0.563232 0.974854
vt 0.564453 0.975342
vt 0.567871 0.975586
vt 0.566162 0.977051
vt 0.567139 0.979736
vt 0.568848 0.979980
vt 0.569092 0.984375
vt 0.566650 0.984863
vt 0.565674 0.982178
vt 0.564453 0.985107
vt 0.563232 0.980469
vt 0.562988 0.985352
vt 0.561768 0.982422
vt 0.562012 0.977783
vt 0.560791 0.981201
vt 0.561035 0.986572
vt 0.557861 0.983887
vt 0.559326 0.979248
vt 0.561279 0.975586
vt 0.546631 0.983887
vt 0.550293 0.974365
vt 0.558350 0.968018
vt 0.796631 0.241943
vt 0.791748 0.242432
vt 0.793945 0.234863
vt 0.787598 0.231445
vt 0.785645 0.234619
vt 0.782227 0.227051
vt 0.285156 0.770752
vt 0.291748 0.765137
vt 0.270508 0.772949
vt 0.272779 0.773648
vt 0.285081 0.770827
vt 0.828840 0.363839
vt 0.826289 0.369322
vt 0.826904 0.362549
vt 0.522598 0.304748
vt 0.520877 0.303673
vt 0.522705 0.302490
vt 0.529053 0.308838
vt 0.527303 0.308514
vt 0.529771 0.310433
vt 0.534912 0.313721
vt 0.533539 0.313721
vt 0.535695 0.316141
vt 0.542236 0.319824
vt 0.540062 0.320854
vt 0.261535 0.776666
vt 0.259896 0.777392
vt 0.269227 0.774536
vt 0.250796 0.781831
vt 0.247714 0.783347
vt 0.236298 0.790223
vt 0.236084 0.790283
vt 0.234863 0.786133
vt 0.227783 0.796631
vt 0.022461 0.046631
vt 0.033936 0.055176
vt 0.021729 0.051514
vt 0.020752 0.569824
vt 0.032471 0.581055
vt 0.019531 0.574707
vt 0.031494 0.585693
vt 0.030029 0.591553
vt 0.017578 0.582520
vt 0.016846 0.041504
vt 0.024414 0.042725
vt 0.033203 0.044922
vt 0.036865 0.051514
vt 0.229736 0.783691
vt 0.234619 0.780273
vt 0.234863 0.782715
vt 0.234762 0.779987
vt 0.234720 0.780259
vt 0.234661 0.780001
vt 0.234375 0.779541
vt 0.235496 0.780239
vt 0.235596 0.779541
vt 0.235457 0.779993
vt 0.235337 0.779989
vt 0.235183 0.779723
vt 0.235107 0.779297
vt 0.234771 0.781644
vt 0.234690 0.779813
vt 0.236084 0.778809
vt 0.235529 0.780007
vt 0.235545 0.780220
vt 0.234575 0.779785
vt 0.235107 0.777100
vt 0.241455 0.774658
vt 0.243164 0.778320
vt 0.249023 0.768311
vt 0.243896 0.770264
vt 0.239014 0.773926
vt 0.242676 0.769531
vt 0.246338 0.766113
vt 0.246582 0.761719
vt 0.250732 0.761963
vt 0.250732 0.756348
vt 0.257080 0.759521
vt 0.254883 0.761719
vt 0.251709 0.763672
vt 0.249268 0.764893
vt 0.250977 0.764893
vt 0.251953 0.765869
vt 0.254883 0.766113
vt 0.253662 0.770020
vt 0.260010 0.761719
vt 0.253662 0.763916
vt 0.263672 0.758545
vt 0.261963 0.755859
vt 0.264648 0.756836
vt 0.255371 0.755371
vt 0.257324 0.752686
vt 0.257568 0.749756
vt 0.257813 0.746826
vt 0.778564 0.999512
vt 0.771484 0.998291
vt 0.768066 0.996826
vt 0.767822 0.995117
vt 0.422363 0.888916
vt 0.418213 0.887939
vt 0.419678 0.885986
vt 0.423584 0.885986
vt 0.425537 0.886963
vt 0.427979 0.884521
vt 0.432373 0.888672
vt 0.435547 0.885986
vt 0.436279 0.887939
vt 0.434570 0.890381
vt 0.436279 0.891113
vt 0.439941 0.887695
vt 0.438232 0.892334
vt 0.437256 0.894775
vt 0.439941 0.894775
vt 0.436279 0.898926
vt 0.433594 0.898926
vt 0.433838 0.896240
vt 0.432373 0.895264
vt 0.430176 0.895264
vt 0.429443 0.897705
vt 0.426514 0.899902
vt 0.430908 0.901611
vt 0.433838 0.902832
vt 0.442139 0.891602
vt 0.443359 0.888428
vt 0.445801 0.891357
vt 0.443604 0.895996
vt 0.440918 0.900146
vt 0.013428 0.143555
vt 0.010498 0.149414
vt 0.005615 0.140137
vt 0.011719 0.139893
vt 0.020264 0.131592
vt 0.017090 0.139404
vt 0.020996 0.144043
vt 0.023926 0.142090
vt 0.031982 0.147705
vt 0.021484 0.148926
vt 0.015381 0.146973
vt 0.020508 0.152344
vt 0.020996 0.155029
vt 0.009277 0.153076
vt 0.006592 0.017334
vt 0.001953 0.019531
vt 0.003418 0.013916
vt 0.009033 0.016357
vt 0.009033 0.018555
vt 0.363037 0.003906
vt 0.363281 0.006348
vt 0.359863 0.005371
vt 0.012207 0.014893
vt 0.015381 0.012939
vt 0.016113 0.015381
vt 0.370850 0.003662
vt 0.370361 0.001709
vt 0.372070 0.000977
vt 0.991211 0.065430
vt 0.989258 0.065430
vt 0.989990 0.063721
vt 0.013672 0.018311
vt 0.013672 0.016113
vt 0.011230 0.017334
vt 0.010742 0.019287
vt 0.998779 0.067627
vt 0.996338 0.068604
vt 0.996094 0.066406
vt 0.993652 0.068604
vt 0.371826 0.017090
vt 0.364746 0.005371
vt 0.367920 0.006348
vt 0.373291 0.015869
vt 0.407715 0.888672
vt 0.406006 0.888916
vt 0.406982 0.887695
vt 0.406250 0.887695
vt 0.407715 0.886230
vt 0.765137 0.984131
vt 0.771973 0.986084
vt 0.766602 0.986328
vt 0.769775 0.987549
vt 0.765869 0.988037
vt 0.220703 0.036377
vt 0.222168 0.020996
vt 0.222412 0.036133
vt 0.369873 0.018555
vt 0.218994 0.034668
vt 0.369141 0.003418
vt 0.410400 0.888428
vt 0.404541 0.892578
vt 0.412354 0.889648
vt 0.765137 0.990234
vt 0.770508 0.991943
vt 0.766357 0.992432
vt 0.406494 0.894531
vt 0.415283 0.890137
vt 0.407471 0.895508
vt 0.398438 0.898438
vt 0.398193 0.900635
vt 0.392090 0.900879
vt 0.390625 0.904297
vt 0.385742 0.904297
vt 0.392090 0.905518
vt 0.600342 0.631836
vt 0.610596 0.626709
vt 0.616455 0.631836
vt 0.251465 0.716309
vt 0.246094 0.712402
vt 0.245361 0.701416
vt 0.601074 0.638672
vt 0.610596 0.640137
vt 0.608887 0.642578
vt 0.600830 0.643311
vt 0.594482 0.643311
vt 0.591064 0.638916
vt 0.589600 0.634521
vt 0.584229 0.637451
vt 0.577881 0.646729
vt 0.574463 0.645996
vt 0.576172 0.636230
vt 0.583252 0.634277
vt 0.576660 0.634033
vt 0.582764 0.627686
vt 0.587646 0.626953
vt 0.590332 0.620117
vt 0.605225 0.623291
vt 0.599365 0.618652
vt 0.608154 0.618408
vt 0.615234 0.624268
vt 0.387207 0.899658
vt 0.391602 0.898438
vt 0.394775 0.893799
vt 0.397217 0.893555
vt 0.399414 0.895020
vt 0.400635 0.889160
vt 0.403564 0.886963
vt 0.996338 0.079346
vt 0.998779 0.080078
vt 0.992188 0.078857
vt 0.991699 0.067139
vt 0.992920 0.066162
vt 0.398682 0.888184
vt 0.395020 0.889160
vt 0.389648 0.893555
vt 0.389160 0.888916
vt 0.382568 0.889160
vt 0.380371 0.893555
vt 0.619629 0.613770
vt 0.609131 0.613281
vt 0.610352 0.609375
vt 0.378418 0.884766
vt 0.374756 0.888672
vt 0.602295 0.607422
vt 0.617676 0.603516
vt 0.615479 0.598877
vt 0.374512 0.883057
vt 0.379883 0.884033
vt 0.378174 0.882813
vt 0.374512 0.882324
vt 0.609619 0.598877
vt 0.617676 0.597168
vt 0.610840 0.595703
vt 0.615723 0.593506
vt 0.619873 0.594482
vt 0.373535 0.880859
vt 0.375732 0.881348
vt 0.377686 0.882324
vt 0.377197 0.880371
vt 0.378906 0.878906
vt 0.381592 0.881104
vt 0.576904 0.977783
vt 0.581543 0.981934
vt 0.578857 0.982910
vt 0.576172 0.982178
vt 0.573975 0.977539
vt 0.573730 0.974609
vt 0.571289 0.973877
vt 0.571533 0.971191
vt 0.571289 0.976074
vt 0.569580 0.977051
vt 0.572754 0.979980
vt 0.571289 0.981201
vt 0.570313 0.984131
vt 0.572510 0.984131
vt 0.572021 0.986328
vt 0.569824 0.987305
vt 0.573242 0.989746
vt 0.574219 0.994141
vt 0.570313 0.991211
vt 0.572266 0.996094
vt 0.567627 0.990723
vt 0.569580 0.994629
vt 0.567871 0.993896
vt 0.566162 0.991455
vt 0.565674 0.988281
vt 0.567871 0.987549
vt 0.564697 0.989258
vt 0.563232 0.988281
vt 0.561523 0.991455
vt 0.559326 0.990234
vt 0.562500 0.994629
vt 0.602539 0.558350
vt 0.609131 0.549561
vt 0.608643 0.555420
vt 0.604980 0.561768
vt 0.600342 0.562988
vt 0.597900 0.562256
vt 0.600098 0.556885
vt 0.595459 0.564209
vt 0.592041 0.572021
vt 0.598633 0.568604
vt 0.594482 0.572754
vt 0.590088 0.578369
vt 0.584473 0.580811
vt 0.589600 0.572510
vt 0.580322 0.581543
vt 0.587402 0.569336
vt 0.592773 0.566162
vt 0.594238 0.561035
vt 0.584717 0.568359
vt 0.593506 0.553223
vt 0.583740 0.562500
vt 0.576660 0.575195
vt 0.574707 0.569336
vt 0.572021 0.578857
vt 0.569336 0.575439
vt 0.569580 0.571045
vt 0.581299 0.555176
vt 0.559570 0.558594
vt 0.553711 0.587646
vt 0.546875 0.579102
vt 0.544922 0.600830
vt 0.804443 0.650146
vt 0.815918 0.659424
vt 0.803467 0.659424
vt 0.793701 0.656250
vt 0.785156 0.668701
vt 0.771484 0.666992
vt 0.779297 0.658447
vt 0.760498 0.668457
vt 0.770752 0.658691
vt 0.782959 0.652344
vt 0.794922 0.647705
vt 0.795410 0.651123
vt 0.805176 0.645508
vt 0.815674 0.648926
vt 0.819580 0.652832
vt 0.976563 0.750977
vt 0.979248 0.751221
vt 0.978271 0.754883
vt 0.976318 0.758057
vt 0.973877 0.753174
vt 0.975342 0.748047
vt 0.977295 0.744873
vt 0.974854 0.743408
vt 0.977783 0.739746
vt 0.978516 0.742432
vt 0.980469 0.735352
vt 0.979004 0.733398
vt 0.981445 0.728027
vt 0.977783 0.729004
vt 0.977539 0.733887
vt 0.975586 0.733398
vt 0.974854 0.738525
vt 0.975549 0.733422
vt 0.974671 0.737940
vt 0.974524 0.738891
vt 0.974579 0.738365
vt 0.974131 0.742605
vt 0.614479 0.251224
vt 0.616211 0.241699
vt 0.616603 0.242915
vt 0.616841 0.241598
vt 0.617126 0.240007
vt 0.613281 0.233887
vt 0.618163 0.233124
vt 0.619141 0.225830
vt 0.619629 0.227538
vt 0.620092 0.225196
vt 0.621338 0.214600
vt 0.621814 0.216397
vt 0.976544 0.729623
vt 0.975563 0.733347
vt 0.622081 0.214649
vt 0.622070 0.203613
vt 0.622332 0.204614
vt 0.622395 0.203593
vt 0.622539 0.202793
vt 0.622070 0.193115
vt 0.624746 0.194186
vt 0.978172 0.724542
vt 0.979096 0.722182
vt 0.980225 0.722900
vt 0.977783 0.725661
vt 0.976934 0.728579
vt 0.980010 0.720643
vt 0.584958 0.519679
vt 0.579102 0.525391
vt 0.580714 0.522058
vt 0.803550 0.401855
vt 0.800245 0.405633
vt 0.798828 0.401855
vt 0.803467 0.395264
vt 0.805455 0.400144
vt 0.586130 0.519227
vt 0.587432 0.519369
vt 0.585938 0.520508
vt 0.591998 0.518314
vt 0.592529 0.519287
vt 0.588135 0.524170
vt 0.582520 0.526367
vt 0.586182 0.529053
vt 0.577637 0.533936
vt 0.982910 0.725098
vt 0.983154 0.730957
vt 0.584961 0.536865
vt 0.574463 0.539551
vt 0.576172 0.544434
vt 0.560547 0.552246
vt 0.981689 0.739746
vt 0.544434 0.556396
vt 0.979980 0.747559
vt 0.575195 0.552002
vt 0.577148 0.547119
vt 0.578613 0.551025
vt 0.580566 0.547852
vt 0.592285 0.544434
vt 0.593994 0.530518
vt 0.545410 0.990234
vt 0.554932 0.988037
vt 0.601563 0.546143
vt 0.599121 0.553711
vt 0.604492 0.552490
vt 0.557129 0.991699
vt 0.593994 0.526855
vt 0.543213 0.977295
vt 0.542725 0.983643
vt 0.538330 0.983154
vt 0.794868 0.253148
vt 0.797119 0.250488
vt 0.799316 0.256592
vt 0.795777 0.254468
vt 0.813349 0.390683
vt 0.811129 0.393863
vt 0.811279 0.389648
vt 0.817139 0.384766
vt 0.817074 0.385766
vt 0.817946 0.384540
vt 0.822754 0.375977
vt 0.822792 0.376529
vt 0.789953 0.244122
vt 0.788430 0.240830
vt 0.793906 0.251455
vt 0.785446 0.235511
vt 0.824176 0.373742
vt 0.823211 0.375748
vt 0.819824 0.368408
vt 0.825666 0.370430
vt 0.782184 0.227118
vt 0.784614 0.234143
vt 0.823730 0.356689
vt 0.817871 0.361572
vt 0.810547 0.371826
vt 0.809814 0.360107
vt 0.803711 0.369873
vt 0.806885 0.359863
vt 0.803467 0.363770
vt 0.806885 0.352051
vt 0.800049 0.361084
vt 0.795166 0.366211
vt 0.793945 0.373779
vt 0.791016 0.369385
vt 0.788818 0.372314
vt 0.785156 0.366943
vt 0.785400 0.365234
vt 0.789795 0.362061
vt 0.793701 0.359375
vt 0.791748 0.354492
vt 0.799805 0.346191
vt 0.794189 0.342285
vt 0.802979 0.336914
vt 0.807373 0.339111
vt 0.808838 0.348389
vt 0.808105 0.352051
vt 0.812500 0.349121
vt 0.812012 0.356445
vt 0.815918 0.346924
vt 0.817871 0.350586
vt 0.820068 0.349854
vt 0.824219 0.351318
vt 0.822754 0.352051
vt 0.534180 0.307861
vt 0.528564 0.304199
vt 0.534668 0.305420
vt 0.539795 0.309814
vt 0.540527 0.305664
vt 0.536621 0.304443
vt 0.541504 0.304443
vt 0.544678 0.306641
vt 0.550049 0.312500
vt 0.816162 0.342041
vt 0.815430 0.339844
vt 0.820068 0.334717
vt 0.817871 0.335693
vt 0.820557 0.330078
vt 0.817383 0.333740
vt 0.819092 0.330322
vt 0.816162 0.332275
vt 0.820557 0.327637
vt 0.815918 0.330078
vt 0.817871 0.326904
vt 0.827148 0.321533
vt 0.962158 0.187744
vt 0.959229 0.195801
vt 0.962646 0.179443
vt 0.964600 0.183350
vt 0.964355 0.185303
vt 0.964355 0.187744
vt 0.965820 0.188477
vt 0.961914 0.193848
vt 0.967773 0.190918
vt 0.966553 0.185059
vt 0.976074 0.187012
vt 0.972168 0.207031
vt 0.976807 0.213867
vt 0.972168 0.214111
vt 0.968750 0.207275
vt 0.967529 0.219727
vt 0.963379 0.209473
vt 0.966064 0.206055
vt 0.966309 0.202881
vt 0.965088 0.197266
vt 0.964844 0.193848
vt 0.964600 0.193359
vt 0.958252 0.202148
vt 0.956055 0.197754
vt 0.825195 0.324219
vt 0.830566 0.320313
vt 0.825928 0.324951
vt 0.823242 0.328857
vt 0.557617 0.321777
vt 0.549316 0.316406
vt 0.554688 0.317139
vt 0.555420 0.327393
vt 0.549072 0.323242
vt 0.540527 0.313477
vt 0.548828 0.327393
vt 0.543472 0.324081
vt 0.546570 0.327393
vt 0.552979 0.334717
vt 0.551232 0.333220
vt 0.552406 0.334574
vt 0.553116 0.336089
vt 0.559570 0.343994
vt 0.556618 0.344251
vt 0.022499 0.567453
vt 0.031344 0.575513
vt 0.033667 0.577666
vt 0.038617 0.585042
vt 0.040568 0.589188
vt 0.038086 0.595215
vt 0.558329 0.350199
vt 0.557373 0.334961
vt 0.567383 0.341064
vt 0.561768 0.327148
vt 0.955322 0.208984
vt 0.949951 0.211914
vt 0.955078 0.217773
vt 0.957275 0.218506
vt 0.022217 0.591309
vt 0.020264 0.591064
vt 0.015869 0.584229
vt 0.016602 0.038330
vt 0.025391 0.040283
vt 0.024414 0.038574
vt 0.030518 0.038330
vt 0.035400 0.041260
vt 0.037354 0.039551
vt 0.231445 0.775635
vt 0.230469 0.782227
vt 0.228760 0.780762
vt 0.228516 0.779297
vt 0.228760 0.777100
vt 0.232178 0.770996
vt 0.234619 0.770996
vt 0.234619 0.775146
vt 0.232178 0.778320
vt 0.233398 0.778076
vt 0.037354 0.044434
vt 0.237793 0.773438
vt 0.240479 0.767334
vt 0.238525 0.766846
vt 0.238770 0.761475
vt 0.243896 0.760742
vt 0.245605 0.755615
vt 0.242920 0.756104
vt 0.240723 0.745361
vt 0.243896 0.742188
vt 0.246338 0.749756
vt 0.249268 0.750244
vt 0.252441 0.753662
vt 0.253418 0.751221
vt 0.249268 0.745361
vt 0.250488 0.743652
vt 0.253174 0.747803
vt 0.252930 0.744629
vt 0.250977 0.739502
vt 0.250000 0.740723
vt 0.247070 0.727783
vt 0.248291 0.737549
vt 0.245117 0.725586
vt 0.244629 0.721680
vt 0.247314 0.725586
vt 0.250732 0.736328
vt 0.249268 0.728516
vt 0.251953 0.737793
vt 0.251709 0.740234
vt 0.253906 0.744385
vt 0.255371 0.749268
vt 0.254883 0.743896
vt 0.252930 0.737549
vt 0.253906 0.737061
vt 0.255371 0.742920
vt 0.255615 0.741211
vt 0.423340 0.883057
vt 0.425049 0.882813
vt 0.253662 0.730469
vt 0.255615 0.736328
vt 0.257080 0.739258
vt 0.429932 0.881836
vt 0.427246 0.881104
vt 0.414551 0.894775
vt 0.418213 0.894775
vt 0.421631 0.891357
vt 0.427734 0.895020
vt 0.426270 0.898682
vt 0.429932 0.891846
vt 0.431396 0.892090
vt 0.255371 0.728271
vt 0.402832 0.901123
vt 0.251221 0.720215
vt 0.249756 0.721924
vt 0.245361 0.715576
vt 0.248291 0.721191
vt 0.251709 0.728516
vt 0.250488 0.727783
vt 0.246826 0.722168
vt 0.244629 0.718994
vt 0.242188 0.709473
vt 0.242188 0.715820
vt 0.243164 0.722412
vt 0.239990 0.717285
vt 0.236816 0.700195
vt 0.967041 0.293457
vt 0.960693 0.292725
vt 0.962158 0.276611
vt 0.235840 0.716064
vt 0.233398 0.700195
vt 0.974121 0.291504
vt 0.978027 0.281738
vt 0.234863 0.722900
vt 0.231201 0.704834
vt 0.238281 0.725830
vt 0.240479 0.726318
vt 0.242676 0.732178
vt 0.239746 0.736572
vt 0.246582 0.738525
vt 0.241699 0.726074
vt 0.244873 0.729736
vt 0.236816 0.741943
vt 0.230225 0.730469
vt 0.235107 0.744385
vt 0.321533 0.110840
vt 0.327637 0.112549
vt 0.327393 0.121826
vt 0.335693 0.121582
vt 0.197266 0.488525
vt 0.181885 0.500732
vt 0.179443 0.494629
vt 0.196045 0.472412
vt 0.562500 0.209717
vt 0.549072 0.211426
vt 0.549316 0.199219
vt 0.562012 0.204346
vt 0.570313 0.214844
vt 0.573242 0.208984
vt 0.587402 0.220947
vt 0.572510 0.221191
vt 0.561523 0.216553
vt 0.554688 0.222168
vt 0.549072 0.225830
vt 0.556152 0.226807
vt 0.565186 0.229980
vt 0.560303 0.237549
vt 0.576660 0.236328
vt 0.574951 0.227539
vt 0.585938 0.231445
vt 0.588379 0.241455
vt 0.580811 0.243408
vt 0.961670 0.334961
vt 0.948242 0.328369
vt 0.959717 0.327881
vt 0.961670 0.319092
vt 0.954102 0.310791
vt 0.958252 0.309082
vt 0.966309 0.309814
vt 0.955811 0.305176
vt 0.953613 0.307373
vt 0.953125 0.303223
vt 0.956055 0.299561
vt 0.593506 0.644531
vt 0.599121 0.648193
vt 0.590576 0.650879
vt 0.585205 0.647217
vt 0.581543 0.653564
vt 0.577148 0.652344
vt 0.579346 0.659180
vt 0.576660 0.656982
vt 0.574219 0.651123
vt 0.573242 0.656738
vt 0.572266 0.649658
vt 0.570313 0.645020
vt 0.567627 0.646729
vt 0.566406 0.644043
vt 0.557617 0.650879
vt 0.560547 0.644531
vt 0.570557 0.634521
vt 0.562012 0.637207
vt 0.555176 0.645020
vt 0.554688 0.637695
vt 0.558838 0.629883
vt 0.560791 0.628906
vt 0.944092 0.312500
vt 0.947510 0.312012
vt 0.937256 0.318848
vt 0.556885 0.619873
vt 0.562256 0.625732
vt 0.567627 0.631836
vt 0.569336 0.630615
vt 0.575928 0.625000
vt 0.571777 0.622803
vt 0.569336 0.619873
vt 0.574707 0.622559
vt 0.572510 0.614990
vt 0.555420 0.610352
vt 0.547363 0.615479
vt 0.552490 0.608398
vt 0.556641 0.600098
vt 0.560791 0.603027
vt 0.563232 0.607910
vt 0.565918 0.602783
vt 0.567383 0.605957
vt 0.575684 0.609375
vt 0.581543 0.607666
vt 0.580078 0.609863
vt 0.579834 0.613037
vt 0.583496 0.611572
vt 0.585205 0.615723
vt 0.582764 0.625977
vt 0.590820 0.612061
vt 0.598145 0.610596
vt 0.598877 0.602783
vt 0.602539 0.598877
vt 0.601318 0.597412
vt 0.608887 0.593750
vt 0.603271 0.594482
vt 0.596924 0.594727
vt 0.602783 0.591309
vt 0.608887 0.590332
vt 0.609375 0.585938
vt 0.601318 0.588135
vt 0.595215 0.589355
vt 0.595215 0.585938
vt 0.603760 0.585205
vt 0.600342 0.583496
vt 0.607910 0.582031
vt 0.612549 0.581055
vt 0.616211 0.583984
vt 0.618408 0.581543
vt 0.615967 0.578857
vt 0.623291 0.577637
vt 0.576172 0.993896
vt 0.577881 0.997314
vt 0.618652 0.575684
vt 0.613037 0.576172
vt 0.620850 0.572998
vt 0.613281 0.574219
vt 0.619385 0.570557
vt 0.611084 0.572510
vt 0.615723 0.569092
vt 0.623779 0.568359
vt 0.609375 0.570068
vt 0.614502 0.565430
vt 0.620605 0.561035
vt 0.615967 0.561035
vt 0.610596 0.564209
vt 0.615723 0.558838
vt 0.566895 0.996094
vt 0.565674 0.994629
vt 0.565186 0.992676
vt 0.609375 0.560059
vt 0.616699 0.557617
vt 0.563721 0.993408
vt 0.563965 0.996338
vt 0.612549 0.555908
vt 0.562500 0.990967
vt 0.609619 0.563477
vt 0.606201 0.563965
vt 0.600830 0.563477
vt 0.603271 0.565186
vt 0.603027 0.568359
vt 0.596436 0.573730
vt 0.598389 0.574463
vt 0.594482 0.576660
vt 0.599854 0.575928
vt 0.599121 0.577637
vt 0.593262 0.581055
vt 0.584717 0.583740
vt 0.586914 0.586182
vt 0.578857 0.590820
vt 0.580078 0.585205
vt 0.572998 0.589111
vt 0.572021 0.593994
vt 0.567871 0.593994
vt 0.573975 0.581543
vt 0.565430 0.586670
vt 0.563965 0.592285
vt 0.563965 0.594971
vt 0.564209 0.596680
vt 0.562988 0.598633
vt 0.560303 0.597900
vt 0.561523 0.593750
vt 0.557861 0.590576
vt 0.562744 0.582031
vt 0.558350 0.586914
vt 0.554932 0.591797
vt 0.549805 0.600830
vt 0.552979 0.600342
vt 0.546387 0.610596
vt 0.546875 0.614746
vt 0.936523 0.331543
vt 0.938965 0.329102
vt 0.945313 0.333008
vt 0.795898 0.669189
vt 0.788086 0.671387
vt 0.776367 0.675781
vt 0.948975 0.331055
vt 0.956299 0.337646
vt 0.961426 0.336670
vt 0.589111 0.242920
vt 0.600342 0.229980
vt 0.590088 0.247070
vt 0.604980 0.234131
vt 0.599365 0.256348
vt 0.608643 0.236084
vt 0.611328 0.224365
vt 0.614990 0.225586
vt 0.617432 0.215820
vt 0.614258 0.210449
vt 0.618408 0.204346
vt 0.615723 0.200439
vt 0.618652 0.188477
vt 0.793457 0.400879
vt 0.793945 0.406982
vt 0.798749 0.407479
vt 0.613037 0.194824
vt 0.783447 0.402100
vt 0.794678 0.393799
vt 0.800537 0.392822
vt 0.807373 0.387207
vt 0.809294 0.396204
vt 0.815430 0.378418
vt 0.811768 0.375488
vt 0.802979 0.384033
vt 0.795166 0.381592
vt 0.795654 0.377441
vt 0.784912 0.386719
vt 0.783447 0.382080
vt 0.770508 0.396973
vt 0.777832 0.382813
vt 0.783691 0.372803
vt 0.781006 0.369141
vt 0.771973 0.379150
vt 0.779541 0.366211
vt 0.786865 0.355957
vt 0.782227 0.354248
vt 0.787109 0.346680
vt 0.779785 0.343018
vt 0.086426 0.855957
vt 0.096680 0.855957
vt 0.092285 0.856689
vt 0.791748 0.331299
vt 0.785400 0.338867
vt 0.788330 0.327637
vt 0.791504 0.323975
vt 0.799072 0.330811
vt 0.799561 0.325195
vt 0.808594 0.333252
vt 0.804443 0.324463
vt 0.809082 0.328369
vt 0.811523 0.328857
vt 0.812500 0.334229
vt 0.809326 0.338379
vt 0.812744 0.336670
vt 0.813965 0.331055
vt 0.813477 0.329834
vt 0.814209 0.327881
vt 0.815430 0.328369
vt 0.815674 0.324707
vt 0.811523 0.322021
vt 0.814209 0.313965
vt 0.817627 0.318359
vt 0.968750 0.177002
vt 0.964844 0.180176
vt 0.817627 0.308350
vt 0.812012 0.301270
vt 0.813721 0.298584
vt 0.822998 0.302490
vt 0.822998 0.309326
vt 0.821045 0.312256
vt 0.361572 0.102783
vt 0.373047 0.106445
vt 0.369141 0.108643
vt 0.364014 0.111084
vt 0.357666 0.106934
vt 0.350830 0.099121
vt 0.346191 0.103271
vt 0.337158 0.100098
vt 0.341309 0.107422
vt 0.331055 0.101318
vt 0.332764 0.108887
vt 0.325439 0.100830
vt 0.328125 0.096924
vt 0.321045 0.093994
vt 0.322266 0.092041
vt 0.325195 0.090088
vt 0.336914 0.093262
vt 0.342041 0.091064
vt 0.354248 0.092773
vt 0.358887 0.097900
vt 0.025146 0.020752
vt 0.019531 0.025146
vt 0.014160 0.024902
vt 0.010742 0.029541
vt 0.022705 0.028564
vt 0.021240 0.031738
vt 0.017334 0.033691
vt 0.964111 0.228271
vt 0.964600 0.219727
vt 0.962646 0.219238
vt 0.961182 0.211182
vt 0.960449 0.202637
vt 0.964111 0.200928
vt 0.959229 0.208252
vt 0.958008 0.208984
vt 0.959961 0.217285
vt 0.960693 0.221924
vt 0.019531 0.592529
vt 0.016357 0.589844
vt 0.012939 0.036621
vt 0.019043 0.035645
vt 0.018555 0.037109
vt 0.024414 0.036621
vt 0.031006 0.035645
vt 0.027100 0.035156
vt 0.031738 0.034668
vt 0.036377 0.035645
vt 0.036865 0.033203
vt 0.032471 0.033203
vt 0.038818 0.031250
vt 0.037842 0.029541
vt 0.042480 0.028320
vt 0.041992 0.032227
vt 0.227295 0.770996
vt 0.228027 0.774902
vt 0.225830 0.773682
vt 0.226074 0.769531
vt 0.229492 0.765869
vt 0.229492 0.768799
vt 0.231445 0.765869
vt 0.233154 0.764893
vt 0.231445 0.762695
vt 0.235840 0.760742
vt 0.232178 0.759277
vt 0.236084 0.758057
vt 0.237061 0.752441
vt 0.238037 0.747803
vt 0.233643 0.748291
vt 0.234863 0.754883
vt 0.232178 0.754150
vt 0.321777 0.105957
vt 0.320313 0.098877
vt 0.328125 0.109619
vt 0.344482 0.115479
vt 0.229004 0.757324
vt 0.229736 0.761475
vt 0.226563 0.765381
vt 0.227051 0.759521
vt 0.235107 0.765381
vt 0.044922 0.023438
vt 0.040771 0.020752
vt 0.046143 0.019287
vt 0.037354 0.019043
vt 0.320313 0.086914
vt 0.329102 0.086670
vt 0.032715 0.024658
vt 0.028076 0.022949
vt 0.028320 0.029297
vt 0.038574 0.024658
vt 0.027588 0.033203
vt 0.024170 0.034912
vt 0.020264 0.034180
vt 0.040283 0.034424
vt 0.037842 0.037598
vt 0.350098 0.112793
vt 0.350098 0.114502
vt 0.341309 0.125732
vt 0.344238 0.128418
vt 0.343994 0.136719
vt 0.186035 0.480225
vt 0.192871 0.468506
vt 0.198242 0.467285
vt 0.203857 0.469238
vt 0.208740 0.456055
vt 0.417969 0.825928
vt 0.413330 0.816650
vt 0.421387 0.822998
vt 0.571289 0.203857
vt 0.559326 0.197998
vt 0.562500 0.195801
vt 0.571045 0.197754
vt 0.581543 0.205078
vt 0.572510 0.191650
vt 0.589355 0.203369
vt 0.583984 0.206543
vt 0.587402 0.211914
vt 0.589355 0.205566
vt 0.591553 0.209229
vt 0.596680 0.222412
vt 0.597412 0.207520
vt 0.599609 0.207520
vt 0.599609 0.222656
vt 0.595947 0.231445
vt 0.602295 0.214844
vt 0.609619 0.213623
vt 0.602783 0.203613
vt 0.771484 0.403809
vt 0.784180 0.391846
vt 0.777344 0.397217
vt 0.602783 0.197021
vt 0.598633 0.198242
vt 0.763916 0.368408
vt 0.766357 0.375488
vt 0.761475 0.391602
vt 0.773193 0.368164
vt 0.768555 0.363770
vt 0.774170 0.359375
vt 0.778076 0.352295
vt 0.775146 0.351074
vt 0.099365 0.845947
vt 0.103760 0.847900
vt 0.107422 0.859619
vt 0.097168 0.861328
vt 0.104736 0.866455
vt 0.099121 0.866699
vt 0.784180 0.328857
vt 0.782471 0.336670
vt 0.781006 0.331787
vt 0.777832 0.325439
vt 0.778564 0.322266
vt 0.783936 0.319336
vt 0.778320 0.316895
vt 0.780029 0.314697
vt 0.782959 0.306885
vt 0.788086 0.311035
vt 0.789795 0.317871
vt 0.796143 0.311279
vt 0.797363 0.318848
vt 0.803467 0.310059
vt 0.804932 0.312988
vt 0.806641 0.316406
vt 0.808105 0.313232
vt 0.808105 0.318359
vt 0.808594 0.321533
vt 0.808838 0.324219
vt 0.808105 0.305908
vt 0.801514 0.306152
vt 0.802490 0.303223
vt 0.794189 0.300293
vt 0.793213 0.299316
vt 0.791748 0.302490
vt 0.792480 0.297607
vt 0.793457 0.298096
vt 0.515869 0.006836
vt 0.515625 0.008301
vt 0.513428 0.006104
vt 0.114746 0.892578
vt 0.118408 0.880127
vt 0.116699 0.890869
vt 0.113281 0.888672
vt 0.785400 0.304199
vt 0.786377 0.300293
vt 0.112061 0.885498
vt 0.111572 0.877686
vt 0.517334 0.007813
vt 0.517090 0.009033
vt 0.519043 0.007568
vt 0.792236 0.294678
vt 0.790039 0.295898
vt 0.517822 0.004395
vt 0.515381 0.013184
vt 0.110107 0.881348
vt 0.107910 0.877930
vt 0.106689 0.873047
vt 0.109375 0.868652
vt 0.114502 0.873047
vt 0.111084 0.864014
vt 0.116455 0.857910
vt 0.368408 0.112305
vt 0.360596 0.113281
vt 0.113037 0.850586
vt 0.356445 0.122559
vt 0.362549 0.123291
vt 0.356934 0.126709
vt 0.352051 0.126709
vt 0.116943 0.837891
vt 0.115967 0.842773
vt 0.112305 0.840576
vt 0.110107 0.837158
vt 0.354492 0.134521
vt 0.350342 0.133789
vt 0.347900 0.128906
vt 0.443604 0.815674
vt 0.445801 0.806152
vt 0.450684 0.815674
vt 0.454834 0.804688
vt 0.458984 0.815430
vt 0.463623 0.803711
vt 0.465332 0.800293
vt 0.195557 0.453125
vt 0.195313 0.449707
vt 0.217041 0.454590
vt 0.410645 0.811279
vt 0.415771 0.807373
vt 0.419189 0.811523
vt 0.427734 0.810059
vt 0.433350 0.804688
vt 0.436279 0.807373
vt 0.437988 0.818359
vt 0.108154 0.845703
vt 0.104736 0.837158
vt 0.104492 0.843262
vt 0.101074 0.841064
vt 0.766846 0.355469
vt 0.771240 0.353271
vt 0.764893 0.360107
vt 0.564453 0.189941
vt 0.563232 0.186768
vt 0.425049 0.822998
vt 0.429688 0.821777
vt 0.106934 0.851563
vt 0.450928 0.802979
vt 0.435547 0.794189
vt 0.448730 0.791748
vt 0.458252 0.794434
vt 0.470459 0.793945
vt 0.463623 0.790527
vt 0.466553 0.786621
vt 0.463867 0.775391
vt 0.460938 0.762451
vt 0.170166 0.407471
vt 0.185547 0.445557
vt 0.170898 0.425293
vt 0.942139 0.822510
vt 0.948242 0.821289
vt 0.943359 0.833740
vt 0.936279 0.824219
vt 0.934570 0.820801
vt 0.930420 0.824463
vt 0.931641 0.818359
vt 0.933838 0.811523
vt 0.940674 0.820068
vt 0.939941 0.810547
vt 0.937012 0.808350
vt 0.945557 0.806641
vt 0.947266 0.818115
vt 0.950684 0.808594
vt 0.953613 0.806152
vt 0.954834 0.819336
vt 0.951904 0.817139
vt 0.934570 0.272461
vt 0.923584 0.273682
vt 0.928223 0.270264
vt 0.931885 0.262451
vt 0.939453 0.275879
vt 0.202148 0.407715
vt 0.196045 0.414063
vt 0.201416 0.398682
vt 0.193115 0.401855
vt 0.190430 0.426514
vt 0.186279 0.423340
vt 0.190186 0.441406
vt 0.197510 0.435547
vt 0.193115 0.442871
vt 0.202148 0.446289
vt 0.210449 0.439697
vt 0.218506 0.411865
vt 0.936523 0.264404
vt 0.946045 0.273193
vt 0.943115 0.264160
vt 0.956787 0.272705
vt 0.951660 0.278320
vt 0.954834 0.289795
vt 0.224365 0.433350
vt 0.231201 0.427002
vt 0.228271 0.438965
vt 0.213379 0.445068
vt 0.217773 0.450195
vt 0.229004 0.443359
vt 0.397949 0.803223
vt 0.403320 0.797607
vt 0.405273 0.808105
vt 0.410156 0.802979
vt 0.412842 0.787842
vt 0.414063 0.794678
vt 0.418701 0.797119
vt 0.427490 0.798096
vt 0.431641 0.790771
vt 0.422119 0.784668
vt 0.431396 0.774658
vt 0.441406 0.787598
vt 0.434326 0.766113
vt 0.444336 0.781738
vt 0.439697 0.766846
vt 0.444824 0.763916
vt 0.446289 0.760742
vt 0.439941 0.760010
vt 0.435059 0.757568
vt 0.431152 0.763428
vt 0.427979 0.758789
vt 0.427734 0.761230
vt 0.422363 0.761963
vt 0.428467 0.754150
vt 0.424561 0.753174
vt 0.811035 0.148926
vt 0.805664 0.156982
vt 0.803467 0.152100
vt 0.417725 0.763916
vt 0.418213 0.760742
vt 0.805908 0.148926
vt 0.808594 0.136230
vt 0.815674 0.139160
vt 0.814209 0.153564
vt 0.823730 0.135498
vt 0.823975 0.153076
vt 0.139404 0.571289
vt 0.126709 0.564697
vt 0.134277 0.559570
vt 0.128174 0.552979
vt 0.807617 0.159668
vt 0.804932 0.158447
vt 0.216064 0.972900
vt 0.219727 0.983154
vt 0.217773 0.983643
vt 0.209961 0.977783
vt 0.204834 0.968750
vt 0.113037 0.558105
vt 0.119629 0.551025
vt 0.216797 0.966064
vt 0.219482 0.972168
vt 0.225830 0.978027
vt 0.222412 0.981201
vt 0.434814 0.754150
vt 0.430908 0.750488
vt 0.439697 0.755615
vt 0.224854 0.967285
vt 0.229980 0.975830
vt 0.232422 0.967773
vt 0.918945 0.818115
vt 0.915771 0.819092
vt 0.922607 0.810547
vt 0.924316 0.814209
vt 0.921875 0.825439
vt 0.444580 0.757813
vt 0.447998 0.755371
vt 0.228271 0.963135
vt 0.223633 0.961182
vt 0.223389 0.945068
vt 0.218994 0.941406
vt 0.219727 0.931152
vt 0.233398 0.960205
vt 0.917969 0.791748
vt 0.915527 0.802979
vt 0.913818 0.771240
vt 0.917969 0.769775
vt 0.924561 0.787842
vt 0.927002 0.800781
vt 0.925537 0.807129
vt 0.940918 0.804199
vt 0.933594 0.796875
vt 0.942871 0.799561
vt 0.946045 0.798828
vt 0.937500 0.786133
vt 0.944580 0.790527
vt 0.955322 0.802490
vt 0.858154 0.602051
vt 0.839600 0.590820
vt 0.849854 0.585205
vt 0.845215 0.575439
vt 0.850830 0.577393
vt 0.913330 0.261963
vt 0.907959 0.260986
vt 0.911621 0.256836
vt 0.922852 0.257813
vt 0.925781 0.259521
vt 0.928955 0.254883
vt 0.493652 0.950439
vt 0.489502 0.943359
vt 0.497314 0.948730
vt 0.494629 0.933105
vt 0.501953 0.926758
vt 0.933594 0.229492
vt 0.936523 0.239014
vt 0.940430 0.232666
vt 0.946289 0.237793
vt 0.951172 0.251221
vt 0.953369 0.230957
vt 0.958252 0.250732
vt 0.952148 0.263184
vt 0.375000 0.802734
vt 0.381348 0.792236
vt 0.383545 0.797363
vt 0.388184 0.789551
vt 0.388672 0.797119
vt 0.381592 0.803223
vt 0.396973 0.796631
vt 0.239502 0.435059
vt 0.243652 0.439453
vt 0.393066 0.782715
vt 0.404785 0.789795
vt 0.402832 0.781250
vt 0.409424 0.776367
vt 0.414307 0.770996
vt 0.405029 0.774658
vt 0.809082 0.281982
vt 0.818115 0.293701
vt 0.805420 0.291016
vt 0.797119 0.131348
vt 0.802002 0.129395
vt 0.800049 0.145264
vt 0.425293 0.766113
vt 0.801758 0.112305
vt 0.842773 0.289551
vt 0.838867 0.297852
vt 0.825684 0.281738
vt 0.843506 0.268555
vt 0.824219 0.269531
vt 0.814697 0.276367
vt 0.813232 0.267334
vt 0.816162 0.258789
vt 0.805908 0.257813
vt 0.804688 0.268799
vt 0.384033 0.783691
vt 0.380127 0.780029
vt 0.389648 0.776123
vt 0.376709 0.788818
vt 0.372803 0.785645
vt 0.803467 0.248047
vt 0.814453 0.247070
vt 0.803223 0.236572
vt 0.813965 0.235352
vt 0.827148 0.248779
vt 0.836670 0.256592
vt 0.835693 0.242188
vt 0.842529 0.247803
vt 0.848389 0.247559
vt 0.845947 0.256104
vt 0.847900 0.270752
vt 0.851563 0.253906
vt 0.851074 0.270996
vt 0.849365 0.291748
vt 0.830566 0.107422
vt 0.822998 0.111816
vt 0.812012 0.109619
vt 0.810791 0.114502
vt 0.804932 0.114746
vt 0.844971 0.297607
vt 0.818115 0.128418
vt 0.829834 0.132813
vt 0.836426 0.111572
vt 0.836914 0.131348
vt 0.841797 0.125488
vt 0.844971 0.138916
vt 0.836426 0.152832
vt 0.166992 0.588135
vt 0.151367 0.594727
vt 0.146240 0.582275
vt 0.135254 0.580811
vt 0.144043 0.603760
vt 0.118164 0.673828
vt 0.113281 0.664795
vt 0.122803 0.665039
vt 0.144287 0.683105
vt 0.128174 0.689209
vt 0.846680 0.231689
vt 0.844482 0.208008
vt 0.850586 0.231934
vt 0.843750 0.228271
vt 0.838379 0.237549
vt 0.832520 0.220459
vt 0.128906 0.710449
vt 0.105225 0.687012
vt 0.111084 0.682373
vt 0.101318 0.674316
vt 0.104736 0.658203
vt 0.136963 0.608398
vt 0.134766 0.602783
vt 0.126709 0.613770
vt 0.124512 0.608154
vt 0.119629 0.590820
vt 0.127930 0.585449
vt 0.125244 0.579346
vt 0.120361 0.571533
vt 0.110107 0.571045
vt 0.195557 0.960449
vt 0.192139 0.964844
vt 0.178467 0.968994
vt 0.407715 0.249023
vt 0.419922 0.256104
vt 0.408447 0.259766
vt 0.396729 0.254150
vt 0.402832 0.269043
vt 0.383789 0.245117
vt 0.394775 0.236328
vt 0.379883 0.228760
vt 0.386230 0.219482
vt 0.395752 0.226074
vt 0.410889 0.239502
vt 0.422363 0.250732
vt 0.429932 0.231445
vt 0.200928 0.929688
vt 0.210693 0.940186
vt 0.198486 0.952637
vt 0.214600 0.948242
vt 0.215088 0.954102
vt 0.209473 0.932617
vt 0.199707 0.910889
vt 0.111572 0.405273
vt 0.118652 0.411133
vt 0.108887 0.410645
vt 0.410889 0.232178
vt 0.432861 0.223633
vt 0.424316 0.219971
vt 0.415527 0.219727
vt 0.404785 0.218994
vt 0.416992 0.208008
vt 0.429932 0.214355
vt 0.960205 0.949463
vt 0.943848 0.959961
vt 0.946289 0.951904
vt 0.100830 0.393066
vt 0.112793 0.388184
vt 0.109619 0.397949
vt 0.119629 0.393799
vt 0.118896 0.403564
vt 0.380371 0.203613
vt 0.374512 0.201660
vt 0.382813 0.191895
vt 0.387207 0.201172
vt 0.388672 0.215576
vt 0.379395 0.209717
vt 0.367676 0.215576
vt 0.393555 0.197754
vt 0.402832 0.197510
vt 0.396240 0.211426
vt 0.413086 0.198730
vt 0.971436 0.959717
vt 0.968506 0.953125
vt 0.978516 0.955322
vt 0.973633 0.968994
vt 0.963379 0.969238
vt 0.956787 0.981689
vt 0.965820 0.985352
vt 0.169434 0.735352
vt 0.170410 0.743896
vt 0.162598 0.735840
vt 0.164795 0.727539
vt 0.175293 0.716553
vt 0.178955 0.731689
vt 0.187744 0.726318
vt 0.185791 0.700439
vt 0.698730 0.846924
vt 0.711182 0.857910
vt 0.696045 0.856689
vt 0.688232 0.845703
vt 0.684326 0.857422
vt 0.679932 0.849365
vt 0.675293 0.864990
vt 0.668213 0.858887
vt 0.669678 0.867920
vt 0.103760 0.367920
vt 0.095703 0.352051
vt 0.104004 0.360352
vt 0.110840 0.363281
vt 0.114990 0.369873
vt 0.104736 0.382080
vt 0.152832 0.733643
vt 0.157471 0.717773
vt 0.092041 0.381104
vt 0.089111 0.388916
vt 0.951416 0.968506
vt 0.940430 0.971436
vt 0.950439 0.980957
vt 0.931885 0.986084
vt 0.853760 0.646240
vt 0.858887 0.645020
vt 0.857666 0.658936
vt 0.092773 0.461670
vt 0.098877 0.466553
vt 0.082520 0.468506
vt 0.989014 0.783203
vt 0.981201 0.784668
vt 0.982422 0.776855
vt 0.704102 0.842285
vt 0.715332 0.839844
vt 0.721191 0.848633
vt 0.695557 0.835693
vt 0.701416 0.833252
vt 0.068848 0.144043
vt 0.067627 0.158447
vt 0.062012 0.153076
vt 0.061523 0.139404
vt 0.072510 0.129883
vt 0.077393 0.142090
vt 0.074707 0.149414
vt 0.082275 0.151855
vt 0.086670 0.147217
vt 0.301514 0.993652
vt 0.296631 0.981445
vt 0.307617 0.989990
vt 0.892090 0.026367
vt 0.897217 0.030273
vt 0.889160 0.033936
vt 0.089600 0.156494
vt 0.078369 0.162109
vt 0.070801 0.163330
vt 0.079346 0.168945
vt 0.462158 0.014160
vt 0.456543 0.009766
vt 0.465332 0.009766
vt 0.473389 0.015137
vt 0.471680 0.002930
vt 0.476563 0.006592
vt 0.478516 0.016846
vt 0.477783 0.028564
vt 0.470703 0.020020
vt 0.998047 0.787842
vt 0.992676 0.792969
vt 0.982910 0.790039
vt 0.983643 0.802734
vt 0.976807 0.789551
vt 0.978271 0.798584
vt 0.971436 0.799805
vt 0.081299 0.450684
vt 0.079590 0.453857
vt 0.091064 0.446289
vt 0.109131 0.458496
vt 0.112061 0.450439
vt 0.118896 0.468262
vt 0.842041 0.651123
vt 0.839111 0.658691
vt 0.837646 0.643311
vt 0.842773 0.633301
vt 0.849609 0.635986
vt 0.108154 0.462646
vt 0.112793 0.473389
vt 0.119141 0.483887
vt 0.185791 0.684814
vt 0.169678 0.699951
vt 0.160400 0.678467
vt 0.163086 0.704346
vt 0.160400 0.708496
vt 0.157471 0.707520
vt 0.153320 0.704102
vt 0.846680 0.623535
vt 0.858398 0.633057
vt 0.858887 0.618896
vt 0.931885 0.781006
vt 0.930420 0.776367
vt 0.854980 0.608398
vt 0.842041 0.606934
vt 0.851074 0.610352
vt 0.841797 0.619385
vt 0.834473 0.620361
vt 0.835938 0.604736
vt 0.835938 0.595459
vt 0.817139 0.599365
vt 0.970947 0.619873
vt 0.965820 0.610352
vt 0.974121 0.598633
vt 0.968506 0.592285
vt 0.963867 0.588379
vt 0.967285 0.581299
vt 0.955566 0.582764
vt 0.956787 0.577393
vt 0.475586 0.953857
vt 0.477783 0.938965
vt 0.484619 0.951416
vt 0.482666 0.939209
vt 0.482666 0.924561
vt 0.490967 0.927002
vt 0.484375 0.921631
vt 0.495850 0.923584
vt 0.572266 0.665527
vt 0.572754 0.668945
vt 0.567627 0.669189
vt 0.563721 0.666748
vt 0.569580 0.661377
vt 0.573730 0.661133
vt 0.575928 0.663574
vt 0.569336 0.652588
vt 0.565186 0.660400
vt 0.562988 0.657471
vt 0.563965 0.652100
vt 0.562744 0.650391
vt 0.557861 0.653809
vt 0.554443 0.658691
vt 0.549316 0.663574
vt 0.553711 0.653320
vt 0.553955 0.650879
vt 0.547852 0.650391
vt 0.451660 0.898193
vt 0.455811 0.893066
vt 0.457275 0.902832
vt 0.451660 0.902344
vt 0.842773 0.019531
vt 0.838135 0.025879
vt 0.836914 0.021729
vt 0.839844 0.013672
vt 0.847168 0.014893
vt 0.593262 0.663086
vt 0.587402 0.659668
vt 0.596680 0.655518
vt 0.844971 0.008545
vt 0.848145 0.005859
vt 0.947021 0.230957
vt 0.946533 0.219971
vt 0.949463 0.222412
vt 0.938721 0.226074
vt 0.953613 0.226074
vt 0.445557 0.905029
vt 0.450928 0.905762
vt 0.447998 0.912354
vt 0.454102 0.915527
vt 0.443848 0.927246
vt 0.461426 0.922119
vt 0.444336 0.937256
vt 0.455322 0.941895
vt 0.086182 0.709473
vt 0.095215 0.711914
vt 0.088135 0.713379
vt 0.940186 0.565918
vt 0.942871 0.574951
vt 0.937256 0.567627
vt 0.937256 0.574951
vt 0.094727 0.703125
vt 0.093262 0.694336
vt 0.096924 0.695801
vt 0.105957 0.705078
vt 0.093994 0.708496
vt 0.096924 0.708984
vt 0.095703 0.709473
vt 0.436523 0.942627
vt 0.444580 0.943604
vt 0.121826 0.723389
vt 0.103760 0.714355
vt 0.120361 0.716309
vt 0.831055 0.235352
vt 0.817871 0.231201
vt 0.821533 0.225586
vt 0.832031 0.233154
vt 0.830566 0.238037
vt 0.108887 0.701904
vt 0.095703 0.682129
vt 0.931396 0.573242
vt 0.935303 0.581299
vt 0.931396 0.583984
vt 0.940674 0.584961
vt 0.924561 0.593994
vt 0.095215 0.667969
vt 0.945801 0.589355
vt 0.934570 0.595703
vt 0.928955 0.603271
vt 0.913086 0.598877
vt 0.928955 0.612793
vt 0.942871 0.601074
vt 0.943359 0.608398
vt 0.935303 0.614746
vt 0.439941 0.316406
vt 0.426270 0.303223
vt 0.441650 0.306641
vt 0.436279 0.288086
vt 0.452637 0.297363
vt 0.451172 0.287109
vt 0.430908 0.277832
vt 0.462158 0.276123
vt 0.456543 0.291016
vt 0.428467 0.260010
vt 0.417480 0.275635
vt 0.404541 0.276611
vt 0.646484 0.850098
vt 0.659912 0.859619
vt 0.639404 0.864746
vt 0.353027 0.231445
vt 0.372803 0.234131
vt 0.374268 0.248291
vt 0.361572 0.221436
vt 0.355225 0.211914
vt 0.364014 0.203125
vt 0.343750 0.193359
vt 0.079834 0.383545
vt 0.099121 0.364990
vt 0.346924 0.223633
vt 0.657959 0.850098
vt 0.662109 0.838135
vt 0.656494 0.835938
vt 0.270508 0.031250
vt 0.282227 0.036621
vt 0.280273 0.041504
vt 0.373779 0.968994
vt 0.376953 0.983643
vt 0.367920 0.967529
vt 0.392578 0.981934
vt 0.379395 0.989990
vt 0.291016 0.989990
vt 0.294189 0.986328
vt 0.295814 0.983910
vt 0.295378 0.983952
vt 0.894607 0.025054
vt 0.894742 0.024801
vt 0.901367 0.024414
vt 0.893799 0.023438
vt 0.388184 0.992920
vt 0.378906 0.993408
vt 0.372314 0.996826
vt 0.292725 0.977539
vt 0.295332 0.983692
vt 0.894506 0.024852
vt 0.912109 0.020020
vt 0.907227 0.018799
vt 0.910889 0.017334
vt 0.277344 0.024658
vt 0.275146 0.028320
vt 0.283691 0.024902
vt 0.286133 0.032471
vt 0.285889 0.035156
vt 0.030762 0.005371
vt 0.027832 0.014404
vt 0.027832 0.006592
vt 0.036377 0.002930
vt 0.038574 0.013428
vt 0.033203 0.002930
vt 0.033447 0.002197
vt 0.034522 0.002157
vt 0.038818 0.000977
vt 0.033447 0.000244
vt 0.034502 0.000501
vt 0.916748 0.034180
vt 0.918457 0.019287
vt 0.921631 0.021240
vt 0.921631 0.036865
vt 0.112305 0.442871
vt 0.118652 0.441162
vt 0.829102 0.635254
vt 0.839600 0.628174
vt 0.827148 0.626709
vt 0.818359 0.620361
vt 0.811035 0.629150
vt 0.399414 0.993896
vt 0.389893 0.997559
vt 0.906006 0.031982
vt 0.410400 0.988281
vt 0.405273 0.993896
vt 0.818604 0.614258
vt 0.830322 0.615234
vt 0.411771 0.989540
vt 0.413417 0.990677
vt 0.817467 0.602706
vt 0.817714 0.602452
vt 0.817844 0.602897
vt 0.817632 0.601295
vt 0.970488 0.620869
vt 0.970029 0.621865
vt 0.972168 0.623291
vt 0.415771 0.989746
vt 0.967773 0.620361
vt 0.411865 0.976318
vt 0.411113 0.982458
vt 0.410861 0.982133
vt 0.393799 0.985352
vt 0.408203 0.968994
vt 0.957031 0.625488
vt 0.968262 0.626709
vt 0.957764 0.633789
vt 0.953369 0.628174
vt 0.939697 0.620117
vt 0.957275 0.615234
vt 0.958740 0.606445
vt 0.958008 0.591797
vt 0.955566 0.601563
vt 0.944580 0.604248
vt 0.941406 0.625732
vt 0.431641 0.322754
vt 0.436768 0.321533
vt 0.426270 0.317383
vt 0.418213 0.303955
vt 0.416992 0.295654
vt 0.407715 0.302490
vt 0.401611 0.307373
vt 0.398682 0.300781
vt 0.389404 0.309082
vt 0.392334 0.299072
vt 0.401611 0.294922
vt 0.389893 0.286865
vt 0.371582 0.295898
vt 0.650635 0.833740
vt 0.412842 0.286865
vt 0.424072 0.286133
vt 0.380859 0.301758
vt 0.375244 0.315430
vt 0.368896 0.313232
vt 0.371094 0.302002
vt 0.703613 0.878174
vt 0.701660 0.862305
vt 0.707520 0.864014
vt 0.419678 0.333252
vt 0.428223 0.332031
vt 0.407471 0.325439
vt 0.419434 0.312744
vt 0.408936 0.311523
vt 0.398682 0.315918
vt 0.395996 0.331787
vt 0.393311 0.350586
vt 0.384277 0.344238
vt 0.380859 0.327881
vt 0.725342 0.908447
vt 0.706299 0.915771
vt 0.713135 0.896729
vt 0.689453 0.914063
vt 0.700439 0.892334
vt 0.369629 0.325195
vt 0.382568 0.317627
vt 0.682861 0.910645
vt 0.688232 0.891357
vt 0.695068 0.883789
vt 0.688477 0.877441
vt 0.682861 0.887939
vt 0.672607 0.908203
vt 0.668457 0.890137
vt 0.987305 0.056641
vt 0.996826 0.043701
vt 0.999756 0.060303
vt 0.090332 0.502441
vt 0.086670 0.495117
vt 0.092285 0.489014
vt 0.090576 0.484131
vt 0.093506 0.475830
vt 0.704102 0.931885
vt 0.693115 0.925537
vt 0.073486 0.482178
vt 0.074707 0.473633
vt 0.336182 0.199951
vt 0.328613 0.199707
vt 0.331543 0.189697
vt 0.322754 0.197266
vt 0.677734 0.929199
vt 0.673340 0.917969
vt 0.667969 0.923584
vt 0.077148 0.511719
vt 0.079102 0.501953
vt 0.083496 0.510498
vt 0.069580 0.505371
vt 0.071045 0.497559
vt 0.074707 0.486572
vt 0.064209 0.492676
vt 0.065186 0.481445
vt 0.056885 0.487793
vt 0.052734 0.491455
vt 0.057129 0.496338
vt 0.053223 0.501221
vt 0.047119 0.495850
vt 0.302246 0.209473
vt 0.309570 0.221680
vt 0.303223 0.231445
vt 0.296143 0.223145
vt 0.296875 0.214111
vt 0.298096 0.203125
vt 0.303467 0.198242
vt 0.293945 0.188232
vt 0.303223 0.184082
vt 0.067383 0.517822
vt 0.061523 0.507324
vt 0.071045 0.511230
vt 0.061523 0.502930
vt 0.054688 0.506104
vt 0.057373 0.514160
vt 0.049316 0.507324
vt 0.050781 0.517822
vt 0.050293 0.852539
vt 0.045410 0.852051
vt 0.055908 0.844482
vt 0.058105 0.852783
vt 0.281006 0.208496
vt 0.283936 0.215576
vt 0.273193 0.211182
vt 0.268311 0.202393
vt 0.276123 0.198486
vt 0.285645 0.202637
vt 0.291992 0.212402
vt 0.290527 0.196289
vt 0.284912 0.191650
vt 0.063232 0.824951
vt 0.046875 0.824219
vt 0.051270 0.817139
vt 0.267822 0.189941
vt 0.271240 0.183838
vt 0.258057 0.185547
vt 0.070801 0.823730
vt 0.070068 0.815430
vt 0.075928 0.818115
vt 0.074463 0.824463
vt 0.071045 0.831055
vt 0.062500 0.834717
vt 0.072998 0.838135
vt 0.067139 0.841553
vt 0.071289 0.848389
vt 0.260254 0.202637
vt 0.256836 0.208496
vt 0.520752 0.072998
vt 0.523926 0.089600
vt 0.516357 0.090332
vt 0.515869 0.075684
vt 0.515381 0.070068
vt 0.521973 0.065186
vt 0.531982 0.065186
vt 0.537109 0.073975
vt 0.542725 0.074219
vt 0.967773 0.780273
vt 0.960693 0.769775
vt 0.966064 0.769775
vt 0.969971 0.774170
vt 0.973877 0.772949
vt 0.978027 0.770508
vt 0.544434 0.075195
vt 0.545654 0.069336
vt 0.061768 0.649902
vt 0.060059 0.648193
vt 0.062988 0.648193
vt 0.552002 0.062012
vt 0.541748 0.063721
vt 0.545654 0.057617
vt 0.535400 0.059082
vt 0.525391 0.059570
vt 0.064453 0.574463
vt 0.057617 0.554443
vt 0.066895 0.560303
vt 0.075195 0.565186
vt 0.074219 0.571533
vt 0.036865 0.733398
vt 0.038330 0.721680
vt 0.041992 0.737793
vt 0.053467 0.572998
vt 0.056152 0.595215
vt 0.037109 0.710938
vt 0.054688 0.709961
vt 0.028809 0.717041
vt 0.024902 0.705566
vt 0.021729 0.713867
vt 0.023682 0.723877
vt 0.013428 0.717529
vt 0.012451 0.713867
vt 0.015625 0.710693
vt 0.026367 0.198242
vt 0.032227 0.195313
vt 0.029785 0.201660
vt 0.050049 0.688721
vt 0.055420 0.691162
vt 0.048096 0.696777
vt 0.017334 0.698975
vt 0.023193 0.699463
vt 0.032227 0.697266
vt 0.039307 0.700928
vt 0.027100 0.729004
vt 0.023438 0.732910
vt 0.019775 0.396240
vt 0.024170 0.400635
vt 0.013672 0.403320
vt 0.007080 0.398193
vt 0.008301 0.393066
vt 0.067139 0.677979
vt 0.064697 0.673096
vt 0.070801 0.678955
vt 0.003906 0.385254
vt 0.014893 0.391113
vt 0.013184 0.383789
vt 0.021973 0.389160
vt 0.023926 0.393799
vt 0.030762 0.397217
vt 0.033936 0.393311
vt 0.008057 0.188232
vt 0.013916 0.193115
vt 0.008301 0.194824
vt 0.031738 0.221191
vt 0.023193 0.215088
vt 0.028320 0.213379
vt 0.015137 0.210449
vt 0.031982 0.206055
vt 0.024414 0.183594
vt 0.027588 0.177002
vt 0.030029 0.182129
vt 0.030273 0.186523
vt 0.021240 0.191895
vt 0.015869 0.188477
vt 0.015625 0.721680
vt 0.011230 0.724365
vt 0.034180 0.401855
vt 0.012695 0.184570
vt 0.021484 0.177490
vt 0.012207 0.178223
vt 0.007324 0.171875
vt 0.004150 0.185303
vt 0.626709 0.020996
vt 0.617676 0.020996
vt 0.632568 0.016113
vt 0.627441 0.026855
vt 0.625000 0.023193
vt 0.637451 0.029297
vt 0.626709 0.035156
vt 0.029297 0.170898
vt 0.031494 0.172363
vt 0.005615 0.186768
vt 0.123047 0.991699
vt 0.125977 0.986572
vt 0.126465 0.993164
vt 0.123047 0.986084
vt 0.086914 0.557129
vt 0.083740 0.556885
vt 0.076904 0.557617
vt 0.079590 0.553223
vt 0.641357 0.017578
vt 0.648193 0.018311
vt 0.650879 0.021729
vt 0.639160 0.029541
vt 0.014160 0.214355
vt 0.008057 0.213867
vt 0.007324 0.210938
vt 0.005127 0.208740
vt 0.962402 0.799072
vt 0.964600 0.795654
vt 0.964111 0.808105
vt 0.959961 0.805176
vt 0.960938 0.791992
vt 0.487305 0.046387
vt 0.477051 0.057617
vt 0.484619 0.046631
vt 0.491455 0.039551
vt 0.514893 0.061279
vt 0.505127 0.059082
vt 0.512207 0.056641
vt 0.506104 0.061768
vt 0.511475 0.067139
vt 0.513672 0.053223
vt 0.504395 0.069092
vt 0.486328 0.052490
vt 0.002197 0.212158
vt 0.004395 0.209961
vt 0.002197 0.216797
vt 0.481689 0.061035
vt 0.466309 0.059570
vt 0.464111 0.056152
vt 0.955811 0.787598
vt 0.961426 0.786133
vt 0.964355 0.790527
vt 0.967529 0.790283
vt 0.969482 0.782715
vt 0.052490 0.659668
vt 0.055176 0.650879
vt 0.057129 0.657471
vt 0.060303 0.665771
vt 0.055664 0.673096
vt 0.051025 0.676025
vt 0.062012 0.654785
vt 0.067871 0.658203
vt 0.066162 0.663086
vt 0.071045 0.664551
vt 0.047119 0.549805
vt 0.047852 0.557861
vt 0.043457 0.545654
vt 0.046387 0.566162
vt 0.081299 0.573242
vt 0.082520 0.568115
vt 0.083252 0.565186
vt 0.052246 0.702393
vt 0.032227 0.724365
vt 0.033936 0.738281
vt 0.053223 0.544922
vt 0.976074 0.776367
vt 0.960693 0.778564
vt 0.958740 0.783447
vt 0.474854 0.062988
vt 0.480713 0.066650
vt 0.487305 0.072021
vt 0.489502 0.062744
vt 0.437988 0.009766
vt 0.423340 0.012939
vt 0.426758 0.007080
vt 0.436768 0.001953
vt 0.075195 0.847656
vt 0.081787 0.852051
vt 0.083252 0.847168
vt 0.075439 0.832031
vt 0.088867 0.845947
vt 0.092773 0.848389
vt 0.445313 0.015137
vt 0.447510 0.008057
vt 0.435059 0.017334
vt 0.443115 0.017822
vt 0.446045 0.021729
vt 0.427490 0.022705
vt 0.426025 0.021973
vt 0.111328 0.988037
vt 0.099365 0.987061
vt 0.105713 0.982178
vt 0.114746 0.995605
vt 0.117920 0.988281
vt 0.953613 0.783691
vt 0.105713 0.995361
vt 0.103271 1.000000
vt 0.082031 0.827881
vt 0.080566 0.819336
vt 0.466553 0.062012
vt 0.083252 0.833984
vt 0.118408 0.992920
vt 0.962402 0.813721
vt 0.639404 0.035156
vt 0.052979 0.681641
vt 0.058838 0.681885
vt 0.057861 0.688965
vt 0.067871 0.691650
vt 0.065430 0.682617
vt 0.046387 0.657959
vt 0.644531 0.043213
vt 0.043701 0.558350
vt 0.004150 0.402832
vt 0.021729 0.693115
vt 0.057129 0.695068
vt 0.547363 0.052979
vt 0.545410 0.083008
vt 0.533447 0.091797
vt 0.525879 0.076416
vt 0.262695 0.196777
vt 0.513184 0.070557
vt 0.079590 0.853516
vt 0.057129 0.834229
vt 0.052490 0.827637
vt 0.051514 0.836670
vt 0.491943 0.084229
vt 0.290283 0.223877
vt 0.307373 0.196533
vt 0.312500 0.205566
vt 0.318115 0.215332
vt 0.322510 0.222168
vt 0.328857 0.212402
vt 0.325439 0.206055
vt 0.337891 0.207520
vt 0.338379 0.223389
vt 0.057861 0.475098
vt 0.067139 0.469238
vt 0.058594 0.481934
vt 0.052734 0.482422
vt 0.045898 0.482910
vt 0.308838 0.192139
vt 0.047363 0.505371
vt 0.721924 0.929199
vt 0.383301 0.364502
vt 0.367920 0.296875
vt 0.411084 0.981746
vt 0.410757 0.985370
vt 0.104492 0.436523
vt 0.105957 0.430420
vt 0.082764 0.431152
vt 0.994385 0.801270
vt 0.987061 0.810791
vt 0.896484 0.037109
vt 0.033447 0.000977
vt 0.287842 0.032959
vt 0.288086 0.033447
vt 0.286621 0.031494
vt 0.287109 0.031982
vt 0.287354 0.032227
vt 0.033447 0.001709
vt 0.033447 0.001465
vt 0.033801 0.001333
vt 0.033827 0.001867
vt 0.287598 0.032471
vt 0.285645 0.010986
vt 0.041992 0.006592
vt 0.085205 0.137207
vt 0.082031 0.132568
vt 0.086670 0.127441
vt 0.293213 0.997803
vt 0.285645 0.992920
vt 0.295377 0.983952
vt 0.670166 0.839355
vt 0.959473 0.587402
vt 0.951172 0.581543
vt 0.946045 0.580078
vt 0.950928 0.576172
vt 0.462402 0.949707
vt 0.468018 0.940186
vt 0.470215 0.948486
vt 0.466309 0.937500
vt 0.471680 0.922363
vt 0.917969 0.609863
vt 0.468994 0.917969
vt 0.461426 0.913818
vt 0.474854 0.916260
vt 0.559082 0.665771
vt 0.558594 0.672607
vt 0.550293 0.667480
vt 0.554443 0.662354
vt 0.558594 0.660400
vt 0.425293 0.942139
vt 0.423340 0.937012
vt 0.458008 0.907227
vt 0.463135 0.906738
vt 0.848877 0.028564
vt 0.549072 0.647705
vt 0.549072 0.639160
vt 0.551758 0.635254
vt 0.547363 0.636230
vt 0.464600 0.902588
vt 0.472412 0.913086
vt 0.075195 0.386963
vt 0.219971 0.928711
vt 0.217041 0.924316
vt 0.999756 0.797363
vt 0.462158 0.020020
vt 0.070313 0.174561
vt 0.061768 0.174805
vt 0.066895 0.166504
vt 0.070801 0.180420
vt 0.450928 0.018799
vt 0.085205 0.163818
vt 0.682373 0.839111
vt 0.705811 0.833496
vt 0.176025 0.749023
vt 0.197754 0.732910
vt 0.672852 0.875732
vt 0.979980 0.975586
vt 0.983887 0.963623
vt 0.978760 0.985107
vt 0.431396 0.251465
vt 0.117432 0.594482
vt 0.115723 0.584717
vt 0.855713 0.244141
vt 0.845703 0.124512
vt 0.844727 0.108398
vt 0.851563 0.130615
vt 0.849609 0.135010
vt 0.862061 0.142578
vt 0.426270 0.946777
vt 0.434082 0.922852
vt 0.926514 0.262451
vt 0.916504 0.263916
vt 0.925781 0.265869
vt 0.913574 0.266357
vt 0.922119 0.269287
vt 0.909668 0.274658
vt 0.491943 0.954834
vt 0.805664 0.164551
vt 0.454346 0.773438
vt 0.458984 0.764160
vt 0.452637 0.756836
vt 0.461426 0.778076
vt 0.456055 0.783447
vt 0.452881 0.780029
vt 0.447266 0.786377
vt 0.444824 0.772949
vt 0.443115 0.768799
vt 0.454102 0.787842
vt 0.211426 0.447021
vt 0.388916 0.804688
vt 0.192871 0.426514
vt 0.934326 0.278076
vt 0.929443 0.831543
vt 0.355225 0.111572
vt 0.104248 0.870850
vt 0.114746 0.866211
vt 0.809326 0.340576
vt 0.812988 0.341309
vt 0.802734 0.367920
vt 0.607178 0.247803
vt 0.610840 0.252930
vt 0.940186 0.328125
vt 0.579346 0.576660
vt 0.571289 0.597656
vt 0.579590 0.602295
vt 0.592041 0.601807
vt 0.579834 0.596436
vt 0.590088 0.596680
vt 0.589600 0.592773
vt 0.589600 0.588623
vt 0.595215 0.592773
vt 0.595703 0.582520
vt 0.598877 0.579102
vt 0.603271 0.580322
vt 0.604248 0.578857
vt 0.611572 0.579102
vt 0.607178 0.577637
vt 0.606201 0.576172
vt 0.605713 0.574707
vt 0.605225 0.572998
vt 0.608154 0.568848
vt 0.604004 0.570313
vt 0.623291 0.581299
vt 0.577393 0.990967
vt 0.581055 0.998535
vt 0.582520 0.996582
vt 0.617920 0.587158
vt 0.614014 0.588623
vt 0.616455 0.590332
vt 0.621338 0.588867
vt 0.581299 0.992676
vt 0.583740 0.991943
vt 0.584961 0.994873
vt 0.581787 0.991699
vt 0.577881 0.989502
vt 0.573975 0.986816
vt 0.578369 0.987305
vt 0.573975 0.983154
vt 0.573730 0.979248
vt 0.575439 0.990479
vt 0.579590 0.987061
vt 0.376709 0.879639
vt 0.551025 0.632080
vt 0.572754 0.240967
vt 0.197754 0.508789
vt 0.236572 0.768799
vt 0.236124 0.790320
vt 0.235935 0.790542
vt 0.015869 0.560791
vt 0.016056 0.560890
vt 0.973877 0.222412
vt 0.533691 0.303223
vt 0.537598 0.303467
vt 0.799228 0.258450
vt 0.795685 0.409926
vt 0.758518 0.660711
vt 0.760822 0.658902
vt 0.761475 0.661621
vt 0.771218 0.653235
vt 0.772709 0.652541
vt 0.773193 0.652832
vt 0.774657 0.651597
vt 0.787037 0.645764
vt 0.790853 0.643942
vt 0.790283 0.645508
vt 0.799745 0.640503
vt 0.802368 0.639588
vt 0.802246 0.640625
vt 0.804719 0.639668
vt 0.809732 0.639668
vt 0.809570 0.643555
vt 0.973063 0.754903
vt 0.973403 0.757571
vt 0.972994 0.752853
vt 0.973114 0.751733
vt 0.973473 0.748545
vt 0.973791 0.746718
vt 0.973982 0.743917
vt 0.825195 0.657715
vt 0.570313 0.999023
vt 0.572266 0.998047
vt 0.573975 0.997803
vt 0.576416 0.974609
vt 0.574219 0.971680
vt 0.573486 0.968506
vt 0.575684 0.969482
vt 0.578857 0.974854
vt 0.578857 0.972168
vt 0.583008 0.974365
vt 0.583984 0.980225
vt 0.579346 0.977539
vt 0.385498 0.885010
vt 0.387695 0.887451
vt 0.391113 0.885742
vt 0.392822 0.887451
vt 0.581299 0.969482
vt 0.585205 0.973389
vt 0.583740 0.969482
vt 0.585449 0.969482
vt 0.396973 0.886230
vt 0.399414 0.886475
vt 0.402832 0.884766
vt 0.767822 0.980957
vt 0.771484 0.984375
vt 0.764160 0.982910
vt 0.994385 0.079590
vt 0.770752 0.981934
vt 0.773438 0.982178
vt 0.768555 0.979492
vt 0.578369 0.966064
vt 0.580078 0.965088
vt 0.401855 0.883789
vt 0.579590 0.968994
vt 0.576660 0.966797
vt 0.577148 0.968750
vt 0.575439 0.967773
vt 0.580566 0.971680
vt 0.619873 0.619629
vt 0.381592 0.901611
vt 0.615479 0.648438
vt 0.010254 0.014893
vt 0.008789 0.013672
vt 0.011230 0.011719
vt 0.006836 0.006592
vt 0.012207 0.008545
vt 0.009521 0.000977
vt 0.014893 0.004150
vt 0.019775 0.003418
vt 0.997070 0.925537
vt 0.995605 0.921875
vt 0.999268 0.913574
vt 0.989990 0.921387
vt 0.993164 0.914063
vt 0.014648 0.132568
vt 0.005371 0.137207
vt 0.005127 0.130127
vt 0.989502 0.924072
vt 0.993896 0.929932
vt 0.990234 0.931396
vt 0.989746 0.936279
vt 0.994141 0.932373
vt 0.003906 0.006836
vt 0.997559 0.933105
vt 0.001953 0.004395
vt 0.996826 0.928955
vt 0.999756 0.930420
vt 0.017334 0.006592
vt 0.020264 0.011230
vt 0.437988 0.903320
vt 0.437500 0.885742
vt 0.766846 0.999756
vt 0.235137 0.781644
vt 0.234899 0.779555
vt 0.234603 0.779558
vt 0.235605 0.779950
vt 0.285288 0.770798
s 0
usemtl Mat_0.010
f 1739/1/1 1690/1/1 1691/1/1
f 1763/1/1 1739/1/1 1691/1/1
f 1739/1/1 1763/1/1 1738/1/1
f 1690/1/1 1746/1/1 1745/1/1
f 1744/1/1 1690/1/1 1745/1/1
f 1744/1/1 1692/1/1 1690/1/1
f 1742/1/1 1692/1/1 1744/1/1
f 1741/1/1 1689/1/1 1740/1/1
f 1740/1/1 1689/1/1 1693/1/1
f 1741/1/1 1688/1/1 1689/1/1
f 1743/1/1 1688/1/1 1741/1/1
f 1688/1/1 1743/1/1 1687/1/1
f 1709/1/1 1757/1/1 1670/1/1
f 1669/1/1 1709/1/1 1670/1/1
f 1671/1/1 1709/1/1 1669/1/1
f 1682/1/1 1671/1/1 1673/1/1
f 1672/1/1 1682/1/1 1673/1/1
f 1682/1/1 1672/1/1 1681/1/1
f 1718/1/1 1757/1/1 1712/1/1
f 1757/1/2 1718/1/2 1700/1/2
f 1718/1/1 1699/1/1 1700/1/1
f 1699/1/1 1718/1/1 1716/1/1
f 1717/1/1 1699/1/1 1716/1/1
f 1720/1/1 1758/1/1 1721/1/1
f 1758/1/1 1720/1/1 1759/1/1
f 1747/1/1 1758/1/1 1698/1/1
f 1717/1/1 1698/1/1 1697/1/1
f 1719/1/1 1696/1/1 1760/1/1
f 1719/1/1 1760/1/1 1720/1/1
f 1696/1/1 1719/1/1 1722/1/1
f 1726/1/1 1696/1/1 1722/1/1
f 1725/1/1 1695/1/1 1726/1/1
f 1726/1/1 1695/1/1 1694/1/1
f 1734/1/1 1748/1/1 1749/1/1
f 1734/1/1 1749/1/1 1724/1/1
f 1732/1/1 1751/1/1 1731/1/1
f 1751/1/1 1732/1/1 1752/1/1
f 1733/1/1 1751/1/1 1750/1/1
f 1748/1/1 1733/1/1 1750/1/1
f 1732/1/1 1761/1/1 1752/1/1
f 1761/1/1 1732/1/1 1735/1/1
f 1736/1/1 1761/1/1 1735/1/1
f 1737/1/1 1762/1/1 1736/1/1
f 1737/1/1 1763/1/1 1762/1/1
f 1686/1/1 1743/1/1 1730/1/1
f 1728/1/1 1686/1/1 1730/1/1
f 1714/1/1 1756/1/1 1729/1/1
f 1714/1/1 1755/1/1 1756/1/1
f 1755/1/1 1713/1/1 1754/1/1
f 1713/1/1 1715/1/1 1754/1/1
f 1713/1/1 1755/1/1 1714/1/1
f 1756/1/1 1727/1/1 1729/1/1
f 1756/1/1 1728/1/1 1727/1/1
f 1728/1/1 1756/1/1 1685/1/1
f 1684/1/1 1728/1/1 1685/1/1
f 1686/1/1 1728/1/1 1684/1/1
f 1736/1/1 1762/1/1 1761/1/1
f 1751/1/1 1733/1/1 1731/1/1
f 1724/1/1 1753/1/1 1723/1/1
f 1753/1/1 1725/1/1 1723/1/1
f 1724/1/1 1749/1/1 1753/1/1
f 1733/1/1 1748/1/1 1734/1/1
f 1725/1/1 1753/1/1 1695/1/1
f 1696/1/1 1726/1/1 1694/1/1
f 1720/1/1 1760/1/1 1759/1/1
f 1758/1/1 1747/1/1 1721/1/1
f 1747/1/1 1698/1/1 1717/1/1
f 1699/1/1 1717/1/1 1697/1/1
f 1757/1/1 1710/1/1 1712/1/1
f 1671/1/1 1683/1/1 1711/1/1
f 1680/1/1 1675/1/1 1678/1/1
f 1675/1/1 1679/1/1 1678/1/1
f 1708/1/1 1701/1/1 1707/1/1
f 1707/1/1 1701/1/1 1702/1/1
f 1707/1/1 1702/1/1 1705/1/1
f 1705/1/1 1703/1/1 1704/1/1
f 1704/1/3 1703/1/3 1706/1/3
f 1705/1/1 1702/1/1 1703/1/1
f 1701/1/1 1708/1/1 1677/1/1
f 1708/1/1 1676/1/1 1677/1/1
f 1679/1/1 1676/1/1 1708/1/1
f 1679/1/1 1675/1/1 1676/1/1
f 1675/1/1 1680/1/1 1674/1/1
f 1680/1/1 1672/1/1 1674/1/1
f 1672/1/1 1680/1/1 1681/1/1
f 1671/1/1 1682/1/1 1683/1/1
f 1709/1/1 1671/1/1 1711/1/1
f 1757/1/1 1709/1/1 1710/1/1
f 1743/1/1 1686/1/1 1687/1/1
f 1740/1/1 1693/1/1 1742/1/1
f 1742/1/1 1693/1/1 1692/1/1
f 1763/1/1 1737/1/1 1738/1/1
f 1690/1/1 1739/1/1 1746/1/1
f 443/2/4 445/3/4 444/4/4
f 442/5/5 443/2/5 444/4/5
f 442/5/6 444/4/6 441/6/6
f 440/7/7 442/5/7 441/6/7
f 224/8/8 440/7/8 441/6/8
f 224/8/9 441/6/9 229/9/9
f 228/10/10 224/11/10 229/12/10
f 234/13/11 228/10/11 229/12/11
f 234/13/12 229/12/12 235/14/12
f 236/15/13 234/13/13 235/14/13
f 673/16/14 236/17/14 235/18/14
f 673/16/15 235/18/15 676/19/15
f 673/16/16 676/19/16 675/20/16
f 675/20/17 672/21/17 673/16/17
f 670/22/18 673/16/18 672/21/18
f 672/21/19 667/23/19 670/22/19
f 670/22/20 667/23/20 236/17/20
f 667/23/21 233/24/21 236/17/21
f 664/25/22 233/24/22 667/23/22
f 664/25/23 667/23/23 665/26/23
f 665/26/24 662/27/24 664/25/24
f 662/27/25 232/28/25 664/25/25
f 232/28/26 662/27/26 260/29/26
f 259/30/27 232/31/27 260/32/27
f 259/30/28 260/32/28 262/33/28
f 259/30/29 262/33/29 261/34/29
f 258/35/30 259/30/30 261/34/30
f 258/35/31 261/34/31 266/36/31
f 258/35/32 266/36/32 254/37/32
f 254/37/33 231/38/33 258/35/33
f 258/35/34 231/38/34 232/31/34
f 231/39/35 230/40/35 232/41/35
f 232/41/36 230/40/36 233/42/36
f 230/40/37 234/13/37 233/42/37
f 225/43/38 230/40/38 231/39/38
f 243/44/39 225/45/39 231/38/39
f 242/46/40 225/45/40 243/44/40
f 244/47/41 242/46/41 243/44/41
f 247/48/42 244/47/42 243/44/42
f 247/48/43 243/44/43 250/49/43
f 251/50/44 247/48/44 250/49/44
f 252/51/45 251/50/45 250/49/45
f 250/49/46 300/52/46 252/51/46
f 252/51/47 300/52/47 301/53/47
f 252/51/48 301/53/48 256/54/48
f 253/55/49 252/51/49 256/54/49
f 253/55/50 256/54/50 255/56/50
f 248/57/51 253/55/51 255/56/51
f 248/57/52 255/56/52 249/58/52
f 249/58/53 246/59/53 248/57/53
f 246/59/54 245/60/54 248/57/54
f 248/57/55 245/60/55 247/48/55
f 240/61/56 245/60/56 246/59/56
f 240/61/57 246/59/57 241/62/57
f 241/62/58 239/63/58 240/61/58
f 239/63/59 238/64/59 240/61/59
f 240/61/60 238/64/60 237/65/60
f 29/66/61 237/65/61 238/64/61
f 29/66/62 221/67/62 237/65/62
f 237/65/63 221/67/63 222/68/63
f 242/46/64 237/65/64 222/68/64
f 221/69/65 220/70/65 222/71/65
f 222/71/66 220/70/66 223/72/66
f 222/71/67 223/72/67 224/11/67
f 222/71/68 224/11/68 225/43/68
f 223/72/69 220/70/69 226/73/69
f 223/72/70 226/73/70 227/74/70
f 227/75/71 440/7/71 223/76/71
f 227/75/72 439/77/72 440/7/72
f 1690/78/73 439/77/73 227/75/73
f 1690/78/74 227/75/74 1691/79/74
f 1739/80/75 1738/81/75 1285/82/75
f 1746/83/76 1739/84/76 1285/85/76
f 1746/83/77 1285/85/77 1286/86/77
f 1746/83/78 1286/86/78 1745/87/78
f 1744/88/79 1289/89/79 1742/90/79
f 1740/91/80 1742/90/80 1289/89/80
f 1740/91/81 1289/89/81 1296/92/81
f 1740/91/81 1296/92/81 1741/93/81
f 1693/94/82 1689/95/82 443/2/82
f 1693/94/83 443/2/83 439/77/83
f 1693/94/83 439/77/83 1692/96/83
f 1688/97/84 443/2/84 1689/95/84
f 1688/97/85 1687/98/85 445/3/85
f 1686/99/86 445/3/86 1687/98/86
f 1686/99/87 449/100/87 445/3/87
f 448/101/88 445/3/88 449/100/88
f 448/101/89 449/100/89 450/102/89
f 1280/103/90 448/104/90 450/105/90
f 450/106/91 1437/107/91 1280/108/91
f 1437/107/92 1438/109/92 1280/108/92
f 1438/109/93 1294/110/93 1280/108/93
f 1280/108/94 1294/110/94 1278/111/94
f 1278/112/95 1279/113/95 1280/103/95
f 1280/103/96 1279/113/96 495/114/96
f 1280/103/97 495/114/97 451/115/97
f 495/116/98 496/117/98 451/118/98
f 504/119/99 451/118/99 496/117/99
f 503/120/100 504/119/100 496/117/100
f 500/121/101 503/120/101 496/117/101
f 496/117/102 494/122/102 500/121/102
f 451/118/103 500/123/103 494/124/103
f 494/124/104 497/125/104 451/118/104
f 497/125/105 499/126/105 451/118/105
f 499/126/106 502/127/106 451/118/106
f 502/127/107 501/128/107 451/118/107
f 505/129/108 451/118/108 501/128/108
f 504/119/109 505/129/109 501/128/109
f 499/130/110 504/119/110 501/128/110
f 494/124/111 499/126/111 501/128/111
f 501/128/112 506/131/112 494/124/112
f 498/132/113 494/124/113 506/131/113
f 500/123/114 498/132/114 506/131/114
f 506/131/115 504/133/115 500/123/115
f 498/134/116 500/121/116 499/130/116
f 501/128/117 478/135/117 506/131/117
f 506/131/118 478/135/118 454/136/118
f 506/131/119 454/136/119 451/118/119
f 454/136/120 447/137/120 451/118/120
f 447/137/121 448/101/121 451/118/121
f 452/138/122 447/137/122 454/136/122
f 467/139/123 452/138/123 454/136/123
f 467/139/124 454/136/124 472/140/124
f 467/139/125 472/140/125 471/141/125
f 469/142/126 467/139/126 471/141/126
f 469/142/127 471/141/127 470/143/127
f 462/144/128 469/142/128 470/143/128
f 462/144/129 470/143/129 468/145/129
f 468/145/130 458/146/130 462/144/130
f 458/146/131 459/147/131 462/144/131
f 462/144/132 459/147/132 461/148/132
f 461/148/133 466/149/133 462/144/133
f 461/148/134 465/150/134 466/149/134
f 466/149/135 465/150/135 464/151/135
f 466/149/136 464/151/136 452/138/136
f 464/151/137 453/152/137 452/138/137
f 453/152/138 446/153/138 452/138/138
f 453/152/139 441/6/139 446/153/139
f 441/6/140 453/152/140 455/154/140
f 455/154/141 453/152/141 459/147/141
f 459/147/142 453/152/142 460/155/142
f 460/155/143 453/152/143 461/148/143
f 461/148/144 453/152/144 464/151/144
f 461/148/145 464/151/145 465/150/145
f 460/155/146 461/148/146 459/147/146
f 455/154/147 459/147/147 458/146/147
f 456/156/148 455/154/148 458/146/148
f 456/156/149 458/146/149 457/157/149
f 235/158/150 456/156/150 457/157/150
f 463/159/151 457/157/151 458/146/151
f 463/159/152 546/160/152 457/157/152
f 457/157/153 546/160/153 549/161/153
f 457/157/154 549/161/154 550/162/154
f 676/19/155 457/163/155 550/164/155
f 676/19/156 550/164/156 376/165/156
f 373/166/157 676/19/157 376/165/157
f 375/167/158 373/168/158 376/169/158
f 375/167/159 376/169/159 378/170/159
f 388/171/160 375/167/160 378/170/160
f 388/171/161 378/170/161 389/172/161
f 390/173/162 388/171/162 389/172/162
f 389/172/163 377/174/163 390/173/163
f 390/173/164 377/174/164 392/175/164
f 393/176/165 390/173/165 392/175/165
f 397/177/166 393/176/166 392/175/166
f 397/177/167 392/175/167 385/178/167
f 397/177/168 385/178/168 398/179/168
f 397/177/169 398/179/169 396/180/169
f 398/179/170 402/181/170 396/180/170
f 396/180/171 402/181/171 404/182/171
f 396/180/172 404/182/172 384/183/172
f 395/184/173 396/180/173 384/183/173
f 384/183/174 394/185/174 395/184/174
f 386/186/175 394/185/175 384/183/175
f 381/187/176 386/186/176 384/183/176
f 382/188/177 381/187/177 384/183/177
f 382/188/178 384/183/178 385/189/178
f 385/189/179 384/183/179 387/190/179
f 399/191/180 385/178/180 387/192/180
f 399/191/181 387/192/181 400/193/181
f 399/191/182 400/193/182 401/194/182
f 402/181/183 399/191/183 401/194/183
f 402/181/184 401/194/184 403/195/184
f 782/196/185 403/197/185 401/198/185
f 786/199/186 782/196/186 401/198/186
f 786/199/187 401/198/187 784/200/187
f 785/201/188 786/199/188 784/200/188
f 781/202/189 785/201/189 784/200/189
f 784/200/190 783/203/190 781/202/190
f 778/204/191 781/202/191 783/203/191
f 778/204/192 779/205/192 781/202/192
f 781/202/193 779/205/193 780/206/193
f 780/206/194 782/196/194 781/202/194
f 779/205/195 403/197/195 780/206/195
f 779/205/196 777/207/196 403/197/196
f 777/207/197 681/208/197 403/197/197
f 403/197/198 681/208/198 400/209/198
f 683/210/199 400/211/199 681/212/199
f 683/210/200 681/212/200 684/213/200
f 683/210/201 684/213/201 685/214/201
f 685/215/202 692/216/202 683/217/202
f 690/218/203 683/219/203 692/220/203
f 692/221/204 720/222/204 690/223/204
f 720/224/205 691/225/205 690/226/205
f 689/227/206 690/218/206 691/228/206
f 688/229/207 690/218/207 689/227/207
f 686/230/208 688/229/208 689/227/208
f 689/231/209 717/232/209 686/233/209
f 686/233/210 717/232/210 718/234/210
f 369/235/211 686/236/211 718/237/211
f 369/235/212 718/237/212 368/238/212
f 368/239/213 351/240/213 369/241/213
f 369/241/214 351/240/214 370/242/214
f 369/241/215 370/242/215 371/243/215
f 370/244/216 669/245/216 371/246/216
f 371/246/217 669/245/217 671/247/217
f 371/246/218 671/247/218 367/248/218
f 367/249/219 692/250/219 371/251/219
f 692/216/220 686/236/220 371/252/220
f 692/250/221 367/249/221 368/253/221
f 368/238/222 719/254/222 692/221/222
f 367/255/223 354/256/223 368/239/223
f 366/257/224 354/256/224 367/255/224
f 367/248/225 672/21/225 366/258/225
f 366/258/226 672/21/226 674/259/226
f 366/258/227 674/259/227 364/260/227
f 363/261/228 366/257/228 364/262/228
f 364/262/229 361/263/229 363/261/229
f 360/264/230 363/261/230 361/263/230
f 361/263/231 358/265/231 360/264/231
f 356/266/232 360/264/232 358/265/232
f 358/265/233 357/267/233 356/266/233
f 121/268/234 356/266/234 357/267/234
f 121/268/235 357/267/235 122/269/235
f 117/270/236 121/271/236 122/272/236
f 122/273/237 579/274/237 117/275/237
f 730/276/238 117/270/238 579/277/238
f 730/276/239 579/277/239 574/278/239
f 730/276/240 574/278/240 570/279/240
f 730/276/241 570/279/241 732/280/241
f 730/276/242 732/280/242 731/281/242
f 731/281/243 729/282/243 730/276/243
f 724/283/244 729/282/244 731/281/244
f 724/283/245 731/281/245 733/284/245
f 724/283/246 733/284/246 727/285/246
f 727/285/247 722/286/247 724/283/247
f 722/286/248 116/287/248 724/283/248
f 722/286/249 109/288/249 116/287/249
f 116/287/250 109/288/250 111/289/250
f 116/287/251 111/289/251 112/290/251
f 729/282/252 116/287/252 112/290/252
f 729/282/253 112/290/253 117/270/253
f 112/290/254 113/291/254 117/270/254
f 113/291/255 118/292/255 117/270/255
f 113/291/256 115/293/256 118/292/256
f 118/292/257 115/293/257 119/294/257
f 118/292/258 119/294/258 120/295/258
f 118/292/259 120/295/259 121/271/259
f 120/296/260 352/297/260 121/268/260
f 352/297/261 120/296/261 345/298/261
f 345/298/262 353/299/262 352/297/262
f 352/297/263 353/299/263 355/300/263
f 352/297/264 355/300/264 356/266/264
f 355/300/265 353/299/265 354/256/265
f 363/261/266 355/300/266 354/256/266
f 353/299/267 351/240/267 354/256/267
f 353/299/268 350/301/268 351/240/268
f 350/301/269 348/302/269 351/240/269
f 348/303/270 689/231/270 351/304/270
f 718/234/271 351/305/271 689/306/271
f 718/234/272 689/306/272 719/307/272
f 719/307/273 689/306/273 720/224/273
f 349/308/274 348/302/274 350/301/274
f 349/308/275 350/301/275 345/298/275
f 344/309/276 349/308/276 345/298/276
f 124/310/277 344/309/277 345/298/277
f 343/311/278 344/309/278 124/310/278
f 125/312/279 343/311/279 124/310/279
f 125/312/280 124/310/280 123/313/280
f 125/314/281 123/315/281 126/316/281
f 128/317/282 125/312/282 126/318/282
f 126/316/283 127/319/283 128/320/283
f 128/320/284 127/319/284 129/321/284
f 129/322/285 341/323/285 128/317/285
f 340/324/286 341/323/286 129/322/286
f 131/325/287 340/324/287 129/322/287
f 129/321/288 130/326/288 131/327/288
f 130/326/289 136/328/289 131/327/289
f 131/327/290 136/328/290 137/329/290
f 131/327/291 137/329/291 138/330/291
f 131/325/292 138/331/292 337/332/292
f 337/332/293 339/333/293 131/325/293
f 337/332/294 338/334/294 339/333/294
f 339/333/295 338/334/295 287/335/295
f 339/333/296 287/335/296 284/336/296
f 340/324/297 339/333/297 284/336/297
f 286/337/298 284/338/298 287/339/298
f 286/337/299 287/339/299 291/340/299
f 286/337/300 291/340/300 290/341/300
f 288/342/301 286/337/301 290/341/301
f 288/342/302 290/341/302 289/343/302
f 273/344/303 288/342/303 289/343/303
f 273/344/304 289/343/304 254/37/304
f 294/345/305 254/37/305 289/343/305
f 298/346/306 254/37/306 294/345/306
f 298/346/307 294/345/307 297/347/307
f 297/347/308 299/348/308 298/346/308
f 300/52/309 298/346/309 299/348/309
f 300/52/310 299/348/310 302/349/310
f 299/348/311 303/350/311 302/349/311
f 302/349/312 303/350/312 305/351/312
f 302/349/313 305/351/313 301/53/313
f 301/53/314 305/351/314 306/352/314
f 305/351/315 308/353/315 306/352/315
f 306/352/316 308/353/316 176/354/316
f 312/355/317 306/352/317 176/354/317
f 312/355/318 176/354/318 178/356/318
f 314/357/319 312/355/319 178/356/319
f 314/357/320 178/356/320 186/358/320
f 314/357/321 186/358/321 191/359/321
f 314/357/322 191/359/322 315/360/322
f 314/357/323 315/360/323 257/361/323
f 313/362/324 314/357/324 257/361/324
f 256/54/325 313/362/325 257/361/325
f 306/352/326 313/362/326 256/54/326
f 257/361/327 315/360/327 316/363/327
f 257/361/328 316/363/328 249/58/328
f 249/58/329 316/363/329 317/364/329
f 249/58/330 317/364/330 241/62/330
f 241/62/331 317/364/331 318/365/331
f 241/62/332 318/365/332 54/366/332
f 54/366/333 318/365/333 55/367/333
f 53/368/334 54/369/334 55/370/334
f 55/370/335 202/371/335 53/368/335
f 53/368/336 202/371/336 205/372/336
f 53/368/337 205/372/337 56/373/337
f 52/374/338 53/368/338 56/373/338
f 57/375/339 52/374/339 56/373/339
f 63/376/340 57/375/340 56/373/340
f 56/373/341 208/377/341 63/376/341
f 208/377/342 210/378/342 63/376/342
f 210/378/343 211/379/343 63/376/343
f 63/376/344 211/379/344 212/380/344
f 63/376/345 212/380/345 61/381/345
f 61/381/346 212/380/346 62/382/346
f 62/382/347 59/383/347 61/381/347
f 59/383/348 58/384/348 61/381/348
f 61/381/349 58/384/349 57/375/349
f 51/385/350 57/375/350 58/384/350
f 59/383/351 51/385/351 58/384/351
f 59/383/352 50/386/352 51/385/352
f 45/387/353 51/385/353 50/386/353
f 43/388/354 45/387/354 50/386/354
f 43/388/355 50/386/355 47/389/355
f 44/390/356 43/388/356 47/389/356
f 47/389/357 65/391/357 44/390/357
f 44/390/358 65/391/358 66/392/358
f 44/390/359 66/392/359 42/393/359
f 42/393/360 41/394/360 44/390/360
f 33/395/115 41/394/115 42/393/115
f 33/395/115 42/393/115 35/396/115
f 34/397/115 33/395/115 35/396/115
f 34/397/115 35/396/115 36/398/115
f 331/399/361 34/400/361 36/401/361
f 332/402/362 331/399/362 36/401/362
f 332/402/363 36/401/363 334/403/363
f 332/402/364 334/403/364 333/404/364
f 324/405/365 332/402/365 333/404/365
f 324/405/366 333/404/366 323/406/366
f 323/406/367 322/407/367 324/405/367
f 322/407/368 327/408/368 324/405/368
f 327/408/369 328/409/369 324/405/369
f 324/405/370 328/409/370 330/410/370
f 330/410/371 328/409/371 329/411/371
f 329/411/372 331/399/372 330/410/372
f 329/411/373 19/412/373 331/399/373
f 331/399/374 19/412/374 16/413/374
f 18/414/375 16/415/375 19/416/375
f 18/414/376 19/416/376 20/417/376
f 18/414/377 20/417/377 22/418/377
f 18/414/378 22/418/378 21/419/378
f 15/420/379 18/414/379 21/419/379
f 15/420/380 21/419/380 17/421/380
f 17/421/381 12/422/381 15/420/381
f 13/423/382 15/420/382 12/422/382
f 10/424/383 13/423/383 12/422/383
f 12/422/384 9/425/384 10/424/384
f 6/426/385 10/424/385 9/425/385
f 2/427/386 6/426/386 9/425/386
f 2/427/387 9/425/387 5/428/387
f 3/429/388 2/427/388 5/428/388
f 3/429/389 5/428/389 4/430/389
f 1757/431/390 3/429/390 4/430/390
f 1757/431/391 4/430/391 1670/432/391
f 1671/433/392 1669/434/392 4/430/392
f 1671/433/393 4/430/393 17/421/393
f 1671/433/393 17/421/393 1673/435/393
f 1681/436/394 993/437/394 1682/438/394
f 1683/439/395 1682/438/395 993/437/395
f 1711/440/396 1683/439/396 993/437/396
f 1711/440/397 993/437/397 986/441/397
f 1711/440/398 986/441/398 1709/442/398
f 1709/442/399 986/441/399 991/443/399
f 1709/442/399 991/443/399 1710/444/399
f 1712/445/400 1710/444/400 991/443/400
f 1712/445/401 991/443/401 992/446/401
f 1712/445/401 992/446/401 1718/447/401
f 1699/448/402 3/429/402 1700/449/402
f 1716/450/403 989/451/403 1717/452/403
f 1747/453/404 1717/452/404 989/451/404
f 1721/454/405 1747/453/405 989/451/405
f 1721/454/406 989/451/406 982/455/406
f 1721/454/406 982/455/406 1720/456/406
f 1758/457/407 1759/458/407 1/459/407
f 1758/457/408 1/459/408 2/427/408
f 1758/457/408 2/427/408 1698/460/408
f 1697/461/409 1698/460/409 2/427/409
f 1699/448/410 1697/461/410 2/427/410
f 1759/458/411 1760/462/411 1/459/411
f 1696/463/412 1/464/412 1760/465/412
f 1726/466/413 1722/467/413 1607/468/413
f 1726/466/414 1607/468/414 1600/469/414
f 1726/466/414 1600/469/414 1725/470/414
f 1694/471/415 1695/472/415 23/473/415
f 1696/463/416 1694/471/416 23/473/416
f 1753/474/417 23/473/417 1695/472/417
f 1753/474/418 24/475/418 23/473/418
f 23/473/419 24/475/419 25/476/419
f 27/477/420 23/473/420 25/476/420
f 25/476/421 28/478/421 27/477/421
f 27/477/422 28/478/422 7/479/422
f 1/464/423 27/477/423 7/479/423
f 6/426/424 1/459/424 7/480/424
f 6/426/425 7/480/425 8/481/425
f 7/479/426 30/482/426 8/483/426
f 8/483/427 30/482/427 32/484/427
f 8/483/428 32/484/428 11/485/428
f 10/424/429 8/481/429 11/486/429
f 11/485/430 32/484/430 33/395/430
f 11/485/431 33/395/431 14/487/431
f 13/423/432 11/486/432 14/488/432
f 33/395/433 32/484/433 37/489/433
f 37/489/434 32/484/434 38/490/434
f 37/489/435 38/490/435 39/491/435
f 37/489/436 39/491/436 41/394/436
f 41/394/437 39/491/437 40/492/437
f 41/394/438 40/492/438 31/493/438
f 41/394/439 31/493/439 43/388/439
f 40/492/440 32/484/440 31/493/440
f 38/490/441 40/492/441 39/491/441
f 38/490/442 32/484/442 40/492/442
f 32/484/443 30/482/443 31/493/443
f 30/482/444 29/494/444 31/493/444
f 29/66/445 239/63/445 31/495/445
f 31/495/446 239/63/446 46/496/446
f 45/387/447 31/493/447 46/497/447
f 45/387/448 46/497/448 48/498/448
f 48/498/449 46/497/449 49/499/449
f 48/498/450 49/499/450 52/374/450
f 48/498/451 52/374/451 51/385/451
f 46/496/452 239/63/452 49/500/452
f 49/500/453 239/63/453 54/366/453
f 30/482/454 28/478/454 29/494/454
f 28/478/455 26/501/455 29/494/455
f 7/479/456 28/478/456 30/482/456
f 25/476/457 26/501/457 28/478/457
f 1/464/458 23/473/458 27/477/458
f 25/476/459 24/475/459 26/501/459
f 219/502/460 26/503/460 24/504/460
f 1748/505/461 219/506/461 24/507/461
f 1748/505/462 24/507/462 1749/508/462
f 1734/509/463 1724/510/463 1604/511/463
f 1734/509/464 1604/511/464 1606/512/464
f 1734/509/464 1606/512/464 1733/513/464
f 1731/514/465 1733/513/465 1606/512/465
f 1731/514/466 1606/512/466 1605/515/466
f 1731/514/466 1605/515/466 1732/516/466
f 1751/517/467 1752/518/467 220/70/467
f 1750/519/468 1751/517/468 220/70/468
f 1750/519/469 220/70/469 219/506/469
f 1761/520/470 220/70/470 1752/518/470
f 1736/521/471 1735/522/471 1605/515/471
f 1736/521/472 1605/515/472 1591/523/472
f 1736/521/472 1591/523/472 1737/524/472
f 1763/525/473 226/73/473 1762/526/473
f 1761/520/474 1762/526/474 226/73/474
f 1737/524/475 1591/523/475 1285/82/475
f 1591/523/476 1287/527/476 1285/82/476
f 1587/528/477 1287/527/477 1591/523/477
f 1587/528/478 1591/523/478 1590/529/478
f 1588/530/479 1587/528/479 1590/529/479
f 1588/530/480 1590/529/480 1589/531/480
f 1581/532/481 1588/530/481 1589/531/481
f 1581/532/482 1589/531/482 1520/533/482
f 1521/534/483 1581/532/483 1520/533/483
f 1519/535/484 1521/534/484 1520/533/484
f 1517/536/485 1519/535/485 1520/533/485
f 1517/536/486 1520/533/486 1514/537/486
f 1512/538/487 1517/536/487 1514/537/487
f 1514/537/488 1513/539/488 1512/538/488
f 1513/539/489 1510/540/489 1512/538/489
f 1510/540/490 1507/541/490 1512/538/490
f 1512/538/491 1507/541/491 1511/542/491
f 1516/543/492 1512/538/492 1511/542/492
f 1516/543/493 1511/542/493 1515/544/493
f 1516/543/494 1515/544/494 1518/545/494
f 1519/535/495 1516/543/495 1518/545/495
f 1518/545/496 1515/544/496 1522/546/496
f 1518/545/497 1522/546/497 1524/547/497
f 1518/545/498 1524/547/498 1526/548/498
f 1518/545/499 1526/548/499 1521/534/499
f 1526/548/500 1577/549/500 1521/534/500
f 1521/534/501 1577/549/501 1580/550/501
f 1580/550/502 1577/549/502 1582/551/502
f 1580/550/503 1582/551/503 1581/532/503
f 1585/552/504 1581/532/504 1582/551/504
f 1585/552/505 1582/551/505 1308/553/505
f 1585/552/506 1308/553/506 1586/554/506
f 1585/552/507 1586/554/507 1587/528/507
f 1586/554/508 1308/553/508 1311/555/508
f 1586/554/509 1311/555/509 1310/556/509
f 1586/554/510 1310/556/510 1290/557/510
f 1586/554/511 1290/557/511 1287/527/511
f 1288/558/512 1287/559/512 1290/560/512
f 1305/561/513 1288/558/513 1290/560/513
f 1306/562/514 1305/561/514 1290/560/514
f 1306/562/515 1290/560/515 1309/563/515
f 1306/562/516 1309/563/516 1308/564/516
f 1307/565/517 1306/562/517 1308/564/517
f 1304/566/518 1306/562/518 1307/565/518
f 1307/567/519 1583/568/519 1304/569/519
f 1583/568/520 1584/570/520 1304/569/520
f 1660/571/521 1304/569/521 1584/570/521
f 1660/571/522 1584/570/522 1661/572/522
f 1662/573/523 1660/571/523 1661/572/523
f 1662/573/524 1661/572/524 1663/574/524
f 1662/573/525 1663/574/525 1659/575/525
f 1659/575/526 1663/574/526 1664/576/526
f 1659/575/527 1664/576/527 1649/577/527
f 1639/578/528 1659/575/528 1649/577/528
f 1648/579/529 1639/580/529 1649/581/529
f 1648/579/530 1649/581/530 1651/582/530
f 1651/582/531 1653/583/531 1648/579/531
f 1653/583/532 1654/584/532 1648/579/532
f 1648/579/533 1654/584/533 1650/585/533
f 1650/585/534 1645/586/534 1648/579/534
f 1644/587/535 1645/586/535 1650/585/535
f 1644/587/536 1650/585/536 1557/588/536
f 1644/587/537 1557/588/537 1205/589/537
f 1655/590/538 1644/587/538 1205/589/538
f 1655/590/539 1205/589/539 1202/591/539
f 1655/590/540 1202/591/540 1656/592/540
f 1655/590/541 1656/592/541 1633/593/541
f 1633/593/542 1656/592/542 1259/594/542
f 1259/594/543 1632/595/543 1633/593/543
f 1632/595/544 1643/596/544 1633/593/544
f 1633/593/545 1643/596/545 1640/597/545
f 1633/593/546 1640/597/546 1644/587/546
f 1644/587/547 1640/597/547 1641/598/547
f 1644/587/548 1641/598/548 1646/599/548
f 1644/587/549 1646/599/549 1647/600/549
f 1647/600/550 1646/599/550 1645/586/550
f 1646/599/551 1641/598/551 1645/586/551
f 1645/586/552 1641/598/552 1639/580/552
f 1641/598/553 1638/601/553 1639/580/553
f 1638/601/554 1299/602/554 1639/580/554
f 1658/603/555 1639/578/555 1299/604/555
f 1658/603/556 1299/604/556 1300/605/556
f 1658/603/557 1300/605/557 1660/571/557
f 1658/603/558 1660/571/558 1659/575/558
f 1660/571/559 1300/605/559 1303/606/559
f 1300/607/560 1302/608/560 1303/609/560
f 1303/609/561 1302/608/561 1304/566/561
f 1298/610/562 1302/608/562 1300/607/562
f 1298/610/563 1297/611/563 1302/608/563
f 1302/608/564 1297/611/564 1301/612/564
f 1301/612/565 1305/561/565 1302/608/565
f 1296/92/566 1301/612/566 1297/611/566
f 1297/611/567 1295/613/567 1296/92/567
f 1743/614/568 1296/92/568 1295/613/568
f 1743/614/568 1295/613/568 1730/615/568
f 1730/615/569 1292/616/569 1728/617/569
f 1727/618/570 1728/617/570 1292/616/570
f 1729/619/571 1727/618/571 1292/616/571
f 1729/619/572 1292/616/572 1291/620/572
f 1729/619/572 1291/620/572 1714/621/572
f 1756/622/573 1755/623/573 450/106/573
f 1754/624/574 450/106/574 1755/623/574
f 1754/624/575 1715/625/575 1437/107/575
f 1713/626/576 1437/107/576 1715/625/576
f 1713/626/576 1291/627/576 1437/107/576
f 1713/628/577 1714/621/577 1291/620/577
f 1291/620/578 1292/616/578 1293/629/578
f 1291/620/579 1293/629/579 1294/630/579
f 1298/610/580 1294/630/580 1293/629/580
f 1294/630/581 1298/610/581 1299/631/581
f 1637/632/582 1294/633/582 1299/602/582
f 1637/632/583 1439/634/583 1294/633/583
f 1637/632/584 1440/635/584 1439/634/584
f 1278/111/585 1439/636/585 1440/637/585
f 1278/111/586 1440/637/586 1268/638/586
f 1268/639/587 1277/640/587 1278/112/587
f 1268/639/588 1273/641/588 1277/640/588
f 1277/640/589 1273/641/589 1276/642/589
f 489/643/590 1277/640/590 1276/642/590
f 489/643/591 1276/642/591 490/644/591
f 485/645/592 489/646/592 490/647/592
f 485/645/593 490/647/593 491/648/593
f 485/645/594 491/648/594 492/649/594
f 485/645/595 492/649/595 486/650/595
f 486/650/596 483/651/596 485/645/596
f 483/651/597 482/652/597 485/645/597
f 485/645/598 482/652/598 487/653/598
f 487/653/599 482/652/599 488/654/599
f 487/653/600 488/654/600 489/646/600
f 495/114/601 489/643/601 488/655/601
f 488/654/602 494/122/602 495/116/602
f 488/654/603 478/135/603 494/122/603
f 488/654/604 482/652/604 478/135/604
f 482/652/605 477/656/605 478/135/605
f 472/140/606 478/135/606 477/656/606
f 473/657/607 472/140/607 477/656/607
f 473/657/608 477/656/608 479/658/608
f 473/657/609 479/658/609 476/659/609
f 474/660/610 473/657/610 476/659/610
f 474/660/611 476/659/611 475/661/611
f 470/143/612 474/660/612 475/661/612
f 476/659/613 526/662/613 475/661/613
f 475/661/614 526/662/614 528/663/614
f 528/663/615 535/664/615 475/661/615
f 475/661/616 535/664/616 538/665/616
f 475/661/617 538/665/617 468/145/617
f 468/145/618 538/665/618 541/666/618
f 468/145/619 541/666/619 542/667/619
f 468/145/620 542/667/620 463/159/620
f 463/159/621 542/667/621 545/668/621
f 545/668/622 542/667/622 544/669/622
f 545/668/623 544/669/623 547/670/623
f 548/671/624 545/668/624 547/670/624
f 552/672/625 548/671/625 547/670/625
f 559/673/626 552/672/626 547/670/626
f 559/673/627 547/670/627 561/674/627
f 562/675/115 559/673/115 561/674/115
f 561/674/628 563/676/628 562/675/628
f 562/675/629 563/676/629 565/677/629
f 565/677/630 571/678/630 562/675/630
f 562/675/631 571/678/631 573/679/631
f 562/675/632 573/679/632 560/680/632
f 560/680/633 573/679/633 576/681/633
f 560/680/634 576/681/634 558/682/634
f 558/682/635 557/683/635 560/680/635
f 560/680/636 557/683/636 559/673/636
f 558/682/637 553/684/637 557/683/637
f 553/684/638 552/672/638 557/683/638
f 553/684/639 551/685/639 552/672/639
f 549/161/640 551/685/640 553/684/640
f 554/686/641 549/161/641 553/684/641
f 554/686/642 553/684/642 556/687/642
f 554/686/643 556/687/643 555/688/643
f 379/689/644 554/686/644 555/688/644
f 379/689/645 555/688/645 380/690/645
f 378/170/646 379/691/646 380/692/646
f 555/688/647 583/693/647 380/690/647
f 380/690/648 583/693/648 584/694/648
f 380/690/649 584/694/649 362/695/649
f 365/696/650 380/692/650 362/697/650
f 362/698/651 364/262/651 365/699/651
f 372/700/652 365/699/652 364/262/652
f 372/700/653 364/262/653 373/168/653
f 364/260/654 675/20/654 373/166/654
f 365/699/655 372/700/655 374/701/655
f 365/699/656 374/701/656 377/702/656
f 377/702/657 374/701/657 381/187/657
f 372/700/658 375/167/658 374/701/658
f 383/703/659 374/701/659 375/167/659
f 386/186/660 374/701/660 383/703/660
f 383/703/661 391/704/661 386/186/661
f 383/703/662 390/173/662 391/704/662
f 389/172/663 380/692/663 365/696/663
f 362/695/664 584/694/664 359/705/664
f 359/706/665 361/263/665 362/698/665
f 359/705/666 584/694/666 583/693/666
f 583/693/667 585/707/667 359/705/667
f 359/705/668 585/707/668 122/273/668
f 122/269/669 358/265/669 359/706/669
f 583/693/670 582/708/670 585/707/670
f 585/707/671 582/708/671 579/274/671
f 582/708/672 575/709/672 579/274/672
f 581/710/673 575/709/673 582/708/673
f 581/710/674 582/708/674 580/711/674
f 578/712/675 581/710/675 580/711/675
f 556/687/676 578/712/676 580/711/676
f 558/682/677 578/712/677 556/687/677
f 578/712/678 577/713/678 581/710/678
f 578/712/679 576/681/679 577/713/679
f 581/710/680 577/713/680 575/709/680
f 577/713/681 572/714/681 575/709/681
f 572/714/682 574/715/682 575/709/682
f 572/714/683 569/716/683 574/715/683
f 571/678/684 569/716/684 572/714/684
f 571/678/685 568/717/685 569/716/685
f 568/717/686 566/718/686 569/716/686
f 569/716/687 566/718/687 570/719/687
f 567/720/115 570/721/115 566/722/115
f 566/718/688 534/723/688 567/724/688
f 532/725/689 567/720/689 534/726/689
f 531/727/690 532/728/690 534/723/690
f 536/729/691 531/727/691 534/723/691
f 536/729/692 534/723/692 537/730/692
f 536/729/693 537/730/693 539/731/693
f 536/729/694 539/731/694 535/664/694
f 533/732/695 536/729/695 535/664/695
f 539/731/696 543/733/696 535/664/696
f 544/669/697 535/664/697 543/733/697
f 541/666/698 535/664/698 544/669/698
f 539/731/699 540/734/699 543/733/699
f 564/735/700 543/733/700 540/734/700
f 564/735/701 540/734/701 566/718/701
f 563/676/702 543/733/702 564/735/702
f 563/676/703 547/670/703 543/733/703
f 537/730/704 540/734/704 539/731/704
f 537/730/705 534/723/705 540/734/705
f 533/732/706 531/727/706 536/729/706
f 533/732/707 529/736/707 531/727/707
f 529/736/708 530/737/708 531/727/708
f 529/736/709 525/738/709 530/737/709
f 525/739/710 1187/740/710 530/741/710
f 530/741/711 1187/740/711 1150/742/711
f 944/743/712 530/744/712 1150/745/712
f 944/743/713 1150/745/713 951/746/713
f 950/747/714 944/748/714 951/749/714
f 950/747/715 951/749/715 952/750/715
f 950/747/716 952/750/716 948/751/716
f 948/751/717 952/750/717 954/752/717
f 948/751/718 954/752/718 949/753/718
f 949/753/719 945/754/719 948/751/719
f 945/754/720 947/755/720 948/751/720
f 948/751/721 947/755/721 944/748/721
f 947/755/722 943/756/722 944/748/722
f 943/756/723 532/757/723 944/748/723
f 941/758/724 532/757/724 943/756/724
f 941/758/725 943/756/725 940/759/725
f 940/759/726 800/760/726 941/758/726
f 939/761/727 800/760/727 940/759/727
f 939/761/728 940/759/728 942/762/728
f 939/761/729 942/762/729 946/763/729
f 939/761/730 946/763/730 793/764/730
f 795/765/731 939/761/731 793/764/731
f 793/766/732 794/767/732 795/768/732
f 795/768/733 794/767/733 796/769/733
f 794/767/734 797/770/734 796/769/734
f 796/769/735 797/770/735 798/771/735
f 796/769/736 798/771/736 800/772/736
f 798/771/737 567/720/737 800/772/737
f 797/770/738 799/773/738 798/771/738
f 799/773/739 570/721/739 798/771/739
f 797/770/740 776/774/740 799/773/740
f 799/773/741 776/774/741 735/775/741
f 799/773/742 735/775/742 732/776/742
f 734/777/743 732/280/743 735/778/743
f 734/777/744 735/778/744 737/779/744
f 734/777/745 737/779/745 736/780/745
f 736/780/746 731/281/746 734/777/746
f 736/780/747 737/779/747 741/781/747
f 736/780/748 741/781/748 733/284/748
f 733/284/749 741/781/749 743/782/749
f 743/782/750 741/781/750 742/783/750
f 743/782/751 742/783/751 744/784/751
f 746/785/752 743/782/752 744/784/752
f 746/785/753 744/784/753 748/786/753
f 746/785/754 748/786/754 747/787/754
f 727/285/755 746/785/755 747/787/755
f 727/285/756 747/787/756 726/788/756
f 747/787/757 728/789/757 726/788/757
f 725/790/758 726/788/758 728/789/758
f 728/789/759 767/791/759 725/790/759
f 725/790/760 767/791/760 723/792/760
f 723/792/761 721/793/761 725/790/761
f 101/794/762 721/793/762 723/792/762
f 723/792/763 771/795/763 101/794/763
f 101/794/764 771/795/764 773/796/764
f 101/794/765 773/796/765 102/797/765
f 98/798/766 101/794/766 102/797/766
f 794/767/767 98/799/767 102/800/767
f 794/767/768 81/801/768 98/799/768
f 81/802/769 97/803/769 98/798/769
f 98/798/770 97/803/770 100/804/770
f 100/804/771 97/803/771 99/805/771
f 721/793/772 100/804/772 99/805/772
f 721/793/773 99/805/773 109/288/773
f 99/805/774 107/806/774 109/288/774
f 106/807/775 107/806/775 99/805/775
f 91/808/776 106/807/776 99/805/776
f 106/807/777 91/808/777 95/809/777
f 90/810/778 95/809/778 91/808/778
f 80/811/779 90/810/779 91/808/779
f 80/811/780 91/808/780 81/802/780
f 78/812/781 80/811/781 81/802/781
f 78/812/782 76/813/782 80/811/782
f 80/811/783 76/813/783 79/814/783
f 79/814/784 85/815/784 80/811/784
f 89/816/785 80/811/785 85/815/785
f 89/816/786 85/815/786 88/817/786
f 89/816/787 88/817/787 93/818/787
f 89/816/788 93/818/788 92/819/788
f 90/810/789 89/816/789 92/819/789
f 93/818/790 94/820/790 92/819/790
f 92/819/791 94/820/791 96/821/791
f 103/822/792 92/819/792 96/821/792
f 103/822/793 96/821/793 104/823/793
f 103/822/794 104/823/794 105/824/794
f 103/822/795 105/824/795 95/809/795
f 108/825/796 95/809/796 105/824/796
f 108/825/797 105/824/797 112/290/797
f 107/806/798 95/809/798 108/825/798
f 107/806/799 108/825/799 111/289/799
f 110/826/800 105/824/800 104/823/800
f 110/826/801 104/823/801 94/820/801
f 110/826/802 94/820/802 114/827/802
f 115/293/803 110/826/803 114/827/803
f 123/315/804 115/293/804 114/827/804
f 127/319/805 123/315/805 114/827/805
f 127/319/806 114/827/806 132/828/806
f 127/319/807 132/828/807 130/326/807
f 130/326/808 132/828/808 134/829/808
f 134/829/809 132/828/809 135/830/809
f 136/328/810 134/829/810 135/830/810
f 136/328/811 135/830/811 139/831/811
f 146/832/812 139/831/812 135/830/812
f 146/832/813 135/830/813 148/833/813
f 146/832/814 148/833/814 147/834/814
f 145/835/815 146/832/815 147/834/815
f 149/836/816 145/835/816 147/834/816
f 158/837/817 149/836/817 147/834/817
f 158/837/818 147/834/818 157/838/818
f 158/837/819 157/838/819 160/839/819
f 158/837/820 160/839/820 159/840/820
f 159/840/821 160/839/821 164/841/821
f 159/840/822 164/841/822 165/842/822
f 159/840/823 165/842/823 152/843/823
f 149/836/824 159/840/824 152/843/824
f 152/843/825 144/844/825 149/836/825
f 151/845/826 144/844/826 152/843/826
f 152/843/827 175/846/827 151/845/827
f 151/845/828 175/846/828 176/847/828
f 176/354/829 150/848/829 151/849/829
f 176/847/830 175/846/830 177/850/830
f 177/850/831 175/846/831 174/851/831
f 177/850/832 174/851/832 178/852/832
f 178/852/833 174/851/833 179/853/833
f 178/852/834 179/853/834 180/854/834
f 179/853/835 181/855/835 180/854/835
f 180/854/836 181/855/836 185/856/836
f 180/854/837 185/856/837 186/857/837
f 185/856/838 181/855/838 189/858/838
f 185/856/839 189/858/839 190/859/839
f 185/856/840 190/859/840 191/860/840
f 191/860/841 190/859/841 192/861/841
f 192/861/842 190/859/842 193/862/842
f 192/861/843 193/862/843 194/863/843
f 315/360/844 192/864/844 194/865/844
f 315/360/845 194/865/845 198/866/845
f 194/863/846 197/867/846 198/868/846
f 201/869/847 198/866/847 197/870/847
f 201/871/848 197/867/848 55/370/848
f 317/364/849 198/866/849 201/869/849
f 317/364/850 201/869/850 319/872/850
f 318/365/851 319/872/851 201/869/851
f 194/863/852 196/873/852 197/867/852
f 197/867/853 196/873/853 200/874/853
f 202/371/854 197/867/854 200/874/854
f 202/371/855 200/874/855 206/875/855
f 206/875/856 200/874/856 207/876/856
f 207/876/857 204/877/857 206/875/857
f 208/377/858 206/875/858 204/877/858
f 204/877/859 209/878/859 208/377/859
f 209/878/860 204/877/860 203/879/860
f 209/878/861 203/879/861 184/880/861
f 210/378/862 209/878/862 184/880/862
f 203/879/863 187/881/863 184/880/863
f 187/881/864 182/882/864 184/880/864
f 182/882/865 168/883/865 184/880/865
f 211/379/866 184/880/866 168/883/866
f 211/379/867 168/883/867 213/884/867
f 213/884/868 168/883/868 163/885/868
f 213/884/869 163/885/869 162/886/869
f 214/887/870 213/884/870 162/886/870
f 215/888/871 214/887/871 162/886/871
f 215/888/872 162/886/872 216/889/872
f 215/888/873 216/889/873 70/890/873
f 64/891/874 215/888/874 70/890/874
f 70/890/875 65/391/875 64/891/875
f 65/391/876 70/890/876 67/892/876
f 83/893/877 67/892/877 70/890/877
f 86/894/878 83/893/878 70/890/878
f 86/894/879 70/890/879 82/895/879
f 86/894/880 82/895/880 87/896/880
f 87/896/881 84/897/881 86/894/881
f 85/815/882 84/897/882 87/896/882
f 87/896/883 82/895/883 70/890/883
f 84/897/884 83/893/884 86/894/884
f 84/897/885 82/898/885 83/893/885
f 79/814/886 82/898/886 84/897/886
f 79/814/887 71/899/887 82/898/887
f 82/898/888 71/899/888 67/892/888
f 68/900/889 67/892/889 71/899/889
f 68/900/890 71/899/890 69/901/890
f 35/396/891 68/900/891 69/901/891
f 35/396/892 69/901/892 72/902/892
f 35/396/893 72/902/893 73/903/893
f 73/903/894 72/902/894 75/904/894
f 76/813/895 73/903/895 75/904/895
f 74/905/896 73/903/896 76/813/896
f 74/905/897 76/813/897 77/906/897
f 74/907/898 77/908/898 336/909/898
f 334/403/899 74/910/899 336/911/899
f 334/403/900 336/911/900 335/912/900
f 336/909/901 791/913/901 335/914/901
f 335/914/902 791/913/902 792/915/902
f 792/916/903 975/917/903 335/918/903
f 335/918/904 975/917/904 979/919/904
f 335/918/905 979/919/905 333/920/905
f 333/920/906 979/919/906 983/921/906
f 979/919/907 984/922/907 983/921/907
f 986/441/908 983/921/908 984/922/908
f 984/922/909 990/923/909 986/441/909
f 984/922/910 988/924/910 990/923/910
f 990/923/911 988/924/911 991/443/911
f 984/922/912 985/925/912 988/924/912
f 988/924/913 985/925/913 987/926/913
f 987/926/914 989/451/914 988/924/914
f 992/446/915 988/924/915 989/451/915
f 985/925/916 980/927/916 987/926/916
f 987/926/917 980/927/917 982/455/917
f 980/927/918 981/928/918 982/455/918
f 981/929/919 1607/468/919 982/930/919
f 1719/931/920 982/930/920 1607/468/920
f 980/927/921 978/932/921 981/928/921
f 978/933/922 1598/934/922 981/929/922
f 1598/934/923 1599/935/923 981/929/923
f 981/929/924 1599/935/924 1600/469/924
f 1599/935/925 1601/936/925 1600/469/925
f 1601/936/926 1604/511/926 1600/469/926
f 1723/937/927 1600/469/927 1604/511/927
f 1601/936/928 1603/938/928 1604/511/928
f 1601/936/929 1602/939/929 1603/938/929
f 1603/938/930 1602/939/930 1591/523/930
f 1601/936/931 1594/940/931 1602/939/931
f 1602/939/932 1594/940/932 1590/529/932
f 1599/935/933 1594/940/933 1601/936/933
f 1598/934/934 1594/940/934 1599/935/934
f 1598/934/935 1596/941/935 1594/940/935
f 1596/941/936 1589/531/936 1594/940/936
f 1593/942/937 1589/531/937 1596/941/937
f 1593/942/115 1596/941/115 1595/943/115
f 1508/944/938 1593/942/938 1595/943/938
f 1508/944/939 1595/943/939 968/945/939
f 968/945/940 1506/946/940 1508/944/940
f 1506/946/941 1509/947/941 1508/944/941
f 1509/947/942 1513/539/942 1508/944/942
f 1506/946/943 1505/948/943 1509/947/943
f 1505/948/944 1510/540/944 1509/947/944
f 1506/946/945 1502/949/945 1505/948/945
f 1502/949/946 1503/950/946 1505/948/946
f 1505/948/115 1503/950/115 1504/951/115
f 1505/948/947 1504/951/947 1507/541/947
f 1503/950/948 1499/952/948 1504/951/948
f 1504/951/949 1499/952/949 1501/953/949
f 1515/544/950 1504/951/950 1501/953/950
f 1499/952/951 1498/954/951 1501/953/951
f 1501/955/952 1498/956/952 1525/957/952
f 1523/958/953 1501/953/953 1525/959/953
f 1523/958/954 1525/959/954 1530/960/954
f 1523/958/955 1530/960/955 1529/961/955
f 1527/962/956 1523/958/956 1529/961/956
f 1527/962/957 1529/961/957 1528/963/957
f 1524/547/958 1527/962/958 1528/963/958
f 1528/963/959 1570/964/959 1524/547/959
f 1528/963/960 1566/965/960 1570/964/960
f 1566/965/961 1571/966/961 1570/964/961
f 1571/966/962 1572/967/962 1570/964/962
f 1570/964/963 1572/967/963 1574/968/963
f 1575/969/964 1570/964/964 1574/968/964
f 1578/970/965 1575/969/965 1574/968/965
f 1664/576/966 1578/970/966 1574/968/966
f 1664/576/967 1574/968/967 1666/971/967
f 1664/576/968 1666/971/968 1668/972/968
f 1664/576/969 1668/972/969 1667/973/969
f 1667/973/970 1665/974/970 1664/576/970
f 1573/975/971 1665/974/971 1667/973/971
f 1573/975/972 1667/973/972 1572/967/972
f 1567/976/973 1573/975/973 1572/967/973
f 1573/975/974 1567/976/974 1558/977/974
f 1573/975/975 1558/977/975 1557/978/975
f 1557/588/976 1651/582/976 1573/979/976
f 1652/980/977 1573/979/977 1651/582/977
f 1652/980/978 1649/581/978 1573/979/978
f 1555/981/979 1557/978/979 1558/977/979
f 1555/981/980 1558/977/980 1552/982/980
f 1552/982/981 1553/983/981 1555/981/981
f 1555/981/982 1553/983/982 1556/984/982
f 1555/981/983 1556/984/983 1206/985/983
f 1555/981/984 1206/985/984 1205/986/984
f 1204/987/985 1205/988/985 1206/989/985
f 1204/987/986 1206/989/986 1208/990/986
f 1204/987/987 1208/990/987 1207/991/987
f 1200/992/988 1204/987/988 1207/991/988
f 1200/992/989 1207/991/989 1203/993/989
f 1195/994/990 1200/992/990 1203/993/990
f 1195/994/991 1203/993/991 1194/995/991
f 1193/996/992 1195/994/992 1194/995/992
f 1194/995/993 1191/997/993 1193/996/993
f 1191/997/994 1190/998/994 1193/996/994
f 1193/996/995 1190/998/995 1192/999/995
f 1190/998/996 518/1000/996 1192/999/996
f 1192/999/997 518/1000/997 517/1001/997
f 1192/999/998 517/1001/998 1196/1002/998
f 1192/999/999 1196/1002/999 1199/1003/999
f 1192/999/1000 1199/1003/1000 1195/994/1000
f 1199/1003/1001 1196/1002/1001 1198/1004/1001
f 1199/1003/1002 1198/1004/1002 1200/992/1002
f 1200/992/1003 1198/1004/1003 1201/1005/1003
f 1200/992/1004 1201/1005/1004 1202/1006/1004
f 1198/1007/1005 1258/1008/1005 1201/1009/1005
f 1201/1009/1006 1258/1008/1006 1259/1010/1006
f 1258/1008/1007 1260/1011/1007 1259/1010/1007
f 1259/1010/1008 1260/1011/1008 1261/1012/1008
f 1259/1010/1009 1261/1012/1009 1262/1013/1009
f 1262/1014/1010 1629/1015/1010 1259/594/1010
f 1629/1015/1011 1262/1014/1011 1630/1016/1011
f 1629/1015/1012 1630/1016/1012 1631/1017/1012
f 1632/595/1013 1629/1015/1013 1631/1017/1013
f 1631/1017/1014 1640/597/1014 1632/595/1014
f 1640/597/1015 1631/1017/1015 1636/1018/1015
f 1640/597/1016 1636/1018/1016 1642/1019/1016
f 1642/1019/1017 1636/1018/1017 1641/598/1017
f 1631/1017/1018 1634/1020/1018 1636/1018/1018
f 1634/1020/1019 1638/601/1019 1636/1018/1019
f 1635/1021/1020 1638/601/1020 1634/1020/1020
f 1634/1020/1021 1441/1022/1021 1635/1021/1021
f 1635/1021/1022 1441/1022/1022 1440/635/1022
f 1635/1021/1023 1637/632/1023 1638/601/1023
f 1631/1017/1024 1441/1022/1024 1634/1020/1024
f 1631/1017/1025 1630/1016/1025 1441/1022/1025
f 1630/1016/1026 1265/1023/1026 1441/1022/1026
f 1268/638/1027 1441/1024/1027 1265/1025/1027
f 1265/1026/1028 1264/1027/1028 1268/639/1028
f 1268/639/1029 1264/1027/1029 1269/1028/1029
f 1264/1027/1030 1270/1029/1030 1269/1028/1030
f 1273/641/1031 1269/1028/1031 1270/1029/1031
f 1270/1029/1032 1274/1030/1032 1273/641/1032
f 1270/1029/1033 1271/1031/1033 1274/1030/1033
f 1274/1030/1034 1271/1031/1034 1275/1032/1034
f 1281/1033/1035 1274/1030/1035 1275/1032/1035
f 1282/1034/1036 1281/1033/1036 1275/1032/1036
f 1282/1034/1037 1275/1032/1037 1272/1035/1037
f 1283/1036/1038 1282/1034/1038 1272/1035/1038
f 1283/1036/1039 1272/1035/1039 1284/1037/1039
f 1283/1036/1040 1284/1037/1040 509/1038/1040
f 493/1039/1041 1283/1036/1041 509/1038/1041
f 508/1040/1042 493/1041/1042 509/1042/1042
f 508/1040/1043 509/1042/1043 510/1043/1043
f 508/1040/1044 510/1043/1044 511/1044/1044
f 508/1040/1045 511/1044/1045 507/1045/1045
f 507/1045/1046 511/1044/1046 513/1046/1046
f 514/1047/1047 507/1045/1047 513/1046/1047
f 513/1046/1048 515/1048/1048 514/1047/1048
f 484/1049/1049 514/1047/1049 515/1048/1049
f 515/1048/1050 519/1050/1050 484/1049/1050
f 484/1049/1051 519/1050/1051 523/1051/1051
f 484/1049/1052 523/1051/1052 526/662/1052
f 526/662/1053 523/1051/1053 524/1052/1053
f 526/662/1054 524/1052/1054 527/1053/1054
f 527/1053/1055 524/1052/1055 525/738/1055
f 524/1052/1056 522/1054/1056 525/738/1056
f 521/1055/1057 522/1054/1057 524/1052/1057
f 521/1055/1058 520/1056/1058 522/1054/1058
f 1190/998/1059 522/1057/1059 520/1058/1059
f 1189/1059/1060 522/1057/1060 1190/998/1060
f 1187/740/1061 522/1057/1061 1189/1059/1061
f 1187/740/1062 1189/1059/1062 1191/997/1062
f 1187/740/1063 1191/997/1063 1188/1060/1063
f 519/1050/1064 520/1056/1064 521/1055/1064
f 519/1050/1065 518/1061/1065 520/1056/1065
f 519/1050/1066 516/1062/1066 518/1061/1066
f 521/1055/1067 524/1052/1067 523/1051/1067
f 523/1051/1068 519/1050/1068 521/1055/1068
f 515/1048/1069 516/1062/1069 519/1050/1069
f 515/1048/1070 512/1063/1070 516/1062/1070
f 516/1062/1071 512/1063/1071 517/1064/1071
f 515/1048/1072 511/1044/1072 512/1063/1072
f 481/1065/1073 514/1047/1073 484/1049/1073
f 476/659/1074 481/1065/1074 484/1049/1074
f 486/650/1075 514/1047/1075 481/1065/1075
f 514/1047/1076 486/650/1076 507/1045/1076
f 507/1045/1077 486/650/1077 493/1041/1077
f 513/1046/1078 511/1044/1078 515/1048/1078
f 511/1044/1079 510/1043/1079 512/1063/1079
f 510/1066/1080 1253/1067/1080 512/1068/1080
f 512/1068/1081 1253/1067/1081 1197/1069/1081
f 1196/1002/1082 512/1070/1082 1197/1071/1082
f 1197/1069/1083 1253/1067/1083 1255/1072/1083
f 1197/1069/1084 1255/1072/1084 1256/1073/1084
f 1197/1069/1085 1256/1073/1085 1198/1007/1085
f 1260/1011/1086 1256/1073/1086 1255/1072/1086
f 1260/1011/1087 1255/1072/1087 1257/1074/1087
f 1255/1072/1088 1254/1075/1088 1257/1074/1088
f 1254/1075/1089 1284/1037/1089 1257/1074/1089
f 1255/1072/1090 1253/1067/1090 1254/1075/1090
f 1253/1067/1091 510/1066/1091 1254/1075/1091
f 1254/1075/1092 510/1066/1092 509/1038/1092
f 507/1045/1093 493/1041/1093 508/1040/1093
f 509/1038/1094 1284/1037/1094 1254/1075/1094
f 1284/1037/1095 1272/1035/1095 1257/1074/1095
f 1272/1035/1096 1267/1076/1096 1257/1074/1096
f 1261/1012/1097 1257/1074/1097 1267/1076/1097
f 1261/1012/1098 1267/1076/1098 1266/1077/1098
f 1263/1078/1099 1261/1012/1099 1266/1077/1099
f 1263/1078/1100 1266/1077/1100 1264/1027/1100
f 1262/1013/1101 1263/1078/1101 1264/1027/1101
f 1266/1077/1102 1267/1076/1102 1271/1031/1102
f 1267/1076/1103 1272/1035/1103 1271/1031/1103
f 493/1039/1104 1282/1034/1104 1283/1036/1104
f 492/1079/1105 1282/1034/1105 493/1039/1105
f 492/1079/1106 1281/1033/1106 1282/1034/1106
f 1281/1033/1107 1276/642/1107 1274/1030/1107
f 491/1080/1108 1276/642/1108 1281/1033/1108
f 1275/1032/1109 1271/1031/1109 1272/1035/1109
f 1266/1077/1110 1271/1031/1110 1270/1029/1110
f 1264/1027/1030 1266/1077/1030 1270/1029/1030
f 1262/1013/1111 1264/1027/1111 1265/1026/1111
f 1630/1016/1112 1262/1014/1112 1265/1023/1112
f 1262/1013/1113 1261/1012/1113 1263/1078/1113
f 1261/1012/1114 1260/1011/1114 1257/1074/1114
f 1258/1008/1115 1256/1073/1115 1260/1011/1115
f 1198/1007/1116 1256/1073/1116 1258/1008/1116
f 1196/1002/1117 1197/1071/1117 1198/1004/1117
f 1196/1002/1118 517/1001/1118 512/1070/1118
f 516/1062/1119 517/1064/1119 518/1061/1119
f 1190/998/1120 520/1058/1120 518/1000/1120
f 1191/997/1121 1189/1059/1121 1190/998/1121
f 1188/1060/1122 1191/997/1122 1194/995/1122
f 1194/995/1123 1212/1081/1123 1188/1060/1123
f 1212/1081/1124 1213/1082/1124 1188/1060/1124
f 1188/1060/1125 1213/1082/1125 1151/1083/1125
f 1150/742/1126 1188/1060/1126 1151/1083/1126
f 1151/1083/1127 1213/1082/1127 1218/1084/1127
f 1151/1083/1128 1218/1084/1128 1152/1085/1128
f 951/746/1129 1151/1086/1129 1152/1087/1129
f 951/746/1130 1152/1087/1130 1153/1088/1130
f 951/746/1131 1153/1088/1131 953/1089/1131
f 953/1089/1132 1153/1088/1132 1155/1090/1132
f 953/1091/1133 1155/1092/1133 956/1093/1133
f 955/1094/1134 953/1095/1134 956/1096/1134
f 955/1094/1135 956/1096/1135 958/1097/1135
f 955/1094/1136 958/1097/1136 957/1098/1136
f 954/752/1137 955/1094/1137 957/1098/1137
f 958/1097/1138 960/1099/1138 957/1098/1138
f 957/1098/1139 960/1099/1139 962/1100/1139
f 957/1098/1140 962/1100/1140 963/1101/1140
f 964/1102/1141 957/1098/1141 963/1101/1141
f 963/1101/1142 965/1103/1142 964/1102/1142
f 964/1102/1143 965/1103/1143 966/1104/1143
f 964/1102/1144 966/1104/1144 949/753/1144
f 949/753/1145 966/1104/1145 969/1105/1145
f 949/753/1146 969/1105/1146 946/763/1146
f 969/1105/1147 966/1104/1147 967/1106/1147
f 967/1106/1148 970/1107/1148 969/1105/1148
f 969/1105/1149 970/1107/1149 974/1108/1149
f 969/1105/1150 974/1108/1150 973/1109/1150
f 793/764/1151 969/1105/1151 973/1109/1151
f 793/764/1152 973/1109/1152 792/916/1152
f 975/917/1153 973/1109/1153 974/1108/1153
f 974/1108/1154 976/1110/1154 975/917/1154
f 976/1110/1155 977/1111/1155 975/917/1155
f 976/1110/1156 972/1112/1156 977/1111/1156
f 977/1111/1157 972/1112/1157 978/932/1157
f 972/1113/1158 1597/1114/1158 978/933/1158
f 971/1115/115 1597/1114/115 972/1113/115
f 970/1107/1159 971/1116/1159 972/1112/1159
f 970/1107/1160 968/1117/1160 971/1116/1160
f 971/1115/115 1595/943/115 1597/1114/115
f 976/1110/1161 970/1107/1161 972/1112/1161
f 974/1108/1162 970/1107/1162 976/1110/1162
f 967/1106/1163 968/1117/1163 970/1107/1163
f 967/1106/1164 962/1100/1164 968/1117/1164
f 966/1104/1165 962/1100/1165 967/1106/1165
f 966/1104/1166 965/1103/1166 962/1100/1166
f 964/1102/1167 949/753/1167 957/1098/1167
f 963/1101/1168 962/1100/1168 965/1103/1168
f 960/1118/1169 1492/1119/1169 962/1120/1169
f 1492/1119/1170 1502/949/1170 962/1120/1170
f 1492/1119/1171 1500/1121/1171 1502/949/1171
f 1493/1122/1172 1500/1121/1172 1492/1119/1172
f 1493/1122/1173 1495/1123/1173 1500/1121/1173
f 1500/1121/1174 1495/1123/1174 1499/952/1174
f 1497/1124/1175 1499/952/1175 1495/1123/1175
f 1495/1123/1176 1496/1125/1176 1497/1124/1176
f 1497/1124/1177 1496/1125/1177 1498/954/1177
f 1496/1126/1178 1624/1127/1178 1498/956/1178
f 1624/1127/1179 1625/1128/1179 1498/956/1179
f 1532/1129/1180 1498/956/1180 1625/1128/1180
f 1532/1129/1181 1625/1128/1181 1626/1130/1181
f 1532/1129/1182 1626/1130/1182 1533/1131/1182
f 1531/1132/1183 1532/1133/1183 1533/1134/1183
f 1531/1132/1184 1533/1134/1184 1534/1135/1184
f 1531/1132/1185 1534/1135/1185 1535/1136/1185
f 1536/1137/1186 1531/1132/1186 1535/1136/1186
f 1536/1137/1187 1535/1136/1187 1537/1138/1187
f 1536/1137/1188 1537/1138/1188 1538/1139/1188
f 1536/1137/1189 1538/1139/1189 1539/1140/1189
f 1536/1137/1190 1539/1140/1190 1540/1141/1190
f 1542/1142/1191 1536/1137/1191 1540/1141/1191
f 1542/1142/1192 1540/1141/1192 1546/1143/1192
f 1542/1142/1193 1546/1143/1193 1543/1144/1193
f 1529/961/1194 1542/1142/1194 1543/1144/1194
f 1546/1143/1195 1561/1145/1195 1543/1144/1195
f 1543/1144/1196 1561/1145/1196 1562/1146/1196
f 1543/1144/1197 1562/1146/1197 1564/1147/1197
f 1543/1144/1198 1564/1147/1198 1528/963/1198
f 1564/1147/1199 1562/1146/1199 1563/1148/1199
f 1563/1148/1200 1565/1149/1200 1564/1147/1200
f 1566/965/1201 1564/1147/1201 1565/1149/1201
f 1566/965/1202 1565/1149/1202 1568/1150/1202
f 1566/965/1203 1568/1150/1203 1569/1151/1203
f 1569/1151/1204 1568/1150/1204 1567/976/1204
f 1571/966/1205 1569/1151/1205 1567/976/1205
f 1568/1150/1206 1565/1149/1206 1567/976/1206
f 1563/1148/1207 1558/977/1207 1565/1149/1207
f 1563/1148/1208 1560/1152/1208 1558/977/1208
f 1561/1145/1209 1560/1152/1209 1563/1148/1209
f 1561/1145/1210 1559/1153/1210 1560/1152/1210
f 1554/1154/1211 1560/1152/1211 1559/1153/1211
f 1547/1155/1212 1554/1154/1212 1559/1153/1212
f 1547/1155/1213 1559/1153/1213 1546/1143/1213
f 1547/1155/1214 1552/982/1214 1554/1154/1214
f 1547/1155/1215 1548/1156/1215 1552/982/1215
f 1547/1155/1216 1544/1157/1216 1548/1156/1216
f 1548/1156/1217 1544/1157/1217 1549/1158/1217
f 1548/1156/1218 1549/1158/1218 1550/1159/1218
f 1550/1160/1219 1545/1161/1219 1548/1162/1219
f 1545/1163/1220 1553/1164/1220 1548/1165/1220
f 1541/1166/1221 1553/1164/1221 1545/1163/1221
f 1544/1157/1222 1541/1167/1222 1545/1168/1222
f 1540/1141/1223 1541/1167/1223 1544/1157/1223
f 1539/1169/1224 1553/1164/1224 1541/1166/1224
f 1628/1170/1225 1553/1164/1225 1539/1169/1225
f 1550/1160/1226 1657/1171/1226 1545/1161/1226
f 1657/1171/1227 1549/1172/1227 1545/1161/1227
f 1657/1171/1228 1551/1173/1228 1549/1172/1228
f 1547/1174/1229 1549/1158/1229 1551/1175/1229
f 1657/1171/1230 1547/1176/1230 1551/1173/1230
f 1657/1171/1231 1550/1160/1231 1547/1176/1231
f 1550/1159/1232 1549/1158/1232 1547/1174/1232
f 1545/1161/1233 1549/1172/1233 1544/1177/1233
f 1540/1141/1234 1544/1157/1234 1547/1155/1234
f 1560/1152/1235 1554/1154/1235 1552/982/1235
f 1561/1145/1236 1563/1148/1236 1562/1146/1236
f 1546/1143/1237 1559/1153/1237 1561/1145/1237
f 1540/1141/1238 1547/1155/1238 1546/1143/1238
f 1529/961/1239 1536/1137/1239 1542/1142/1239
f 1540/1141/1240 1539/1140/1240 1541/1167/1240
f 1538/1178/1241 1628/1170/1241 1539/1169/1241
f 1537/1179/1242 1628/1170/1242 1538/1178/1242
f 1535/1180/1243 1628/1170/1243 1537/1179/1243
f 1535/1180/1244 1627/1181/1244 1628/1170/1244
f 1628/1170/1245 1627/1181/1245 1556/1182/1245
f 1627/1181/1246 1209/1183/1246 1556/1182/1246
f 1627/1181/1247 1625/1128/1247 1209/1183/1247
f 1625/1128/1248 1210/1184/1248 1209/1183/1248
f 1208/990/1249 1209/1185/1249 1210/1186/1249
f 1625/1128/1250 1215/1187/1250 1210/1184/1250
f 1214/1188/1251 1210/1186/1251 1215/1189/1251
f 1214/1188/1252 1215/1189/1252 1216/1190/1252
f 1214/1188/1253 1216/1190/1253 1217/1191/1253
f 1214/1188/1254 1217/1191/1254 1213/1082/1254
f 1217/1192/1255 1216/1193/1255 1620/1194/1255
f 1217/1192/1256 1620/1194/1256 1220/1195/1256
f 1220/1196/1257 1219/1197/1257 1217/1191/1257
f 1219/1197/1258 1221/1198/1258 1217/1191/1258
f 1217/1191/1259 1221/1198/1259 1218/1084/1259
f 1219/1197/1260 1218/1084/1260 1221/1198/1260
f 1220/1199/1261 1364/1200/1261 1219/1201/1261
f 1219/1201/1262 1364/1200/1262 1367/1202/1262
f 1219/1201/1263 1367/1202/1263 1152/1203/1263
f 1152/1203/1264 1367/1202/1264 1154/1204/1264
f 1154/1204/1265 1367/1202/1265 1156/1205/1265
f 1155/1090/1266 1154/1206/1266 1156/1207/1266
f 1155/1090/1267 1156/1207/1267 1157/1208/1267
f 1157/1209/1268 1358/1210/1268 1155/1092/1268
f 1359/1211/1269 1155/1092/1269 1358/1210/1269
f 1360/1212/1270 1359/1211/1270 1358/1210/1270
f 1360/1212/1271 1358/1210/1271 1363/1213/1271
f 1360/1212/1272 1363/1213/1272 1362/1214/1272
f 1361/1215/1273 1360/1212/1273 1362/1214/1273
f 1361/1215/1274 1362/1214/1274 1220/1199/1274
f 1220/1195/1275 1621/1216/1275 1361/1217/1275
f 1361/1217/1276 1621/1216/1276 1623/1218/1276
f 1361/1217/1277 1623/1218/1277 1494/1219/1277
f 1493/1122/1278 1361/1220/1278 1494/1221/1278
f 1493/1122/1279 961/1222/1279 1361/1220/1279
f 1493/1122/1280 960/1118/1280 961/1222/1280
f 960/1099/1281 959/1223/1281 961/1224/1281
f 959/1225/1282 1360/1212/1282 961/1226/1282
f 1494/1219/1283 1623/1218/1283 1496/1126/1283
f 1623/1218/1284 1621/1216/1284 1624/1127/1284
f 1624/1127/1285 1621/1216/1285 1622/1227/1285
f 1621/1216/1286 1215/1187/1286 1622/1227/1286
f 961/1226/1287 1360/1212/1287 1361/1215/1287
f 1364/1200/1288 1362/1214/1288 1363/1213/1288
f 1364/1200/1289 1363/1213/1289 1366/1228/1289
f 1366/1228/1290 1363/1213/1290 1368/1229/1290
f 1366/1228/1291 1368/1229/1291 1371/1230/1291
f 1366/1228/1292 1371/1230/1292 1369/1231/1292
f 1156/1205/1293 1366/1228/1293 1369/1231/1293
f 1172/1232/1294 1156/1205/1294 1369/1231/1294
f 1172/1232/1295 1369/1231/1295 1379/1233/1295
f 1172/1232/1296 1379/1233/1296 1381/1234/1296
f 1172/1232/1297 1381/1234/1297 1384/1235/1297
f 1172/1232/1298 1384/1235/1298 1173/1236/1298
f 921/1237/1299 1172/1238/1299 1173/1239/1299
f 1227/1240/1300 921/1241/1300 1173/1242/1300
f 1227/1240/1301 1173/1242/1301 1228/1243/1301
f 1231/1244/1302 1227/1240/1302 1228/1243/1302
f 1231/1244/1303 1228/1243/1303 1233/1245/1303
f 1231/1244/1304 1233/1245/1304 1235/1246/1304
f 1231/1244/1305 1235/1246/1305 1232/1247/1305
f 1232/1247/1306 1229/1248/1306 1231/1244/1306
f 1230/1249/1307 1229/1248/1307 1232/1247/1307
f 1230/1249/1308 1232/1247/1308 1237/1250/1308
f 1230/1249/1309 1237/1250/1309 1223/1251/1309
f 1223/1251/1310 1226/1252/1310 1230/1249/1310
f 1224/1253/1311 1226/1252/1311 1223/1251/1311
f 1223/1251/1312 927/1254/1312 1224/1253/1312
f 1224/1253/1313 927/1254/1313 922/1255/1313
f 1224/1253/1314 922/1255/1314 1225/1256/1314
f 1225/1256/1315 922/1255/1315 921/1241/1315
f 1226/1252/1316 1225/1256/1316 921/1241/1316
f 919/1257/1317 921/1258/1317 922/1259/1317
f 919/1257/1318 922/1259/1318 918/1260/1318
f 918/1260/1319 917/1261/1319 919/1257/1319
f 917/1262/1320 1168/1263/1320 919/1264/1320
f 919/1264/1321 1168/1263/1321 920/1265/1321
f 1168/1263/1322 1170/1266/1322 920/1265/1322
f 920/1265/1323 1170/1266/1323 1171/1267/1323
f 920/1265/1324 1171/1267/1324 921/1237/1324
f 1171/1267/1325 1170/1266/1325 1174/1268/1325
f 1171/1267/1326 1174/1268/1326 1172/1238/1326
f 1174/1268/1327 1170/1266/1327 1161/1269/1327
f 1175/1270/1328 1174/1268/1328 1161/1269/1328
f 1175/1270/1329 1161/1269/1329 1156/1207/1329
f 1158/1271/1330 1156/1207/1330 1161/1269/1330
f 1162/1272/1331 1158/1271/1331 1161/1269/1331
f 913/1273/1332 1162/1272/1332 1161/1269/1332
f 913/1273/1333 1161/1269/1333 917/1262/1333
f 912/1274/1334 913/1275/1334 917/1261/1334
f 912/1274/1335 911/1276/1335 913/1275/1335
f 913/1275/1336 911/1276/1336 914/1277/1336
f 913/1275/1337 914/1277/1337 915/1278/1337
f 915/1278/1338 916/1279/1338 913/1275/1338
f 1166/1280/1339 913/1273/1339 916/1281/1339
f 1166/1280/1340 916/1281/1340 1164/1282/1340
f 1163/1283/1341 1166/1280/1341 1164/1282/1341
f 1160/1284/1342 1163/1283/1342 1164/1282/1342
f 1160/1284/1343 1164/1282/1343 1165/1285/1343
f 1165/1286/1344 1349/1287/1344 1160/1288/1344
f 1353/1289/1345 1160/1288/1345 1349/1287/1345
f 1353/1289/1346 1349/1287/1346 1352/1290/1346
f 1353/1289/1347 1352/1290/1347 1355/1291/1347
f 1353/1289/1348 1355/1291/1348 1357/1292/1348
f 1358/1210/1349 1353/1289/1349 1357/1292/1349
f 1365/1293/1350 1358/1210/1350 1357/1292/1350
f 1370/1294/1351 1365/1293/1351 1357/1292/1351
f 1370/1294/1352 1357/1292/1352 1356/1295/1352
f 1370/1294/1353 1356/1295/1353 1373/1296/1353
f 1370/1294/1354 1373/1296/1354 1372/1297/1354
f 1368/1229/1355 1370/1294/1355 1372/1297/1355
f 1372/1297/1356 1373/1296/1356 1376/1298/1356
f 1390/1299/1357 1372/1297/1357 1376/1298/1357
f 1392/1300/1358 1390/1299/1358 1376/1298/1358
f 1389/1301/1359 1392/1300/1359 1376/1298/1359
f 1234/1302/1360 1389/1301/1360 1376/1298/1360
f 1394/1303/1361 1234/1302/1361 1376/1298/1361
f 1395/1304/1362 1394/1303/1362 1376/1298/1362
f 1395/1304/1363 1376/1298/1363 1397/1305/1363
f 1401/1306/1364 1395/1304/1364 1397/1305/1364
f 1397/1305/1365 1402/1307/1365 1401/1306/1365
f 1401/1306/1366 1402/1307/1366 1377/1308/1366
f 1398/1309/1367 1401/1306/1367 1377/1308/1367
f 1400/1310/1368 1398/1309/1368 1377/1308/1368
f 1378/1311/1369 1400/1312/1369 1377/1313/1369
f 1377/1308/1370 1375/1314/1370 1378/1315/1370
f 1375/1316/1371 1618/1317/1371 1378/1311/1371
f 1378/1311/1372 1618/1317/1372 1617/1318/1372
f 1378/1311/1373 1617/1318/1373 1489/1319/1373
f 1617/1318/1374 1614/1320/1374 1489/1319/1374
f 1614/1320/1375 1486/1321/1375 1489/1319/1375
f 1486/1322/1376 1488/1323/1376 1489/1324/1376
f 1489/1324/1377 1488/1323/1377 1490/1325/1377
f 1400/1312/1378 1489/1319/1378 1490/1326/1378
f 1400/1312/1379 1490/1326/1379 1479/1327/1379
f 1477/1328/1380 1400/1329/1380 1479/1330/1380
f 1478/1331/1381 1477/1328/1381 1479/1330/1381
f 1475/1332/1382 1477/1328/1382 1478/1331/1382
f 1490/1325/1383 1475/1333/1383 1478/1334/1383
f 1475/1332/1384 1473/1335/1384 1477/1328/1384
f 1477/1328/1385 1473/1335/1385 1474/1336/1385
f 1477/1328/1386 1474/1336/1386 1396/1337/1386
f 1477/1328/1387 1396/1337/1387 1399/1338/1387
f 1396/1339/1388 1398/1309/1388 1399/1340/1388
f 1396/1339/1389 1395/1304/1389 1398/1309/1389
f 1240/1341/1390 1395/1304/1390 1396/1339/1390
f 1472/1342/1391 1240/1343/1391 1396/1337/1391
f 1472/1342/1392 1238/1344/1392 1240/1343/1392
f 1239/1345/1393 1240/1346/1393 1238/1347/1393
f 1241/1348/1394 1239/1345/1394 1238/1347/1394
f 1241/1348/1395 1238/1347/1395 1235/1246/1395
f 1235/1246/1396 1239/1345/1396 1241/1348/1396
f 1235/1246/1397 1236/1349/1397 1239/1345/1397
f 1239/1345/1398 1236/1349/1398 1240/1346/1398
f 1236/1350/1399 1234/1302/1399 1240/1341/1399
f 1236/1350/1400 1233/1351/1400 1234/1302/1400
f 1471/1352/1401 1238/1344/1401 1472/1342/1401
f 1471/1352/1402 1472/1342/1402 1469/1353/1402
f 1468/1354/1403 1471/1352/1403 1469/1353/1403
f 1469/1353/1404 1466/1355/1404 1468/1354/1404
f 1466/1355/1405 1245/1356/1405 1468/1354/1405
f 1468/1354/1406 1245/1356/1406 1244/1357/1406
f 1243/1358/1407 1244/1359/1407 1245/1360/1407
f 1243/1358/1408 1245/1360/1408 1105/1361/1408
f 1243/1358/1409 1105/1361/1409 1247/1362/1409
f 1243/1358/1410 1247/1362/1410 1246/1363/1410
f 1242/1364/1411 1243/1358/1411 1246/1363/1411
f 1242/1364/1412 1246/1363/1412 1237/1250/1412
f 1246/1363/1413 1252/1365/1413 1237/1250/1413
f 1246/1363/1414 1250/1366/1414 1252/1365/1414
f 1252/1365/1415 1250/1366/1415 1251/1367/1415
f 1252/1365/1416 1251/1367/1416 1222/1368/1416
f 1252/1365/1417 1222/1368/1417 1223/1251/1417
f 1250/1366/1418 1222/1368/1418 1251/1367/1418
f 1250/1366/1419 1249/1369/1419 1222/1368/1419
f 1249/1369/1420 1110/1370/1420 1222/1368/1420
f 930/1371/1421 1222/1368/1421 1110/1370/1421
f 1110/1372/1422 1047/1373/1422 930/1374/1422
f 930/1374/1423 1047/1373/1423 853/1375/1423
f 930/1374/1424 853/1375/1424 857/1376/1424
f 931/1377/1425 930/1378/1425 857/1379/1425
f 931/1377/1426 857/1379/1426 856/1380/1426
f 923/1381/1427 931/1377/1427 856/1380/1427
f 860/1382/1428 923/1381/1428 856/1380/1428
f 856/1383/1429 859/1384/1429 860/1385/1429
f 859/1384/1430 861/1386/1430 860/1385/1430
f 861/1386/1431 750/1387/1431 860/1385/1431
f 750/1388/1432 907/1389/1432 860/1382/1432
f 860/1382/1433 907/1389/1433 912/1274/1433
f 912/1274/1434 918/1260/1434 860/1382/1434
f 750/1388/1435 904/1390/1435 907/1389/1435
f 904/1390/1436 908/1391/1436 907/1389/1436
f 908/1391/1437 911/1276/1437 907/1389/1437
f 909/1392/1438 911/1276/1438 908/1391/1438
f 908/1391/1439 837/1393/1439 909/1392/1439
f 909/1392/1440 837/1393/1440 839/1394/1440
f 909/1392/1441 839/1394/1441 910/1395/1441
f 839/1396/1442 840/1397/1442 910/1398/1442
f 910/1398/1443 840/1397/1443 1345/1399/1443
f 910/1398/1444 1345/1399/1444 1167/1400/1444
f 910/1398/1445 1167/1400/1445 911/1401/1445
f 1167/1400/1446 1345/1399/1446 1346/1402/1446
f 1167/1400/1447 1346/1402/1447 1165/1286/1447
f 1165/1285/1448 914/1403/1448 1167/1404/1448
f 1345/1399/1449 1348/1405/1449 1346/1402/1449
f 1346/1402/1450 1348/1405/1450 1350/1406/1450
f 1346/1402/1451 1350/1406/1451 1349/1287/1451
f 1348/1405/1452 1351/1407/1452 1350/1406/1452
f 1352/1290/1453 1350/1406/1453 1351/1407/1453
f 1351/1407/1454 1354/1408/1454 1352/1290/1454
f 1352/1290/1455 1354/1408/1455 1356/1295/1455
f 1356/1295/1456 1354/1408/1456 1343/1409/1456
f 1354/1408/1457 1342/1410/1457 1343/1409/1457
f 1342/1411/1458 1339/1412/1458 1343/1413/1458
f 1339/1414/1459 1619/1415/1459 1343/1416/1459
f 1343/1416/1460 1619/1415/1460 1375/1316/1460
f 1374/1417/1461 1343/1409/1461 1375/1314/1461
f 1373/1296/1462 1343/1409/1462 1374/1417/1462
f 1337/1418/1463 1619/1415/1463 1339/1414/1463
f 1336/1419/1464 1337/1420/1464 1339/1412/1464
f 1340/1421/1465 1336/1419/1465 1339/1412/1465
f 1335/1422/1466 1336/1419/1466 1340/1421/1466
f 1341/1423/1467 1335/1422/1467 1340/1421/1467
f 1341/1423/1468 1340/1421/1468 1344/1424/1468
f 1341/1423/1469 1344/1424/1469 1317/1425/1469
f 1316/1426/1470 1341/1423/1470 1317/1425/1470
f 1314/1427/1471 1316/1426/1471 1317/1425/1471
f 1314/1427/1472 1317/1425/1472 1318/1428/1472
f 1347/1429/1473 1314/1430/1473 1318/1431/1473
f 1348/1405/1474 1347/1429/1474 1318/1431/1474
f 1347/1429/1475 841/1432/1475 1314/1430/1475
f 1314/1430/1476 841/1432/1476 843/1433/1476
f 843/1434/1477 1313/1435/1477 1314/1427/1477
f 842/1436/1478 1313/1435/1478 843/1434/1478
f 842/1436/1479 1312/1437/1479 1313/1435/1479
f 1313/1435/1480 1312/1437/1480 1315/1438/1480
f 1316/1426/1481 1313/1435/1481 1315/1438/1481
f 1315/1438/1482 1324/1439/1482 1316/1426/1482
f 1315/1438/1483 1321/1440/1483 1324/1439/1483
f 1321/1440/1484 1325/1441/1484 1324/1439/1484
f 1325/1441/1485 1327/1442/1485 1324/1439/1485
f 1324/1439/1486 1327/1442/1486 1331/1443/1486
f 1331/1443/1487 1335/1422/1487 1324/1439/1487
f 1331/1443/1488 1332/1444/1488 1335/1422/1488
f 1331/1443/1489 1330/1445/1489 1332/1444/1489
f 1332/1444/1490 1330/1445/1490 1333/1446/1490
f 1332/1444/1491 1333/1446/1491 1334/1447/1491
f 1332/1444/1492 1334/1447/1492 1336/1419/1492
f 1333/1448/1493 1613/1449/1493 1334/1450/1493
f 1334/1450/1494 1613/1449/1494 1616/1451/1494
f 1334/1450/1495 1616/1451/1495 1338/1452/1495
f 1337/1420/1496 1334/1447/1496 1338/1453/1496
f 1338/1452/1497 1616/1451/1497 1618/1317/1497
f 1338/1452/1498 1618/1317/1498 1619/1415/1498
f 1616/1451/1499 1613/1449/1499 1615/1454/1499
f 1615/1454/1500 1617/1318/1500 1616/1451/1500
f 1613/1449/1501 1614/1320/1501 1615/1454/1501
f 1612/1455/1502 1614/1320/1502 1613/1449/1502
f 1333/1448/1503 1612/1455/1503 1613/1449/1503
f 1611/1456/1504 1612/1455/1504 1333/1448/1504
f 1610/1457/1505 1612/1455/1505 1611/1456/1505
f 1611/1456/1506 1609/1458/1506 1610/1457/1506
f 1609/1458/1507 1484/1459/1507 1610/1457/1507
f 1610/1457/1508 1484/1459/1508 1485/1460/1508
f 1484/1461/1509 1142/1462/1509 1485/1463/1509
f 1485/1463/1510 1142/1462/1510 1481/1464/1510
f 1485/1463/1511 1481/1464/1511 1486/1322/1511
f 1612/1455/1512 1485/1460/1512 1486/1321/1512
f 1138/1465/1513 1481/1464/1513 1142/1462/1513
f 1140/1466/1514 1138/1467/1514 1142/1468/1514
f 1140/1466/1515 1142/1468/1515 1141/1469/1515
f 1136/1470/1516 1140/1466/1516 1141/1469/1516
f 1328/1471/1517 1136/1472/1517 1141/1473/1517
f 1328/1471/1518 1141/1473/1518 1327/1442/1518
f 1326/1474/1519 1328/1471/1519 1327/1442/1519
f 1327/1442/1520 1323/1475/1520 1326/1474/1520
f 1323/1475/1521 1134/1476/1521 1326/1474/1521
f 1326/1474/1522 1134/1476/1522 1136/1472/1522
f 1134/1477/1523 1135/1478/1523 1136/1470/1523
f 1135/1478/1524 1139/1479/1524 1136/1470/1524
f 1135/1478/1525 1137/1480/1525 1139/1479/1525
f 1139/1479/1526 1137/1480/1526 1138/1467/1526
f 1137/1480/1527 1068/1481/1527 1138/1467/1527
f 1138/1465/1528 1068/1482/1528 1480/1483/1528
f 1480/1483/1529 1068/1482/1529 639/1484/1529
f 1480/1483/1530 639/1484/1530 642/1485/1530
f 1480/1483/1531 642/1485/1531 1482/1486/1531
f 1480/1483/1532 1482/1486/1532 1483/1487/1532
f 1480/1483/1533 1483/1487/1533 1481/1464/1533
f 1483/1487/1534 1487/1488/1534 1481/1464/1534
f 1488/1323/1535 1481/1464/1535 1487/1488/1535
f 1488/1323/1536 1487/1488/1536 1491/1489/1536
f 1488/1323/1537 1491/1489/1537 1475/1333/1537
f 1475/1333/1538 1491/1489/1538 1476/1490/1538
f 1461/1491/1539 1475/1332/1539 1476/1492/1539
f 1461/1491/1540 1476/1492/1540 1462/1493/1540
f 1460/1494/1541 1461/1495/1541 1462/1496/1541
f 1463/1497/1542 1460/1494/1542 1462/1496/1542
f 1463/1497/1543 1462/1496/1543 643/1498/1543
f 1463/1497/1544 643/1498/1544 646/1499/1544
f 1446/1500/1545 1463/1497/1545 646/1499/1545
f 646/1499/1546 1445/1501/1546 1446/1500/1546
f 1445/1501/1547 1451/1502/1547 1446/1500/1547
f 1451/1502/1548 1453/1503/1548 1446/1500/1548
f 1453/1503/1549 1458/1504/1549 1446/1500/1549
f 1458/1504/1550 1460/1494/1550 1446/1500/1550
f 1458/1504/1551 1459/1505/1551 1460/1494/1551
f 1458/1504/1552 1436/1506/1552 1459/1505/1552
f 1436/1507/1553 1465/1508/1553 1459/1509/1553
f 1459/1509/1554 1465/1508/1554 1467/1510/1554
f 1459/1509/1555 1467/1510/1555 1470/1511/1555
f 1459/1509/1556 1470/1511/1556 1461/1491/1556
f 1470/1511/1557 1473/1335/1557 1461/1491/1557
f 1470/1511/1558 1469/1353/1558 1473/1335/1558
f 1470/1511/1559 1467/1510/1559 1469/1353/1559
f 1467/1510/1560 1465/1508/1560 1466/1355/1560
f 1436/1507/1561 1464/1512/1561 1465/1508/1561
f 1465/1508/1562 1464/1512/1562 1245/1356/1562
f 1435/1513/1563 1464/1512/1563 1436/1507/1563
f 1434/1514/1564 1435/1515/1564 1436/1516/1564
f 1456/1517/1565 1434/1518/1565 1436/1506/1565
f 1457/1519/1566 1434/1518/1566 1456/1517/1566
f 1455/1520/1567 1457/1519/1567 1456/1517/1567
f 1456/1517/1568 1454/1521/1568 1455/1520/1568
f 1454/1521/1569 1419/1522/1569 1455/1520/1569
f 1455/1520/1570 1419/1522/1570 1420/1523/1570
f 1419/1524/1571 1418/1525/1571 1420/1526/1571
f 1418/1527/1572 1410/1528/1572 1420/1529/1572
f 1420/1529/1573 1410/1528/1573 1427/1530/1573
f 1420/1529/1574 1427/1530/1574 1433/1531/1574
f 1420/1529/1575 1433/1531/1575 1434/1514/1575
f 1447/1532/1576 1433/1533/1576 1427/1534/1576
f 1447/1532/1577 1427/1534/1577 1448/1535/1577
f 1448/1535/1578 1450/1536/1578 1447/1532/1578
f 1447/1532/1579 1450/1536/1579 1449/1537/1579
f 1442/1538/1580 1447/1532/1580 1449/1537/1580
f 1442/1538/1581 1449/1537/1581 1451/1502/1581
f 1451/1502/1582 1449/1537/1582 1450/1536/1582
f 1448/1535/1583 1426/1539/1583 1450/1536/1583
f 1450/1536/1584 1426/1539/1584 1424/1540/1584
f 1450/1536/1585 1424/1540/1585 1452/1541/1585
f 1453/1503/1586 1450/1536/1586 1452/1541/1586
f 1452/1541/1587 1454/1521/1587 1453/1503/1587
f 1452/1541/1588 1424/1540/1588 1454/1521/1588
f 1454/1521/1589 1424/1540/1589 1421/1542/1589
f 1423/1543/1590 1421/1544/1590 1424/1545/1590
f 1425/1546/1591 1423/1543/1591 1424/1545/1591
f 1425/1546/1592 1422/1547/1592 1423/1543/1592
f 1407/1548/1593 1422/1547/1593 1425/1546/1593
f 1407/1548/1594 1425/1546/1594 1408/1549/1594
f 1406/1550/1595 1407/1551/1595 1408/1552/1595
f 1406/1550/1596 1408/1552/1596 1409/1553/1596
f 1406/1550/1597 1409/1553/1597 1405/1554/1597
f 1404/1555/1598 1406/1550/1598 1405/1554/1598
f 1178/1556/1599 1404/1555/1599 1405/1554/1599
f 1178/1556/1600 1405/1554/1600 1179/1557/1600
f 1177/1558/1601 1178/1559/1601 1179/1560/1601
f 1180/1561/1602 1177/1558/1602 1179/1560/1602
f 1180/1561/1603 1179/1560/1603 1125/1562/1603
f 1181/1563/1604 1180/1561/1604 1125/1562/1604
f 1181/1563/1605 1125/1562/1605 1098/1564/1605
f 1182/1565/1606 1181/1563/1606 1098/1564/1606
f 1182/1565/1607 1098/1564/1607 1126/1566/1607
f 1431/1567/1608 1182/1568/1608 1126/1569/1608
f 1431/1567/1609 1126/1569/1609 1413/1570/1609
f 1431/1567/1610 1413/1570/1610 1411/1571/1610
f 1432/1572/1611 1431/1567/1611 1411/1571/1611
f 1432/1572/1612 1411/1571/1612 1410/1528/1612
f 1409/1553/1613 1410/1573/1613 1411/1574/1613
f 1430/1575/1614 1431/1567/1614 1432/1572/1614
f 1430/1575/1615 1432/1572/1615 1418/1527/1615
f 1103/1576/1616 1430/1575/1616 1418/1527/1616
f 1417/1577/1617 1103/1578/1617 1418/1525/1617
f 1403/1579/1618 1103/1578/1618 1417/1577/1618
f 1403/1579/1619 1417/1577/1619 1407/1548/1619
f 1403/1579/1620 1104/1580/1620 1103/1578/1620
f 1102/1581/1621 1103/1582/1621 1104/1583/1621
f 1115/1584/1622 1102/1585/1622 1104/1586/1622
f 1043/1587/1623 1115/1588/1623 1104/1589/1623
f 1176/1590/1624 1043/1591/1624 1104/1592/1624
f 1176/1590/1625 1104/1592/1625 1177/1558/1625
f 1176/1590/1626 1177/1558/1626 1009/1593/1626
f 1005/1594/1627 1176/1590/1627 1009/1593/1627
f 1008/1595/1628 1005/1596/1628 1009/1597/1628
f 1008/1595/1629 1009/1597/1629 1010/1598/1629
f 1008/1595/1630 1010/1598/1630 1011/1599/1630
f 1008/1595/1631 1011/1599/1631 1006/1600/1631
f 1004/1601/1632 1008/1595/1632 1006/1600/1632
f 1003/1602/1633 1004/1601/1633 1006/1600/1633
f 1003/1602/1634 1006/1600/1634 1007/1603/1634
f 1007/1604/1635 1079/1605/1635 1003/1606/1635
f 1079/1607/1636 1002/1608/1636 1003/1609/1636
f 1002/1610/1637 1000/1611/1637 1003/1602/1637
f 1003/1602/1638 1000/1611/1638 999/1612/1638
f 998/1613/1639 999/1612/1639 1000/1611/1639
f 1040/1614/1640 998/1615/1640 1000/1616/1640
f 997/1617/1641 1040/1614/1641 1000/1616/1641
f 997/1617/1642 1000/1616/1642 1001/1618/1642
f 997/1617/1643 1001/1618/1643 1041/1619/1643
f 997/1617/1644 1041/1619/1644 1042/1620/1644
f 997/1617/1645 1042/1620/1645 1043/1621/1645
f 997/1617/1646 1043/1621/1646 999/1622/1646
f 1042/1623/1647 1111/1624/1647 1043/1587/1647
f 1043/1587/1648 1111/1624/1648 1114/1625/1648
f 1114/1625/1649 1111/1624/1649 1112/1626/1649
f 1116/1627/1650 1114/1625/1650 1112/1626/1650
f 1116/1627/1651 1112/1626/1651 1117/1628/1651
f 1116/1627/1652 1117/1628/1652 1118/1629/1652
f 1118/1630/1653 1115/1584/1653 1116/1631/1653
f 1118/1630/1654 1122/1632/1654 1115/1584/1654
f 1122/1632/1655 1124/1633/1655 1115/1584/1655
f 1122/1632/1656 1096/1634/1656 1124/1633/1656
f 1124/1633/1657 1096/1634/1657 1098/1635/1657
f 1097/1636/1658 1098/1637/1658 1096/1638/1658
f 1096/1638/1659 1099/1639/1659 1097/1636/1659
f 1097/1636/1660 1099/1639/1660 1101/1640/1660
f 1097/1636/1661 1101/1640/1661 1102/1581/1661
f 1124/1633/1662 1097/1641/1662 1102/1585/1662
f 1124/1633/1663 1126/1642/1663 1097/1641/1663
f 1124/1633/1664 1125/1643/1664 1126/1642/1664
f 1125/1644/1665 1412/1645/1665 1126/1646/1665
f 1125/1644/1666 1411/1574/1666 1412/1645/1666
f 1415/1647/1667 1412/1645/1667 1411/1574/1667
f 1411/1574/1668 1416/1648/1668 1415/1647/1668
f 1414/1649/1669 1415/1647/1669 1416/1648/1669
f 1413/1650/1670 1415/1647/1670 1414/1649/1670
f 1414/1649/1671 1416/1648/1671 1411/1574/1671
f 1413/1650/1672 1412/1645/1672 1415/1647/1672
f 1101/1640/1673 1099/1639/1673 1100/1651/1673
f 1105/1652/1674 1101/1640/1674 1100/1651/1674
f 1105/1652/1675 1100/1651/1675 1106/1653/1675
f 1248/1654/1676 1105/1361/1676 1106/1655/1676
f 1248/1654/1677 1106/1655/1677 1110/1370/1677
f 1106/1653/1678 1109/1656/1678 1110/1372/1678
f 1110/1372/1679 1109/1656/1679 1089/1657/1679
f 1109/1656/1680 1108/1658/1680 1089/1657/1680
f 1108/1658/1681 1107/1659/1681 1089/1657/1681
f 1107/1659/1682 1092/1660/1682 1089/1657/1682
f 1092/1660/1683 1090/1661/1683 1089/1657/1683
f 1090/1661/1684 1088/1662/1684 1089/1657/1684
f 1088/1662/1685 1047/1373/1685 1089/1657/1685
f 1047/1373/1686 1088/1662/1686 1026/1663/1686
f 1026/1664/1687 1044/1665/1687 1047/1666/1687
f 1051/1667/1688 1047/1666/1688 1044/1665/1688
f 1051/1667/1689 1044/1665/1689 1052/1668/1689
f 1051/1667/1690 1052/1668/1690 853/1669/1690
f 853/1669/1691 1052/1668/1691 1054/1670/1691
f 853/1669/1692 1054/1670/1692 852/1671/1692
f 852/1672/1693 851/1673/1693 853/1674/1693
f 853/1674/1694 851/1673/1694 855/1675/1694
f 853/1674/1695 855/1675/1695 856/1383/1695
f 855/1675/1696 851/1673/1696 854/1676/1696
f 854/1676/1697 858/1677/1697 855/1675/1697
f 859/1384/1698 855/1675/1698 858/1677/1698
f 854/1676/115 756/1678/115 858/1677/115
f 858/1677/1699 756/1678/1699 752/1679/1699
f 858/1677/1700 752/1679/1700 750/1387/1700
f 749/1680/1701 750/1681/1701 752/1682/1701
f 749/1680/1702 752/1682/1702 755/1683/1702
f 749/1680/1703 755/1683/1703 754/1684/1703
f 754/1684/1704 751/1685/1704 749/1680/1704
f 751/1685/1705 744/784/1705 749/1680/1705
f 744/784/1706 745/1686/1706 749/1680/1706
f 748/786/1707 751/1685/1707 754/1684/1707
f 748/786/1708 754/1684/1708 753/1687/1708
f 754/1684/1709 758/1688/1709 753/1687/1709
f 753/1687/1710 758/1688/1710 760/1689/1710
f 753/1687/1711 760/1689/1711 764/1690/1711
f 753/1687/1712 764/1690/1712 728/789/1712
f 728/789/1713 764/1690/1713 766/1691/1713
f 766/1691/1714 764/1690/1714 765/1692/1714
f 767/791/1715 766/1691/1715 765/1692/1715
f 767/791/1716 765/1692/1716 762/1693/1716
f 767/791/1717 762/1693/1717 768/1694/1717
f 767/791/1718 768/1694/1718 769/1695/1718
f 767/791/1719 769/1695/1719 770/1696/1719
f 771/795/1720 767/791/1720 770/1696/1720
f 771/795/1721 770/1696/1721 772/1697/1721
f 774/1698/1722 771/1699/1722 772/1700/1722
f 774/1698/1723 772/1700/1723 834/1701/1723
f 739/1702/1724 774/1703/1724 834/1704/1724
f 739/1702/1725 834/1704/1725 836/1705/1725
f 739/1702/1726 836/1705/1726 740/1706/1726
f 737/779/1727 739/1707/1727 740/1708/1727
f 737/779/1728 738/1709/1728 739/1707/1728
f 740/1706/1729 836/1705/1729 906/1710/1729
f 740/1706/1730 906/1710/1730 742/1711/1730
f 905/1712/1731 742/1713/1731 906/1714/1731
f 905/1712/1732 745/1715/1732 742/1713/1732
f 904/1390/1733 745/1715/1733 905/1712/1733
f 905/1712/1734 906/1714/1734 836/1716/1734
f 905/1712/1735 836/1716/1735 837/1393/1735
f 836/1717/1736 835/1718/1736 837/1719/1736
f 837/1719/1737 835/1718/1737 833/1720/1737
f 837/1719/1738 833/1720/1738 838/1721/1738
f 838/1721/1739 833/1720/1739 830/1722/1739
f 844/1723/1740 838/1721/1740 830/1722/1740
f 844/1723/1741 830/1722/1741 846/1724/1741
f 1059/1725/1742 844/1726/1742 846/1727/1742
f 846/1728/1743 848/1729/1743 1059/1730/1743
f 1059/1730/1744 848/1729/1744 1060/1731/1744
f 1130/1732/1745 1059/1725/1745 1060/1733/1745
f 1130/1732/1746 1060/1733/1746 1063/1734/1746
f 1130/1732/1747 1063/1734/1747 845/1735/1747
f 1127/1736/1748 1130/1732/1748 845/1735/1748
f 845/1735/1749 1129/1737/1749 1127/1736/1749
f 1129/1737/1750 1128/1738/1750 1127/1736/1750
f 844/1726/1751 1127/1736/1751 1128/1738/1751
f 844/1726/1752 1128/1738/1752 1129/1737/1752
f 844/1726/1753 1129/1737/1753 845/1735/1753
f 842/1739/1754 844/1723/1754 845/1740/1754
f 1131/1741/1755 842/1742/1755 845/1735/1755
f 1131/1741/1756 845/1735/1756 1132/1743/1756
f 1320/1744/1757 1131/1745/1757 1132/1746/1757
f 1320/1744/1758 1132/1746/1758 1322/1747/1758
f 1320/1744/1759 1322/1747/1759 1323/1475/1759
f 1320/1744/1760 1323/1475/1760 1321/1440/1760
f 1321/1440/1761 1319/1748/1761 1320/1744/1761
f 1322/1747/1762 1132/1746/1762 1134/1476/1762
f 1132/1743/1763 1133/1749/1763 1134/1477/1763
f 1319/1748/1764 1131/1745/1764 1320/1744/1764
f 1319/1748/1765 1312/1437/1765 1131/1745/1765
f 1132/1743/1766 845/1735/1766 1133/1749/1766
f 1133/1749/1767 845/1735/1767 1063/1734/1767
f 1133/1749/1768 1063/1734/1768 1135/1478/1768
f 1135/1478/1769 1063/1734/1769 1064/1750/1769
f 1063/1751/1770 1062/1752/1770 1064/1753/1770
f 1064/1753/1771 1062/1752/1771 1061/1754/1771
f 1064/1753/1772 1061/1754/1772 1065/1755/1772
f 1137/1480/1773 1064/1750/1773 1065/1756/1773
f 1065/1755/1774 1061/1754/1774 1058/1757/1774
f 1065/1755/1775 1058/1757/1775 1066/1758/1775
f 1065/1755/1776 1066/1758/1776 1067/1759/1776
f 1065/1755/1777 1067/1759/1777 1068/1760/1777
f 1067/1759/1778 1066/1758/1778 1058/1757/1778
f 637/1761/1779 1067/1759/1779 1058/1757/1779
f 637/1761/1780 1058/1757/1780 1069/1762/1780
f 637/1761/1781 1069/1762/1781 1070/1763/1781
f 637/1761/1782 1070/1763/1782 636/1764/1782
f 636/1765/1783 634/1766/1783 637/1767/1783
f 637/1767/1784 634/1766/1784 638/1768/1784
f 637/1767/1785 638/1768/1785 639/1769/1785
f 639/1769/1786 638/1768/1786 641/1770/1786
f 641/1770/1787 638/1768/1787 644/1771/1787
f 641/1770/1788 644/1771/1788 643/1772/1788
f 642/1773/1789 641/1770/1789 643/1772/1789
f 643/1772/1790 644/1771/1790 645/1774/1790
f 645/1774/1791 644/1771/1791 648/1775/1791
f 645/1774/1792 648/1775/1792 649/1776/1792
f 649/1777/1793 1184/1778/1793 645/1779/1793
f 1184/1780/1794 1444/1781/1794 645/1782/1794
f 645/1782/1795 1444/1781/1795 646/1499/1795
f 1184/1780/1796 1443/1783/1796 1444/1781/1796
f 1444/1781/1797 1443/1783/1797 1442/1538/1797
f 1445/1501/1798 1444/1781/1798 1442/1538/1798
f 1443/1783/1799 1429/1784/1799 1442/1538/1799
f 1429/1784/1800 1435/1785/1800 1442/1538/1800
f 1442/1538/1801 1435/1785/1801 1433/1533/1801
f 1428/1786/1802 1435/1785/1802 1429/1784/1802
f 1428/1787/1803 1429/1788/1803 1430/1575/1803
f 1184/1780/1804 1429/1784/1804 1443/1783/1804
f 1184/1780/1805 1182/1789/1805 1429/1784/1805
f 1183/1790/1806 1182/1565/1806 1184/1778/1806
f 1143/1791/1807 1182/1565/1807 1183/1790/1807
f 1143/1791/1808 1183/1790/1808 1024/1792/1808
f 1023/1793/1809 1143/1794/1809 1024/1795/1809
f 652/1796/1810 1023/1797/1810 1024/1798/1810
f 652/1796/1811 1017/1799/1811 1023/1797/1811
f 1023/1797/1812 1017/1799/1812 1025/1800/1812
f 1007/1604/1813 1023/1801/1813 1025/1802/1813
f 1025/1802/1814 1078/1803/1814 1007/1604/1814
f 1025/1802/1815 1077/1804/1815 1078/1803/1815
f 1078/1805/1816 1077/1806/1816 1002/1608/1816
f 1029/1807/1817 1002/1608/1817 1077/1806/1817
f 1029/1807/1818 1077/1806/1818 1014/1808/1818
f 1025/1800/1819 1029/1809/1819 1014/1810/1819
f 1025/1800/1820 1014/1810/1820 1013/1811/1820
f 1013/1812/1821 1080/1813/1821 1025/1802/1821
f 1080/1813/1822 1013/1812/1822 1079/1605/1822
f 1079/1607/1823 1014/1808/1823 1080/1814/1823
f 1079/1815/1824 1030/1816/1824 1014/1817/1824
f 1030/1818/1825 1143/1794/1825 1014/1819/1825
f 1143/1794/1826 1030/1818/1826 1121/1820/1826
f 1143/1794/1827 1121/1820/1827 1144/1821/1827
f 1143/1794/1828 1144/1821/1828 1148/1822/1828
f 1148/1823/1829 1011/1824/1829 1143/1825/1829
f 1011/1824/1830 1148/1823/1830 1120/1826/1830
f 1120/1826/1831 1013/1827/1831 1011/1824/1831
f 1120/1826/1832 1148/1823/1832 1145/1828/1832
f 1120/1826/1833 1145/1828/1833 1149/1829/1833
f 1120/1826/1834 1149/1829/1834 1186/1830/1834
f 1121/1831/1835 1120/1826/1835 1186/1830/1835
f 1145/1832/1836 1121/1831/1836 1186/1833/1836
f 1119/1834/1837 1120/1835/1837 1121/1836/1837
f 1119/1834/1838 1121/1836/1838 1094/1837/1838
f 1096/1634/1839 1119/1838/1839 1094/1839/1839
f 1094/1840/1840 1095/1841/1840 1096/1638/1840
f 1094/1840/1841 1093/1842/1841 1095/1841/1841
f 1095/1841/1842 1093/1842/1842 1092/1660/1842
f 1095/1841/1843 1092/1660/1843 1100/1651/1843
f 1028/1843/1844 1092/1660/1844 1093/1842/1844
f 1028/1843/1845 1093/1842/1845 1030/1844/1845
f 1029/1809/1846 1028/1845/1846 1030/1846/1846
f 1113/1847/1847 1029/1807/1847 1030/1816/1847
f 1029/1809/1848 1022/1848/1848 1028/1845/1848
f 1022/1848/1849 1027/1849/1849 1028/1845/1849
f 1027/1850/1850 1091/1851/1850 1028/1843/1850
f 1027/1850/1851 1090/1661/1851 1091/1851/1851
f 1022/1848/1852 1019/1852/1852 1027/1849/1852
f 1019/1852/1853 1018/1853/1853 1027/1849/1853
f 1018/1854/1854 1020/1855/1854 1027/1850/1854
f 1020/1855/1855 1021/1856/1855 1027/1850/1855
f 1027/1850/1856 1021/1856/1856 1088/1662/1856
f 1021/1856/1857 1046/1857/1857 1088/1662/1857
f 1046/1858/1858 1021/1859/1858 1022/1860/1858
f 1026/1664/502 1046/1858/502 1022/1860/502
f 1022/1848/1859 1018/1853/1859 1026/1861/1859
f 1026/1663/1860 1018/1854/1860 1021/1856/1860
f 1021/1859/1861 1015/1862/1861 1026/1664/1861
f 1015/1863/1862 1021/1864/1862 1018/1865/1862
f 1015/1863/1863 1018/1865/1863 1016/1866/1863
f 1015/1863/1864 1016/1866/1864 1017/1799/1864
f 1015/1863/1865 1017/1799/1865 654/1867/1865
f 1048/1868/1866 1015/1862/1866 654/1869/1866
f 1048/1868/1867 654/1869/1867 657/1870/1867
f 1048/1868/1868 657/1870/1868 1049/1871/1868
f 1049/1871/1869 635/1872/1869 1048/1868/1869
f 1048/1868/1870 635/1872/1870 636/1764/1870
f 1048/1868/1871 636/1764/1871 1045/1873/1871
f 1045/1873/1872 636/1764/1872 1050/1874/1872
f 1045/1873/1873 1050/1874/1873 1044/1665/1873
f 1044/1665/1874 1015/1862/1874 1045/1873/1874
f 1053/1875/1875 1044/1665/1875 1050/1874/1875
f 1072/1876/1876 1053/1875/1876 1050/1874/1876
f 1072/1876/1877 1050/1874/1877 1070/1763/1877
f 1072/1876/1878 1070/1763/1878 1071/1877/1878
f 1069/1762/1879 1072/1876/1879 1071/1877/1879
f 1053/1875/1880 1072/1876/1880 1069/1762/1880
f 1049/1871/1881 630/1878/1881 635/1872/1881
f 630/1879/1882 634/1766/1882 635/1880/1882
f 630/1879/1883 629/1881/1883 634/1766/1883
f 634/1766/1884 629/1881/1884 633/1882/1884
f 634/1766/1885 633/1882/1885 640/1883/1885
f 656/1884/1886 640/1883/1886 633/1882/1886
f 656/1884/1887 633/1882/1887 658/1885/1887
f 656/1884/1888 658/1885/1888 655/1886/1888
f 655/1886/1889 658/1885/1889 659/1887/1889
f 655/1886/1890 659/1887/1890 653/1888/1890
f 651/1889/1891 655/1886/1891 653/1888/1891
f 652/1890/1892 651/1889/1892 653/1888/1892
f 652/1890/1893 653/1888/1893 654/1891/1893
f 649/1776/1894 651/1889/1894 652/1890/1894
f 652/1892/1895 1183/1790/1895 649/1777/1895
f 649/1776/1896 650/1893/1896 651/1889/1896
f 651/1889/1897 650/1893/1897 640/1883/1897
f 650/1893/1898 647/1894/1898 640/1883/1898
f 647/1894/1899 638/1768/1899 640/1883/1899
f 648/1775/1900 647/1894/1900 650/1893/1900
f 651/1889/1901 640/1883/1901 655/1886/1901
f 653/1888/1902 659/1887/1902 657/1895/1902
f 657/1895/1903 659/1887/1903 661/1896/1903
f 657/1895/1904 661/1896/1904 598/1897/1904
f 600/1898/1905 657/1895/1905 598/1897/1905
f 598/1899/1906 599/1900/1906 600/1901/1906
f 599/1902/1907 629/1881/1907 600/1903/1907
f 599/1902/1908 627/1904/1908 629/1881/1908
f 629/1881/1909 627/1904/1909 631/1905/1909
f 627/1904/1910 632/1906/1910 631/1905/1910
f 633/1882/1911 631/1905/1911 632/1906/1911
f 627/1904/1912 628/1907/1912 632/1906/1912
f 658/1885/1913 632/1906/1913 628/1907/1913
f 626/1908/1914 628/1907/1914 627/1904/1914
f 596/1909/1915 626/1908/1915 627/1904/1915
f 596/1909/1916 587/1910/1916 626/1908/1916
f 626/1908/1917 587/1910/1917 589/1911/1917
f 587/1912/1918 588/1913/1918 589/1914/1918
f 589/1914/1919 588/1913/1919 590/1915/1919
f 589/1914/1920 590/1915/1920 592/1916/1920
f 592/1917/1921 661/1896/1921 589/1911/1921
f 661/1896/1922 660/1918/1922 589/1911/1922
f 659/1887/1923 589/1911/1923 660/1918/1923
f 659/1887/1924 628/1907/1924 589/1911/1924
f 590/1915/1925 593/1919/1925 592/1916/1925
f 592/1916/1926 593/1919/1926 594/1920/1926
f 592/1916/1927 594/1920/1927 597/1921/1927
f 592/1916/1928 597/1921/1928 598/1899/1928
f 597/1921/1929 594/1920/1929 596/1922/1929
f 597/1921/1930 596/1922/1930 599/1900/1930
f 595/1923/1931 596/1922/1931 594/1920/1931
f 594/1920/1932 435/1924/1932 595/1923/1932
f 595/1923/1933 435/1924/1933 586/1925/1933
f 437/1926/1934 586/1927/1934 435/1928/1934
f 435/1929/1935 436/1930/1935 437/1931/1935
f 436/1930/1936 438/1932/1936 437/1931/1936
f 437/1931/1937 438/1932/1937 409/1933/1937
f 588/1913/1938 437/1934/1938 409/1935/1938
f 409/1933/1939 438/1932/1939 407/1936/1939
f 407/1936/1940 408/1937/1940 409/1933/1940
f 408/1938/1941 601/1939/1941 409/1940/1941
f 409/1940/1942 601/1939/1942 591/1941/1942
f 590/1915/1943 409/1935/1943 591/1942/1943
f 590/1915/1944 591/1942/1944 434/1943/1944
f 434/1943/1945 591/1942/1945 432/1944/1945
f 432/1945/1946 433/1946/1946 434/1947/1946
f 434/1947/1947 433/1946/1947 435/1929/1947
f 593/1919/1948 434/1943/1948 435/1924/1948
f 432/1945/1949 431/1948/1949 433/1946/1949
f 433/1946/1950 431/1948/1950 421/1949/1950
f 433/1946/1951 421/1949/1951 436/1930/1951
f 436/1930/1952 421/1949/1952 423/1950/1952
f 421/1949/1953 407/1936/1953 423/1950/1953
f 421/1949/1954 405/1951/1954 407/1936/1954
f 405/1951/1955 406/1952/1955 407/1936/1955
f 415/1953/1956 406/1952/1956 405/1951/1956
f 416/1954/1957 415/1953/1957 405/1951/1957
f 416/1954/1958 405/1951/1958 419/1955/1958
f 416/1954/1959 419/1955/1959 418/1956/1959
f 417/1957/1960 416/1954/1960 418/1956/1960
f 608/1958/1961 417/1959/1961 418/1960/1961
f 608/1958/1962 418/1960/1962 425/1961/1962
f 608/1958/1963 425/1961/1963 610/1962/1963
f 608/1958/1964 610/1962/1964 609/1963/1964
f 607/1964/1965 608/1958/1965 609/1963/1965
f 607/1964/1966 609/1963/1966 429/1965/1966
f 430/1966/1967 607/1964/1967 429/1965/1967
f 429/1967/1968 422/1968/1968 430/1969/1968
f 430/1969/1969 422/1968/1969 431/1948/1969
f 431/1948/1970 422/1968/1970 420/1970/1970
f 418/1956/1971 420/1970/1971 422/1968/1971
f 426/1971/1972 418/1956/1972 422/1968/1972
f 427/1972/1973 426/1971/1973 422/1968/1973
f 424/1973/1974 426/1971/1974 427/1972/1974
f 424/1973/1975 427/1972/1975 428/1974/1975
f 611/1975/1976 424/1976/1976 428/1977/1976
f 611/1975/1977 428/1977/1977 617/1978/1977
f 616/1979/1978 611/1980/1978 617/1981/1978
f 616/1979/1979 617/1981/1979 619/1982/1979
f 616/1979/1980 619/1982/1980 618/1983/1980
f 618/1983/1981 615/1984/1981 616/1979/1981
f 614/1985/1982 616/1979/1982 615/1984/1982
f 615/1984/1983 609/1963/1983 614/1985/1983
f 612/1986/1984 609/1963/1984 615/1984/1984
f 612/1986/1985 615/1984/1985 613/1987/1985
f 429/1965/1986 612/1986/1986 613/1987/1986
f 625/1988/1987 429/1989/1987 613/1990/1987
f 613/1987/1988 624/1991/1988 625/1992/1988
f 625/1992/1989 624/1991/1989 623/1993/1989
f 702/1994/1990 625/1988/1990 623/1995/1990
f 702/1994/1991 623/1995/1991 703/1996/1991
f 702/1994/1992 703/1996/1992 706/1997/1992
f 702/1994/1993 706/1997/1993 705/1998/1993
f 700/1999/1994 702/1994/1994 705/1998/1994
f 700/1999/1995 705/1998/1995 704/2000/1995
f 701/2001/1996 700/1999/1996 704/2000/1996
f 701/2001/1997 704/2000/1997 621/2002/1997
f 617/1978/1998 701/2001/1998 621/2002/1998
f 620/2003/1999 617/1981/1999 621/2004/1999
f 895/2005/2000 620/2006/2000 621/2007/2000
f 895/2005/2001 621/2007/2001 711/2008/2001
f 895/2005/2002 711/2008/2002 828/2009/2002
f 895/2005/2003 828/2009/2003 898/2010/2003
f 895/2005/2004 898/2010/2004 896/2011/2004
f 821/2012/2005 895/2005/2005 896/2011/2005
f 821/2012/2006 896/2011/2006 823/2013/2006
f 819/2014/2007 821/2015/2007 823/2016/2007
f 819/2014/2008 823/2016/2008 825/2017/2008
f 819/2014/2009 825/2017/2009 824/2018/2009
f 822/2019/2010 819/2014/2010 824/2018/2010
f 824/2020/2011 823/2013/2011 822/2021/2011
f 824/2022/2012 820/2023/2012 823/2024/2012
f 820/2025/2013 901/2026/2013 823/2027/2013
f 823/2027/2014 901/2026/2014 900/2028/2014
f 901/2026/2015 896/2011/2015 900/2028/2015
f 896/2011/2016 899/2029/2016 900/2028/2016
f 1035/2030/2017 900/2031/2017 899/2032/2017
f 1035/2030/2018 899/2032/2018 1037/2033/2018
f 1035/2030/2019 1037/2033/2019 1038/2034/2019
f 1038/2035/2020 1036/2036/2020 1035/2037/2020
f 1034/2038/2021 1035/2030/2021 1036/2039/2021
f 1086/2040/2022 1034/2041/2022 1036/2036/2022
f 1086/2040/2023 1036/2036/2023 1085/2042/2023
f 1083/2043/2024 1086/2040/2024 1085/2042/2024
f 1082/2044/2025 1083/2043/2025 1085/2042/2025
f 1082/2044/2026 1085/2042/2026 1076/2045/2026
f 1076/2045/2027 937/2046/2027 1082/2044/2027
f 1082/2044/2028 937/2046/2028 938/2047/2028
f 1082/2044/2029 938/2047/2029 879/2048/2029
f 938/2049/2030 877/2050/2030 879/2051/2030
f 877/2052/2031 878/2053/2031 879/2054/2031
f 1083/2043/2032 879/2048/2032 878/2055/2032
f 1083/2043/2033 878/2055/2033 880/2056/2033
f 880/2056/2034 875/2057/2034 1083/2043/2034
f 1083/2043/2035 875/2057/2035 1084/2058/2035
f 1076/2045/2036 1084/2059/2036 875/2060/2036
f 1074/2061/2037 1076/2062/2037 875/2063/2037
f 1074/2061/2038 875/2063/2038 871/2064/2038
f 872/2065/2039 1074/2061/2039 871/2064/2039
f 871/2066/2040 870/2067/2040 872/2068/2040
f 870/2069/2041 1073/2070/2041 872/2065/2041
f 1073/2070/2042 870/2069/2042 869/2071/2042
f 1073/2070/2043 869/2071/2043 1032/2072/2043
f 1073/2070/2044 1032/2072/2044 1075/2073/2044
f 1073/2070/2045 1075/2073/2045 1074/2061/2045
f 1075/2073/2046 934/2074/2046 1074/2061/2046
f 1075/2073/2047 893/2075/2047 934/2074/2047
f 902/2076/2048 934/2077/2048 893/2078/2048
f 893/2079/2049 891/2080/2049 902/2081/2049
f 902/2081/2050 891/2080/2050 813/2082/2050
f 902/2081/2051 813/2082/2051 865/2083/2051
f 936/2084/2052 902/2085/2052 865/2086/2052
f 936/2084/2053 865/2086/2053 867/2087/2053
f 936/2084/2054 867/2087/2054 937/2088/2054
f 935/2089/2055 936/2084/2055 937/2088/2055
f 937/2046/2056 1081/2090/2056 935/2091/2056
f 935/2091/2057 1081/2090/2057 1076/2045/2057
f 1076/2062/2058 934/2074/2058 935/2092/2058
f 934/2077/2059 933/2093/2059 935/2089/2059
f 935/2089/2060 933/2093/2060 881/2094/2060
f 933/2093/2061 932/2095/2061 881/2094/2061
f 882/2096/2062 881/2094/2062 932/2095/2062
f 882/2096/2063 932/2095/2063 887/2097/2063
f 886/2098/2064 882/2099/2064 887/2100/2064
f 886/2098/2065 887/2100/2065 883/2101/2065
f 885/2102/2066 886/2098/2066 883/2101/2066
f 883/2101/2067 882/2099/2067 885/2102/2067
f 883/2101/2068 887/2100/2068 884/2103/2068
f 881/2104/2069 883/2101/2069 884/2103/2069
f 902/2085/2070 881/2094/2070 884/2105/2070
f 902/2085/2071 884/2105/2071 892/2106/2071
f 892/2107/2072 933/2093/2072 902/2076/2072
f 887/2097/2073 933/2093/2073 892/2107/2073
f 892/2108/2074 888/2109/2074 887/2110/2074
f 888/2109/2075 892/2108/2075 893/2111/2075
f 893/2112/2076 1037/2033/2076 888/2113/2076
f 1037/2033/2077 1039/2114/2077 888/2113/2077
f 1039/2114/2078 889/2115/2078 888/2113/2078
f 884/2103/2079 888/2116/2079 889/2117/2079
f 884/2103/2080 889/2117/2080 890/2118/2080
f 884/2103/2081 890/2118/2081 891/2119/2081
f 813/2082/2082 890/2120/2082 889/2121/2082
f 813/2082/2083 889/2121/2083 903/2122/2083
f 813/2082/2084 903/2122/2084 817/2123/2084
f 815/2124/2085 813/2125/2085 817/2126/2085
f 815/2124/2086 817/2126/2086 816/2127/2086
f 810/2128/2087 815/2124/2087 816/2127/2087
f 827/2129/2088 810/2130/2088 816/2131/2088
f 827/2129/2089 816/2131/2089 828/2132/2089
f 897/2133/2090 827/2134/2090 828/2135/2090
f 897/2133/2091 817/2136/2091 827/2134/2091
f 897/2133/2092 818/2137/2092 817/2136/2092
f 898/2010/2093 818/2137/2093 897/2133/2093
f 898/2010/2094 897/2133/2094 899/2029/2094
f 899/2029/2095 897/2133/2095 889/2138/2095
f 818/2137/2096 828/2009/2096 816/2139/2096
f 711/2140/2097 810/2130/2097 827/2129/2097
f 903/2122/2098 711/2141/2098 827/2142/2098
f 903/2122/2099 897/2143/2099 711/2141/2099
f 711/2140/2100 826/2144/2100 810/2130/2100
f 826/2144/2101 716/2145/2101 810/2130/2101
f 810/2130/2102 716/2145/2102 803/2146/2102
f 803/2147/2103 808/2148/2103 810/2128/2103
f 810/2128/2104 808/2148/2104 811/2149/2104
f 811/2149/2105 813/2125/2105 810/2128/2105
f 811/2149/2106 812/2150/2106 813/2125/2106
f 811/2149/2107 808/2148/2107 812/2150/2107
f 812/2150/2108 808/2148/2108 814/2151/2108
f 812/2152/2109 814/2153/2109 862/2154/2109
f 862/2154/2110 863/2155/2110 812/2152/2110
f 866/2156/2111 812/2152/2111 863/2155/2111
f 863/2155/2112 870/2067/2112 866/2156/2112
f 865/2157/2113 812/2152/2113 866/2156/2113
f 862/2154/2114 825/2158/2114 863/2155/2114
f 863/2155/2115 825/2158/2115 864/2159/2115
f 863/2155/2116 864/2159/2116 868/2160/2116
f 868/2160/2117 869/2161/2117 863/2155/2117
f 868/2160/2118 864/2159/2118 869/2161/2118
f 864/2162/2119 1031/2163/2119 869/2164/2119
f 864/2162/2120 900/2031/2120 1031/2163/2120
f 1031/2163/2121 900/2031/2121 1033/2165/2121
f 1033/2166/2122 1037/2033/2122 1031/2167/2122
f 1031/2167/2123 1037/2033/2123 1032/2168/2123
f 1033/2165/2124 900/2031/2124 1034/2038/2124
f 1034/2041/2125 1084/2058/2125 1033/2169/2125
f 1084/2059/2126 1087/2170/2126 1033/2171/2126
f 1033/2171/2127 1087/2170/2127 1038/2035/2127
f 825/2172/2128 900/2031/2128 864/2162/2128
f 862/2154/2129 814/2153/2129 825/2158/2129
f 814/2151/2130 808/2148/2130 819/2014/2130
f 814/2151/2131 819/2014/2131 820/2173/2131
f 819/2014/2132 808/2148/2132 809/2174/2132
f 808/2148/2133 807/2175/2133 809/2174/2133
f 807/2176/2134 826/2144/2134 809/2177/2134
f 809/2177/2135 826/2144/2135 703/2178/2135
f 703/2178/2136 826/2144/2136 710/2179/2136
f 806/2180/2137 703/2181/2137 710/2182/2137
f 712/2183/2138 806/2180/2138 710/2182/2138
f 710/2184/2139 704/2000/2139 712/2185/2139
f 712/2185/2140 704/2000/2140 713/2186/2140
f 713/2186/2141 704/2000/2141 709/2187/2141
f 713/2186/2142 709/2187/2142 714/2188/2142
f 713/2186/2143 714/2188/2143 715/2189/2143
f 715/2190/2144 806/2180/2144 713/2191/2144
f 715/2190/2145 805/2192/2145 806/2180/2145
f 804/2193/2146 805/2192/2146 715/2190/2146
f 804/2193/2147 714/2194/2147 805/2192/2147
f 805/2192/2148 714/2194/2148 716/2195/2148
f 805/2192/2149 716/2195/2149 802/2196/2149
f 805/2192/2150 802/2196/2150 703/2181/2150
f 802/2197/2151 707/2198/2151 703/2199/2151
f 709/2200/2152 707/2198/2152 802/2197/2152
f 709/2200/2153 802/2197/2153 803/2201/2153
f 803/2147/2154 802/2202/2154 807/2175/2154
f 801/2203/2155 707/2198/2155 709/2200/2155
f 801/2203/2156 709/2200/2156 708/2204/2156
f 705/1998/2157 708/2205/2157 709/2187/2157
f 801/2203/2158 708/2204/2158 707/2198/2158
f 706/1997/2159 707/2206/2159 708/2205/2159
f 807/2176/2160 802/2207/2160 716/2145/2160
f 715/2190/2161 714/2194/2161 804/2193/2161
f 714/2188/2162 709/2187/2162 716/2208/2162
f 713/2191/2163 806/2180/2163 712/2183/2163
f 806/2180/2164 805/2192/2164 703/2181/2164
f 803/2147/2165 807/2175/2165 808/2148/2165
f 709/2200/2166 803/2201/2166 716/2209/2166
f 807/2176/2167 716/2145/2167 826/2144/2167
f 710/2179/2168 826/2144/2168 711/2140/2168
f 816/2127/2169 817/2126/2169 818/2210/2169
f 810/2128/2170 813/2125/2170 815/2124/2170
f 817/2123/2171 903/2122/2171 827/2142/2171
f 903/2122/2172 889/2121/2172 897/2143/2172
f 1039/2114/2173 899/2032/2173 889/2115/2173
f 1032/2168/2174 1037/2033/2174 893/2112/2174
f 884/2103/2175 891/2119/2175 892/2211/2175
f 884/2103/2176 887/2100/2176 888/2116/2176
f 885/2102/2177 882/2099/2177 886/2098/2177
f 881/2104/2178 882/2099/2178 883/2101/2178
f 887/2097/2179 932/2095/2179 933/2093/2179
f 935/2089/2180 881/2094/2180 936/2084/2180
f 865/2157/2181 866/2156/2181 867/2212/2181
f 866/2156/2182 873/2213/2182 867/2212/2182
f 873/2213/2183 876/2214/2183 867/2212/2183
f 867/2212/2184 876/2214/2184 877/2052/2184
f 873/2213/2185 875/2215/2185 876/2214/2185
f 873/2213/2186 874/2216/2186 875/2215/2186
f 873/2213/2187 871/2066/2187 874/2216/2187
f 866/2156/2188 871/2066/2188 873/2213/2188
f 936/2084/2189 881/2094/2189 902/2085/2189
f 865/2157/2190 813/2217/2190 812/2152/2190
f 813/2082/2191 891/2080/2191 890/2120/2191
f 892/2211/2192 891/2119/2192 893/2218/2192
f 902/2076/2193 933/2093/2193 934/2077/2193
f 1075/2073/2194 1032/2072/2194 893/2075/2194
f 869/2164/2195 1031/2163/2195 1032/2219/2195
f 863/2155/2196 869/2161/2196 870/2067/2196
f 866/2156/2197 870/2067/2197 871/2066/2197
f 872/2065/2198 1073/2070/2198 1074/2061/2198
f 871/2064/2199 875/2063/2199 874/2220/2199
f 1074/2061/2200 934/2074/2200 1076/2062/2200
f 1076/2045/2201 1087/2170/2201 1084/2059/2201
f 876/2221/2202 875/2057/2202 880/2056/2202
f 878/2053/2203 876/2214/2203 880/2222/2203
f 877/2052/2204 876/2214/2204 878/2053/2204
f 938/2049/2205 867/2087/2205 877/2050/2205
f 937/2088/2206 867/2087/2206 938/2049/2206
f 1076/2045/2207 1081/2090/2207 937/2046/2207
f 1076/2045/2208 1085/2042/2208 1087/2170/2208
f 1082/2044/2209 879/2048/2209 1083/2043/2209
f 1083/2043/2210 1084/2058/2210 1086/2040/2210
f 1087/2170/2211 1085/2042/2211 1036/2036/2211
f 1086/2040/2212 1084/2058/2212 1034/2041/2212
f 1038/2035/2213 1087/2170/2213 1036/2036/2213
f 1038/2034/2214 1037/2033/2214 1033/2166/2214
f 1037/2033/2215 899/2032/2215 1039/2114/2215
f 1034/2038/2216 900/2031/2216 1035/2030/2216
f 901/2026/2217 822/2021/2217 896/2011/2217
f 822/2021/2218 901/2026/2218 820/2025/2218
f 824/2022/2219 814/2153/2219 820/2023/2219
f 820/2173/2220 819/2014/2220 822/2019/2220
f 825/2158/2221 814/2153/2221 824/2022/2221
f 823/2027/2222 900/2028/2222 825/2223/2222
f 819/2014/2223 809/2174/2223 821/2015/2223
f 809/2224/2224 623/2225/2224 821/2012/2224
f 821/2012/2225 623/2225/2225 620/2006/2225
f 821/2012/2226 620/2006/2226 894/2226/2226
f 622/2227/2227 620/2003/2227 623/1993/2227
f 619/1982/2228 620/2003/2228 622/2227/2228
f 822/2021/2229 823/2013/2229 896/2011/2229
f 894/2226/2230 895/2005/2230 821/2012/2230
f 896/2011/2231 898/2010/2231 899/2029/2231
f 898/2010/2232 828/2009/2232 818/2137/2232
f 828/2009/2233 711/2008/2233 897/2228/2233
f 621/2002/2234 710/2184/2234 711/2229/2234
f 894/2226/2235 620/2006/2235 895/2005/2235
f 710/2184/2236 621/2002/2236 704/2000/2236
f 701/2001/2237 428/1977/2237 700/1999/2237
f 699/2230/2238 700/1999/2238 428/1977/2238
f 699/2230/2239 625/1988/2239 700/1999/2239
f 698/2231/2240 625/1988/2240 699/2230/2240
f 427/2232/2241 698/2231/2241 699/2230/2241
f 698/2231/2242 427/2232/2242 429/1989/2242
f 705/1998/2243 709/2187/2243 704/2000/2243
f 706/1997/2244 708/2205/2244 705/1998/2244
f 706/1997/2245 703/1996/2245 707/2206/2245
f 809/2177/2246 703/2178/2246 623/2233/2246
f 700/1999/2247 625/1988/2247 702/1994/2247
f 624/1991/2248 622/2227/2248 623/1993/2248
f 624/1991/2249 618/1983/2249 622/2227/2249
f 624/1991/2250 613/1987/2250 618/1983/2250
f 698/2231/2251 429/1989/2251 625/1988/2251
f 613/1987/2252 615/1984/2252 618/1983/2252
f 619/1982/2253 622/2227/2253 618/1983/2253
f 619/1982/2254 617/1981/2254 620/2003/2254
f 614/1985/2255 611/1980/2255 616/1979/2255
f 614/1985/2256 610/1962/2256 611/1980/2256
f 617/1978/2257 428/1977/2257 701/2001/2257
f 610/1962/2258 424/2234/2258 611/1980/2258
f 427/2232/2259 699/2230/2259 428/1977/2259
f 424/1973/2260 418/1956/2260 426/1971/2260
f 427/1972/2261 422/1968/2261 429/1967/2261
f 430/1966/2262 606/2235/2262 607/1964/2262
f 607/1964/2263 606/2235/2263 605/2236/2263
f 591/1941/2264 605/2236/2264 606/2235/2264
f 591/1941/2265 604/2237/2265 605/2236/2265
f 605/2236/2266 604/2237/2266 417/1959/2266
f 604/2237/2267 414/2238/2267 417/1959/2267
f 602/2239/2268 414/2238/2268 604/2237/2268
f 602/2239/2269 604/2237/2269 603/2240/2269
f 601/1939/2270 602/2239/2270 603/2240/2270
f 601/1939/2271 411/2241/2271 602/2239/2271
f 602/2239/2272 411/2241/2272 410/2242/2272
f 408/1937/2273 410/2243/2273 411/2244/2273
f 408/1937/2274 406/1952/2274 410/2243/2274
f 410/2243/2275 406/1952/2275 412/2245/2275
f 410/2243/2276 412/2245/2276 413/2246/2276
f 410/2243/2277 413/2246/2277 414/2247/2277
f 413/2246/2278 415/1953/2278 414/2247/2278
f 412/2245/2279 415/1953/2279 413/2246/2279
f 602/2239/2280 410/2242/2280 414/2238/2280
f 603/2240/2281 604/2237/2281 591/1941/2281
f 432/2248/2282 606/2235/2282 430/1966/2282
f 429/1965/2283 609/1963/2283 612/1986/2283
f 605/2236/2284 608/1958/2284 607/1964/2284
f 609/1963/2285 610/1962/2285 614/1985/2285
f 610/1962/2286 425/1961/2286 424/2234/2286
f 424/1973/2287 425/2249/2287 418/1956/2287
f 605/2236/2288 417/1959/2288 608/1958/2288
f 414/2247/2289 416/1954/2289 417/1957/2289
f 419/1955/2290 420/1970/2290 418/1956/2290
f 419/1955/2291 405/1951/2291 420/1970/2291
f 414/2247/2292 415/1953/2292 416/1954/2292
f 412/2245/2293 406/1952/2293 415/1953/2293
f 420/1970/2294 405/1951/2294 421/1949/2294
f 431/1948/2295 420/1970/2295 421/1949/2295
f 430/1969/2296 431/1948/2296 432/1945/2296
f 591/1941/1222 606/2235/1222 432/2248/1222
f 601/1939/2297 603/2240/2297 591/1941/2297
f 408/1938/2298 411/2241/2298 601/1939/2298
f 407/1936/2299 406/1952/2299 408/1937/2299
f 438/1932/2300 423/1950/2300 407/1936/2300
f 436/1930/2301 423/1950/2301 438/1932/2301
f 433/1946/2302 436/1930/2302 435/1929/2302
f 587/1912/2303 586/2250/2303 437/1934/2303
f 595/1923/2304 586/1925/2304 596/1922/2304
f 594/1920/2305 593/1919/2305 435/1924/2305
f 590/1915/2306 434/1943/2306 593/1919/2306
f 590/1915/2307 588/1913/2307 409/1935/2307
f 587/1912/2308 437/1934/2308 588/1913/2308
f 586/2251/2309 587/1910/2309 596/1909/2309
f 626/1908/2310 589/1911/2310 628/1907/2310
f 596/1909/2311 627/1904/2311 599/1902/2311
f 597/1921/2312 599/1900/2312 598/1899/2312
f 630/2252/2313 657/1895/2313 600/1898/2313
f 598/1897/2314 661/1896/2314 592/1917/2314
f 661/1896/2315 659/1887/2315 660/1918/2315
f 659/1887/2316 658/1885/2316 628/1907/2316
f 658/1885/2317 633/1882/2317 632/1906/2317
f 655/1886/2318 640/1883/2318 656/1884/2318
f 629/1881/2319 631/1905/2319 633/1882/2319
f 600/1903/2320 629/1881/2320 630/1879/2320
f 1049/1871/2321 657/1870/2321 630/1878/2321
f 654/1891/2322 653/1888/2322 657/1895/2322
f 1045/1873/2323 1015/1862/2323 1048/1868/2323
f 1018/1865/2324 1022/1848/2324 1016/1866/2324
f 1021/1864/2325 1020/2253/2325 1022/1848/2325
f 1018/1865/2326 1019/2254/2326 1020/2253/2326
f 1019/2254/2327 1022/1848/2327 1020/2253/2327
f 1016/1866/2328 1022/1848/2328 1029/1809/2328
f 1091/1851/2329 1092/1660/2329 1028/1843/2329
f 1030/1844/2330 1093/1842/2330 1094/1840/2330
f 1119/1834/2331 1079/1815/2331 1120/1835/2331
f 1113/1847/2332 1079/1815/2332 1119/1834/2332
f 1123/2255/2333 1113/2256/2333 1119/1838/2333
f 1123/2255/2334 1119/1838/2334 1122/1632/2334
f 1122/1632/2335 1112/2257/2335 1123/2255/2335
f 1123/2255/2336 1112/2257/2336 1113/2256/2336
f 1112/1626/2337 1001/2258/2337 1113/2259/2337
f 1002/1608/2338 1113/1847/2338 1001/2260/2338
f 1186/1833/2339 1149/2261/2339 1145/1832/2339
f 1148/1822/2340 1146/2262/2340 1145/2263/2340
f 1144/1821/2341 1145/2264/2341 1146/2265/2341
f 1144/1821/2342 1146/2265/2342 1147/2266/2342
f 1121/1831/2343 1147/2267/2343 1146/2268/2343
f 1146/2268/2344 1185/2269/2344 1121/1831/2344
f 1185/2269/2345 1146/2268/2345 1149/2261/2345
f 1185/2270/2346 1149/1829/2346 1147/2267/2346
f 1148/1822/2347 1147/2266/2347 1149/2271/2347
f 1121/1831/2348 1185/2270/2348 1147/2267/2348
f 1148/1822/2349 1149/2271/2349 1146/2262/2349
f 1148/1822/2350 1144/1821/2350 1147/2266/2350
f 1144/1821/2351 1121/1820/2351 1145/2264/2351
f 1121/1820/2352 1030/1818/2352 1094/2272/2352
f 1113/1847/2353 1030/1816/2353 1079/1815/2353
f 1079/2273/2354 1013/1827/2354 1120/1826/2354
f 1012/2274/2355 1013/2275/2355 1014/2276/2355
f 1023/1801/2356 1012/2277/2356 1014/2278/2356
f 1006/1600/2357 1013/2275/2357 1012/2274/2357
f 1016/1866/2358 1029/1809/2358 1025/1800/2358
f 1077/1806/2359 1080/1814/2359 1014/1808/2359
f 1002/1608/2360 1029/1807/2360 1113/1847/2360
f 1080/1813/1860 1077/2279/1860 1025/1802/1860
f 1007/1604/2361 1012/2277/2361 1023/1801/2361
f 1025/1800/2362 1017/1799/2362 1016/1866/2362
f 654/1867/2363 1017/1799/2363 652/1796/2363
f 1014/1819/2364 1143/1794/2364 1023/1793/2364
f 1024/1792/2365 1183/1790/2365 652/1892/2365
f 1011/2280/2366 1182/1565/2366 1143/1791/2366
f 649/1777/2367 1183/1790/2367 1184/1778/2367
f 648/1775/2368 650/1893/2368 649/1776/2368
f 648/1775/2369 644/1771/2369 647/1894/2369
f 644/1771/2370 638/1768/2370 647/1894/2370
f 634/1766/2371 640/1883/2371 638/1768/2371
f 635/1880/2372 634/1766/2372 636/1765/2372
f 636/1764/2373 1070/1763/2373 1050/1874/2373
f 1070/1763/2374 1069/1762/2374 1071/1877/2374
f 1069/1762/2375 1058/1757/2375 1053/1875/2375
f 1058/1757/2376 1054/1670/2376 1053/1875/2376
f 1054/1670/2377 1055/2281/2377 1053/1875/2377
f 1052/1668/2378 1053/1875/2378 1055/2281/2378
f 1056/2282/2379 1054/1670/2379 1058/1757/2379
f 1056/2282/2380 1058/1757/2380 1057/2283/2380
f 850/2284/2381 1056/2282/2381 1057/2283/2381
f 850/2284/2382 1057/2283/2382 848/1729/2382
f 848/2285/2383 849/2286/2383 850/2287/2383
f 849/2286/2384 851/1673/2384 850/2287/2384
f 849/2286/2385 847/2288/2385 851/1673/2385
f 851/1673/2386 847/2288/2386 829/2289/2386
f 846/1724/2387 829/2289/2387 847/2288/2387
f 848/2285/2388 847/2288/2388 849/2286/2388
f 848/1729/2389 1057/2283/2389 1061/1754/2389
f 850/2284/2390 1054/1670/2390 1056/2282/2390
f 639/2290/2391 1067/1759/2391 637/1761/2391
f 1061/1754/2392 1057/2283/2392 1058/1757/2392
f 1060/1731/2393 1061/1754/2393 1062/1752/2393
f 1060/1731/2394 1062/1752/2394 1063/1751/2394
f 1127/1736/2395 1059/1725/2395 1130/1732/2395
f 848/1729/2396 1061/1754/2396 1060/1731/2396
f 846/1724/2397 847/2288/2397 848/2285/2397
f 844/1726/2398 1059/1725/2398 1127/1736/2398
f 846/1724/2399 830/1722/2399 829/2289/2399
f 768/2291/2400 829/2289/2400 830/1722/2400
f 768/2291/2401 830/1722/2401 831/2292/2401
f 768/2291/2402 756/1678/2402 829/2289/2402
f 768/2291/2403 759/2293/2403 756/1678/2403
f 757/2294/2404 756/2295/2404 759/2296/2404
f 757/2294/2405 759/2296/2405 761/2297/2405
f 757/2294/2406 761/2297/2406 763/2298/2406
f 757/2294/2407 763/2298/2407 760/1689/2407
f 760/1689/2408 763/2298/2408 765/1692/2408
f 763/2298/2409 761/2297/2409 762/1693/2409
f 761/2297/2410 759/2296/2410 762/1693/2410
f 755/1683/2411 756/2295/2411 757/2294/2411
f 758/1688/2412 755/1683/2412 757/2294/2412
f 842/1739/2413 838/1721/2413 844/1723/2413
f 841/2299/2414 838/1721/2414 842/1739/2414
f 840/2300/2415 838/1721/2415 841/2299/2415
f 833/1720/2416 831/2292/2416 830/1722/2416
f 832/2301/2417 831/2292/2417 833/1720/2417
f 769/2302/2418 831/2292/2418 832/2301/2418
f 769/2302/2419 832/2301/2419 772/1700/2419
f 772/1700/2420 832/2301/2420 835/1718/2420
f 835/1718/2421 832/2301/2421 833/1720/2421
f 834/1701/2422 835/1718/2422 836/1717/2422
f 738/2303/2423 774/1703/2423 739/1702/2423
f 773/796/2424 774/2304/2424 738/2305/2424
f 775/2306/2425 773/796/2425 738/2305/2425
f 775/2306/2426 738/2305/2426 735/2307/2426
f 772/1700/2427 835/1718/2427 834/1701/2427
f 769/2302/2428 772/1700/2428 770/2308/2428
f 768/2291/2429 831/2292/2429 769/2302/2429
f 768/2291/2430 762/2309/2430 759/2293/2430
f 765/1692/2431 763/2298/2431 762/1693/2431
f 760/1689/2432 765/1692/2432 764/1690/2432
f 760/1689/2433 758/1688/2433 757/2294/2433
f 754/1684/2434 755/1683/2434 758/1688/2434
f 749/1680/2435 745/1686/2435 750/1681/2435
f 755/1683/2436 752/1682/2436 756/2295/2436
f 854/1676/2437 829/2289/2437 756/1678/2437
f 851/1673/2438 829/2289/2438 854/1676/2438
f 850/2287/2439 851/1673/2439 852/1672/2439
f 852/1671/2440 1054/1670/2440 850/2284/2440
f 1052/1668/2441 1055/2281/2441 1054/1670/2441
f 1052/1668/2442 1044/1665/2442 1053/1875/2442
f 1026/1664/2443 1015/1862/2443 1044/1665/2443
f 1046/1857/2444 1026/1663/2444 1088/1662/2444
f 1027/1850/2445 1088/1662/2445 1090/1661/2445
f 1091/1851/2446 1090/1661/2446 1092/1660/2446
f 1107/1659/2447 1100/1651/2447 1092/1660/2447
f 1100/1651/2448 1107/1659/2448 1108/1658/2448
f 1100/1651/2449 1108/1658/2449 1109/1656/2449
f 1100/1651/2450 1109/1656/2450 1106/1653/2450
f 1103/1582/2451 1101/1640/2451 1105/1652/2451
f 1105/2310/2452 1428/1787/2452 1103/1576/2452
f 1105/2311/2453 1464/1512/2453 1428/2312/2453
f 1095/1841/2454 1100/1651/2454 1099/1639/2454
f 1096/1638/2455 1095/1841/2455 1099/1639/2455
f 1122/1632/2456 1119/1838/2456 1096/1634/2456
f 1122/1632/2457 1118/1630/2457 1112/2257/2457
f 1118/1629/2458 1117/1628/2458 1112/1626/2458
f 1115/1588/2459 1114/1625/2459 1116/1627/2459
f 1111/1624/2460 1001/2258/2460 1112/1626/2460
f 1041/2313/2461 1111/1624/2461 1042/1623/2461
f 1001/2258/2462 1111/1624/2462 1041/2313/2462
f 995/2314/2463 1040/1614/2463 997/1617/2463
f 996/2315/2464 995/2316/2464 997/2317/2464
f 998/1613/2465 996/2315/2465 997/2317/2465
f 994/2318/2466 996/2315/2466 998/1613/2466
f 994/2318/2467 995/2316/2467 996/2315/2467
f 995/2314/2468 994/2319/2468 1040/1614/2468
f 1040/1614/2469 994/2319/2469 998/1615/2469
f 998/1613/2470 997/2317/2470 999/1612/2470
f 1001/2320/2471 1000/1611/2471 1002/1610/2471
f 1002/1608/2472 1079/1607/2472 1078/1805/2472
f 1007/1604/2473 1078/1803/2473 1079/1605/2473
f 1007/1603/2474 1006/1600/2474 1012/2274/2474
f 1003/1602/2475 999/1612/2475 1004/1601/2475
f 1004/1601/2476 999/1612/2476 1005/1596/2476
f 1006/1600/2477 1011/1599/2477 1013/2275/2477
f 1010/2321/2478 1181/1563/2478 1011/2280/2478
f 1009/1593/2479 1180/1561/2479 1010/2321/2479
f 1004/1601/2480 1005/1596/2480 1008/1595/2480
f 1176/1590/2481 1005/1594/2481 999/2322/2481
f 1176/1590/2482 999/2322/2482 1043/1591/2482
f 1043/1587/2483 1114/1625/2483 1115/1588/2483
f 1124/1633/2484 1102/1585/2484 1115/1584/2484
f 1102/1581/2485 1101/1640/2485 1103/1582/2485
f 1403/2323/2486 1178/1556/2486 1104/2324/2486
f 1103/1576/2487 1428/1787/2487 1430/1575/2487
f 1430/1575/2488 1429/1788/2488 1431/1567/2488
f 1414/1649/2489 1411/1574/2489 1413/1650/2489
f 1126/1646/2490 1412/1645/2490 1413/1650/2490
f 1431/1567/2491 1429/1788/2491 1182/1568/2491
f 1126/1566/2492 1098/1564/2492 1097/2325/2492
f 1011/2280/2493 1181/1563/2493 1182/1565/2493
f 1124/1633/2494 1098/1635/2494 1125/1643/2494
f 1010/2321/2495 1180/1561/2495 1181/1563/2495
f 1179/1557/2496 1411/1574/2496 1125/1644/2496
f 1009/1593/2497 1177/1558/2497 1180/1561/2497
f 1177/1558/2498 1104/1592/2498 1178/1559/2498
f 1405/1554/2499 1411/1574/2499 1179/1557/2499
f 1178/1556/2500 1403/2323/2500 1404/1555/2500
f 1404/1555/2501 1403/2323/2501 1406/1550/2501
f 1409/1553/2502 1411/1574/2502 1405/1554/2502
f 1409/1553/2503 1408/1552/2503 1410/1573/2503
f 1406/1550/2504 1403/2323/2504 1407/1551/2504
f 1425/1546/2505 1427/2326/2505 1408/1549/2505
f 1425/1546/2506 1426/2327/2506 1427/2326/2506
f 1407/1548/2507 1417/1577/2507 1422/1547/2507
f 1422/1547/2508 1417/1577/2508 1421/1544/2508
f 1417/1577/2509 1419/1524/2509 1421/1544/2509
f 1422/1547/2510 1421/1544/2510 1423/1543/2510
f 1425/1546/2511 1424/1545/2511 1426/2327/2511
f 1448/1535/2512 1427/1534/2512 1426/1539/2512
f 1447/1532/2513 1442/1538/2513 1433/1533/2513
f 1408/1549/2514 1427/2326/2514 1410/2328/2514
f 1432/1572/2515 1410/1528/2515 1418/1527/2515
f 1417/1577/2516 1418/1525/2516 1419/1524/2516
f 1454/1521/2517 1421/1542/2517 1419/1522/2517
f 1453/1503/2518 1454/1521/2518 1456/1517/2518
f 1455/1520/2519 1420/1523/2519 1457/1519/2519
f 1457/1519/2520 1420/1523/2520 1434/1518/2520
f 1434/1514/2521 1433/1531/2521 1435/1515/2521
f 1428/2312/2522 1464/1512/2522 1435/1513/2522
f 1458/1504/2523 1456/1517/2523 1436/1506/2523
f 1453/1503/2524 1456/1517/2524 1458/1504/2524
f 1451/1502/2525 1450/1536/2525 1453/1503/2525
f 1442/1538/2526 1451/1502/2526 1445/1501/2526
f 646/1499/2527 1444/1781/2527 1445/1501/2527
f 643/1772/2528 645/1774/2528 646/2329/2528
f 1482/1486/2529 643/2330/2529 1462/2331/2529
f 1446/1500/2530 1460/1494/2530 1463/1497/2530
f 1460/1494/2531 1459/1505/2531 1461/1495/2531
f 1476/1490/2532 1491/1489/2532 1462/2331/2532
f 1491/1489/2533 1487/1488/2533 1462/2331/2533
f 1483/1487/2534 1462/2331/2534 1487/1488/2534
f 1483/1487/2535 1482/1486/2535 1462/2331/2535
f 1482/1486/2536 642/1485/2536 643/2330/2536
f 639/1769/2537 641/1770/2537 642/1773/2537
f 1068/1760/2538 1067/1759/2538 639/2290/2538
f 1137/1480/2539 1065/1756/2539 1068/1481/2539
f 1135/1478/2540 1064/1750/2540 1137/1480/2540
f 1133/1749/2541 1135/1478/2541 1134/1477/2541
f 1323/1475/2542 1322/1747/2542 1134/1476/2542
f 1327/1442/2543 1141/1473/2543 1329/2332/2543
f 1327/1442/2544 1329/2332/2544 1330/1445/2544
f 1329/2333/2545 1609/1458/2545 1330/2334/2545
f 1141/2335/2546 1608/2336/2546 1329/2333/2546
f 1608/2336/2547 1484/1459/2547 1329/2333/2547
f 1326/1474/2548 1136/1472/2548 1328/1471/2548
f 1136/1470/2549 1139/1479/2549 1140/1466/2549
f 1141/2335/2550 1142/2337/2550 1608/2336/2550
f 1140/1466/2551 1139/1479/2551 1138/1467/2551
f 1138/1465/2552 1480/1483/2552 1481/1464/2552
f 1608/2336/2553 1142/2337/2553 1484/1459/2553
f 1329/2333/2554 1484/1459/2554 1609/1458/2554
f 1330/2334/2555 1609/1458/2555 1611/1456/2555
f 1610/1457/2556 1485/1460/2556 1612/1455/2556
f 1330/2334/2557 1611/1456/2557 1333/1448/2557
f 1331/1443/2558 1327/1442/2558 1330/1445/2558
f 1325/1441/2559 1323/1475/2559 1327/1442/2559
f 1321/1440/2560 1323/1475/2560 1325/1441/2560
f 1315/1438/2561 1319/1748/2561 1321/1440/2561
f 1312/1437/2562 1319/1748/2562 1315/1438/2562
f 1312/1437/2563 842/1436/2563 1131/1745/2563
f 841/2299/2564 842/1739/2564 843/2338/2564
f 1347/1429/2565 840/1397/2565 841/1432/2565
f 1314/1427/2566 1313/1435/2566 1316/1426/2566
f 1324/1439/2567 1341/1423/2567 1316/1426/2567
f 1317/1425/2568 1344/1424/2568 1318/1428/2568
f 1318/1428/2569 1344/1424/2569 1342/1411/2569
f 1351/1407/2570 1318/1431/2570 1342/1410/2570
f 1344/1424/2571 1340/1421/2571 1342/1411/2571
f 1341/1423/2572 1324/1439/2572 1335/1422/2572
f 1332/1444/2573 1336/1419/2573 1335/1422/2573
f 1336/1419/2574 1334/1447/2574 1337/1420/2574
f 1338/1452/2575 1619/1415/2575 1337/1418/2575
f 1340/1421/2576 1339/1412/2576 1342/1411/2576
f 1351/1407/2577 1342/1410/2577 1354/1408/2577
f 1348/1405/2578 1318/1431/2578 1351/1407/2578
f 1345/1399/2579 1347/1429/2579 1348/1405/2579
f 1345/1399/2580 840/1397/2580 1347/1429/2580
f 839/2339/2581 838/1721/2581 840/2300/2581
f 837/1719/2582 838/1721/2582 839/2339/2582
f 908/1391/502 905/1712/502 837/1393/502
f 909/1392/2583 910/1395/2583 911/1276/2583
f 904/1390/2584 905/1712/2584 908/1391/2584
f 904/1390/2585 750/1388/2585 745/1715/2585
f 858/1677/2586 750/1387/2586 861/1386/2586
f 858/1677/2587 861/1386/2587 859/1384/2587
f 856/1383/2588 855/1675/2588 859/1384/2588
f 860/1382/2589 918/1260/2589 923/1381/2589
f 923/1381/2590 918/1260/2590 924/2340/2590
f 924/2340/2591 928/2341/2591 923/1381/2591
f 924/2340/2592 925/2342/2592 928/2341/2592
f 925/2342/2593 929/2343/2593 928/2341/2593
f 931/1377/2594 928/2341/2594 929/2343/2594
f 925/2342/2595 926/2344/2595 929/2343/2595
f 929/2343/2596 926/2344/2596 927/2345/2596
f 929/2343/2597 927/2345/2597 930/1378/2597
f 925/2342/2598 922/1259/2598 926/2344/2598
f 918/1260/2599 925/2342/2599 924/2340/2599
f 923/1381/2600 928/2341/2600 931/1377/2600
f 931/1377/2601 929/2343/2601 930/1378/2601
f 853/1674/2602 856/1383/2602 857/2346/2602
f 1047/1666/2603 1051/1667/2603 853/1669/2603
f 1110/1372/2604 1089/1657/2604 1047/1373/2604
f 927/1254/2605 1222/1368/2605 930/1371/2605
f 1248/1654/2606 1110/1370/2606 1249/1369/2606
f 1248/1654/2607 1249/1369/2607 1247/1362/2607
f 1247/1362/2608 1249/1369/2608 1250/1366/2608
f 1242/1364/2609 1238/1347/2609 1243/1358/2609
f 1242/1364/2610 1232/1247/2610 1238/1347/2610
f 1247/1362/2611 1250/1366/2611 1246/1363/2611
f 1247/1362/2612 1105/1361/2612 1248/1654/2612
f 1464/1512/2613 1105/2311/2613 1245/1356/2613
f 1243/1358/2614 1238/1347/2614 1244/1359/2614
f 1465/1508/2615 1245/1356/2615 1466/1355/2615
f 1467/1510/2616 1466/1355/2616 1469/1353/2616
f 1468/1354/2617 1244/1357/2617 1471/1352/2617
f 1473/1335/2618 1469/1353/2618 1472/1342/2618
f 1471/1352/2619 1244/1357/2619 1238/1344/2619
f 1474/1336/2620 1472/1342/2620 1396/1337/2620
f 1473/1335/2621 1472/1342/2621 1474/1336/2621
f 1461/1491/2622 1473/1335/2622 1475/1332/2622
f 1477/1328/2623 1399/1338/2623 1400/1329/2623
f 1479/1327/2624 1490/1326/2624 1478/2347/2624
f 1490/1325/2625 1488/1323/2625 1475/1333/2625
f 1486/1322/2626 1481/1464/2626 1488/1323/2626
f 1612/1455/2627 1486/1321/2627 1614/1320/2627
f 1615/1454/2628 1614/1320/2628 1617/1318/2628
f 1618/1317/2629 1616/1451/2629 1617/1318/2629
f 1375/1316/2630 1619/1415/2630 1618/1317/2630
f 1374/1417/2631 1375/1314/2631 1377/1308/2631
f 1374/1417/2632 1377/1308/2632 1376/1298/2632
f 1378/1311/2633 1489/1319/2633 1400/1312/2633
f 1399/1340/2634 1398/1309/2634 1400/1310/2634
f 1397/1305/2635 1377/1308/2635 1402/1307/2635
f 1398/1309/2636 1395/1304/2636 1401/1306/2636
f 1397/1305/2637 1376/1298/2637 1377/1308/2637
f 1240/1341/2638 1394/1303/2638 1395/1304/2638
f 1234/1302/2639 1394/1303/2639 1240/1341/2639
f 1387/2348/2640 1389/1301/2640 1234/1302/2640
f 1386/2349/2641 1387/2348/2641 1234/1302/2641
f 1228/2350/2642 1386/2349/2642 1234/1302/2642
f 1386/2349/2643 1385/2351/2643 1387/2348/2643
f 1387/2348/2644 1385/2351/2644 1383/2352/2644
f 1387/2348/2645 1383/2352/2645 1388/2353/2645
f 1388/2353/2646 1383/2352/2646 1382/2354/2646
f 1388/2353/2647 1382/2354/2647 1390/1299/2647
f 1388/2353/2648 1390/1299/2648 1391/2355/2648
f 1388/2353/2649 1391/2355/2649 1389/1301/2649
f 1389/1301/2650 1391/2355/2650 1393/2356/2650
f 1393/2356/2651 1391/2355/2651 1392/1300/2651
f 1383/2352/2652 1380/2357/2652 1382/2354/2652
f 1380/2357/2653 1371/1230/2653 1382/2354/2653
f 1382/2354/2654 1371/1230/2654 1372/1297/2654
f 1379/1233/2655 1380/2357/2655 1383/2352/2655
f 1381/1234/2656 1383/2352/2656 1385/2351/2656
f 1386/2349/2657 1384/1235/2657 1385/2351/2657
f 1387/2348/2658 1388/2353/2658 1389/1301/2658
f 1393/2356/2659 1392/1300/2659 1389/1301/2659
f 1391/2355/2660 1390/1299/2660 1392/1300/2660
f 1390/1299/2661 1382/2354/2661 1372/1297/2661
f 1376/1298/2662 1373/1296/2662 1374/1417/2662
f 1373/1296/2663 1356/1295/2663 1343/1409/2663
f 1365/1293/2664 1370/1294/2664 1368/1229/2664
f 1357/1292/2665 1355/1291/2665 1356/1295/2665
f 1352/1290/2666 1356/1295/2666 1355/1291/2666
f 1349/1287/2667 1350/1406/2667 1352/1290/2667
f 1358/1210/2668 1160/1288/2668 1353/1289/2668
f 1349/1287/2669 1165/1286/2669 1346/1402/2669
f 1164/1282/2670 914/1403/2670 1165/1285/2670
f 1160/1284/2671 1159/2358/2671 1163/1283/2671
f 1163/1283/2672 1159/2358/2672 1162/1272/2672
f 1157/1208/2673 1159/2358/2673 1160/1284/2673
f 1157/1208/2674 1158/1271/2674 1159/2358/2674
f 1163/1283/2675 1162/1272/2675 1166/1280/2675
f 1164/1282/2676 916/1281/2676 914/1403/2676
f 915/1278/2677 914/1277/2677 916/1279/2677
f 911/1401/2678 1167/1400/2678 914/2359/2678
f 912/1274/2679 907/1389/2679 911/1276/2679
f 1166/1280/2680 1162/1272/2680 913/1273/2680
f 1159/2358/2681 1158/1271/2681 1162/1272/2681
f 1175/1270/2682 1156/1207/2682 1174/1268/2682
f 1170/1266/2683 1169/2360/2683 1161/1269/2683
f 1168/1263/2684 1161/1269/2684 1169/2360/2684
f 1168/1263/2685 1169/2360/2685 1170/1266/2685
f 917/1262/2686 1161/1269/2686 1168/1263/2686
f 912/1274/2687 917/1261/2687 918/1260/2687
f 918/1260/2688 922/1259/2688 925/2342/2688
f 920/2361/2689 921/1258/2689 919/1257/2689
f 926/2344/2690 922/1259/2690 927/2345/2690
f 1222/1368/2691 927/1254/2691 1223/1251/2691
f 1224/1253/2692 1225/1256/2692 1226/1252/2692
f 1252/1365/2693 1223/1251/2693 1237/1250/2693
f 1242/1364/2694 1237/1250/2694 1232/1247/2694
f 1230/1249/2695 1226/1252/2695 1229/1248/2695
f 1226/1252/2696 1227/1240/2696 1229/1248/2696
f 1232/1247/2697 1235/1246/2697 1238/1347/2697
f 1235/1246/2698 1233/1245/2698 1236/1349/2698
f 1233/1245/2699 1228/1243/2699 1234/2362/2699
f 1229/1248/2700 1227/1240/2700 1231/1244/2700
f 1173/1236/2701 1386/2349/2701 1228/2350/2701
f 1226/1252/2702 921/1241/2702 1227/1240/2702
f 921/1237/2703 1171/1267/2703 1172/1238/2703
f 1173/1236/2704 1384/1235/2704 1386/2349/2704
f 1381/1234/2705 1385/2351/2705 1384/1235/2705
f 1379/1233/2706 1383/2352/2706 1381/1234/2706
f 1379/1233/2707 1369/1231/2707 1380/2357/2707
f 1172/1238/2708 1174/1268/2708 1156/1207/2708
f 1380/2357/2709 1369/1231/2709 1371/1230/2709
f 1368/1229/2710 1372/1297/2710 1371/1230/2710
f 1368/1229/2711 1363/1213/2711 1365/1293/2711
f 1363/1213/2712 1358/1210/2712 1365/1293/2712
f 959/1225/2713 1359/1211/2713 1360/1212/2713
f 956/1093/2714 1359/1211/2714 959/1225/2714
f 1160/1288/2715 1358/1210/2715 1157/1209/2715
f 1157/1208/2716 1156/1207/2716 1158/1271/2716
f 1156/1205/2717 1367/1202/2717 1366/1228/2717
f 1367/1202/2718 1364/1200/2718 1366/1228/2718
f 1220/1199/2719 1362/1214/2719 1364/1200/2719
f 1620/1194/2720 1621/1216/2720 1220/1195/2720
f 1620/1194/2721 1216/1193/2721 1621/1216/2721
f 1621/1216/115 1216/1193/115 1215/1187/115
f 1213/1082/2722 1210/1186/2722 1214/1188/2722
f 1213/1082/2723 1211/2363/2723 1210/1186/2723
f 1211/2363/2724 1207/991/2724 1210/1186/2724
f 1625/1128/2725 1622/1227/2725 1215/1187/2725
f 1530/960/2726 1531/1132/2726 1536/1137/2726
f 1534/2364/2727 1627/1181/2727 1535/1180/2727
f 1626/1130/2728 1627/1181/2728 1534/2364/2728
f 1531/1132/2729 1525/959/2729 1532/1133/2729
f 1533/1131/2730 1626/1130/2730 1534/2364/2730
f 1626/1130/2731 1625/1128/2731 1627/1181/2731
f 1622/1227/2732 1625/1128/2732 1624/1127/2732
f 1623/1218/2733 1624/1127/2733 1496/1126/2733
f 1495/1123/2734 1494/1221/2734 1496/1125/2734
f 1493/1122/2735 1494/1221/2735 1495/1123/2735
f 1492/1119/2736 960/1118/2736 1493/1122/2736
f 958/1097/2737 959/1223/2737 960/1099/2737
f 958/1097/2738 956/1096/2738 959/1223/2738
f 952/750/2739 953/1095/2739 955/1094/2739
f 956/1093/2740 1155/1092/2740 1359/1211/2740
f 1155/1090/2741 1153/1088/2741 1154/1206/2741
f 1153/1088/2742 1152/1087/2742 1154/1206/2742
f 1152/1085/2743 1218/1084/2743 1219/1197/2743
f 1218/1084/2744 1213/1082/2744 1217/1191/2744
f 1212/1081/2745 1211/2363/2745 1213/1082/2745
f 1212/1081/2746 1203/993/2746 1211/2363/2746
f 1193/996/2747 1192/999/2747 1195/994/2747
f 1212/1081/2748 1194/995/2748 1203/993/2748
f 1199/1003/2749 1200/992/2749 1195/994/2749
f 1203/993/2750 1207/991/2750 1211/2363/2750
f 1200/992/2751 1202/1006/2751 1204/987/2751
f 1208/990/2752 1210/1186/2752 1207/991/2752
f 1208/990/2753 1206/989/2753 1209/1185/2753
f 1556/1182/2754 1209/1183/2754 1206/2365/2754
f 1628/1170/2755 1556/1182/2755 1553/1164/2755
f 1552/982/2756 1548/1156/2756 1553/983/2756
f 1560/1152/2757 1552/982/2757 1558/977/2757
f 1565/1149/2758 1558/977/2758 1567/976/2758
f 1649/577/2759 1665/974/2759 1573/975/2759
f 1668/972/2760 1572/967/2760 1667/973/2760
f 1668/972/2761 1666/971/2761 1574/968/2761
f 1576/2366/2762 1575/969/2762 1578/970/2762
f 1579/2367/2763 1576/2366/2763 1578/970/2763
f 1663/574/2764 1579/2367/2764 1578/970/2764
f 1577/549/2765 1576/2366/2765 1579/2367/2765
f 1526/548/2766 1575/969/2766 1576/2366/2766
f 1526/548/2767 1570/964/2767 1575/969/2767
f 1668/972/2768 1574/968/2768 1572/967/2768
f 1571/966/2769 1567/976/2769 1572/967/2769
f 1566/965/2770 1569/1151/2770 1571/966/2770
f 1528/963/2771 1564/1147/2771 1566/965/2771
f 1529/961/2772 1543/1144/2772 1528/963/2772
f 1524/547/2773 1523/958/2773 1527/962/2773
f 1530/960/2774 1536/1137/2774 1529/961/2774
f 1530/960/2775 1525/959/2775 1531/1132/2775
f 1522/546/2776 1501/953/2776 1523/958/2776
f 1525/957/2777 1498/956/2777 1532/1129/2777
f 1497/1124/2778 1498/954/2778 1499/952/2778
f 1500/1121/2779 1499/952/2779 1503/950/2779
f 1500/1121/2780 1503/950/2780 1502/949/2780
f 962/1120/2781 1502/949/2781 1506/946/2781
f 962/1120/2782 1506/946/2782 968/945/2782
f 968/945/2783 1595/943/2783 971/1115/2783
f 1514/537/2784 1593/942/2784 1508/944/2784
f 1597/1114/115 1595/943/115 1596/941/115
f 1514/537/2785 1589/531/2785 1593/942/2785
f 1514/537/2786 1592/2368/2786 1589/531/2786
f 1597/1114/2787 1596/941/2787 1598/934/2787
f 1597/1114/2788 1598/934/2788 978/933/2788
f 977/1111/2789 978/932/2789 980/927/2789
f 977/1111/2790 980/927/2790 985/925/2790
f 977/1111/2791 985/925/2791 984/922/2791
f 323/2369/2792 983/921/2792 986/441/2792
f 323/2369/2793 986/441/2793 320/2370/2793
f 979/919/2794 977/1111/2794 984/922/2794
f 979/919/2795 975/917/2795 977/1111/2795
f 792/916/2796 973/1109/2796 975/917/2796
f 792/915/2797 791/913/2797 793/766/2797
f 336/909/2798 77/908/2798 791/913/2798
f 791/913/2799 77/908/2799 78/2371/2799
f 791/913/2800 78/2371/2800 794/767/2800
f 36/398/115 73/903/115 74/905/115
f 75/904/2801 72/902/2801 71/899/2801
f 72/902/2802 69/901/2802 71/899/2802
f 68/900/2803 66/392/2803 67/892/2803
f 79/814/2804 75/904/2804 71/899/2804
f 82/898/2805 67/892/2805 83/893/2805
f 62/382/2806 215/888/2806 64/891/2806
f 64/891/2807 60/2372/2807 62/382/2807
f 47/389/2808 60/2372/2808 64/891/2808
f 70/890/2809 216/889/2809 87/896/2809
f 87/896/2810 216/889/2810 217/2373/2810
f 87/896/2811 217/2373/2811 88/817/2811
f 217/2373/2812 218/2374/2812 88/817/2812
f 88/817/2813 218/2374/2813 94/820/2813
f 94/820/2814 218/2374/2814 133/2375/2814
f 218/2374/2815 155/2376/2815 133/2375/2815
f 153/2377/2816 133/2375/2816 155/2376/2816
f 156/2378/2817 153/2377/2817 155/2376/2817
f 162/886/2818 156/2378/2818 155/2376/2818
f 161/2379/2819 156/2378/2819 162/886/2819
f 157/838/2820 156/2378/2820 161/2379/2820
f 157/838/2821 154/2380/2821 156/2378/2821
f 154/2380/2822 153/2377/2822 156/2378/2822
f 154/2380/2823 148/833/2823 153/2377/2823
f 148/833/2824 133/2375/2824 153/2377/2824
f 217/2373/2825 155/2376/2825 218/2374/2825
f 217/2373/2826 216/889/2826 155/2376/2826
f 216/889/2827 162/886/2827 155/2376/2827
f 62/382/2828 214/887/2828 215/888/2828
f 212/380/2829 213/884/2829 214/887/2829
f 163/885/2830 161/2379/2830 162/886/2830
f 160/839/2831 161/2379/2831 163/885/2831
f 166/2381/2832 160/839/2832 163/885/2832
f 166/2381/2833 163/885/2833 168/883/2833
f 169/2382/2834 166/2381/2834 168/883/2834
f 167/2383/2835 166/2381/2835 169/2382/2835
f 167/2383/2836 169/2382/2836 171/2384/2836
f 167/2383/2837 171/2384/2837 170/2385/2837
f 152/843/2838 167/2383/2838 170/2385/2838
f 171/2384/2839 172/2386/2839 170/2385/2839
f 170/2385/2840 172/2386/2840 174/851/2840
f 174/851/2841 172/2386/2841 173/2387/2841
f 172/2386/2842 169/2382/2842 173/2387/2842
f 182/882/2843 173/2387/2843 169/2382/2843
f 173/2387/2844 182/882/2844 183/2388/2844
f 173/2387/2845 183/2388/2845 181/855/2845
f 181/855/2846 183/2388/2846 188/2389/2846
f 188/2389/2847 183/2388/2847 187/881/2847
f 195/2390/2848 188/2389/2848 187/881/2848
f 199/2391/2849 195/2390/2849 187/881/2849
f 196/873/2850 195/2390/2850 199/2391/2850
f 196/873/2851 193/862/2851 195/2390/2851
f 189/858/2852 195/2390/2852 193/862/2852
f 189/858/2853 188/2389/2853 195/2390/2853
f 171/2384/2854 169/2382/2854 172/2386/2854
f 167/2383/2855 164/841/2855 166/2381/2855
f 182/882/2856 169/2382/2856 168/883/2856
f 183/2388/2857 182/882/2857 187/881/2857
f 199/2391/2858 187/881/2858 203/879/2858
f 204/877/2859 199/2391/2859 203/879/2859
f 200/874/2860 199/2391/2860 204/877/2860
f 208/377/2861 205/372/2861 206/875/2861
f 207/876/2862 200/874/2862 204/877/2862
f 200/874/2863 196/873/2863 199/2391/2863
f 194/863/2864 193/862/2864 196/873/2864
f 193/862/2865 190/859/2865 189/858/2865
f 189/858/2866 181/855/2866 188/2389/2866
f 179/853/2867 173/2387/2867 181/855/2867
f 179/853/410 174/851/410 173/2387/410
f 175/846/2868 170/2385/2868 174/851/2868
f 152/843/2869 170/2385/2869 175/846/2869
f 150/2392/2870 144/844/2870 151/845/2870
f 150/848/2871 309/2393/2871 144/2394/2871
f 144/2394/2872 309/2393/2872 142/2395/2872
f 142/2396/2873 143/2397/2873 144/844/2873
f 143/2397/2874 145/835/2874 144/844/2874
f 143/2397/2875 139/831/2875 145/835/2875
f 143/2397/2876 140/2398/2876 139/831/2876
f 140/2398/2877 137/329/2877 139/831/2877
f 142/2396/2878 140/2398/2878 143/2397/2878
f 141/2399/2879 140/2398/2879 142/2396/2879
f 141/2400/2880 138/2401/2880 140/2402/2880
f 311/2403/2881 138/2401/2881 141/2400/2881
f 310/2404/2882 311/2403/2882 141/2400/2882
f 309/2393/2883 310/2404/2883 141/2400/2883
f 310/2404/2884 309/2393/2884 304/2405/2884
f 310/2404/2885 304/2405/2885 292/2406/2885
f 304/2405/2886 296/2407/2886 292/2406/2886
f 296/2407/2887 291/340/2887 292/2406/2887
f 295/2408/2888 291/340/2888 296/2407/2888
f 297/347/2889 295/2408/2889 296/2407/2889
f 303/350/2890 296/2407/2890 304/2405/2890
f 307/2409/2891 304/2405/2891 309/2393/2891
f 305/351/2892 304/2405/2892 307/2409/2892
f 310/2404/2893 292/2406/2893 311/2403/2893
f 311/2403/2894 292/2406/2894 138/2401/2894
f 292/2406/2895 293/2410/2895 138/2401/2895
f 338/334/2896 138/331/2896 293/2411/2896
f 292/2406/2897 287/339/2897 293/2410/2897
f 142/2395/2898 309/2393/2898 141/2400/2898
f 150/848/2899 307/2409/2899 309/2393/2899
f 308/353/2900 307/2409/2900 150/848/2900
f 165/842/2901 167/2383/2901 152/843/2901
f 165/842/2902 164/841/2902 167/2383/2902
f 164/841/2903 160/839/2903 166/2381/2903
f 157/838/2904 161/2379/2904 160/839/2904
f 147/834/2905 154/2380/2905 157/838/2905
f 149/836/2906 158/837/2906 159/840/2906
f 144/844/2907 145/835/2907 149/836/2907
f 154/2380/2908 147/834/2908 148/833/2908
f 148/833/2909 135/830/2909 133/2375/2909
f 145/835/2875 139/831/2875 146/832/2875
f 135/830/2910 132/828/2910 133/2375/2910
f 132/828/2911 114/827/2911 133/2375/2911
f 133/2375/2912 114/827/2912 94/820/2912
f 105/824/2913 110/826/2913 113/291/2913
f 92/819/2914 103/822/2914 95/809/2914
f 104/823/2915 96/821/2915 94/820/2915
f 93/818/2916 88/817/2916 94/820/2916
f 85/815/2917 87/896/2917 88/817/2917
f 79/814/2918 84/897/2918 85/815/2918
f 76/813/2919 75/904/2919 79/814/2919
f 77/906/2920 76/813/2920 78/812/2920
f 80/811/2921 89/816/2921 90/810/2921
f 90/810/2922 92/819/2922 95/809/2922
f 106/807/2923 95/809/2923 107/806/2923
f 97/803/2924 91/808/2924 99/805/2924
f 97/803/2925 81/802/2925 91/808/2925
f 794/767/2926 78/2371/2926 81/801/2926
f 98/798/2927 100/804/2927 101/794/2927
f 102/797/2928 773/796/2928 775/2306/2928
f 102/797/2929 775/2306/2929 776/2412/2929
f 773/796/2930 771/795/2930 774/2304/2930
f 100/804/2931 721/793/2931 101/794/2931
f 723/792/2932 767/791/2932 771/795/2932
f 728/789/2933 766/1691/2933 767/791/2933
f 721/793/2934 726/788/2934 725/790/2934
f 721/793/2935 722/286/2935 726/788/2935
f 747/787/2936 753/1687/2936 728/789/2936
f 747/787/2937 748/786/2937 753/1687/2937
f 748/786/2938 744/784/2938 751/1685/2938
f 727/285/2939 743/782/2939 746/785/2939
f 744/784/2940 742/783/2940 745/1686/2940
f 741/781/2941 740/1708/2941 742/783/2941
f 741/781/2942 737/779/2942 740/1708/2942
f 737/779/2943 735/778/2943 738/1709/2943
f 775/2306/2944 735/2307/2944 776/2412/2944
f 797/770/115 102/800/115 776/774/115
f 794/767/2945 102/800/2945 797/770/2945
f 791/913/2946 794/767/2946 793/766/2946
f 939/761/2947 795/765/2947 796/2413/2947
f 946/763/2948 969/1105/2948 793/764/2948
f 946/763/2949 942/762/2949 945/754/2949
f 942/762/2950 940/759/2950 945/754/2950
f 939/761/2951 796/2413/2951 800/760/2951
f 945/754/2952 940/759/2952 943/756/2952
f 941/758/2953 800/760/2953 532/757/2953
f 945/754/2954 943/756/2954 947/755/2954
f 946/763/2955 945/754/2955 949/753/2955
f 954/752/2956 957/1098/2956 949/753/2956
f 952/750/2957 955/1094/2957 954/752/2957
f 952/750/2958 951/749/2958 953/1095/2958
f 948/751/2959 944/748/2959 950/747/2959
f 951/746/2960 1150/745/2960 1151/1086/2960
f 944/743/2961 532/2414/2961 530/744/2961
f 1150/742/2962 1187/740/2962 1188/1060/2962
f 1187/740/2963 525/739/2963 522/1057/2963
f 527/1053/2964 525/738/2964 529/736/2964
f 527/1053/2965 529/736/2965 528/663/2965
f 528/663/2966 529/736/2966 533/732/2966
f 531/727/2967 530/737/2967 532/728/2967
f 800/772/2968 567/720/2968 532/725/2968
f 566/718/2969 540/734/2969 534/723/2969
f 798/771/2970 570/721/2970 567/720/2970
f 564/735/2971 566/718/2971 568/717/2971
f 564/735/2972 568/717/2972 565/677/2972
f 573/679/2973 572/714/2973 577/713/2973
f 583/693/2974 580/711/2974 582/708/2974
f 555/688/2975 580/711/2975 583/693/2975
f 550/162/2976 554/686/2976 379/689/2976
f 556/687/2977 580/711/2977 555/688/2977
f 556/687/2978 553/684/2978 558/682/2978
f 558/682/2979 576/681/2979 578/712/2979
f 573/679/2980 577/713/2980 576/681/2980
f 573/679/2981 571/678/2981 572/714/2981
f 565/677/2982 568/717/2982 571/678/2982
f 565/677/2983 563/676/2983 564/735/2983
f 560/680/2984 559/673/2984 562/675/2984
f 561/674/2985 547/670/2985 563/676/2985
f 557/683/2986 552/672/2986 559/673/2986
f 551/685/2987 548/671/2987 552/672/2987
f 546/160/2988 548/671/2988 551/685/2988
f 546/160/2989 545/668/2989 548/671/2989
f 547/670/2990 544/669/2990 543/733/2990
f 541/666/2991 544/669/2991 542/667/2991
f 541/666/2992 538/665/2992 535/664/2992
f 528/663/2993 533/732/2993 535/664/2993
f 528/663/2994 526/662/2994 527/1053/2994
f 484/1049/2995 526/662/2995 476/659/2995
f 470/143/2996 473/657/2996 474/660/2996
f 476/659/2997 479/658/2997 481/1065/2997
f 481/1065/2998 479/658/2998 480/2415/2998
f 481/1065/2999 480/2415/2999 483/651/2999
f 479/658/3000 477/656/3000 480/2415/3000
f 480/2415/3001 477/656/3001 482/652/3001
f 483/651/3002 480/2415/3002 482/652/3002
f 481/1065/3003 483/651/3003 486/650/3003
f 486/650/3004 492/649/3004 493/1041/3004
f 491/1080/3005 1281/1033/3005 492/1079/3005
f 487/653/3006 489/646/3006 485/645/3006
f 490/644/3007 1276/642/3007 491/1080/3007
f 1279/113/3008 1277/640/3008 489/643/3008
f 1273/641/3009 1274/1030/3009 1276/642/3009
f 1268/639/3010 1269/1028/3010 1273/641/3010
f 1268/638/3011 1440/637/3011 1441/1024/3011
f 1635/1021/3012 1440/635/3012 1637/632/3012
f 1292/616/3013 1295/613/3013 1293/629/3013
f 1684/2416/3014 1685/2417/3014 449/100/3014
f 1756/622/3015 449/2418/3015 1685/2419/3015
f 1730/615/569 1295/613/569 1292/616/569
f 1293/629/3016 1295/613/3016 1297/611/3016
f 1298/610/3017 1293/629/3017 1297/611/3017
f 1299/631/3018 1298/610/3018 1300/607/3018
f 1638/601/3019 1637/632/3019 1299/602/3019
f 1636/1018/3020 1638/601/3020 1641/598/3020
f 1642/1019/3021 1641/598/3021 1640/597/3021
f 1632/595/3022 1640/597/3022 1643/596/3022
f 1259/594/3023 1629/1015/3023 1632/595/3023
f 1259/594/3024 1656/592/3024 1201/2420/3024
f 1656/592/3025 1202/591/3025 1201/2420/3025
f 1204/987/3026 1202/1006/3026 1205/988/3026
f 1644/587/3027 1655/590/3027 1633/593/3027
f 1555/981/3028 1205/986/3028 1557/978/3028
f 1557/588/3029 1650/585/3029 1651/582/3029
f 1647/600/3030 1645/586/3030 1644/587/3030
f 1653/583/3031 1650/585/3031 1654/584/3031
f 1651/582/3032 1650/585/3032 1653/583/3032
f 1652/980/3033 1651/582/3033 1649/581/3033
f 1645/586/3034 1639/580/3034 1648/579/3034
f 1639/578/3035 1658/603/3035 1659/575/3035
f 1649/577/3036 1664/576/3036 1665/974/3036
f 1664/576/3037 1663/574/3037 1578/970/3037
f 1663/574/3038 1661/572/3038 1579/2367/3038
f 1659/575/3039 1660/571/3039 1662/573/3039
f 1661/572/3040 1584/570/3040 1579/2367/3040
f 1660/571/3041 1303/606/3041 1304/569/3041
f 1583/568/3042 1579/2367/3042 1584/570/3042
f 1307/567/3043 1579/2367/3043 1583/568/3043
f 1582/551/3044 1579/2367/3044 1307/567/3044
f 1304/566/3045 1302/608/3045 1306/562/3045
f 1306/562/3046 1302/608/3046 1305/561/3046
f 1301/612/3047 1288/558/3047 1305/561/3047
f 1301/612/3048 1289/89/3048 1288/558/3048
f 1289/89/3049 1286/86/3049 1288/558/3049
f 1286/86/3050 1287/559/3050 1288/558/3050
f 1309/563/3051 1290/560/3051 1310/2421/3051
f 1311/2422/3052 1309/563/3052 1310/2421/3052
f 1308/564/3053 1309/563/3053 1311/2422/3053
f 1582/551/3054 1307/567/3054 1308/553/3054
f 1582/551/3055 1577/549/3055 1579/2367/3055
f 1526/548/3056 1576/2366/3056 1577/549/3056
f 1524/547/3057 1570/964/3057 1526/548/3057
f 1524/547/3058 1522/546/3058 1523/958/3058
f 1522/546/3059 1515/544/3059 1501/953/3059
f 1515/544/3060 1511/542/3060 1504/951/3060
f 1507/541/3061 1504/951/3061 1511/542/3061
f 1505/948/3062 1507/541/3062 1510/540/3062
f 1509/947/3063 1510/540/3063 1513/539/3063
f 1508/944/3064 1513/539/3064 1514/537/3064
f 1512/538/115 1516/543/115 1517/536/115
f 1520/533/3065 1592/2368/3065 1514/537/3065
f 1517/536/3066 1516/543/3066 1519/535/3066
f 1519/535/3067 1518/545/3067 1521/534/3067
f 1521/534/3068 1580/550/3068 1581/532/3068
f 1520/533/3069 1589/531/3069 1592/2368/3069
f 1588/530/3070 1581/532/3070 1585/552/3070
f 1594/940/3071 1589/531/3071 1590/529/3071
f 1588/530/3072 1585/552/3072 1587/528/3072
f 1602/939/3073 1590/529/3073 1591/523/3073
f 1587/528/3074 1586/554/3074 1287/527/3074
f 1603/938/3075 1591/523/3075 1605/515/3075
f 1735/522/3076 1732/516/3076 1605/515/3076
f 1606/512/3077 1603/938/3077 1605/515/3077
f 1604/511/3078 1603/938/3078 1606/512/3078
f 1723/937/927 1604/511/927 1724/510/927
f 1750/519/469 219/506/469 1748/505/469
f 26/503/3079 219/502/3079 221/67/3079
f 1753/2423/3080 1749/508/3080 24/507/3080
f 1723/937/3081 1725/470/3081 1600/469/3081
f 1600/469/3082 1607/468/3082 981/929/3082
f 1719/931/920 1607/468/920 1722/467/920
f 1696/463/412 23/473/412 1/464/412
f 1719/931/3083 1720/2424/3083 982/930/3083
f 987/926/3084 982/455/3084 989/451/3084
f 1716/450/3085 992/446/3085 989/451/3085
f 1716/450/3086 1718/447/3086 992/446/3086
f 991/443/3087 988/924/3087 992/446/3087
f 990/923/3088 991/443/3088 986/441/3088
f 986/441/3089 993/437/3089 320/2370/3089
f 1681/436/394 320/2370/394 993/437/394
f 1681/2425/3090 1680/2426/3090 320/2427/3090
f 1678/2428/3091 320/2427/3091 1680/2426/3091
f 1678/2428/3092 1679/2429/3092 321/2430/3092
f 1679/2429/3093 1708/2431/3093 321/2430/3093
f 1707/2432/3094 321/2430/3094 1708/2431/3094
f 1707/2432/3095 1705/2433/3095 326/2434/3095
f 1704/2435/3096 326/2434/3096 1705/2433/3096
f 1704/2435/3097 1706/2436/3097 325/2437/3097
f 1706/2436/3098 1703/2438/3098 325/2437/3098
f 1702/2439/3099 325/2437/3099 1703/2438/3099
f 1702/2439/3099 20/2440/3099 325/2437/3099
f 329/411/3100 325/2437/3100 20/2440/3100
f 1704/2435/3101 325/2437/3101 326/2434/3101
f 328/409/3102 326/2434/3102 325/2437/3102
f 1701/2441/3103 20/417/3103 1702/2442/3103
f 1701/2441/3104 1677/2443/3104 22/418/3104
f 1677/2443/3105 1676/2444/3105 22/418/3105
f 1675/2445/3106 22/418/3106 1676/2444/3106
f 1707/2432/3094 326/2434/3094 321/2430/3094
f 327/408/3107 321/2430/3107 326/2434/3107
f 1675/2445/3108 1674/2446/3108 21/419/3108
f 1672/2447/3109 21/419/3109 1674/2446/3109
f 1678/2428/3091 321/2430/3091 320/2427/3091
f 320/2427/3110 321/2430/3110 322/407/3110
f 1672/2447/3111 1673/435/3111 17/421/3111
f 1669/434/3112 1670/432/3112 4/430/3112
f 1757/431/3113 1700/449/3113 3/429/3113
f 5/428/3114 12/422/3114 4/430/3114
f 1699/448/3115 2/427/3115 3/429/3115
f 6/426/3116 2/427/3116 1/459/3116
f 6/426/3117 8/481/3117 10/424/3117
f 5/428/3118 9/425/3118 12/422/3118
f 10/424/3119 11/486/3119 13/423/3119
f 13/423/3120 14/488/3120 15/420/3120
f 15/420/3121 14/488/3121 16/415/3121
f 34/400/3122 16/413/3122 14/2448/3122
f 4/430/3123 12/422/3123 17/421/3123
f 1672/2447/3109 17/421/3109 21/419/3109
f 1675/2445/3124 21/419/3124 22/418/3124
f 1701/2441/3103 22/418/3103 20/417/3103
f 15/420/3125 16/415/3125 18/414/3125
f 329/411/3126 20/2440/3126 19/412/3126
f 325/2437/3127 329/411/3127 328/409/3127
f 327/408/3128 326/2434/3128 328/409/3128
f 327/408/3129 322/407/3129 321/2430/3129
f 320/2427/3130 322/407/3130 323/406/3130
f 333/920/3131 983/921/3131 323/2369/3131
f 330/410/3132 332/402/3132 324/405/3132
f 333/404/3133 334/403/3133 335/912/3133
f 334/403/3134 36/401/3134 74/910/3134
f 330/410/3135 331/399/3135 332/402/3135
f 331/399/3136 16/413/3136 34/400/3136
f 35/396/115 73/903/115 36/398/115
f 14/487/3137 33/395/3137 34/397/3137
f 42/393/3138 68/900/3138 35/396/3138
f 37/489/115 41/394/115 33/395/115
f 42/393/3139 66/392/3139 68/900/3139
f 66/392/3140 65/391/3140 67/892/3140
f 47/389/3141 64/891/3141 65/391/3141
f 44/390/3142 41/394/3142 43/388/3142
f 50/386/3143 60/2372/3143 47/389/3143
f 43/388/3144 31/493/3144 45/387/3144
f 45/387/3145 48/498/3145 51/385/3145
f 50/386/3146 59/383/3146 60/2372/3146
f 60/2372/3147 59/383/3147 62/382/3147
f 212/380/3148 214/887/3148 62/382/3148
f 211/379/3149 213/884/3149 212/380/3149
f 210/378/3150 184/880/3150 211/379/3150
f 208/377/3151 209/878/3151 210/378/3151
f 61/381/3152 57/375/3152 63/376/3152
f 51/385/3153 52/374/3153 57/375/3153
f 52/374/3154 49/499/3154 53/368/3154
f 56/373/3155 205/372/3155 208/377/3155
f 202/371/3156 206/875/3156 205/372/3156
f 55/370/3157 197/867/3157 202/371/3157
f 53/368/3158 49/499/3158 54/369/3158
f 55/367/3159 318/365/3159 201/869/3159
f 317/364/3160 319/872/3160 318/365/3160
f 317/364/3161 316/363/3161 198/866/3161
f 316/363/3162 315/360/3162 198/866/3162
f 315/360/3163 191/359/3163 192/864/3163
f 191/359/3164 186/358/3164 185/2449/3164
f 186/358/3165 178/356/3165 180/2450/3165
f 313/362/3166 312/355/3166 314/357/3166
f 178/356/3167 176/354/3167 177/2451/3167
f 306/352/3168 312/355/3168 313/362/3168
f 176/354/3169 308/353/3169 150/848/3169
f 305/351/3170 307/2409/3170 308/353/3170
f 305/351/3171 303/350/3171 304/2405/3171
f 303/350/3172 299/348/3172 296/2407/3172
f 297/347/3173 296/2407/3173 299/348/3173
f 294/345/3174 295/2408/3174 297/347/3174
f 290/341/3175 295/2408/3175 294/345/3175
f 254/37/3176 298/346/3176 250/49/3176
f 273/344/3177 285/2452/3177 288/342/3177
f 272/2453/3178 285/2452/3178 273/344/3178
f 266/36/3179 272/2453/3179 273/344/3179
f 272/2453/3180 266/36/3180 267/2454/3180
f 272/2453/3181 267/2454/3181 268/2455/3181
f 272/2453/3182 268/2455/3182 274/2456/3182
f 268/2455/3183 275/2457/3183 274/2456/3183
f 275/2457/3184 277/2458/3184 274/2456/3184
f 274/2456/3185 277/2458/3185 279/2459/3185
f 274/2456/3186 279/2459/3186 283/2460/3186
f 274/2456/3187 283/2460/3187 285/2452/3187
f 283/2460/3188 286/337/3188 285/2452/3188
f 283/2460/3189 279/2459/3189 284/338/3189
f 341/323/3190 284/336/3190 279/2461/3190
f 125/312/3191 341/323/3191 279/2461/3191
f 125/312/3192 279/2461/3192 342/2462/3192
f 342/2462/3193 279/2461/3193 277/2463/3193
f 342/2462/3194 277/2463/3194 280/2464/3194
f 343/311/3195 342/2462/3195 280/2464/3195
f 277/2458/3196 278/2465/3196 280/2466/3196
f 278/2465/3197 281/2467/3197 280/2466/3197
f 280/2466/3198 281/2467/3198 282/2468/3198
f 344/309/3199 280/2464/3199 282/2469/3199
f 344/309/3200 282/2469/3200 346/2470/3200
f 346/2470/3201 282/2469/3201 347/2471/3201
f 346/2470/3202 347/2471/3202 348/302/3202
f 347/2472/3203 668/2473/3203 348/2474/3203
f 348/2474/3204 668/2473/3204 370/244/3204
f 370/2475/3205 717/232/3205 348/303/3205
f 347/2472/3206 666/2476/3206 668/2473/3206
f 668/2473/3207 666/2476/3207 665/26/3207
f 668/2473/3208 665/26/3208 669/245/3208
f 666/2476/3209 663/2477/3209 665/26/3209
f 264/2478/3210 663/2477/3210 666/2476/3210
f 260/29/3211 663/2477/3211 264/2478/3211
f 263/2479/3212 260/32/3212 264/2480/3212
f 281/2467/3213 263/2479/3213 264/2480/3213
f 264/2478/3214 666/2476/3214 347/2472/3214
f 347/2471/3215 282/2469/3215 264/2481/3215
f 282/2468/3216 281/2467/3216 264/2480/3216
f 278/2465/3217 263/2479/3217 281/2467/3217
f 278/2465/3218 271/2482/3218 263/2479/3218
f 269/2483/3219 263/2479/3219 271/2482/3219
f 269/2483/3220 271/2482/3220 270/2484/3220
f 265/2485/3221 269/2483/3221 270/2484/3221
f 265/2485/3222 270/2484/3222 268/2455/3222
f 261/34/3223 265/2485/3223 268/2455/3223
f 265/2485/3224 262/33/3224 269/2483/3224
f 276/2486/3225 270/2484/3225 271/2482/3225
f 275/2457/3226 270/2484/3226 276/2486/3226
f 269/2483/3227 262/33/3227 263/2479/3227
f 276/2486/3228 271/2482/3228 278/2465/3228
f 276/2486/3229 278/2465/3229 277/2458/3229
f 275/2457/3230 276/2486/3230 277/2458/3230
f 275/2457/3231 268/2455/3231 270/2484/3231
f 261/34/3232 268/2455/3232 267/2454/3232
f 274/2456/3233 285/2452/3233 272/2453/3233
f 294/345/3234 289/343/3234 290/341/3234
f 288/342/3235 285/2452/3235 286/337/3235
f 290/341/3236 291/340/3236 295/2408/3236
f 291/340/3237 287/339/3237 292/2406/3237
f 283/2460/3238 284/338/3238 286/337/3238
f 338/334/3239 293/2411/3239 287/335/3239
f 337/332/3240 138/331/3240 338/334/3240
f 138/330/3241 137/329/3241 140/2398/3241
f 136/328/3242 139/831/3242 137/329/3242
f 130/326/3243 134/829/3243 136/328/3243
f 131/325/3244 339/333/3244 340/324/3244
f 340/324/3245 284/336/3245 341/323/3245
f 129/321/3246 127/319/3246 130/326/3246
f 128/317/3247 341/323/3247 125/312/3247
f 126/316/3248 123/315/3248 127/319/3248
f 119/294/3249 123/315/3249 124/2487/3249
f 125/312/3250 342/2462/3250 343/311/3250
f 343/311/3251 280/2464/3251 344/309/3251
f 344/309/3252 346/2470/3252 349/308/3252
f 349/308/3253 346/2470/3253 348/302/3253
f 345/298/3254 350/301/3254 353/299/3254
f 124/310/3255 345/298/3255 120/296/3255
f 120/296/3256 119/2488/3256 124/310/3256
f 119/294/3257 115/293/3257 123/315/3257
f 113/291/3258 110/826/3258 115/293/3258
f 105/824/3259 113/291/3259 112/290/3259
f 108/825/3260 112/290/3260 111/289/3260
f 107/806/3261 111/289/3261 109/288/3261
f 721/793/3262 109/288/3262 722/286/3262
f 726/788/3263 722/286/3263 727/285/3263
f 733/284/3264 743/782/3264 727/285/3264
f 733/284/3265 731/281/3265 736/780/3265
f 724/283/3266 116/287/3266 729/282/3266
f 731/281/3267 732/280/3267 734/777/3267
f 799/773/3268 732/776/3268 570/721/3268
f 570/279/3269 574/278/3269 569/2489/3269
f 579/274/3270 575/709/3270 574/715/3270
f 729/282/3271 117/270/3271 730/276/3271
f 122/273/3272 585/707/3272 579/274/3272
f 118/292/3273 121/271/3273 117/270/3273
f 352/297/3274 356/266/3274 121/268/3274
f 122/269/3275 357/267/3275 358/265/3275
f 356/266/3276 355/300/3276 360/264/3276
f 359/706/3277 358/265/3277 361/263/3277
f 360/264/3278 355/300/3278 363/261/3278
f 362/698/3279 361/263/3279 364/262/3279
f 674/259/3280 675/20/3280 364/260/3280
f 363/261/3281 354/256/3281 366/257/3281
f 671/247/3282 672/21/3282 367/248/3282
f 671/247/3283 669/245/3283 667/23/3283
f 668/2473/3284 669/245/3284 370/244/3284
f 718/234/3285 370/2475/3285 351/305/3285
f 368/239/3286 354/256/3286 351/240/3286
f 368/238/3287 718/237/3287 719/254/3287
f 371/252/3288 686/236/3288 369/235/3288
f 718/234/3289 717/232/3289 370/2475/3289
f 348/303/3290 717/232/3290 689/231/3290
f 686/230/3291 684/213/3291 688/229/3291
f 688/229/3292 684/213/3292 687/2490/3292
f 684/213/3293 677/2491/3293 687/2490/3293
f 687/2490/3294 677/2491/3294 682/2492/3294
f 690/218/3295 687/2490/3295 682/2492/3295
f 677/2491/3296 679/2493/3296 682/2492/3296
f 694/2494/3297 682/2492/3297 679/2493/3297
f 694/2494/3298 679/2493/3298 695/2495/3298
f 696/2496/3299 694/2494/3299 695/2495/3299
f 697/2497/3300 696/2496/3300 695/2495/3300
f 695/2498/3301 790/2499/3301 697/2500/3301
f 697/2500/3302 790/2499/3302 787/2501/3302
f 697/2500/3303 787/2501/3303 693/2502/3303
f 787/2503/3304 400/2504/3304 693/2505/3304
f 695/2498/3305 787/2501/3305 790/2499/3305
f 695/2498/3306 784/2506/3306 787/2501/3306
f 695/2498/3307 788/2507/3307 784/2506/3307
f 788/2507/3308 778/2508/3308 784/2506/3308
f 778/2508/3309 788/2507/3309 681/2509/3309
f 681/2509/3310 788/2507/3310 678/2510/3310
f 678/2511/3311 677/2491/3311 681/212/3311
f 678/2510/3312 788/2507/3312 680/2512/3312
f 679/2493/3313 678/2511/3313 680/2513/3313
f 680/2512/3314 789/2514/3314 679/2515/3314
f 680/2512/3315 788/2507/3315 789/2514/3315
f 695/2498/3316 789/2514/3316 788/2507/3316
f 693/2516/3317 696/2496/3317 697/2497/3317
f 693/2516/3318 694/2494/3318 696/2496/3318
f 679/2515/3319 789/2514/3319 695/2498/3319
f 693/2516/3320 682/2492/3320 694/2494/3320
f 683/219/3321 682/2492/3321 693/2516/3321
f 677/2491/3322 678/2511/3322 679/2493/3322
f 688/229/3323 687/2490/3323 690/218/3323
f 720/224/3324 689/306/3324 691/225/3324
f 692/221/3325 719/254/3325 720/222/3325
f 690/218/3326 682/2492/3326 683/219/3326
f 685/215/3327 686/236/3327 692/216/3327
f 685/214/3328 684/213/3328 686/230/3328
f 684/213/3329 681/212/3329 677/2491/3329
f 683/219/3330 693/2516/3330 400/2517/3330
f 777/207/3331 778/204/3331 681/208/3331
f 778/204/3332 777/207/3332 779/205/3332
f 778/204/3333 783/203/3333 784/200/3333
f 781/202/3334 782/196/3334 785/201/3334
f 784/200/3335 401/198/3335 787/2503/3335
f 785/201/3336 782/196/3336 786/199/3336
f 780/206/3337 403/197/3337 782/196/3337
f 787/2503/3338 401/198/3338 400/2504/3338
f 387/190/3339 403/195/3339 400/2518/3339
f 387/190/3340 404/182/3340 403/195/3340
f 377/702/3341 381/187/3341 382/188/3341
f 381/187/3342 374/701/3342 386/186/3342
f 386/186/3343 391/704/3343 394/185/3343
f 394/185/3344 391/704/3344 393/176/3344
f 396/180/3345 394/185/3345 393/176/3345
f 395/184/3346 394/185/3346 396/180/3346
f 384/183/3347 404/182/3347 387/190/3347
f 404/182/3348 402/181/3348 403/195/3348
f 398/179/3349 399/191/3349 402/181/3349
f 398/179/3350 385/178/3350 399/191/3350
f 392/175/3351 382/2519/3351 385/178/3351
f 393/176/3352 397/177/3352 396/180/3352
f 391/704/3353 390/173/3353 393/176/3353
f 392/175/3354 377/174/3354 382/2519/3354
f 389/172/3355 365/696/3355 377/174/3355
f 383/703/3356 388/171/3356 390/173/3356
f 389/172/3357 378/170/3357 380/692/3357
f 375/167/3358 388/171/3358 383/703/3358
f 378/170/3359 376/169/3359 379/691/3359
f 372/700/3360 373/168/3360 375/167/3360
f 376/165/3361 550/164/3361 379/2520/3361
f 550/162/3362 549/161/3362 554/686/3362
f 546/160/3363 551/685/3363 549/161/3363
f 463/159/3364 545/668/3364 546/160/3364
f 229/9/3365 455/154/3365 456/156/3365
f 458/146/3366 468/145/3366 463/159/3366
f 470/143/3367 475/661/3367 468/145/3367
f 462/144/3368 466/149/3368 469/142/3368
f 470/143/3369 471/141/3369 473/657/3369
f 469/142/3370 466/149/3370 467/139/3370
f 473/657/3371 471/141/3371 472/140/3371
f 466/149/3372 452/138/3372 467/139/3372
f 446/153/3373 447/137/3373 452/138/3373
f 444/4/3374 447/137/3374 446/153/3374
f 478/135/3375 472/140/3375 454/136/3375
f 494/122/3376 498/134/3376 499/130/3376
f 504/119/1860 499/130/1860 500/121/1860
f 505/2521/3377 504/133/3377 506/131/3377
f 451/118/3378 505/2521/3378 506/131/3378
f 501/128/3379 502/2522/3379 478/135/3379
f 502/2522/3380 499/130/3380 478/135/3380
f 499/130/3380 497/2523/3380 478/135/3380
f 497/2523/3381 494/122/3381 478/135/3381
f 503/2524/3382 500/123/3382 451/118/3382
f 504/133/3383 503/2524/3383 451/118/3383
f 495/116/3384 494/122/3384 496/117/3384
f 495/114/3385 1279/113/3385 489/643/3385
f 1278/112/3386 1277/640/3386 1279/113/3386
f 1278/111/3387 1294/110/3387 1439/636/3387
f 1438/109/3388 1291/627/3388 1294/110/3388
f 1437/107/3389 1291/627/3389 1438/109/3389
f 1754/624/3390 1437/107/3390 450/106/3390
f 1280/103/3391 451/115/3391 448/104/3391
f 1756/622/3392 450/106/3392 449/2418/3392
f 447/137/3393 445/3/3393 448/101/3393
f 1686/99/3394 1684/2416/3394 449/100/3394
f 1743/614/3395 1741/93/3395 1296/92/3395
f 1296/92/3396 1289/89/3396 1301/612/3396
f 1744/88/79 1286/86/79 1289/89/79
f 1744/88/3397 1745/87/3397 1286/86/3397
f 1286/86/3398 1285/85/3398 1287/559/3398
f 1737/524/3399 1285/82/3399 1738/81/3399
f 1763/2525/3400 1691/79/3400 227/75/3400
f 1690/78/3401 1692/96/3401 439/77/3401
f 1763/525/3402 227/74/3402 226/73/3402
f 1761/520/470 226/73/470 220/70/470
f 219/506/3403 220/70/3403 221/69/3403
f 26/503/3404 221/67/3404 29/66/3404
f 29/66/3405 238/64/3405 239/63/3405
f 54/366/3406 239/63/3406 241/62/3406
f 245/60/3407 240/61/3407 237/65/3407
f 245/60/3408 237/65/3408 244/47/3408
f 241/62/3409 246/59/3409 249/58/3409
f 249/58/3410 255/56/3410 257/361/3410
f 257/361/3411 255/56/3411 256/54/3411
f 248/57/3412 252/51/3412 253/55/3412
f 301/53/3413 306/352/3413 256/54/3413
f 300/52/3414 302/349/3414 301/53/3414
f 250/49/3415 298/346/3415 300/52/3415
f 248/57/3416 251/50/3416 252/51/3416
f 248/57/3417 247/48/3417 251/50/3417
f 250/49/3418 243/44/3418 254/37/3418
f 245/60/3419 244/47/3419 247/48/3419
f 237/65/3420 242/46/3420 244/47/3420
f 242/46/3421 222/68/3421 225/45/3421
f 225/43/3422 228/10/3422 230/40/3422
f 254/37/3423 243/44/3423 231/38/3423
f 266/36/3424 273/344/3424 254/37/3424
f 266/36/3425 261/34/3425 267/2454/3425
f 261/34/3426 262/33/3426 265/2485/3426
f 262/33/3427 260/32/3427 263/2479/3427
f 258/35/3428 232/31/3428 259/30/3428
f 260/29/3429 662/27/3429 663/2477/3429
f 663/2477/3430 662/27/3430 665/26/3430
f 669/245/3431 665/26/3431 667/23/3431
f 664/25/3432 232/28/3432 233/24/3432
f 671/247/3433 667/23/3433 672/21/3433
f 674/259/3434 672/21/3434 675/20/3434
f 675/20/3435 676/19/3435 373/166/3435
f 676/19/3436 235/18/3436 457/163/3436
f 670/22/3437 236/17/3437 673/16/3437
f 233/42/3438 234/13/3438 236/15/3438
f 229/9/3439 456/156/3439 235/158/3439
f 230/40/3440 228/10/3440 234/13/3440
f 228/10/3441 225/43/3441 224/11/3441
f 441/6/3442 455/154/3442 229/9/3442
f 223/76/3443 440/7/3443 224/8/3443
f 440/7/3444 439/77/3444 442/5/3444
f 441/6/3445 444/4/3445 446/153/3445
f 439/77/3446 443/2/3446 442/5/3446
f 444/4/3447 445/3/3447 447/137/3447
f 1688/97/84 445/3/84 443/2/84
