# Blender 5.2.1 LTS
# www.blender.org
mtllib fane+arch-col.mtl
o Object.1
v -1.169287 -0.940372 -0.033369
v -1.163310 -0.931407 0.006475
v -1.158330 -0.948340 -0.082178
v -1.162314 -0.934395 -0.064248
v -1.150361 -0.931407 -0.107080
v -1.135420 -0.926426 -0.154893
v -1.113506 -0.953321 -0.215654
v -1.080634 -0.949336 -0.301318
v -1.065693 -0.948340 -0.324229
v -1.096572 -0.944356 -0.261475
v -1.081631 -0.928418 -0.299326
v -1.117490 -0.935391 -0.201709
v -1.102549 -0.929414 -0.235576
v -1.154345 -0.929414 0.035361
v -1.140400 -0.927422 0.071221
v -1.133428 -0.926426 0.109072
v -1.139404 -0.931407 0.097119
v -1.160322 -0.961290 0.050303
v -1.132431 -0.929414 0.120029
v -1.109521 -0.926426 0.203701
v -1.103545 -0.957305 0.262471
v -1.045771 -0.947344 -0.342158
v -0.950146 -0.945352 -0.414873
v -1.010908 -0.947344 -0.370049
v -1.069677 -0.940372 0.276416
v -1.019873 -0.952325 0.336182
v -0.975048 -0.927422 0.350127
v -0.999951 -0.950333 0.350127
v -0.976045 -0.930411 0.364073
v -0.950146 -0.953321 0.412881
v -0.965087 -0.955313 0.395947
v -0.947158 -0.946348 0.409893
v -0.966084 -0.948340 0.387979
v -0.943173 -0.945352 0.397940
v -0.925244 -0.935391 0.407901
v -0.949150 -0.930411 0.387979
v -0.921259 -0.926426 0.399932
v -0.904326 -0.948340 0.441768
v -0.891377 -0.945352 0.448741
v -0.823642 -0.959297 0.492569
v -0.824638 -0.932403 0.487588
v -0.765869 -0.929414 0.522452
v -0.661279 -0.953321 0.564287
v -0.604501 -0.932403 0.584209
v -0.639365 -0.930411 0.573252
v -0.865478 -0.927422 0.445752
v -0.859502 -0.932403 0.463682
v -0.815673 -0.927422 0.489580
v -0.734990 -0.927422 0.533409
v -0.734990 -0.931407 0.539385
v -0.712080 -0.927422 0.545362
v -0.701123 -0.928418 0.551338
v -0.681201 -0.926426 0.555323
v -0.666259 -0.930411 0.563291
v -0.649326 -0.928418 0.569268
v -0.664267 -0.926426 0.561299
v -0.861494 -0.944356 -0.475635
v -0.809697 -0.939376 -0.512490
v -0.742958 -0.946348 -0.553330
v -0.658291 -0.939376 -0.604131
v -0.600517 -0.933399 -0.637998
v -0.545732 -0.946348 -0.667881
v -0.494931 -0.944356 -0.694776
v -0.428193 -0.952325 -0.725655
v -0.593544 -0.926426 0.586202
v -0.575615 -0.927422 0.594170
v -0.562665 -0.950333 0.597159
v -0.557685 -0.927422 0.600147
v -0.531787 -0.929414 0.608116
v -0.502900 -0.929414 0.617080
v -0.419228 -0.927422 0.639991
v -0.464052 -0.930411 0.629034
v -0.406279 -0.933399 0.643975
v -0.383368 -0.926426 0.647959
v -0.366435 -0.934395 0.652940
v -0.361454 -0.926426 0.652940
v -0.312646 -0.933399 0.664893
v -0.301689 -0.926426 0.663897
v -0.274794 -0.931407 0.672862
v -0.244911 -0.935391 0.678838
v -0.193115 -0.936387 0.689795
v -0.236943 -0.926426 0.678838
v -0.218017 -0.929414 0.684815
v -0.189130 -0.928418 0.689795
v -0.117411 -0.940371 0.707725
v -0.160243 -0.928418 0.697764
v -0.048681 -0.948340 0.722667
v -0.098485 -0.930411 0.711709
v -0.133349 -0.927422 0.701748
v -0.367431 -0.946348 -0.749561
v -0.134345 -0.953321 -0.782432
v -0.070595 -0.960293 -0.775459
v 0.045948 -0.962286 -0.750557
v -0.008837 -0.961290 -0.764502
v 0.047940 -0.948340 -0.749561
v 0.046944 -0.930411 -0.750557
v 0.131612 -0.934395 -0.725655
v 0.141573 -0.951329 -0.721670
v 0.214288 -0.927422 -0.695772
v 0.282023 -0.928419 -0.671866
v 0.008097 -0.931407 0.735616
v 0.071847 -0.957305 0.746573
v 0.445382 -0.928418 0.769483
v 0.356730 -0.929414 0.782432
v 0.413507 -0.929414 0.775459
v 0.332823 -0.926426 0.782432
v 0.305929 -0.935391 0.783428
v 0.261104 -0.930411 0.782432
v 0.280030 -0.927422 0.781436
v 0.211300 -0.927422 0.775459
v 0.224249 -0.949336 0.778448
v 0.190382 -0.937383 0.772471
v 0.189386 -0.926426 0.770479
v 0.153526 -0.928418 0.765498
v 0.123644 -0.926426 0.758526
v 0.091768 -0.929414 0.751553
v 0.056905 -0.926426 0.743584
v -0.056650 -0.928418 0.721670
v -0.028759 -0.930411 0.728643
v 0.032999 -0.931407 0.740596
v 0.048937 -0.928418 0.743584
v 0.482237 -0.954317 -0.602139
v 0.393585 -0.951329 -0.632022
v 0.432433 -0.942364 -0.619073
v 0.376652 -0.935391 -0.637998
v 0.396573 -0.932403 -0.628037
v 0.349757 -0.928419 -0.643975
v 0.337804 -0.932403 -0.651944
v 0.426456 -0.931407 -0.613096
v 0.441397 -0.926426 -0.593174
v 0.441397 -0.936387 -0.613096
v 0.460323 -0.933399 -0.601143
v 0.477257 -0.941368 -0.603135
v 0.484230 -0.937383 -0.599151
v 0.518097 -0.936387 -0.586201
v 0.510128 -0.939376 -0.592178
v 0.544991 -0.951329 -0.582217
v 0.542003 -0.939376 -0.581221
v 0.605753 -0.950333 -0.563291
v 0.580851 -0.943360 -0.570264
v 0.755167 -0.955313 -0.510498
v 0.644601 -0.963282 -0.551338
v 0.726281 -0.954317 -0.521455
v 0.652569 -0.947344 -0.548350
v 0.709347 -0.945352 -0.526436
v 0.776085 -0.951329 -0.500537
v 0.796007 -0.961290 -0.496553
v 0.752179 -0.950333 -0.509502
v 0.755167 -0.932403 -0.493565
v 0.774093 -0.932403 -0.486592
v 0.721300 -0.932403 -0.509502
v 0.754171 -0.927422 -0.472647
v 0.730265 -0.926426 -0.475635
v 0.729269 -0.931407 -0.497549
v 0.717316 -0.930411 -0.493565
v 0.677472 -0.933399 -0.531416
v 0.691417 -0.931407 -0.512490
v 0.679464 -0.928419 -0.500537
v 0.651574 -0.931407 -0.524444
v 0.665519 -0.943360 -0.542373
v 0.651574 -0.932403 -0.542373
v 0.628663 -0.937383 -0.553330
v 0.626671 -0.933399 -0.548350
v 0.610734 -0.935391 -0.557315
v 0.609738 -0.929415 -0.531416
v 0.583839 -0.938379 -0.567276
v 0.562921 -0.935391 -0.569268
v 0.585831 -0.929415 -0.543369
v 0.559933 -0.927422 -0.547354
v 0.532042 -0.931407 -0.569268
v 0.504152 -0.928418 0.756534
v 0.547980 -0.929414 0.743584
v 0.623683 -0.929414 0.715694
v 0.644601 -0.929414 0.705733
v 0.653566 -0.934395 0.703741
v 0.671495 -0.933399 0.696768
v 0.716320 -0.935391 0.675850
v 0.698390 -0.928418 0.677842
v 0.477257 -0.926426 0.762510
v 0.587824 -0.930411 0.729639
v 0.646593 -0.929415 -0.517471
v 0.842824 -0.937383 0.581221
v 0.789035 -0.937383 0.628037
v 0.888644 -0.941368 0.538389
v 0.741222 -0.935391 0.659913
v 0.739230 -0.939375 0.664893
v 0.759152 -0.940371 0.651944
v 0.784054 -0.943360 0.635010
v 0.820910 -0.947344 0.607120
v 0.834855 -0.942364 0.593174
v 0.869718 -0.947344 0.563291
v 0.907570 -0.947344 0.526436
v 0.930480 -0.960293 0.501534
v 0.956378 -0.960293 0.470655
v 0.980285 -0.936387 0.441768
v 0.961359 -0.936387 0.468662
v 0.974308 -0.931407 0.446748
v 0.913546 -0.944356 0.520459
v 0.945421 -0.936387 0.488584
v 0.952394 -0.931407 0.477627
v 0.930480 -0.926426 0.461690
v 0.944425 -0.926426 0.433799
v 0.927492 -0.929414 0.491573
v 0.933468 -0.934395 0.497549
v 0.965343 -0.928418 0.405908
v 1.001203 -0.936387 0.384990
v 0.989250 -0.934395 0.408897
v 0.993234 -0.937383 0.417862
v 1.005187 -0.939375 0.396944
v 1.003195 -0.944356 0.405908
v 0.858761 -0.950333 -0.467666
v 0.910558 -0.950333 -0.442764
v 0.816925 -0.943360 -0.482608
v 0.797999 -0.939376 -0.486592
v 0.844816 -0.943360 -0.470655
v 0.833859 -0.939376 -0.472647
v 0.868722 -0.943360 -0.459697
v 0.812941 -0.931407 -0.469658
v 0.833859 -0.930411 -0.456709
v 0.804972 -0.926426 -0.449737
v 0.867726 -0.926426 -0.429815
v 0.889640 -0.927422 -0.418858
v 0.917531 -0.926426 -0.402920
v 0.909562 -0.936387 -0.425830
v 0.898605 -0.944356 -0.444756
v 0.922511 -0.944356 -0.434795
v 0.951398 -0.933399 -0.401924
v 0.929484 -0.947344 -0.432803
v 0.953390 -0.940372 -0.417862
v 0.936457 -0.927422 -0.394951
v 0.967335 -0.938379 -0.407901
v 0.993234 -0.937383 -0.387979
v 0.972316 -0.933399 -0.384990
v 0.999210 -0.932403 -0.357100
v 0.968332 -0.927422 -0.369053
v 0.999210 -0.927422 -0.335186
v 1.015148 -0.927422 -0.318252
v 1.026105 -0.933399 -0.329209
v 1.025109 -0.927422 -0.299326
v 1.104796 -0.926426 -0.068232
v 1.113761 -0.928418 -0.073213
v 1.106789 -0.926426 -0.089150
v 1.122726 -0.930411 -0.082178
v 1.133683 -0.930411 -0.065244
v 1.132687 -0.931407 -0.084170
v 1.108781 -0.927422 -0.093135
v 1.108781 -0.927422 -0.099111
v 1.098820 -0.927422 -0.110068
v 1.123722 -0.929414 -0.103096
v 1.106789 -0.928418 -0.128994
v 1.074914 -0.926426 -0.177803
v 1.101808 -0.929414 -0.155889
v 1.089855 -0.928418 -0.170830
v 1.080890 -0.926426 -0.181787
v 1.087863 -0.929414 -0.189756
v 1.105793 -0.931407 -0.177803
v 1.076906 -0.928418 -0.197725
v 1.096828 -0.931407 -0.193740
v 1.075909 -0.927422 -0.203701
v 1.124718 -0.937383 -0.188760
v 1.106789 -0.930411 -0.164854
v 1.115754 -0.934395 -0.179795
v 1.121730 -0.934395 -0.164854
v 1.118742 -0.931407 -0.149912
v 1.135675 -0.936387 -0.160869
v 1.129699 -0.933399 -0.151904
v 1.137668 -0.940372 -0.182783
v 1.150617 -0.940372 -0.149912
v 1.137668 -0.934395 -0.138955
v 1.131691 -0.931407 -0.127998
v 1.149621 -0.936387 -0.125010
v 1.109777 -0.929414 -0.138955
v 1.125714 -0.929414 -0.121025
v 1.090851 -0.926426 -0.145928
v 1.131691 -0.932403 -0.111064
v 1.160578 -0.937383 -0.104092
v 1.133683 -0.930411 -0.099111
v 1.145636 -0.931407 -0.083174
v 1.146632 -0.933399 -0.069229
v 1.158585 -0.935391 -0.077197
v 1.168546 -0.940372 -0.078193
v 1.160578 -0.939376 -0.118037
v 1.161574 -0.944356 -0.121025
v 1.171535 -0.950333 -0.073213
v 1.148625 -0.945352 -0.160869
v 1.167550 -0.959297 -0.097119
v 1.161574 -0.957305 -0.126006
v 1.144640 -0.961290 -0.172822
v 1.133683 -0.944356 -0.195732
v 1.127707 -0.939376 -0.201709
v 1.124718 -0.956309 -0.216650
v 1.119738 -0.941368 -0.221631
v 1.105793 -0.952325 -0.249522
v 1.076906 -0.945352 -0.294346
v 1.095832 -0.944356 -0.264463
v 1.103800 -0.941368 -0.250518
v 1.088859 -0.940372 -0.272432
v 1.052003 -0.940372 -0.329209
v 1.071925 -0.940372 -0.300322
v 1.026105 -0.937383 -0.358096
v 1.052999 -0.938379 -0.327217
v 1.064953 -0.938379 -0.299326
v 1.019132 -0.936387 -0.353115
v 1.039054 -0.933399 -0.309287
v 1.063957 -0.937383 -0.290361
v 1.036066 -0.928418 -0.286377
v 1.081886 -0.938379 -0.264463
v 1.056984 -0.932403 -0.273428
v 1.048019 -0.929414 -0.270440
v 1.051007 -0.928418 -0.259482
v 1.079894 -0.934395 -0.253506
v 1.066945 -0.932403 -0.250518
v 1.080890 -0.933399 -0.238565
v 1.107785 -0.939376 -0.233584
v 1.092843 -0.933399 -0.222627
v 1.075909 -0.931407 -0.236572
v 1.058976 -0.928418 -0.238565
v 1.106789 -0.935391 -0.206690
v 1.066945 -0.928418 -0.217647
v 1.072922 -0.928418 -0.221631
v 1.083878 -0.930411 -0.209678
v 1.095832 -0.927422 -0.016436
v 1.095832 -0.926426 -0.036357
v 1.111769 -0.929414 -0.051299
v 1.107785 -0.928418 -0.039346
v 1.118742 -0.930411 -0.030381
v 1.129699 -0.930411 -0.049307
v 1.129699 -0.930411 -0.061260
v 1.136671 -0.932403 -0.047314
v 1.159582 -0.936387 -0.064248
v 1.159582 -0.936387 -0.046318
v 1.168546 -0.940372 -0.032373
v 1.172531 -0.945352 -0.046318
v 1.161574 -0.937383 -0.025400
v 1.169543 -0.942364 -0.009463
v 1.172531 -0.949336 -0.023408
v 1.169543 -0.946348 0.002490
v 1.164562 -0.947344 0.030381
v 1.163566 -0.942364 0.033369
v 1.156593 -0.949336 0.067236
v 1.140656 -0.948340 0.119033
v 1.111769 -0.961290 0.179795
v 1.128703 -0.950333 0.149912
v 1.118742 -0.949336 0.173818
v 1.131691 -0.945352 0.139951
v 1.111769 -0.945352 0.187764
v 1.119738 -0.945352 0.165850
v 1.122726 -0.943360 0.147920
v 1.108781 -0.936387 0.134971
v 1.108781 -0.939376 0.154893
v 1.096828 -0.936387 0.165850
v 1.090851 -0.933399 0.149912
v 1.132687 -0.943360 0.126006
v 1.092843 -0.933399 0.135967
v 1.110773 -0.938379 0.127002
v 1.077902 -0.929414 0.139951
v 1.089855 -0.932403 0.129990
v 1.104796 -0.934395 0.122022
v 1.123722 -0.939376 0.123018
v 1.130695 -0.941368 0.112061
v 1.092843 -0.931407 0.112061
v 1.104796 -0.933399 0.108076
v 1.103800 -0.934395 0.102100
v 1.137668 -0.941368 0.103096
v 1.120734 -0.936387 0.105088
v 1.118742 -0.936387 0.092139
v 1.071925 -0.926426 0.123018
v 1.145636 -0.945352 0.099111
v 1.134679 -0.939376 0.087158
v 1.146632 -0.949336 0.101104
v 1.148625 -0.943360 0.087158
v 1.156593 -0.943360 0.065244
v 1.124718 -0.934395 0.071221
v 1.149621 -0.942364 0.075205
v 1.140656 -0.939376 0.067236
v 1.139660 -0.937383 0.053291
v 1.156593 -0.940372 0.039346
v 1.146632 -0.937383 0.048311
v 1.134679 -0.937383 0.051299
v 1.132687 -0.936387 0.043330
v 1.118742 -0.934395 0.056279
v 1.130695 -0.934395 0.047315
v 1.100812 -0.930411 0.054287
v 1.113761 -0.930411 0.044326
v 1.113761 -0.931407 0.034365
v 1.124718 -0.932403 0.031377
v 1.101808 -0.928418 0.033369
v 1.144640 -0.936387 0.031377
v 1.157589 -0.939376 0.025400
v 1.134679 -0.934395 0.019424
v 1.161574 -0.938379 -0.000498
v 1.137668 -0.934395 0.013447
v 1.123722 -0.931407 0.019424
v 1.102804 -0.928418 0.015439
v 1.115754 -0.930411 0.000498
v 1.105793 -0.929414 0.008467
v 1.099816 -0.927422 0.006475
v 1.131691 -0.931407 0.000498
v 1.112765 -0.929414 -0.006475
v 1.116750 -0.930411 -0.016436
v 1.124718 -0.930411 -0.023408
v 1.138664 -0.931407 -0.031377
v 1.130695 -0.931407 -0.019424
v 1.147629 -0.934395 -0.028389
v 1.137668 -0.933399 -0.013447
v 1.151613 -0.936387 -0.007471
v 1.122726 -0.930411 -0.009463
v 1.082882 -0.926426 0.036357
v 1.095832 -0.928418 0.058272
v 1.112765 -0.932403 0.071221
v 1.086867 -0.927422 0.068232
v 1.081886 -0.928418 0.072217
v 1.092843 -0.928418 0.073213
v 1.105793 -0.932403 0.083174
v 1.099816 -0.930411 0.096123
v 1.095832 -0.930411 0.084170
v 1.076906 -0.927422 0.094131
v 1.084875 -0.929414 0.103096
v 1.074914 -0.928418 0.114053
v 1.072922 -0.928418 0.145928
v 1.057980 -0.926426 0.161865
v 1.080890 -0.933399 0.189756
v 1.095832 -0.938379 0.184776
v 1.100812 -0.941368 0.208682
v 1.095832 -0.946348 0.219639
v 1.089855 -0.942364 0.232588
v 1.086867 -0.939376 0.234580
v 1.074914 -0.944356 0.267451
v 1.058976 -0.931407 0.221631
v 1.004191 -0.929414 0.320244
v 1.000206 -0.930411 0.340166
v 1.028097 -0.934395 0.312276
v 1.048019 -0.932403 0.261475
v 1.036066 -0.941368 0.341162
v 1.069933 -0.940372 0.270440
v 1.051007 -0.940372 0.307295
v 1.056984 -0.943360 0.304307
v 1.060968 -0.950333 0.296338
v 1.044035 -0.946348 0.332197
v 1.026105 -0.943360 0.365069
v 1.017140 -0.939376 0.375030
v 1.018136 -0.946348 0.379014
v 1.031085 -0.948340 0.355108
v -1.128089 -0.964161 0.191203
v -1.123113 -0.964161 0.208388
v -1.133020 -0.964161 0.170676
v -1.149282 -0.964161 0.097119
v -1.160148 -0.964161 0.054392
v -1.142679 -0.964161 0.128235
v -1.139717 -0.964161 0.139084
v -1.161347 -0.964161 0.049277
v -1.167263 -0.964161 0.025675
v -1.170726 -0.964161 -0.005885
v -1.172531 -0.964161 -0.022556
v -1.172053 -0.964161 -0.032263
v -1.167124 -0.964161 -0.050670
v -1.161406 -0.964161 -0.074707
v -1.153750 -0.964161 -0.097582
v -0.330476 -0.964161 0.657304
v -0.253798 -0.964161 0.672862
v -0.336931 -0.964161 0.655988
v -0.386279 -0.964161 0.644544
v -0.395512 -0.964161 0.642437
v -0.347128 -0.964161 0.653744
v -0.980164 -0.964161 0.390368
v -0.953940 -0.964161 0.412339
v -0.981978 -0.964161 0.387904
v -0.983662 -0.964161 0.386221
v -0.985420 -0.964161 0.384697
v -1.014482 -0.964161 0.358448
v -1.014643 -0.964161 0.357041
v -1.017651 -0.964161 0.347915
v -1.026048 -0.964161 0.341328
v -1.056649 -0.964161 0.314624
v -1.082997 -0.964161 0.292784
v -1.104439 -0.964161 0.269326
v -1.083958 -0.964161 0.291851
v -1.106058 -0.964161 0.264756
v -1.112614 -0.964161 0.246384
v -1.148574 -0.964161 -0.114226
v -1.142967 -0.964161 -0.132252
v -1.131646 -0.964161 -0.165584
v -1.118761 -0.964161 -0.201201
v -1.112107 -0.964161 -0.218102
v -1.107311 -0.964161 -0.228817
v -1.031168 -0.964161 -0.351452
v -1.040633 -0.964161 -0.343093
v -1.011793 -0.964161 -0.366951
v -0.927873 -0.964161 -0.427742
v -0.883837 -0.964161 -0.457862
v -0.946681 -0.964161 -0.414873
v -0.962506 -0.964161 -0.403588
v 0.351214 -0.964161 0.782984
v 0.395172 -0.964161 0.778736
v 0.409810 -0.964161 0.776938
v 0.302240 -0.964161 0.783428
v 0.291786 -0.964161 0.783199
v 0.326623 -0.964161 0.783428
v 0.241604 -0.964161 0.779432
v 0.230521 -0.964161 0.778448
v 0.222092 -0.964161 0.776699
v 0.163628 -0.964161 0.766276
v 0.157447 -0.964161 0.764815
v 0.106174 -0.964161 0.753634
v 0.079894 -0.964161 0.748063
v 0.054888 -0.964161 0.742965
v 0.027176 -0.964161 0.737685
v -0.045165 -0.964161 0.722080
v -0.066435 -0.964161 0.717241
v -0.128155 -0.964161 0.702353
v -0.136138 -0.964161 0.700258
v -0.143916 -0.964161 0.698524
v -0.188611 -0.964161 0.687543
v -0.249021 -0.964161 0.673906
v -0.201000 -0.964161 0.684895
v -0.438618 -0.964161 0.631355
v -0.450391 -0.964161 0.628230
v -0.457649 -0.964161 0.625969
v -0.488200 -0.964161 0.617749
v -0.526088 -0.964161 0.606526
v -0.562665 -0.964161 0.595578
v -0.599895 -0.964161 0.583862
v -0.741540 -0.964161 0.536765
v -0.721052 -0.964161 0.544263
v -0.711130 -0.964161 0.547764
v -1.075076 -0.964161 -0.302245
v -1.067131 -0.964161 -0.314161
v -1.097107 -0.964161 -0.255052
v -1.088510 -0.964161 -0.277229
v -0.851845 -0.964161 -0.478682
v -0.828286 -0.964161 -0.495028
v -0.706286 -0.964161 -0.571143
v -0.667358 -0.964161 -0.593854
v -0.727182 -0.964161 -0.558929
v -0.641767 -0.964161 -0.609215
v 0.417831 -0.964161 0.775440
v 0.460962 -0.964161 0.768567
v 0.463452 -0.964161 0.768032
v 0.465660 -0.964161 0.767531
v 0.508484 -0.964161 0.757617
v 0.539082 -0.964161 0.748410
v 0.547172 -0.964161 0.746009
v -0.624711 -0.964161 0.575548
v -0.647611 -0.964161 0.568058
v -0.588480 -0.964161 -0.639336
v -0.565703 -0.964161 -0.652768
v -0.539609 -0.964161 -0.668438
v -0.520061 -0.964161 -0.678359
v -0.496031 -0.964161 -0.690925
v -0.477107 -0.964161 -0.700717
v 0.483106 -0.964161 -0.601560
v 0.470946 -0.964161 -0.605324
v 0.524183 -0.964161 -0.588460
v 0.531466 -0.964161 -0.586032
v 1.107227 -0.964161 -0.245935
v 1.098261 -0.964161 -0.260640
v 1.120657 -0.964161 -0.222878
v 1.146248 -0.964161 -0.167655
v 1.160865 -0.964161 -0.126479
v 1.144831 -0.964161 -0.171674
v 1.143085 -0.964161 -0.175813
v 1.126613 -0.964161 -0.211506
v 0.953688 -0.964161 0.473681
v 0.957299 -0.964161 0.469181
v 0.960061 -0.964161 0.464946
v 0.977816 -0.964161 0.440533
v 0.949933 -0.964161 0.477816
v 0.927759 -0.964161 0.504255
v 0.897222 -0.964161 0.535564
v 0.888885 -0.964161 0.544187
v 0.886534 -0.964161 0.546475
v 0.844051 -0.964161 0.585418
v 0.838611 -0.964161 0.590303
v 0.797169 -0.964161 0.624925
v 0.746781 -0.964161 0.658605
v 0.796818 -0.964161 0.625181
v 0.745903 -0.964161 0.659173
v 0.745089 -0.964161 0.659547
v 0.711777 -0.964161 0.678374
v 0.625660 -0.964161 0.716763
v 0.676528 -0.964161 0.694386
v 0.623683 -0.964161 0.717572
v 0.621574 -0.964161 0.718389
v -0.401562 -0.964161 -0.735271
v -0.393649 -0.964161 -0.738526
v -0.424686 -0.964161 -0.725216
v -0.449712 -0.964161 -0.713819
v -0.138514 -0.964161 -0.782015
v -0.164979 -0.964161 -0.782903
v -0.115763 -0.964161 -0.780884
v -0.073789 -0.964161 -0.775628
v -0.078329 -0.964161 -0.776564
v 0.094135 -0.964161 -0.735639
v 0.105026 -0.964161 -0.732505
v 0.058731 -0.964161 -0.746637
v 0.048720 -0.964161 -0.749660
v 0.375013 -0.964161 -0.637762
v 0.358864 -0.964161 -0.643721
v 0.316233 -0.964161 -0.658535
v 0.294564 -0.964161 -0.666222
v 0.619581 -0.964161 -0.559834
v 0.643957 -0.964161 -0.551631
v 0.580863 -0.964161 -0.571588
v 0.728965 -0.964161 -0.521008
v 0.700500 -0.964161 -0.531299
v 0.745477 -0.964161 -0.514711
v 0.756888 -0.964161 -0.510744
v 0.764732 -0.964161 -0.508107
v 0.795915 -0.964161 -0.496923
v 0.802068 -0.964161 -0.494480
v 0.846841 -0.964161 -0.475295
v 0.869823 -0.964161 -0.464901
v 0.885668 -0.964161 -0.457283
v 0.907266 -0.964161 -0.446056
v 0.912668 -0.964161 -0.443313
v 0.938228 -0.964161 -0.426749
v 0.945213 -0.964161 -0.422322
v 0.966436 -0.964161 -0.406351
v 0.969679 -0.964161 -0.403994
v 0.975120 -0.964161 -0.399792
v 1.000322 -0.964161 -0.378528
v 1.007203 -0.964161 -0.372272
v 1.031126 -0.964161 -0.348891
v 1.035597 -0.964161 -0.343975
v 1.167377 -0.964161 -0.095556
v 1.169666 -0.964161 -0.078819
v 1.165929 -0.964161 -0.102703
v 1.163465 -0.964161 0.025994
v 1.165763 -0.964161 0.013565
v 1.161199 -0.964161 0.035426
v 1.156593 -0.964161 0.057484
v 1.145670 -0.964161 0.090643
v 1.143512 -0.964161 0.097983
v 1.131164 -0.964161 0.132481
v 1.128703 -0.964161 0.139157
v 1.142238 -0.964161 0.101631
v 1.070103 -0.964161 0.271097
v 1.094135 -0.964161 0.217942
v 1.069963 -0.964161 0.271412
v 1.069858 -0.964161 0.271645
v 1.057197 -0.964161 0.298538
v 1.045890 -0.964161 0.321436
v 1.041897 -0.964161 0.329347
v 0.988743 -0.964161 0.424107
v 1.001509 -0.964161 0.402116
v 1.010615 -0.964161 0.386139
v 1.019312 -0.964161 0.370560
v -0.247895 -0.964161 -0.780658
v -0.239114 -0.964161 -0.781753
v -0.203480 -0.964161 -0.783428
v -0.194681 -0.964161 -0.783428
v 0.123217 -0.964161 -0.727181
v 0.129325 -0.964161 -0.725170
v 0.169162 -0.964161 -0.712046
v 0.189239 -0.964161 -0.704956
v 0.245374 -0.964161 -0.683761
v 0.265203 -0.964161 -0.676771
v 1.098153 -0.964161 0.210055
v 1.096380 -0.964161 0.213412
v 1.103156 -0.964161 0.197978
v 1.170678 -0.964161 -0.018961
v 1.168714 -0.964161 -0.003309
v 1.171138 -0.964161 -0.039352
v 1.171242 -0.964161 -0.031787
v -0.309347 -0.964161 -0.767491
v -0.302835 -0.964161 -0.769033
v -0.328508 -0.964161 -0.761436
v 0.685858 -0.964161 0.690235
v 0.679186 -0.964161 0.693350
v 1.025583 -0.964161 0.359235
v 1.037964 -0.964161 0.336536
v 1.111093 -0.964161 0.179795
v 1.118741 -0.964161 0.161749
v 1.171248 -0.964161 -0.054440
v 1.170826 -0.964161 -0.070376
v 1.056761 -0.964161 -0.319694
v 1.062611 -0.964161 -0.311650
v 1.080667 -0.964161 -0.287763
v 0.663981 -0.964161 -0.544746
v 0.576154 -0.964161 -0.573052
v 0.559290 -0.964161 -0.577818
v 0.541783 -0.964161 -0.582930
v 0.646578 -0.964161 -0.550679
v 0.386414 -0.964161 -0.633909
v 0.410925 -0.964161 -0.625432
v 0.045011 -0.964161 -0.750728
v -0.010142 -0.964161 -0.764633
v 0.040145 -0.964161 -0.751896
v -0.061852 -0.964161 -0.773778
v -0.270820 -0.964161 -0.777449
v -0.352076 -0.964161 -0.753246
v -0.387672 -0.964161 -0.740655
v 0.584531 -0.964161 0.732932
v 0.577762 -0.964161 0.735312
v 0.796931 -0.964161 0.625105
v -0.622392 -0.964161 -0.620225
v -0.789144 -0.964161 -0.520954
v -0.760247 -0.964161 -0.539185
v -0.840056 -0.964161 0.483450
v -0.848230 -0.964161 0.478515
v -0.827560 -0.964161 0.491218
v -0.821284 -0.964161 0.494632
v -0.802568 -0.964161 0.504997
v -0.782796 -0.964161 0.516215
v -0.751837 -0.964161 0.531138
v -0.913466 -0.964161 0.439659
v -0.900107 -0.964161 0.448096
v -0.944726 -0.964161 0.419114
v -0.859363 -0.964161 0.471743
v -0.856324 -0.964161 0.473534
v -0.684693 -0.964161 0.556483
v -0.029868 -0.964161 0.725194
v 0.020470 -0.964161 0.736343
v 0.173013 -0.964161 0.768129
v -0.991544 -0.964161 -0.382279
v -1.051681 -0.964161 -0.333269
v -1.059101 -0.964161 -0.324668
v -1.119105 -0.964161 0.222269
v -1.083554 -0.964161 0.292276
v -1.120866 -0.925856 0.162732
v -1.126500 -0.925856 0.135450
v -1.131337 -0.925856 0.116105
v -1.132124 -0.925856 0.109805
v -1.132401 -0.925856 0.107704
v -1.132857 -0.925856 0.107045
v -1.137979 -0.925856 0.070224
v -1.139421 -0.925856 0.066522
v -1.147584 -0.925856 0.039632
v -0.407623 -0.925856 -0.737109
v -0.414601 -0.925856 -0.734239
v -0.405935 -0.925856 -0.737804
v -0.314608 -0.925856 -0.766742
v -0.324083 -0.925856 -0.763747
v -0.312238 -0.925856 -0.767491
v -0.271467 -0.925856 -0.776975
v -0.274303 -0.925856 -0.776578
v -0.221995 -0.925856 -0.783142
v -0.221089 -0.925856 -0.783255
v -0.217409 -0.925856 -0.783428
v -0.181000 -0.925856 -0.783428
v -0.180685 -0.925856 -0.783428
v -1.119478 -0.925856 0.168440
v -1.115224 -0.925856 0.183171
v -1.119522 -0.925856 0.168288
v -1.119577 -0.925856 0.168099
v -1.108666 -0.925856 0.203416
v -1.103818 -0.925856 0.212256
v -1.154344 -0.925856 0.009890
v -1.154168 -0.925856 0.002230
v -1.150463 -0.925856 0.028568
v -1.152949 -0.925856 -0.012768
v -1.149506 -0.925856 -0.055235
v -0.540693 -0.925856 -0.674329
v -0.541829 -0.925856 -0.673736
v -0.485681 -0.925856 -0.702704
v -0.467160 -0.925856 -0.711685
v -0.395194 -0.925856 -0.741629
v -0.375115 -0.925856 -0.748921
v -0.043426 -0.925856 -0.770408
v -0.007951 -0.925856 -0.763617
v 0.019113 -0.925856 -0.757135
v -1.090203 -0.925856 0.234834
v -1.087822 -0.925856 0.237405
v -1.022715 -0.925856 0.302032
v -1.015309 -0.925856 0.308800
v -0.990713 -0.925856 0.332896
v -0.972699 -0.925856 0.350127
v -0.972401 -0.925856 0.351319
v -0.961242 -0.925856 0.364073
v -0.949719 -0.925856 0.374314
v -0.937510 -0.925856 0.385954
v -1.144810 -0.925856 -0.084138
v -1.141480 -0.925856 -0.104860
v -1.134907 -0.925856 -0.151814
v -0.608814 -0.925856 -0.633473
v -0.639572 -0.925856 -0.615570
v -0.579874 -0.925856 -0.651496
v 0.134717 -0.925856 -0.723326
v 0.158651 -0.925856 -0.714270
v 0.081933 -0.925856 -0.740403
v 0.060607 -0.925856 -0.746653
v 0.200195 -0.925856 -0.700156
v -0.913274 -0.925856 0.405066
v -0.888692 -0.925856 0.422998
v -0.880742 -0.925856 0.429244
v -0.870961 -0.925856 0.438311
v -0.857646 -0.925856 0.447990
v -0.843680 -0.925856 0.459317
v -0.819030 -0.925856 0.481972
v -0.811914 -0.925856 0.485507
v -0.795308 -0.925856 0.494802
v -1.134331 -0.925856 -0.153597
v -1.134216 -0.925856 -0.154893
v -1.134089 -0.925856 -0.156793
v -1.126230 -0.925856 -0.172310
v -1.113318 -0.925856 -0.199921
v -1.105395 -0.925856 -0.222410
v -1.101024 -0.925856 -0.234814
v -1.082025 -0.925856 -0.293808
v -1.064549 -0.925856 -0.320678
v -1.061783 -0.925856 -0.324229
v -1.061399 -0.925856 -0.324577
v -1.035923 -0.925856 -0.346635
v -0.837862 -0.925856 -0.491648
v -0.808137 -0.925856 -0.511970
v -0.860218 -0.925856 -0.475635
v -0.886373 -0.925856 -0.456497
v -0.917653 -0.925856 -0.435019
v -0.975575 -0.925856 -0.393682
v -0.984263 -0.925856 -0.387239
v -0.787858 -0.925856 -0.526010
v -0.745320 -0.925856 -0.552404
v -0.718808 -0.925856 -0.568699
v 1.052997 -0.925856 -0.239419
v 1.058122 -0.925856 -0.230024
v 1.050649 -0.925856 -0.242408
v 1.035120 -0.925856 -0.277556
v 1.044461 -0.925856 -0.257096
v 1.045029 -0.925856 -0.256066
v 1.045434 -0.925856 -0.255194
v 1.029843 -0.925856 -0.286377
v 1.023543 -0.925856 -0.295933
v 1.023319 -0.925856 -0.300669
v 0.962850 -0.925856 -0.370423
v 0.967884 -0.925856 -0.365473
v 0.991827 -0.925856 -0.339213
v 0.934205 -0.925856 -0.393189
v 0.917379 -0.925856 -0.401932
v 0.937239 -0.925856 -0.391232
v 0.915821 -0.925856 -0.402635
v 0.805335 -0.925856 -0.448027
v 0.809817 -0.925856 -0.446744
v 0.836705 -0.925856 -0.440769
v 0.800412 -0.925856 -0.449737
v 0.764742 -0.925856 -0.463642
v 0.804402 -0.925856 -0.448334
v 0.743656 -0.925856 -0.471304
v 0.750169 -0.925856 -0.469863
v 0.754519 -0.925856 -0.467949
v 0.728080 -0.925856 -0.474780
v 0.722856 -0.925856 -0.475920
v 0.680489 -0.925856 -0.491314
v 0.695477 -0.925856 -0.485165
v 0.661529 -0.925856 -0.497121
v 0.209590 -0.925856 -0.696555
v 0.220239 -0.925856 -0.692327
v 0.261099 -0.925856 -0.677417
v -0.729703 -0.925856 0.530080
v -0.711296 -0.925856 0.539683
v -0.734990 -0.925856 0.525576
v 1.072348 -0.925856 -0.179513
v 1.072747 -0.925856 -0.177917
v 1.077470 -0.925856 -0.182927
v 1.072104 -0.925856 -0.189756
v 1.068365 -0.925856 -0.194308
v 1.068707 -0.925856 -0.200287
v 1.070036 -0.925856 -0.203310
v 1.067035 -0.925856 -0.210488
v 1.061820 -0.925856 -0.217006
v 1.059258 -0.925856 -0.227042
v 1.060110 -0.925856 -0.227610
v 1.059258 -0.925856 -0.229172
v 1.052121 -0.925856 -0.242916
v 1.051557 -0.925856 -0.243593
v 0.165700 -0.925856 0.766139
v 0.174421 -0.925856 0.767151
v 0.156089 -0.925856 0.763363
v 0.149362 -0.925856 0.761975
v 0.125260 -0.925856 0.758146
v 0.124266 -0.925856 0.757800
v 0.123700 -0.925856 0.757385
v 0.123280 -0.925856 0.757592
v 0.120030 -0.925856 0.757195
v 0.099479 -0.925856 0.751553
v 0.089791 -0.925856 0.747994
v 0.083316 -0.925856 0.746660
v 0.058731 -0.925856 0.743242
v 0.044772 -0.925856 0.739740
v 0.054908 -0.925856 0.742443
v 0.029289 -0.925856 0.737605
v 0.024750 -0.925856 0.736541
v -0.004591 -0.925856 0.730065
v 0.026523 -0.925856 0.736895
v -0.012817 -0.925856 0.728643
v -0.027241 -0.925856 0.724594
v -0.054270 -0.925856 0.717826
v -0.055881 -0.925856 0.717570
v -0.050243 -0.925856 0.718851
v -0.045300 -0.925856 0.721304
v -0.061006 -0.925856 0.716801
v -0.073948 -0.925856 0.714623
v -0.087098 -0.925856 0.710950
v -0.158748 -0.925856 0.693920
v -0.136197 -0.925856 0.698615
v -0.161098 -0.925856 0.693920
v -0.185286 -0.925856 0.686912
v -0.193117 -0.925856 0.685239
v -0.199701 -0.925856 0.683709
v -0.219599 -0.925856 0.679279
v -0.269243 -0.925856 0.670086
v -0.255200 -0.925856 0.673703
v -0.282861 -0.925856 0.667320
v -0.300484 -0.925856 0.663136
v -0.301435 -0.925856 0.662946
v -0.302545 -0.925856 0.662756
v -0.356605 -0.925856 0.652845
v -0.382988 -0.925856 0.646755
v -0.362469 -0.925856 0.651418
v -0.361383 -0.925856 0.651870
v -0.418706 -0.925856 0.637641
v -0.422809 -0.925856 0.636634
v -0.417034 -0.925856 0.637641
v -0.455260 -0.925856 0.629024
v -0.464963 -0.925856 0.626301
v -0.404345 -0.925856 0.641557
v -0.400621 -0.925856 0.642089
v -0.393068 -0.925856 0.644536
v 0.633072 -0.925856 -0.510354
v 0.622547 -0.925856 -0.514337
v 0.604885 -0.925856 -0.523976
v 0.275190 -0.925856 -0.672293
v 0.285866 -0.925856 -0.668663
v 0.296754 -0.925856 -0.664179
v 0.339509 -0.925856 -0.643121
v 0.347195 -0.925856 -0.638851
v 0.395874 -0.925856 -0.614084
v 0.403120 -0.925856 -0.610269
v 0.320934 -0.925856 -0.654223
v 0.310800 -0.925856 -0.658490
v -0.660654 -0.925856 0.560729
v -0.647276 -0.925856 0.563630
v -0.664267 -0.925856 0.559588
v -0.679584 -0.925856 0.554182
v -0.681343 -0.925856 0.552898
v -0.693007 -0.925856 0.545786
v -0.700268 -0.925856 0.542369
v -0.708007 -0.925856 0.540662
v 0.995133 -0.925856 0.316362
v 0.991142 -0.925856 0.326175
v 0.996481 -0.925856 0.313127
v 1.076029 -0.925856 0.066726
v 1.072918 -0.925856 0.067519
v 1.076334 -0.925856 0.070936
v 1.070327 -0.925856 0.090372
v 1.072207 -0.925856 0.095306
v 1.073013 -0.925856 0.099537
v 1.073147 -0.925856 0.090998
v 1.078182 -0.925856 0.084170
v 1.081257 -0.925856 0.078705
v 1.070782 -0.925856 0.076488
v 1.080178 -0.925856 0.077342
v 1.087149 -0.925856 0.043356
v 1.088256 -0.925856 0.042504
v 1.080772 -0.925856 0.050643
v 1.081311 -0.925856 0.051438
v 1.084850 -0.925856 0.057905
v 1.080716 -0.925856 0.036357
v 1.081885 -0.925856 0.037355
v 1.082312 -0.925856 0.035217
v 1.086290 -0.925856 -0.150489
v 1.087145 -0.925856 -0.143077
v 1.089996 -0.925856 -0.143647
v 1.094618 -0.925856 -0.134759
v 1.084016 -0.925856 -0.165674
v 1.083022 -0.925856 -0.167414
v 1.087575 -0.925856 -0.156778
v 1.084906 -0.925856 -0.154109
v 1.078904 -0.925856 -0.171532
v 0.518888 -0.925856 0.750767
v 0.533033 -0.925856 0.746432
v 0.502443 -0.925856 0.753686
v 0.499026 -0.925856 0.754256
v 0.477991 -0.925856 0.761369
v 0.476972 -0.925856 0.761711
v 0.476515 -0.925856 0.761654
v 0.476045 -0.925856 0.762011
v 0.424184 -0.925856 0.771901
v 0.396424 -0.925856 0.776171
v 0.380218 -0.925856 0.778161
v 0.361178 -0.925856 0.780653
v 0.349371 -0.925856 0.781291
v 0.332823 -0.925856 0.781291
v 0.332253 -0.925856 0.781505
v 0.328829 -0.925856 0.781481
v 0.292564 -0.925856 0.779869
v 0.282224 -0.925856 0.779556
v 0.274939 -0.925856 0.779869
v 0.265009 -0.925856 0.779179
v 0.259207 -0.925856 0.776359
v 0.245162 -0.925856 0.777118
v 0.226444 -0.925856 0.775459
v 0.212240 -0.925856 0.772796
v 0.208863 -0.925856 0.772500
v 0.205033 -0.925856 0.773893
v 0.197374 -0.925856 0.772191
v 0.189957 -0.925856 0.769623
v 0.202870 -0.925856 0.773432
v 0.188903 -0.925856 0.769162
v 0.184536 -0.925856 0.769338
v -0.107238 -0.925856 0.706448
v -0.131782 -0.925856 0.699555
v -0.134602 -0.925856 0.698615
v -0.236902 -0.925856 0.677779
v -0.237480 -0.925856 0.677529
v -0.235516 -0.925856 0.678078
v -0.237928 -0.925856 0.677542
v -0.572743 -0.925856 0.592081
v -0.577495 -0.925856 0.589470
v -0.559513 -0.925856 0.596491
v -0.555923 -0.925856 0.597405
v -0.546719 -0.925856 0.601191
v -0.535345 -0.925856 0.603845
v -0.525177 -0.925856 0.605065
v -0.505985 -0.925856 0.614344
v -0.469091 -0.925856 0.625088
v -0.502900 -0.925856 0.615301
v -0.630255 -0.925856 0.573252
v -0.627884 -0.925856 0.573921
v -0.643269 -0.925856 0.563492
v 0.928864 -0.925856 0.460929
v 0.927057 -0.925856 0.464066
v 0.941478 -0.925856 0.435700
v 0.943284 -0.925856 0.432159
v 0.972177 -0.925856 0.370032
v 0.960859 -0.925856 0.395658
v 0.958937 -0.925856 0.401744
v 0.949113 -0.925856 0.417867
v 0.945566 -0.925856 0.425813
v 1.045793 -0.925856 0.193877
v 1.049964 -0.925856 0.183722
v 1.042324 -0.925856 0.206089
v 1.039240 -0.925856 0.217314
v 1.036218 -0.925856 0.228292
v 1.030164 -0.925856 0.244810
v 1.021831 -0.925856 0.256798
v 1.015285 -0.925856 0.274569
v 1.008737 -0.925856 0.289533
v 1.066718 -0.925856 0.134868
v 1.059398 -0.925856 0.135681
v 1.069644 -0.925856 0.124016
v 1.068219 -0.925856 0.120737
v 1.064664 -0.925856 0.114693
v 1.067226 -0.925856 0.110978
v 1.068764 -0.925856 0.107903
v 1.071827 -0.925856 0.102503
v 1.059469 -0.925856 0.138241
v 1.063312 -0.925856 0.150412
v 1.057980 -0.925856 0.159299
v 1.056174 -0.925856 0.161485
v 1.062601 -0.925856 0.154441
v 0.565774 -0.925856 0.734094
v 0.581317 -0.925856 0.728338
v 0.557322 -0.925856 0.736467
v 0.548573 -0.925856 0.741212
v -0.593354 -0.925856 0.584870
v -0.599535 -0.925856 0.583634
v -0.591833 -0.925856 0.585203
v -0.612685 -0.925856 0.578481
v 0.902217 -0.925856 0.501548
v 0.875348 -0.925856 0.528048
v 0.861810 -0.925856 0.542570
v 0.902836 -0.925856 0.500985
v 0.904055 -0.925856 0.500395
v 0.905250 -0.925856 0.499580
v 0.758559 -0.925856 0.631306
v 0.764206 -0.925856 0.627151
v 0.713569 -0.925856 0.661820
v 0.710349 -0.925856 0.664174
v 0.697601 -0.925856 0.677842
v 0.712506 -0.925856 0.662500
v 0.679169 -0.925856 0.683608
v 0.646380 -0.925856 0.698319
v 0.642958 -0.925856 0.700258
v 0.661595 -0.925856 0.689225
v 0.668981 -0.925856 0.688387
v 0.635704 -0.925856 0.703954
v 0.622259 -0.925856 0.710356
v 0.620124 -0.925856 0.711811
v 0.837363 -0.925856 0.566053
v 0.828414 -0.925856 0.574881
v 0.819162 -0.925856 0.582435
v 0.798135 -0.925856 0.600735
v 0.603220 -0.925856 0.720142
v 0.599666 -0.925856 0.721440
v 0.914507 -0.925856 0.483937
v 1.053547 -0.925856 0.169956
v 1.054558 -0.925856 0.165857
v 1.007224 -0.925856 0.292351
v 1.003334 -0.925856 0.298613
v 1.000632 -0.925856 0.303163
v 0.974395 -0.925856 0.364885
v 0.975611 -0.925856 0.362029
v 0.988494 -0.925856 0.333659
v 0.445016 -0.925856 0.767286
v 0.434490 -0.925856 0.770123
v 0.449226 -0.925856 0.765895
v 1.092413 -0.925856 0.022265
v 1.092484 -0.925856 0.021414
v 1.090704 -0.925856 0.026963
v 1.090534 -0.925856 0.031832
v 1.093551 -0.925856 0.004461
v 1.089635 -0.925856 0.009607
v 1.096554 -0.925856 -0.004893
v 1.098023 -0.925856 -0.008000
v 1.088522 -0.925856 -0.018002
v 1.092073 -0.925856 -0.014243
v 1.089567 -0.925856 -0.026616
v 1.091270 -0.925856 -0.032366
v 1.094691 -0.925856 -0.040063
v 1.097535 -0.925856 -0.045752
v 1.097535 -0.925856 -0.049875
v 1.097535 -0.925856 -0.057526
v 1.099665 -0.925856 -0.062531
v 1.101660 -0.925856 -0.069088
v 1.100522 -0.925856 -0.073640
v 1.097106 -0.925856 -0.082181
v 1.101372 -0.925856 -0.088580
v 1.093675 -0.925856 -0.093141
v 1.087856 -0.925856 -0.117899
v 1.093181 -0.925856 -0.111635
v 1.095687 -0.925856 -0.115550
v 1.097924 -0.925856 -0.115550
v 1.100010 -0.925856 -0.100026
v 1.100010 -0.925856 -0.104123
v 1.089203 -0.925856 -0.095484
v 1.094919 -0.925856 -0.037270
v 1.089138 -0.925856 0.011169
v 1.088890 -0.925856 0.010246
v 1.092555 -0.925856 0.019710
v 1.092920 -0.925856 0.021089
v 1.096539 -0.925856 -0.118745
v 1.088212 -0.925856 -0.133478
v 1.088142 -0.925856 0.041056
v 1.084593 -0.925856 0.039779
v 1.081385 -0.925856 0.065361
v 0.495965 -0.925856 -0.568343
v 0.494163 -0.925856 -0.568969
v 0.519356 -0.925856 -0.558960
v 0.440138 -0.925856 -0.592484
v 0.440685 -0.925856 -0.592224
v 0.439004 -0.925856 -0.592984
v 0.419742 -0.925856 -0.602292
v 0.405180 -0.925856 -0.609396
v 0.442822 -0.925856 -0.591274
v 0.471032 -0.925856 -0.578927
v 0.536965 -0.925856 -0.552052
v 0.553669 -0.925856 -0.545788
v 0.557584 -0.925856 -0.543909
v 0.564318 -0.925856 -0.540777
v 0.591438 -0.925856 -0.528875
v 0.657268 -0.925856 -0.498790
v 0.579732 -0.925856 -0.534728
v -0.359091 -0.925856 0.652451
v -0.183791 -0.925856 0.687660
v 0.056691 -0.925856 0.742657
v -0.755193 -0.925856 0.514826
v -0.773698 -0.925856 0.506081
v -0.738288 -0.925856 0.523341
v 0.863594 -0.925856 -0.429672
v 0.869436 -0.925856 -0.427307
v 0.887813 -0.925856 -0.415986
v 0.894651 -0.925856 -0.413220
v 1.010841 -0.925856 -0.320014
v 0.998036 -0.925856 -0.333620
v 1.014071 -0.925856 -0.317763
v 1.014974 -0.925856 -0.316860
v 1.015595 -0.925856 -0.315344
v 1.046005 -0.925856 -0.254593
v -1.032396 -0.925856 -0.349456
v -1.097719 -0.925856 -0.244726
v -0.918179 -0.925856 0.400959
v -0.920499 -0.925856 0.398791
v -0.921830 -0.925856 0.398107
v -0.861674 -0.925856 0.444186
v -0.691767 -0.925856 -0.584818
v -0.980688 -0.925856 0.341355
v -1.064032 -0.925856 0.262707
v -0.052956 -0.925856 -0.772100
v -0.102512 -0.925856 -0.778819
v -0.177909 -0.925856 -0.783379
v -0.113343 -0.925857 -0.780009
v -0.544891 -0.925856 -0.671940
v -0.278263 -0.925856 -0.775537
v -0.279068 -0.925856 -0.775347
v -1.137894 -0.925856 0.072161
vn -0.0000 -1.0000 -0.0000
vn -0.0000 -1.0000 0.0001
vn -0.0000 -1.0000 -0.0001
vn -0.0001 -1.0000 -0.0002
vn -0.0000 -1.0000 0.0006
vn -0.0000 -1.0000 -0.0010
vn -0.0000 -1.0000 -0.0031
vn -0.0000 -1.0000 0.0004
vn -0.0000 -1.0000 -0.0017
vn 0.0001 -1.0000 0.0001
vn -0.0000 -1.0000 0.0020
vn -0.0000 1.0000 -0.0000
vn 0.0002 1.0000 -0.0000
vn 0.0002 1.0000 0.0002
vn -0.0000 1.0000 0.0002
vn -0.0000 1.0000 -0.0001
vn -0.0001 1.0000 -0.0000
vn 0.0001 1.0000 -0.0000
vn -0.0003 1.0000 -0.0000
vn -0.0002 1.0000 -0.0000
vn -0.0004 1.0000 -0.0000
vn -0.0000 1.0000 0.0001
vn -0.5072 0.8487 0.1501
vn -0.9298 0.2841 0.2341
vn -0.9302 0.2806 0.2366
vn -0.9302 0.2805 0.2366
vn -0.4285 -0.1169 -0.8960
vn -0.4095 -0.1546 -0.8991
vn -0.3942 -0.1504 -0.9066
vn -0.3784 -0.1040 -0.9198
vn -0.1115 0.8920 0.4380
vn -0.1670 0.8985 0.4060
vn -0.1654 0.6854 0.7091
vn -0.1654 0.6855 0.7091
vn -0.3341 -0.0895 -0.9383
vn -0.3321 -0.0920 -0.9388
vn -0.3270 -0.0872 -0.9410
vn -0.3012 -0.0227 -0.9533
vn -0.2506 0.4329 0.8659
vn -0.2502 0.4609 0.8515
vn -0.2394 0.4639 0.8529
vn -0.2395 0.4639 0.8529
vn -0.2304 -0.0174 -0.9729
vn -0.9114 0.3276 0.2489
vn -0.8404 0.4987 0.2124
vn -0.8443 0.4925 0.2111
vn -0.4266 0.9027 0.0562
vn -0.2725 0.9435 0.1887
vn -0.5495 0.8317 0.0794
vn -0.5362 0.8437 0.0237
vn -0.4785 0.8581 0.1864
vn -0.5383 0.8267 0.1634
vn -0.5279 0.8381 0.1374
vn -0.5542 0.8244 0.1151
vn -0.5230 0.8522 -0.0120
vn -0.5331 0.8449 -0.0433
vn -0.5329 0.8450 -0.0432
vn -0.5116 0.8552 -0.0831
vn -0.9623 0.0646 -0.2641
vn -0.9548 0.0127 -0.2969
vn -0.4965 -0.1712 -0.8510
vn -0.5076 -0.1649 -0.8457
vn -0.4885 -0.1493 -0.8597
vn -0.9612 0.0998 -0.2574
vn -0.9698 0.0796 -0.2307
vn -0.9924 0.1131 -0.0489
vn -0.9777 0.1814 0.1058
vn -0.5015 -0.1593 -0.8504
vn -0.5091 -0.1485 -0.8478
vn -0.4489 -0.1267 -0.8845
vn -0.4585 -0.1450 -0.8768
vn -0.9389 0.2513 0.2353
vn -0.9776 0.1809 0.1073
vn -0.9389 0.2513 0.2354
vn -0.4547 -0.1456 -0.8787
vn -0.4566 -0.1629 -0.8746
vn -0.2592 0.4319 0.8639
vn -0.3435 0.3375 0.8764
vn -0.3435 0.3376 0.8764
vn -0.2110 0.8989 0.3840
vn -0.1507 0.8791 0.4522
vn -0.3158 -0.0549 0.9473
vn -0.3169 -0.0556 0.9468
vn -0.3172 -0.0563 0.9467
vn -0.3103 -0.0613 0.9487
vn -0.2977 -0.0436 0.9537
vn -0.3132 -0.0073 0.9497
vn 0.3199 -0.0396 -0.9466
vn 0.3265 -0.0436 -0.9442
vn 0.3171 -0.0575 -0.9466
vn 0.2956 -0.0301 -0.9549
vn 0.3037 -0.0292 -0.9523
vn -0.2850 -0.1088 0.9523
vn -0.2825 -0.1012 0.9539
vn 0.2719 -0.0269 -0.9620
vn 0.2966 0.0387 -0.9542
vn 0.2966 0.0386 -0.9542
vn 0.2901 0.0512 -0.9556
vn 0.3179 0.0817 -0.9446
vn 0.3179 0.0819 -0.9446
vn -0.2587 -0.0910 0.9616
vn -0.2944 -0.1417 0.9451
vn -0.2545 -0.1258 0.9589
vn -0.2467 -0.1343 0.9597
vn -0.2207 -0.1256 0.9672
vn -0.2271 -0.1212 0.9663
vn -0.2136 -0.1123 0.9705
vn -0.1981 -0.1250 0.9722
vn -0.2066 0.4489 0.8693
vn -0.1660 0.3903 0.9056
vn -0.0916 0.8615 0.4994
vn -0.0916 0.8614 0.4995
vn -0.1169 0.8795 0.4614
vn -0.1882 0.8717 0.4525
vn -0.0915 0.9108 0.4027
vn -0.0888 0.9107 0.4034
vn -0.2790 0.4243 0.8615
vn -0.2790 0.4246 0.8613
vn -0.2135 0.1498 0.9654
vn -0.2195 0.1372 0.9659
vn -0.1334 0.3333 0.9333
vn -0.1405 0.8793 0.4551
vn -0.0000 0.8320 0.5547
vn -0.1301 0.8381 0.5299
vn -0.2542 -0.0012 -0.9671
vn -0.2542 -0.0011 -0.9671
vn -0.1386 0.0099 -0.9903
vn -0.1237 0.0193 -0.9921
vn -0.1235 0.0193 -0.9922
vn -0.0469 -0.0171 -0.9988
vn -0.0000 -0.0000 -1.0000
vn 0.0177 -0.0064 -0.9998
vn 0.0335 -0.0513 -0.9981
vn 0.0496 -0.0574 -0.9971
vn 0.1145 0.0545 -0.9919
vn 0.1144 0.0545 -0.9919
vn -0.5864 0.6097 0.5332
vn -0.8573 0.4156 0.3038
vn -0.8565 0.4160 0.3056
vn -0.8565 0.4159 0.3056
vn -0.9047 0.3496 0.2435
vn -0.8979 0.3556 0.2593
vn -0.8979 0.3558 0.2592
vn -0.8972 0.3570 0.2599
vn -0.8975 0.3562 0.2599
vn -0.9157 0.3362 0.2200
vn -0.7815 0.1360 -0.6089
vn -0.5795 0.7226 -0.3769
vn -0.8487 0.4540 -0.2714
vn -0.8572 0.4285 -0.2857
vn -0.8518 0.4294 -0.3002
vn -0.8520 0.4290 -0.3001
vn -0.8520 0.4290 -0.3002
vn -0.9011 0.2516 -0.3531
vn -0.9400 0.0532 -0.3370
vn -0.9253 0.0823 -0.3701
vn -0.7732 0.4987 -0.3916
vn -0.7731 0.4989 -0.3917
vn -0.4278 0.9031 -0.0381
vn -0.3516 0.9293 -0.1134
vn -0.5155 0.8538 -0.0722
vn -0.5156 0.8538 -0.0722
vn -0.4279 0.9034 -0.0285
vn -0.9404 0.0024 -0.3402
vn -0.9404 0.0023 -0.3402
vn -0.5404 -0.1355 -0.8304
vn -0.5636 -0.1496 -0.8124
vn -0.5441 -0.1707 -0.8215
vn -0.5274 -0.1519 -0.8359
vn -0.9548 0.0127 -0.2970
vn -0.5042 -0.1812 -0.8444
vn -0.5235 -0.0218 -0.8517
vn -0.2773 0.8979 0.3418
vn -0.2880 0.9049 0.3134
vn -0.1257 0.9593 0.2529
vn -0.1363 0.9603 0.2435
vn -0.1437 0.9505 0.2753
vn -0.1437 0.9505 0.2754
vn -0.5027 -0.0348 -0.8637
vn -0.5075 -0.0261 -0.8613
vn -0.5116 -0.0407 -0.8583
vn -0.1648 0.9672 0.1934
vn -0.1289 0.9604 0.2471
vn -0.0593 0.9613 0.2690
vn -0.1232 0.9572 0.2618
vn -0.1431 0.9615 0.2346
vn -0.1431 0.9615 0.2347
vn -0.1109 0.9428 0.3143
vn -0.2806 0.5378 0.7950
vn -0.3348 0.5500 0.7652
vn -0.0839 0.9183 0.3870
vn -0.3295 -0.0306 0.9437
vn -0.3726 -0.0068 0.9280
vn 0.0144 0.9083 0.4181
vn -0.3031 -0.0816 0.9495
vn -0.2386 0.4771 0.8458
vn -0.1716 0.9567 0.2353
vn -0.2104 0.6576 0.7234
vn -0.2918 0.7002 0.6516
vn -0.4979 -0.1619 -0.8520
vn -0.5273 -0.0720 -0.8466
vn -0.5003 -0.1486 -0.8530
vn -0.0760 0.9638 0.2554
vn -0.2780 0.7992 0.5328
vn -0.2430 0.8071 0.5381
vn -0.4794 0.0257 0.8772
vn 0.3281 -0.0269 -0.9443
vn 0.3383 0.0066 -0.9410
vn 0.3162 0.5692 -0.7589
vn 0.3129 0.5334 -0.7859
vn 0.2139 0.8884 -0.4061
vn 0.2138 0.8884 -0.4061
vn 0.1761 0.9158 -0.3610
vn 0.1671 0.9036 -0.3945
vn 0.2596 0.7788 -0.5711
vn 0.3226 0.3821 -0.8660
vn 0.2966 0.4152 -0.8600
vn 0.3334 0.0558 -0.9411
vn 0.2959 0.3649 -0.8828
vn 0.2665 0.4072 -0.8736
vn 0.3082 0.1115 -0.9448
vn 0.3210 0.1581 -0.9338
vn 0.2826 0.1496 -0.9475
vn 0.2873 0.3602 -0.8875
vn 0.1692 0.8074 -0.5652
vn 0.1672 0.7244 -0.6688
vn 0.0826 0.9401 -0.3306
vn 0.1086 0.9691 -0.2214
vn 0.0550 0.9495 -0.3088
vn 0.0773 0.9850 -0.1545
vn 0.0733 0.9847 -0.1584
vn 0.0827 0.9723 -0.2187
vn 0.1051 0.9549 -0.2777
vn 0.1051 0.9549 -0.2778
vn 0.2656 0.4224 0.8666
vn 0.2756 0.5010 0.8204
vn 0.4253 0.4519 0.7842
vn 0.1716 0.7724 0.6115
vn 0.2760 0.6071 0.7451
vn 0.0838 0.9651 -0.2481
vn 0.1139 0.9539 -0.2776
vn 0.0844 0.9576 -0.2754
vn 0.0929 0.9670 -0.2373
vn 0.1028 0.9527 -0.2860
vn 0.0819 0.9831 -0.1638
vn 0.0566 0.9804 -0.1885
vn 0.0401 0.9902 -0.1338
vn 0.0618 0.9966 -0.0554
vn 0.3610 0.4595 -0.8115
vn 0.3203 0.4077 -0.8551
vn 0.1106 0.7972 -0.5935
vn 0.3169 0.3130 -0.8953
vn 0.2957 0.2484 -0.9224
vn 0.2409 0.4734 -0.8472
vn 0.2960 0.1081 -0.9491
vn 0.3408 0.2511 -0.9060
vn 0.3514 0.1503 -0.9241
vn 0.3454 0.0334 -0.9379
vn 0.3453 0.0334 -0.9379
vn 0.3396 0.0499 -0.9393
vn 0.3558 0.0546 -0.9330
vn 0.3558 0.0547 -0.9330
vn 0.3271 0.0897 -0.9407
vn 0.3174 0.0880 -0.9442
vn 0.3355 0.1099 -0.9356
vn 0.3356 0.1099 -0.9356
vn 0.3884 0.1653 -0.9065
vn 0.4077 0.1459 -0.9014
vn 0.4274 0.1641 -0.8890
vn -0.2077 -0.1125 0.9717
vn -0.2211 -0.1340 0.9660
vn -0.2117 -0.1357 0.9679
vn -0.1739 0.1546 0.9726
vn -0.2011 0.5915 0.7808
vn -0.1129 0.8724 0.4756
vn -0.0985 0.8646 0.4926
vn 0.0521 0.0482 -0.9975
vn 0.1092 0.0042 -0.9940
vn 0.1343 0.0278 -0.9905
vn 0.1748 0.0065 -0.9846
vn -0.1250 0.8179 0.5615
vn -0.1329 0.8097 0.5717
vn -0.1207 0.8164 0.5648
vn -0.2291 0.8589 0.4581
vn -0.1577 0.8051 0.5718
vn 0.2329 0.0185 -0.9723
vn 0.1880 0.0198 -0.9820
vn 0.2626 -0.0390 -0.9641
vn 0.2764 -0.0380 -0.9603
vn -0.5699 0.7065 0.4197
vn -0.5773 0.5773 0.5774
vn -0.5507 0.5413 0.6354
vn 0.2890 -0.0304 -0.9569
vn 0.2965 0.0258 -0.9547
vn 0.2762 -0.0507 -0.9598
vn 0.2334 -0.0282 -0.9720
vn 0.2450 -0.0673 -0.9672
vn 0.1740 -0.0344 -0.9841
vn 0.1741 -0.0344 -0.9841
vn 0.1526 -0.0832 -0.9848
vn -0.5045 0.6630 0.5531
vn -0.5435 0.6615 0.5167
vn -0.5432 0.6724 0.5028
vn -0.4993 0.6896 0.5246
vn -0.5065 0.6606 0.5542
vn -0.5307 0.6519 0.5417
vn -0.2933 0.8906 0.3475
vn -0.4951 0.7427 0.4509
vn -0.5494 0.8242 0.1374
vn -0.5494 0.8242 0.1373
vn -0.5900 0.0407 -0.8064
vn -0.5637 0.0912 -0.8209
vn -0.5763 0.1260 -0.8075
vn -0.5930 0.0956 -0.7995
vn -0.5930 0.0957 -0.7995
vn -0.6118 0.1351 -0.7794
vn -0.6200 0.1227 -0.7750
vn -0.4741 0.8412 0.2600
vn -0.6480 0.1411 -0.7484
vn -0.6676 0.1161 -0.7354
vn -0.6677 0.1161 -0.7353
vn -0.6560 -0.1595 -0.7377
vn -0.7580 -0.2997 -0.5793
vn -0.8018 -0.2673 -0.5345
vn -0.6209 -0.1103 -0.7761
vn -0.5996 -0.1143 -0.7921
vn -0.9285 -0.0917 -0.3599
vn -0.8437 -0.2880 -0.4531
vn -0.9285 -0.0916 -0.3599
vn -0.9288 -0.0090 -0.3704
vn -0.8378 0.0121 -0.5459
vn -0.9280 -0.0920 -0.3610
vn -0.5773 -0.1063 -0.8096
vn -0.5616 -0.1035 -0.8209
vn -0.5890 -0.0945 -0.8026
vn -0.9125 -0.0255 -0.4084
vn -0.6536 -0.1586 -0.7401
vn -0.7257 -0.2850 -0.6262
vn -0.5615 -0.1033 -0.8210
vn -0.5818 0.0401 -0.8123
vn -0.2834 0.8866 0.3656
vn -0.1766 0.9224 0.3434
vn -0.2653 0.9215 0.2837
vn -0.2775 0.9017 0.3315
vn -0.4209 0.6999 0.5770
vn -0.5665 0.0969 -0.8183
vn -0.5618 0.0964 -0.8217
vn -0.4108 0.7469 0.5228
vn -0.4563 0.7412 0.4923
vn -0.2260 0.9062 0.3573
vn -0.2646 0.9228 0.2802
vn -0.4959 0.7799 0.3819
vn -0.5175 0.4031 0.7548
vn -0.5186 0.1444 0.8427
vn -0.5186 0.1445 0.8428
vn -0.5187 0.1861 0.8344
vn -0.5119 0.1381 0.8479
vn -0.5105 0.1383 0.8487
vn -0.4917 0.0840 0.8667
vn 0.3380 -0.0299 -0.9407
vn 0.3342 -0.0315 -0.9420
vn 0.3188 0.5281 -0.7871
vn -0.1054 0.7409 0.6633
vn -0.1416 0.7135 0.6862
vn -0.1887 0.7332 0.6533
vn -0.1104 0.2864 0.9517
vn 0.2017 0.9194 -0.3375
vn 0.1984 0.9127 -0.3571
vn -0.1967 0.8712 0.4498
vn -0.1627 0.8676 0.4700
vn -0.2176 0.1554 0.9636
vn -0.0672 0.6490 0.7578
vn 0.0321 0.8044 0.5933
vn -0.3064 0.7131 0.6306
vn -0.0549 0.6111 0.7896
vn -0.0549 0.6111 0.7897
vn 0.1851 0.9050 -0.3830
vn 0.1804 0.8944 -0.4093
vn 0.1888 0.8981 -0.3973
vn 0.1794 0.8971 -0.4037
vn 0.1757 0.8989 -0.4014
vn 0.1520 0.9231 -0.3532
vn 0.0496 0.3964 0.9167
vn 0.1231 0.3165 0.9406
vn 0.1137 0.3605 0.9258
vn 0.1327 0.9316 -0.3383
vn 0.1348 0.9322 -0.3360
vn 0.1313 0.9166 -0.3777
vn 0.1313 0.9165 -0.3778
vn 0.1189 0.9218 -0.3691
vn 0.1379 0.9196 -0.3679
vn 0.1537 0.9348 -0.3202
vn 0.1500 0.9346 -0.3225
vn 0.1196 0.9449 -0.3047
vn 0.1534 0.4296 0.8899
vn 0.1969 0.6541 0.7303
vn 0.2380 0.6515 0.7204
vn 0.0931 0.7603 0.6428
vn 0.0931 0.7603 0.6429
vn 0.1302 0.9248 -0.3574
vn 0.1777 0.8297 0.5292
vn 0.1791 0.8291 0.5297
vn 0.2209 0.0616 0.9734
vn 0.9702 -0.1333 0.2026
vn 0.9303 -0.2016 0.3064
vn 0.9282 -0.2529 0.2730
vn 0.9119 -0.2591 0.3184
vn 0.9069 -0.2674 0.3256
vn 0.9061 -0.2598 0.3340
vn 0.9061 -0.2597 0.3340
vn 0.3311 0.0596 0.9417
vn 0.3295 0.0581 0.9424
vn 0.2841 0.0602 0.9569
vn 0.2841 0.0601 0.9569
vn 0.2875 0.0638 0.9556
vn 0.8730 -0.2995 0.3849
vn 0.8999 -0.2118 0.3813
vn 0.8959 -0.2108 0.3911
vn 0.8727 -0.3283 0.3615
vn 0.3608 0.0503 0.9313
vn 0.3649 0.0551 0.9294
vn 0.2681 0.6241 0.7339
vn 0.2681 0.6240 0.7340
vn 0.0869 0.9170 -0.3893
vn 0.0690 0.9712 -0.2280
vn 0.0719 0.9719 -0.2242
vn 0.0566 0.9911 -0.1203
vn 0.0451 0.9926 -0.1128
vn 0.3434 0.5914 -0.7297
vn 0.3016 0.6049 -0.7370
vn 0.2795 0.5884 -0.7587
vn 0.1738 0.5960 -0.7840
vn 0.2272 0.7791 -0.5843
vn 0.2238 0.7975 -0.5603
vn 0.2534 0.8431 -0.4743
vn 0.2712 0.8389 -0.4719
vn 0.3427 0.5686 -0.7478
vn 0.3342 0.5292 -0.7799
vn 0.3665 0.3665 -0.8552
vn 0.3634 0.2696 -0.8918
vn 0.3318 0.3068 -0.8921
vn 0.3809 0.4056 -0.8309
vn 0.2723 0.8410 -0.4675
vn 0.2720 0.8411 -0.4675
vn 0.2289 0.8614 -0.4534
vn 0.2286 0.8612 -0.4540
vn 0.1930 0.8735 -0.4469
vn 0.1984 0.9127 -0.3572
vn 0.2353 0.9274 -0.2907
vn 0.1568 0.9685 -0.1937
vn 0.1855 0.9394 -0.2881
vn 0.6100 -0.0642 -0.7898
vn -0.1988 -0.0804 0.9767
vn -0.2211 -0.0851 0.9715
vn -0.2330 -0.1129 0.9659
vn -0.2525 -0.1032 0.9621
vn 0.5437 -0.0193 -0.8390
vn 0.5352 -0.0257 -0.8443
vn 0.6003 -0.0568 -0.7977
vn 0.5864 -0.0690 -0.8071
vn 0.4036 0.3899 -0.8277
vn 0.0951 0.9163 -0.3890
vn 0.3927 0.3491 -0.8509
vn 0.4503 0.1039 -0.8868
vn 0.3492 0.4191 -0.8381
vn 0.3921 0.5347 -0.7486
vn 0.1982 0.8570 -0.4756
vn 0.4504 0.1039 -0.8868
vn -0.2169 -0.0784 0.9730
vn -0.2370 -0.1166 0.9645
vn -0.1509 0.2550 0.9551
vn -0.1086 0.8461 0.5218
vn -0.1780 0.5778 0.7965
vn -0.2067 0.6400 0.7401
vn -0.2067 0.6401 0.7400
vn 0.3045 0.1460 -0.9413
vn 0.2812 -0.0212 -0.9594
vn 0.3511 0.1254 -0.9279
vn 0.3125 0.2369 -0.9199
vn -0.1940 0.4355 0.8790
vn -0.1805 0.3911 0.9025
vn -0.2340 0.3354 0.9126
vn -0.1794 0.7175 0.6730
vn -0.0641 0.8432 0.5337
vn -0.1558 0.8248 0.5436
vn -0.0957 0.7190 0.6884
vn -0.0957 0.7191 0.6883
vn 0.2724 0.6072 -0.7464
vn 0.3105 0.5405 -0.7820
vn 0.3060 0.5188 -0.7983
vn 0.3323 -0.0270 -0.9428
vn 0.3532 -0.0070 -0.9355
vn 0.3330 0.0087 -0.9429
vn -0.5240 0.1921 0.8297
vn -0.5379 0.2017 0.8185
vn 0.2807 -0.0300 -0.9593
vn 0.3125 -0.0395 -0.9491
vn 0.3126 -0.0396 -0.9490
vn 0.3414 -0.0203 -0.9397
vn -0.5843 0.1648 0.7946
vn -0.4970 0.5130 0.6999
vn -0.6716 0.5158 0.5319
vn -0.4085 0.9108 -0.0603
vn -0.4515 0.8890 -0.0764
vn -0.5800 0.2784 0.7656
vn -0.4097 0.3869 0.8261
vn -0.3459 0.7851 0.5138
vn -0.4573 0.6990 0.5497
vn -0.4910 0.2075 0.8461
vn -0.4987 0.1862 0.8465
vn 0.2728 0.6024 -0.7501
vn 0.2637 0.5738 -0.7754
vn -0.0659 0.8398 0.5389
vn 0.2198 0.8681 0.4451
vn -0.3038 0.8581 0.4140
vn -0.1772 0.8419 0.5097
vn -0.2296 0.4973 0.8366
vn -0.2762 0.5985 0.7520
vn -0.2296 0.4975 0.8365
vn -0.2115 -0.0234 0.9771
vn -0.2073 -0.0308 0.9778
vn 0.8066 -0.0734 -0.5866
vn 0.7967 -0.0514 -0.6022
vn 0.8387 -0.0227 -0.5441
vn 0.8387 -0.0227 -0.5440
vn -0.2298 -0.0438 0.9723
vn -0.1936 -0.0334 0.9805
vn 0.8631 -0.0477 -0.5027
vn 0.8823 -0.0898 -0.4621
vn 0.9066 -0.0552 -0.4184
vn 0.9066 -0.0553 -0.4184
vn -0.2024 -0.0856 0.9756
vn -0.1718 -0.0481 0.9840
vn -0.1599 0.0400 0.9863
vn -0.1352 0.0550 0.9893
vn -0.0884 -0.0374 0.9954
vn -0.0748 -0.0453 0.9962
vn -0.0219 0.0028 0.9998
vn -0.0000 -0.0000 1.0000
vn 0.0181 0.0130 0.9998
vn 0.9754 -0.0983 -0.1975
vn 0.9877 -0.0787 -0.1351
vn 0.9980 -0.0566 -0.0265
vn 0.9974 -0.0712 0.0073
vn 0.9968 -0.0789 -0.0137
vn 0.9800 -0.1014 0.1714
vn 0.9800 0.0891 0.1782
vn 0.9745 0.0664 0.2143
vn 0.9739 0.0718 0.2153
vn 0.3569 0.9280 0.1071
vn 0.3723 0.9220 0.1064
vn 0.1330 0.9751 -0.1773
vn 0.1924 0.9623 0.1924
vn 0.1925 0.9623 0.1924
vn 0.1961 0.9806 -0.0000
vn 0.2627 0.9631 0.0584
vn 0.1276 0.9892 0.0718
vn 0.2193 0.9739 -0.0581
vn 0.2409 0.9703 0.0202
vn 0.1395 0.9723 0.1875
vn 0.2409 0.9703 0.0201
vn 0.2490 0.9637 -0.0964
vn 0.1767 0.9842 -0.0139
vn 0.1897 0.9677 0.1660
vn 0.1578 0.9659 0.2052
vn 0.1850 0.9528 0.2405
vn 0.2256 0.9700 -0.0902
vn 0.1644 0.9864 -0.0000
vn 0.1636 0.9819 0.0955
vn 0.2089 0.9630 0.1703
vn 0.2725 0.9537 0.1277
vn 0.2881 0.9520 0.1034
vn 0.3022 0.9531 0.0174
vn 0.3217 0.9403 0.1114
vn 0.2548 0.9597 0.1189
vn 0.2511 0.9647 0.0793
vn 0.2835 0.9534 0.1031
vn 0.8459 0.4357 0.3076
vn 0.8878 0.3633 0.2825
vn 0.8905 0.3611 0.2768
vn 0.5312 0.8083 0.2540
vn 0.4572 0.8890 0.0254
vn 0.2086 0.9745 0.0827
vn 0.2773 0.9598 -0.0427
vn 0.1200 0.9926 -0.0185
vn -0.0091 0.8075 0.5897
vn 0.3167 0.9257 -0.2070
vn 0.1030 0.9782 -0.1802
vn 0.2047 0.9703 0.1288
vn 0.2553 0.9667 -0.0163
vn 0.1754 0.9809 0.0837
vn 0.3031 0.8877 0.3464
vn 0.2775 0.9605 0.0214
vn 0.2646 0.9639 0.0284
vn 0.2670 0.9630 0.0381
vn 0.2564 0.9651 0.0528
vn 0.2485 0.9647 0.0877
vn 0.2989 0.9520 0.0664
vn 0.2771 0.9502 0.1425
vn 0.3360 0.9314 0.1397
vn 0.3337 0.9319 0.1424
vn 0.3302 0.9308 0.1565
vn 0.2096 0.9596 -0.1875
vn 0.2147 0.8473 0.4858
vn 0.3835 0.9204 0.0767
vn 0.5543 0.8314 0.0396
vn 0.6172 0.7715 0.1543
vn 0.3480 0.9236 0.1606
vn 0.7748 0.5214 0.3576
vn 0.8575 0.4093 0.3118
vn 0.3612 0.9232 0.1314
vn 0.3797 0.9178 0.1166
vn 0.3955 0.9179 0.0323
vn 0.8891 0.0955 0.4476
vn 0.8888 -0.1266 0.4404
vn 0.3630 -0.0128 0.9317
vn 0.4026 0.0230 0.9151
vn 0.3781 0.0500 0.9244
vn 0.3974 0.3815 0.8346
vn 0.3392 0.2475 0.9076
vn 0.2805 0.8373 0.4692
vn 0.2973 0.0915 0.9504
vn 0.7135 0.2195 0.6654
vn 0.3648 0.8038 0.4699
vn 0.3169 0.8254 0.4672
vn 0.3547 0.8011 0.4820
vn 0.1590 0.9057 -0.3929
vn 0.2182 0.8729 -0.4364
vn 0.4065 0.7853 0.4670
vn 0.4016 0.7725 0.4919
vn 0.4346 0.7855 0.4406
vn 0.4271 0.7873 0.4446
vn 0.4966 0.7342 0.4629
vn 0.3362 0.8775 -0.3419
vn 0.3453 0.8367 -0.4250
vn 0.2719 0.8651 -0.4215
vn 0.3664 0.8684 -0.3341
vn 0.3665 0.8684 -0.3341
vn 0.2362 0.9475 -0.2153
vn 0.2582 0.9240 -0.2820
vn 0.2570 0.9424 -0.2142
vn 0.2622 0.9330 -0.2467
vn 0.3314 0.9272 -0.1744
vn 0.2763 0.9441 -0.1796
vn 0.2844 0.9438 -0.1681
vn 0.2796 0.9451 -0.1690
vn 0.2191 0.9721 -0.0837
vn 0.1814 0.9794 -0.0887
vn 0.2513 0.9558 -0.1526
vn 0.8327 0.2260 -0.5056
vn 0.7843 0.3554 -0.5085
vn 0.7858 0.3339 -0.5206
vn 0.8529 0.1087 -0.5107
vn 0.8698 0.1145 -0.4799
vn 0.8661 0.1276 -0.4832
vn 0.8784 0.1405 -0.4568
vn 0.7836 0.5037 -0.3638
vn 0.7875 0.4778 -0.3893
vn 0.2621 0.9611 -0.0874
vn 0.2860 0.9470 -0.1462
vn 0.3478 0.9275 -0.1370
vn 0.8534 0.3983 -0.3362
vn 0.9045 0.3015 -0.3015
vn 0.9434 0.1191 -0.3096
vn 0.9396 0.0213 -0.3417
vn 0.9179 0.0642 -0.3916
vn 0.9398 -0.0742 -0.3336
vn 0.9744 -0.0865 -0.2076
vn 0.9408 -0.0699 -0.3315
vn 0.9775 0.0758 -0.1970
vn 0.8903 0.3516 -0.2892
vn 0.3399 0.9307 -0.1353
vn 0.3168 0.9385 -0.1375
vn 0.3246 0.9372 -0.1276
vn 0.1734 0.9844 -0.0310
vn 0.2312 0.9633 -0.1366
vn 0.1276 0.9890 -0.0754
vn 0.1599 0.9769 -0.1421
vn 0.2736 0.9610 -0.0401
vn 0.2949 0.9494 0.1079
vn 0.1810 0.9823 -0.0480
vn 0.2122 0.9576 -0.1950
vn 0.2299 0.9667 -0.1120
vn 0.3135 0.9484 -0.0470
vn 0.4443 0.8953 -0.0334
vn 0.6391 0.7614 -0.1088
vn 0.4497 0.8925 0.0341
vn 0.4061 0.9138 -0.0000
vn 0.7809 0.6247 -0.0000
vn 0.9651 0.2487 -0.0818
vn 0.9637 0.2013 -0.1756
vn 0.8033 0.5954 0.0169
vn 0.4422 0.8950 0.0586
vn 0.4783 0.8775 0.0351
vn 0.1694 0.9848 0.0394
vn 0.2256 0.9732 -0.0442
vn 0.2294 0.9663 0.1171
vn 0.2029 0.9768 0.0688
vn 0.1880 0.9777 0.0940
vn 0.3475 0.9334 0.0894
vn 0.0612 0.9784 0.1976
vn 0.0620 0.9914 0.1151
vn 0.1018 0.9948 0.0078
vn 0.0791 0.9946 -0.0678
vn 0.1413 0.9891 -0.0424
vn 0.1414 0.9897 0.0202
vn 0.1586 0.9861 0.0493
vn 0.1678 0.9857 0.0140
vn 0.1863 0.9781 0.0932
vn 0.3272 0.9130 0.2436
vn 0.1662 0.9849 0.0493
vn 0.2044 0.9786 0.0248
vn 0.2520 0.9380 -0.2380
vn 0.2512 0.9379 -0.2394
vn 0.2252 0.9382 0.2629
vn 0.1948 0.9696 0.1482
vn 0.2205 0.9728 0.0708
vn 0.2230 0.9691 0.1054
vn 0.2252 0.9382 0.2627
vn 0.2510 0.9481 0.1952
vn 0.1057 0.9944 0.0078
vn 0.2003 0.9782 -0.0541
vn 0.2206 0.9753 0.0077
vn 0.1558 0.9125 0.3783
vn 0.1558 0.9124 0.3784
vn 0.2397 0.9110 0.3356
vn 0.2439 0.9268 -0.2857
vn 0.2501 0.9270 -0.2796
vn 0.0875 0.9352 0.3431
vn 0.2227 0.9694 0.1035
vn 0.2294 0.9652 -0.1255
vn 0.2474 0.9543 -0.1679
vn 0.1812 0.9813 0.0650
vn 0.1926 0.9806 -0.0350
vn -0.0199 0.9755 0.2190
vn -0.0375 0.9101 0.4128
vn 0.1902 0.9800 -0.0585
vn 0.1896 0.9798 -0.0632
vn 0.2995 0.9541 -0.0086
vn 0.1330 0.9901 -0.0443
vn 0.2457 0.9522 0.1812
vn 0.3866 0.8700 -0.3061
vn 0.0397 0.8990 -0.4362
vn 0.3313 0.8834 0.3313
vn 0.4575 0.7625 -0.4574
vn 0.2490 0.9532 0.1717
vn 0.2653 0.9550 0.1326
vn 0.2543 0.9563 0.1442
vn 0.2894 0.9508 -0.1102
vn 0.3027 0.9513 -0.0576
vn 0.3027 0.9513 -0.0577
vn 0.2539 0.9672 -0.0108
vn 0.2574 0.9608 0.1029
vn 0.1712 0.9830 0.0663
vn 0.1438 0.9751 -0.1688
vn 0.2322 0.9630 -0.1366
vn 0.2047 0.9748 -0.0890
vn 0.2719 0.9595 0.0733
vn 0.2720 0.9595 0.0733
vn 0.0544 0.8703 0.4895
vn 0.1900 0.9818 -0.0053
vn 0.2258 0.9716 -0.0713
vn 0.2787 0.9591 0.0492
vn 0.2223 0.9518 0.2115
vn 0.2441 0.9688 0.0417
vn 0.2275 0.9722 0.0561
vn 0.2276 0.9721 0.0562
vn 0.2472 0.9639 -0.0989
vn 0.2765 0.9479 -0.1580
vn 0.2541 0.9645 0.0722
vn 0.2194 0.9715 0.0901
vn 0.2309 0.9680 0.0983
vn 0.2353 0.9679 0.0889
vn 0.2796 0.9470 0.1583
vn 0.7042 0.6179 0.3497
vn 0.7687 0.5289 0.3597
vn 0.7685 0.5193 0.3739
vn 0.9143 0.0825 0.3966
vn 0.9041 -0.1457 0.4016
vn 0.9042 -0.1458 0.4015
vn 0.8906 -0.1762 0.4193
vn 0.8834 -0.1715 0.4362
vn 0.4920 -0.0013 0.8706
vn 0.4161 0.0141 0.9092
vn 0.4231 0.0051 0.9061
vn 0.4230 0.0051 0.9061
vn 0.4155 -0.0968 0.9044
vn 0.5427 -0.0474 0.8386
vn 0.4586 0.5954 0.6597
vn 0.4244 0.6166 0.6631
vn 0.5546 -0.0559 0.8302
vn 0.5571 -0.0485 0.8290
vn 0.8526 -0.1673 0.4950
vn 0.8286 -0.0981 0.5512
vn 0.8286 -0.0982 0.5512
vn 0.6384 -0.0922 0.7642
vn 0.6030 -0.0066 0.7977
vn 0.6030 -0.0061 0.7977
vn 0.5879 0.3570 0.7259
vn 0.5878 0.3695 0.7197
vn 0.5227 0.6050 0.6006
vn 0.5995 0.5138 0.6137
vn 0.6535 0.2080 0.7278
vn 0.6676 -0.0407 0.7434
vn 0.6745 -0.0613 0.7358
vn 0.6975 -0.0190 0.7164
vn 0.7788 -0.0526 0.6250
vn 0.7403 0.0111 0.6722
vn 0.7633 -0.0867 0.6402
vn 0.7174 -0.0649 0.6937
vn 0.7174 -0.0648 0.6937
vn 0.7200 -0.0565 0.6917
vn 0.7140 -0.0688 0.6968
vn 0.5890 0.4158 0.6930
vn 0.2788 0.7681 0.5764
vn 0.2788 0.7680 0.5766
vn 0.1978 0.9732 0.1170
vn 0.2801 0.9435 0.1769
vn 0.2644 0.9523 0.1523
vn 0.2722 0.9526 0.1361
vn 0.2721 0.9526 0.1360
vn 0.4795 0.5447 -0.6880
vn 0.5774 0.5774 -0.5773
vn 0.8471 0.4024 -0.3472
vn 0.7548 0.5220 -0.3973
vn 0.2279 0.9684 0.1017
vn 0.2717 0.9481 0.1655
vn 0.3134 0.9444 0.0990
vn 0.2715 0.9549 0.1199
vn 0.2825 0.9515 0.1218
vn 0.2939 0.9465 0.1335
vn 0.3072 0.9454 0.1087
vn 0.3073 0.9454 0.1088
vn 0.3390 0.8840 -0.3218
vn 0.3172 0.9368 -0.1475
vn 0.3054 0.9372 -0.1685
vn 0.3053 0.9372 -0.1685
vn 0.3417 0.9268 -0.1560
vn 0.3712 0.9016 -0.2221
vn 0.2698 0.9523 -0.1428
vn 0.2643 0.9513 -0.1585
vn 0.2338 0.9567 -0.1732
vn 0.3163 0.9086 -0.2729
vn 0.3489 0.8993 -0.2636
vn 0.2377 0.9566 -0.1684
vn 0.2303 0.9698 -0.0800
vn 0.2281 0.9714 -0.0662
vn 0.2848 0.9345 -0.2136
vn 0.2872 0.9333 -0.2154
vn 0.2331 0.9615 -0.1457
vn 0.2394 0.9692 -0.0579
vn 0.2208 0.9727 -0.0716
vn 0.1987 0.9787 -0.0515
vn 0.2306 0.9578 -0.1714
vn 0.2379 0.9646 -0.1138
vn 0.1186 0.9825 0.1439
vn 0.2631 0.9578 0.1158
vn 0.2631 0.9578 0.1159
vn 0.2167 0.9599 -0.1780
vn 0.2170 0.9612 -0.1705
vn 0.2571 0.9642 -0.0643
vn 0.1089 0.9805 0.1635
vn 0.0777 0.9902 0.1165
vn 0.1929 0.9810 0.0205
vn 0.2192 0.9610 -0.1686
vn 0.1742 0.9798 -0.0980
vn 0.2298 0.9646 -0.1293
vn 0.2798 0.9592 -0.0400
vn 0.2661 0.9580 -0.1064
vn 0.1589 0.9852 -0.0636
vn 0.1924 0.9623 -0.1924
vn 0.2565 0.9620 -0.0937
vn 0.2551 0.9567 -0.1403
vn 0.1299 0.9908 -0.0379
vn 0.1467 0.9853 -0.0871
vn 0.2587 0.9332 -0.2495
vn 0.2358 0.9428 -0.2358
vn 0.2558 0.9642 0.0704
vn 0.2623 0.9602 0.0961
vn 0.1089 0.9805 0.1633
vn 0.2147 0.9652 0.1492
vn 0.2276 0.9701 0.0838
vn 0.2344 0.9667 0.1025
vn 0.2585 0.9560 0.1389
vn 0.2458 0.9572 0.1527
vn 0.2486 0.9573 0.1476
vn 0.3135 0.9406 0.1306
vn 0.3135 0.9405 0.1307
vn 0.4108 0.8838 -0.2241
vn 0.4114 0.8522 -0.3233
vn 0.1220 0.9273 0.3539
vn 0.1220 0.9273 0.3538
vn 0.2794 0.9315 -0.2327
vn 0.2685 0.9537 -0.1355
vn 0.1976 0.9442 -0.2635
vn 0.2566 0.9563 -0.1399
vn 0.1151 0.9782 0.1727
vn 0.1151 0.9782 0.1726
vn 0.1977 0.9442 -0.2635
vn 0.4334 0.8944 -0.1106
vn 0.3928 0.8642 -0.3143
vn 0.2794 0.9489 0.1468
vn 0.2802 0.9479 0.1515
vn 0.5323 0.8061 0.2586
vn 0.5366 0.7976 0.2755
vn 0.7682 0.4922 0.4094
vn 0.7506 0.5548 0.3590
vn 0.8701 -0.0967 0.4834
vn 0.8631 -0.1791 0.4722
vn 0.8639 -0.1776 0.4712
vn 0.8613 -0.1752 0.4769
vn 0.8603 -0.1711 0.4802
vn 0.8567 -0.1664 0.4883
vn 0.8716 -0.0479 0.4878
vn 0.7583 0.4836 0.4372
vn 0.8010 0.4298 0.4168
vn 0.3852 0.9132 0.1332
vn 0.3692 0.9231 0.1077
vn 0.2706 0.9513 0.1476
vn 0.2561 0.9589 0.1222
vn 0.2879 0.9519 0.1049
vn 0.4386 0.8928 0.1027
vn 0.7592 0.5215 0.3895
vn 0.7578 0.3761 0.5332
vn 0.7502 0.3921 0.5324
vn 0.7517 0.2706 0.6014
vn 0.1474 0.9835 0.1046
vn 0.1417 0.9835 0.1125
vn 0.3009 0.8588 0.4147
vn 0.8118 -0.1215 0.5712
vn 0.2403 0.9705 0.0183
vn 0.1474 0.9883 0.0400
vn 0.6929 0.6141 0.3780
vn 0.8729 -0.0873 0.4801
vn 0.6667 0.6666 0.3333
vn 0.2851 0.9467 0.1499
vn 0.2498 0.9627 -0.1045
vn 0.2935 0.9558 0.0167
vn 0.1689 0.9795 -0.1098
vn 0.2287 0.9659 -0.1213
vn 0.2076 0.9572 -0.2018
vn 0.0684 0.9924 0.1027
vn 0.2566 0.9563 -0.1400
vn 0.2794 0.9315 -0.2329
vn 0.1347 0.9881 -0.0749
vn 0.2847 0.9451 -0.1607
vn 0.1776 0.9769 0.1184
vn 0.3147 0.9405 0.1279
vn 0.2333 0.9677 0.0951
vn 0.2834 0.9514 0.1206
vn 0.2833 0.9514 0.1206
vn 0.2379 0.9705 0.0381
vn 0.3693 0.8969 -0.2435
vn 0.6715 0.7403 -0.0317
vn 0.3111 0.9438 0.1118
vn 0.2744 0.9514 0.1400
vn 0.1354 0.9885 0.0677
vn 0.1979 0.9732 0.1171
vn 0.4590 0.7763 -0.4320
vn 0.2901 0.8576 0.4246
vn 0.4376 0.7597 0.4811
vn 0.4375 0.7597 0.4811
vn 0.5521 0.5686 0.6098
vn 0.7723 -0.1480 0.6178
vn 0.5765 0.3363 0.7447
vn 0.5511 0.6132 0.5660
vn 0.7158 -0.0125 0.6982
vn 0.7619 -0.1055 0.6390
vn 0.8376 -0.0087 0.5463
vn 0.8049 -0.0975 0.5854
vn 0.6975 -0.0188 0.7163
vn 0.5476 0.4007 0.7346
vn 0.8049 -0.0976 0.5854
vn 0.8008 0.4312 0.4158
vn 0.5576 -0.0495 0.8287
vn 0.4157 -0.0968 0.9043
vn 0.8787 -0.1764 0.4435
vn 0.9052 0.0329 0.4238
vn 0.8993 0.0143 0.4371
vn 0.9025 -0.1431 0.4061
vn 0.9025 -0.1445 0.4058
vn 0.7019 0.6341 0.3243
vn 0.2847 0.9474 0.1462
vn 0.2976 0.9507 0.0871
vn 0.2558 0.9642 0.0703
vn 0.2357 0.9428 -0.2357
vn 0.2233 0.9488 0.2233
vn 0.1978 0.9773 -0.0756
vn 0.1978 0.9773 -0.0757
vn 0.1869 0.9784 -0.0880
vn 0.1725 0.9839 -0.0466
vn 0.2664 0.9538 -0.1385
vn 0.2664 0.9538 -0.1386
vn -0.0521 0.9641 -0.2605
vn 0.0596 0.9528 0.2977
vn 0.1571 0.9836 -0.0888
vn 0.1713 0.9824 -0.0743
vn -0.0000 0.9615 0.2748
vn -0.0000 0.9615 0.2747
vn 0.1062 0.9896 -0.0965
vn 0.3321 0.8936 -0.3019
vn 0.0614 0.9873 0.1462
vn 0.1758 0.9844 -0.0000
vn 0.1215 0.9860 0.1143
vn 0.0881 0.9945 -0.0570
vn 0.2062 0.9765 -0.0622
vn 0.2249 0.9744 -0.0000
vn 0.1673 0.9825 0.0813
vn 0.1700 0.9850 0.0307
vn 0.2138 0.9767 -0.0210
vn 0.3449 0.9332 -0.1014
vn 0.2592 0.9503 0.1728
vn 0.2125 0.9741 0.0768
vn 0.1853 0.9810 0.0581
vn 0.2012 0.9793 0.0201
vn 0.2146 0.9739 0.0743
vn 0.1143 0.9905 0.0762
vn 0.0936 0.9898 0.1070
vn 0.0479 0.9980 -0.0410
vn 0.0464 0.9966 -0.0681
vn 0.2359 0.9621 0.1366
vn 0.2747 0.9615 -0.0000
vn 0.0555 0.9985 -0.0000
vn 0.0623 0.9961 -0.0623
vn 0.1231 0.9847 0.1231
vn 0.1775 0.9814 -0.0731
vn 0.1913 0.9804 -0.0477
vn 0.1913 0.9804 -0.0479
vn 0.2055 0.9747 0.0875
vn 0.1919 0.9784 -0.0767
vn 0.1122 0.9909 0.0748
vn 0.0880 0.9850 -0.1486
vn 0.1013 0.9759 -0.1933
vn 0.2347 0.9719 0.0188
vn 0.1654 0.9849 0.0503
vn 0.0711 0.9949 0.0711
vn 0.2054 0.9748 0.0874
vn 0.0944 0.9911 0.0944
vn -0.0109 0.9898 0.1422
vn 0.1332 0.9873 -0.0862
vn 0.2815 0.9546 -0.0979
vn 0.3282 0.9025 -0.2788
vn 0.1418 0.9892 0.0370
vn -0.0973 0.9409 0.3244
vn 0.1713 0.9824 -0.0742
vn 0.2408 0.9631 -0.1204
vn 0.1399 0.9900 -0.0161
vn 0.2797 0.9545 0.1034
vn 0.2257 0.9724 0.0588
vn 0.2540 0.9442 0.2099
vn 0.2474 0.9589 0.1392
vn -0.1242 0.8199 0.5589
vn 0.0654 0.8499 0.5230
vn 0.3866 0.8699 -0.3061
vn 0.2003 0.9783 -0.0539
vn 0.2425 0.9701 -0.0000
vn 0.5619 0.8259 -0.0459
vn 0.1221 0.9900 0.0707
vn 0.1662 0.9849 0.0492
vn 0.2511 0.9379 -0.2394
vn 0.0602 0.9969 -0.0516
vn 0.2031 0.9777 0.0527
vn 0.1966 0.9800 -0.0312
vn 0.2077 0.9741 -0.0895
vn 0.1978 0.9787 0.0555
vn 0.5088 0.8579 0.0710
vn 0.3987 0.9171 0.0057
vn 0.2026 0.9774 0.0596
vn 0.2408 0.9631 0.1204
vn -0.0051 0.9978 0.0662
vn 0.1726 0.9665 -0.1898
vn -0.0924 0.9371 0.3365
vn 0.0836 0.9937 -0.0743
vn 0.1394 0.9881 -0.0656
vn 0.1472 0.9751 -0.1656
vn 0.2825 0.9534 -0.1059
vn 0.3387 0.9314 -0.1331
vn 0.9381 0.2957 -0.1802
vn 0.3231 0.9412 -0.0983
vn 0.2076 0.9713 -0.1162
vn 0.2094 0.9726 -0.1013
vn 0.8756 0.3148 -0.3663
vn 0.2850 0.9358 -0.2075
vn 0.3422 0.9205 -0.1888
vn 0.1858 0.9791 -0.0822
vn 0.8150 0.1406 -0.5621
vn 0.8134 0.1544 -0.5609
vn 0.7317 0.2630 -0.6288
vn 0.1016 0.9932 -0.0564
vn 0.1919 0.9654 -0.1766
vn 0.1872 0.9790 -0.0802
vn 0.1839 0.9810 0.0613
vn 0.1720 0.9667 -0.1892
vn 0.6704 -0.0828 -0.7374
vn -0.1959 -0.0522 0.9792
vn -0.2159 -0.0599 0.9746
vn -0.1869 -0.0540 0.9809
vn 0.7491 -0.1114 -0.6530
vn 0.7366 -0.0922 -0.6700
vn 0.6944 -0.1140 -0.7105
vn 0.2584 0.9597 -0.1107
vn 0.1803 0.9797 -0.0872
vn 0.2808 0.9459 -0.1626
vn 0.3693 0.8968 -0.2435
vn 0.2452 0.9563 -0.1594
vn 0.7547 0.5221 -0.3972
vn 0.4590 0.7763 -0.4321
vn 0.2283 0.9556 -0.1861
vn 0.4192 0.7796 -0.4653
vn 0.4779 0.7327 0.4846
vn 0.5942 0.5527 0.5843
vn 0.2378 0.8568 -0.4575
vn 0.2095 0.8607 -0.4641
vn 0.4065 0.7852 0.4671
vn 0.1204 0.9472 -0.2973
vn 0.2193 0.9084 -0.3559
vn 0.3598 0.8105 0.4622
vn 0.4572 0.6096 0.6476
vn 0.1207 0.9486 -0.2926
vn 0.0632 0.9566 -0.2846
vn 0.1103 0.9357 -0.3352
vn 0.1170 0.9358 -0.3326
vn 0.1182 0.9456 -0.3032
vn 0.2427 0.8450 0.4764
vn 0.2356 0.8365 0.4948
vn 0.3177 0.8259 0.4658
vn 0.1419 0.9359 -0.3225
vn 0.1358 0.9368 -0.3223
vn 0.0769 0.9741 -0.2128
vn 0.0953 0.9381 -0.3329
vn 0.3141 0.8127 0.4907
vn 0.3141 0.8127 0.4908
vn 0.3359 0.6765 0.6554
vn 0.2790 0.7539 0.5948
vn 0.2790 0.7539 0.5949
vn 0.0743 0.7522 0.6547
vn 0.2653 0.8428 0.4682
vn 0.9040 -0.1250 0.4087
vn 0.8810 -0.0864 0.4652
vn 0.9089 0.0084 0.4169
vn 0.3305 0.9425 0.0490
vn 0.3487 0.9300 0.1163
vn 0.9081 0.1956 0.3702
vn 0.3444 0.9251 0.1602
vn 0.3607 0.9218 0.1421
vn 0.1858 0.9822 0.0265
vn 0.2927 0.9540 0.0650
vn 0.1686 0.9654 -0.1992
vn 0.2796 0.9549 0.0997
vn 0.2052 0.8695 0.4494
vn 0.2924 0.9562 0.0122
vn 0.3481 0.8704 0.3482
vn 0.2995 0.9252 0.2330
vn 0.3931 0.8672 0.3057
vn 0.2678 0.9373 0.2231
vn 0.2179 0.9691 0.1159
vn 0.2062 0.9711 0.1203
vn 0.2996 0.9488 -0.0999
vn 0.1337 0.9896 -0.0535
vn 0.1013 0.9621 -0.2532
vn 0.2833 0.8815 0.3778
vn 0.6389 0.7666 -0.0639
vn 0.3613 0.8937 -0.2662
vn 0.1815 0.9531 0.2421
vn 0.2474 0.9542 -0.1679
vn 0.0715 0.9774 -0.1987
vn 0.0715 0.9775 -0.1987
vn 0.1578 0.9660 0.2049
vn 0.2441 0.9649 -0.0965
vn 0.1869 0.9800 0.0680
vn 0.2088 0.9744 -0.0835
vn 0.1395 0.9723 0.1873
vn 0.1549 0.9851 -0.0743
vn 0.2609 0.9565 0.1304
vn 0.2169 0.9760 -0.0181
vn 0.2621 0.9611 0.0874
vn 0.1483 0.9636 0.2224
vn 0.0292 0.9927 0.1168
vn 0.1698 0.9564 0.2377
vn 0.3452 0.9341 0.0914
vn 0.9149 0.3830 0.1277
vn 0.9652 0.2482 0.0827
vn 0.9885 -0.0864 0.1240
vn 0.1836 0.0223 0.9828
vn 0.1572 0.0432 0.9866
vn 0.2093 0.0662 0.9756
vn 0.9929 -0.1110 0.0437
vn 0.9517 0.3026 0.0526
vn 0.1218 0.0292 0.9921
vn 0.0962 0.0005 0.9954
vn 0.9876 -0.0785 -0.1356
vn 0.9777 0.0815 -0.1935
vn 0.0101 0.0805 0.9967
vn -0.0219 0.1750 0.9843
vn -0.0264 0.8044 0.5935
vn -0.0264 0.8044 0.5936
vn -0.0190 0.7789 0.6269
vn 0.9173 -0.0937 -0.3870
vn 0.9113 0.0345 -0.4103
vn 0.8525 -0.0542 -0.5198
vn 0.8430 0.0496 -0.5356
vn 0.8066 -0.0733 -0.5866
vn -0.1997 -0.0215 0.9796
vn -0.2130 -0.0280 0.9767
vn -0.1525 0.6552 0.7399
vn -0.2240 -0.0141 0.9745
vn -0.0215 0.0860 0.9961
vn -0.1794 0.7177 0.6728
vn -0.0848 0.7842 0.6146
vn -0.1771 -0.0387 0.9834
vn -0.1958 -0.0522 0.9792
vn -0.1463 0.5120 0.8464
vn -0.1877 -0.1166 0.9753
vn -0.2456 -0.0498 0.9681
vn -0.1310 0.6827 0.7189
vn -0.1260 0.8597 0.4951
vn -0.0822 0.8520 0.5171
vn -0.0777 0.8519 0.5179
vn -0.1914 0.9026 0.3856
vn -0.1963 0.6872 0.6995
vn -0.0883 0.8467 0.5247
vn -0.2295 -0.0432 0.9724
vn -0.1421 0.8507 0.5061
vn -0.1643 0.8544 0.4930
vn -0.0000 0.8944 0.4473
vn -0.2635 0.1176 0.9575
vn -0.2113 0.0105 0.9774
vn 0.6417 -0.0986 -0.7606
vn 0.1422 0.9132 -0.3818
vn 0.1580 0.9696 -0.1870
vn 0.2350 0.9280 -0.2892
vn 0.2378 0.8567 -0.4577
vn 0.2056 0.8598 -0.4673
vn 0.2182 0.8729 -0.4365
vn 0.2801 0.8160 -0.5057
vn 0.2193 0.9084 -0.3560
vn 0.1208 0.9486 -0.2925
vn 0.0837 0.9741 -0.2101
vn 0.0776 0.9689 -0.2351
vn 0.2845 0.6197 -0.7315
vn 0.2756 0.4718 -0.8375
vn 0.3391 0.3759 -0.8624
vn 0.3772 0.3939 -0.8382
vn 0.3523 0.6067 -0.7126
vn 0.3416 0.6146 -0.7111
vn 0.0836 0.9703 -0.2270
vn 0.0866 0.9163 -0.3910
vn 0.2545 0.8177 0.5163
vn 0.3780 0.0500 0.9244
vn 0.8699 -0.3196 0.3758
vn 0.8730 -0.2994 0.3849
vn 0.9129 0.1825 0.3651
vn 0.9119 -0.2590 0.3184
vn 0.9551 0.0936 0.2809
vn 0.9649 -0.1234 0.2319
vn 0.9773 -0.1109 0.1807
vn 0.2252 0.0568 0.9727
vn -0.0746 0.7987 0.5970
vn 0.2722 0.8927 0.3592
vn 0.1441 0.9467 -0.2881
vn 0.1342 0.4698 0.8725
vn 0.1218 0.0293 0.9921
vn 0.1653 0.8821 0.4410
vn -0.0036 0.8506 0.5258
vn 0.1520 0.9232 -0.3531
vn 0.1542 0.8956 -0.4173
vn 0.1826 0.9129 -0.3651
vn 0.1820 0.8223 -0.5392
vn 0.0284 0.7514 0.6592
vn 0.0084 0.2681 0.9634
vn -0.0671 0.6491 0.7578
vn -0.0902 0.8720 0.4811
vn -0.0434 0.8677 0.4951
vn 0.1359 0.9175 0.3738
vn -0.2063 0.1428 0.9680
vn 0.0158 0.9195 0.3928
vn -0.2087 0.1564 0.9654
vn -0.2087 0.1566 0.9654
vn -0.1054 0.7408 0.6634
vn 0.3287 0.5048 -0.7982
vn 0.3210 0.5618 -0.7625
vn 0.3324 -0.0270 -0.9428
vn -0.4800 0.1350 0.8668
vn -0.4732 0.1396 0.8698
vn -0.4988 0.1863 0.8465
vn -0.5119 0.1380 0.8479
vn -0.3623 0.7040 0.6108
vn -0.2833 0.8866 0.3656
vn -0.2984 0.9017 0.3130
vn -0.2792 0.9074 0.3141
vn -0.2848 0.9256 0.2492
vn -0.6730 0.7316 0.1087
vn -0.6641 0.7437 0.0761
vn -0.6642 0.7437 0.0761
vn -0.6184 0.7590 0.2038
vn -0.5141 0.5532 0.6554
vn -0.5128 0.5574 0.6530
vn -0.5334 0.6811 0.5015
vn -0.6631 0.6327 0.3999
vn -0.5045 0.6630 0.5530
vn -0.5519 0.5021 0.6658
vn -0.5461 0.5570 0.6258
vn 0.2450 -0.0674 -0.9672
vn -0.5646 0.5389 0.6251
vn -0.5628 0.5315 0.6331
vn -0.3659 0.6772 0.6383
vn -0.5699 0.7064 0.4197
vn -0.6313 0.1833 0.7535
vn 0.2966 0.0258 -0.9547
vn 0.2471 0.0339 -0.9684
vn 0.2438 0.0958 -0.9651
vn -0.0000 0.8321 0.5547
vn -0.2636 0.1318 0.9556
vn -0.1722 0.0861 0.9813
vn -0.2076 -0.0432 0.9773
vn -0.1250 0.8179 0.5616
vn -0.0414 0.8350 0.5486
vn -0.0414 0.8350 0.5487
vn -0.1011 0.8776 0.4687
vn -0.1980 0.8662 0.4589
vn 0.0107 0.9182 0.3960
vn -0.1034 0.8790 0.4654
vn -0.1639 0.5674 0.8070
vn -0.2597 0.2308 0.9377
vn 0.4589 0.1009 -0.8828
vn 0.4008 0.3802 -0.8336
vn 0.3670 0.1074 -0.9240
vn 0.3482 0.3482 -0.8704
vn 0.3226 0.0161 -0.9464
vn 0.3549 0.1586 -0.9213
vn 0.3151 0.5055 -0.8032
vn 0.0468 0.9892 -0.1386
vn 0.0444 0.9926 -0.1130
vn 0.0073 0.9750 -0.2219
vn 0.0855 0.9159 -0.3921
vn 0.2788 0.6101 0.7416
vn 0.1113 0.7710 0.6271
vn 0.1050 0.7697 0.6297
vn 0.1786 0.9279 -0.3273
vn 0.1203 0.9603 -0.2516
vn 0.0831 0.9723 -0.2185
vn -0.0266 0.9981 -0.0554
vn 0.2130 0.8027 -0.5570
vn 0.1210 0.9381 -0.3246
vn 0.2251 0.7355 -0.6391
vn 0.2888 0.3592 -0.8874
vn 0.2271 0.7156 -0.6606
vn 0.2338 0.7084 -0.6659
vn 0.1827 0.8460 -0.5009
vn 0.2545 0.7634 -0.5937
vn 0.1851 0.9129 -0.3638
vn 0.1671 0.9036 -0.3944
vn 0.3354 0.4753 -0.8134
vn 0.3210 0.5618 -0.7624
vn 0.3195 -0.0159 -0.9475
vn -0.4337 0.0498 0.8997
vn -0.3437 -0.0064 0.9391
vn -0.3327 -0.0011 0.9430
vn -0.1317 0.9720 0.1944
vn -0.1318 0.9561 0.2616
vn -0.1267 0.9550 0.2682
vn -0.4530 0.5280 0.7183
vn -0.4659 0.5668 0.6794
vn -0.2772 0.8979 0.3418
vn -0.5272 0.0020 -0.8497
vn -0.5615 -0.1032 -0.8210
vn -0.9298 -0.0373 -0.3661
vn -0.9469 -0.0036 -0.3216
vn -0.9395 0.1544 -0.3059
vn -0.7815 0.1359 -0.6089
vn -0.5084 0.8452 0.1647
vn -0.8978 0.3560 0.2592
vn -0.5440 0.6607 0.5172
vn 0.2006 -0.1234 -0.9719
vn 0.0177 -0.0065 -0.9998
vn 0.0176 -0.0064 -0.9998
vn -0.0470 -0.0171 -0.9988
vn -0.1387 0.0099 -0.9903
vn -0.1333 0.3333 0.9333
vn -0.0915 0.9108 0.4026
vn -0.0850 0.8642 0.4960
vn -0.0870 0.8311 0.5492
vn -0.2173 0.1358 0.9666
vn -0.1973 -0.1264 0.9722
vn -0.2136 -0.1123 0.9704
vn -0.2208 -0.1256 0.9672
vn 0.3406 0.0630 -0.9381
vn 0.3023 0.0275 -0.9528
vn 0.2944 0.1009 -0.9504
vn 0.2803 -0.0167 -0.9598
vn 0.2879 -0.0188 -0.9575
vn -0.2958 -0.0626 0.9532
vn -0.2675 0.4309 0.8618
vn -0.2328 0.8450 0.4815
vn 0.3158 -0.0512 -0.9474
vn 0.3005 0.0423 -0.9529
vn 0.3190 -0.0134 -0.9477
vn 0.3450 -0.0811 -0.9351
vn -0.3257 -0.0297 0.9450
vn -0.2984 -0.1084 0.9483
vn -0.1047 0.9302 0.3519
vn -0.1047 0.9301 0.3520
vn -0.0836 0.9202 0.3824
vn -0.0767 0.9204 0.3834
vn -0.3593 0.3736 0.8552
vn -0.4303 -0.1652 -0.8874
vn -0.3841 0.7682 0.5122
vn -0.0839 0.9183 0.3869
vn -0.0994 0.9440 0.3147
vn -0.5004 -0.1484 -0.8530
vn -0.4532 -0.1500 -0.8787
vn -0.7435 0.6676 -0.0387
vn -0.4852 -0.1524 -0.8610
vn -0.4970 -0.1730 -0.8503
vn -0.9477 0.0345 -0.3172
vn -0.9756 0.0036 -0.2196
vn -0.5330 0.8450 -0.0432
vn -0.5133 0.8543 -0.0825
vn -0.8180 0.4296 -0.3825
vn -0.5495 0.8317 0.0793
vn -0.7812 0.6030 0.1613
vn -0.4252 0.9035 0.0532
vn -0.9320 0.3038 0.1976
vn -0.1230 0.8426 0.5244
vn -0.2431 0.1153 0.9631
vn -0.2782 -0.0744 -0.9576
vn -0.3397 -0.0982 -0.9354
vn -0.3341 -0.0894 -0.9383
vn -0.0813 0.7313 0.6771
vn -0.2977 -0.0596 0.9528
vn -0.1507 0.8791 0.4521
vn -0.3926 -0.0951 -0.9148
vn -0.3783 -0.1040 -0.9198
vn -0.9408 0.2573 0.2206
vn -0.9382 0.2830 0.1991
vn -0.9178 0.2960 0.2644
vn -0.7713 0.6240 0.1257
vt 0.000000 0.000000
vt 0.337402 0.380859
vt 0.333496 0.383789
vt 0.326416 0.385010
vt 0.327637 0.378174
vt 0.335109 0.373851
vt 0.328106 0.377236
vt 0.332051 0.161073
vt 0.322266 0.161133
vt 0.326617 0.160078
vt 0.321514 0.159199
vt 0.843375 0.725929
vt 0.847988 0.726620
vt 0.848633 0.729736
vt 0.842518 0.734494
vt 0.844074 0.734821
vt 0.395835 0.769227
vt 0.395148 0.769771
vt 0.395020 0.768555
vt 0.397707 0.767147
vt 0.399658 0.763428
vt 0.400007 0.765172
vt 0.839821 0.734271
vt 0.841610 0.725558
vt 0.842141 0.734415
vt 0.832552 0.724882
vt 0.840319 0.725478
vt 0.834961 0.729248
vt 0.827523 0.724074
vt 0.823344 0.730961
vt 0.825302 0.731373
vt 0.410761 0.751847
vt 0.404655 0.758170
vt 0.403564 0.757080
vt 0.410889 0.749756
vt 0.411559 0.751096
vt 0.420410 0.742432
vt 0.413499 0.749343
vt 0.822854 0.730858
vt 0.816222 0.729789
vt 0.823562 0.723242
vt 0.342301 0.371535
vt 0.340614 0.372296
vt 0.341064 0.379639
vt 0.339600 0.381348
vt 0.340718 0.381115
vt 0.343681 0.379929
vt 0.339819 0.381567
vt 0.339460 0.381711
vt 0.339320 0.381689
vt 0.333765 0.384250
vt 0.333391 0.384452
vt 0.332680 0.384605
vt 0.327463 0.386056
vt 0.325306 0.386358
vt 0.321743 0.386649
vt 0.320401 0.387166
vt 0.320801 0.384766
vt 0.317445 0.387759
vt 0.309594 0.389498
vt 0.304095 0.390060
vt 0.307617 0.386475
vt 0.299561 0.388428
vt 0.303955 0.384521
vt 0.300690 0.382073
vt 0.297517 0.382589
vt 0.383409 0.164542
vt 0.371826 0.170410
vt 0.374641 0.164039
vt 0.368399 0.164180
vt 0.358643 0.171143
vt 0.364004 0.163938
vt 0.308678 0.379793
vt 0.312120 0.379694
vt 0.312256 0.384033
vt 0.304709 0.380859
vt 0.313979 0.379528
vt 0.317468 0.379161
vt 0.356184 0.164914
vt 0.346436 0.166504
vt 0.351066 0.163990
vt 0.345208 0.163093
vt 0.340914 0.162652
vt 0.335449 0.164795
vt 0.335719 0.161694
vt 0.327310 0.377571
vt 0.322877 0.377707
vt 0.344995 0.169806
vt 0.345240 0.169852
vt 0.385943 0.779105
vt 0.382304 0.782831
vt 0.385742 0.777100
vt 0.388916 0.776123
vt 0.388077 0.777102
vt 0.392625 0.772473
vt 0.391986 0.773676
vt 0.391602 0.772217
vt 0.388184 0.764404
vt 0.379450 0.770010
vt 0.375659 0.775507
vt 0.562104 0.633354
vt 0.556885 0.636963
vt 0.559195 0.633729
vt 0.554122 0.633881
vt 0.549805 0.639648
vt 0.550330 0.632640
vt 0.765296 0.365483
vt 0.762745 0.366530
vt 0.764648 0.362061
vt 0.770259 0.362401
vt 0.778320 0.351563
vt 0.779030 0.354898
vt 0.781301 0.353549
vt 0.875931 0.684616
vt 0.874512 0.686035
vt 0.867188 0.674072
vt 0.871438 0.676537
vt 0.384794 0.761015
vt 0.391026 0.754674
vt 0.397505 0.747417
vt 0.867188 0.665760
vt 0.868805 0.669669
vt 0.861084 0.660889
vt 0.866733 0.664730
vt 0.862294 0.657136
vt 0.858643 0.652588
vt 0.858930 0.652631
vt 0.404159 0.741830
vt 0.405571 0.740499
vt 0.407956 0.738383
vt 0.421875 0.738770
vt 0.417728 0.731041
vt 0.419415 0.728988
vt 0.425997 0.721258
vt 0.428955 0.729736
vt 0.427808 0.719330
vt 0.428855 0.717892
vt 0.438721 0.719727
vt 0.445313 0.711670
vt 0.441650 0.718750
vt 0.432129 0.730713
vt 0.433084 0.730014
vt 0.441697 0.719193
vt 0.432668 0.730513
vt 0.432286 0.730975
vt 0.432098 0.731210
vt 0.427754 0.735096
vt 0.425812 0.737240
vt 0.427490 0.734863
vt 0.424417 0.739001
vt 0.423674 0.739744
vt 0.421332 0.742662
vt 0.420922 0.742944
vt 0.420136 0.743693
vt 0.815276 0.729599
vt 0.822260 0.723032
vt 0.816061 0.729763
vt 0.815916 0.721704
vt 0.814676 0.729541
vt 0.811065 0.721236
vt 0.803595 0.729296
vt 0.803391 0.729292
vt 0.809098 0.721192
vt 0.802675 0.729320
vt 0.802163 0.721469
vt 0.795652 0.730617
vt 0.795591 0.730628
vt 0.800466 0.721782
vt 0.792236 0.719482
vt 0.796857 0.719251
vt 0.451212 0.185847
vt 0.445640 0.187225
vt 0.451416 0.182373
vt 0.456603 0.184397
vt 0.468018 0.182129
vt 0.466190 0.183280
vt 0.083035 0.868339
vt 0.087585 0.866032
vt 0.083984 0.869873
vt 0.364334 0.363046
vt 0.365086 0.362310
vt 0.364502 0.364502
vt 0.355957 0.374756
vt 0.360809 0.364446
vt 0.356838 0.365801
vt 0.349689 0.377796
vt 0.352323 0.376573
vt 0.349628 0.377820
vt 0.354356 0.366954
vt 0.349662 0.377809
vt 0.351267 0.367985
vt 0.348696 0.378112
vt 0.347704 0.369102
vt 0.257817 0.391280
vt 0.263672 0.391113
vt 0.258648 0.391323
vt 0.264541 0.391886
vt 0.274902 0.392090
vt 0.273158 0.392837
vt 0.274965 0.392837
vt 0.277344 0.392875
vt 0.281494 0.390625
vt 0.281640 0.392816
vt 0.270752 0.388672
vt 0.278809 0.386963
vt 0.290283 0.392090
vt 0.286947 0.392378
vt 0.289911 0.392230
vt 0.290537 0.392293
vt 0.290283 0.392323
vt 0.290884 0.392188
vt 0.300014 0.390423
vt 0.288279 0.384229
vt 0.281546 0.384548
vt 0.417323 0.169726
vt 0.425039 0.168481
vt 0.419189 0.173584
vt 0.405518 0.173096
vt 0.411178 0.169092
vt 0.402554 0.166725
vt 0.391113 0.169678
vt 0.396121 0.165954
vt 0.293983 0.383612
vt 0.388494 0.164688
vt 0.385732 0.174521
vt 0.391475 0.175147
vt 0.516777 0.637267
vt 0.518555 0.634766
vt 0.519758 0.637173
vt 0.526123 0.635254
vt 0.524916 0.636132
vt 0.526277 0.636175
vt 0.529835 0.636534
vt 0.537109 0.635254
vt 0.534318 0.636998
vt 0.360214 0.172991
vt 0.367111 0.173341
vt 0.379558 0.174197
vt 0.543601 0.639043
vt 0.542305 0.638899
vt 0.543457 0.637939
vt 0.547607 0.639404
vt 0.546935 0.640220
vt 0.547531 0.640479
vt 0.548758 0.641009
vt 0.550223 0.641428
vt 0.552734 0.641113
vt 0.552455 0.641498
vt 0.552804 0.641463
vt 0.555176 0.641846
vt 0.555013 0.642125
vt 0.555420 0.640869
vt 0.557617 0.642090
vt 0.555502 0.642405
vt 0.559082 0.642334
vt 0.557240 0.643472
vt 0.562988 0.641846
vt 0.381892 0.783328
vt 0.379883 0.784668
vt 0.544189 0.636963
vt 0.353680 0.171532
vt 0.345933 0.169987
vt 0.544350 0.631504
vt 0.542023 0.630832
vt 0.750927 0.374388
vt 0.759376 0.368906
vt 0.751221 0.365723
vt 0.759033 0.361328
vt 0.753662 0.363037
vt 0.760986 0.357910
vt 0.873545 0.706573
vt 0.877441 0.707031
vt 0.881836 0.717041
vt 0.874510 0.708040
vt 0.871411 0.702887
vt 0.873779 0.700684
vt 0.873326 0.706125
vt 0.874512 0.696777
vt 0.876709 0.698242
vt 0.872559 0.688232
vt 0.870605 0.687744
vt 0.868408 0.682617
vt 0.864502 0.676025
vt 0.861816 0.666016
vt 0.860107 0.667725
vt 0.860596 0.672119
vt 0.856201 0.664063
vt 0.854492 0.674316
vt 0.853027 0.668945
vt 0.853027 0.660645
vt 0.849365 0.664307
vt 0.845947 0.655762
vt 0.844482 0.657227
vt 0.843261 0.660541
vt 0.844656 0.662562
vt 0.278684 0.224661
vt 0.268311 0.225098
vt 0.273544 0.224225
vt 0.268020 0.223644
vt 0.264603 0.223353
vt 0.261623 0.223644
vt 0.254395 0.225830
vt 0.256149 0.223757
vt 0.833322 0.642720
vt 0.839844 0.651123
vt 0.835762 0.648297
vt 0.837583 0.651249
vt 0.839634 0.654891
vt 0.840122 0.655700
vt 0.833252 0.641113
vt 0.837646 0.643066
vt 0.842529 0.647949
vt 0.847656 0.649902
vt 0.850830 0.655273
vt 0.852051 0.651367
vt 0.854492 0.659912
vt 0.854736 0.653076
vt 0.848145 0.642578
vt 0.848633 0.638916
vt 0.857386 0.648660
vt 0.853573 0.642133
vt 0.850058 0.637052
vt 0.843262 0.632324
vt 0.846876 0.633357
vt 0.844888 0.631240
vt 0.843731 0.629980
vt 0.804854 0.614004
vt 0.802979 0.615234
vt 0.803955 0.606445
vt 0.804591 0.606786
vt 0.805206 0.605898
vt 0.809326 0.596191
vt 0.810495 0.599464
vt 0.813393 0.595344
vt 0.814941 0.586182
vt 0.815111 0.592282
vt 0.454749 0.689305
vt 0.450439 0.704834
vt 0.452481 0.691659
vt 0.443590 0.701006
vt 0.442637 0.701995
vt 0.453857 0.706055
vt 0.447580 0.712123
vt 0.450361 0.709551
vt 0.445146 0.714974
vt 0.442054 0.718750
vt 0.441899 0.718936
vt 0.443060 0.178891
vt 0.455772 0.174256
vt 0.458548 0.173894
vt 0.471517 0.173277
vt 0.474036 0.173350
vt 0.457171 0.702575
vt 0.462158 0.695557
vt 0.460980 0.698619
vt 0.462158 0.697301
vt 0.463729 0.695792
vt 0.463886 0.695400
vt 0.467285 0.689941
vt 0.467913 0.690988
vt 0.490970 0.172944
vt 0.484375 0.182861
vt 0.483724 0.172440
vt 0.498535 0.174805
vt 0.499512 0.180908
vt 0.512230 0.183080
vt 0.515079 0.182307
vt 0.108411 0.852919
vt 0.111816 0.852539
vt 0.108071 0.853328
vt 0.111816 0.854736
vt 0.107723 0.853659
vt 0.110840 0.860107
vt 0.107393 0.853903
vt 0.502532 0.185743
vt 0.499883 0.186415
vt 0.499023 0.186035
vt 0.498773 0.186516
vt 0.497514 0.186298
vt 0.484087 0.183661
vt 0.470408 0.183283
vt 0.467358 0.183118
vt 0.087769 0.865924
vt 0.092041 0.871338
vt 0.087668 0.865993
vt 0.086787 0.875012
vt 0.087371 0.874896
vt 0.101459 0.870082
vt 0.092436 0.875489
vt 0.100098 0.861572
vt 0.102782 0.869178
vt 0.110596 0.862793
vt 0.107620 0.865577
vt 0.109597 0.864252
vt 0.110980 0.862985
vt 0.111063 0.862787
vt 0.424818 0.177806
vt 0.418095 0.177336
vt 0.440430 0.170654
vt 0.432306 0.176866
vt 0.241839 0.387887
vt 0.234512 0.387624
vt 0.237061 0.380615
vt 0.246582 0.384033
vt 0.243211 0.388457
vt 0.251190 0.390397
vt 0.253418 0.386230
vt 0.251882 0.390619
vt 0.357704 0.374686
vt 0.355957 0.375000
vt 0.257727 0.391258
vt 0.258057 0.387207
vt 0.255509 0.383219
vt 0.252960 0.382567
vt 0.257518 0.383222
vt 0.259584 0.383800
vt 0.262014 0.383653
vt 0.251249 0.381783
vt 0.247450 0.380562
vt 0.244209 0.378413
vt 0.271408 0.384474
vt 0.262695 0.386719
vt 0.267010 0.383994
vt 0.276152 0.384591
vt 0.237182 0.375399
vt 0.239695 0.376532
vt 0.234270 0.375035
vt 0.278380 0.384477
vt 0.435577 0.167136
vt 0.412283 0.176685
vt 0.118075 0.857190
vt 0.121094 0.854980
vt 0.120982 0.855316
vt 0.121218 0.855229
vt 0.504758 0.635645
vt 0.504301 0.635534
vt 0.504395 0.635254
vt 0.505793 0.635813
vt 0.504883 0.633057
vt 0.510336 0.637147
vt 0.405518 0.176027
vt 0.400675 0.175772
vt 0.513672 0.632080
vt 0.511934 0.637510
vt 0.515625 0.636719
vt 0.514089 0.637295
vt 0.515844 0.637432
vt 0.524414 0.634033
vt 0.521078 0.628918
vt 0.519749 0.628937
vt 0.522845 0.628799
vt 0.525660 0.628434
vt 0.526123 0.629395
vt 0.535144 0.629358
vt 0.530891 0.628997
vt 0.567228 0.177154
vt 0.558251 0.177461
vt 0.563232 0.168701
vt 0.746481 0.377323
vt 0.739258 0.372559
vt 0.744201 0.367929
vt 0.741456 0.369890
vt 0.625929 0.685989
vt 0.618652 0.689697
vt 0.619359 0.688362
vt 0.617710 0.689174
vt 0.615355 0.690796
vt 0.611084 0.697021
vt 0.613257 0.692023
vt 0.746598 0.366491
vt 0.750732 0.363177
vt 0.881906 0.719274
vt 0.880789 0.717774
vt 0.609374 0.693882
vt 0.609619 0.693694
vt 0.609619 0.694092
vt 0.608081 0.695071
vt 0.607081 0.695844
vt 0.601129 0.698150
vt 0.592285 0.703369
vt 0.596193 0.699834
vt 0.592378 0.701322
vt 0.590850 0.702412
vt 0.587402 0.704834
vt 0.588458 0.703682
vt 0.868906 0.698547
vt 0.868896 0.697998
vt 0.868749 0.698322
vt 0.868675 0.698219
vt 0.868361 0.697812
vt 0.864566 0.692411
vt 0.861480 0.687986
vt 0.574140 0.714081
vt 0.572998 0.716553
vt 0.571690 0.715462
vt 0.567590 0.717425
vt 0.561523 0.721680
vt 0.564315 0.718888
vt 0.856027 0.679434
vt 0.860596 0.679443
vt 0.858069 0.683136
vt 0.861276 0.687606
vt 0.865234 0.681885
vt 0.854236 0.675852
vt 0.853725 0.675046
vt 0.852803 0.673702
vt 0.851034 0.670690
vt 0.558732 0.722377
vt 0.557617 0.728027
vt 0.557617 0.724573
vt 0.556540 0.728027
vt 0.303975 0.227441
vt 0.305599 0.227773
vt 0.305420 0.228760
vt 0.293945 0.226563
vt 0.294365 0.226353
vt 0.849241 0.668418
vt 0.847700 0.665734
vt 0.293606 0.226203
vt 0.294001 0.226269
vt 0.284180 0.226074
vt 0.285785 0.224958
vt 0.297657 0.237755
vt 0.298457 0.237841
vt 0.671942 0.453199
vt 0.678955 0.459717
vt 0.673887 0.459430
vt 0.676469 0.469087
vt 0.681641 0.469727
vt 0.677051 0.471256
vt 0.683838 0.475342
vt 0.677440 0.472434
vt 0.679767 0.481740
vt 0.685303 0.484619
vt 0.680219 0.483678
vt 0.255605 0.237532
vt 0.257969 0.237466
vt 0.268707 0.236783
vt 0.271636 0.237025
vt 0.282321 0.237755
vt 0.685547 0.496338
vt 0.682732 0.491010
vt 0.684636 0.496669
vt 0.686837 0.502436
vt 0.688721 0.492432
vt 0.688317 0.506158
vt 0.241915 0.238559
vt 0.242676 0.238468
vt 0.241455 0.227051
vt 0.249706 0.224044
vt 0.248433 0.224216
vt 0.831623 0.638399
vt 0.833042 0.641649
vt 0.831787 0.635986
vt 0.836670 0.635254
vt 0.838379 0.640381
vt 0.841797 0.641602
vt 0.842529 0.633789
vt 0.838623 0.629639
vt 0.834229 0.631592
vt 0.799561 0.603760
vt 0.802734 0.609863
vt 0.796143 0.605469
vt 0.802490 0.598145
vt 0.798340 0.598389
vt 0.801270 0.594238
vt 0.808838 0.593018
vt 0.805664 0.597168
vt 0.801514 0.601563
vt 0.803955 0.586426
vt 0.806641 0.582764
vt 0.811523 0.582520
vt 0.810303 0.577393
vt 0.817383 0.574707
vt 0.813477 0.574463
vt 0.819824 0.569824
vt 0.824219 0.568848
vt 0.821045 0.574463
vt 0.826406 0.575995
vt 0.827114 0.574832
vt 0.670301 0.677051
vt 0.672852 0.670654
vt 0.674000 0.675106
vt 0.682373 0.666992
vt 0.677209 0.674655
vt 0.465133 0.677843
vt 0.473489 0.669169
vt 0.472656 0.680664
vt 0.463618 0.679144
vt 0.822744 0.582440
vt 0.818856 0.587256
vt 0.817139 0.582275
vt 0.819580 0.577637
vt 0.823953 0.581281
vt 0.825975 0.576696
vt 0.815674 0.583008
vt 0.818008 0.588280
vt 0.812256 0.586914
vt 0.459717 0.694824
vt 0.462245 0.680626
vt 0.472900 0.685547
vt 0.468384 0.690674
vt 0.472831 0.686664
vt 0.477892 0.682091
vt 0.478027 0.678711
vt 0.481377 0.678897
vt 0.675630 0.658075
vt 0.677490 0.658447
vt 0.670898 0.664063
vt 0.673568 0.660137
vt 0.506917 0.170629
vt 0.521186 0.167014
vt 0.520996 0.169678
vt 0.501405 0.172253
vt 0.527798 0.166713
vt 0.539556 0.167034
vt 0.651994 0.673811
vt 0.658926 0.670280
vt 0.656982 0.673584
vt 0.650391 0.676270
vt 0.651524 0.674002
vt 0.645752 0.677246
vt 0.650777 0.674315
vt 0.646459 0.675833
vt 0.643311 0.677734
vt 0.643753 0.677268
vt 0.643311 0.677455
vt 0.642751 0.677706
vt 0.634521 0.682129
vt 0.636266 0.680057
vt 0.557581 0.167550
vt 0.543701 0.167725
vt 0.545697 0.167187
vt 0.542550 0.166957
vt 0.552532 0.177249
vt 0.537562 0.178776
vt 0.532033 0.178910
vt 0.510527 0.626996
vt 0.513026 0.627427
vt 0.511475 0.630615
vt 0.503418 0.627686
vt 0.504879 0.625693
vt 0.519874 0.180902
vt 0.524170 0.175293
vt 0.521454 0.180582
vt 0.112687 0.848724
vt 0.114547 0.847794
vt 0.114746 0.849854
vt 0.502686 0.629150
vt 0.115723 0.851318
vt 0.115967 0.853271
vt 0.120117 0.852783
vt 0.115967 0.856445
vt 0.519230 0.628779
vt 0.738527 0.161795
vt 0.735387 0.163993
vt 0.733398 0.164307
vt 0.733398 0.165563
vt 0.626452 0.685717
vt 0.627257 0.685336
vt 0.626465 0.686035
vt 0.626325 0.685700
vt 0.626211 0.685857
vt 0.632195 0.682274
vt 0.634521 0.680869
vt 0.642578 0.686768
vt 0.634857 0.693057
vt 0.641336 0.689544
vt 0.835959 0.553711
vt 0.833252 0.545654
vt 0.836387 0.551739
vt 0.837401 0.545654
vt 0.837158 0.536377
vt 0.838916 0.539717
vt 0.619795 0.699600
vt 0.621455 0.698945
vt 0.617647 0.700924
vt 0.839620 0.536289
vt 0.838623 0.528809
vt 0.840083 0.530799
vt 0.840415 0.528278
vt 0.841064 0.519775
vt 0.841563 0.520626
vt 0.605575 0.707631
vt 0.607630 0.706521
vt 0.604736 0.703857
vt 0.605225 0.697510
vt 0.602763 0.708700
vt 0.593413 0.717657
vt 0.591470 0.719264
vt 0.584590 0.721690
vt 0.584961 0.711670
vt 0.579216 0.724799
vt 0.842373 0.504108
vt 0.842324 0.505563
vt 0.841309 0.504150
vt 0.838867 0.499023
vt 0.842073 0.500855
vt 0.665664 0.420576
vt 0.672363 0.426270
vt 0.666182 0.425850
vt 0.666558 0.430538
vt 0.672363 0.432861
vt 0.666992 0.432545
vt 0.669059 0.440937
vt 0.676270 0.448975
vt 0.669989 0.446031
vt 0.675049 0.440430
vt 0.678223 0.448975
vt 0.680420 0.458496
vt 0.680908 0.450195
vt 0.683838 0.453125
vt 0.687744 0.450928
vt 0.690430 0.446777
vt 0.684570 0.447266
vt 0.687500 0.443115
vt 0.690918 0.443115
vt 0.697266 0.441162
vt 0.700057 0.442880
vt 0.700196 0.442418
vt 0.700231 0.443253
vt 0.693848 0.447510
vt 0.700196 0.442975
vt 0.697510 0.447021
vt 0.693848 0.450684
vt 0.701662 0.449791
vt 0.701697 0.449324
vt 0.701975 0.450041
vt 0.703984 0.452497
vt 0.697510 0.453613
vt 0.691895 0.454834
vt 0.690186 0.459717
vt 0.694092 0.459229
vt 0.696289 0.463135
vt 0.687256 0.464844
vt 0.682373 0.465332
vt 0.682373 0.461426
vt 0.685303 0.458740
vt 0.685791 0.454590
vt 0.682617 0.468750
vt 0.685547 0.469971
vt 0.691895 0.466064
vt 0.690918 0.469971
vt 0.696289 0.469727
vt 0.687988 0.472656
vt 0.696289 0.471680
vt 0.699951 0.472900
vt 0.690186 0.476318
vt 0.696045 0.476074
vt 0.700684 0.478516
vt 0.693848 0.477783
vt 0.699463 0.480469
vt 0.704102 0.481934
vt 0.699951 0.484619
vt 0.705811 0.483643
vt 0.697510 0.489990
vt 0.693848 0.486572
vt 0.694336 0.480469
vt 0.689697 0.484375
vt 0.686768 0.481689
vt 0.686768 0.477295
vt 0.689453 0.489990
vt 0.691162 0.496582
vt 0.697266 0.495850
vt 0.695313 0.503174
vt 0.695068 0.507324
vt 0.688648 0.507269
vt 0.689247 0.508779
vt 0.223109 0.242511
vt 0.231201 0.230957
vt 0.224114 0.242421
vt 0.241232 0.238708
vt 0.233887 0.228516
vt 0.224365 0.231201
vt 0.232288 0.226408
vt 0.226330 0.226579
vt 0.214401 0.232236
vt 0.219921 0.229700
vt 0.214111 0.233154
vt 0.480052 0.434328
vt 0.475446 0.430753
vt 0.476074 0.429932
vt 0.481445 0.430664
vt 0.480744 0.434871
vt 0.497607 0.438408
vt 0.481099 0.434902
vt 0.489746 0.431396
vt 0.507080 0.435059
vt 0.499691 0.438971
vt 0.805937 0.582316
vt 0.806948 0.581228
vt 0.809919 0.577462
vt 0.512731 0.442940
vt 0.527832 0.442383
vt 0.520843 0.445803
vt 0.524442 0.446903
vt 0.527832 0.448331
vt 0.536807 0.451025
vt 0.545410 0.446289
vt 0.542151 0.452807
vt 0.816523 0.568007
vt 0.817188 0.566780
vt 0.817627 0.567383
vt 0.813189 0.573695
vt 0.812781 0.574295
vt 0.819649 0.559965
vt 0.820801 0.558594
vt 0.822998 0.562744
vt 0.824951 0.555176
vt 0.822266 0.553955
vt 0.822510 0.549561
vt 0.825928 0.550537
vt 0.823730 0.546387
vt 0.829346 0.545410
vt 0.830322 0.547119
vt 0.833252 0.540771
vt 0.831787 0.546875
vt 0.834717 0.539063
vt 0.834961 0.535889
vt 0.835449 0.529541
vt 0.836670 0.523682
vt 0.835205 0.525146
vt 0.835938 0.520996
vt 0.833496 0.522461
vt 0.834229 0.516846
vt 0.836670 0.514160
vt 0.837646 0.516602
vt 0.838135 0.508301
vt 0.840820 0.509766
vt 0.841740 0.518875
vt 0.842269 0.510287
vt 0.841698 0.519752
vt 0.836914 0.507813
vt 0.834961 0.509521
vt 0.833496 0.512695
vt 0.832520 0.515381
vt 0.830078 0.515381
vt 0.831543 0.510742
vt 0.827637 0.513672
vt 0.830078 0.509766
vt 0.830566 0.507324
vt 0.835693 0.504883
vt 0.830078 0.504883
vt 0.831787 0.501709
vt 0.834229 0.499756
vt 0.836426 0.499512
vt 0.677002 0.415283
vt 0.677246 0.419189
vt 0.672852 0.416016
vt 0.676025 0.428711
vt 0.669922 0.417969
vt 0.675781 0.436035
vt 0.678711 0.430664
vt 0.679199 0.438477
vt 0.682373 0.435547
vt 0.688232 0.437256
vt 0.686523 0.441406
vt 0.680176 0.445801
vt 0.693359 0.436768
vt 0.694092 0.434570
vt 0.691162 0.433838
vt 0.692871 0.431641
vt 0.698975 0.431152
vt 0.692383 0.427246
vt 0.698730 0.425049
vt 0.695313 0.424316
vt 0.698870 0.423861
vt 0.697825 0.422118
vt 0.699010 0.424713
vt 0.700268 0.426167
vt 0.700894 0.427889
vt 0.701278 0.430513
vt 0.700280 0.431767
vt 0.698702 0.433823
vt 0.701522 0.439401
vt 0.697998 0.438232
vt 0.701261 0.439192
vt 0.700027 0.437574
vt 0.699228 0.434861
vt 0.696289 0.438965
vt 0.701453 0.439697
vt 0.700964 0.444928
vt 0.701027 0.446393
vt 0.703358 0.447381
vt 0.703125 0.447754
vt 0.703824 0.447754
vt 0.703509 0.448068
vt 0.702706 0.448872
vt 0.705497 0.457524
vt 0.701904 0.457520
vt 0.703696 0.456752
vt 0.699219 0.454590
vt 0.702718 0.454590
vt 0.703824 0.452706
vt 0.700195 0.459473
vt 0.703613 0.459229
vt 0.699463 0.463379
vt 0.697998 0.467529
vt 0.705078 0.467285
vt 0.706076 0.465980
vt 0.704486 0.463239
vt 0.703705 0.461370
vt 0.704032 0.460903
vt 0.706753 0.460799
vt 0.705393 0.458914
vt 0.706439 0.457868
vt 0.708079 0.472384
vt 0.708864 0.473389
vt 0.705566 0.473389
vt 0.707702 0.471505
vt 0.702637 0.469971
vt 0.706852 0.469825
vt 0.706921 0.465903
vt 0.706614 0.467477
vt 0.706416 0.468662
vt 0.706543 0.476318
vt 0.707731 0.475480
vt 0.707242 0.476598
vt 0.707840 0.480065
vt 0.710032 0.480538
vt 0.710050 0.481287
vt 0.708794 0.484899
vt 0.708910 0.486118
vt 0.710275 0.487861
vt 0.710205 0.488770
vt 0.702148 0.497070
vt 0.711623 0.491062
vt 0.711323 0.489888
vt 0.824070 0.519950
vt 0.824288 0.518206
vt 0.826904 0.517334
vt 0.825684 0.520508
vt 0.824009 0.520298
vt 0.713650 0.498333
vt 0.714806 0.502074
vt 0.709229 0.506836
vt 0.712317 0.495222
vt 0.700195 0.510986
vt 0.712402 0.519775
vt 0.704834 0.522461
vt 0.702393 0.521484
vt 0.698486 0.510498
vt 0.696039 0.525515
vt 0.696082 0.525610
vt 0.700494 0.534036
vt 0.696115 0.525684
vt 0.704346 0.531494
vt 0.707764 0.543213
vt 0.701943 0.541849
vt 0.480208 0.422376
vt 0.492022 0.421967
vt 0.221100 0.243576
vt 0.211927 0.246931
vt 0.210938 0.239014
vt 0.492285 0.421977
vt 0.492584 0.422035
vt 0.489014 0.429688
vt 0.495850 0.430664
vt 0.511641 0.427506
vt 0.511685 0.427516
vt 0.719843 0.571385
vt 0.715276 0.565260
vt 0.721680 0.562988
vt 0.776240 0.781892
vt 0.769287 0.774414
vt 0.774414 0.771240
vt 0.779255 0.781829
vt 0.511771 0.427548
vt 0.527530 0.432320
vt 0.519287 0.435791
vt 0.505615 0.432129
vt 0.524414 0.439209
vt 0.538086 0.441162
vt 0.529626 0.432919
vt 0.546329 0.437498
vt 0.547148 0.437756
vt 0.570756 0.439035
vt 0.571948 0.438994
vt 0.571045 0.439941
vt 0.569114 0.438923
vt 0.560547 0.440674
vt 0.560126 0.439550
vt 0.549931 0.438020
vt 0.551270 0.445313
vt 0.552979 0.446777
vt 0.563477 0.446533
vt 0.559326 0.448242
vt 0.552740 0.455607
vt 0.553047 0.455451
vt 0.553465 0.455237
vt 0.562744 0.453613
vt 0.557012 0.454872
vt 0.562022 0.454242
vt 0.472704 0.226191
vt 0.472448 0.226960
vt 0.472168 0.226074
vt 0.474609 0.218994
vt 0.474912 0.219786
vt 0.821546 0.554675
vt 0.821882 0.553931
vt 0.821967 0.553657
vt 0.821991 0.553297
vt 0.822181 0.549890
vt 0.777970 0.761122
vt 0.769531 0.760498
vt 0.776231 0.759870
vt 0.770002 0.757986
vt 0.767804 0.756965
vt 0.760947 0.752124
vt 0.760742 0.762451
vt 0.759569 0.751188
vt 0.729150 0.542425
vt 0.731733 0.550846
vt 0.724365 0.543701
vt 0.724609 0.537842
vt 0.728825 0.540168
vt 0.823311 0.539508
vt 0.827393 0.537598
vt 0.823267 0.539661
vt 0.824707 0.540283
vt 0.823242 0.539865
vt 0.824951 0.542480
vt 0.823207 0.540082
vt 0.822880 0.544552
vt 0.822474 0.546656
vt 0.826660 0.542480
vt 0.830078 0.537598
vt 0.831543 0.539551
vt 0.834229 0.532471
vt 0.828857 0.534424
vt 0.830078 0.530518
vt 0.827637 0.534180
vt 0.826172 0.531494
vt 0.827393 0.528564
vt 0.831299 0.526611
vt 0.825195 0.527832
vt 0.828369 0.524658
vt 0.824707 0.526611
vt 0.823577 0.527616
vt 0.824140 0.528120
vt 0.823426 0.525411
vt 0.822928 0.526507
vt 0.826416 0.524414
vt 0.823904 0.523857
vt 0.822858 0.523438
vt 0.822851 0.523089
vt 0.823242 0.522949
vt 0.824463 0.523438
vt 0.829102 0.521240
vt 0.831299 0.520996
vt 0.831787 0.518066
vt 0.828613 0.518555
vt 0.823522 0.521412
vt 0.715729 0.505627
vt 0.716439 0.509149
vt 0.718237 0.514524
vt 0.720655 0.517942
vt 0.722632 0.523586
vt 0.724093 0.528257
vt 0.724482 0.529133
vt 0.725622 0.531249
vt 0.717041 0.535645
vt 0.726354 0.532609
vt 0.727517 0.535952
vt 0.727702 0.537049
vt 0.823660 0.535924
vt 0.824079 0.533726
vt 0.824707 0.535400
vt 0.823451 0.536656
vt 0.823750 0.536706
vt 0.823722 0.536889
vt 0.824236 0.533499
vt 0.824288 0.533169
vt 0.824114 0.533099
vt 0.824951 0.531006
vt 0.824166 0.531320
vt 0.824428 0.529751
vt 0.709717 0.533691
vt 0.711182 0.544922
vt 0.707520 0.533203
vt 0.713379 0.552490
vt 0.709961 0.551270
vt 0.702874 0.544785
vt 0.703723 0.547223
vt 0.706505 0.554220
vt 0.708699 0.557582
vt 0.715088 0.556885
vt 0.711692 0.561445
vt 0.721680 0.559326
vt 0.724121 0.567871
vt 0.766602 0.767822
vt 0.768555 0.770996
vt 0.767822 0.774170
vt 0.722900 0.556396
vt 0.726074 0.563965
vt 0.717041 0.553955
vt 0.775879 0.768311
vt 0.570557 0.445068
vt 0.578857 0.444092
vt 0.576904 0.445313
vt 0.566650 0.446777
vt 0.559570 0.450439
vt 0.778809 0.762939
vt 0.732052 0.551703
vt 0.821934 0.548921
vt 0.475588 0.217596
vt 0.475151 0.218907
vt 0.571533 0.453613
vt 0.820369 0.558402
vt 0.552539 0.455556
vt 0.573031 0.438994
vt 0.580673 0.438343
vt 0.823416 0.517770
vt 0.823520 0.516987
vt 0.824219 0.515869
vt 0.826660 0.511963
vt 0.824462 0.513690
vt 0.823939 0.515520
vt 0.823380 0.515590
vt 0.823206 0.513847
vt 0.824148 0.510707
vt 0.824200 0.510028
vt 0.823783 0.510185
vt 0.828125 0.506104
vt 0.823975 0.509033
vt 0.825195 0.506104
vt 0.823660 0.507486
vt 0.822823 0.509494
vt 0.823325 0.506649
vt 0.821060 0.506418
vt 0.824707 0.504883
vt 0.828857 0.502197
vt 0.826904 0.502197
vt 0.828125 0.498535
vt 0.681641 0.416504
vt 0.684326 0.412842
vt 0.685547 0.417480
vt 0.679199 0.424072
vt 0.686279 0.422852
vt 0.683350 0.428955
vt 0.686035 0.427734
vt 0.688965 0.430908
vt 0.686768 0.433105
vt 0.690674 0.429688
vt 0.688477 0.422119
vt 0.687500 0.418701
vt 0.693604 0.420654
vt 0.694824 0.416016
vt 0.690674 0.414551
vt 0.822404 0.500593
vt 0.822998 0.500244
vt 0.824707 0.500977
vt 0.822195 0.501709
vt 0.696874 0.418692
vt 0.696222 0.417413
vt 0.821881 0.503489
vt 0.823975 0.504150
vt 0.822927 0.504360
vt 0.821739 0.505688
vt 0.821601 0.499545
vt 0.831787 0.499023
vt 0.822183 0.510825
vt 0.710811 0.488606
vt 0.697616 0.420829
vt 0.830322 0.553711
vt 0.829834 0.552979
vt 0.827637 0.560547
vt 0.825928 0.560059
vt 0.830396 0.568848
vt 0.831111 0.567110
vt 0.655386 0.683584
vt 0.657161 0.682861
vt 0.647884 0.686591
vt 0.833941 0.559340
vt 0.833584 0.560547
vt 0.810154 0.577216
vt 0.803152 0.586670
vt 0.803955 0.585811
vt 0.799595 0.590750
vt 0.794922 0.595459
vt 0.795411 0.594411
vt 0.794685 0.595266
vt 0.794808 0.595116
vt 0.794223 0.595878
vt 0.790283 0.604736
vt 0.790667 0.601954
vt 0.233618 0.226167
vt 0.236329 0.225812
vt 0.241193 0.224870
vt 0.242010 0.224989
vt 0.158191 0.083333
vt 0.159044 0.083546
vt 0.158447 0.084229
vt 0.160846 0.084133
vt 0.223338 0.228325
vt 0.687256 0.453369
vt 0.688721 0.452148
vt 0.668003 0.436131
vt 0.566560 0.734780
vt 0.567503 0.733095
vt 0.561211 0.743751
vt 0.299355 0.237969
vt 0.570461 0.731773
vt 0.665433 0.417969
vt 0.577637 0.712402
vt 0.584522 0.705890
vt 0.578103 0.711470
vt 0.586634 0.704296
vt 0.660818 0.669259
vt 0.665283 0.668701
vt 0.668117 0.664780
vt 0.664291 0.667337
vt 0.669140 0.663686
vt 0.670001 0.663120
vt 0.670459 0.662869
vt 0.671464 0.662304
vt 0.473707 0.685931
vt 0.473182 0.686443
vt 0.481689 0.671387
vt 0.831147 0.637010
vt 0.670983 0.449960
vt 0.294169 0.226255
vt 0.577397 0.712043
vt 0.577514 0.711965
vt 0.871338 0.693115
vt 0.604572 0.696780
vt 0.605395 0.696400
vt 0.606569 0.696166
vt 0.610738 0.693323
vt 0.739101 0.371303
vt 0.526918 0.628564
vt 0.115827 0.859097
vt 0.113631 0.860666
vt 0.104492 0.860107
vt 0.101649 0.857350
vt 0.101527 0.857566
vt 0.100154 0.858887
vt 0.098332 0.859680
vt 0.362166 0.374079
vt 0.091913 0.862919
vt 0.456299 0.700928
vt 0.454300 0.705961
vt 0.454047 0.706274
vt 0.453956 0.706417
vt 0.453845 0.706487
vt 0.838379 0.625488
vt 0.858678 0.652085
vt 0.284529 0.224748
vt 0.768066 0.355469
vt 0.548630 0.632010
vt 0.541471 0.638743
vt 0.537857 0.637621
vt 0.795254 0.730392
vt 0.869721 0.672937
vt 0.870588 0.674922
vt 0.404238 0.758848
vt 0.402026 0.763677
vt 0.389475 0.776228
vt 0.389149 0.776473
vt 0.329654 0.166539
vt 0.333344 0.167224
vt 0.559529 0.644120
vt 0.557647 0.643929
vt 0.835589 0.733643
vt 0.855120 0.737665
s 0
f 587/1/1 447/1/1 448/1/1
f 451/1/1 587/1/1 448/1/1
f 587/1/1 451/1/1 550/1/1
f 447/1/1 584/1/1 585/1/1
f 447/1/1 585/1/1 692/1/1
f 691/1/1 447/1/1 692/1/1
f 665/1/1 449/1/1 667/1/1
f 665/1/1 450/1/1 449/1/1
f 480/1/1 534/1/1 458/1/1
f 534/1/1 457/1/1 458/1/1
f 457/1/1 534/1/1 532/1/1
f 533/1/1 457/1/1 532/1/1
f 696/1/1 455/1/1 535/1/1
f 535/1/1 455/1/1 456/1/1
f 545/1/1 453/1/1 454/1/1
f 545/1/1 454/1/1 696/1/1
f 546/1/1 453/1/1 545/1/1
f 549/1/1 452/1/1 548/1/1
f 549/1/1 451/1/1 452/1/1
f 552/1/1 522/1/1 543/1/1
f 544/1/1 552/1/1 543/1/1
f 684/1/1 711/1/1 525/1/1
f 684/1/1 525/1/1 597/1/1
f 553/1/1 522/1/1 551/1/1
f 553/1/1 521/1/1 522/1/1
f 554/1/1 521/1/1 553/1/1
f 554/1/1 520/1/1 521/1/1
f 680/1/1 519/1/1 520/1/1
f 680/1/1 520/1/1 681/1/1
f 602/1/1 518/1/1 601/1/1
f 601/1/1 518/1/1 519/1/1
f 518/1/1 602/1/1 517/1/1
f 602/1/1 516/1/1 517/1/1
f 463/1/1 605/1/1 462/1/1
f 605/1/1 464/1/1 462/1/1
f 464/1/1 606/1/1 461/1/1
f 606/1/1 459/1/1 461/1/1
f 446/1/1 666/1/1 690/1/1
f 648/1/1 446/1/1 690/1/1
f 444/1/1 648/1/1 649/1/1
f 650/1/1 444/1/1 649/1/1
f 718/1/1 650/1/1 651/1/1
f 589/1/1 718/1/1 651/1/1
f 592/1/1 477/1/1 590/1/1
f 590/1/1 477/1/1 476/1/1
f 479/1/1 588/1/1 478/1/1
f 530/1/1 482/1/1 483/1/1
f 530/1/1 483/1/1 490/1/1
f 698/1/1 481/1/1 697/1/1
f 697/1/1 481/1/1 482/1/1
f 698/1/1 480/1/1 481/1/1
f 705/1/1 598/1/1 523/1/1
f 598/1/1 524/1/1 523/1/1
f 597/1/1 524/1/1 598/1/1
f 598/1/1 705/1/1 599/1/1
f 460/1/1 608/1/1 609/1/1
f 460/1/1 609/1/1 610/1/1
f 611/1/1 460/1/1 610/1/1
f 613/1/1 513/1/1 612/1/1
f 612/1/1 513/1/1 515/1/1
f 594/1/1 466/1/1 593/1/1
f 593/1/1 466/1/1 465/1/1
f 467/1/1 593/1/1 465/1/1
f 595/1/1 468/1/1 469/1/1
f 595/1/1 469/1/1 596/1/1
f 688/1/1 473/1/1 687/1/1
f 687/1/1 473/1/1 474/1/1
f 687/1/1 474/1/1 689/1/1
f 474/1/1 591/1/1 689/1/1
f 474/1/1 592/1/1 591/1/1
f 592/1/1 474/1/1 475/1/1
f 719/1/2 592/1/2 475/1/2
f 487/1/3 717/1/3 716/1/3
f 487/1/1 527/1/1 717/1/1
f 486/1/1 526/1/1 527/1/1
f 488/1/1 526/1/1 486/1/1
f 715/1/1 529/1/1 488/1/1
f 715/1/1 528/1/1 529/1/1
f 491/1/1 485/1/1 528/1/1
f 491/1/1 528/1/1 492/1/1
f 485/1/1 491/1/1 489/1/1
f 490/1/1 485/1/1 489/1/1
f 485/1/1 490/1/1 484/1/1
f 528/1/1 715/1/1 492/1/1
f 488/1/1 529/1/1 526/1/1
f 486/1/1 527/1/1 487/1/1
f 710/1/1 656/1/1 700/1/1
f 700/1/1 656/1/1 699/1/1
f 656/1/1 701/1/1 699/1/1
f 600/1/1 704/1/1 703/1/1
f 600/1/1 703/1/1 657/1/1
f 538/1/1 629/1/1 539/1/1
f 629/1/1 540/1/1 539/1/1
f 540/1/1 629/1/1 628/1/1
f 540/1/1 628/1/1 630/1/1
f 631/1/1 540/1/1 630/1/1
f 542/1/1 632/1/1 633/1/1
f 636/1/1 542/1/1 633/1/1
f 635/1/1 694/1/1 634/1/1
f 635/1/1 693/1/1 694/1/1
f 673/1/1 693/1/1 635/1/1
f 658/1/1 580/1/1 660/1/1
f 660/1/4 580/1/4 582/1/4
f 583/1/1 660/1/1 582/1/1
f 508/1/1 619/1/1 620/1/1
f 621/1/1 508/1/1 620/1/1
f 508/1/1 621/1/1 712/1/1
f 511/1/1 616/1/1 510/1/1
f 616/1/1 511/1/1 615/1/1
f 509/1/1 616/1/1 617/1/1
f 509/1/1 617/1/1 618/1/1
f 619/1/1 509/1/1 618/1/1
f 615/1/1 512/1/1 614/1/1
f 512/1/1 613/1/1 614/1/1
f 615/1/1 511/1/1 512/1/1
f 709/1/1 654/1/1 655/1/1
f 654/1/1 709/1/1 707/1/1
f 706/1/1 654/1/1 707/1/1
f 652/1/1 706/1/1 708/1/1
f 652/1/1 708/1/1 594/1/1
f 706/1/1 652/1/1 653/1/1
f 654/1/1 706/1/1 653/1/1
f 656/1/1 709/1/1 655/1/1
f 677/1/1 504/1/1 505/1/1
f 677/1/1 505/1/1 676/1/1
f 503/1/1 678/1/1 556/1/1
f 555/1/1 503/1/1 556/1/1
f 503/1/1 555/1/1 502/1/1
f 555/1/1 714/1/1 502/1/1
f 557/1/1 714/1/1 555/1/1
f 561/1/1 501/1/1 562/1/1
f 501/1/1 561/1/1 500/1/1
f 497/1/1 559/1/1 496/1/1
f 559/1/1 498/1/1 496/1/1
f 627/1/1 493/1/1 498/1/1
f 625/1/1 493/1/1 627/1/1
f 494/1/1 625/1/1 626/1/1
f 494/1/1 626/1/1 675/1/1
f 674/1/1 494/1/1 675/1/1
f 537/1/1 663/1/1 664/1/1
f 537/1/1 664/1/1 661/1/1
f 537/1/1 661/1/1 662/1/1
f 629/1/1 537/1/1 662/1/1
f 581/1/2 659/1/2 638/1/2
f 637/1/1 581/1/1 638/1/1
f 581/1/1 637/1/1 669/1/1
f 497/1/1 560/1/1 558/1/1
f 497/1/1 561/1/1 560/1/1
f 668/1/5 637/1/5 639/1/5
f 668/1/6 639/1/6 640/1/6
f 641/1/1 668/1/1 640/1/1
f 642/1/1 579/1/1 641/1/1
f 642/1/1 578/1/1 579/1/1
f 578/1/1 670/1/1 577/1/1
f 577/1/1 670/1/1 575/1/1
f 644/1/7 695/1/7 576/1/7
f 644/1/1 576/1/1 645/1/1
f 566/1/1 573/1/1 644/1/1
f 644/1/1 573/1/1 574/1/1
f 563/1/8 570/1/8 571/1/8
f 563/1/1 571/1/1 564/1/1
f 568/1/1 569/1/1 567/1/1
f 569/1/1 570/1/1 567/1/1
f 578/1/1 643/1/1 671/1/1
f 576/1/1 647/1/1 646/1/1
f 576/1/1 670/1/1 647/1/1
f 571/1/1 566/1/1 565/1/1
f 571/1/1 565/1/1 564/1/1
f 570/1/9 563/1/9 567/1/9
f 566/1/1 571/1/1 572/1/1
f 573/1/10 566/1/10 572/1/10
f 576/1/1 646/1/1 645/1/1
f 644/1/11 574/1/11 695/1/11
f 670/1/1 576/1/1 575/1/1
f 670/1/1 578/1/1 671/1/1
f 578/1/1 642/1/1 643/1/1
f 641/1/1 579/1/1 668/1/1
f 713/1/1 621/1/1 622/1/1
f 623/1/1 713/1/1 622/1/1
f 713/1/1 623/1/1 507/1/1
f 623/1/1 506/1/1 507/1/1
f 506/1/1 623/1/1 624/1/1
f 676/1/1 506/1/1 624/1/1
f 637/1/1 668/1/1 669/1/1
f 581/1/3 658/1/3 659/1/3
f 663/1/1 537/1/1 536/1/1
f 495/1/1 663/1/1 536/1/1
f 663/1/1 495/1/1 674/1/1
f 674/1/1 495/1/1 494/1/1
f 625/1/1 494/1/1 493/1/1
f 627/1/1 498/1/1 559/1/1
f 559/1/1 497/1/1 558/1/1
f 561/1/1 497/1/1 499/1/1
f 500/1/1 561/1/1 499/1/1
f 501/1/1 557/1/1 562/1/1
f 557/1/1 501/1/1 714/1/1
f 678/1/1 503/1/1 504/1/1
f 676/1/1 505/1/1 506/1/1
f 678/1/1 504/1/1 677/1/1
f 616/1/1 509/1/1 510/1/1
f 621/1/1 713/1/1 712/1/1
f 619/1/1 508/1/1 509/1/1
f 658/1/1 581/1/1 580/1/1
f 660/1/1 583/1/1 672/1/1
f 583/1/1 673/1/1 672/1/1
f 673/1/1 583/1/1 693/1/1
f 694/1/1 636/1/1 634/1/1
f 636/1/1 694/1/1 542/1/1
f 632/1/1 542/1/1 541/1/1
f 632/1/1 541/1/1 631/1/1
f 631/1/1 541/1/1 540/1/1
f 537/1/1 629/1/1 538/1/1
f 657/1/1 703/1/1 702/1/1
f 701/1/1 657/1/1 702/1/1
f 599/1/1 704/1/1 600/1/1
f 657/1/1 701/1/1 656/1/1
f 709/1/1 656/1/1 710/1/1
f 471/1/3 688/1/3 470/1/3
f 688/1/1 469/1/1 470/1/1
f 472/1/1 688/1/1 471/1/1
f 473/1/1 688/1/1 472/1/1
f 469/1/1 688/1/1 686/1/1
f 469/1/1 686/1/1 596/1/1
f 593/1/1 468/1/1 595/1/1
f 468/1/1 593/1/1 467/1/1
f 594/1/1 708/1/1 466/1/1
f 611/1/1 515/1/1 514/1/1
f 613/1/1 512/1/1 513/1/1
f 612/1/1 515/1/1 611/1/1
f 460/1/1 611/1/1 514/1/1
f 460/1/1 607/1/1 608/1/1
f 607/1/1 460/1/1 459/1/1
f 679/1/1 516/1/1 683/1/1
f 599/1/1 705/1/1 704/1/1
f 697/1/1 482/1/1 531/1/1
f 490/1/1 483/1/1 484/1/1
f 482/1/1 530/1/1 531/1/1
f 588/1/1 476/1/1 478/1/1
f 477/1/1 592/1/1 719/1/1
f 590/1/1 476/1/1 588/1/1
f 588/1/1 479/1/1 589/1/1
f 589/1/1 479/1/1 718/1/1
f 650/1/1 718/1/1 445/1/1
f 444/1/1 650/1/1 445/1/1
f 648/1/1 444/1/1 446/1/1
f 666/1/1 446/1/1 450/1/1
f 607/1/1 459/1/1 606/1/1
f 606/1/1 464/1/1 604/1/1
f 464/1/1 605/1/1 604/1/1
f 605/1/1 463/1/1 679/1/1
f 679/1/1 463/1/1 516/1/1
f 516/1/1 602/1/1 683/1/1
f 601/1/1 519/1/1 603/1/1
f 520/1/1 682/1/1 681/1/1
f 519/1/1 680/1/1 603/1/1
f 520/1/1 554/1/1 682/1/1
f 597/1/1 525/1/1 524/1/1
f 685/1/1 711/1/1 684/1/1
f 685/1/1 544/1/1 711/1/1
f 552/1/1 544/1/1 685/1/1
f 522/1/1 552/1/1 551/1/1
f 452/1/1 547/1/1 548/1/1
f 452/1/1 546/1/1 547/1/1
f 546/1/1 452/1/1 453/1/1
f 696/1/1 454/1/1 455/1/1
f 535/1/1 456/1/1 533/1/1
f 533/1/1 456/1/1 457/1/1
f 534/1/1 480/1/1 698/1/1
f 666/1/1 450/1/1 665/1/1
f 449/1/1 691/1/1 667/1/1
f 691/1/1 449/1/1 447/1/1
f 447/1/1 586/1/1 584/1/1
f 451/1/1 549/1/1 550/1/1
f 447/1/1 587/1/1 586/1/1
f 1010/1/12 729/1/12 730/1/12
f 1010/1/12 730/1/12 1009/1/12
f 1012/1/12 757/1/12 1011/1/12
f 1011/1/12 757/1/12 731/1/12
f 729/1/12 1011/1/12 731/1/12
f 1015/1/12 732/1/12 733/1/12
f 1015/1/12 733/1/12 1016/1/12
f 913/1/12 732/1/12 914/1/12
f 732/1/12 913/1/12 734/1/12
f 913/1/12 1184/1/12 734/1/12
f 721/1/12 799/1/12 722/1/12
f 799/1/12 723/1/12 722/1/12
f 799/1/12 724/1/12 723/1/12
f 725/1/12 797/1/12 1185/1/12
f 797/1/12 726/1/12 1185/1/12
f 727/1/12 796/1/12 728/1/12
f 728/1/12 796/1/12 795/1/12
f 728/1/12 795/1/12 750/1/12
f 750/1/12 773/1/12 748/1/12
f 748/1/13 773/1/13 772/1/13
f 748/1/12 772/1/12 749/1/12
f 751/1/12 772/1/12 752/1/12
f 754/1/12 932/1/12 753/1/12
f 932/1/12 755/1/12 753/1/12
f 755/1/12 932/1/12 930/1/12
f 755/1/12 930/1/12 931/1/12
f 755/1/12 931/1/12 1019/1/12
f 755/1/12 1019/1/12 1017/1/12
f 755/1/12 1017/1/12 1018/1/12
f 1058/1/12 755/1/12 1018/1/12
f 1056/1/12 756/1/12 1058/1/12
f 1056/1/12 730/1/12 756/1/12
f 730/1/12 1056/1/12 1055/1/12
f 730/1/12 1055/1/12 1057/1/12
f 730/1/12 1057/1/12 1008/1/12
f 730/1/12 1008/1/12 1007/1/12
f 905/1/12 740/1/12 906/1/12
f 740/1/12 1153/1/12 906/1/12
f 740/1/12 909/1/12 1153/1/12
f 908/1/12 737/1/12 907/1/12
f 737/1/12 917/1/12 907/1/12
f 737/1/12 915/1/12 916/1/12
f 737/1/12 912/1/12 915/1/12
f 910/1/12 735/1/12 911/1/12
f 911/1/12 735/1/12 736/1/12
f 1183/1/12 911/1/12 736/1/12
f 743/1/12 800/1/12 742/1/12
f 800/1/12 744/1/12 742/1/12
f 800/1/12 745/1/12 744/1/12
f 800/1/12 720/1/12 745/1/12
f 800/1/12 721/1/12 720/1/12
f 800/1/12 743/1/12 801/1/12
f 725/1/12 799/1/12 1170/1/12
f 798/1/12 725/1/12 1170/1/12
f 793/1/12 795/1/12 794/1/12
f 795/1/14 793/1/14 792/1/14
f 774/1/13 750/1/13 792/1/13
f 788/1/12 813/1/12 812/1/12
f 788/1/12 812/1/12 787/1/12
f 776/1/12 791/1/12 1157/1/12
f 1156/1/12 776/1/12 1157/1/12
f 1156/1/12 775/1/12 776/1/12
f 775/1/12 1156/1/12 1158/1/12
f 775/1/12 1158/1/12 850/1/12
f 848/1/12 775/1/12 850/1/12
f 777/1/12 848/1/12 849/1/12
f 777/1/12 849/1/12 937/1/12
f 936/1/12 777/1/12 937/1/12
f 1182/1/12 935/1/12 934/1/12
f 1182/1/12 934/1/12 933/1/12
f 932/1/12 1182/1/12 933/1/12
f 1182/1/12 936/1/12 935/1/12
f 936/1/12 1182/1/12 777/1/12
f 926/1/12 989/1/12 927/1/12
f 927/1/12 989/1/12 1143/1/12
f 989/1/12 1142/1/12 1143/1/12
f 919/1/12 972/1/12 918/1/12
f 972/1/12 1151/1/12 918/1/12
f 1151/1/12 972/1/12 971/1/12
f 1151/1/12 971/1/12 969/1/12
f 970/1/12 1151/1/12 969/1/12
f 1052/1/12 843/1/12 1051/1/12
f 1052/1/12 841/1/12 843/1/12
f 970/1/12 842/1/12 844/1/12
f 1053/1/12 843/1/12 842/1/12
f 901/1/12 1181/1/12 900/1/12
f 1181/1/12 902/1/12 900/1/12
f 1181/1/12 903/1/12 902/1/12
f 1181/1/12 904/1/12 903/1/12
f 1181/1/12 905/1/12 904/1/12
f 905/1/12 1181/1/12 1180/1/12
f 741/1/12 905/1/12 1180/1/12
f 1181/1/12 901/1/12 1179/1/12
f 901/1/12 1178/1/12 1179/1/12
f 898/1/12 759/1/12 1178/1/12
f 898/1/12 1178/1/12 899/1/12
f 895/1/12 760/1/12 1154/1/12
f 895/1/12 761/1/12 760/1/12
f 897/1/12 760/1/12 759/1/12
f 810/1/12 762/1/12 763/1/12
f 810/1/12 763/1/12 1177/1/12
f 764/1/12 810/1/12 1177/1/12
f 808/1/12 764/1/12 765/1/12
f 766/1/12 808/1/12 765/1/12
f 807/1/12 767/1/12 768/1/12
f 769/1/12 807/1/12 768/1/12
f 769/1/12 806/1/12 807/1/12
f 803/1/12 762/1/12 1169/1/12
f 762/1/12 803/1/12 747/1/12
f 803/1/12 746/1/12 747/1/12
f 803/1/12 743/1/12 746/1/12
f 743/1/12 803/1/12 802/1/12
f 770/1/12 804/1/12 806/1/12
f 804/1/12 770/1/12 771/1/12
f 1173/1/12 804/1/12 771/1/12
f 784/1/12 805/1/12 783/1/12
f 784/1/12 811/1/12 805/1/12
f 785/1/12 811/1/12 784/1/12
f 812/1/12 785/1/12 786/1/12
f 812/1/12 786/1/12 1174/1/12
f 868/1/12 929/1/12 923/1/12
f 922/1/12 868/1/12 923/1/12
f 868/1/12 922/1/12 869/1/12
f 866/1/12 928/1/12 865/1/12
f 865/1/12 928/1/12 929/1/12
f 866/1/12 924/1/12 928/1/12
f 996/1/12 925/1/12 924/1/12
f 996/1/12 924/1/12 998/1/12
f 926/1/12 995/1/12 997/1/12
f 926/1/12 997/1/12 994/1/12
f 926/1/12 994/1/12 993/1/12
f 926/1/12 993/1/12 992/1/12
f 926/1/12 992/1/12 991/1/12
f 926/1/12 991/1/12 990/1/12
f 987/1/12 1142/1/12 988/1/12
f 987/1/12 1141/1/12 1142/1/12
f 984/1/12 1137/1/12 1145/1/12
f 1137/1/12 984/1/12 983/1/12
f 1137/1/12 983/1/12 982/1/12
f 1137/1/12 982/1/12 981/1/12
f 980/1/12 1137/1/12 981/1/12
f 978/1/12 1146/1/12 979/1/12
f 979/1/12 1146/1/12 1138/1/12
f 980/1/12 1138/1/12 1136/1/12
f 1095/1/12 1152/1/12 1149/1/12
f 1095/1/12 1149/1/12 977/1/12
f 976/1/12 1150/1/12 1096/1/12
f 1150/1/12 976/1/12 920/1/12
f 976/1/12 919/1/12 920/1/12
f 919/1/12 976/1/12 975/1/12
f 919/1/12 975/1/12 974/1/12
f 919/1/12 974/1/12 973/1/12
f 1083/1/12 840/1/12 1084/1/12
f 1084/1/12 840/1/12 841/1/12
f 1083/1/12 837/1/12 840/1/12
f 761/1/12 893/1/12 894/1/12
f 1002/1/12 761/1/12 894/1/12
f 1002/1/12 781/1/12 761/1/12
f 781/1/12 1002/1/12 1001/1/12
f 781/1/12 1001/1/12 1000/1/12
f 892/1/12 781/1/12 1000/1/12
f 780/1/12 892/1/12 891/1/12
f 890/1/12 780/1/12 891/1/12
f 890/1/12 778/1/12 780/1/12
f 881/1/12 782/1/12 779/1/12
f 881/1/12 779/1/12 882/1/12
f 782/1/12 883/1/12 880/1/12
f 782/1/12 880/1/12 878/1/12
f 879/1/12 782/1/12 878/1/12
f 876/1/12 846/1/12 877/1/12
f 876/1/12 847/1/12 846/1/12
f 1155/1/12 846/1/12 845/1/12
f 872/1/12 922/1/12 921/1/12
f 872/1/12 921/1/12 873/1/12
f 922/1/12 871/1/12 870/1/12
f 873/1/12 847/1/12 874/1/12
f 847/1/12 875/1/12 874/1/12
f 1098/1/12 1130/1/12 1129/1/12
f 1129/1/15 1097/1/15 1098/1/15
f 953/1/12 1133/1/12 952/1/12
f 952/1/12 1133/1/12 1134/1/12
f 952/1/12 1134/1/12 954/1/12
f 834/1/12 1072/1/12 1074/1/12
f 834/1/12 1074/1/12 1075/1/12
f 834/1/12 1075/1/12 1071/1/12
f 1069/1/12 834/1/12 1071/1/12
f 833/1/12 1068/1/12 1070/1/12
f 833/1/12 1070/1/12 1067/1/12
f 1065/1/12 833/1/12 1067/1/12
f 1161/1/12 1065/1/12 1066/1/12
f 1082/1/12 1161/1/12 1066/1/12
f 1161/1/12 1082/1/12 1162/1/12
f 1082/1/12 830/1/12 1162/1/12
f 1081/1/12 830/1/12 1082/1/12
f 1060/1/12 824/1/12 1061/1/12
f 824/1/12 1060/1/12 825/1/12
f 1079/1/12 824/1/12 829/1/12
f 827/1/12 1079/1/12 829/1/12
f 1110/1/12 1111/1/12 1109/1/12
f 1111/1/12 1112/1/12 1109/1/12
f 1109/1/12 1112/1/12 1116/1/12
f 1109/1/12 1116/1/12 1108/1/12
f 1126/1/16 1109/1/16 1108/1/16
f 1116/1/12 1107/1/12 1108/1/12
f 1116/1/12 957/1/12 1107/1/12
f 1107/1/12 957/1/12 1105/1/12
f 1102/1/12 1104/1/12 1106/1/12
f 1102/1/12 1106/1/12 1128/1/12
f 1103/1/12 1102/1/12 1101/1/12
f 1128/1/16 1100/1/16 1127/1/16
f 1127/1/12 1100/1/12 1099/1/12
f 1099/1/12 1129/1/12 1127/1/12
f 957/1/12 954/1/12 958/1/12
f 954/1/12 957/1/12 941/1/12
f 1135/1/12 954/1/12 941/1/12
f 1135/1/12 956/1/12 955/1/12
f 951/1/12 947/1/12 948/1/12
f 949/1/12 951/1/12 948/1/12
f 1118/1/12 942/1/12 941/1/12
f 942/1/12 1118/1/12 1125/1/12
f 942/1/12 1125/1/12 950/1/12
f 1125/1/12 1042/1/12 950/1/12
f 1043/1/12 950/1/12 1042/1/12
f 1045/1/12 945/1/12 1044/1/12
f 1044/1/12 945/1/12 944/1/12
f 1045/1/12 946/1/12 945/1/12
f 1039/1/16 1048/1/16 1046/1/16
f 1048/1/12 1047/1/12 1046/1/12
f 1047/1/12 1048/1/12 1050/1/12
f 1087/1/12 961/1/12 1086/1/12
f 1086/1/17 961/1/17 960/1/17
f 1086/1/12 960/1/12 1030/1/12
f 1030/1/12 960/1/12 967/1/12
f 964/1/18 1030/1/18 967/1/18
f 967/1/12 966/1/12 964/1/12
f 1029/1/12 964/1/12 965/1/12
f 1029/1/12 965/1/12 1031/1/12
f 1164/1/17 1062/1/17 1063/1/17
f 1164/1/12 1063/1/12 1064/1/12
f 1085/1/12 1164/1/12 1064/1/12
f 1022/1/12 1165/1/12 1020/1/12
f 1020/1/12 1165/1/12 1163/1/12
f 1022/1/12 823/1/12 1167/1/12
f 823/1/17 1022/1/17 1023/1/17
f 823/1/12 1023/1/12 1028/1/12
f 1027/1/12 823/1/12 1028/1/12
f 818/1/12 1024/1/12 1091/1/12
f 818/1/12 1091/1/12 1092/1/12
f 1093/1/12 818/1/12 1092/1/12
f 939/1/17 816/1/17 1093/1/17
f 1093/1/12 816/1/12 1168/1/12
f 820/1/12 1093/1/12 1168/1/12
f 1026/1/12 817/1/12 821/1/12
f 856/1/12 857/1/12 858/1/12
f 858/1/12 1035/1/12 856/1/12
f 856/1/19 1035/1/19 855/1/19
f 1035/1/12 854/1/12 855/1/12
f 851/1/12 853/1/12 854/1/12
f 854/1/18 1034/1/18 851/1/18
f 851/1/20 1034/1/20 852/1/20
f 1032/1/12 965/1/12 968/1/12
f 1032/1/12 968/1/12 1033/1/12
f 968/1/12 1034/1/12 1033/1/12
f 1034/1/12 968/1/12 852/1/12
f 1034/1/12 854/1/12 1035/1/12
f 1037/1/12 859/1/12 1088/1/12
f 1088/1/12 859/1/12 860/1/12
f 1088/1/12 860/1/12 1089/1/12
f 1089/1/12 815/1/12 1090/1/12
f 815/1/12 940/1/12 1090/1/12
f 815/1/12 938/1/12 940/1/12
f 938/1/12 815/1/12 814/1/12
f 938/1/12 814/1/12 939/1/12
f 863/1/16 864/1/16 816/1/16
f 860/1/16 861/1/16 862/1/16
f 815/1/18 1089/1/18 862/1/18
f 1089/1/21 860/1/21 862/1/21
f 1037/1/12 858/1/12 859/1/12
f 858/1/12 1037/1/12 1036/1/12
f 1035/1/12 858/1/12 1036/1/12
f 819/1/12 1093/1/12 820/1/12
f 816/1/22 864/1/22 1168/1/22
f 939/1/12 814/1/12 816/1/12
f 818/1/12 1093/1/12 819/1/12
f 1024/1/12 818/1/12 817/1/12
f 1024/1/12 817/1/12 1025/1/12
f 817/1/12 1026/1/12 1025/1/12
f 1026/1/12 821/1/12 1027/1/12
f 1027/1/12 821/1/12 822/1/12
f 823/1/12 1027/1/12 822/1/12
f 1166/1/12 1022/1/12 1167/1/12
f 1165/1/12 1022/1/12 1166/1/12
f 1020/1/12 1163/1/12 1021/1/12
f 1163/1/12 1085/1/12 1021/1/12
f 1085/1/12 1163/1/12 1164/1/12
f 1062/1/12 1164/1/12 826/1/12
f 1062/1/13 826/1/13 1059/1/13
f 826/1/12 1060/1/12 1059/1/12
f 965/1/12 1032/1/12 1031/1/12
f 1030/1/12 964/1/12 1029/1/12
f 963/1/12 962/1/12 1132/1/12
f 1132/1/12 962/1/12 961/1/12
f 1122/1/16 1131/1/16 1121/1/16
f 1120/1/12 1123/1/12 1124/1/12
f 1123/1/12 1120/1/12 1125/1/12
f 1113/1/12 1114/1/12 1115/1/12
f 1113/1/12 1115/1/12 1112/1/12
f 1116/1/12 1117/1/12 1118/1/12
f 1125/1/12 1120/1/12 1119/1/12
f 1131/1/12 1119/1/12 1121/1/12
f 1119/1/12 1131/1/12 1132/1/12
f 1132/1/12 1042/1/12 1119/1/12
f 1042/1/12 1132/1/12 1039/1/12
f 1132/1/12 1049/1/12 1039/1/12
f 1132/1/12 1087/1/12 1049/1/12
f 1087/1/12 1132/1/12 961/1/12
f 1048/1/12 1039/1/12 1049/1/12
f 1038/1/12 1042/1/12 1039/1/12
f 1042/1/12 1038/1/12 1041/1/12
f 1038/1/12 1040/1/12 1041/1/12
f 1044/1/12 944/1/12 1043/1/12
f 1043/1/12 944/1/12 950/1/12
f 1042/1/12 1125/1/12 1119/1/12
f 943/1/12 942/1/12 950/1/12
f 944/1/12 951/1/12 950/1/12
f 951/1/12 944/1/12 947/1/12
f 954/1/12 1135/1/12 955/1/12
f 957/1/12 1118/1/12 941/1/12
f 1100/1/12 1128/1/12 959/1/12
f 1128/1/12 1105/1/12 959/1/12
f 1104/1/12 1102/1/12 1103/1/12
f 1128/1/12 1106/1/12 1105/1/12
f 1105/1/12 957/1/12 959/1/12
f 957/1/12 1116/1/12 1118/1/12
f 1112/1/12 1115/1/12 1116/1/12
f 1060/1/12 826/1/12 825/1/12
f 824/1/12 1079/1/12 1061/1/12
f 1079/1/12 827/1/12 1080/1/12
f 827/1/12 1081/1/12 1080/1/12
f 1081/1/12 827/1/12 828/1/12
f 830/1/12 1081/1/12 828/1/12
f 1065/1/12 1161/1/12 1160/1/12
f 1159/1/12 1065/1/12 1160/1/12
f 833/1/12 1065/1/12 1159/1/12
f 1069/1/12 833/1/12 832/1/12
f 831/1/12 1069/1/12 832/1/12
f 836/1/12 1069/1/12 831/1/12
f 1073/1/12 834/1/12 835/1/12
f 1073/1/12 835/1/12 1076/1/12
f 1076/1/12 838/1/12 1077/1/12
f 838/1/12 1078/1/12 1077/1/12
f 1078/1/12 838/1/12 837/1/12
f 838/1/12 1076/1/12 839/1/12
f 1076/1/12 835/1/12 839/1/12
f 833/1/12 1069/1/12 1068/1/12
f 834/1/12 1069/1/12 836/1/12
f 834/1/12 1073/1/12 1072/1/12
f 954/1/12 1134/1/12 958/1/12
f 1097/1/12 1129/1/12 1099/1/12
f 984/1/12 1141/1/12 985/1/12
f 1141/1/12 986/1/12 985/1/12
f 922/1/12 872/1/12 871/1/12
f 873/1/12 921/1/12 847/1/12
f 847/1/12 876/1/12 875/1/12
f 846/1/12 1155/1/12 877/1/12
f 1155/1/12 845/1/12 879/1/12
f 879/1/12 845/1/12 782/1/12
f 778/1/12 889/1/12 885/1/12
f 884/1/12 778/1/12 885/1/12
f 778/1/12 888/1/12 889/1/12
f 778/1/12 886/1/12 888/1/12
f 778/1/12 887/1/12 886/1/12
f 779/1/12 884/1/12 882/1/12
f 782/1/12 881/1/12 883/1/12
f 884/1/12 779/1/12 778/1/12
f 778/1/12 890/1/12 887/1/12
f 892/1/12 780/1/12 781/1/12
f 1078/1/12 837/1/12 1083/1/12
f 1150/1/12 1094/1/12 1096/1/12
f 1094/1/12 1150/1/12 1152/1/12
f 1094/1/12 1152/1/12 1095/1/12
f 977/1/12 1149/1/12 1148/1/12
f 1147/1/12 977/1/12 1148/1/12
f 977/1/12 1147/1/12 978/1/12
f 978/1/12 1147/1/12 1146/1/12
f 979/1/12 1138/1/12 980/1/12
f 1137/1/17 980/1/17 1136/1/17
f 1144/1/12 984/1/12 1145/1/12
f 1140/1/12 984/1/12 1144/1/12
f 1139/1/12 984/1/12 1140/1/12
f 1141/1/12 984/1/12 1139/1/12
f 1141/1/12 987/1/12 986/1/12
f 995/1/12 926/1/12 925/1/12
f 924/1/12 999/1/12 998/1/12
f 995/1/12 925/1/12 996/1/12
f 924/1/12 866/1/12 999/1/12
f 865/1/12 929/1/12 867/1/12
f 922/1/12 870/1/12 869/1/12
f 929/1/12 868/1/12 867/1/12
f 785/1/12 812/1/12 811/1/12
f 805/1/12 1171/1/12 783/1/12
f 805/1/12 1172/1/12 1171/1/12
f 805/1/12 1173/1/12 1172/1/12
f 1173/1/12 805/1/12 804/1/12
f 770/1/12 806/1/12 769/1/12
f 807/1/12 1176/1/12 767/1/12
f 807/1/12 766/1/12 1176/1/12
f 766/1/12 807/1/12 808/1/12
f 764/1/12 808/1/12 809/1/12
f 810/1/12 764/1/12 809/1/12
f 762/1/12 810/1/12 1169/1/12
f 761/1/12 895/1/12 893/1/12
f 760/1/12 896/1/12 1154/1/12
f 760/1/12 897/1/12 896/1/12
f 1178/1/12 1006/1/12 1004/1/12
f 1178/1/12 1004/1/12 1003/1/12
f 1178/1/12 1003/1/12 1005/1/12
f 1178/1/12 1005/1/12 899/1/12
f 897/1/12 759/1/12 898/1/12
f 1178/1/12 901/1/12 1006/1/12
f 1084/1/12 841/1/12 1052/1/12
f 843/1/12 1053/1/12 1051/1/12
f 1053/1/12 842/1/12 1054/1/12
f 842/1/12 970/1/12 1054/1/12
f 1151/1/12 970/1/12 844/1/12
f 972/1/12 919/1/12 973/1/12
f 1142/1/12 989/1/12 988/1/12
f 989/1/12 926/1/12 990/1/12
f 848/1/12 777/1/12 775/1/12
f 791/1/12 776/1/12 1175/1/12
f 791/1/12 1175/1/12 790/1/12
f 1175/1/12 789/1/12 790/1/12
f 789/1/12 1175/1/12 813/1/12
f 812/1/12 1174/1/12 787/1/12
f 789/1/12 813/1/12 788/1/12
f 801/1/12 743/1/12 802/1/12
f 908/1/12 740/1/12 739/1/12
f 738/1/12 908/1/12 739/1/12
f 1184/1/12 911/1/12 1183/1/12
f 910/1/12 737/1/12 735/1/12
f 737/1/12 910/1/12 912/1/12
f 737/1/12 916/1/12 917/1/12
f 737/1/12 908/1/12 738/1/12
f 740/1/12 908/1/12 909/1/12
f 740/1/12 905/1/12 741/1/12
f 1014/1/12 758/1/12 1013/1/12
f 758/1/12 1012/1/12 1013/1/12
f 1014/1/12 733/1/12 758/1/12
f 1058/1/12 756/1/12 755/1/12
f 1182/1/12 932/1/12 754/1/12
f 772/1/12 751/1/12 749/1/12
f 773/1/12 750/1/12 774/1/12
f 795/1/12 792/1/12 750/1/12
f 727/1/12 797/1/12 796/1/12
f 797/1/12 727/1/12 726/1/12
f 797/1/12 725/1/12 798/1/12
f 799/1/12 725/1/12 724/1/12
f 721/1/12 800/1/12 799/1/12
f 911/1/12 1184/1/12 913/1/12
f 733/1/12 1014/1/12 1016/1/12
f 732/1/12 1015/1/12 914/1/12
f 1012/1/12 758/1/12 757/1/12
f 730/1/12 1007/1/12 1009/1/12
f 1011/1/12 729/1/12 1010/1/12
f 17/2/23 15/3/23 14/4/23
f 14/4/24 18/5/24 17/2/24
f 447/6/25 17/2/25 18/5/25
f 447/6/26 18/5/26 448/7/26
f 550/8/27 64/9/27 587/10/27
f 586/11/28 587/10/28 64/9/28
f 584/12/29 586/13/29 64/14/29
f 729/15/30 584/12/30 64/14/30
f 729/15/30 64/14/30 730/16/30
f 1010/17/31 1009/18/31 68/19/31
f 1011/20/32 1010/17/32 68/19/32
f 1011/20/33 68/19/33 69/21/33
f 1011/20/34 69/21/34 1012/22/34
f 757/23/35 585/24/35 731/25/35
f 731/25/30 585/24/30 584/12/30
f 691/26/36 692/27/36 90/28/36
f 667/29/37 691/26/37 90/28/37
f 732/30/38 667/29/38 90/28/38
f 732/30/38 90/28/38 733/31/38
f 1015/32/39 1016/33/39 70/34/39
f 1015/32/40 70/34/40 72/35/40
f 1015/32/40 72/35/40 914/36/40
f 914/36/41 72/35/41 71/37/41
f 914/36/42 71/37/42 913/38/42
f 734/39/43 1184/40/43 665/41/43
f 734/39/38 665/41/38 667/29/38
f 450/42/44 17/2/44 449/43/44
f 450/42/44 19/44/44 17/2/44
f 19/44/45 16/45/45 17/2/45
f 722/46/46 16/45/46 19/44/46
f 722/46/46 19/44/46 721/47/46
f 723/48/47 724/49/47 16/45/47
f 724/49/48 725/50/48 16/45/48
f 1185/51/49 16/45/49 725/50/49
f 1185/51/50 726/52/50 15/3/50
f 726/52/51 727/53/51 15/3/51
f 728/54/52 15/3/52 727/53/52
f 728/54/53 750/55/53 14/4/53
f 748/56/54 14/4/54 750/55/54
f 748/56/55 749/57/55 2/58/55
f 749/57/56 751/59/56 2/58/56
f 752/60/57 2/58/57 751/59/57
f 772/61/58 4/62/58 752/60/58
f 772/61/58 5/63/58 4/62/58
f 3/64/59 4/62/59 5/63/59
f 458/65/60 3/64/60 5/63/60
f 458/65/60 5/63/60 480/66/60
f 532/67/61 60/68/61 533/69/61
f 535/70/62 533/69/62 60/68/62
f 535/70/63 60/68/63 61/71/63
f 535/70/63 61/71/63 696/72/63
f 456/73/64 455/74/64 1/75/64
f 456/73/65 1/75/65 3/64/65
f 456/73/65 3/64/65 457/76/65
f 455/74/66 454/77/66 1/75/66
f 453/78/67 1/75/67 454/77/67
f 545/79/68 62/80/68 546/81/68
f 547/82/69 546/81/69 62/80/69
f 548/83/70 547/82/70 62/80/70
f 548/83/71 62/80/71 63/84/71
f 548/83/71 63/84/71 549/85/71
f 451/86/72 2/58/72 452/87/72
f 453/78/73 452/87/73 2/58/73
f 451/86/74 18/5/74 2/58/74
f 550/8/75 549/85/75 63/84/75
f 753/88/76 63/84/76 62/80/76
f 753/88/76 62/80/76 754/89/76
f 1058/90/77 1018/91/77 44/92/77
f 1058/90/78 44/92/78 65/93/78
f 1058/90/79 65/93/79 1056/94/79
f 1007/95/80 1008/96/80 66/97/80
f 1007/95/81 66/97/81 68/19/81
f 68/19/82 66/97/82 67/98/82
f 66/97/83 44/92/83 67/98/83
f 522/99/84 67/98/84 44/92/84
f 522/99/84 44/92/84 543/100/84
f 543/101/85 43/102/85 544/103/85
f 711/104/86 544/103/86 43/102/86
f 711/104/87 43/102/87 52/105/87
f 711/104/87 52/105/87 525/106/87
f 684/107/88 597/108/88 123/109/88
f 685/110/89 684/107/89 123/109/89
f 685/110/90 123/109/90 122/111/90
f 685/110/90 122/111/90 552/112/90
f 551/113/91 552/112/91 122/111/91
f 551/114/92 122/115/92 137/116/92
f 551/114/92 137/116/92 553/117/92
f 521/118/93 520/119/93 67/98/93
f 519/120/94 67/98/94 520/119/94
f 680/121/95 681/122/95 137/116/95
f 680/121/96 137/116/96 139/123/96
f 680/121/97 139/123/97 603/124/97
f 601/125/98 603/124/98 139/123/98
f 601/125/99 139/123/99 142/126/99
f 601/125/100 142/126/100 602/127/100
f 519/120/101 518/128/101 70/34/101
f 517/129/102 70/34/102 518/128/102
f 516/130/103 72/35/103 517/129/103
f 516/130/103 73/131/103 72/35/103
f 516/130/104 463/132/104 73/131/104
f 462/133/105 73/131/105 463/132/105
f 462/133/106 464/134/106 75/135/106
f 461/136/107 75/135/107 464/134/107
f 459/137/108 77/138/108 461/136/108
f 459/137/108 79/139/108 77/138/108
f 77/138/109 79/139/109 78/140/109
f 76/141/110 77/138/110 78/140/110
f 906/142/111 76/141/111 78/140/111
f 906/142/112 78/140/112 905/143/112
f 1153/144/113 909/145/113 76/141/113
f 909/145/114 908/146/114 76/141/114
f 907/147/115 76/141/115 908/146/115
f 907/147/116 917/148/116 74/149/116
f 916/150/117 74/149/117 917/148/117
f 916/150/118 73/131/118 74/149/118
f 74/149/119 73/131/119 75/135/119
f 76/141/120 74/149/120 75/135/120
f 915/151/121 73/131/121 916/150/121
f 915/151/122 912/152/122 71/37/122
f 912/152/123 910/153/123 71/37/123
f 910/153/124 911/154/124 71/37/124
f 736/155/125 666/156/125 1183/157/125
f 1183/157/43 666/156/43 665/41/43
f 736/155/126 690/158/126 666/156/126
f 735/159/127 648/160/127 690/158/127
f 735/159/128 737/161/128 648/160/128
f 738/162/129 648/160/129 737/161/129
f 738/162/128 649/163/128 648/160/128
f 739/164/130 650/165/130 649/163/130
f 739/164/131 740/166/131 650/165/131
f 741/167/131 650/165/131 740/166/131
f 741/167/131 651/168/131 650/165/131
f 651/168/132 91/169/132 589/170/132
f 588/171/133 589/172/133 91/173/133
f 590/174/134 588/171/134 91/173/134
f 590/174/135 91/173/135 92/175/135
f 590/174/136 92/175/136 592/176/136
f 476/177/137 477/178/137 21/179/137
f 478/180/138 476/181/138 21/182/138
f 478/180/139 21/182/139 20/183/139
f 478/180/140 20/183/140 479/184/140
f 718/185/141 479/184/141 20/183/141
f 742/186/142 718/185/142 20/183/142
f 742/186/143 20/183/143 743/187/143
f 745/188/144 445/189/144 744/190/144
f 744/190/142 445/189/142 718/185/142
f 745/188/145 444/191/145 445/189/145
f 720/192/146 444/191/146 745/188/146
f 720/192/146 19/44/146 444/191/146
f 444/191/146 19/44/146 446/193/146
f 801/194/147 11/195/147 800/196/147
f 799/197/148 800/196/148 11/195/148
f 799/197/149 11/195/149 13/198/149
f 799/197/149 13/198/149 1170/199/149
f 798/200/150 1170/199/150 13/198/150
f 797/201/151 798/200/151 13/198/151
f 797/201/152 13/198/152 12/202/152
f 797/201/153 12/202/153 796/203/153
f 13/198/154 10/204/154 12/202/154
f 10/204/155 7/205/155 12/202/155
f 12/202/156 7/205/156 6/206/156
f 795/207/157 12/202/157 6/206/157
f 795/207/158 6/206/158 794/208/158
f 792/209/159 793/210/159 6/206/159
f 774/211/160 792/209/160 6/206/160
f 774/211/161 6/206/161 5/63/161
f 774/211/162 5/63/162 773/212/162
f 793/210/163 794/208/163 6/206/163
f 482/213/164 6/206/164 7/205/164
f 482/213/165 7/205/165 483/214/165
f 530/215/166 490/216/166 57/217/166
f 530/215/167 57/217/167 58/218/167
f 530/215/167 58/218/167 531/219/167
f 697/220/168 531/219/168 58/218/168
f 697/220/169 58/218/169 59/221/169
f 697/220/169 59/221/169 698/222/169
f 480/66/170 6/206/170 481/223/170
f 534/224/171 698/222/171 59/221/171
f 813/225/172 59/221/172 58/218/172
f 813/225/172 58/218/172 812/226/172
f 787/227/173 47/228/173 788/229/173
f 788/229/174 47/228/174 48/230/174
f 788/229/174 48/230/174 789/231/174
f 790/232/175 789/231/175 48/230/175
f 791/233/176 790/232/176 48/230/176
f 791/233/177 48/230/177 42/234/177
f 791/233/178 42/234/178 1157/235/178
f 775/236/179 60/68/179 776/237/179
f 1175/238/180 776/237/180 60/68/180
f 1175/238/181 60/68/181 59/221/181
f 848/239/182 850/240/182 49/241/182
f 848/239/183 49/241/183 51/242/183
f 848/239/183 51/242/183 849/243/183
f 937/244/184 52/105/184 936/245/184
f 935/246/185 936/245/185 52/105/185
f 935/246/186 52/105/186 53/247/186
f 935/246/187 53/247/187 934/248/187
f 933/249/188 56/250/188 932/251/188
f 933/249/188 53/247/188 56/250/188
f 53/247/189 54/252/189 56/250/189
f 56/250/190 54/252/190 55/253/190
f 930/254/191 56/250/191 55/253/191
f 54/252/192 43/102/192 55/253/192
f 55/253/193 43/102/193 45/255/193
f 931/256/194 55/253/194 45/255/194
f 43/102/195 44/257/195 45/255/195
f 1017/258/196 45/259/196 44/92/196
f 933/249/197 934/248/197 53/247/197
f 52/105/198 54/252/198 53/247/198
f 937/244/184 51/242/184 52/105/184
f 50/260/199 52/105/199 51/242/199
f 777/261/200 1182/262/200 61/71/200
f 775/236/201 777/261/201 61/71/201
f 754/89/202 61/71/202 1182/262/202
f 937/244/203 849/243/203 51/242/203
f 49/241/204 50/260/204 51/242/204
f 49/241/205 42/234/205 50/260/205
f 523/263/206 50/260/206 42/234/206
f 523/263/206 42/234/206 705/264/206
f 599/265/207 123/109/207 598/266/207
f 599/265/207 128/267/207 123/109/207
f 125/268/208 123/109/208 128/267/208
f 125/268/209 128/267/209 127/269/209
f 126/270/210 125/268/210 127/269/210
f 927/271/211 126/272/211 127/273/211
f 927/271/212 127/273/212 926/274/212
f 1142/275/213 129/276/213 1143/277/213
f 1143/277/214 129/276/214 126/272/214
f 126/272/215 129/276/215 131/278/215
f 126/272/216 131/278/216 124/279/216
f 124/279/217 131/278/217 133/280/217
f 124/279/218 133/280/218 122/115/218
f 131/278/219 134/281/219 133/280/219
f 133/280/220 134/281/220 136/282/220
f 137/116/221 133/280/221 136/282/221
f 137/116/222 136/282/222 138/283/222
f 140/284/223 137/116/223 138/283/223
f 166/285/224 140/284/224 138/283/224
f 166/285/225 138/283/225 167/286/225
f 166/285/226 167/286/226 164/287/226
f 164/287/227 167/286/227 169/288/227
f 164/287/228 169/288/228 168/289/228
f 163/290/229 164/287/229 168/289/229
f 163/290/230 168/289/230 165/291/230
f 159/292/231 163/290/231 165/291/231
f 181/293/232 159/292/232 165/291/232
f 918/294/233 181/293/233 165/291/233
f 918/294/234 165/291/234 919/295/234
f 969/296/235 172/297/235 970/298/235
f 1054/299/236 970/298/236 172/297/236
f 1053/300/237 1054/299/237 172/297/237
f 1051/301/238 1053/300/238 172/297/238
f 1051/301/239 172/297/239 180/302/239
f 1051/301/239 180/302/239 1052/303/239
f 841/304/240 158/305/240 843/306/240
f 842/307/241 843/306/241 158/305/241
f 844/308/242 842/307/242 158/305/242
f 844/308/243 158/305/243 181/293/243
f 844/308/243 181/293/243 1151/309/243
f 841/304/240 153/310/240 158/305/240
f 153/310/244 155/311/244 158/305/244
f 158/305/245 155/311/245 157/312/245
f 157/312/246 159/292/246 158/305/246
f 157/312/247 156/313/247 159/292/247
f 156/313/248 161/314/248 159/292/248
f 156/313/249 160/315/249 161/314/249
f 160/315/250 162/316/250 161/314/250
f 163/290/251 161/314/251 162/316/251
f 160/315/252 144/317/252 162/316/252
f 162/316/253 144/317/253 140/284/253
f 164/287/254 162/316/254 140/284/254
f 144/317/255 139/123/255 140/284/255
f 160/315/256 145/318/256 144/317/256
f 145/318/257 143/319/257 144/317/257
f 679/320/258 144/317/258 143/319/258
f 679/320/259 143/319/259 605/321/259
f 604/322/260 605/321/260 143/319/260
f 604/322/261 143/319/261 141/323/261
f 604/322/262 141/323/262 606/324/262
f 607/325/263 606/324/263 141/323/263
f 608/326/264 607/325/264 141/323/264
f 608/327/265 141/328/265 147/329/265
f 608/327/266 147/329/266 609/330/266
f 610/331/267 211/332/267 611/333/267
f 612/334/268 611/333/268 211/332/268
f 612/334/269 211/332/269 212/335/269
f 612/334/269 212/335/269 613/336/269
f 513/337/270 80/338/270 515/339/270
f 514/340/271 515/339/271 80/338/271
f 514/340/272 80/338/272 79/139/272
f 514/340/272 79/139/272 460/341/272
f 79/139/273 80/338/273 82/342/273
f 900/343/274 79/139/274 82/342/274
f 900/343/274 82/342/274 901/344/274
f 902/345/275 903/346/275 78/140/275
f 903/346/276 904/347/276 78/140/276
f 1180/348/277 1181/349/277 91/173/277
f 1179/350/278 91/173/278 1181/349/278
f 1179/350/279 1178/351/279 92/175/279
f 759/352/280 92/175/280 1178/351/280
f 899/353/281 84/354/281 898/355/281
f 897/356/282 898/355/282 84/354/282
f 896/357/283 897/356/283 84/354/283
f 1154/358/284 896/357/284 84/354/284
f 1154/358/285 84/354/285 86/359/285
f 1154/358/285 86/359/285 895/360/285
f 761/361/286 94/362/286 760/363/286
f 759/352/287 760/363/287 94/362/287
f 761/361/286 96/364/286 94/362/286
f 95/365/288 94/362/288 96/364/288
f 593/366/289 95/365/289 96/364/289
f 593/366/289 96/364/289 594/367/289
f 465/368/290 31/369/290 467/370/290
f 467/370/291 31/369/291 33/371/291
f 467/370/291 33/371/291 468/372/291
f 468/372/292 33/371/292 29/373/292
f 468/372/292 29/373/292 469/374/292
f 595/375/293 596/376/293 93/377/293
f 595/375/294 93/377/294 95/365/294
f 596/376/295 686/378/295 93/377/295
f 686/378/296 688/379/296 93/377/296
f 687/380/297 93/377/297 688/379/297
f 689/381/298 94/362/298 687/380/298
f 689/381/299 92/175/299 94/362/299
f 689/381/300 591/382/300 92/175/300
f 475/383/301 25/384/301 719/385/301
f 719/385/302 25/384/302 21/179/302
f 762/386/303 21/179/303 25/384/303
f 762/386/303 25/384/303 763/387/303
f 764/388/304 1177/389/304 25/384/304
f 764/388/305 25/384/305 26/390/305
f 764/388/305 26/390/305 765/391/305
f 765/391/306 27/392/306 766/393/306
f 1176/394/307 766/393/307 27/392/307
f 767/395/308 1176/394/308 27/392/308
f 767/395/309 27/392/309 29/373/309
f 767/395/310 29/373/310 768/396/310
f 807/397/311 806/398/311 57/217/311
f 807/397/312 57/217/312 23/399/312
f 807/397/312 23/399/312 808/400/312
f 809/401/313 808/402/313 23/403/313
f 809/401/314 23/403/314 24/404/314
f 809/401/315 24/404/315 810/405/315
f 1169/406/316 810/405/316 24/404/316
f 1169/406/317 24/404/317 22/407/317
f 1169/406/317 22/407/317 803/408/317
f 747/409/318 746/410/318 20/183/318
f 802/411/319 803/408/319 22/407/319
f 802/411/320 22/407/320 9/412/320
f 802/411/321 9/412/321 801/194/321
f 716/413/322 9/412/322 22/407/322
f 716/413/322 22/407/322 487/414/322
f 717/415/323 527/416/323 9/412/323
f 526/417/324 9/412/324 527/416/324
f 486/418/325 24/404/325 488/419/325
f 715/420/326 488/419/326 24/404/326
f 528/421/327 8/422/327 529/423/327
f 526/417/328 529/423/328 8/422/328
f 528/421/329 10/204/329 8/422/329
f 8/422/330 10/204/330 11/195/330
f 8/422/331 11/195/331 9/412/331
f 485/424/332 10/204/332 528/421/332
f 491/425/333 492/426/333 23/403/333
f 489/427/334 491/425/334 23/403/334
f 715/420/335 23/403/335 492/426/335
f 485/424/336 484/428/336 7/205/336
f 526/417/324 8/422/324 9/412/324
f 486/418/337 487/414/337 22/407/337
f 716/413/338 717/415/338 9/412/338
f 486/418/325 22/407/325 24/404/325
f 715/420/335 24/404/335 23/403/335
f 489/429/339 23/399/339 57/217/339
f 804/430/340 57/217/340 806/398/340
f 771/431/341 37/432/341 1173/433/341
f 1172/434/342 1173/433/342 37/432/342
f 1171/435/343 1172/436/343 37/437/343
f 783/438/344 1171/435/344 37/437/344
f 783/438/345 37/437/345 35/439/345
f 783/438/345 35/439/345 784/440/345
f 805/441/346 811/442/346 58/218/346
f 804/430/347 805/441/347 58/218/347
f 784/440/348 39/443/348 785/444/348
f 785/444/349 39/443/349 46/445/349
f 785/444/349 46/445/349 786/446/349
f 1174/447/350 786/446/350 46/445/350
f 787/227/351 1174/447/351 46/445/351
f 46/445/352 39/443/352 47/228/352
f 47/228/353 39/443/353 41/448/353
f 700/449/354 41/448/354 39/443/354
f 700/449/355 39/443/355 710/450/355
f 699/451/356 701/452/356 40/453/356
f 699/451/357 40/453/357 41/448/357
f 40/453/358 42/234/358 41/448/358
f 704/454/359 42/234/359 40/453/359
f 704/454/359 40/453/359 703/455/359
f 600/456/360 657/457/360 100/458/360
f 600/459/361 100/460/361 128/267/361
f 929/461/362 128/267/362 100/460/362
f 929/461/362 100/460/362 923/462/362
f 869/463/363 114/464/363 868/465/363
f 867/466/364 868/465/364 114/464/364
f 865/467/365 867/466/365 114/464/365
f 865/467/366 114/464/366 112/468/366
f 865/467/366 112/468/366 866/469/366
f 928/470/367 924/471/367 127/269/367
f 924/472/368 925/473/368 127/273/368
f 996/474/369 998/475/369 113/476/369
f 995/477/370 996/474/370 113/476/370
f 995/477/371 113/476/371 112/468/371
f 995/477/371 112/468/371 997/478/371
f 991/479/372 108/480/372 990/481/372
f 989/482/373 990/481/373 108/480/373
f 988/483/374 989/482/374 108/480/374
f 988/483/375 108/480/375 109/484/375
f 988/483/376 109/484/376 987/485/376
f 1142/275/377 1141/486/377 130/487/377
f 1141/486/378 1139/488/378 130/487/378
f 1139/488/379 1140/489/379 130/487/379
f 1140/489/380 1144/490/380 130/487/380
f 1144/490/381 1145/491/381 130/487/381
f 1137/492/382 130/487/382 1145/491/382
f 981/493/383 104/494/383 980/495/383
f 979/496/384 980/495/384 104/494/384
f 979/496/385 104/494/385 105/497/385
f 979/496/385 105/497/385 978/498/385
f 1146/499/386 170/500/386 1138/501/386
f 1136/502/387 1138/501/387 170/500/387
f 1136/502/388 170/500/388 135/503/388
f 1136/502/389 135/503/389 1137/492/389
f 167/286/390 135/503/390 170/500/390
f 1146/499/386 169/288/386 170/500/386
f 1146/499/391 1147/504/391 169/288/391
f 1147/504/392 1148/505/392 169/288/392
f 1148/505/393 1149/506/393 169/288/393
f 1152/507/394 169/288/394 1149/506/394
f 977/508/395 103/509/395 1095/510/395
f 1094/511/396 1095/510/396 103/509/396
f 1096/512/397 1094/513/397 103/514/397
f 1096/512/398 103/514/398 179/515/398
f 1096/512/399 179/515/399 976/516/399
f 1150/517/400 920/518/400 165/291/400
f 973/519/401 974/520/401 179/515/401
f 973/519/402 179/515/402 171/521/402
f 973/519/402 171/521/402 972/522/402
f 539/523/403 171/521/403 179/515/403
f 539/523/403 179/515/403 538/524/403
f 630/525/404 340/526/404 631/527/404
f 632/528/405 631/527/405 340/526/405
f 632/528/406 340/526/406 370/529/406
f 632/528/406 370/529/406 633/530/406
f 633/530/407 341/531/407 636/532/407
f 634/533/408 636/532/408 341/531/408
f 634/533/409 341/531/409 343/534/409
f 634/533/410 343/534/410 635/535/410
f 693/536/411 172/297/411 694/537/411
f 542/538/412 694/537/412 172/297/412
f 542/538/413 172/297/413 171/521/413
f 542/538/414 171/521/414 541/539/414
f 540/540/415 541/539/415 171/521/415
f 635/535/416 342/541/416 673/542/416
f 672/543/417 673/542/417 342/541/417
f 660/544/418 672/543/418 342/541/418
f 660/544/419 342/541/419 344/545/419
f 660/544/419 344/545/419 658/546/419
f 582/547/420 180/302/420 583/548/420
f 693/536/421 583/548/421 180/302/421
f 582/547/420 173/549/420 180/302/420
f 1084/550/422 180/302/422 173/549/422
f 1084/550/423 173/549/423 1083/551/423
f 837/552/424 153/310/424 840/553/424
f 837/552/424 152/554/424 153/310/424
f 152/554/425 149/555/425 153/310/425
f 149/555/426 154/556/426 153/310/426
f 149/555/427 151/557/427 154/556/427
f 154/556/428 151/557/428 155/311/428
f 148/558/429 151/557/429 149/555/429
f 146/559/430 148/558/430 149/555/430
f 146/559/431 149/555/431 150/560/431
f 214/561/432 146/562/432 150/563/432
f 216/564/433 214/561/433 150/563/433
f 216/564/434 150/563/434 218/565/434
f 216/564/435 218/565/435 219/566/435
f 216/564/436 219/566/436 217/567/436
f 217/567/437 215/568/437 216/564/437
f 213/569/438 216/564/438 215/568/438
f 211/332/439 213/569/439 215/568/439
f 213/569/440 211/332/440 147/329/440
f 213/569/441 147/329/441 146/562/441
f 211/332/442 215/568/442 217/567/442
f 219/566/443 221/570/443 217/567/443
f 221/570/444 222/571/444 217/567/444
f 224/572/445 217/567/445 222/571/445
f 224/572/446 222/571/446 223/573/446
f 227/574/447 224/572/447 223/573/447
f 223/573/448 230/575/448 227/574/448
f 227/574/449 230/575/449 233/576/449
f 227/574/450 233/576/450 232/577/450
f 231/578/451 227/574/451 232/577/451
f 619/579/452 231/578/452 232/577/452
f 619/579/452 232/577/452 620/580/452
f 712/581/453 87/582/453 508/583/453
f 508/583/454 87/582/454 85/584/454
f 508/583/454 85/584/454 509/585/454
f 510/586/455 509/587/455 85/588/455
f 510/586/456 85/588/456 86/359/456
f 510/586/456 86/359/456 511/589/456
f 616/590/457 615/591/457 228/592/457
f 616/590/458 228/592/458 229/593/458
f 616/590/458 229/593/458 617/594/458
f 618/595/459 617/594/459 229/593/459
f 618/595/460 229/593/460 231/578/460
f 228/592/461 226/596/461 229/593/461
f 229/593/462 226/596/462 227/574/462
f 212/335/463 226/596/463 228/592/463
f 614/597/464 212/335/464 228/592/464
f 225/598/465 226/596/465 212/335/465
f 217/567/466 225/598/466 212/335/466
f 225/598/467 224/572/467 226/596/467
f 614/597/468 228/592/468 615/591/468
f 511/589/469 81/599/469 512/600/469
f 513/337/470 512/600/470 81/599/470
f 511/589/469 86/359/469 81/599/469
f 85/588/471 89/601/471 86/359/471
f 893/602/472 86/359/472 89/601/472
f 893/602/472 89/601/472 894/603/472
f 1000/604/473 88/605/473 892/606/473
f 892/607/474 88/608/474 118/609/474
f 892/607/475 118/609/475 891/610/475
f 780/611/476 778/612/476 97/613/476
f 780/611/477 97/613/477 96/364/477
f 780/611/477 96/364/477 781/614/477
f 778/612/478 779/615/478 97/613/478
f 782/616/479 97/613/479 779/615/479
f 881/617/480 882/618/480 101/619/480
f 881/617/481 101/619/481 120/620/481
f 881/617/481 120/620/481 883/621/481
f 883/621/482 120/620/482 121/622/482
f 883/621/482 121/622/482 880/623/482
f 878/624/483 117/625/483 879/626/483
f 1155/627/484 879/626/484 117/625/484
f 877/628/485 1155/627/485 117/625/485
f 877/628/486 117/625/486 116/629/486
f 877/628/487 116/629/487 876/630/487
f 847/631/488 99/632/488 846/633/488
f 845/634/489 846/633/489 99/632/489
f 782/616/490 845/634/490 99/632/490
f 847/631/488 100/458/488 99/632/488
f 656/635/491 99/632/491 100/458/491
f 656/635/492 655/636/492 99/632/492
f 654/637/493 99/632/493 655/636/493
f 706/638/494 707/639/494 38/640/494
f 706/638/495 38/640/495 30/641/495
f 706/638/495 30/641/495 708/642/495
f 594/367/496 97/613/496 652/643/496
f 652/643/497 97/613/497 98/644/497
f 652/643/497 98/644/497 653/645/497
f 654/637/498 653/645/498 98/644/498
f 97/613/499 99/632/499 98/644/499
f 466/646/500 708/647/500 30/648/500
f 30/641/501 38/640/501 32/649/501
f 31/369/502 30/648/502 32/650/502
f 31/369/503 32/650/503 34/651/503
f 34/651/504 32/650/504 35/652/504
f 36/653/505 34/651/505 35/652/505
f 36/653/506 33/371/506 34/651/506
f 32/649/507 38/640/507 35/439/507
f 35/439/508 38/640/508 39/443/508
f 707/639/509 709/654/509 38/640/509
f 710/450/510 38/640/510 709/654/510
f 654/637/493 98/644/493 99/632/493
f 847/655/511 921/656/511 100/657/511
f 921/656/512 922/658/512 100/657/512
f 872/659/513 873/660/513 115/661/513
f 871/662/514 872/659/514 115/661/514
f 870/663/515 871/662/515 115/661/515
f 869/463/516 870/663/516 115/661/516
f 874/664/517 115/661/517 873/660/517
f 874/664/518 875/665/518 116/629/518
f 874/664/519 116/629/519 115/661/519
f 115/661/520 116/629/520 102/666/520
f 504/667/521 115/661/521 102/666/521
f 504/667/521 102/666/521 505/668/521
f 676/669/522 294/670/522 677/671/522
f 678/672/523 677/671/523 294/670/523
f 678/672/524 294/670/524 293/673/524
f 678/672/525 293/673/525 556/674/525
f 502/675/526 115/661/526 503/676/526
f 502/675/526 114/464/526 115/661/526
f 714/677/527 114/464/527 502/675/527
f 555/678/528 291/679/528 557/680/528
f 562/681/529 557/680/529 291/679/529
f 562/681/530 291/679/530 288/682/530
f 562/681/531 288/682/531 561/683/531
f 500/684/532 112/468/532 501/685/532
f 714/677/533 501/685/533 112/468/533
f 500/684/532 111/686/532 112/468/532
f 112/468/534 111/686/534 110/687/534
f 108/480/535 110/687/535 111/686/535
f 499/688/536 108/480/536 111/686/536
f 499/688/537 497/689/537 108/480/537
f 496/690/538 108/480/538 497/689/538
f 496/690/539 498/691/539 107/692/539
f 493/693/540 107/692/540 498/691/540
f 625/694/541 627/695/541 286/696/541
f 625/694/542 286/696/542 284/697/542
f 625/694/542 284/697/542 626/698/542
f 675/699/543 333/700/543 674/701/543
f 663/702/544 674/701/544 333/700/544
f 663/702/545 333/700/545 336/703/545
f 663/702/545 336/703/545 664/704/545
f 662/705/546 338/706/546 629/707/546
f 662/705/546 337/708/546 338/706/546
f 337/708/547 339/709/547 338/706/547
f 340/526/548 338/706/548 339/709/548
f 372/710/549 340/526/549 339/709/549
f 372/710/550 339/709/550 377/711/550
f 378/712/551 372/710/551 377/711/551
f 380/713/552 378/712/552 377/711/552
f 386/714/553 380/713/553 377/711/553
f 386/714/554 377/711/554 388/715/554
f 388/715/555 390/716/555 386/714/555
f 386/714/556 390/716/556 393/717/556
f 386/714/557 393/717/557 394/718/557
f 1130/719/558 386/714/558 394/718/558
f 1130/719/558 394/718/558 1129/720/558
f 1097/721/559 385/722/559 1098/723/559
f 1098/723/560 385/722/560 386/714/560
f 1097/721/561 387/724/561 385/722/561
f 384/725/562 385/722/562 387/724/562
f 953/726/563 384/725/563 387/724/563
f 953/726/563 387/724/563 1133/727/563
f 952/728/564 954/729/564 383/730/564
f 952/728/565 383/730/565 384/725/565
f 381/731/566 384/725/566 383/730/566
f 373/732/567 381/731/567 383/730/567
f 383/730/568 410/733/568 373/732/568
f 373/732/569 410/733/569 414/734/569
f 373/732/570 414/734/570 369/735/570
f 369/735/571 371/736/571 373/732/571
f 373/732/572 371/736/572 374/737/572
f 373/732/573 374/737/573 375/738/573
f 375/738/574 376/739/574 373/732/574
f 375/738/575 372/710/575 376/739/575
f 375/738/576 374/737/576 372/710/576
f 374/737/577 371/736/577 372/710/577
f 370/529/578 372/710/578 371/736/578
f 368/740/579 370/529/579 371/736/579
f 368/740/580 341/531/580 370/529/580
f 364/741/581 341/531/581 368/740/581
f 369/735/582 364/741/582 368/740/582
f 366/742/583 364/741/583 369/735/583
f 365/743/584 364/741/584 366/742/584
f 365/743/585 366/742/585 363/744/585
f 360/745/586 365/743/586 363/744/586
f 362/746/587 360/745/587 363/744/587
f 362/746/588 363/744/588 361/747/588
f 359/748/589 362/746/589 361/747/589
f 358/749/590 359/748/590 361/747/590
f 358/749/591 361/747/591 357/750/591
f 357/750/592 355/751/592 358/749/592
f 354/752/593 355/751/593 357/750/593
f 354/752/594 357/750/594 356/753/594
f 352/754/595 354/752/595 356/753/595
f 356/753/596 420/755/596 352/754/596
f 352/754/597 420/755/597 351/756/597
f 351/756/598 350/757/598 352/754/598
f 352/754/599 350/757/599 349/758/599
f 350/757/600 348/759/600 349/758/600
f 348/759/601 345/760/601 349/758/601
f 349/758/602 345/760/602 353/761/602
f 349/758/603 353/761/603 355/751/603
f 355/751/604 353/761/604 359/748/604
f 359/748/605 353/761/605 360/745/605
f 360/745/606 353/761/606 341/531/606
f 353/761/607 345/760/607 341/531/607
f 347/762/608 345/760/608 348/759/608
f 344/545/609 345/760/609 347/762/609
f 344/545/610 347/762/610 346/763/610
f 347/762/611 351/756/611 346/763/611
f 351/756/612 423/764/612 346/763/612
f 346/763/613 423/764/613 424/765/613
f 346/763/614 424/765/614 425/766/614
f 659/767/615 346/763/615 425/766/615
f 659/767/615 425/766/615 638/768/615
f 669/769/616 175/770/616 581/771/616
f 580/772/617 581/771/617 175/770/617
f 580/772/618 175/770/618 173/549/618
f 174/773/619 173/549/619 175/770/619
f 174/773/620 175/770/620 176/774/620
f 1072/775/621 174/773/621 176/774/621
f 1072/775/621 176/774/621 1074/776/621
f 1069/777/622 1071/778/622 178/779/622
f 1068/780/623 1069/781/623 178/782/623
f 1068/780/624 178/782/624 177/783/624
f 1068/780/624 177/783/624 1070/784/624
f 1065/785/625 1067/786/625 185/787/625
f 1065/785/626 185/787/626 183/788/626
f 1065/785/626 183/788/626 1066/789/626
f 1161/790/627 1162/791/627 222/571/627
f 830/792/628 222/571/628 1162/791/628
f 1082/793/629 182/794/629 1081/795/629
f 1080/796/630 1081/795/630 182/794/630
f 1079/797/631 1080/796/631 182/794/631
f 1061/798/632 1079/797/632 182/794/632
f 1061/798/633 182/794/633 184/799/633
f 1061/798/633 184/799/633 1060/800/633
f 824/801/634 825/802/634 235/803/634
f 824/801/635 235/803/635 230/575/635
f 824/801/635 230/575/635 829/804/635
f 827/805/636 829/804/636 230/575/636
f 826/806/637 235/803/637 825/802/637
f 826/806/638 236/807/638 235/803/638
f 235/803/639 236/807/639 234/808/639
f 233/576/640 235/803/640 234/808/640
f 238/809/641 234/808/641 236/807/641
f 238/809/642 236/807/642 237/810/642
f 237/810/643 239/811/643 238/809/643
f 304/812/644 238/809/644 239/811/644
f 304/812/645 239/811/645 306/813/645
f 304/812/646 306/813/646 305/814/646
f 302/815/647 304/812/647 305/814/647
f 302/815/648 305/814/648 297/816/648
f 299/817/649 302/815/649 297/816/649
f 294/670/650 299/817/650 297/816/650
f 295/818/651 294/670/651 297/816/651
f 295/818/652 297/816/652 296/819/652
f 293/673/653 295/818/653 296/819/653
f 293/673/654 296/819/654 292/820/654
f 291/679/655 293/673/655 292/820/655
f 289/821/656 291/679/656 292/820/656
f 289/821/657 292/820/657 290/822/657
f 267/823/658 289/821/658 290/822/658
f 267/823/659 290/822/659 260/824/659
f 260/824/660 265/825/660 267/823/660
f 265/825/661 268/826/661 267/823/661
f 268/826/662 285/827/662 267/823/662
f 268/826/663 283/828/663 285/827/663
f 285/827/664 283/828/664 287/829/664
f 285/827/665 287/829/665 288/682/665
f 289/821/666 285/827/666 288/682/666
f 558/830/667 288/682/667 287/829/667
f 558/830/667 287/829/667 559/831/667
f 559/831/668 287/829/668 286/696/668
f 558/830/669 560/832/669 288/682/669
f 287/829/670 283/828/670 286/696/670
f 282/833/671 283/828/671 268/826/671
f 271/834/672 282/833/672 268/826/672
f 269/835/673 271/834/673 268/826/673
f 266/836/674 269/835/674 268/826/674
f 266/836/675 264/837/675 269/835/675
f 269/835/676 264/837/676 270/838/676
f 270/838/677 264/837/677 272/839/677
f 270/838/678 272/839/678 273/840/678
f 270/838/679 273/840/679 271/834/679
f 273/840/680 275/841/680 271/834/680
f 271/834/681 275/841/681 276/842/681
f 275/841/682 277/843/682 276/842/682
f 277/843/683 278/844/683 276/842/683
f 278/844/684 280/845/684 276/842/684
f 276/842/685 280/845/685 281/846/685
f 282/833/686 276/842/686 281/846/686
f 280/847/687 330/848/687 281/849/687
f 281/849/688 330/848/688 332/850/688
f 281/849/689 332/850/689 333/700/689
f 281/849/690 333/700/690 284/851/690
f 283/828/691 281/846/691 284/697/691
f 333/700/692 332/850/692 335/852/692
f 335/852/693 332/850/693 334/853/693
f 391/854/694 335/852/694 334/853/694
f 334/853/695 406/855/695 391/854/695
f 391/854/696 406/855/696 398/856/696
f 398/856/697 392/857/697 391/854/697
f 389/858/698 391/854/698 392/857/698
f 389/858/699 392/857/699 390/716/699
f 389/858/700 339/709/700 391/854/700
f 395/859/701 392/857/701 398/856/701
f 399/860/702 395/859/702 398/856/702
f 407/861/703 399/860/703 398/856/703
f 407/861/704 400/862/704 399/860/704
f 322/863/705 399/860/705 400/862/705
f 322/863/706 400/862/706 326/864/706
f 323/865/707 322/863/707 326/864/707
f 323/865/708 326/864/708 325/866/708
f 1109/867/709 323/865/709 325/866/709
f 1109/867/709 325/866/709 1110/868/709
f 1126/869/710 1108/870/710 323/865/710
f 1107/871/711 323/865/711 1108/870/711
f 1107/871/712 1105/872/712 322/863/712
f 1105/872/713 1106/873/713 322/863/713
f 1104/874/714 322/863/714 1106/873/714
f 1128/875/715 397/876/715 1102/877/715
f 1101/878/716 1102/877/716 397/876/716
f 1101/878/717 397/876/717 399/860/717
f 1101/878/717 399/860/717 1103/879/717
f 1104/874/718 1103/879/718 399/860/718
f 1128/875/719 396/880/719 397/876/719
f 396/880/720 395/859/720 397/876/720
f 396/880/721 393/717/721 395/859/721
f 1127/881/722 396/880/722 1128/875/722
f 1099/882/723 1100/883/723 387/724/723
f 959/884/724 387/724/724 1100/883/724
f 959/884/725 408/885/725 387/724/725
f 959/884/726 957/886/726 408/885/726
f 957/886/727 958/887/727 408/885/727
f 958/887/728 1134/888/728 408/885/728
f 941/889/729 411/890/729 1135/891/729
f 1135/891/730 411/890/730 409/892/730
f 1135/891/730 409/892/730 956/893/730
f 955/894/731 956/893/731 409/892/731
f 955/894/732 409/892/732 383/730/732
f 409/892/733 411/890/733 410/733/733
f 410/733/734 411/890/734 413/895/734
f 413/895/735 411/890/735 412/896/735
f 414/734/736 413/895/736 412/896/736
f 414/734/737 412/896/737 416/897/737
f 414/734/738 416/897/738 415/898/738
f 366/742/739 414/734/739 415/898/739
f 417/899/740 415/898/740 416/897/740
f 947/900/741 417/899/741 416/897/741
f 947/900/741 416/897/741 948/901/741
f 949/902/742 412/896/742 951/903/742
f 950/904/743 951/903/743 412/896/743
f 943/905/744 950/904/744 412/896/744
f 942/906/745 943/905/745 412/896/745
f 941/889/729 942/906/729 412/896/729
f 1043/907/746 1042/908/746 419/909/746
f 1044/910/747 1043/907/747 419/909/747
f 1044/910/748 419/909/748 418/911/748
f 1044/910/748 418/911/748 1045/912/748
f 944/913/749 945/914/749 417/899/749
f 946/915/750 417/899/750 945/914/750
f 946/915/751 418/911/751 417/899/751
f 418/911/752 363/744/752 417/899/752
f 946/915/753 1045/912/753 418/911/753
f 361/747/754 418/911/754 419/909/754
f 361/747/755 419/909/755 367/916/755
f 1041/917/756 367/916/756 419/909/756
f 1041/917/757 1040/918/757 367/916/757
f 1038/919/758 367/916/758 1040/918/758
f 1038/919/759 356/753/759 367/916/759
f 1038/919/760 1039/920/760 356/753/760
f 1046/921/761 356/753/761 1039/920/761
f 1046/921/762 1047/922/762 420/755/762
f 1050/923/763 420/755/763 1047/922/763
f 1048/924/764 351/756/764 1050/923/764
f 1048/924/764 421/925/764 351/756/764
f 351/756/765 421/925/765 422/926/765
f 1086/927/766 422/926/766 421/925/766
f 1086/927/767 421/925/767 1087/928/767
f 964/929/768 966/930/768 252/931/768
f 964/929/769 252/931/769 253/932/769
f 964/929/769 253/932/769 965/933/769
f 1029/934/770 1031/935/770 429/936/770
f 1029/934/771 429/936/771 422/926/771
f 1029/934/771 422/926/771 1030/937/771
f 427/938/772 422/926/772 429/936/772
f 429/936/773 433/939/773 427/938/773
f 427/938/774 433/939/774 435/940/774
f 427/938/775 435/940/775 428/941/775
f 428/941/776 426/942/776 427/938/776
f 426/942/777 424/765/777 427/938/777
f 425/766/778 426/942/778 428/941/778
f 637/943/779 425/766/779 428/941/779
f 637/943/780 428/941/780 639/944/780
f 641/945/781 640/946/781 438/947/781
f 641/945/782 438/947/782 439/948/782
f 641/945/782 439/948/782 642/949/782
f 579/950/783 578/951/783 177/783/783
f 668/952/784 579/953/784 177/954/784
f 668/952/785 177/954/785 176/774/785
f 668/952/786 176/774/786 669/769/786
f 577/955/787 177/783/787 578/951/787
f 575/956/788 186/957/788 577/955/788
f 575/956/788 187/958/788 186/957/788
f 185/787/789 186/957/789 187/958/789
f 185/787/790 177/783/790 186/957/790
f 575/956/791 576/959/791 187/958/791
f 695/960/792 187/958/792 576/959/792
f 644/961/793 645/962/793 210/963/793
f 644/964/794 210/965/794 195/966/794
f 644/964/795 195/966/795 566/967/795
f 574/968/796 573/969/796 189/970/796
f 574/968/797 189/970/797 188/971/797
f 574/968/798 188/971/798 695/960/798
f 183/788/799 188/971/799 189/970/799
f 183/788/800 189/970/800 190/972/800
f 183/788/801 190/972/801 182/794/801
f 182/794/802 190/972/802 191/973/802
f 191/973/803 190/972/803 189/970/803
f 572/974/804 191/973/804 189/970/804
f 572/974/805 571/975/805 191/973/805
f 570/976/806 191/973/806 571/975/806
f 563/977/807 564/978/807 194/979/807
f 567/980/808 563/977/808 194/979/808
f 567/980/809 194/979/809 193/981/809
f 567/980/809 193/981/809 568/982/809
f 569/983/810 192/984/810 570/976/810
f 569/983/811 193/981/811 192/984/811
f 198/985/812 192/984/812 193/981/812
f 193/981/813 199/986/813 198/985/813
f 199/986/814 204/987/814 198/985/814
f 1062/988/815 198/985/815 204/987/815
f 1062/988/816 204/987/816 1063/989/816
f 1064/990/817 201/991/817 1085/992/817
f 1021/993/818 1085/992/818 201/991/818
f 1020/994/819 1021/995/819 201/996/819
f 1020/994/820 201/996/820 202/997/820
f 1020/994/821 202/997/821 1022/998/821
f 1163/999/822 1165/1000/822 237/810/822
f 1165/1000/823 1166/1001/823 237/810/823
f 1166/1001/824 1167/1002/824 237/810/824
f 823/1003/825 237/810/825 1167/1002/825
f 1028/1004/826 205/1005/826 1027/1006/826
f 1026/1007/827 1027/1006/827 205/1005/827
f 1025/1008/828 1026/1007/828 205/1005/828
f 1024/1009/829 1025/1008/829 205/1005/829
f 1024/1009/830 205/1005/830 206/1010/830
f 1024/1009/830 206/1010/830 1091/1011/830
f 1093/1012/831 1092/1013/831 431/1014/831
f 1093/1012/832 431/1014/832 430/1015/832
f 1093/1012/833 430/1015/833 939/1016/833
f 1168/1017/834 312/1018/834 820/1019/834
f 820/1019/835 312/1018/835 310/1020/835
f 820/1019/835 310/1020/835 819/1021/835
f 819/1021/836 310/1020/836 309/1022/836
f 819/1021/837 309/1022/837 818/1023/837
f 817/1024/838 818/1023/838 309/1022/838
f 817/1024/839 309/1022/839 306/813/839
f 817/1024/839 306/813/839 821/1025/839
f 306/813/840 309/1022/840 308/1026/840
f 308/1026/841 309/1022/841 310/1020/841
f 311/1027/842 308/1026/842 310/1020/842
f 307/1028/843 308/1026/843 311/1027/843
f 307/1028/844 311/1027/844 314/1029/844
f 307/1028/845 314/1029/845 296/819/845
f 314/1029/846 311/1027/846 313/1030/846
f 292/820/847 314/1029/847 313/1030/847
f 292/820/848 313/1030/848 315/1031/848
f 313/1030/849 316/1032/849 315/1031/849
f 316/1032/850 320/1033/850 315/1031/850
f 320/1033/851 321/1034/851 315/1031/851
f 321/1034/852 318/1035/852 315/1031/852
f 290/822/853 315/1031/853 318/1035/853
f 321/1034/854 259/1036/854 318/1035/854
f 258/1037/855 318/1035/855 259/1036/855
f 257/1038/856 258/1037/856 259/1036/856
f 856/1039/857 257/1038/857 259/1036/857
f 856/1039/858 259/1036/858 857/1040/858
f 854/1041/859 257/1038/859 855/1042/859
f 854/1041/859 255/1043/859 257/1038/859
f 853/1044/860 255/1043/860 854/1041/860
f 851/1045/861 852/1046/861 251/1047/861
f 851/1045/862 251/1047/862 254/1048/862
f 254/1048/863 251/1047/863 253/932/863
f 254/1048/864 253/932/864 256/1049/864
f 254/1048/865 256/1049/865 255/1043/865
f 258/1037/866 255/1043/866 256/1049/866
f 258/1037/867 256/1049/867 260/824/867
f 260/824/868 256/1049/868 262/1050/868
f 256/1049/869 263/1051/869 262/1050/869
f 262/1050/870 263/1051/870 265/825/870
f 265/825/871 263/1051/871 266/836/871
f 256/1049/872 261/1052/872 263/1051/872
f 261/1052/873 264/837/873 263/1051/873
f 261/1052/874 252/931/874 264/837/874
f 261/1052/875 256/1049/875 253/932/875
f 852/1046/876 968/1053/876 251/1047/876
f 965/933/877 251/1047/877 968/1053/877
f 1032/1054/878 1033/1055/878 429/936/878
f 1034/1056/879 429/936/879 1033/1055/879
f 851/1045/880 254/1048/880 853/1044/880
f 853/1044/860 254/1048/860 255/1043/860
f 1034/1056/881 1035/1057/881 433/939/881
f 1035/1057/882 1036/1058/882 433/939/882
f 1036/1058/883 1037/1059/883 433/939/883
f 1088/1060/884 433/939/884 1037/1059/884
f 1088/1060/885 1089/1061/885 432/1062/885
f 1090/1063/886 432/1062/886 1089/1061/886
f 1090/1063/887 940/1064/887 430/1015/887
f 940/1064/888 938/1065/888 430/1015/888
f 814/1066/889 815/1067/889 317/1068/889
f 816/1069/890 814/1066/890 317/1068/890
f 816/1069/891 317/1068/891 316/1032/891
f 816/1069/892 316/1032/892 863/1070/892
f 863/1070/893 313/1030/893 864/1071/893
f 1168/1017/894 864/1071/894 313/1030/894
f 862/1072/895 316/1032/895 317/1068/895
f 861/1073/896 316/1032/896 862/1072/896
f 860/1074/897 320/1033/897 861/1073/897
f 860/1074/898 319/1075/898 320/1033/898
f 862/1072/899 317/1068/899 815/1067/899
f 1090/1063/886 430/1015/886 432/1062/886
f 860/1074/900 859/1076/900 319/1075/900
f 858/1077/901 319/1075/901 859/1076/901
f 858/1077/901 259/1036/901 319/1075/901
f 1088/1060/884 432/1062/884 433/939/884
f 436/1078/902 433/939/902 432/1062/902
f 436/1078/903 432/1062/903 434/1079/903
f 436/1078/904 434/1079/904 437/1080/904
f 437/1080/905 435/940/905 436/1078/905
f 437/1080/906 434/1079/906 439/948/906
f 439/948/907 434/1079/907 440/1081/907
f 440/1081/908 443/1082/908 439/948/908
f 643/1083/909 439/948/909 443/1082/909
f 643/1083/909 443/1082/909 671/1084/909
f 670/1085/910 671/1084/910 443/1082/910
f 647/1086/911 670/1085/911 443/1082/911
f 647/1086/912 443/1082/912 442/1087/912
f 647/1086/912 442/1087/912 646/1088/912
f 646/1088/913 442/1087/913 210/963/913
f 440/1081/914 210/963/914 442/1087/914
f 440/1081/915 209/1089/915 210/963/915
f 210/963/916 209/1089/916 208/1090/916
f 207/1091/917 208/1092/917 209/1093/917
f 209/1089/918 206/1094/918 207/1095/918
f 441/1096/919 206/1094/919 209/1089/919
f 441/1096/920 431/1014/920 206/1094/920
f 441/1096/921 434/1079/921 431/1014/921
f 207/1091/922 197/1097/922 208/1092/922
f 208/1092/923 197/1097/923 195/966/923
f 196/1098/924 195/1099/924 197/1100/924
f 196/1098/925 197/1100/925 200/1101/925
f 196/1098/926 200/1101/926 199/986/926
f 200/1101/927 197/1100/927 201/991/927
f 200/1101/928 201/991/928 203/1102/928
f 204/987/929 200/1101/929 203/1102/929
f 194/979/930 195/1099/930 196/1098/930
f 207/1091/931 205/1005/931 197/1097/931
f 197/1097/932 205/1005/932 202/1103/932
f 441/1096/933 209/1089/933 440/1081/933
f 440/1081/934 442/1087/934 443/1082/934
f 440/1081/935 434/1079/935 441/1096/935
f 432/1062/936 431/1014/936 434/1079/936
f 858/1077/937 857/1040/937 259/1036/937
f 856/1039/938 855/1042/938 257/1038/938
f 257/1038/939 255/1043/939 258/1037/939
f 260/824/940 318/1035/940 258/1037/940
f 319/1075/941 259/1036/941 321/1034/941
f 319/1075/942 321/1034/942 320/1033/942
f 861/1073/943 320/1033/943 316/1032/943
f 863/1070/944 316/1032/944 313/1030/944
f 312/1018/945 313/1030/945 311/1027/945
f 305/814/946 308/1026/946 307/1028/946
f 310/1020/947 312/1018/947 311/1027/947
f 1168/1017/834 313/1030/834 312/1018/834
f 938/1065/948 939/1016/948 430/1015/948
f 432/1062/949 430/1015/949 431/1014/949
f 1091/1104/950 431/1014/950 1092/1013/950
f 1091/1104/951 206/1094/951 431/1014/951
f 206/1010/952 205/1005/952 207/1091/952
f 821/1025/953 239/811/953 822/1105/953
f 823/1003/954 822/1105/954 239/811/954
f 1028/1004/826 202/1103/826 205/1005/826
f 1028/1106/955 1023/1107/955 202/997/955
f 1023/1107/956 1022/998/956 202/997/956
f 201/991/957 197/1100/957 202/1108/957
f 1064/990/958 203/1102/958 201/991/958
f 1163/999/959 236/807/959 1164/1109/959
f 1063/989/960 203/1102/960 1064/990/960
f 1063/989/960 204/987/960 203/1102/960
f 1059/1110/961 198/985/961 1062/988/961
f 1059/1110/962 184/799/962 198/985/962
f 199/986/963 200/1101/963 204/987/963
f 193/981/964 196/1098/964 199/986/964
f 192/984/965 198/985/965 184/799/965
f 191/973/966 192/984/966 184/799/966
f 569/983/967 568/982/967 193/981/967
f 194/979/968 196/1098/968 193/981/968
f 564/978/969 565/1111/969 194/979/969
f 566/1112/970 194/979/970 565/1111/970
f 570/976/971 192/984/971 191/973/971
f 183/788/972 187/958/972 188/971/972
f 572/974/804 189/970/804 573/969/804
f 566/1112/973 195/1099/973 194/979/973
f 208/1092/974 195/966/974 210/965/974
f 646/1088/913 210/963/913 645/962/913
f 695/960/975 188/971/975 187/958/975
f 577/955/976 186/957/976 177/783/976
f 643/1083/977 642/949/977 439/948/977
f 437/1080/978 439/948/978 438/947/978
f 428/941/979 437/1080/979 438/947/979
f 639/944/980 438/947/980 640/946/980
f 639/944/981 428/941/981 438/947/981
f 428/941/982 435/940/982 437/1080/982
f 435/940/983 433/939/983 436/1078/983
f 1034/1056/879 433/939/879 429/936/879
f 427/938/984 424/765/984 422/926/984
f 1031/935/985 1032/1054/985 429/936/985
f 965/933/986 253/932/986 251/1047/986
f 261/1052/874 253/932/874 252/931/874
f 966/930/987 967/1113/987 252/931/987
f 960/1114/988 252/931/988 967/1113/988
f 960/1114/989 274/1115/989 252/931/989
f 272/839/990 252/931/990 274/1115/990
f 274/1115/991 250/1116/991 272/839/991
f 963/1117/992 250/1116/992 274/1115/992
f 963/1117/993 274/1115/993 962/1118/993
f 961/1119/994 962/1118/994 274/1115/994
f 963/1117/995 1132/1120/995 250/1116/995
f 1132/1120/996 1131/1121/996 250/1116/996
f 1122/1122/997 250/1116/997 1131/1121/997
f 1121/1123/998 249/1124/998 1122/1122/998
f 1121/1123/999 248/1125/999 249/1124/999
f 247/1126/1000 249/1124/1000 248/1125/1000
f 1124/1127/1001 247/1126/1001 248/1125/1001
f 1124/1127/1001 248/1125/1001 1120/1128/1001
f 1123/1129/1002 1125/1130/1002 246/1131/1002
f 1123/1129/1003 246/1131/1003 247/1126/1003
f 247/1126/568 246/1131/568 245/1132/568
f 246/1131/1004 243/1133/1004 245/1132/1004
f 243/1133/1005 244/1134/1005 245/1132/1005
f 279/1135/1006 245/1136/1006 244/1137/1006
f 279/1135/1007 244/1137/1007 330/848/1007
f 330/848/1007 244/1137/1007 331/1138/1007
f 331/1138/1008 244/1137/1008 329/1139/1008
f 334/853/1009 331/1138/1009 329/1139/1009
f 329/1139/1010 404/1140/1010 334/853/1010
f 329/1139/1011 402/1141/1011 404/1140/1011
f 404/1140/1012 402/1141/1012 403/1142/1012
f 404/1140/1013 403/1142/1013 405/1143/1013
f 406/855/1014 404/1140/1014 405/1143/1014
f 405/1143/1015 407/861/1015 406/855/1015
f 403/1142/1016 407/861/1016 405/1143/1016
f 402/1141/1017 401/1144/1017 403/1142/1017
f 403/1142/1018 401/1144/1018 400/862/1018
f 326/864/1019 401/1144/1019 402/1141/1019
f 326/864/1020 402/1141/1020 329/1139/1020
f 329/1139/1021 327/1145/1021 326/864/1021
f 328/1146/1022 327/1145/1022 329/1139/1022
f 328/1146/1023 324/1147/1023 327/1145/1023
f 324/1147/1024 325/866/1024 327/1145/1024
f 240/1148/1025 324/1147/1025 328/1146/1025
f 240/1148/1026 328/1146/1026 241/1149/1026
f 1114/1150/1027 240/1151/1027 241/1152/1027
f 1114/1150/1028 241/1152/1028 1115/1153/1028
f 1112/1154/1029 240/1148/1029 1113/1155/1029
f 1116/1156/1030 1115/1153/1030 241/1152/1030
f 1116/1156/1031 241/1152/1031 242/1157/1031
f 1116/1156/1031 242/1157/1031 1117/1158/1031
f 1118/1159/1032 1117/1158/1032 242/1157/1032
f 1118/1159/1033 242/1157/1033 246/1131/1033
f 242/1157/1034 241/1152/1034 243/1133/1034
f 1114/1150/1035 1113/1160/1035 240/1151/1035
f 241/1149/1036 328/1146/1036 244/1137/1036
f 1112/1154/1037 324/1147/1037 240/1148/1037
f 328/1146/1038 329/1139/1038 244/1137/1038
f 278/844/1039 245/1132/1039 279/1161/1039
f 243/1133/1040 241/1152/1040 244/1134/1040
f 242/1157/1041 243/1133/1041 246/1131/1041
f 1119/1162/1042 1120/1128/1042 248/1125/1042
f 1123/1129/1003 247/1126/1003 1124/1127/1003
f 247/1126/1043 245/1132/1043 249/1124/1043
f 277/843/1036 249/1124/1036 245/1132/1036
f 1121/1123/1044 1119/1162/1044 248/1125/1044
f 1122/1122/1045 249/1124/1045 250/1116/1045
f 275/841/1046 250/1116/1046 249/1124/1046
f 960/1114/1047 961/1119/1047 274/1115/1047
f 1049/1163/1048 1087/928/1048 421/925/1048
f 1086/927/1049 1030/937/1049 422/926/1049
f 1048/924/1050 1049/1163/1050 421/925/1050
f 1041/917/756 419/909/756 1042/908/756
f 1118/1159/1033 246/1131/1033 1125/1130/1033
f 949/902/1051 948/901/1051 416/897/1051
f 947/900/1052 944/913/1052 417/899/1052
f 363/744/1053 415/898/1053 417/899/1053
f 949/902/1054 416/897/1054 412/896/1054
f 941/889/729 412/896/729 411/890/729
f 1127/881/1055 394/718/1055 396/880/1055
f 1112/1154/1056 1111/1164/1056 324/1147/1056
f 1110/868/1056 324/1147/1056 1111/1164/1056
f 1110/868/1056 325/866/1056 324/1147/1056
f 1109/867/1057 1126/869/1057 323/865/1057
f 327/1145/1058 325/866/1058 326/864/1058
f 1107/871/1059 322/863/1059 323/865/1059
f 326/864/12 400/862/12 401/1144/12
f 1104/874/1060 399/860/1060 322/863/1060
f 407/861/1061 403/1142/1061 400/862/1061
f 397/876/1062 395/859/1062 399/860/1062
f 393/717/1063 392/857/1063 395/859/1063
f 406/855/1064 407/861/1064 398/856/1064
f 334/853/1065 404/1140/1065 406/855/1065
f 391/854/1066 339/709/1066 335/852/1066
f 332/850/1067 331/1138/1067 334/853/1067
f 332/850/688 330/848/688 331/1138/688
f 279/1135/1068 330/848/1068 280/847/1068
f 278/844/1069 279/1161/1069 280/845/1069
f 277/843/1070 245/1132/1070 278/844/1070
f 275/841/1071 249/1124/1071 277/843/1071
f 273/840/1072 250/1116/1072 275/841/1072
f 272/839/1073 250/1116/1073 273/840/1073
f 272/839/1074 264/837/1074 252/931/1074
f 266/836/1075 263/1051/1075 264/837/1075
f 269/835/1076 270/838/1076 271/834/1076
f 282/833/1077 271/834/1077 276/842/1077
f 282/833/1078 281/846/1078 283/828/1078
f 265/825/1079 266/836/1079 268/826/1079
f 262/1050/1080 265/825/1080 260/824/1080
f 290/822/1081 318/1035/1081 260/824/1081
f 289/821/1082 267/823/1082 285/827/1082
f 292/820/1083 315/1031/1083 290/822/1083
f 296/819/1084 314/1029/1084 292/820/1084
f 297/816/1085 307/1028/1085 296/819/1085
f 294/670/1086 298/1165/1086 299/817/1086
f 299/817/1087 298/1165/1087 301/1166/1087
f 301/1166/1088 298/1165/1088 300/1167/1088
f 301/1166/1089 300/1167/1089 303/1168/1089
f 301/1166/1090 303/1168/1090 238/809/1090
f 301/1166/1091 238/809/1091 302/815/1091
f 303/1168/1092 300/1167/1092 234/808/1092
f 234/808/1093 300/1167/1093 232/577/1093
f 621/1169/1094 232/577/1094 300/1167/1094
f 621/1169/1094 300/1167/1094 622/1170/1094
f 507/1171/1095 101/619/1095 713/1172/1095
f 712/581/1096 713/1172/1096 101/619/1096
f 506/1173/1097 120/620/1097 507/1171/1097
f 506/1173/1097 102/666/1097 120/620/1097
f 676/669/1098 624/1174/1098 298/1165/1098
f 623/1175/1099 298/1165/1099 624/1174/1099
f 623/1175/1100 622/1170/1100 300/1167/1100
f 623/1175/1099 300/1167/1099 298/1165/1099
f 299/817/1101 301/1166/1101 302/815/1101
f 297/816/1102 305/814/1102 307/1028/1102
f 305/814/1103 306/813/1103 308/1026/1103
f 821/1025/1104 306/813/1104 239/811/1104
f 302/815/1105 238/809/1105 304/812/1105
f 823/1003/1106 239/811/1106 237/810/1106
f 1163/999/1107 237/810/1107 236/807/1107
f 238/809/1108 303/1168/1108 234/808/1108
f 826/806/1109 1164/1109/1109 236/807/1109
f 1059/1110/1110 1060/800/1110 184/799/1110
f 182/794/1111 191/973/1111 184/799/1111
f 827/805/1112 223/573/1112 828/1176/1112
f 830/792/1113 828/1176/1113 223/573/1113
f 1082/793/1114 183/788/1114 182/794/1114
f 1159/1177/1115 1160/1178/1115 221/570/1115
f 1161/790/1116 221/570/1116 1160/1178/1116
f 1082/793/1117 1066/789/1117 183/788/1117
f 185/787/1118 187/958/1118 183/788/1118
f 1159/1177/1119 219/566/1119 833/1179/1119
f 833/1179/1120 219/566/1120 220/1180/1120
f 833/1179/1120 220/1180/1120 832/1181/1120
f 836/1182/1121 831/1183/1121 220/1180/1121
f 834/1184/1122 836/1182/1122 220/1180/1122
f 834/1184/1123 220/1180/1123 152/1185/1123
f 834/1184/1123 152/1185/1123 835/1186/1123
f 1073/1187/1124 1076/1188/1124 174/773/1124
f 1077/1189/1125 174/773/1125 1076/1188/1125
f 1077/1189/1126 1078/1190/1126 173/549/1126
f 838/1191/1127 839/1192/1127 152/1193/1127
f 839/1192/1128 835/1194/1128 152/1193/1128
f 218/565/1129 152/1185/1129 220/1180/1129
f 831/1183/1130 832/1181/1130 220/1180/1130
f 1070/784/1131 185/787/1131 1067/786/1131
f 1070/784/1132 177/783/1132 185/787/1132
f 176/774/1133 177/954/1133 178/779/1133
f 1075/1195/1134 176/774/1134 178/779/1134
f 1075/1195/1135 178/779/1135 1071/778/1135
f 1075/1195/1136 1074/776/1136 176/774/1136
f 1072/775/1137 1073/1187/1137 174/773/1137
f 1077/1189/1125 173/549/1125 174/773/1125
f 669/769/616 176/774/616 175/770/616
f 637/943/1138 638/768/1138 425/766/1138
f 658/546/1139 346/763/1139 659/767/1139
f 425/766/1140 424/765/1140 426/942/1140
f 424/765/1141 423/764/1141 422/926/1141
f 351/756/1142 422/926/1142 423/764/1142
f 344/545/1143 343/534/1143 345/760/1143
f 347/762/1144 348/759/1144 350/757/1144
f 347/762/1145 350/757/1145 351/756/1145
f 1050/923/763 351/756/763 420/755/763
f 1046/921/761 420/755/761 356/753/761
f 352/754/1146 349/758/1146 354/752/1146
f 357/750/1147 367/916/1147 356/753/1147
f 349/758/1148 355/751/1148 354/752/1148
f 367/916/1149 357/750/1149 361/747/1149
f 355/751/1150 359/748/1150 358/749/1150
f 363/744/752 418/911/752 361/747/752
f 359/748/1151 360/745/1151 362/746/1151
f 366/742/1152 415/898/1152 363/744/1152
f 360/745/1153 364/741/1153 365/743/1153
f 360/745/1154 341/531/1154 364/741/1154
f 368/740/1155 371/736/1155 369/735/1155
f 369/735/1156 414/734/1156 366/742/1156
f 414/734/1157 410/733/1157 413/895/1157
f 383/730/1158 409/892/1158 410/733/1158
f 376/739/1159 381/731/1159 373/732/1159
f 376/739/1160 379/1196/1160 381/731/1160
f 379/1196/1161 382/1197/1161 381/731/1161
f 379/1196/1162 380/713/1162 382/1197/1162
f 382/1197/1163 380/713/1163 385/722/1163
f 376/739/16 378/712/16 379/1196/16
f 381/731/1164 382/1197/1164 384/725/1164
f 955/894/1165 383/730/1165 954/729/1165
f 1133/727/1166 408/885/1166 1134/888/1166
f 1133/727/1167 387/724/1167 408/885/1167
f 952/728/1168 384/725/1168 953/726/1168
f 382/1197/1169 385/722/1169 384/725/1169
f 1097/721/1170 1099/882/1170 387/724/1170
f 1127/881/1171 1129/720/1171 394/718/1171
f 1098/723/1172 386/714/1172 1130/719/1172
f 394/718/1173 393/717/1173 396/880/1173
f 393/717/1174 390/716/1174 392/857/1174
f 388/715/1175 389/858/1175 390/716/1175
f 388/715/1176 377/711/1176 389/858/1176
f 385/722/1177 380/713/1177 386/714/1177
f 379/1196/1178 378/712/1178 380/713/1178
f 376/739/1179 372/710/1179 378/712/1179
f 389/858/1180 377/711/1180 339/709/1180
f 337/708/1181 335/852/1181 339/709/1181
f 337/708/1182 336/703/1182 335/852/1182
f 661/1198/1183 336/703/1183 337/708/1183
f 661/1198/1183 337/708/1183 662/705/1183
f 536/1199/1184 105/497/1184 495/1200/1184
f 536/1199/1184 103/509/1184 105/497/1184
f 536/1199/1185 537/1201/1185 103/509/1185
f 538/524/1186 103/514/1186 537/1202/1186
f 661/1198/1187 664/704/1187 336/703/1187
f 336/703/1188 333/700/1188 335/852/1188
f 675/699/543 284/851/543 333/700/543
f 495/1200/1189 104/494/1189 494/1203/1189
f 493/693/1190 494/1203/1190 104/494/1190
f 675/699/1191 626/1204/1191 284/851/1191
f 283/828/1192 284/697/1192 286/696/1192
f 559/831/668 286/696/668 627/695/668
f 493/693/540 104/494/540 107/692/540
f 104/494/1193 106/1205/1193 107/692/1193
f 107/692/1194 106/1205/1194 109/484/1194
f 985/1206/1195 109/484/1195 106/1205/1195
f 985/1206/1196 106/1205/1196 984/1207/1196
f 985/1206/1197 986/1208/1197 109/484/1197
f 496/690/538 107/692/538 108/480/538
f 499/688/536 111/686/536 500/684/536
f 560/832/1198 561/683/1198 288/682/1198
f 288/682/1199 291/679/1199 289/821/1199
f 555/678/528 293/673/528 291/679/528
f 555/678/1200 556/674/1200 293/673/1200
f 293/673/1201 294/670/1201 295/818/1201
f 676/669/1202 298/1165/1202 294/670/1202
f 506/1173/1203 505/668/1203 102/666/1203
f 504/667/1204 503/676/1204 115/661/1204
f 875/665/1205 876/630/1205 116/629/1205
f 102/666/1206 116/629/1206 117/625/1206
f 121/622/1207 102/666/1207 117/625/1207
f 878/624/1208 121/622/1208 117/625/1208
f 878/624/1209 880/623/1209 121/622/1209
f 121/622/1210 120/620/1210 102/666/1210
f 507/1171/1211 120/620/1211 101/619/1211
f 884/1209/1212 101/619/1212 882/618/1212
f 884/1209/1212 119/1210/1212 101/619/1212
f 119/1210/1213 87/582/1213 101/619/1213
f 119/1210/1214 118/609/1214 87/582/1214
f 889/1211/1215 118/609/1215 119/1210/1215
f 889/1211/1215 119/1210/1215 885/1212/1215
f 888/1213/1216 886/1214/1216 118/609/1216
f 886/1214/1217 887/1215/1217 118/609/1217
f 887/1215/1218 890/1216/1218 118/609/1218
f 889/1211/1219 888/1213/1219 118/609/1219
f 884/1209/1220 885/1212/1220 119/1210/1220
f 782/616/479 99/632/479 97/613/479
f 890/1216/1221 891/610/1221 118/609/1221
f 118/609/1222 88/608/1222 87/582/1222
f 1000/604/473 89/601/473 88/605/473
f 1000/604/1223 1001/1217/1223 89/601/1223
f 1001/1217/1224 1002/1218/1224 89/601/1224
f 1002/1218/1225 894/603/1225 89/601/1225
f 85/588/1226 88/605/1226 89/601/1226
f 87/1219/1227 88/605/1227 85/588/1227
f 712/581/453 101/619/453 87/582/453
f 621/1169/1228 620/580/1228 232/577/1228
f 618/595/460 231/578/460 619/579/460
f 229/593/1229 227/574/1229 231/578/1229
f 232/577/1230 233/576/1230 234/808/1230
f 233/576/1231 230/575/1231 235/803/1231
f 827/805/1232 230/575/1232 223/573/1232
f 226/596/1233 224/572/1233 227/574/1233
f 830/792/1234 223/573/1234 222/571/1234
f 217/567/1235 224/572/1235 225/598/1235
f 1161/790/1236 222/571/1236 221/570/1236
f 1159/1177/1237 221/570/1237 219/566/1237
f 218/565/1238 220/1180/1238 219/566/1238
f 218/565/1239 150/563/1239 152/1185/1239
f 213/569/1240 214/561/1240 216/564/1240
f 213/569/1241 146/562/1241 214/561/1241
f 146/559/1242 141/323/1242 148/558/1242
f 148/558/1243 141/323/1243 145/318/1243
f 148/558/1244 145/318/1244 151/557/1244
f 156/313/1245 151/557/1245 145/318/1245
f 150/560/1246 149/555/1246 152/554/1246
f 837/552/1247 838/1220/1247 152/554/1247
f 1078/1190/1248 1083/551/1248 173/549/1248
f 580/772/1249 173/549/1249 582/547/1249
f 658/546/1139 344/545/1139 346/763/1139
f 342/541/1250 343/534/1250 344/545/1250
f 635/535/1251 343/534/1251 342/541/1251
f 345/760/1252 343/534/1252 341/531/1252
f 633/530/1253 370/529/1253 341/531/1253
f 370/529/1254 340/526/1254 372/710/1254
f 630/525/404 338/706/404 340/526/404
f 630/525/1255 628/1221/1255 338/706/1255
f 628/1221/1256 629/707/1256 338/706/1256
f 539/523/1257 540/540/1257 171/521/1257
f 974/520/1258 975/1222/1258 179/515/1258
f 975/1222/1259 976/516/1259 179/515/1259
f 538/524/1186 179/515/1186 103/514/1186
f 1150/517/1260 168/289/1260 1152/507/1260
f 977/508/395 105/497/395 103/509/395
f 977/508/1261 978/498/1261 105/497/1261
f 495/1200/1262 105/497/1262 104/494/1262
f 981/493/383 106/1205/383 104/494/383
f 981/493/1225 982/1223/1225 106/1205/1225
f 982/1223/1263 983/1224/1263 106/1205/1263
f 983/1224/1264 984/1207/1264 106/1205/1264
f 1137/492/1265 135/503/1265 130/487/1265
f 135/503/1266 132/1225/1266 130/487/1266
f 132/1225/1267 129/276/1267 130/487/1267
f 134/281/1268 132/1225/1268 135/503/1268
f 986/1208/1269 987/485/1269 109/484/1269
f 107/692/1270 109/484/1270 108/480/1270
f 991/479/1271 110/687/1271 108/480/1271
f 991/479/1272 992/1226/1272 110/687/1272
f 992/1226/1273 993/1227/1273 110/687/1273
f 993/1227/1274 994/1228/1274 110/687/1274
f 997/478/1275 110/687/1275 994/1228/1275
f 997/478/1275 112/468/1275 110/687/1275
f 998/475/1276 999/1229/1276 113/476/1276
f 866/469/1277 113/476/1277 999/1229/1277
f 866/469/1278 112/468/1278 113/476/1278
f 714/677/527 112/468/527 114/464/527
f 869/463/1279 115/661/1279 114/464/1279
f 922/1230/1280 923/462/1280 100/460/1280
f 928/470/1281 128/267/1281 929/461/1281
f 656/635/1282 100/458/1282 657/457/1282
f 702/1231/1283 703/455/1283 40/453/1283
f 701/452/1284 702/1231/1284 40/453/1284
f 710/450/1285 39/443/1285 38/640/1285
f 699/451/1286 41/448/1286 700/449/1286
f 784/440/348 35/439/348 39/443/348
f 36/653/1287 35/652/1287 37/432/1287
f 771/431/1288 36/653/1288 37/432/1288
f 771/431/1289 770/1232/1289 36/653/1289
f 769/1233/1290 36/653/1290 770/1232/1290
f 769/1233/1290 29/373/1290 36/653/1290
f 769/1233/1291 768/396/1291 29/373/1291
f 29/373/1292 27/392/1292 28/1234/1292
f 470/1235/1293 29/373/1293 28/1234/1293
f 470/1235/1294 28/1234/1294 471/1236/1294
f 472/1237/1295 471/1236/1295 28/1234/1295
f 472/1237/1296 28/1234/1296 26/390/1296
f 472/1237/1296 26/390/1296 473/1238/1296
f 27/392/1297 26/390/1297 28/1234/1297
f 765/391/306 26/390/306 27/392/306
f 1177/389/1298 763/387/1298 25/384/1298
f 747/409/1299 21/182/1299 762/1239/1299
f 475/383/1300 26/390/1300 25/384/1300
f 475/383/1301 474/1240/1301 26/390/1301
f 474/1240/1302 473/1238/1302 26/390/1302
f 687/380/1303 94/362/1303 93/377/1303
f 470/1235/1304 469/374/1304 29/373/1304
f 29/373/1305 33/371/1305 36/653/1305
f 31/369/1306 34/651/1306 33/371/1306
f 465/368/1307 30/648/1307 31/369/1307
f 465/368/1308 466/646/1308 30/648/1308
f 594/367/496 96/364/496 97/613/496
f 595/375/1309 95/365/1309 593/366/1309
f 93/377/1310 94/362/1310 95/365/1310
f 761/361/1311 781/614/1311 96/364/1311
f 893/602/1312 895/360/1312 86/359/1312
f 81/599/1313 86/359/1313 84/354/1313
f 83/1241/1314 81/599/1314 84/354/1314
f 80/338/1315 81/599/1315 83/1241/1315
f 899/353/1316 83/1241/1316 84/354/1316
f 1005/1242/1317 83/1241/1317 899/353/1317
f 1005/1242/1318 82/342/1318 83/1241/1318
f 1005/1242/1319 1003/1243/1319 82/342/1319
f 1003/1243/1320 1004/1244/1320 82/342/1320
f 1004/1244/1321 1006/1245/1321 82/342/1321
f 759/352/280 94/362/280 92/175/280
f 1006/1245/1322 901/344/1322 82/342/1322
f 902/345/1323 79/139/1323 900/343/1323
f 80/338/1324 83/1241/1324 82/342/1324
f 513/337/270 81/599/270 80/338/270
f 614/597/1325 613/336/1325 212/335/1325
f 211/332/1326 217/567/1326 212/335/1326
f 610/331/267 147/329/267 211/332/267
f 610/331/1327 609/330/1327 147/329/1327
f 146/559/1328 147/1246/1328 141/323/1328
f 683/1247/1329 144/317/1329 679/320/1329
f 683/1247/1329 142/126/1329 144/317/1329
f 141/323/1330 143/319/1330 145/318/1330
f 160/315/1331 156/313/1331 145/318/1331
f 157/312/1332 151/557/1332 156/313/1332
f 155/311/1333 151/557/1333 157/312/1333
f 154/556/1334 155/311/1334 153/310/1334
f 841/304/1335 840/553/1335 153/310/1335
f 1084/550/1336 1052/303/1336 180/302/1336
f 693/536/411 180/302/411 172/297/411
f 969/296/235 171/521/235 172/297/235
f 969/296/1337 971/1248/1337 171/521/1337
f 971/1248/1338 972/522/1338 171/521/1338
f 920/518/1339 919/295/1339 165/291/1339
f 918/294/1340 1151/309/1340 181/293/1340
f 181/293/1341 158/305/1341 159/292/1341
f 159/292/1342 161/314/1342 163/290/1342
f 1150/517/1260 165/291/1260 168/289/1260
f 163/290/1343 162/316/1343 164/287/1343
f 1152/507/394 168/289/394 169/288/394
f 167/286/1344 170/500/1344 169/288/1344
f 167/286/1345 138/283/1345 135/503/1345
f 164/287/1346 140/284/1346 166/285/1346
f 138/283/1347 136/282/1347 135/503/1347
f 136/282/1348 134/281/1348 135/503/1348
f 131/278/1349 132/1225/1349 134/281/1349
f 131/278/1350 129/276/1350 132/1225/1350
f 1142/275/213 130/487/213 129/276/213
f 925/473/1351 926/274/1351 127/273/1351
f 1143/277/1352 126/272/1352 927/271/1352
f 124/1249/1353 125/268/1353 126/270/1353
f 928/470/1354 127/269/1354 128/267/1354
f 124/1249/1355 123/109/1355 125/268/1355
f 600/459/361 128/267/361 599/265/361
f 704/454/1356 705/264/1356 42/234/1356
f 523/263/1357 524/1250/1357 50/260/1357
f 525/106/1358 50/260/1358 524/1250/1358
f 1158/1251/1359 42/234/1359 49/241/1359
f 1158/1251/1359 49/241/1359 850/240/1359
f 1158/1251/1360 1156/1252/1360 42/234/1360
f 1156/1252/1361 1157/235/1361 42/234/1361
f 48/230/1362 41/448/1362 42/234/1362
f 47/228/1363 41/448/1363 48/230/1363
f 787/227/1364 46/445/1364 47/228/1364
f 811/442/1365 812/226/1365 58/218/1365
f 1175/238/181 59/221/181 813/225/181
f 804/430/340 58/218/340 57/217/340
f 489/429/1366 57/217/1366 490/216/1366
f 484/428/1367 483/214/1367 7/205/1367
f 482/213/1368 481/223/1368 6/206/1368
f 485/424/332 7/205/332 10/204/332
f 11/195/1369 10/204/1369 13/198/1369
f 801/194/1370 9/412/1370 11/195/1370
f 746/410/1371 743/187/1371 20/183/1371
f 744/190/1372 718/185/1372 742/186/1372
f 747/409/1299 20/183/1299 21/182/1299
f 719/385/1373 21/179/1373 477/178/1373
f 591/382/1374 592/176/1374 92/175/1374
f 1179/350/278 92/175/278 91/173/278
f 1180/1253/1375 91/169/1375 651/168/1375
f 1180/1253/1376 651/168/1376 741/167/1376
f 739/164/1377 649/163/1377 738/162/1377
f 735/159/1378 690/158/1378 736/155/1378
f 915/151/1379 71/37/1379 73/131/1379
f 907/147/1380 74/149/1380 76/141/1380
f 904/347/1381 905/143/1381 78/140/1381
f 906/142/1382 1153/144/1382 76/141/1382
f 76/141/1383 75/135/1383 77/138/1383
f 902/345/1323 78/140/1323 79/139/1323
f 459/137/1384 460/341/1384 79/139/1384
f 461/136/1385 77/138/1385 75/135/1385
f 462/133/1386 75/135/1386 73/131/1386
f 683/1247/1387 602/127/1387 142/126/1387
f 144/317/1388 142/126/1388 139/123/1388
f 139/123/1389 137/116/1389 140/284/1389
f 681/122/1390 682/1254/1390 137/116/1390
f 682/1254/1391 554/1255/1391 137/116/1391
f 519/120/94 70/34/94 67/98/94
f 69/21/1392 67/98/1392 70/34/1392
f 1014/1256/1393 69/21/1393 70/34/1393
f 1014/1256/1394 1013/1257/1394 69/21/1394
f 554/1255/1395 553/117/1395 137/116/1395
f 122/115/1396 133/280/1396 137/116/1396
f 122/111/1397 123/109/1397 124/1249/1397
f 597/108/1398 598/266/1398 123/109/1398
f 525/106/1358 52/105/1358 50/260/1358
f 54/252/1399 52/105/1399 43/102/1399
f 543/101/85 44/257/85 43/102/85
f 522/99/1400 521/118/1400 67/98/1400
f 1057/1258/1401 66/97/1401 1008/96/1401
f 1057/1258/1402 65/93/1402 66/97/1402
f 1057/1258/1403 1055/1259/1403 65/93/1403
f 1055/1259/1404 1056/94/1404 65/93/1404
f 66/97/1405 65/93/1405 44/92/1405
f 756/1260/1406 63/84/1406 755/1261/1406
f 756/1260/1406 64/9/1406 63/84/1406
f 1017/258/196 44/92/196 1018/91/196
f 1017/1262/1407 1019/1263/1407 45/255/1407
f 931/256/194 45/255/194 1019/1263/194
f 930/254/1408 55/253/1408 931/256/1408
f 930/254/1409 932/251/1409 56/250/1409
f 754/89/1410 62/80/1410 61/71/1410
f 753/88/1411 755/1261/1411 63/84/1411
f 545/79/68 61/71/68 62/80/68
f 453/78/67 2/58/67 1/75/67
f 4/62/1412 1/75/1412 2/58/1412
f 545/79/1413 696/72/1413 61/71/1413
f 775/236/179 61/71/179 60/68/179
f 532/67/61 59/221/61 60/68/61
f 532/67/1414 534/224/1414 59/221/1414
f 480/66/170 5/63/170 6/206/170
f 458/65/1415 457/76/1415 3/64/1415
f 3/64/1416 1/75/1416 4/62/1416
f 752/60/1417 4/62/1417 2/58/1417
f 772/61/1418 773/212/1418 5/63/1418
f 748/56/54 2/58/54 14/4/54
f 795/207/1419 796/203/1419 12/202/1419
f 1185/51/1420 15/3/1420 16/45/1420
f 720/192/1421 721/47/1421 19/44/1421
f 722/46/1422 723/48/1422 16/45/1422
f 450/42/1423 446/193/1423 19/44/1423
f 1183/157/43 665/41/43 1184/40/43
f 911/154/1424 913/38/1424 71/37/1424
f 71/37/1425 72/35/1425 73/131/1425
f 517/129/102 72/35/102 70/34/102
f 1014/1256/1393 70/34/1393 1016/33/1393
f 758/1264/1426 733/31/1426 90/28/1426
f 757/23/1427 758/1264/1427 90/28/1427
f 734/39/38 667/29/38 732/30/38
f 585/24/1428 90/28/1428 692/27/1428
f 757/23/35 90/28/35 585/24/35
f 1013/1257/1429 1012/22/1429 69/21/1429
f 69/21/1430 68/19/1430 67/98/1430
f 1007/95/1431 68/19/1431 1009/18/1431
f 756/1265/1432 730/16/1432 64/14/1432
f 731/25/1433 584/12/1433 729/15/1433
f 550/8/27 63/84/27 64/9/27
f 451/86/1434 448/7/1434 18/5/1434
f 447/6/1435 449/43/1435 17/2/1435
f 18/5/1436 14/4/1436 2/58/1436
f 728/54/52 14/4/52 15/3/52
f 15/3/1437 17/2/1437 16/45/1437
