# Blender 5.2.1 LTS
# www.blender.org
mtllib lamenter collider.mtl
o Object.1
v -0.384436 1.396068 0.133053
v -0.366336 1.492574 0.127188
v -0.385753 1.534470 0.119865
v -0.413697 1.641828 0.109339
v -0.411953 1.664152 0.093297
v -0.494351 1.507805 0.010933
v -0.523729 1.391533 -0.045139
v -0.505320 1.433120 -0.037485
v -0.541364 1.356961 -0.039481
v -0.525202 1.385875 -0.067570
v -0.538263 1.360721 -0.062338
v -0.508110 1.395293 -0.099080
v -0.501328 1.409943 -0.051195
v -0.482724 1.412152 -0.086910
v -0.456951 1.412850 -0.092181
v -0.478655 1.425368 -0.072046
v -0.434122 1.431337 -0.082685
v -0.477492 1.477691 -0.029152
v -0.440207 1.483194 -0.053268
v -0.457454 1.486683 -0.033541
v -0.464353 1.509433 -0.026235
v -0.424627 1.516874 -0.049054
v -0.392536 1.478737 -0.055497
v -0.411139 1.485248 -0.057600
v -0.388311 1.531525 -0.054557
v -0.440013 1.569894 -0.042203
v -0.465710 1.523773 -0.010616
v -0.456757 1.569042 -0.011740
v -0.470128 1.557880 0.008317
v -0.392691 1.589273 -0.063559
v -0.376413 1.577258 -0.055604
v -0.459315 1.603691 0.009160
v -0.448889 1.667563 0.027851
v -0.443075 1.700817 0.057234
v -0.427417 1.697716 0.047903
v -0.417341 1.656943 0.005119
v -0.406837 1.665237 0.017958
v -0.395753 1.646169 -0.018629
v -0.424898 1.633146 -0.010810
v -0.439704 1.591133 -0.023387
v -0.406953 1.617333 -0.028241
v -0.393156 1.620744 -0.028483
v -0.391063 1.625240 -0.056417
v -0.376258 1.623535 -0.044655
v -0.380947 1.611830 -0.013513
v -0.371994 1.615705 -0.055526
v -0.389319 1.616481 -0.062687
v -0.365251 1.513696 -0.032475
v -0.363739 1.476373 -0.032417
v -0.337578 1.427849 -0.006120
v -0.346182 1.420562 -0.038744
v -0.377072 1.431260 -0.070942
v -0.387691 1.434515 -0.075244
v -0.430324 1.424438 -0.117993
v -0.392923 1.467071 -0.111346
v -0.363778 1.458777 -0.090340
v -0.340136 1.419439 -0.078906
v -0.408659 1.462420 -0.130512
v -0.376296 1.486411 -0.139581
v -0.349515 1.472458 -0.115610
v -0.319207 1.431880 -0.111191
v -0.447455 1.404362 -0.129330
v -0.442765 1.374286 -0.124117
v -0.437417 1.393393 -0.170471
v -0.418271 1.426686 -0.180295
v -0.427999 1.422384 -0.130861
v -0.425092 1.448507 -0.147022
v -0.410674 1.448313 -0.236552
v -0.401372 1.465637 -0.228413
v -0.408039 1.467924 -0.178939
v -0.354399 1.497844 -0.179269
v -0.355794 1.506332 -0.154910
v -0.331106 1.505402 -0.141577
v -0.306417 1.481954 -0.136577
v -0.304673 1.532532 -0.157041
v -0.284132 1.454049 -0.152468
v -0.504467 1.305996 0.018278
v -0.503110 1.300299 -0.032669
v -0.474120 1.253325 -0.008145
v -0.465942 1.250224 -0.040876
v -0.523381 1.329056 -0.044810
v -0.477531 1.260921 -0.058888
v -0.456214 1.238519 -0.055177
v -0.395985 1.220420 -0.023803
v -0.438696 1.245883 -0.085980
v -0.507955 1.368240 -0.097820
v -0.368119 1.262587 -0.117315
v -0.357848 1.249604 -0.046844
v -0.453075 1.275029 -0.104196
v -0.522760 1.318863 -0.068771
v -0.518148 1.343862 -0.100766
v -0.474818 1.383472 -0.108536
v -0.482492 1.358163 -0.112102
v -0.488925 1.337854 -0.110668
v -0.436603 1.327545 -0.136965
v -0.415868 1.363899 -0.149561
v -0.400132 1.346497 -0.184617
v -0.386102 1.300027 -0.197426
v -0.422689 1.297779 -0.139387
v -0.351763 1.265960 -0.193706
v -0.388582 1.269680 -0.135531
v -0.368700 1.264719 -0.162409
v -0.347771 1.263828 -0.149755
v -0.331726 1.286036 -0.098886
v -0.315874 1.289950 -0.037688
v -0.318781 1.308438 -0.092375
v -0.386528 1.223869 -0.017466
v -0.447726 1.275029 0.070263
v -0.416449 1.300957 0.074946
v -0.439471 1.271424 0.067100
v -0.457842 1.257549 0.056400
v -0.436913 1.260146 0.039866
v -0.396489 1.276269 0.038063
v -0.456020 1.252782 0.028132
v -0.472182 1.257704 0.049594
v -0.473732 1.260572 0.023587
v -0.405326 1.232241 -0.011565
v -0.349554 1.278517 0.010923
v -0.422457 1.698956 0.070614
v -0.397497 1.643611 0.072620
v -0.392575 1.643301 0.040573
v -0.387459 1.643533 -0.012467
v -0.403000 1.577103 0.106486
v -0.380870 1.625550 0.021935
v -0.373041 1.574158 0.035990
v -0.365173 1.569119 0.015574
v -0.397923 1.557182 0.094509
v -0.384978 1.586172 0.063076
v -0.380560 1.549818 0.053062
v -0.388118 1.530207 0.091361
v -0.375289 1.503426 0.067012
v -0.366995 1.509588 0.031920
v -0.353740 1.453778 0.084393
v -0.358778 1.463312 0.034187
v -0.353817 1.444204 0.112222
v -0.346453 1.372464 0.083591
v -0.344205 1.403083 0.077356
v -0.346725 1.432151 0.039308
v -0.324245 1.370604 0.037937
v -0.343159 1.348319 0.064922
v -0.314014 1.340374 0.041634
v -0.334206 1.395331 0.019624
v -0.291883 1.381456 0.003734
v -0.316261 1.397928 -0.014414
v -0.330834 1.397657 -0.040052
v -0.362887 1.475753 0.013491
v -0.285682 1.374131 -0.008320
v -0.356065 1.562453 0.004393
v -0.367344 1.604233 -0.023590
v -0.296689 1.357117 -0.011168
v -0.336880 1.311112 0.032250
v -0.312657 1.363473 -0.039267
v -0.321222 1.366729 -0.054906
v -0.320912 1.339482 -0.083964
v -0.299945 1.328785 -0.000452
v -0.319207 1.305725 0.016146
v -0.316068 1.304756 -0.017369
v -0.310487 1.334172 -0.037950
v -0.437339 1.387347 -0.194364
v -0.437998 1.409710 -0.188590
v -0.407884 1.366535 -0.202193
v -0.380250 1.341381 -0.229692
v -0.360135 1.285803 -0.240195
v -0.323703 1.259293 -0.237133
v -0.359205 1.329405 -0.258682
v -0.342849 1.491605 -0.235854
v -0.373894 1.474319 -0.219150
v -0.349515 1.490364 -0.197194
v -0.302425 1.632681 -0.242637
v -0.299983 1.655471 -0.234847
v -0.273977 1.683764 -0.239110
v -0.238127 1.633844 -0.251706
v -0.218438 1.551989 -0.256241
v -0.232274 1.521835 -0.241125
v -0.233476 1.516642 -0.227676
v -0.258397 1.593459 -0.193938
v -0.249560 1.694073 -0.247171
v -0.257660 1.541137 -0.191186
v -0.255761 1.486489 -0.185877
v -0.271264 1.538888 -0.164812
v -0.279520 1.606249 -0.175819
v -0.286186 1.646944 -0.201380
v -0.310332 1.580359 -0.177951
v -0.329400 1.524083 -0.170277
v -0.322501 1.555011 -0.182427
v -0.318432 1.552531 -0.227366
v -0.324013 1.518967 -0.208627
v -0.320602 1.538191 -0.245621
v -0.363313 1.341963 0.071041
v -0.326571 1.415989 -0.067415
v -0.300100 1.413625 -0.085515
v -0.305177 1.393432 -0.068674
v -0.298782 1.375991 -0.100688
v -0.288472 1.413857 -0.091948
v -0.283628 1.426609 -0.121772
v -0.269869 1.392192 -0.115106
v -0.306029 1.354016 -0.138302
v -0.271807 1.375410 -0.148301
v -0.268009 1.419632 -0.130434
v -0.304324 1.322467 -0.134872
v -0.244832 1.468970 -0.167351
v -0.220337 1.449863 -0.172002
v -0.204253 1.497108 -0.220661
v -0.195106 1.469862 -0.211844
v -0.182626 1.512611 -0.243373
v -0.170495 1.466645 -0.234304
v -0.203264 1.423586 -0.188105
v -0.253009 1.391378 -0.134349
v -0.223786 1.393045 -0.184268
v -0.187451 1.424981 -0.217832
v -0.233941 1.385254 -0.197581
v -0.240491 1.374015 -0.207348
v -0.188614 1.418470 -0.236823
v -0.217508 1.380681 -0.235350
v -0.215221 1.332544 -0.251202
v -0.220453 1.337506 -0.235467
v -0.279054 1.321576 -0.175645
v -0.308161 1.297934 -0.153979
v -0.334245 1.268517 -0.184346
v -0.303898 1.275377 -0.221010
v -0.279326 1.291384 -0.219344
v -0.330280 1.515372 -0.260396
v -0.324528 1.527756 -0.260396
v -0.357175 1.491432 -0.260396
v -0.388346 1.482250 -0.260396
v -0.333559 1.269233 -0.260396
v -0.312210 1.249639 -0.260396
v -0.301227 1.253353 -0.260396
v -0.291708 1.259167 -0.260396
v -0.273852 1.274406 -0.260396
v -0.265985 1.284966 -0.260396
v -0.176338 1.400609 -0.260396
v -0.169884 1.419375 -0.260396
v -0.187138 1.385671 -0.260396
v -0.197797 1.353388 -0.260396
v -0.207975 1.337738 -0.260396
v -0.225392 1.319812 -0.260396
v -0.237441 1.310854 -0.260396
v -0.222576 1.539928 -0.260396
v -0.198895 1.534395 -0.260396
v -0.217616 1.552636 -0.260396
v -0.229856 1.606410 -0.260396
v -0.227448 1.630601 -0.260396
v -0.236081 1.643255 -0.260396
v -0.235171 1.656077 -0.260396
v -0.239047 1.684219 -0.260396
v -0.246082 1.706742 -0.260396
v -0.258242 1.705331 -0.260396
v -0.309228 1.566315 -0.260396
v -0.301784 1.602738 -0.260396
v -0.293408 1.644861 -0.260396
v -0.162538 1.454149 -0.260396
v -0.156081 1.469722 -0.260396
v -0.165274 1.506083 -0.260396
v -0.168042 1.512487 -0.260396
v -0.166895 1.436052 -0.260396
v -0.172161 1.430218 -0.260396
v -0.267546 1.700629 -0.260396
v -0.275763 1.692112 -0.260396
v -0.286815 1.680952 -0.260396
v -0.290827 1.656211 -0.260396
v -0.235242 1.668281 -0.260396
v -0.215737 1.330281 -0.260396
v -0.220154 1.326027 -0.260396
v -0.351001 1.281744 -0.260396
v -0.357841 1.325312 -0.260396
v -0.358467 1.329767 -0.260396
v -0.359964 1.332293 -0.260396
v -0.377202 1.363228 -0.260396
v -0.385997 1.379020 -0.260396
v -0.409150 1.390667 -0.260396
v -0.409439 1.456243 -0.260396
v -0.421856 1.420137 -0.260396
v -0.407663 1.457862 -0.260396
v -0.401651 1.473645 -0.260396
v -0.399706 1.477725 -0.260396
v -0.421986 1.415428 -0.260396
v -0.411588 1.392647 -0.260396
v -0.461443 1.683708 0.064499
v -0.448704 1.707768 0.077237
v -0.447521 1.708196 0.078421
v -0.478914 1.622973 0.047028
v -0.479940 1.618237 0.046001
v -0.485146 1.566920 0.040796
v -0.541056 1.384068 -0.015114
v -0.538553 1.413061 -0.012611
v -0.544273 1.373159 -0.018331
v -0.534605 1.355969 -0.008663
v -0.530082 1.350648 -0.004140
v -0.381098 1.416296 0.144844
v -0.370791 1.442684 0.155151
v -0.386808 1.402974 0.139134
v -0.388483 1.399430 0.137459
v -0.391630 1.394452 0.134312
v -0.415532 1.646161 0.110409
v -0.414912 1.643272 0.111030
v -0.424492 1.676141 0.101449
v -0.445496 1.707786 0.080446
v -0.430621 1.697117 0.095320
v -0.429557 1.694432 0.096385
v -0.495028 1.539595 0.030914
v -0.495571 1.535514 0.030370
v -0.497881 1.526731 0.028060
v -0.506531 1.509714 0.019411
v -0.508393 1.505963 0.017548
v -0.517930 1.482804 0.008012
v -0.528161 1.459946 -0.002219
v -0.537748 1.415548 -0.011806
v -0.369256 1.490556 0.156685
v -0.370372 1.496116 0.155570
v -0.391867 1.544245 0.134074
v -0.397546 1.554469 0.128395
v -0.388111 1.542975 0.137830
v -0.414437 1.640531 0.111504
v -0.414725 1.631457 0.111216
v -0.412237 1.583784 0.113704
v -0.413422 1.580359 0.112519
v -0.373080 1.516074 0.152861
v -0.382753 1.535034 0.143189
v -0.427429 1.321638 0.098513
v -0.432074 1.306154 0.093868
v -0.409864 1.360788 0.116078
v -0.404913 1.372645 0.121028
v -0.516532 1.331191 0.009410
v -0.505834 1.309006 0.020108
v -0.526990 1.346596 -0.001048
v -0.448901 1.285806 0.077041
v -0.450152 1.273340 0.075790
v -0.439621 1.294420 0.086321
v -0.435457 1.299494 0.090485
v -0.451241 1.266714 0.074701
v -0.451932 1.263341 0.074010
v -0.473858 1.252758 0.052084
v -0.475901 1.260705 0.050041
v -0.465599 1.246113 0.060343
v -0.461317 1.245507 0.064625
v -0.485298 1.268940 0.040644
v -0.489284 1.278615 0.036658
v -0.504388 1.304856 0.021554
v -0.504842 1.306625 0.021100
v -0.370419 1.452199 0.155522
v -0.399593 1.383221 0.126349
v -0.468033 1.669489 0.057908
vn -0.0000 -0.0000 -1.0000
vn -0.7071 -0.0000 0.7071
vn -0.7071 -0.0000 0.7072
vn -0.7071 0.0001 0.7071
vn -0.7071 -0.0001 0.7071
vn -0.7072 0.0001 0.7071
vn -0.7072 -0.0000 0.7071
vn -0.7070 0.0001 0.7072
vn -0.2823 0.6625 -0.6939
vn -0.6928 0.5417 -0.4760
vn 0.7264 0.3628 0.5838
vn 0.8354 0.4540 0.3099
vn 0.3105 0.9431 -0.1193
vn 0.7364 0.6475 -0.1962
vn 0.2132 0.7319 -0.6472
vn -0.0969 0.8703 -0.4829
vn -0.4447 0.5915 -0.6726
vn -0.4075 0.4273 -0.8071
vn -0.4363 0.3957 -0.8081
vn -0.6967 0.4197 -0.5817
vn -0.6608 0.3081 -0.6844
vn -0.7821 0.2892 -0.5520
vn 0.3561 -0.4131 0.8381
vn 0.6465 0.0734 0.7594
vn 0.9046 0.1316 0.4055
vn 0.9057 0.1304 0.4033
vn 0.9232 0.0043 0.3842
vn 0.8069 0.2298 0.5442
vn 0.9735 0.0573 0.2215
vn 0.9151 0.0001 0.4032
vn 0.6598 0.2842 0.6957
vn 0.9361 0.1159 0.3321
vn 0.9267 0.2237 0.3019
vn 0.9080 0.2335 0.3479
vn 0.8709 0.4838 0.0861
vn 0.9758 0.2031 -0.0807
vn 0.8127 0.1851 -0.5525
vn 0.2058 0.9054 0.3713
vn 0.6416 0.6812 0.3526
vn 0.6702 0.5707 0.4745
vn 0.8012 0.4669 0.3742
vn 0.8059 0.1337 0.5767
vn 0.9548 -0.0443 0.2941
vn 0.9811 0.1697 -0.0928
vn 0.9495 0.1811 0.2562
vn 0.9194 0.3929 -0.0177
vn 0.9338 0.3569 -0.0259
vn 0.9139 0.3779 0.1482
vn 0.9571 0.2343 0.1705
vn 0.7828 0.4341 0.4458
vn 0.7246 0.6068 -0.3266
vn 0.8972 0.3171 -0.3074
vn 0.7362 0.3003 -0.6065
vn 0.5890 0.4170 -0.6922
vn 0.6232 -0.0360 -0.7812
vn 0.1152 0.0085 -0.9933
vn -0.0888 -0.5266 -0.8455
vn 0.0055 0.4939 -0.8695
vn 0.1161 0.4156 -0.9021
vn -0.0358 0.9801 -0.1954
vn -0.5584 0.8008 -0.2165
vn -0.1744 0.6117 -0.7717
vn -0.2461 0.7568 -0.6055
vn -0.7220 0.6033 -0.3388
vn -0.5909 0.7635 -0.2606
vn -0.6513 0.7448 -0.1451
vn -0.5132 0.3698 -0.7745
vn -0.6923 0.4151 -0.5902
vn 0.4887 -0.5301 0.6929
vn 0.5684 -0.5077 0.6474
vn 0.4262 -0.5685 0.7037
vn 0.2718 -0.6774 0.6836
vn 0.2718 -0.6773 0.6836
vn -0.4074 0.5698 -0.7136
vn -0.4119 0.5610 -0.7181
vn -0.4235 0.4885 -0.7629
vn -0.4717 0.5274 -0.7067
vn -0.6041 0.4941 -0.6253
vn -0.7345 0.3570 -0.5771
vn -0.6804 0.5094 -0.5268
vn -0.6351 0.1066 -0.7651
vn -0.8670 0.1597 -0.4720
vn -0.8093 0.3961 -0.4337
vn -0.6977 0.4807 -0.5311
vn -0.4680 0.1924 -0.8625
vn -0.4108 -0.0014 -0.9117
vn -0.0846 -0.1597 -0.9835
vn 0.3655 -0.1162 -0.9235
vn 0.6067 -0.1756 -0.7753
vn 0.9496 0.0545 -0.3086
vn 0.4248 -0.0236 -0.9050
vn 0.3800 -0.0418 -0.9240
vn 0.9768 -0.1119 -0.1825
vn 0.3303 0.5919 -0.7352
vn 0.4224 0.8060 -0.4148
vn -0.4935 -0.0309 -0.8692
vn -0.5111 0.1184 -0.8513
vn -0.6597 0.3859 -0.6449
vn -0.4422 0.7334 -0.5163
vn -0.5086 0.5526 -0.6603
vn -0.8971 0.1248 -0.4239
vn -0.8508 0.3934 -0.3483
vn -0.8635 0.2122 -0.4575
vn -0.7314 0.1847 -0.6565
vn 0.5683 -0.4823 0.6666
vn 0.9294 -0.0505 0.3657
vn 0.9294 -0.0506 0.3657
vn 0.9306 -0.0392 0.3640
vn 0.9699 0.2167 0.1109
vn 0.9707 0.2263 0.0806
vn 0.9824 0.1760 0.0633
vn 0.9598 -0.0134 0.2804
vn 0.8994 0.0229 0.4366
vn 0.9230 0.3328 0.1932
vn 0.8744 -0.2164 0.4342
vn 0.6439 0.3038 0.7022
vn 0.6422 0.3034 0.7039
vn 0.2194 0.8508 0.4775
vn 0.6255 0.7668 -0.1442
vn 0.6168 0.7009 -0.3580
vn 0.6519 0.3310 -0.6822
vn 0.7545 -0.4011 -0.5195
vn 0.8727 0.0428 -0.4863
vn 0.9257 -0.3184 -0.2041
vn 0.9881 -0.1198 0.0967
vn 0.7497 -0.5315 0.3944
vn 0.6935 -0.6405 0.3298
vn 0.6883 -0.7245 0.0373
vn 0.4812 -0.8363 -0.2629
vn 0.5017 -0.8348 -0.2269
vn 0.6065 -0.7615 -0.2287
vn 0.4366 -0.8668 0.2407
vn 0.6551 -0.7461 0.1191
vn 0.6540 -0.7403 0.1554
vn 0.5394 -0.7871 0.2992
vn 0.5055 -0.8076 0.3039
vn 0.7370 -0.5582 0.3811
vn 0.7403 -0.4813 0.4693
vn 0.9265 -0.3105 0.2127
vn 0.9486 -0.0205 0.3159
vn 0.9709 0.1224 -0.2059
vn 0.9554 0.0825 0.2837
vn 0.9560 -0.2088 0.2060
vn 0.8343 0.4066 -0.3723
vn 0.7347 -0.6378 0.2311
vn 0.5678 -0.7537 0.3309
vn 0.5677 -0.7590 0.3190
vn 0.7382 -0.1446 0.6589
vn 0.7251 -0.1237 0.6774
vn 0.7782 -0.0548 0.6257
vn 0.9406 -0.0651 0.3333
vn 0.6423 -0.2120 0.7366
vn 0.7605 -0.2616 0.5943
vn 0.6126 -0.4429 0.6546
vn 0.7393 -0.5502 0.3883
vn 0.6852 -0.7008 0.1983
vn 0.7301 -0.6589 0.1812
vn 0.9241 -0.3606 0.1265
vn 0.1586 0.6787 0.7171
vn 0.8443 0.2135 0.4916
vn 0.8376 -0.3473 0.4218
vn 0.9000 -0.2167 0.3783
vn 0.8726 -0.1749 0.4560
vn 0.6712 0.2412 0.7009
vn 0.6405 0.4225 0.6413
vn 0.5788 0.3022 0.7574
vn 0.7225 0.3124 0.6167
vn 0.6547 0.4226 0.6267
vn 0.5294 0.5145 0.6745
vn 0.4542 0.3870 0.8024
vn 0.5631 0.3090 0.7665
vn 0.0082 0.7290 0.6845
vn -0.0662 0.7434 0.6656
vn 0.7740 -0.0253 0.6327
vn 0.2052 0.1104 0.9725
vn 0.7395 0.2304 0.6325
vn 0.7041 0.1697 0.6895
vn 0.3454 0.3527 0.8697
vn 0.6105 0.5210 0.5965
vn -0.0439 0.9414 0.3344
vn 0.3310 0.8678 0.3707
vn 0.2290 0.8657 0.4451
vn 0.2528 0.8741 0.4148
vn 0.8597 0.4042 0.3125
vn 0.5624 -0.3283 0.7589
vn 0.4640 -0.3172 0.8271
vn 0.9727 -0.0567 0.2252
vn 0.7281 0.3217 0.6052
vn 0.7343 -0.0946 0.6722
vn 0.4375 0.7141 0.5466
vn 0.7571 0.4821 0.4410
vn 0.2927 0.9544 -0.0590
vn 0.3211 0.4371 0.8401
vn -0.3181 0.6441 0.6957
vn -0.1250 0.8513 0.5095
vn -0.5334 0.8107 0.2412
vn -0.7437 0.4393 0.5040
vn -0.5779 0.8117 0.0848
vn -0.6294 0.7626 0.1494
vn -0.4638 0.8280 -0.3151
vn -0.4849 0.8682 -0.1055
vn -0.1234 0.8800 -0.4588
vn -0.2003 0.8836 -0.4233
vn -0.5679 0.6931 -0.4439
vn -0.9060 0.3137 0.2841
vn -0.7222 0.4262 -0.5447
vn -0.7634 0.6362 -0.1112
vn -0.8787 0.4519 0.1538
vn -0.9055 0.4206 -0.0564
vn -0.6209 0.6976 0.3576
vn -0.2791 0.9475 0.1563
vn -0.3512 0.8817 0.3149
vn 0.5438 -0.7315 0.4114
vn 0.6372 -0.7026 0.3169
vn 0.7560 -0.5632 0.3337
vn 0.6025 -0.7060 0.3723
vn -0.9761 0.0269 -0.2155
vn -0.9330 0.3209 -0.1631
vn -0.6593 0.7230 0.2063
vn -0.8967 0.4275 0.1148
vn -0.8967 0.4275 0.1149
vn -0.8444 0.5178 -0.1371
vn -0.9851 -0.0663 -0.1585
vn -0.9809 -0.0109 -0.1940
vn -0.6808 0.7290 -0.0705
vn -0.8596 0.4009 -0.3166
vn -0.6750 0.5374 0.5056
vn -0.9995 -0.0306 0.0045
vn -0.5273 -0.8241 0.2068
vn -0.7467 -0.6489 -0.1458
vn -0.8679 -0.4719 -0.1553
vn -0.8123 0.2875 -0.5074
vn -0.7801 -0.0639 -0.6224
vn -0.7931 -0.3290 -0.5127
vn -0.6498 -0.2452 -0.7195
vn -0.4747 -0.3539 -0.8058
vn -0.6062 -0.4158 -0.6780
vn -0.6283 -0.5791 -0.5195
vn -0.5971 -0.6158 -0.5140
vn -0.3844 -0.6182 -0.6856
vn 0.0390 -0.9156 -0.4003
vn -0.2942 -0.9549 -0.0413
vn -0.5874 -0.7535 -0.2954
vn -0.5932 -0.7251 -0.3498
vn -0.0140 -0.9988 -0.0472
vn -0.5900 -0.6424 -0.4891
vn -0.1284 -0.9456 -0.2991
vn -0.4391 -0.8183 0.3710
vn -0.4406 -0.7898 0.4266
vn -0.2922 -0.9562 0.0176
vn -0.8056 -0.5739 -0.1469
vn -0.7831 -0.6049 0.1445
vn -0.8249 -0.5637 0.0419
vn -0.8364 -0.5291 0.1431
vn -0.8973 -0.4012 0.1839
vn -0.8153 -0.5562 0.1609
vn -0.8408 -0.5042 -0.1970
vn -0.5498 -0.5872 -0.5940
vn -0.9231 0.3841 0.0153
vn -0.9930 0.0973 -0.0671
vn -0.4082 0.2758 -0.8702
vn -0.3806 0.2412 -0.8928
vn -0.3147 0.0327 -0.9486
vn -0.3685 0.2383 -0.8986
vn -0.3581 0.2033 -0.9113
vn -0.2196 0.5731 -0.7895
vn -0.9614 -0.1852 -0.2034
vn -0.0608 0.5135 -0.8559
vn -0.2881 -0.0462 -0.9565
vn -0.7563 -0.0348 -0.6533
vn -0.8580 0.3719 -0.3543
vn -0.8904 0.4527 -0.0463
vn -0.8427 0.3651 -0.3955
vn -0.8428 0.3651 -0.3955
vn 0.9176 -0.2067 0.3396
vn 0.9219 -0.1291 0.3652
vn -0.2996 -0.5311 0.7926
vn 0.0141 -0.6412 0.7672
vn 0.0229 -0.6293 0.7768
vn 0.4049 -0.8307 0.3821
vn 0.2576 -0.9500 0.1768
vn 0.0330 -0.8699 0.4922
vn 0.3202 -0.7362 0.5961
vn 0.3696 -0.7268 0.5790
vn 0.4318 -0.5693 0.6996
vn 0.3472 -0.6042 0.7172
vn 0.4131 -0.5545 0.7224
vn 0.7778 -0.6260 0.0567
vn 0.5818 0.2284 0.7806
vn 0.6692 -0.0245 0.7427
vn 0.7958 -0.5986 0.0918
vn 0.4273 -0.6055 0.6715
vn -0.0867 -0.9833 0.1602
vn -0.3844 -0.9198 -0.0785
vn -0.4377 -0.8754 0.2053
vn -0.8279 -0.5445 0.1345
vn -0.8053 -0.5656 -0.1774
vn -0.6308 -0.7745 -0.0478
vn -0.3623 -0.3183 -0.8760
vn 0.3632 -0.5142 -0.7769
vn 0.5358 -0.5762 -0.6172
vn 0.9063 -0.3832 -0.1781
vn -0.9176 -0.3961 -0.0337
vn -0.9049 -0.4250 0.0235
vn -0.9049 -0.4251 0.0234
vn -0.8199 -0.4715 -0.3247
vn -0.9619 -0.2647 -0.0689
vn 0.7008 -0.6334 0.3281
vn 0.5408 -0.5827 0.6066
vn 0.9295 -0.2464 0.2744
vn -0.8539 -0.5103 0.1023
vn -0.8584 -0.5118 0.0344
vn -0.2848 -0.9500 0.1279
vn -0.7282 -0.6825 0.0632
vn -0.7864 -0.5755 0.2245
vn -0.3522 -0.7122 -0.6072
vn -0.4360 0.0748 -0.8968
vn -0.3950 -0.5775 -0.7144
vn -0.6176 -0.6679 -0.4152
vn -0.6830 -0.7081 -0.1792
vn -0.5582 -0.7947 -0.2387
vn 0.0467 -0.9824 0.1810
vn -0.5800 -0.8085 -0.0997
vn -0.5800 -0.8085 -0.0998
vn 0.2806 -0.8295 0.4829
vn 0.4638 -0.7595 0.4561
vn -0.8016 -0.4467 -0.3974
vn -0.8018 -0.4465 -0.3973
vn -0.4227 -0.8404 -0.3392
vn -0.8304 -0.2024 -0.5192
vn -0.7761 -0.4601 -0.4313
vn -0.9011 -0.1265 -0.4148
vn -0.9123 -0.1432 -0.3837
vn -0.6759 -0.7365 -0.0283
vn -0.8641 -0.2279 -0.4488
vn -0.9087 -0.1692 -0.3816
vn -0.6581 0.1177 -0.7437
vn -0.7843 -0.5519 -0.2833
vn -0.6127 -0.7033 -0.3606
vn -0.6024 -0.7419 -0.2945
vn -0.8481 -0.3871 -0.3618
vn -0.9652 -0.1829 -0.1868
vn -0.6706 0.7041 -0.2336
vn -0.9841 -0.0005 -0.1778
vn -0.7769 0.5463 0.3129
vn -0.9342 0.3559 0.0246
vn -0.6839 0.7071 0.1795
vn 0.7638 -0.6438 0.0466
vn 0.6872 -0.7134 0.1370
vn 0.6862 -0.7143 0.1373
vn -0.9871 0.1597 -0.0080
vn -0.9813 0.1898 -0.0324
vn -0.9180 0.1876 -0.3495
vn -0.9722 0.1620 -0.1690
vn -0.9223 0.2097 -0.3245
vn -0.9224 0.2097 -0.3245
vn 0.9508 0.2164 0.2217
vn 0.6193 0.1059 0.7780
vn 0.9917 0.0625 0.1127
vn 0.4589 0.8143 0.3554
vn 0.3026 0.6891 0.6584
vn 0.8547 0.0795 0.5130
vn 0.8450 0.0399 0.5332
vn 0.8869 0.0367 0.4606
vn 0.7044 0.1977 0.6817
vn 0.7166 0.2760 0.6406
vn 0.2881 0.5427 0.7890
vn -0.4189 0.4328 0.7983
vn -0.3469 0.3409 0.8737
vn -0.5265 0.2875 0.8001
vn -0.4956 0.7411 0.4529
vn -0.9343 0.3540 0.0431
vn -0.5065 0.5639 0.6523
vn -0.8748 0.3634 0.3206
vn -0.6736 0.6671 0.3181
vn -0.6736 0.6671 0.3182
vn 0.9852 -0.0699 0.1562
vn 0.6435 0.4390 0.6270
vn 0.9424 0.0055 0.3345
vn 0.8340 0.1991 0.5147
vn 0.8410 0.2627 0.4729
vn -0.0847 0.7306 0.6776
vn -0.3918 0.7751 0.4957
vn -0.6828 0.6588 0.3157
vn -0.0813 0.7263 0.6825
vn 0.9082 0.1183 0.4014
vn 0.6187 -0.0616 0.7832
vn -0.9319 0.1511 -0.3296
vn -0.9216 0.1832 -0.3422
vn -0.9808 0.1686 -0.0981
vn -0.9892 0.1110 -0.0957
vn -0.8562 0.3428 0.3865
vn -0.7366 0.5860 0.3377
vn -0.5102 0.8579 -0.0605
vn -0.3666 0.8970 0.2469
vn -0.8454 0.5160 -0.1378
vn 0.2033 0.9281 -0.3118
vn -0.3233 0.6906 0.6469
vn -0.2115 0.7234 0.6573
vn -0.6864 0.7235 0.0734
vn 0.0211 0.8742 0.4852
vn -0.0461 0.7385 0.6727
vn 0.5833 0.5296 0.6159
vn 0.2939 0.4850 0.8237
vn 0.1614 0.3654 0.9168
vn 0.1900 0.1810 0.9650
vn 0.8836 0.0756 0.4622
vn 0.2945 0.7149 0.6342
vn 0.5715 0.3703 0.7323
vn 0.4324 0.4172 0.7993
vn 0.7522 0.0040 0.6589
vn 0.4085 -0.8240 0.3927
vn 0.5016 -0.8231 0.2662
vn 0.4495 -0.8769 0.1702
vn 0.7714 -0.4635 0.4361
vn 0.7201 0.0435 0.6925
vn 0.2387 0.7720 0.5891
vn 0.7960 0.1593 0.5840
vn 0.7847 -0.4777 0.3950
vn 0.5199 0.7322 0.4401
vn 0.1661 0.7336 0.6590
vn 0.6394 -0.7679 -0.0384
vn 0.7696 0.1616 0.6177
vn -0.9294 0.3688 -0.0135
vn 0.7906 -0.5142 0.3327
vn 0.6360 -0.6829 0.3594
vn 0.6397 -0.6816 0.3554
vn 0.5829 -0.7383 0.3392
vn 0.8702 -0.3383 0.3581
vn 0.8465 0.1026 0.5224
vn 0.6252 -0.6439 0.4410
vn 0.4842 -0.8404 0.2436
vn 0.1775 -0.9821 -0.0637
vn 0.8117 -0.5363 0.2314
vn 0.8726 -0.4468 -0.1974
vn -0.0141 -0.9988 -0.0470
vn 0.0385 -0.9152 -0.4012
vn -0.1428 -0.7641 0.6291
vn 0.7018 -0.6990 -0.1371
vn 0.0552 -0.4895 0.8703
vn 0.6573 -0.7491 0.0832
vn 0.9883 -0.1209 -0.0934
vn 0.8576 -0.2652 -0.4406
vn 0.9749 0.0626 -0.2137
vn 0.8282 -0.5520 0.0967
vn 0.8262 0.4310 -0.3628
vn 0.8795 -0.0361 0.4744
vn 0.3992 -0.5908 0.7012
vn 0.6013 -0.4358 0.6697
vn 0.4358 -0.5059 0.7444
vn 0.3774 -0.5356 0.7554
vn -0.8799 0.4070 -0.2454
vn -0.7692 0.3439 -0.5386
vn -0.9023 0.2757 -0.3315
vn -0.2978 0.2088 -0.9315
vn -0.6264 0.5025 -0.5960
vn -0.7692 0.3440 -0.5386
vn 0.2691 -0.6304 0.7282
vn 0.4004 -0.6186 0.6761
vn 0.3094 -0.7043 0.6389
vn 0.6543 -0.3905 0.6476
vn 0.0140 -0.6412 0.7672
vn -0.8725 0.1163 -0.4746
vn -0.6860 0.2920 -0.6664
vn -0.8931 0.4467 -0.0541
vn -0.5391 0.8413 -0.0410
vn -0.7410 0.2428 -0.6261
vn -0.1572 0.7226 -0.6731
vn -0.6226 0.7132 -0.3221
vn -0.6541 0.5457 0.5237
vn -0.2641 0.4522 -0.8519
vn -0.1580 0.1942 -0.9682
vn -0.2139 0.1688 -0.9622
vn 0.7023 0.0273 -0.7114
vn 0.4472 0.4051 -0.7974
vn 0.2864 0.9571 0.0432
vn 0.7346 0.0287 -0.6779
vn 0.8940 0.3671 0.2570
vn 0.7401 0.5202 -0.4262
vn 0.6973 0.5863 0.4123
vn 0.9380 0.3436 -0.0462
vn 0.9821 0.1752 0.0688
vn 0.9238 0.3766 -0.0695
vn 0.9096 0.4109 -0.0612
vn 0.8322 0.5340 -0.1489
vn 0.9083 0.3988 -0.1265
vn 0.5570 0.7765 -0.2945
vn 0.8666 0.4981 0.0302
vn 0.8427 0.5374 0.0336
vn 0.8591 0.4970 -0.1225
vn 0.9813 0.1496 0.1209
vn 0.8950 0.4378 0.0855
vn 0.9879 -0.0909 -0.1259
vn 0.9495 0.0487 -0.3100
vn 0.8947 0.4458 0.0298
vn -0.0118 0.9874 0.1580
vn -0.2354 0.9622 0.1372
vn 0.6282 0.3361 -0.7017
vn 0.7963 0.5996 0.0794
vn 0.9547 0.2602 0.1441
vn 0.9015 0.4114 0.1345
vn 0.9544 0.2778 -0.1096
vn 0.9712 0.0350 0.2357
vn 0.9395 0.1921 0.2837
vn 0.9270 0.3521 -0.1295
vn 0.9275 0.1449 0.3445
vn 0.8885 0.2200 0.4027
vn 0.3561 -0.4132 0.8381
vn -0.8399 0.1384 -0.5249
vn -0.7664 0.2893 -0.5735
vn -0.6311 0.7626 -0.1419
vn -0.1029 0.3503 -0.9310
vn -0.3281 0.5952 -0.7335
vn 0.4777 0.8300 -0.2879
vn 0.8649 0.4980 -0.0624
vn 0.4257 0.8811 0.2063
vn 0.8873 0.4080 0.2151
vn 0.7264 0.3627 0.5838
vn -0.0103 0.9436 -0.3308
vn 0.9179 0.3370 0.2096
vn 0.8766 0.2734 0.3960
vn 0.8724 0.2260 0.4335
vn 0.9526 -0.0398 0.3016
vn -0.7933 0.3084 -0.5250
vn -0.7042 0.5855 -0.4016
vn -0.2789 0.6615 -0.6961
vt 0.000000 0.000000
vt 0.266113 0.893066
vt 0.267334 0.895996
vt 0.259033 0.897217
vt 0.262557 0.891015
vt 0.259553 0.891672
vt 0.246603 0.538291
vt 0.246338 0.532715
vt 0.250836 0.538788
vt 0.180074 0.319157
vt 0.176025 0.314209
vt 0.183105 0.316406
vt 0.180557 0.319418
vt 0.184729 0.320872
vt 0.186768 0.315674
vt 0.185257 0.321067
vt 0.186768 0.305908
vt 0.259277 0.903320
vt 0.262695 0.903076
vt 0.258789 0.908691
vt 0.253662 0.906006
vt 0.252686 0.910889
vt 0.245117 0.908447
vt 0.246582 0.901367
vt 0.250016 0.893610
vt 0.249089 0.893845
vt 0.162032 0.305379
vt 0.162842 0.303955
vt 0.162559 0.305932
vt 0.171631 0.312988
vt 0.169821 0.311893
vt 0.176514 0.308594
vt 0.169434 0.300049
vt 0.161133 0.299805
vt 0.158936 0.295654
vt 0.166016 0.293701
vt 0.171631 0.294678
vt 0.159180 0.288574
vt 0.173828 0.291016
vt 0.180420 0.299561
vt 0.180420 0.304199
vt 0.187256 0.299072
vt 0.184082 0.294434
vt 0.188721 0.295166
vt 0.255615 0.916992
vt 0.255859 0.911865
vt 0.258545 0.911865
vt 0.183350 0.291260
vt 0.188477 0.291992
vt 0.175049 0.288330
vt 0.164551 0.284668
vt 0.162842 0.277588
vt 0.158447 0.278320
vt 0.150146 0.283203
vt 0.153076 0.274658
vt 0.156738 0.268311
vt 0.152344 0.267090
vt 0.156250 0.260986
vt 0.161865 0.260986
vt 0.230957 0.931152
vt 0.227783 0.939209
vt 0.223389 0.937988
vt 0.220215 0.934814
vt 0.227539 0.926514
vt 0.236816 0.922607
vt 0.227539 0.922607
vt 0.224609 0.918213
vt 0.214844 0.924805
vt 0.219727 0.932373
vt 0.210693 0.928711
vt 0.209229 0.922607
vt 0.207764 0.917969
vt 0.211182 0.916260
vt 0.208252 0.910400
vt 0.201660 0.909180
vt 0.204102 0.906250
vt 0.212402 0.907715
vt 0.207781 0.900089
vt 0.207298 0.900086
vt 0.458872 0.965540
vt 0.458465 0.973712
vt 0.451904 0.975586
vt 0.441650 0.974121
vt 0.459066 0.962647
vt 0.447021 0.958984
vt 0.459934 0.960214
vt 0.462402 0.954590
vt 0.462402 0.956498
vt 0.226894 0.898173
vt 0.231032 0.897329
vt 0.227295 0.900879
vt 0.225892 0.898288
vt 0.220978 0.898822
vt 0.215960 0.899414
vt 0.222168 0.909668
vt 0.228516 0.910156
vt 0.231445 0.906738
vt 0.240234 0.905762
vt 0.240479 0.911865
vt 0.253174 0.916260
vt 0.246826 0.918701
vt 0.231689 0.917725
vt 0.245605 0.922119
vt 0.236328 0.928711
vt 0.174072 0.277344
vt 0.185303 0.283936
vt 0.251709 0.917725
vt 0.253662 0.919922
vt 0.188477 0.289551
vt 0.225098 0.913086
vt 0.237793 0.901855
vt 0.233607 0.896749
vt 0.232838 0.896901
vt 0.464013 0.951029
vt 0.449463 0.951660
vt 0.464542 0.945377
vt 0.137343 0.288483
vt 0.141113 0.271729
vt 0.144775 0.284424
vt 0.138408 0.289827
vt 0.141991 0.294921
vt 0.147705 0.293945
vt 0.145264 0.274902
vt 0.147461 0.264893
vt 0.140381 0.265869
vt 0.144531 0.260010
vt 0.151855 0.258545
vt 0.152344 0.255859
vt 0.158447 0.256592
vt 0.154785 0.251709
vt 0.150391 0.252930
vt 0.151123 0.247314
vt 0.146484 0.243896
vt 0.148926 0.239502
vt 0.143799 0.235596
vt 0.928711 0.549561
vt 0.933350 0.564209
vt 0.917480 0.548096
vt 0.088867 0.319824
vt 0.083252 0.325928
vt 0.081055 0.316650
vt 0.934082 0.565674
vt 0.926025 0.573242
vt 0.088379 0.306396
vt 0.098145 0.323730
vt 0.090820 0.328369
vt 0.097900 0.330078
vt 0.282959 0.284912
vt 0.280518 0.295166
vt 0.274414 0.288818
vt 0.274414 0.282227
vt 0.276611 0.273926
vt 0.281738 0.272217
vt 0.288574 0.279541
vt 0.287842 0.288086
vt 0.284668 0.295654
vt 0.290039 0.297852
vt 0.156006 0.244629
vt 0.154541 0.240479
vt 0.293945 0.288574
vt 0.296387 0.302734
vt 0.157227 0.251709
vt 0.299316 0.294434
vt 0.300049 0.284912
vt 0.299561 0.272705
vt 0.293945 0.265381
vt 0.301758 0.266357
vt 0.293457 0.262207
vt 0.304465 0.259740
vt 0.298162 0.259764
vt 0.307806 0.259020
vt 0.311709 0.259239
vt 0.310303 0.264160
vt 0.302490 0.273926
vt 0.312256 0.267578
vt 0.315510 0.260139
vt 0.313775 0.260089
vt 0.617278 0.811848
vt 0.617432 0.823975
vt 0.616504 0.815493
vt 0.336147 0.273535
vt 0.333496 0.275391
vt 0.328613 0.267334
vt 0.333612 0.269708
vt 0.322327 0.260345
vt 0.328367 0.262859
vt 0.320801 0.265381
vt 0.319038 0.260469
vt 0.311768 0.273438
vt 0.320801 0.271484
vt 0.326172 0.272705
vt 0.329396 0.263421
vt 0.316162 0.278809
vt 0.319580 0.283447
vt 0.310059 0.290283
vt 0.310303 0.293701
vt 0.324707 0.283447
vt 0.317139 0.292236
vt 0.623291 0.832764
vt 0.632080 0.830566
vt 0.630615 0.842773
vt 0.640137 0.834717
vt 0.207275 0.960449
vt 0.214600 0.955078
vt 0.218262 0.957764
vt 0.220459 0.948486
vt 0.214355 0.946533
vt 0.222412 0.940918
vt 0.308838 0.305908
vt 0.306396 0.304443
vt 0.312256 0.299561
vt 0.305908 0.298828
vt 0.305908 0.296387
vt 0.304443 0.290283
vt 0.301758 0.300781
vt 0.301025 0.307373
vt 0.304443 0.310303
vt 0.309570 0.312500
vt 0.217041 0.940674
vt 0.213135 0.937988
vt 0.209961 0.944580
vt 0.210205 0.936035
vt 0.204102 0.942627
vt 0.208740 0.950928
vt 0.205566 0.953369
vt 0.198486 0.948242
vt 0.659180 0.844971
vt 0.662842 0.848877
vt 0.650146 0.843750
vt 0.653564 0.842285
vt 0.645508 0.838135
vt 0.646240 0.832031
vt 0.654053 0.835938
vt 0.660645 0.839111
vt 0.659668 0.830322
vt 0.663834 0.833108
vt 0.663085 0.830973
vt 0.666072 0.838801
vt 0.668109 0.843826
vt 0.668810 0.845584
vt 0.289931 0.261490
vt 0.286979 0.262526
vt 0.280150 0.264564
vt 0.277196 0.265300
vt 0.270788 0.265917
vt 0.675176 0.856046
vt 0.666992 0.864258
vt 0.674707 0.855356
vt 0.671244 0.849266
vt 0.668213 0.852295
vt 0.670895 0.848846
vt 0.669580 0.846435
vt 0.196533 0.946289
vt 0.206543 0.935791
vt 0.200684 0.937256
vt 0.207764 0.930664
vt 0.206299 0.927979
vt 0.199951 0.931396
vt 0.666016 0.871582
vt 0.664063 0.861816
vt 0.669922 0.866943
vt 0.676270 0.868652
vt 0.670166 0.875244
vt 0.677246 0.873535
vt 0.116455 0.320801
vt 0.123535 0.326172
vt 0.120361 0.331299
vt 0.112305 0.333008
vt 0.110352 0.322021
vt 0.108887 0.312988
vt 0.121826 0.311768
vt 0.119141 0.301758
vt 0.105957 0.303223
vt 0.102295 0.310547
vt 0.103027 0.323730
vt 0.102295 0.329590
vt 0.102783 0.335693
vt 0.101074 0.304443
vt 0.101807 0.301025
vt 0.937744 0.563232
vt 0.947754 0.572266
vt 0.952393 0.567139
vt 0.102295 0.295166
vt 0.112305 0.296387
vt 0.119629 0.297119
vt 0.121421 0.289552
vt 0.120286 0.289224
vt 0.123104 0.289872
vt 0.126766 0.290169
vt 0.125977 0.294434
vt 0.126953 0.298340
vt 0.128418 0.306885
vt 0.124023 0.306885
vt 0.128906 0.314209
vt 0.124756 0.313232
vt 0.125488 0.320313
vt 0.133057 0.317627
vt 0.202637 0.926025
vt 0.132324 0.308594
vt 0.197266 0.906494
vt 0.202393 0.915527
vt 0.197510 0.902344
vt 0.201999 0.899942
vt 0.200037 0.899659
vt 0.014089 0.846140
vt 0.013978 0.847771
vt 0.012695 0.846191
vt 0.765675 0.951163
vt 0.763269 0.950509
vt 0.764404 0.949219
vt 0.768115 0.950554
vt 0.764893 0.945557
vt 0.761963 0.943115
vt 0.764404 0.939209
vt 0.762451 0.935791
vt 0.951172 0.561768
vt 0.948242 0.555176
vt 0.940430 0.549072
vt 0.433105 0.968018
vt 0.436279 0.959717
vt 0.437988 0.954590
vt 0.141602 0.253906
vt 0.146973 0.250000
vt 0.142578 0.250000
vt 0.432129 0.960693
vt 0.760498 0.939209
vt 0.956299 0.559082
vt 0.957031 0.562012
vt 0.965820 0.565674
vt 0.965978 0.565281
vt 0.962347 0.562012
vt 0.960243 0.559092
vt 0.957385 0.558734
vt 0.009283 0.853964
vt 0.007763 0.853549
vt 0.008545 0.853027
vt 0.010498 0.851074
vt 0.011683 0.853774
vt 0.012578 0.852935
vt 0.013858 0.848356
vt 0.110475 0.286383
vt 0.110890 0.286480
vt 0.110352 0.286865
vt 0.116376 0.288124
vt 0.966284 0.565456
vt 0.770264 0.944824
vt 0.769332 0.950189
vt 0.685059 0.877686
vt 0.694092 0.874268
vt 0.691650 0.882813
vt 0.700439 0.878662
vt 0.270508 0.282715
vt 0.270996 0.273682
vt 0.700703 0.874190
vt 0.697534 0.872300
vt 0.268937 0.266694
vt 0.267637 0.268121
vt 0.692145 0.865918
vt 0.685059 0.868652
vt 0.686378 0.862413
vt 0.683692 0.860440
vt 0.678929 0.858681
vt 0.692383 0.866455
vt 0.692612 0.866206
vt 0.693060 0.866765
vt 0.704262 0.877851
vt 0.666748 0.877197
vt 0.678436 0.858430
vt 0.291576 0.261086
vt 0.292741 0.260656
vt 0.294785 0.260173
vt 0.655029 0.829590
vt 0.651123 0.816895
vt 0.660247 0.824533
vt 0.647461 0.814209
vt 0.652608 0.813306
vt 0.651393 0.811587
vt 0.622242 0.806282
vt 0.617676 0.812744
vt 0.625732 0.805176
vt 0.619141 0.823975
vt 0.331299 0.276855
vt 0.627441 0.826172
vt 0.629883 0.819092
vt 0.636230 0.821045
vt 0.638916 0.804932
vt 0.640625 0.815674
vt 0.643066 0.827148
vt 0.642578 0.842529
vt 0.643066 0.808105
vt 0.648170 0.808679
vt 0.646075 0.806274
vt 0.627185 0.803165
vt 0.629677 0.801847
vt 0.625154 0.802477
vt 0.633129 0.800914
vt 0.635649 0.801071
vt 0.639416 0.802183
vt 0.641845 0.803000
vt 0.643902 0.805083
vt 0.657183 0.819225
vt 0.211182 0.953369
vt 0.304932 0.285645
vt 0.305420 0.275391
vt 0.088135 0.331543
vt 0.426758 0.963867
vt 0.444580 0.954834
vt 0.463512 0.953327
vt 0.152943 0.642277
vt 0.152206 0.642834
vt 0.150879 0.641846
vt 0.239469 0.895143
vt 0.463249 0.954900
vt 0.768555 0.933838
vt 0.773638 0.949510
vt 0.770476 0.950564
vt 0.154053 0.299316
vt 0.146510 0.298858
vt 0.150398 0.300883
vt 0.216057 0.526942
vt 0.213991 0.527735
vt 0.213867 0.522949
vt 0.153924 0.302150
vt 0.156386 0.302969
vt 0.211152 0.528275
vt 0.204178 0.529164
vt 0.200583 0.527356
vt 0.200195 0.521729
vt 0.189209 0.298828
vt 0.142854 0.295886
vt 0.239014 0.536621
vt 0.267981 0.889740
vt 0.267663 0.889773
vt 0.239710 0.537394
vt 0.239127 0.537090
vt 0.238637 0.536760
vt 0.237633 0.534907
s 0
usemtl Mat_0.040
f 235/1/1 223/1/1 234/1/1
f 223/1/1 232/1/1 234/1/1
f 232/1/1 223/1/1 249/1/1
f 232/1/1 249/1/1 233/1/1
f 249/1/1 256/1/1 257/1/1
f 249/1/1 252/1/1 256/1/1
f 252/1/1 249/1/1 250/1/1
f 239/1/1 252/1/1 250/1/1
f 250/1/1 241/1/1 239/1/1
f 253/1/1 239/1/1 240/1/1
f 253/1/1 240/1/1 254/1/1
f 238/1/1 276/1/1 225/1/1
f 238/1/1 225/1/1 237/1/1
f 229/1/1 270/1/1 230/1/1
f 270/1/1 273/1/1 230/1/1
f 270/1/1 277/1/1 273/1/1
f 274/1/1 231/1/1 272/1/1
f 275/1/1 231/1/1 274/1/1
f 276/1/1 231/1/1 275/1/1
f 265/1/1 228/1/1 226/1/1
f 226/1/1 228/1/1 227/1/1
f 228/1/1 267/1/1 229/1/1
f 229/1/1 267/1/1 268/1/1
f 269/1/1 229/1/1 268/1/1
f 267/1/1 228/1/1 266/1/1
f 228/1/1 265/1/1 266/1/1
f 271/1/1 278/1/1 277/1/1
f 231/1/1 273/1/1 272/1/1
f 271/1/1 277/1/1 270/1/1
f 270/1/1 229/1/1 269/1/1
f 273/1/1 231/1/1 230/1/1
f 225/1/1 264/1/1 237/1/1
f 263/1/1 224/1/1 236/1/1
f 224/1/1 235/1/1 236/1/1
f 225/1/1 263/1/1 264/1/1
f 231/1/1 276/1/1 238/1/1
f 263/1/1 225/1/1 224/1/1
f 235/1/1 224/1/1 222/1/1
f 261/1/1 241/1/1 251/1/1
f 241/1/1 261/1/1 242/1/1
f 244/1/1 260/1/1 259/1/1
f 244/1/1 259/1/1 245/1/1
f 245/1/1 258/1/1 262/1/1
f 258/1/1 246/1/1 262/1/1
f 246/1/1 258/1/1 248/1/1
f 246/1/1 248/1/1 247/1/1
f 245/1/1 259/1/1 258/1/1
f 260/1/1 244/1/1 243/1/1
f 242/1/1 260/1/1 243/1/1
f 242/1/1 261/1/1 260/1/1
f 254/1/1 240/1/1 255/1/1
f 241/1/1 250/1/1 251/1/1
f 252/1/1 239/1/1 253/1/1
f 249/1/1 257/1/1 233/1/1
f 223/1/1 235/1/1 222/1/1
f 343/1/2 315/1/2 279/1/2
f 315/1/2 280/1/2 279/1/2
f 280/1/2 315/1/2 314/1/2
f 280/1/2 314/1/2 296/1/2
f 280/1/3 296/1/3 295/1/3
f 280/1/2 295/1/2 297/1/2
f 300/1/2 280/1/2 297/1/2
f 300/1/4 299/1/4 298/1/4
f 281/1/5 300/1/5 298/1/5
f 283/1/2 309/1/2 282/1/2
f 309/1/2 343/1/2 282/1/2
f 343/1/2 309/1/2 310/1/2
f 343/1/2 310/1/2 311/1/2
f 343/1/2 311/1/2 317/1/2
f 343/1/2 317/1/2 316/1/2
f 286/1/2 329/1/2 308/1/2
f 329/1/2 307/1/2 308/1/2
f 307/1/2 329/1/2 330/1/2
f 307/1/2 330/1/2 321/1/2
f 307/1/2 321/1/2 320/1/2
f 322/1/2 307/1/2 320/1/2
f 305/1/2 322/1/2 323/1/2
f 342/1/2 305/1/2 323/1/2
f 294/1/2 303/1/2 342/1/2
f 342/1/2 303/1/2 304/1/2
f 302/1/2 292/1/2 301/1/2
f 292/1/2 284/1/2 301/1/2
f 284/1/2 292/1/2 290/1/2
f 291/1/2 284/1/2 290/1/2
f 283/1/2 291/1/2 341/1/2
f 326/1/6 332/1/6 289/1/6
f 289/1/2 332/1/2 287/1/2
f 289/1/7 287/1/7 288/1/7
f 332/1/2 285/1/2 287/1/2
f 285/1/2 332/1/2 331/1/2
f 328/1/2 285/1/2 331/1/2
f 336/1/2 339/1/2 338/1/2
f 334/1/5 336/1/5 338/1/5
f 334/1/2 338/1/2 337/1/2
f 335/1/2 334/1/2 333/1/2
f 336/1/2 334/1/2 335/1/2
f 332/1/2 339/1/2 336/1/2
f 339/1/2 332/1/2 340/1/2
f 340/1/2 332/1/2 325/1/2
f 325/1/2 332/1/2 324/1/2
f 286/1/2 328/1/2 327/1/2
f 328/1/2 286/1/2 285/1/2
f 324/1/2 332/1/2 326/1/2
f 291/1/2 283/1/2 284/1/2
f 292/1/2 302/1/2 293/1/2
f 302/1/2 294/1/2 293/1/2
f 294/1/2 302/1/2 303/1/2
f 305/1/2 342/1/2 304/1/2
f 322/1/2 305/1/2 306/1/2
f 307/1/2 322/1/2 306/1/2
f 329/1/2 286/1/2 327/1/2
f 319/1/2 311/1/2 318/1/2
f 319/1/2 313/1/2 311/1/2
f 317/1/2 311/1/2 312/1/2
f 311/1/2 310/1/2 318/1/2
f 309/1/2 283/1/2 341/1/2
f 280/1/8 300/1/8 281/1/8
f 315/1/2 343/1/2 316/1/2
f 34/2/9 35/3/9 33/4/9
f 279/5/10 34/2/10 33/4/10
f 279/5/10 33/4/10 343/6/10
f 297/7/11 5/8/11 300/9/11
f 300/10/12 5/11/12 119/12/12
f 300/10/12 119/12/12 299/13/12
f 298/14/13 35/15/13 281/16/13
f 298/14/13 119/12/13 35/15/13
f 35/15/14 119/12/14 37/17/14
f 36/18/15 35/3/15 37/19/15
f 36/18/16 37/19/16 38/20/16
f 39/21/17 36/18/17 38/20/17
f 39/21/18 38/20/18 41/22/18
f 39/21/19 41/22/19 40/23/19
f 40/23/20 32/24/20 39/21/20
f 33/4/21 39/21/21 32/24/21
f 282/25/22 33/4/22 32/24/22
f 282/25/22 32/24/22 283/26/22
f 317/27/23 123/28/23 316/29/23
f 316/29/24 123/28/24 4/30/24
f 316/29/24 4/30/24 315/31/24
f 120/32/25 4/30/25 123/28/25
f 128/33/26 120/32/26 123/28/26
f 128/33/27 123/28/27 127/34/27
f 128/33/28 127/34/28 130/35/28
f 128/33/29 130/35/29 129/36/29
f 125/37/30 128/33/30 129/36/30
f 125/37/31 129/36/31 131/38/31
f 125/37/32 131/38/32 126/39/32
f 126/39/33 124/40/33 125/37/33
f 121/41/34 125/37/34 124/40/34
f 122/42/35 121/41/35 124/40/35
f 122/42/36 124/40/36 45/43/36
f 42/44/37 122/42/37 45/43/37
f 44/45/38 42/46/38 45/47/38
f 149/48/39 44/49/39 45/43/39
f 126/39/40 149/48/40 45/43/40
f 148/50/41 149/48/41 126/39/41
f 132/51/42 148/50/42 126/39/42
f 146/52/43 148/50/43 132/51/43
f 134/53/44 146/52/44 132/51/44
f 132/51/45 131/38/45 134/53/45
f 134/53/46 131/38/46 133/54/46
f 134/53/47 133/54/47 138/55/47
f 134/53/48 138/55/48 50/56/48
f 138/55/49 142/57/49 50/56/49
f 142/57/50 144/58/50 50/56/50
f 50/56/51 144/58/51 51/59/51
f 49/60/52 50/61/52 51/62/52
f 49/60/53 51/62/53 52/63/53
f 49/60/54 52/63/54 23/64/54
f 25/65/55 49/60/55 23/64/55
f 24/66/56 25/65/56 23/64/56
f 19/67/57 24/66/57 23/64/57
f 17/68/58 19/67/58 23/64/58
f 23/64/59 53/69/59 17/68/59
f 17/68/60 53/69/60 54/70/60
f 17/68/61 54/70/61 15/71/61
f 15/71/62 14/72/62 17/68/62
f 17/68/63 14/72/63 16/73/63
f 13/74/64 16/73/64 14/72/64
f 14/72/65 10/75/65 13/74/65
f 10/75/66 7/76/66 13/74/66
f 13/74/67 7/76/67 8/77/67
f 308/78/68 8/77/68 7/76/68
f 308/78/68 7/76/68 286/79/68
f 322/80/69 320/81/69 109/82/69
f 322/80/70 109/82/70 113/83/70
f 322/80/70 113/83/70 323/84/70
f 323/84/71 189/85/71 342/86/71
f 342/86/72 189/85/72 1/87/72
f 342/86/73 1/87/73 294/88/73
f 304/89/74 303/90/74 6/91/74
f 305/92/75 304/89/75 6/91/75
f 306/93/76 305/92/76 6/91/76
f 306/93/77 6/91/77 8/77/77
f 306/93/77 8/77/77 307/94/77
f 18/95/78 8/77/78 6/91/78
f 21/96/79 18/95/79 6/91/79
f 27/97/80 21/96/80 6/91/80
f 27/97/81 6/91/81 28/98/81
f 27/97/82 28/98/82 26/99/82
f 28/98/83 40/23/83 26/99/83
f 26/99/84 40/23/84 43/100/84
f 26/99/85 43/100/85 30/101/85
f 22/102/86 26/99/86 30/101/86
f 22/102/87 30/101/87 25/65/87
f 25/65/88 30/101/88 31/103/88
f 48/104/89 25/65/89 31/103/89
f 148/50/90 48/105/90 31/106/90
f 30/101/91 47/107/91 31/103/91
f 31/103/92 47/107/92 46/108/92
f 149/48/93 31/106/93 46/109/93
f 47/107/94 43/100/94 46/108/94
f 43/100/95 44/45/95 46/108/95
f 22/102/96 21/96/96 26/99/96
f 22/102/97 20/110/97 21/96/97
f 19/67/98 20/110/98 22/102/98
f 19/67/99 18/95/99 20/110/99
f 16/73/100 18/95/100 19/67/100
f 30/101/101 43/100/101 47/107/101
f 28/98/102 6/91/102 29/111/102
f 29/111/103 32/24/103 28/98/103
f 301/112/104 32/24/104 29/111/104
f 301/112/104 29/111/104 302/113/104
f 290/114/105 136/115/105 291/116/105
f 291/117/106 136/118/106 135/119/106
f 291/117/107 135/119/107 341/120/107
f 309/121/108 341/120/108 135/119/108
f 309/121/109 135/119/109 2/122/109
f 133/54/110 2/122/110 135/119/110
f 133/54/111 135/119/111 137/123/111
f 137/123/112 135/119/112 136/118/112
f 137/123/113 136/118/113 139/124/113
f 137/123/114 139/124/114 138/55/114
f 139/124/115 136/118/115 140/125/115
f 139/124/116 140/125/116 141/126/116
f 139/124/117 141/126/117 143/127/117
f 144/58/118 139/124/118 143/127/118
f 144/58/119 143/127/119 147/128/119
f 144/58/120 147/128/120 145/129/120
f 152/130/121 145/129/121 147/128/121
f 152/130/122 147/128/122 150/131/122
f 158/132/123 152/130/123 150/131/123
f 158/132/124 150/131/124 157/133/124
f 105/134/125 158/132/125 157/133/125
f 105/134/126 157/133/126 118/135/126
f 118/136/127 107/137/127 105/138/127
f 88/139/128 105/140/128 107/141/128
f 107/137/129 84/142/129 88/143/129
f 84/144/130 87/145/130 88/139/130
f 87/145/131 104/146/131 88/139/131
f 87/145/132 103/147/132 104/146/132
f 218/148/133 104/149/133 103/150/133
f 218/148/134 103/150/134 219/151/134
f 219/151/135 220/152/135 218/148/135
f 218/148/136 220/152/136 221/153/136
f 218/148/137 221/153/137 217/154/137
f 217/154/138 200/155/138 218/148/138
f 218/148/139 200/155/139 106/156/139
f 200/155/140 154/157/140 106/156/140
f 154/158/141 158/132/141 106/159/141
f 197/160/142 154/157/142 200/155/142
f 197/160/143 153/161/143 154/157/143
f 153/162/144 152/130/144 154/158/144
f 193/163/145 153/161/145 197/160/145
f 198/164/146 193/163/146 197/160/146
f 212/165/147 198/164/147 197/160/147
f 217/154/148 212/165/148 197/160/148
f 216/166/149 212/165/149 217/154/149
f 214/167/150 212/165/150 216/166/150
f 214/167/151 216/166/151 215/168/151
f 234/169/152 214/167/152 215/168/152
f 234/169/152 215/168/152 235/170/152
f 232/171/153 233/172/153 213/173/153
f 232/171/154 213/173/154 214/167/154
f 214/167/155 213/173/155 211/174/155
f 210/175/156 211/174/156 213/173/156
f 256/176/157 210/175/157 213/173/157
f 256/176/157 213/173/157 257/177/157
f 241/178/158 174/179/158 239/180/158
f 239/181/159 174/182/159 205/183/159
f 239/181/159 205/183/159 240/184/159
f 253/185/160 254/186/160 206/187/160
f 252/188/161 253/185/161 206/187/161
f 252/188/162 206/187/162 210/175/162
f 207/189/163 210/175/163 206/187/163
f 204/190/164 207/189/164 206/187/164
f 203/191/165 204/190/165 206/187/165
f 203/191/166 206/187/166 205/183/166
f 255/192/167 205/183/167 206/187/167
f 203/191/168 202/193/168 204/190/168
f 203/191/169 201/194/169 202/193/169
f 199/195/170 202/193/170 201/194/170
f 195/196/171 199/195/171 201/194/171
f 195/196/172 201/194/172 179/197/172
f 76/198/173 195/196/173 179/197/173
f 179/199/174 180/200/174 76/201/174
f 76/201/175 180/200/175 75/202/175
f 75/203/176 74/204/176 76/205/176
f 76/205/177 74/204/177 61/206/177
f 74/204/178 60/207/178 61/206/178
f 60/207/179 57/208/179 61/206/179
f 57/209/180 190/210/180 61/211/180
f 190/210/181 191/212/181 61/211/181
f 61/211/182 191/212/182 194/213/182
f 61/211/183 194/213/183 195/196/183
f 194/213/184 196/214/184 195/196/184
f 194/213/185 193/163/185 196/214/185
f 194/213/186 191/212/186 193/163/186
f 191/212/187 192/215/187 193/163/187
f 191/212/188 145/216/188 192/215/188
f 192/215/189 145/216/189 153/161/189
f 190/210/190 145/216/190 191/212/190
f 190/210/191 51/217/191 145/216/191
f 52/218/192 190/210/192 57/209/192
f 56/219/193 52/63/193 57/208/193
f 55/220/194 52/63/194 56/219/194
f 55/220/195 56/219/195 59/221/195
f 55/220/196 59/221/196 58/222/196
f 53/69/197 55/220/197 58/222/197
f 70/223/198 58/222/198 59/221/198
f 70/223/199 59/221/199 72/224/199
f 70/223/200 72/224/200 71/225/200
f 69/226/201 70/223/201 71/225/201
f 167/227/202 69/228/202 71/229/202
f 168/230/203 167/227/203 71/229/203
f 71/229/204 184/231/204 168/230/204
f 184/231/205 185/232/205 168/230/205
f 168/230/206 185/232/206 187/233/206
f 168/230/207 187/233/207 166/234/207
f 187/233/208 188/235/208 166/234/208
f 222/236/209 166/234/209 188/235/209
f 222/236/209 188/235/209 223/237/209
f 222/236/210 224/238/210 166/234/210
f 224/238/211 225/239/211 166/234/211
f 276/240/212 166/234/212 225/239/212
f 237/241/213 216/166/213 238/242/213
f 238/242/214 216/166/214 221/153/214
f 238/242/214 221/153/214 231/243/214
f 230/244/215 231/243/215 221/153/215
f 229/245/216 230/244/216 221/153/216
f 277/246/217 160/247/217 273/248/217
f 272/249/218 273/248/218 160/247/218
f 272/249/219 160/247/219 68/250/219
f 272/249/219 68/250/219 274/251/219
f 275/252/220 69/228/220 276/240/220
f 275/252/221 68/250/221 69/228/221
f 68/253/222 67/254/222 69/226/222
f 65/255/223 67/254/223 68/253/223
f 66/256/224 67/254/224 65/255/224
f 62/257/225 66/256/225 65/255/225
f 64/258/226 62/257/226 65/255/226
f 160/247/227 64/259/227 65/260/227
f 159/261/228 64/259/228 160/247/228
f 64/259/229 159/261/229 161/262/229
f 96/263/230 64/259/230 161/262/230
f 96/263/231 161/262/231 97/264/231
f 95/265/232 96/266/232 97/267/232
f 95/265/233 97/267/233 98/268/233
f 95/265/234 98/268/234 99/269/234
f 95/265/235 99/269/235 89/270/235
f 94/271/236 95/265/236 89/270/236
f 90/272/237 94/271/237 89/270/237
f 82/273/238 90/272/238 89/270/238
f 85/274/239 82/273/239 89/270/239
f 89/270/240 101/275/240 85/274/240
f 85/274/241 101/275/241 87/145/241
f 87/145/242 101/275/242 102/276/242
f 99/269/243 102/276/243 101/275/243
f 99/269/244 100/277/244 102/276/244
f 102/276/245 100/277/245 103/147/245
f 83/278/246 82/273/246 85/274/246
f 83/278/247 85/274/247 84/144/247
f 80/279/248 83/278/248 84/144/248
f 117/280/249 80/281/249 84/142/249
f 117/280/250 79/282/250 80/281/250
f 79/283/251 78/284/251 80/279/251
f 80/279/252 78/284/252 82/273/252
f 82/273/253 78/284/253 81/285/253
f 289/286/254 81/285/254 78/284/254
f 289/286/254 78/284/254 326/287/254
f 288/288/255 287/289/255 9/290/255
f 288/288/256 9/290/256 81/285/256
f 81/285/257 9/290/257 11/291/257
f 81/285/258 11/291/258 86/292/258
f 81/285/259 86/292/259 91/293/259
f 81/285/260 91/293/260 90/272/260
f 86/292/261 92/294/261 91/293/261
f 91/293/262 92/294/262 93/295/262
f 94/271/263 91/293/263 93/295/263
f 93/295/264 92/294/264 63/296/264
f 93/295/265 63/296/265 95/265/265
f 92/294/266 15/297/266 63/296/266
f 15/71/267 62/257/267 63/298/267
f 92/294/268 12/299/268 15/297/268
f 92/294/269 86/292/269 12/299/269
f 86/292/270 11/291/270 12/299/270
f 11/300/271 10/75/271 12/301/271
f 9/302/272 10/75/272 11/300/272
f 285/303/273 9/302/273 287/304/273
f 285/303/274 7/76/274 9/302/274
f 328/305/275 331/306/275 108/307/275
f 327/308/276 328/309/276 108/310/276
f 329/311/277 327/308/277 108/310/277
f 329/311/278 108/310/278 110/312/278
f 110/312/279 108/310/279 111/313/279
f 112/314/280 110/312/280 111/313/280
f 112/314/281 111/313/281 114/315/281
f 114/316/282 117/280/282 112/317/282
f 112/317/283 117/280/283 113/318/283
f 113/318/284 117/280/284 118/136/284
f 189/85/285 113/83/285 118/319/285
f 118/319/286 151/320/286 189/85/286
f 189/85/287 151/320/287 141/321/287
f 150/131/288 141/126/288 151/322/288
f 150/131/289 151/322/289 155/323/289
f 155/323/290 151/322/290 156/324/290
f 155/323/291 156/324/291 157/133/291
f 118/319/292 156/325/292 151/320/292
f 114/315/293 111/313/293 115/326/293
f 115/327/294 116/328/294 114/316/294
f 114/316/295 116/328/295 79/282/295
f 116/328/296 77/329/296 79/282/296
f 339/330/297 77/329/297 116/328/297
f 339/330/297 116/328/297 338/331/297
f 337/332/298 115/327/298 334/333/298
f 333/334/299 334/335/299 115/336/299
f 333/334/300 111/337/300 335/338/300
f 336/339/301 335/338/301 111/337/301
f 336/339/302 108/307/302 332/340/302
f 340/341/303 325/342/303 77/343/303
f 324/344/304 77/343/304 325/342/304
f 324/344/305 78/284/305 77/343/305
f 337/332/306 338/331/306 116/328/306
f 339/330/307 340/345/307 77/329/307
f 337/332/298 116/328/298 115/327/298
f 333/334/300 115/336/300 111/337/300
f 109/346/308 110/312/308 112/314/308
f 330/347/309 110/312/309 109/346/309
f 336/339/302 111/337/302 108/307/302
f 331/306/310 332/340/310 108/307/310
f 324/344/311 326/287/311 78/284/311
f 288/288/256 81/285/256 289/286/256
f 77/343/312 78/284/312 79/283/312
f 114/316/313 79/282/313 117/280/313
f 80/279/314 82/273/314 83/278/314
f 90/272/315 82/273/315 81/285/315
f 90/272/316 91/293/316 94/271/316
f 93/295/317 95/265/317 94/271/317
f 89/270/318 99/269/318 101/275/318
f 99/269/319 98/268/319 100/277/319
f 98/348/320 163/349/320 100/350/320
f 100/350/321 163/349/321 164/351/321
f 219/151/322 100/352/322 164/353/322
f 226/354/323 164/351/323 163/349/323
f 226/354/324 163/349/324 265/355/324
f 228/356/325 164/353/325 227/357/325
f 228/356/325 220/152/325 164/353/325
f 229/245/326 220/152/326 228/356/326
f 268/358/327 162/359/327 269/360/327
f 269/360/328 162/359/328 161/262/328
f 269/360/328 161/262/328 270/361/328
f 271/362/329 270/361/329 161/262/329
f 268/358/327 165/363/327 162/359/327
f 163/349/330 162/359/330 165/363/330
f 268/358/331 267/364/331 165/363/331
f 267/364/332 266/365/332 165/363/332
f 265/355/333 165/363/333 266/365/333
f 265/355/333 163/349/333 165/363/333
f 226/354/334 227/366/334 164/351/334
f 163/349/335 98/348/335 162/359/335
f 97/264/336 162/359/336 98/348/336
f 95/265/337 63/296/337 96/266/337
f 97/264/338 161/262/338 162/359/338
f 63/367/339 64/259/339 96/263/339
f 271/362/340 161/262/340 159/261/340
f 271/362/340 159/261/340 278/368/340
f 277/246/341 278/368/341 159/261/341
f 63/298/342 62/257/342 64/258/342
f 62/257/343 54/70/343 66/256/343
f 66/256/344 54/70/344 67/254/344
f 67/254/345 54/70/345 58/222/345
f 275/252/346 274/251/346 68/250/346
f 160/247/347 65/260/347 68/250/347
f 277/246/217 159/261/217 160/247/217
f 237/241/348 264/369/348 215/168/348
f 264/369/349 263/370/349 215/168/349
f 263/370/350 236/371/350 215/168/350
f 276/240/212 69/228/212 166/234/212
f 186/372/351 188/235/351 187/233/351
f 186/372/352 169/373/352 188/235/352
f 249/374/353 188/235/353 169/373/353
f 186/372/354 170/375/354 169/373/354
f 251/376/355 169/373/355 170/375/355
f 251/376/356 170/375/356 261/377/356
f 242/378/357 173/379/357 241/178/357
f 242/378/357 172/380/357 173/379/357
f 174/179/358 173/379/358 172/380/358
f 174/179/359 172/380/359 175/381/359
f 175/382/360 203/191/360 174/182/360
f 179/197/361 203/191/361 175/382/361
f 175/381/362 178/383/362 179/199/362
f 175/381/363 176/384/363 178/383/363
f 180/200/364 178/383/364 176/384/364
f 180/200/365 176/384/365 181/385/365
f 181/385/366 176/384/366 177/386/366
f 181/385/367 177/386/367 182/387/367
f 181/385/368 182/387/368 183/388/368
f 181/385/369 183/388/369 75/202/369
f 75/202/370 183/388/370 184/231/370
f 75/202/371 184/231/371 73/389/371
f 183/388/372 182/387/372 171/390/372
f 183/388/373 171/390/373 170/375/373
f 185/232/374 183/388/374 170/375/374
f 260/391/375 170/375/375 171/390/375
f 260/391/376 171/390/376 259/392/376
f 244/393/377 245/394/377 172/380/377
f 243/395/378 244/393/378 172/380/378
f 262/396/379 172/380/379 245/394/379
f 246/397/380 176/384/380 262/396/380
f 246/397/381 247/398/381 177/386/381
f 248/399/382 177/386/382 247/398/382
f 248/399/382 171/390/382 177/386/382
f 248/399/383 258/400/383 171/390/383
f 262/396/379 176/384/379 172/380/379
f 258/400/384 259/392/384 171/390/384
f 182/387/385 177/386/385 171/390/385
f 246/397/380 177/386/380 176/384/380
f 172/380/386 176/384/386 175/381/386
f 242/378/387 243/395/387 172/380/387
f 260/391/388 261/377/388 170/375/388
f 251/376/389 250/401/389 169/373/389
f 185/232/390 170/375/390 186/372/390
f 187/233/391 185/232/391 186/372/391
f 184/231/392 183/388/392 185/232/392
f 73/389/393 184/231/393 71/229/393
f 166/234/394 167/227/394 168/230/394
f 166/234/395 69/228/395 167/227/395
f 67/254/396 70/223/396 69/226/396
f 71/225/397 72/224/397 73/402/397
f 73/402/398 72/224/398 60/207/398
f 72/224/399 59/221/399 60/207/399
f 67/254/400 58/222/400 70/223/400
f 56/219/401 60/207/401 59/221/401
f 53/69/402 52/63/402 55/220/402
f 56/219/403 57/208/403 60/207/403
f 73/402/404 60/207/404 74/204/404
f 73/402/405 74/204/405 75/203/405
f 180/200/406 181/385/406 75/202/406
f 179/199/407 178/383/407 180/200/407
f 61/211/408 195/196/408 76/198/408
f 195/196/409 196/214/409 199/195/409
f 199/195/410 196/214/410 202/193/410
f 208/403/411 202/193/411 196/214/411
f 208/403/412 196/214/412 198/164/412
f 209/404/413 208/403/413 198/164/413
f 209/404/414 198/164/414 211/174/414
f 207/189/415 208/403/415 209/404/415
f 202/193/416 208/403/416 207/189/416
f 179/197/417 201/194/417 203/191/417
f 204/190/418 202/193/418 207/189/418
f 207/189/419 209/404/419 210/175/419
f 255/192/167 206/187/167 254/186/167
f 255/192/420 240/184/420 205/183/420
f 174/182/421 203/191/421 205/183/421
f 241/178/158 173/379/158 174/179/158
f 249/374/353 169/373/353 250/401/353
f 252/188/162 210/175/162 256/176/162
f 209/404/422 211/174/422 210/175/422
f 233/172/423 257/177/423 213/173/423
f 249/374/424 223/237/424 188/235/424
f 236/371/425 235/170/425 215/168/425
f 232/171/154 214/167/154 234/169/154
f 237/241/213 215/168/213 216/166/213
f 214/167/426 211/174/426 212/165/426
f 211/174/427 198/164/427 212/165/427
f 196/214/428 193/163/428 198/164/428
f 193/163/429 192/215/429 153/161/429
f 217/154/430 197/160/430 200/155/430
f 217/154/431 221/153/431 216/166/431
f 229/245/326 221/153/326 220/152/326
f 219/151/432 164/353/432 220/152/432
f 219/151/433 103/150/433 100/352/433
f 218/148/434 106/156/434 104/149/434
f 105/140/435 104/146/435 106/405/435
f 87/145/436 102/276/436 103/147/436
f 84/144/437 85/274/437 87/145/437
f 117/280/438 84/142/438 107/137/438
f 88/139/439 104/146/439 105/140/439
f 117/280/440 107/137/440 118/136/440
f 157/406/441 156/325/441 118/319/441
f 106/159/442 158/132/442 105/134/442
f 155/323/443 157/133/443 150/131/443
f 154/158/444 152/130/444 158/132/444
f 150/131/445 147/128/445 141/126/445
f 145/129/446 152/130/446 153/162/446
f 147/128/447 143/127/447 141/126/447
f 189/85/448 141/321/448 140/407/448
f 1/87/449 140/407/449 136/115/449
f 290/114/105 1/87/105 136/115/105
f 290/114/450 292/408/450 1/87/450
f 292/409/451 293/410/451 1/411/451
f 301/112/452 284/412/452 32/24/452
f 302/113/453 29/111/453 6/91/453
f 21/96/454 27/97/454 26/99/454
f 20/110/455 18/95/455 21/96/455
f 16/73/456 8/77/456 18/95/456
f 302/113/457 6/91/457 303/90/457
f 293/413/458 294/88/458 1/87/458
f 1/87/459 189/85/459 140/407/459
f 323/84/71 113/83/71 189/85/71
f 109/346/460 112/314/460 113/414/460
f 320/415/461 321/416/461 109/346/461
f 330/347/309 109/346/309 321/416/309
f 329/311/462 110/312/462 330/347/462
f 285/303/463 286/79/463 7/76/463
f 308/78/464 307/94/464 8/77/464
f 9/302/465 7/76/465 10/75/465
f 12/301/466 10/75/466 14/72/466
f 13/74/467 8/77/467 16/73/467
f 12/301/468 14/72/468 15/71/468
f 62/257/469 15/71/469 54/70/469
f 53/69/470 58/222/470 54/70/470
f 16/73/471 19/67/471 17/68/471
f 19/67/472 22/102/472 24/66/472
f 24/66/473 22/102/473 25/65/473
f 25/65/474 48/104/474 49/60/474
f 23/64/475 52/63/475 53/69/475
f 51/217/476 190/210/476 52/218/476
f 49/60/477 48/104/477 50/61/477
f 146/52/478 50/56/478 48/105/478
f 51/59/479 144/58/479 145/129/479
f 142/57/480 139/124/480 144/58/480
f 138/55/481 139/124/481 142/57/481
f 138/55/482 133/54/482 137/123/482
f 131/38/483 2/122/483 133/54/483
f 3/417/484 2/122/484 131/38/484
f 131/38/485 130/35/485 3/417/485
f 318/418/486 2/122/486 3/417/486
f 318/418/486 3/417/486 319/419/486
f 311/420/487 313/421/487 3/422/487
f 311/423/488 3/417/488 127/34/488
f 311/423/488 127/34/488 312/424/488
f 317/27/489 312/424/489 127/34/489
f 313/421/490 319/425/490 3/422/490
f 318/426/491 310/427/491 2/428/491
f 146/52/492 134/53/492 50/56/492
f 146/52/493 48/105/493 148/50/493
f 148/50/494 31/106/494 149/48/494
f 149/48/495 46/109/495 44/49/495
f 43/100/496 42/46/496 44/45/496
f 43/100/497 41/22/497 42/46/497
f 38/429/498 122/42/498 42/44/498
f 37/17/499 121/41/499 122/42/499
f 125/37/500 121/41/500 120/32/500
f 121/41/501 119/12/501 120/32/501
f 45/43/502 124/40/502 126/39/502
f 126/39/503 131/38/503 132/51/503
f 131/38/504 129/36/504 130/35/504
f 130/35/505 127/34/505 3/417/505
f 120/32/506 128/33/506 125/37/506
f 120/32/507 5/11/507 4/30/507
f 317/27/508 127/34/508 123/28/508
f 309/121/109 2/122/109 310/430/109
f 284/412/509 283/26/509 32/24/509
f 40/23/510 28/98/510 32/24/510
f 43/100/511 40/23/511 41/22/511
f 41/22/512 38/20/512 42/46/512
f 33/4/513 36/18/513 39/21/513
f 37/17/514 122/42/514 38/429/514
f 37/17/515 119/12/515 121/41/515
f 298/14/516 299/13/516 119/12/516
f 119/12/517 5/11/517 120/32/517
f 297/7/518 4/431/518 5/8/518
f 281/432/519 34/2/519 280/433/519
f 297/7/520 295/434/520 4/431/520
f 295/434/521 296/435/521 4/431/521
f 296/435/522 314/436/522 4/431/522
f 314/436/523 315/437/523 4/431/523
f 282/25/524 343/6/524 33/4/524
f 279/5/525 280/433/525 34/2/525
f 33/4/526 35/3/526 36/18/526
f 281/432/519 35/3/519 34/2/519
o Object.10
v 0.459040 0.222457 -0.254186
v 0.425089 0.211915 -0.235660
v 0.414275 0.218194 -0.243451
v 0.395943 0.217031 -0.190179
v 0.341605 0.221450 -0.202833
v 0.318990 0.225403 -0.224188
v 0.342846 0.240634 -0.230467
v 0.312964 0.219899 -0.258799
v 0.384432 0.236991 -0.234188
v 0.362438 0.246952 -0.248915
v 0.389471 0.232767 -0.258411
v 0.287960 0.208801 -0.259172
v 0.310178 0.208801 -0.241055
v 0.334018 0.208801 -0.205798
v 0.310077 0.208801 -0.242001
v 0.310536 0.208801 -0.245263
v 0.308672 0.208801 -0.245009
v 0.385861 0.208801 -0.188754
v 0.400392 0.208801 -0.188403
v 0.361181 0.208801 -0.193665
v 0.490139 0.208801 -0.236637
v 0.487594 0.208801 -0.230185
v 0.475690 0.208801 -0.224248
v 0.444050 0.208801 -0.227348
v 0.429063 0.208801 -0.228297
v 0.427692 0.208801 -0.225028
v 0.418682 0.208801 -0.220702
v 0.335893 0.208801 -0.204126
v 0.334055 0.208801 -0.260396
v 0.333339 0.208801 -0.260396
v 0.342707 0.208801 -0.260396
v 0.343037 0.208801 -0.260396
v 0.344438 0.208801 -0.260396
v 0.344739 0.208801 -0.260396
v 0.349957 0.208801 -0.260396
v 0.354388 0.208801 -0.260396
v 0.400079 0.208801 -0.260396
v 0.400727 0.208801 -0.260396
v 0.408893 0.208801 -0.260396
v 0.387021 0.208801 -0.260396
v 0.380264 0.208801 -0.260396
v 0.390303 0.230989 -0.260396
v 0.406674 0.216250 -0.260396
v 0.387087 0.231961 -0.260396
v 0.359934 0.239261 -0.260396
v 0.343605 0.236285 -0.260396
v 0.338672 0.233964 -0.260396
v 0.321222 0.224259 -0.260396
v 0.313156 0.219204 -0.260396
v 0.312745 0.210432 -0.260396
v 0.312738 0.210280 -0.260396
v 0.317216 0.208801 -0.260396
v 0.309180 0.208801 -0.260396
v 0.307849 0.208801 -0.260396
v 0.303042 0.210412 -0.260396
v 0.304320 0.210394 -0.260396
v 0.288153 0.208991 -0.260396
v 0.287670 0.208801 -0.260396
v 0.287934 0.208801 -0.260396
v 0.302084 0.208801 -0.260396
v 0.431129 0.218966 -0.260396
v 0.468610 0.208801 -0.260396
v 0.474810 0.208801 -0.260396
v 0.479883 0.208801 -0.260396
v 0.463116 0.208801 -0.260396
v 0.446807 0.208801 -0.260396
v 0.425692 0.208801 -0.260396
v 0.424803 0.208801 -0.260396
v 0.420216 0.208801 -0.260396
v 0.433667 0.208801 -0.260396
v 0.487032 0.208801 -0.260396
v 0.486483 0.208801 -0.260396
v 0.472472 0.218513 -0.260396
v 0.464677 0.221312 -0.260396
v 0.456749 0.221803 -0.260396
v 0.364546 0.208801 -0.260396
vn -0.0000 -1.0000 -0.0000
vn -0.0000 -1.0000 0.0001
vn -0.0001 -0.0000 -1.0000
vn -0.0000 -0.0000 -1.0000
vn -0.0000 -0.0001 -1.0000
vn -0.0000 -0.0000 1.0000
vn -0.0653 0.8211 0.5671
vn -0.3573 0.7747 0.5218
vn -0.6494 0.2189 0.7282
vn -0.6494 0.2188 0.7282
vn -0.4874 0.7775 -0.3974
vn -0.4821 0.8670 -0.1260
vn -0.4215 0.8958 -0.1409
vn -0.4215 0.8958 -0.1408
vn -0.0237 0.1986 0.9798
vn 0.7538 0.4996 0.4268
vn 0.1208 0.9602 0.2517
vn 0.3978 0.9022 0.1669
vn -0.0254 0.9157 0.4010
vn -0.0425 0.8999 0.4341
vn 0.1654 0.9288 0.3317
vn 0.3351 0.9329 0.1322
vn 0.5534 0.8297 -0.0724
vn 0.0612 0.9900 -0.1270
vn -0.1098 0.9919 -0.0641
vn -0.1098 0.9919 -0.0640
vn 0.0601 0.8163 0.5745
vn 0.4071 0.8993 0.1597
vn 0.5672 0.7957 0.2125
vn 0.5237 0.8510 -0.0395
vn 0.6243 0.6935 -0.3596
vn 0.2332 0.7708 -0.5928
vn 0.2123 0.7898 -0.5754
vn 0.4463 0.8927 -0.0628
vn -0.1101 0.9918 -0.0644
vn -0.1806 0.3784 0.9078
vn -0.1523 0.8361 -0.5270
vn 0.1169 0.8949 0.4306
vn -0.9892 0.0464 -0.1394
vn -0.9892 0.0463 -0.1394
vn -0.9169 0.3869 0.0980
vn 0.0135 0.9950 0.0992
vn 0.0136 0.9950 0.0992
vn -0.0941 0.9860 0.1376
vn -0.3632 0.9277 0.0862
vn -0.9891 0.0466 -0.1394
vn -0.9168 0.3870 0.0981
vn -0.9892 0.0460 -0.1394
vn -0.8216 -0.1283 0.5555
vn -0.3811 0.0780 0.9212
vn -0.5449 0.8376 -0.0383
vn 0.1147 0.9156 0.3853
vt 0.000000 0.000000
vt 0.945557 0.918213
vt 0.953369 0.923096
vt 0.941895 0.922852
vt 0.940430 0.918457
vt 0.945116 0.915792
vt 0.944712 0.915752
vt 0.935941 0.921683
vt 0.935069 0.920272
vt 0.935303 0.920166
vt 0.937715 0.924611
vt 0.942139 0.927002
vt 0.938343 0.925294
vt 0.953017 0.921102
vt 0.954817 0.922833
vt 0.953854 0.929040
vt 0.954491 0.930640
vt 0.952881 0.931885
vt 0.954243 0.931340
vt 0.956124 0.933071
vt 0.960057 0.936491
vt 0.960763 0.938766
vt 0.954102 0.938477
vt 0.960216 0.939836
vt 0.956848 0.942615
vt 0.954911 0.940739
vt 0.953963 0.939864
vt 0.953071 0.939022
vt 0.950208 0.936309
vt 0.950439 0.932373
vt 0.946533 0.927979
vt 0.944580 0.931641
vt 0.944464 0.932059
vt 0.947089 0.934106
vt 0.943991 0.931542
vt 0.940275 0.927934
vt 0.949712 0.918643
vt 0.934347 0.919005
vt 0.936247 0.916387
vt 0.936371 0.916308
vt 0.934334 0.918983
vt 0.933395 0.917890
vt 0.935887 0.916810
vt 0.933252 0.917725
vt 0.931755 0.916117
vt 0.935709 0.916536
vt 0.931886 0.915953
vt 0.931701 0.916057
s 0
usemtl Mat_0.040
f 372/438/527 371/438/527 357/438/527
f 372/438/527 357/438/527 373/438/527
f 377/438/527 378/438/527 363/438/527
f 376/438/527 377/438/527 363/438/527
f 375/438/527 376/438/527 363/438/527
f 374/438/527 375/438/527 363/438/527
f 374/438/527 363/438/527 371/438/527
f 378/438/527 379/438/527 363/438/527
f 419/438/527 363/438/527 379/438/527
f 419/438/527 384/438/527 361/438/527
f 383/438/527 361/438/527 384/438/527
f 383/438/527 362/438/527 361/438/527
f 382/438/527 370/438/527 362/438/527
f 382/438/527 362/438/527 381/438/527
f 411/438/527 370/438/527 412/438/527
f 411/438/527 369/438/527 370/438/527
f 408/438/527 366/438/527 367/438/527
f 408/438/527 367/438/527 409/438/527
f 405/438/527 406/438/527 366/438/527
f 407/438/527 366/438/527 406/438/527
f 407/438/527 365/438/527 366/438/527
f 414/438/527 364/438/527 365/438/527
f 414/438/527 365/438/527 415/438/527
f 407/438/527 415/438/527 365/438/527
f 413/438/527 368/438/527 410/438/527
f 413/438/527 409/438/527 367/438/527
f 408/438/527 405/438/527 366/438/527
f 413/438/527 367/438/527 368/438/527
f 410/438/527 368/438/527 369/438/527
f 410/438/527 369/438/527 411/438/527
f 380/438/527 381/438/527 362/438/527
f 382/438/527 412/438/527 370/438/527
f 383/438/527 380/438/527 362/438/527
f 419/438/527 361/438/527 363/438/527
f 358/438/527 357/438/527 356/438/527
f 357/438/527 358/438/527 359/438/527
f 395/438/527 357/438/527 359/438/527
f 395/438/527 359/438/527 396/438/527
f 403/438/527 360/438/527 355/438/527
f 403/438/527 355/438/527 402/438/527
f 401/438/528 402/438/528 355/438/528
f 403/438/527 397/438/527 360/438/527
f 396/438/527 360/438/527 397/438/527
f 396/438/527 359/438/527 360/438/527
f 395/438/527 373/438/527 357/438/527
f 374/438/527 371/438/527 372/438/527
f 391/438/529 372/438/529 373/438/529
f 395/438/530 391/438/530 373/438/530
f 395/438/530 392/438/530 391/438/530
f 377/438/530 390/438/530 389/438/530
f 377/438/530 389/438/530 378/438/530
f 390/438/530 375/438/530 374/438/530
f 372/438/530 390/438/530 374/438/530
f 390/438/530 376/438/530 375/438/530
f 379/438/530 388/438/530 419/438/530
f 388/438/530 384/438/530 419/438/530
f 381/438/530 386/438/530 382/438/530
f 386/438/530 412/438/530 382/438/530
f 386/438/530 411/438/530 412/438/530
f 409/438/530 418/438/530 408/438/530
f 408/438/530 418/438/530 417/438/530
f 408/438/530 417/438/530 405/438/530
f 405/438/530 417/438/530 416/438/530
f 405/438/530 416/438/530 406/438/530
f 415/438/530 416/438/530 414/438/530
f 416/438/530 415/438/530 407/438/530
f 416/438/530 407/438/530 406/438/530
f 383/438/530 388/438/530 387/438/530
f 385/438/530 383/438/530 387/438/530
f 383/438/530 385/438/530 380/438/530
f 385/438/530 381/438/530 380/438/530
f 410/438/530 386/438/530 404/438/530
f 410/438/530 404/438/530 413/438/530
f 404/438/530 409/438/530 413/438/530
f 409/438/530 404/438/530 418/438/530
f 386/438/531 410/438/531 411/438/531
f 381/438/530 385/438/530 386/438/530
f 388/438/530 383/438/530 384/438/530
f 379/438/530 389/438/530 388/438/530
f 389/438/530 379/438/530 378/438/530
f 390/438/530 377/438/530 376/438/530
f 396/438/530 393/438/530 395/438/530
f 396/438/532 394/438/532 393/438/532
f 396/438/530 399/438/530 394/438/530
f 399/438/530 403/438/530 398/438/530
f 403/438/530 400/438/530 398/438/530
f 402/438/530 401/438/530 400/438/530
f 402/438/530 400/438/530 403/438/530
f 403/438/530 399/438/530 397/438/530
f 399/438/530 396/438/530 397/438/530
f 393/438/530 392/438/530 395/438/530
f 372/438/530 391/438/530 390/438/530
f 348/439/533 347/440/533 350/441/533
f 348/439/534 350/441/534 349/442/534
f 371/443/535 348/439/535 349/442/535
f 371/443/536 349/442/536 357/444/536
f 391/445/537 392/446/537 351/447/537
f 391/445/538 351/447/538 350/441/538
f 391/445/538 350/441/538 390/448/538
f 390/448/539 350/441/539 353/449/539
f 390/448/540 353/449/540 389/450/540
f 361/451/541 362/452/541 347/440/541
f 370/453/542 347/440/542 362/452/542
f 370/453/543 369/454/543 345/455/543
f 369/454/544 368/456/544 345/455/544
f 368/456/545 367/457/545 345/455/545
f 366/458/546 345/455/546 367/457/546
f 366/458/547 365/459/547 344/460/547
f 364/461/548 344/460/548 365/459/548
f 414/462/549 416/463/549 364/461/549
f 417/464/548 344/460/548 364/461/548
f 417/464/548 364/461/548 416/463/548
f 417/464/550 418/465/550 344/460/550
f 404/466/551 344/460/551 418/465/551
f 404/466/552 346/467/552 344/460/552
f 344/460/553 346/467/553 345/455/553
f 347/440/554 345/455/554 346/467/554
f 352/468/555 347/440/555 346/467/555
f 354/469/556 352/468/556 346/467/556
f 385/470/557 354/469/557 346/467/557
f 385/470/557 346/467/557 386/471/557
f 385/470/558 387/472/558 354/469/558
f 388/473/559 354/469/559 387/472/559
f 388/473/559 353/449/559 354/469/559
f 353/449/560 352/468/560 354/469/560
f 404/466/561 386/471/561 346/467/561
f 366/458/546 344/460/546 345/455/546
f 370/453/542 345/455/542 347/440/542
f 361/451/562 348/439/562 363/474/562
f 388/473/563 389/450/563 353/449/563
f 353/449/564 350/441/564 352/468/564
f 393/475/565 351/447/565 392/446/565
f 393/475/566 358/476/566 351/447/566
f 356/477/567 351/447/567 358/476/567
f 394/478/568 399/479/568 359/480/568
f 398/481/569 359/480/569 399/479/569
f 400/482/570 360/483/570 398/481/570
f 400/482/570 355/484/570 360/483/570
f 400/482/571 401/485/571 355/484/571
f 398/481/568 360/483/568 359/480/568
f 394/478/572 359/480/572 358/476/572
f 356/477/573 349/442/573 351/447/573
f 394/478/574 358/476/574 393/475/574
f 356/477/575 357/444/575 349/442/575
f 371/443/576 363/474/576 348/439/576
f 351/447/577 349/442/577 350/441/577
f 352/468/578 350/441/578 347/440/578
f 361/451/562 347/440/562 348/439/562
o Object.11
v 0.503262 0.211373 -0.044703
v 0.511944 0.213931 -0.087414
v 0.515432 0.210132 -0.115765
v 0.559732 0.226100 -0.102277
v 0.536593 0.226411 -0.033522
v 0.498316 0.208801 -0.042173
v 0.512786 0.208801 -0.032516
v 0.488497 0.208801 -0.050686
v 0.493762 0.208801 -0.059221
v 0.520438 0.208801 -0.119357
v 0.516249 0.208801 -0.118657
v 0.552689 0.208801 -0.128507
v 0.578020 0.208801 -0.116911
v 0.585196 0.208801 -0.112378
v 0.493354 0.208801 -0.089551
v 0.507387 0.208801 -0.111322
v 0.512267 0.208801 -0.117947
v 0.580173 0.229725 -0.076145
v 0.591546 0.222573 -0.087518
v 0.538159 0.226571 -0.034130
v 0.537206 0.226453 -0.033177
v 0.598040 0.208801 -0.094013
v 0.589099 0.208801 -0.085070
v 0.598037 0.208816 -0.094008
v 0.594499 0.219391 -0.090470
v 0.593940 0.219993 -0.089911
v 0.585200 0.208801 -0.081172
v 0.581821 0.208801 -0.077792
v 0.580347 0.208801 -0.076319
v 0.536765 0.225808 -0.032736
v 0.537129 0.226309 -0.033100
v 0.535459 0.224010 -0.031430
v 0.537209 0.208801 -0.033180
v 0.527834 0.208801 -0.023805
v 0.527621 0.208801 -0.023592
v 0.525327 0.209104 -0.021298
v 0.525121 0.208801 -0.021093
v 0.527159 0.208801 -0.023130
v 0.527431 0.208801 -0.023402
v 0.544410 0.208801 -0.040381
v 0.560825 0.208801 -0.056796
v 0.568444 0.208801 -0.064415
vn -0.0000 -1.0000 -0.0000
vn 0.7071 -0.0000 0.7071
vn 0.7071 0.0001 0.7071
vn 0.7067 -0.0002 0.7075
vn 0.7072 -0.0000 0.7070
vn 0.7070 -0.0002 0.7072
vn 0.2397 -0.2636 0.9344
vn 0.7072 -0.0000 0.7071
vn 0.7070 -0.0000 0.7072
vn -0.0725 0.8981 -0.4338
vn -0.1466 0.8434 -0.5169
vn -0.2635 0.9449 -0.1941
vn -0.2457 0.9563 -0.1583
vn -0.2664 0.9639 0.0036
vn -0.4035 0.9146 -0.0272
vn -0.2737 0.9570 -0.0964
vn -0.1190 0.9919 -0.0445
vn -0.1189 0.9919 -0.0445
vn -0.3519 0.7039 0.6170
vn -0.3518 0.7039 0.6170
vn -0.4240 0.5953 0.6825
vn 0.3288 0.7880 -0.5205
vn 0.7427 0.4224 -0.5195
vn 0.7756 0.3212 -0.5433
vn -0.0882 0.9955 0.0356
vn 0.2510 0.9126 -0.3229
vn -0.4900 0.6927 0.5292
vn -0.4900 0.6927 0.5291
vn -0.4900 0.6928 0.5291
vn -0.1375 0.9869 -0.0848
vn -0.2925 0.8947 0.3374
vn -0.2600 0.8835 0.3896
vn 0.2653 0.7706 -0.5795
vn -0.2906 0.9430 -0.1621
vn -0.0775 0.8972 -0.4348
vt 0.000000 0.000000
vt 0.977855 0.928077
vt 0.977500 0.927488
vt 0.977783 0.927002
vt 0.984375 0.931396
vt 0.980158 0.933421
vt 0.977128 0.926915
vt 0.977327 0.925544
vt 0.978063 0.921522
vt 0.980755 0.918175
vt 0.980469 0.923584
vt 0.983154 0.917725
vt 0.870361 0.342529
vt 0.874756 0.340576
vt 0.873779 0.349365
vt 0.882080 0.350342
vt 0.883333 0.345748
vt 0.875008 0.340622
vt 0.874737 0.340419
vt 0.874816 0.340498
vt 0.874453 0.340136
vt 0.874833 0.340516
vt 0.886838 0.346498
vt 0.886063 0.346359
vt 0.887509 0.350945
vt 0.887019 0.346530
vt 0.888922 0.346070
vt 0.888243 0.349896
vt 0.888925 0.346071
vt 0.872281 0.337959
vt 0.871061 0.340130
vt 0.872237 0.337914
vt 0.981064 0.916418
vt 0.982948 0.916641
vt 0.869588 0.342271
vt 0.983772 0.936222
s 0
usemtl Mat_0.040
f 452/486/579 429/486/579 431/486/579
f 452/486/579 431/486/579 459/486/579
f 454/486/579 429/486/579 453/486/579
f 458/486/579 430/486/579 454/486/579
f 458/486/579 436/486/579 430/486/579
f 457/486/579 436/486/579 458/486/579
f 457/486/579 435/486/579 436/486/579
f 435/486/579 426/486/579 434/486/579
f 434/486/579 426/486/579 425/486/579
f 434/486/579 425/486/579 428/486/579
f 446/486/579 433/486/579 442/486/579
f 442/486/579 433/486/579 441/486/579
f 446/486/579 432/486/579 433/486/579
f 446/486/579 447/486/579 432/486/579
f 447/486/579 448/486/579 432/486/579
f 461/486/579 432/486/579 448/486/579
f 461/486/579 431/486/579 432/486/579
f 461/486/579 460/486/579 431/486/579
f 428/486/579 425/486/579 427/486/579
f 456/486/579 426/486/579 435/486/579
f 456/486/579 435/486/579 457/486/579
f 460/486/579 459/486/579 431/486/579
f 452/486/579 453/486/579 429/486/579
f 454/486/579 430/486/579 429/486/579
f 459/486/580 451/486/580 452/486/580
f 451/486/580 453/486/580 452/486/580
f 451/486/580 454/486/580 453/486/580
f 451/486/580 458/486/580 454/486/580
f 459/486/580 437/486/580 439/486/580
f 459/486/581 439/486/581 440/486/581
f 459/486/582 440/486/582 450/486/582
f 449/486/580 459/486/580 450/486/580
f 437/486/580 459/486/580 460/486/580
f 437/486/580 460/486/580 461/486/580
f 437/486/580 461/486/580 448/486/580
f 437/486/580 448/486/580 447/486/580
f 437/486/580 447/486/580 446/486/580
f 442/486/580 437/486/580 446/486/580
f 438/486/583 442/486/583 441/486/583
f 438/486/584 441/486/584 445/486/584
f 445/486/581 443/486/581 444/486/581
f 445/486/585 441/486/585 443/486/585
f 442/486/580 438/486/580 437/486/580
f 457/486/580 451/486/580 455/486/580
f 457/486/586 455/486/586 456/486/586
f 451/486/587 457/486/587 458/486/587
f 451/486/580 459/486/580 449/486/580
f 429/487/588 430/488/588 422/489/588
f 429/487/589 422/489/589 423/490/589
f 429/487/589 423/490/589 431/491/589
f 436/492/590 435/493/590 422/489/590
f 434/494/591 422/489/591 435/493/591
f 428/495/592 421/496/592 434/494/592
f 428/495/592 420/497/592 421/496/592
f 420/498/593 424/499/593 421/500/593
f 421/500/594 424/499/594 423/501/594
f 437/502/595 423/501/595 424/499/595
f 437/502/596 424/499/596 439/503/596
f 449/504/597 450/505/597 424/499/597
f 451/506/598 449/504/598 424/499/598
f 450/505/599 440/507/599 424/499/599
f 445/508/600 423/501/600 438/509/600
f 445/508/600 432/510/600 423/501/600
f 444/511/600 432/510/600 445/508/600
f 443/512/601 433/513/601 444/511/601
f 444/511/600 433/513/600 432/510/600
f 443/512/602 441/514/602 433/513/602
f 440/507/603 439/503/603 424/499/603
f 437/502/604 438/509/604 423/501/604
f 451/506/605 424/499/605 420/498/605
f 451/506/606 420/498/606 455/515/606
f 455/515/607 426/516/607 456/517/607
f 455/515/606 420/498/606 426/516/606
f 428/495/608 427/518/608 420/497/608
f 427/518/609 425/519/609 420/497/609
f 425/520/610 426/516/610 420/498/610
f 434/494/591 421/496/591 422/489/591
f 432/521/611 431/491/611 423/490/611
f 422/489/612 421/496/612 423/490/612
f 430/488/613 436/492/613 422/489/613
o Object.12
v 0.296279 0.209977 -0.198705
v 0.294919 0.208801 -0.195461
v 0.313737 0.208801 -0.181410
v 0.293921 0.208801 -0.199604
v 0.314208 0.208801 -0.201263
v 0.306674 0.208801 -0.231125
v 0.292781 0.208801 -0.213077
vn -0.0000 -1.0000 -0.0000
vn -0.1949 0.9454 0.2610
vn -0.4782 0.8707 0.1152
vn -0.4578 0.8882 0.0387
vn -0.0804 0.9948 -0.0619
vn 0.0632 0.9979 -0.0159
vn 0.0657 0.9978 0.0016
vt 0.000000 0.000000
vt 0.940933 0.910299
vt 0.945065 0.910889
vt 0.940674 0.910889
vt 0.940244 0.910624
vt 0.938388 0.911835
vt 0.937340 0.914964
vt 0.942695 0.913022
s 0
usemtl Mat_0.040
f 466/522/614 464/522/614 467/522/614
f 467/522/614 463/522/614 468/522/614
f 468/522/614 463/522/614 465/522/614
f 467/522/614 464/522/614 463/522/614
f 463/523/615 464/524/615 462/525/615
f 465/526/616 463/523/616 462/525/616
f 468/527/617 465/526/617 462/525/617
f 467/528/618 468/527/618 462/525/618
f 466/529/619 467/528/619 462/525/619
f 464/524/620 466/529/620 462/525/620
o Object.2
v -0.099240 1.389983 -0.257868
v -0.080365 1.404672 -0.246474
v -0.074590 1.340761 -0.252520
v -0.058797 1.358667 -0.245001
v -0.041801 1.312701 -0.212367
v -0.057324 1.357892 -0.218956
v -0.072090 1.415602 -0.213627
v -0.097864 1.444592 -0.197736
v -0.094337 1.470792 -0.242831
v -0.096294 1.471334 -0.206709
v -0.114549 1.490636 -0.244420
v -0.131505 1.485597 -0.161847
v -0.155070 1.479706 -0.209596
v -0.152163 1.441918 -0.208007
v -0.131466 1.467032 -0.128806
v -0.119142 1.446375 -0.194132
v -0.130517 1.423469 -0.224072
v -0.117049 1.381108 -0.243761
v -0.100790 1.392076 -0.197484
v -0.079958 1.332196 -0.234343
v -0.076392 1.349249 -0.213007
v -0.058041 1.290067 -0.197213
v -0.084630 1.436378 -0.260396
v -0.083917 1.469335 -0.260396
v -0.096997 1.481686 -0.260396
v -0.126160 1.408728 -0.260396
v -0.134281 1.433859 -0.260396
v -0.142340 1.457084 -0.260396
v -0.109861 1.490822 -0.260396
v -0.116357 1.489970 -0.260396
v -0.131161 1.481003 -0.260396
v -0.149233 1.473484 -0.260396
v -0.148522 1.464747 -0.260396
v -0.113862 1.392785 -0.260396
v -0.100087 1.391848 -0.260396
v -0.093557 1.401689 -0.260396
v -0.081349 1.420197 -0.260396
v -0.080747 1.425008 -0.260396
vn -0.0000 -0.0000 -1.0000
vn 0.0001 -0.0000 -1.0000
vn 0.6992 0.7144 0.0272
vn 0.9977 -0.0402 0.0547
vn 0.1838 0.3029 0.9351
vn 0.1667 -0.0046 0.9860
vn 0.5062 -0.0241 0.8621
vn 0.3285 -0.0768 0.9414
vn 0.5826 0.0743 0.8093
vn 0.9667 0.2517 -0.0472
vn 0.9468 0.3188 -0.0441
vn 0.4259 0.2721 0.8629
vn 0.2797 -0.6646 -0.6929
vn -0.5244 -0.7000 -0.4847
vn -0.9265 -0.2027 0.3169
vn -0.6567 -0.5887 -0.4713
vn -0.7683 -0.5075 0.3902
vn -0.8105 -0.4383 0.3886
vn -0.9515 -0.3075 0.0107
vn 0.6867 -0.4557 -0.5663
vn -0.0553 -0.8122 -0.5808
vn -0.0553 -0.8122 -0.5807
vn 0.6925 -0.4568 -0.5583
vn 0.9713 -0.1216 -0.2042
vn 0.9407 0.3212 -0.1095
vn -0.1299 0.9912 -0.0266
vn 0.5699 0.8025 0.1766
vn 0.8592 -0.0186 0.5113
vn 0.6486 0.6869 0.3278
vn -0.5180 0.8551 0.0230
vn -0.3795 0.9121 -0.1553
vn -0.2551 0.9669 0.0066
vn -0.7715 0.5543 0.3124
vn 0.6986 0.6241 0.3499
vn -0.9606 -0.0625 0.2708
vn 0.0019 -0.9534 0.3018
vn -0.1668 -0.7515 0.6383
vn -0.7396 -0.5966 -0.3114
vn -0.9913 -0.0806 -0.1040
vn 0.4404 0.1239 -0.8892
vn 0.3151 0.1176 -0.9418
vn -0.9447 -0.3278 0.0041
vn -0.6848 -0.5282 -0.5020
vn -0.4803 -0.3289 -0.8131
vn 0.6453 -0.2690 -0.7150
vn 0.8541 0.3894 -0.3447
vn 0.1576 0.2999 0.9409
vn -0.6256 -0.5551 0.5482
vn -0.7923 -0.3006 0.5310
vn 0.7737 -0.5474 0.3191
vn 0.7868 0.5050 0.3549
vn 0.5401 0.8260 0.1613
vt 0.000000 0.000000
vt 0.156494 0.724609
vt 0.151855 0.722412
vt 0.153564 0.717041
vt 0.156982 0.717285
vt 0.191895 0.994141
vt 0.194336 0.984619
vt 0.198242 0.988770
vt 0.201904 0.980713
vt 0.208984 0.979736
vt 0.214600 0.984619
vt 0.164063 0.708496
vt 0.161621 0.717529
vt 0.166748 0.711426
vt 0.166504 0.701660
vt 0.215088 0.976074
vt 0.220459 0.976563
vt 0.211914 0.967041
vt 0.209961 0.971680
vt 0.200439 0.970215
vt 0.193115 0.976074
vt 0.195322 0.968121
vt 0.190842 0.969254
vt 0.171465 0.722239
vt 0.169717 0.723977
vt 0.171143 0.721680
vt 0.201675 0.964851
vt 0.202148 0.965088
vt 0.199016 0.967178
vt 0.166815 0.726884
vt 0.166229 0.727624
vt 0.166992 0.721924
vt 0.164384 0.727803
vt 0.151134 0.724486
vt 0.149849 0.723829
vt 0.153719 0.725953
vt 0.156593 0.727472
vt 0.147292 0.722535
vt 0.143167 0.721046
vt 0.144287 0.715820
vt 0.145264 0.710205
vt 0.179443 0.981201
vt 0.185791 0.986816
vt 0.181152 0.989746
vt 0.186523 0.977539
vt 0.185949 0.969932
vt 0.183704 0.969644
vt 0.182056 0.970563
vt 0.169434 0.710693
s 0
usemtl Mat_0.040
f 503/530/621 494/530/621 495/530/621
f 503/530/621 495/530/621 504/530/621
f 504/530/621 500/530/621 505/530/621
f 500/530/621 506/530/621 505/530/621
f 506/530/621 499/530/621 491/530/621
f 491/530/621 499/530/621 498/530/621
f 497/530/621 491/530/621 498/530/621
f 493/530/621 491/530/621 497/530/621
f 491/530/621 493/530/621 492/530/621
f 501/530/622 504/530/622 496/530/622
f 506/530/621 500/530/621 499/530/621
f 500/530/621 504/530/621 501/530/621
f 504/530/621 495/530/621 496/530/621
f 502/530/621 494/530/621 503/530/621
f 477/531/623 479/532/623 478/533/623
f 476/534/624 477/531/624 478/533/624
f 478/535/625 484/536/625 476/537/625
f 484/536/626 487/538/626 476/537/626
f 476/537/627 487/538/627 489/539/627
f 476/537/628 489/539/628 474/540/628
f 474/541/629 475/542/629 476/534/629
f 472/543/630 475/542/630 474/541/630
f 473/544/631 472/543/631 474/541/631
f 490/545/632 473/546/632 474/540/632
f 490/545/633 471/547/633 473/546/633
f 488/548/634 471/547/634 490/545/634
f 488/548/635 490/545/635 489/539/635
f 486/549/636 471/547/636 488/548/636
f 486/549/637 488/548/637 487/538/637
f 487/538/638 485/550/638 486/549/638
f 494/551/639 486/549/639 485/550/639
f 494/551/639 485/550/639 495/552/639
f 503/553/640 504/554/640 469/555/640
f 503/556/641 469/557/641 486/549/641
f 503/556/642 486/549/642 502/558/642
f 505/559/643 469/555/643 504/554/643
f 506/560/644 470/561/644 505/559/644
f 506/560/644 475/542/644 470/561/644
f 491/562/645 475/542/645 506/560/645
f 497/563/646 498/564/646 479/532/646
f 493/565/647 497/563/647 479/532/647
f 491/562/648 492/566/648 477/531/648
f 493/565/649 477/531/649 492/566/649
f 498/564/650 499/567/650 479/532/650
f 500/568/651 479/532/651 499/567/651
f 500/568/651 481/569/651 479/532/651
f 480/570/652 479/532/652 481/569/652
f 481/571/653 483/572/653 480/573/653
f 480/573/654 483/572/654 478/535/654
f 481/571/655 482/574/655 483/572/655
f 484/536/656 483/572/656 482/574/656
f 482/574/657 485/550/657 484/536/657
f 496/575/658 485/550/658 482/574/658
f 496/575/658 482/574/658 501/576/658
f 501/576/659 482/574/659 481/571/659
f 501/576/659 481/571/659 500/577/659
f 491/562/645 477/531/645 475/542/645
f 505/559/643 470/561/643 469/555/643
f 469/555/660 470/561/660 471/578/660
f 471/578/661 470/561/661 472/543/661
f 496/575/662 495/552/662 485/550/662
f 494/551/663 502/558/663 486/549/663
f 486/549/664 469/557/664 471/547/664
f 471/578/665 472/543/665 473/544/665
f 472/543/666 470/561/666 475/542/666
f 489/539/667 490/545/667 474/540/667
f 489/539/668 487/538/668 488/548/668
f 487/538/669 484/536/669 485/550/669
f 478/535/670 483/572/670 484/536/670
f 475/542/671 477/531/671 476/534/671
f 478/533/672 479/532/672 480/570/672
f 493/565/649 479/532/649 477/531/649
o Object.3
v 0.274361 1.393936 -0.239459
v 0.257202 1.423043 -0.233064
v 0.258442 1.476024 -0.238645
v 0.280543 1.452304 -0.213956
v 0.290911 1.474977 -0.219382
v 0.290426 1.400757 -0.187524
v 0.343117 1.435949 -0.156673
v 0.280718 1.395874 -0.217367
v 0.306685 1.420562 -0.170897
v 0.300542 1.375682 -0.190683
v 0.294709 1.384479 -0.222328
v 0.341392 1.461141 -0.185915
v 0.310425 1.495287 -0.237405
v 0.357205 1.386689 -0.130609
v 0.354473 1.467963 -0.177931
v 0.342090 1.536563 -0.191903
v 0.355732 1.367659 -0.120028
v 0.371448 1.392115 -0.121617
v 0.381952 1.413431 -0.140356
v 0.367224 1.464319 -0.158630
v 0.364724 1.526564 -0.158960
v 0.383522 1.493775 -0.154600
v 0.387785 1.446878 -0.138089
v 0.399083 1.501217 -0.156518
v 0.404043 1.396029 -0.114602
v 0.417608 1.473001 -0.138302
v 0.404877 1.451685 -0.125667
v 0.410322 1.416338 -0.111656
v 0.430553 1.482070 -0.159076
v 0.429933 1.478660 -0.185935
v 0.434352 1.475598 -0.173494
v 0.443227 1.476063 -0.152061
v 0.443770 1.443546 -0.116869
v 0.471869 1.446995 -0.135938
v 0.420360 1.405447 -0.104855
v 0.471946 1.426803 -0.097239
v 0.502216 1.423314 -0.128070
v 0.447490 1.413819 -0.087162
v 0.472605 1.396649 -0.078325
v 0.515781 1.386456 -0.113536
v 0.482450 1.388898 -0.073519
v 0.525664 1.386650 -0.081309
v 0.481829 1.425562 -0.053026
v 0.457335 1.381805 -0.057096
v 0.456909 1.424283 -0.033599
v 0.435127 1.381224 -0.022360
v 0.436677 1.377115 -0.075457
v 0.424352 1.393277 -0.089449
v 0.419469 1.374713 -0.063423
v 0.429003 1.365062 -0.031952
v 0.397474 1.373666 -0.073558
v 0.414140 1.357659 -0.048647
v 0.390963 1.376457 -0.087743
v 0.394645 1.352776 -0.068597
v 0.410768 1.338552 -0.052125
v 0.367960 1.373317 -0.103866
v 0.372650 1.354326 -0.100688
v 0.389665 1.351303 -0.089604
v 0.410962 1.325607 -0.043812
v 0.410322 1.324328 -0.064702
v 0.388560 1.337932 -0.107975
v 0.405419 1.332118 -0.013600
v 0.425593 1.363899 -0.002090
v 0.401660 1.311538 0.010352
v 0.400885 1.304872 -0.008872
v 0.410632 1.283284 0.013898
v 0.403152 1.304213 -0.042717
v 0.395032 1.288400 -0.012195
v 0.405206 1.267044 0.006709
v 0.404392 1.267393 -0.024191
v 0.421058 1.247898 0.013462
v 0.413500 1.309639 -0.088305
v 0.397397 1.322196 -0.131675
v 0.410012 1.286734 -0.084914
v 0.407241 1.250999 -0.062687
v 0.412260 1.260534 -0.095611
v 0.410051 1.243054 -0.030266
v 0.421523 1.248286 -0.100630
v 0.471481 1.179046 -0.024830
v 0.444855 1.209296 -0.057057
v 0.472373 1.185480 -0.013610
v 0.454699 1.226892 -0.119408
v 0.486674 1.175384 -0.034539
v 0.500898 1.182728 -0.025024
v 0.532911 1.192359 -0.068578
v 0.537524 1.194065 -0.046544
v 0.551050 1.197785 -0.066252
v 0.482023 1.222745 -0.122334
v 0.462683 1.228016 -0.136732
v 0.430786 1.232435 -0.160297
v 0.432995 1.236000 -0.194403
v 0.419469 1.239682 -0.190043
v 0.406408 1.232783 -0.236474
v 0.396621 1.270649 -0.144678
v 0.367902 1.261541 -0.227018
v 0.394141 1.297004 -0.136073
v 0.367728 1.295531 -0.177311
v 0.368212 1.277974 -0.191535
v 0.305367 1.306461 -0.251900
v 0.303798 1.321227 -0.238761
v 0.310871 1.351535 -0.232095
v 0.336334 1.310492 -0.203027
v 0.320444 1.349365 -0.216011
v 0.349803 1.337777 -0.188628
v 0.319533 1.361923 -0.194830
v 0.345849 1.348241 -0.162332
v 0.374142 1.336188 -0.138399
v 0.370867 1.346458 -0.129117
v 0.360829 1.355373 -0.121152
v 0.336896 1.357466 -0.145492
v 0.270776 1.498697 -0.247908
v 0.301511 1.519200 -0.258760
v 0.319339 1.512534 -0.231824
v 0.327672 1.612450 -0.244226
v 0.345249 1.562841 -0.189617
v 0.352651 1.587258 -0.189656
v 0.361662 1.620667 -0.193725
v 0.313565 1.607257 -0.258101
v 0.433770 1.469745 -0.248799
v 0.414973 1.487225 -0.208860
v 0.389897 1.603148 -0.249846
v 0.374162 1.659346 -0.256473
v 0.367418 1.645549 -0.217367
v 0.386583 1.599582 -0.189384
v 0.393967 1.615783 -0.222987
v 0.408946 1.515324 -0.238529
v 0.405012 1.554857 -0.219964
v 0.412124 1.521293 -0.178067
v 0.403288 1.528502 -0.168630
v 0.383832 1.545710 -0.162390
v 0.437530 1.249720 -0.242947
v 0.446754 1.265727 -0.246668
v 0.445320 1.294136 -0.254884
v 0.446211 1.239798 -0.194054
v 0.474659 1.268091 -0.195469
v 0.466365 1.304445 -0.227754
v 0.469815 1.325491 -0.238102
v 0.479543 1.306926 -0.192272
v 0.483225 1.239992 -0.139523
v 0.484697 1.258789 -0.174056
v 0.508339 1.225187 -0.120997
v 0.510239 1.264952 -0.144077
v 0.536516 1.224024 -0.105300
v 0.526052 1.249797 -0.128186
v 0.582599 1.289446 -0.109757
v 0.521866 1.281307 -0.138903
v 0.585312 1.328669 -0.107723
v 0.606783 1.302198 -0.103479
v 0.556282 1.296965 -0.124097
v 0.561708 1.339599 -0.112393
v 0.590699 1.353745 -0.104448
v 0.500045 1.315297 -0.169211
v 0.519269 1.318747 -0.135996
v 0.534656 1.339017 -0.122160
v 0.502952 1.339599 -0.188221
v 0.502216 1.330335 -0.156363
v 0.522912 1.357543 -0.169541
v 0.546942 1.367271 -0.099118
v 0.536516 1.355256 -0.128574
v 0.531904 1.355799 -0.151228
v 0.534811 1.370217 -0.130124
v 0.516091 1.387425 -0.128303
v 0.506479 1.392928 -0.175238
v 0.512525 1.414206 -0.151848
v 0.481248 1.447344 -0.170878
v 0.515354 1.385293 -0.177776
v 0.501518 1.413470 -0.214673
v 0.523649 1.380139 -0.190121
v 0.443072 1.458893 -0.196264
v 0.463110 1.445639 -0.216011
v 0.484853 1.439437 -0.224576
v 0.468691 1.455909 -0.252016
v 0.494542 1.431880 -0.228258
v 0.506440 1.362853 -0.247675
v 0.527912 1.361574 -0.192078
v 0.489581 1.348784 -0.236436
v 0.517990 1.350024 -0.194520
v 0.422337 1.316305 0.030767
v 0.423461 1.282625 0.039759
v 0.431367 1.333862 0.057388
v 0.437491 1.368782 0.029691
v 0.455397 1.410369 0.047336
v 0.445514 1.400602 0.023926
v 0.454118 1.433856 0.028505
v 0.444390 1.410020 -0.010025
v 0.453227 1.421299 0.009518
v 0.459467 1.454436 -0.029094
v 0.476171 1.491915 -0.047232
v 0.505975 1.425678 -0.058016
v 0.506712 1.473272 -0.048792
v 0.530741 1.432616 -0.052629
v 0.478109 1.532145 -0.055982
v 0.521013 1.514549 -0.045013
v 0.496596 1.572452 -0.004541
v 0.492449 1.559120 -0.021691
v 0.477760 1.555786 -0.011905
v 0.500627 1.547105 -0.043182
v 0.483806 1.565863 -0.041951
v 0.471094 1.567646 -0.039578
v 0.477179 1.558887 -0.053395
v 0.462955 1.557492 -0.043608
v 0.462063 1.513929 -0.036002
v 0.460784 1.544392 -0.016284
v 0.453227 1.480094 -0.018300
v 0.448149 1.508270 0.009334
v 0.460784 1.528269 0.010439
v 0.456947 1.499395 0.024619
v 0.468923 1.546097 0.024871
v 0.461986 1.457188 0.036246
v 0.438538 1.256929 0.036799
v 0.443305 1.274641 0.054399
v 0.460978 1.226272 0.019663
v 0.485240 1.192282 -0.005364
v 0.549267 1.384402 -0.079100
v 0.568336 1.386534 -0.065632
v 0.574227 1.367581 -0.085670
v 0.258688 1.394147 -0.260396
v 0.262263 1.382228 -0.260396
v 0.273041 1.364413 -0.260396
v 0.274720 1.361483 -0.260396
v 0.303013 1.524042 -0.260396
v 0.313955 1.561783 -0.260396
v 0.312250 1.589717 -0.260396
v 0.312811 1.607766 -0.260396
v 0.313680 1.611804 -0.260396
v 0.301384 1.520871 -0.260396
v 0.299930 1.519567 -0.260396
v 0.271403 1.507066 -0.260396
v 0.264717 1.497792 -0.260396
v 0.245849 1.494193 -0.260396
v 0.243692 1.471503 -0.260396
v 0.241591 1.448864 -0.260396
v 0.245286 1.432181 -0.260396
v 0.301948 1.308284 -0.260396
v 0.309475 1.301808 -0.260396
v 0.288217 1.327514 -0.260396
v 0.312794 1.296963 -0.260396
v 0.349450 1.265330 -0.260396
v 0.277269 1.353812 -0.260396
v 0.277144 1.358405 -0.260396
v 0.282567 1.343457 -0.260396
v 0.333712 1.684445 -0.260396
v 0.334516 1.686659 -0.260396
v 0.324571 1.655298 -0.260396
v 0.324503 1.654734 -0.260396
v 0.323886 1.634339 -0.260396
v 0.354650 1.684437 -0.260396
v 0.336334 1.686834 -0.260396
v 0.371095 1.665125 -0.260396
v 0.372585 1.662839 -0.260396
v 0.382696 1.623932 -0.260396
v 0.382697 1.610799 -0.260396
v 0.391302 1.574780 -0.260396
v 0.418757 1.237480 -0.260396
v 0.430859 1.249053 -0.260396
v 0.400901 1.227410 -0.260396
v 0.392637 1.227062 -0.260396
v 0.371880 1.239575 -0.260396
v 0.416314 1.496264 -0.260396
v 0.426863 1.481719 -0.260396
v 0.413344 1.506267 -0.260396
v 0.399238 1.529125 -0.260396
v 0.438062 1.470583 -0.260396
v 0.465293 1.459225 -0.260396
v 0.469034 1.458280 -0.260396
v 0.443159 1.296464 -0.260396
v 0.445467 1.300917 -0.260396
v 0.459314 1.329784 -0.260396
v 0.469513 1.342471 -0.260396
v 0.482748 1.454708 -0.260396
v 0.489232 1.452001 -0.260396
v 0.489570 1.451293 -0.260396
v 0.493587 1.432541 -0.260396
v 0.499360 1.424415 -0.260396
v 0.504573 1.417591 -0.260396
v 0.507100 1.400892 -0.260396
v 0.504341 1.375013 -0.260396
v 0.500459 1.367395 -0.260396
v 0.496339 1.364700 -0.260396
v 0.478848 1.356264 -0.260396
v 0.443248 1.289286 -0.260396
v 0.442407 1.271180 -0.260396
v 0.437306 1.258832 -0.260396
v 0.324536 1.655181 -0.260396
v 0.250353 1.422895 -0.260396
v 0.260122 1.407758 -0.260396
v 0.599256 1.350711 -0.095227
v 0.589312 1.358759 -0.085282
v 0.582427 1.361691 -0.078398
v 0.602617 1.339766 -0.098588
v 0.597190 1.318528 -0.093160
v 0.606588 1.302792 -0.102558
v 0.587434 1.256462 -0.083404
v 0.596202 1.280677 -0.092173
v 0.577756 1.237988 -0.073727
v 0.571125 1.222677 -0.067096
v 0.561419 1.210507 -0.057390
v 0.554275 1.207198 -0.050246
v 0.452248 1.263691 0.051782
v 0.462549 1.247179 0.041480
v 0.468481 1.238010 0.035548
v 0.472250 1.230648 0.031779
v 0.435036 1.319542 0.068993
v 0.434187 1.339521 0.069842
v 0.435207 1.346987 0.068823
v 0.454853 1.408749 0.049176
v 0.455846 1.411140 0.048183
v 0.458996 1.430760 0.045033
v 0.462534 1.451764 0.041495
v 0.462390 1.475675 0.041639
v 0.485742 1.567370 0.018287
v 0.491664 1.573269 0.012366
v 0.474614 1.553598 0.029415
v 0.468695 1.530834 0.035334
v 0.464753 1.509935 0.039276
v 0.461996 1.485363 0.042033
v 0.434566 1.299596 0.069463
v 0.441885 1.283976 0.062145
v 0.568428 1.387707 -0.064399
v 0.546298 1.429540 -0.042269
v 0.568898 1.386594 -0.064869
v 0.569202 1.385580 -0.065173
v 0.501126 1.576891 0.002903
v 0.502970 1.575193 0.001059
v 0.498707 1.576806 0.005322
v 0.505128 1.572787 -0.001098
v 0.510569 1.566501 -0.006540
v 0.540223 1.441976 -0.036194
v 0.540339 1.447327 -0.036310
v 0.538862 1.482296 -0.034832
v 0.532864 1.516425 -0.028835
v 0.527839 1.533945 -0.023810
v 0.541226 1.439087 -0.037196
v 0.526550 1.537633 -0.022520
v 0.526043 1.538602 -0.022014
v 0.524832 1.539255 -0.020803
v 0.526985 1.187917 -0.022955
v 0.511519 1.189160 -0.007490
v 0.499654 1.195131 0.004375
v 0.489336 1.207169 0.014693
v 0.538442 1.192247 -0.034413
v 0.579681 1.365421 -0.075651
v 0.471458 1.545381 0.032571
v 0.440320 1.370661 0.063709
v 0.444924 1.277802 0.059105
v 0.447519 1.273626 0.056510
v 0.606851 1.301950 -0.102822
v 0.606867 1.301540 -0.102838
v 0.602551 1.344774 -0.098522
vn -0.0000 -0.0000 -1.0000
vn 0.7071 -0.0000 0.7071
vn 0.7071 -0.0001 0.7071
vn 0.7071 0.0001 0.7071
vn 0.7070 0.0002 0.7072
vn 0.7072 -0.0002 0.7070
vn -0.5636 -0.7929 0.2317
vn -0.6480 -0.7562 -0.0908
vn -0.8558 -0.3883 0.3419
vn -0.7896 -0.3793 0.4823
vn -0.7507 -0.1920 0.6322
vn -0.7176 0.0044 0.6965
vn -0.7911 0.1521 0.5924
vn -0.4932 0.5298 0.6900
vn -0.5490 0.4235 0.7206
vn -0.2261 0.7314 0.6434
vn 0.1679 0.7517 0.6377
vn -0.5923 0.2330 0.7713
vn -0.5465 0.0713 0.8344
vn -0.8795 0.0457 0.4737
vn -0.8835 0.0658 0.4639
vn -0.9053 0.1259 0.4057
vn -0.8098 0.1383 0.5702
vn -0.9589 0.2780 -0.0576
vn 0.4784 -0.7313 -0.4861
vn 0.3923 -0.8133 -0.4296
vn 0.7269 -0.4920 -0.4792
vn 0.7005 -0.5631 -0.4384
vn -0.5182 0.5777 0.6306
vn -0.3452 0.7877 0.5104
vn -0.3451 0.7876 0.5105
vn -0.1485 0.6273 0.7645
vn -0.1190 0.7205 0.6831
vn -0.4201 0.5296 0.7369
vn -0.7654 0.5517 0.3313
vn -0.1373 0.7197 0.6806
vn -0.8326 0.0792 0.5482
vn -0.8326 0.0773 0.5485
vn 0.8446 -0.3489 -0.4060
vn 0.8001 -0.5275 -0.2857
vn 0.6726 -0.7033 -0.2302
vn 0.4895 -0.8681 0.0823
vn -0.8217 -0.5303 0.2088
vn -0.8569 -0.4675 0.2172
vn -0.9206 -0.2039 0.3332
vn -0.7973 0.0840 0.5977
vn -0.7795 -0.2338 0.5812
vn -0.6734 -0.4074 0.6169
vn -0.6921 -0.3967 0.6030
vn -0.6177 -0.4863 0.6181
vn -0.7738 -0.4963 0.3936
vn -0.7973 -0.5336 0.2821
vn -0.7226 -0.6078 0.3293
vn -0.5662 -0.8162 0.1149
vn -0.5414 -0.8060 0.2393
vn -0.5442 -0.8044 0.2383
vn -0.6453 -0.6152 0.4530
vn -0.4776 -0.8199 0.3157
vn -0.3696 -0.8836 0.2875
vn -0.5189 -0.8149 0.2581
vn -0.8102 -0.3771 0.4487
vn -0.7792 -0.0886 0.6205
vn -0.7608 0.5146 0.3954
vn -0.5934 0.4257 0.6831
vn -0.5824 0.2437 0.7755
vn -0.4965 0.6429 0.5832
vn -0.2095 0.8360 0.5071
vn -0.2292 0.7039 0.6723
vn -0.7288 0.0810 0.6799
vn -0.8402 0.1105 0.5309
vn -0.0408 0.3285 0.9436
vn 0.0511 0.1479 0.9877
vn 0.0291 0.1481 0.9885
vn -0.2329 -0.0042 0.9725
vn -0.8366 -0.0307 0.5469
vn -0.1710 0.3365 0.9260
vn -0.6126 0.2563 0.7477
vn -0.7626 0.2769 0.5846
vn 0.8716 0.2082 -0.4438
vn 0.9358 0.1627 -0.3128
vn -0.9297 0.0687 0.3617
vn -0.7986 0.2430 0.5507
vn -0.7986 0.2430 0.5506
vn -0.9638 0.0292 0.2652
vn -0.7211 0.3266 0.6110
vn -0.7212 0.3266 0.6109
vn -0.9175 0.1974 0.3451
vn -0.9477 0.0295 0.3178
vn -0.6926 -0.0423 0.7201
vn 0.8033 0.5826 0.1231
vn 0.6731 0.6769 0.2980
vn 0.3768 0.9034 0.2047
vn 0.7901 0.6035 0.1072
vn 0.9716 0.1471 -0.1854
vn 0.9611 -0.1025 -0.2566
vn 0.9064 0.2445 -0.3444
vn 0.7534 -0.5829 -0.3044
vn 0.7524 -0.6568 0.0494
vn 0.5991 -0.7916 0.1202
vn 0.4613 -0.8393 -0.2878
vn 0.7424 -0.6477 -0.1712
vn 0.6163 -0.6696 -0.4146
vn 0.7344 -0.0992 -0.6714
vn 0.3092 0.3648 -0.8783
vn 0.4456 0.1000 -0.8896
vn 0.8568 0.0987 -0.5061
vn 0.7736 -0.0654 -0.6303
vn 0.7540 -0.0408 -0.6556
vn 0.7378 -0.4684 -0.4860
vn 0.7760 -0.5099 -0.3713
vn 0.9005 -0.3017 -0.3133
vn 0.7975 -0.3664 -0.4794
vn 0.8065 -0.1263 -0.5776
vn 0.8622 -0.2119 -0.4601
vn 0.9473 -0.0440 -0.3174
vn 0.9326 0.0115 -0.3608
vn 0.7804 -0.4045 -0.4768
vn 0.8039 -0.3856 -0.4529
vn 0.9357 -0.0896 -0.3412
vn 0.7551 -0.3644 -0.5450
vn 0.7274 -0.4356 -0.5302
vn 0.5809 -0.6110 -0.5378
vn 0.6744 -0.6911 -0.2600
vn 0.2741 -0.9318 -0.2378
vn 0.2726 -0.9240 -0.2683
vn -0.0580 -0.9925 -0.1075
vn -0.2961 -0.9478 -0.1183
vn -0.1975 -0.9601 0.1982
vn -0.5330 -0.8022 0.2691
vn -0.4614 -0.7654 0.4487
vn -0.8250 -0.4221 0.3759
vn -0.6448 -0.0176 0.7642
vn -0.7358 0.0228 0.6768
vn -0.7065 -0.5109 0.4898
vn -0.7032 -0.5169 0.4882
vn -0.6823 -0.4715 0.5587
vn -0.6531 -0.0753 0.7535
vn -0.7786 -0.1684 0.6045
vn -0.8422 0.0147 0.5389
vn -0.9488 0.0688 0.3082
vn -0.8997 0.1948 0.3905
vn -0.8599 -0.4772 0.1812
vn -0.7351 -0.6581 0.1628
vn -0.5543 -0.7737 0.3070
vn -0.8714 -0.3702 0.3219
vn -0.8693 -0.3118 0.3834
vn -0.9995 0.0045 0.0303
vn -0.8623 0.2645 0.4319
vn -0.7494 0.0117 0.6620
vn -0.7239 0.5669 0.3932
vn -0.2285 0.9092 0.3480
vn -0.1751 0.9831 -0.0541
vn 0.3085 0.7461 0.5901
vn -0.2791 0.8057 0.5224
vn -0.1711 0.7511 0.6376
vn -0.5221 0.7590 0.3890
vn -0.8686 0.2227 0.4425
vn -0.9730 0.0333 0.2283
vn -0.5497 -0.0334 0.8347
vn -0.7223 0.2509 0.6444
vn -0.5650 0.5700 0.5966
vn -0.5696 0.5442 0.6159
vn -0.1812 0.3953 0.9005
vn -0.1374 0.3466 0.9279
vn -0.7524 0.1393 0.6438
vn -0.0760 0.5416 0.8372
vn 0.2653 0.7102 0.6521
vn 0.1500 0.8684 0.4726
vn 0.4574 0.6745 0.5795
vn 0.5089 0.8524 -0.1200
vn 0.7429 0.1726 0.6468
vn 0.7912 0.2256 0.5685
vn 0.8250 0.4153 -0.3832
vn 0.7408 0.6233 -0.2505
vn 0.7050 0.7088 0.0216
vn 0.5919 0.8037 0.0612
vn 0.3718 0.8748 0.3105
vn 0.0292 0.8434 -0.5365
vn 0.3557 0.9278 -0.1127
vn 0.5946 0.8002 -0.0779
vn 0.6333 0.7688 0.0885
vn 0.3427 0.8207 0.4572
vn 0.8958 0.4279 0.1199
vn 0.9745 0.2088 -0.0820
vn 0.8111 0.5763 0.0997
vn 0.8958 0.4280 0.1199
vn 0.9565 0.2368 -0.1704
vn 0.9811 -0.0910 -0.1708
vn 0.6710 0.6888 0.2744
vn 0.7300 0.6470 0.2203
vn 0.8383 0.3519 0.4163
vn 0.9308 0.1553 -0.3309
vn 0.8432 0.3826 -0.3776
vn 0.9763 0.0909 -0.1966
vn 0.9312 0.0691 -0.3578
vn 0.9458 -0.2072 -0.2502
vn 0.0908 0.6054 -0.7907
vn 0.1500 0.7425 -0.6528
vn 0.5227 0.8376 -0.1587
vn 0.4996 0.8462 -0.1852
vn 0.4579 0.0177 -0.8888
vn 0.4578 0.0177 -0.8889
vn 0.2280 0.0778 -0.9705
vn 0.2862 0.2196 -0.9326
vn 0.4811 0.0122 -0.8766
vn 0.4435 -0.1372 -0.8857
vn 0.4460 -0.2345 -0.8638
vn 0.5369 -0.4277 -0.7272
vn 0.5803 -0.4548 -0.6756
vn 0.5803 -0.4548 -0.6757
vn -0.9720 0.2247 0.0684
vn -0.9764 0.1540 0.1511
vn -0.9687 -0.0515 0.2427
vn -0.9418 0.0301 0.3349
vn 0.6228 -0.5221 -0.5827
vn 0.2982 -0.7371 -0.6064
vn 0.2848 -0.9585 0.0146
vn 0.6290 -0.7189 0.2960
vn -0.4758 -0.5522 0.6846
vn -0.3911 -0.6503 0.6513
vn -0.3615 -0.6600 0.6585
vn -0.4799 -0.5818 0.6566
vn -0.3714 -0.7077 0.6011
vn 0.2048 -0.9656 -0.1602
vn 0.1702 -0.9540 0.2469
vn -0.0781 -0.9197 0.3847
vn 0.1224 -0.8509 0.5109
vn 0.1145 -0.8619 0.4940
vn 0.4049 -0.9092 0.0965
vn -0.0254 -0.8804 -0.4736
vn 0.1047 -0.8201 -0.5626
vn 0.1011 -0.7058 -0.7011
vn 0.3134 -0.4878 -0.8147
vn 0.3451 -0.4834 -0.8045
vn 0.3077 -0.6823 -0.6631
vn -0.1631 -0.9768 -0.1385
vn -0.1812 -0.8695 -0.4595
vn -0.4239 -0.8363 -0.3478
vn -0.5282 -0.7918 -0.3068
vn -0.7178 -0.6938 -0.0582
vn -0.7089 -0.6590 0.2514
vn -0.5937 -0.6768 0.4353
vn -0.4433 -0.6377 0.6300
vn -0.9231 -0.2803 0.2634
vn -0.7725 -0.6349 0.0132
vn -0.6850 -0.3398 0.6445
vn -0.6826 -0.0928 0.7249
vn -0.8523 0.0545 0.5202
vn -0.8267 0.1866 0.5308
vn -0.9355 0.3464 -0.0694
vn -0.9135 -0.2070 -0.3503
vn -0.9971 -0.0582 -0.0490
vn -0.9877 -0.0175 -0.1556
vn -0.8179 -0.5073 -0.2716
vn -0.5578 -0.8160 -0.1516
vn -0.7889 -0.6132 0.0404
vn -0.7240 -0.6839 0.0897
vn -0.9463 -0.1885 0.2627
vn -0.4706 -0.8681 0.1576
vn -0.9882 -0.0231 -0.1511
vn -0.9860 0.1521 -0.0690
vn -0.9868 0.1614 -0.0162
vn -0.8556 0.4513 0.2535
vn -0.6782 0.4483 0.5822
vn -0.7120 0.1589 0.6840
vn -0.8753 -0.2242 0.4285
vn -0.9146 0.2703 0.3009
vn -0.9115 0.2838 0.2977
vn -0.9084 0.3942 0.1394
vn -0.9256 0.3545 -0.1324
vn -0.8903 0.3883 -0.2379
vn -0.8118 0.2764 -0.5144
vn -0.5784 0.3904 -0.7163
vn -0.6152 0.0164 -0.7882
vn -0.2022 0.0681 -0.9770
vn -0.1844 0.4334 -0.8821
vn -0.1311 0.4820 -0.8663
vn 0.0482 0.9986 -0.0208
vn 0.5750 0.7978 -0.1811
vn 0.4718 0.8121 0.3434
vn 0.2342 0.7095 0.6646
vn 0.6209 0.4745 0.6240
vn 0.9319 0.3600 0.0432
vn 0.9017 0.3469 0.2581
vn 0.7144 0.6985 0.0422
vn 0.5802 0.7979 0.1637
vn 0.4968 0.7698 0.4007
vn 0.2007 0.8687 0.4529
vn 0.6483 0.7394 0.1814
vn 0.6787 0.7318 0.0623
vn 0.6732 0.7377 -0.0513
vn 0.6756 0.4023 0.6178
vn 0.0660 0.5312 0.8446
vn -0.1045 0.3300 0.9382
vn 0.0375 0.5260 -0.8497
vn 0.1284 0.5147 -0.8477
vn 0.4371 0.5561 -0.7069
vn 0.5228 0.5979 -0.6076
vn 0.5228 0.5980 -0.6076
vn -0.9952 -0.0066 0.0972
vn -0.9267 0.2088 0.3126
vn -0.9291 0.1992 0.3115
vn -0.9291 0.1992 0.3116
vn 0.7268 0.3879 -0.5668
vn 0.7733 0.5582 -0.3007
vn 0.7733 0.5582 -0.3006
vn 0.6944 0.6815 -0.2311
vn -0.9034 0.4169 0.1001
vn -0.9255 0.3746 0.0563
vn 0.7747 0.5933 -0.2188
vn 0.7747 0.5933 -0.2186
vn 0.9555 0.2948 0.0124
vn 0.9953 0.0434 -0.0865
vn 0.4774 -0.5811 -0.6592
vn -0.9299 0.1979 0.3100
vn -0.9553 0.2652 -0.1305
vn -0.9947 -0.0579 0.0850
vn -0.8472 0.0678 0.5270
vn -0.6786 0.3945 0.6196
vn -0.8138 0.4976 0.3002
vn -0.9472 0.1206 -0.2970
vn -0.9610 0.1208 -0.2489
vn -0.9971 0.0072 -0.0758
vn -0.7273 -0.1036 -0.6785
vn -0.7214 -0.1138 -0.6831
vn -0.6740 -0.0561 -0.7366
vn -0.1722 -0.2014 -0.9643
vn 0.2487 0.0025 -0.9686
vn 0.3388 0.2630 -0.9034
vn 0.4397 0.1016 -0.8924
vn 0.5486 0.5341 -0.6433
vn 0.0202 0.8484 -0.5289
vn 0.1788 0.9539 0.2412
vn 0.0466 0.9222 0.3840
vn -0.4783 0.7456 -0.4640
vn 0.2256 0.7419 -0.6313
vn 0.2256 0.7419 -0.6314
vn -0.7883 0.6147 -0.0275
vn -0.8381 0.4438 0.3172
vn -0.9164 0.2355 0.3236
vn -0.9179 0.2336 0.3209
vn -0.9179 0.2336 0.3208
vn 0.5726 0.0587 -0.8177
vn 0.7698 0.2393 -0.5917
vn 0.7270 0.3738 -0.5759
vn 0.6522 0.4430 -0.6152
vn 0.6233 0.5923 -0.5106
vn 0.3291 -0.0276 -0.9439
vn 0.6459 0.4406 -0.6234
vn 0.6459 0.4406 -0.6235
vn -0.9128 0.1453 0.3817
vn -0.9692 -0.0492 0.2413
vn -0.7883 0.6147 -0.0274
vn -0.8778 0.4710 -0.0868
vn 0.5207 0.8516 0.0613
vn -0.7358 0.6742 -0.0641
vn -0.5997 0.7716 -0.2122
vn -0.3466 0.8833 -0.3157
vn 0.1617 0.8012 -0.5761
vn 0.2204 0.7534 -0.6196
vn 0.3733 0.5761 -0.7272
vn -0.5997 0.7716 -0.2123
vn -0.5765 0.6915 0.4352
vn -0.4818 0.6285 -0.6106
vn 0.6233 0.5924 -0.5104
vn -0.5698 0.0595 -0.8197
vn -0.8018 0.5612 0.2054
vn -0.8819 -0.0162 -0.4712
vn -0.9576 -0.1233 -0.2605
vn -0.9035 0.3864 0.1856
vn -0.5778 0.6988 0.4216
vn -0.9420 0.2403 0.2344
vn -0.9907 -0.0581 -0.1228
vn -0.7973 0.0700 0.5995
vn 0.5223 0.5997 -0.6063
vn 0.6718 0.5112 -0.5361
vn 0.1590 0.1855 -0.9697
vn 0.0653 0.1889 -0.9798
vn -0.8596 0.1461 -0.4897
vn -0.5786 0.3905 -0.7161
vn -0.9068 0.1365 -0.3989
vn -0.8877 0.4353 0.1501
vn -0.9205 0.2812 0.2713
vn -0.9506 0.2774 0.1395
vn -0.8509 0.5232 0.0469
vn -0.8478 0.4686 -0.2483
vn -0.9163 0.3223 -0.2376
vn -0.9283 0.3301 -0.1714
vn -0.9490 -0.2842 0.1368
vn -0.7803 -0.5010 0.3743
vn -0.6405 -0.4477 0.6240
vn -0.9091 -0.4161 0.0192
vn -0.9721 -0.2328 0.0272
vn -0.7504 -0.6388 -0.1698
vn -0.6313 -0.7146 -0.3013
vn 0.1034 -0.8664 0.4886
vn -0.2637 -0.7480 0.6090
vn -0.1367 -0.6488 0.7486
vn -0.4522 -0.6639 0.5956
vn -0.4581 -0.6569 0.5989
vn -0.5779 -0.5714 0.5827
vn -0.6274 -0.5515 0.5497
vn 0.5861 -0.7936 -0.1633
vn 0.3014 -0.9534 0.0107
vn 0.3063 -0.7356 -0.6042
vn 0.7782 -0.6279 -0.0091
vn -0.9549 0.0464 0.2933
vn 0.4775 -0.5810 -0.6591
vn 0.6060 -0.5944 -0.5287
vn 0.4021 -0.5113 -0.7596
vn 0.2342 0.0342 -0.9716
vn 0.5998 -0.3385 -0.7250
vn 0.4978 0.8571 0.1328
vn 0.6718 0.6078 -0.4234
vn 0.3369 0.7315 -0.5928
vn 0.1321 0.7455 -0.6533
vn 0.5664 0.8114 -0.1445
vn 0.9613 -0.1892 -0.2002
vn 0.6481 0.7612 -0.0238
vn 0.9772 -0.0511 -0.2061
vn 0.2425 0.9309 0.2733
vn 0.7313 0.6820 -0.0144
vn 0.4639 0.8252 -0.3222
vn 0.6394 0.7159 -0.2803
vn 0.7915 0.5963 -0.1343
vn 0.9890 0.1360 -0.0589
vn 0.9839 0.1771 -0.0251
vn 0.8729 0.3359 0.3538
vn 0.6366 0.6306 0.4439
vn 0.7887 0.5243 0.3210
vn 0.3758 0.5911 0.7137
vn 0.7163 0.6100 0.3388
vn 0.7163 0.6100 0.3387
vn 0.9549 0.2482 -0.1630
vn 0.9549 0.2482 -0.1629
vn 0.8287 0.5399 0.1475
vn 0.0985 0.7527 0.6510
vn -0.0669 0.6954 0.7155
vn 0.9392 0.2333 -0.2520
vn 0.9612 0.1632 -0.2224
vn 0.9883 0.1333 -0.0745
vn 0.9559 0.2839 0.0747
vn 0.9560 0.2839 0.0747
vn 0.8017 0.3333 0.4961
vn 0.5526 0.3506 0.7561
vn 0.7432 0.6614 -0.1012
vn 0.5187 0.8227 -0.2327
vn 0.3453 0.6919 0.6340
vn -0.5601 0.6437 0.5216
vn -0.5297 0.0409 0.8472
vn -0.0789 0.6997 0.7101
vn -0.4238 0.3861 0.8193
vn -0.4414 0.8529 0.2788
vn -0.7149 0.5368 -0.4481
vn -0.3352 0.6746 0.6577
vn -0.7151 -0.0011 0.6990
vn -0.8478 0.4645 -0.2557
vn -0.7632 -0.6063 0.2234
vn -0.4737 -0.6982 0.5367
vn -0.9582 -0.2822 0.0466
vn -0.9714 0.1174 -0.2065
vn -0.9499 -0.1742 0.2597
vn -0.8115 -0.2490 0.5287
vn -0.8172 -0.3763 0.4366
vn -0.6839 -0.6597 0.3115
vn -0.6338 -0.6998 0.3296
vn -0.6299 -0.7299 0.2654
vn -0.6420 -0.2275 0.7321
vn -0.7976 -0.5695 0.1987
vn -0.6490 -0.7543 0.0993
vn -0.8217 -0.5630 -0.0889
vn -0.8250 -0.4221 0.3758
vn -0.7135 -0.6214 0.3239
vn -0.5357 -0.7983 0.2752
vn -0.7193 -0.6865 0.1064
vn -0.0671 -0.9932 -0.0954
vn 0.4492 -0.8409 -0.3019
vn 0.5601 -0.7374 -0.3775
vn 0.5985 -0.7141 -0.3632
vn 0.6036 -0.1837 -0.7758
vn 0.3009 0.2167 -0.9287
vn 0.3378 -0.1725 -0.9253
vn 0.8084 0.3106 -0.5001
vn 0.7071 -0.5813 -0.4026
vn 0.9914 -0.1303 -0.0150
vn 0.9502 0.1924 0.2452
vn 0.2356 0.9326 0.2735
vn 0.3750 0.8755 0.3047
vn 0.8034 0.5826 0.1231
vn 0.8501 0.5246 -0.0463
vn 0.9644 0.1848 -0.1892
vn 0.8260 0.0001 -0.5636
vn -0.7940 0.2490 0.5546
vn -0.6926 0.2111 0.6898
vn 0.2103 0.4294 0.8783
vn 0.5101 0.2821 0.8126
vn -0.3114 0.3626 0.8784
vn -0.5006 0.1606 0.8506
vn -0.6096 0.1633 0.7757
vn -0.5954 0.7591 0.2632
vn -0.5735 -0.0045 0.8192
vn -0.6404 -0.7290 0.2419
vn -0.7273 -0.5731 0.3775
vn -0.5506 -0.7991 0.2415
vn -0.6900 -0.0407 0.7226
vn -0.8549 -0.1880 0.4835
vn 0.0412 -0.9769 0.2099
vn 0.4340 -0.8767 -0.2073
vn 0.7566 -0.5262 -0.3881
vn -0.6968 0.0913 0.7114
vn -0.7654 0.5518 0.3313
vn 0.7340 -0.6001 -0.3179
vn 0.4832 -0.8213 -0.3032
vn 0.7703 -0.3926 -0.5024
vn -0.7839 0.4028 0.4726
vn -0.7873 0.2206 0.5757
vn -0.9298 0.0686 0.3616
vn -0.8164 0.0481 0.5755
vn -0.7727 0.2050 0.6007
vn -0.8287 -0.0358 0.5585
vn -0.8375 -0.0469 0.5444
vn 0.0531 0.6444 0.7628
vn -0.2074 0.7532 0.6242
vn -0.4582 0.3995 0.7940
vn -0.4566 0.3105 0.8337
vn -0.7496 0.1825 0.6362
vn -0.3288 0.4782 0.8144
vn -0.6844 -0.3428 0.6435
vn -0.5744 -0.8071 0.1367
vn -0.7993 -0.4948 0.3410
vn -0.5988 -0.7933 -0.1102
vn -0.7999 -0.5324 0.2769
vt 0.000000 0.000000
vt 0.241699 0.341064
vt 0.244873 0.336670
vt 0.245850 0.343262
vt 0.242432 0.349854
vt 0.237061 0.346680
vt 0.240234 0.363281
vt 0.235352 0.369629
vt 0.230957 0.350342
vt 0.227783 0.337402
vt 0.223633 0.356689
vt 0.222168 0.336182
vt 0.217529 0.349854
vt 0.222412 0.367920
vt 0.215576 0.353271
vt 0.206787 0.350586
vt 0.891113 0.042969
vt 0.899902 0.046631
vt 0.894531 0.050293
vt 0.890625 0.053955
vt 0.879883 0.050537
vt 0.887207 0.038818
vt 0.886442 0.039124
vt 0.882531 0.043123
vt 0.162981 0.129753
vt 0.162247 0.128840
vt 0.164307 0.126709
vt 0.168945 0.129150
vt 0.165333 0.133234
vt 0.168155 0.135816
vt 0.173584 0.133545
vt 0.170760 0.137998
vt 0.886850 0.038747
vt 0.887019 0.038496
vt 0.888857 0.033635
vt 0.891113 0.033936
vt 0.892334 0.040039
vt 0.896729 0.036377
vt 0.894287 0.031250
vt 0.889702 0.031996
vt 0.890100 0.028691
vt 0.893261 0.027145
vt 0.234868 0.323836
vt 0.225830 0.328369
vt 0.229935 0.322340
vt 0.184082 0.145357
vt 0.181920 0.144004
vt 0.184082 0.141602
vt 0.187500 0.143066
vt 0.185952 0.146715
vt 0.188605 0.148811
vt 0.193359 0.146729
vt 0.191544 0.151527
vt 0.243703 0.330351
vt 0.236572 0.333496
vt 0.239770 0.328033
vt 0.238025 0.326234
vt 0.247028 0.331530
vt 0.249991 0.332996
vt 0.253610 0.336462
vt 0.254318 0.337022
vt 0.254960 0.337676
vt 0.253662 0.347412
vt 0.251953 0.351318
vt 0.246826 0.353027
vt 0.245117 0.362793
vt 0.251221 0.360840
vt 0.245117 0.371582
vt 0.241699 0.371826
vt 0.238281 0.371094
vt 0.236816 0.376221
vt 0.233154 0.374023
vt 0.228516 0.370605
vt 0.231445 0.367188
vt 0.230469 0.379883
vt 0.223633 0.376709
vt 0.215576 0.368408
vt 0.208496 0.362305
vt 0.204102 0.364258
vt 0.153076 0.014648
vt 0.147705 0.013916
vt 0.155029 0.012207
vt 0.150635 0.010498
vt 0.203369 0.356934
vt 0.214844 0.359375
vt 0.135742 0.011963
vt 0.887939 0.057861
vt 0.895264 0.056641
vt 0.885742 0.062256
vt 0.869880 0.057636
vt 0.869788 0.057986
vt 0.139475 0.028400
vt 0.134773 0.026100
vt 0.136719 0.024902
vt 0.148682 0.029297
vt 0.145234 0.031545
vt 0.875818 0.053406
vt 0.875804 0.053469
vt 0.875791 0.053488
vt 0.875863 0.050916
vt 0.877499 0.047627
vt 0.878174 0.047363
vt 0.877863 0.047118
vt 0.879626 0.045449
vt 0.150317 0.033833
vt 0.155029 0.034180
vt 0.152551 0.034873
vt 0.154666 0.035816
vt 0.135134 0.114240
vt 0.135498 0.111572
vt 0.141602 0.115234
vt 0.140143 0.116599
vt 0.150341 0.121130
vt 0.165527 0.113525
vt 0.151952 0.122331
vt 0.155495 0.124342
vt 0.160776 0.127607
vt 0.169189 0.115967
vt 0.171387 0.118408
vt 0.172607 0.112549
vt 0.175049 0.120361
vt 0.179443 0.115723
vt 0.180420 0.106201
vt 0.183350 0.111816
vt 0.184082 0.102051
vt 0.190918 0.114746
vt 0.181396 0.119385
vt 0.187988 0.130127
vt 0.181152 0.126221
vt 0.178711 0.133789
vt 0.177979 0.141357
vt 0.178457 0.142793
vt 0.177091 0.142344
vt 0.176202 0.141721
vt 0.193604 0.118164
vt 0.191650 0.126221
vt 0.193848 0.135010
vt 0.195313 0.136963
vt 0.202148 0.126221
vt 0.274902 0.393555
vt 0.272461 0.385010
vt 0.277832 0.380127
vt 0.274902 0.378174
vt 0.281982 0.369873
vt 0.272217 0.363281
vt 0.285239 0.364553
vt 0.281235 0.360447
vt 0.258273 0.339499
vt 0.260986 0.347412
vt 0.255970 0.338006
vt 0.259033 0.358398
vt 0.265625 0.346680
vt 0.264404 0.367188
vt 0.259277 0.368408
vt 0.248047 0.377197
vt 0.254395 0.378418
vt 0.250977 0.389893
vt 0.245605 0.387451
vt 0.239990 0.389160
vt 0.241699 0.378418
vt 0.236572 0.380859
vt 0.236328 0.390137
vt 0.238525 0.393311
vt 0.228760 0.395020
vt 0.231689 0.390625
vt 0.227295 0.388184
vt 0.220459 0.393799
vt 0.222656 0.388672
vt 0.222168 0.383789
vt 0.229980 0.383301
vt 0.220459 0.380371
vt 0.234375 0.385010
vt 0.215820 0.385986
vt 0.209717 0.380859
vt 0.218750 0.377441
vt 0.212891 0.372803
vt 0.206787 0.371826
vt 0.201660 0.375732
vt 0.201660 0.372314
vt 0.196533 0.371094
vt 0.156738 0.016113
vt 0.150635 0.017334
vt 0.151367 0.019287
vt 0.132813 0.101807
vt 0.129639 0.093262
vt 0.138428 0.098389
vt 0.141602 0.102295
vt 0.144775 0.107910
vt 0.148682 0.111328
vt 0.151611 0.100830
vt 0.151367 0.112793
vt 0.142805 0.117985
vt 0.144106 0.118514
vt 0.156006 0.113037
vt 0.144218 0.118704
vt 0.147873 0.120240
vt 0.161621 0.102051
vt 0.163818 0.108643
vt 0.165771 0.110352
vt 0.173340 0.104004
vt 0.174561 0.108887
vt 0.176514 0.105225
vt 0.176758 0.099121
vt 0.184570 0.095459
vt 0.239746 0.772705
vt 0.244385 0.774414
vt 0.236816 0.783447
vt 0.241699 0.780273
vt 0.238419 0.785622
vt 0.241063 0.783667
vt 0.237207 0.787053
vt 0.237752 0.786815
vt 0.233154 0.783203
vt 0.188477 0.098633
vt 0.191406 0.107178
vt 0.195557 0.102783
vt 0.197510 0.114014
vt 0.203369 0.109863
vt 0.203202 0.101154
vt 0.199216 0.100069
vt 0.223671 0.425774
vt 0.228760 0.421143
vt 0.228090 0.424657
vt 0.229257 0.424186
vt 0.232860 0.422261
vt 0.234131 0.413086
vt 0.236104 0.420619
vt 0.214048 0.106358
vt 0.212596 0.104942
vt 0.213623 0.109619
vt 0.213135 0.112305
vt 0.282959 0.418945
vt 0.282959 0.414063
vt 0.285400 0.417236
vt 0.986183 0.732269
vt 0.982666 0.729736
vt 0.987549 0.728760
vt 0.988363 0.732343
vt 0.278225 0.061140
vt 0.281738 0.056396
vt 0.280696 0.061216
vt 0.289551 0.057373
vt 0.284839 0.061260
vt 0.287538 0.061125
vt 0.289770 0.060883
vt 0.298828 0.056396
vt 0.296211 0.060285
vt 0.977675 0.731353
vt 0.980979 0.731544
vt 0.974365 0.727051
vt 0.973194 0.731065
vt 0.301166 0.060620
vt 0.302734 0.054199
vt 0.303989 0.059635
vt 0.298584 0.052002
vt 0.268555 0.417480
vt 0.272949 0.416016
vt 0.274902 0.419678
vt 0.275879 0.398682
vt 0.203613 0.121582
vt 0.202393 0.116699
vt 0.198975 0.122803
vt 0.270996 0.395508
vt 0.269287 0.415527
vt 0.265137 0.405518
vt 0.254150 0.405029
vt 0.250977 0.413818
vt 0.283691 0.051270
vt 0.249023 0.403809
vt 0.247070 0.410156
vt 0.279297 0.048096
vt 0.276123 0.048828
vt 0.242676 0.410400
vt 0.244141 0.404297
vt 0.240723 0.402832
vt 0.243164 0.396240
vt 0.255859 0.398193
vt 0.258057 0.391113
vt 0.261719 0.392578
vt 0.261475 0.379395
vt 0.235840 0.399902
vt 0.239258 0.405762
vt 0.228760 0.402344
vt 0.227783 0.414063
vt 0.214600 0.411621
vt 0.225586 0.408203
vt 0.275635 0.055176
vt 0.271729 0.047607
vt 0.219727 0.418701
vt 0.213379 0.420410
vt 0.206543 0.414307
vt 0.208252 0.409180
vt 0.199707 0.410889
vt 0.218018 0.402832
vt 0.225830 0.398193
vt 0.214600 0.401611
vt 0.184814 0.412354
vt 0.189453 0.405518
vt 0.181641 0.402100
vt 0.250000 0.762695
vt 0.243164 0.769043
vt 0.248291 0.757568
vt 0.206055 0.400146
vt 0.213623 0.394531
vt 0.202881 0.397217
vt 0.169678 0.098633
vt 0.173340 0.093750
vt 0.214355 0.392090
vt 0.200928 0.392578
vt 0.168701 0.101318
vt 0.162109 0.096436
vt 0.154053 0.093994
vt 0.202881 0.384521
vt 0.209717 0.387939
vt 0.144775 0.093018
vt 0.252441 0.768311
vt 0.247070 0.779053
vt 0.247394 0.779030
vt 0.254407 0.772148
vt 0.207699 0.429167
vt 0.203583 0.431013
vt 0.206299 0.428467
vt 0.209717 0.424561
vt 0.211678 0.428047
vt 0.215576 0.426758
vt 0.215508 0.427019
vt 0.247209 0.779218
vt 0.247052 0.779349
vt 0.243203 0.782378
vt 0.242392 0.783045
vt 0.216052 0.426954
vt 0.232344 0.790103
vt 0.234625 0.788594
vt 0.232178 0.790039
vt 0.232239 0.790179
vt 0.232204 0.790221
vt 0.230624 0.793161
vt 0.207764 0.419189
vt 0.194824 0.426514
vt 0.197754 0.429443
vt 0.190430 0.428955
vt 0.185303 0.424805
vt 0.195313 0.418945
vt 0.187744 0.417969
vt 0.180908 0.420654
vt 0.179688 0.416016
vt 0.197021 0.413818
vt 0.176758 0.406982
vt 0.170654 0.415527
vt 0.174072 0.419922
vt 0.178467 0.420410
vt 0.177002 0.422607
vt 0.179443 0.422852
vt 0.176025 0.426758
vt 0.181396 0.427979
vt 0.176270 0.431152
vt 0.172810 0.430468
vt 0.174491 0.431943
vt 0.181927 0.434745
vt 0.187988 0.433350
vt 0.186630 0.435062
vt 0.188657 0.434938
vt 0.191935 0.434306
vt 0.196595 0.433417
vt 0.166550 0.413182
vt 0.168237 0.406518
vt 0.166922 0.419260
vt 0.168313 0.422126
vt 0.168465 0.422838
vt 0.168530 0.423065
vt 0.168524 0.405610
vt 0.168440 0.404994
vt 0.172363 0.400635
vt 0.201921 0.431856
vt 0.168856 0.423499
vt 0.179426 0.434384
vt 0.176565 0.433458
vt 0.175848 0.433104
vt 0.175222 0.432612
vt 0.167777 0.403536
vt 0.277832 0.060059
vt 0.277050 0.060890
vt 0.275413 0.060499
vt 0.271330 0.059839
vt 0.991802 0.732871
vt 0.228027 0.788086
vt 0.878395 0.960702
vt 0.883310 0.960442
vt 0.882080 0.971924
vt 0.194580 0.097168
vt 0.140760 0.116955
vt 0.140625 0.096191
vt 0.154541 0.027588
vt 0.145020 0.023682
vt 0.136963 0.020264
vt 0.140137 0.015869
vt 0.129639 0.020264
vt 0.131348 0.014893
vt 0.124657 0.018306
vt 0.128575 0.020340
vt 0.128896 0.020695
vt 0.133401 0.024847
vt 0.122951 0.014677
vt 0.122934 0.014435
vt 0.148819 0.033009
vt 0.198486 0.373535
vt 0.275942 0.355279
vt 0.268902 0.347286
vt 0.262026 0.341281
vt 0.266321 0.344765
vt 0.267916 0.346315
vt 0.286262 0.365983
vt 0.900635 0.058350
vt 0.216309 0.336670
s 0
usemtl Mat_0.040
f 785/579/673 727/579/673 728/579/673
f 785/579/673 728/579/673 784/579/673
f 774/579/673 733/579/673 775/579/673
f 775/579/673 733/579/673 732/579/673
f 727/579/673 775/579/673 732/579/673
f 789/579/673 738/579/673 737/579/673
f 789/579/673 737/579/673 788/579/673
f 762/579/673 723/579/673 760/579/673
f 760/579/673 723/579/673 792/579/673
f 791/579/673 760/579/673 792/579/673
f 738/579/673 760/579/673 739/579/673
f 739/579/673 760/579/673 791/579/673
f 725/579/673 762/579/673 726/579/673
f 762/579/673 746/579/673 726/579/673
f 749/579/673 757/579/673 748/579/673
f 757/579/673 750/579/673 748/579/673
f 750/579/673 757/579/673 758/579/673
f 759/579/673 750/579/673 758/579/673
f 768/579/673 752/579/673 759/579/673
f 759/579/673 752/579/673 751/579/673
f 759/579/673 751/579/673 790/579/673
f 783/579/673 728/579/673 729/579/673
f 766/579/673 783/579/673 729/579/673
f 729/579/673 765/579/673 766/579/673
f 781/579/673 769/579/673 770/579/673
f 781/579/673 770/579/673 780/579/673
f 783/579/673 769/579/673 782/579/673
f 773/579/673 734/579/673 774/579/673
f 734/579/673 773/579/673 735/579/673
f 736/579/673 773/579/673 772/579/673
f 736/579/673 772/579/673 787/579/673
f 788/579/673 736/579/673 787/579/673
f 764/579/673 747/579/673 763/579/673
f 763/579/673 747/579/673 745/579/673
f 746/579/673 763/579/673 745/579/673
f 778/579/673 776/579/673 777/579/673
f 780/579/673 771/579/673 779/579/673
f 779/579/673 771/579/673 776/579/673
f 779/579/673 776/579/673 778/579/673
f 755/579/673 754/579/673 753/579/673
f 754/579/673 755/579/673 756/579/673
f 757/579/673 754/579/673 756/579/673
f 765/579/673 730/579/673 767/579/673
f 743/579/673 741/579/673 744/579/673
f 741/579/673 742/579/673 744/579/673
f 744/579/673 742/579/673 747/579/673
f 741/579/673 740/579/673 742/579/673
f 747/579/673 764/579/673 744/579/673
f 780/579/673 770/579/673 771/579/673
f 769/579/673 781/579/673 782/579/673
f 769/579/673 783/579/673 766/579/673
f 765/579/673 729/579/673 730/579/673
f 767/579/673 730/579/673 731/579/673
f 767/579/673 731/579/673 768/579/673
f 768/579/673 731/579/673 752/579/673
f 759/579/673 790/579/673 750/579/673
f 754/579/673 757/579/673 749/579/673
f 763/579/673 746/579/673 762/579/673
f 724/579/673 762/579/673 725/579/673
f 723/579/673 762/579/673 724/579/673
f 760/579/673 738/579/673 761/579/673
f 738/579/673 789/579/673 761/579/673
f 788/579/673 737/579/673 736/579/673
f 773/579/673 736/579/673 735/579/673
f 774/579/673 734/579/673 733/579/673
f 775/579/673 727/579/673 786/579/673
f 728/579/673 783/579/673 784/579/673
f 727/579/673 785/579/673 786/579/673
f 795/579/674 793/579/674 794/579/674
f 795/579/674 813/579/674 793/579/674
f 793/579/674 813/579/674 855/579/674
f 855/579/674 813/579/674 796/579/674
f 811/579/674 799/579/674 800/579/674
f 811/579/674 800/579/674 850/579/674
f 823/579/674 801/579/674 809/579/674
f 809/579/674 801/579/674 799/579/674
f 823/579/674 802/579/674 801/579/674
f 805/579/674 804/579/674 803/579/674
f 805/579/674 803/579/674 852/579/674
f 846/579/674 847/579/674 808/579/674
f 846/579/674 843/579/674 847/579/674
f 815/579/674 825/579/674 826/579/674
f 815/579/674 826/579/674 816/579/674
f 813/579/674 848/579/674 814/579/674
f 814/579/674 848/579/674 828/579/674
f 827/579/675 814/579/675 828/579/675
f 825/579/676 814/579/676 827/579/676
f 850/579/674 797/579/674 812/579/674
f 797/579/674 850/579/674 798/579/674
f 853/579/677 850/579/677 854/579/677
f 798/579/675 850/579/675 853/579/675
f 797/579/674 813/579/674 812/579/674
f 832/579/674 818/579/674 833/579/674
f 818/579/674 842/579/674 833/579/674
f 842/579/674 818/579/674 817/579/674
f 819/579/674 842/579/674 817/579/674
f 821/579/674 836/579/674 820/579/674
f 821/579/674 835/579/674 836/579/674
f 819/579/674 837/579/674 838/579/674
f 840/579/674 819/579/674 838/579/674
f 841/579/676 819/579/676 840/579/676
f 849/579/674 836/579/674 837/579/674
f 822/579/674 834/579/674 835/579/674
f 816/579/674 834/579/674 822/579/674
f 834/579/674 816/579/674 839/579/674
f 822/579/674 835/579/674 821/579/674
f 836/579/674 849/579/674 820/579/674
f 849/579/674 837/579/674 819/579/674
f 842/579/678 819/579/678 841/579/678
f 818/579/674 832/579/674 831/579/674
f 831/579/674 832/579/674 830/579/674
f 831/579/674 830/579/674 829/579/674
f 816/579/674 826/579/674 839/579/674
f 814/579/674 825/579/674 815/579/674
f 845/579/674 844/579/674 843/579/674
f 845/579/674 843/579/674 846/579/674
f 847/579/674 807/579/674 808/579/674
f 847/579/674 806/579/674 807/579/674
f 806/579/674 847/579/674 804/579/674
f 803/579/674 824/579/674 851/579/674
f 824/579/674 803/579/674 802/579/674
f 803/579/674 851/579/674 852/579/674
f 806/579/674 804/579/674 805/579/674
f 824/579/674 802/579/674 823/579/674
f 809/579/674 799/579/674 810/579/674
f 850/579/674 800/579/674 854/579/674
f 799/579/674 811/579/674 810/579/674
f 813/579/674 797/579/674 796/579/674
f 848/579/674 813/579/674 795/579/674
f 514/580/679 507/581/679 517/582/679
f 514/580/680 517/582/680 516/583/680
f 512/584/681 514/580/681 516/583/681
f 516/583/682 616/585/682 512/584/682
f 512/584/683 616/585/683 523/586/683
f 523/586/684 515/587/684 512/584/684
f 510/588/685 512/584/685 515/587/685
f 510/588/686 515/587/686 513/589/686
f 511/590/687 510/588/687 513/589/687
f 518/591/688 511/590/688 513/589/688
f 518/591/689 513/589/689 525/592/689
f 518/591/690 525/592/690 521/593/690
f 521/593/691 522/594/691 518/591/691
f 619/595/692 518/596/692 522/597/692
f 619/595/693 522/597/693 621/598/693
f 619/595/694 621/598/694 620/599/694
f 618/600/695 619/595/695 620/599/695
f 727/601/696 618/600/696 620/599/696
f 727/601/696 620/599/696 728/602/696
f 785/603/697 784/604/697 680/605/697
f 785/603/698 680/605/698 682/606/698
f 785/603/698 682/606/698 786/607/698
f 775/608/699 786/607/699 682/606/699
f 775/608/700 682/606/700 643/609/700
f 775/608/700 643/609/700 774/610/700
f 732/611/701 733/612/701 618/600/701
f 734/613/702 618/600/702 733/612/702
f 734/613/703 617/614/703 618/600/703
f 618/600/704 617/614/704 519/615/704
f 617/614/705 511/616/705 519/615/705
f 617/614/706 509/617/706 511/616/706
f 735/618/707 509/617/707 617/614/707
f 735/618/708 736/619/708 509/617/708
f 736/619/709 737/620/709 509/617/709
f 738/621/710 509/622/710 737/623/710
f 789/624/711 788/625/711 638/626/711
f 789/624/712 638/626/712 637/627/712
f 789/624/712 637/627/712 761/628/712
f 760/629/713 761/628/713 637/627/713
f 760/629/714 637/627/714 599/630/714
f 760/629/714 599/630/714 762/631/714
f 792/632/715 508/633/715 791/634/715
f 739/635/716 791/634/716 508/633/716
f 738/621/717 739/635/717 508/633/717
f 792/632/715 507/581/715 508/633/715
f 792/632/718 723/636/718 507/581/718
f 723/636/719 724/637/719 507/581/719
f 724/637/720 725/638/720 507/581/720
f 726/639/721 507/581/721 725/638/721
f 746/640/722 517/582/722 726/639/722
f 746/640/722 607/641/722 517/582/722
f 607/641/723 609/642/723 517/582/723
f 517/582/724 609/642/724 611/643/724
f 611/643/725 609/642/725 612/644/725
f 611/643/726 612/644/726 516/583/726
f 612/644/727 609/642/727 610/645/727
f 610/645/728 613/646/728 612/644/728
f 613/646/729 614/647/729 612/644/729
f 614/647/730 615/648/730 612/644/730
f 616/585/731 612/644/731 615/648/731
f 614/647/732 563/649/732 615/648/732
f 615/648/733 563/649/733 523/586/733
f 563/649/734 562/650/734 523/586/734
f 562/650/735 524/651/735 523/586/735
f 524/651/736 520/652/736 523/586/736
f 513/589/737 520/652/737 524/651/737
f 559/653/738 524/651/738 562/650/738
f 559/653/739 531/654/739 524/651/739
f 525/592/740 524/651/740 531/654/740
f 525/592/741 531/654/741 529/655/741
f 528/656/742 525/592/742 529/655/742
f 528/656/743 529/655/743 530/657/743
f 530/658/744 636/659/744 528/660/744
f 636/659/745 527/661/745 528/660/745
f 527/662/746 526/663/746 528/656/746
f 521/593/747 526/663/747 527/662/747
f 636/659/748 623/664/748 527/661/748
f 622/665/749 527/666/749 623/667/749
f 748/668/750 622/665/750 623/667/750
f 748/668/750 623/667/750 749/669/750
f 759/670/751 758/671/751 627/672/751
f 759/670/752 627/672/752 632/673/752
f 759/670/752 632/673/752 768/674/752
f 751/675/753 621/598/753 790/676/753
f 790/676/754 621/598/754 622/665/754
f 790/676/755 622/665/755 750/677/755
f 751/675/756 752/678/756 620/599/756
f 731/679/757 620/599/757 752/678/757
f 731/679/758 624/680/758 620/599/758
f 731/679/759 730/681/759 624/680/759
f 730/681/760 729/682/760 624/680/760
f 728/602/761 624/680/761 729/682/761
f 765/683/762 625/684/762 766/685/762
f 769/686/763 766/685/763 625/684/763
f 769/687/764 625/688/764 678/689/764
f 769/687/764 678/689/764 770/690/764
f 780/691/765 674/692/765 781/693/765
f 782/694/766 781/693/766 674/692/766
f 782/694/767 674/692/767 680/605/767
f 782/694/767 680/605/767 783/695/767
f 680/605/768 674/692/768 681/696/768
f 681/696/769 683/697/769 680/605/769
f 681/696/770 663/698/770 683/697/770
f 683/697/771 663/698/771 661/699/771
f 683/697/772 661/699/772 682/606/772
f 662/700/773 661/699/773 663/698/773
f 662/700/774 663/698/774 660/701/774
f 659/702/775 662/700/775 660/701/775
f 660/701/776 656/703/776 659/702/776
f 656/703/777 652/704/777 659/702/777
f 659/702/778 652/704/778 658/705/778
f 652/704/779 641/706/779 658/705/779
f 658/705/780 641/706/780 644/707/780
f 658/705/781 644/707/781 661/699/781
f 661/699/782 644/707/782 643/609/782
f 642/708/783 643/609/783 644/707/783
f 642/708/784 639/709/784 643/609/784
f 638/626/785 639/709/785 642/708/785
f 638/626/786 642/708/786 641/706/786
f 787/710/787 639/709/787 638/626/787
f 787/710/788 772/711/788 639/709/788
f 772/711/789 773/712/789 639/709/789
f 774/610/790 639/709/790 773/712/790
f 642/708/791 644/707/791 641/706/791
f 652/704/792 648/713/792 641/706/792
f 648/713/793 646/714/793 641/706/793
f 646/714/794 640/715/794 641/706/794
f 637/627/795 641/706/795 640/715/795
f 597/716/796 637/627/796 640/715/796
f 597/716/797 640/715/797 595/717/797
f 595/718/798 596/719/798 597/720/798
f 597/720/799 596/719/799 598/721/799
f 597/720/800 598/721/800 599/722/800
f 599/722/801 598/721/801 601/723/801
f 763/724/802 599/722/802 601/723/802
f 763/724/802 601/723/802 764/725/802
f 747/726/803 606/727/803 745/728/803
f 745/728/804 606/727/804 607/641/804
f 606/727/805 608/729/805 607/641/805
f 606/727/806 605/730/806 608/729/806
f 608/729/807 605/730/807 604/731/807
f 608/729/808 604/731/808 603/732/808
f 608/729/809 603/732/809 610/645/809
f 610/645/810 603/732/810 579/733/810
f 603/732/811 602/734/811 579/733/811
f 602/734/812 580/735/812 579/733/812
f 580/735/813 578/736/813 579/733/813
f 578/736/814 566/737/814 579/733/814
f 579/733/815 566/737/815 567/738/815
f 613/646/816 579/733/816 567/738/816
f 564/739/817 567/738/817 566/737/817
f 561/740/818 564/739/818 566/737/818
f 561/740/819 566/737/819 565/741/819
f 565/741/820 556/742/820 561/740/820
f 558/743/821 561/740/821 556/742/821
f 555/744/822 558/743/822 556/742/822
f 556/742/823 550/745/823 555/744/823
f 550/745/824 553/746/824 555/744/824
f 555/744/825 553/746/825 554/747/825
f 555/744/826 554/747/826 557/748/826
f 557/748/827 554/747/827 541/749/827
f 557/748/828 541/749/828 559/653/828
f 560/750/829 557/748/829 559/653/829
f 560/750/830 559/653/830 564/739/830
f 564/739/831 559/653/831 563/649/831
f 558/743/832 557/748/832 560/750/832
f 554/747/833 544/751/833 541/749/833
f 544/751/834 539/752/834 541/749/834
f 534/753/835 541/749/835 539/752/835
f 539/752/836 533/754/836 534/753/836
f 533/754/837 531/654/837 534/753/837
f 532/755/838 533/754/838 539/752/838
f 532/755/839 539/752/839 538/756/839
f 538/756/840 535/757/840 532/755/840
f 530/657/841 532/755/841 535/757/841
f 530/657/842 535/757/842 536/758/842
f 536/759/843 635/760/843 530/658/843
f 634/761/844 635/760/844 536/759/844
f 626/762/845 634/763/845 536/764/845
f 626/762/846 536/764/846 675/765/846
f 626/762/847 675/765/847 625/688/847
f 625/688/848 675/765/848 676/766/848
f 676/766/849 677/767/849 625/688/849
f 676/766/850 675/765/850 677/767/850
f 677/767/851 675/765/851 671/768/851
f 677/767/852 671/768/852 679/769/852
f 677/767/853 679/769/853 678/689/853
f 776/770/854 678/689/854 679/769/854
f 776/770/854 679/769/854 777/771/854
f 777/771/855 673/772/855 778/773/855
f 779/774/856 778/773/856 673/772/856
f 780/691/857 779/774/857 673/772/857
f 777/771/858 679/769/858 673/772/858
f 679/769/859 670/775/859 673/772/859
f 670/775/860 669/776/860 673/772/860
f 673/772/861 669/776/861 672/777/861
f 672/777/862 674/692/862 673/772/862
f 672/777/863 663/698/863 674/692/863
f 672/777/864 667/778/864 663/698/864
f 667/778/865 666/779/865 663/698/865
f 665/780/866 666/779/866 667/778/866
f 665/780/867 667/778/867 664/781/867
f 664/781/868 660/701/868 665/780/868
f 664/781/869 657/782/869 660/701/869
f 664/783/870 720/784/870 657/785/870
f 657/785/871 720/784/871 722/786/871
f 793/787/872 657/785/872 722/786/872
f 793/787/872 722/786/872 794/788/872
f 796/789/873 657/785/873 855/790/873
f 796/789/874 653/791/874 657/785/874
f 653/792/875 656/703/875 657/782/875
f 653/792/876 655/793/876 656/703/876
f 653/792/877 651/794/877 655/793/877
f 655/793/878 651/794/878 652/704/878
f 650/795/879 652/704/879 651/794/879
f 649/796/880 650/795/880 651/794/880
f 799/797/881 649/796/881 651/794/881
f 799/797/882 651/794/882 800/798/882
f 850/799/883 686/800/883 811/801/883
f 810/802/884 811/801/884 686/800/884
f 809/803/885 810/802/885 686/800/885
f 809/803/886 686/800/886 685/804/886
f 809/803/886 685/804/886 823/805/886
f 802/806/887 649/796/887 801/807/887
f 802/806/887 593/808/887 649/796/887
f 591/809/888 649/796/888 593/808/888
f 592/810/889 591/811/889 593/812/889
f 804/813/890 592/814/890 593/815/890
f 804/813/890 593/815/890 803/816/890
f 852/817/891 716/818/891 805/819/891
f 805/819/892 716/818/892 718/820/892
f 805/819/892 718/820/892 806/821/892
f 807/822/893 806/821/893 718/820/893
f 808/823/894 807/822/894 718/820/894
f 808/823/895 718/820/895 719/824/895
f 808/823/895 719/824/895 846/825/895
f 843/826/896 592/814/896 847/827/896
f 843/826/896 590/828/896 592/814/896
f 843/826/897 844/829/897 590/828/897
f 845/830/898 590/831/898 844/832/898
f 845/830/898 719/824/898 590/831/898
f 719/824/899 587/833/899 590/831/899
f 587/834/900 589/835/900 590/836/900
f 590/836/901 589/835/901 591/811/901
f 591/811/902 589/835/902 594/837/902
f 594/838/903 647/839/903 591/809/903
f 594/838/904 645/840/904 647/839/904
f 645/840/905 648/713/905 647/839/905
f 650/795/906 647/839/906 648/713/906
f 595/717/907 645/840/907 594/838/907
f 594/837/908 588/841/908 595/718/908
f 594/837/909 589/835/909 588/841/909
f 589/835/910 585/842/910 588/841/910
f 586/843/911 588/841/911 585/842/911
f 583/844/912 586/843/912 585/842/912
f 577/845/913 583/844/913 585/842/913
f 577/845/914 585/842/914 587/834/914
f 587/833/915 718/820/915 577/846/915
f 576/847/916 583/844/916 577/845/916
f 575/848/917 576/847/917 577/845/917
f 716/818/918 575/849/918 577/846/918
f 716/818/919 572/850/919 575/849/919
f 572/851/920 574/852/920 575/848/920
f 572/851/921 571/853/921 574/852/921
f 574/852/922 571/853/922 573/854/922
f 576/847/923 574/852/923 573/854/923
f 581/855/924 576/847/924 573/854/924
f 573/854/925 582/856/925 581/855/925
f 581/855/926 582/856/926 584/857/926
f 581/855/927 584/857/927 583/844/927
f 596/719/928 584/857/928 582/856/928
f 596/719/929 582/856/929 600/858/929
f 600/858/930 582/856/930 580/735/930
f 596/719/931 588/841/931 584/857/931
f 573/854/932 580/735/932 582/856/932
f 568/859/933 573/854/933 571/853/933
f 570/860/934 568/859/934 571/853/934
f 569/861/935 568/859/935 570/860/935
f 684/862/936 569/863/936 570/864/936
f 684/862/937 570/864/937 685/804/937
f 685/865/938 570/866/938 572/850/938
f 569/863/939 684/862/939 687/867/939
f 687/867/940 689/868/940 569/863/940
f 569/863/941 689/868/941 691/869/941
f 569/863/942 691/869/942 552/870/942
f 552/870/943 691/869/943 551/871/943
f 551/872/944 550/745/944 552/873/944
f 549/874/945 550/745/945 551/872/945
f 551/871/946 694/875/946 549/876/946
f 549/876/947 694/875/947 695/877/947
f 695/878/948 548/879/948 549/880/948
f 548/881/949 547/882/949 549/874/949
f 546/883/950 547/882/950 548/881/950
f 546/884/951 548/885/951 664/781/951
f 546/883/952 545/886/952 547/882/952
f 550/745/953 547/882/953 545/886/953
f 543/887/954 545/886/954 546/883/954
f 546/884/955 668/888/955 543/889/955
f 543/889/956 668/888/956 670/775/956
f 543/889/957 670/775/957 671/768/957
f 543/889/958 671/768/958 540/890/958
f 540/891/959 542/892/959 543/887/959
f 540/891/960 539/752/960 542/892/960
f 540/890/961 671/768/961 538/893/961
f 546/884/962 667/778/962 668/888/962
f 668/888/963 667/778/963 669/776/963
f 543/887/964 542/892/964 545/886/964
f 545/886/965 542/892/965 544/751/965
f 553/746/966 545/886/966 544/751/966
f 548/879/967 695/878/967 697/894/967
f 548/879/968 697/894/968 720/784/968
f 720/784/969 697/894/969 721/895/969
f 825/896/970 721/895/970 697/894/970
f 825/896/971 697/894/971 826/897/971
f 815/898/972 816/899/972 715/900/972
f 815/898/973 715/900/973 690/901/973
f 815/898/973 690/901/973 814/902/973
f 814/902/974 690/901/974 688/903/974
f 814/902/975 688/903/975 813/904/975
f 827/905/976 828/906/976 721/895/976
f 848/907/977 721/895/977 828/906/977
f 848/907/978 722/786/978 721/895/978
f 848/907/979 795/908/979 722/786/979
f 812/909/980 813/904/980 688/903/980
f 812/909/981 688/903/981 687/867/981
f 812/909/981 687/867/981 850/799/981
f 798/910/982 653/791/982 797/911/982
f 798/910/983 654/912/983 653/791/983
f 798/910/984 853/913/984 654/912/984
f 853/913/985 854/914/985 654/912/985
f 800/915/986 654/912/986 854/914/986
f 689/868/987 688/903/987 690/901/987
f 692/916/988 689/868/988 690/901/988
f 711/917/989 692/916/989 690/901/989
f 711/917/990 690/901/990 713/918/990
f 711/917/991 713/918/991 712/919/991
f 712/919/992 709/920/992 711/917/992
f 710/921/993 711/917/993 709/920/993
f 708/922/994 710/921/994 709/920/994
f 709/920/995 707/923/995 708/922/995
f 707/923/996 698/924/996 708/922/996
f 708/922/997 698/924/997 694/875/997
f 708/922/998 694/875/998 693/925/998
f 696/926/999 694/875/999 698/924/999
f 699/927/1000 696/926/1000 698/924/1000
f 703/928/1001 699/927/1001 698/924/1001
f 706/929/1002 703/928/1002 698/924/1002
f 704/930/1003 703/928/1003 706/929/1003
f 704/930/1004 706/929/1004 705/931/1004
f 701/932/1005 704/930/1005 705/931/1005
f 701/932/1006 705/931/1006 702/933/1006
f 702/933/1007 700/934/1007 701/932/1007
f 833/935/1008 701/932/1008 700/934/1008
f 833/935/1009 700/934/1009 832/936/1009
f 817/937/1010 714/938/1010 819/939/1010
f 849/940/1011 819/939/1011 714/938/1011
f 820/941/1012 849/940/1012 714/938/1012
f 820/941/1013 714/938/1013 713/918/1013
f 820/941/1014 713/918/1014 821/942/1014
f 836/943/1015 835/944/1015 699/927/1015
f 837/945/1016 836/943/1016 699/927/1016
f 838/946/1017 837/945/1017 699/927/1017
f 838/946/1018 703/928/1018 840/947/1018
f 840/947/1019 704/930/1019 841/948/1019
f 834/949/1020 699/927/1020 835/944/1020
f 839/950/1021 696/926/1021 834/949/1021
f 839/950/1022 697/951/1022 696/926/1022
f 822/952/1023 821/942/1023 713/918/1023
f 822/952/1024 713/918/1024 715/900/1024
f 817/937/1025 702/933/1025 714/938/1025
f 702/933/1026 712/919/1026 714/938/1026
f 841/948/1027 701/932/1027 842/953/1027
f 817/937/1028 818/954/1028 702/933/1028
f 831/955/1029 702/933/1029 818/954/1029
f 831/955/1030 829/956/1030 700/934/1030
f 829/956/1031 830/957/1031 700/934/1031
f 830/957/1032 832/936/1032 700/934/1032
f 833/935/1033 842/953/1033 701/932/1033
f 831/955/1034 700/934/1034 702/933/1034
f 705/931/1035 709/920/1035 702/933/1035
f 841/948/1027 704/930/1027 701/932/1027
f 706/929/1036 707/923/1036 705/931/1036
f 840/947/1037 703/928/1037 704/930/1037
f 838/946/1018 699/927/1018 703/928/1018
f 834/949/1020 696/926/1020 699/927/1020
f 706/929/1038 698/924/1038 707/923/1038
f 705/931/1039 707/923/1039 709/920/1039
f 708/922/1040 693/925/1040 710/921/1040
f 710/921/1041 693/925/1041 692/916/1041
f 693/925/1042 691/869/1042 692/916/1042
f 712/919/1043 702/933/1043 709/920/1043
f 714/938/1044 712/919/1044 713/918/1044
f 710/921/1045 692/916/1045 711/917/1045
f 713/918/1046 690/901/1046 715/900/1046
f 822/952/1024 715/900/1024 816/899/1024
f 839/950/1047 826/958/1047 697/951/1047
f 825/896/1048 827/905/1048 721/895/1048
f 695/877/1049 696/926/1049 697/951/1049
f 695/877/1050 694/875/1050 696/926/1050
f 551/871/1051 693/925/1051 694/875/1051
f 549/874/1052 547/882/1052 550/745/1052
f 551/871/1053 691/869/1053 693/925/1053
f 691/869/1054 689/868/1054 692/916/1054
f 687/867/1055 688/903/1055 689/868/1055
f 687/867/1056 684/862/1056 686/800/1056
f 552/873/1057 568/859/1057 569/861/1057
f 556/742/1058 568/859/1058 552/873/1058
f 568/859/1059 565/741/1059 573/854/1059
f 565/741/1060 578/736/1060 573/854/1060
f 570/860/1061 571/853/1061 572/851/1061
f 685/865/1062 572/850/1062 716/818/1062
f 685/865/1063 716/818/1063 717/959/1063
f 575/848/1064 574/852/1064 576/847/1064
f 576/847/1065 581/855/1065 583/844/1065
f 583/844/1066 584/857/1066 586/843/1066
f 586/843/1067 584/857/1067 588/841/1067
f 587/834/1068 585/842/1068 589/835/1068
f 845/830/1069 846/825/1069 719/824/1069
f 718/820/1070 587/833/1070 719/824/1070
f 716/818/1071 577/846/1071 718/820/1071
f 852/817/891 717/959/891 716/818/891
f 852/817/1072 851/960/1072 717/959/1072
f 851/960/1073 824/961/1073 717/959/1073
f 823/962/1074 717/959/1074 824/961/1074
f 804/813/1075 847/827/1075 592/814/1075
f 590/836/1076 591/811/1076 592/810/1076
f 591/809/1077 647/839/1077 649/796/1077
f 802/963/1078 803/816/1078 593/815/1078
f 823/962/1074 685/865/1074 717/959/1074
f 684/862/1079 685/804/1079 686/800/1079
f 850/799/883 687/867/883 686/800/883
f 800/915/1080 651/964/1080 654/912/1080
f 799/965/1081 801/966/1081 649/967/1081
f 649/796/1082 647/839/1082 650/795/1082
f 653/792/1083 654/968/1083 651/794/1083
f 796/789/1084 797/911/1084 653/791/1084
f 795/908/1085 794/788/1085 722/786/1085
f 793/787/1086 855/790/1086 657/785/1086
f 722/786/1087 720/784/1087 721/895/1087
f 548/879/1088 720/784/1088 664/783/1088
f 546/884/1089 664/781/1089 667/778/1089
f 665/780/1090 660/701/1090 666/779/1090
f 669/776/1091 667/778/1091 672/777/1091
f 670/775/1092 668/888/1092 669/776/1092
f 776/770/1093 771/969/1093 678/689/1093
f 679/769/1094 671/768/1094 670/775/1094
f 538/893/1095 671/768/1095 675/765/1095
f 538/893/1096 675/765/1096 537/970/1096
f 537/970/1097 675/765/1097 536/764/1097
f 626/971/1098 633/972/1098 634/761/1098
f 634/761/1099 633/972/1099 631/973/1099
f 634/761/1100 631/973/1100 630/974/1100
f 631/973/1101 628/975/1101 630/974/1101
f 628/975/1102 629/976/1102 630/974/1102
f 630/974/1103 629/976/1103 623/664/1103
f 753/977/1104 629/976/1104 628/975/1104
f 753/977/1105 628/975/1105 755/978/1105
f 756/979/1106 627/672/1106 757/980/1106
f 756/979/1107 628/975/1107 627/672/1107
f 756/979/1108 755/978/1108 628/975/1108
f 753/977/1109 754/981/1109 629/976/1109
f 749/982/1110 629/976/1110 754/981/1110
f 627/672/1111 628/975/1111 631/973/1111
f 633/972/1112 627/672/1112 631/973/1112
f 632/673/1113 633/972/1113 626/971/1113
f 767/983/1114 632/673/1114 626/971/1114
f 767/983/1115 626/971/1115 765/683/1115
f 634/761/1116 630/974/1116 635/760/1116
f 635/760/1117 630/974/1117 636/659/1117
f 536/758/1118 535/757/1118 537/984/1118
f 537/984/1119 535/757/1119 538/756/1119
f 538/756/1120 539/752/1120 540/891/1120
f 529/655/1121 533/754/1121 532/755/1121
f 541/749/1122 534/753/1122 531/654/1122
f 542/892/1123 539/752/1123 544/751/1123
f 553/746/1124 544/751/1124 554/747/1124
f 545/886/1125 553/746/1125 550/745/1125
f 552/873/1126 550/745/1126 556/742/1126
f 555/744/1127 557/748/1127 558/743/1127
f 558/743/1128 560/750/1128 561/740/1128
f 556/742/1129 565/741/1129 568/859/1129
f 560/750/1130 564/739/1130 561/740/1130
f 564/739/1131 563/649/1131 567/738/1131
f 578/736/1132 565/741/1132 566/737/1132
f 573/854/1133 578/736/1133 580/735/1133
f 600/858/1134 580/735/1134 602/734/1134
f 600/858/1135 602/734/1135 603/732/1135
f 600/858/1136 603/732/1136 604/731/1136
f 600/858/1137 604/731/1137 601/723/1137
f 605/730/1138 601/723/1138 604/731/1138
f 744/985/1139 601/723/1139 605/730/1139
f 744/985/1139 605/730/1139 743/986/1139
f 747/726/1140 742/987/1140 605/730/1140
f 742/987/1141 740/988/1141 605/730/1141
f 740/988/1142 741/989/1142 605/730/1142
f 741/989/1143 743/986/1143 605/730/1143
f 747/726/1144 605/730/1144 606/727/1144
f 744/985/1145 764/725/1145 601/723/1145
f 601/723/1146 598/721/1146 600/858/1146
f 596/719/1147 600/858/1147 598/721/1147
f 595/718/1148 588/841/1148 596/719/1148
f 645/840/1149 595/717/1149 640/715/1149
f 645/840/1150 640/715/1150 646/714/1150
f 645/840/1151 646/714/1151 648/713/1151
f 650/795/1152 648/713/1152 652/704/1152
f 656/703/1153 655/793/1153 652/704/1153
f 657/782/1154 656/703/1154 660/701/1154
f 659/702/1155 658/705/1155 662/700/1155
f 666/779/1156 660/701/1156 663/698/1156
f 662/700/1157 658/705/1157 661/699/1157
f 681/696/1158 674/692/1158 663/698/1158
f 780/691/765 673/772/765 674/692/765
f 771/969/1159 770/690/1159 678/689/1159
f 625/688/1160 677/767/1160 678/689/1160
f 765/683/1161 626/971/1161 625/684/1161
f 767/983/1162 768/674/1162 632/673/1162
f 632/673/1163 627/672/1163 633/972/1163
f 758/671/1164 757/980/1164 627/672/1164
f 749/982/1110 623/664/1110 629/976/1110
f 748/668/1165 750/677/1165 622/665/1165
f 621/598/1166 527/666/1166 622/665/1166
f 636/659/1167 630/974/1167 623/664/1167
f 635/760/1168 636/659/1168 530/658/1168
f 530/657/1169 529/655/1169 532/755/1169
f 528/656/1170 526/663/1170 525/592/1170
f 529/655/1171 531/654/1171 533/754/1171
f 559/653/1172 541/749/1172 531/654/1172
f 559/653/1173 562/650/1173 563/649/1173
f 614/647/1174 567/738/1174 563/649/1174
f 613/646/1175 567/738/1175 614/647/1175
f 610/645/1176 579/733/1176 613/646/1176
f 608/729/1177 610/645/1177 609/642/1177
f 607/641/1178 608/729/1178 609/642/1178
f 745/728/804 607/641/804 746/640/804
f 763/724/1179 762/990/1179 599/722/1179
f 599/630/1180 637/627/1180 597/716/1180
f 637/627/1181 638/626/1181 641/706/1181
f 787/710/787 638/626/787 788/625/787
f 738/621/710 508/633/710 509/622/710
f 510/588/1182 509/622/1182 508/633/1182
f 735/618/1183 617/614/1183 734/613/1183
f 774/610/790 643/609/790 639/709/790
f 643/609/1184 682/606/1184 661/699/1184
f 683/697/1185 682/606/1185 680/605/1185
f 784/604/1186 783/695/1186 680/605/1186
f 728/602/761 620/599/761 624/680/761
f 727/601/1187 732/611/1187 618/600/1187
f 618/600/1188 519/615/1188 619/595/1188
f 751/675/1189 620/599/1189 621/598/1189
f 621/598/1190 522/597/1190 527/666/1190
f 619/595/1191 519/615/1191 518/596/1191
f 527/666/1192 522/597/1192 521/991/1192
f 521/593/1193 525/592/1193 526/663/1193
f 525/592/1194 513/589/1194 524/651/1194
f 518/591/1195 519/992/1195 511/590/1195
f 509/622/1196 510/588/1196 511/590/1196
f 513/589/1197 515/587/1197 520/652/1197
f 510/588/1198 508/633/1198 512/584/1198
f 520/652/1199 515/587/1199 523/586/1199
f 616/585/1200 615/648/1200 523/586/1200
f 616/585/1201 516/583/1201 612/644/1201
f 512/584/1202 508/633/1202 514/580/1202
f 517/582/1203 611/643/1203 516/583/1203
f 726/639/721 517/582/721 507/581/721
f 514/580/1204 508/633/1204 507/581/1204
o Object.4
v -0.025349 1.290377 -0.258760
v -0.016910 1.314833 -0.253721
v -0.006629 1.393432 -0.240738
v -0.040280 1.488272 -0.167351
v -0.056219 1.484279 -0.258450
v -0.058079 1.514627 -0.200314
v -0.134838 1.530129 -0.211456
v -0.155438 1.558500 -0.240040
v -0.103329 1.530207 -0.258605
v -0.095732 1.524626 -0.205313
v -0.083756 1.518192 -0.238684
v -0.145904 1.550438 -0.162351
v -0.138540 1.586172 -0.246784
v -0.078776 1.520673 -0.135182
v -0.099666 1.539044 -0.138922
v -0.141873 1.567492 -0.177621
v -0.109762 1.565244 -0.130628
v -0.120673 1.582839 -0.145705
v -0.110983 1.546330 -0.113401
v -0.098193 1.538811 -0.095010
v -0.086721 1.547028 -0.060710
v -0.100984 1.526874 -0.069740
v -0.127067 1.616403 -0.110377
v -0.085772 1.582297 -0.050042
v -0.126234 1.659811 -0.134155
v -0.081140 1.522921 -0.053956
v -0.065463 1.496256 -0.065729
v -0.037606 1.482846 -0.064760
v -0.050813 1.511061 -0.139775
v -0.031792 1.470443 -0.093731
v -0.008286 1.451956 -0.158921
v -0.004449 1.429012 -0.170413
v 0.006345 1.439786 -0.105494
v 0.029686 1.423934 -0.065070
v -0.023372 1.447421 -0.047794
v -0.016900 1.392618 0.052815
v 0.018573 1.376069 -0.000917
v -0.043003 1.430988 0.004712
v -0.041210 1.429825 0.041077
v -0.086799 1.504201 -0.027960
v -0.076954 1.518347 -0.010868
v -0.071780 1.510828 0.013898
v -0.080656 1.557182 0.048828
v -0.083136 1.494589 0.022647
v -0.042373 1.398316 0.065624
v -0.068331 1.401339 0.060414
v -0.086353 1.536486 0.038732
v -0.089957 1.457808 0.042544
v -0.081702 1.404905 0.082377
v -0.099375 1.475482 0.065545
v -0.078873 1.434011 0.105047
v -0.070036 1.495558 0.093309
v -0.075094 1.527959 0.067744
v -0.064029 1.504433 0.112871
v -0.044175 1.473893 0.120592
v -0.066761 1.535633 0.084095
v -0.054553 1.563461 0.054399
v -0.040028 1.503116 0.117071
v -0.034350 1.478388 0.142204
v -0.062285 1.570747 0.014605
v -0.079183 1.614078 0.008511
v -0.055473 1.587645 0.053125
v -0.031628 1.532765 0.101665
v -0.049039 1.569584 0.085868
v 0.006762 1.528347 0.122515
v -0.003160 1.517029 0.171882
v 0.013253 1.542299 0.152586
v 0.009872 1.568499 0.139787
v 0.035282 1.544392 0.177144
v -0.000409 1.603381 0.133331
v 0.036803 1.595164 0.144156
v 0.005560 1.619736 0.127607
v 0.039599 1.641906 0.140615
v 0.017391 1.676322 0.115619
v -0.004391 1.635472 0.109206
v 0.025699 1.665160 0.085813
v -0.040823 1.609582 0.062187
v -0.010340 1.627100 0.083833
v -0.000205 1.653998 0.077220
v 0.003961 1.633999 0.068989
v -0.045697 1.622992 0.053770
v -0.012171 1.665393 0.061010
v 0.034478 1.696088 0.078199
v -0.059068 1.613535 0.039395
v 0.007663 1.717947 0.057781
v -0.008257 1.707250 0.042428
v 0.021170 1.741357 0.037879
v -0.055144 1.647022 0.039986
v -0.077284 1.634387 -0.000772
v -0.046346 1.682833 0.004742
v -0.077226 1.622604 -0.041176
v -0.084183 1.678027 -0.070554
v -0.058099 1.709421 -0.036651
v -0.116739 1.637100 -0.084991
v -0.055008 1.731280 -0.076523
v -0.084454 1.699654 -0.106056
v -0.031783 1.768332 -0.086890
v -0.047421 1.773913 -0.127760
v -0.079493 1.714537 -0.139310
v -0.101216 1.669733 -0.151751
v -0.117010 1.639658 -0.157545
v -0.131602 1.639813 -0.187214
v -0.089686 1.668881 -0.165258
v -0.068408 1.698181 -0.166498
v -0.085965 1.730737 -0.197426
v -0.064126 1.725389 -0.175277
v -0.018256 1.800423 -0.181555
v -0.054998 1.780269 -0.205333
v -0.133928 1.661206 -0.220971
v -0.084163 1.764999 -0.238335
v -0.051404 1.813445 -0.243683
v -0.025746 1.834142 -0.215042
v -0.020582 1.848715 -0.259341
v 0.000725 1.878713 -0.240234
v -0.015805 1.821197 -0.216049
v -0.045261 1.781820 -0.213259
v -0.022520 1.809880 -0.196787
v 0.022710 1.865148 -0.215138
v -0.020621 1.806934 -0.144038
v 0.021557 1.863598 -0.184753
v -0.024157 1.789183 -0.099487
v 0.013001 1.868481 -0.148321
v 0.021751 1.862745 -0.113052
v -0.003422 1.793756 -0.082918
v -0.035038 1.763913 -0.104021
v 0.012963 1.789881 -0.068771
v -0.007656 1.753449 -0.022360
v -0.019923 1.719575 0.004024
v 0.007808 1.740039 -0.004056
v 0.028422 1.821274 -0.020645
v 0.006858 1.710894 0.020191
v 0.000715 1.713529 0.001098
v -0.036889 1.678260 0.010923
v 0.035369 1.723606 0.016756
v -0.029758 1.692523 0.006718
v -0.064843 1.369907 0.113817
v -0.042664 1.423818 0.124708
v -0.058118 1.367581 0.096023
v -0.047412 1.377193 0.112637
v -0.021376 1.359365 0.091928
v -0.005466 1.342195 0.054157
v 0.028999 1.293632 0.043024
v -0.041772 1.447460 0.137432
v -0.045231 1.383355 0.149670
v -0.029157 1.369635 0.129121
v -0.022490 1.322816 0.112138
v -0.017142 1.307391 0.088778
v 0.009445 1.279331 0.052510
v -0.006086 1.255844 0.108471
v -0.029244 1.282741 0.124061
v -0.016861 1.243441 0.137217
v 0.016955 1.195150 0.142950
v -0.032238 1.259719 0.153521
v 0.004107 1.200033 0.191930
v -0.025291 1.288167 0.143338
v -0.005592 1.234915 0.184798
v -0.026298 1.333242 0.159151
v -0.028731 1.253596 0.209516
v -0.037402 1.313476 0.180729
v -0.029951 1.273750 0.180981
v -0.019361 1.303360 0.206357
v -0.038856 1.331653 0.236656
v -0.017656 1.284757 0.225872
v -0.039214 1.360372 0.183335
v -0.026928 1.302934 0.260937
v -0.052750 1.379751 0.197298
v -0.054960 1.350179 0.275607
v -0.036085 1.321654 0.290548
v -0.009323 1.319987 0.288862
v -0.023760 1.292121 0.297369
v -0.043487 1.327467 0.316922
v -0.053322 1.379906 0.289947
v -0.060851 1.412850 0.230290
v -0.047877 1.441414 0.199642
v -0.037906 1.453545 0.155585
v -0.045057 1.437926 0.270413
v -0.031947 1.461568 0.171761
v 0.000696 1.503038 0.207723
v -0.032645 1.461490 0.236549
v -0.033827 1.471063 0.223236
v 0.026441 1.517495 0.214942
v -0.006678 1.487613 0.279424
v 0.041440 1.489241 0.335022
v -0.039069 1.458545 0.255259
v 0.014842 1.473117 0.349924
v 0.044409 1.443701 0.384495
v 0.012585 1.404207 0.381724
v 0.046590 1.388742 0.393642
v -0.009236 1.468621 0.357734
v -0.035484 1.447499 0.337735
v -0.035436 1.450638 0.287292
v -0.011241 1.427616 0.311787
v -0.036201 1.403354 0.341010
v -0.034796 1.411958 0.362636
v -0.034874 1.437538 0.315217
v -0.036637 1.393045 0.309733
v -0.036860 1.396611 0.353335
v -0.051568 1.351962 0.341882
v -0.036240 1.342234 0.363819
v -0.014109 1.330142 0.348548
v -0.022025 1.293322 0.339983
v -0.033391 1.362233 0.379360
v -0.017074 1.392618 0.375174
v -0.001523 1.367116 0.396026
v -0.012985 1.343087 0.376221
v -0.019351 1.444515 0.371163
v 0.021567 1.366651 0.401006
v 0.021131 1.330374 0.399417
v -0.027384 1.247162 0.230261
v -0.023091 1.232202 0.240783
v -0.008548 1.224334 0.215543
v 0.007411 1.180848 0.190341
v 0.017681 1.172302 0.157019
v -0.018169 1.235225 0.261926
v 0.004271 1.173988 0.227238
v 0.023456 1.171256 0.208053
v 0.016286 1.137789 0.279793
v 0.005163 1.201894 0.250570
v -0.001087 1.165191 0.259523
v -0.004643 1.262743 0.277874
v 0.009232 1.287431 0.267255
v 0.014329 1.262626 0.293571
v -0.015194 1.218559 0.286963
v -0.008325 1.260650 0.305159
v 0.002004 1.232318 0.294579
v 0.016945 1.244178 0.323181
v 0.041774 1.260378 0.308744
v 0.000822 1.203638 0.291439
v -0.008083 1.224373 0.331650
v 0.006103 1.219102 0.324170
v 0.016432 1.220846 0.359575
v 0.001520 1.181856 0.309713
v 0.005696 1.182031 0.365252
v 0.017032 1.199646 0.378934
v 0.012924 1.145075 0.313667
v 0.021683 1.119961 0.311884
v 0.027531 1.124883 0.324654
v 0.015521 1.172554 0.392111
v 0.045577 1.197669 0.389224
v 0.006917 1.152168 0.355990
v -0.011396 1.175868 0.342657
v 0.000454 1.161702 0.331010
v 0.021005 1.144417 0.335526
v 0.016092 1.137324 0.357055
v 0.039836 1.136568 0.348064
v 0.025423 1.137867 0.354187
v -0.015311 1.319677 0.310450
v 0.001394 1.338242 0.357850
v -0.005670 1.299485 0.362811
v 0.046662 1.348164 0.314849
v 0.030205 1.346923 0.283513
v -0.002550 1.323669 0.255046
v 0.038087 1.340141 0.240328
v 0.004020 1.299833 0.243080
v 0.025084 1.402773 -0.179385
v 0.029662 1.383007 -0.228297
v 0.065343 1.396572 -0.197601
v 0.041265 1.423004 -0.149077
v 0.087181 1.429709 -0.170761
v 0.082646 1.444941 -0.157002
v 0.073240 1.438817 -0.103343
v 0.123680 1.487806 -0.171149
v 0.114540 1.440600 -0.219382
v 0.135232 1.514316 -0.177040
v 0.114224 1.469978 -0.098305
v 0.057175 1.424981 -0.062338
v 0.121690 1.486605 -0.067279
v 0.143643 1.490171 -0.064644
v 0.111142 1.451840 -0.046689
v 0.054288 1.373589 -0.003155
v 0.084969 1.388355 0.012919
v 0.051468 1.303515 0.029294
v 0.014804 1.320065 0.029784
v 0.084635 1.333397 0.049642
v 0.058130 1.294020 0.044584
v 0.097614 1.366574 0.072615
v 0.098908 1.408587 0.021790
v 0.125071 1.433856 -0.002787
v 0.161369 1.519820 -0.140395
v 0.180937 1.523308 -0.068442
v 0.167672 1.527881 -0.056408
v 0.157963 1.483543 -0.014773
v 0.100987 1.393432 0.052147
v 0.131284 1.441259 0.034347
v 0.174169 1.497922 -0.026061
v 0.163796 1.520828 -0.017980
v 0.152455 1.507960 0.013258
v 0.152257 1.455095 0.039260
v 0.122868 1.377968 0.082859
v 0.173326 1.458932 0.040544
v 0.164281 1.541446 0.027293
v 0.158642 1.536563 -0.032436
v 0.165904 1.500170 0.022027
v 0.140016 1.391340 0.061475
v 0.183863 1.467304 0.060128
v 0.161883 1.395409 0.085773
v 0.141346 1.364364 0.102397
v 0.176417 1.461878 0.080381
v 0.149854 1.381728 0.114975
v 0.166350 1.520828 0.063389
v 0.154621 1.461296 0.108293
v 0.133505 1.389634 0.121803
v 0.138871 1.419865 0.125090
v 0.133248 1.467614 0.107520
v 0.153274 1.496062 0.090205
v 0.163070 1.538113 0.053266
v 0.160604 1.559275 0.048823
v 0.153061 1.510518 0.107310
v 0.129344 1.502922 0.124463
v 0.119956 1.503193 0.115900
v 0.103791 1.508270 0.156045
v 0.120265 1.473583 0.139898
v 0.083307 1.501875 0.209748
v 0.122211 1.434593 0.134041
v 0.133404 1.439127 0.192501
v 0.128431 1.381263 0.148691
v 0.137991 1.379945 0.212442
v 0.113461 1.368318 0.127835
v 0.110270 1.280842 0.122317
v 0.101823 1.307778 0.093133
v 0.108047 1.326692 0.154786
v 0.123654 1.350451 0.193267
v 0.107896 1.280145 0.140639
v 0.115169 1.270184 0.173942
v 0.105822 1.239294 0.161467
v 0.087480 1.253906 0.108988
v 0.075277 1.280881 0.055179
v 0.116228 1.324754 0.212452
v 0.101069 1.297430 0.203499
v 0.111583 1.255883 0.204148
v 0.081478 1.220110 0.191348
v 0.094656 1.210692 0.226065
v 0.070447 1.199026 0.152073
v 0.068771 1.176043 0.165488
v 0.079352 1.167962 0.238225
v 0.059675 1.188174 0.139283
v 0.057757 1.169900 0.210834
v 0.075914 1.144475 0.277332
v 0.047399 1.161237 0.153734
v 0.041527 1.154610 0.210029
v 0.048867 1.125135 0.270239
v 0.036910 1.183348 0.135930
v 0.058081 1.225264 0.091121
v 0.020201 1.227512 0.092009
v 0.044066 1.259061 0.051512
v -0.000777 1.328824 -0.253838
v 0.008292 1.354055 -0.240776
v 0.088478 1.331575 -0.254962
v 0.036842 1.305802 -0.248683
v 0.072152 1.388975 -0.233606
v 0.098030 1.312003 -0.254923
v 0.073712 1.281075 -0.259031
v 0.012343 1.292121 0.377907
v 0.021615 1.334444 0.371357
v 0.039909 1.336653 0.365156
v 0.037918 1.289950 0.378275
v 0.041362 1.335839 0.397731
v 0.051594 1.366961 0.404281
v 0.039676 1.903595 -0.184927
v 0.027254 1.931888 -0.173300
v 0.047297 1.872202 -0.191361
v 0.049012 1.937857 -0.187815
v 0.042520 1.933748 -0.153747
v 0.041125 1.890882 -0.113129
v 0.042583 1.834684 -0.096522
v 0.046454 1.799105 -0.071407
v 0.082651 1.828871 -0.110688
v 0.085085 1.796315 -0.085166
v 0.058822 1.906075 -0.137197
v 0.068550 1.874372 -0.150976
v 0.129346 1.766162 -0.110552
v 0.094431 1.773215 -0.083557
v 0.102070 1.810035 -0.143224
v 0.074245 1.841351 -0.181846
v 0.067649 1.862280 -0.212774
v 0.113677 1.785153 -0.182059
v 0.135925 1.763991 -0.146964
v 0.160342 1.719808 -0.137469
v 0.158046 1.720195 -0.112587
v 0.190355 1.657098 -0.155200
v 0.210470 1.660122 -0.130589
v 0.203290 1.619039 -0.155239
v 0.167401 1.671671 -0.165258
v 0.186537 1.661362 -0.170083
v 0.149587 1.711126 -0.169211
v 0.167735 1.733915 -0.198628
v 0.216148 1.647332 -0.195469
v 0.139101 1.754612 -0.189404
v 0.128971 1.782982 -0.197736
v 0.152169 1.774921 -0.216340
v 0.097492 1.832049 -0.204810
v 0.128266 1.783525 -0.215197
v 0.097604 1.806934 -0.204848
v 0.172192 1.762053 -0.251590
v 0.100030 1.854838 -0.234537
v 0.216574 1.659424 -0.256008
v 0.106106 1.844684 -0.259574
v 0.220305 1.581677 -0.239071
v 0.224587 1.565709 -0.177369
v 0.202554 1.576793 -0.143999
v 0.242338 1.556562 -0.257016
v 0.234800 1.549896 -0.185993
v 0.221060 1.540439 -0.161712
v 0.207776 1.519277 -0.234265
v 0.170007 1.519587 -0.229033
v 0.184948 1.528656 -0.255931
v 0.048145 1.827166 -0.030450
v 0.073553 1.784455 -0.057348
v 0.055770 1.811972 -0.009744
v 0.038029 1.796780 0.000769
v 0.081767 1.766162 -0.026875
v 0.072402 1.733605 0.000343
v 0.120050 1.765154 -0.088828
v 0.112041 1.735388 -0.021778
v 0.142257 1.705390 -0.034520
v 0.135533 1.735156 -0.074391
v 0.171926 1.687097 -0.103847
v 0.169964 1.674772 -0.070981
v 0.200868 1.635162 -0.086755
v 0.210150 1.618884 -0.108575
v 0.177550 1.563073 -0.077783
v 0.168418 1.596482 -0.046825
v 0.159296 1.624930 -0.039703
v 0.123755 1.692987 0.001476
v 0.163448 1.628806 0.005953
v 0.161147 1.607566 0.013753
v 0.191547 1.551911 -0.132799
v 0.193862 1.544702 -0.114563
v 0.181591 1.536331 -0.095650
v 0.142335 1.571522 0.029890
v 0.133362 1.551601 0.066252
v 0.130904 1.563383 0.087888
v 0.118389 1.590979 0.080202
v 0.085829 1.604621 0.130073
v 0.070542 1.577181 0.141182
v 0.137771 1.617411 0.048096
v 0.090635 1.628341 0.101805
v 0.039880 1.587723 0.168796
v 0.066547 1.678337 0.113089
v 0.058270 1.665005 0.084784
v 0.067686 1.720971 0.059845
v 0.055620 1.746860 0.040665
v 0.089287 1.697871 0.050868
v 0.074069 1.711126 0.021112
v 0.115987 1.710119 0.000197
v 0.080245 1.704150 0.005565
v 0.131584 1.664230 0.031707
v 0.079126 1.647022 0.081486
v 0.098328 1.617798 0.066545
v 0.084700 1.642758 0.065249
v 0.009727 1.123371 0.380116
v 0.037637 1.117577 0.360330
v 0.018844 1.156683 0.407149
v 0.021383 1.111686 0.419881
v 0.040204 1.138739 0.420462
v 0.019581 1.092230 0.423602
v 0.018079 1.045062 0.379031
v 0.012023 1.061011 0.392421
v 0.018631 1.063394 0.423834
v 0.017914 1.015907 0.410560
v 0.033267 1.042349 0.432206
v 0.010851 0.952161 0.365756
v 0.034701 0.976927 0.350525
v 0.028257 0.967625 0.417788
v 0.014126 0.946953 0.403894
v 0.021460 0.917517 0.434725
v 0.025583 0.955930 0.472979
v 0.025075 0.886489 0.431198
v 0.014542 0.887882 0.387092
v 0.028330 0.907210 0.352773
v 0.045848 1.544159 0.179237
v 0.052873 1.521215 0.210591
v 0.071639 1.537261 0.152557
v 0.075759 1.528812 0.124087
v 0.114726 1.533463 0.101163
v 0.027778 0.985182 0.465498
v 0.022090 0.962267 0.445073
v 0.025549 1.020422 0.463483
v 0.038954 1.005753 0.428640
v 0.047011 0.933228 0.435113
v 0.077845 1.046884 0.425036
v 0.060596 0.994174 0.426547
v 0.078007 1.076165 0.424571
v 0.072664 1.101435 0.422672
v 0.078610 1.124050 0.415133
v 0.034294 1.055158 0.367830
v 0.053479 1.117693 0.361028
v 0.064013 0.974059 0.353432
v 0.071217 1.047058 0.375485
v 0.080522 1.077890 0.386763
v 0.060019 0.908491 0.350370
v 0.080941 0.982440 0.369884
v 0.079637 0.941532 0.364206
v 0.078434 1.022215 0.413525
v 0.081139 0.955097 0.404746
v 0.084086 1.131607 0.377887
v 0.076401 1.156509 0.405754
v 0.081011 1.147808 0.358237
v 0.086085 1.177031 0.364846
v 0.066695 1.133642 0.356241
v 0.069328 1.139514 0.352676
v 0.057650 1.137964 0.348354
v 0.054574 1.148312 0.338452
v 0.064585 1.146238 0.332851
v 0.052394 1.022980 0.440461
v 0.075934 0.954787 0.416548
v 0.040059 0.869336 0.438252
v 0.056575 0.930244 0.432012
v 0.078189 0.926227 0.422168
v 0.074977 0.890476 0.383856
v 0.062582 0.870707 0.420036
v 0.047864 0.871993 0.343665
v 0.032332 0.868269 0.346494
v 0.056836 1.128720 0.329324
v 0.064791 1.124728 0.307155
v 0.072513 1.139339 0.318434
v 0.079807 1.157865 0.301768
v 0.079189 1.299562 0.243661
v 0.083096 1.324367 0.254193
v 0.077893 1.278246 0.271983
v 0.094322 1.318127 0.298532
v 0.077375 1.259448 0.292156
v 0.089857 1.257859 0.276246
v 0.092593 1.255030 0.297737
v 0.089727 1.221427 0.296245
v 0.106354 1.313127 0.284870
v 0.101693 1.226001 0.265026
v 0.069674 1.339211 0.356106
v 0.107847 1.291578 0.298687
v 0.105236 1.320607 0.324926
v 0.129077 1.326847 0.307814
v 0.061235 1.315181 0.378895
v 0.057732 1.316499 0.400153
v 0.068337 1.359558 0.394824
v 0.065971 1.300570 0.370349
v 0.070854 1.441569 0.368663
v 0.081689 1.320956 0.391879
v 0.085179 1.367426 0.396685
v 0.090797 1.330645 0.373140
v 0.099918 1.397192 0.376725
v 0.098141 1.439321 0.374341
v 0.114532 1.360915 0.380097
v 0.095095 1.332700 0.348703
v 0.090720 1.299950 0.363353
v 0.100942 1.292198 0.334518
v 0.113616 1.332893 0.355486
v 0.129797 1.345451 0.343781
v 0.124208 1.377542 0.351649
v 0.121620 1.399323 0.349653
v 0.117657 1.445794 0.335022
v 0.137929 1.377852 0.285335
v 0.138260 1.348861 0.266073
v 0.115562 1.313592 0.255385
v 0.104007 1.269913 0.249087
v 0.102986 1.279253 0.225794
v 0.110814 1.237395 0.232954
v 0.076631 1.201080 0.251345
v 0.083655 1.181255 0.272971
v 0.065561 1.172748 0.399940
v 0.080347 1.192747 0.378430
v 0.075413 1.219800 0.364342
v 0.086761 1.221621 0.327929
v 0.081515 1.191817 0.311341
v 0.071857 1.244294 0.320953
v 0.073742 1.477575 0.342018
v 0.109347 1.459552 0.354788
v 0.124349 1.416532 0.354904
v 0.095095 1.481295 0.299036
v 0.118740 1.446297 0.302485
v 0.118193 1.459552 0.269754
v 0.096683 1.439050 0.309946
v 0.096256 1.423353 0.310256
v 0.119576 1.433972 0.318802
v 0.118986 1.434166 0.290431
v 0.119484 1.391184 0.309054
v 0.129521 1.434825 0.270743
v 0.124443 1.454630 0.259174
v 0.117457 1.447227 0.247353
v 0.114209 1.464281 0.231734
v 0.118465 1.465560 0.202045
v 0.112667 1.459049 0.174203
v 0.129019 1.443042 0.211066
v 0.122929 1.449010 0.163467
v 0.124829 1.457304 0.236549
v 0.144936 1.408819 0.229253
v 0.089345 1.154629 0.333685
v 0.076241 1.168582 0.322639
v 0.099448 1.179841 0.343296
v -0.027701 1.292158 -0.260396
v -0.028283 1.291819 -0.260396
v -0.028964 1.294135 -0.260396
v -0.031013 1.321525 -0.260396
v -0.029885 1.327031 -0.260396
v -0.031645 1.286962 -0.260396
v -0.029420 1.284741 -0.260396
v -0.012575 1.286433 -0.260396
v 0.065193 1.279496 -0.260396
v 0.078548 1.277090 -0.260396
v 0.087783 1.286103 -0.260396
v 0.122340 1.426479 -0.260396
v 0.141730 1.484808 -0.260396
v 0.142746 1.487297 -0.260396
v 0.109176 1.404788 -0.260396
v 0.108988 1.404618 -0.260396
v 0.109331 1.405034 -0.260396
v 0.108707 1.404430 -0.260396
v 0.101332 1.332248 -0.260396
v 0.109020 1.316650 -0.260396
v 0.106178 1.298812 -0.260396
v 0.101453 1.336016 -0.260396
v 0.112276 1.359387 -0.260396
v 0.114818 1.382961 -0.260396
v -0.019454 1.335817 -0.260396
v -0.029872 1.350321 -0.260396
v -0.035420 1.364886 -0.260396
v -0.125551 1.520183 -0.260396
v -0.126698 1.520375 -0.260396
v -0.152231 1.530177 -0.260396
v -0.115457 1.524875 -0.260396
v -0.104501 1.529765 -0.260396
v -0.157876 1.558614 -0.260396
v -0.163860 1.555581 -0.260396
v -0.144047 1.580198 -0.260396
v -0.137486 1.578386 -0.260396
v -0.137486 1.586237 -0.260396
v -0.138969 1.593992 -0.260396
v 0.154865 1.498649 -0.260396
v 0.188131 1.527877 -0.260396
v 0.191045 1.526563 -0.260396
v 0.242680 1.556404 -0.260396
v 0.239122 1.559682 -0.260396
v 0.243657 1.553908 -0.260396
v 0.230083 1.524759 -0.260396
v 0.215187 1.517563 -0.260396
v -0.135301 1.619919 -0.260396
v -0.133181 1.647329 -0.260396
v -0.098303 1.744858 -0.260396
v -0.072426 1.786019 -0.260396
v -0.087073 1.766922 -0.260396
v -0.061233 1.802239 -0.260396
v -0.043261 1.820045 -0.260396
v -0.020578 1.848491 -0.260396
v -0.020579 1.848818 -0.260396
v 0.221066 1.578922 -0.260396
v 0.217407 1.623086 -0.260396
v 0.216435 1.653599 -0.260396
v 0.138576 1.809570 -0.260396
v 0.159416 1.781512 -0.260396
v 0.110579 1.839745 -0.260396
v 0.079785 1.904856 -0.260396
v 0.101707 1.854841 -0.260396
v 0.075261 1.909390 -0.260396
v 0.048365 1.931574 -0.260396
v 0.024780 1.921632 -0.260396
v 0.013137 1.920146 -0.260396
v 0.037550 1.931433 -0.260396
v 0.000128 1.898486 -0.260396
v -0.017513 1.857034 -0.260396
v -0.020112 1.851466 -0.260396
v 0.105835 1.846063 -0.260396
v 0.105688 1.847042 -0.260396
v 0.106103 1.844586 -0.260396
v 0.213209 1.664874 -0.260396
v 0.206744 1.681603 -0.260396
v 0.169761 1.766746 -0.260396
v 0.144358 1.488482 -0.260396
v -0.160248 1.542213 -0.260396
v -0.057082 1.483084 -0.260396
v -0.101079 1.526128 -0.260396
v -0.103238 1.527800 -0.260396
v -0.103974 1.528746 -0.260396
v -0.042277 1.428978 -0.260396
v -0.055012 1.478210 -0.260396
v -0.056308 1.481251 -0.260396
v -0.024585 1.404834 -0.260396
v -0.034234 1.398686 -0.260396
v 0.114507 1.390282 -0.260396
v 0.076483 0.893013 0.427546
v 0.078339 0.895984 0.425690
v 0.078633 0.898676 0.425396
v 0.078396 0.910343 0.425633
v 0.078904 0.925593 0.425125
v 0.076976 0.955157 0.427053
v 0.073734 0.951954 0.430295
v 0.077860 0.959854 0.426169
v 0.080971 0.961435 0.423058
v 0.025606 0.948537 0.478423
v 0.026839 0.959440 0.477190
v 0.029264 0.982670 0.474765
v 0.037107 0.985616 0.466922
v 0.036889 0.993147 0.467140
v 0.037857 1.020343 0.466172
v 0.056003 1.022317 0.448026
v 0.061975 1.017928 0.442054
v 0.069138 1.000765 0.434891
v 0.070473 0.981190 0.433556
v 0.062264 0.937404 0.441765
v 0.066914 0.926824 0.437115
v 0.048795 0.880471 0.455235
v 0.043747 0.883565 0.460282
v 0.064609 0.880100 0.439420
v 0.038607 0.896321 0.465422
v 0.025547 0.925592 0.478483
v 0.024893 0.931219 0.479136
vn -0.0000 -0.0000 -1.0000
vn -0.0001 -0.0000 -1.0000
vn 0.7071 -0.0000 0.7071
vn 0.7072 -0.0000 0.7070
vn 0.9159 -0.3595 0.1783
vn 0.9183 -0.3952 0.0225
vn 0.9079 -0.4192 0.0062
vn 0.6837 -0.6989 0.2100
vn 0.6073 -0.7939 -0.0300
vn 0.6040 -0.7968 0.0149
vn 0.4654 -0.8849 -0.0194
vn 0.4235 -0.5346 0.7314
vn 0.6426 -0.3994 0.6539
vn 0.3794 -0.7203 0.5807
vn 0.6285 -0.6958 0.3477
vn 0.6281 -0.6960 0.3478
vn 0.5339 0.0227 0.8452
vn 0.5252 -0.0566 0.8491
vn 0.4364 -0.2021 0.8768
vn -0.9840 0.1392 0.1110
vn -0.9960 0.0770 -0.0460
vn -0.9330 0.3336 -0.1351
vn -0.8804 0.4481 0.1552
vn 0.5656 -0.6437 0.5155
vn 0.6883 -0.7113 0.1425
vn 0.5651 -0.7685 0.3001
vn 0.1790 -0.9836 0.0200
vn 0.4844 -0.8472 -0.2182
vn 0.6496 -0.7472 -0.1404
vn 0.4959 -0.4748 0.7271
vn 0.8327 -0.4649 -0.3009
vn 0.1205 -0.6934 -0.7104
vn 0.5843 -0.0216 0.8113
vn 0.9480 -0.1231 0.2935
vn 0.9215 -0.1844 0.3417
vn 0.8304 -0.5565 -0.0280
vn 0.8389 -0.5433 -0.0321
vn 0.5235 -0.5680 -0.6351
vn 0.5131 -0.5622 -0.6486
vn 0.5157 -0.5594 -0.6490
vn 0.9419 -0.2703 -0.1994
vn 0.8381 -0.4307 -0.3347
vn 0.9457 -0.1846 -0.2677
vn 0.7467 -0.5506 0.3732
vn 0.7158 -0.4091 -0.5659
vn 0.0401 -0.8409 -0.5397
vn 0.0508 -0.5993 -0.7989
vn -0.5400 0.1953 -0.8187
vn -0.8218 -0.5625 -0.0905
vn -0.8204 -0.5378 -0.1940
vn -0.8384 -0.2175 -0.4997
vn -0.8447 -0.2047 -0.4946
vn -0.7292 -0.6196 -0.2906
vn -0.4803 -0.6611 -0.5764
vn -0.4650 -0.5274 -0.7111
vn -0.6466 -0.7396 0.1869
vn -0.6168 -0.7857 0.0480
vn -0.6275 -0.7786 -0.0055
vn -0.4943 -0.8671 -0.0621
vn -0.4243 -0.4612 0.7792
vn -0.6486 -0.4248 0.6316
vn -0.8145 -0.5071 0.2818
vn -0.5412 -0.7435 0.3929
vn -0.3613 -0.8758 0.3201
vn 0.0279 -0.9259 0.3768
vn 0.1638 -0.9585 0.2332
vn -0.3560 -0.1358 0.9246
vn 0.0421 -0.4215 0.9058
vn 0.0255 -0.4668 0.8840
vn 0.0053 0.2267 0.9740
vn 0.0964 0.0490 0.9941
vn 0.3745 0.1846 0.9087
vn -0.9970 -0.0001 -0.0772
vn 0.2352 0.8514 -0.4689
vn -0.8375 0.5366 0.1033
vn -0.7732 -0.3266 0.5436
vn -0.5597 -0.5721 0.5996
vn -0.4260 -0.5504 0.7180
vn -0.6208 -0.4829 0.6175
vn -0.7295 -0.3772 0.5706
vn 0.4072 -0.9124 -0.0411
vn 0.4165 -0.8961 -0.1532
vn -0.4513 0.8904 0.0591
vn -0.8847 -0.2390 0.4003
vn -0.7982 -0.5317 0.2832
vn -0.3555 -0.9262 0.1255
vn -0.1630 -0.9724 0.1667
vn -0.8289 -0.5577 0.0439
vn -0.9237 0.3526 0.1499
vn -0.8204 0.4767 0.3157
vn -0.8558 0.1578 0.4926
vn -0.8818 0.1829 0.4347
vn -0.9902 0.1393 -0.0101
vn -0.6476 0.6905 0.3221
vn -0.6247 0.3895 0.6768
vn -0.8235 0.4519 0.3431
vn -0.5300 0.4161 0.7389
vn -0.6326 0.3262 0.7025
vn -0.5716 0.4652 0.6759
vn -0.7421 0.5296 0.4108
vn -0.7536 0.4885 0.4399
vn 0.1926 0.0718 0.9786
vn -0.6922 -0.4904 -0.5294
vn -0.9291 0.1353 0.3441
vn -0.3860 0.6055 0.6960
vn -0.3943 0.6184 0.6797
vn -0.7625 0.5956 0.2526
vn -0.7730 0.6236 -0.1170
vn -0.8510 0.3621 0.3804
vn 0.9011 0.3482 -0.2586
vn 0.8940 0.2557 -0.3680
vn 0.9968 0.0317 -0.0738
vn -0.9847 0.1736 0.0142
vn -1.0000 -0.0018 -0.0030
vn -0.7749 0.6179 -0.1332
vn 0.7478 -0.3482 0.5653
vn 0.4279 -0.8858 0.1795
vn -0.3491 -0.9363 -0.0376
vn -0.3491 -0.9363 -0.0375
vn -0.8187 0.5649 0.1027
vn -0.7024 0.7090 -0.0623
vn -0.8187 0.5650 0.1027
vn 0.7378 -0.6748 0.0150
vn 0.6700 -0.7366 0.0922
vn 0.0302 -0.9610 0.2748
vn 0.8302 0.1628 0.5332
vn 0.7018 0.0102 0.7123
vn 0.4442 -0.5795 0.6833
vn 0.7358 -0.6719 -0.0846
vn 0.0565 -0.9260 -0.3732
vn 0.8598 -0.1874 0.4749
vn 0.9448 -0.0709 0.3198
vn 0.9390 -0.0576 0.3391
vn 0.9264 -0.0620 0.3714
vn 0.8794 0.4445 0.1703
vn 0.9700 0.2173 -0.1093
vn 0.9360 0.3326 -0.1156
vn 0.6858 0.6965 -0.2112
vn 0.0709 0.8673 0.4927
vn 0.2027 0.7391 0.6423
vn 0.9511 0.1656 0.2607
vn 0.9850 -0.1255 0.1183
vn 0.4906 0.5078 0.7082
vn 0.6549 0.3686 0.6597
vn 0.1048 0.4622 0.8806
vn 0.0702 0.3517 0.9335
vn -0.8465 0.0932 0.5242
vn 0.3147 -0.1576 0.9360
vn 0.0435 -0.6000 0.7988
vn -0.7710 -0.5208 0.3666
vn -0.0339 -0.8349 -0.5493
vn 0.6172 -0.6476 -0.4469
vn 0.6833 -0.5012 -0.5310
vn 0.8732 -0.3771 -0.3086
vn 0.9378 -0.1810 0.2963
vn 0.9363 -0.1803 0.3012
vn 0.7881 0.0045 0.6155
vn 0.8802 0.2640 0.3943
vn 0.9458 0.3023 0.1185
vn 0.8770 0.0191 -0.4800
vn 0.9692 0.0683 -0.2365
vn 0.3796 -0.3212 -0.8676
vn 0.1339 -0.4378 -0.8891
vn 0.5916 0.1249 -0.7965
vn 0.1199 -0.3471 -0.9301
vn 0.7293 -0.6842 0.0057
vn 0.7145 -0.6949 -0.0815
vn 0.8102 0.0074 -0.5861
vn 0.9563 -0.0165 -0.2920
vn 0.7511 -0.3624 -0.5519
vn 0.7870 -0.4656 -0.4047
vn 0.7310 -0.5471 -0.4078
vn 0.7234 -0.6722 0.1577
vn 0.9684 -0.1747 -0.1782
vn 0.8407 -0.3174 -0.4387
vn 0.6621 -0.5656 -0.4916
vn 0.2336 -0.5402 -0.8085
vn 0.2495 -0.7632 -0.5960
vn 0.7514 -0.5105 -0.4180
vn 0.7509 -0.5062 -0.4241
vn 0.4804 -0.5760 -0.6614
vn 0.3195 -0.3062 -0.8968
vn 0.6607 0.3116 -0.6829
vn -0.0606 -0.7698 -0.6354
vn -0.3771 -0.6097 -0.6972
vn -0.7744 -0.4773 -0.4153
vn -0.8647 -0.3301 -0.3785
vn -0.7729 -0.3643 -0.5196
vn -0.7853 -0.4044 -0.4688
vn -0.9437 -0.2125 0.2534
vn -0.9686 -0.1013 0.2272
vn -0.8690 -0.2472 0.4287
vn -0.7748 0.0375 -0.6311
vn -0.5044 -0.8464 0.1705
vn -0.9950 0.0900 0.0436
vn 0.1743 -0.2634 0.9488
vn -0.4734 0.0169 0.8807
vn -0.4144 0.2276 0.8812
vn -0.7468 0.2265 0.6253
vn -0.7579 0.3270 0.5644
vn -0.9616 0.0610 0.2676
vn -0.9057 0.2418 0.3481
vn -0.0920 0.6707 0.7360
vn 0.0290 0.7234 0.6898
vn -0.3055 0.7542 0.5812
vn -0.2729 0.9355 0.2243
vn -0.7882 0.5849 -0.1913
vn -0.9760 -0.2053 0.0730
vn -0.9553 -0.2713 0.1172
vn -0.4316 0.4887 -0.7582
vn -0.9230 0.0694 0.3786
vn -0.7521 0.1851 -0.6326
vn -0.9616 0.0308 -0.2727
vn -0.9189 0.0230 -0.3939
vn -0.9448 -0.2779 -0.1733
vn -0.7981 -0.4369 -0.4149
vn -0.7295 -0.5884 -0.3486
vn 0.0561 -0.7165 -0.6953
vn 0.7946 -0.5811 -0.1759
vn -0.7033 -0.6173 -0.3527
vn -0.4516 -0.6536 -0.6074
vn -0.4725 -0.5307 -0.7036
vn -0.5001 -0.5206 -0.6920
vn -0.8404 -0.5415 0.0241
vn -0.8630 -0.5045 0.0264
vn -0.8521 -0.0377 0.5220
vn -0.7526 -0.5850 -0.3021
vn -0.8525 -0.3182 -0.4147
vn -0.5718 -0.5885 0.5715
vn -0.6108 0.0793 0.7878
vn -0.8378 0.5236 0.1548
vn -0.9490 0.0093 0.3152
vn -0.9527 -0.0642 0.2972
vn -0.9932 -0.0085 0.1163
vn -0.9781 0.2080 -0.0028
vn -0.9071 0.1025 0.4082
vn -0.5789 0.1800 0.7952
vn -0.8555 -0.1720 0.4883
vn -0.9530 0.1595 0.2577
vn -0.9902 -0.0521 -0.1298
vn -0.9005 -0.3848 0.2026
vn -0.7592 0.5225 0.3880
vn -0.7395 0.6486 0.1800
vn -0.6245 0.4750 -0.6201
vn -0.6262 0.4513 -0.6358
vn -0.6711 0.4818 -0.5635
vn -0.8834 0.4625 0.0752
vn -0.8420 0.4960 -0.2120
vn -0.8026 0.5771 -0.1507
vn -0.7042 0.6770 0.2138
vn -0.8673 0.4823 0.1233
vn -0.8547 0.4488 -0.2609
vn -0.8800 0.3975 -0.2599
vn -0.2858 0.1253 -0.9501
vn -0.3083 0.9506 0.0368
vn 0.0782 0.9308 -0.3570
vn 0.6637 0.6775 0.3169
vn 0.6214 0.7040 0.3439
vn 0.5189 0.6565 0.5476
vn 0.5496 0.5483 0.6303
vn 0.9143 0.4007 0.0593
vn 0.6783 0.3462 0.6481
vn 0.9860 0.1480 -0.0771
vn 0.9836 0.1784 -0.0252
vn 0.7317 0.6765 -0.0834
vn 0.7296 0.6769 -0.0975
vn 0.8164 0.5720 0.0794
vn 0.9164 0.3981 -0.0409
vn 0.9159 0.3924 0.0848
vn 0.8220 0.4713 0.3196
vn 0.6977 0.4115 0.5864
vn 0.4298 0.4248 0.7967
vn 0.6444 0.3586 0.6754
vn 0.8740 0.3622 -0.3239
vn 0.8701 0.3645 -0.3318
vn 0.7917 0.5938 -0.1438
vn 0.8122 0.5703 -0.1227
vn 0.8637 0.4156 -0.2852
vn 0.8502 0.4712 0.2346
vn 0.7950 0.5922 0.1316
vn 0.6606 0.4931 0.5660
vn 0.6206 0.3015 0.7239
vn 0.3292 0.9262 0.1839
vn 0.7540 0.5568 0.3485
vn 0.8182 0.4981 0.2871
vn 0.8475 0.5261 0.0700
vn 0.9077 0.4125 0.0773
vn 0.5866 0.4677 -0.6612
vn 0.5532 0.6419 -0.5310
vn 0.7344 0.2502 -0.6309
vn 0.9362 0.3183 -0.1490
vn 0.9818 -0.0646 -0.1784
vn 0.8465 0.1231 0.5180
vn 0.8913 0.1840 0.4143
vn 0.9947 0.0929 -0.0450
vn 0.7834 0.6128 0.1042
vn 0.7278 0.6830 -0.0622
vn 0.9895 -0.0740 -0.1243
vn 0.8895 -0.3774 0.2577
vn 0.8352 -0.2067 0.5095
vn 0.9450 0.1482 0.2914
vn 0.7009 0.5429 0.4626
vn 0.8092 0.5326 0.2480
vn 0.6469 0.2131 0.7322
vn 0.8454 0.1422 0.5149
vn 0.9375 0.3290 -0.1132
vn 0.9898 -0.0596 0.1297
vn 0.7253 0.1667 0.6680
vn 0.8292 0.2791 0.4843
vn 0.8329 0.0577 0.5504
vn 0.7561 0.2017 0.6225
vn 0.8238 0.3575 0.4400
vn 0.7930 0.4682 0.3897
vn 0.6532 -0.0583 0.7549
vn 0.6588 -0.0225 0.7520
vn 0.8895 -0.3512 0.2923
vn 0.7015 0.4063 0.5855
vn 0.4104 0.4555 0.7900
vn 0.5127 0.8529 0.0986
vn 0.1046 0.9910 -0.0832
vn 0.7389 -0.2233 0.6357
vn 0.6199 -0.2827 0.7320
vn 0.9065 0.2858 0.3108
vn 0.9275 -0.0098 0.3737
vn 0.9780 0.0779 -0.1933
vn 0.9717 0.1318 -0.1962
vn 0.9638 -0.0846 -0.2529
vn 0.9864 0.0748 -0.1464
vn 0.9237 -0.3542 -0.1459
vn 0.9224 -0.3637 -0.1302
vn 0.9726 -0.1463 0.1805
vn 0.9727 -0.0482 -0.2269
vn 0.9481 -0.1814 -0.2613
vn 0.8878 0.1312 -0.4411
vn 0.9910 -0.0418 0.1268
vn 0.4973 -0.5067 0.7043
vn 0.9434 0.2423 0.2267
vn 0.7836 -0.5924 -0.1874
vn 0.7623 -0.4904 -0.4224
vn 0.8538 -0.4482 -0.2649
vn 0.7648 -0.5495 0.3364
vn 0.8308 -0.1446 0.5374
vn 0.9103 -0.3756 -0.1741
vn 0.0622 -0.9909 -0.1191
vn 0.4686 -0.7749 -0.4242
vn 0.6329 -0.6496 -0.4212
vn 0.6860 -0.7274 -0.0141
vn -0.3593 -0.9217 -0.1460
vn -0.6799 -0.7307 0.0620
vn -0.5487 -0.8348 0.0450
vn -0.9555 -0.1432 -0.2578
vn -0.9566 -0.1742 -0.2336
vn -0.7981 -0.5833 -0.1512
vn -0.7947 -0.0985 0.5989
vn -0.8178 -0.4820 0.3144
vn -0.9683 -0.1805 0.1729
vn -0.9262 0.0956 -0.3647
vn -0.8355 -0.1534 0.5276
vn -0.6867 -0.6964 0.2085
vn -0.9992 -0.0378 -0.0137
vn -0.8679 -0.4398 -0.2310
vn -0.8968 -0.4049 -0.1782
vn -0.9983 0.0580 -0.0063
vn -0.9726 -0.2324 -0.0056
vn -0.9471 0.2151 0.2383
vn -0.8176 0.2849 0.5003
vn -0.5645 0.8225 -0.0702
vn -0.9475 0.2671 0.1757
vn -0.7922 0.1068 0.6009
vn -0.9875 0.0189 0.1566
vn -0.5928 -0.4398 0.6746
vn -0.1499 -0.3135 0.9377
vn -0.3418 -0.4952 0.7987
vn -0.6322 -0.2904 0.7183
vn -0.5853 -0.2911 0.7567
vn -0.2115 -0.0402 0.9766
vn 0.0950 -0.0447 0.9945
vn -0.1051 -0.1716 0.9795
vn -0.1028 0.4174 0.9029
vn -0.1174 0.4312 0.8946
vn -0.2665 0.1479 0.9524
vn 0.5165 0.1605 0.8411
vn 0.4745 0.4987 0.7254
vn -0.1160 0.5968 0.7939
vn 0.0752 0.6711 0.7375
vn 0.3614 0.8962 0.2571
vn 0.2190 0.9567 0.1916
vn 0.5303 0.8262 0.1901
vn 0.4901 0.7521 0.4406
vn -0.0158 0.8052 0.5928
vn -0.0966 0.9661 0.2394
vn -0.3253 0.9106 0.2549
vn -0.3696 0.8814 0.2940
vn -0.0641 0.7323 0.6779
vn -0.1056 0.9672 0.2311
vn 0.2125 0.4060 0.8888
vn 0.2150 0.4034 0.8894
vn 0.0991 0.3250 0.9405
vn -0.7944 0.0121 0.6073
vn -0.5472 0.0406 0.8360
vn -0.8516 0.2896 0.4369
vn -0.9982 0.0204 0.0567
vn -0.9921 0.1243 0.0150
vn -0.7443 -0.0374 -0.6668
vn 0.3436 0.5571 0.7560
vn -0.9992 0.0395 0.0009
vn 0.3764 0.9232 -0.0776
vn -0.7827 -0.1931 0.5916
vn -0.8910 0.4068 0.2015
vn -0.9470 0.0408 -0.3187
vn -0.8451 0.5312 0.0599
vn -0.7897 0.6134 -0.0078
vn -0.9905 -0.1374 -0.0108
vn -0.7077 0.6898 -0.1531
vn -0.8588 0.4121 0.3043
vn -0.8931 0.2029 0.4014
vn -0.7121 0.6246 0.3205
vn -0.4814 0.8705 0.1028
vn -0.8557 0.5146 -0.0540
vn -0.9755 -0.0188 0.2193
vn -0.4807 -0.3148 0.8184
vn -0.6511 -0.0517 0.7573
vn -0.6920 -0.0176 0.7216
vn -0.9146 -0.3357 0.2256
vn -0.9837 -0.0281 0.1778
vn -0.7669 0.4862 0.4189
vn -0.7958 0.3188 0.5148
vn -0.6987 0.1806 0.6923
vn -0.7802 0.2050 0.5909
vn -0.8241 0.1718 0.5398
vn -0.9033 -0.3106 0.2960
vn -0.8340 0.0881 0.5447
vn -0.8796 0.2633 0.3962
vn -0.8205 0.4905 0.2936
vn -0.8236 0.5442 -0.1599
vn -0.9095 0.1809 0.3744
vn -0.6886 0.5053 0.5201
vn 0.1207 -0.0674 0.9904
vn -0.2861 -0.9573 -0.0401
vn -0.2450 0.6248 0.7414
vn 0.0113 0.6393 0.7689
vn -0.4097 0.8010 -0.4364
vn 0.1372 0.6777 0.7225
vn 0.3520 0.6491 0.6743
vn 0.3500 0.6452 0.6791
vn 0.3990 0.5179 0.7567
vn 0.7927 0.2403 0.5602
vn 0.8745 0.4839 0.0330
vn 0.8731 0.4844 0.0555
vn 0.5959 0.6508 -0.4705
vn 0.2258 0.8589 0.4598
vn 0.6011 0.6144 0.5111
vn 0.5657 0.7265 0.3901
vn 0.7303 0.5877 0.3482
vn -0.4635 0.7398 -0.4877
vn -0.2690 0.8440 -0.4641
vn -0.0919 0.5675 0.8182
vn 0.3466 0.5658 0.7481
vn 0.3556 0.2733 0.8938
vn -0.3666 0.2549 0.8948
vn -0.1227 0.4345 0.8923
vn -0.6068 0.4936 0.6231
vn -0.6367 0.1380 0.7587
vn -0.6608 0.7476 -0.0673
vn -0.5148 0.4613 0.7226
vn -0.5207 0.7685 0.3719
vn -0.6651 0.6338 0.3948
vn -0.7882 0.5634 0.2478
vn -0.7414 0.5657 0.3609
vn -0.8493 0.4879 0.2016
vn 0.8645 0.4220 -0.2731
vn -0.7128 0.4922 0.4997
vn -0.7052 0.4996 0.5030
vn -0.2162 0.9734 0.0762
vn 0.7776 0.5892 0.2192
vn 0.9559 0.2937 -0.0009
vn 0.8849 0.0020 -0.4658
vn -0.5691 0.0862 -0.8177
vn 0.3808 0.6294 0.6773
vn -0.9086 0.3131 0.2763
vn 0.5849 0.4190 0.6945
vn -0.3966 0.6584 0.6397
vn -0.8824 0.4700 -0.0231
vn -0.6063 0.3039 0.7349
vn -0.6848 0.3086 0.6602
vn -0.0896 0.6354 0.7670
vn 0.0454 0.8133 0.5800
vn 0.3706 0.1955 0.9080
vn 0.6720 0.7008 0.2395
vn 0.7139 0.5197 0.4694
vn 0.7607 0.3840 0.5233
vn 0.8574 0.1499 0.4923
vn 0.1259 0.1305 0.9834
vn 0.2051 0.9208 -0.3317
vn 0.4028 0.8948 0.1926
vn 0.6743 0.6144 0.4098
vn 0.8273 0.5296 -0.1872
vn 0.7514 0.5814 0.3121
vn -0.0014 0.5948 0.8038
vn -0.0927 0.6166 0.7818
vn -0.4653 0.2281 0.8553
vn -0.7603 0.3216 0.5643
vn -0.5331 0.3844 0.7537
vn -0.7075 0.6480 0.2821
vn -0.5715 0.3973 -0.7180
vn -0.0646 0.7421 -0.6671
vn -0.5496 0.4363 0.7124
vn -0.4217 0.3278 0.8454
vn 0.0318 0.2304 0.9726
vn -0.0091 0.9056 -0.4239
vn -0.0569 0.9297 -0.3640
vn -0.7823 0.4795 -0.3976
vn -0.7234 0.6880 -0.0574
vn -0.3695 0.9048 -0.2119
vn -0.4727 0.8800 -0.0465
vn -0.7418 0.1172 -0.6603
vn -0.1841 -0.4067 0.8948
vn -0.7201 0.2846 0.6328
vn -0.4955 0.2779 0.8229
vn -0.5586 0.4481 0.6980
vn -0.2602 0.0884 0.9615
vn 0.2655 0.0570 0.9624
vn 0.4417 0.3095 0.8421
vn 0.0170 0.5947 0.8038
vn 0.7640 0.4683 -0.4440
vn 0.6520 0.7050 0.2789
vn 0.8406 0.5413 0.0216
vn 0.8612 0.4790 0.1699
vn -0.4020 -0.9100 0.1010
vn 0.5871 0.3283 0.7400
vn 0.4102 0.2692 0.8714
vn 0.4610 0.3883 0.7979
vn -0.4311 0.3653 0.8251
vn -0.6101 0.3620 0.7048
vn -0.1674 0.6929 0.7014
vn 0.2262 0.3645 0.9033
vn 0.5845 0.2462 0.7731
vn 0.2136 -0.8568 0.4693
vn 0.2701 0.5658 -0.7791
vn -0.4171 0.8986 -0.1363
vn -0.5471 0.8017 -0.2405
vn -0.5019 0.4658 0.7288
vn 0.0274 -0.2953 -0.9550
vn 0.6075 0.2272 -0.7612
vn -0.0724 -0.0461 0.9963
vn -0.2739 0.6508 0.7082
vn -0.5103 0.8143 0.2766
vn -0.2767 0.5201 0.8081
vn -0.6535 0.5981 0.4640
vn -0.7364 0.5578 0.3829
vn -0.4520 0.0372 0.8913
vn -0.7625 0.5427 0.3522
vn -0.3487 0.4041 0.8456
vn -0.8180 0.1362 0.5588
vn -0.7647 0.4429 0.4681
vn -0.2570 0.1021 0.9610
vn -0.6973 0.6574 0.2856
vn -0.7445 0.2016 0.6365
vn -0.1858 0.2048 0.9610
vn 0.7275 0.2526 0.6379
vn 0.6933 0.2150 0.6878
vn 0.9902 0.0627 0.1247
vn 0.5927 0.7043 0.3908
vn 0.4746 0.8573 0.1996
vn -0.7356 0.2183 0.6413
vn -0.5595 0.7010 0.4421
vn -0.3650 0.5086 0.7798
vn -0.5745 0.7397 0.3506
vn -0.5314 0.7440 0.4051
vn -0.9417 0.2538 0.2210
vn -0.9680 0.2114 0.1353
vn -0.9107 0.1598 0.3808
vn -0.9938 -0.0211 0.1088
vn -0.7975 -0.4054 0.4469
vn -0.8115 0.5839 -0.0229
vn -0.9303 0.3624 -0.0561
vn -0.6533 0.7512 0.0944
vn -0.7193 0.6788 0.1476
vn -0.7919 0.6106 -0.0111
vn -0.7438 -0.5723 -0.3455
vn -0.7412 0.6273 0.2389
vn -0.7849 0.6185 0.0377
vn -0.6631 -0.7470 -0.0471
vn -0.7370 -0.2751 0.6174
vn -0.7404 0.5364 0.4052
vn -0.6867 0.7113 0.1501
vn -0.5129 0.8486 0.1298
vn -0.0934 0.8214 0.5627
vn 0.5875 0.7463 0.3129
vn 0.2768 0.9242 0.2629
vn 0.7249 0.6860 0.0624
vn 0.7731 0.6342 -0.0021
vn 0.7260 0.6746 0.1331
vn 0.7256 0.6794 0.1087
vn 0.8362 -0.5465 -0.0463
vn 0.8178 0.4421 0.3684
vn 0.6993 0.7148 0.0002
vn 0.6784 0.7346 0.0053
vn -0.9447 0.1942 -0.2641
vn 0.9532 0.2956 0.0636
vn -0.2650 0.7886 0.5548
vn 0.4138 0.8752 0.2507
vn 0.8587 0.2121 0.4665
vn 0.8274 0.2508 0.5025
vn 0.9528 0.1993 0.2291
vn 0.6969 0.7018 0.1475
vn 0.9721 0.1198 0.2017
vn 0.9876 -0.1467 0.0561
vn 0.9815 -0.0979 0.1643
vn 0.9999 0.0107 0.0012
vn 0.6627 -0.7127 -0.2301
vn 0.7832 -0.5754 0.2355
vn 0.8510 -0.5114 -0.1197
vn 0.9533 -0.2956 -0.0621
vn 0.8739 -0.1159 0.4721
vn 0.8784 0.0838 -0.4705
vn 0.5751 -0.2638 0.7744
vn 0.9550 0.0554 0.2913
vn 0.9986 -0.0531 -0.0014
vn 0.2736 -0.2275 0.9345
vn -0.3811 -0.0304 0.9240
vn 0.4662 -0.6152 0.6357
vn -0.9405 0.2093 0.2676
vn -0.9897 0.1327 0.0546
vn 0.0650 0.7959 0.6020
vn 0.0507 0.7300 0.6815
vn 0.0521 0.7317 0.6796
vn 0.0515 0.9972 0.0546
vn 0.2492 0.8365 0.4880
vn 0.8833 0.3234 0.3395
vn -0.3474 -0.0120 0.9377
vn 0.9341 -0.0950 0.3441
vn 0.9020 -0.3103 0.3003
vn 0.9881 -0.1536 0.0073
vn 0.9768 -0.2104 -0.0403
vn 0.9128 -0.4015 0.0746
vn 0.6059 -0.7485 -0.2696
vn 0.1037 -0.9930 -0.0557
vn -0.3973 -0.8424 -0.3640
vn -0.4751 -0.8007 -0.3649
vn -0.9445 -0.3278 -0.0232
vn -0.8099 -0.3175 0.4932
vn -0.7962 -0.6030 -0.0496
vn 0.1771 -0.8963 0.4067
vn -0.1167 -0.8352 -0.5375
vn -0.5609 -0.5301 -0.6359
vn -0.5846 -0.0511 -0.8097
vn -0.9450 -0.0965 -0.3125
vn -0.9601 -0.2028 -0.1926
vn -0.9959 0.0691 0.0587
vn -0.9947 0.0458 0.0917
vn -0.9814 -0.1824 0.0594
vn -0.3902 0.6178 0.6827
vn -0.4010 0.6677 -0.6272
vn -0.7663 -0.6406 -0.0496
vn -0.7735 -0.5657 -0.2859
vn -0.9395 0.3069 -0.1521
vn -0.6594 -0.0288 0.7512
vn -0.6890 -0.1756 0.7032
vn -0.6776 -0.1885 0.7109
vn 0.1010 0.4276 0.8983
vn -0.0158 0.0160 0.9997
vn -0.0142 0.0085 0.9999
vn -0.9785 0.0339 0.2033
vn 0.0043 0.0758 0.9971
vn -0.0156 0.1892 0.9818
vn -0.9366 0.1475 0.3179
vn -0.9570 0.0277 0.2887
vn -0.9631 0.0490 0.2645
vn -0.1173 0.6700 0.7330
vn 0.0238 0.3510 0.9361
vn 0.3858 0.5283 0.7564
vn 0.3155 0.5770 0.7533
vn 0.3212 0.4828 0.8147
vn -0.1437 0.8187 0.5559
vn -0.2791 0.4326 0.8573
vn -0.8784 0.2478 0.4087
vn -0.9451 -0.1315 0.2993
vn -0.9717 -0.1053 0.2112
vn -0.6204 -0.7727 -0.1344
vn 0.0717 -0.9154 0.3961
vn -0.3511 -0.2884 -0.8908
vn -0.3478 -0.2793 -0.8950
vn 0.1588 0.9264 0.3414
vn -0.2038 -0.9378 -0.2809
vn 0.0652 -0.6797 -0.7306
vn 0.0558 -0.5376 -0.8414
vn 0.6575 0.6873 0.3087
vn -0.0507 0.9040 -0.4246
vn -0.0714 -0.5032 0.8612
vn 0.0691 -0.2262 0.9716
vn -0.8882 0.4270 -0.1694
vn -0.2539 0.8959 0.3646
vn 0.3219 0.1710 -0.9312
vn 0.6478 -0.5861 -0.4867
vn 0.9278 -0.3625 0.0882
vn 0.5393 -0.8410 -0.0437
vn 0.6815 -0.6375 0.3593
vn 0.6938 -0.6608 -0.2862
vn 0.5790 -0.5823 -0.5707
vn 0.9634 -0.1122 -0.2433
vn 0.9409 0.0546 0.3342
vn 0.9716 -0.1230 -0.2020
vn 0.3594 -0.9276 0.1019
vn 0.1964 0.9493 0.2456
vn 0.9873 -0.1100 -0.1147
vn 0.9706 -0.2222 0.0922
vn 0.9247 0.2343 0.2999
vn 0.7652 0.5854 0.2678
vn 0.0181 0.8713 0.4904
vn -0.0286 0.8417 0.5392
vn -0.8877 0.3933 0.2396
vn -0.9601 0.0096 0.2796
vn -0.9586 0.2756 0.0712
vn -0.3678 0.9296 0.0247
vn -0.8379 -0.3748 -0.3967
vn -0.8875 -0.3117 -0.3394
vn -0.9497 -0.2792 0.1420
vn -0.9988 0.0090 0.0489
vn -0.6216 -0.4819 0.6176
vn -0.3435 -0.0882 0.9350
vn -0.1025 -0.3806 0.9190
vn -0.9713 0.2083 -0.1151
vn -0.9142 0.2788 0.2942
vn -0.5487 -0.2006 0.8116
vn -0.8141 -0.0970 0.5725
vn -0.0194 -0.8478 0.5300
vn -0.0766 -0.2546 -0.9640
vn -0.8970 -0.4116 -0.1611
vn -0.8058 -0.5842 -0.0974
vn 0.0808 -0.4475 0.8906
vn -0.1998 -0.9432 0.2654
vn 0.7326 0.0008 -0.6806
vn -0.2647 -0.1641 0.9503
vn -0.8802 -0.4485 0.1551
vn 0.3325 -0.9120 0.2400
vn 0.5805 -0.2066 -0.7876
vn 0.3959 -0.8938 0.2105
vn 0.0083 -0.9762 -0.2165
vn 0.0074 -0.9684 -0.2495
vn 0.0161 -0.9560 -0.2930
vn -0.2840 -0.2481 -0.9262
vn -0.9334 -0.3525 -0.0672
vn 0.3154 -0.2691 -0.9100
vn 0.7229 -0.6720 0.1608
vn -0.4868 -0.3098 0.8168
vn -0.0014 0.1232 0.9924
vn 0.9613 -0.2155 0.1717
vn -0.4748 -0.2291 0.8498
vn -0.0640 -0.0979 0.9931
vn 0.9150 -0.1089 0.3884
vn 0.3552 -0.4649 0.8110
vn 0.5187 0.2839 0.8064
vn 0.3603 0.3899 0.8475
vn 0.7952 0.3653 0.4840
vn 0.7659 0.1483 0.6256
vn 0.7439 0.2576 0.6166
vn -0.2342 -0.5825 -0.7784
vn 0.9311 0.3251 0.1651
vn 0.6330 0.0703 0.7710
vn 0.8013 -0.1164 -0.5869
vn -0.4978 0.5602 0.6621
vn -0.4189 0.9079 0.0149
vn 0.6581 -0.0030 0.7529
vn 0.5861 0.6272 0.5129
vn 0.8699 0.0496 0.4908
vn 0.1737 -0.9118 -0.3722
vn 0.3108 -0.9505 -0.0044
vn 0.8264 0.5619 0.0362
vn 0.9985 0.0103 -0.0546
vn 0.7710 -0.0335 -0.6359
vn 0.1078 -0.3022 0.9471
vn 0.7767 -0.4298 0.4605
vn 0.7267 -0.4666 0.5041
vn 0.7273 -0.4795 0.4910
vn -0.3184 -0.3540 0.8794
vn -0.9188 0.0056 -0.3947
vn -0.1116 -0.9042 0.4123
vn -0.3008 -0.9299 0.2118
vn -0.8250 -0.4180 0.3804
vn 0.5848 -0.5144 0.6272
vn -0.2812 -0.9509 -0.1294
vn 0.5024 -0.3410 -0.7945
vn -0.9135 -0.0607 -0.4023
vn 0.7558 -0.3091 -0.5772
vn 0.3156 -0.4223 -0.8497
vn -0.9841 0.0562 -0.1684
vn 0.7685 -0.6384 0.0434
vn -0.2427 0.3016 0.9220
vn 0.5552 0.2373 0.7972
vn -0.3291 -0.5539 0.7648
vn 0.5078 -0.2393 -0.8276
vn -0.1708 -0.6458 -0.7442
vn -0.5068 -0.8566 0.0968
vn 0.4212 -0.8877 -0.1861
vn -0.2935 -0.9367 0.1912
vn -0.3521 -0.9324 0.0822
vn 0.4331 -0.8750 0.2165
vn 0.4316 -0.3069 0.8482
vn -0.0074 0.0744 0.9972
vn 0.9549 0.2915 -0.0564
vn 0.9032 0.3681 0.2210
vn 0.5651 -0.8247 0.0234
vn 0.5705 -0.8081 0.1467
vn 0.8898 -0.3873 0.2413
vn -0.8483 -0.5249 0.0695
vn -0.9628 -0.1210 0.2415
vn -0.7467 -0.6117 0.2613
vn -0.5544 -0.1069 -0.8253
vn -0.9826 0.1366 -0.1259
vn -0.6936 -0.6575 -0.2943
vn -0.5124 -0.7574 -0.4046
vn -0.6848 -0.4544 0.5697
vn -0.9077 -0.3918 -0.1501
vn -0.8706 -0.0351 -0.4907
vn -0.7687 -0.5839 -0.2609
vn -0.8286 -0.5470 0.1189
vn -0.9551 -0.2947 -0.0294
vn -0.9539 0.2636 0.1437
vn -0.3216 -0.3479 0.8806
vn -0.9134 -0.4058 -0.0312
vn -0.9177 0.1972 -0.3449
vn -0.9667 -0.1173 0.2276
vn 0.6926 -0.0810 0.7167
vn 0.9456 0.2888 0.1498
vn -0.6122 0.2736 0.7419
vn -0.8782 0.3673 0.3064
vn -0.9663 0.0670 -0.2485
vn 0.4689 0.8288 0.3052
vn -0.9710 -0.2354 -0.0413
vn -0.9789 -0.1488 -0.1400
vn 0.3186 -0.3768 0.8698
vn -0.8728 0.3890 0.2946
vn 0.7075 -0.4324 -0.5591
vn 0.9685 -0.1115 0.2227
vn 0.7827 0.5979 -0.1733
vn 0.2623 -0.9490 -0.1746
vn 0.8932 -0.4391 -0.0973
vn -0.3173 -0.9115 0.2617
vn -0.1244 -0.9821 0.1412
vn 0.5006 0.7752 0.3853
vn 0.5342 -0.1722 -0.8277
vn 0.7176 0.0379 -0.6955
vn 0.9396 -0.1762 -0.2933
vn 0.9979 -0.0064 0.0646
vn 0.7914 -0.2429 0.5610
vn 0.6589 -0.0714 0.7488
vn 0.9990 0.0372 0.0235
vn 0.9992 -0.0280 -0.0276
vn 0.6739 0.0805 -0.7344
vn 0.5725 0.0034 -0.8199
vn 0.1025 0.0402 -0.9939
vn -0.0746 -0.0253 -0.9969
vn -0.5556 0.0240 -0.8311
vn -0.8638 -0.2027 -0.4612
vn -0.9211 -0.0321 -0.3881
vn -0.2088 0.1347 -0.9686
vn 0.2225 -0.9731 -0.0593
vn 0.6958 -0.7033 -0.1459
vn 0.8485 -0.5292 0.0015
vn 0.8485 -0.5293 0.0015
vn 0.9994 0.0196 0.0301
vn 0.9691 -0.0404 -0.2432
vn 0.2447 0.9585 0.1463
vn 0.3569 -0.8548 0.3769
vn 0.3568 -0.8548 0.3769
vn 0.0238 -0.8416 0.5396
vn -0.7584 -0.4822 0.4384
vn -0.7311 -0.5221 0.4391
vn -0.9850 -0.1279 0.1156
vn -0.9744 0.1215 0.1893
vn -0.9746 0.1307 0.1817
vn -0.0863 0.9580 0.2736
vn -0.1493 -0.0330 0.9882
vn -0.2130 0.0424 0.9761
vn -0.9492 -0.0422 0.3117
vn -0.0142 0.9955 0.0941
vn -0.4902 0.7197 -0.4916
vn 0.1657 0.4668 -0.8687
vn 0.3873 0.4881 -0.7821
vn 0.6807 -0.7314 -0.0418
vn 0.9756 -0.2005 -0.0897
vn 0.6307 -0.7315 0.2590
vn 0.8270 0.5336 -0.1771
vn 0.8297 -0.4310 0.3547
vn 0.7844 -0.6202 -0.0023
vn 0.6567 0.0958 -0.7480
vn 0.4807 0.8633 -0.1536
vn -0.9970 0.0437 0.0636
vn -0.7584 -0.4823 0.4384
vn -0.7755 -0.6092 0.1659
vn 0.5100 0.5240 -0.6822
vn 0.4391 0.4309 0.7884
vn 0.9994 0.0196 0.0302
vn 0.9912 -0.1153 -0.0645
vn 0.8034 -0.5645 0.1895
vn 0.8523 -0.1947 -0.4854
vn 0.0656 -0.9978 0.0061
vn -0.6686 -0.7408 0.0649
vn -0.9723 0.0215 0.2329
vn -0.0823 0.2065 -0.9750
vn 0.1172 0.2151 -0.9695
vn 0.2500 0.2573 -0.9334
vn -0.6280 0.1650 -0.7605
vn -0.6071 0.1005 -0.7883
vn 0.8162 -0.2709 -0.5103
vn 0.6454 0.1618 -0.7465
vn 0.9947 -0.1031 -0.0024
vn 0.0949 -0.0025 0.9955
vn 0.9842 0.1555 -0.0852
vn 0.1673 -0.1572 -0.9733
vn 0.9897 -0.0431 0.1368
vn 0.9792 0.1150 0.1673
vn 0.2377 0.2845 0.9287
vn 0.1021 -0.0923 0.9905
vn 0.9978 0.0005 0.0664
vn 0.7181 0.6930 0.0633
vn -0.6381 -0.6815 0.3583
vn -0.8967 0.3088 0.3172
vn 0.0213 -0.9450 -0.3264
vn 0.3074 -0.9401 -0.1475
vn 0.3881 -0.5447 -0.7435
vn 0.5086 -0.5116 -0.6926
vn 0.0647 -0.8926 0.4461
vn -0.6558 -0.7220 0.2207
vn -0.4034 -0.7584 0.5120
vn -0.8873 0.2970 0.3528
vn -0.0477 0.6728 0.7383
vn 0.9621 0.2415 0.1269
vn 0.9744 0.0577 0.2172
vn 0.0210 0.6117 0.7908
vn -0.1491 0.2873 0.9462
vn -0.9785 0.0678 0.1948
vn -0.3647 0.2344 0.9011
vn 0.0110 0.3136 0.9495
vn 0.4715 0.1648 0.8663
vn 0.9978 -0.0045 0.0662
vn 0.1654 -0.0701 0.9837
vn -0.8883 0.1858 -0.4200
vn -0.9826 0.1117 0.1484
vn -0.6913 -0.0130 0.7225
vn -0.9881 -0.1252 0.0891
vn -0.6748 -0.0342 0.7372
vn -0.6423 0.1572 -0.7502
vn -0.9770 -0.0436 0.2088
vn -0.9738 0.0089 0.2271
vn 0.0444 -0.2607 -0.9644
vn -0.3807 -0.4702 -0.7962
vn -0.7242 -0.4830 -0.4922
vn 0.9277 0.3616 -0.0927
vn -0.4396 0.8781 0.1890
vn -0.9107 0.2694 0.3131
vn -0.8533 -0.5208 0.0273
vn 0.1311 -0.9664 0.2211
vn 0.9039 -0.4215 -0.0729
vn 0.9537 -0.1251 0.2735
vn 0.9288 -0.3697 0.0264
vn 0.2450 0.9648 0.0958
vn 0.8228 0.5635 0.0736
vn 0.0298 0.6391 0.7685
vn -0.2257 0.8178 0.5294
vn -0.5228 0.5675 0.6361
vn -0.0003 0.8897 0.4565
vn -0.3776 -0.3109 0.8722
vn -0.5295 -0.8482 0.0147
vn -0.7573 -0.3889 -0.5247
vn 0.6990 0.5142 0.4971
vn 0.9269 0.3688 -0.0694
vn 0.9167 -0.2832 0.2818
vn 0.7617 -0.3115 -0.5681
vn 0.4866 -0.7799 0.3937
vn 0.9302 0.0738 0.3595
vn 0.9910 0.1109 -0.0744
vn 0.9998 0.0026 -0.0208
vn 0.8439 -0.5044 -0.1829
vn 0.8932 -0.1991 -0.4032
vn 0.8901 0.3883 0.2388
vn -0.8948 0.3105 -0.3209
vn 0.7810 0.6198 -0.0773
vn 0.6179 -0.7844 0.0548
vn 0.6464 0.7625 0.0271
vn 0.7995 0.5612 0.2139
vn 0.8489 0.5284 -0.0109
vn 0.7070 0.2483 0.6622
vn -0.1998 0.0469 0.9787
vn 0.1203 0.7340 0.6684
vn -0.5263 0.3704 0.7653
vn -0.0204 0.4350 0.9002
vn 0.3628 -0.3046 0.8807
vn 0.1818 -0.3954 0.9003
vn -0.1840 0.4138 0.8916
vn 0.9763 -0.2161 -0.0145
vn -0.7701 -0.3992 -0.4975
vn -0.4747 0.3652 0.8008
vn 0.7780 -0.0618 0.6252
vn -0.6607 -0.4584 -0.5944
vn -0.6297 0.4275 0.6486
vn -0.4982 -0.8663 -0.0360
vn -0.9695 -0.2281 -0.0900
vn -0.9970 0.0766 -0.0114
vn -0.9750 0.0113 0.2217
vn -0.8840 0.4638 0.0581
vn -0.9770 -0.0284 -0.2113
vn -0.9878 0.0239 -0.1541
vn -0.9699 -0.0605 0.2361
vn -0.8700 -0.4746 -0.1340
vn -0.8615 -0.4777 -0.1722
vn -0.8860 -0.0085 -0.4637
vn -0.7863 0.1094 -0.6081
vn -0.9650 0.1930 0.1776
vn -0.7825 -0.5239 -0.3365
vn -0.8005 -0.3255 -0.5033
vn -0.7969 -0.5786 -0.1738
vn -0.5238 -0.4587 -0.7178
vn -0.5660 -0.6790 -0.4675
vn -0.9232 -0.1290 -0.3620
vn -0.3310 -0.9223 -0.1996
vn -0.6017 -0.6991 -0.3863
vn 0.5992 -0.6878 -0.4097
vn 0.9768 -0.2104 -0.0405
vn 0.1290 0.3744 -0.9183
vn 0.7163 -0.6964 -0.0437
vn 0.9652 0.2077 0.1591
vn 0.3897 0.0843 -0.9171
vn 0.9091 -0.3585 -0.2123
vn 0.9205 -0.3606 -0.1506
vn 0.9730 -0.2307 -0.0058
vn 0.9022 0.4260 0.0682
vn -0.8589 0.3030 0.4130
vn 0.8939 0.2518 0.3709
vn -0.1601 0.9653 0.2061
vn 0.6720 0.7308 -0.1196
vn 0.5135 -0.2362 0.8250
vn 0.2205 0.2580 0.9407
vn 0.8595 0.4548 0.2332
vn 0.8537 0.3183 0.4122
vn -0.1362 0.9406 -0.3109
vn 0.8442 -0.2222 0.4877
vn 0.5964 0.3343 0.7298
vn 0.8064 0.5185 0.2844
vn 0.8480 0.5160 -0.1209
vn 0.8427 0.1450 0.5185
vn 0.8408 0.4921 0.2256
vn 0.8387 0.4915 0.2344
vn 0.6992 0.4417 0.5622
vn 0.8568 0.5003 0.1250
vn 0.8392 0.4373 0.3234
vn 0.7968 0.5409 0.2694
vn -0.2489 -0.1671 -0.9540
vn 0.3063 0.6014 0.7379
vn 0.9557 0.2942 -0.0022
vn 0.8050 0.5829 0.1107
vn 0.6898 0.4351 0.5787
vn 0.6782 0.4194 0.6035
vn 0.6532 0.5009 0.5678
vn 0.2229 0.0025 -0.9748
vn 0.3197 -0.0000 0.9475
vn -0.0368 -0.2314 0.9722
vn 0.3393 0.9406 0.0155
vn 0.6069 0.7948 0.0002
vn 0.6522 0.4185 0.6320
vn 0.5706 0.4985 0.6527
vn 0.8280 0.3664 -0.4244
vn 0.5543 0.4568 0.6958
vn 0.4941 0.8611 0.1199
vn 0.6926 0.4670 0.5498
vn 0.8365 0.4516 0.3103
vn 0.7872 0.5682 0.2398
vn -0.0575 0.4507 0.8908
vn 0.7936 0.5894 0.1511
vn -0.0074 0.5650 0.8251
vn -0.4387 0.5716 0.6934
vn 0.4813 0.5835 0.6542
vn 0.6795 0.5531 0.4820
vn 0.7036 0.4917 0.5131
vn 0.7438 0.5204 -0.4194
vn -0.0073 0.5650 0.8251
vn -0.4886 0.0598 -0.8705
vn -0.7692 -0.0770 -0.6344
vn -0.7889 0.5448 0.2843
vn -0.8097 0.2537 0.5292
vn -0.8405 0.5224 -0.1436
vn -0.8419 0.4971 -0.2097
vn -0.8202 0.4936 0.2892
vn -0.8169 0.5114 0.2668
vn -0.7778 0.4726 0.4143
vn -0.8486 0.1607 0.5041
vn -0.9963 0.0816 -0.0252
vn -0.8797 -0.2901 0.3768
vn -0.8421 -0.4192 0.3394
vn -0.5300 0.5895 0.6096
vn -0.9103 -0.2452 -0.3337
vn -0.4902 -0.4291 0.7587
vn -0.3215 -0.9291 0.1827
vn -0.6676 -0.7348 0.1200
vn -0.6621 -0.7492 0.0182
vn -0.3829 -0.9229 0.0405
vn -0.1849 -0.9822 0.0324
vn -0.3274 -0.9447 -0.0163
vn -0.8674 -0.4918 0.0752
vn -0.9066 -0.4219 0.0024
vn -0.9035 -0.3911 0.1752
vn -0.9528 -0.2465 0.1775
vn 0.1894 -0.2742 0.9428
vn 0.1494 -0.1531 0.9768
vn -0.0721 -0.4003 0.9135
vn -0.0449 -0.5034 0.8629
vn -0.4378 -0.1668 0.8834
vn -0.5774 0.0203 0.8162
vn -0.3838 0.6024 0.6999
vn -0.4134 -0.2970 0.8607
vn -0.2274 0.2700 0.9356
vn -0.3947 0.0809 0.9152
vn -0.4402 -0.0329 0.8973
vn -0.2590 0.4453 0.8571
vn -0.3712 0.2569 0.8923
vn -0.1638 -0.1641 0.9728
vn -0.7144 -0.4562 0.5306
vn -0.1189 -0.1608 0.9798
vn 0.0300 -0.2985 0.9539
vn -0.0383 -0.4338 0.9002
vn -0.7505 -0.5499 0.3665
vn -0.3526 -0.8946 -0.2744
vn -0.4157 -0.8800 -0.2297
vn -0.6181 -0.7048 0.3481
vn -0.5205 -0.8538 0.0129
vn -0.8931 -0.3605 -0.2689
vn -0.6367 -0.7575 -0.1443
vn -0.3369 -0.7418 -0.5799
vn -0.0658 -0.7972 -0.6002
vn 0.1447 -0.3516 -0.9249
vn -0.7858 -0.5775 -0.2215
vn -0.3369 -0.3989 -0.8529
vn -0.1723 -0.3712 -0.9125
vn -0.9415 -0.3221 0.0989
vn -0.8819 0.4522 0.1337
vn -0.9325 -0.1205 0.3405
vn -0.9822 -0.0276 0.1858
vn -0.6117 0.4943 0.6177
vn -0.0855 0.7005 0.7085
vn -0.9044 0.0968 0.4155
vn -0.8018 -0.4118 0.4331
vn -0.8269 0.3647 0.4281
vn -0.9344 -0.1578 0.3193
vn -0.7107 0.0363 0.7025
vn -0.9331 -0.1602 0.3221
vn 0.3872 -0.8840 0.2619
vn -0.9985 0.0496 -0.0223
vn -0.4826 -0.8649 0.1379
vn -0.9801 -0.0724 -0.1850
vn -0.9814 -0.0691 -0.1791
vn -0.9044 0.0257 -0.4259
vn -0.9268 -0.3661 -0.0843
vn -0.9212 0.1103 -0.3730
vn -0.7518 -0.0517 -0.6574
vn -0.6860 -0.5384 -0.4894
vn -0.9587 0.0805 -0.2726
vn -0.7783 -0.5064 -0.3713
vn -0.0588 -0.7150 -0.6966
vn -0.3263 -0.6819 -0.6546
vn 0.5603 -0.8279 0.0240
vn 0.9288 -0.0526 -0.3668
vn 0.8181 -0.4103 0.4030
vn 0.8274 -0.4825 -0.2875
vn 0.9915 0.0155 0.1291
vn 0.8667 -0.3386 -0.3663
vn 0.9611 -0.0271 -0.2750
vn 0.8560 -0.2705 0.4406
vn 0.9559 0.1761 0.2352
vn 0.8559 -0.5038 0.1166
vn 0.8747 0.0901 0.4762
vn 0.7084 0.0168 0.7057
vn 0.7492 0.2984 0.5913
vn 0.9708 0.2278 0.0745
vn 0.8536 -0.3925 0.3424
vn 0.0243 0.7125 0.7013
vn 0.9772 -0.1191 0.1759
vn 0.8767 -0.2836 0.3885
vn 0.9897 0.1285 0.0626
vn 0.9819 -0.1264 0.1410
vn 0.8493 -0.2147 0.4822
vn 0.8386 0.5346 0.1049
vn 0.9168 -0.2754 0.2891
vn 0.8397 0.2931 0.4571
vn 0.8645 0.4835 0.1371
vn 0.9285 0.3634 0.0770
vn 0.6770 0.7351 0.0342
vn 0.9963 0.0826 0.0249
vn 0.9985 0.0517 0.0174
vn -0.7573 0.4549 0.4686
vn -0.7424 0.3465 0.5734
vn -0.7749 0.6179 -0.1335
vn -0.4388 0.5716 0.6934
vn -0.8461 0.5330 -0.0049
vn -0.6446 0.5555 0.5253
vn -0.5124 0.7040 -0.4918
vn -0.7959 0.6007 0.0755
vn 0.6139 -0.4114 0.6737
vn -0.7767 0.5576 0.2929
vn -0.6458 0.4466 0.6193
vn -0.9216 0.0200 -0.3877
vn -0.6625 0.4559 -0.5943
vn -0.6603 0.4610 -0.5928
vn -0.9342 -0.0140 -0.3563
vn -0.6890 0.1753 0.7032
vn -0.8372 0.5367 0.1046
vn -0.1832 -0.9223 0.3402
vn -0.5102 -0.8599 -0.0173
vn -0.6769 -0.6935 0.2468
vn -0.7706 -0.3284 0.5462
vn 0.4697 -0.0748 0.8796
vn 0.1213 -0.2238 0.9670
vn -0.0768 0.0968 0.9923
vn -0.3879 -0.6575 0.6460
vn -0.7392 -0.6691 -0.0768
vn -0.0018 -0.9313 -0.3642
vn -0.9056 -0.4242 -0.0001
vn -0.0928 -0.7903 -0.6057
vn -0.0856 -0.4158 -0.9054
vn 0.5639 -0.3656 -0.7405
vn 0.5760 -0.6309 -0.5198
vn 0.4966 -0.6941 -0.5212
vn 0.0933 -0.7540 -0.6502
vn -0.8785 -0.4410 -0.1837
vn -0.2181 -0.4578 -0.8619
vn -0.9309 -0.2189 -0.2926
vn -0.8177 -0.0318 -0.5748
vn -0.1152 -0.1483 -0.9822
vn -0.2539 -0.5387 -0.8033
vn 0.7559 -0.1668 -0.6331
vn 0.7116 -0.3933 -0.5822
vn 0.8447 -0.5076 -0.1697
vn 0.3649 -0.8152 -0.4497
vn 0.5593 -0.6897 -0.4599
vn 0.1864 -0.5419 -0.8195
vn 0.4423 -0.8914 -0.0988
vn -0.7511 -0.0840 -0.6548
vn 0.3812 -0.8165 -0.4337
vn 0.4488 -0.3958 -0.8012
vn 0.9053 -0.3901 0.1680
vn 0.9192 0.3602 0.1588
vn 0.7623 -0.5759 -0.2954
vn 0.5805 0.7289 0.3628
vn 0.8527 -0.4788 -0.2087
vn 0.3376 -0.9406 0.0354
vn -0.0557 -0.9363 -0.3467
vn -0.4074 -0.9035 -0.1328
vn -0.7838 0.6012 0.1558
vn -0.8236 0.4522 0.3424
vn 0.8092 -0.4909 0.3229
vn 0.7964 -0.5033 0.3354
vn 0.9116 -0.3030 0.2777
vn 0.9067 -0.3704 0.2018
vn -0.9956 0.0309 0.0882
vn -0.9793 -0.1872 -0.0767
vn 0.3899 -0.0124 0.9208
vn 0.1600 -0.3039 0.9392
vn 0.5177 0.2122 0.8288
vn 0.5363 -0.7996 0.2703
vn 0.5361 -0.7998 0.2701
vn 0.7963 -0.5034 0.3354
vn 0.1015 -0.8516 0.5143
vn -0.0246 -0.9394 0.3420
vn 0.0657 -0.9530 -0.2958
vn 0.4734 -0.5508 -0.6874
vn 0.1821 -0.9585 -0.2195
vn 0.7067 -0.7030 -0.0803
vn 0.7981 -0.4992 0.3373
vt 0.000000 0.000000
vt 0.655273 0.285889
vt 0.664551 0.276123
vt 0.656982 0.292480
vt 0.638916 0.285400
vt 0.633789 0.291260
vt 0.626709 0.272461
vt 0.635742 0.274170
vt 0.647461 0.276123
vt 0.650391 0.267822
vt 0.651367 0.274902
vt 0.662109 0.270020
vt 0.150417 0.685141
vt 0.156006 0.702881
vt 0.144287 0.700195
vt 0.150350 0.685159
vt 0.143438 0.683210
vt 0.147015 0.683495
vt 0.143311 0.692139
vt 0.136930 0.682064
vt 0.128418 0.686035
vt 0.130152 0.683396
vt 0.449697 0.665768
vt 0.446380 0.668746
vt 0.443848 0.667480
vt 0.449951 0.655762
vt 0.453087 0.662818
vt 0.466992 0.651166
vt 0.468750 0.644775
vt 0.470714 0.648213
vt 0.505929 0.820582
vt 0.507156 0.826494
vt 0.506104 0.826172
vt 0.501709 0.825928
vt 0.505637 0.818765
vt 0.492432 0.823486
vt 0.505579 0.818466
vt 0.488525 0.830078
vt 0.483398 0.819824
vt 0.643555 0.305908
vt 0.636230 0.309570
vt 0.631592 0.296631
vt 0.632813 0.308838
vt 0.621826 0.302002
vt 0.625244 0.306885
vt 0.624268 0.312500
vt 0.617920 0.310547
vt 0.608887 0.296631
vt 0.615234 0.291016
vt 0.600586 0.286621
vt 0.608154 0.302490
vt 0.592529 0.290527
vt 0.594238 0.283203
vt 0.607666 0.285156
vt 0.608887 0.278564
vt 0.594238 0.274170
vt 0.589355 0.264648
vt 0.593262 0.263672
vt 0.589600 0.257080
vt 0.586426 0.256836
vt 0.588379 0.248779
vt 0.218750 0.145264
vt 0.213135 0.139160
vt 0.209717 0.131348
vt 0.601807 0.252441
vt 0.597656 0.258057
vt 0.611572 0.262451
vt 0.209961 0.140381
vt 0.207275 0.129883
vt 0.376709 0.645752
vt 0.394775 0.652832
vt 0.378174 0.654541
vt 0.629150 0.265869
vt 0.629883 0.259033
vt 0.400635 0.651367
vt 0.390625 0.660889
vt 0.400879 0.656494
vt 0.640625 0.264160
vt 0.644775 0.257813
vt 0.402344 0.668701
vt 0.396484 0.662109
vt 0.652100 0.257813
vt 0.658936 0.260986
vt 0.409424 0.666504
vt 0.400635 0.671143
vt 0.665283 0.247070
vt 0.677002 0.254639
vt 0.661133 0.264893
vt 0.671387 0.262451
vt 0.137939 0.702393
vt 0.135498 0.711182
vt 0.129150 0.704346
vt 0.122559 0.705078
vt 0.118896 0.695801
vt 0.123291 0.683105
vt 0.129009 0.683179
vt 0.124926 0.680827
vt 0.444868 0.669386
vt 0.443324 0.670554
vt 0.442832 0.669512
vt 0.437661 0.670221
vt 0.151516 0.736004
vt 0.151805 0.736315
vt 0.151123 0.736328
vt 0.036648 0.810864
vt 0.037109 0.811035
vt 0.030029 0.819580
vt 0.030061 0.818869
vt 0.029683 0.819174
vt 0.029625 0.819412
vt 0.029598 0.819547
vt 0.426947 0.677197
vt 0.425968 0.678554
vt 0.425537 0.678223
vt 0.421875 0.667480
vt 0.428041 0.676018
vt 0.436830 0.670302
vt 0.437012 0.667480
vt 0.433106 0.671531
vt 0.431672 0.672953
vt 0.428223 0.666504
vt 0.428223 0.675957
vt 0.427979 0.657959
vt 0.431641 0.657959
vt 0.428955 0.650879
vt 0.439453 0.647949
vt 0.443115 0.653564
vt 0.446289 0.644287
vt 0.458740 0.642822
vt 0.451172 0.639648
vt 0.456055 0.637207
vt 0.468262 0.634766
vt 0.475342 0.630615
vt 0.471924 0.631104
vt 0.467285 0.627197
vt 0.463867 0.624512
vt 0.483398 0.623535
vt 0.510010 0.904053
vt 0.512451 0.907227
vt 0.508545 0.911133
vt 0.486572 0.628418
vt 0.477051 0.638428
vt 0.485840 0.636719
vt 0.025436 0.569370
vt 0.024414 0.568604
vt 0.029053 0.569580
vt 0.030746 0.572779
vt 0.514735 0.855923
vt 0.515162 0.858639
vt 0.513916 0.855225
vt 0.514619 0.854053
vt 0.508545 0.845459
vt 0.513809 0.849705
vt 0.486351 0.636536
vt 0.485998 0.636784
vt 0.485926 0.636821
vt 0.480387 0.639198
vt 0.508478 0.839238
vt 0.502686 0.831787
vt 0.506139 0.832823
vt 0.507163 0.830734
vt 0.506918 0.826782
vt 0.474295 0.645111
vt 0.476898 0.642706
vt 0.508301 0.839844
vt 0.497559 0.840332
vt 0.492676 0.839600
vt 0.491943 0.846436
vt 0.228516 0.958984
vt 0.231689 0.963867
vt 0.225830 0.963623
vt 0.229980 0.969727
vt 0.236572 0.967285
vt 0.234375 0.964844
vt 0.239746 0.962402
vt 0.241211 0.968262
vt 0.246338 0.959961
vt 0.245361 0.969727
vt 0.243652 0.971680
vt 0.618652 0.322998
vt 0.625732 0.317139
vt 0.257080 0.972900
vt 0.252686 0.973633
vt 0.257080 0.968506
vt 0.262207 0.973633
vt 0.006836 0.960693
vt 0.007080 0.974121
vt 0.000244 0.959229
vt 0.610352 0.326172
vt 0.615723 0.329102
vt 0.593262 0.331299
vt 0.595459 0.324951
vt 0.605713 0.323486
vt 0.590820 0.316162
vt 0.586670 0.317383
vt 0.585449 0.305664
vt 0.581299 0.296387
vt 0.587646 0.300049
vt 0.589111 0.296387
vt 0.596680 0.297119
vt 0.593750 0.302490
vt 0.607178 0.308594
vt 0.603760 0.313477
vt 0.598389 0.314453
vt 0.614746 0.312988
vt 0.582520 0.289551
vt 0.578369 0.294678
vt 0.572021 0.275146
vt 0.582031 0.274170
vt 0.571533 0.267090
vt 0.561035 0.270264
vt 0.557373 0.260010
vt 0.552490 0.264404
vt 0.550293 0.256104
vt 0.557373 0.256104
vt 0.551514 0.251465
vt 0.557861 0.250732
vt 0.570068 0.258545
vt 0.583252 0.265381
vt 0.581543 0.259277
vt 0.572754 0.251221
vt 0.574951 0.244385
vt 0.226074 0.136230
vt 0.224609 0.125977
vt 0.237061 0.131348
vt 0.235596 0.139404
vt 0.243896 0.134033
vt 0.238525 0.142334
vt 0.234863 0.151611
vt 0.224854 0.157715
vt 0.223389 0.151123
vt 0.218018 0.151855
vt 0.215332 0.162354
vt 0.214111 0.152832
vt 0.207275 0.159180
vt 0.200928 0.167236
vt 0.386230 0.629150
vt 0.376953 0.625488
vt 0.387207 0.620605
vt 0.393555 0.624023
vt 0.388184 0.617676
vt 0.394287 0.620850
vt 0.387939 0.614746
vt 0.400879 0.621094
vt 0.398926 0.625977
vt 0.406006 0.627441
vt 0.408203 0.642822
vt 0.400879 0.639160
vt 0.397217 0.636963
vt 0.396484 0.629395
vt 0.393311 0.636230
vt 0.386475 0.634521
vt 0.375000 0.634277
vt 0.376465 0.638184
vt 0.212646 0.150635
vt 0.206543 0.152588
vt 0.204346 0.144775
vt 0.212402 0.145508
vt 0.205566 0.142578
vt 0.383545 0.642822
vt 0.376465 0.641846
vt 0.387939 0.646240
vt 0.402588 0.642578
vt 0.404785 0.648438
vt 0.411865 0.645264
vt 0.413086 0.641357
vt 0.416016 0.647949
vt 0.423828 0.650146
vt 0.416992 0.635986
vt 0.413818 0.623779
vt 0.421631 0.628174
vt 0.431885 0.627930
vt 0.430176 0.636719
vt 0.429932 0.642822
vt 0.438477 0.642578
vt 0.441650 0.631836
vt 0.448730 0.634521
vt 0.443848 0.642822
vt 0.453857 0.623047
vt 0.461670 0.619141
vt 0.455811 0.615967
vt 0.468994 0.611572
vt 0.505127 0.919434
vt 0.501465 0.912354
vt 0.507080 0.906494
vt 0.502930 0.906006
vt 0.506836 0.900391
vt 0.511475 0.896729
vt 0.505859 0.893555
vt 0.510010 0.890137
vt 0.516846 0.890381
vt 0.521234 0.899168
vt 0.521376 0.898000
vt 0.520752 0.888672
vt 0.520966 0.890243
vt 0.520938 0.888998
vt 0.520910 0.888848
vt 0.520884 0.888633
vt 0.520650 0.887631
vt 0.519145 0.881182
vt 0.517347 0.872958
vt 0.518034 0.876050
vt 0.515869 0.872803
vt 0.502930 0.854980
vt 0.506104 0.871094
vt 0.497803 0.860352
vt 0.496826 0.864014
vt 0.499023 0.870361
vt 0.496094 0.878662
vt 0.502686 0.883545
vt 0.496826 0.887695
vt 0.500000 0.896973
vt 0.490967 0.892334
vt 0.489990 0.880371
vt 0.485840 0.888428
vt 0.484619 0.885742
vt 0.254150 0.927246
vt 0.252441 0.931396
vt 0.249023 0.930664
vt 0.251709 0.937256
vt 0.243408 0.937744
vt 0.492676 0.871094
vt 0.488770 0.871826
vt 0.494629 0.859619
vt 0.489990 0.858887
vt 0.494385 0.853271
vt 0.233887 0.945801
vt 0.227783 0.950684
vt 0.496826 0.843506
vt 0.513934 0.843750
vt 0.235596 0.953125
vt 0.239990 0.951660
vt 0.242188 0.942871
vt 0.246582 0.946777
vt 0.249268 0.955322
vt 0.255859 0.958496
vt 0.256348 0.961670
vt 0.263428 0.954834
vt 0.263428 0.961914
vt 0.266357 0.968506
vt 0.273193 0.966309
vt 0.276611 0.970703
vt 0.265869 0.972900
vt 0.278320 0.973633
vt 0.028809 0.958252
vt 0.014160 0.964844
vt 0.011475 0.957275
vt 0.014404 0.972900
vt 0.023682 0.966797
vt 0.024170 0.974609
vt 0.588623 0.329102
vt 0.589355 0.332520
vt 0.584229 0.332275
vt 0.583008 0.320801
vt 0.580078 0.310791
vt 0.575195 0.322998
vt 0.320313 0.017090
vt 0.313477 0.008545
vt 0.328857 0.008545
vt 0.316406 0.000000
vt 0.568604 0.296631
vt 0.126953 0.762451
vt 0.139404 0.765381
vt 0.125488 0.766846
vt 0.119141 0.759521
vt 0.130615 0.753418
vt 0.568115 0.276367
vt 0.566650 0.293213
vt 0.560791 0.277344
vt 0.570801 0.285400
vt 0.550293 0.278564
vt 0.553223 0.276123
vt 0.552734 0.270752
vt 0.542969 0.267334
vt 0.121582 0.744873
vt 0.113037 0.744385
vt 0.116211 0.736572
vt 0.110352 0.735596
vt 0.111572 0.728027
vt 0.535645 0.259521
vt 0.540283 0.254150
vt 0.526123 0.255371
vt 0.539063 0.248535
vt 0.552979 0.245361
vt 0.541504 0.243408
vt 0.546143 0.241211
vt 0.244141 0.009277
vt 0.239502 0.006348
vt 0.248779 0.003174
vt 0.558838 0.245605
vt 0.551270 0.239746
vt 0.245117 0.138916
vt 0.251709 0.124512
vt 0.261230 0.133545
vt 0.255371 0.138672
vt 0.248291 0.144775
vt 0.241699 0.151855
vt 0.248291 0.152832
vt 0.248535 0.162109
vt 0.234375 0.159668
vt 0.233154 0.165283
vt 0.250244 0.171875
vt 0.248291 0.179199
vt 0.233643 0.176270
vt 0.235596 0.186279
vt 0.248535 0.185547
vt 0.253906 0.192871
vt 0.258545 0.185303
vt 0.265869 0.187744
vt 0.096436 0.974365
vt 0.088623 0.968262
vt 0.101074 0.970703
vt 0.320068 0.969971
vt 0.314697 0.966064
vt 0.323730 0.967041
vt 0.329346 0.985107
vt 0.336914 0.988037
vt 0.335938 0.994629
vt 0.093262 0.981934
vt 0.100342 0.979492
vt 0.337891 0.979004
vt 0.346191 0.984375
vt 0.342529 0.973633
vt 0.091797 0.987061
vt 0.099854 0.989014
vt 0.343262 0.967773
vt 0.349609 0.969238
vt 0.350586 0.963379
vt 0.354736 0.961426
vt 0.083496 0.981934
vt 0.084961 0.990723
vt 0.237305 0.225098
vt 0.241943 0.228271
vt 0.238525 0.235840
vt 0.084717 0.810059
vt 0.096924 0.813477
vt 0.092041 0.819336
vt 0.285156 0.033203
vt 0.272705 0.036377
vt 0.276367 0.031494
vt 0.276123 0.026123
vt 0.283936 0.025146
vt 0.295410 0.029297
vt 0.310303 0.036865
vt 0.312256 0.044922
vt 0.319580 0.049316
vt 0.039063 0.967773
vt 0.045898 0.974609
vt 0.043457 0.974365
vt 0.284424 0.041260
vt 0.311768 0.049561
vt 0.210449 0.197266
vt 0.227783 0.199463
vt 0.231201 0.215088
vt 0.241455 0.214111
vt 0.242920 0.209473
vt 0.070557 0.969727
vt 0.077148 0.971680
vt 0.066895 0.976807
vt 0.088623 0.974854
vt 0.084717 0.969482
vt 0.076904 0.963379
vt 0.242432 0.200195
vt 0.251465 0.193115
vt 0.254639 0.196289
vt 0.241943 0.194336
vt 0.243652 0.190674
vt 0.234863 0.194092
vt 0.230225 0.189697
vt 0.226563 0.187500
vt 0.223877 0.177246
vt 0.215820 0.177734
vt 0.223145 0.187500
vt 0.212891 0.191650
vt 0.209473 0.174316
vt 0.204102 0.176025
vt 0.206055 0.189453
vt 0.388916 0.608154
vt 0.381348 0.605469
vt 0.387939 0.603516
vt 0.392090 0.604248
vt 0.393066 0.614746
vt 0.397217 0.603271
vt 0.399414 0.616211
vt 0.404785 0.618164
vt 0.399902 0.602539
vt 0.406006 0.613037
vt 0.410645 0.613281
vt 0.410400 0.617432
vt 0.416016 0.614746
vt 0.417969 0.622314
vt 0.425293 0.613770
vt 0.433594 0.618652
vt 0.432861 0.610596
vt 0.430664 0.608887
vt 0.430664 0.602783
vt 0.436035 0.605713
vt 0.267822 0.939453
vt 0.275391 0.932617
vt 0.276123 0.938477
vt 0.273438 0.940674
vt 0.270020 0.944336
vt 0.262695 0.943359
vt 0.260742 0.939453
vt 0.264160 0.933838
vt 0.268799 0.927246
vt 0.267578 0.923828
vt 0.261963 0.928711
vt 0.261230 0.921387
vt 0.258057 0.926025
vt 0.255859 0.944580
vt 0.272461 0.920654
vt 0.264404 0.917725
vt 0.486084 0.900146
vt 0.479004 0.897949
vt 0.481689 0.894287
vt 0.491699 0.905029
vt 0.489990 0.909668
vt 0.478271 0.902344
vt 0.463623 0.606934
vt 0.453125 0.612305
vt 0.452148 0.618164
vt 0.448975 0.617432
vt 0.451660 0.608398
vt 0.440430 0.607666
vt 0.441162 0.622314
vt 0.498779 0.906982
vt 0.497070 0.904541
vt 0.500244 0.905029
vt 0.496094 0.900879
vt 0.270508 0.910400
vt 0.442139 0.596436
vt 0.271240 0.928223
vt 0.262207 0.949219
vt 0.266357 0.945068
vt 0.270752 0.950195
vt 0.276367 0.945801
vt 0.275391 0.949707
vt 0.281494 0.954590
vt 0.282959 0.948486
vt 0.416260 0.606445
vt 0.417480 0.596436
vt 0.421875 0.599609
vt 0.427002 0.599121
vt 0.422852 0.594727
vt 0.279785 0.945068
vt 0.280518 0.941406
vt 0.412842 0.602783
vt 0.286621 0.960205
vt 0.282471 0.958252
vt 0.276855 0.957764
vt 0.279785 0.962402
vt 0.287354 0.962158
vt 0.404541 0.602783
vt 0.406738 0.595215
vt 0.413818 0.598877
vt 0.406494 0.606201
vt 0.409668 0.606689
vt 0.398682 0.595459
vt 0.283691 0.973389
vt 0.284668 0.968018
vt 0.289307 0.976074
vt 0.273682 0.959229
vt 0.270508 0.963135
vt 0.270996 0.960938
vt 0.432617 0.599121
vt 0.427979 0.607178
vt 0.429199 0.607178
vt 0.392578 0.598633
vt 0.284180 0.977783
vt 0.288818 0.978027
vt 0.040283 0.967285
vt 0.037842 0.957520
vt 0.046387 0.957275
vt 0.030273 0.967529
vt 0.385498 0.598877
vt 0.203857 0.197754
vt 0.200928 0.193115
vt 0.215576 0.173096
vt 0.214600 0.168701
vt 0.208496 0.170166
vt 0.203125 0.171631
vt 0.323486 0.040527
vt 0.303467 0.022461
vt 0.311768 0.024658
vt 0.317139 0.025391
vt 0.328613 0.027832
vt 0.322754 0.023193
vt 0.983643 0.837646
vt 0.978271 0.833740
vt 0.985596 0.834717
vt 0.316650 0.019531
vt 0.325439 0.019043
vt 0.311279 0.018311
vt 0.304932 0.013184
vt 0.308838 0.020508
vt 0.300781 0.013916
vt 0.296875 0.005371
vt 0.303223 0.002197
vt 0.284912 0.002197
vt 0.102051 0.789795
vt 0.101807 0.782471
vt 0.114502 0.781982
vt 0.104004 0.772949
vt 0.113037 0.770752
vt 0.100830 0.760986
vt 0.108887 0.760498
vt 0.115479 0.752197
vt 0.108643 0.751221
vt 0.104492 0.741455
vt 0.098389 0.748779
vt 0.092773 0.750000
vt 0.093750 0.762451
vt 0.084473 0.757080
vt 0.085449 0.751465
vt 0.080566 0.739258
vt 0.094238 0.743652
vt 0.082520 0.735352
vt 0.089111 0.737061
vt 0.016357 0.205566
vt 0.021973 0.199951
vt 0.023926 0.206543
vt 0.029785 0.201660
vt 0.097168 0.743652
vt 0.099121 0.737305
vt 0.105713 0.730225
vt 0.104736 0.722900
vt 0.109863 0.723145
vt 0.949707 0.842529
vt 0.956055 0.845215
vt 0.947998 0.847168
vt 0.954346 0.852783
vt 0.964355 0.848633
vt 0.524658 0.248535
vt 0.516357 0.240723
vt 0.524658 0.239990
vt 0.241211 0.035889
vt 0.244873 0.029541
vt 0.245850 0.036377
vt 0.246826 0.038330
vt 0.245605 0.042725
vt 0.247070 0.042969
vt 0.699219 0.056396
vt 0.705566 0.057373
vt 0.705811 0.058350
vt 0.702393 0.062012
vt 0.688477 0.068359
vt 0.688721 0.063965
vt 0.678955 0.066162
vt 0.675293 0.082031
vt 0.669189 0.078369
vt 0.658691 0.080322
vt 0.742920 0.097656
vt 0.745361 0.093994
vt 0.745117 0.106689
vt 0.739258 0.097900
vt 0.739746 0.091309
vt 0.741455 0.089111
vt 0.736816 0.078369
vt 0.745850 0.075928
vt 0.742188 0.066650
vt 0.685059 0.058105
vt 0.681152 0.059570
vt 0.726563 0.064453
vt 0.744873 0.058838
vt 0.727295 0.054932
vt 0.744873 0.050049
vt 0.689941 0.054932
vt 0.728760 0.047363
vt 0.745117 0.044189
vt 0.693115 0.052246
vt 0.701416 0.048340
vt 0.706055 0.049316
vt 0.022217 0.177246
vt 0.013916 0.174561
vt 0.016357 0.169922
vt 0.024902 0.174316
vt 0.024414 0.183594
vt 0.016602 0.181885
vt 0.021729 0.189453
vt 0.010010 0.184814
vt 0.231689 0.050049
vt 0.225342 0.053223
vt 0.226563 0.046875
vt 0.231445 0.044434
vt 0.237793 0.043701
vt 0.238281 0.039307
vt 0.242676 0.040039
vt 0.985840 0.844482
vt 0.984131 0.851074
vt 0.980957 0.842285
vt 0.980225 0.849854
vt 0.242920 0.043945
vt 0.248535 0.045654
vt 0.972168 0.838867
vt 0.975586 0.840088
vt 0.971191 0.842041
vt 0.981445 0.852539
vt 0.977051 0.853516
vt 0.964844 0.836182
vt 0.959229 0.841064
vt 0.959961 0.834961
vt 0.967285 0.847656
vt 0.973145 0.847412
vt 0.970215 0.850830
vt 0.986328 0.852539
vt 0.989746 0.850586
vt 0.844238 0.966553
vt 0.841064 0.963379
vt 0.843994 0.962402
vt 0.838379 0.966553
vt 0.839355 0.971191
vt 0.836182 0.968262
vt 0.585693 0.119385
vt 0.586426 0.117188
vt 0.588623 0.116455
vt 0.584717 0.115723
vt 0.838867 0.964844
vt 0.843994 0.971436
vt 0.954834 0.841064
vt 0.581787 0.113037
vt 0.580566 0.120361
vt 0.589111 0.123047
vt 0.033203 0.176025
vt 0.029053 0.184814
vt 0.836426 0.979004
vt 0.844727 0.981201
vt 0.838379 0.988770
vt 0.843506 0.986084
vt 0.849854 0.986816
vt 0.026611 0.196045
vt 0.034180 0.195801
vt 0.010254 0.200439
vt 0.009277 0.191406
vt 0.219971 0.034668
vt 0.224365 0.035645
vt 0.222412 0.042725
vt 0.233398 0.032959
vt 0.234619 0.039307
vt 0.239502 0.023682
vt 0.229492 0.026367
vt 0.226563 0.022705
vt 0.219971 0.029541
vt 0.219727 0.024902
vt 0.214600 0.020996
vt 0.224365 0.017090
vt 0.208740 0.015381
vt 0.214600 0.009766
vt 0.257813 0.169189
vt 0.256348 0.162354
vt 0.262695 0.166748
vt 0.265137 0.169678
vt 0.259277 0.173096
vt 0.310303 0.983887
vt 0.308105 0.978271
vt 0.313477 0.978760
vt 0.313965 0.972656
vt 0.263672 0.180176
vt 0.271729 0.183105
vt 0.310791 0.968750
vt 0.297363 0.970459
vt 0.079834 0.772705
vt 0.086182 0.778809
vt 0.072266 0.779053
vt 0.080322 0.781250
vt 0.333252 0.974365
vt 0.332275 0.981689
vt 0.329590 0.973877
vt 0.331787 0.966309
vt 0.080322 0.786865
vt 0.074951 0.790283
vt 0.079102 0.792969
vt 0.077881 0.798340
vt 0.083740 0.798584
vt 0.084473 0.789795
vt 0.089355 0.797607
vt 0.087891 0.787109
vt 0.094971 0.792236
vt 0.097412 0.798584
vt 0.102783 0.794678
vt 0.103760 0.804199
vt 0.280518 0.019287
vt 0.275146 0.014160
vt 0.287109 0.019043
vt 0.293457 0.014893
vt 0.286377 0.005127
vt 0.294922 0.010742
vt 0.295166 0.017334
vt 0.305664 0.020996
vt 0.295410 0.021484
vt 0.090820 0.784668
vt 0.096680 0.783936
vt 0.094238 0.776855
vt 0.089355 0.778564
vt 0.094727 0.769287
vt 0.098389 0.764893
vt 0.083984 0.785400
vt 0.081299 0.806396
vt 0.296387 0.978760
vt 0.073975 0.763672
vt 0.073486 0.753174
vt 0.300293 0.986816
vt 0.290771 0.985840
vt 0.300049 0.991943
vt 0.072021 0.739746
vt 0.305176 0.991699
vt 0.306641 0.982910
vt 0.227783 0.012207
vt 0.234131 0.017822
vt 0.241943 0.015869
vt 0.246826 0.012939
vt 0.232910 0.008789
vt 0.226318 0.005371
vt 0.225830 0.009277
vt 0.220703 0.004150
vt 0.257080 0.146484
vt 0.257813 0.154541
vt 0.209961 0.020996
vt 0.215332 0.029053
vt 0.225342 0.032959
vt 0.847900 0.976074
vt 0.842041 0.978760
vt 0.591797 0.118164
vt 0.591797 0.119873
vt 0.569824 0.114502
vt 0.565674 0.108643
vt 0.555908 0.112305
vt 0.559082 0.116699
vt 0.548828 0.115234
vt 0.545898 0.101807
vt 0.555664 0.098877
vt 0.550049 0.091797
vt 0.558350 0.093750
vt 0.549561 0.083008
vt 0.565430 0.089355
vt 0.550049 0.073730
vt 0.562500 0.080811
vt 0.667236 0.092773
vt 0.673096 0.091797
vt 0.541016 0.077148
vt 0.536865 0.072021
vt 0.542969 0.079346
vt 0.531494 0.084961
vt 0.541260 0.086670
vt 0.535525 0.090901
vt 0.536475 0.091455
vt 0.536841 0.091797
vt 0.540039 0.096436
vt 0.537960 0.093967
vt 0.539295 0.096591
vt 0.538574 0.100342
vt 0.536907 0.099323
vt 0.525044 0.087286
vt 0.529366 0.088062
vt 0.525879 0.083252
vt 0.523465 0.088280
vt 0.521187 0.088667
vt 0.513510 0.096826
vt 0.522705 0.079834
vt 0.649893 0.081122
vt 0.658203 0.085693
vt 0.649807 0.082095
vt 0.010826 0.496732
vt 0.014648 0.492920
vt 0.014648 0.494046
vt 0.016480 0.492837
vt 0.009277 0.495605
vt 0.523274 0.122014
vt 0.526708 0.122868
vt 0.525879 0.124268
vt 0.528159 0.122989
vt 0.536062 0.121939
vt 0.536133 0.123291
vt 0.017578 0.575439
vt 0.020020 0.581055
vt 0.017578 0.587158
vt 0.541121 0.119587
vt 0.542725 0.119873
vt 0.546387 0.121826
vt 0.545177 0.115234
vt 0.542033 0.118230
vt 0.541159 0.104387
vt 0.539980 0.103867
vt 0.542969 0.103516
vt 0.542004 0.105349
vt 0.543177 0.105023
vt 0.544771 0.111774
vt 0.536897 0.102124
vt 0.648432 0.078885
vt 0.572266 0.103027
vt 0.574463 0.098633
vt 0.728516 0.077148
vt 0.574951 0.124023
vt 0.580811 0.125732
vt 0.021484 0.166504
vt 0.026123 0.167725
vt 0.021484 0.159912
vt 0.564697 0.120361
vt 0.968994 0.840332
vt 0.837402 0.960205
vt 0.706543 0.054443
vt 0.696533 0.046631
vt 0.726074 0.040527
vt 0.011230 0.582764
vt 0.022949 0.575928
vt 0.648682 0.077637
vt 0.670410 0.070313
vt 0.681885 0.081543
vt 0.583252 0.111816
vt 0.248535 0.041260
vt 0.855225 0.990723
vt 0.213379 0.031494
vt 0.102051 0.809814
vt 0.125488 0.751953
vt 0.330566 0.017090
vt 0.577148 0.342773
vt 0.504150 0.877197
vt 0.505859 0.882568
vt 0.508545 0.885986
vt 0.509277 0.882324
vt 0.510498 0.879639
vt 0.518371 0.906804
vt 0.517994 0.908432
vt 0.519583 0.905894
vt 0.520048 0.904184
vt 0.473633 0.617920
vt 0.419434 0.650391
vt 0.419922 0.655029
vt 0.415283 0.656250
vt 0.421875 0.674561
vt 0.415283 0.669678
vt 0.411377 0.659668
vt 0.135986 0.754395
vt 0.138184 0.744629
vt 0.158324 0.743326
vt 0.152192 0.736742
vt 0.120462 0.680277
vt 0.114746 0.687256
vt 0.116581 0.684069
vt 0.114276 0.686016
vt 0.113732 0.688753
vt 0.111572 0.708252
vt 0.111127 0.705189
vt 0.124693 0.712646
vt 0.127038 0.715181
vt 0.162944 0.747178
vt 0.167433 0.751228
vt 0.158203 0.754150
vt 0.160634 0.747588
vt 0.122382 0.709589
vt 0.119905 0.711651
vt 0.118652 0.708252
vt 0.173161 0.754771
vt 0.174452 0.755353
vt 0.173340 0.757813
vt 0.178885 0.759796
vt 0.179112 0.760178
vt 0.179245 0.760201
vt 0.178955 0.760742
vt 0.180684 0.760604
vt 0.004708 0.113953
vt 0.005107 0.114147
vt 0.004639 0.114990
vt 0.110167 0.708861
vt 0.036133 0.819092
vt 0.045166 0.817627
vt 0.383057 0.612061
vt 0.382080 0.615967
vt 0.227539 0.142334
vt 0.508621 0.839571
vt 0.509900 0.840225
vt 0.035078 0.568978
vt 0.487154 0.635770
vt 0.507324 0.914307
vt 0.469238 0.632080
vt 0.610107 0.270264
vt 0.625732 0.286865
vt 0.239258 0.969971
vt 0.150487 0.685120
vt 0.156452 0.683954
vt 0.159912 0.691162
vt 0.169039 0.680632
vt 0.498047 0.810547
vt 0.505535 0.818035
vt 0.150282 0.685167
s 0
usemtl Mat_0.040
f 1491/993/1205 1458/993/1205 1459/993/1205
f 1491/993/1205 1459/993/1205 1461/993/1205
f 1491/993/1205 1461/993/1205 1532/993/1205
f 1467/993/1205 1491/993/1205 1532/993/1205
f 1465/993/1205 1490/993/1205 1466/993/1205
f 1490/993/1205 1465/993/1205 1481/993/1205
f 1482/993/1205 1492/993/1205 1494/993/1205
f 1493/993/1205 1482/993/1205 1494/993/1205
f 1482/993/1205 1493/993/1205 1483/993/1205
f 1457/993/1205 1492/993/1205 1521/993/1205
f 1463/993/1205 1479/993/1205 1462/993/1205
f 1462/993/1205 1479/993/1205 1480/993/1205
f 1462/993/1205 1480/993/1205 1465/993/1205
f 1475/993/1205 1476/993/1205 1478/993/1205
f 1523/993/1205 1475/993/1205 1478/993/1205
f 1523/993/1205 1478/993/1205 1463/993/1205
f 1464/993/1205 1523/993/1205 1463/993/1205
f 1523/993/1205 1464/993/1205 1529/993/1205
f 1471/993/1205 1476/993/1205 1474/993/1205
f 1471/993/1205 1477/993/1205 1476/993/1205
f 1477/993/1205 1473/993/1205 1522/993/1205
f 1473/993/1205 1477/993/1205 1472/993/1205
f 1518/993/1205 1513/993/1205 1512/993/1205
f 1518/993/1205 1512/993/1205 1519/993/1205
f 1513/993/1205 1501/993/1205 1500/993/1205
f 1499/993/1205 1513/993/1205 1500/993/1205
f 1513/993/1205 1499/993/1205 1514/993/1205
f 1514/993/1205 1499/993/1205 1498/993/1205
f 1499/993/1205 1496/993/1205 1497/993/1205
f 1496/993/1205 1499/993/1205 1486/993/1205
f 1496/993/1205 1486/993/1205 1487/993/1205
f 1488/993/1205 1496/993/1205 1487/993/1205
f 1484/993/1205 1495/993/1205 1489/993/1205
f 1484/993/1205 1493/993/1205 1495/993/1205
f 1495/993/1205 1488/993/1205 1489/993/1205
f 1506/993/1205 1507/993/1205 1505/993/1205
f 1509/993/1205 1504/993/1205 1502/993/1205
f 1509/993/1205 1502/993/1205 1503/993/1205
f 1520/993/1205 1509/993/1205 1503/993/1205
f 1520/993/1205 1510/993/1205 1509/993/1205
f 1519/993/1205 1510/993/1205 1520/993/1205
f 1509/993/1205 1517/993/1205 1504/993/1205
f 1509/993/1205 1515/993/1205 1517/993/1205
f 1509/993/1205 1516/993/1205 1515/993/1205
f 1509/993/1205 1506/993/1205 1516/993/1205
f 1506/993/1205 1509/993/1205 1511/993/1205
f 1508/993/1205 1506/993/1205 1511/993/1205
f 1507/993/1205 1506/993/1205 1508/993/1205
f 1464/993/1205 1527/993/1205 1528/993/1205
f 1454/993/1205 1527/993/1205 1464/993/1205
f 1451/993/1205 1468/993/1205 1452/993/1205
f 1468/993/1205 1470/993/1205 1452/993/1205
f 1470/993/1205 1468/993/1205 1469/993/1205
f 1530/993/1205 1453/993/1205 1531/993/1205
f 1453/993/1205 1470/993/1205 1531/993/1205
f 1468/993/1205 1451/993/1205 1448/993/1205
f 1451/993/1205 1446/993/1205 1447/993/1205
f 1444/993/1205 1446/993/1205 1451/993/1205
f 1450/993/1205 1444/993/1205 1451/993/1205
f 1444/993/1205 1450/993/1205 1445/993/1205
f 1450/993/1205 1449/993/1205 1445/993/1205
f 1448/993/1205 1451/993/1205 1447/993/1205
f 1470/993/1205 1453/993/1205 1452/993/1205
f 1453/993/1205 1530/993/1205 1454/993/1205
f 1454/993/1205 1530/993/1205 1527/993/1205
f 1488/993/1205 1495/993/1205 1496/993/1205
f 1487/993/1205 1486/993/1205 1485/993/1205
f 1498/993/1206 1499/993/1206 1497/993/1206
f 1519/993/1205 1512/993/1205 1510/993/1205
f 1513/993/1205 1518/993/1205 1501/993/1205
f 1477/993/1205 1471/993/1205 1472/993/1205
f 1524/993/1205 1526/993/1205 1475/993/1205
f 1525/993/1205 1526/993/1205 1524/993/1205
f 1529/993/1205 1464/993/1205 1528/993/1205
f 1524/993/1205 1475/993/1205 1523/993/1205
f 1476/993/1205 1475/993/1205 1474/993/1205
f 1463/993/1205 1478/993/1205 1479/993/1205
f 1493/993/1205 1484/993/1205 1483/993/1205
f 1492/993/1205 1482/993/1205 1521/993/1205
f 1457/993/1205 1491/993/1205 1492/993/1205
f 1491/993/1205 1457/993/1205 1456/993/1205
f 1491/993/1205 1456/993/1205 1455/993/1205
f 1491/993/1205 1455/993/1205 1460/993/1205
f 1465/993/1205 1480/993/1205 1481/993/1205
f 1490/993/1205 1467/993/1205 1466/993/1205
f 1467/993/1205 1490/993/1205 1491/993/1205
f 1491/993/1205 1460/993/1205 1458/993/1205
f 1536/993/1207 1533/993/1207 1534/993/1207
f 1536/993/1208 1534/993/1208 1535/993/1208
f 1553/993/1207 1533/993/1207 1537/993/1207
f 1533/993/1207 1553/993/1207 1556/993/1207
f 1553/993/1207 1554/993/1207 1556/993/1207
f 1555/993/1207 1547/993/1207 1557/993/1207
f 1557/993/1207 1547/993/1207 1545/993/1207
f 1545/993/1207 1558/993/1207 1557/993/1207
f 1543/993/1208 1559/993/1208 1558/993/1208
f 1543/993/1208 1558/993/1208 1544/993/1208
f 1549/993/1207 1552/993/1207 1550/993/1207
f 1552/993/1207 1551/993/1207 1550/993/1207
f 1551/993/1207 1552/993/1207 1539/993/1207
f 1538/993/1207 1551/993/1207 1539/993/1207
f 1551/993/1207 1540/993/1207 1541/993/1207
f 1540/993/1207 1551/993/1207 1538/993/1207
f 1554/993/1207 1552/993/1207 1549/993/1207
f 1548/993/1207 1554/993/1207 1549/993/1207
f 1542/993/1207 1559/993/1207 1543/993/1207
f 1558/993/1207 1545/993/1207 1544/993/1207
f 1545/993/1207 1547/993/1207 1546/993/1207
f 1547/993/1207 1555/993/1207 1548/993/1207
f 1548/993/1207 1555/993/1207 1554/993/1207
f 1554/993/1207 1553/993/1207 1552/993/1207
f 1533/993/1207 1536/993/1207 1537/993/1207
f 1117/994/1209 1118/995/1209 1119/996/1209
f 1120/997/1210 1117/994/1210 1119/996/1210
f 1120/997/1211 1119/996/1211 1122/998/1211
f 1120/997/1212 1122/998/1212 1121/999/1212
f 1121/999/1213 1116/1000/1213 1120/997/1213
f 1115/1001/1214 1120/997/1214 1116/1000/1214
f 1116/1000/1215 1113/1002/1215 1115/1001/1215
f 1113/1002/1216 1114/1003/1216 1115/1001/1216
f 1115/1001/1217 1114/1003/1217 1117/994/1217
f 1113/1002/1218 1112/1004/1218 1114/1003/1218
f 1458/1005/1219 1114/1006/1219 1112/1007/1219
f 1458/1005/1220 1112/1007/1220 1459/1008/1220
f 1467/1009/1221 1532/1010/1221 1205/1011/1221
f 1466/1012/1222 1467/1009/1222 1205/1011/1222
f 1466/1012/1223 1205/1011/1223 1203/1013/1223
f 1466/1012/1223 1203/1013/1223 1465/1014/1223
f 1490/1015/1224 1481/1016/1224 868/1017/1224
f 1490/1015/1225 868/1017/1225 964/1018/1225
f 1490/1015/1225 964/1018/1225 1491/1019/1225
f 1492/1020/1226 1491/1019/1226 964/1018/1226
f 1492/1020/1227 964/1018/1227 965/1021/1227
f 1492/1020/1227 965/1021/1227 1494/1022/1227
f 1482/1023/1228 1483/1024/1228 1261/1025/1228
f 1482/1023/1229 1261/1025/1229 1260/1026/1229
f 1482/1023/1229 1260/1026/1229 1521/1027/1229
f 1521/1027/1230 1260/1026/1230 1119/1028/1230
f 1521/1027/1230 1119/1028/1230 1457/1029/1230
f 1260/1026/1231 1134/1030/1231 1119/1028/1231
f 1119/1028/1232 1134/1030/1232 1123/1031/1232
f 1134/1032/1233 1135/1033/1233 1123/1034/1233
f 1123/1034/1234 1135/1033/1234 1136/1035/1234
f 1137/1036/1235 1123/1034/1235 1136/1035/1235
f 1137/1036/1236 1136/1035/1236 1140/1037/1236
f 1140/1037/1237 1141/1038/1237 1137/1036/1237
f 1137/1036/1238 1141/1038/1238 1142/1039/1238
f 1137/1036/1239 1142/1039/1239 1139/1040/1239
f 1139/1040/1240 1133/1041/1240 1137/1036/1240
f 1138/1042/1241 1133/1041/1241 1139/1040/1241
f 1138/1042/1242 1139/1040/1242 1143/1043/1242
f 1138/1042/1243 1143/1043/1243 1144/1044/1243
f 1138/1042/1244 1144/1044/1244 1131/1045/1244
f 1132/1046/1245 1138/1042/1245 1131/1045/1245
f 1126/1047/1246 1132/1046/1246 1131/1045/1246
f 1129/1048/1247 1126/1047/1247 1131/1045/1247
f 1129/1048/1248 1131/1045/1248 1130/1049/1248
f 1130/1049/1249 1127/1050/1249 1129/1048/1249
f 997/1051/1250 1127/1050/1250 1130/1049/1250
f 1130/1049/1251 1003/1052/1251 997/1051/1251
f 997/1051/1252 1003/1052/1252 995/1053/1252
f 995/1054/1253 996/1055/1253 997/1056/1253
f 996/1057/1254 1128/1058/1254 997/1051/1254
f 892/1059/1255 1128/1058/1255 996/1057/1255
f 996/1055/1256 891/1060/1256 892/1061/1256
f 891/1062/1257 890/1063/1257 892/1064/1257
f 889/1065/1258 892/1059/1258 890/1066/1258
f 883/1067/1259 889/1068/1259 890/1063/1259
f 883/1067/1260 885/1069/1260 889/1068/1260
f 888/1070/1261 889/1065/1261 885/1071/1261
f 885/1069/1262 886/1072/1262 888/1073/1262
f 886/1074/1263 1113/1002/1263 888/1070/1263
f 887/1075/1264 1113/1002/1264 886/1074/1264
f 886/1072/1265 859/1076/1265 887/1077/1265
f 887/1075/1266 859/1078/1266 858/1079/1266
f 887/1075/1267 858/1079/1267 1110/1080/1267
f 1110/1080/1268 858/1079/1268 1111/1081/1268
f 1110/1080/1269 1111/1081/1269 1112/1004/1269
f 1111/1082/1270 1205/1011/1270 1112/1007/1270
f 858/1083/1271 1202/1084/1271 1111/1082/1271
f 1202/1084/1272 1203/1013/1272 1111/1082/1272
f 1202/1084/1273 1201/1085/1273 1203/1013/1273
f 1201/1085/1274 1204/1086/1274 1203/1013/1274
f 1203/1013/1275 1204/1086/1275 1206/1087/1275
f 1462/1088/1276 1203/1013/1276 1206/1087/1276
f 1462/1088/1276 1206/1087/1276 1463/1089/1276
f 1480/1090/1277 1479/1091/1277 868/1017/1277
f 1479/1091/1278 1478/1092/1278 868/1017/1278
f 1476/1093/1279 868/1017/1279 1478/1092/1279
f 1523/1094/1280 1529/1095/1280 860/1096/1280
f 1523/1097/1281 860/1098/1281 864/1099/1281
f 1523/1097/1281 864/1099/1281 1524/1100/1281
f 1525/1101/1282 1524/1100/1282 864/1099/1282
f 1526/1102/1283 1525/1101/1283 864/1099/1283
f 1475/1103/1284 1526/1102/1284 864/1099/1284
f 1474/1104/1285 1475/1105/1285 864/1106/1285
f 1474/1104/1286 864/1106/1286 865/1107/1286
f 1474/1104/1286 865/1107/1286 1471/1108/1286
f 1476/1093/1287 1477/1109/1287 863/1110/1287
f 1522/1111/1288 863/1110/1288 1477/1109/1288
f 1522/1111/1289 1473/1112/1289 862/1113/1289
f 1473/1112/1290 1472/1114/1290 862/1113/1290
f 1471/1108/1291 862/1113/1291 1472/1114/1291
f 1522/1111/1288 862/1113/1288 863/1110/1288
f 863/1110/1292 862/1113/1292 867/1115/1292
f 871/1116/1293 863/1110/1293 867/1115/1293
f 871/1116/1294 867/1115/1294 873/1117/1294
f 873/1117/1295 956/1118/1295 871/1116/1295
f 871/1116/1296 956/1118/1296 957/1119/1296
f 871/1116/1297 957/1119/1297 868/1017/1297
f 956/1118/1298 958/1120/1298 957/1119/1298
f 957/1119/1299 958/1120/1299 960/1121/1299
f 957/1119/1300 960/1121/1300 964/1018/1300
f 960/1121/1301 958/1120/1301 959/1122/1301
f 959/1122/1302 961/1123/1302 960/1121/1302
f 960/1121/1303 961/1123/1303 963/1124/1303
f 965/1021/1304 960/1121/1304 963/1124/1304
f 967/1125/1305 965/1021/1305 963/1124/1305
f 967/1125/1306 963/1124/1306 970/1126/1306
f 970/1126/1307 972/1127/1307 967/1125/1307
f 972/1127/1308 962/1128/1308 967/1125/1308
f 967/1125/1309 962/1128/1309 973/1129/1309
f 973/1130/1310 969/1131/1310 967/1132/1310
f 969/1133/1311 966/1134/1311 967/1125/1311
f 968/1135/1312 966/1134/1312 969/1133/1312
f 1513/1136/1313 968/1137/1313 969/1138/1313
f 1513/1136/1313 969/1138/1313 1512/1139/1313
f 1518/1140/1314 1519/1141/1314 1251/1142/1314
f 1501/1143/1315 1518/1140/1315 1251/1142/1315
f 1501/1143/1316 1251/1142/1316 1253/1144/1316
f 1501/1143/1316 1253/1144/1316 1500/1145/1316
f 1514/1146/1317 1498/1147/1317 968/1135/1317
f 1498/1147/1318 1497/1148/1318 968/1135/1318
f 1496/1149/1319 968/1135/1319 1497/1148/1319
f 1487/1150/1320 1259/1151/1320 1488/1152/1320
f 1489/1153/1321 1488/1152/1321 1259/1151/1321
f 1489/1153/1322 1259/1151/1322 1261/1025/1322
f 1489/1153/1323 1261/1025/1323 1484/1154/1323
f 1493/1155/1324 966/1134/1324 1495/1156/1324
f 1496/1149/1325 1495/1156/1325 966/1134/1325
f 1493/1155/1326 965/1021/1326 966/1134/1326
f 1487/1150/1320 1256/1157/1320 1259/1151/1320
f 1256/1157/1327 1257/1158/1327 1259/1151/1327
f 1259/1151/1328 1257/1158/1328 1258/1159/1328
f 1259/1151/1329 1258/1159/1329 1260/1026/1329
f 1257/1158/1330 1255/1160/1330 1258/1159/1330
f 1255/1161/1331 1282/1162/1331 1258/1163/1331
f 1258/1163/1332 1282/1162/1332 1134/1164/1332
f 1134/1164/1333 1282/1162/1333 1284/1165/1333
f 1284/1165/1334 1282/1162/1334 1283/1166/1334
f 1284/1165/1335 1283/1166/1335 1276/1167/1335
f 1136/1168/1336 1284/1165/1336 1276/1167/1336
f 1136/1168/1337 1276/1167/1337 1277/1169/1337
f 1136/1168/1338 1277/1169/1338 1147/1170/1338
f 1136/1168/1339 1147/1170/1339 1141/1171/1339
f 1146/1172/1340 1141/1038/1340 1147/1173/1340
f 1162/1174/1341 1146/1175/1341 1147/1170/1341
f 1162/1174/1342 1147/1170/1342 1285/1176/1342
f 1162/1174/1343 1285/1176/1343 1286/1177/1343
f 1286/1178/1344 1163/1179/1344 1162/1180/1344
f 1161/1181/1345 1162/1182/1345 1163/1183/1345
f 1161/1181/1346 1163/1183/1346 1160/1184/1346
f 1155/1185/1347 1161/1181/1347 1160/1184/1347
f 1156/1186/1348 1155/1185/1348 1160/1184/1348
f 1156/1186/1349 1160/1184/1349 1159/1187/1349
f 1158/1188/1350 1156/1186/1350 1159/1187/1350
f 1158/1188/1351 1159/1187/1351 1157/1189/1351
f 1154/1190/1352 1158/1188/1352 1157/1189/1352
f 1152/1191/1353 1154/1190/1353 1157/1189/1353
f 1152/1191/1354 1157/1189/1354 1144/1044/1354
f 1149/1192/1355 1152/1191/1355 1144/1044/1355
f 1149/1192/1356 1151/1193/1356 1152/1191/1356
f 1149/1192/1357 1145/1194/1357 1151/1193/1357
f 1151/1193/1358 1145/1194/1358 1150/1195/1358
f 1151/1193/1359 1150/1195/1359 1153/1196/1359
f 1154/1190/1360 1151/1193/1360 1153/1196/1360
f 1154/1190/1361 1153/1196/1361 1156/1186/1361
f 1153/1196/1362 1150/1195/1362 1155/1185/1362
f 1155/1185/1363 1150/1195/1363 1146/1172/1363
f 1145/1194/1364 1146/1172/1364 1150/1195/1364
f 1148/1197/1365 1146/1172/1365 1145/1194/1365
f 1145/1194/1366 1142/1039/1366 1148/1197/1366
f 1143/1043/1367 1142/1039/1367 1145/1194/1367
f 1148/1197/1368 1142/1039/1368 1146/1172/1368
f 1143/1043/1369 1145/1194/1369 1149/1192/1369
f 1157/1189/1370 1173/1198/1370 1144/1044/1370
f 1157/1189/1371 1171/1199/1371 1173/1198/1371
f 1173/1198/1372 1171/1199/1372 1174/1200/1372
f 1175/1201/1373 1173/1198/1373 1174/1200/1373
f 1181/1202/1374 1175/1201/1374 1174/1200/1374
f 1181/1202/1375 1174/1200/1375 1180/1203/1375
f 1188/1204/1376 1181/1202/1376 1180/1203/1376
f 1188/1204/1377 1180/1203/1377 1186/1205/1377
f 1186/1205/1378 1189/1206/1378 1188/1204/1378
f 1191/1207/1379 1188/1204/1379 1189/1206/1379
f 1191/1207/1380 1189/1206/1380 1194/1208/1380
f 1194/1208/1381 1197/1209/1381 1191/1207/1381
f 1191/1207/1382 1197/1209/1382 1198/1210/1382
f 1191/1207/1383 1198/1210/1383 1181/1202/1383
f 1181/1202/1384 1198/1210/1384 1182/1211/1384
f 1182/1211/1385 1198/1210/1385 1200/1212/1385
f 1182/1211/1386 1200/1212/1386 1130/1049/1386
f 1182/1211/1387 1130/1049/1387 1175/1201/1387
f 1200/1212/1388 1198/1210/1388 1199/1213/1388
f 1199/1213/1389 1003/1052/1389 1200/1212/1389
f 1199/1213/1390 1004/1214/1390 1003/1052/1390
f 1002/1215/1391 1003/1216/1391 1004/1217/1391
f 1005/1218/1392 1002/1215/1392 1004/1217/1392
f 1005/1218/1393 1004/1217/1393 1006/1219/1393
f 1005/1218/1394 1006/1219/1394 1010/1220/1394
f 1005/1218/1395 1010/1220/1395 1012/1221/1395
f 1005/1218/1396 1012/1221/1396 999/1222/1396
f 1000/1223/1397 1005/1218/1397 999/1222/1397
f 994/1224/1398 1000/1223/1398 999/1222/1398
f 999/1222/1399 992/1225/1399 994/1224/1399
f 991/1226/1400 994/1224/1400 992/1225/1400
f 906/1227/1401 991/1226/1401 992/1225/1401
f 906/1227/1402 992/1225/1402 907/1228/1402
f 905/1229/1403 906/1230/1403 907/1231/1403
f 908/1232/1404 905/1229/1404 907/1231/1404
f 908/1232/1405 907/1231/1405 909/1233/1405
f 911/1234/1406 908/1232/1406 909/1233/1406
f 911/1234/1407 909/1233/1407 913/1235/1407
f 911/1234/1408 913/1235/1408 912/1236/1408
f 898/1237/1409 911/1234/1409 912/1236/1409
f 898/1237/1410 912/1236/1410 915/1238/1410
f 898/1237/1411 915/1238/1411 881/1239/1411
f 881/1239/1412 896/1240/1412 898/1237/1412
f 898/1237/1413 896/1240/1413 897/1241/1413
f 897/1241/1414 902/1242/1414 898/1237/1414
f 902/1242/1415 908/1232/1415 898/1237/1415
f 897/1241/1416 899/1243/1416 902/1242/1416
f 899/1243/1417 903/1244/1417 902/1242/1417
f 903/1244/1418 905/1229/1418 902/1242/1418
f 903/1244/1419 904/1245/1419 905/1229/1419
f 903/1244/1420 901/1246/1420 904/1245/1420
f 993/1247/1421 904/1248/1421 901/1249/1421
f 993/1247/1422 901/1249/1422 900/1250/1422
f 994/1224/1423 993/1247/1423 900/1250/1423
f 994/1224/1424 900/1250/1424 995/1054/1424
f 995/1054/1425 900/1250/1425 891/1060/1425
f 894/1251/1426 891/1060/1426 900/1250/1426
f 899/1243/1427 894/1252/1427 900/1253/1427
f 893/1254/1428 891/1062/1428 894/1252/1428
f 895/1255/1429 893/1254/1429 894/1252/1429
f 895/1255/1430 894/1252/1430 896/1240/1430
f 882/1256/1431 893/1254/1431 895/1255/1431
f 882/1256/1432 895/1255/1432 881/1239/1432
f 877/1257/1433 882/1256/1433 881/1239/1433
f 876/1258/1434 877/1257/1434 881/1239/1434
f 875/1259/1435 877/1257/1435 876/1258/1435
f 872/1260/1436 875/1259/1436 876/1258/1436
f 879/1261/1437 872/1260/1437 876/1258/1437
f 876/1258/1438 916/1262/1438 879/1261/1438
f 916/1262/1439 946/1263/1439 879/1261/1439
f 879/1261/1440 946/1263/1440 947/1264/1440
f 879/1261/1441 947/1264/1441 949/1265/1441
f 879/1261/1442 949/1265/1442 878/1266/1442
f 878/1266/1443 949/1265/1443 880/1267/1443
f 873/1117/1444 878/1266/1444 880/1267/1444
f 873/1117/1445 872/1260/1445 878/1266/1445
f 949/1265/1446 951/1268/1446 880/1267/1446
f 880/1267/1447 951/1268/1447 954/1269/1447
f 880/1267/1448 954/1269/1448 955/1270/1448
f 880/1267/1449 955/1270/1449 956/1118/1449
f 959/1122/1450 955/1270/1450 954/1269/1450
f 954/1269/1451 951/1268/1451 953/1271/1451
f 962/1128/1452 954/1269/1452 953/1271/1452
f 974/1272/1453 962/1128/1453 953/1271/1453
f 974/1272/1454 953/1271/1454 976/1273/1454
f 974/1272/1455 976/1273/1455 977/1274/1455
f 974/1275/1456 977/1276/1456 975/1277/1456
f 975/1277/1457 977/1276/1457 1214/1278/1457
f 975/1277/1458 1214/1278/1458 1216/1279/1458
f 1216/1279/1459 973/1130/1459 975/1277/1459
f 1230/1280/1460 973/1130/1460 1216/1279/1460
f 1216/1279/1461 1229/1281/1461 1230/1280/1461
f 1229/1281/1462 1246/1282/1462 1230/1280/1462
f 1246/1282/1463 1250/1283/1463 1230/1280/1463
f 1507/1284/1464 1230/1280/1464 1250/1283/1464
f 1507/1284/1464 1250/1283/1464 1505/1285/1464
f 1505/1285/1465 1252/1286/1465 1506/1287/1465
f 1516/1288/1466 1506/1287/1466 1252/1286/1466
f 1515/1289/1467 1516/1288/1467 1252/1286/1467
f 1517/1290/1468 1515/1289/1468 1252/1286/1468
f 1504/1291/1469 1517/1290/1469 1252/1286/1469
f 1504/1291/1470 1252/1286/1470 1250/1283/1470
f 1504/1291/1470 1250/1283/1470 1502/1292/1470
f 1520/1293/1471 1503/1294/1471 1249/1295/1471
f 1520/1293/1472 1249/1295/1472 1251/1142/1472
f 1249/1295/1473 1242/1296/1473 1251/1142/1473
f 1249/1295/1474 1241/1297/1474 1242/1296/1474
f 1239/1298/1475 1242/1296/1475 1241/1297/1475
f 1238/1299/1476 1239/1298/1476 1241/1297/1476
f 1238/1299/1477 1241/1297/1477 1240/1300/1477
f 1232/1301/1478 1238/1299/1478 1240/1300/1478
f 1232/1301/1479 1240/1300/1479 1231/1302/1479
f 1228/1303/1480 1232/1301/1480 1231/1302/1480
f 1229/1281/1481 1228/1303/1481 1231/1302/1481
f 1229/1281/1482 1225/1304/1482 1228/1303/1482
f 1225/1304/1483 1222/1305/1483 1228/1303/1483
f 1228/1303/1484 1222/1305/1484 1226/1306/1484
f 1222/1305/1485 1223/1307/1485 1226/1306/1485
f 1226/1306/1486 1223/1307/1486 1227/1308/1486
f 1227/1309/1487 1268/1310/1487 1226/1311/1487
f 1226/1311/1488 1268/1310/1488 1271/1312/1488
f 1226/1311/1489 1271/1312/1489 1234/1313/1489
f 1233/1314/1490 1226/1306/1490 1234/1315/1490
f 1233/1314/1491 1234/1315/1491 1235/1316/1491
f 1233/1314/1492 1235/1316/1492 1238/1299/1492
f 1235/1316/1493 1234/1315/1493 1236/1317/1493
f 1235/1316/1494 1236/1317/1494 1237/1318/1494
f 1235/1316/1495 1237/1318/1495 1239/1298/1495
f 1236/1319/1496 1255/1161/1496 1237/1320/1496
f 1254/1321/1497 1237/1318/1497 1255/1160/1497
f 1254/1321/1498 1242/1296/1498 1237/1318/1498
f 1253/1144/1499 1242/1296/1499 1254/1321/1499
f 1253/1144/1500 1254/1321/1500 1256/1157/1500
f 1499/1322/1501 1253/1144/1501 1256/1157/1501
f 1236/1319/1502 1275/1323/1502 1255/1161/1502
f 1275/1323/1503 1276/1167/1503 1255/1161/1503
f 1275/1323/1504 1274/1324/1504 1276/1167/1504
f 1236/1319/1505 1274/1324/1505 1275/1323/1505
f 1236/1319/1506 1272/1325/1506 1274/1324/1506
f 1274/1324/1507 1272/1325/1507 1273/1326/1507
f 1274/1324/1508 1273/1326/1508 1277/1169/1508
f 1273/1326/1509 1278/1327/1509 1277/1169/1509
f 1277/1169/1510 1278/1327/1510 1280/1328/1510
f 1277/1169/1511 1280/1328/1511 1281/1329/1511
f 1280/1328/1512 1302/1330/1512 1281/1329/1512
f 1281/1329/1513 1302/1330/1513 1291/1331/1513
f 1288/1332/1514 1281/1329/1514 1291/1331/1514
f 1288/1332/1515 1291/1331/1515 1292/1333/1515
f 1288/1332/1516 1292/1333/1516 1289/1334/1516
f 1287/1335/1517 1288/1332/1517 1289/1334/1517
f 1287/1335/1518 1289/1334/1518 1290/1336/1518
f 1290/1337/1519 1330/1338/1519 1287/1339/1519
f 1287/1339/1520 1330/1338/1520 1286/1178/1520
f 1286/1178/1521 1330/1338/1521 1165/1340/1521
f 1330/1338/1522 1329/1341/1522 1165/1340/1522
f 1329/1341/1523 1166/1342/1523 1165/1340/1523
f 1164/1343/1524 1165/1344/1524 1166/1345/1524
f 1164/1343/1525 1166/1345/1525 1159/1187/1525
f 1159/1187/1526 1163/1183/1526 1164/1343/1526
f 1159/1187/1527 1166/1345/1527 1167/1346/1527
f 1159/1187/1528 1167/1346/1528 1169/1347/1528
f 1169/1347/1529 1167/1346/1529 1170/1348/1529
f 1170/1349/1530 1440/1350/1530 1169/1351/1530
f 1169/1351/1531 1440/1350/1531 1172/1352/1531
f 1171/1199/1532 1169/1347/1532 1172/1353/1532
f 1177/1354/1533 1171/1355/1533 1172/1356/1533
f 1177/1354/1534 1172/1356/1534 1183/1357/1534
f 1177/1354/1535 1183/1357/1535 1179/1358/1535
f 1178/1359/1536 1177/1360/1536 1179/1361/1536
f 1180/1203/1537 1178/1359/1537 1179/1361/1537
f 1176/1362/1538 1177/1360/1538 1178/1359/1538
f 1176/1362/1539 1178/1359/1539 1174/1200/1539
f 1183/1363/1540 1184/1364/1540 1179/1361/1540
f 1179/1361/1541 1184/1364/1541 1185/1365/1541
f 1179/1361/1542 1185/1365/1542 1186/1205/1542
f 1186/1205/1543 1185/1365/1543 1187/1366/1543
f 1185/1367/1544 1411/1368/1544 1187/1369/1544
f 1187/1369/1545 1411/1368/1545 1412/1370/1545
f 1187/1369/1546 1412/1370/1546 1190/1371/1546
f 1189/1206/1547 1187/1366/1547 1190/1372/1547
f 1189/1206/1548 1190/1372/1548 1192/1373/1548
f 1192/1373/1549 1190/1372/1549 1193/1374/1549
f 1192/1373/1550 1193/1374/1550 1195/1375/1550
f 1192/1373/1551 1195/1375/1551 1194/1208/1551
f 1195/1375/1552 1068/1376/1552 1194/1208/1552
f 1195/1375/1553 1071/1377/1553 1068/1376/1553
f 1068/1376/1554 1071/1377/1554 1067/1378/1554
f 1067/1379/1555 1009/1380/1555 1068/1381/1555
f 1007/1382/1556 1068/1376/1556 1009/1383/1556
f 1008/1384/1557 1007/1385/1557 1009/1386/1557
f 1008/1384/1558 1009/1386/1558 1011/1387/1558
f 1008/1384/1559 1011/1387/1559 1015/1388/1559
f 1008/1384/1560 1015/1388/1560 1014/1389/1560
f 1014/1389/1561 1010/1220/1561 1008/1384/1561
f 1015/1388/1562 1016/1390/1562 1014/1389/1562
f 1016/1390/1563 1017/1391/1563 1014/1389/1563
f 1019/1392/1564 1014/1389/1564 1017/1391/1564
f 1021/1393/1565 1019/1392/1565 1017/1391/1565
f 1017/1391/1566 1022/1394/1566 1021/1393/1566
f 1021/1393/1567 1022/1394/1567 1027/1395/1567
f 1028/1396/1568 1021/1393/1568 1027/1395/1568
f 1031/1397/1569 1028/1396/1569 1027/1395/1569
f 1051/1398/1570 1031/1397/1570 1027/1395/1570
f 1052/1399/1571 1051/1398/1571 1027/1395/1571
f 1052/1399/1572 1027/1395/1572 1053/1400/1572
f 1052/1399/1573 1053/1400/1573 1054/1401/1573
f 1057/1402/1574 1052/1403/1574 1054/1404/1574
f 1054/1405/1575 1104/1406/1575 1057/1407/1575
f 1104/1408/1576 1060/1409/1576 1057/1410/1576
f 1059/1411/1577 1057/1402/1577 1060/1412/1577
f 1060/1409/1578 1208/1413/1578 1059/1414/1578
f 1059/1414/1579 1208/1413/1579 1063/1415/1579
f 1062/1416/1580 1059/1411/1580 1063/1417/1580
f 1063/1415/1581 1212/1418/1581 1062/1419/1581
f 1062/1419/1582 1212/1418/1582 1213/1420/1582
f 1062/1419/1583 1213/1420/1583 1043/1421/1583
f 1042/1422/1584 1062/1416/1584 1043/1423/1584
f 1041/1424/1585 1042/1425/1585 1043/1426/1585
f 1043/1427/1586 1391/1428/1586 1041/1429/1586
f 1420/1430/1587 1041/1431/1587 1391/1432/1587
f 1420/1430/1588 1391/1432/1588 1396/1433/1588
f 1420/1430/1589 1396/1433/1589 1421/1434/1589
f 1420/1430/1590 1421/1434/1590 1423/1435/1590
f 1420/1430/1591 1423/1435/1591 1168/1436/1591
f 1327/1437/1592 1420/1430/1592 1168/1436/1592
f 1327/1437/1593 1168/1436/1593 1326/1438/1593
f 1326/1439/1594 1036/1440/1594 1327/1441/1594
f 1038/1442/1595 1327/1437/1595 1036/1443/1595
f 1036/1444/1596 1037/1445/1596 1038/1446/1596
f 1038/1446/1597 1037/1445/1597 1040/1447/1597
f 1038/1446/1598 1040/1447/1598 1041/1424/1598
f 1040/1447/1599 1037/1445/1599 1044/1448/1599
f 1044/1449/1600 1061/1450/1600 1040/1451/1600
f 1040/1451/1601 1061/1450/1601 1042/1422/1601
f 1042/1422/1602 1061/1450/1602 1059/1411/1602
f 1061/1450/1603 1058/1452/1603 1059/1411/1603
f 1049/1453/1604 1058/1452/1604 1061/1450/1604
f 1049/1453/1605 1061/1450/1605 1045/1454/1605
f 1045/1455/1606 1048/1456/1606 1049/1457/1606
f 1049/1457/1607 1048/1456/1607 1052/1399/1607
f 1045/1455/1608 1047/1458/1608 1048/1456/1608
f 1047/1458/1609 1050/1459/1609 1048/1456/1609
f 1050/1459/1610 1051/1398/1610 1048/1456/1610
f 1047/1458/1611 1031/1397/1611 1050/1459/1611
f 1047/1458/1612 1046/1460/1612 1031/1397/1612
f 1046/1460/1613 1039/1461/1613 1031/1397/1613
f 1039/1461/1614 1034/1462/1614 1031/1397/1614
f 1034/1462/1615 1029/1463/1615 1031/1397/1615
f 1032/1464/1616 1029/1463/1616 1034/1462/1616
f 1032/1464/1617 1034/1462/1617 1035/1465/1617
f 1032/1464/1618 1035/1465/1618 1033/1466/1618
f 914/1467/1619 1032/1464/1619 1033/1466/1619
f 914/1467/1620 1033/1466/1620 913/1468/1620
f 913/1468/1621 1033/1466/1621 921/1469/1621
f 920/1470/1622 913/1235/1622 921/1471/1622
f 920/1470/1623 921/1471/1623 922/1472/1623
f 920/1470/1624 922/1472/1624 923/1473/1624
f 920/1470/1625 923/1473/1625 918/1474/1625
f 918/1474/1626 923/1473/1626 925/1475/1626
f 918/1474/1627 925/1475/1627 919/1476/1627
f 919/1476/1628 912/1236/1628 918/1474/1628
f 917/1477/1629 912/1236/1629 919/1476/1629
f 919/1476/1630 927/1478/1630 917/1477/1630
f 917/1477/1631 927/1478/1631 932/1479/1631
f 932/1479/1632 936/1480/1632 917/1477/1632
f 917/1477/1633 936/1480/1633 939/1481/1633
f 917/1477/1634 939/1481/1634 916/1262/1634
f 915/1238/1635 917/1477/1635 916/1262/1635
f 939/1481/1636 943/1482/1636 916/1262/1636
f 916/1262/1637 943/1482/1637 944/1483/1637
f 943/1482/1638 945/1484/1638 944/1483/1638
f 946/1263/1639 944/1483/1639 945/1484/1639
f 948/1485/1640 946/1263/1640 945/1484/1640
f 983/1486/1641 948/1485/1641 945/1484/1641
f 983/1486/1642 945/1484/1642 987/1487/1642
f 983/1486/1643 987/1487/1643 986/1488/1643
f 984/1489/1644 983/1486/1644 986/1488/1644
f 1267/1490/1645 984/1491/1645 986/1492/1645
f 1267/1490/1646 986/1492/1646 989/1493/1646
f 989/1493/1647 1299/1494/1647 1267/1490/1647
f 1267/1490/1648 1299/1494/1648 1300/1495/1648
f 1267/1490/1649 1300/1495/1649 1269/1496/1649
f 1269/1496/1650 1266/1497/1650 1267/1490/1650
f 1264/1498/1651 1267/1490/1651 1266/1497/1651
f 1262/1499/1652 1264/1498/1652 1266/1497/1652
f 1262/1499/1653 1266/1497/1653 1263/1500/1653
f 1221/1501/1654 1262/1499/1654 1263/1500/1654
f 1221/1501/1655 1263/1500/1655 1223/1502/1655
f 1268/1310/1656 1223/1502/1656 1263/1500/1656
f 1263/1500/1657 1269/1496/1657 1268/1310/1657
f 1268/1310/1658 1269/1496/1658 1270/1503/1658
f 1221/1501/1659 985/1504/1659 1262/1499/1659
f 981/1505/1660 985/1504/1660 1221/1501/1660
f 1220/1506/1661 981/1507/1661 1221/1508/1661
f 1220/1506/1662 1221/1508/1662 1222/1305/1662
f 1220/1506/1663 1222/1305/1663 1219/1509/1663
f 1219/1509/1664 978/1510/1664 1220/1506/1664
f 1220/1506/1665 978/1510/1665 979/1511/1665
f 978/1512/1666 976/1273/1666 979/1513/1666
f 976/1273/1667 980/1514/1667 979/1513/1667
f 980/1514/1668 952/1515/1668 979/1513/1668
f 979/1513/1669 952/1515/1669 981/1516/1669
f 981/1516/1670 952/1515/1670 982/1517/1670
f 982/1517/1671 952/1515/1671 948/1485/1671
f 950/1518/1672 948/1485/1672 952/1515/1672
f 953/1271/1673 950/1518/1673 952/1515/1673
f 950/1518/1674 947/1264/1674 948/1485/1674
f 980/1514/1675 953/1271/1675 952/1515/1675
f 1215/1519/1676 978/1510/1676 1219/1509/1676
f 1215/1519/1677 1219/1509/1677 1218/1520/1677
f 1217/1521/1678 1215/1519/1678 1218/1520/1678
f 1218/1520/1679 1224/1522/1679 1217/1521/1679
f 1217/1521/1680 1224/1522/1680 1225/1304/1680
f 1217/1521/1681 1225/1304/1681 1216/1279/1681
f 1214/1278/1682 1215/1519/1682 1217/1521/1682
f 1224/1522/1683 1218/1520/1683 1219/1509/1683
f 1215/1519/1684 977/1276/1684 978/1510/1684
f 1224/1522/1685 1219/1509/1685 1222/1305/1685
f 1220/1506/1686 979/1511/1686 981/1507/1686
f 985/1504/1687 981/1505/1687 982/1523/1687
f 982/1517/1688 984/1489/1688 985/1524/1688
f 1265/1525/1689 985/1504/1689 984/1491/1689
f 1264/1498/1690 985/1504/1690 1265/1525/1690
f 1262/1499/1691 985/1504/1691 1264/1498/1691
f 1264/1498/1692 1265/1525/1692 1267/1490/1692
f 1263/1500/1693 1266/1497/1693 1269/1496/1693
f 1269/1496/1694 1300/1495/1694 1270/1503/1694
f 1270/1503/1695 1300/1495/1695 1279/1526/1695
f 1278/1327/1696 1270/1503/1696 1279/1526/1696
f 1279/1526/1697 1300/1495/1697 1301/1527/1697
f 1279/1526/1698 1301/1527/1698 1299/1494/1698
f 1279/1526/1699 1299/1494/1699 1298/1528/1699
f 1279/1526/1700 1298/1528/1700 1302/1330/1700
f 1299/1494/1701 1297/1529/1701 1298/1528/1701
f 1296/1530/1702 1298/1528/1702 1297/1529/1702
f 938/1531/1703 1296/1530/1703 1297/1529/1703
f 938/1531/1704 1297/1529/1704 940/1532/1704
f 937/1533/1705 938/1534/1705 940/1535/1705
f 937/1533/1706 940/1535/1706 941/1536/1706
f 943/1482/1707 937/1533/1707 941/1536/1707
f 941/1536/1708 940/1535/1708 942/1537/1708
f 942/1538/1709 989/1493/1709 941/1539/1709
f 942/1538/1710 1297/1529/1710 989/1493/1710
f 937/1533/1711 934/1540/1711 938/1534/1711
f 938/1531/1712 934/1541/1712 931/1542/1712
f 938/1531/1713 931/1542/1713 1295/1543/1713
f 1294/1544/1714 1295/1543/1714 931/1542/1714
f 929/1545/1715 1294/1544/1715 931/1542/1715
f 930/1546/1716 929/1547/1716 931/1548/1716
f 930/1546/1717 931/1548/1717 933/1549/1717
f 930/1546/1718 933/1549/1718 932/1479/1718
f 932/1479/1719 933/1549/1719 935/1550/1719
f 935/1550/1720 933/1549/1720 934/1540/1720
f 936/1480/1721 935/1550/1721 934/1540/1721
f 927/1478/1722 929/1547/1722 930/1546/1722
f 927/1478/1723 928/1551/1723 929/1547/1723
f 927/1478/1724 925/1475/1724 928/1551/1724
f 926/1552/1725 928/1553/1725 925/1554/1725
f 926/1552/1726 1289/1334/1726 928/1553/1726
f 928/1553/1727 1289/1334/1727 1294/1544/1727
f 928/1553/1728 1294/1544/1728 929/1545/1728
f 1294/1544/1729 1292/1333/1729 1295/1543/1729
f 1303/1555/1730 1295/1543/1730 1292/1333/1730
f 1292/1333/1731 1304/1556/1731 1303/1555/1731
f 1304/1556/1732 1305/1557/1732 1303/1555/1732
f 1291/1331/1733 1303/1555/1733 1305/1557/1733
f 1291/1331/1734 1298/1528/1734 1303/1555/1734
f 1291/1331/1735 1305/1557/1735 1304/1556/1735
f 1303/1555/1736 1298/1528/1736 1295/1543/1736
f 933/1549/1737 931/1548/1737 934/1540/1737
f 936/1480/1738 934/1540/1738 937/1533/1738
f 940/1532/1739 1297/1529/1739 942/1538/1739
f 938/1531/1740 1295/1543/1740 1296/1530/1740
f 1296/1530/1741 1295/1543/1741 1298/1528/1741
f 1300/1495/1742 1299/1494/1742 1301/1527/1742
f 989/1493/1743 1297/1529/1743 1299/1494/1743
f 986/1488/1744 941/1536/1744 989/1558/1744
f 988/1559/1745 941/1536/1745 986/1488/1745
f 986/1488/1746 990/1560/1746 988/1559/1746
f 987/1487/1747 988/1559/1747 990/1560/1747
f 988/1559/1748 945/1484/1748 941/1536/1748
f 1267/1490/1749 1265/1525/1749 984/1491/1749
f 982/1517/1750 983/1486/1750 984/1489/1750
f 987/1487/1751 990/1560/1751 986/1488/1751
f 987/1487/1752 945/1484/1752 988/1559/1752
f 982/1517/1753 948/1485/1753 983/1486/1753
f 943/1482/1754 941/1536/1754 945/1484/1754
f 939/1481/1755 937/1533/1755 943/1482/1755
f 939/1481/1756 936/1480/1756 937/1533/1756
f 932/1479/1757 935/1550/1757 936/1480/1757
f 932/1479/1758 927/1478/1758 930/1546/1758
f 919/1476/1759 925/1475/1759 927/1478/1759
f 925/1475/1760 923/1473/1760 926/1561/1760
f 1293/1562/1761 926/1552/1761 923/1563/1761
f 924/1564/1762 1293/1565/1762 923/1566/1762
f 1293/1565/1763 924/1564/1763 1326/1439/1763
f 1293/1565/1764 1326/1439/1764 1328/1567/1764
f 1293/1565/1765 1328/1567/1765 1290/1337/1765
f 1328/1567/1766 1329/1341/1766 1290/1337/1766
f 1328/1567/1767 1326/1439/1767 1166/1342/1767
f 1290/1336/1768 926/1552/1768 1293/1562/1768
f 923/1473/1769 922/1472/1769 924/1568/1769
f 921/1469/1770 924/1569/1770 922/1570/1770
f 918/1474/1771 913/1235/1771 920/1470/1771
f 921/1469/1772 1033/1466/1772 924/1569/1772
f 924/1569/1773 1033/1466/1773 1036/1444/1773
f 914/1467/1774 1030/1571/1774 1032/1464/1774
f 998/1572/1775 1030/1571/1775 914/1467/1775
f 998/1572/1776 914/1467/1776 910/1573/1776
f 998/1572/1777 910/1573/1777 992/1225/1777
f 910/1573/1778 914/1467/1778 909/1574/1778
f 998/1572/1779 1029/1463/1779 1030/1571/1779
f 998/1572/1780 1028/1396/1780 1029/1463/1780
f 1037/1445/1781 1033/1466/1781 1035/1465/1781
f 1035/1465/1782 1039/1461/1782 1037/1445/1782
f 1030/1571/1783 1029/1463/1783 1032/1464/1783
f 1039/1461/1784 1035/1465/1784 1034/1462/1784
f 1046/1460/1785 1037/1445/1785 1039/1461/1785
f 1037/1445/1786 1046/1460/1786 1045/1455/1786
f 1045/1455/1787 1046/1460/1787 1047/1458/1787
f 1052/1403/1788 1058/1452/1788 1049/1453/1788
f 1045/1454/1789 1061/1450/1789 1044/1449/1789
f 1044/1448/1790 1037/1445/1790 1045/1455/1790
f 1036/1444/1791 1033/1466/1791 1037/1445/1791
f 1326/1439/1792 924/1564/1792 1036/1440/1792
f 1326/1438/1793 1168/1436/1793 1166/1575/1793
f 1327/1437/1794 1038/1442/1794 1420/1430/1794
f 1168/1436/1795 1423/1435/1795 1425/1576/1795
f 1425/1576/1796 1434/1577/1796 1168/1436/1796
f 1168/1436/1797 1434/1577/1797 1435/1578/1797
f 1168/1436/1798 1435/1578/1798 1167/1579/1798
f 1167/1579/1799 1435/1578/1799 1436/1580/1799
f 1438/1581/1800 1167/1582/1800 1436/1583/1800
f 1436/1580/1801 1437/1584/1801 1438/1585/1801
f 1438/1585/1802 1437/1584/1802 1170/1349/1802
f 1170/1349/1803 1437/1584/1803 1439/1586/1803
f 1170/1349/1804 1439/1586/1804 1431/1587/1804
f 1439/1586/1805 1433/1588/1805 1431/1587/1805
f 1433/1588/1806 1429/1589/1806 1431/1587/1806
f 1429/1589/1807 1430/1590/1807 1431/1587/1807
f 1431/1587/1808 1430/1590/1808 1406/1591/1808
f 1440/1350/1809 1431/1587/1809 1406/1591/1809
f 1430/1590/1810 1403/1592/1810 1406/1591/1810
f 1403/1593/1811 1402/1594/1811 1406/1595/1811
f 1406/1595/1812 1402/1594/1812 1386/1596/1812
f 1406/1595/1813 1386/1596/1813 1407/1597/1813
f 1406/1595/1814 1407/1597/1814 1172/1356/1814
f 1407/1597/1815 1386/1596/1815 1381/1598/1815
f 1407/1597/1816 1381/1598/1816 1408/1599/1816
f 1407/1597/1817 1408/1599/1817 1183/1357/1817
f 1183/1357/1818 1408/1599/1818 1410/1600/1818
f 1183/1357/1819 1410/1600/1819 1185/1367/1819
f 1408/1599/1820 1411/1368/1820 1410/1600/1820
f 1408/1599/1821 1409/1601/1821 1411/1368/1821
f 1411/1368/1822 1409/1601/1822 1382/1602/1822
f 1409/1601/1823 1381/1598/1823 1382/1602/1823
f 1378/1603/1824 1382/1602/1824 1381/1598/1824
f 1375/1604/1825 1378/1603/1825 1381/1598/1825
f 1375/1604/1826 1381/1598/1826 1376/1605/1826
f 1376/1605/1827 1374/1606/1827 1375/1604/1827
f 1374/1606/1828 1373/1607/1828 1375/1604/1828
f 1375/1604/1829 1373/1607/1829 1076/1608/1829
f 1375/1604/1830 1076/1608/1830 1377/1609/1830
f 1377/1609/1831 1076/1608/1831 1077/1610/1831
f 1377/1609/1832 1077/1610/1832 1082/1611/1832
f 1082/1612/1833 1419/1613/1833 1377/1614/1833
f 1419/1613/1834 1380/1615/1834 1377/1614/1834
f 1379/1616/1835 1377/1609/1835 1380/1617/1835
f 1382/1602/1836 1379/1616/1836 1380/1617/1836
f 1413/1618/1837 1382/1602/1837 1380/1617/1837
f 1413/1618/1838 1380/1617/1838 1372/1619/1838
f 1413/1618/1839 1372/1619/1839 1193/1620/1839
f 1372/1621/1840 1370/1622/1840 1193/1623/1840
f 1370/1622/1841 1196/1624/1841 1193/1623/1841
f 1370/1622/1842 1091/1625/1842 1196/1624/1842
f 1195/1375/1843 1196/1626/1843 1091/1627/1843
f 1195/1375/1844 1091/1627/1844 1072/1628/1844
f 1090/1629/1845 1072/1630/1845 1091/1631/1845
f 1090/1629/1846 1091/1631/1846 1092/1632/1846
f 1099/1633/1847 1090/1629/1847 1092/1632/1847
f 1099/1633/1848 1092/1632/1848 1101/1634/1848
f 1306/1635/1849 1099/1636/1849 1101/1637/1849
f 1306/1635/1850 1101/1637/1850 1307/1638/1850
f 1306/1635/1851 1307/1638/1851 1312/1639/1851
f 1313/1640/1852 1306/1635/1852 1312/1639/1852
f 1315/1641/1853 1313/1640/1853 1312/1639/1853
f 1315/1641/1854 1312/1639/1854 1317/1642/1854
f 1320/1643/1855 1315/1641/1855 1317/1642/1855
f 1320/1643/1856 1317/1642/1856 1321/1644/1856
f 1335/1645/1857 1320/1646/1857 1321/1647/1857
f 1335/1645/1858 1321/1647/1858 1322/1648/1858
f 1335/1645/1859 1322/1648/1859 1332/1649/1859
f 1335/1645/1860 1332/1649/1860 1319/1650/1860
f 1319/1650/1861 1332/1649/1861 1334/1651/1861
f 1319/1650/1862 1334/1651/1862 1315/1652/1862
f 1315/1652/1863 1334/1651/1863 1316/1653/1863
f 1314/1654/1864 1315/1641/1864 1316/1655/1864
f 1316/1653/1865 1336/1656/1865 1314/1657/1865
f 1314/1657/1866 1336/1656/1866 1338/1658/1866
f 1314/1657/1867 1338/1658/1867 1311/1659/1867
f 1311/1660/1868 1313/1640/1868 1314/1654/1868
f 1311/1659/1869 1338/1658/1869 1339/1661/1869
f 1311/1659/1870 1339/1661/1870 1309/1662/1870
f 1309/1663/1871 1306/1635/1871 1311/1660/1871
f 1309/1663/1872 1308/1664/1872 1306/1635/1872
f 1093/1665/1873 1306/1635/1873 1308/1664/1873
f 1414/1666/1874 1093/1667/1874 1308/1668/1874
f 1414/1666/1875 1308/1668/1875 1352/1669/1875
f 1414/1666/1876 1352/1669/1876 1415/1670/1876
f 1414/1666/1877 1415/1670/1877 1094/1671/1877
f 1094/1671/1878 1415/1670/1878 1416/1672/1878
f 1094/1671/1879 1416/1672/1879 1089/1673/1879
f 1093/1674/1880 1094/1675/1880 1089/1676/1880
f 1093/1674/1881 1089/1676/1881 1088/1677/1881
f 1093/1674/1882 1088/1677/1882 1095/1678/1882
f 1095/1678/1883 1088/1677/1883 1097/1679/1883
f 1095/1678/1884 1097/1679/1884 1098/1680/1884
f 1098/1681/1885 1358/1682/1885 1095/1683/1885
f 1095/1683/1886 1358/1682/1886 1100/1684/1886
f 1100/1685/1887 1099/1633/1887 1095/1686/1887
f 1098/1680/1888 1099/1633/1888 1100/1685/1888
f 1101/1687/1889 1098/1688/1889 1100/1689/1889
f 1100/1684/1890 1358/1682/1890 1357/1690/1890
f 1100/1684/1891 1357/1690/1891 1342/1691/1891
f 1342/1692/1892 1369/1693/1892 1100/1694/1892
f 1092/1695/1893 1100/1689/1893 1369/1696/1893
f 1092/1695/1894 1369/1696/1894 1098/1697/1894
f 1359/1698/1895 1098/1681/1895 1369/1699/1895
f 1369/1700/1896 1357/1701/1896 1359/1702/1896
f 1356/1703/1897 1359/1704/1897 1357/1705/1897
f 1353/1706/1898 1356/1707/1898 1357/1708/1898
f 1353/1706/1899 1355/1709/1899 1356/1707/1899
f 1355/1710/1900 1371/1711/1900 1356/1703/1900
f 1355/1710/1901 1369/1700/1901 1371/1711/1901
f 1369/1693/1902 1370/1622/1902 1371/1712/1902
f 1353/1706/1903 1342/1713/1903 1355/1709/1903
f 1351/1714/1904 1342/1713/1904 1353/1706/1904
f 1351/1714/1905 1353/1706/1905 1354/1715/1905
f 1415/1670/1906 1351/1716/1906 1354/1717/1906
f 1353/1718/1907 1442/1719/1907 1354/1720/1907
f 1354/1720/1908 1442/1719/1908 1443/1721/1908
f 1443/1721/1909 1418/1722/1909 1354/1720/1909
f 1417/1723/1910 1354/1717/1910 1418/1724/1910
f 1417/1723/1911 1418/1724/1911 1380/1615/1911
f 1416/1672/1912 1354/1717/1912 1417/1723/1912
f 1416/1672/1913 1417/1723/1913 1419/1613/1913
f 1416/1672/1914 1419/1613/1914 1081/1725/1914
f 1086/1726/1915 1416/1672/1915 1081/1725/1915
f 1081/1727/1916 1085/1728/1916 1086/1729/1916
f 1085/1728/1917 1087/1730/1917 1086/1729/1917
f 1086/1729/1918 1087/1730/1918 1088/1677/1918
f 1096/1731/1919 1088/1677/1919 1087/1730/1919
f 1097/1679/1920 1096/1731/1920 1087/1730/1920
f 1097/1679/1921 1087/1730/1921 1090/1629/1921
f 1087/1730/1922 1074/1732/1922 1090/1629/1922
f 1087/1730/1923 1083/1733/1923 1074/1732/1923
f 1078/1734/1924 1074/1732/1924 1083/1733/1924
f 1078/1734/1925 1083/1733/1925 1080/1735/1925
f 1080/1735/1926 1079/1736/1926 1078/1734/1926
f 1075/1737/1927 1078/1734/1927 1079/1736/1927
f 1075/1737/1928 1069/1738/1928 1078/1734/1928
f 1075/1737/1929 1024/1739/1929 1069/1738/1929
f 1020/1740/1930 1069/1738/1930 1024/1739/1930
f 1023/1741/1931 1020/1742/1931 1024/1743/1931
f 1023/1741/1932 1024/1743/1932 1025/1744/1932
f 1023/1741/1933 1025/1744/1933 1026/1745/1933
f 1023/1741/1934 1026/1745/1934 1022/1394/1934
f 1025/1746/1935 1102/1747/1935 1026/1748/1935
f 1026/1748/1936 1102/1747/1936 1055/1749/1936
f 1056/1750/1937 1026/1745/1937 1055/1751/1937
f 1056/1750/1938 1055/1751/1938 1053/1400/1938
f 1053/1400/1939 1026/1745/1939 1056/1750/1939
f 1055/1749/1940 1102/1747/1940 1103/1752/1940
f 1055/1749/1941 1103/1752/1941 1104/1406/1941
f 1103/1752/1942 1102/1747/1942 1105/1753/1942
f 1105/1754/1943 1383/1755/1943 1103/1756/1943
f 1103/1756/1944 1383/1755/1944 1210/1757/1944
f 1209/1758/1945 1103/1759/1945 1210/1760/1945
f 1209/1758/1946 1210/1760/1946 1211/1761/1946
f 1209/1758/1947 1211/1761/1947 1063/1415/1947
f 1210/1757/1948 1387/1762/1948 1211/1763/1948
f 1211/1763/1949 1387/1762/1949 1388/1764/1949
f 1211/1763/1950 1388/1764/1950 1212/1765/1950
f 1212/1765/1951 1388/1764/1951 1389/1766/1951
f 1389/1766/1952 1388/1764/1952 1387/1762/1952
f 1389/1766/1953 1387/1762/1953 1392/1767/1953
f 1393/1768/1954 1389/1766/1954 1392/1767/1954
f 1392/1767/1955 1394/1769/1955 1393/1768/1955
f 1393/1768/1956 1394/1769/1956 1397/1770/1956
f 1393/1768/1957 1397/1770/1957 1395/1771/1957
f 1391/1428/1958 1393/1768/1958 1395/1771/1958
f 1403/1593/1959 1395/1771/1959 1397/1770/1959
f 1395/1771/1960 1403/1593/1960 1404/1772/1960
f 1395/1771/1961 1404/1772/1961 1405/1773/1961
f 1422/1774/1962 1395/1775/1962 1405/1776/1962
f 1422/1774/1963 1405/1776/1963 1421/1434/1963
f 1422/1774/1964 1396/1433/1964 1395/1775/1964
f 1427/1777/1965 1405/1776/1965 1404/1778/1965
f 1427/1777/1966 1404/1778/1966 1428/1779/1966
f 1429/1589/1967 1427/1777/1967 1428/1779/1967
f 1426/1780/1968 1427/1777/1968 1429/1589/1968
f 1426/1780/1969 1429/1589/1969 1432/1781/1969
f 1426/1780/1970 1432/1781/1970 1425/1576/1970
f 1424/1782/1971 1426/1780/1971 1425/1576/1971
f 1424/1782/1972 1405/1776/1972 1426/1780/1972
f 1423/1435/1973 1405/1776/1973 1424/1782/1973
f 1428/1779/1974 1404/1778/1974 1430/1590/1974
f 1426/1780/1975 1405/1776/1975 1427/1777/1975
f 1394/1769/1976 1399/1783/1976 1397/1770/1976
f 1399/1783/1977 1401/1784/1977 1397/1770/1977
f 1401/1784/1978 1402/1594/1978 1397/1770/1978
f 1400/1785/1979 1402/1594/1979 1401/1784/1979
f 1401/1784/1980 1398/1786/1980 1400/1785/1980
f 1398/1786/1981 1385/1787/1981 1400/1785/1981
f 1398/1786/1982 1383/1755/1982 1385/1787/1982
f 1376/1605/1983 1385/1787/1983 1383/1755/1983
f 1376/1605/1984 1384/1788/1984 1385/1787/1984
f 1384/1788/1985 1386/1596/1985 1385/1787/1985
f 1394/1769/1986 1383/1755/1986 1398/1786/1986
f 1394/1769/1987 1390/1789/1987 1383/1755/1987
f 1387/1762/1988 1383/1755/1988 1390/1789/1988
f 1400/1785/1989 1385/1787/1989 1402/1594/1989
f 1399/1783/1990 1398/1786/1990 1401/1784/1990
f 1394/1769/1991 1398/1786/1991 1399/1783/1991
f 1392/1767/1992 1390/1789/1992 1394/1769/1992
f 1391/1428/1993 1389/1766/1993 1393/1768/1993
f 1213/1790/1994 1389/1766/1994 1391/1428/1994
f 1392/1767/1995 1387/1762/1995 1390/1789/1995
f 1208/1413/1996 1103/1759/1996 1209/1758/1996
f 1210/1757/1997 1383/1755/1997 1387/1762/1997
f 1383/1755/1998 1105/1754/1998 1376/1605/1998
f 1105/1753/1999 1102/1747/1999 1106/1791/1999
f 1106/1792/2000 1374/1606/2000 1105/1754/2000
f 1108/1793/2001 1374/1606/2001 1106/1792/2001
f 1106/1791/2002 1107/1794/2002 1108/1795/2002
f 1108/1795/2003 1107/1794/2003 1109/1796/2003
f 1109/1797/2004 1373/1607/2004 1108/1793/2004
f 1109/1796/2005 1107/1794/2005 1076/1798/2005
f 1107/1794/2006 1024/1799/2006 1076/1798/2006
f 1106/1791/2007 1024/1799/2007 1107/1794/2007
f 1106/1791/2008 1102/1747/2008 1024/1799/2008
f 1102/1747/2009 1025/1746/2009 1024/1799/2009
f 1022/1394/2010 1020/1742/2010 1023/1741/2010
f 1020/1740/2011 1065/1800/2011 1069/1738/2011
f 1065/1800/2012 1073/1801/2012 1069/1738/2012
f 1073/1801/2013 1074/1732/2013 1069/1738/2013
f 1073/1801/2014 1070/1802/2014 1074/1732/2014
f 1074/1732/2015 1070/1802/2015 1072/1630/2015
f 1070/1802/2016 1071/1803/2016 1072/1630/2016
f 1065/1800/2017 1070/1802/2017 1073/1801/2017
f 1065/1800/2018 1067/1379/2018 1070/1802/2018
f 1066/1804/2019 1067/1379/2019 1065/1800/2019
f 1065/1800/2020 1013/1805/2020 1066/1804/2020
f 1066/1804/2021 1013/1805/2021 1009/1380/2021
f 1065/1800/2022 1064/1806/2022 1013/1805/2022
f 1064/1806/2023 1018/1807/2023 1013/1805/2023
f 1017/1391/2024 1013/1808/2024 1018/1809/2024
f 1017/1391/2025 1018/1809/2025 1020/1742/2025
f 1018/1807/2026 1064/1806/2026 1020/1740/2026
f 1020/1740/2027 1064/1806/2027 1065/1800/2027
f 1024/1739/2028 1075/1737/2028 1076/1810/2028
f 1075/1737/2029 1079/1736/2029 1080/1735/2029
f 1075/1737/2030 1080/1735/2030 1077/1811/2030
f 1081/1727/2031 1077/1811/2031 1080/1735/2031
f 1080/1735/2032 1083/1733/2032 1084/1812/2032
f 1085/1728/2033 1080/1735/2033 1084/1812/2033
f 1078/1734/2034 1069/1738/2034 1074/1732/2034
f 1084/1812/2035 1083/1733/2035 1087/1730/2035
f 1084/1812/2036 1087/1730/2036 1085/1728/2036
f 1081/1727/2037 1080/1735/2037 1085/1728/2037
f 1443/1721/2038 1442/1719/2038 1418/1722/2038
f 1442/1719/2039 1372/1813/2039 1418/1722/2039
f 1442/1719/2040 1441/1814/2040 1372/1813/2040
f 1353/1718/2041 1372/1813/2041 1441/1814/2041
f 1353/1718/2042 1371/1711/2042 1372/1813/2042
f 1359/1704/2043 1371/1711/2043 1353/1718/2043
f 1353/1706/2044 1358/1815/2044 1359/1816/2044
f 1353/1718/2045 1441/1814/2045 1442/1719/2045
f 1351/1714/2046 1345/1817/2046 1342/1713/2046
f 1344/1818/2047 1342/1713/2047 1345/1817/2047
f 1349/1819/2048 1344/1818/2048 1345/1817/2048
f 1349/1819/2049 1345/1817/2049 1336/1820/2049
f 1349/1819/2050 1336/1820/2050 1337/1821/2050
f 1349/1819/2051 1337/1821/2051 1350/1822/2051
f 1347/1823/2052 1349/1819/2052 1350/1822/2052
f 1347/1823/2053 1350/1822/2053 1348/1824/2053
f 1343/1825/2054 1347/1823/2054 1348/1824/2054
f 1343/1825/2055 1348/1824/2055 1346/1826/2055
f 1318/1827/2056 1343/1825/2056 1346/1826/2056
f 1318/1827/2057 1346/1826/2057 1325/1828/2057
f 1318/1827/2058 1325/1828/2058 1317/1829/2058
f 1324/1830/2059 1317/1642/2059 1325/1831/2059
f 1368/1832/2060 1324/1833/2060 1325/1828/2060
f 1367/1834/2061 1368/1832/2061 1325/1828/2061
f 1366/1835/2062 1368/1832/2062 1367/1834/2062
f 1367/1834/2063 1365/1836/2063 1366/1835/2063
f 1533/1837/2064 1366/1835/2064 1365/1836/2064
f 1533/1837/2065 1365/1836/2065 1534/1838/2065
f 1535/1839/2066 1364/1840/2066 1536/1841/2066
f 1537/1842/2067 1536/1841/2067 1364/1840/2067
f 1537/1842/2068 1364/1840/2068 1363/1843/2068
f 1537/1842/2068 1363/1843/2068 1553/1844/2068
f 1554/1845/2069 1366/1835/2069 1556/1846/2069
f 1554/1845/2070 1362/1847/2070 1366/1835/2070
f 1554/1845/2071 1555/1848/2071 1362/1847/2071
f 1557/1849/2072 1362/1847/2072 1555/1848/2072
f 1557/1849/2073 1558/1850/2073 1323/1851/2073
f 1559/1852/2074 1323/1853/2074 1558/1854/2074
f 1544/1855/2075 1322/1856/2075 1543/1857/2075
f 1542/1858/2076 1543/1857/2076 1322/1856/2076
f 1544/1855/2075 1331/1859/2075 1322/1856/2075
f 1544/1860/2077 1545/1861/2077 1331/1862/2077
f 1545/1861/2078 1546/1863/2078 1331/1862/2078
f 1547/1864/2079 1331/1862/2079 1546/1863/2079
f 1547/1864/2079 1333/1865/2079 1331/1862/2079
f 1332/1866/2080 1331/1867/2080 1333/1868/2080
f 1548/1869/2081 1333/1865/2081 1547/1864/2081
f 1548/1869/2081 1360/1870/2081 1333/1865/2081
f 1360/1870/2082 1334/1871/2082 1333/1865/2082
f 1360/1870/2083 1337/1821/2083 1334/1871/2083
f 1550/1872/2084 1337/1821/2084 1360/1870/2084
f 1550/1872/2084 1360/1870/2084 1549/1873/2084
f 1538/1874/2085 1539/1875/2085 1361/1876/2085
f 1540/1877/2086 1538/1874/2086 1361/1876/2086
f 1540/1877/2087 1361/1876/2087 1350/1822/2087
f 1540/1877/2087 1350/1822/2087 1541/1878/2087
f 1541/1878/2088 1337/1821/2088 1551/1879/2088
f 1361/1876/2089 1363/1843/2089 1350/1822/2089
f 1552/1880/2090 1363/1843/2090 1361/1876/2090
f 1552/1880/2090 1361/1876/2090 1539/1875/2090
f 1550/1872/2091 1551/1879/2091 1337/1821/2091
f 1548/1869/2092 1549/1873/2092 1360/1870/2092
f 1542/1881/2093 1321/1644/2093 1559/1852/2093
f 1559/1852/2074 1321/1644/2074 1323/1853/2074
f 1557/1849/2094 1323/1851/2094 1362/1847/2094
f 1362/1847/2095 1323/1851/2095 1324/1833/2095
f 1552/1880/2096 1553/1844/2096 1363/1843/2096
f 1350/1822/2097 1363/1843/2097 1364/1840/2097
f 1535/1839/2098 1348/1824/2098 1364/1840/2098
f 1534/1838/2099 1348/1824/2099 1535/1839/2099
f 1534/1838/2099 1365/1836/2099 1348/1824/2099
f 1533/1837/2100 1556/1846/2100 1366/1835/2100
f 1346/1826/2101 1365/1836/2101 1367/1834/2101
f 1366/1835/2102 1362/1847/2102 1368/1832/2102
f 1368/1832/2103 1362/1847/2103 1324/1833/2103
f 1323/1853/2104 1317/1642/2104 1324/1830/2104
f 1346/1826/2105 1367/1834/2105 1325/1828/2105
f 1318/1827/2106 1341/1882/2106 1343/1825/2106
f 1341/1882/2107 1344/1818/2107 1343/1825/2107
f 1318/1827/2108 1312/1883/2108 1341/1882/2108
f 1341/1882/2109 1312/1883/2109 1342/1713/2109
f 1348/1824/2110 1365/1836/2110 1346/1826/2110
f 1343/1825/2111 1344/1818/2111 1347/1823/2111
f 1350/1822/2112 1364/1840/2112 1348/1824/2112
f 1541/1878/2088 1350/1822/2088 1337/1821/2088
f 1336/1656/2113 1334/1651/2113 1337/1884/2113
f 1347/1823/2114 1344/1818/2114 1349/1819/2114
f 1341/1882/2115 1342/1713/2115 1344/1818/2115
f 1340/1885/2116 1345/1817/2116 1351/1714/2116
f 1340/1885/2117 1351/1714/2117 1352/1886/2117
f 1352/1669/2118 1310/1887/2118 1340/1888/2118
f 1340/1888/2119 1310/1887/2119 1309/1889/2119
f 1338/1890/2120 1345/1817/2120 1340/1885/2120
f 1356/1703/2121 1371/1711/2121 1359/1704/2121
f 1355/1710/2122 1357/1701/2122 1369/1700/2122
f 1307/1891/2123 1100/1689/2123 1092/1695/2123
f 1307/1891/2124 1369/1693/2124 1342/1692/2124
f 1307/1891/2125 1091/1625/2125 1369/1693/2125
f 1355/1710/2126 1342/1892/2126 1357/1701/2126
f 1353/1706/2127 1357/1708/2127 1358/1815/2127
f 1358/1682/2128 1098/1681/2128 1359/1698/2128
f 1098/1680/2129 1097/1679/2129 1090/1629/2129
f 1097/1679/2130 1088/1677/2130 1096/1731/2130
f 1086/1729/2131 1088/1677/2131 1089/1676/2131
f 1089/1673/2132 1416/1672/2132 1086/1726/2132
f 1416/1672/2133 1415/1670/2133 1354/1717/2133
f 1415/1670/2134 1352/1669/2134 1351/1716/2134
f 1352/1669/2135 1308/1668/2135 1310/1887/2135
f 1093/1667/2136 1414/1666/2136 1094/1671/2136
f 1306/1635/2137 1093/1665/2137 1095/1893/2137
f 1309/1663/2138 1310/1894/2138 1308/1664/2138
f 1339/1661/2139 1340/1895/2139 1309/1662/2139
f 1339/1661/2140 1338/1658/2140 1340/1895/2140
f 1336/1820/2141 1345/1817/2141 1338/1890/2141
f 1316/1653/2142 1334/1651/2142 1336/1656/2142
f 1332/1866/2143 1333/1868/2143 1334/1896/2143
f 1322/1897/2144 1331/1867/2144 1332/1866/2144
f 1542/1881/2093 1322/1898/2093 1321/1644/2093
f 1335/1645/2145 1319/1650/2145 1320/1646/2145
f 1323/1853/2146 1321/1644/2146 1317/1642/2146
f 1319/1899/2147 1315/1641/2147 1320/1643/2147
f 1317/1642/2148 1312/1639/2148 1318/1900/2148
f 1314/1654/2149 1313/1640/2149 1315/1641/2149
f 1311/1660/2150 1306/1635/2150 1313/1640/2150
f 1342/1713/2151 1312/1883/2151 1307/1901/2151
f 1101/1687/2152 1100/1689/2152 1307/1891/2152
f 1306/1635/2153 1095/1893/2153 1099/1636/2153
f 1101/1634/2154 1092/1632/2154 1098/1902/2154
f 1098/1680/2155 1090/1629/2155 1099/1633/2155
f 1307/1891/2156 1092/1695/2156 1091/1625/2156
f 1090/1629/2157 1074/1732/2157 1072/1630/2157
f 1369/1693/2158 1091/1625/2158 1370/1622/2158
f 1371/1712/2159 1370/1622/2159 1372/1621/2159
f 1418/1722/2160 1372/1813/2160 1380/1903/2160
f 1190/1371/2161 1382/1602/2161 1413/1618/2161
f 1378/1603/2162 1377/1609/2162 1379/1616/2162
f 1419/1613/2163 1417/1723/2163 1380/1615/2163
f 1081/1725/2164 1419/1613/2164 1082/1612/2164
f 1081/1727/2165 1082/1904/2165 1077/1811/2165
f 1076/1810/2166 1075/1737/2166 1077/1811/2166
f 1373/1607/2167 1109/1797/2167 1076/1608/2167
f 1108/1793/2168 1373/1607/2168 1374/1606/2168
f 1105/1754/2169 1374/1606/2169 1376/1605/2169
f 1376/1605/2170 1381/1598/2170 1384/1788/2170
f 1375/1604/2171 1377/1609/2171 1378/1603/2171
f 1378/1603/2172 1379/1616/2172 1382/1602/2172
f 1408/1599/2173 1381/1598/2173 1409/1601/2173
f 1384/1788/2174 1381/1598/2174 1386/1596/2174
f 1402/1594/2175 1385/1787/2175 1386/1596/2175
f 1403/1593/2176 1397/1770/2176 1402/1594/2176
f 1430/1590/2177 1404/1778/2177 1403/1592/2177
f 1428/1779/2178 1430/1590/2178 1429/1589/2178
f 1432/1781/2179 1429/1589/2179 1433/1588/2179
f 1434/1577/2180 1432/1781/2180 1433/1588/2180
f 1437/1584/2181 1434/1577/2181 1433/1588/2181
f 1437/1584/2182 1433/1588/2182 1439/1586/2182
f 1436/1580/2183 1434/1577/2183 1437/1584/2183
f 1436/1580/2184 1435/1578/2184 1434/1577/2184
f 1425/1576/2185 1432/1781/2185 1434/1577/2185
f 1425/1576/2186 1423/1435/2186 1424/1782/2186
f 1423/1435/2187 1421/1434/2187 1405/1776/2187
f 1421/1434/2188 1396/1433/2188 1422/1774/2188
f 1391/1428/2189 1395/1771/2189 1396/1905/2189
f 1420/1430/2190 1038/1442/2190 1041/1431/2190
f 1041/1424/2191 1040/1447/2191 1042/1425/2191
f 1213/1790/2192 1391/1428/2192 1043/1427/2192
f 1212/1765/2193 1389/1766/2193 1213/1790/2193
f 1063/1415/2194 1211/1761/2194 1212/1418/2194
f 1042/1422/2195 1059/1411/2195 1062/1416/2195
f 1208/1413/2196 1209/1758/2196 1063/1415/2196
f 1060/1409/2197 1103/1759/2197 1208/1413/2197
f 1058/1452/2198 1057/1402/2198 1059/1411/2198
f 1060/1409/2199 1104/1408/2199 1103/1759/2199
f 1055/1749/2200 1104/1406/2200 1054/1405/2200
f 1052/1403/2201 1057/1402/2201 1058/1452/2201
f 1054/1401/2202 1053/1400/2202 1055/1751/2202
f 1053/1400/2203 1027/1395/2203 1026/1745/2203
f 1052/1399/2204 1048/1456/2204 1051/1398/2204
f 1050/1459/2205 1031/1397/2205 1051/1398/2205
f 1029/1463/2206 1028/1396/2206 1031/1397/2206
f 1028/1396/2207 998/1572/2207 1021/1393/2207
f 999/1222/2208 1021/1393/2208 998/1572/2208
f 1027/1395/2209 1022/1394/2209 1026/1745/2209
f 1017/1391/2210 1020/1742/2210 1022/1394/2210
f 999/1222/2211 1019/1392/2211 1021/1393/2211
f 1019/1392/2212 1012/1221/2212 1014/1389/2212
f 1016/1390/2213 1013/1808/2213 1017/1391/2213
f 1015/1388/2214 1013/1808/2214 1016/1390/2214
f 1015/1388/2215 1011/1387/2215 1013/1808/2215
f 1011/1387/2216 1009/1386/2216 1013/1808/2216
f 1006/1219/2217 1007/1385/2217 1008/1384/2217
f 1197/1209/2218 1068/1376/2218 1007/1382/2218
f 1197/1209/2219 1007/1382/2219 1199/1213/2219
f 1066/1804/2220 1009/1380/2220 1067/1379/2220
f 1070/1802/2221 1067/1379/2221 1071/1803/2221
f 1195/1375/2222 1072/1628/2222 1071/1377/2222
f 1195/1375/2223 1193/1374/2223 1196/1626/2223
f 1190/1371/2224 1413/1618/2224 1193/1620/2224
f 1190/1371/2225 1412/1370/2225 1382/1602/2225
f 1412/1370/2226 1411/1368/2226 1382/1602/2226
f 1185/1367/2227 1410/1600/2227 1411/1368/2227
f 1183/1357/2228 1185/1367/2228 1184/1906/2228
f 1183/1357/2229 1172/1356/2229 1407/1597/2229
f 1176/1362/2230 1171/1199/2230 1177/1360/2230
f 1172/1352/2231 1440/1350/2231 1406/1591/2231
f 1170/1349/2232 1431/1587/2232 1440/1350/2232
f 1438/1585/2233 1170/1349/2233 1167/1907/2233
f 1167/1346/2234 1166/1345/2234 1168/1908/2234
f 1164/1343/2235 1163/1183/2235 1165/1344/2235
f 1328/1567/2236 1166/1342/2236 1329/1341/2236
f 1290/1337/2237 1329/1341/2237 1330/1338/2237
f 1290/1336/2238 1289/1334/2238 926/1552/2238
f 1285/1176/2239 1288/1332/2239 1287/1335/2239
f 1294/1544/2240 1289/1334/2240 1292/1333/2240
f 1304/1556/2241 1292/1333/2241 1291/1331/2241
f 1285/1176/2242 1281/1329/2242 1288/1332/2242
f 1291/1331/2243 1302/1330/2243 1298/1528/2243
f 1279/1526/2244 1302/1330/2244 1280/1328/2244
f 1280/1328/2245 1278/1327/2245 1279/1526/2245
f 1278/1327/2246 1273/1326/2246 1270/1503/2246
f 1273/1326/2247 1271/1312/2247 1270/1503/2247
f 1272/1325/2248 1271/1312/2248 1273/1326/2248
f 1234/1313/2249 1272/1325/2249 1236/1319/2249
f 1232/1301/2250 1226/1306/2250 1233/1314/2250
f 1234/1313/2251 1271/1312/2251 1272/1325/2251
f 1271/1312/2252 1268/1310/2252 1270/1503/2252
f 1223/1502/2253 1268/1310/2253 1227/1309/2253
f 1222/1305/2254 1221/1508/2254 1223/1307/2254
f 1225/1304/2255 1224/1522/2255 1222/1305/2255
f 1228/1303/2256 1226/1306/2256 1232/1301/2256
f 1231/1302/2257 1240/1300/2257 1243/1909/2257
f 1231/1302/2258 1243/1909/2258 1244/1910/2258
f 1231/1302/2259 1244/1910/2259 1246/1282/2259
f 1244/1910/2260 1248/1911/2260 1246/1282/2260
f 1246/1282/2261 1248/1911/2261 1247/1912/2261
f 1247/1912/2262 1245/1913/2262 1246/1282/2262
f 1244/1910/2263 1245/1913/2263 1247/1912/2263
f 1244/1910/2264 1247/1912/2264 1248/1911/2264
f 1243/1909/2265 1245/1913/2265 1244/1910/2265
f 1243/1909/2266 1241/1297/2266 1245/1913/2266
f 1233/1314/2267 1238/1299/2267 1232/1301/2267
f 1243/1909/2268 1240/1300/2268 1241/1297/2268
f 1235/1316/2269 1239/1298/2269 1238/1299/2269
f 1239/1298/2270 1237/1318/2270 1242/1296/2270
f 1249/1295/2271 1245/1913/2271 1241/1297/2271
f 1250/1283/2272 1245/1913/2272 1249/1295/2272
f 1509/1914/2273 1510/1915/2273 969/1131/2273
f 1502/1292/2274 1249/1295/2274 1503/1294/2274
f 1502/1292/2274 1250/1283/2274 1249/1295/2274
f 1511/1916/2275 1230/1280/2275 1508/1917/2275
f 1509/1914/2276 973/1130/2276 1511/1916/2276
f 1505/1285/1465 1250/1283/1465 1252/1286/1465
f 1507/1284/2277 1508/1917/2277 1230/1280/2277
f 1246/1282/2278 1245/1913/2278 1250/1283/2278
f 1231/1302/2279 1246/1282/2279 1229/1281/2279
f 1216/1279/2280 1225/1304/2280 1229/1281/2280
f 1511/1916/2281 973/1130/2281 1230/1280/2281
f 1214/1278/2282 1217/1521/2282 1216/1279/2282
f 1214/1278/2283 977/1276/2283 1215/1519/2283
f 977/1274/2284 976/1273/2284 978/1512/2284
f 976/1273/2285 953/1271/2285 980/1514/2285
f 974/1272/2286 975/1918/2286 962/1128/2286
f 961/1123/2287 954/1269/2287 962/1128/2287
f 951/1268/2288 950/1518/2288 953/1271/2288
f 949/1265/2289 950/1518/2289 951/1268/2289
f 949/1265/2290 947/1264/2290 950/1518/2290
f 947/1264/2291 946/1263/2291 948/1485/2291
f 916/1262/2292 944/1483/2292 946/1263/2292
f 876/1258/2293 915/1238/2293 916/1262/2293
f 878/1266/2294 872/1260/2294 879/1261/2294
f 874/1919/2295 875/1259/2295 872/1260/2295
f 872/1260/2296 870/1920/2296 874/1919/2296
f 867/1115/2297 870/1920/2297 872/1260/2297
f 867/1115/2298 865/1107/2298 870/1920/2298
f 870/1920/2299 865/1107/2299 869/1921/2299
f 875/1259/2300 870/1920/2300 869/1921/2300
f 865/1107/2301 866/1922/2301 869/1921/2301
f 869/1921/2302 866/1922/2302 861/1923/2302
f 884/1924/2303 869/1921/2303 861/1923/2303
f 884/1924/2304 861/1923/2304 859/1076/2304
f 884/1924/2305 859/1076/2305 885/1069/2305
f 860/1096/2306 859/1925/2306 861/1926/2306
f 1527/1927/2307 859/1925/2307 860/1096/2307
f 1527/1927/2307 860/1096/2307 1528/1928/2307
f 1464/1929/2308 1207/1930/2308 1454/1931/2308
f 1453/1932/2309 1454/1931/2309 1207/1930/2309
f 1452/1933/2310 1453/1932/2310 1207/1930/2310
f 1452/1933/2311 1207/1930/2311 856/1934/2311
f 1452/1933/2311 856/1934/2311 1451/1935/2311
f 1469/1936/2312 858/1083/2312 1470/1937/2312
f 1531/1938/2313 1470/1939/2313 858/1940/2313
f 1530/1941/2314 1531/1938/2314 858/1940/2314
f 1468/1942/2315 1202/1084/2315 1469/1936/2315
f 1448/1943/2316 1201/1085/2316 1468/1942/2316
f 1448/1943/2316 857/1944/2316 1201/1085/2316
f 1448/1945/2317 1447/1946/2317 857/1947/2317
f 1446/1948/2318 857/1947/2318 1447/1946/2318
f 1444/1949/2319 1445/1950/2319 856/1951/2319
f 1445/1950/2320 1449/1952/2320 856/1951/2320
f 1449/1953/2321 1450/1954/2321 856/1955/2321
f 1446/1948/2322 1444/1949/2322 856/1951/2322
f 1446/1948/2318 856/1951/2318 857/1947/2318
f 1204/1086/2323 857/1944/2323 856/1934/2323
f 1450/1956/2324 1451/1935/2324 856/1934/2324
f 1204/1086/2325 856/1934/2325 1207/1930/2325
f 1464/1929/2308 1206/1087/2308 1207/1930/2308
f 1530/1941/2326 859/1925/2326 1527/1927/2326
f 883/1067/2327 869/1921/2327 884/1924/2327
f 882/1256/2328 869/1921/2328 883/1067/2328
f 866/1957/2329 860/1098/2329 861/1958/2329
f 874/1919/2330 870/1920/2330 875/1259/2330
f 875/1259/2331 869/1921/2331 877/1257/2331
f 877/1257/2332 869/1921/2332 882/1256/2332
f 883/1067/2333 893/1254/2333 882/1256/2333
f 883/1067/2334 891/1062/2334 893/1254/2334
f 899/1243/2335 900/1253/2335 901/1246/2335
f 991/1226/2336 904/1248/2336 993/1247/2336
f 899/1243/2337 901/1246/2337 903/1244/2337
f 897/1241/2338 894/1252/2338 899/1243/2338
f 896/1240/2339 894/1252/2339 897/1241/2339
f 895/1255/2340 896/1240/2340 881/1239/2340
f 881/1239/2341 915/1238/2341 876/1258/2341
f 915/1238/2342 912/1236/2342 917/1477/2342
f 918/1474/2343 912/1236/2343 913/1235/2343
f 913/1235/2344 909/1233/2344 914/1959/2344
f 898/1237/2345 908/1232/2345 911/1234/2345
f 909/1233/2346 907/1231/2346 910/1960/2346
f 902/1242/2347 905/1229/2347 908/1232/2347
f 905/1229/2348 904/1245/2348 906/1230/2348
f 907/1228/2349 992/1225/2349 910/1573/2349
f 991/1226/2350 906/1227/2350 904/1248/2350
f 991/1226/2351 993/1247/2351 994/1224/2351
f 992/1225/2352 999/1222/2352 998/1572/2352
f 1000/1223/2353 994/1224/2353 995/1054/2353
f 1000/1223/2354 995/1054/2354 1001/1961/2354
f 1001/1961/2355 995/1054/2355 1002/1215/2355
f 1001/1961/2356 1005/1218/2356 1000/1223/2356
f 1012/1221/2357 1019/1392/2357 999/1222/2357
f 1012/1221/2358 1010/1220/2358 1014/1389/2358
f 1010/1220/2359 1006/1219/2359 1008/1384/2359
f 1006/1219/2360 1004/1217/2360 1007/1385/2360
f 1001/1961/2361 1002/1215/2361 1005/1218/2361
f 1199/1213/2362 1007/1382/2362 1004/1214/2362
f 1197/1209/2363 1199/1213/2363 1198/1210/2363
f 1194/1208/2364 1068/1376/2364 1197/1209/2364
f 1194/1208/2365 1189/1206/2365 1192/1373/2365
f 1186/1205/2366 1187/1366/2366 1189/1206/2366
f 1179/1361/2367 1186/1205/2367 1180/1203/2367
f 1181/1202/2368 1188/1204/2368 1191/1207/2368
f 1174/1200/2369 1178/1359/2369 1180/1203/2369
f 1182/1211/2370 1175/1201/2370 1181/1202/2370
f 1131/1045/2371 1173/1198/2371 1175/1201/2371
f 1174/1200/2372 1171/1199/2372 1176/1362/2372
f 1157/1189/2373 1169/1347/2373 1171/1199/2373
f 1152/1191/2374 1151/1193/2374 1154/1190/2374
f 1159/1187/2375 1169/1347/2375 1157/1189/2375
f 1154/1190/2376 1156/1186/2376 1158/1188/2376
f 1156/1186/2377 1153/1196/2377 1155/1185/2377
f 1161/1181/2378 1155/1185/2378 1146/1172/2378
f 1160/1184/2379 1163/1183/2379 1159/1187/2379
f 1286/1178/2380 1165/1340/2380 1163/1179/2380
f 1286/1177/2381 1285/1176/2381 1287/1335/2381
f 1285/1176/2382 1147/1170/2382 1281/1329/2382
f 1161/1181/2383 1146/1172/2383 1162/1182/2383
f 1147/1170/2384 1277/1169/2384 1281/1329/2384
f 1274/1324/2385 1277/1169/2385 1276/1167/2385
f 1282/1162/2386 1276/1167/2386 1283/1166/2386
f 1282/1162/2387 1255/1161/2387 1276/1167/2387
f 1254/1321/2388 1255/1160/2388 1257/1158/2388
f 1254/1321/2389 1257/1158/2389 1256/1157/2389
f 1487/1150/2390 1485/1962/2390 1256/1157/2390
f 1485/1962/2391 1486/1963/2391 1256/1157/2391
f 1499/1322/1501 1256/1157/1501 1486/1963/1501
f 1499/1322/2392 1500/1145/2392 1253/1144/2392
f 1253/1144/2393 1251/1142/2393 1242/1296/2393
f 1520/1293/1472 1251/1142/1472 1519/1141/1472
f 1510/1964/2394 1512/1139/2394 969/1138/2394
f 1513/1965/2395 1514/1146/2395 968/1135/2395
f 1496/1149/2396 966/1134/2396 968/1135/2396
f 1509/1914/2397 969/1131/2397 973/1130/2397
f 975/1277/2398 973/1130/2398 962/1966/2398
f 972/1127/2399 963/1124/2399 962/1128/2399
f 972/1127/2400 971/1967/2400 963/1124/2400
f 970/1126/2401 971/1967/2401 972/1127/2401
f 970/1126/2402 963/1124/2402 971/1967/2402
f 966/1134/2403 965/1021/2403 967/1125/2403
f 963/1124/2404 961/1123/2404 962/1128/2404
f 959/1122/2405 954/1269/2405 961/1123/2405
f 958/1120/2406 955/1270/2406 959/1122/2406
f 956/1118/2407 955/1270/2407 958/1120/2407
f 880/1267/2408 956/1118/2408 873/1117/2408
f 873/1117/2409 867/1115/2409 872/1260/2409
f 863/1110/2410 871/1116/2410 868/1017/2410
f 867/1115/2411 862/1113/2411 865/1107/2411
f 1471/1108/1291 865/1107/1291 862/1113/1291
f 865/1107/2412 864/1106/2412 866/1922/2412
f 864/1099/2413 860/1098/2413 866/1957/2413
f 1529/1095/2414 1528/1928/2414 860/1096/2414
f 1476/1093/1279 863/1110/1279 868/1017/1279
f 1464/1929/2415 1463/1089/2415 1206/1087/2415
f 1204/1086/2416 1207/1930/2416 1206/1087/2416
f 1201/1085/2417 857/1944/2417 1204/1086/2417
f 1468/1942/2315 1201/1085/2315 1202/1084/2315
f 1469/1936/2312 1202/1084/2312 858/1083/2312
f 1530/1941/2326 858/1940/2326 859/1925/2326
f 887/1075/2418 1110/1080/2418 1113/1002/2418
f 885/1069/2419 859/1076/2419 886/1072/2419
f 888/1070/2420 1116/1000/2420 889/1065/2420
f 884/1924/2421 885/1069/2421 883/1067/2421
f 889/1065/2422 1125/1968/2422 892/1059/2422
f 892/1059/2423 1125/1968/2423 1127/1050/2423
f 1127/1050/2424 1125/1968/2424 1126/1047/2424
f 1121/999/2425 1126/1047/2425 1125/1968/2425
f 1121/999/2426 1124/1969/2426 1126/1047/2426
f 889/1065/2427 1121/999/2427 1125/1968/2427
f 883/1067/2428 890/1063/2428 891/1062/2428
f 892/1059/2429 1127/1050/2429 1128/1058/2429
f 891/1060/2430 996/1055/2430 995/1054/2430
f 1002/1215/2431 995/1054/2431 1003/1216/2431
f 1200/1212/2432 1003/1052/2432 1130/1049/2432
f 997/1051/2433 1128/1058/2433 1127/1050/2433
f 1131/1045/2434 1175/1201/2434 1130/1049/2434
f 1127/1050/2435 1126/1047/2435 1129/1048/2435
f 1132/1046/2436 1126/1047/2436 1124/1969/2436
f 1132/1046/2437 1124/1969/2437 1133/1041/2437
f 1133/1041/2438 1124/1969/2438 1123/1034/2438
f 1124/1969/2439 1122/998/2439 1123/1034/2439
f 1144/1044/2440 1173/1198/2440 1131/1045/2440
f 1143/1043/2441 1149/1192/2441 1144/1044/2441
f 1132/1046/2442 1133/1041/2442 1138/1042/2442
f 1143/1043/2443 1139/1040/2443 1142/1039/2443
f 1142/1039/2444 1141/1038/2444 1146/1172/2444
f 1140/1037/2445 1136/1035/2445 1141/1038/2445
f 1133/1041/2446 1123/1034/2446 1137/1036/2446
f 1135/1970/2447 1284/1165/2447 1136/1168/2447
f 1134/1164/2448 1284/1165/2448 1135/1970/2448
f 1260/1026/2449 1258/1159/2449 1134/1030/2449
f 1261/1025/2450 1259/1151/2450 1260/1026/2450
f 1483/1024/2451 1484/1154/2451 1261/1025/2451
f 1493/1155/2452 1494/1022/2452 965/1021/2452
f 964/1018/2453 960/1121/2453 965/1021/2453
f 1460/1971/2454 1455/1972/2454 1118/1973/2454
f 1460/1971/2455 1118/1973/2455 1114/1006/2455
f 1455/1972/2456 1456/1974/2456 1118/1973/2456
f 1457/1029/2457 1118/1975/2457 1456/1976/2457
f 957/1119/2458 964/1018/2458 868/1017/2458
f 1481/1016/2459 1480/1090/2459 868/1017/2459
f 1462/1088/2460 1465/1014/2460 1203/1013/2460
f 1111/1082/2461 1203/1013/2461 1205/1011/2461
f 1532/1010/2462 1461/1977/2462 1205/1011/2462
f 1459/1008/2463 1205/1011/2463 1461/1977/2463
f 1459/1008/2464 1112/1007/2464 1205/1011/2464
f 1460/1971/2465 1114/1006/2465 1458/1005/2465
f 1113/1002/2466 1110/1080/2466 1112/1004/2466
f 888/1070/2467 1113/1002/2467 1116/1000/2467
f 1121/999/2468 889/1065/2468 1116/1000/2468
f 1121/999/2469 1122/998/2469 1124/1969/2469
f 1122/998/2470 1119/996/2470 1123/1034/2470
f 1115/1001/2471 1117/994/2471 1120/997/2471
f 1457/1029/2457 1119/1028/2457 1118/1975/2457
f 1117/994/2472 1114/1003/2472 1118/995/2472
o Object.5
v -0.119607 0.731700 -0.248140
v -0.124665 0.756872 -0.257403
v -0.204989 1.027757 -0.259264
v -0.167530 1.072386 -0.257326
v -0.204621 1.034268 -0.225971
v -0.150264 1.077851 -0.234110
v -0.113754 1.055275 -0.226165
v -0.091391 1.199685 -0.231087
v -0.059649 1.216815 -0.212193
v -0.001184 1.253983 -0.243606
v -0.061393 1.173058 -0.198977
v 0.002740 1.187631 -0.181672
v -0.082438 1.153273 -0.202833
v -0.044582 1.169202 -0.160994
v -0.007307 1.182031 -0.152797
v -0.093484 1.130251 -0.186167
v -0.106003 1.097113 -0.202019
v -0.194234 0.975086 -0.202174
v -0.184797 0.966385 -0.229885
v -0.144159 0.956453 -0.252752
v -0.185785 0.947742 -0.208491
v -0.192567 0.948954 -0.174482
v -0.161465 0.903646 -0.193706
v -0.137358 0.894936 -0.207561
v -0.181483 0.881142 -0.160607
v -0.193788 0.997381 -0.179191
v -0.182568 0.905606 -0.125667
v -0.177975 0.887276 -0.104796
v -0.161697 0.920666 -0.141461
v -0.154295 0.948048 -0.133205
v -0.178964 1.002080 -0.159444
v -0.163480 1.024182 -0.140143
v -0.166154 1.055062 -0.185877
v -0.137086 1.014832 -0.154406
v -0.114588 1.038493 -0.186884
v -0.114781 1.016663 -0.170626
v -0.123463 0.970474 -0.152177
v -0.090907 1.081998 -0.143360
v -0.105635 1.061805 -0.124795
v -0.107979 1.011111 -0.137488
v -0.070889 1.043396 -0.076000
v -0.139179 0.923723 -0.129233
v -0.101953 0.995898 -0.065748
v -0.162492 0.921799 -0.109350
v -0.113251 0.936382 -0.141267
v -0.113503 0.963003 -0.126248
v -0.123618 0.904845 -0.119563
v -0.104511 0.943867 -0.079546
v -0.156329 0.923529 -0.068306
v -0.124335 0.937515 -0.059721
v -0.079551 0.950572 -0.036622
v -0.073582 0.993244 -0.030498
v -0.124044 0.926082 -0.032281
v -0.114239 0.914503 -0.036138
v -0.054456 0.973332 -0.003300
v -0.076954 0.960881 0.000905
v -0.058971 0.957083 0.019169
v -0.061102 0.935267 0.007513
v -0.003722 0.919353 0.036474
v -0.006261 0.937205 0.039696
v -0.026919 0.968090 0.024765
v -0.035000 0.971695 -0.010073
v 0.011626 0.933257 0.020618
v -0.036773 0.988147 -0.010403
v 0.009978 0.963953 -0.015858
v -0.047915 1.046671 -0.042261
v 0.000396 1.029540 -0.018106
v -0.098135 1.017099 -0.089487
v -0.008209 1.055042 -0.049625
v -0.041249 1.077909 -0.066582
v -0.083059 1.076475 -0.095456
v -0.049233 1.109012 -0.106405
v -0.017791 1.116531 -0.095107
v -0.006358 1.085874 -0.061000
v -0.054882 1.112345 -0.132256
v -0.077613 1.096861 -0.154270
v -0.096643 1.065797 -0.203182
v -0.167007 0.857756 -0.151770
v -0.155748 0.869928 -0.202658
v -0.157880 0.879144 -0.107839
v -0.120963 0.895427 -0.092181
v -0.129781 0.878181 -0.114951
v -0.117901 0.892201 -0.123555
v -0.101798 0.866132 -0.158591
v -0.133501 0.856046 -0.142391
v -0.092225 0.857755 -0.192543
v -0.063622 0.857058 -0.223297
v -0.131893 0.850458 -0.195430
v -0.074222 0.858308 -0.238218
v -0.039389 0.853439 -0.259535
v -0.083582 0.885214 -0.252055
v -0.085093 0.895517 -0.232288
v -0.113968 0.897453 -0.212929
v -0.099356 0.900858 -0.202814
v -0.109142 0.950940 -0.232211
v -0.125149 0.934328 -0.236823
v -0.108406 0.780718 -0.239226
v -0.088659 0.813914 -0.207019
v -0.055870 0.821040 -0.223491
v -0.108987 0.776493 -0.202775
v -0.106623 0.806046 -0.147158
v -0.088349 0.763703 -0.186342
v -0.092050 0.757124 -0.163126
v -0.118599 0.785039 -0.131229
v -0.067517 0.725760 -0.222018
v -0.065870 0.682332 -0.229614
v -0.078388 0.715557 -0.206224
v -0.043633 0.646559 -0.247598
v -0.091779 0.685355 -0.197872
v -0.110518 0.735285 -0.165083
v -0.012888 0.640164 -0.239420
v 0.026000 0.595807 -0.259070
v 0.034647 0.637316 -0.224963
v -0.131641 0.749828 -0.137934
v -0.116835 0.715635 -0.152720
v -0.016076 0.654136 -0.204015
v -0.102205 0.685414 -0.180373
v -0.128618 0.716739 -0.122159
v -0.108619 0.769527 -0.135046
v -0.096469 0.804558 -0.106036
v -0.109394 0.770689 -0.109680
v -0.087361 0.776852 -0.051350
v -0.099976 0.746534 -0.103478
v -0.099414 0.705393 -0.131423
v -0.076683 0.715664 -0.125880
v -0.088543 0.676499 -0.144484
v -0.061238 0.669446 -0.155937
v -0.044311 0.689599 -0.133070
v -0.072303 0.644796 -0.189093
v -0.040658 0.636250 -0.186225
v -0.061471 0.632510 -0.223452
v -0.015873 0.609236 -0.207852
v 0.004436 0.610089 -0.234110
v 0.006335 0.588714 -0.259070
v -0.013373 0.588927 -0.256822
v -0.109782 0.899211 -0.095921
v -0.101740 0.848357 -0.119621
v -0.108793 0.890030 -0.071659
v -0.100422 0.869622 -0.091851
v -0.096197 0.916911 -0.034083
v -0.088969 0.891620 -0.008106
v -0.080171 0.863776 -0.011042
v -0.108096 0.854827 -0.056514
v -0.107340 0.824586 -0.090165
v -0.099879 0.813172 -0.027621
v -0.091779 0.852671 -0.014937
v -0.080617 0.798604 0.000430
v -0.033837 0.827430 0.039449
v -0.004139 0.846353 0.025772
v -0.015999 0.875508 0.038548
v -0.063525 0.879800 0.013336
v -0.042005 0.902273 0.028229
v -0.117843 0.821927 -0.138786
v -0.105480 0.847666 -0.134988
v -0.086876 0.838391 -0.174249
v -0.027016 0.837529 -0.251512
v -0.048216 0.704288 -0.059392
v -0.001426 0.710102 -0.015499
v -0.019167 0.674775 -0.090495
v -0.070850 0.760283 -0.018135
v -0.029166 0.756921 0.024726
v -0.035368 0.795906 0.036712
v -0.018789 0.811733 0.043688
v 0.060160 0.804166 0.044986
v 0.098719 0.830802 0.032192
v 0.027821 0.777172 0.043300
v 0.029658 0.726758 0.008133
v 0.085668 0.762260 0.029081
v 0.143866 0.794070 -0.009240
v 0.157901 0.847841 -0.024472
v 0.165453 0.828830 -0.083422
v 0.119079 0.753123 -0.016226
v 0.057979 0.710334 -0.015945
v 0.146147 0.783877 -0.059189
v 0.153100 0.805169 -0.108788
v 0.155314 0.853324 -0.113303
v 0.162706 0.765535 -0.108032
v 0.165744 0.768306 -0.134504
v 0.184793 0.742135 -0.133128
v 0.151932 0.760554 -0.075418
v 0.148938 0.740749 -0.101056
v 0.180981 0.714762 -0.119369
v 0.134162 0.721012 -0.111753
v 0.143725 0.701110 -0.133167
v 0.127922 0.713115 -0.132062
v 0.108771 0.695238 -0.130415
v 0.106927 0.706711 -0.063055
v 0.076237 0.676015 -0.090592
v 0.090457 0.683185 -0.145550
v 0.060348 0.697545 -0.021982
v -0.009381 0.696130 -0.026332
v 0.045044 0.671112 -0.066349
v 0.039444 0.659156 -0.130047
v 0.018689 0.662663 -0.098905
v 0.001549 0.658090 -0.150065
v 0.168883 0.942336 -0.229731
v 0.142507 0.892748 -0.234420
v 0.159417 0.903242 -0.203531
v 0.174445 0.891300 -0.212270
v 0.139694 0.881103 -0.253954
v 0.213629 0.881818 -0.196205
v 0.212137 0.863437 -0.201380
v 0.240119 0.876267 -0.157603
v 0.197932 0.845220 -0.185121
v 0.224917 0.858264 -0.139697
v 0.187855 0.850051 -0.148379
v 0.134947 0.856525 -0.207619
v 0.160400 0.865424 -0.154968
v 0.160914 0.845321 -0.138980
v 0.138185 0.835995 -0.181245
v 0.126747 0.825885 -0.201806
v 0.123138 0.857118 -0.240660
v 0.083735 0.840382 -0.252597
v 0.097276 0.809544 -0.247520
v 0.079146 0.873845 -0.258450
v 0.033911 1.120116 -0.118846
v -0.002443 1.144940 -0.129291
v 0.065389 1.110175 -0.083170
v 0.064016 1.141626 -0.127372
v 0.100302 1.112151 -0.107974
v 0.028892 1.047407 -0.051243
v 0.067826 1.084478 -0.059605
v 0.124756 1.072037 -0.078228
v 0.070096 1.055100 -0.049112
v 0.058217 1.030586 -0.018765
v 0.086993 0.991471 -0.009812
v 0.121859 1.033222 -0.041418
v 0.126764 1.041845 -0.073635
v 0.126992 0.984368 -0.026477
v 0.055252 0.968003 -0.014094
v 0.096816 0.970299 -0.009695
v 0.165720 1.056825 -0.119989
v 0.027279 0.943731 -0.016837
v 0.046468 0.933068 0.023021
v 0.136296 1.088819 -0.107451
v 0.028432 0.923878 0.020782
v 0.132895 1.101105 -0.144367
v 0.022071 0.893739 0.035849
v 0.060886 0.917245 0.036576
v 0.063124 0.871620 0.039861
v 0.067320 0.847281 0.024900
v 0.109829 0.888442 0.024934
v 0.137020 0.862665 -0.013794
v 0.157518 0.866158 -0.077860
v 0.145212 0.886677 -0.007176
v 0.166616 0.897070 -0.080108
v 0.174532 0.891196 -0.120861
v 0.186847 0.880358 -0.105610
v 0.154824 0.912638 -0.037698
v 0.117390 0.923728 0.011001
v 0.117901 0.939395 0.009664
v 0.174619 0.912861 -0.032853
v 0.115171 0.957325 0.020022
v 0.070764 0.939957 0.040897
v 0.061991 0.953973 0.025767
v 0.104307 0.974747 0.002329
v 0.135310 0.946609 -0.037824
v 0.165885 0.946657 -0.030276
v 0.172449 0.923272 -0.067861
v 0.156491 0.987188 -0.059547
v 0.152378 0.943179 -0.065632
v 0.169523 0.936823 -0.133322
v 0.178442 0.947340 -0.146325
v 0.175748 0.906933 -0.130570
v 0.216410 0.914092 -0.118129
v 0.207486 0.935248 -0.130318
v 0.165633 0.966424 -0.130686
v 0.216109 0.919987 -0.072473
v 0.186537 0.972586 -0.157196
v 0.169629 0.985143 -0.101114
v 0.168026 1.006402 -0.117121
v 0.170337 1.001460 -0.153766
v 0.177027 1.012516 -0.167893
v 0.163559 1.059480 -0.163339
v 0.175554 1.041497 -0.209286
v 0.194105 1.046012 -0.185237
v 0.203339 1.007090 -0.151053
v 0.239829 0.978031 -0.159289
v 0.228376 1.046961 -0.182059
v 0.224452 1.018785 -0.139581
v 0.255458 0.994116 -0.183357
v 0.253181 0.941541 -0.180296
v 0.180719 1.059751 -0.241823
v 0.207030 1.070061 -0.231475
v 0.229597 1.067309 -0.257326
v 0.158051 1.060604 -0.203899
v 0.175743 1.082831 -0.247869
v 0.168447 1.093606 -0.200973
v 0.263742 1.029404 -0.223956
v 0.258955 0.980706 -0.215584
v 0.159025 1.125174 -0.187117
v 0.252493 0.967596 -0.211321
v 0.235420 0.958052 -0.235544
v 0.217446 0.896755 -0.196341
v 0.220179 0.921407 -0.143728
v 0.239596 0.901093 -0.130395
v 0.233104 0.886518 -0.098673
v 0.061269 1.186856 -0.181110
v 0.060692 1.179376 -0.150356
v 0.110826 1.138680 -0.139290
v 0.116353 1.170423 -0.176362
v 0.147131 1.149726 -0.205643
v 0.128552 1.168543 -0.200042
v 0.158758 1.189259 -0.232172
v 0.128389 1.204529 -0.210953
v 0.059888 1.205382 -0.183997
v 0.164596 1.209762 -0.253218
v 0.133568 1.222358 -0.227366
v 0.077939 1.222745 -0.202329
v 0.106207 1.251735 -0.251396
v 0.055702 1.251735 -0.244187
v 0.050194 1.239876 -0.216979
v 0.009678 1.210188 -0.185024
v 0.003264 1.228132 -0.199907
v 0.040587 0.607957 -0.246629
v 0.095050 0.642819 -0.258915
v 0.064314 0.648594 -0.219150
v 0.077462 0.656074 -0.189345
v 0.075158 0.634545 -0.242675
v 0.119427 0.665880 -0.161944
v 0.096680 0.642819 -0.246978
v 0.086094 0.633382 -0.192155
v 0.046478 0.600961 -0.239807
v 0.058323 0.583928 -0.259574
v 0.076505 0.605283 -0.214169
v 0.101069 0.635746 -0.187369
v 0.115719 0.634545 -0.233025
v 0.126301 0.642412 -0.191710
v 0.120100 0.684057 -0.228219
v 0.141048 0.690142 -0.209867
v 0.146070 0.675201 -0.181206
v 0.135538 0.727494 -0.197271
v 0.111665 0.671945 -0.148379
v 0.148303 0.679949 -0.144774
v 0.168874 0.714055 -0.153650
v 0.151152 0.706905 -0.197872
v 0.169353 0.729287 -0.161808
v 0.145338 0.759101 -0.162487
v 0.135232 0.755002 -0.200314
v 0.172905 0.782849 -0.131151
v 0.160807 0.804927 -0.148011
v 0.173292 0.820502 -0.138128
v 0.161321 0.759605 -0.216727
v 0.121780 0.726128 -0.223607
v 0.159199 0.744722 -0.228762
v 0.178796 0.720683 -0.256938
v 0.168312 0.769401 -0.248334
v 0.156185 0.798619 -0.206961
v 0.165274 0.957616 -0.243683
v 0.195665 0.952035 -0.256977
v 0.022751 1.268354 -0.260396
v -0.033362 1.258957 -0.260396
v 0.037020 1.267655 -0.260396
v 0.088371 1.256454 -0.260396
v -0.201119 0.980479 -0.260396
v -0.186358 0.968458 -0.260396
v -0.204824 0.983763 -0.260396
v -0.205404 0.999992 -0.260396
v -0.205213 1.027254 -0.260396
v -0.204865 1.028374 -0.260396
v -0.203911 1.029721 -0.260396
v -0.094525 1.131247 -0.260396
v -0.112287 1.096929 -0.260396
v -0.112548 1.096406 -0.260396
v -0.112690 1.095970 -0.260396
v 0.154840 1.130144 -0.260396
v 0.156849 1.128246 -0.260396
v 0.168470 1.144501 -0.260396
v 0.173013 1.161503 -0.260396
v -0.103440 1.148686 -0.260396
v -0.106319 1.162825 -0.260396
v -0.090192 1.135168 -0.260396
v -0.105973 1.197984 -0.260396
v -0.084908 1.230700 -0.260396
v -0.070595 1.245492 -0.260396
v 0.116889 1.252994 -0.260396
v 0.144032 1.240357 -0.260396
v 0.103357 1.255580 -0.260396
v 0.162597 1.218665 -0.260396
v 0.165914 1.212263 -0.260396
v 0.182170 1.078513 -0.260396
v 0.172911 1.098991 -0.260396
v 0.186707 1.064382 -0.260396
v 0.200087 1.070199 -0.260396
v 0.225571 1.067652 -0.260396
v 0.229263 1.067986 -0.260396
v 0.231129 1.067386 -0.260396
v 0.254206 1.037816 -0.260396
v 0.220360 0.958835 -0.260396
v 0.239836 0.960549 -0.260396
v 0.250214 0.966365 -0.260396
v 0.127878 0.876479 -0.260396
v 0.125637 0.871306 -0.260396
v 0.111700 0.886395 -0.260396
v 0.110280 0.886873 -0.260396
v 0.122805 0.896732 -0.260396
v 0.077712 0.874894 -0.260396
v 0.103898 0.884311 -0.260396
v 0.077595 0.873572 -0.260396
v -0.094542 0.946348 -0.260396
v -0.095887 0.931396 -0.260396
v -0.093946 0.926919 -0.260396
v -0.066440 0.900469 -0.260396
v -0.053077 0.888611 -0.260396
v -0.054168 0.888328 -0.260396
v -0.067754 0.877941 -0.260396
v -0.065535 0.871938 -0.260396
v -0.123584 0.962897 -0.260396
v -0.126958 0.958305 -0.260396
v -0.108041 0.961728 -0.260396
v -0.135910 0.961286 -0.260396
v -0.144340 0.957683 -0.260396
v -0.165322 0.964617 -0.260396
v -0.162553 1.072786 -0.260396
v -0.138244 1.076544 -0.260396
v -0.164970 1.073019 -0.260396
v -0.168296 1.073208 -0.260396
v -0.123034 1.067840 -0.260396
v -0.112832 1.094796 -0.260396
v 0.267045 1.022558 -0.260396
v 0.266950 1.021674 -0.260396
v 0.266904 1.020804 -0.260396
v 0.265507 0.981805 -0.260396
v 0.264151 0.978786 -0.260396
v 0.267415 0.997577 -0.260396
v 0.122796 0.870107 -0.260396
v 0.118239 0.868585 -0.260396
v 0.102279 0.858218 -0.260396
v 0.077641 0.838043 -0.260396
v 0.088262 0.873426 -0.260396
v 0.077630 0.861629 -0.260396
v 0.079886 0.830453 -0.260396
v 0.090196 0.813401 -0.260396
v -0.019254 0.869865 -0.260396
v -0.019428 0.843465 -0.260396
v -0.025713 0.833322 -0.260396
v -0.029819 0.823047 -0.260396
v -0.042710 0.801787 -0.260396
v -0.073829 0.797890 -0.260396
v -0.084192 0.793456 -0.260396
v -0.094557 0.783825 -0.260396
v -0.041207 0.855594 -0.260396
v -0.059566 0.868982 -0.260396
v -0.062285 0.870161 -0.260396
v 0.188173 0.726958 -0.260396
v 0.184704 0.722720 -0.260396
v 0.185583 0.733914 -0.260396
v 0.177412 0.758799 -0.260396
v -0.125636 0.755506 -0.260396
v -0.127417 0.753378 -0.260396
v -0.129992 0.726604 -0.260396
v -0.084845 0.733037 -0.260396
v -0.102822 0.729665 -0.260396
v -0.067027 0.727336 -0.260396
v -0.065095 0.723599 -0.260396
v 0.120895 0.722458 -0.260396
v 0.120440 0.710398 -0.260396
v 0.123207 0.727220 -0.260396
v 0.137074 0.731958 -0.260396
v 0.171394 0.721618 -0.260396
v 0.178789 0.717605 -0.260396
v 0.182643 0.717024 -0.260396
v -0.052875 0.652023 -0.260396
v -0.039985 0.637925 -0.260396
v -0.030007 0.634332 -0.260396
v 0.067761 0.614010 -0.260396
v 0.035278 0.599388 -0.260396
v 0.030156 0.594636 -0.260396
v 0.092342 0.637980 -0.260396
v 0.095080 0.641283 -0.260396
v 0.095727 0.641303 -0.260396
v 0.097524 0.644376 -0.260396
v 0.107412 0.650127 -0.260396
v 0.117430 0.663542 -0.260396
v 0.020898 0.593976 -0.260396
v 0.026374 0.593818 -0.260396
v 0.017907 0.600402 -0.260396
v 0.073443 0.620009 -0.260396
v -0.061856 0.663101 -0.260396
v -0.064840 0.714212 -0.260396
v -0.131141 0.719678 -0.260396
v -0.121124 0.719509 -0.260396
v 0.104184 0.801717 -0.260396
v 0.094497 0.801532 -0.260396
v 0.131622 0.795901 -0.260396
v 0.149217 0.785948 -0.260396
v 0.167166 0.767206 -0.260396
v 0.144768 0.732168 -0.260396
v -0.118726 0.761061 -0.260396
v -0.033257 0.860262 -0.260396
v 0.152688 0.922515 -0.260396
v 0.154327 0.925707 -0.260396
v 0.154632 0.943768 -0.260396
v 0.155558 0.948478 -0.260396
v 0.180326 0.956599 -0.260396
v 0.175972 0.960941 -0.260396
v 0.194061 0.954140 -0.260396
v 0.165297 0.962015 -0.260396
v 0.197496 0.953119 -0.260396
v 0.170997 1.106577 -0.260396
v 0.169455 1.199786 -0.260396
v 0.173267 1.177234 -0.260396
v 0.169768 1.108986 -0.260396
v -0.112527 1.095433 -0.260396
v -0.048205 1.255472 -0.260396
vn -0.0000 -0.0000 -1.0000
vn -0.0001 -0.0000 -1.0000
vn 0.0002 -0.0000 -1.0000
vn -0.9287 -0.2959 -0.2234
vn -0.9990 -0.0213 0.0400
vn -0.9905 -0.0884 0.1050
vn -0.9815 0.0069 0.1913
vn -0.9815 0.0069 0.1912
vn -0.7963 0.5636 0.2196
vn -0.7273 0.5956 0.3410
vn -0.7273 0.5957 0.3409
vn 0.0925 0.9571 0.2745
vn -0.1517 0.9813 -0.1182
vn 0.4885 0.8536 0.1809
vn -0.8732 0.3305 0.3581
vn -0.8151 0.3900 0.4283
vn -0.8152 0.3900 0.4283
vn -0.9506 -0.2884 0.1146
vn -0.9458 0.3083 0.1023
vn -0.9457 0.3084 0.1024
vn -0.8940 0.4474 0.0256
vn -0.8939 0.4475 0.0256
vn 0.2699 -0.7505 -0.6032
vn 0.7849 -0.0692 -0.6158
vn 0.7819 0.0023 -0.6234
vn -0.1976 0.1781 -0.9640
vn 0.4625 -0.7119 -0.5285
vn 0.6127 -0.7483 -0.2543
vn 0.7363 0.2178 -0.6407
vn 0.8161 0.4934 -0.3009
vn 0.8684 0.3147 -0.3832
vn -0.0163 0.8505 -0.5257
vn 0.1867 0.8808 -0.4352
vn 0.7089 0.6789 -0.1909
vn 0.6219 0.7579 -0.1970
vn 0.8688 0.2853 0.4047
vn 0.8938 0.3327 0.3008
vn 0.8937 0.3328 0.3008
vn 0.5612 -0.4593 0.6885
vn 0.5612 -0.4594 0.6885
vn 0.5449 -0.1972 0.8150
vn -0.1118 -0.7421 0.6609
vn -0.3755 -0.6919 0.6167
vn -0.3245 -0.8191 0.4731
vn 0.0255 -0.9331 0.3587
vn 0.3030 -0.8867 0.3494
vn 0.8993 -0.4367 0.0219
vn 0.9991 -0.0377 -0.0203
vn 0.9971 -0.0640 -0.0419
vn 0.7642 -0.5707 0.3004
vn 0.5016 -0.8624 -0.0685
vn 0.6379 -0.3730 0.6738
vn 0.0213 -0.6935 0.7201
vn 0.6371 -0.5282 0.5614
vn 0.4616 -0.4854 0.7425
vn -0.3671 0.8579 -0.3595
vn -0.1083 0.8650 -0.4899
vn -0.7411 0.4494 -0.4987
vn -0.8865 0.3543 -0.2978
vn -0.7962 0.4933 -0.3504
vn -0.7620 0.0050 -0.6475
vn 0.2095 -0.3055 -0.9289
vn -0.7234 -0.6349 -0.2713
vn -0.0699 -0.9307 -0.3590
vn 0.6713 -0.4932 -0.5532
vn -0.2301 -0.6910 -0.6852
vn 0.3882 -0.9084 -0.1553
vn -0.3106 -0.9396 -0.1438
vn -0.3105 -0.9396 -0.1438
vn -0.1793 -0.9821 -0.0576
vn -0.6314 -0.7752 -0.0204
vn -0.6633 -0.7483 0.0091
vn -0.4879 -0.6468 -0.5862
vn -0.5659 -0.5252 -0.6356
vn -0.8436 -0.5156 -0.1499
vn -0.7679 -0.6100 0.1953
vn -0.7333 -0.0067 0.6798
vn -0.4576 -0.1410 0.8779
vn -0.1142 0.9927 -0.0379
vn 0.4479 0.6716 0.5902
vn 0.2499 0.8511 -0.4617
vn -0.0087 0.8776 -0.4792
vn 0.0789 0.7945 -0.6021
vn -0.1042 0.8561 -0.5063
vn -0.4914 -0.0560 0.8691
vn -0.8668 0.0500 0.4962
vn -0.7775 -0.1252 0.6163
vn -0.6775 0.4531 0.5794
vn -0.7140 0.5753 0.3990
vn -0.9305 0.3345 0.1491
vn -0.9409 0.3065 0.1440
vn -0.9306 -0.2162 0.2952
vn -0.9343 -0.1818 0.3066
vn -0.9841 -0.0944 0.1508
vn -0.9271 0.3647 0.0870
vn 0.2419 0.3607 0.9007
vn -0.9333 0.2700 0.2368
vn 0.3366 0.2940 0.8946
vn 0.5789 0.1074 0.8083
vn 0.4725 0.5237 0.7088
vn 0.2378 0.6992 0.6742
vn 0.5073 0.7277 0.4617
vn -0.7270 0.5486 0.4129
vn -0.6006 0.7810 0.1712
vn -0.8688 0.2222 0.4426
vn -0.7778 0.3934 0.4903
vn -0.7905 -0.0652 0.6090
vn 0.1296 -0.7022 0.7001
vn 0.2763 0.8306 0.4835
vn 0.4320 0.8260 0.3621
vn -0.9210 0.3649 0.1364
vn -0.8392 0.5377 -0.0809
vn -0.6991 0.6882 0.1939
vn -0.6476 0.7376 0.1911
vn -0.6676 0.7058 0.2369
vn -0.6654 0.7251 0.1771
vn -0.7755 0.6242 -0.0947
vn -0.8292 -0.2661 0.4916
vn -0.7534 0.2303 0.6159
vn -0.6599 0.4307 0.6156
vn -0.3413 0.4725 0.8125
vn -0.3391 0.4715 0.8141
vn 0.0023 0.5355 0.8445
vn -0.0104 0.5193 0.8545
vn 0.2413 0.5201 0.8193
vn 0.4012 0.6654 0.6295
vn 0.2595 0.9372 0.2328
vn 0.2798 0.9576 0.0681
vn 0.3291 0.2753 0.9033
vn 0.6320 0.2275 0.7408
vn 0.6516 0.4026 0.6429
vn 0.3369 0.5829 0.7394
vn 0.2761 0.7494 0.6018
vn 0.1862 0.7952 0.5771
vn 0.0530 0.6972 0.7149
vn 0.1070 0.6571 0.7462
vn -0.6805 0.3081 0.6648
vn -0.0060 0.1488 0.9888
vn -0.0075 0.1534 0.9881
vn 0.0111 0.9809 0.1941
vn -0.2463 0.9639 0.1012
vn -0.3097 0.2862 0.9067
vn -0.5924 0.2545 0.7644
vn -0.7839 -0.1596 0.6000
vn -0.6642 0.7340 -0.1414
vn -0.6642 0.7341 -0.1414
vn -0.6727 0.6447 0.3632
vn 0.3196 -0.7574 -0.5694
vn 0.2680 -0.8026 -0.5329
vn -0.1943 -0.9796 0.0519
vn 0.4282 -0.8877 -0.1690
vn 0.6808 -0.3083 -0.6645
vn 0.8883 -0.3032 -0.3451
vn 0.4913 0.6418 -0.5889
vn 0.8594 0.4968 -0.1205
vn 0.8656 0.1071 -0.4891
vn 0.4488 0.1938 -0.8724
vn 0.7129 -0.1348 -0.6881
vn 0.7718 -0.0605 -0.6330
vn 0.8878 -0.3812 0.2580
vn 0.2047 -0.9775 0.0512
vn 0.9664 -0.0176 -0.2563
vn 0.6203 0.4856 -0.6160
vn 0.6217 0.4868 -0.6135
vn 0.6772 0.4629 -0.5719
vn 0.7952 0.5868 0.1527
vn 0.6614 -0.1613 0.7325
vn 0.6352 0.2744 0.7220
vn 0.0701 -0.5154 0.8541
vn 0.0139 -0.7293 0.6840
vn 0.3790 -0.9182 -0.1149
vn 0.9248 -0.2018 -0.3225
vn 0.9191 -0.2082 -0.3346
vn 0.8994 -0.3075 -0.3107
vn 0.8579 -0.5137 0.0144
vn 0.2013 -0.9728 0.1144
vn 0.0180 -0.4779 0.8783
vn 0.1614 -0.5900 0.7911
vn 0.0769 0.0095 0.9970
vn 0.6839 -0.7260 0.0722
vn 0.6505 -0.7456 0.1448
vn 0.6304 -0.7622 0.1471
vn 0.5334 -0.8454 0.0277
vn 0.5923 -0.8043 0.0483
vn -0.0853 -0.8357 0.5426
vn -0.1722 -0.8139 0.5549
vn -0.4494 -0.8827 0.1375
vn -0.4767 -0.2843 0.8318
vn -0.1652 -0.5752 0.8011
vn 0.2977 -0.7150 0.6325
vn 0.6071 -0.5498 0.5737
vn 0.8465 -0.3966 -0.3551
vn 0.9216 -0.3492 -0.1695
vn 0.6564 0.0151 -0.7543
vn 0.5629 0.3375 -0.7545
vn 0.4227 0.3450 -0.8381
vn 0.8859 0.0155 -0.4636
vn 0.2718 -0.9558 0.1124
vn 0.6503 -0.7247 0.2278
vn 0.6280 -0.7703 0.1108
vn 0.5333 -0.1701 -0.8286
vn -0.3237 0.3947 -0.8599
vn -0.5674 0.4243 -0.7057
vn -0.6383 0.4948 -0.5897
vn -0.7740 0.0153 0.6331
vn -0.5691 -0.3779 0.7303
vn -0.6683 0.4613 -0.5836
vn 0.3501 -0.9355 -0.0478
vn -0.3148 -0.8041 0.5043
vn -0.1663 -0.5723 0.8030
vn -0.8142 -0.3656 0.4510
vn 0.3394 -0.9368 0.0854
vn 0.2134 -0.9544 0.2088
vn 0.1878 -0.9543 0.2326
vn -0.0231 -0.9950 0.0967
vn -0.2649 -0.9485 0.1735
vn -0.5559 -0.8303 0.0392
vn -0.4945 -0.8401 0.2231
vn 0.2724 -0.8129 0.5148
vn 0.6734 -0.2251 0.7042
vn 0.6154 -0.0643 0.7856
vn 0.7908 -0.0486 0.6101
vn 0.8695 0.4812 -0.1116
vn -0.1616 -0.9228 0.3496
vn -0.2690 -0.5774 0.7709
vn -0.1588 -0.6068 0.7788
vn 0.3799 -0.8439 0.3788
vn 0.3799 -0.8440 0.3786
vn -0.6488 0.6888 -0.3233
vn -0.6449 0.6941 -0.3200
vn -0.7770 0.6106 -0.1529
vn -0.9959 0.0899 -0.0055
vn -0.9124 -0.3441 0.2216
vn -0.7805 -0.0286 -0.6245
vn -0.7036 -0.1288 -0.6988
vn -0.7124 -0.1409 -0.6875
vn -0.7680 0.4379 -0.4674
vn -0.8918 -0.2783 -0.3568
vn -0.8569 -0.1907 -0.4789
vn -0.8597 -0.1825 -0.4771
vn -0.4247 0.7363 -0.5269
vn 0.3107 -0.8988 0.3094
vn -0.0647 -0.9972 -0.0376
vn -0.1320 -0.9912 0.0107
vn -0.4650 -0.6376 -0.6142
vn -0.2894 0.3785 -0.8792
vn -0.2224 0.8575 -0.4640
vn -0.2222 0.8576 -0.4638
vn -0.5761 -0.6492 -0.4967
vn -0.5978 -0.6216 -0.5062
vn -0.9065 -0.3931 -0.1537
vn -0.8600 -0.3727 -0.3486
vn -0.5845 0.7003 -0.4097
vn -0.0102 0.9521 -0.3058
vn 0.5891 -0.3060 -0.7479
vn -0.1260 -0.5661 -0.8147
vn -0.0158 -0.5931 -0.8050
vn -0.1929 0.8838 -0.4263
vn -0.5820 0.2782 -0.7642
vn -0.7195 0.4208 -0.5525
vn -0.5608 -0.4865 -0.6699
vn -0.8851 0.3679 -0.2851
vn -0.9845 -0.1566 0.0791
vn -0.9144 0.1823 0.3613
vn -0.7155 -0.2350 0.6579
vn -0.7032 0.3760 0.6035
vn -0.4732 0.8783 0.0687
vn -0.3494 0.7975 0.4918
vn -0.3575 0.7797 0.5141
vn -0.2565 0.2762 0.9262
vn 0.6240 0.6365 0.4533
vn 0.6639 0.7438 -0.0770
vn 0.2098 0.7527 0.6240
vn 0.1333 0.0342 0.9905
vn -0.0155 -0.2483 0.9685
vn -0.0321 -0.0757 0.9966
vn -0.6059 0.6458 0.4645
vn -0.1113 0.7367 0.6670
vn -0.1028 -0.0423 0.9938
vn 0.4064 0.1935 0.8930
vn 0.5290 -0.1352 0.8378
vn 0.7473 -0.0348 0.6636
vn 0.7060 0.2739 0.6531
vn 0.8129 0.4838 0.3243
vn 0.7754 0.5705 0.2708
vn 0.3355 0.8960 0.2909
vn 0.4238 0.1637 0.8908
vn 0.3586 0.3385 0.8700
vn 0.3609 0.6487 0.6700
vn 0.3928 0.6902 0.6078
vn 0.0849 0.9767 0.1973
vn 0.1443 0.9754 -0.1668
vn 0.2528 0.0178 0.9673
vn 0.7096 0.3328 0.6211
vn 0.8479 0.0205 0.5298
vn 0.7905 -0.2966 0.5358
vn 0.9258 -0.3107 0.2154
vn 0.8208 0.3037 0.4838
vn 0.8891 0.2854 0.3578
vn 0.4888 -0.8724 -0.0008
vn 0.0874 -0.9926 -0.0842
vn 0.2388 -0.9552 -0.1748
vn -0.3436 0.7708 0.5366
vn -0.1849 0.7876 0.5877
vn -0.1411 0.8425 0.5199
vn 0.0359 0.7334 0.6789
vn 0.5791 -0.5498 0.6020
vn 0.6779 0.7173 -0.1611
vn 0.8284 0.5557 -0.0710
vn 0.8904 0.4541 0.0302
vn 0.8904 0.4542 0.0302
vn 0.9651 0.2435 0.0959
vn 0.7240 0.6032 0.3346
vn 0.7759 -0.2073 0.5958
vn 0.8868 -0.0143 0.4620
vn 0.9039 0.1528 0.3996
vn 0.9283 0.2635 0.2623
vn 0.8448 0.4377 0.3077
vn 0.6529 0.5588 0.5114
vn 0.3575 0.7678 0.5317
vn 0.1766 0.9241 0.3388
vn 0.0539 0.9243 0.3778
vn 0.1734 0.7952 0.5811
vn 0.0402 0.9129 0.4061
vn -0.2479 0.8225 0.5118
vn -0.6225 0.6023 0.4997
vn -0.0968 -0.9625 -0.2534
vn 0.8025 -0.5773 -0.1509
vn 0.8897 -0.1749 -0.4217
vn 0.8764 -0.4499 -0.1721
vn 0.5573 -0.6459 -0.5217
vn 0.8483 -0.4208 -0.3214
vn 0.3637 0.8031 -0.4719
vn 0.3900 0.7652 -0.5123
vn 0.3953 0.7602 -0.5156
vn 0.6056 0.1697 -0.7775
vn 0.5339 -0.2312 -0.8133
vn 0.2807 0.4579 -0.8435
vn 0.2728 0.8086 -0.5212
vn 0.8272 0.0890 -0.5548
vn 0.6664 -0.7133 -0.2170
vn 0.6564 -0.7328 -0.1795
vn 0.1737 -0.9691 0.1751
vn 0.0450 -0.8146 0.5783
vn -0.1927 -0.9076 0.3731
vn 0.2183 -0.8235 0.5236
vn 0.6949 -0.1900 0.6935
vn 0.6750 0.1189 0.7282
vn 0.7119 0.1314 0.6899
vn 0.4193 -0.4054 0.8123
vn -0.0956 -0.8968 0.4321
vn 0.7954 0.0257 0.6056
vn 0.4053 0.0646 0.9119
vn 0.3709 0.2712 0.8882
vn 0.2763 0.0825 0.9575
vn -0.0603 0.0687 0.9958
vn -0.3040 0.4766 0.8249
vn -0.3231 0.4285 0.8438
vn -0.6098 0.1160 0.7840
vn -0.6166 0.3663 0.6969
vn 0.0124 0.7371 0.6757
vn -0.4590 0.8874 -0.0422
vn 0.0403 0.7242 0.6884
vn 0.5098 -0.3695 0.7769
vn 0.3701 0.3517 0.8598
vn 0.0556 0.0316 0.9980
vn -0.2591 0.1179 0.9586
vn -0.3434 0.3487 0.8720
vn -0.4984 -0.3702 0.7840
vn -0.4992 -0.3699 0.7836
vn 0.0862 -0.9363 0.3405
vn -0.7893 0.3154 0.5268
vn -0.9544 0.0322 0.2969
vn -0.9034 -0.3160 0.2897
vn -0.6918 -0.2884 0.6620
vn -0.6210 0.0779 0.7799
vn -0.4155 -0.6036 0.6805
vn -0.4669 -0.5073 0.7243
vn -0.0354 -0.4131 0.9100
vn 0.0172 -0.5214 0.8531
vn 0.0023 0.5833 0.8122
vn 0.0368 0.4621 0.8861
vn 0.2162 0.7090 0.6713
vn 0.4999 -0.5168 0.6950
vn 0.6059 -0.3968 0.6895
vn 0.8884 -0.3758 0.2637
vn 0.9363 -0.2583 0.2380
vn 0.9602 -0.0291 0.2777
vn -0.4800 -0.8582 0.1816
vn -0.6490 -0.7606 -0.0164
vn 0.8856 -0.4035 0.2302
vn 0.8896 -0.4562 -0.0239
vn 0.9741 0.1554 0.1641
vn -0.8297 -0.2225 0.5119
vn 0.9593 -0.2793 0.0415
vn 0.9638 0.2260 -0.1418
vn 0.9230 -0.0778 -0.3769
vn 0.8197 0.0160 0.5725
vn 0.9071 -0.4177 -0.0522
vn 0.9442 0.2333 0.2325
vn 0.9487 0.0156 0.3158
vn 0.6253 -0.3353 0.7047
vn 0.6300 -0.3697 0.6830
vn 0.6695 -0.2120 0.7119
vn 0.0085 -0.4255 0.9049
vn -0.0378 -0.5988 0.8000
vn -0.0148 -0.8567 0.5155
vn 0.4102 -0.8387 0.3582
vn 0.0126 -0.9831 -0.1826
vn -0.1788 -0.9250 0.3351
vn -0.4634 -0.8172 0.3427
vn -0.6593 -0.1889 0.7278
vn -0.6000 -0.4004 0.6926
vn -0.5791 -0.8072 -0.1148
vn -0.8720 -0.4403 0.2138
vn -0.9345 -0.3529 0.0471
vn -0.9871 -0.1294 0.0941
vn -0.9892 0.0972 -0.1096
vn -0.9113 -0.2180 -0.3492
vn -0.7835 0.0961 0.6139
vn -0.4462 -0.4739 0.7592
vn -0.9317 0.3604 -0.0450
vn -0.8997 0.3103 0.3071
vn -0.8953 -0.2553 0.3651
vn -0.7368 -0.1163 0.6660
vn -0.6999 0.2543 0.6675
vn 0.0443 -0.5609 0.8267
vn 0.0518 -0.5606 0.8264
vn -0.7127 -0.6754 0.1896
vn -0.6053 -0.7862 0.1247
vn -0.0307 -0.4213 0.9064
vn 0.2336 -0.4740 0.8490
vn -0.2961 -0.9473 -0.1226
vn -0.2741 -0.9483 -0.1601
vn -0.8227 -0.2891 0.4895
vn -0.8850 -0.4505 -0.1179
vn -0.2734 -0.9298 0.2463
vn -0.7606 -0.1281 -0.6365
vn -0.6982 -0.2599 -0.6670
vn 0.3034 0.3039 -0.9031
vn -0.2984 -0.8285 0.4739
vn -0.0161 -0.5568 0.8305
vn 0.1159 -0.5358 0.8364
vn -0.2163 -0.1007 0.9711
vn -0.9977 -0.0271 -0.0615
vn -0.8879 -0.4591 -0.0302
vn -0.2849 -0.8903 0.3552
vn 0.1703 -0.9076 0.3839
vn 0.1703 -0.9076 0.3838
vn -0.6194 0.7705 -0.1506
vn -0.7662 0.6411 -0.0439
vn -0.7759 0.0746 0.6264
vn -0.0119 -0.7082 0.7059
vn -0.7824 0.1299 0.6090
vn -0.9501 -0.0800 0.3014
vn 0.3771 -0.6796 0.6293
vn -0.7100 -0.4109 0.5719
vn -0.8378 0.0512 -0.5436
vn -0.9740 -0.1230 -0.1901
vn -0.5382 0.5149 -0.6672
vn -0.5273 0.5070 -0.6818
vn -0.4879 0.6549 -0.5771
vn -0.8109 -0.1019 -0.5763
vn -0.8076 -0.1054 -0.5802
vn -0.8040 0.1396 -0.5780
vn -0.8405 0.0623 -0.5383
vn -0.7571 0.1606 -0.6333
vn -0.9939 -0.0580 -0.0934
vn -0.7456 -0.6045 0.2804
vn -0.7168 -0.6554 0.2379
vn -0.4738 -0.6690 0.5727
vn -0.1039 0.3207 -0.9415
vn 0.0339 -0.9226 0.3843
vn -0.5138 -0.8014 0.3061
vn -0.7712 -0.1711 -0.6132
vn -0.8352 0.2325 -0.4984
vn -0.8151 -0.5529 0.1730
vn -0.7786 -0.4772 0.4075
vn -0.3919 -0.9124 -0.1181
vn -0.9075 -0.2455 -0.3410
vn -0.6452 0.7621 -0.0546
vn -0.9689 0.2165 -0.1198
vn -0.9336 -0.2617 0.2447
vn -0.9473 -0.3105 -0.0789
vn 0.1913 -0.9154 -0.3542
vn 0.3565 -0.9252 0.1299
vn 0.7959 -0.5895 0.1383
vn 0.7646 -0.2967 0.5722
vn -0.9214 -0.3540 -0.1601
vn 0.4858 -0.7113 0.5079
vn 0.1282 -0.7803 0.6121
vn -0.1732 -0.8709 0.4600
vn -0.0336 -0.9975 -0.0617
vn 0.1537 -0.9470 0.2819
vn -0.5442 -0.7807 -0.3071
vn -0.3783 -0.6918 -0.6151
vn -0.3782 -0.6918 -0.6151
vn -0.3252 -0.7500 -0.5759
vn -0.2703 -0.8424 0.4663
vn -0.2427 -0.8033 0.5439
vn 0.2866 -0.9169 0.2777
vn 0.1165 -0.8129 0.5706
vn -0.8925 -0.2987 0.3380
vn -0.5827 0.7870 0.2029
vn -0.7094 0.6324 0.3112
vn -0.5669 0.3274 0.7559
vn -0.6652 0.0738 0.7430
vn -0.6265 -0.0372 0.7786
vn -0.3333 -0.0655 0.9406
vn 0.0100 0.2696 0.9629
vn -0.0497 -0.3588 0.9321
vn -0.0901 0.0459 0.9949
vn 0.1669 -0.2594 0.9512
vn 0.3833 -0.1146 0.9165
vn 0.5996 -0.1498 0.7862
vn 0.6874 0.0262 0.7258
vn 0.9621 -0.1981 0.1872
vn 0.6502 -0.4923 0.5787
vn 0.8350 -0.5304 0.1464
vn 0.4958 -0.7046 0.5077
vn 0.1836 -0.6981 0.6921
vn 0.0546 -0.5699 0.8199
vn -0.0630 -0.5725 0.8175
vn -0.1594 -0.6960 0.7002
vn -0.1906 -0.3161 0.9294
vn -0.6041 -0.3204 0.7296
vn -0.6549 -0.4581 0.6010
vn -0.8269 -0.0109 0.5622
vn -0.9272 0.0721 0.3676
vn -0.8988 -0.4328 -0.0696
vn -0.8402 -0.3944 0.3721
vn -0.5313 -0.7108 0.4609
vn -0.7627 -0.4616 0.4531
vn 0.0075 -0.8220 0.5695
vn 0.5589 -0.7995 -0.2202
vn 0.9335 -0.3405 0.1121
vn 0.9781 0.1988 0.0612
vn 0.6414 0.7271 0.2449
vn 0.6034 0.3255 0.7280
vn 0.0407 0.3841 0.9224
vn -0.1564 0.7279 0.6676
vn -0.8393 -0.5155 0.1730
vn -0.8627 -0.2273 0.4518
vn 0.0908 -0.9460 0.3111
vn -0.3440 -0.5458 0.7640
vn -0.6246 0.1227 0.7713
vn -0.4737 -0.1241 0.8719
vn 0.3012 0.5533 0.7766
vn 0.4419 0.7989 0.4081
vn -0.0083 0.1634 0.9865
vn 0.4108 -0.4250 0.8066
vn 0.6689 0.1446 0.7291
vn 0.7833 0.3296 0.5271
vn 0.5103 -0.3706 0.7760
vn 0.5458 0.7398 0.3934
vn 0.1190 0.8522 -0.5095
vn -0.4521 0.7198 -0.5268
vn -0.0912 0.9625 -0.2556
vn -0.3305 0.3626 0.8714
vn 0.8246 0.5001 0.2643
vn 0.5826 0.7548 0.3015
vn 0.4401 0.8909 -0.1122
vn 0.7801 0.5500 -0.2982
vn 0.9251 -0.2391 -0.2950
vn 0.7024 -0.6578 0.2717
vn 0.7818 -0.4821 -0.3954
vn 0.8050 -0.4454 -0.3919
vn 0.9526 0.2432 0.1831
vn 0.7404 -0.1108 0.6630
vn 0.4144 0.2744 0.8678
vn -0.1942 -0.4855 0.8524
vn -0.6011 0.6904 0.4024
vn -0.0882 0.6454 0.7587
vn -0.0661 0.8927 0.4458
vn -0.4500 0.8375 0.3098
vn -0.5942 0.7380 0.3198
vn -0.6957 0.5765 0.4284
vn 0.9544 0.2594 0.1476
vn 0.7990 0.6007 -0.0265
vn 0.8234 0.5567 0.1094
vn 0.7370 0.6759 0.0047
vn 0.7147 0.4463 0.5385
vn 0.9931 0.1089 -0.0428
vn 0.7777 -0.2789 0.5634
vn 0.8245 0.1846 0.5349
vn 0.7235 0.3341 0.6041
vn -0.8131 -0.0380 0.5809
vn -0.2778 0.4537 0.8468
vn 0.7833 0.0165 0.6215
vn 0.6413 -0.6845 0.3466
vn 0.7619 -0.5888 0.2698
vn 0.8003 0.5953 -0.0709
vn 0.9455 -0.1297 0.2987
vn 0.8708 -0.4173 0.2598
vn 0.7183 0.2107 0.6631
vn 0.7060 0.6991 0.1132
vn 0.6814 0.6492 0.3381
vn 0.8691 0.4690 0.1570
vn 0.9927 0.1108 0.0477
vn 0.3902 0.8872 0.2462
vn 0.6252 0.7508 0.2131
vn 0.7641 0.6430 -0.0516
vn 0.7641 0.6430 -0.0515
vn 0.3015 0.9374 0.1742
vn -0.0878 0.9707 0.2238
vn 0.0994 0.9949 -0.0190
vn 0.9809 0.0216 0.1933
vn 0.9829 -0.1189 0.1408
vn 0.9054 -0.4065 0.1224
vn 0.8984 -0.3622 0.2482
vn 0.9903 -0.0520 0.1291
vn -0.3967 0.9125 0.0996
vn 0.9883 -0.1061 0.1095
vn 0.9883 -0.1060 0.1095
vn 0.7297 0.5694 0.3785
vn 0.7782 0.3866 0.4949
vn 0.0994 0.9949 -0.0191
vn -0.3580 0.5668 0.7420
vn 0.8354 0.4194 0.3554
vn 0.8258 0.0395 0.5626
vn -0.4948 0.2145 0.8421
vn 0.8665 -0.4049 0.2921
vn 0.7366 0.0205 0.6760
vn -0.3298 0.3619 0.8719
vn 0.9790 0.2038 -0.0016
vn 0.1408 0.8586 -0.4929
vn 0.3884 0.9142 -0.1155
vn 0.9249 0.2364 0.2979
vn 0.9812 -0.1326 0.1399
vn -0.0862 -0.9150 0.3943
vn -0.5126 -0.7062 0.4884
vn -0.5197 -0.7650 0.3805
vn 0.8349 -0.5168 0.1893
vn 0.7465 0.4986 -0.4406
vn 0.3567 -0.0996 -0.9289
vn 0.3385 -0.6316 -0.6975
vn -0.6189 -0.3138 -0.7201
vn -0.1561 -0.8721 -0.4639
vn 0.2728 0.8086 -0.5213
vn -0.6494 -0.3086 -0.6950
vn 0.9065 -0.0153 -0.4220
vn -0.6074 -0.6091 -0.5100
vn -0.7841 0.5049 0.3608
vn -0.1561 -0.8720 -0.4639
vn -0.2595 -0.8719 -0.4153
vn 0.4549 -0.5706 -0.6837
vn 0.6653 -0.7465 -0.0122
vn 0.8664 0.3918 0.3095
vn 0.7248 0.5453 0.4210
vn 0.7012 0.6914 -0.1741
vn 0.9645 0.2469 0.0933
vn 0.5278 0.8193 0.2240
vn 0.0405 0.9712 0.2349
vn -0.0407 0.7363 0.6755
vn -0.2640 0.6716 0.6922
vn -0.2252 0.3491 0.9096
vn -0.4011 0.0959 0.9110
vn -0.5547 0.2607 0.7902
vn -0.1990 0.9792 0.0404
vn 0.1070 0.3204 0.9412
vn 0.0511 0.8600 0.5077
vn -0.0107 0.8840 0.4674
vn -0.1788 0.7984 0.5750
vn 0.0070 0.2280 0.9736
vn 0.2905 0.4114 0.8639
vn -0.0098 0.1915 0.9814
vn -0.2843 0.4161 0.8637
vn 0.1104 0.3382 0.9346
vn -0.0139 0.2339 0.9722
vn -0.3854 0.6881 0.6147
vn -0.0827 0.9961 -0.0297
vn 0.4405 0.6923 0.5715
vn -0.0012 0.6758 0.7371
vn -0.1096 0.3268 0.9387
vn 0.7326 0.1497 0.6640
vn 0.2060 0.7202 0.6624
vn 0.6076 0.7913 -0.0684
vn 0.9198 0.2780 0.2770
vn 0.8340 -0.1513 0.5306
vn 0.2061 0.8690 -0.4498
vn 0.4119 0.3058 0.8584
vn -0.7002 0.5754 -0.4227
vn -0.4520 0.7831 0.4271
vn 0.0001 -0.1797 0.9837
vn 0.6901 0.5688 0.4475
vn 0.7273 -0.0204 0.6861
vn -0.4247 -0.2189 0.8785
vn -0.6688 0.2312 0.7066
vn -0.4520 -0.6020 0.6583
vn -0.6590 0.7491 0.0674
vn -0.8631 -0.4933 0.1085
vn -0.7535 -0.5820 -0.3059
vn -0.5257 -0.1943 -0.8282
vn 0.1766 -0.9826 0.0577
vn 0.4349 -0.8381 0.3294
vn -0.8831 0.4264 0.1958
vn -0.8944 0.4001 0.1997
vn -0.8382 0.1259 0.5307
vn -0.8362 -0.4673 -0.2870
vn -0.3144 -0.8990 -0.3049
vn -0.8422 0.5370 0.0488
vn -0.9039 0.3648 -0.2233
vn 0.2302 -0.2482 0.9410
vn 0.4810 -0.4555 0.7491
vn 0.8471 0.4338 -0.3070
vn 0.6781 -0.5320 0.5072
vn -0.5195 -0.7712 0.3679
vn -0.2551 -0.7333 0.6303
vn -0.3082 -0.5889 0.7472
vn -0.2536 -0.9552 0.1528
vn -0.6436 -0.7564 0.1167
vn 0.0080 -0.5533 0.8330
vn -0.0930 -0.9693 0.2277
vn 0.4767 -0.8012 0.3618
vn 0.7695 -0.5838 0.2589
vn -0.2235 -0.6125 0.7582
vn 0.6104 -0.5317 0.5870
vn 0.8952 -0.3112 -0.3191
vn 0.6833 -0.2319 0.6923
vn -0.5223 -0.7283 0.4437
vn 0.5754 -0.6784 0.4568
vn 0.8773 -0.4240 0.2251
vn 0.9624 0.2358 0.1351
vn 0.4465 -0.4039 0.7985
vn 0.8899 -0.2977 -0.3457
vn 0.6194 0.4877 -0.6153
vn 0.8165 -0.2865 -0.5012
vn 0.7934 0.1030 0.5999
vn 0.8927 0.4471 0.0554
vn 0.8669 -0.2966 -0.4007
vn 0.9838 0.1529 -0.0935
vn 0.6096 0.7206 -0.3302
vn 0.8702 -0.3313 -0.3647
vn -0.2015 -0.9768 0.0732
vn 0.5328 -0.6769 -0.5079
vn -0.8955 0.0088 0.4450
vn -0.5668 -0.5555 0.6084
vn -0.2445 0.4007 0.8830
vn -0.0290 0.8590 0.5111
vn 0.0523 0.6988 0.7134
vn 0.0584 0.9108 0.4088
vn 0.3205 0.5097 0.7984
vn 0.6749 0.4262 0.6024
vn 0.3627 0.1698 0.9163
vn 0.7198 0.6149 0.3220
vn 0.6741 0.5084 0.5358
vn 0.2487 0.0356 0.9679
vn 0.0294 0.9711 0.2368
vn -0.0079 0.3780 0.9258
vn -0.1618 0.1719 0.9717
vn -0.3640 0.8966 0.2521
vn -0.2908 0.9388 0.1846
vn -0.4410 0.6623 0.6057
vn -0.8040 0.0526 0.5923
vn -0.8279 -0.0999 0.5519
vn -0.9900 0.0900 0.1090
vn -0.2151 0.3454 0.9135
vn -0.9797 -0.0048 0.2003
vn -0.7079 0.7040 0.0573
vn -0.7263 0.5250 0.4436
vn -0.4030 0.3772 0.8339
vn -0.9821 -0.0017 0.1884
vn -0.4826 -0.0345 0.8752
vn 0.1102 0.9909 0.0770
vn -0.3680 0.9209 -0.1288
vn -0.8520 -0.1082 0.5123
vn -0.4055 0.9138 0.0224
vn 0.1276 0.5335 0.8361
vn -0.6058 0.7944 -0.0430
vn 0.3049 0.3350 0.8915
vn -0.6780 0.6980 -0.2304
vn -0.5583 -0.5304 -0.6380
vn 0.5638 -0.3334 -0.7557
vn -0.8798 0.0792 -0.4687
vn 0.1498 -0.2551 -0.9552
vn -0.6397 -0.6791 -0.3600
vn -0.6492 -0.1357 -0.7484
vn 0.2744 -0.8985 0.3426
vn 0.5979 0.0249 -0.8012
vn 0.8865 -0.0411 -0.4610
vn 0.5032 -0.5856 0.6355
vn 0.2762 -0.6278 0.7277
vn 0.9694 0.0686 0.2357
vn 0.4565 0.8069 -0.3749
vn 0.7733 0.2432 -0.5855
vn -0.1890 0.2714 -0.9437
vn -0.8881 0.4596 0.0106
vn -0.6881 0.6122 0.3896
vn -0.8566 0.0798 0.5097
vn -0.9506 -0.2884 0.1145
vn -0.2698 0.9357 -0.2275
vn -0.5823 0.7732 0.2511
vn 0.0549 0.9678 0.2455
vn -0.7582 0.6415 -0.1171
vn -0.9532 0.2968 0.0569
vn -0.9842 -0.0352 0.1738
vn -0.9744 -0.2183 0.0535
vn -0.7319 0.0476 0.6797
vn -0.9686 -0.1636 -0.1873
vn -0.6632 -0.7484 0.0091
vt 0.000000 0.000000
vt 0.431396 0.092285
vt 0.428223 0.087158
vt 0.438232 0.089600
vt 0.434082 0.098877
vt 0.418945 0.102783
vt 0.419802 0.096097
vt 0.418758 0.102621
vt 0.844915 0.099398
vt 0.844673 0.099101
vt 0.844727 0.098877
vt 0.852783 0.108398
vt 0.852508 0.108834
vt 0.853409 0.109462
vt 0.853019 0.109297
vt 0.857178 0.109619
vt 0.857450 0.113565
vt 0.863770 0.109619
vt 0.859979 0.114017
vt 0.863532 0.117210
vt 0.434158 0.131552
vt 0.436768 0.121826
vt 0.444092 0.126709
vt 0.434254 0.131748
vt 0.444336 0.132080
vt 0.434255 0.131840
vt 0.863673 0.117312
vt 0.872314 0.110352
vt 0.879150 0.112549
vt 0.863733 0.117367
vt 0.880371 0.116455
vt 0.863813 0.117415
vt 0.705101 0.901527
vt 0.704194 0.907589
vt 0.704590 0.901855
vt 0.704899 0.901407
vt 0.703138 0.900243
vt 0.702813 0.903691
vt 0.695771 0.909596
vt 0.695801 0.898926
vt 0.696624 0.904826
vt 0.698719 0.897629
vt 0.691895 0.896729
vt 0.698248 0.896915
vt 0.161140 0.531386
vt 0.159089 0.528763
vt 0.163574 0.531006
vt 0.162299 0.533344
vt 0.163960 0.533704
vt 0.173584 0.525391
vt 0.169741 0.535718
vt 0.173137 0.537596
vt 0.178223 0.538574
vt 0.176916 0.540238
vt 0.178832 0.541757
vt 0.182863 0.544567
vt 0.182861 0.535156
vt 0.183999 0.545399
vt 0.054302 0.108061
vt 0.059082 0.096680
vt 0.056396 0.108643
vt 0.055123 0.108770
vt 0.055976 0.109794
vt 0.056512 0.109682
vt 0.058062 0.108862
vt 0.060059 0.100586
vt 0.063803 0.106772
vt 0.065430 0.094727
vt 0.065623 0.106711
vt 0.068836 0.107148
vt 0.070557 0.100342
vt 0.069837 0.107359
vt 0.078125 0.105469
vt 0.072057 0.108590
vt 0.081193 0.113591
vt 0.085938 0.113037
vt 0.083953 0.114889
vt 0.088135 0.117432
vt 0.087458 0.117319
vt 0.088088 0.117728
vt 0.088192 0.117643
vt 0.088544 0.117705
vt 0.104004 0.109131
vt 0.092442 0.117390
vt 0.985425 0.976551
vt 0.982178 0.969238
vt 0.986431 0.974637
vt 0.645913 0.974435
vt 0.651478 0.976301
vt 0.645752 0.979736
vt 0.037339 0.087423
vt 0.042480 0.082764
vt 0.041504 0.091064
vt 0.039340 0.090678
vt 0.039666 0.092332
vt 0.041504 0.093990
vt 0.046573 0.096719
vt 0.045898 0.090332
vt 0.046441 0.092501
vt 0.104492 0.142869
vt 0.109008 0.144683
vt 0.104004 0.146484
vt 0.099216 0.143420
vt 0.098145 0.150391
vt 0.097961 0.144510
vt 0.093262 0.147217
vt 0.095566 0.144913
vt 0.093451 0.145509
vt 0.423138 0.078708
vt 0.424561 0.078613
vt 0.422834 0.083207
vt 0.422214 0.086674
vt 0.421138 0.090791
vt 0.420640 0.092078
vt 0.433350 0.085693
vt 0.440186 0.079102
vt 0.448242 0.086914
vt 0.448242 0.093994
vt 0.451904 0.090088
vt 0.455566 0.083740
vt 0.457031 0.090332
vt 0.468018 0.085693
vt 0.476807 0.093506
vt 0.485840 0.094971
vt 0.487549 0.100830
vt 0.478516 0.103516
vt 0.467773 0.095459
vt 0.469727 0.105957
vt 0.479004 0.116455
vt 0.466064 0.111084
vt 0.456055 0.110352
vt 0.452393 0.102295
vt 0.458252 0.099854
vt 0.455322 0.095947
vt 0.448975 0.111572
vt 0.444824 0.107666
vt 0.445068 0.116699
vt 0.435547 0.112305
vt 0.439209 0.106201
vt 0.424072 0.106689
vt 0.432373 0.119385
vt 0.437988 0.101318
vt 0.454346 0.125244
vt 0.457275 0.119873
vt 0.464111 0.123047
vt 0.465088 0.131592
vt 0.460938 0.133545
vt 0.453857 0.129639
vt 0.449463 0.137939
vt 0.455811 0.145020
vt 0.459717 0.149170
vt 0.290527 0.634766
vt 0.302246 0.636719
vt 0.303467 0.645020
vt 0.313965 0.633301
vt 0.317627 0.641846
vt 0.324463 0.630615
vt 0.329346 0.639648
vt 0.320557 0.647705
vt 0.334473 0.641846
vt 0.334229 0.649902
vt 0.341553 0.648438
vt 0.335693 0.654541
vt 0.324951 0.655273
vt 0.332764 0.663086
vt 0.321045 0.661377
vt 0.311768 0.655518
vt 0.311768 0.660156
vt 0.308350 0.651611
vt 0.320557 0.651367
vt 0.299072 0.658936
vt 0.890381 0.121338
vt 0.885254 0.118408
vt 0.897705 0.114258
vt 0.882813 0.124023
vt 0.871577 0.123417
vt 0.873269 0.124493
vt 0.870346 0.120427
vt 0.871248 0.120902
vt 0.891357 0.113037
vt 0.695693 0.910746
vt 0.675781 0.922607
vt 0.695661 0.910409
vt 0.690918 0.910156
vt 0.682617 0.913086
vt 0.682617 0.905029
vt 0.679443 0.909668
vt 0.178711 0.529785
vt 0.176270 0.521484
vt 0.183838 0.520752
vt 0.180176 0.515137
vt 0.052002 0.075684
vt 0.055908 0.077393
vt 0.056641 0.081787
vt 0.061035 0.079346
vt 0.064697 0.087158
vt 0.071045 0.093994
vt 0.071777 0.084961
vt 0.063477 0.080322
vt 0.070068 0.078857
vt 0.626953 0.031738
vt 0.631592 0.031494
vt 0.627197 0.035889
vt 0.635010 0.035400
vt 0.629639 0.040039
vt 0.637207 0.039307
vt 0.634277 0.043701
vt 0.083008 0.081543
vt 0.075439 0.084229
vt 0.076416 0.077881
vt 0.075439 0.093018
vt 0.082031 0.091797
vt 0.083496 0.085693
vt 0.091309 0.086914
vt 0.091553 0.081787
vt 0.086914 0.079346
vt 0.636963 0.043945
vt 0.641113 0.046143
vt 0.647217 0.036865
vt 0.651123 0.045410
vt 0.642578 0.050049
vt 0.651367 0.067139
vt 0.098389 0.097412
vt 0.097656 0.086182
vt 0.091309 0.089355
vt 0.095947 0.099365
vt 0.092041 0.097168
vt 0.087646 0.095703
vt 0.077637 0.096924
vt 0.084961 0.103027
vt 0.093018 0.102295
vt 0.091309 0.107178
vt 0.093018 0.112061
vt 0.094482 0.106934
vt 0.100342 0.107910
vt 0.655273 0.054443
vt 0.660156 0.050537
vt 0.662354 0.058594
vt 0.667480 0.049316
vt 0.673340 0.055420
vt 0.663574 0.067383
vt 0.356689 0.064209
vt 0.358398 0.058350
vt 0.379395 0.060059
vt 0.366699 0.055664
vt 0.372070 0.053711
vt 0.376221 0.052246
vt 0.379883 0.047363
vt 0.385498 0.050781
vt 0.385010 0.041992
vt 0.099609 0.115479
vt 0.101807 0.117188
vt 0.093296 0.117804
vt 0.099854 0.117478
vt 0.661424 0.979221
vt 0.659424 0.981689
vt 0.656665 0.977879
vt 0.657227 0.988037
vt 0.655041 0.978019
vt 0.963867 0.973877
vt 0.976318 0.974365
vt 0.976563 0.982910
vt 0.335449 0.028564
vt 0.337891 0.034424
vt 0.330078 0.042725
vt 0.339600 0.042969
vt 0.330811 0.047119
vt 0.958252 0.974365
vt 0.961914 0.969971
vt 0.970703 0.968018
vt 0.962158 0.964600
vt 0.966553 0.962158
vt 0.980469 0.962158
vt 0.100830 0.183594
vt 0.105469 0.177734
vt 0.113281 0.176270
vt 0.112549 0.171143
vt 0.119385 0.169922
vt 0.119216 0.169501
vt 0.116685 0.167382
vt 0.117359 0.162059
vt 0.115111 0.163991
vt 0.111572 0.161133
vt 0.111084 0.155518
vt 0.117570 0.162004
vt 0.115869 0.155805
vt 0.111757 0.148337
vt 0.111186 0.147607
vt 0.104736 0.155518
vt 0.101563 0.158447
vt 0.096436 0.160889
vt 0.098145 0.166504
vt 0.087158 0.170410
vt 0.437988 0.074951
vt 0.446289 0.075928
vt 0.451172 0.081055
vt 0.455322 0.076660
vt 0.463379 0.080566
vt 0.472900 0.078613
vt 0.483643 0.088623
vt 0.492676 0.094482
vt 0.489258 0.089111
vt 0.500000 0.092041
vt 0.288086 0.565674
vt 0.290771 0.569824
vt 0.283691 0.564453
vt 0.499023 0.095947
vt 0.292236 0.577881
vt 0.285156 0.573975
vt 0.486816 0.103516
vt 0.494141 0.099365
vt 0.300537 0.580322
vt 0.283691 0.587158
vt 0.295166 0.575439
vt 0.299316 0.571045
vt 0.309570 0.581543
vt 0.306885 0.585938
vt 0.316162 0.586426
vt 0.322998 0.578369
vt 0.325439 0.589111
vt 0.315186 0.597412
vt 0.334961 0.598633
vt 0.319824 0.603027
vt 0.306152 0.604248
vt 0.318848 0.609375
vt 0.305664 0.611328
vt 0.308594 0.619141
vt 0.317871 0.620361
vt 0.306885 0.629395
vt 0.329834 0.622314
vt 0.338135 0.631348
vt 0.343262 0.626221
vt 0.345703 0.620117
vt 0.353271 0.627441
vt 0.355225 0.623779
vt 0.138225 0.194699
vt 0.139404 0.191162
vt 0.142334 0.193115
vt 0.139551 0.196755
vt 0.130417 0.239723
vt 0.130615 0.246582
vt 0.128228 0.242489
vt 0.125343 0.245501
vt 0.122803 0.250488
vt 0.122554 0.249634
vt 0.894653 0.128814
vt 0.889500 0.128534
vt 0.903809 0.124756
vt 0.897750 0.128391
vt 0.107622 0.695974
vt 0.103467 0.707945
vt 0.101563 0.699463
vt 0.103516 0.687256
vt 0.108066 0.692898
vt 0.349827 0.638169
vt 0.350293 0.641681
vt 0.338379 0.637451
vt 0.350136 0.637665
vt 0.353165 0.633643
vt 0.353464 0.633178
vt 0.354148 0.631650
vt 0.349612 0.645069
vt 0.348493 0.648171
vt 0.346588 0.652620
vt 0.345269 0.655144
vt 0.344238 0.654053
vt 0.344375 0.656473
vt 0.340465 0.660945
vt 0.335497 0.663961
vt 0.332621 0.664938
vt 0.329955 0.666398
vt 0.323486 0.666748
vt 0.109635 0.682186
vt 0.312012 0.669922
vt 0.303223 0.665283
vt 0.885734 0.128464
vt 0.115695 0.253687
vt 0.118170 0.252153
vt 0.117676 0.255859
vt 0.113372 0.256853
vt 0.120361 0.259033
vt 0.113186 0.257676
vt 0.707480 0.921080
vt 0.697998 0.916748
vt 0.707101 0.920389
vt 0.704284 0.912469
vt 0.702881 0.927979
vt 0.693848 0.922852
vt 0.690186 0.920654
vt 0.695801 0.913330
vt 0.681152 0.925781
vt 0.680420 0.923584
vt 0.696555 0.911320
vt 0.703552 0.909227
vt 0.703996 0.909071
vt 0.671387 0.931641
vt 0.358398 0.569336
vt 0.357178 0.562012
vt 0.364990 0.558838
vt 0.664307 0.927002
vt 0.669434 0.921631
vt 0.344971 0.556885
vt 0.355713 0.553467
vt 0.330566 0.563477
vt 0.349365 0.567383
vt 0.341064 0.570068
vt 0.326660 0.571045
vt 0.312256 0.571289
vt 0.313721 0.567383
vt 0.327393 0.560303
vt 0.312256 0.564941
vt 0.301025 0.564453
vt 0.309326 0.557373
vt 0.299316 0.555420
vt 0.293945 0.560791
vt 0.294922 0.567871
vt 0.303711 0.568848
vt 0.303955 0.572754
vt 0.311768 0.577148
vt 0.290039 0.565186
vt 0.286621 0.556641
vt 0.034180 0.456055
vt 0.032227 0.448975
vt 0.040039 0.449707
vt 0.038330 0.462891
vt 0.488525 0.084229
vt 0.500732 0.087646
vt 0.473633 0.074707
vt 0.032715 0.474609
vt 0.031250 0.470947
vt 0.027832 0.464355
vt 0.023193 0.475586
vt 0.021973 0.460938
vt 0.028076 0.458252
vt 0.027344 0.446045
vt 0.288330 0.549316
vt 0.301025 0.548340
vt 0.283691 0.543213
vt 0.306396 0.543213
vt 0.317871 0.550781
vt 0.318848 0.556396
vt 0.333252 0.549805
vt 0.335938 0.556152
vt 0.344238 0.552246
vt 0.340088 0.545166
vt 0.351318 0.547852
vt 0.664795 0.917725
vt 0.669678 0.915283
vt 0.673584 0.916260
vt 0.333984 0.542236
vt 0.630127 0.019043
vt 0.628662 0.025146
vt 0.623535 0.018555
vt 0.058838 0.072754
vt 0.050049 0.070557
vt 0.637695 0.024414
vt 0.636719 0.029785
vt 0.656982 0.031006
vt 0.656982 0.033447
vt 0.667969 0.033203
vt 0.668213 0.036865
vt 0.657471 0.042725
vt 0.675049 0.041992
vt 0.686279 0.035156
vt 0.681885 0.030029
vt 0.691406 0.026855
vt 0.008057 0.473633
vt 0.002197 0.463135
vt 0.010498 0.460938
vt 0.015625 0.468994
vt 0.010986 0.480225
vt 0.002930 0.475342
vt 0.958740 0.963623
vt 0.952637 0.968750
vt 0.333740 0.048096
vt 0.327148 0.053223
vt 0.333252 0.055420
vt 0.328125 0.063721
vt 0.338135 0.061035
vt 0.337402 0.051025
vt 0.342041 0.054932
vt 0.347168 0.058350
vt 0.347900 0.063477
vt 0.687256 0.046631
vt 0.680908 0.052490
vt 0.352783 0.056396
vt 0.355713 0.048340
vt 0.359619 0.044434
vt 0.362793 0.052490
vt 0.365723 0.047607
vt 0.371094 0.040039
vt 0.373047 0.047607
vt 0.375791 0.041226
vt 0.372809 0.039181
vt 0.427792 0.020153
vt 0.426925 0.020636
vt 0.426758 0.020264
vt 0.426248 0.020667
vt 0.428004 0.018893
vt 0.357724 0.031757
vt 0.352295 0.037598
vt 0.355686 0.031215
vt 0.341553 0.039063
vt 0.354896 0.030750
vt 0.351454 0.028749
vt 0.344482 0.024902
vt 0.348649 0.025828
vt 0.662896 0.979454
vt 0.662598 0.979980
vt 0.681240 0.244490
vt 0.681279 0.243739
vt 0.681885 0.244629
vt 0.343232 0.022777
vt 0.337646 0.024414
vt 0.337798 0.023808
vt 0.681977 0.233529
vt 0.684058 0.232944
vt 0.685059 0.235840
vt 0.682246 0.235152
vt 0.346641 0.022322
vt 0.352783 0.041260
vt 0.343750 0.047119
vt 0.346436 0.050781
vt 0.362305 0.038818
vt 0.366852 0.034453
vt 0.369621 0.036156
vt 0.383608 0.041556
vt 0.375000 0.049316
vt 0.017090 0.476563
vt 0.021484 0.479980
vt 0.023682 0.480469
vt 0.018799 0.485107
vt 0.088623 0.192139
vt 0.091064 0.187256
vt 0.095215 0.189941
vt 0.010498 0.488525
vt 0.094238 0.181396
vt 0.084717 0.183350
vt 0.091064 0.175781
vt 0.101074 0.171387
vt 0.116362 0.166734
vt 0.115886 0.166285
vt 0.081299 0.179688
vt 0.081055 0.199707
vt 0.018555 0.461426
vt 0.020752 0.447021
vt 0.010254 0.454346
vt 0.686523 0.022705
vt 0.677490 0.016357
vt 0.677979 0.008057
vt 0.675293 0.011719
vt 0.663574 0.011719
vt 0.666748 0.017334
vt 0.656250 0.017822
vt 0.652832 0.007324
vt 0.643311 0.015625
vt 0.637939 0.007568
vt 0.647461 0.022705
vt 0.663330 0.027588
vt 0.674561 0.023193
vt 0.320801 0.546143
vt 0.333496 0.576660
vt 0.348389 0.576416
vt 0.345703 0.583008
vt 0.352295 0.586670
vt 0.354004 0.581055
vt 0.352783 0.573975
vt 0.364014 0.573975
vt 0.364990 0.572021
vt 0.363281 0.585449
vt 0.373779 0.587402
vt 0.368408 0.591553
vt 0.359375 0.593994
vt 0.350586 0.601074
vt 0.355713 0.601074
vt 0.358643 0.608398
vt 0.352051 0.610352
vt 0.358887 0.617920
vt 0.349121 0.615723
vt 0.344727 0.604736
vt 0.339111 0.614502
vt 0.324463 0.615479
vt 0.331787 0.609863
vt 0.342285 0.602051
vt 0.346191 0.595947
vt 0.345459 0.589600
vt 0.341064 0.591797
vt 0.334961 0.593506
vt 0.329834 0.581055
vt 0.343262 0.586670
vt 0.365723 0.618408
vt 0.369385 0.606689
vt 0.372754 0.611856
vt 0.376164 0.608326
vt 0.138695 0.206364
vt 0.138610 0.205838
vt 0.139160 0.205811
vt 0.138797 0.205308
vt 0.360628 0.622073
vt 0.365304 0.619217
vt 0.135332 0.227563
vt 0.137360 0.223164
vt 0.141602 0.230469
vt 0.134448 0.231936
vt 0.378676 0.592404
vt 0.370605 0.594238
vt 0.378344 0.591740
vt 0.365723 0.597412
vt 0.376244 0.608172
vt 0.358222 0.624529
vt 0.376260 0.607904
vt 0.366454 0.618497
vt 0.126709 0.265381
vt 0.134277 0.261475
vt 0.133545 0.264160
vt 0.122084 0.250150
vt 0.123535 0.266357
vt 0.710057 0.924488
vt 0.119246 0.252180
vt 0.877798 0.127214
vt 0.137451 0.244873
vt 0.133327 0.235312
vt 0.137125 0.190811
vt 0.294434 0.625977
vt 0.292969 0.614990
vt 0.469238 0.135742
vt 0.473389 0.126221
vt 0.475830 0.131836
vt 0.291504 0.606201
vt 0.288574 0.615234
vt 0.470215 0.117676
vt 0.481201 0.123535
vt 0.297852 0.604004
vt 0.284912 0.604248
vt 0.291016 0.596191
vt 0.302246 0.595459
vt 0.489502 0.114014
vt 0.425013 0.020347
vt 0.897217 0.113037
vt 0.046545 0.090360
vt 0.046631 0.082275
vt 0.989014 0.963135
vt 0.163086 0.525391
vt 0.856445 0.102783
vt 0.412109 0.108887
vt 0.844505 0.098911
s 0
usemtl Mat_0.040
f 1971/1978/2473 1917/1978/2473 1918/1978/2473
f 1919/1978/2473 1971/1978/2473 1918/1978/2473
f 1920/1978/2473 1971/1978/2473 1919/1978/2473
f 1969/1978/2473 1920/1978/2473 1976/1978/2473
f 2047/1978/2473 1969/1978/2473 1976/1978/2473
f 1975/1978/2473 2047/1978/2473 1976/1978/2473
f 1973/1978/2473 2047/1978/2473 1975/1978/2473
f 1988/1978/2473 1973/1978/2473 1974/1978/2473
f 1977/1978/2473 1988/1978/2473 1974/1978/2473
f 2063/1978/2473 1956/1978/2473 1978/1978/2473
f 1924/1978/2473 1956/1978/2473 2063/1978/2473
f 1922/1978/2473 1956/1978/2473 1923/1978/2473
f 1956/1978/2473 1922/1978/2473 1957/1978/2473
f 1987/1978/2473 1990/1978/2473 1989/1978/2473
f 1987/1978/2473 1989/1978/2473 1986/1978/2473
f 2006/1978/2473 2042/1978/2473 2044/1978/2473
f 2045/1978/2473 2006/1978/2473 2044/1978/2473
f 2046/1978/2473 2006/1978/2473 2045/1978/2473
f 2042/1978/2473 2004/1978/2473 2005/1978/2473
f 2021/1978/2473 2042/1978/2473 2005/1978/2473
f 2047/1978/2473 2043/1978/2473 2019/1978/2473
f 1993/1978/2473 2017/1978/2473 2015/1978/2473
f 2016/1978/2473 1993/1978/2473 2015/1978/2473
f 1997/1978/2473 2033/1978/2473 2032/1978/2473
f 2031/1978/2473 1997/1978/2473 2032/1978/2473
f 2037/1978/2473 1998/1978/2473 2028/1978/2473
f 1998/1978/2473 2037/1978/2473 1999/1978/2473
f 2049/1978/2473 1963/1978/2473 1993/1978/2473
f 1963/1978/2473 1959/1978/2473 1993/1978/2473
f 1959/1978/2473 1969/1978/2473 1993/1978/2473
f 1920/1978/2473 1967/1978/2473 1968/1978/2473
f 1920/1978/2473 1968/1978/2473 1970/1978/2473
f 1916/1978/2473 1915/1978/2473 1914/1978/2473
f 1915/1978/2473 1916/1978/2473 1917/1978/2473
f 1915/1978/2473 1917/1978/2473 1972/1978/2473
f 1931/1978/2473 1929/1978/2473 1930/1978/2473
f 1930/1978/2473 1955/1978/2473 1931/1978/2473
f 1931/1978/2473 1955/1978/2473 1921/1978/2473
f 1955/1978/2473 1922/1978/2473 1921/1978/2473
f 1922/1978/2473 1955/1978/2473 1954/1978/2473
f 1922/1978/2473 1954/1978/2473 1985/1978/2473
f 1985/1978/2473 1954/1978/2473 1952/1978/2473
f 1986/1978/2473 1957/1978/2473 1985/1978/2473
f 2026/1978/2473 2000/1978/2473 2025/1978/2473
f 2000/1978/2473 2037/1978/2473 2025/1978/2473
f 2000/1978/2473 2026/1978/2473 2013/1978/2473
f 2013/1978/2473 2048/1978/2473 2000/1978/2473
f 2002/1978/2473 1965/1978/2473 2001/1978/2473
f 1965/1978/2473 2049/1978/2473 2001/1978/2473
f 2049/1978/2473 1965/1978/2473 1964/1978/2473
f 1961/1978/2473 1960/1978/2473 1962/1978/2473
f 1960/1978/2473 1963/1978/2473 1962/1978/2473
f 1911/1978/2473 1940/1978/2473 1942/1978/2473
f 1911/1978/2473 1942/1978/2473 1983/1978/2473
f 1911/1978/2473 1983/1978/2473 1950/1978/2473
f 1949/1978/2473 1911/1978/2473 1950/1978/2473
f 2058/1978/2473 1934/1978/2473 1948/1978/2473
f 1948/1978/2473 1934/1978/2473 2064/1978/2473
f 1925/1978/2473 1910/1978/2473 1912/1978/2473
f 1925/1978/2473 1912/1978/2473 1927/1978/2473
f 2062/1978/2473 1925/1978/2473 1926/1978/2473
f 1911/1978/2473 2062/1978/2473 2059/1978/2473
f 1911/1978/2473 2059/1978/2473 1941/1978/2473
f 1912/1978/2473 1928/1978/2473 1927/1978/2473
f 1928/1978/2473 1912/1978/2473 1913/1978/2473
f 1928/1978/2473 1913/1978/2473 2061/1978/2473
f 2061/1978/2473 1935/1978/2473 2060/1978/2473
f 1935/1978/2473 1939/1978/2473 2060/1978/2473
f 1938/1978/2473 1935/1978/2473 1936/1978/2473
f 1935/1978/2473 1938/1978/2473 1939/1978/2473
f 1935/1978/2473 2061/1978/2473 1937/1978/2473
f 2061/1978/2473 1913/1978/2473 1937/1978/2473
f 1925/1978/2473 2062/1978/2473 1910/1978/2473
f 2062/1978/2473 1911/1978/2473 1910/1978/2473
f 2058/1978/2473 1933/1978/2473 1934/1978/2473
f 1933/1978/2473 2058/1978/2473 2056/1978/2473
f 1933/1978/2473 2056/1978/2473 2054/1978/2473
f 1933/1978/2474 2054/1978/2474 2055/1978/2474
f 2057/1978/2473 1933/1978/2473 2055/1978/2473
f 1932/1978/2473 2053/1978/2473 2052/1978/2473
f 1932/1978/2473 2052/1978/2473 2051/1978/2473
f 2050/1978/2473 1932/1978/2473 2051/1978/2473
f 1952/1978/2473 1953/1978/2473 1951/1978/2473
f 2023/1978/2473 2038/1978/2473 2024/1978/2473
f 2038/1978/2473 2036/1978/2473 2024/1978/2473
f 2038/1978/2475 2035/1978/2475 2036/1978/2475
f 2034/1978/2473 2036/1978/2473 2035/1978/2473
f 2038/1978/2473 2027/1978/2473 2035/1978/2473
f 2038/1978/2473 2026/1978/2473 2027/1978/2473
f 2026/1978/2473 2038/1978/2473 2039/1978/2473
f 2014/1978/2473 2026/1978/2473 2039/1978/2473
f 2012/1978/2473 2048/1978/2473 2011/1978/2473
f 2048/1978/2473 2012/1978/2473 2008/1978/2473
f 2041/1978/2473 2010/1978/2473 2009/1978/2473
f 2041/1978/2473 2009/1978/2473 2012/1978/2473
f 2040/1978/2473 2010/1978/2473 2041/1978/2473
f 2012/1978/2473 2009/1978/2473 2008/1978/2473
f 2038/1978/2473 2023/1978/2473 2022/1978/2473
f 1966/1978/2473 2002/1978/2473 2003/1978/2473
f 1979/1978/2473 1944/1978/2473 1947/1978/2473
f 1947/1978/2473 1944/1978/2473 1945/1978/2473
f 1947/1978/2473 1945/1978/2473 1946/1978/2473
f 1979/1978/2473 1943/1978/2473 1944/1978/2473
f 1943/1978/2473 1979/1978/2473 1980/1978/2473
f 1943/1978/2473 1980/1978/2473 1981/1978/2473
f 1984/1978/2473 1943/1978/2473 1981/1978/2473
f 1942/1978/2473 1984/1978/2473 1982/1978/2473
f 1984/1978/2473 1942/1978/2473 1943/1978/2473
f 2050/1978/2473 1930/1978/2473 1932/1978/2473
f 1932/1978/2473 2057/1978/2473 2053/1978/2473
f 2057/1978/2473 1932/1978/2473 1933/1978/2473
f 1948/1978/2473 2064/1978/2473 1949/1978/2473
f 1949/1978/2473 2064/1978/2473 1911/1978/2473
f 1983/1978/2473 1942/1978/2473 1982/1978/2473
f 1911/1978/2473 1941/1978/2473 1940/1978/2473
f 2002/1978/2473 1966/1978/2473 1965/1978/2473
f 2048/1978/2473 2013/1978/2473 2011/1978/2473
f 2013/1978/2473 2026/1978/2473 2014/1978/2473
f 1952/1978/2473 1954/1978/2473 1953/1978/2473
f 1955/1978/2473 1930/1978/2473 2050/1978/2473
f 1963/1978/2473 1960/1978/2473 1959/1978/2473
f 1963/1978/2473 2049/1978/2473 1964/1978/2473
f 1994/1978/2473 2033/1978/2473 1995/1978/2473
f 1995/1978/2473 2033/1978/2473 1996/1978/2473
f 2037/1978/2473 2000/1978/2473 1999/1978/2473
f 1998/1978/2473 2029/1978/2473 2028/1978/2473
f 1998/1978/2473 2030/1978/2473 2029/1978/2473
f 1998/1978/2473 2031/1978/2473 2030/1978/2473
f 2031/1978/2473 1998/1978/2473 1997/1978/2473
f 2033/1978/2473 1997/1978/2473 1996/1978/2473
f 2033/1978/2473 1994/1978/2473 2016/1978/2473
f 2016/1978/2473 1994/1978/2473 1993/1978/2473
f 1969/1978/2473 2017/1978/2473 1993/1978/2473
f 1969/1978/2473 2018/1978/2473 2017/1978/2473
f 2043/1978/2473 2020/1978/2473 2019/1978/2473
f 2043/1978/2473 2021/1978/2473 2020/1978/2473
f 2006/1978/2473 2046/1978/2473 2007/1978/2473
f 2042/1978/2473 2006/1978/2473 2004/1978/2473
f 2021/1978/2473 2043/1978/2473 2042/1978/2473
f 1973/1978/2473 1992/1978/2473 2043/1978/2473
f 1973/1978/2473 1991/1978/2473 1992/1978/2473
f 1986/1978/2473 1989/1978/2473 1957/1978/2473
f 1988/1978/2473 1990/1978/2473 1987/1978/2473
f 1977/1978/2473 1958/1978/2473 1990/1978/2473
f 1977/1978/2474 1956/1978/2474 1958/1978/2474
f 1922/1978/2473 1985/1978/2473 1957/1978/2473
f 1923/1978/2473 1956/1978/2473 1924/1978/2473
f 1956/1978/2473 1977/1978/2473 1978/1978/2473
f 1990/1978/2473 1988/1978/2473 1977/1978/2473
f 1973/1978/2473 1988/1978/2473 1991/1978/2473
f 2043/1978/2473 2047/1978/2473 1973/1978/2473
f 1969/1978/2473 2047/1978/2473 2018/1978/2473
f 1920/1978/2473 1969/1978/2473 1967/1978/2473
f 1971/1978/2473 1920/1978/2473 1970/1978/2473
f 1917/1978/2473 1971/1978/2473 1972/1978/2473
f 1577/1979/2476 1578/1980/2476 1581/1981/2476
f 1577/1979/2477 1581/1981/2477 1585/1982/2477
f 1577/1979/2478 1585/1982/2478 1562/1983/2478
f 1917/1984/2479 1577/1979/2479 1562/1983/2479
f 1917/1984/2480 1562/1983/2480 1918/1985/2480
f 1920/1986/2481 1919/1987/2481 1562/1988/2481
f 1920/1986/2482 1562/1988/2482 1563/1989/2482
f 1920/1986/2483 1563/1989/2483 1976/1990/2483
f 1973/1991/2484 1975/1992/2484 1563/1989/2484
f 1973/1991/2485 1563/1989/2485 1565/1993/2485
f 1973/1991/2485 1565/1993/2485 1974/1994/2485
f 1974/1994/2486 1566/1995/2486 1977/1996/2486
f 1978/1997/2487 1977/1996/2487 1566/1995/2487
f 1978/1998/2488 1566/1999/2488 1636/2000/2488
f 1978/1998/2489 1636/2000/2489 2063/2001/2489
f 2063/2001/2490 1576/2002/2490 1924/2003/2490
f 1924/2004/2491 1576/2005/2491 1575/2006/2491
f 1924/2004/2492 1575/2006/2492 1923/2007/2492
f 1923/2007/2493 1575/2006/2493 1572/2008/2493
f 1923/2007/2494 1572/2008/2494 1922/2009/2494
f 1956/2010/2495 1957/2011/2495 1774/2012/2495
f 1958/2013/2496 1956/2010/2496 1774/2012/2496
f 1990/2014/2497 1958/2013/2497 1774/2012/2497
f 1989/2015/2498 1990/2014/2498 1774/2012/2498
f 1986/2016/2499 1772/2017/2499 1987/2018/2499
f 1988/2019/2500 1987/2018/2500 1772/2017/2500
f 1988/2019/2501 1772/2017/2501 1773/2020/2501
f 1988/2019/2501 1773/2020/2501 1991/2021/2501
f 1992/2022/2502 1991/2023/2502 1773/2024/2502
f 2043/2025/2503 1992/2022/2503 1773/2024/2503
f 2042/2026/2504 2043/2025/2504 1773/2024/2504
f 2042/2026/2505 1773/2024/2505 1770/2027/2505
f 2042/2026/2505 1770/2027/2505 2044/2028/2505
f 2045/2029/2506 1906/2030/2506 2046/2031/2506
f 2007/2032/2507 2046/2031/2507 1906/2030/2507
f 2006/2033/2508 2007/2032/2508 1906/2030/2508
f 2006/2033/2509 1906/2030/2509 1902/2034/2509
f 2006/2033/2510 1902/2034/2510 2004/2035/2510
f 2004/2036/2511 1902/2037/2511 1905/2038/2511
f 2004/2036/2512 1905/2038/2512 2005/2039/2512
f 2021/2040/2513 2005/2039/2513 1905/2038/2513
f 2020/2041/2514 2021/2040/2514 1905/2038/2514
f 2019/2042/2515 2020/2041/2515 1905/2038/2515
f 2019/2042/2516 1905/2038/2516 1904/2043/2516
f 2019/2042/2516 1904/2043/2516 2047/2044/2516
f 2047/2044/2517 1904/2043/2517 1898/2045/2517
f 2047/2044/2517 1898/2045/2517 2018/2046/2517
f 2017/2047/2518 2018/2046/2518 1898/2045/2518
f 2017/2047/2519 1898/2045/2519 1903/2048/2519
f 2017/2047/2519 1903/2048/2519 2015/2049/2519
f 2015/2049/2520 1888/2050/2520 2016/2051/2520
f 2033/2052/2521 2016/2051/2521 1888/2050/2521
f 2033/2052/2522 1888/2050/2522 1880/2053/2522
f 2033/2052/2522 1880/2053/2522 2032/2054/2522
f 2032/2054/2523 1875/2055/2523 2031/2056/2523
f 2030/2057/2524 2031/2056/2524 1875/2055/2524
f 2029/2058/2525 2030/2057/2525 1875/2055/2525
f 2028/2059/2526 2029/2058/2526 1875/2055/2526
f 2028/2059/2527 1875/2055/2527 1672/2060/2527
f 2028/2059/2527 1672/2060/2527 2037/2061/2527
f 1999/2062/2528 1658/2063/2528 1998/2064/2528
f 1997/2065/2529 1998/2066/2529 1658/2067/2529
f 1997/2068/2530 1658/2069/2530 1715/2070/2530
f 1997/2068/2530 1715/2070/2530 1996/2071/2530
f 1995/2072/2531 1996/2071/2531 1715/2070/2531
f 1994/2073/2532 1995/2072/2532 1715/2070/2532
f 1993/2074/2533 1994/2073/2533 1715/2070/2533
f 1993/2074/2534 1715/2070/2534 1649/2075/2534
f 1993/2074/2534 1649/2075/2534 2049/2076/2534
f 1969/2077/2535 1959/2078/2535 1654/2079/2535
f 1967/2080/2536 1969/2077/2536 1654/2079/2536
f 1967/2080/2537 1654/2079/2537 1655/2081/2537
f 1967/2080/2537 1655/2081/2537 1968/2082/2537
f 1968/2082/2538 1579/2083/2538 1970/2084/2538
f 1971/2085/2539 1970/2084/2539 1579/2083/2539
f 1971/2086/2540 1579/2087/2540 1578/1980/2540
f 1971/2086/2541 1578/1980/2541 1972/2088/2541
f 1915/2089/2542 1972/2088/2542 1578/1980/2542
f 1914/2090/2543 1915/2089/2543 1578/1980/2543
f 1914/2090/2544 1577/1979/2544 1916/2091/2544
f 1578/1980/2545 1579/2087/2545 1580/2092/2545
f 1580/2092/2546 1579/2087/2546 1582/2093/2546
f 1580/2092/2547 1582/2093/2547 1581/1981/2547
f 1581/1981/2548 1582/2093/2548 1588/2094/2548
f 1589/2095/2549 1581/1981/2549 1588/2094/2549
f 1601/2096/2550 1589/2095/2550 1588/2094/2550
f 1601/2096/2551 1588/2094/2551 1603/2097/2551
f 1606/2098/2552 1601/2096/2552 1603/2097/2552
f 1606/2098/2553 1603/2097/2553 1609/2099/2553
f 1610/2100/2554 1606/2098/2554 1609/2099/2554
f 1609/2099/2555 1614/2101/2555 1610/2100/2555
f 1614/2101/2556 1621/2102/2556 1610/2100/2556
f 1610/2100/2557 1621/2102/2557 1611/2103/2557
f 1611/2103/2558 1607/2104/2558 1610/2100/2558
f 1602/2105/2559 1607/2104/2559 1611/2103/2559
f 1611/2103/2560 1625/2106/2560 1602/2105/2560
f 1602/2105/2561 1625/2106/2561 1627/2107/2561
f 1602/2105/2562 1627/2107/2562 1599/2108/2562
f 1599/2108/2563 1596/2109/2563 1602/2105/2563
f 1596/2109/2564 1605/2110/2564 1602/2105/2564
f 1596/2109/2565 1604/2111/2565 1605/2110/2565
f 1605/2110/2566 1604/2111/2566 1607/2104/2566
f 1607/2104/2567 1604/2111/2567 1606/2098/2567
f 1596/2109/2568 1601/2096/2568 1604/2111/2568
f 1599/2108/2569 1595/2112/2569 1596/2109/2569
f 1595/2112/2570 1589/2095/2570 1596/2109/2570
f 1593/2113/2571 1589/2095/2571 1595/2112/2571
f 1593/2113/2572 1595/2112/2572 1594/2114/2572
f 1594/2114/2573 1592/2115/2573 1593/2113/2573
f 1591/2116/2574 1593/2113/2574 1592/2115/2574
f 1564/2117/2575 1591/2116/2575 1592/2115/2575
f 1564/2117/2576 1592/2115/2576 1565/2118/2576
f 1564/2117/2577 1590/2119/2577 1591/2116/2577
f 1564/2117/2578 1585/1982/2578 1590/2119/2578
f 1590/2119/2579 1585/1982/2579 1589/2095/2579
f 1591/2116/2580 1590/2119/2580 1593/2113/2580
f 1565/2118/2581 1592/2115/2581 1594/2114/2581
f 1565/2118/2582 1594/2114/2582 1566/1999/2582
f 1566/1999/2583 1594/2114/2583 1597/2120/2583
f 1594/2114/2584 1598/2121/2584 1597/2120/2584
f 1598/2121/2585 1630/2122/2585 1597/2120/2585
f 1630/2122/2586 1631/2123/2586 1597/2120/2586
f 1631/2123/2587 1634/2124/2587 1597/2120/2587
f 1634/2124/2588 1635/2125/2588 1597/2120/2588
f 1597/2120/2589 1635/2125/2589 1636/2000/2589
f 1636/2000/2590 1635/2125/2590 1576/2002/2590
f 1634/2124/2591 1575/2126/2591 1635/2125/2591
f 1634/2124/2592 1573/2127/2592 1575/2126/2592
f 1574/2128/2593 1573/2127/2593 1634/2124/2593
f 1634/2129/2594 1776/2130/2594 1574/2131/2594
f 1776/2130/2595 1778/2132/2595 1574/2131/2595
f 1858/2133/2596 1574/2131/2596 1778/2132/2596
f 1858/2133/2597 1778/2132/2597 1859/2134/2597
f 1858/2133/2598 1859/2134/2598 1860/2135/2598
f 1858/2133/2599 1860/2135/2599 1857/2136/2599
f 1857/2136/2600 1860/2135/2600 1862/2137/2600
f 1864/2138/2601 1857/2136/2601 1862/2137/2601
f 1864/2138/2602 1862/2137/2602 1863/2139/2602
f 1863/2139/2603 1867/2140/2603 1864/2138/2603
f 1868/2141/2604 1864/2138/2604 1867/2140/2604
f 1867/2140/2605 1869/2142/2605 1868/2141/2605
f 1869/2142/2606 1871/2143/2606 1868/2141/2606
f 1872/2144/2607 1868/2141/2607 1871/2143/2607
f 1871/2143/2608 1873/2145/2608 1872/2144/2608
f 1872/2144/2609 1873/2145/2609 1571/2146/2609
f 1865/2147/2610 1872/2144/2610 1571/2146/2610
f 1857/2136/2611 1865/2147/2611 1571/2146/2611
f 1571/2146/2612 1574/2131/2612 1857/2136/2612
f 1571/2146/2613 1570/2148/2613 1574/2131/2613
f 1568/2149/2614 1570/2150/2614 1571/2151/2614
f 1568/2149/2615 1567/2152/2615 1570/2150/2615
f 1929/2153/2616 1570/2150/2616 1567/2152/2616
f 1929/2153/2616 1567/2152/2616 1930/2154/2616
f 1921/2155/2617 1570/2150/2617 1931/2156/2617
f 1921/2155/2618 1572/2008/2618 1570/2150/2618
f 1570/2150/2619 1572/2008/2619 1573/2157/2619
f 1952/2158/2620 1763/2159/2620 1985/2160/2620
f 1985/2160/2621 1763/2159/2621 1771/2161/2621
f 1985/2160/2621 1771/2161/2621 1986/2016/2621
f 1763/2159/2622 1766/2162/2622 1771/2161/2622
f 1766/2162/2623 1772/2017/2623 1771/2161/2623
f 1766/2162/2624 1770/2163/2624 1772/2017/2624
f 1766/2162/2625 1769/2164/2625 1770/2163/2625
f 1907/2165/2626 1770/2027/2626 1769/2166/2626
f 1900/2167/2627 1907/2165/2627 1769/2166/2627
f 1900/2167/2628 1769/2166/2628 1768/2168/2628
f 1768/2169/2629 1901/2170/2629 1900/2171/2629
f 1901/2170/2630 1899/2172/2630 1900/2171/2630
f 1899/2172/2631 1897/2173/2631 1900/2171/2631
f 1900/2171/2632 1897/2173/2632 1902/2037/2632
f 1902/2037/2633 1897/2173/2633 1898/2045/2633
f 1897/2173/2634 1891/2174/2634 1898/2045/2634
f 1896/2175/2635 1891/2174/2635 1897/2173/2635
f 1896/2175/2636 1897/2173/2636 1737/2176/2636
f 1738/2177/2637 1896/2175/2637 1737/2176/2637
f 1737/2178/2638 1736/2179/2638 1738/2180/2638
f 1738/2180/2639 1736/2179/2639 1740/2181/2639
f 1738/2180/2640 1740/2181/2640 1741/2182/2640
f 1741/2182/2641 1740/2181/2641 1742/2183/2641
f 1741/2182/2642 1742/2183/2642 1743/2184/2642
f 1743/2185/2643 1894/2186/2643 1741/2187/2643
f 1741/2187/2644 1894/2186/2644 1896/2175/2644
f 1896/2175/2645 1894/2186/2645 1895/2188/2645
f 1890/2189/2646 1895/2188/2646 1894/2186/2646
f 1894/2186/2647 1893/2190/2647 1890/2189/2647
f 1892/2191/2648 1890/2189/2648 1893/2190/2648
f 1743/2185/2649 1892/2191/2649 1893/2190/2649
f 1745/2192/2650 1892/2191/2650 1743/2185/2650
f 1745/2192/2651 1743/2185/2651 1744/2193/2651
f 1744/2194/2652 1742/2183/2652 1745/2195/2652
f 1742/2183/2653 1746/2196/2653 1745/2195/2653
f 1745/2195/2654 1746/2196/2654 1747/2197/2654
f 1745/2195/2655 1747/2197/2655 1748/2198/2655
f 1748/2198/2656 1747/2197/2656 1672/2199/2656
f 1672/2060/2657 1877/2200/2657 1748/2201/2657
f 1748/2201/2658 1877/2200/2658 1879/2202/2658
f 1879/2202/2659 1892/2191/2659 1748/2201/2659
f 1877/2200/2660 1881/2203/2660 1879/2202/2660
f 1881/2203/2661 1885/2204/2661 1879/2202/2661
f 1879/2202/2662 1885/2204/2662 1887/2205/2662
f 1879/2202/2663 1887/2205/2663 1890/2189/2663
f 1890/2189/2664 1887/2205/2664 1889/2206/2664
f 1887/2205/2665 1886/2207/2665 1889/2206/2665
f 1889/2206/2666 1886/2207/2666 1888/2050/2666
f 1889/2206/2667 1888/2050/2667 1891/2174/2667
f 1895/2188/2668 1889/2206/2668 1891/2174/2668
f 1903/2048/2669 1891/2174/2669 1888/2050/2669
f 1887/2205/2670 1885/2204/2670 1886/2207/2670
f 1884/2208/2671 1886/2207/2671 1885/2204/2671
f 1884/2208/2672 1883/2209/2672 1886/2207/2672
f 1886/2207/2673 1883/2209/2673 1880/2053/2673
f 1878/2210/2674 1880/2053/2674 1883/2209/2674
f 1878/2210/2675 1883/2209/2675 1882/2211/2675
f 1876/2212/2676 1878/2210/2676 1882/2211/2676
f 1876/2212/2677 1882/2211/2677 1881/2203/2677
f 1881/2203/2678 1882/2211/2678 1884/2208/2678
f 1876/2212/2679 1875/2055/2679 1878/2210/2679
f 1878/2210/2680 1875/2055/2680 1880/2053/2680
f 1884/2208/2681 1882/2211/2681 1883/2209/2681
f 1881/2203/2682 1884/2208/2682 1885/2204/2682
f 1877/2200/2683 1876/2212/2683 1881/2203/2683
f 1672/2060/2684 1876/2212/2684 1877/2200/2684
f 1752/2213/2685 1672/2199/2685 1747/2197/2685
f 1747/2197/2686 1753/2214/2686 1752/2213/2686
f 1753/2214/2687 1754/2215/2687 1752/2213/2687
f 1753/2214/2688 1718/2216/2688 1754/2215/2688
f 1754/2215/2689 1718/2216/2689 1687/2217/2689
f 1675/2218/2690 1754/2215/2690 1687/2217/2690
f 1687/2219/2691 1686/2220/2691 1675/2221/2691
f 1675/2221/2692 1686/2220/2692 1689/2222/2692
f 1675/2221/2693 1689/2222/2693 1691/2223/2693
f 1675/2221/2694 1691/2223/2694 1692/2224/2694
f 1675/2221/2695 1692/2224/2695 1670/2225/2695
f 1670/2225/2696 1672/2226/2696 1675/2221/2696
f 1670/2225/2697 1671/2227/2697 1672/2226/2697
f 1874/2228/2698 1672/2060/2698 1671/2229/2698
f 2025/2230/2699 1874/2228/2699 1671/2229/2699
f 2025/2230/2700 1671/2229/2700 2026/2231/2700
f 2048/2232/2701 1656/2233/2701 2000/2234/2701
f 2000/2234/2702 1656/2233/2702 1657/2235/2702
f 2000/2234/2702 1657/2235/2702 1999/2236/2702
f 1660/2237/2703 1657/2238/2703 1656/2239/2703
f 1656/2240/2704 1659/2241/2704 1660/2242/2704
f 1660/2242/2705 1659/2241/2705 1662/2243/2705
f 1660/2242/2706 1662/2243/2706 1663/2244/2706
f 1663/2245/2707 1712/2246/2707 1660/2237/2707
f 1712/2246/2708 1714/2247/2708 1660/2237/2708
f 1712/2246/2709 1713/2248/2709 1714/2247/2709
f 1714/2247/2710 1713/2248/2710 1643/2249/2710
f 1714/2247/2711 1643/2249/2711 1646/2250/2711
f 1714/2247/2712 1646/2250/2712 1658/2063/2712
f 1714/2247/2713 1658/2063/2713 1657/2238/2713
f 1643/2251/2714 1645/2252/2714 1646/2253/2714
f 1646/2253/2715 1645/2252/2715 1648/2254/2715
f 1646/2253/2716 1648/2254/2716 1649/2255/2716
f 2001/2256/2717 1649/2255/2717 1648/2254/2717
f 2001/2256/2717 1648/2254/2717 2002/2257/2717
f 1964/2258/2718 1965/2259/2718 1650/2260/2718
f 1964/2258/2719 1650/2260/2719 1651/2261/2719
f 1964/2258/2720 1651/2261/2720 1963/2262/2720
f 1962/2263/2721 1963/2262/2721 1651/2261/2721
f 1961/2264/2722 1962/2263/2722 1651/2261/2722
f 1961/2264/2723 1651/2261/2723 1654/2079/2723
f 1961/2264/2723 1654/2079/2723 1960/2265/2723
f 1651/2261/2724 1653/2266/2724 1654/2079/2724
f 1651/2261/2725 1650/2260/2725 1653/2266/2725
f 1653/2266/2726 1650/2260/2726 1652/2267/2726
f 1653/2266/2727 1652/2267/2727 1655/2081/2727
f 1655/2081/2728 1652/2267/2728 1583/2268/2728
f 1655/2081/2729 1583/2268/2729 1579/2083/2729
f 1650/2260/2730 1583/2268/2730 1652/2267/2730
f 1650/2260/2731 1638/2269/2731 1583/2268/2731
f 1638/2269/2732 1584/2270/2732 1583/2268/2732
f 1582/2093/2733 1583/2271/2733 1584/2272/2733
f 1582/2093/2734 1584/2272/2734 1586/2273/2734
f 1586/2273/2735 1584/2272/2735 1587/2274/2735
f 1608/2275/2736 1586/2273/2736 1587/2274/2736
f 1608/2275/2737 1587/2274/2737 1612/2276/2737
f 1608/2275/2738 1612/2276/2738 1615/2277/2738
f 1608/2275/2739 1615/2277/2739 1614/2101/2739
f 1615/2277/2740 1620/2278/2740 1614/2101/2740
f 1616/2279/2741 1620/2278/2741 1615/2277/2741
f 1616/2279/2742 1619/2280/2742 1620/2278/2742
f 1619/2281/2743 1622/2282/2743 1620/2283/2743
f 1621/2102/2744 1620/2278/2744 1622/2284/2744
f 1622/2282/2745 1624/2285/2745 1621/2286/2745
f 1623/2287/2746 1621/2102/2746 1624/2288/2746
f 1789/2289/2747 1623/2290/2747 1624/2285/2747
f 1789/2289/2748 1624/2285/2748 1792/2291/2748
f 1789/2289/2749 1792/2291/2749 1793/2292/2749
f 1789/2289/2750 1793/2292/2750 1790/2293/2750
f 1790/2293/2751 1785/2294/2751 1789/2289/2751
f 1788/2295/2752 1785/2294/2752 1790/2293/2752
f 1790/2293/2753 1816/2296/2753 1788/2295/2753
f 1788/2295/2754 1816/2296/2754 1819/2297/2754
f 1788/2295/2755 1819/2297/2755 1786/2298/2755
f 1819/2297/2756 1830/2299/2756 1786/2298/2756
f 1786/2298/2757 1830/2299/2757 1787/2300/2757
f 1783/2301/2758 1786/2298/2758 1787/2300/2758
f 1783/2301/2759 1787/2300/2759 1782/2302/2759
f 1781/2303/2760 1783/2301/2760 1782/2302/2760
f 1777/2304/2761 1781/2303/2761 1782/2302/2761
f 1777/2304/2762 1782/2302/2762 1779/2305/2762
f 1775/2306/2763 1777/2304/2763 1779/2305/2763
f 1779/2305/2764 1796/2307/2764 1775/2306/2764
f 1859/2134/2765 1775/2306/2765 1796/2307/2765
f 1859/2134/2766 1796/2307/2766 1850/2308/2766
f 1847/2309/2767 1850/2308/2767 1796/2307/2767
f 1796/2307/2768 1845/2310/2768 1847/2309/2768
f 1847/2309/2769 1845/2310/2769 1846/2311/2769
f 1845/2310/2770 1842/2312/2770 1846/2311/2770
f 1940/2313/2771 1846/2314/2771 1842/2315/2771
f 1940/2313/2771 1842/2315/2771 1942/2316/2771
f 1950/2317/2772 1852/2318/2772 1949/2319/2772
f 1948/2320/2773 1949/2319/2773 1852/2318/2773
f 1948/2320/2774 1852/2318/2774 1909/2321/2774
f 1948/2320/2774 1909/2321/2774 2058/2322/2774
f 2064/2323/2775 1934/2324/2775 1568/2149/2775
f 2064/2323/2776 1568/2149/2776 1569/2325/2776
f 2064/2323/2776 1569/2325/2776 1911/2326/2776
f 1910/2327/2777 1911/2328/2777 1569/2329/2777
f 1910/2327/2778 1569/2329/2778 1870/2330/2778
f 1910/2327/2778 1870/2330/2778 1912/2331/2778
f 1925/2332/2779 1927/2333/2779 1862/2137/2779
f 1925/2332/2780 1862/2137/2780 1861/2334/2780
f 1925/2332/2780 1861/2334/2780 1926/2335/2780
f 2062/2336/2781 1926/2335/2781 1861/2334/2781
f 2062/2336/2782 1861/2334/2782 1850/2308/2782
f 2062/2336/2783 1850/2308/2783 2059/2337/2783
f 2059/2337/2784 1846/2311/2784 1941/2338/2784
f 2059/2337/2784 1850/2308/2784 1846/2311/2784
f 1860/2135/2785 1850/2308/2785 1861/2334/2785
f 1928/2339/2786 1862/2137/2786 1927/2333/2786
f 1928/2339/2787 2061/2340/2787 1863/2139/2787
f 2060/2341/2788 1863/2139/2788 2061/2340/2788
f 2060/2341/2789 1939/2342/2789 1866/2343/2789
f 1939/2342/2790 1938/2344/2790 1866/2343/2790
f 1936/2345/2791 1866/2343/2791 1938/2344/2791
f 1935/2346/2792 1867/2140/2792 1936/2345/2792
f 1936/2345/2791 1867/2140/2791 1866/2343/2791
f 1935/2346/2793 1937/2347/2793 1869/2142/2793
f 1913/2348/2794 1869/2142/2794 1937/2347/2794
f 1913/2348/2794 1870/2349/2794 1869/2142/2794
f 2060/2341/2788 1866/2343/2788 1863/2139/2788
f 1913/2350/2795 1912/2331/2795 1870/2330/2795
f 1871/2143/2796 1870/2349/2796 1569/2351/2796
f 1873/2145/2797 1569/2351/2797 1568/2352/2797
f 1933/2353/2798 1568/2149/2798 1934/2324/2798
f 2057/2354/2799 2055/2355/2799 1908/2356/2799
f 2053/2357/2800 2057/2354/2800 1908/2356/2800
f 2053/2357/2801 1908/2356/2801 1755/2358/2801
f 2053/2357/2801 1755/2358/2801 2052/2359/2801
f 2051/2360/2802 1756/2361/2802 2050/2362/2802
f 1955/2363/2803 2050/2362/2803 1756/2361/2803
f 2051/2360/2802 1755/2364/2802 1756/2361/2802
f 1756/2361/2804 1755/2364/2804 1757/2365/2804
f 1756/2361/2805 1757/2365/2805 1758/2366/2805
f 1759/2367/2806 1756/2361/2806 1758/2366/2806
f 1759/2367/2807 1758/2366/2807 1760/2368/2807
f 1759/2367/2808 1760/2368/2808 1761/2369/2808
f 1951/2370/2809 1759/2367/2809 1761/2369/2809
f 1951/2370/2809 1761/2369/2809 1952/2158/2809
f 1951/2370/2810 1953/2371/2810 1759/2367/2810
f 1954/2372/2811 1759/2367/2811 1953/2371/2811
f 1761/2369/2812 1760/2368/2812 1762/2373/2812
f 1761/2369/2813 1762/2373/2813 1763/2159/2813
f 1762/2374/2814 1764/2375/2814 1763/2376/2814
f 1764/2377/2815 1765/2378/2815 1763/2159/2815
f 1807/2379/2816 1765/2380/2816 1764/2375/2816
f 1811/2381/2817 1807/2379/2817 1764/2375/2817
f 1856/2382/2818 1811/2381/2818 1764/2375/2818
f 1856/2382/2819 1827/2383/2819 1811/2381/2819
f 1827/2383/2820 1817/2384/2820 1811/2381/2820
f 1817/2384/2821 1812/2385/2821 1811/2381/2821
f 1812/2385/2822 1810/2386/2822 1811/2381/2822
f 1808/2387/2823 1811/2381/2823 1810/2386/2823
f 1809/2388/2824 1808/2387/2824 1810/2386/2824
f 1809/2388/2825 1810/2386/2825 1798/2389/2825
f 1801/2390/2826 1809/2388/2826 1798/2389/2826
f 1799/2391/2827 1801/2390/2827 1798/2389/2827
f 1797/2392/2828 1799/2391/2828 1798/2389/2828
f 1795/2393/2829 1797/2392/2829 1798/2389/2829
f 1795/2393/2830 1798/2389/2830 1793/2292/2830
f 1798/2389/2831 1813/2394/2831 1793/2292/2831
f 1793/2292/2832 1813/2394/2832 1814/2395/2832
f 1814/2395/2833 1813/2394/2833 1815/2396/2833
f 1814/2395/2834 1815/2396/2834 1790/2293/2834
f 1815/2396/2835 1813/2394/2835 1812/2385/2835
f 1798/2389/2836 1812/2385/2836 1813/2394/2836
f 1795/2393/2837 1618/2397/2837 1797/2392/2837
f 1797/2392/2838 1618/2397/2838 1709/2398/2838
f 1711/2399/2839 1709/2400/2839 1618/2401/2839
f 1617/2402/2840 1711/2399/2840 1618/2401/2840
f 1616/2279/2841 1617/2403/2841 1618/2404/2841
f 1616/2279/2842 1613/2405/2842 1617/2403/2842
f 1613/2406/2843 1699/2407/2843 1617/2402/2843
f 1699/2407/2844 1700/2408/2844 1617/2402/2844
f 1699/2407/2845 1697/2409/2845 1700/2408/2845
f 1697/2409/2846 1701/2410/2846 1700/2408/2846
f 1701/2410/2847 1710/2411/2847 1700/2408/2847
f 1710/2411/2848 1711/2399/2848 1700/2408/2848
f 1701/2410/2849 1709/2400/2849 1710/2411/2849
f 1701/2410/2850 1708/2412/2850 1709/2400/2850
f 1799/2391/2851 1709/2398/2851 1708/2413/2851
f 1799/2391/2852 1708/2413/2852 1800/2414/2852
f 1800/2414/2853 1708/2413/2853 1707/2415/2853
f 1800/2414/2854 1707/2415/2854 1724/2416/2854
f 1800/2414/2855 1724/2416/2855 1802/2417/2855
f 1800/2414/2856 1802/2417/2856 1801/2390/2856
f 1802/2417/2857 1804/2418/2857 1801/2390/2857
f 1802/2417/2858 1803/2419/2858 1804/2418/2858
f 1803/2419/2859 1805/2420/2859 1804/2418/2859
f 1804/2418/2860 1805/2420/2860 1808/2387/2860
f 1808/2387/2861 1805/2420/2861 1807/2379/2861
f 1806/2421/2862 1807/2379/2862 1805/2420/2862
f 1805/2420/2863 1735/2422/2863 1806/2421/2863
f 1806/2421/2864 1735/2422/2864 1767/2423/2864
f 1735/2424/2865 1768/2425/2865 1767/2426/2865
f 1806/2421/2866 1767/2423/2866 1807/2379/2866
f 1803/2419/2867 1735/2422/2867 1805/2420/2867
f 1803/2419/2868 1730/2427/2868 1735/2422/2868
f 1730/2428/2869 1734/2429/2869 1735/2430/2869
f 1734/2431/2870 1901/2170/2870 1735/2432/2870
f 1730/2428/2871 1733/2433/2871 1734/2429/2871
f 1734/2429/2872 1733/2433/2872 1736/2179/2872
f 1736/2179/2873 1733/2433/2873 1739/2434/2873
f 1739/2434/2874 1733/2433/2874 1732/2435/2874
f 1746/2196/2875 1739/2434/2875 1732/2435/2875
f 1746/2196/2876 1732/2435/2876 1749/2436/2876
f 1749/2436/2877 1732/2435/2877 1717/2437/2877
f 1749/2436/2878 1717/2437/2878 1750/2438/2878
f 1749/2436/2879 1750/2438/2879 1751/2439/2879
f 1749/2436/2880 1751/2439/2880 1747/2197/2880
f 1751/2439/2881 1718/2216/2881 1747/2197/2881
f 1750/2438/2882 1718/2216/2882 1751/2439/2882
f 1750/2438/2883 1716/2440/2883 1718/2216/2883
f 1750/2438/2884 1717/2437/2884 1716/2440/2884
f 1681/2441/2885 1716/2440/2885 1717/2437/2885
f 1681/2441/2886 1717/2437/2886 1719/2442/2886
f 1681/2441/2887 1719/2442/2887 1704/2443/2887
f 1703/2444/2888 1681/2445/2888 1704/2446/2888
f 1703/2444/2889 1704/2446/2889 1702/2447/2889
f 1702/2447/2890 1696/2448/2890 1703/2444/2890
f 1703/2444/2891 1696/2448/2891 1679/2449/2891
f 1696/2450/2892 1663/2245/2892 1679/2451/2892
f 1663/2244/2893 1678/2452/2893 1679/2453/2893
f 1679/2453/2894 1678/2452/2894 1680/2454/2894
f 1679/2453/2895 1680/2454/2895 1681/2455/2895
f 1681/2455/2896 1680/2454/2896 1682/2456/2896
f 1682/2456/2897 1680/2454/2897 1673/2457/2897
f 1682/2456/2898 1673/2457/2898 1677/2458/2898
f 1682/2456/2899 1677/2458/2899 1683/2459/2899
f 1682/2456/2900 1683/2459/2900 1684/2460/2900
f 1716/2440/2901 1682/2461/2901 1684/2462/2901
f 1716/2440/2902 1684/2462/2902 1687/2217/2902
f 1683/2459/2903 1685/2463/2903 1684/2460/2903
f 1684/2460/2904 1685/2463/2904 1686/2220/2904
f 1686/2220/2905 1685/2463/2905 1676/2464/2905
f 1686/2220/2906 1676/2464/2906 1668/2465/2906
f 1686/2220/2907 1668/2465/2907 1688/2466/2907
f 1688/2466/2908 1668/2465/2908 1690/2467/2908
f 1688/2466/2909 1690/2467/2909 1689/2222/2909
f 1690/2467/2910 1668/2465/2910 1667/2468/2910
f 1694/2469/2911 1690/2467/2911 1667/2468/2911
f 1670/2225/2912 1694/2469/2912 1667/2468/2912
f 2024/2470/2913 1670/2225/2913 1667/2468/2913
f 2024/2470/2913 1667/2468/2913 2023/2471/2913
f 2034/2472/2914 2035/2473/2914 1671/2474/2914
f 2035/2473/2915 2027/2475/2915 1671/2474/2915
f 2036/2476/2916 2034/2472/2916 1671/2474/2916
f 2039/2477/2917 1664/2478/2917 2014/2479/2917
f 2014/2479/2918 1664/2478/2918 1661/2480/2918
f 2014/2479/2918 1661/2480/2918 2013/2481/2918
f 2011/2482/2919 2013/2481/2919 1661/2480/2919
f 2011/2482/2920 1661/2480/2920 1560/2483/2920
f 2011/2482/2921 1560/2483/2921 2012/2484/2921
f 2048/2232/2922 2008/2485/2922 1561/2486/2922
f 2008/2487/2923 2009/2488/2923 1561/2489/2923
f 2010/2490/2924 1561/2491/2924 2009/2492/2924
f 2040/2493/2925 2041/2494/2925 1560/2495/2925
f 2010/2496/2926 2040/2493/2926 1560/2495/2926
f 2010/2490/2924 1560/2483/2924 1561/2491/2924
f 1561/2491/2927 1560/2483/2927 1659/2241/2927
f 2041/2497/2928 2012/2484/2928 1560/2483/2928
f 1659/2241/2929 1560/2483/2929 1661/2480/2929
f 1661/2480/2930 1664/2478/2930 1666/2498/2930
f 1661/2480/2931 1666/2498/2931 1662/2243/2931
f 1662/2243/2932 1666/2498/2932 1669/2499/2932
f 1662/2243/2933 1669/2499/2933 1673/2457/2933
f 1662/2243/2934 1673/2457/2934 1678/2452/2934
f 1669/2499/2935 1674/2500/2935 1673/2457/2935
f 1669/2499/2936 1666/2498/2936 1674/2500/2936
f 1674/2500/2937 1666/2498/2937 1676/2464/2937
f 1666/2498/2938 1664/2478/2938 1665/2501/2938
f 1666/2498/2939 1665/2501/2939 1668/2465/2939
f 2039/2477/2917 1665/2501/2917 1664/2478/2917
f 2039/2477/2940 2038/2502/2940 1665/2501/2940
f 2022/2503/2941 1665/2501/2941 2038/2502/2941
f 2022/2503/2941 1667/2468/2941 1665/2501/2941
f 2022/2503/2942 2023/2471/2942 1667/2468/2942
f 2036/2504/2943 1670/2225/2943 2024/2470/2943
f 1693/2505/2944 1694/2469/2944 1670/2225/2944
f 1691/2223/2945 1694/2469/2945 1693/2505/2945
f 1691/2223/2946 1690/2467/2946 1694/2469/2946
f 1668/2465/2947 1665/2501/2947 1667/2468/2947
f 1676/2464/2948 1666/2498/2948 1668/2465/2948
f 1685/2463/2949 1674/2500/2949 1676/2464/2949
f 1683/2459/2950 1674/2500/2950 1685/2463/2950
f 1683/2459/2951 1677/2458/2951 1674/2500/2951
f 1673/2457/2952 1674/2500/2952 1677/2458/2952
f 1680/2454/2953 1678/2452/2953 1673/2457/2953
f 1702/2447/2954 1698/2506/2954 1696/2448/2954
f 1695/2507/2955 1696/2448/2955 1698/2506/2955
f 1695/2507/2956 1698/2506/2956 1697/2409/2956
f 1640/2508/2957 1695/2507/2957 1697/2409/2957
f 1642/2509/2958 1695/2507/2958 1640/2508/2958
f 1640/2510/2959 1641/2511/2959 1642/2512/2959
f 1642/2512/2960 1641/2511/2960 1643/2251/2960
f 1696/2448/2961 1642/2509/2961 1643/2513/2961
f 1641/2511/2962 1644/2514/2962 1643/2251/2962
f 1641/2511/2963 1639/2515/2963 1644/2514/2963
f 1644/2514/2964 1639/2515/2964 1637/2516/2964
f 1645/2252/2965 1644/2514/2965 1637/2516/2965
f 1645/2252/2966 1637/2516/2966 1647/2517/2966
f 1647/2517/2967 1637/2516/2967 1638/2269/2967
f 2003/2518/2968 1647/2517/2968 1638/2269/2968
f 2003/2518/2969 1638/2269/2969 1966/2519/2969
f 2002/2257/2970 1647/2517/2970 2003/2518/2970
f 1587/2520/2971 1637/2516/2971 1639/2515/2971
f 1587/2520/2972 1639/2515/2972 1613/2521/2972
f 1613/2521/2973 1639/2515/2973 1640/2510/2973
f 1640/2510/2974 1639/2515/2974 1641/2511/2974
f 1695/2507/2975 1642/2509/2975 1696/2448/2975
f 1698/2506/2976 1702/2447/2976 1701/2410/2976
f 1702/2447/2977 1705/2522/2977 1701/2410/2977
f 1705/2522/2978 1707/2523/2978 1701/2410/2978
f 1705/2522/2979 1706/2524/2979 1707/2523/2979
f 1706/2525/2980 1721/2526/2980 1707/2527/2980
f 1707/2527/2981 1721/2526/2981 1722/2528/2981
f 1707/2527/2982 1722/2528/2982 1723/2529/2982
f 1723/2529/2983 1722/2528/2983 1721/2526/2983
f 1721/2526/2984 1725/2530/2984 1723/2529/2984
f 1723/2529/2985 1725/2530/2985 1727/2531/2985
f 1723/2529/2986 1727/2531/2986 1724/2532/2986
f 1724/2532/2987 1727/2531/2987 1728/2533/2987
f 1724/2532/2988 1728/2533/2988 1729/2534/2988
f 1729/2534/2989 1728/2533/2989 1730/2428/2989
f 1728/2533/2990 1727/2531/2990 1731/2535/2990
f 1728/2533/2991 1731/2535/2991 1733/2433/2991
f 1727/2531/2992 1732/2435/2992 1731/2535/2992
f 1727/2531/2993 1726/2536/2993 1732/2435/2993
f 1727/2531/2994 1725/2530/2994 1726/2536/2994
f 1725/2530/2995 1720/2537/2995 1726/2536/2995
f 1726/2536/2996 1720/2537/2996 1717/2437/2996
f 1721/2526/2997 1720/2537/2997 1725/2530/2997
f 1706/2525/2998 1720/2537/2998 1721/2526/2998
f 1706/2525/2999 1719/2442/2999 1720/2537/2999
f 1705/2522/3000 1704/2446/3000 1706/2524/3000
f 1702/2447/3001 1704/2446/3001 1705/2522/3001
f 1703/2444/3002 1679/2449/3002 1681/2445/3002
f 1704/2443/3003 1719/2442/3003 1706/2525/3003
f 1720/2537/3004 1719/2442/3004 1717/2437/3004
f 1716/2440/3005 1681/2441/3005 1682/2461/3005
f 1732/2435/3006 1726/2536/3006 1717/2437/3006
f 1733/2433/3007 1731/2535/3007 1732/2435/3007
f 1728/2533/3008 1733/2433/3008 1730/2428/3008
f 1803/2419/3009 1729/2538/3009 1730/2427/3009
f 1802/2417/3010 1729/2538/3010 1803/2419/3010
f 1802/2417/3011 1724/2416/3011 1729/2538/3011
f 1707/2527/3012 1723/2529/3012 1724/2532/3012
f 1701/2410/3013 1707/2523/3013 1708/2412/3013
f 1697/2409/3014 1698/2506/3014 1701/2410/3014
f 1640/2508/3015 1697/2409/3015 1699/2407/3015
f 1640/2508/3016 1699/2407/3016 1613/2406/3016
f 1612/2276/3017 1613/2405/3017 1616/2279/3017
f 1700/2408/3018 1711/2399/3018 1617/2402/3018
f 1710/2411/3019 1709/2400/3019 1711/2399/3019
f 1795/2393/3020 1622/2282/3020 1618/2397/3020
f 1792/2291/3021 1622/2282/3021 1795/2393/3021
f 1797/2392/3022 1709/2398/3022 1799/2391/3022
f 1799/2391/3023 1800/2414/3023 1801/2390/3023
f 1809/2388/3024 1801/2390/3024 1804/2418/3024
f 1809/2388/3025 1804/2418/3025 1808/2387/3025
f 1798/2389/3026 1810/2386/3026 1812/2385/3026
f 1815/2396/3027 1812/2385/3027 1817/2384/3027
f 1818/2539/3028 1815/2396/3028 1817/2384/3028
f 1824/2540/3029 1818/2539/3029 1817/2384/3029
f 1823/2541/3030 1818/2539/3030 1824/2540/3030
f 1825/2542/3031 1823/2541/3031 1824/2540/3031
f 1854/2543/3032 1825/2542/3032 1824/2540/3032
f 1855/2544/3033 1854/2543/3033 1824/2540/3033
f 1855/2544/3034 1824/2540/3034 1827/2383/3034
f 1853/2545/3035 1854/2543/3035 1855/2544/3035
f 1853/2545/3036 1855/2544/3036 1760/2546/3036
f 1853/2545/3037 1841/2547/3037 1854/2543/3037
f 1852/2548/3038 1841/2547/3038 1853/2545/3038
f 1851/2549/3039 1841/2547/3039 1852/2548/3039
f 1851/2549/3040 1837/2550/3040 1841/2547/3040
f 1837/2550/3041 1825/2542/3041 1841/2547/3041
f 1836/2551/3042 1825/2542/3042 1837/2550/3042
f 1836/2551/3043 1837/2550/3043 1839/2552/3043
f 1836/2551/3044 1839/2552/3044 1838/2553/3044
f 1835/2554/3045 1836/2551/3045 1838/2553/3045
f 1835/2554/3046 1838/2553/3046 1843/2555/3046
f 1835/2554/3047 1843/2555/3047 1842/2312/3047
f 1842/2312/3048 1834/2556/3048 1835/2554/3048
f 1834/2556/3049 1832/2557/3049 1835/2554/3049
f 1833/2558/3050 1832/2557/3050 1834/2556/3050
f 1833/2558/3051 1834/2556/3051 1796/2307/3051
f 1794/2559/3052 1833/2558/3052 1796/2307/3052
f 1791/2560/3053 1833/2558/3053 1794/2559/3053
f 1782/2302/3054 1791/2560/3054 1794/2559/3054
f 1791/2560/3055 1831/2561/3055 1833/2558/3055
f 1787/2300/3056 1831/2561/3056 1791/2560/3056
f 1833/2558/3057 1831/2561/3057 1832/2557/3057
f 1831/2561/3058 1828/2562/3058 1832/2557/3058
f 1832/2557/3059 1828/2562/3059 1825/2542/3059
f 1828/2562/3060 1822/2563/3060 1825/2542/3060
f 1826/2564/3061 1822/2563/3061 1828/2562/3061
f 1829/2565/3062 1826/2564/3062 1828/2562/3062
f 1819/2297/3063 1826/2564/3063 1829/2565/3063
f 1819/2297/3064 1822/2563/3064 1826/2564/3064
f 1820/2566/3065 1822/2563/3065 1819/2297/3065
f 1820/2566/3066 1821/2567/3066 1822/2563/3066
f 1821/2567/3067 1823/2541/3067 1822/2563/3067
f 1820/2566/3068 1818/2539/3068 1821/2567/3068
f 1816/2296/3069 1818/2539/3069 1820/2566/3069
f 1831/2561/3070 1829/2565/3070 1828/2562/3070
f 1830/2299/3071 1829/2565/3071 1831/2561/3071
f 1844/2568/3072 1843/2555/3072 1838/2553/3072
f 1844/2568/3073 1838/2553/3073 1848/2569/3073
f 1947/2570/3074 1844/2568/3074 1848/2569/3074
f 1947/2570/3075 1848/2569/3075 1979/2571/3075
f 1946/2572/3076 1945/2573/3076 1844/2574/3076
f 1945/2573/3077 1944/2575/3077 1844/2574/3077
f 1943/2576/3078 1844/2568/3078 1944/2577/3078
f 1984/2578/3079 1981/2579/3079 1849/2580/3079
f 1982/2581/3080 1984/2578/3080 1849/2580/3080
f 1982/2582/3081 1849/2583/3081 1851/2549/3081
f 1982/2582/3081 1851/2549/3081 1983/2584/3081
f 1849/2583/3082 1840/2585/3082 1851/2549/3082
f 1980/2586/3083 1840/2585/3083 1849/2583/3083
f 1942/2587/3084 1843/2555/3084 1943/2576/3084
f 1980/2586/3083 1849/2583/3083 1981/2588/3083
f 1979/2571/3085 1840/2585/3085 1980/2586/3085
f 1979/2571/3086 1848/2569/3086 1840/2585/3086
f 1947/2570/3087 1946/2589/3087 1844/2568/3087
f 1848/2569/3088 1838/2553/3088 1840/2585/3088
f 1943/2576/3089 1843/2555/3089 1844/2568/3089
f 1832/2557/3090 1836/2551/3090 1835/2554/3090
f 1839/2552/3091 1840/2585/3091 1838/2553/3091
f 1839/2552/3092 1837/2550/3092 1840/2585/3092
f 1832/2557/3093 1825/2542/3093 1836/2551/3093
f 1851/2549/3094 1840/2585/3094 1837/2550/3094
f 1854/2543/3095 1841/2547/3095 1825/2542/3095
f 1822/2563/3096 1823/2541/3096 1825/2542/3096
f 1821/2567/3097 1818/2539/3097 1823/2541/3097
f 1816/2296/3098 1815/2396/3098 1818/2539/3098
f 1824/2540/3099 1817/2384/3099 1827/2383/3099
f 1855/2544/3100 1827/2383/3100 1856/2382/3100
f 1855/2544/3101 1856/2382/3101 1762/2374/3101
f 1808/2387/3102 1807/2379/3102 1811/2381/3102
f 1807/2379/3103 1767/2423/3103 1765/2380/3103
f 1766/2162/3104 1765/2378/3104 1767/2426/3104
f 1856/2382/3105 1764/2375/3105 1762/2374/3105
f 1760/2546/3106 1855/2544/3106 1762/2374/3106
f 1758/2590/3107 1853/2591/3107 1760/2592/3107
f 1758/2590/3108 1909/2321/3108 1853/2591/3108
f 1755/2358/3109 1909/2321/3109 1758/2590/3109
f 2056/2593/3110 1909/2321/3110 1755/2358/3110
f 1954/2372/3111 1756/2361/3111 1759/2367/3111
f 1757/2594/3112 1755/2358/3112 1758/2590/3112
f 2051/2360/3113 2052/2595/3113 1755/2364/3113
f 2054/2596/3114 1755/2358/3114 1908/2356/3114
f 1933/2353/3115 1932/2597/3115 1567/2152/3115
f 2054/2596/3114 1908/2356/3114 2055/2355/3114
f 2056/2593/3116 1755/2358/3116 2054/2596/3116
f 2056/2593/3117 2058/2322/3117 1909/2321/3117
f 1853/2591/3118 1909/2321/3118 1852/2318/3118
f 1950/2317/2772 1851/2598/2772 1852/2318/2772
f 1950/2317/3119 1983/2599/3119 1851/2598/3119
f 1942/2587/3084 1842/2312/3084 1843/2555/3084
f 1940/2313/3120 1941/2600/3120 1846/2314/3120
f 1834/2556/3121 1842/2312/3121 1845/2310/3121
f 1834/2556/3122 1845/2310/3122 1796/2307/3122
f 1847/2309/3123 1846/2311/3123 1850/2308/3123
f 1779/2305/3124 1794/2559/3124 1796/2307/3124
f 1775/2306/3125 1632/2601/3125 1777/2304/3125
f 1777/2304/3126 1632/2601/3126 1633/2602/3126
f 1632/2603/3127 1629/2604/3127 1633/2605/3127
f 1628/2606/3128 1633/2602/3128 1629/2607/3128
f 1600/2608/3129 1628/2609/3129 1629/2604/3129
f 1600/2608/3130 1629/2604/3130 1630/2122/3130
f 1600/2608/3131 1625/2106/3131 1628/2609/3131
f 1780/2610/3132 1628/2606/3132 1625/2611/3132
f 1780/2610/3133 1625/2611/3133 1626/2612/3133
f 1780/2610/3134 1626/2612/3134 1784/2613/3134
f 1780/2610/3135 1784/2613/3135 1783/2301/3135
f 1784/2613/3136 1626/2612/3136 1785/2294/3136
f 1786/2298/3137 1784/2613/3137 1785/2294/3137
f 1785/2294/3138 1626/2612/3138 1623/2290/3138
f 1625/2106/3139 1623/2287/3139 1626/2614/3139
f 1633/2602/3140 1628/2606/3140 1780/2610/3140
f 1781/2303/3141 1633/2602/3141 1780/2610/3141
f 1631/2123/3142 1629/2604/3142 1632/2603/3142
f 1775/2306/3143 1634/2129/3143 1632/2601/3143
f 1782/2302/3144 1794/2559/3144 1779/2305/3144
f 1777/2304/3145 1633/2602/3145 1781/2303/3145
f 1781/2303/3146 1780/2610/3146 1783/2301/3146
f 1782/2302/3147 1787/2300/3147 1791/2560/3147
f 1783/2301/3148 1784/2613/3148 1786/2298/3148
f 1830/2299/3149 1831/2561/3149 1787/2300/3149
f 1819/2297/3150 1829/2565/3150 1830/2299/3150
f 1816/2296/3151 1820/2566/3151 1819/2297/3151
f 1790/2293/3152 1815/2396/3152 1816/2296/3152
f 1786/2298/3153 1785/2294/3153 1788/2295/3153
f 1793/2292/3154 1814/2395/3154 1790/2293/3154
f 1792/2291/3155 1795/2393/3155 1793/2292/3155
f 1785/2294/3156 1623/2290/3156 1789/2289/3156
f 1792/2291/3157 1624/2285/3157 1622/2282/3157
f 1622/2282/3158 1619/2281/3158 1618/2397/3158
f 1616/2279/3159 1618/2404/3159 1619/2280/3159
f 1612/2276/3160 1616/2279/3160 1615/2277/3160
f 1612/2276/3161 1587/2274/3161 1613/2405/3161
f 1608/2275/3162 1603/2097/3162 1586/2273/3162
f 1587/2520/3163 1584/2270/3163 1637/2516/3163
f 1637/2516/3164 1584/2270/3164 1638/2269/3164
f 1966/2519/3165 1638/2269/3165 1650/2260/3165
f 1966/2519/3165 1650/2260/3165 1965/2259/3165
f 2002/2257/2970 1648/2254/2970 1647/2517/2970
f 1648/2254/3166 1645/2252/3166 1647/2517/3166
f 1643/2251/3167 1644/2514/3167 1645/2252/3167
f 1713/2248/3168 1696/2450/3168 1643/2249/3168
f 1712/2246/3169 1696/2450/3169 1713/2248/3169
f 1663/2245/3170 1696/2450/3170 1712/2246/3170
f 1662/2243/3171 1678/2452/3171 1663/2244/3171
f 1662/2243/3172 1659/2241/3172 1661/2480/3172
f 1561/2491/3173 1659/2241/3173 1656/2240/3173
f 1660/2237/3174 1714/2247/3174 1657/2238/3174
f 2048/2232/2701 1561/2486/2701 1656/2233/2701
f 2027/2475/3175 2026/2615/3175 1671/2474/3175
f 2037/2061/3176 1874/2228/3176 2025/2230/3176
f 2036/2504/2943 1671/2227/2943 1670/2225/2943
f 1692/2224/3177 1693/2505/3177 1670/2225/3177
f 1692/2224/3178 1691/2223/3178 1693/2505/3178
f 1691/2223/3179 1689/2222/3179 1690/2467/3179
f 1689/2222/3180 1686/2220/3180 1688/2466/3180
f 1684/2460/3181 1686/2220/3181 1687/2219/3181
f 1672/2199/3182 1754/2215/3182 1675/2218/3182
f 1716/2440/3183 1687/2217/3183 1718/2216/3183
f 1747/2197/3184 1718/2216/3184 1753/2214/3184
f 1752/2213/3185 1754/2215/3185 1672/2199/3185
f 1746/2196/3186 1749/2436/3186 1747/2197/3186
f 1742/2183/3187 1739/2434/3187 1746/2196/3187
f 1748/2201/3188 1892/2191/3188 1745/2192/3188
f 1879/2202/3189 1890/2189/3189 1892/2191/3189
f 1895/2188/3190 1890/2189/3190 1889/2206/3190
f 1743/2185/3191 1893/2190/3191 1894/2186/3191
f 1743/2184/3192 1742/2183/3192 1744/2194/3192
f 1742/2183/3193 1740/2181/3193 1739/2434/3193
f 1740/2181/3194 1736/2179/3194 1739/2434/3194
f 1734/2429/3195 1736/2179/3195 1737/2178/3195
f 1737/2176/3196 1899/2172/3196 1734/2431/3196
f 1741/2187/3197 1896/2175/3197 1738/2177/3197
f 1896/2175/3198 1895/2188/3198 1891/2174/3198
f 1737/2176/3199 1897/2173/3199 1899/2172/3199
f 1734/2431/3200 1899/2172/3200 1901/2170/3200
f 1735/2432/3201 1901/2170/3201 1768/2169/3201
f 1767/2426/3202 1768/2425/3202 1769/2164/3202
f 1902/2034/3203 1907/2165/3203 1900/2167/3203
f 1906/2030/3204 1770/2027/3204 1907/2165/3204
f 1767/2426/3205 1769/2164/3205 1766/2162/3205
f 1763/2159/3206 1765/2378/3206 1766/2162/3206
f 1952/2158/2620 1761/2369/2620 1763/2159/2620
f 1954/2372/3207 1955/2363/3207 1756/2361/3207
f 1932/2597/3208 1930/2154/3208 1567/2152/3208
f 1929/2153/3209 1931/2156/3209 1570/2150/3209
f 1933/2353/2798 1567/2152/2798 1568/2149/2798
f 1873/2145/3210 1568/2352/3210 1571/2146/3210
f 1871/2143/3211 1569/2351/3211 1873/2145/3211
f 1872/2144/3212 1865/2147/3212 1868/2141/3212
f 1869/2142/3213 1870/2349/3213 1871/2143/3213
f 1935/2346/2792 1869/2142/2792 1867/2140/2792
f 1868/2141/3214 1865/2147/3214 1864/2138/3214
f 1863/2139/3215 1866/2343/3215 1867/2140/3215
f 1928/2339/2786 1863/2139/2786 1862/2137/2786
f 1857/2136/3216 1864/2138/3216 1865/2147/3216
f 1862/2137/3217 1860/2135/3217 1861/2334/3217
f 1860/2135/3218 1859/2134/3218 1850/2308/3218
f 1859/2134/3219 1778/2132/3219 1775/2306/3219
f 1857/2136/3220 1574/2131/3220 1858/2133/3220
f 1776/2130/3221 1775/2306/3221 1778/2132/3221
f 1634/2129/3222 1775/2306/3222 1776/2130/3222
f 1570/2150/3223 1573/2157/3223 1574/2616/3223
f 1631/2123/3224 1632/2603/3224 1634/2124/3224
f 1630/2122/3225 1629/2604/3225 1631/2123/3225
f 1600/2608/3226 1630/2122/3226 1598/2121/3226
f 1598/2121/3227 1599/2108/3227 1600/2608/3227
f 1594/2114/3228 1595/2112/3228 1598/2121/3228
f 1593/2113/3229 1590/2119/3229 1589/2095/3229
f 1598/2121/3230 1595/2112/3230 1599/2108/3230
f 1599/2108/3231 1627/2107/3231 1600/2608/3231
f 1600/2608/3232 1627/2107/3232 1625/2106/3232
f 1611/2103/3233 1623/2287/3233 1625/2106/3233
f 1605/2110/3234 1607/2104/3234 1602/2105/3234
f 1611/2103/3235 1621/2102/3235 1623/2287/3235
f 1614/2101/3236 1620/2278/3236 1621/2102/3236
f 1609/2099/3237 1608/2275/3237 1614/2101/3237
f 1607/2104/3238 1606/2098/3238 1610/2100/3238
f 1609/2099/3239 1603/2097/3239 1608/2275/3239
f 1604/2111/3240 1601/2096/3240 1606/2098/3240
f 1603/2097/3241 1588/2094/3241 1586/2273/3241
f 1596/2109/3242 1589/2095/3242 1601/2096/3242
f 1588/2094/3243 1582/2093/3243 1586/2273/3243
f 1582/2093/3244 1579/2087/3244 1583/2271/3244
f 1968/2082/2538 1655/2081/2538 1579/2083/2538
f 1653/2266/3245 1655/2081/3245 1654/2079/3245
f 1959/2078/3246 1960/2265/3246 1654/2079/3246
f 2001/2617/3247 2049/2076/3247 1649/2075/3247
f 1649/2075/3248 1715/2070/3248 1646/2618/3248
f 1658/2063/3249 1646/2250/3249 1715/2619/3249
f 1999/2062/2528 1657/2238/2528 1658/2063/2528
f 2037/2061/3176 1672/2060/3176 1874/2228/3176
f 1672/2060/3250 1875/2055/3250 1876/2212/3250
f 2032/2054/2523 1880/2053/2523 1875/2055/2523
f 1886/2207/3251 1880/2053/3251 1888/2050/3251
f 2015/2049/2520 1903/2048/2520 1888/2050/2520
f 1903/2048/3252 1898/2045/3252 1891/2174/3252
f 1902/2037/3253 1898/2045/3253 1904/2043/3253
f 1902/2037/3254 1904/2043/3254 1905/2038/3254
f 1902/2034/3255 1906/2030/3255 1907/2165/3255
f 2045/2029/2506 1770/2027/2506 1906/2030/2506
f 2045/2029/3256 2044/2028/3256 1770/2027/3256
f 1770/2027/3257 1773/2024/3257 1772/2620/3257
f 1986/2016/2499 1771/2161/2499 1772/2017/2499
f 1957/2011/3258 1989/2015/3258 1774/2012/3258
f 1921/2155/3259 1922/2009/3259 1572/2008/3259
f 1573/2157/3260 1572/2008/3260 1575/2006/3260
f 1635/2125/3261 1575/2126/3261 1576/2002/3261
f 2063/2001/3262 1636/2000/3262 1576/2002/3262
f 1597/2120/3263 1636/2000/3263 1566/1999/3263
f 1974/1994/2486 1565/1993/2486 1566/1995/2486
f 1564/2621/3264 1565/1993/3264 1563/1989/3264
f 1975/1992/3265 1976/1990/3265 1563/1989/3265
f 1562/1983/3266 1564/2117/3266 1563/2622/3266
f 1919/1987/3267 1918/2623/3267 1562/1988/3267
f 1917/1984/3268 1916/2091/3268 1577/1979/3268
f 1562/1983/3269 1585/1982/3269 1564/2117/3269
f 1585/1982/3270 1581/1981/3270 1589/2095/3270
f 1581/1981/3271 1578/1980/3271 1580/2092/3271
f 1914/2090/3272 1578/1980/3272 1577/1979/3272
o Object.6
v -0.630738 0.218271 -0.123109
v -0.620661 0.215791 -0.128903
v -0.487724 0.227263 -0.001527
v -0.463927 0.223155 0.054836
v -0.452106 0.222535 0.029745
v -0.511327 0.228814 -0.057997
v -0.567874 0.228736 -0.088692
v -0.602135 0.232302 -0.092936
v -0.603686 0.223930 -0.120939
v -0.562991 0.233697 -0.163920
v -0.590121 0.231449 -0.139290
v -0.584540 0.218814 -0.163436
v -0.558340 0.217729 -0.207542
v -0.541984 0.219589 -0.231126
v -0.551596 0.226876 -0.199887
v -0.539193 0.233774 -0.193899
v -0.521753 0.225248 -0.230699
v -0.499390 0.237921 -0.188241
v -0.550201 0.233929 -0.134329
v -0.515552 0.233929 -0.104874
v -0.472221 0.241177 -0.151925
v -0.481988 0.234782 -0.094506
v -0.409783 0.242262 -0.151266
v -0.439548 0.235170 -0.096928
v -0.412883 0.233697 -0.052018
v -0.377459 0.240208 -0.093518
v -0.364475 0.243929 -0.048831
v -0.461834 0.234085 -0.256357
v -0.481290 0.231992 -0.251589
v -0.507025 0.232922 -0.223529
v -0.307192 0.287182 0.182609
v -0.301650 0.274741 0.205214
v -0.286341 0.245169 0.227645
v -0.254017 0.213466 0.241006
v -0.240297 0.218737 0.285316
v -0.133947 0.209047 0.223110
v -0.169487 0.233930 0.318821
v -0.159701 0.227031 0.282506
v -0.129994 0.235092 0.342405
v -0.120789 0.217962 0.264949
v -0.071819 0.213621 0.244349
v -0.043516 0.210830 0.301187
v -0.088988 0.218117 0.190147
v -0.058603 0.214783 0.211057
v -0.017966 0.214628 0.172895
v -0.061122 0.242534 0.222965
v -0.041782 0.228891 0.196174
v -0.034718 0.252921 0.226124
v -0.061897 0.243735 0.247256
v -0.020989 0.244510 0.259949
v 0.055562 0.222535 0.254717
v 0.048387 0.222690 0.296206
v -0.005214 0.223853 0.310837
v 0.005357 0.229511 0.335119
v 0.050063 0.237185 0.362462
v -0.038594 0.217884 0.324557
v -0.007695 0.236061 0.384457
v -0.072497 0.226023 0.332483
v -0.041346 0.242572 0.362947
v -0.072613 0.240131 0.388759
v -0.039989 0.249045 0.410851
v -0.100480 0.236216 0.352947
v -0.117533 0.244239 0.380659
v -0.071121 0.261951 0.449530
v -0.429161 0.241875 0.095447
v -0.372421 0.277299 0.150358
v -0.323121 0.286678 0.104562
v -0.366297 0.273966 0.108222
v -0.387652 0.259974 0.090096
v -0.339826 0.274508 0.058484
v -0.388505 0.241758 0.048944
v -0.346918 0.249200 -0.009288
v -0.333082 0.251022 -0.039655
v -0.305254 0.271059 -0.004638
v -0.285604 0.285554 0.040578
v -0.280721 0.279508 -0.002816
v -0.244870 0.286446 0.012406
v -0.264869 0.291213 0.082803
v -0.222856 0.286717 0.006757
v -0.314168 0.291678 0.148081
v -0.277892 0.291097 0.128300
v -0.228786 0.286368 0.097474
v -0.206617 0.287919 0.021112
v -0.262427 0.285748 0.143483
v -0.261303 0.260439 0.182580
v -0.243514 0.269431 0.150135
v -0.212895 0.269935 0.105462
v -0.195067 0.279043 0.058580
v -0.194544 0.253231 0.072582
v -0.230104 0.251332 0.143038
v -0.227778 0.236836 0.132910
v -0.231112 0.213388 0.114276
v -0.219136 0.210365 0.065879
v -0.269869 0.236332 0.206076
v -0.261846 0.214008 0.191678
v -0.199175 0.209125 0.142175
v -0.068835 0.215326 0.143551
v -0.445013 0.242999 -0.183997
v -0.408271 0.242068 -0.200837
v -0.364165 0.245712 -0.180005
v -0.339283 0.247223 -0.122159
v -0.298704 0.257572 -0.074701
v -0.434975 0.233697 -0.242830
v -0.384281 0.231914 -0.251706
v -0.337423 0.243309 -0.218219
v -0.355949 0.235906 -0.252985
v -0.289906 0.232069 -0.259806
v -0.330989 0.248386 -0.184791
v -0.308936 0.246177 -0.210623
v -0.304789 0.250208 -0.126210
v -0.283550 0.247068 -0.190353
v -0.278628 0.257765 -0.103207
v -0.254056 0.275167 -0.054799
v -0.272504 0.240828 -0.220196
v -0.262117 0.257261 -0.122993
v -0.241576 0.270013 -0.081096
v -0.256110 0.252339 -0.161363
v -0.253940 0.246603 -0.193008
v -0.239134 0.261602 -0.119311
v -0.217973 0.262610 -0.143437
v -0.225724 0.272958 -0.081619
v -0.214368 0.280051 -0.049470
v -0.208865 0.271408 -0.097413
v -0.190843 0.281252 -0.031710
v -0.191075 0.270827 -0.102335
v -0.285914 0.273036 -0.034674
v -0.203516 0.260168 -0.155219
v -0.183362 0.261021 -0.125686
v -0.206287 0.237805 -0.192872
v -0.217857 0.255052 -0.181865
v -0.236964 0.248619 -0.212290
v -0.220104 0.232612 -0.231746
v -0.194253 0.229201 -0.204887
v -0.252544 0.241913 -0.238296
v -0.181522 0.221760 -0.245970
v -0.159701 0.209667 -0.187582
v -0.155670 0.215016 -0.234265
v -0.136195 0.216024 -0.233064
v -0.143578 0.212148 -0.191477
v -0.019836 0.264625 0.470343
v 0.016965 0.246177 0.434376
v 0.010347 0.262998 0.492396
v 0.063483 0.246526 0.390929
v 0.089534 0.258657 0.320507
v 0.099052 0.264083 0.357230
v 0.136984 0.264742 0.326437
v 0.127340 0.272377 0.364303
v 0.180167 0.261021 0.304462
v 0.133183 0.246720 0.270433
v 0.206643 0.246797 0.268921
v 0.222650 0.244472 0.252362
v 0.145198 0.238697 0.237896
v 0.197331 0.233619 0.203848
v -0.174003 0.300592 -0.256279
v -0.197722 0.287570 -0.244187
v -0.169972 0.247262 -0.251512
v -0.179022 0.258695 -0.216030
v -0.171561 0.243270 -0.181206
v -0.125285 0.215791 -0.248722
v -0.187122 0.282337 0.011776
v -0.171813 0.266059 -0.066291
v -0.175747 0.270051 -0.000878
v -0.179274 0.248464 0.013617
v -0.178343 0.250866 -0.105978
v -0.174991 0.246836 -0.059663
v -0.205919 0.212845 0.015642
v -0.197199 0.215791 -0.112877
v -0.192955 0.236061 -0.150355
v -0.199040 0.214163 -0.049402
v -0.194331 0.226333 -0.176090
v -0.192393 0.214783 -0.142061
v -0.178111 0.210985 -0.166420
v -0.128870 0.213078 -0.070186
v -0.115634 0.215946 -0.016914
v -0.136796 0.211063 -0.124020
v -0.126564 0.223233 -0.053646
v -0.115925 0.230441 -0.017282
v -0.136137 0.227883 -0.079914
v -0.113774 0.238542 -0.065574
v -0.106080 0.237960 -0.029190
v -0.092012 0.229821 -0.094448
v -0.157608 0.233077 -0.147875
v -0.140943 0.226643 -0.103633
v -0.128889 0.237573 -0.106598
v -0.142667 0.247262 -0.136403
v -0.114568 0.239394 -0.126965
v -0.074454 0.231914 -0.124989
v -0.065850 0.248928 -0.136887
v -0.165147 0.262804 -0.199752
v -0.114394 0.244937 -0.142003
v -0.076683 0.264005 -0.143728
v -0.072129 0.279198 -0.149057
v -0.123948 0.260246 -0.144271
v -0.075346 0.286562 -0.170083
v -0.136776 0.253076 -0.160258
v -0.101546 0.259781 -0.182233
v -0.061451 0.291523 -0.184849
v -0.072788 0.252494 -0.201690
v -0.126040 0.252649 -0.187214
v -0.092360 0.252766 -0.233684
v -0.062924 0.254626 -0.225196
v -0.153636 0.280826 -0.226514
v -0.129199 0.261525 -0.219615
v -0.076315 0.285167 -0.243179
v -0.070714 0.308421 -0.236087
v -0.118735 0.272532 -0.235970
v -0.107611 0.289120 -0.241319
v -0.138617 0.286329 -0.224692
v -0.152318 0.292220 -0.248605
v -0.113929 0.295437 -0.252791
v -0.072381 0.325087 -0.255853
v -0.044166 0.213078 0.104903
v -0.091178 0.208815 0.034318
v -0.072594 0.242224 0.131754
v -0.053942 0.245944 0.173733
v -0.083834 0.229279 0.095922
v -0.090461 0.239511 0.036595
v -0.086644 0.238968 0.088017
v -0.066005 0.258618 0.100643
v -0.064784 0.239976 0.029590
v -0.037334 0.278539 0.200912
v -0.024622 0.267455 0.232073
v -0.022713 0.276098 0.164800
v -0.052702 0.253967 0.093874
v -0.038071 0.253114 0.048111
v -0.012230 0.287221 0.204884
v -0.000011 0.288229 0.241859
v 0.025874 0.293228 0.236743
v -0.009236 0.319932 0.227364
v -0.027975 0.258347 0.096144
v -0.024651 0.292647 0.163622
v -0.009652 0.332683 0.169625
v -0.004575 0.389734 0.277739
v -0.015989 0.302918 0.073822
v 0.006907 0.379463 0.224186
v -0.032015 0.275206 0.002339
v 0.014881 0.325397 0.079352
v 0.026988 0.357449 0.180312
v 0.046449 0.386866 0.232305
v 0.033441 0.470659 0.310198
v 0.061114 0.361557 0.260026
v 0.059254 0.338070 0.177812
v 0.077612 0.275477 0.159718
v 0.042336 0.325668 0.086111
v 0.068492 0.306173 0.090747
v 0.078375 0.257106 0.116054
v 0.019183 0.327993 -0.012098
v 0.070336 0.303770 0.029449
v -0.014904 0.309894 -0.029655
v 0.087143 0.254626 0.058697
v 0.114613 0.239743 0.033175
v 0.083545 0.274896 0.000333
v 0.110563 0.243115 -0.002283
v 0.041052 0.332451 -0.052164
v 0.028209 0.351558 -0.105145
v 0.069156 0.307530 -0.055981
v 0.117043 0.257765 -0.026061
v 0.120122 0.237534 -0.054450
v 0.112665 0.249626 -0.132721
v 0.093360 0.278772 -0.017815
v 0.101496 0.270827 -0.062977
v 0.103991 0.275284 -0.131364
v 0.074972 0.327877 -0.079623
v 0.100100 0.285244 -0.042668
v 0.101818 0.299895 -0.138767
v 0.093892 0.307375 -0.093343
v 0.125749 0.287686 -0.172970
v 0.088228 0.334543 -0.134136
v 0.095201 0.341520 -0.182485
v 0.061526 0.354310 -0.134484
v 0.071128 0.358147 -0.154851
v 0.107598 0.305011 -0.187834
v 0.033964 0.367642 -0.117044
v 0.045558 0.376983 -0.161266
v 0.101895 0.335435 -0.214615
v 0.118718 0.254936 -0.229382
v 0.065661 0.373805 -0.180257
v 0.061443 0.390897 -0.212270
v 0.126890 0.284779 -0.242133
v 0.126761 0.319428 -0.242055
v 0.099968 0.368107 -0.230971
v 0.001684 0.377215 -0.173571
v -0.003199 0.358689 -0.137759
v 0.010133 0.391323 -0.186225
v -0.031618 0.361867 -0.189481
v -0.007366 0.392137 -0.211437
v -0.022946 0.354852 -0.154057
v -0.003025 0.353961 -0.108749
v -0.049970 0.274547 -0.062454
v -0.020068 0.302801 -0.050536
v -0.041113 0.311677 -0.071930
v -0.047140 0.314080 -0.149096
v -0.064455 0.259083 -0.025295
v -0.060851 0.242650 -0.004628
v -0.069067 0.236643 -0.063016
v -0.058564 0.253231 -0.091270
v -0.049630 0.279973 -0.128729
v -0.051297 0.331598 -0.218181
v -0.044950 0.362526 -0.217425
v -0.044582 0.373223 -0.250427
v 0.013951 0.414694 -0.246164
v 0.050402 0.410934 -0.248489
v 0.090207 0.380703 -0.248179
v -0.021919 0.215636 0.113111
v 0.003584 0.216256 0.154766
v 0.055174 0.223310 0.165105
v -0.017985 0.237922 0.203014
v 0.030859 0.225868 0.209128
v 0.067775 0.219589 0.211793
v 0.104671 0.215249 0.166050
v 0.104530 0.224085 0.213634
v 0.085383 0.244549 0.276518
v 0.158317 0.228193 0.197753
v 0.071416 0.216489 0.119311
v 0.072683 0.233697 0.160924
v 0.104578 0.214008 0.101630
v 0.094290 0.242766 0.183665
v 0.130691 0.231139 0.107144
v 0.144030 0.219899 0.162925
v 0.194347 0.225248 0.158560
v 0.241437 0.231837 0.185515
v 0.230411 0.220520 0.134167
v 0.234538 0.219047 0.074948
v -0.018314 0.246061 0.199817
v 0.006471 0.259044 0.244262
v 0.005899 0.234666 0.194410
v 0.051972 0.249316 0.217132
v 0.008593 0.255789 0.223885
v 0.056768 0.257920 0.242159
v -0.004323 0.271795 0.251103
v 0.053682 0.279392 0.253011
v 0.106057 0.260285 0.184527
v 0.054743 0.287802 0.241665
v 0.086005 0.280400 0.195418
v 0.060019 0.290477 0.208654
v 0.037690 0.352721 0.285471
v 0.003593 0.354077 0.280393
v 0.020113 0.424538 0.314209
v 0.017333 0.465078 0.309849
v 0.045364 0.416942 0.304113
v 0.239470 0.301367 -0.255078
v 0.170855 0.290476 -0.256783
v 0.208871 0.290128 -0.242675
v 0.159582 0.289856 -0.242133
v 0.187855 0.281175 -0.222522
v 0.249441 0.282570 -0.243683
v 0.185627 0.263269 -0.217599
v 0.230750 0.257145 -0.215565
v 0.218115 0.265633 -0.206592
v 0.183388 0.252921 -0.187969
v 0.201604 0.219279 -0.213317
v 0.221293 0.239976 -0.175528
v 0.175211 0.210210 -0.229498
v 0.112674 0.259936 0.107028
v 0.137488 0.240092 0.094190
v 0.135513 0.240169 0.038669
v 0.148938 0.234705 -0.062454
v 0.164412 0.236332 -0.048559
v 0.159693 0.228736 0.005565
v 0.159175 0.210985 -0.003242
v 0.109199 0.260284 -0.210739
v 0.160783 0.272067 -0.241086
v 0.146927 0.249549 -0.227948
v 0.140135 0.247068 -0.200740
v 0.151646 0.260285 -0.182272
v 0.197806 0.250285 -0.152080
v 0.175928 0.255556 -0.140744
v 0.141475 0.265866 -0.149638
v 0.162285 0.243929 -0.139387
v 0.176940 0.237456 -0.119311
v 0.125730 0.231216 -0.123749
v 0.134552 0.227573 -0.087607
v 0.190985 0.230829 -0.101444
v 0.177773 0.218737 -0.053220
v 0.187409 0.214086 -0.087821
v 0.244286 0.212225 -0.015441
v 0.305949 0.221605 -0.032097
v 0.255118 0.219434 0.003879
v 0.359492 0.221140 -0.026400
v 0.313429 0.220287 -0.007418
v 0.279245 0.215869 0.017783
v 0.266707 0.218194 0.047065
v 0.267347 0.221605 0.079664
v 0.330773 0.220519 0.019256
v 0.308352 0.227108 0.057529
v 0.281222 0.229124 0.119015
v 0.278276 0.234821 0.173564
v 0.324455 0.237030 0.070864
v 0.307480 0.245014 0.125444
v 0.330734 0.257610 0.084571
v 0.355054 0.282027 0.066855
v 0.375150 0.258153 0.048416
v 0.371313 0.231914 0.034895
v 0.403191 0.251642 0.039827
v 0.384355 0.224395 0.011854
v 0.416737 0.230131 0.028776
v 0.432918 0.225480 0.006631
v 0.397590 0.219357 -0.013058
v 0.291144 0.240983 0.210165
v 0.309747 0.247572 0.174106
v 0.332381 0.276369 0.106675
v 0.351954 0.286368 0.137069
v 0.355636 0.295360 0.094013
v 0.381739 0.299623 0.106661
v 0.385556 0.298150 0.066911
v 0.397203 0.282531 0.048445
v 0.414818 0.301367 0.068076
v 0.448149 0.267920 0.049342
v 0.453343 0.230209 0.037947
v -0.606013 0.208801 -0.128174
v -0.603568 0.208801 -0.120833
v -0.615148 0.208801 -0.144688
v -0.637949 0.208801 -0.124131
v -0.628456 0.208801 -0.138929
v -0.624221 0.208801 -0.139667
v -0.207159 0.208801 0.020034
v -0.217767 0.208801 0.060525
v -0.218759 0.208801 0.065567
v -0.140067 0.208801 -0.122849
v -0.132735 0.208801 -0.116830
v -0.147894 0.208801 -0.139007
v -0.152640 0.208801 -0.168263
v -0.159351 0.208801 -0.177760
v -0.178225 0.208801 -0.159972
v -0.187434 0.208801 -0.137349
v -0.168235 0.208801 -0.159820
v -0.195116 0.208801 -0.119084
v -0.197668 0.208801 -0.103061
v -0.198622 0.208801 -0.069358
v -0.202051 0.208801 -0.040308
v -0.206391 0.208801 0.004092
v -0.544259 0.208801 -0.243528
v -0.542875 0.208801 -0.245418
v -0.553225 0.208801 -0.222185
v -0.559883 0.208801 -0.212006
v -0.568095 0.208801 -0.193889
v -0.581979 0.208801 -0.170688
v -0.599169 0.208801 -0.133690
v -0.601052 0.208801 -0.128859
v -0.602173 0.208801 -0.127179
v -0.201375 0.208801 0.148817
v -0.232843 0.208801 0.197978
v -0.197526 0.208801 0.141869
v -0.197633 0.208801 0.139043
v -0.085879 0.208801 0.127488
v -0.094390 0.208801 0.154435
v -0.068401 0.208801 0.108537
v -0.057030 0.208801 0.082714
v -0.066621 0.208801 0.072441
v -0.068357 0.208801 0.070793
v -0.221740 0.208801 0.258310
v -0.221218 0.208801 0.259721
v -0.224565 0.208801 0.255407
v -0.231147 0.208801 0.215158
v -0.141416 0.208801 0.221166
v -0.154895 0.208801 0.231569
v -0.133998 0.208801 0.221965
v -0.110995 0.208801 0.181814
v 0.187188 0.208801 -0.150773
v 0.188502 0.208801 -0.174500
v 0.183255 0.208801 -0.103271
v 0.179102 0.208801 -0.084703
v 0.392128 0.208801 -0.023258
v 0.408981 0.208801 -0.016752
v 0.374782 0.208801 -0.036087
v 0.350745 0.208801 -0.046628
v 0.329348 0.208801 -0.049194
v 0.124256 0.208801 0.107743
v 0.154749 0.208801 0.141446
v 0.121011 0.208801 0.070608
v 0.230116 0.208801 -0.001023
v 0.219806 0.208801 0.018489
v 0.210922 0.208801 0.050972
v 0.234616 0.208801 -0.012789
v 0.239894 0.208801 -0.027402
v 0.243972 0.208801 -0.042386
v 0.261911 0.208801 -0.064969
v 0.263686 0.208801 -0.034837
v 0.476893 0.208801 0.017519
v 0.463302 0.208801 0.009423
v 0.425426 0.208801 -0.009871
v 0.306407 0.208801 -0.053705
v 0.288192 0.208801 -0.049732
v 0.141635 0.208801 0.037023
v 0.157663 0.208801 -0.007655
v 0.139141 0.208801 0.043338
v 0.122866 0.208801 0.068374
v 0.165126 0.208801 -0.235666
v 0.171595 0.208801 -0.226381
v 0.175660 0.208801 -0.222266
v 0.189484 0.208801 -0.192658
v 0.159460 0.208801 -0.015126
v 0.200852 0.208801 0.097068
v 0.196542 0.208801 0.127051
v 0.176788 0.208801 0.135600
v -0.217347 0.208801 0.258752
v -0.212158 0.208801 0.258311
v -0.100979 0.208801 -0.001472
v -0.113018 0.208801 -0.038921
v -0.091169 0.208801 0.034281
v -0.091066 0.208801 0.034465
v -0.122061 0.208801 -0.062321
v -0.202233 0.208801 0.111639
v -0.218527 0.208801 0.103004
v -0.125247 0.208801 -0.077759
v -0.225354 0.208801 0.093584
v 0.023494 0.208801 -0.260396
v 0.029201 0.208801 -0.260396
v 0.022837 0.208801 -0.260396
v 0.021825 0.208801 -0.260396
v 0.005361 0.208801 -0.260396
v 0.003509 0.208801 -0.260396
v -0.009955 0.208801 -0.260396
v 0.007133 0.208801 -0.260396
v 0.009371 0.208801 -0.260396
v -0.030890 0.208801 -0.260396
v -0.029357 0.208801 -0.260396
v -0.013534 0.208801 -0.260396
v -0.012897 0.208801 -0.260396
v -0.031680 0.208801 -0.260396
v -0.031725 0.208801 -0.260396
v -0.032196 0.208801 -0.260396
v -0.078146 0.208801 -0.260396
v -0.078574 0.208801 -0.260396
v -0.079215 0.208801 -0.260396
v -0.099888 0.208801 -0.260396
v -0.100604 0.208801 -0.260396
v -0.100739 0.208801 -0.260396
v -0.116120 0.208801 -0.260396
v -0.121238 0.208801 -0.260396
v -0.121262 0.208801 -0.260396
v -0.123237 0.208801 -0.260396
v -0.147700 0.208801 -0.260396
v -0.148953 0.208801 -0.260396
v -0.152130 0.208801 -0.260396
v -0.157170 0.208801 -0.260396
v -0.112232 0.208801 -0.260396
v -0.107190 0.208801 -0.260396
v -0.067925 0.208801 -0.260396
v -0.063917 0.208801 -0.260396
v 0.078207 0.208801 -0.260396
v 0.078290 0.208801 -0.260396
v 0.078876 0.208801 -0.260396
v 0.079115 0.208801 -0.260396
v 0.092628 0.208801 -0.260396
v 0.092856 0.208801 -0.260396
v 0.138465 0.208801 -0.260396
v 0.138236 0.208801 -0.260396
v 0.138221 0.208801 -0.260396
v 0.138118 0.208801 -0.260396
v 0.106524 0.208801 -0.260396
v 0.106209 0.208801 -0.260396
v 0.095073 0.208801 -0.260396
v 0.139908 0.208870 -0.260396
v 0.161454 0.216965 -0.260396
v 0.139725 0.208801 -0.260396
v 0.223334 0.251140 -0.260396
v 0.219293 0.246087 -0.260396
v 0.252183 0.292152 -0.260396
v 0.242366 0.302321 -0.260396
v 0.240528 0.306873 -0.260396
v 0.227798 0.299773 -0.260396
v 0.195971 0.291539 -0.260396
v 0.186229 0.287878 -0.260396
v 0.168761 0.289748 -0.260396
v 0.071838 0.208801 -0.260396
v 0.070447 0.208801 -0.260396
v 0.058125 0.208801 -0.260396
v 0.043756 0.208801 -0.260396
v 0.057054 0.208801 -0.260396
v 0.042751 0.208801 -0.260396
v 0.041815 0.208801 -0.260396
v -0.297384 0.208801 -0.260396
v -0.297724 0.208801 -0.260396
v -0.298286 0.208801 -0.260396
v -0.339708 0.208801 -0.260396
v -0.340130 0.208801 -0.260396
v -0.362671 0.208801 -0.260396
v -0.332913 0.208801 -0.260396
v -0.324554 0.208801 -0.260396
v -0.315973 0.208801 -0.260396
v -0.274779 0.208801 -0.260396
v -0.271970 0.208801 -0.260396
v -0.265627 0.208801 -0.260396
v -0.258619 0.208801 -0.260396
v -0.229399 0.208801 -0.260396
v -0.220552 0.208801 -0.260396
v -0.233615 0.208801 -0.260396
v -0.234611 0.208801 -0.260396
v -0.281220 0.208801 -0.260396
v -0.281253 0.208801 -0.260396
v -0.449336 0.208801 -0.260396
v -0.449581 0.208801 -0.260396
v -0.448864 0.208801 -0.260396
v -0.447206 0.208801 -0.260396
v -0.416074 0.208801 -0.260396
v -0.416649 0.208801 -0.260396
v -0.413866 0.208801 -0.260396
v -0.389913 0.208801 -0.260396
v -0.389981 0.208801 -0.260396
v -0.389861 0.208801 -0.260396
v -0.381765 0.208801 -0.260396
v -0.382592 0.208801 -0.260396
v -0.387410 0.208801 -0.260396
v -0.370171 0.208801 -0.260396
v -0.364491 0.208801 -0.260396
v -0.373559 0.208801 -0.260396
v -0.374104 0.208801 -0.260396
v -0.374346 0.208801 -0.260396
v -0.456102 0.233045 -0.260396
v -0.460828 0.233075 -0.260396
v -0.433421 0.231140 -0.260396
v -0.417711 0.231313 -0.260396
v -0.382720 0.230831 -0.260396
v -0.370484 0.232070 -0.260396
v -0.350906 0.235024 -0.260396
v -0.291138 0.232079 -0.260396
v -0.289197 0.232209 -0.260396
v -0.260396 0.239022 -0.260396
v -0.290049 0.232046 -0.260396
v -0.142744 0.215722 -0.260396
v -0.158439 0.217534 -0.260396
v -0.135939 0.216075 -0.260396
v -0.130065 0.215932 -0.260396
v -0.139382 0.228235 -0.260396
v -0.150375 0.234473 -0.260396
v -0.113950 0.214907 -0.260396
v 0.122551 0.327940 -0.260396
v 0.102052 0.342528 -0.260396
v 0.095597 0.358730 -0.260396
v 0.091711 0.382632 -0.260396
v 0.019407 0.427555 -0.260396
v -0.004974 0.415709 -0.260396
v 0.040401 0.424095 -0.260396
v -0.193664 0.304501 -0.260396
v -0.179060 0.304777 -0.260396
v -0.198886 0.297149 -0.260396
v -0.197309 0.290878 -0.260396
v -0.175366 0.257600 -0.260396
v -0.171751 0.253047 -0.260396
v -0.069497 0.324033 -0.260396
v -0.074878 0.320652 -0.260396
v -0.045785 0.359611 -0.260396
v -0.110457 0.291399 -0.260396
v -0.089673 0.307589 -0.260396
v -0.114151 0.292283 -0.260396
v -0.137227 0.289316 -0.260396
v -0.162769 0.297635 -0.260396
v -0.174761 0.304462 -0.260396
v -0.045558 0.368957 -0.260396
v -0.036358 0.390909 -0.260396
v -0.160264 0.208801 -0.260396
v -0.161322 0.208801 -0.260396
v -0.163132 0.208801 -0.260396
v -0.192030 0.208801 -0.260396
v -0.187238 0.208801 -0.260396
v -0.198984 0.208801 -0.260396
v -0.204719 0.208801 -0.260396
v -0.204851 0.208801 -0.260396
v -0.210792 0.208801 -0.260396
v -0.212673 0.208801 -0.260396
v -0.215194 0.208801 -0.260396
v -0.217579 0.208801 -0.260396
v -0.513398 0.208801 -0.260396
v -0.513594 0.208801 -0.260396
v -0.513751 0.208801 -0.260396
v -0.526653 0.208801 -0.260396
v -0.526681 0.208801 -0.260396
v -0.526700 0.208801 -0.260396
v -0.523698 0.216597 -0.260396
v -0.521704 0.218491 -0.260396
v -0.523884 0.216421 -0.260396
v -0.531016 0.208801 -0.260396
v -0.498620 0.208801 -0.260396
v -0.476272 0.208801 -0.260396
v -0.499380 0.208801 -0.260396
v -0.474824 0.208801 -0.260396
v -0.470105 0.208801 -0.260396
v -0.470457 0.208801 -0.260396
v -0.475691 0.230402 -0.260396
v -0.483579 0.227498 -0.260396
v -0.499417 0.221491 -0.260396
v -0.519381 0.219130 -0.260396
v -0.526549 0.208801 -0.260396
v -0.249088 0.238260 -0.260396
v -0.234830 0.233835 -0.260396
v -0.222679 0.229345 -0.260396
v -0.205028 0.225258 -0.260396
v -0.181069 0.222255 -0.260396
v -0.166672 0.208801 -0.260396
v -0.172766 0.208801 -0.260396
v -0.181139 0.208801 -0.260396
v 0.061069 0.415226 -0.260396
v 0.083892 0.398077 -0.260396
v 0.127483 0.318890 -0.260396
v 0.155864 0.300289 -0.260396
v -0.165925 0.246541 -0.260396
v -0.174790 0.221265 -0.260396
v -0.407697 0.208801 -0.260396
v -0.438273 0.208801 -0.260396
v -0.293032 0.208801 -0.260396
v -0.294228 0.208801 -0.260396
v -0.254643 0.208801 -0.260396
v -0.255222 0.208801 -0.260396
v -0.240165 0.208801 -0.260396
v -0.297018 0.208801 -0.260396
v 0.029677 0.208801 -0.260396
v 0.077061 0.208801 -0.260396
v 0.077412 0.208801 -0.260396
v 0.217461 0.243719 -0.260396
v 0.189277 0.227060 -0.260396
v 0.180451 0.222382 -0.260396
v -0.112971 0.208801 -0.260396
v -0.130334 0.208801 -0.260396
v -0.129283 0.208801 -0.260396
v -0.126372 0.208801 -0.260396
v -0.098222 0.208801 -0.260396
v -0.068468 0.208801 -0.260396
v -0.012199 0.208801 -0.260396
v 0.097984 0.208801 0.406045
v 0.092083 0.208801 0.411945
v 0.091862 0.208801 0.412167
v 0.074383 0.208801 0.429645
v 0.074775 0.208801 0.429254
v 0.071580 0.208801 0.432449
v 0.071120 0.208801 0.432909
v 0.064202 0.208801 0.439827
v 0.064061 0.208801 0.439968
v 0.027899 0.208801 0.476130
v 0.033774 0.208801 0.470255
v 0.027182 0.208801 0.476847
v 0.013491 0.208801 0.490538
v 0.013399 0.208801 0.490630
v 0.106111 0.208801 0.397918
v 0.109307 0.208801 0.394722
v 0.103378 0.208801 0.400650
v 0.103265 0.208801 0.400764
v 0.101914 0.208801 0.402115
v 0.098133 0.208801 0.405896
v 0.041951 0.208801 0.462078
v 0.041286 0.208801 0.462743
v 0.041279 0.208801 0.462750
v 0.041230 0.208801 0.462799
v 0.033864 0.208801 0.470165
v 0.011775 0.208801 0.492253
v -0.003589 0.208801 0.507617
v -0.005935 0.270200 0.509964
v 0.009630 0.263579 0.494399
v 0.011303 0.262959 0.492726
v 0.059080 0.252298 0.444949
v 0.094215 0.257012 0.409814
v 0.098132 0.258965 0.405897
v 0.107728 0.262968 0.396301
v 0.152239 0.208801 0.351790
v 0.167271 0.208801 0.336758
v 0.150956 0.208801 0.353072
v 0.149331 0.208801 0.354698
v 0.144470 0.208801 0.359558
v 0.134261 0.208801 0.369768
v 0.130408 0.208801 0.373621
v 0.124350 0.208801 0.379679
v 0.114679 0.208801 0.389350
v 0.109556 0.208801 0.394472
v 0.120361 0.208801 0.383667
v 0.114953 0.208801 0.389076
v 0.171604 0.208801 0.332425
v 0.170751 0.208801 0.333278
v 0.171825 0.208801 0.332204
v 0.198268 0.208801 0.305760
v 0.195823 0.208801 0.308205
v 0.194920 0.208801 0.309109
v 0.194677 0.208801 0.309352
v 0.192558 0.208801 0.311471
v 0.181855 0.208801 0.322174
v 0.217275 0.208801 0.286754
v 0.221660 0.208801 0.282368
v 0.211784 0.208801 0.292245
v 0.210875 0.208801 0.293154
v 0.209505 0.208801 0.294524
v 0.224224 0.208801 0.279805
v 0.130511 0.269907 0.373518
v 0.135464 0.275953 0.368565
v 0.148203 0.277540 0.355826
v 0.181740 0.267702 0.322289
v 0.186819 0.266473 0.317210
v 0.192820 0.263029 0.311209
v 0.206067 0.258233 0.297962
v 0.348543 0.279243 0.155486
v 0.360130 0.286376 0.143899
v 0.344427 0.274756 0.159602
v 0.405991 0.208801 0.098038
v 0.417302 0.208801 0.086727
v 0.405541 0.208801 0.098488
v 0.402780 0.208801 0.101248
v 0.392203 0.208801 0.111826
v 0.390621 0.208801 0.113408
v 0.387693 0.208801 0.116336
v 0.371310 0.208801 0.132719
v 0.367050 0.208801 0.136979
v 0.366728 0.208801 0.137301
v 0.349668 0.208801 0.154361
v 0.346459 0.208801 0.157570
v 0.345499 0.208801 0.158530
v 0.332511 0.208801 0.171518
v 0.352670 0.208801 0.151359
v 0.365464 0.208801 0.138565
v 0.214399 0.254880 0.289630
v 0.210498 0.256354 0.293531
v 0.230041 0.249933 0.273988
v 0.239594 0.248619 0.264435
v 0.260905 0.246003 0.243124
v 0.292328 0.241473 0.211701
v 0.309053 0.247684 0.194976
v 0.317498 0.250801 0.186531
v 0.334192 0.265598 0.169836
v 0.239651 0.208801 0.264377
v 0.246310 0.208801 0.257719
v 0.232327 0.208801 0.271702
v 0.248944 0.208801 0.255085
v 0.255408 0.208801 0.248621
v 0.257557 0.208801 0.246472
v 0.290958 0.208801 0.213071
v 0.290668 0.208801 0.213361
v 0.297436 0.208801 0.206593
v 0.316521 0.208801 0.187508
v 0.310998 0.208801 0.193031
v 0.326435 0.208801 0.177594
v 0.331807 0.208801 0.172222
v 0.384206 0.296970 0.119823
v 0.396870 0.299271 0.107159
v 0.420158 0.300253 0.083871
v 0.447714 0.282908 0.056315
v 0.443807 0.287881 0.060222
v 0.430763 0.297540 0.073266
v 0.451012 0.274818 0.053017
v 0.453094 0.266140 0.050935
v 0.459462 0.240753 0.044566
v 0.461585 0.230465 0.042444
v 0.467035 0.227054 0.036994
v 0.480100 0.213704 0.023929
v 0.481758 0.209482 0.022271
v 0.482025 0.208801 0.022003
v 0.478022 0.208801 0.026006
v 0.477566 0.208801 0.026463
v 0.466627 0.208801 0.037402
v 0.466393 0.208801 0.037636
v 0.465964 0.208801 0.038065
v 0.435488 0.208801 0.068541
v 0.432530 0.208801 0.071498
v 0.432126 0.208801 0.071903
v 0.431826 0.208801 0.072203
v 0.419294 0.208801 0.084735
v 0.417979 0.208801 0.086050
v 0.421096 0.208801 0.082933
v 0.477809 0.217688 0.026219
v 0.474588 0.223289 0.029441
v 0.463893 0.208801 0.040136
v 0.260977 0.208801 0.243052
v 0.264104 0.208801 0.239925
v 0.267734 0.208801 0.236295
v 0.274217 0.208801 0.229812
v 0.289267 0.208801 0.214762
v 0.288707 0.208801 0.215322
v 0.288285 0.208801 0.215744
v 0.287476 0.208801 0.216553
v 0.277346 0.208801 0.226683
v 0.385625 0.208801 0.118403
v 0.386203 0.208801 0.117826
v 0.387517 0.208801 0.116512
v 0.153733 0.277940 0.350296
v 0.176640 0.269058 0.327389
v 0.174615 0.208801 0.329414
v 0.148886 0.208801 0.355143
v 0.146145 0.208801 0.357884
v 0.048523 0.252300 0.455506
v 0.014009 0.262308 0.490020
v -0.009751 0.208801 0.513780
v -0.006239 0.208801 0.510268
v 0.054154 0.208801 0.449875
v 0.042095 0.208801 0.461934
v 0.124048 0.208801 0.379981
v 0.133866 0.208801 0.370163
v 0.146039 0.208801 0.357990
v 0.149127 0.208801 0.354902
v 0.149152 0.208801 0.354876
v -0.003647 0.208801 0.507676
v 0.054445 0.208801 0.449584
v 0.057508 0.208801 0.446520
v 0.057634 0.208801 0.446395
v 0.088318 0.208801 0.415711
v 0.088694 0.208801 0.415335
v 0.089170 0.208801 0.414859
v -0.020111 0.270771 0.505831
v -0.041961 0.268982 0.483981
v -0.010956 0.271521 0.514985
v -0.010956 0.268102 0.514985
v -0.010956 0.261213 0.514985
v -0.010957 0.221404 0.514986
v -0.010956 0.216848 0.514985
v -0.010956 0.211054 0.514985
v -0.010956 0.226461 0.514985
v -0.010956 0.226564 0.514985
v -0.010956 0.243809 0.514985
v -0.010956 0.255434 0.514985
v -0.010956 0.256298 0.514985
v -0.010957 0.256344 0.514986
v -0.091395 0.259838 0.434547
v -0.112658 0.256170 0.413284
v -0.078029 0.261964 0.447913
v -0.076050 0.262498 0.449892
v -0.074165 0.262939 0.451777
v -0.069170 0.263624 0.456771
v -0.037958 0.208801 0.487984
v -0.041649 0.208801 0.484293
v -0.013373 0.208801 0.512569
v -0.013210 0.208801 0.512732
v -0.144637 0.245317 0.381305
v -0.160050 0.241983 0.365892
v -0.141243 0.246488 0.384699
v -0.071240 0.208801 0.454702
v -0.073716 0.208801 0.452226
v -0.070238 0.208801 0.455704
v -0.066851 0.208801 0.459091
v -0.056556 0.208801 0.469386
v -0.054066 0.208801 0.471876
v -0.052139 0.208801 0.473803
v -0.044599 0.208801 0.481343
v -0.111215 0.208801 0.414727
v -0.098497 0.208801 0.427445
v -0.096208 0.208801 0.429734
v -0.115910 0.208801 0.410032
v -0.123077 0.208801 0.402865
v -0.111813 0.208801 0.414129
v -0.124946 0.208801 0.400996
v -0.125627 0.208801 0.400315
v -0.134775 0.208801 0.391167
v -0.137791 0.208801 0.388151
v -0.138895 0.208801 0.387047
v -0.145473 0.208801 0.380469
v -0.158958 0.208801 0.366984
v -0.159260 0.208801 0.366682
v -0.159472 0.208801 0.366470
v -0.238400 0.208801 0.287542
v -0.239715 0.208801 0.286227
v -0.239854 0.208801 0.286088
v -0.257127 0.208801 0.268815
v -0.253409 0.208801 0.272533
v -0.283228 0.208801 0.242714
v -0.286343 0.208801 0.239599
v -0.298767 0.208801 0.227176
v -0.288083 0.208801 0.237860
v -0.299658 0.208801 0.226284
v -0.302468 0.208801 0.223474
v -0.319187 0.208801 0.206755
v -0.320846 0.208801 0.205096
v -0.358812 0.208801 0.167130
v -0.349938 0.208801 0.176004
v -0.362009 0.208801 0.163933
v -0.375674 0.208801 0.150268
v -0.376835 0.208801 0.149108
v -0.392353 0.208801 0.133589
v -0.380552 0.208801 0.145390
v -0.397447 0.208801 0.128496
v -0.409464 0.208801 0.116478
v -0.410406 0.208801 0.115536
v -0.427747 0.208801 0.098196
v -0.415786 0.208801 0.110157
v -0.430307 0.208801 0.095635
v -0.430518 0.208801 0.095424
v -0.458426 0.208801 0.067516
v -0.444708 0.208801 0.081234
v -0.466577 0.208801 0.059365
v -0.467054 0.208801 0.058888
v -0.236826 0.208801 0.289116
v -0.235682 0.208801 0.290261
v -0.224601 0.208801 0.301341
v -0.224100 0.208801 0.301842
v -0.220908 0.208801 0.305034
v -0.218967 0.208801 0.306975
v -0.258188 0.222591 0.267754
v -0.262832 0.222629 0.263110
v -0.257655 0.222587 0.268287
v -0.216476 0.208801 0.309466
v -0.214069 0.208801 0.311873
v -0.213749 0.208801 0.312193
v -0.209796 0.208801 0.316146
v -0.204774 0.208801 0.321168
v -0.197393 0.231989 0.328549
v -0.240345 0.218780 0.285597
v -0.189632 0.234844 0.336310
v -0.178657 0.235393 0.347285
v -0.080060 0.208801 0.445882
v -0.083492 0.208801 0.442450
v -0.323696 0.208801 0.202247
v -0.324838 0.208801 0.201104
v -0.328639 0.208801 0.197304
v -0.332759 0.208801 0.193183
v -0.335630 0.208801 0.190312
v -0.348090 0.208801 0.177852
v -0.349282 0.208801 0.176660
v -0.349540 0.208801 0.176402
v -0.349566 0.208801 0.176377
v -0.349905 0.208801 0.176038
v -0.413964 0.208801 0.111979
v -0.415647 0.208801 0.110295
v -0.476058 0.208801 0.049885
v -0.479767 0.208801 0.046176
v -0.479895 0.208801 0.046047
v -0.536563 0.208801 -0.010620
v -0.530984 0.208801 -0.005042
v -0.539909 0.208801 -0.013966
v -0.540849 0.208801 -0.014907
v -0.562131 0.208801 -0.036188
v -0.569936 0.208801 -0.043994
v -0.571560 0.208801 -0.045617
v -0.618409 0.208801 -0.092467
v -0.619114 0.208801 -0.093172
v -0.623382 0.208801 -0.097439
v -0.612715 0.218746 -0.086773
v -0.618690 0.220679 -0.092747
v -0.611425 0.218328 -0.085483
v -0.598483 0.208801 -0.072540
v -0.597015 0.208801 -0.071072
v -0.594818 0.208801 -0.068875
v -0.593523 0.208801 -0.067581
v -0.591173 0.208801 -0.065230
v -0.573537 0.208801 -0.047594
v -0.548372 0.208801 -0.022429
v -0.540906 0.208801 -0.014963
v -0.275438 0.218470 0.250504
v -0.288244 0.221011 0.237698
v -0.290123 0.240386 0.235819
v -0.292817 0.248002 0.233126
v -0.303721 0.265787 0.222221
v -0.310187 0.274851 0.215756
v -0.317713 0.282013 0.208229
v -0.322153 0.285352 0.203790
v -0.345045 0.288189 0.180897
v -0.347941 0.288614 0.178001
v -0.349412 0.288255 0.176530
v -0.364656 0.281286 0.161287
v -0.372724 0.277519 0.153218
v -0.373909 0.277166 0.152034
v -0.375774 0.276450 0.150169
v -0.429566 0.242035 0.096376
v -0.428204 0.243028 0.097738
v -0.430119 0.241811 0.095823
v -0.241080 0.218951 0.284862
v -0.240540 0.218771 0.285402
v -0.240448 0.218750 0.285494
v -0.498371 0.208801 0.027571
v -0.500185 0.208801 0.025758
v -0.500203 0.208801 0.025740
v -0.501471 0.208801 0.024472
v -0.518422 0.208801 0.007520
v -0.519417 0.208801 0.006526
v -0.624170 0.208801 -0.098227
v -0.624607 0.208801 -0.098664
v -0.625511 0.208801 -0.099569
v -0.636322 0.208801 -0.110379
v -0.636703 0.208801 -0.110761
v -0.642328 0.208801 -0.116386
v -0.642204 0.209038 -0.116262
v -0.637840 0.217345 -0.111897
v -0.634494 0.221478 -0.108552
v -0.630851 0.222290 -0.104908
v -0.626010 0.222776 -0.100067
v -0.607402 0.229710 -0.081459
v -0.603597 0.231427 -0.077655
v -0.611473 0.224568 -0.085531
v -0.583791 0.228214 -0.057848
v -0.468955 0.223574 0.056987
v -0.496317 0.227103 0.029625
v -0.465439 0.224587 0.060504
v -0.511371 0.225077 0.014571
v -0.551044 0.226488 -0.025102
v -0.529636 0.224968 -0.003693
v -0.569576 0.226816 -0.043633
v -0.625784 0.208801 -0.099841
v -0.514318 0.208801 0.011625
v -0.513207 0.208801 0.012735
v -0.501483 0.208801 0.024459
v -0.491344 0.208801 0.034599
v -0.498303 0.208801 0.027639
v -0.399674 0.265288 0.126268
v -0.392184 0.270518 0.133759
v -0.605220 0.208801 -0.079278
v -0.609202 0.208801 -0.083259
v -0.527279 0.208801 -0.001337
v -0.482911 0.208801 0.043031
v -0.482810 0.208801 0.043132
v -0.433152 0.208801 0.092790
v -0.443851 0.208801 0.082092
v -0.413697 0.208801 0.112245
v -0.380248 0.208801 0.145694
v -0.333177 0.208801 0.192765
v -0.324958 0.208801 0.200985
v -0.323428 0.208801 0.202514
v -0.287888 0.208801 0.238054
v -0.249678 0.208801 0.276264
v -0.242249 0.208801 0.283693
v -0.242019 0.208801 0.283923
v -0.238251 0.208801 0.287691
v -0.147148 0.208801 0.378795
v -0.119353 0.254208 0.406589
v -0.114970 0.255148 0.410972
v -0.010956 0.208801 0.514985
vn -0.0000 -1.0000 -0.0000
vn -0.0000 -1.0000 0.0001
vn -0.0000 -1.0000 -0.0001
vn -0.0000 -1.0000 -0.0004
vn 0.0001 -1.0000 -0.0000
vn -0.0000 -1.0000 0.0004
vn -0.0000 -0.0000 -1.0000
vn -0.0026 -0.0010 -1.0000
vn 0.0001 -0.0000 -1.0000
vn -0.0002 -0.0001 -1.0000
vn 0.0002 0.0001 -1.0000
vn -0.0001 -0.0001 -1.0000
vn -0.0001 -0.0000 -1.0000
vn 0.0004 0.0002 -1.0000
vn -0.0008 -0.0004 -1.0000
vn -0.0000 -0.0001 -1.0000
vn 0.0002 0.0002 -1.0000
vn -0.0002 -0.0002 -1.0000
vn 0.7071 -0.0000 0.7071
vn 0.7071 -0.0001 0.7071
vn 0.7073 0.0004 0.7070
vn 0.7072 -0.0000 0.7070
vn 0.7073 0.0001 0.7070
vn 0.7077 0.0001 0.7065
vn 0.7070 0.0004 0.7073
vn 0.7070 -0.0001 0.7072
vn 0.7071 -0.0002 0.7071
vn 0.7073 0.0001 0.7069
vn 0.7074 0.0002 0.7068
vn 0.7071 -0.0001 0.7072
vn 0.7071 0.0001 0.7071
vn 0.7070 -0.0000 0.7072
vn 0.7066 -0.0002 0.7076
vn 0.7189 0.3109 -0.6217
vn 0.7072 -0.0000 0.7071
vn 0.7071 -0.0000 0.7072
vn 0.7072 0.0002 0.7070
vn 0.7068 -0.0000 0.7074
vn 0.7056 -0.0007 0.7086
vn 0.6972 -0.0092 0.7168
vn 0.7076 0.0005 0.7066
vn 0.7072 0.0001 0.7070
vn 0.7069 -0.0003 0.7073
vn -0.7071 -0.0000 0.7071
vn -0.7073 -0.0000 0.7069
vn -0.7073 -0.0001 0.7069
vn -0.7070 -0.0001 0.7072
vn -0.7075 -0.0007 0.7067
vn -0.7073 -0.0003 0.7069
vn -0.7070 0.0002 0.7072
vn -0.7070 0.0001 0.7072
vn -0.7071 -0.0001 0.7071
vn -0.7070 0.0007 0.7072
vn -0.7068 0.0008 0.7074
vn -0.7070 -0.0003 0.7072
vn -0.7071 0.0001 0.7072
vn -0.7069 0.0003 0.7073
vn -0.7071 -0.0000 0.7072
vn -0.7072 -0.0001 0.7070
vn -0.7070 0.0001 0.7073
vn -0.7068 0.0002 0.7074
vn -0.7071 0.0001 0.7071
vn -0.7070 0.0005 0.7072
vn -0.7074 -0.0004 0.7068
vn -0.7071 0.0004 0.7071
vn -0.7080 -0.0020 0.7062
vn -0.7068 -0.0000 0.7074
vn -0.7071 0.0002 0.7071
vn -0.7070 0.0021 0.7072
vn -0.7071 0.0016 0.7072
vn -0.7072 -0.0000 0.7070
vn -0.7071 -0.0001 0.7072
vn -0.7070 0.0082 0.7071
vn -0.7056 0.0023 0.7086
vn -0.7072 -0.0001 0.7071
vn -0.7068 -0.0047 0.7074
vn -0.7072 -0.0004 0.7070
vn -0.7072 -0.0005 0.7071
vn -0.7105 -0.0193 0.7035
vn -0.7070 0.0003 0.7072
vn -0.7067 -0.0007 0.7075
vn -0.2519 0.9599 -0.1231
vn -0.1146 0.9868 -0.1148
vn 0.0001 0.9605 -0.2784
vn 0.0001 0.9604 -0.2785
vn 0.2018 0.9576 -0.2055
vn 0.0889 0.9815 -0.1693
vn -0.0518 0.9987 0.0014
vn 0.0243 0.9997 0.0021
vn 0.0635 0.9979 -0.0140
vn -0.4334 -0.8270 -0.3582
vn -0.9671 -0.2433 -0.0743
vn -0.7567 0.5375 0.3720
vn -0.0131 0.6931 0.7207
vn 0.0537 0.7325 0.6787
vn 0.4004 0.7033 0.5874
vn 0.3057 0.9386 0.1601
vn -0.1181 0.9185 -0.3775
vn -0.1181 0.9184 -0.3775
vn 0.2154 0.8998 -0.3795
vn -0.5036 0.6464 -0.5732
vn -0.5035 0.6464 -0.5732
vn -0.6211 0.7035 -0.3454
vn -0.4693 0.7468 -0.4711
vn -0.6955 0.4635 -0.5490
vn -0.3017 0.9488 0.0941
vn -0.3708 0.9243 0.0902
vn -0.4533 0.8912 -0.0142
vn -0.1120 0.9868 -0.1168
vn -0.0812 0.9442 -0.3194
vn -0.0769 0.9527 -0.2942
vn -0.0811 0.9513 -0.2974
vn -0.5752 0.7932 -0.2001
vn -0.5957 0.7877 -0.1573
vn -0.0375 0.9764 -0.2127
vn -0.0767 0.9855 -0.1511
vn -0.1174 0.9587 -0.2592
vn 0.2311 0.9706 -0.0677
vn 0.0735 0.9806 0.1818
vn 0.0298 0.9109 -0.4116
vn 0.1599 0.9491 -0.2713
vn 0.1727 0.9369 -0.3039
vn 0.0603 0.9604 -0.2719
vn 0.0860 0.9638 -0.2523
vn 0.0797 0.9395 -0.3332
vn 0.0828 0.9487 -0.3052
vn 0.1233 0.9591 -0.2548
vn 0.0453 0.9706 -0.2365
vn -0.1850 0.9793 -0.0815
vn -0.4368 -0.8018 0.4078
vn -0.5265 -0.7939 0.3043
vn -0.9097 0.1366 0.3921
vn -0.9040 0.1181 0.4108
vn -0.6701 0.5696 0.4760
vn -0.3377 0.9373 0.0861
vn -0.1831 0.9825 0.0337
vn -0.5316 -0.4461 0.7200
vn -0.9562 -0.1012 0.2746
vn -0.9373 0.3389 0.0816
vn -0.9329 0.3569 -0.0492
vn -0.5495 0.8075 -0.2145
vn -0.5881 0.8088 -0.0047
vn -0.4897 0.8703 0.0535
vn -0.8886 0.4582 0.0216
vn -0.9483 0.3027 0.0953
vn -0.8585 0.4970 0.1263
vn -0.1676 0.9832 -0.0719
vn -0.1483 0.9602 -0.2369
vn -0.9887 -0.1084 0.1038
vn 0.1453 0.9253 -0.3502
vn -0.1845 0.9727 -0.1405
vn 0.2065 0.9473 -0.2450
vn -0.0868 0.9632 -0.2542
vn -0.7073 0.7044 0.0599
vn -0.9719 -0.2249 0.0698
vn -0.8488 0.4969 0.1805
vn -0.9036 -0.0072 0.4283
vn -0.9591 -0.0120 0.2830
vn -0.7331 0.6753 0.0806
vn -0.5736 0.7448 0.3409
vn -0.9207 -0.2619 0.2892
vn -0.9229 -0.3550 0.1492
vn -0.8515 -0.4856 0.1979
vn -0.6560 0.7489 0.0938
vn -0.5252 0.7075 0.4728
vn 0.1933 0.9558 0.2214
vn -0.0931 0.6107 0.7863
vn -0.5494 0.8329 0.0673
vn 0.0026 0.9714 0.2374
vn -0.6943 0.6022 0.3941
vn -0.6700 0.6149 0.4159
vn -0.8514 -0.5222 -0.0489
vn -0.7514 -0.6576 -0.0543
vn -0.7246 -0.6827 0.0945
vn -0.7598 -0.6468 0.0660
vn -0.2522 0.9668 0.0409
vn 0.1555 0.9871 0.0388
vn 0.2219 0.9725 0.0702
vn -0.3835 0.7967 0.4672
vn -0.6396 -0.7589 0.1226
vn 0.1143 0.9899 0.0833
vn 0.1956 0.9723 0.1283
vn -0.1271 0.9866 0.1021
vn -0.0566 0.9950 0.0827
vn 0.4938 0.8695 -0.0045
vn 0.3698 0.8901 0.2663
vn 0.1634 0.9832 0.0809
vn 0.3433 0.9292 -0.1368
vn 0.2237 0.9659 -0.1302
vn 0.2946 0.9492 -0.1109
vn -0.2299 0.9721 -0.0455
vn 0.0664 0.9860 -0.1526
vn -0.2300 0.9721 -0.0455
vn -0.1776 0.9745 -0.1375
vn 0.0768 0.9659 -0.2473
vn -0.0210 0.9588 -0.2832
vn 0.0333 0.9738 -0.2251
vn 0.0490 0.9952 -0.0850
vn -0.3011 0.9446 -0.1307
vn -0.3306 0.9377 -0.1072
vn -0.1949 0.9761 -0.0958
vn -0.2361 0.9625 -0.1335
vn -0.2380 0.9649 -0.1109
vn -0.2379 0.9649 -0.1109
vn 0.0137 0.9925 -0.1212
vn -0.0997 0.9850 -0.1407
vn -0.1458 0.9659 -0.2141
vn 0.0002 0.9807 -0.1957
vn -0.0730 0.9709 -0.2282
vn -0.0396 0.9951 -0.0903
vn -0.0984 0.9865 -0.1309
vn -0.0792 0.9968 0.0080
vn -0.0854 0.9963 0.0072
vn 0.0229 0.9989 -0.0413
vn -0.1859 0.9765 -0.1094
vn -0.1078 0.9875 -0.1151
vn -0.0480 0.9898 -0.1345
vn -0.0005 0.9840 -0.1784
vn -0.1725 0.9671 -0.1871
vn -0.2552 0.9588 -0.1245
vn -0.1982 0.9775 -0.0723
vn -0.0230 0.9809 -0.1930
vn 0.3473 0.8492 -0.3977
vn 0.3272 0.8490 -0.4149
vn 0.6743 0.6616 -0.3280
vn 0.3815 0.8887 -0.2543
vn 0.6306 0.7722 0.0786
vn 0.8253 0.5123 -0.2378
vn 0.9985 0.0048 -0.0552
vn 0.5940 0.7714 0.2280
vn 0.6341 0.7289 0.2581
vn 0.9834 0.0879 0.1589
vn 0.9760 0.1527 0.1554
vn 0.6295 0.7305 0.2648
vn 0.8833 -0.4469 -0.1417
vn 0.8844 -0.4551 -0.1036
vn 0.8066 -0.5911 0.0082
vn 0.9992 -0.0274 0.0283
vn 0.8141 -0.5759 0.0744
vn 0.9260 -0.3665 0.0905
vn 0.9347 -0.3378 0.1103
vn 0.8009 -0.5958 0.0600
vn 0.7926 -0.5827 0.1797
vn 0.9671 -0.0213 0.2534
vn 0.9671 -0.0212 0.2534
vn 0.9566 0.1850 0.2252
vn 0.2132 0.9647 -0.1545
vn 0.1301 0.9606 -0.2456
vn 0.1545 0.9877 -0.0259
vn 0.1545 0.9876 -0.0259
vn 0.2121 0.9702 0.1175
vn 0.1549 0.9829 0.0992
vn 0.1804 0.9834 -0.0178
vn 0.1696 0.9851 -0.0277
vn 0.2784 0.9214 -0.2710
vn -0.1279 0.9767 -0.1722
vn -0.1185 0.9781 -0.1711
vn 0.1626 0.9845 0.0657
vn 0.1865 0.9728 0.1374
vn 0.3264 0.9375 -0.1207
vn 0.3263 0.9375 -0.1207
vn -0.1073 0.8973 -0.4283
vn -0.1074 0.9710 -0.2134
vn 0.0711 0.9833 -0.1676
vn 0.1207 0.9741 -0.1910
vn 0.0878 0.9344 -0.3454
vn 0.0518 0.9673 -0.2482
vn 0.0328 0.9696 -0.2425
vn -0.2818 0.9553 -0.0890
vn -0.1973 0.9633 -0.1820
vn -0.0751 0.9916 -0.1056
vn 0.0041 0.9999 0.0166
vn -0.0580 0.9981 0.0207
vn -0.4828 -0.8199 0.3078
vn -0.3098 -0.8553 0.4153
vn -0.2372 -0.7792 0.5801
vn 0.1931 -0.9656 0.1744
vn -0.3044 -0.8552 0.4196
vn -0.0155 -0.9876 0.1562
vn 0.0271 -0.4547 0.8902
vn -0.4198 -0.6787 0.6026
vn 0.0292 -0.4475 0.8938
vn -0.0946 0.5068 0.8569
vn 0.0084 0.8030 0.5960
vn 0.7515 0.4944 0.4368
vn 0.7460 0.5153 0.4218
vn 0.4190 0.8972 0.1396
vn 0.1662 0.9804 0.1060
vn 0.4720 -0.6128 0.6338
vn -0.1404 -0.6105 0.7795
vn -0.1506 -0.3988 0.9046
vn 0.2757 -0.2982 0.9138
vn 0.3648 -0.0245 0.9308
vn -0.0571 0.1029 0.9931
vn -0.8295 0.0032 0.5585
vn -0.8910 0.3708 -0.2621
vn -0.7586 0.5903 -0.2759
vn -0.3552 0.7602 -0.5440
vn -0.0676 0.8790 -0.4720
vn 0.3943 0.7287 -0.5599
vn 0.4922 0.8460 -0.2052
vn 0.6078 0.7643 -0.2155
vn 0.5991 0.8006 -0.0134
vn 0.4877 0.8679 -0.0944
vn 0.2491 0.9382 0.2403
vn 0.6651 0.7464 0.0237
vn 0.6677 0.7371 0.1040
vn 0.0244 0.7547 0.6556
vn -0.1129 0.6167 0.7791
vn -0.0453 0.6045 0.7953
vn -0.0178 0.7536 0.6571
vn -0.7359 0.6755 -0.0474
vn -0.2765 0.7606 0.5875
vn -0.0788 0.8910 0.4472
vn -0.9244 0.2851 0.2533
vn -0.5334 0.8343 0.1393
vn -0.6918 0.5016 0.5195
vn -0.7446 0.6667 -0.0335
vn -0.1360 0.9888 0.0616
vn -0.0515 0.9941 -0.0950
vn -0.0961 0.9850 -0.1436
vn 0.3125 0.9485 -0.0509
vn 0.2393 0.9646 -0.1110
vn -0.5713 0.7827 0.2471
vn -0.5382 0.8035 -0.2543
vn 0.1729 0.9709 0.1659
vn 0.0617 0.5509 0.8323
vn -0.1128 0.9327 0.3425
vn -0.1259 0.3335 0.9343
vn -0.1427 0.3654 0.9198
vn 0.0307 0.1651 0.9858
vn -0.2919 0.8879 0.3556
vn -0.7722 0.5535 0.3120
vn -0.5634 0.7816 -0.2676
vn -0.6009 0.7328 -0.3193
vn -0.4149 0.4594 -0.7854
vn -0.1392 0.8421 -0.5211
vn 0.0045 1.0000 0.0057
vn 0.3055 0.9255 0.2237
vn 0.5833 0.7961 0.1612
vn 0.0316 0.8227 0.5676
vn -0.0070 0.8308 0.5565
vn -0.1682 0.1360 0.9763
vn 0.4222 0.3329 0.8432
vn 0.1423 0.8981 0.4162
vn -0.4345 0.6662 0.6061
vn 0.0194 -0.2959 0.9550
vn -0.7962 0.0072 0.6051
vn -0.7038 0.0417 0.7092
vn -0.7561 0.1395 0.6394
vn -0.8903 0.3084 0.3351
vn -0.1648 0.0097 0.9863
vn -0.6244 0.7451 0.2345
vn -0.5782 0.7992 0.1642
vn -0.4653 0.5889 0.6608
vn -0.4654 0.5889 0.6608
vn 0.2602 -0.9126 -0.3154
vn 0.3308 -0.8804 -0.3398
vn 0.3308 -0.8804 -0.3397
vn 0.3307 -0.8806 -0.3394
vn 0.7629 -0.5720 0.3013
vn 0.9161 -0.2796 0.2874
vn 0.9532 -0.1563 0.2589
vn 0.9301 -0.1847 0.3175
vn 0.9097 -0.2943 0.2929
vn 0.5721 -0.8041 0.1615
vn 0.6394 -0.7533 0.1538
vn 0.5658 -0.8148 0.1265
vn 0.6960 -0.7157 0.0576
vn 0.4251 -0.8831 -0.1985
vn 0.6891 -0.7237 0.0373
vn 0.6891 -0.7236 0.0382
vn 0.7880 -0.6110 -0.0759
vn 0.7899 -0.6111 -0.0512
vn 0.7899 -0.6110 -0.0512
vn 0.5608 0.6861 -0.4635
vn 0.1029 0.9618 -0.2536
vn -0.3340 0.8888 0.3139
vn -0.2424 0.9371 0.2511
vn 0.8049 0.3249 0.4965
vn 0.6393 0.6172 0.4588
vn 0.8027 -0.5646 -0.1920
vn 0.7802 -0.6239 -0.0455
vn 0.2926 0.6044 0.7410
vn 0.6938 0.3989 0.5996
vn -0.3790 0.6795 0.6281
vn -0.0682 0.8172 0.5723
vn -0.0015 0.8272 0.5619
vn -0.2557 0.9512 0.1726
vn 0.6831 0.5959 0.4223
vn 0.6458 0.6795 0.3481
vn 0.9134 0.1212 0.3886
vn -0.0135 0.9340 0.3570
vn 0.3449 0.9356 0.0759
vn 0.7895 0.5084 0.3438
vn -0.1025 0.9947 -0.0024
vn -0.0505 0.9969 -0.0606
vn 0.5946 0.7874 0.1624
vn -0.0060 0.9985 -0.0548
vn 0.2976 0.9530 0.0566
vn 0.7606 0.6487 -0.0252
vn 0.6750 0.5317 0.5116
vn 0.6692 0.5650 0.4826
vn 0.3850 0.8378 0.3871
vn 0.6610 0.7503 -0.0129
vn 0.9576 -0.1998 0.2077
vn 0.6409 0.6824 0.3515
vn 0.7781 0.6050 0.1689
vn 0.7674 0.6307 0.1158
vn 0.5380 0.7341 0.4143
vn 0.5431 0.7407 0.3956
vn 0.4859 0.7882 0.3776
vn 0.0197 0.7688 0.6392
vn -0.1196 0.8884 0.4433
vn -0.4550 0.8147 0.3594
vn -0.5247 0.7108 0.4684
vn -0.8296 0.5177 0.2091
vn -0.9973 0.0734 0.0009
vn -0.9378 0.3463 0.0236
vn -0.8924 0.4397 0.1011
vn -0.8044 0.5136 0.2986
vn -0.5103 0.8112 0.2856
vn -0.5405 0.7176 0.4391
vn -0.5481 0.7323 0.4041
vn 0.0183 0.9996 0.0196
vn 0.2281 0.8711 0.4350
vn 0.7231 0.6444 0.2488
vn 0.7241 0.6458 0.2422
vn 0.7764 0.5109 0.3690
vn 0.7806 0.5074 0.3650
vn 0.7685 0.3403 -0.5418
vn 0.9437 0.3000 0.1398
vn 0.9794 0.2010 0.0198
vn 0.7835 0.0501 0.6194
vn 0.7414 0.0012 0.6711
vn 0.7874 0.3124 0.5313
vn 0.5789 0.3920 0.7149
vn 0.5803 0.7746 0.2516
vn 0.5868 0.7750 0.2345
vn 0.4631 0.6163 0.6370
vn 0.9766 0.1588 0.1453
vn 0.1177 0.7139 0.6903
vn 0.8778 0.4785 0.0205
vn 0.5482 0.8364 -0.0030
vn 0.5879 0.6512 0.4799
vn 0.4823 0.6777 -0.5550
vn 0.9000 0.3586 -0.2480
vn 0.8779 0.4444 0.1782
vn 0.3254 0.7583 0.5649
vn 0.1200 0.8837 0.4523
vn 0.0003 -0.0022 1.0000
vn -0.0090 0.0581 0.9983
vn -0.6877 -0.0037 0.7260
vn -0.4847 0.2874 0.8261
vn -0.0006 0.9141 0.4055
vn 0.6595 0.1218 0.7418
vn -0.4014 0.6331 0.6618
vn -0.3862 0.8795 0.2780
vn -0.1492 0.9874 0.0528
vn 0.0735 0.7888 -0.6103
vn 0.4616 0.5597 -0.6882
vn 0.4332 0.6286 -0.6459
vn 0.5046 0.6642 -0.5516
vn 0.3685 0.8790 0.3025
vn 0.0522 0.7467 0.6631
vn -0.1559 0.2930 0.9433
vn -0.4978 0.6509 0.5732
vn -0.1449 0.9060 0.3978
vn -0.1311 0.9827 0.1311
vn 0.8395 0.5215 -0.1524
vn 0.6500 0.7579 0.0552
vn 0.0161 0.9595 -0.2812
vn 0.9719 0.2283 -0.0573
vn 0.1723 0.5277 0.8318
vn 0.1728 0.5468 0.8192
vn 0.4574 0.1080 0.8827
vn 0.9468 0.3171 0.0552
vn 0.9940 0.1006 0.0428
vn 0.9484 0.2946 0.1170
vn 0.4188 0.7867 0.4535
vn 0.4070 0.9119 -0.0538
vn 0.1793 0.9747 0.1336
vn 0.0475 0.4815 0.8752
vn 0.1085 0.3653 0.9245
vn 0.8410 -0.2225 0.4932
vn 0.7632 0.3160 -0.5637
vn 0.8342 0.2251 0.5034
vn 0.8078 0.5867 0.0572
vn 0.1140 0.6246 0.7725
vn 0.0399 0.9915 -0.1237
vn 0.0838 0.8511 -0.5182
vn 0.4845 0.7874 0.3811
vn 0.8777 0.3828 -0.2884
vn 0.9305 0.3510 0.1046
vn 0.9852 0.1643 -0.0489
vn 0.7469 0.6600 -0.0810
vn 0.9741 -0.1203 0.1914
vn 0.6169 0.7545 0.2240
vn 0.9312 0.3584 0.0671
vn 0.9143 0.3859 0.1231
vn 0.5043 0.8626 0.0398
vn -0.1482 0.9529 -0.2644
vn -0.1759 0.9063 -0.3844
vn 0.9839 0.1701 -0.0544
vn 0.1692 0.9702 -0.1735
vn 0.0716 0.9931 -0.0931
vn 0.0493 0.9638 -0.2622
vn 0.6178 0.7860 -0.0209
vn 0.6398 0.7669 0.0512
vn -0.2962 0.9499 -0.0999
vn 0.4570 0.6901 0.5612
vn 0.2229 0.9747 -0.0180
vn -0.6319 0.7453 0.2126
vn -0.0051 0.9992 0.0384
vn 0.5482 0.8364 -0.0029
vn 0.4906 -0.8299 -0.2656
vn 0.4523 -0.8533 -0.2595
vn 0.6919 0.5898 0.4164
vn 0.2018 -0.9589 -0.1993
vn 0.9637 0.0113 0.2669
vn 0.8061 0.5723 0.1506
vn 0.4124 0.9109 -0.0134
vn 0.9166 -0.1772 0.3585
vn 0.7393 -0.5178 0.4304
vn 0.4631 -0.8167 0.3444
vn 0.4518 -0.8094 0.3752
vn 0.0422 -0.9412 0.3352
vn 0.0872 -0.9511 0.2964
vn 0.0963 -0.9468 0.3071
vn 0.5362 -0.7414 0.4036
vn 0.5387 -0.7842 0.3079
vn 0.1618 0.9828 -0.0890
vn 0.0643 0.9977 -0.0193
vn -0.1188 0.9927 -0.0189
vn 0.3297 0.8957 -0.2983
vn -0.0262 0.9633 0.2672
vn -0.5336 0.7528 0.3853
vn -0.3089 0.9314 -0.1928
vn -0.3324 0.9045 -0.2670
vn -0.1139 0.9336 -0.3398
vn 0.0864 0.8989 -0.4295
vn 0.0212 0.9467 -0.3215
vn 0.0015 0.9212 -0.3892
vn -0.0084 0.9326 -0.3608
vn -0.0084 0.9326 -0.3609
vn -0.0040 0.9897 -0.1428
vn -0.0258 0.9683 -0.2483
vn -0.0356 0.9791 -0.2004
vn -0.0893 0.9560 -0.2793
vn -0.1090 0.9787 -0.1737
vn -0.0348 0.9832 -0.1794
vn -0.0153 0.9771 -0.2121
vn -0.2009 0.8626 -0.4643
vn -0.1345 0.8514 -0.5070
vn -0.1387 0.9730 -0.1847
vn -0.1984 0.9737 -0.1124
vn -0.3712 0.9212 -0.1163
vn -0.5138 0.8576 -0.0211
vn -0.4509 0.8523 -0.2649
vn -0.8227 0.4669 -0.3242
vn -0.7783 0.4948 -0.3865
vn -0.4771 0.2493 -0.8428
vn -0.5118 0.4515 -0.7309
vn -0.1568 0.4704 -0.8684
vn -0.1069 0.4003 -0.9101
vn -0.0048 0.9498 -0.3127
vn -0.0473 0.9700 -0.2383
vn -0.0456 0.9742 -0.2212
vn 0.0976 0.9843 -0.1472
vn 0.2930 0.5817 -0.7588
vn 0.0211 0.9978 0.0632
vn 0.0164 0.9807 0.1946
vn -0.1917 0.9545 0.2284
vn -0.2422 0.8847 -0.3984
vn -0.1109 0.8540 -0.5084
vn 0.0994 0.8570 -0.5057
vn 0.0647 0.8392 -0.5399
vn 0.2550 0.7726 -0.5815
vn 0.0031 0.9986 0.0524
vn -0.0040 0.9985 0.0545
vn 0.0257 0.9782 0.2063
vn -0.0912 0.9945 0.0506
vn -0.0673 0.9971 0.0351
vn -0.0860 0.9896 -0.1154
vn -0.1426 0.9581 -0.2485
vn -0.1665 0.9508 -0.2612
vn -0.1845 0.9779 -0.0987
vn -0.1942 0.9739 -0.1176
vn -0.0626 0.9927 -0.1026
vn -0.0734 0.9969 -0.0299
vn -0.3180 0.9470 -0.0457
vn 0.0417 0.9990 0.0175
vn -0.3203 0.9433 -0.0876
vn -0.0833 0.9726 -0.2171
vn -0.1546 0.9803 -0.1228
vn -0.4062 0.9071 -0.1105
vn 0.1644 0.9863 -0.0097
vn -0.0955 0.9673 -0.2349
vn -0.0895 0.9738 -0.2090
vn -0.0955 0.9673 -0.2350
vn -0.3626 0.9227 -0.1310
vn -0.3643 0.9208 -0.1393
vn -0.3533 0.9167 -0.1866
vn -0.3337 0.9399 -0.0729
vn 0.1534 0.9881 -0.0128
vn -0.2084 0.9488 -0.2372
vn -0.3631 0.9316 -0.0171
vn -0.3611 0.9324 -0.0170
vn -0.5705 0.8082 0.1459
vn -0.5688 0.8079 0.1541
vn -0.6440 0.7460 0.1693
vn -0.6441 0.7460 0.1693
vn -0.5894 0.7994 0.1165
vn -0.6964 0.6500 -0.3042
vn -0.4297 0.8142 -0.3905
vn -0.3225 0.6126 -0.7216
vn -0.0554 0.7448 -0.6650
vn 0.1100 0.6660 -0.7378
vn 0.3892 0.3022 -0.8702
vn 0.1366 0.4211 -0.8967
vn 0.0985 0.2851 -0.9534
vn 0.3919 0.3151 -0.8643
vn 0.4549 0.2689 -0.8490
vn 0.1817 0.9050 -0.3846
vn 0.1981 0.9419 -0.2714
vn 0.4019 0.6191 -0.6747
vn 0.5756 0.4846 -0.6587
vn 0.5756 0.4847 -0.6586
vn 0.2370 0.9715 -0.0116
vn 0.2304 0.3104 -0.9223
vn 0.3215 0.8859 -0.3345
vn -0.1086 0.9939 -0.0175
vn -0.1295 0.9894 -0.0663
vn -0.2572 0.9163 0.3069
vn -0.2422 0.9537 0.1784
vn 0.3757 0.5610 -0.7376
vn 0.3104 0.5945 -0.7418
vn 0.3509 0.8073 -0.4745
vn -0.0422 0.9975 -0.0575
vn 0.0420 0.9835 -0.1759
vn -0.1175 0.9225 -0.3676
vn 0.0185 0.4661 -0.8846
vn -0.2393 0.2176 -0.9462
vn -0.2132 0.8894 -0.4043
vn -0.3793 0.3441 -0.8589
vn -0.7785 0.5060 -0.3714
vn -0.8255 0.4592 -0.3282
vn -0.3880 0.8995 -0.2007
vn -0.7820 0.6233 0.0037
vn -0.3751 0.9267 -0.0242
vn -0.1993 0.9731 -0.1157
vn -0.1199 0.9850 -0.1237
vn -0.0600 0.9693 -0.2386
vn -0.1196 0.9758 -0.1833
vn -0.1600 0.9409 -0.2985
vn -0.1280 0.9750 -0.1814
vn -0.1104 0.9771 -0.1818
vn -0.1158 0.9881 -0.1008
vn -0.3496 0.8544 -0.3845
vn 0.1690 0.9854 -0.0195
vn 0.3512 0.9283 -0.1224
vn 0.2816 0.9517 0.1223
vn 0.2785 0.9594 0.0446
vn 0.1139 0.9323 0.3432
vn -0.1444 0.9005 0.4103
vn -0.3895 0.7212 0.5728
vn -0.2614 0.9379 -0.2280
vn -0.2250 0.9660 -0.1272
vn -0.0060 0.6847 -0.7288
vn 0.1514 0.9370 -0.3147
vn -0.8638 0.2419 0.4420
vn 0.0900 0.9959 0.0041
vn -0.0008 0.9781 -0.2081
vn -0.1128 0.9866 0.1176
vn -0.3228 0.9282 -0.1850
vn 0.0227 0.9772 -0.2110
vn -0.0246 0.9992 -0.0319
vn -0.0850 0.9796 -0.1820
vn 0.0011 0.9987 -0.0510
vn -0.1417 0.9666 -0.2137
vn 0.0670 0.9959 0.0614
vn 0.0646 0.9958 0.0648
vn -0.6837 0.0469 -0.7282
vn -0.1233 0.7850 -0.6071
vn 0.2623 0.7634 -0.5902
vn -0.1304 0.9830 -0.1292
vn -0.1258 0.7881 -0.6026
vn -0.2400 0.7840 -0.5725
vn -0.3595 0.9314 -0.0575
vn -0.7400 0.2074 -0.6398
vn -0.9278 0.0727 -0.3658
vn 0.1601 0.9758 -0.1493
vn -0.0455 0.8428 -0.5363
vn -0.9475 0.3166 -0.0459
vn -0.1049 0.9543 0.2799
vn 0.2662 0.8851 -0.3817
vn 0.1652 0.9857 0.0340
vn -0.1300 0.9305 -0.3424
vn -0.0645 0.9805 -0.1857
vn -0.0505 0.9366 -0.3467
vn -0.0936 0.9350 -0.3421
vn -0.0871 0.8964 -0.4347
vn 0.2624 0.9647 -0.0229
vn -0.1295 0.9753 -0.1791
vn 0.1600 0.9865 0.0354
vn 0.0323 -0.8932 0.4485
vn 0.1315 -0.9175 0.3754
vn 0.6758 -0.4814 0.5582
vn 0.5647 -0.8001 0.2026
vn 0.2334 -0.9587 -0.1626
vn -0.3672 0.7558 0.5422
vn -0.9197 0.3855 -0.0749
vn 0.0217 0.8323 0.5539
vn -0.8034 0.5911 -0.0725
vn -0.8972 0.3937 0.2000
vn -0.9814 0.1582 -0.1088
vn -0.2775 0.3942 0.8761
vn 0.0938 0.2370 0.9670
vn 0.0890 0.2511 0.9639
vn 0.8423 -0.4994 0.2028
vn -0.3572 0.8386 0.4112
vn 0.4044 0.6177 0.6745
vn -0.0793 0.9952 0.0570
vn -0.2556 0.9597 -0.1170
vn -0.8609 0.3907 -0.3258
vn -0.4684 0.7018 -0.5368
vn -0.9116 0.3943 0.1162
vn -0.6108 0.4383 0.6593
vn -0.6167 0.4187 0.6666
vn -0.4997 0.0336 0.8655
vn -0.8618 0.4991 0.0906
vn -0.9165 0.3830 -0.1158
vn -0.9890 -0.0371 0.1430
vn -0.8529 0.5077 -0.1212
vn -0.8914 0.0998 -0.4421
vn -0.6825 0.7207 0.1216
vn -0.3120 0.9374 0.1547
vn 0.5458 0.7994 0.2514
vn -0.0932 0.7659 0.6362
vn 0.9114 0.4114 0.0055
vn 0.2912 0.9203 0.2613
vn 0.9779 0.2079 0.0213
vn 0.9595 0.2818 -0.0014
vn 0.9448 0.3088 -0.1096
vn 0.8626 -0.3050 0.4036
vn 0.0667 0.9487 -0.3092
vn 0.9132 0.3858 -0.1309
vn 0.9259 0.3241 -0.1940
vn 0.0222 0.6825 -0.7305
vn -0.2287 0.7023 -0.6741
vn 0.9744 0.2062 0.0891
vn 0.7535 -0.2647 0.6018
vn -0.7610 -0.1269 0.6363
vn -0.9211 -0.1855 0.3423
vn 0.7389 -0.4021 0.5406
vn 0.2677 0.9440 -0.1931
vn 0.7227 0.6887 0.0586
vn 0.7471 -0.2112 0.6303
vn -0.0870 -0.9368 0.3388
vn -0.0301 -0.8112 0.5841
vn 0.0830 -0.9057 0.4157
vn -0.1238 0.9906 -0.0582
vn 0.0386 0.9983 -0.0431
vn -0.3193 0.9276 -0.1937
vn -0.0139 -0.9433 0.3316
vn 0.0712 0.8841 -0.4619
vn 0.1471 0.9267 -0.3459
vn 0.0277 0.9337 -0.3570
vn -0.3229 0.9282 -0.1850
vn -0.0253 0.9500 -0.3111
vn 0.0288 0.9357 -0.3516
vn 0.1256 0.9709 -0.2038
vn 0.1731 0.9554 -0.2392
vn 0.1779 0.9399 -0.2915
vn 0.0010 0.9987 -0.0510
vn -0.1280 0.9767 -0.1724
vn 0.0562 0.9300 -0.3631
vn 0.2174 0.9758 -0.0238
vn 0.1912 0.9815 -0.0073
vn 0.1037 0.9941 0.0332
vn 0.8535 -0.3931 0.3420
vn 0.8668 -0.0101 0.4986
vn 0.7592 -0.1374 0.6361
vn 0.8684 0.1306 0.4783
vn 0.3443 0.8828 0.3195
vn 0.0219 0.9946 0.1014
vn 0.0207 0.9919 0.1250
vn 0.0776 0.9905 0.1133
vn 0.1746 0.9709 0.1642
vn 0.1879 0.9706 0.1505
vn 0.1184 0.9923 0.0364
vn 0.1118 0.9923 0.0526
vn -0.0146 0.9976 -0.0670
vn -0.0319 0.9966 -0.0766
vn -0.0776 0.9635 -0.2563
vn -0.1257 0.9805 -0.1508
vn -0.3101 0.9362 -0.1653
vn -0.3131 0.9394 -0.1398
vn -0.3975 0.8962 -0.1970
vn -0.4461 0.8823 -0.1503
vn -0.4217 0.8630 -0.2781
vn -0.5048 0.8247 -0.2551
vn -0.4755 0.8080 -0.3478
vn -0.4072 0.8896 -0.2070
vn -0.2907 0.9458 -0.1444
vn -0.2481 0.9550 -0.1623
vn -0.1071 0.9910 -0.0802
vn -0.1110 0.9897 -0.0909
vn -0.1602 0.9838 -0.0801
vn -0.4114 0.8366 -0.3618
vn -0.2273 0.9528 -0.2011
vn -0.3078 0.9365 -0.1682
vn 0.1086 0.9937 0.0266
vn 0.0090 0.9902 0.1395
vn -0.2088 0.9774 0.0333
vn -0.2054 0.9784 -0.0218
vn -0.1981 0.9799 -0.0240
vn -0.2142 0.9763 -0.0297
vn -0.2130 0.9767 -0.0264
vn -0.0851 0.9929 0.0831
vn -0.0851 0.9929 0.0830
vn -0.0017 0.9917 0.1285
vn -0.0045 0.9968 0.0803
vn -0.1104 0.9912 0.0733
vn -0.0572 0.9970 0.0513
vn 0.0966 0.9948 0.0317
vn -0.0270 0.9674 -0.2517
vn -0.1748 0.9425 -0.2848
vn -0.1559 0.9597 -0.2337
vn -0.3444 0.8884 -0.3034
vn -0.4139 0.8707 -0.2655
vn -0.1149 0.9711 -0.2092
vn -0.3309 0.8726 -0.3593
vn -0.3220 0.8745 -0.3626
vn -0.1700 0.9452 -0.2786
vn -0.1699 0.9452 -0.2787
vn 0.0061 0.9705 -0.2411
vn 0.0829 0.9872 -0.1364
vn -0.1455 0.9754 -0.1658
vn -0.1097 0.9872 -0.1161
vn -0.0574 0.9945 -0.0877
vn -0.0741 0.9737 -0.2155
vn 0.0239 0.9997 -0.0032
vn -0.0178 0.9990 0.0416
vn -0.0913 0.9956 -0.0209
vn -0.1444 0.9893 0.0194
vn -0.0564 0.9933 0.1010
vn -0.0349 0.9985 0.0410
vn -0.0723 0.9937 0.0851
vn -0.0632 0.9915 0.1139
vn -0.0240 0.9988 0.0417
vn -0.6149 0.6476 -0.4499
vn -0.6149 0.6474 -0.4503
vn -0.2589 0.9417 -0.2147
vn -0.2518 0.9225 -0.2927
vn -0.3180 0.8793 -0.3545
vn -0.2954 0.8904 -0.3463
vn -0.3586 0.8898 -0.2824
vn -0.0933 0.9931 -0.0715
vn -0.3241 0.9053 -0.2744
vn -0.1289 0.9903 -0.0516
vn 0.0945 0.9929 0.0716
vn 0.0952 0.9933 0.0659
vn -0.8559 0.3420 -0.3880
vn -0.7720 0.3860 -0.5050
vn -0.8483 0.1507 -0.5076
vn -0.5794 0.7302 -0.3621
vn -0.9045 0.0731 -0.4202
vn -0.8967 0.2718 -0.3495
vn -0.7042 0.6900 -0.1673
vn -0.9767 -0.0091 -0.2146
vn 0.4321 0.8903 -0.1439
vn 0.4320 0.8903 -0.1439
vn -0.8231 0.1443 -0.5493
vn -0.2574 0.8471 -0.4650
vn -0.0907 0.8487 -0.5211
vn 0.1161 0.9700 -0.2134
vn -0.0019 0.9765 -0.2156
vn -0.5957 0.7383 -0.3163
vn -0.7078 0.5821 -0.4002
vn -0.6898 0.5730 -0.4425
vn 0.4030 0.9038 -0.1442
vn 0.4280 0.8722 -0.2367
vn -0.4210 0.9070 0.0116
vn -0.6544 0.7337 -0.1831
vn -0.6577 0.5942 -0.4630
vn -0.5889 0.7280 -0.3510
vn -0.6149 0.6474 -0.4504
vn -0.6321 0.5916 -0.5005
vn -0.7766 0.5389 -0.3263
vn 0.0536 0.9976 0.0445
vn -0.1466 0.9876 0.0556
vn -0.0595 0.9981 0.0179
vn -0.0857 0.9889 -0.1216
vn -0.3126 0.8956 -0.3164
vn -0.2588 0.9418 -0.2147
vn -0.3698 0.8937 -0.2542
vn 0.0001 0.9975 0.0707
vn -0.1088 0.9937 -0.0249
vn -0.0603 0.9917 0.1137
vn -0.0184 0.9940 0.1076
vn -0.0392 0.9976 0.0574
vn -0.0455 0.9972 0.0597
vn -0.1748 0.9425 -0.2849
vn -0.2761 0.9600 -0.0465
vn -0.4139 0.8708 -0.2655
vn -0.2198 0.9750 -0.0324
vn -0.2099 0.9770 -0.0370
vn -0.3935 0.8928 -0.2192
vn -0.2403 0.9288 -0.2821
vn -0.2838 0.9391 -0.1935
vn -0.1584 0.9520 -0.2618
vn -0.0881 0.9688 -0.2317
vn -0.1035 0.9858 -0.1325
vn -0.1854 0.9713 -0.1488
vn -0.0844 0.9789 -0.1862
vn 0.0769 0.9827 -0.1683
vn -0.0081 0.9893 -0.1460
vn -0.0188 0.9827 -0.1841
vn -0.2096 0.9672 -0.1434
vn 0.0038 0.9801 -0.1984
vn 0.3475 0.9000 -0.2631
vn 0.6120 0.6594 -0.4367
vn 0.5300 0.8300 -0.1735
vn 0.9753 0.0979 -0.1980
vn 0.4622 0.8771 -0.1310
vn 0.5447 0.8359 -0.0675
vn 0.7352 0.6778 0.0029
vn 0.9909 -0.1171 0.0667
vn 0.9521 0.0474 0.3022
vn 0.9603 0.1479 0.2367
vn 0.8949 0.2266 0.3844
vn 0.8749 0.0081 0.4842
vn 0.9231 -0.1094 0.3686
vn 0.7674 0.3607 0.5300
vn 0.7699 0.3652 0.5233
vn 0.7857 0.2655 0.5588
vn 0.4772 0.7439 0.4678
vn 0.5591 0.7309 0.3914
vn 0.5762 0.7330 0.3615
vn 0.8063 0.5646 0.1766
vn 0.3265 0.9374 0.1214
vn 0.2546 0.9660 -0.0459
vn 0.0358 0.9928 -0.1146
vn -0.1371 0.9609 -0.2407
vn -0.1852 0.9572 -0.2225
vn -0.1466 0.9641 -0.2215
vn -0.1718 0.9705 -0.1692
vn -0.2565 0.9472 -0.1922
vn -0.1007 0.9859 -0.1340
vn -0.0849 0.9922 -0.0913
vn 0.0270 0.9932 -0.1137
vn 0.3379 0.9339 0.1171
vn 0.5191 0.7606 0.3898
vn 0.4424 0.7586 0.4784
vn 0.4751 0.8149 0.3320
vn 0.5296 0.6694 0.5210
vn 0.6372 0.6472 0.4184
vn 0.5525 0.7079 0.4400
vn 0.4401 0.8279 0.3477
vn 0.0206 0.9998 0.0085
vn 0.6838 0.4461 0.5774
vn 0.8166 0.2271 0.5306
vn 0.8492 -0.2041 0.4871
vn 0.8437 -0.4024 0.3554
vn 0.8264 -0.5111 0.2364
vn 0.9566 0.1851 0.2251
vn 0.9626 0.1937 0.1894
vn 0.9681 -0.2461 0.0467
vn 0.8213 -0.5109 0.2540
vn 0.9879 -0.1423 0.0609
vn 0.9775 -0.1918 -0.0874
vn 0.9545 -0.0839 -0.2863
vn 0.9512 -0.0680 -0.3011
vn 0.5858 0.6771 -0.4453
vn 0.0085 0.9812 -0.1929
vn -0.1986 0.9709 -0.1337
vn -0.0031 0.9786 -0.2058
vn -0.1602 0.9756 -0.1502
vn -0.2021 0.9601 -0.1931
vn -0.1779 0.9769 -0.1186
vn 0.0197 0.9975 -0.0685
vn -0.1005 0.9865 -0.1292
vn -0.1518 0.9876 0.0395
vn -0.0794 0.9968 -0.0063
vn 0.1594 0.9438 -0.2895
vn -0.0109 0.9894 -0.1450
vn -0.2896 0.9499 -0.1172
vn 0.0305 0.9985 -0.0461
vn -0.1441 0.9807 -0.1320
vn -0.0627 0.9884 -0.1381
vn 0.0998 0.9807 -0.1681
vn -0.1817 0.9730 -0.1420
vn -0.1880 0.9821 0.0074
vn 0.9760 0.1528 0.1554
vn -0.0049 0.9472 0.3207
vn -0.1297 0.9873 0.0917
vn 0.6610 0.7465 0.0761
vn 0.2341 0.9668 -0.1026
vn 0.1243 0.9915 0.0379
vn -0.4929 0.8367 0.2388
vn -0.6129 -0.7693 -0.1805
vn -0.5994 -0.7723 -0.2104
vn -0.7600 -0.6036 -0.2409
vn -0.8275 -0.5456 -0.1325
vn -0.7164 -0.6415 -0.2743
vn -0.4686 -0.8256 -0.3142
vn -0.8258 -0.5632 -0.0291
vn -0.7701 0.1134 0.6278
vn -0.7713 0.4420 0.4580
vn 0.2279 0.9708 0.0754
vn -0.4797 0.8774 -0.0086
vn 0.8156 0.5398 0.2084
vn 0.1426 0.9719 0.1872
vn -0.7730 0.5178 0.3665
vn -0.8200 -0.5229 0.2328
vn -0.6308 -0.7649 0.1302
vn -0.5098 0.8437 0.1679
vn -0.5062 0.8539 0.1207
vn -0.9513 -0.1852 0.2463
vn -0.5829 -0.7906 0.1874
vn -0.5589 -0.8149 0.1534
vn -0.5564 -0.8170 0.1515
vn -0.3946 -0.8921 0.2202
vn -0.5213 0.8470 0.1038
vn -0.7635 -0.5801 0.2837
vn -0.5192 -0.7906 0.3245
vn -0.3981 -0.8158 0.4196
vn -0.9512 -0.0250 0.3074
vn -0.7351 0.6515 0.1876
vn -0.0230 0.9996 -0.0181
vn -0.3617 0.9228 -0.1328
vn -0.5773 0.7626 0.2917
vn -0.8752 0.4808 0.0532
vn -0.5261 0.8351 0.1605
vn -0.0167 0.9995 0.0276
vn -0.5063 0.8376 -0.2052
vn -0.9715 0.2273 -0.0677
vn -0.9984 0.0530 0.0189
vn -0.9567 -0.0924 0.2759
vn -0.5983 -0.6000 0.5311
vn 0.0080 0.6947 0.7192
vn -0.2953 0.9377 -0.1830
vn -0.6481 0.4954 0.5784
vn -0.4009 -0.7757 0.4875
vn -0.8184 0.5614 0.1225
vn -0.2766 -0.8819 0.3818
vn 0.0498 0.9774 -0.2053
vn -0.2669 0.9347 -0.2349
vn -0.0243 0.8887 -0.4579
vn -0.0366 0.9767 -0.2117
vn -0.5441 0.8334 -0.0972
vn -0.0774 0.9610 -0.2656
vn -0.0936 0.9350 -0.3422
vn -0.2157 0.9451 -0.2455
vn -0.5107 0.8588 -0.0410
vn 0.5264 -0.7783 0.3422
vn -0.9959 0.0242 0.0871
vn -0.8637 0.4822 0.1467
vn -0.4340 0.6704 0.6018
vn -0.0516 0.9624 0.2666
vn 0.1736 0.8710 0.4596
vn -0.1561 0.8097 0.5657
vn -0.7205 -0.6351 0.2784
vn -0.5164 -0.7933 0.3224
vn 0.0889 0.9816 -0.1693
vn 0.2018 0.9576 -0.2056
vn 0.1201 0.9641 -0.2367
vn 0.0900 0.9850 -0.1470
vn 0.2309 0.9412 -0.2465
vn -0.1322 0.9822 -0.1337
vt 0.000000 0.000000
vt 0.657090 0.605894
vt 0.657641 0.615183
vt 0.651123 0.612793
vt 0.649658 0.601807
vt 0.656842 0.603319
vt 0.654785 0.593262
vt 0.655106 0.594073
vt 0.654893 0.592906
vt 0.648682 0.591553
vt 0.654444 0.588672
vt 0.652709 0.586768
vt 0.648268 0.585899
vt 0.468238 0.732317
vt 0.463867 0.735352
vt 0.467094 0.731318
vt 0.582326 0.133057
vt 0.588135 0.133057
vt 0.584717 0.135498
vt 0.582277 0.134389
vt 0.581560 0.137541
vt 0.588223 0.138798
vt 0.610566 0.144920
vt 0.608576 0.144146
vt 0.608887 0.141113
vt 0.612528 0.144906
vt 0.614258 0.141846
vt 0.614401 0.143426
vt 0.615092 0.142642
vt 0.615737 0.140136
vt 0.438792 0.152958
vt 0.440918 0.152588
vt 0.439209 0.155029
vt 0.435393 0.154834
vt 0.433350 0.157715
vt 0.432246 0.156758
vt 0.430821 0.156673
vt 0.423584 0.160400
vt 0.426292 0.158281
vt 0.423399 0.159258
vt 0.422627 0.159752
vt 0.871083 0.788970
vt 0.872070 0.789063
vt 0.870605 0.797119
vt 0.869075 0.795000
vt 0.657719 0.618632
vt 0.652100 0.621582
vt 0.657725 0.616173
vt 0.646484 0.622559
vt 0.649414 0.629395
vt 0.646973 0.637207
vt 0.638428 0.634521
vt 0.048584 0.026123
vt 0.041260 0.032715
vt 0.036865 0.024170
vt 0.023193 0.719971
vt 0.015381 0.725586
vt 0.010986 0.716797
vt 0.645752 0.614014
vt 0.638428 0.621094
vt 0.829346 0.220215
vt 0.816650 0.220703
vt 0.819824 0.210205
vt 0.806396 0.213867
vt 0.640137 0.604004
vt 0.804199 0.221680
vt 0.795166 0.221924
vt 0.797363 0.213623
vt 0.639893 0.595703
vt 0.641357 0.585449
vt 0.784222 0.215672
vt 0.785645 0.210693
vt 0.783588 0.221844
vt 0.784644 0.211825
vt 0.784703 0.211263
vt 0.784787 0.210693
vt 0.641267 0.584742
vt 0.642419 0.584820
vt 0.945795 0.773082
vt 0.950160 0.770481
vt 0.949951 0.774658
vt 0.948730 0.783936
vt 0.956055 0.785645
vt 0.959473 0.794434
vt 0.964111 0.792725
vt 0.195557 0.037354
vt 0.192139 0.043457
vt 0.190674 0.031738
vt 0.958740 0.800049
vt 0.963623 0.798096
vt 0.967773 0.800537
vt 0.963379 0.805176
vt 0.951660 0.801270
vt 0.953613 0.808838
vt 0.936279 0.803223
vt 0.937012 0.810791
vt 0.919678 0.811035
vt 0.917480 0.802979
vt 0.923584 0.795410
vt 0.940674 0.794189
vt 0.932373 0.791504
vt 0.941162 0.789551
vt 0.952393 0.797363
vt 0.943115 0.787354
vt 0.929199 0.785889
vt 0.931641 0.780518
vt 0.941162 0.781982
vt 0.942871 0.780273
vt 0.924805 0.771729
vt 0.923340 0.773926
vt 0.480469 0.181885
vt 0.486572 0.187500
vt 0.483887 0.189697
vt 0.475830 0.182617
vt 0.476318 0.175781
vt 0.480469 0.177734
vt 0.475830 0.164063
vt 0.473877 0.170654
vt 0.470947 0.172852
vt 0.465332 0.166992
vt 0.465820 0.174072
vt 0.460693 0.169434
vt 0.458496 0.165283
vt 0.454102 0.156494
vt 0.461182 0.156738
vt 0.452881 0.152832
vt 0.602539 0.135010
vt 0.597656 0.139893
vt 0.599854 0.128662
vt 0.590820 0.127686
vt 0.468750 0.150879
vt 0.467285 0.162109
vt 0.476205 0.159314
vt 0.473501 0.153254
vt 0.472743 0.737769
vt 0.473795 0.738806
vt 0.471924 0.741211
vt 0.467285 0.738037
vt 0.470668 0.734654
vt 0.476805 0.163511
vt 0.477135 0.165694
vt 0.480898 0.175504
vt 0.460938 0.743896
vt 0.460693 0.740967
vt 0.468018 0.749023
vt 0.475586 0.140137
vt 0.478516 0.148926
vt 0.471924 0.148438
vt 0.473253 0.150256
vt 0.477533 0.151874
vt 0.480747 0.745362
vt 0.482868 0.747442
vt 0.476563 0.750244
vt 0.477773 0.742435
vt 0.485154 0.749552
vt 0.493325 0.755648
vt 0.482666 0.753906
vt 0.487054 0.751247
vt 0.493408 0.755859
vt 0.483643 0.759766
vt 0.488525 0.766602
vt 0.494629 0.769531
vt 0.502930 0.765381
vt 0.503117 0.763384
vt 0.493681 0.755905
vt 0.421917 0.252033
vt 0.421875 0.243652
vt 0.422228 0.246825
vt 0.422521 0.243938
vt 0.422473 0.243576
vt 0.422466 0.242919
vt 0.413574 0.237061
vt 0.422728 0.236440
vt 0.515412 0.772185
vt 0.507813 0.769287
vt 0.508787 0.767541
vt 0.506621 0.765923
vt 0.516113 0.777588
vt 0.505615 0.781982
vt 0.494629 0.779541
vt 0.489014 0.774170
vt 0.481689 0.785156
vt 0.476074 0.780518
vt 0.481201 0.767090
vt 0.468018 0.781250
vt 0.468262 0.775391
vt 0.472656 0.768066
vt 0.476807 0.762207
vt 0.464600 0.765381
vt 0.475830 0.756592
vt 0.468506 0.758301
vt 0.467773 0.752686
vt 0.479248 0.138672
vt 0.480225 0.143311
vt 0.486084 0.142090
vt 0.485352 0.147949
vt 0.479486 0.149854
vt 0.491211 0.147949
vt 0.489073 0.150624
vt 0.484907 0.150260
vt 0.497070 0.140381
vt 0.506104 0.144531
vt 0.503418 0.154053
vt 0.492217 0.150843
vt 0.516357 0.162109
vt 0.504544 0.156218
vt 0.498812 0.153833
vt 0.521484 0.151611
vt 0.525879 0.167969
vt 0.516737 0.163702
vt 0.524648 0.167860
vt 0.377740 0.285440
vt 0.388184 0.284668
vt 0.383536 0.285476
vt 0.385577 0.287796
vt 0.385235 0.292039
vt 0.389160 0.295654
vt 0.388591 0.295773
vt 0.390234 0.296012
vt 0.388984 0.296053
vt 0.403564 0.286377
vt 0.400284 0.294741
vt 0.408691 0.295898
vt 0.402215 0.297794
vt 0.789174 0.262991
vt 0.793342 0.268655
vt 0.786865 0.269287
vt 0.781319 0.265736
vt 0.781385 0.267095
vt 0.781731 0.248438
vt 0.781250 0.260986
vt 0.781199 0.260950
vt 0.781198 0.260981
vt 0.781196 0.261007
vt 0.781198 0.261151
vt 0.789119 0.262152
vt 0.781312 0.265580
vt 0.788960 0.261893
vt 0.796631 0.251221
vt 0.787842 0.246094
vt 0.791504 0.237549
vt 0.803223 0.231445
vt 0.794922 0.231689
vt 0.787598 0.228760
vt 0.782793 0.231893
vt 0.782564 0.236684
vt 0.952493 0.766490
vt 0.956037 0.763682
vt 0.954834 0.768311
vt 0.041992 0.073242
vt 0.039551 0.076660
vt 0.034668 0.075195
vt 0.039063 0.064453
vt 0.046143 0.064941
vt 0.988525 0.683105
vt 0.979492 0.693848
vt 0.978760 0.685791
vt 0.983643 0.680908
vt 0.987305 0.676514
vt 0.989990 0.674316
vt 0.991699 0.690186
vt 0.983887 0.668213
vt 0.992676 0.672852
vt 0.196045 0.043213
vt 0.199951 0.043213
vt 0.986816 0.664551
vt 0.192871 0.055176
vt 0.985352 0.661865
vt 0.991455 0.656982
vt 0.971680 0.664795
vt 0.975830 0.660645
vt 0.981445 0.658203
vt 0.988281 0.657471
vt 0.991699 0.644531
vt 0.698975 0.976074
vt 0.715332 0.974609
vt 0.701660 0.983643
vt 0.689453 0.983154
vt 0.690430 0.988037
vt 0.677979 0.995117
vt 0.681396 0.988525
vt 0.689697 0.973145
vt 0.677490 0.958008
vt 0.974121 0.815674
vt 0.962402 0.817139
vt 0.953857 0.817139
vt 0.964355 0.823242
vt 0.953369 0.822998
vt 0.937744 0.816406
vt 0.937500 0.822021
vt 0.926025 0.822021
vt 0.911621 0.814697
vt 0.910400 0.822021
vt 0.901855 0.811523
vt 0.904541 0.821289
vt 0.898193 0.811768
vt 0.900146 0.805664
vt 0.913818 0.801025
vt 0.908936 0.797607
vt 0.911621 0.790771
vt 0.918945 0.787842
vt 0.923340 0.785889
vt 0.920654 0.776123
vt 0.913818 0.781982
vt 0.909180 0.776611
vt 0.480225 0.189941
vt 0.468750 0.181152
vt 0.907959 0.784668
vt 0.903320 0.778564
vt 0.462646 0.181396
vt 0.458252 0.180420
vt 0.462158 0.173340
vt 0.455566 0.178223
vt 0.452637 0.176270
vt 0.449219 0.173584
vt 0.895264 0.784424
vt 0.894287 0.792480
vt 0.891357 0.784668
vt 0.888184 0.786621
vt 0.449219 0.167725
vt 0.444580 0.174072
vt 0.440918 0.169922
vt 0.450439 0.164307
vt 0.439941 0.165527
vt 0.445313 0.161377
vt 0.446289 0.156738
vt 0.442139 0.157959
vt 0.435791 0.159912
vt 0.428467 0.162598
vt 0.433350 0.163818
vt 0.436279 0.169678
vt 0.879883 0.783691
vt 0.880371 0.792969
vt 0.876709 0.788330
vt 0.877197 0.796875
vt 0.877686 0.804443
vt 0.870605 0.808350
vt 0.867927 0.799599
vt 0.867348 0.805816
vt 0.501193 0.335378
vt 0.503259 0.331434
vt 0.507813 0.335693
vt 0.497056 0.341742
vt 0.505082 0.337798
vt 0.497021 0.341796
vt 0.069938 0.633972
vt 0.057617 0.637207
vt 0.068941 0.633352
vt 0.076172 0.638916
vt 0.059570 0.640137
vt 0.074463 0.643799
vt 0.544189 0.339844
vt 0.553467 0.343262
vt 0.551025 0.343994
vt 0.537354 0.337646
vt 0.537200 0.339027
vt 0.548771 0.343683
vt 0.940702 0.869147
vt 0.940041 0.870274
vt 0.940430 0.868408
vt 0.533853 0.338147
vt 0.525391 0.335594
vt 0.509313 0.336013
vt 0.514648 0.331055
vt 0.517098 0.334793
vt 0.525391 0.326416
vt 0.520697 0.335427
vt 0.519043 0.321045
vt 0.508309 0.321958
vt 0.508005 0.322578
vt 0.530916 0.306788
vt 0.533903 0.305845
vt 0.530762 0.307373
vt 0.523682 0.310547
vt 0.527122 0.307308
vt 0.525108 0.307254
vt 0.515869 0.309082
vt 0.518032 0.307929
vt 0.514367 0.308581
vt 0.514846 0.307628
vt 0.514160 0.313477
vt 0.511377 0.310598
vt 0.508598 0.320687
vt 0.522705 0.319580
vt 0.531982 0.320313
vt 0.533203 0.326416
vt 0.539063 0.334717
vt 0.541260 0.332275
vt 0.548096 0.338623
vt 0.548340 0.335938
vt 0.084961 0.652588
vt 0.067871 0.646240
vt 0.083496 0.648926
vt 0.067871 0.650635
vt 0.073242 0.655518
vt 0.920166 0.827637
vt 0.925537 0.836670
vt 0.919922 0.835449
vt 0.915283 0.834229
vt 0.916016 0.828369
vt 0.907715 0.832520
vt 0.910400 0.828857
vt 0.902100 0.826660
vt 0.894043 0.816650
vt 0.894287 0.822510
vt 0.889648 0.818604
vt 0.887939 0.813477
vt 0.894043 0.805420
vt 0.886230 0.806152
vt 0.891113 0.801025
vt 0.899414 0.787109
vt 0.900146 0.781006
vt 0.884277 0.799316
vt 0.882568 0.807373
vt 0.877441 0.816162
vt 0.884033 0.817139
vt 0.885254 0.824219
vt 0.894287 0.829102
vt 0.887695 0.834717
vt 0.884277 0.830078
vt 0.880127 0.827881
vt 0.876221 0.838135
vt 0.547363 0.304443
vt 0.543213 0.313965
vt 0.540039 0.310059
vt 0.871094 0.833740
vt 0.872803 0.830322
vt 0.873291 0.823242
vt 0.869873 0.813965
vt 0.870117 0.821533
vt 0.867283 0.815312
vt 0.867384 0.819641
vt 0.868306 0.824853
vt 0.867877 0.821964
vt 0.867174 0.808571
vt 0.867073 0.811865
vt 0.869917 0.830585
vt 0.870128 0.831749
vt 0.539795 0.303769
vt 0.539795 0.305908
vt 0.532715 0.309326
vt 0.868538 0.827228
vt 0.534912 0.311768
vt 0.530273 0.315430
vt 0.528809 0.312744
vt 0.537842 0.314941
vt 0.539551 0.318848
vt 0.538818 0.322266
vt 0.545410 0.317383
vt 0.546143 0.323486
vt 0.540771 0.328125
vt 0.546631 0.326416
vt 0.544189 0.328613
vt 0.548096 0.330322
vt 0.548828 0.333496
vt 0.550049 0.328613
vt 0.552979 0.335938
vt 0.912109 0.838867
vt 0.896973 0.838623
vt 0.552246 0.324951
vt 0.895996 0.833008
vt 0.553467 0.318359
vt 0.930176 0.831299
vt 0.939697 0.830566
vt 0.052002 0.650635
vt 0.054932 0.645020
vt 0.044434 0.650146
vt 0.948242 0.831787
vt 0.039551 0.647217
vt 0.082275 0.657471
vt 0.043701 0.639648
vt 0.504607 0.329353
vt 0.508113 0.336527
vt 0.971680 0.668701
vt 0.957031 0.664063
vt 0.058105 0.065674
vt 0.071289 0.052979
vt 0.073486 0.060547
vt 0.063579 0.632437
vt 0.055908 0.630127
vt 0.057373 0.061523
vt 0.980957 0.671875
vt 0.971191 0.674561
vt 0.973389 0.677490
vt 0.052979 0.057617
vt 0.061768 0.055176
vt 0.058838 0.047119
vt 0.065918 0.041992
vt 0.073111 0.050839
vt 0.071476 0.044215
vt 0.657857 0.624293
vt 0.656250 0.625000
vt 0.657398 0.626148
vt 0.655889 0.628975
vt 0.655148 0.630277
vt 0.650370 0.636263
vt 0.649240 0.637815
vt 0.648346 0.639014
vt 0.645929 0.641728
vt 0.644995 0.642900
vt 0.644242 0.643502
vt 0.639648 0.643311
vt 0.636475 0.645996
vt 0.633545 0.638672
vt 0.629150 0.645996
vt 0.062744 0.035156
vt 0.055176 0.030762
vt 0.067139 0.028809
vt 0.073730 0.036133
vt 0.074463 0.024902
vt 0.010498 0.750977
vt 0.019775 0.750977
vt 0.016846 0.758057
vt 0.075644 0.042314
vt 0.082520 0.034180
vt 0.812988 0.310059
vt 0.818604 0.312988
vt 0.808838 0.313721
vt 0.975830 0.869873
vt 0.969971 0.861572
vt 0.978271 0.860352
vt 0.822998 0.310547
vt 0.820801 0.320068
vt 0.824463 0.319336
vt 0.976563 0.879150
vt 0.979248 0.870117
vt 0.979248 0.876709
vt 0.983398 0.880859
vt 0.979980 0.884766
vt 0.977783 0.888428
vt 0.981934 0.886475
vt 0.845703 0.338379
vt 0.848145 0.333984
vt 0.851563 0.335938
vt 0.976563 0.893311
vt 0.981689 0.894287
vt 0.981934 0.899170
vt 0.975830 0.898438
vt 0.969971 0.895996
vt 0.974274 0.900299
vt 0.976918 0.901218
vt 0.843750 0.322504
vt 0.837646 0.319336
vt 0.839626 0.319019
vt 0.837450 0.317032
vt 0.832275 0.314941
vt 0.833129 0.313565
vt 0.956541 0.886929
vt 0.962891 0.890625
vt 0.958090 0.891393
vt 0.960122 0.893875
vt 0.963479 0.896070
vt 0.966346 0.898171
vt 0.970527 0.899671
vt 0.966309 0.888428
vt 0.959961 0.880371
vt 0.964600 0.881592
vt 0.971191 0.886475
vt 0.966309 0.876709
vt 0.972412 0.879150
vt 0.969727 0.872559
vt 0.965576 0.870605
vt 0.079602 0.040521
vt 0.093506 0.038086
vt 0.959386 0.870474
vt 0.956746 0.874879
vt 0.638524 0.647635
vt 0.640358 0.646046
vt 0.952832 0.890220
vt 0.953115 0.885508
vt 0.956299 0.882324
vt 0.954280 0.883211
vt 0.819230 0.304916
vt 0.807617 0.299072
vt 0.813648 0.300169
vt 0.810384 0.297023
vt 0.819092 0.305176
vt 0.955266 0.880903
vt 0.955968 0.878568
vt 0.962848 0.864080
vt 0.822291 0.307279
vt 0.823967 0.308258
vt 0.827409 0.310057
vt 0.829720 0.311276
vt 0.830566 0.320801
vt 0.830662 0.311861
vt 0.835205 0.322510
vt 0.836670 0.328613
vt 0.840332 0.326172
vt 0.843750 0.329834
vt 0.843750 0.325195
vt 0.849788 0.326815
vt 0.848758 0.326090
vt 0.851247 0.327870
vt 0.852561 0.328832
vt 0.851807 0.329102
vt 0.856169 0.331027
vt 0.857843 0.331668
vt 0.856689 0.332764
vt 0.859046 0.332047
vt 0.860837 0.332522
vt 0.861893 0.332921
vt 0.855469 0.337891
vt 0.861163 0.336237
vt 0.862644 0.333205
vt 0.862830 0.334379
vt 0.863379 0.333456
vt 0.863497 0.333496
vt 0.845753 0.324117
vt 0.855617 0.340265
vt 0.979559 0.902138
vt 0.841553 0.333740
vt 0.830811 0.325928
vt 0.805908 0.306885
vt 0.052734 0.040527
vt 0.048096 0.047119
vt 0.040283 0.041992
vt 0.043213 0.052979
vt 0.029785 0.058350
vt 0.829346 0.240967
vt 0.826416 0.234375
vt 0.836914 0.220703
vt 0.819092 0.226563
vt 0.822998 0.241455
vt 0.813477 0.233643
vt 0.811523 0.228760
vt 0.817627 0.246338
vt 0.805908 0.249512
vt 0.808838 0.257324
vt 0.822998 0.255371
vt 0.396731 0.321179
vt 0.396973 0.321289
vt 0.388428 0.328857
vt 0.397123 0.319309
vt 0.807783 0.258293
vt 0.804129 0.258457
vt 0.790807 0.261007
vt 0.782045 0.242909
vt 0.781672 0.245957
vt 0.826416 0.249023
vt 0.835938 0.249268
vt 0.031738 0.068848
vt 0.033936 0.065186
vt 0.035156 0.059570
vt 0.829590 0.246826
vt 0.825195 0.244385
vt 0.789835 0.261532
vt 0.085439 0.042120
vt 0.651127 0.635176
vt 0.058047 0.627196
vt 0.063000 0.632122
vt 0.944729 0.862605
vt 0.868980 0.796357
vt 0.440186 0.161377
vt 0.883545 0.782715
vt 0.896973 0.781982
vt 0.965820 0.828857
vt 0.022217 0.657715
vt 0.035400 0.650635
vt 0.983643 0.828613
vt 0.706543 0.988525
vt 0.708008 0.968262
vt 0.986816 0.644287
vt 0.032471 0.075928
vt 0.387404 0.323058
vt 0.382568 0.335693
vt 0.981201 0.697998
vt 0.783561 0.222581
vt 0.783360 0.223944
vt 0.782830 0.230723
vt 0.383957 0.328380
vt 0.781144 0.270475
vt 0.412254 0.292120
vt 0.392578 0.277832
vt 0.408691 0.281494
vt 0.414795 0.280762
vt 0.412133 0.287012
vt 0.415253 0.282308
vt 0.770336 0.291612
vt 0.771693 0.289897
vt 0.772949 0.293457
vt 0.421771 0.253817
vt 0.422097 0.260927
vt 0.414795 0.262695
vt 0.411133 0.254639
vt 0.400879 0.257324
vt 0.401367 0.263672
vt 0.387451 0.260986
vt 0.389648 0.250977
vt 0.376953 0.252197
vt 0.529297 0.141846
vt 0.530762 0.135254
vt 0.545410 0.129150
vt 0.376953 0.235107
vt 0.373779 0.235352
vt 0.442383 0.791504
vt 0.452637 0.797607
vt 0.443359 0.796631
vt 0.379150 0.229980
vt 0.388672 0.239014
vt 0.382080 0.227295
vt 0.458496 0.793945
vt 0.459717 0.802246
vt 0.467285 0.799316
vt 0.381104 0.214600
vt 0.389160 0.218018
vt 0.399902 0.232666
vt 0.407471 0.219971
vt 0.414307 0.229004
vt 0.405518 0.244873
vt 0.421904 0.252619
vt 0.422852 0.221680
vt 0.415039 0.204834
vt 0.422363 0.208496
vt 0.877197 0.421631
vt 0.881348 0.407715
vt 0.884277 0.414795
vt 0.890625 0.435303
vt 0.900635 0.436279
vt 0.896729 0.445068
vt 0.484131 0.793701
vt 0.473877 0.801758
vt 0.467529 0.788818
vt 0.884277 0.445801
vt 0.491211 0.800781
vt 0.501465 0.789063
vt 0.884766 0.459717
vt 0.875977 0.445313
vt 0.871582 0.436035
vt 0.872607 0.416519
vt 0.868625 0.420827
vt 0.880412 0.407054
vt 0.875484 0.413466
vt 0.423629 0.207891
vt 0.423574 0.209181
vt 0.423086 0.221569
vt 0.423084 0.221771
vt 0.423073 0.222303
vt 0.422788 0.233396
vt 0.531823 0.782129
vt 0.535880 0.784004
vt 0.531982 0.790283
vt 0.526367 0.781738
vt 0.528301 0.780332
vt 0.526504 0.779463
vt 0.523193 0.778564
vt 0.523565 0.777706
vt 0.522679 0.777115
vt 0.518344 0.774242
vt 0.527344 0.789307
vt 0.520752 0.795166
vt 0.510742 0.789551
vt 0.510986 0.798828
vt 0.859863 0.468750
vt 0.868164 0.447266
vt 0.871338 0.459717
vt 0.856934 0.453369
vt 0.858398 0.442383
vt 0.864745 0.426431
vt 0.860048 0.430699
vt 0.537026 0.784408
vt 0.539626 0.789590
vt 0.536973 0.784375
vt 0.536621 0.790283
vt 0.536405 0.784015
vt 0.535645 0.794678
vt 0.846436 0.467773
vt 0.850098 0.468506
vt 0.852295 0.475098
vt 0.527832 0.797607
vt 0.850586 0.459961
vt 0.847656 0.453613
vt 0.850342 0.442383
vt 0.856207 0.434530
vt 0.850729 0.438682
vt 0.840258 0.469914
vt 0.840863 0.465933
vt 0.843018 0.468994
vt 0.843506 0.475098
vt 0.840222 0.472528
vt 0.840978 0.460670
vt 0.843506 0.458984
vt 0.841663 0.452636
vt 0.841806 0.451588
vt 0.849647 0.439778
vt 0.845947 0.448975
vt 0.847382 0.440799
vt 0.842060 0.449681
vt 0.845779 0.441089
vt 0.840518 0.450889
vt 0.845345 0.441180
vt 0.837646 0.448975
vt 0.843339 0.441601
vt 0.841832 0.451141
vt 0.835975 0.452535
vt 0.834675 0.450730
vt 0.833917 0.450051
vt 0.840663 0.442186
vt 0.836670 0.446533
vt 0.839148 0.442639
vt 0.837709 0.443186
vt 0.836184 0.443616
vt 0.833719 0.444356
vt 0.833789 0.446364
vt 0.833649 0.444377
vt 0.539591 0.789172
vt 0.539358 0.785319
vt 0.538905 0.793281
vt 0.385254 0.208252
vt 0.456787 0.785889
vt 0.458496 0.779785
vt 0.449707 0.781494
vt 0.456055 0.777588
vt 0.456055 0.772705
vt 0.442383 0.777588
vt 0.457031 0.766846
vt 0.463867 0.772949
vt 0.462402 0.760498
vt 0.454102 0.762695
vt 0.499268 0.134277
vt 0.507324 0.139893
vt 0.493408 0.137207
vt 0.514893 0.135986
vt 0.524414 0.143066
vt 0.520508 0.145264
vt 0.534424 0.150635
vt 0.533447 0.157715
vt 0.378906 0.266602
vt 0.388428 0.269043
vt 0.378662 0.272705
vt 0.395752 0.274414
vt 0.399170 0.269531
vt 0.406494 0.273682
vt 0.520752 0.129395
vt 0.544922 0.145020
vt 0.416260 0.269775
vt 0.416917 0.279347
vt 0.418470 0.272617
vt 0.775265 0.286730
vt 0.775450 0.283565
vt 0.777344 0.287354
vt 0.417923 0.269845
vt 0.417936 0.265836
vt 0.775929 0.279061
vt 0.776542 0.277579
vt 0.777344 0.279297
vt 0.377930 0.285156
vt 0.525784 0.168300
vt 0.513495 0.161537
vt 0.493499 0.755760
vt 0.591217 0.139530
vt 0.595998 0.141115
vt 0.599747 0.142083
vt 0.598111 0.141760
vt 0.444580 0.149658
vt 0.483031 0.178395
vt 0.492380 0.188589
vt 0.487068 0.182164
vt 0.934811 0.771721
vt 0.928797 0.769672
vt 0.934814 0.771729
vt 0.934850 0.771730
vt 0.942871 0.773036
vt 0.943355 0.772961
vt 0.199463 0.023682
vt 0.034668 0.035400
vt 0.654570 0.587131
vt 0.654988 0.593348
s 0
usemtl Mat_0.040
f 2787/2624/3273 2576/2624/3273 2575/2624/3273
f 2787/2624/3273 2575/2624/3273 2788/2624/3273
f 2943/2624/3273 2944/2624/3273 2580/2624/3273
f 2943/2624/3273 2580/2624/3273 2581/2624/3273
f 2943/2624/3273 2581/2624/3273 2951/2624/3273
f 2951/2624/3273 2581/2624/3273 2582/2624/3273
f 2951/2624/3273 2582/2624/3273 2952/2624/3273
f 2790/2624/3273 2577/2624/3273 2789/2624/3273
f 2789/2624/3273 2577/2624/3273 2576/2624/3273
f 2792/2624/3273 2583/2624/3273 2783/2624/3273
f 2790/2624/3273 2783/2624/3273 2577/2624/3273
f 2790/2624/3273 2791/2624/3273 2783/2624/3273
f 2792/2624/3273 2783/2624/3273 2791/2624/3273
f 2792/2624/3273 2953/2624/3273 2583/2624/3273
f 2952/2624/3273 2583/2624/3273 2953/2624/3273
f 2952/2624/3273 2582/2624/3273 2583/2624/3273
f 2793/2624/3273 2604/2624/3273 2586/2624/3273
f 2793/2624/3273 2586/2624/3273 2794/2624/3273
f 2795/2624/3273 2796/2624/3273 2603/2624/3273
f 2795/2624/3273 2603/2624/3273 2604/2624/3273
f 2588/2624/3273 2512/2624/3273 2589/2624/3273
f 2781/2624/3273 2589/2624/3273 2512/2624/3273
f 2590/2624/3273 2781/2624/3273 2512/2624/3273
f 2590/2624/3273 2512/2624/3273 2513/2624/3273
f 2590/2624/3273 2513/2624/3273 2591/2624/3273
f 2602/2624/3273 2592/2624/3273 2514/2624/3273
f 2601/2624/3273 2602/2624/3273 2514/2624/3273
f 2777/2624/3273 2601/2624/3273 2514/2624/3273
f 2593/2624/3273 2777/2624/3273 2514/2624/3273
f 2593/2624/3273 2514/2624/3273 2565/2624/3273
f 2593/2624/3273 2565/2624/3273 2594/2624/3273
f 2596/2624/3273 2563/2624/3273 2780/2624/3273
f 2780/2624/3273 2563/2624/3273 2566/2624/3273
f 2780/2624/3273 2566/2624/3273 2779/2624/3273
f 2617/2624/3273 2616/2624/3273 2550/2624/3273
f 2617/2624/3273 2550/2624/3273 2551/2624/3273
f 2617/2624/3273 2551/2624/3273 2610/2624/3273
f 2610/2624/3273 2551/2624/3273 2534/2624/3273
f 2610/2624/3273 2534/2624/3273 2609/2624/3273
f 2798/2624/3273 2771/2624/3273 2636/2624/3273
f 2798/2624/3273 2636/2624/3273 2799/2624/3273
f 2828/2624/3273 2634/2624/3273 2945/2624/3273
f 2824/2624/3273 2825/2624/3273 2632/2624/3273
f 2990/2624/3273 2989/2624/3273 2509/2624/3273
f 2991/2624/3273 2990/2624/3273 2509/2624/3273
f 2991/2624/3273 2509/2624/3273 2511/2624/3273
f 2991/2624/3273 2511/2624/3273 2978/2624/3273
f 2809/2624/3273 2782/2624/3273 2797/2624/3273
f 2809/2624/3273 2810/2624/3273 2587/2624/3273
f 2950/2624/3273 2587/2624/3273 2810/2624/3273
f 2942/2624/3273 2588/2624/3273 2950/2624/3273
f 2980/2624/3273 2941/2624/3273 3171/2624/3273
f 2980/2624/3273 2512/2624/3273 2941/2624/3273
f 2942/2624/3273 2941/2624/3273 2512/2624/3273
f 2979/2624/3273 2512/2624/3273 2980/2624/3273
f 2979/2624/3273 2977/2624/3273 2511/2624/3273
f 2979/2624/3273 2511/2624/3273 2512/2624/3273
f 2716/2624/3273 2485/2624/3273 2486/2624/3273
f 2716/2624/3273 2486/2624/3273 2717/2624/3273
f 2598/2624/3273 2483/2624/3273 2599/2624/3273
f 2600/2624/3273 2599/2624/3273 2483/2624/3273
f 2600/2624/3273 2483/2624/3273 2485/2624/3273
f 2598/2624/3273 2484/2624/3273 2483/2624/3273
f 2597/2624/3273 2569/2624/3273 2484/2624/3273
f 2597/2624/3273 2778/2624/3273 2569/2624/3273
f 2779/2624/3273 2569/2624/3273 2778/2624/3273
f 2597/2624/3273 2484/2624/3273 2598/2624/3273
f 2754/2624/3273 2487/2624/3273 2490/2624/3273
f 2754/2624/3273 2490/2624/3273 2755/2624/3273
f 2719/2624/3273 2720/2624/3273 2488/2624/3273
f 2719/2624/3273 2488/2624/3273 2489/2624/3273
f 2719/2624/3273 2489/2624/3273 2721/2624/3273
f 2725/2624/3273 2724/2624/3273 2491/2624/3273
f 2725/2624/3273 2491/2624/3273 2492/2624/3273
f 2725/2624/3273 2492/2624/3273 2726/2624/3273
f 2726/2624/3273 2492/2624/3273 2493/2624/3273
f 2726/2624/3273 2493/2624/3273 2727/2624/3273
f 2650/2624/3273 2651/2624/3273 2494/2624/3273
f 2650/2624/3273 2494/2624/3273 2495/2624/3273
f 2650/2624/3273 2495/2624/3273 2652/2624/3273
f 2647/2624/3273 2648/2624/3273 2570/2624/3273
f 2646/2624/3273 2647/2624/3273 2570/2624/3273
f 2646/2624/3273 2570/2624/3273 2506/2624/3273
f 2646/2624/3273 2506/2624/3273 2654/2624/3273
f 3010/2624/3273 2643/2624/3273 2644/2624/3273
f 3010/2624/3273 2644/2624/3273 3011/2624/3273
f 3013/2624/3273 2643/2624/3273 3012/2624/3273
f 3013/2624/3273 2640/2624/3273 2643/2624/3273
f 3014/2624/3273 2642/2624/3273 2641/2624/3273
f 3014/2624/3273 2641/2624/3273 3015/2624/3273
f 3015/2624/3273 2640/2624/3273 3163/2624/3273
f 3060/2624/3273 3061/2624/3273 2666/2624/3273
f 3060/2624/3273 2666/2624/3273 2673/2624/3273
f 3060/2624/3273 2673/2624/3273 3161/2624/3273
f 3161/2624/3273 2672/2624/3273 3059/2624/3273
f 3058/2624/3273 3059/2624/3273 2672/2624/3273
f 3058/2624/3273 2672/2624/3273 2671/2624/3273
f 3058/2624/3273 2671/2624/3273 3162/2624/3273
f 3019/2624/3273 2669/2624/3273 3018/2624/3273
f 3017/2624/3273 3018/2624/3273 2669/2624/3273
f 3017/2624/3273 2669/2624/3273 2670/2624/3273
f 3017/2624/3273 2670/2624/3273 3016/2624/3273
f 3016/2624/3273 2670/2624/3273 2642/2624/3273
f 2723/2624/3273 2489/2624/3273 2491/2624/3273
f 2653/2624/3273 2480/2624/3273 2481/2624/3273
f 2653/2624/3273 2481/2624/3273 2769/2624/3273
f 2768/2624/3273 2570/2624/3273 2649/2624/3273
f 2768/2624/3273 2482/2624/3273 2570/2624/3273
f 2508/2624/3273 2507/2624/3273 2567/2624/3273
f 2567/2624/3273 2507/2624/3273 2505/2624/3273
f 3165/2624/3273 2638/2624/3273 3166/2624/3273
f 3009/2624/3273 3166/2624/3273 2638/2624/3273
f 3038/2624/3273 3167/2624/3273 2770/2624/3273
f 3038/2624/3273 2766/2624/3273 3039/2624/3273
f 3040/2624/3273 3039/2624/3273 2766/2624/3273
f 3040/2624/3273 2765/2624/3273 3041/2624/3273
f 3041/2624/3273 2765/2624/3273 2518/2624/3273
f 3041/2624/3273 2518/2624/3273 3042/2624/3273
f 3042/2624/3273 2517/2624/3273 3043/2624/3273
f 3047/2624/3273 3043/2624/3273 2517/2624/3273
f 3047/2624/3273 2517/2624/3273 2515/2624/3273
f 3047/2624/3273 2515/2624/3273 3048/2624/3273
f 3048/2624/3273 2516/2624/3273 3049/2624/3273
f 3049/2624/3273 2516/2624/3273 2560/2624/3273
f 3049/2624/3273 2560/2624/3273 3050/2624/3273
f 3050/2624/3273 2560/2624/3273 2561/2624/3273
f 3050/2624/3273 2561/2624/3273 3051/2624/3273
f 2992/2624/3273 2997/2624/3273 2521/2624/3273
f 2992/2624/3273 2521/2624/3273 2522/2624/3273
f 2992/2624/3273 2522/2624/3273 2993/2624/3273
f 2994/2624/3273 2993/2624/3273 2522/2624/3273
f 3057/2624/3273 2994/2624/3273 2522/2624/3273
f 3056/2624/3273 3057/2624/3273 2522/2624/3273
f 3056/2624/3273 2522/2624/3273 2510/2624/3273
f 3056/2624/3273 2510/2624/3273 2985/2624/3273
f 2986/2624/3273 2984/2624/3273 2510/2624/3273
f 2987/2624/3273 2986/2624/3273 2510/2624/3273
f 2988/2624/3273 2987/2624/3273 2510/2624/3273
f 2988/2624/3273 2510/2624/3273 2509/2624/3273
f 2615/2624/3273 2614/2624/3273 2548/2624/3273
f 2615/2624/3273 2548/2624/3273 2550/2624/3273
f 2611/2624/3273 2526/2624/3273 2556/2624/3273
f 2612/2624/3273 2556/2624/3273 2549/2624/3273
f 2553/2624/3273 2523/2624/3273 2525/2624/3273
f 2553/2624/3273 2525/2624/3273 2552/2624/3273
f 2523/2624/3273 2553/2624/3273 2554/2624/3273
f 2555/2624/3273 2523/2624/3273 2554/2624/3273
f 2523/2624/3274 2555/2624/3274 2524/2624/3274
f 2552/2624/3273 2525/2624/3273 2526/2624/3273
f 2818/2624/3273 2532/2624/3273 2533/2624/3273
f 2818/2624/3273 2533/2624/3273 2819/2624/3273
f 2821/2624/3273 2532/2624/3273 2820/2624/3273
f 2821/2624/3273 2607/2624/3273 2532/2624/3273
f 2949/2624/3273 2607/2624/3273 2821/2624/3273
f 2948/2624/3275 2606/2624/3275 2949/2624/3275
f 2937/2624/3273 2605/2624/3273 2948/2624/3273
f 2937/2624/3273 2938/2624/3273 2773/2624/3273
f 2947/2624/3273 2773/2624/3273 2938/2624/3273
f 2822/2624/3273 2772/2624/3273 2947/2624/3273
f 2822/2624/3273 2823/2624/3273 2630/2624/3273
f 2946/2624/3273 2630/2624/3273 2823/2624/3273
f 2838/2624/3273 2559/2624/3273 2837/2624/3273
f 2836/2624/3273 2837/2624/3273 2559/2624/3273
f 2835/2624/3273 2836/2624/3273 2559/2624/3273
f 2834/2624/3273 2835/2624/3273 2559/2624/3273
f 2833/2624/3273 2834/2624/3273 2559/2624/3273
f 2833/2624/3273 2559/2624/3273 2558/2624/3273
f 2833/2624/3273 2558/2624/3273 2843/2624/3273
f 2841/2624/3273 2842/2624/3273 2558/2624/3273
f 2839/2624/3273 2841/2624/3273 2558/2624/3273
f 2839/2624/3273 2558/2624/3273 2557/2624/3273
f 2839/2624/3273 2557/2624/3273 2840/2624/3273
f 2855/2624/3273 2527/2624/3273 2528/2624/3273
f 2855/2624/3273 2528/2624/3273 2856/2624/3273
f 2912/2624/3273 2913/2624/3273 2545/2624/3273
f 2912/2624/3273 2545/2624/3273 2544/2624/3273
f 2912/2624/3273 2544/2624/3273 2921/2624/3273
f 2857/2624/3273 2858/2624/3273 2527/2624/3273
f 2859/2624/3273 2527/2624/3273 2858/2624/3273
f 2859/2624/3273 2529/2624/3273 2527/2624/3273
f 2859/2624/3273 2860/2624/3273 2529/2624/3273
f 2860/2624/3273 2861/2624/3273 2529/2624/3273
f 2861/2624/3273 2933/2624/3273 2529/2624/3273
f 2933/2624/3273 2932/2624/3273 2529/2624/3273
f 2932/2624/3273 2931/2624/3273 2529/2624/3273
f 2862/2624/3273 2529/2624/3273 2931/2624/3273
f 2862/2624/3273 2863/2624/3273 2530/2624/3273
f 2863/2624/3273 2864/2624/3273 2530/2624/3273
f 2864/2624/3273 2870/2624/3273 2530/2624/3273
f 2869/2624/3273 2530/2624/3273 2870/2624/3273
f 2869/2624/3273 2865/2624/3273 2531/2624/3273
f 2865/2624/3273 2866/2624/3273 2531/2624/3273
f 2866/2624/3273 2867/2624/3273 2531/2624/3273
f 2868/2624/3273 2531/2624/3273 2867/2624/3273
f 2868/2624/3273 2892/2624/3273 2546/2624/3273
f 2892/2624/3273 2891/2624/3273 2546/2624/3273
f 2889/2624/3273 2546/2624/3273 2891/2624/3273
f 2889/2624/3273 2890/2624/3273 2547/2624/3273
f 2888/2624/3273 2547/2624/3273 2890/2624/3273
f 2888/2624/3273 2542/2624/3273 2547/2624/3273
f 2880/2624/3273 2537/2624/3273 2536/2624/3273
f 2880/2624/3273 2536/2624/3273 2881/2624/3273
f 2883/2624/3273 2881/2624/3273 2536/2624/3273
f 2883/2624/3273 2536/2624/3273 2535/2624/3273
f 2883/2624/3273 2535/2624/3273 2884/2624/3273
f 2922/2624/3273 2538/2624/3273 2923/2624/3273
f 2923/2624/3273 2538/2624/3273 2539/2624/3273
f 2923/2624/3273 2539/2624/3273 2924/2624/3273
f 2930/2624/3273 2542/2624/3273 2929/2624/3273
f 2928/2624/3273 2929/2624/3273 2542/2624/3273
f 2927/2624/3273 2928/2624/3273 2542/2624/3273
f 2926/2624/3273 2927/2624/3273 2542/2624/3273
f 2887/2624/3273 2926/2624/3273 2542/2624/3273
f 2886/2624/3273 2887/2624/3273 2542/2624/3273
f 2930/2624/3273 2540/2624/3273 2542/2624/3273
f 2541/2624/3273 2542/2624/3273 2540/2624/3273
f 2925/2624/3273 2539/2624/3273 2540/2624/3273
f 2925/2624/3273 2540/2624/3273 2930/2624/3273
f 2925/2624/3273 2924/2624/3273 2539/2624/3273
f 2922/2624/3273 2535/2624/3273 2538/2624/3273
f 2922/2624/3273 2885/2624/3273 2535/2624/3273
f 2885/2624/3273 2884/2624/3273 2535/2624/3273
f 2880/2624/3273 2882/2624/3273 2537/2624/3273
f 2844/2624/3273 2537/2624/3273 2882/2624/3273
f 2844/2624/3273 2557/2624/3273 2537/2624/3273
f 2888/2624/3273 2886/2624/3273 2542/2624/3273
f 2909/2624/3273 2544/2624/3273 2543/2624/3273
f 2909/2624/3273 2543/2624/3273 2908/2624/3273
f 2910/2624/3273 2911/2624/3273 2544/2624/3273
f 2909/2624/3273 2910/2624/3273 2544/2624/3273
f 2906/2624/3273 2907/2624/3273 2543/2624/3273
f 2907/2624/3273 2908/2624/3273 2543/2624/3273
f 2889/2624/3273 2547/2624/3273 2546/2624/3273
f 2868/2624/3273 2546/2624/3273 2531/2624/3273
f 2869/2624/3273 2531/2624/3273 2530/2624/3273
f 2862/2624/3273 2530/2624/3273 2529/2624/3273
f 2911/2624/3273 2921/2624/3273 2544/2624/3273
f 2918/2624/3273 2528/2624/3273 2545/2624/3273
f 2913/2624/3273 2914/2624/3273 2545/2624/3273
f 2914/2624/3273 2915/2624/3273 2545/2624/3273
f 2918/2624/3273 2545/2624/3273 2915/2624/3273
f 2918/2624/3273 2916/2624/3273 2528/2624/3273
f 2916/2624/3273 2917/2624/3273 2528/2624/3273
f 2917/2624/3273 2856/2624/3273 2528/2624/3273
f 2855/2624/3273 2857/2624/3273 2527/2624/3273
f 3000/2624/3273 2520/2624/3273 2519/2624/3273
f 3000/2624/3273 2519/2624/3273 2999/2624/3273
f 3001/2624/3273 3002/2624/3273 2520/2624/3273
f 3002/2624/3273 3003/2624/3273 2520/2624/3273
f 3003/2624/3273 3168/2624/3273 2520/2624/3273
f 3168/2624/3273 3004/2624/3273 2520/2624/3273
f 3004/2624/3273 3005/2624/3273 2520/2624/3273
f 3005/2624/3273 3006/2624/3273 2520/2624/3273
f 3051/2624/3273 2520/2624/3273 3006/2624/3273
f 2998/2624/3273 2999/2624/3273 2519/2624/3273
f 2996/2624/3273 2998/2624/3273 2519/2624/3273
f 3000/2624/3273 3001/2624/3273 2520/2624/3273
f 2995/2624/3273 2519/2624/3273 2521/2624/3273
f 2844/2624/3273 2840/2624/3273 2557/2624/3273
f 2842/2624/3273 2843/2624/3273 2558/2624/3273
f 2838/2624/3273 2533/2624/3273 2559/2624/3273
f 2838/2624/3273 2936/2624/3273 2533/2624/3273
f 2936/2624/3273 2832/2624/3273 2533/2624/3273
f 2832/2624/3273 2830/2624/3273 2533/2624/3273
f 2830/2624/3273 2831/2624/3273 2533/2624/3273
f 2831/2624/3273 2819/2624/3273 2533/2624/3273
f 2818/2624/3273 2820/2624/3273 2532/2624/3273
f 2608/2624/3273 2534/2624/3273 2532/2624/3273
f 2613/2624/3273 2549/2624/3273 2548/2624/3273
f 2613/2624/3273 2548/2624/3273 2614/2624/3273
f 2612/2624/3273 2549/2624/3273 2613/2624/3273
f 2611/2624/3273 2556/2624/3273 2612/2624/3273
f 2620/2624/3273 2526/2624/3273 2611/2624/3273
f 2620/2624/3273 2552/2624/3273 2526/2624/3273
f 2984/2624/3273 2985/2624/3273 2510/2624/3273
f 2995/2624/3273 2521/2624/3273 2997/2624/3273
f 2995/2624/3273 2996/2624/3273 2519/2624/3273
f 3051/2624/3273 2561/2624/3273 2520/2624/3273
f 3048/2624/3273 2515/2624/3273 2516/2624/3273
f 3007/2624/3273 2770/2624/3273 3167/2624/3273
f 3007/2624/3273 3008/2624/3273 2637/2624/3273
f 3009/2624/3273 2637/2624/3273 3008/2624/3273
f 3164/2624/3273 2639/2624/3273 3165/2624/3273
f 3011/2624/3273 2645/2624/3273 3164/2624/3273
f 3042/2624/3273 2518/2624/3273 2517/2624/3273
f 3147/2624/3273 3148/2624/3273 2748/2624/3273
f 3147/2624/3273 2748/2624/3273 2730/2624/3273
f 3147/2624/3273 2730/2624/3273 3154/2624/3273
f 3070/2624/3273 3071/2624/3273 2728/2624/3273
f 3070/2624/3273 2728/2624/3273 2740/2624/3273
f 3070/2624/3273 2740/2624/3273 3037/2624/3273
f 3037/2624/3273 2740/2624/3273 2738/2624/3273
f 3037/2624/3273 2738/2624/3273 3036/2624/3273
f 3064/2624/3273 3065/2624/3273 2665/2624/3273
f 3064/2624/3273 2665/2624/3273 2668/2624/3273
f 3064/2624/3273 2668/2624/3273 3063/2624/3273
f 3062/2624/3273 2667/2624/3273 3160/2624/3273
f 3160/2624/3273 2667/2624/3273 2666/2624/3273
f 3062/2624/3273 2668/2624/3273 2667/2624/3273
f 3062/2624/3273 3063/2624/3273 2668/2624/3273
f 3020/2624/3273 2763/2624/3273 2664/2624/3273
f 3022/2624/3273 2662/2624/3273 2763/2624/3273
f 3022/2624/3273 3023/2624/3273 2662/2624/3273
f 3024/2624/3273 2662/2624/3273 3023/2624/3273
f 3024/2624/3273 3159/2624/3273 2660/2624/3273
f 3026/2624/3273 2660/2624/3273 3159/2624/3273
f 3026/2624/3273 2661/2624/3273 2660/2624/3273
f 3025/2624/3273 2764/2624/3273 2661/2624/3273
f 3027/2624/3273 2764/2624/3273 3025/2624/3273
f 3027/2624/3273 3028/2624/3273 2659/2624/3273
f 3029/2624/3273 2659/2624/3273 3028/2624/3273
f 3029/2624/3273 2658/2624/3273 2659/2624/3273
f 3030/2624/3273 2742/2624/3273 2657/2624/3273
f 3030/2624/3273 2657/2624/3273 3031/2624/3273
f 3068/2624/3273 3069/2624/3273 2656/2624/3273
f 3068/2624/3273 2658/2624/3273 3158/2624/3273
f 3031/2624/3273 2656/2624/3273 3069/2624/3273
f 3033/2624/3273 2742/2624/3273 3032/2624/3273
f 3033/2624/3273 2743/2624/3273 2742/2624/3273
f 3034/2624/3273 2738/2624/3273 2739/2624/3273
f 3034/2624/3273 2739/2624/3273 3035/2624/3273
f 3073/2624/3273 2498/2624/3273 3074/2624/3273
f 3153/2624/3273 3074/2624/3273 2498/2624/3273
f 3153/2624/3273 2498/2624/3273 2496/2624/3273
f 3153/2624/3273 2496/2624/3273 3120/2624/3273
f 3144/2624/3273 2497/2624/3273 3145/2624/3273
f 3145/2624/3273 2497/2624/3273 2733/2624/3273
f 3145/2624/3273 2733/2624/3273 3146/2624/3273
f 3146/2624/3274 2733/2624/3274 2732/2624/3274
f 3146/2624/3276 2732/2624/3276 3118/2624/3276
f 3117/2624/3273 3118/2624/3273 2732/2624/3273
f 3117/2624/3275 2732/2624/3275 2731/2624/3275
f 3117/2624/3273 2731/2624/3273 3116/2624/3273
f 3115/2624/3273 2731/2624/3273 2748/2624/3273
f 3072/2624/3273 2729/2624/3273 2728/2624/3273
f 3077/2624/3273 3078/2624/3273 2501/2624/3273
f 3077/2624/3273 2501/2624/3273 2500/2624/3273
f 3077/2624/3273 2500/2624/3273 3092/2624/3273
f 3076/2624/3273 3093/2624/3273 2499/2624/3273
f 3075/2624/3273 3076/2624/3273 2499/2624/3273
f 3092/2624/3273 2499/2624/3273 3093/2624/3273
f 3092/2624/3273 2500/2624/3273 2499/2624/3273
f 3089/2624/3273 2503/2624/3273 2502/2624/3273
f 3089/2624/3273 2502/2624/3273 3090/2624/3273
f 3090/2624/3273 2501/2624/3273 3091/2624/3273
f 3079/2624/3273 3091/2624/3273 2501/2624/3273
f 3080/2624/3273 2476/2624/3273 3152/2624/3273
f 3151/2624/3273 3152/2624/3273 2476/2624/3273
f 3151/2624/3273 2476/2624/3273 2474/2624/3273
f 3151/2624/3273 2474/2624/3273 3086/2624/3273
f 3086/2624/3273 2474/2624/3273 2475/2624/3273
f 3086/2624/3273 2475/2624/3273 3087/2624/3273
f 3087/2624/3273 2504/2624/3273 3088/2624/3273
f 3088/2624/3273 2504/2624/3273 2503/2624/3273
f 3087/2624/3273 2475/2624/3273 2504/2624/3273
f 3080/2624/3273 2479/2624/3273 2476/2624/3273
f 3082/2624/3273 2478/2624/3273 2479/2624/3273
f 3082/2624/3273 2479/2624/3273 3081/2624/3273
f 3124/2624/3273 3125/2624/3273 2477/2624/3273
f 3124/2624/3273 2477/2624/3273 2478/2624/3273
f 3124/2624/3273 2478/2624/3273 3143/2624/3273
f 3123/2624/3273 3143/2624/3273 2478/2624/3273
f 3122/2624/3273 3123/2624/3273 2478/2624/3273
f 3121/2624/3273 3122/2624/3273 2478/2624/3273
f 3125/2624/3273 3126/2624/3273 2477/2624/3273
f 3082/2624/3273 3121/2624/3273 2478/2624/3273
f 3080/2624/3273 3081/2624/3273 2479/2624/3273
f 3088/2624/3273 2503/2624/3273 3089/2624/3273
f 3090/2624/3273 2502/2624/3273 2501/2624/3273
f 3078/2624/3273 3079/2624/3273 2501/2624/3273
f 2733/2624/3273 2497/2624/3273 2737/2624/3273
f 3144/2624/3273 2496/2624/3273 2497/2624/3273
f 3144/2624/3273 3119/2624/3273 2496/2624/3273
f 3119/2624/3273 3120/2624/3273 2496/2624/3273
f 3073/2624/3273 2499/2624/3273 2498/2624/3273
f 3073/2624/3273 3075/2624/3273 2499/2624/3273
f 3035/2624/3273 2739/2624/3273 2741/2624/3273
f 3035/2624/3273 2741/2624/3273 3157/2624/3273
f 3156/2624/3273 3157/2624/3273 2741/2624/3273
f 3156/2624/3273 2741/2624/3273 2743/2624/3273
f 3156/2624/3273 2743/2624/3273 3033/2624/3273
f 3030/2624/3273 3032/2624/3273 2742/2624/3273
f 3031/2624/3273 2657/2624/3273 2656/2624/3273
f 3068/2624/3273 2656/2624/3273 2658/2624/3273
f 3029/2624/3273 3158/2624/3273 2658/2624/3273
f 3027/2624/3273 2659/2624/3273 2764/2624/3273
f 3025/2624/3273 2661/2624/3273 3026/2624/3273
f 3024/2624/3273 2660/2624/3273 2662/2624/3273
f 3021/2624/3273 2664/2624/3273 2663/2624/3273
f 3066/2624/3273 2663/2624/3273 2665/2624/3273
f 3066/2624/3273 2665/2624/3273 3065/2624/3273
f 3066/2624/3273 3067/2624/3273 2663/2624/3273
f 3021/2624/3273 2663/2624/3273 3067/2624/3273
f 3020/2624/3273 2664/2624/3273 3021/2624/3273
f 3022/2624/3273 2763/2624/3273 3020/2624/3273
f 3034/2624/3273 3036/2624/3273 2738/2624/3273
f 3072/2624/3273 2728/2624/3273 3071/2624/3273
f 3072/2624/3273 3155/2624/3273 2729/2624/3273
f 3154/2624/3273 2729/2624/3273 3155/2624/3273
f 3154/2624/3273 2730/2624/3273 2729/2624/3273
f 3115/2624/3274 2748/2624/3274 3148/2624/3274
f 3115/2624/3273 3116/2624/3273 2731/2624/3273
f 2567/2624/3273 2505/2624/3273 2568/2624/3273
f 2505/2624/3273 2570/2624/3273 2568/2624/3273
f 2767/2624/3273 2482/2624/3273 2768/2624/3273
f 2767/2624/3273 2481/2624/3273 2482/2624/3273
f 2767/2624/3273 2769/2624/3273 2481/2624/3273
f 2652/2624/3273 2480/2624/3273 2653/2624/3273
f 3019/2624/3273 2671/2624/3273 2669/2624/3273
f 3019/2624/3273 3162/2624/3273 2671/2624/3273
f 3161/2624/3273 2673/2624/3273 2672/2624/3273
f 3160/2624/3273 2666/2624/3273 3061/2624/3273
f 3016/2624/3273 2642/2624/3273 3014/2624/3273
f 3015/2624/3273 2641/2624/3273 2640/2624/3273
f 3013/2624/3273 3163/2624/3273 2640/2624/3273
f 3010/2624/3273 3012/2624/3273 2643/2624/3273
f 3011/2624/3273 2644/2624/3273 2645/2624/3273
f 3164/2624/3273 2645/2624/3273 2639/2624/3273
f 3165/2624/3273 2639/2624/3273 2638/2624/3273
f 3009/2624/3273 2638/2624/3273 2637/2624/3273
f 3007/2624/3273 2637/2624/3273 2770/2624/3273
f 3038/2624/3273 2770/2624/3273 2766/2624/3273
f 3040/2624/3277 2766/2624/3277 2765/2624/3277
f 2765/2624/3273 2655/2624/3273 2518/2624/3273
f 2654/2624/3273 2518/2624/3273 2655/2624/3273
f 2654/2624/3273 2506/2624/3273 2518/2624/3273
f 2570/2624/3273 2505/2624/3273 2506/2624/3273
f 2648/2624/3273 2649/2624/3273 2570/2624/3273
f 2652/2624/3273 2495/2624/3273 2480/2624/3273
f 2727/2624/3273 2494/2624/3273 2651/2624/3273
f 2727/2624/3273 2493/2624/3273 2494/2624/3273
f 2723/2624/3273 2491/2624/3273 2724/2624/3273
f 2723/2624/3273 2722/2624/3273 2489/2624/3273
f 2722/2624/3273 2721/2624/3273 2489/2624/3273
f 2756/2624/3273 2488/2624/3273 2720/2624/3273
f 2756/2624/3273 2490/2624/3273 2488/2624/3273
f 2756/2624/3273 2755/2624/3273 2490/2624/3273
f 2718/2624/3273 2487/2624/3273 2754/2624/3273
f 2718/2624/3273 2486/2624/3273 2487/2624/3273
f 2718/2624/3273 2717/2624/3273 2486/2624/3273
f 2600/2624/3273 2485/2624/3273 2716/2624/3273
f 2595/2624/3273 2564/2624/3273 2562/2624/3273
f 2977/2624/3273 2978/2624/3273 2511/2624/3273
f 2988/2624/3273 2509/2624/3273 2989/2624/3273
f 2824/2624/3273 2631/2624/3273 2946/2624/3273
f 2945/2624/3273 2632/2624/3273 2825/2624/3273
f 2828/2624/3273 2829/2624/3273 2633/2624/3273
f 2826/2624/3273 2633/2624/3273 2829/2624/3273
f 2826/2624/3273 2827/2624/3273 2635/2624/3273
f 2799/2624/3273 2635/2624/3273 2827/2624/3273
f 2801/2624/3273 2771/2624/3273 2800/2624/3273
f 2801/2624/3273 2572/2624/3273 2771/2624/3273
f 2802/2624/3273 2571/2624/3273 2572/2624/3273
f 2802/2624/3273 2803/2624/3273 2571/2624/3273
f 2784/2624/3273 2571/2624/3273 2803/2624/3273
f 2784/2624/3273 2785/2624/3273 2573/2624/3273
f 2786/2624/3273 2573/2624/3273 2785/2624/3273
f 2956/2624/3273 2574/2624/3273 2786/2624/3273
f 2955/2624/3273 2579/2624/3273 2956/2624/3273
f 2784/2624/3273 2573/2624/3273 2571/2624/3273
f 2802/2624/3273 2572/2624/3273 2801/2624/3273
f 2798/2624/3273 2800/2624/3273 2771/2624/3273
f 2799/2624/3273 2636/2624/3273 2635/2624/3273
f 2826/2624/3273 2635/2624/3273 2633/2624/3273
f 2828/2624/3273 2633/2624/3273 2634/2624/3273
f 2945/2624/3273 2634/2624/3273 2632/2624/3273
f 2824/2624/3273 2632/2624/3273 2631/2624/3273
f 2946/2624/3273 2631/2624/3273 2630/2624/3273
f 2822/2624/3273 2630/2624/3273 2772/2624/3273
f 2947/2624/3273 2772/2624/3273 2773/2624/3273
f 2937/2624/3273 2773/2624/3273 2605/2624/3273
f 2948/2624/3273 2605/2624/3273 2606/2624/3273
f 2949/2624/3273 2606/2624/3273 2607/2624/3273
f 2608/2624/3273 2532/2624/3273 2607/2624/3273
f 2608/2624/3273 2609/2624/3273 2534/2624/3273
f 2615/2624/3273 2550/2624/3273 2616/2624/3273
f 2779/2624/3273 2566/2624/3273 2569/2624/3273
f 2596/2624/3273 2562/2624/3273 2563/2624/3273
f 2595/2624/3273 2562/2624/3273 2596/2624/3273
f 2594/2624/3273 2564/2624/3273 2595/2624/3273
f 2594/2624/3273 2565/2624/3273 2564/2624/3273
f 2591/2624/3273 2514/2624/3273 2592/2624/3273
f 2591/2624/3273 2513/2624/3273 2514/2624/3273
f 2942/2624/3273 2512/2624/3273 2588/2624/3273
f 2950/2624/3273 2588/2624/3273 2587/2624/3273
f 2809/2624/3273 2587/2624/3273 2782/2624/3273
f 2797/2624/3273 2782/2624/3273 2603/2624/3273
f 2797/2624/3273 2603/2624/3273 2796/2624/3273
f 2806/2624/3278 2584/2624/3278 2805/2624/3278
f 2804/2624/3273 2805/2624/3273 2584/2624/3273
f 2806/2624/3273 2807/2624/3273 2585/2624/3273
f 2807/2624/3273 2808/2624/3273 2585/2624/3273
f 2794/2624/3273 2585/2624/3273 2808/2624/3273
f 2795/2624/3273 2604/2624/3273 2793/2624/3273
f 2794/2624/3273 2586/2624/3273 2585/2624/3273
f 2806/2624/3273 2585/2624/3273 2584/2624/3273
f 2804/2624/3273 2584/2624/3273 2580/2624/3273
f 2804/2624/3273 2580/2624/3273 2944/2624/3273
f 2954/2624/3273 2578/2624/3273 2955/2624/3273
f 2954/2624/3273 2788/2624/3273 2575/2624/3273
f 2789/2624/3273 2576/2624/3273 2787/2624/3273
f 2954/2624/3273 2575/2624/3273 2578/2624/3273
f 2955/2624/3273 2578/2624/3273 2579/2624/3273
f 2956/2624/3273 2579/2624/3273 2574/2624/3273
f 2786/2624/3273 2574/2624/3273 2573/2624/3273
f 2709/2624/3279 2573/2624/3279 2574/2624/3279
f 2709/2624/3279 2574/2624/3279 2579/2624/3279
f 2709/2624/3279 2579/2624/3279 2578/2624/3279
f 2709/2624/3279 2578/2624/3279 2575/2624/3279
f 2576/2624/3279 2709/2624/3279 2575/2624/3279
f 2708/2624/3279 2576/2624/3279 2577/2624/3279
f 2708/2624/3279 2577/2624/3279 2783/2624/3279
f 2708/2624/3279 2783/2624/3279 2583/2624/3279
f 2708/2624/3279 2583/2624/3279 2582/2624/3279
f 2708/2624/3279 2582/2624/3279 2581/2624/3279
f 2708/2624/3279 2581/2624/3279 2580/2624/3279
f 2708/2624/3279 2580/2624/3279 2584/2624/3279
f 2708/2624/3280 2584/2624/3280 2585/2624/3280
f 2708/2624/3281 2585/2624/3281 2586/2624/3281
f 2604/2624/3279 2708/2624/3279 2586/2624/3279
f 2712/2624/3279 2604/2624/3279 2603/2624/3279
f 2712/2624/3279 2603/2624/3279 2782/2624/3279
f 2712/2624/3279 2782/2624/3279 2587/2624/3279
f 2712/2624/3279 2587/2624/3279 2588/2624/3279
f 2589/2624/3279 2712/2624/3279 2588/2624/3279
f 2699/2624/3279 2590/2624/3279 2591/2624/3279
f 2699/2624/3279 2591/2624/3279 2592/2624/3279
f 2602/2624/3279 2699/2624/3279 2592/2624/3279
f 2688/2624/3279 2593/2624/3279 2594/2624/3279
f 2688/2624/3279 2594/2624/3279 2595/2624/3279
f 2688/2624/3279 2595/2624/3279 2596/2624/3279
f 2780/2624/3279 2688/2624/3279 2596/2624/3279
f 2779/2624/3279 2687/2624/3279 2780/2624/3279
f 2779/2624/3279 2685/2624/3279 2687/2624/3279
f 2689/2624/3279 2701/2624/3279 2691/2624/3279
f 2701/2624/3282 2602/2624/3282 2691/2624/3282
f 2701/2624/3279 2689/2624/3279 2702/2624/3279
f 2781/2624/3279 2699/2624/3279 2700/2624/3279
f 2713/2624/3279 2781/2624/3279 2700/2624/3279
f 2710/2624/3279 2604/2624/3279 2711/2624/3279
f 2617/2624/3279 2705/2624/3279 2707/2624/3279
f 2714/2624/3279 2617/2624/3279 2707/2624/3279
f 2617/2624/3279 2714/2624/3279 2616/2624/3279
f 2705/2624/3279 2610/2624/3279 2609/2624/3279
f 2705/2624/3279 2609/2624/3279 2608/2624/3279
f 2705/2624/3283 2608/2624/3283 2607/2624/3283
f 2705/2624/3284 2607/2624/3284 2606/2624/3284
f 2705/2624/3279 2606/2624/3279 2605/2624/3279
f 2705/2624/3281 2605/2624/3281 2773/2624/3281
f 2705/2624/3284 2773/2624/3284 2772/2624/3284
f 2705/2624/3279 2772/2624/3279 2630/2624/3279
f 2705/2624/3279 2630/2624/3279 2631/2624/3279
f 2705/2624/3279 2631/2624/3279 2632/2624/3279
f 2705/2624/3279 2632/2624/3279 2634/2624/3279
f 2705/2624/3279 2634/2624/3279 2633/2624/3279
f 2705/2624/3279 2633/2624/3279 2635/2624/3279
f 2705/2624/3279 2635/2624/3279 2636/2624/3279
f 2771/2624/3279 2705/2624/3279 2636/2624/3279
f 2762/2624/3279 2716/2624/3279 2717/2624/3279
f 2718/2624/3279 2762/2624/3279 2717/2624/3279
f 2718/2624/3279 2753/2624/3279 2762/2624/3279
f 2599/2624/3279 2762/2624/3279 2686/2624/3279
f 2599/2624/3279 2686/2624/3279 2598/2624/3279
f 2597/2624/3279 2685/2624/3279 2778/2624/3279
f 2597/2624/3279 2686/2624/3279 2685/2624/3279
f 2686/2624/3285 2597/2624/3285 2598/2624/3285
f 2762/2624/3279 2599/2624/3279 2600/2624/3279
f 2755/2624/3279 2753/2624/3279 2754/2624/3279
f 2755/2624/3279 2752/2624/3279 2753/2624/3279
f 2752/2624/3279 2755/2624/3279 2756/2624/3279
f 2752/2624/3279 2756/2624/3279 2720/2624/3279
f 2719/2624/3279 2752/2624/3279 2720/2624/3279
f 2751/2624/3279 2719/2624/3279 2721/2624/3279
f 2751/2624/3279 2721/2624/3279 2722/2624/3279
f 2751/2624/3286 2722/2624/3286 2723/2624/3286
f 2723/2624/3279 2750/2624/3279 2751/2624/3279
f 2725/2624/3279 2749/2624/3279 2750/2624/3279
f 2725/2624/3279 2750/2624/3279 2724/2624/3279
f 2749/2624/3279 2726/2624/3279 2727/2624/3279
f 2749/2624/3279 2727/2624/3279 2651/2624/3279
f 2650/2624/3279 2749/2624/3279 2651/2624/3279
f 2652/2624/3279 2683/2624/3279 2650/2624/3279
f 2652/2624/3279 2682/2624/3279 2683/2624/3279
f 2647/2624/3279 2680/2624/3279 2681/2624/3279
f 2684/2624/3279 2647/2624/3279 2681/2624/3279
f 2682/2624/3279 2647/2624/3279 2684/2624/3279
f 2647/2624/3279 2682/2624/3279 2648/2624/3279
f 2680/2624/3279 2646/2624/3279 2654/2624/3279
f 2680/2624/3279 2654/2624/3279 2655/2624/3279
f 2680/2624/3279 2655/2624/3279 2765/2624/3279
f 2680/2624/3279 2765/2624/3279 2766/2624/3279
f 2680/2624/3279 2766/2624/3279 2770/2624/3279
f 2680/2624/3279 2770/2624/3279 2637/2624/3279
f 2680/2624/3279 2637/2624/3279 2638/2624/3279
f 2680/2624/3284 2638/2624/3284 2639/2624/3284
f 2680/2624/3279 2639/2624/3279 2645/2624/3279
f 2680/2624/3279 2645/2624/3279 2644/2624/3279
f 2643/2624/3279 2680/2624/3279 2644/2624/3279
f 2679/2624/3279 2643/2624/3279 2640/2624/3279
f 2679/2624/3284 2640/2624/3284 2641/2624/3284
f 2642/2624/3279 2679/2624/3279 2641/2624/3279
f 2677/2624/3279 2642/2624/3279 2670/2624/3279
f 2642/2624/3279 2677/2624/3279 2678/2624/3279
f 2682/2624/3279 2653/2624/3279 2769/2624/3279
f 2682/2624/3279 2769/2624/3279 2767/2624/3279
f 2682/2624/3279 2767/2624/3279 2768/2624/3279
f 2682/2624/3279 2768/2624/3279 2649/2624/3279
f 2619/2624/3279 2715/2624/3279 2697/2624/3279
f 2619/2624/3279 2697/2624/3279 2776/2624/3279
f 2715/2624/3279 2618/2624/3279 2620/2624/3279
f 2715/2624/3279 2620/2624/3279 2611/2624/3279
f 2715/2624/3279 2611/2624/3279 2612/2624/3279
f 2715/2624/3279 2612/2624/3279 2613/2624/3279
f 2715/2624/3279 2613/2624/3279 2614/2624/3279
f 2615/2624/3279 2715/2624/3279 2614/2624/3279
f 2629/2624/3279 2622/2624/3279 2774/2624/3279
f 2775/2624/3279 2629/2624/3279 2774/2624/3279
f 2629/2624/3279 2775/2624/3279 2760/2624/3279
f 2626/2624/3279 2621/2624/3279 2627/2624/3279
f 2624/2624/3279 2621/2624/3279 2626/2624/3279
f 2624/2624/3279 2626/2624/3279 2625/2624/3279
f 2621/2624/3279 2624/2624/3279 2623/2624/3279
f 2695/2624/3279 2757/2624/3279 2758/2624/3279
f 2695/2624/3279 2698/2624/3279 2757/2624/3279
f 2694/2624/3279 2698/2624/3279 2695/2624/3279
f 2694/2624/3279 2696/2624/3279 2698/2624/3279
f 2696/2624/3279 2694/2624/3279 2693/2624/3279
f 2693/2624/3279 2775/2624/3279 2696/2624/3279
f 2775/2624/3279 2697/2624/3279 2696/2624/3279
f 2759/2624/3279 2775/2624/3279 2693/2624/3279
f 2759/2624/3279 2693/2624/3279 2692/2624/3279
f 2621/2624/3279 2628/2624/3279 2627/2624/3279
f 2622/2624/3279 2628/2624/3279 2621/2624/3279
f 2760/2624/3279 2775/2624/3279 2759/2624/3279
f 2622/2624/3279 2629/2624/3279 2628/2624/3279
f 2615/2624/3279 2714/2624/3279 2715/2624/3279
f 2697/2624/3279 2775/2624/3279 2776/2624/3279
f 2715/2624/3279 2619/2624/3279 2618/2624/3279
f 2677/2624/3285 2666/2624/3285 2667/2624/3285
f 2677/2624/3279 2667/2624/3279 2668/2624/3279
f 2677/2624/3279 2668/2624/3279 2665/2624/3279
f 2677/2624/3279 2665/2624/3279 2663/2624/3279
f 2677/2624/3287 2663/2624/3287 2664/2624/3287
f 2763/2624/3279 2677/2624/3279 2664/2624/3279
f 2763/2624/3279 2676/2624/3279 2677/2624/3279
f 2662/2624/3279 2676/2624/3279 2763/2624/3279
f 2674/2624/3284 2660/2624/3284 2661/2624/3284
f 2764/2624/3279 2674/2624/3279 2661/2624/3279
f 2744/2624/3279 2659/2624/3279 2658/2624/3279
f 2744/2624/3279 2658/2624/3279 2656/2624/3279
f 2744/2624/3288 2656/2624/3288 2657/2624/3288
f 2742/2624/3279 2744/2624/3279 2657/2624/3279
f 2746/2624/3279 2742/2624/3279 2743/2624/3279
f 2746/2624/3279 2743/2624/3279 2741/2624/3279
f 2746/2624/3279 2741/2624/3279 2739/2624/3279
f 2738/2624/3279 2746/2624/3279 2739/2624/3279
f 2738/2624/3279 2747/2624/3279 2746/2624/3279
f 2764/2624/3279 2744/2624/3279 2675/2624/3279
f 2734/2624/3279 2731/2624/3279 2732/2624/3279
f 2734/2624/3279 2748/2624/3279 2731/2624/3279
f 2734/2624/3279 2732/2624/3279 2733/2624/3279
f 2734/2624/3279 2733/2624/3279 2736/2624/3279
f 2728/2624/3279 2734/2624/3279 2735/2624/3279
f 2747/2624/3279 2728/2624/3279 2735/2624/3279
f 2734/2624/3289 2728/2624/3289 2729/2624/3289
f 2734/2624/3290 2729/2624/3290 2730/2624/3290
f 2733/2624/3279 2737/2624/3279 2736/2624/3279
f 2742/2624/3279 2746/2624/3279 2745/2624/3279
f 2744/2624/3279 2742/2624/3279 2745/2624/3279
f 2744/2624/3279 2764/2624/3279 2659/2624/3279
f 2674/2624/3279 2764/2624/3279 2675/2624/3279
f 2674/2624/3279 2662/2624/3279 2660/2624/3279
f 2662/2624/3279 2674/2624/3279 2676/2624/3279
f 2747/2624/3284 2738/2624/3284 2740/2624/3284
f 2728/2624/3279 2747/2624/3279 2740/2624/3279
f 2734/2624/3279 2730/2624/3279 2748/2624/3279
f 2677/2624/3279 2670/2624/3279 2669/2624/3279
f 2677/2624/3279 2669/2624/3279 2671/2624/3279
f 2677/2624/3279 2671/2624/3279 2672/2624/3279
f 2677/2624/3290 2672/2624/3290 2673/2624/3290
f 2677/2624/3279 2673/2624/3279 2666/2624/3279
f 2679/2624/3279 2642/2624/3279 2678/2624/3279
f 2643/2624/3279 2679/2624/3279 2680/2624/3279
f 2682/2624/3279 2649/2624/3279 2648/2624/3279
f 2680/2624/3279 2647/2624/3279 2646/2624/3279
f 2682/2624/3284 2652/2624/3284 2653/2624/3284
f 2650/2624/3279 2683/2624/3279 2749/2624/3279
f 2749/2624/3279 2725/2624/3279 2726/2624/3279
f 2750/2624/3279 2723/2624/3279 2724/2624/3279
f 2719/2624/3279 2751/2624/3279 2752/2624/3279
f 2753/2624/3279 2718/2624/3279 2754/2624/3279
f 2762/2624/3279 2600/2624/3279 2716/2624/3279
f 2761/2624/3279 2703/2624/3279 2690/2624/3279
f 2703/2624/3279 2689/2624/3279 2690/2624/3279
f 2703/2624/3279 2761/2624/3279 2704/2624/3279
f 2709/2624/3279 2771/2624/3279 2572/2624/3279
f 2709/2624/3279 2572/2624/3279 2571/2624/3279
f 2714/2624/3282 2615/2624/3282 2616/2624/3282
f 2705/2624/3279 2617/2624/3279 2610/2624/3279
f 2705/2624/3279 2771/2624/3279 2706/2624/3279
f 2771/2624/3279 2709/2624/3279 2706/2624/3279
f 2689/2624/3279 2703/2624/3279 2702/2624/3279
f 2601/2624/3279 2688/2624/3279 2691/2624/3279
f 2685/2624/3279 2779/2624/3279 2778/2624/3279
f 2780/2624/3279 2687/2624/3279 2688/2624/3279
f 2688/2624/3279 2777/2624/3279 2593/2624/3279
f 2688/2624/3279 2601/2624/3279 2777/2624/3279
f 2601/2624/3279 2691/2624/3279 2602/2624/3279
f 2602/2624/3279 2701/2624/3279 2699/2624/3279
f 2699/2624/3279 2781/2624/3279 2590/2624/3279
f 2781/2624/3279 2713/2624/3279 2589/2624/3279
f 2589/2624/3279 2713/2624/3279 2712/2624/3279
f 2604/2624/3279 2712/2624/3279 2711/2624/3279
f 2708/2624/3279 2604/2624/3279 2710/2624/3279
f 2576/2624/3279 2708/2624/3279 2709/2624/3279
f 2709/2624/3279 2571/2624/3279 2573/2624/3279
f 2814/2624/3291 2787/2624/3291 2788/2624/3291
f 2954/2624/3291 2814/2624/3291 2788/2624/3291
f 2954/2624/3291 2815/2624/3291 2814/2624/3291
f 2943/2624/3291 2939/2624/3291 2940/2624/3291
f 2813/2624/3291 2943/2624/3291 2940/2624/3291
f 2943/2624/3291 2813/2624/3291 2944/2624/3291
f 2939/2624/3291 2951/2624/3291 2952/2624/3291
f 2939/2624/3291 2952/2624/3291 2953/2624/3291
f 2939/2624/3291 2953/2624/3291 2792/2624/3291
f 2939/2624/3292 2792/2624/3292 2791/2624/3292
f 2939/2624/3291 2791/2624/3291 2790/2624/3291
f 2939/2624/3291 2790/2624/3291 2789/2624/3291
f 2787/2624/3291 2939/2624/3291 2789/2624/3291
f 2811/2624/3291 2793/2624/3291 2794/2624/3291
f 2811/2624/3293 2794/2624/3293 2808/2624/3293
f 2808/2624/3291 2812/2624/3291 2811/2624/3291
f 2960/2624/3291 2961/2624/3291 2795/2624/3291
f 2960/2624/3291 2795/2624/3291 2811/2624/3291
f 2960/2624/3291 2811/2624/3291 2959/2624/3291
f 2970/2624/3291 2795/2624/3291 2961/2624/3291
f 2970/2624/3291 2796/2624/3291 2795/2624/3291
f 2815/2624/3291 2798/2624/3291 2799/2624/3291
f 2815/2624/3294 2799/2624/3294 2827/2624/3294
f 2815/2624/3291 2827/2624/3291 2826/2624/3291
f 2815/2624/3295 2826/2624/3295 2829/2624/3295
f 2815/2624/3291 2829/2624/3291 2828/2624/3291
f 2945/2624/3291 2815/2624/3291 2828/2624/3291
f 2945/2624/3291 2816/2624/3291 2815/2624/3291
f 2816/2624/3291 2945/2624/3291 2825/2624/3291
f 2824/2624/3291 2816/2624/3291 2825/2624/3291
f 2824/2624/3291 2817/2624/3291 2816/2624/3291
f 2966/2624/3291 2809/2624/3291 2967/2624/3291
f 2968/2624/3291 2967/2624/3291 2809/2624/3291
f 2968/2624/3291 2809/2624/3291 2797/2624/3291
f 2968/2624/3291 2797/2624/3291 2969/2624/3291
f 2969/2624/3296 2797/2624/3296 2796/2624/3296
f 2966/2624/3291 2810/2624/3291 2809/2624/3291
f 2965/2624/3297 2950/2624/3297 2810/2624/3297
f 2965/2624/3291 2810/2624/3291 2966/2624/3291
f 2962/2624/3291 2950/2624/3291 2965/2624/3291
f 2962/2624/3291 2942/2624/3291 2950/2624/3291
f 2962/2624/3291 2963/2624/3291 2942/2624/3291
f 2964/2624/3291 2942/2624/3291 2963/2624/3291
f 2964/2624/3291 3171/2624/3291 2941/2624/3291
f 2819/2624/3291 2845/2624/3291 2818/2624/3291
f 2845/2624/3291 2820/2624/3291 2818/2624/3291
f 2845/2624/3291 2821/2624/3291 2820/2624/3291
f 2845/2624/3298 2949/2624/3298 2821/2624/3298
f 2845/2624/3299 2948/2624/3299 2949/2624/3299
f 2845/2624/3300 2937/2624/3300 2948/2624/3300
f 2845/2624/3291 2938/2624/3291 2937/2624/3291
f 2845/2624/3301 2947/2624/3301 2938/2624/3301
f 2845/2624/3291 2822/2624/3291 2947/2624/3291
f 2822/2624/3291 2845/2624/3291 2817/2624/3291
f 2822/2624/3291 2817/2624/3291 2823/2624/3291
f 2817/2624/3291 2946/2624/3291 2823/2624/3291
f 2837/2624/3291 2934/2624/3291 2847/2624/3291
f 2837/2624/3291 2847/2624/3291 2838/2624/3291
f 2935/2624/3291 2833/2624/3291 2843/2624/3291
f 2935/2624/3291 2843/2624/3291 2842/2624/3291
f 2841/2624/3291 2935/2624/3291 2842/2624/3291
f 2840/2624/3291 2849/2624/3291 2839/2624/3291
f 2839/2624/3291 2849/2624/3291 2848/2624/3291
f 2851/2624/3291 2880/2624/3291 2872/2624/3291
f 2880/2624/3291 2871/2624/3291 2872/2624/3291
f 2893/2624/3291 2855/2624/3291 2856/2624/3291
f 2893/2624/3291 2856/2624/3291 2917/2624/3291
f 2893/2624/3291 2917/2624/3291 2916/2624/3291
f 2893/2624/3291 2916/2624/3291 2918/2624/3291
f 2893/2624/3291 2918/2624/3291 2915/2624/3291
f 2893/2624/3302 2915/2624/3302 2914/2624/3302
f 2893/2624/3303 2914/2624/3303 2913/2624/3303
f 2912/2624/3291 2893/2624/3291 2913/2624/3291
f 2921/2624/3291 2894/2624/3291 2912/2624/3291
f 2921/2624/3291 2895/2624/3291 2894/2624/3291
f 2857/2624/3291 2893/2624/3291 2853/2624/3291
f 2857/2624/3291 2853/2624/3291 2858/2624/3291
f 2931/2624/3291 2854/2624/3291 2862/2624/3291
f 2854/2624/3291 2863/2624/3291 2862/2624/3291
f 2879/2624/3291 2869/2624/3291 2870/2624/3291
f 2879/2624/3291 2865/2624/3291 2869/2624/3291
f 2867/2624/3291 2878/2624/3291 2868/2624/3291
f 2878/2624/3291 2892/2624/3291 2868/2624/3291
f 2877/2624/3291 2889/2624/3291 2891/2624/3291
f 2889/2624/3291 2877/2624/3291 2876/2624/3291
f 2889/2624/3291 2876/2624/3291 2890/2624/3291
f 2884/2624/3291 2873/2624/3291 2883/2624/3291
f 2884/2624/3291 2874/2624/3291 2873/2624/3291
f 2874/2624/3291 2884/2624/3291 2885/2624/3291
f 2874/2624/3291 2885/2624/3291 2922/2624/3291
f 2923/2624/3291 2874/2624/3291 2922/2624/3291
f 2875/2624/3291 2923/2624/3291 2924/2624/3291
f 2875/2624/3291 2924/2624/3291 2925/2624/3291
f 2875/2624/3291 2925/2624/3291 2930/2624/3291
f 2929/2624/3291 2875/2624/3291 2930/2624/3291
f 2876/2624/3294 2887/2624/3294 2886/2624/3294
f 2876/2624/3291 2886/2624/3291 2888/2624/3291
f 2876/2624/3291 2926/2624/3291 2887/2624/3291
f 2876/2624/3291 2927/2624/3291 2926/2624/3291
f 2876/2624/3304 2928/2624/3304 2927/2624/3304
f 2876/2624/3291 2929/2624/3291 2928/2624/3291
f 2929/2624/3291 2876/2624/3291 2875/2624/3291
f 2923/2624/3291 2875/2624/3291 2874/2624/3291
f 2873/2624/3291 2881/2624/3291 2883/2624/3291
f 2881/2624/3291 2873/2624/3291 2871/2624/3291
f 2851/2624/3291 2844/2624/3291 2882/2624/3291
f 2876/2624/3291 2888/2624/3291 2890/2624/3291
f 2896/2624/3291 2897/2624/3291 2899/2624/3291
f 2897/2624/3291 2900/2624/3291 2899/2624/3291
f 2900/2624/3291 2898/2624/3291 2901/2624/3291
f 2898/2624/3291 2902/2624/3291 2901/2624/3291
f 2908/2624/3291 2920/2624/3291 2903/2624/3291
f 2920/2624/3291 2908/2624/3291 2907/2624/3291
f 2920/2624/3291 2907/2624/3291 2906/2624/3291
f 2920/2624/3305 2906/2624/3305 2905/2624/3305
f 2920/2624/3303 2905/2624/3303 2904/2624/3303
f 2920/2624/3306 2904/2624/3306 2919/2624/3306
f 2908/2624/3291 2902/2624/3291 2909/2624/3291
f 2902/2624/3291 2895/2624/3291 2909/2624/3291
f 2895/2624/3307 2910/2624/3307 2909/2624/3307
f 2895/2624/3291 2911/2624/3291 2910/2624/3291
f 2902/2624/3291 2908/2624/3291 2903/2624/3291
f 2902/2624/3291 2898/2624/3291 2895/2624/3291
f 2900/2624/3291 2897/2624/3291 2898/2624/3291
f 2892/2624/3291 2877/2624/3291 2891/2624/3291
f 2892/2624/3291 2878/2624/3291 2877/2624/3291
f 2867/2624/3291 2879/2624/3291 2878/2624/3291
f 2879/2624/3291 2867/2624/3291 2866/2624/3291
f 2879/2624/3291 2866/2624/3291 2865/2624/3291
f 2879/2624/3291 2870/2624/3291 2864/2624/3291
f 2863/2624/3308 2879/2624/3308 2864/2624/3308
f 2863/2624/3291 2854/2624/3291 2879/2624/3291
f 2931/2624/3291 2852/2624/3291 2854/2624/3291
f 2852/2624/3308 2931/2624/3308 2932/2624/3308
f 2852/2624/3291 2932/2624/3291 2933/2624/3291
f 2852/2624/3291 2933/2624/3291 2861/2624/3291
f 2860/2624/3291 2852/2624/3291 2861/2624/3291
f 2860/2624/3291 2853/2624/3291 2852/2624/3291
f 2853/2624/3291 2860/2624/3291 2859/2624/3291
f 2853/2624/3291 2859/2624/3291 2858/2624/3291
f 2895/2624/3291 2921/2624/3291 2911/2624/3291
f 2912/2624/3291 2894/2624/3291 2893/2624/3291
f 2893/2624/3294 2857/2624/3294 2855/2624/3294
f 2881/2624/3291 2871/2624/3291 2880/2624/3291
f 2880/2624/3291 2851/2624/3291 2882/2624/3291
f 2844/2624/3291 2851/2624/3291 2850/2624/3291
f 2844/2624/3291 2850/2624/3291 2840/2624/3291
f 2840/2624/3291 2850/2624/3291 2849/2624/3291
f 2839/2624/3291 2848/2624/3291 2841/2624/3291
f 2841/2624/3291 2848/2624/3291 2935/2624/3291
f 2836/2624/3291 2935/2624/3291 2934/2624/3291
f 2935/2624/3291 2834/2624/3291 2833/2624/3291
f 2935/2624/3304 2835/2624/3304 2834/2624/3304
f 2935/2624/3294 2836/2624/3294 2835/2624/3294
f 2846/2624/3308 2831/2624/3308 2830/2624/3308
f 2846/2624/3291 2819/2624/3291 2831/2624/3291
f 2846/2624/3309 2830/2624/3309 2832/2624/3309
f 2936/2624/3291 2846/2624/3291 2832/2624/3291
f 2847/2624/3291 2936/2624/3291 2838/2624/3291
f 2836/2624/3291 2934/2624/3291 2837/2624/3291
f 2936/2624/3291 2847/2624/3291 2846/2624/3291
f 2819/2624/3291 2846/2624/3291 2845/2624/3291
f 2964/2624/3291 2941/2624/3291 2942/2624/3291
f 2817/2624/3291 2824/2624/3291 2946/2624/3291
f 2815/2624/3291 2800/2624/3291 2798/2624/3291
f 2815/2624/3303 2801/2624/3303 2800/2624/3303
f 2815/2624/3310 2784/2624/3310 2803/2624/3310
f 2815/2624/3291 2785/2624/3291 2784/2624/3291
f 2815/2624/3291 2786/2624/3291 2785/2624/3291
f 2815/2624/3291 2956/2624/3291 2786/2624/3291
f 2815/2624/3304 2955/2624/3304 2956/2624/3304
f 2815/2624/3291 2803/2624/3291 2802/2624/3291
f 2815/2624/3291 2802/2624/3291 2801/2624/3291
f 2969/2624/3311 2796/2624/3311 2970/2624/3311
f 2805/2624/3291 2813/2624/3291 2812/2624/3291
f 2812/2624/3312 2806/2624/3312 2805/2624/3312
f 2812/2624/3313 2807/2624/3313 2806/2624/3313
f 2813/2624/3314 2805/2624/3314 2804/2624/3314
f 2812/2624/3291 2808/2624/3291 2807/2624/3291
f 2811/2624/3307 2795/2624/3307 2793/2624/3307
f 2813/2624/3315 2804/2624/3315 2944/2624/3315
f 2939/2624/3291 2943/2624/3291 2951/2624/3291
f 2815/2624/3291 2954/2624/3291 2955/2624/3291
f 2787/2624/3291 2814/2624/3291 2939/2624/3291
f 2958/2624/3316 2970/2624/3316 2957/2624/3316
f 2957/2624/3316 2970/2624/3316 2961/2624/3316
f 2960/2624/3316 2957/2624/3316 2961/2624/3316
f 2957/2624/3316 2960/2624/3316 2959/2624/3316
f 2972/2624/3316 2988/2624/3316 2971/2624/3316
f 2971/2624/3316 2988/2624/3316 2989/2624/3316
f 2990/2624/3316 2971/2624/3316 2989/2624/3316
f 2978/2624/3316 2971/2624/3316 2991/2624/3316
f 2971/2624/3316 2978/2624/3316 2973/2624/3316
f 2978/2624/3316 2974/2624/3316 2973/2624/3316
f 2976/2624/3316 2962/2624/3316 2958/2624/3316
f 2958/2624/3316 2962/2624/3316 2965/2624/3316
f 2958/2624/3317 2965/2624/3317 2966/2624/3317
f 2967/2624/3316 2958/2624/3316 2966/2624/3316
f 2958/2624/3316 2968/2624/3316 2969/2624/3316
f 2968/2624/3316 2958/2624/3316 2967/2624/3316
f 2963/2624/3316 2976/2624/3316 2964/2624/3316
f 2964/2624/3316 2976/2624/3316 3171/2624/3316
f 2976/2624/3318 2979/2624/3318 2980/2624/3318
f 2976/2624/3316 2977/2624/3316 2979/2624/3316
f 3011/2624/3316 3094/2624/3316 3010/2624/3316
f 3094/2624/3316 3012/2624/3316 3010/2624/3316
f 3012/2624/3316 3094/2624/3316 3095/2624/3316
f 3095/2624/3316 3102/2624/3316 3012/2624/3316
f 3012/2624/3316 3102/2624/3316 3013/2624/3316
f 3102/2624/3316 3014/2624/3316 3015/2624/3316
f 3163/2624/3319 3102/2624/3319 3015/2624/3319
f 3014/2624/3316 3102/2624/3316 3103/2624/3316
f 3014/2624/3316 3103/2624/3316 3104/2624/3316
f 3105/2624/3316 3014/2624/3316 3104/2624/3316
f 3150/2624/3316 3060/2624/3316 3108/2624/3316
f 3060/2624/3316 3150/2624/3316 3061/2624/3316
f 3107/2624/3316 3060/2624/3316 3161/2624/3316
f 3107/2624/3320 3161/2624/3320 3059/2624/3320
f 3162/2624/3321 3106/2624/3321 3058/2624/3321
f 3019/2624/3316 3106/2624/3316 3162/2624/3316
f 3018/2624/3316 3106/2624/3316 3019/2624/3316
f 3016/2624/3316 3105/2624/3316 3017/2624/3316
f 3045/2624/3316 3164/2624/3316 3044/2624/3316
f 3164/2624/3322 3046/2624/3322 3044/2624/3322
f 3046/2624/3316 3164/2624/3316 3165/2624/3316
f 3166/2624/3323 3046/2624/3323 3165/2624/3323
f 3046/2624/3324 3166/2624/3324 3009/2624/3324
f 3046/2624/3325 3009/2624/3325 3008/2624/3325
f 3046/2624/3324 3008/2624/3324 3007/2624/3324
f 3046/2624/3326 3007/2624/3326 3167/2624/3326
f 3038/2624/3324 3046/2624/3324 3167/2624/3324
f 3039/2624/3316 3046/2624/3316 3038/2624/3316
f 3053/2624/3316 3039/2624/3316 3040/2624/3316
f 3041/2624/3316 3053/2624/3316 3040/2624/3316
f 3042/2624/3316 3053/2624/3316 3041/2624/3316
f 3043/2624/3316 3053/2624/3316 3042/2624/3316
f 3048/2624/3316 3053/2624/3316 3047/2624/3316
f 3049/2624/3327 3053/2624/3327 3048/2624/3327
f 3051/2624/3316 3053/2624/3316 3050/2624/3316
f 3053/2624/3316 3051/2624/3316 3052/2624/3316
f 2982/2624/3316 2996/2624/3316 2981/2624/3316
f 2981/2624/3316 2996/2624/3316 2995/2624/3316
f 2981/2624/3316 2995/2624/3316 2983/2624/3316
f 2983/2624/3316 2995/2624/3316 2997/2624/3316
f 2992/2624/3328 2983/2624/3328 2997/2624/3328
f 2972/2624/3316 3056/2624/3316 2985/2624/3316
f 2984/2624/3316 2972/2624/3316 2985/2624/3316
f 2986/2624/3316 2972/2624/3316 2984/2624/3316
f 2999/2624/3316 2982/2624/3316 3000/2624/3316
f 2982/2624/3316 3001/2624/3316 3000/2624/3316
f 3055/2624/3316 3001/2624/3316 2982/2624/3316
f 3001/2624/3316 3055/2624/3316 3002/2624/3316
f 3055/2624/3316 3051/2624/3316 3006/2624/3316
f 3051/2624/3316 3055/2624/3316 3054/2624/3316
f 3005/2624/3329 3055/2624/3329 3006/2624/3329
f 3004/2624/3330 3055/2624/3330 3005/2624/3330
f 3168/2624/3316 3055/2624/3316 3004/2624/3316
f 3003/2624/3316 3055/2624/3316 3168/2624/3316
f 3002/2624/3316 3055/2624/3316 3003/2624/3316
f 2998/2624/3331 2982/2624/3331 2999/2624/3331
f 2987/2624/3316 2972/2624/3316 2986/2624/3316
f 3170/2624/3316 3056/2624/3316 2972/2624/3316
f 3169/2624/3316 3057/2624/3316 3170/2624/3316
f 2983/2624/3316 2994/2624/3316 3169/2624/3316
f 3170/2624/3316 3057/2624/3316 3056/2624/3316
f 3169/2624/3316 2994/2624/3316 3057/2624/3316
f 2994/2624/3316 2983/2624/3316 2993/2624/3316
f 2993/2624/3316 2983/2624/3316 2992/2624/3316
f 2996/2624/3316 2982/2624/3316 2998/2624/3316
f 3039/2624/3331 3113/2624/3331 3112/2624/3331
f 3039/2624/3332 3114/2624/3332 3113/2624/3332
f 3051/2624/3316 3054/2624/3316 3052/2624/3316
f 3050/2624/3316 3053/2624/3316 3049/2624/3316
f 3047/2624/3316 3053/2624/3316 3043/2624/3316
f 3039/2624/3333 3053/2624/3333 3114/2624/3333
f 3046/2624/3316 3039/2624/3316 3112/2624/3316
f 3045/2624/3316 3011/2624/3316 3164/2624/3316
f 3101/2624/3316 3095/2624/3316 3096/2624/3316
f 3101/2624/3316 3096/2624/3316 3100/2624/3316
f 3141/2624/3316 3116/2624/3316 3139/2624/3316
f 3139/2624/3334 3116/2624/3334 3115/2624/3334
f 3139/2624/3335 3115/2624/3335 3148/2624/3335
f 3147/2624/3316 3139/2624/3316 3148/2624/3316
f 3137/2624/3316 3147/2624/3316 3154/2624/3316
f 3137/2624/3330 3154/2624/3330 3155/2624/3330
f 3137/2624/3316 3155/2624/3316 3072/2624/3316
f 3137/2624/3336 3072/2624/3336 3071/2624/3336
f 3070/2624/3316 3137/2624/3316 3071/2624/3316
f 3036/2624/3337 3137/2624/3337 3037/2624/3337
f 3137/2624/3316 3036/2624/3316 3136/2624/3316
f 3136/2624/3316 3036/2624/3316 3034/2624/3316
f 3136/2624/3316 3034/2624/3316 3138/2624/3316
f 3138/2624/3316 3028/2624/3316 3111/2624/3316
f 3028/2624/3316 3109/2624/3316 3111/2624/3316
f 3110/2624/3316 3022/2624/3316 3149/2624/3316
f 3149/2624/3316 3022/2624/3316 3020/2624/3316
f 3149/2624/3316 3020/2624/3316 3021/2624/3316
f 3149/2624/3338 3021/2624/3338 3067/2624/3338
f 3149/2624/3334 3067/2624/3334 3066/2624/3334
f 3149/2624/3339 3066/2624/3339 3065/2624/3339
f 3064/2624/3319 3149/2624/3319 3065/2624/3319
f 3150/2624/3316 3064/2624/3316 3063/2624/3316
f 3062/2624/3316 3150/2624/3316 3063/2624/3316
f 3160/2624/3316 3150/2624/3316 3062/2624/3316
f 3023/2624/3340 3110/2624/3340 3024/2624/3340
f 3024/2624/3316 3110/2624/3316 3159/2624/3316
f 3025/2624/3316 3110/2624/3316 3027/2624/3316
f 3110/2624/3316 3028/2624/3316 3027/2624/3316
f 3138/2624/3316 3030/2624/3316 3031/2624/3316
f 3138/2624/3341 3031/2624/3341 3069/2624/3341
f 3068/2624/3324 3138/2624/3324 3069/2624/3324
f 3158/2624/3342 3138/2624/3342 3068/2624/3342
f 3029/2624/3324 3138/2624/3324 3158/2624/3324
f 3030/2624/3316 3138/2624/3316 3032/2624/3316
f 3032/2624/3343 3138/2624/3343 3033/2624/3343
f 3142/2624/3316 3075/2624/3316 3140/2624/3316
f 3140/2624/3316 3075/2624/3316 3073/2624/3316
f 3074/2624/3316 3140/2624/3316 3073/2624/3316
f 3120/2624/3316 3140/2624/3316 3153/2624/3316
f 3119/2624/3344 3140/2624/3344 3120/2624/3344
f 3140/2624/3316 3119/2624/3316 3141/2624/3316
f 3141/2624/3316 3119/2624/3316 3144/2624/3316
f 3145/2624/3316 3141/2624/3316 3144/2624/3316
f 3141/2624/3345 3146/2624/3345 3118/2624/3345
f 3141/2624/3322 3118/2624/3322 3117/2624/3322
f 3133/2624/3316 3079/2624/3316 3135/2624/3316
f 3135/2624/3316 3079/2624/3316 3078/2624/3316
f 3077/2624/3316 3135/2624/3316 3078/2624/3316
f 3142/2624/3316 3077/2624/3316 3092/2624/3316
f 3142/2624/3316 3092/2624/3316 3093/2624/3316
f 3142/2624/3346 3093/2624/3346 3076/2624/3346
f 3132/2624/3316 3089/2624/3316 3090/2624/3316
f 3132/2624/3316 3090/2624/3316 3133/2624/3316
f 3133/2624/3316 3090/2624/3316 3091/2624/3316
f 3134/2624/3316 3089/2624/3316 3132/2624/3316
f 3151/2624/3316 3134/2624/3316 3085/2624/3316
f 3083/2624/3316 3151/2624/3316 3085/2624/3316
f 3084/2624/3316 3152/2624/3316 3083/2624/3316
f 3084/2624/3316 3080/2624/3316 3152/2624/3316
f 3087/2624/3347 3134/2624/3347 3086/2624/3347
f 3088/2624/3316 3134/2624/3316 3087/2624/3316
f 3130/2624/3316 3082/2624/3316 3081/2624/3316
f 3080/2624/3316 3130/2624/3316 3081/2624/3316
f 3130/2624/3316 3080/2624/3316 3131/2624/3316
f 3127/2624/3330 3126/2624/3330 3125/2624/3330
f 3124/2624/3348 3127/2624/3348 3125/2624/3348
f 3128/2624/3316 3124/2624/3316 3143/2624/3316
f 3121/2624/3340 3129/2624/3340 3122/2624/3340
f 3082/2624/3324 3129/2624/3324 3121/2624/3324
f 3122/2624/3334 3129/2624/3334 3123/2624/3334
f 3129/2624/3349 3143/2624/3349 3123/2624/3349
f 3127/2624/3316 3124/2624/3316 3128/2624/3316
f 3128/2624/3316 3143/2624/3316 3129/2624/3316
f 3129/2624/3316 3082/2624/3316 3130/2624/3316
f 3080/2624/3316 3084/2624/3316 3131/2624/3316
f 3083/2624/3316 3152/2624/3316 3151/2624/3316
f 3134/2624/3316 3151/2624/3316 3086/2624/3316
f 3089/2624/3324 3134/2624/3324 3088/2624/3324
f 3135/2624/3316 3077/2624/3316 3142/2624/3316
f 3079/2624/3316 3133/2624/3316 3091/2624/3316
f 3141/2624/3316 3145/2624/3316 3146/2624/3316
f 3153/2624/3316 3140/2624/3316 3074/2624/3316
f 3075/2624/3347 3142/2624/3347 3076/2624/3347
f 3157/2624/3334 3138/2624/3334 3035/2624/3334
f 3156/2624/3316 3138/2624/3316 3157/2624/3316
f 3033/2624/3316 3138/2624/3316 3156/2624/3316
f 3026/2624/3316 3110/2624/3316 3025/2624/3316
f 3159/2624/3340 3110/2624/3340 3026/2624/3340
f 3149/2624/3316 3064/2624/3316 3150/2624/3316
f 3022/2624/3316 3110/2624/3316 3023/2624/3316
f 3028/2624/3316 3110/2624/3316 3109/2624/3316
f 3028/2624/3350 3138/2624/3350 3029/2624/3350
f 3138/2624/3316 3034/2624/3316 3035/2624/3316
f 3037/2624/3316 3137/2624/3316 3070/2624/3316
f 3139/2624/3316 3147/2624/3316 3137/2624/3316
f 3141/2624/3351 3117/2624/3351 3116/2624/3351
f 3099/2624/3316 3097/2624/3316 3098/2624/3316
f 3100/2624/3316 3097/2624/3316 3099/2624/3316
f 3100/2624/3316 3096/2624/3316 3097/2624/3316
f 3105/2624/3316 3018/2624/3316 3017/2624/3316
f 3106/2624/3330 3059/2624/3330 3058/2624/3330
f 3061/2624/3352 3150/2624/3352 3160/2624/3352
f 3060/2624/3316 3107/2624/3316 3108/2624/3316
f 3107/2624/3334 3059/2624/3334 3106/2624/3334
f 3106/2624/3316 3018/2624/3316 3105/2624/3316
f 3014/2624/3324 3105/2624/3324 3016/2624/3324
f 3013/2624/3316 3102/2624/3316 3163/2624/3316
f 3102/2624/3316 3095/2624/3316 3101/2624/3316
f 3094/2624/3316 3011/2624/3316 3045/2624/3316
f 3171/2624/3316 2976/2624/3316 2980/2624/3316
f 2962/2624/3316 2976/2624/3316 2963/2624/3316
f 2977/2624/3316 2976/2624/3316 2975/2624/3316
f 2974/2624/3316 2977/2624/3316 2975/2624/3316
f 2974/2624/3316 2978/2624/3316 2977/2624/3316
f 2991/2624/3316 2971/2624/3316 2990/2624/3316
f 2988/2624/3316 2972/2624/3316 2987/2624/3316
f 2958/2624/3353 2969/2624/3353 2970/2624/3353
f 2814/2625/3354 2815/2626/3354 2207/2627/3354
f 2814/2625/3355 2207/2627/3355 2205/2628/3355
f 2814/2625/3355 2205/2628/3355 2939/2629/3355
f 2939/2629/3356 2205/2628/3356 2206/2630/3356
f 2939/2629/3357 2206/2630/3357 2940/2631/3357
f 2812/2632/3358 2204/2633/3358 2811/2634/3358
f 2957/2635/3359 2811/2634/3359 2204/2633/3359
f 2957/2635/3359 2204/2633/3359 2958/2636/3359
f 2685/2637/3360 2202/2638/3360 2687/2639/3360
f 2687/2640/3361 2202/2641/3361 2223/2642/3361
f 2687/2640/3361 2223/2642/3361 2688/2643/3361
f 2691/2644/3362 2688/2643/3362 2223/2642/3362
f 2689/2645/3363 2691/2644/3363 2223/2642/3363
f 2701/2646/3364 2702/2647/3364 2219/2648/3364
f 2699/2649/3365 2701/2646/3365 2219/2648/3365
f 2699/2649/3366 2219/2648/3366 2218/2650/3366
f 2699/2649/3366 2218/2650/3366 2700/2651/3366
f 2713/2652/3367 2700/2651/3367 2218/2650/3367
f 2712/2653/3368 2713/2652/3368 2218/2650/3368
f 2712/2654/3369 2218/2655/3369 2273/2656/3369
f 2712/2654/3369 2273/2656/3369 2711/2657/3369
f 2711/2657/3370 2273/2656/3370 2274/2658/3370
f 2711/2657/3371 2274/2658/3371 2710/2659/3371
f 2708/2660/3372 2710/2659/3372 2274/2658/3372
f 2708/2660/3373 2274/2658/3373 2275/2661/3373
f 2708/2660/3374 2275/2661/3374 2709/2662/3374
f 2706/2663/3375 2709/2662/3375 2275/2661/3375
f 2705/2664/3376 2706/2663/3376 2275/2661/3376
f 2705/2665/3377 2275/2666/3377 2364/2667/3377
f 2705/2665/3377 2364/2667/3377 2707/2668/3377
f 2817/2669/3378 2209/2670/3378 2816/2671/3378
f 2816/2671/3379 2209/2670/3379 2207/2627/3379
f 2208/2672/3380 2207/2627/3380 2209/2670/3380
f 2208/2672/3381 2209/2670/3381 2210/2673/3381
f 2208/2672/3382 2210/2673/3382 2212/2674/3382
f 2212/2674/3383 2213/2675/3383 2208/2672/3383
f 2213/2676/3384 2376/2677/3384 2208/2678/3384
f 2208/2679/3385 2376/2680/3385 2116/2681/3385
f 2119/2682/3386 2208/2672/3386 2116/2683/3386
f 2116/2684/3387 2118/2685/3387 2119/2686/3387
f 2119/2686/3388 2118/2685/3388 2121/2687/3388
f 2121/2688/3389 2207/2627/3389 2119/2682/3389
f 2121/2687/3390 2118/2685/3390 2123/2689/3390
f 2121/2687/3391 2123/2689/3391 2124/2690/3391
f 2121/2687/3392 2124/2690/3392 2125/2691/3392
f 2125/2692/3393 2205/2628/3393 2121/2688/3393
f 2125/2692/3394 2204/2633/3394 2205/2628/3394
f 2128/2693/3395 2204/2633/3395 2125/2692/3395
f 2971/2694/3396 2128/2695/3396 2125/2691/3396
f 2971/2694/3396 2125/2691/3396 2972/2696/3396
f 2973/2697/3397 2974/2698/3397 2128/2695/3397
f 2974/2698/3398 2975/2699/3398 2128/2695/3398
f 2975/2700/3399 2976/2701/3399 2128/2693/3399
f 2958/2636/3400 2128/2693/3400 2976/2701/3400
f 2512/2702/3401 2511/2703/3401 2276/2704/3401
f 2512/2702/3402 2276/2704/3402 2278/2705/3402
f 2278/2705/3403 2276/2704/3403 2279/2706/3403
f 2285/2707/3404 2278/2705/3404 2279/2706/3404
f 2285/2707/3405 2279/2706/3405 2286/2708/3405
f 2286/2709/3406 2291/2710/3406 2285/2711/3406
f 2290/2712/3407 2285/2707/3407 2291/2713/3407
f 2290/2712/3408 2291/2713/3408 2292/2714/3408
f 2290/2712/3409 2292/2714/3409 2293/2715/3409
f 2295/2716/3410 2290/2712/3410 2293/2715/3410
f 2295/2716/3411 2293/2715/3411 2296/2717/3411
f 2298/2718/3412 2295/2716/3412 2296/2717/3412
f 2298/2718/3413 2296/2717/3413 2301/2719/3413
f 2301/2719/3414 2311/2720/3414 2298/2718/3414
f 2298/2718/3415 2311/2720/3415 2313/2721/3415
f 2298/2718/3416 2313/2721/3416 2300/2722/3416
f 2300/2722/3417 2294/2723/3417 2298/2718/3417
f 2300/2722/3418 2289/2724/3418 2294/2723/3418
f 2289/2724/3419 2288/2725/3419 2294/2723/3419
f 2294/2723/3420 2288/2725/3420 2287/2726/3420
f 2287/2726/3421 2295/2716/3421 2294/2723/3421
f 2288/2725/3422 2283/2727/3422 2287/2726/3422
f 2283/2727/3423 2285/2707/3423 2287/2726/3423
f 2284/2728/3424 2283/2727/3424 2288/2725/3424
f 2284/2728/3425 2281/2729/3425 2283/2727/3425
f 2282/2730/3426 2283/2727/3426 2281/2729/3426
f 2280/2731/3427 2282/2730/3427 2281/2729/3427
f 2238/2732/3428 2280/2731/3428 2281/2729/3428
f 2238/2732/3429 2281/2729/3429 2241/2733/3429
f 2240/2734/3430 2238/2735/3430 2241/2736/3430
f 2240/2734/3431 2241/2736/3431 2243/2737/3431
f 2240/2734/3432 2243/2737/3432 2242/2738/3432
f 2242/2738/3433 2237/2739/3433 2240/2734/3433
f 2239/2740/3434 2237/2739/3434 2242/2738/3434
f 2247/2741/3435 2239/2740/3435 2242/2738/3435
f 2242/2738/3436 2248/2742/3436 2247/2741/3436
f 2249/2743/3437 2247/2741/3437 2248/2742/3437
f 2248/2742/3438 2250/2744/3438 2249/2743/3438
f 2250/2744/3439 2257/2745/3439 2249/2743/3439
f 2249/2743/3440 2257/2745/3440 2259/2746/3440
f 2249/2743/3441 2259/2746/3441 2253/2747/3441
f 2222/2748/3442 2249/2743/3442 2253/2747/3442
f 2222/2748/3443 2253/2747/3443 2221/2749/3443
f 2221/2750/3444 2220/2751/3444 2222/2752/3444
f 2222/2752/3445 2220/2751/3445 2203/2753/3445
f 2203/2754/3446 2246/2755/3446 2222/2748/3446
f 2246/2755/3447 2203/2754/3447 2239/2740/3447
f 2485/2756/3448 2239/2740/3448 2203/2754/3448
f 2485/2756/3448 2203/2754/3448 2486/2757/3448
f 2762/2758/3449 2753/2759/3449 2199/2760/3449
f 2762/2758/3450 2199/2760/3450 2201/2761/3450
f 2762/2758/3450 2201/2761/3450 2686/2762/3450
f 2483/2763/3451 2484/2764/3451 2239/2740/3451
f 2569/2765/3452 2239/2740/3452 2484/2764/3452
f 2685/2637/3453 2686/2762/3453 2201/2761/3453
f 2201/2761/3454 2199/2760/3454 2200/2766/3454
f 2203/2767/3455 2201/2761/3455 2200/2766/3455
f 2202/2638/3456 2201/2761/3456 2203/2767/3456
f 2199/2760/3457 2197/2768/3457 2200/2766/3457
f 2197/2769/3458 2236/2770/3458 2200/2771/3458
f 2487/2772/3459 2200/2771/3459 2236/2770/3459
f 2487/2772/3459 2236/2770/3459 2490/2773/3459
f 2751/2774/3460 2750/2775/3460 2196/2776/3460
f 2751/2774/3461 2196/2776/3461 2199/2760/3461
f 2751/2774/3461 2199/2760/3461 2752/2777/3461
f 2749/2778/3462 2196/2776/3462 2750/2775/3462
f 2682/2779/3463 2198/2780/3463 2683/2781/3463
f 2749/2778/3464 2683/2781/3464 2198/2780/3464
f 2682/2779/3465 2171/2782/3465 2198/2780/3465
f 2178/2783/3466 2198/2780/3466 2171/2782/3466
f 2173/2784/3467 2178/2783/3467 2171/2782/3467
f 2169/2785/3468 2173/2784/3468 2171/2782/3468
f 2170/2786/3469 2169/2785/3469 2171/2782/3469
f 2680/2787/3470 2170/2786/3470 2171/2782/3470
f 2680/2787/3470 2171/2782/3470 2681/2788/3470
f 3104/2789/3471 2130/2790/3471 3105/2791/3471
f 3106/2792/3472 3105/2791/3472 2130/2790/3472
f 3107/2793/3473 3106/2792/3473 2130/2790/3473
f 3108/2794/3474 3107/2793/3474 2130/2790/3474
f 3108/2794/3475 2130/2790/3475 2132/2795/3475
f 3108/2794/3476 2132/2795/3476 3150/2796/3476
f 2677/2797/3477 2168/2798/3477 2678/2799/3477
f 2679/2800/3478 2678/2799/3478 2168/2798/3478
f 2679/2800/3479 2168/2798/3479 2170/2786/3479
f 2677/2797/3477 2167/2801/3477 2168/2798/3477
f 2167/2801/3480 2163/2802/3480 2168/2798/3480
f 2168/2798/3481 2163/2802/3481 2169/2785/3481
f 2169/2785/3482 2163/2802/3482 2164/2803/3482
f 2169/2785/3483 2164/2803/3483 2172/2804/3483
f 2172/2804/3484 2164/2803/3484 2165/2805/3484
f 2172/2804/3485 2165/2805/3485 2174/2806/3485
f 2175/2807/3486 2172/2804/3486 2174/2806/3486
f 2174/2806/3487 2176/2808/3487 2175/2807/3487
f 2175/2807/3488 2176/2808/3488 2179/2809/3488
f 2175/2807/3489 2179/2809/3489 2181/2810/3489
f 2182/2811/3490 2175/2807/3490 2181/2810/3490
f 2182/2811/3491 2181/2810/3491 2184/2812/3491
f 2184/2812/3492 2195/2813/3492 2182/2811/3492
f 2182/2811/3493 2195/2813/3493 2178/2783/3493
f 2184/2812/3494 2194/2814/3494 2195/2813/3494
f 2194/2814/3495 2196/2776/3495 2195/2813/3495
f 2198/2780/3496 2195/2813/3496 2196/2776/3496
f 2194/2814/3497 2193/2815/3497 2196/2776/3497
f 2196/2776/3498 2193/2815/3498 2197/2768/3498
f 2193/2816/3499 2234/2817/3499 2197/2769/3499
f 2193/2816/3500 2232/2818/3500 2234/2817/3500
f 2232/2818/3501 2235/2819/3501 2234/2817/3501
f 2236/2770/3502 2234/2817/3502 2235/2819/3502
f 2488/2820/3503 2236/2770/3503 2235/2819/3503
f 2232/2818/3504 2231/2821/3504 2235/2819/3504
f 2491/2822/3505 2235/2819/3505 2231/2821/3505
f 2491/2822/3506 2489/2823/3506 2235/2819/3506
f 2232/2818/3507 2228/2824/3507 2231/2821/3507
f 2228/2824/3508 2229/2825/3508 2231/2821/3508
f 2231/2821/3509 2229/2825/3509 2233/2826/3509
f 2492/2827/3510 2231/2821/3510 2233/2826/3510
f 2233/2826/3511 2229/2825/3511 2230/2828/3511
f 2494/2829/3512 2233/2826/3512 2230/2828/3512
f 2494/2829/3513 2493/2830/3513 2233/2826/3513
f 2229/2825/3514 2227/2831/3514 2230/2828/3514
f 2230/2828/3515 2227/2831/3515 2157/2832/3515
f 2480/2833/3516 2230/2828/3516 2157/2832/3516
f 2480/2833/3517 2157/2832/3517 2481/2834/3517
f 2482/2835/3518 2156/2836/3518 2570/2837/3518
f 2568/2838/3519 2570/2837/3519 2156/2836/3519
f 2567/2839/3520 2568/2838/3520 2156/2836/3520
f 2567/2839/3521 2156/2836/3521 2160/2840/3521
f 2567/2839/3522 2160/2840/3522 2508/2841/3522
f 2505/2842/3523 2507/2843/3523 2160/2840/3523
f 2505/2842/3524 2160/2840/3524 2159/2844/3524
f 2505/2842/3524 2159/2844/3524 2506/2845/3524
f 2506/2845/3525 2159/2844/3525 2098/2846/3525
f 2506/2845/3525 2098/2846/3525 2518/2847/3525
f 2517/2848/3526 2518/2849/3526 2098/2850/3526
f 3044/2851/3527 2517/2848/3527 2098/2850/3527
f 3044/2851/3527 2098/2850/3527 3045/2852/3527
f 3052/2853/3528 2099/2854/3528 3053/2855/3528
f 3114/2856/3529 3053/2855/3529 2099/2854/3529
f 3113/2857/3530 3114/2856/3530 2099/2854/3530
f 3112/2858/3531 3113/2857/3531 2099/2854/3531
f 3112/2858/3532 2099/2854/3532 2515/2859/3532
f 3112/2858/3533 2515/2859/3533 3046/2860/3533
f 2515/2859/3532 2099/2854/3532 2516/2861/3532
f 2516/2861/3534 2099/2854/3534 2102/2862/3534
f 2099/2854/3535 2101/2863/3535 2102/2862/3535
f 2101/2863/3536 2103/2864/3536 2102/2862/3536
f 2122/2865/3537 2102/2862/3537 2103/2864/3537
f 2126/2866/3538 2122/2865/3538 2103/2864/3538
f 2127/2867/3539 2126/2866/3539 2103/2864/3539
f 2981/2868/3540 2127/2867/3540 2103/2864/3540
f 2981/2868/3540 2103/2864/3540 2982/2869/3540
f 2509/2870/3541 2510/2871/3541 2161/2872/3541
f 2509/2870/3542 2161/2872/3542 2276/2704/3542
f 2368/2873/3543 2276/2874/3543 2161/2875/3543
f 2368/2873/3544 2161/2875/3544 2109/2876/3544
f 2368/2873/3545 2109/2876/3545 2369/2877/3545
f 2388/2878/3546 2368/2879/3546 2369/2880/3546
f 2388/2878/3547 2369/2880/3547 2390/2881/3547
f 2388/2878/3548 2390/2881/3548 2392/2882/3548
f 2388/2878/3549 2392/2882/3549 2389/2883/3549
f 2279/2884/3550 2388/2878/3550 2389/2883/3550
f 2389/2883/3551 2392/2882/3551 2393/2885/3551
f 2389/2883/3552 2393/2885/3552 2394/2886/3552
f 2394/2887/3553 2286/2709/3553 2389/2888/3553
f 2394/2886/3554 2393/2885/3554 2395/2889/3554
f 2291/2710/3555 2394/2887/3555 2395/2890/3555
f 2395/2889/3556 2397/2891/3556 2291/2892/3556
f 2395/2889/3557 2396/2893/3557 2397/2891/3557
f 2397/2891/3558 2396/2893/3558 2398/2894/3558
f 2397/2891/3559 2398/2894/3559 2399/2895/3559
f 2397/2891/3560 2399/2895/3560 2292/2896/3560
f 2292/2896/3561 2399/2895/3561 2400/2897/3561
f 2401/2898/3562 2292/2899/3562 2400/2900/3562
f 2402/2901/3563 2401/2898/3563 2400/2900/3563
f 2402/2901/3564 2400/2900/3564 2404/2902/3564
f 2402/2901/3565 2404/2902/3565 2304/2903/3565
f 2304/2903/3566 2403/2904/3566 2402/2901/3566
f 2297/2905/3567 2402/2901/3567 2403/2904/3567
f 2297/2905/3568 2403/2904/3568 2299/2906/3568
f 2296/2717/3569 2297/2907/3569 2299/2908/3569
f 2296/2717/3570 2299/2908/3570 2302/2909/3570
f 2302/2909/3571 2299/2908/3571 2303/2910/3571
f 2303/2910/3572 2306/2911/3572 2302/2909/3572
f 2308/2912/3573 2302/2909/3573 2306/2911/3573
f 2306/2911/3574 2309/2913/3574 2308/2912/3574
f 2308/2912/3575 2309/2913/3575 2312/2914/3575
f 2308/2912/3576 2312/2914/3576 2311/2720/3576
f 2318/2915/3577 2311/2720/3577 2312/2914/3577
f 2318/2915/3578 2312/2914/3578 2320/2916/3578
f 2318/2915/3579 2320/2916/3579 2319/2917/3579
f 2320/2916/3580 2327/2918/3580 2319/2917/3580
f 2327/2918/3581 2337/2919/3581 2319/2917/3581
f 2337/2919/3582 2352/2920/3582 2319/2917/3582
f 2319/2917/3583 2352/2920/3583 2354/2921/3583
f 2319/2917/3584 2354/2921/3584 2313/2721/3584
f 2352/2920/3585 2355/2922/3585 2354/2921/3585
f 2300/2722/3586 2354/2921/3586 2355/2922/3586
f 2300/2722/3587 2355/2922/3587 2353/2923/3587
f 2300/2722/3588 2353/2923/3588 2357/2924/3588
f 2300/2722/3589 2357/2924/3589 2358/2925/3589
f 2300/2722/3590 2358/2925/3590 2284/2728/3590
f 2284/2728/3591 2358/2925/3591 2244/2926/3591
f 2244/2926/3592 2358/2925/3592 2359/2927/3592
f 2244/2926/3593 2359/2927/3593 2245/2928/3593
f 2243/2737/3594 2244/2929/3594 2245/2930/3594
f 2248/2742/3595 2243/2737/3595 2245/2930/3595
f 2359/2927/3596 2360/2931/3596 2245/2928/3596
f 2245/2928/3597 2360/2931/3597 2251/2932/3597
f 2250/2744/3598 2245/2930/3598 2251/2933/3598
f 2250/2744/3599 2251/2933/3599 2252/2934/3599
f 2250/2744/3600 2252/2934/3600 2254/2935/3600
f 2254/2935/3601 2252/2934/3601 2255/2936/3601
f 2254/2935/3602 2255/2936/3602 2256/2937/3602
f 2257/2745/3603 2254/2935/3603 2256/2937/3603
f 2257/2745/3604 2256/2937/3604 2258/2938/3604
f 2256/2939/3605 2356/2940/3605 2258/2941/3605
f 2258/2941/3606 2356/2940/3606 2261/2942/3606
f 2260/2943/3607 2258/2938/3607 2261/2944/3607
f 2260/2943/3608 2261/2944/3608 2262/2945/3608
f 2263/2946/3609 2260/2943/3609 2262/2945/3609
f 2263/2946/3610 2262/2945/3610 2264/2947/3610
f 2263/2946/3611 2264/2947/3611 2267/2948/3611
f 2263/2946/3612 2267/2948/3612 2266/2949/3612
f 2253/2747/3613 2263/2946/3613 2266/2949/3613
f 2253/2747/3614 2266/2949/3614 2218/2655/3614
f 2272/2950/3615 2266/2949/3615 2267/2948/3615
f 2272/2950/3616 2267/2948/3616 2271/2951/3616
f 2272/2950/3617 2271/2951/3617 2274/2658/3617
f 2274/2658/3618 2271/2951/3618 2269/2952/3618
f 2271/2951/3619 2268/2953/3619 2269/2952/3619
f 2268/2953/3620 2265/2954/3620 2269/2952/3620
f 2265/2955/3621 2362/2956/3621 2269/2957/3621
f 2269/2957/3622 2362/2956/3622 2363/2958/3622
f 2269/2957/3623 2363/2958/3623 2275/2666/3623
f 2363/2958/3624 2362/2956/3624 2350/2959/3624
f 2364/2667/3625 2363/2958/3625 2350/2959/3625
f 2364/2667/3626 2350/2959/3626 2365/2960/3626
f 2715/2961/3627 2364/2667/3627 2365/2960/3627
f 2715/2961/3628 2365/2960/3628 2697/2962/3628
f 2619/2963/3629 2776/2964/3629 2417/2965/3629
f 2618/2966/3630 2619/2963/3630 2417/2965/3630
f 2618/2966/3631 2417/2965/3631 2552/2967/3631
f 2618/2966/3632 2552/2967/3632 2620/2968/3632
f 2548/2969/3633 2382/2970/3633 2550/2971/3633
f 2548/2969/3633 2424/2972/3633 2382/2970/3633
f 2419/2973/3634 2382/2970/3634 2424/2972/3634
f 2423/2974/3635 2419/2973/3635 2424/2972/3635
f 2438/2975/3636 2423/2976/3636 2424/2977/3636
f 2439/2978/3637 2438/2975/3637 2424/2977/3637
f 2526/2979/3638 2439/2978/3638 2424/2977/3638
f 2526/2979/3638 2424/2977/3638 2556/2980/3638
f 2549/2981/3639 2556/2982/3639 2424/2983/3639
f 2526/2979/3640 2525/2984/3640 2439/2978/3640
f 2523/2985/3641 2439/2978/3641 2525/2984/3641
f 2554/2986/3642 2415/2987/3642 2555/2988/3642
f 2555/2988/3643 2415/2987/3643 2416/2989/3643
f 2555/2988/3643 2416/2989/3643 2524/2990/3643
f 2523/2985/3644 2524/2990/3644 2416/2989/3644
f 2412/2991/3645 2416/2989/3645 2415/2987/3645
f 2622/2992/3646 2412/2991/3646 2415/2987/3646
f 2622/2992/3647 2415/2987/3647 2774/2993/3647
f 2629/2994/3648 2760/2995/3648 2406/2996/3648
f 2629/2994/3649 2406/2996/3649 2407/2997/3649
f 2629/2994/3649 2407/2997/3649 2628/2998/3649
f 2627/2999/3650 2628/2998/3650 2407/2997/3650
f 2627/2999/3651 2407/2997/3651 2405/3000/3651
f 2627/2999/3651 2405/3000/3651 2626/3001/3651
f 2624/3002/3652 2625/3003/3652 2405/3000/3652
f 2624/3002/3653 2405/3000/3653 2410/3004/3653
f 2624/3002/3653 2410/3004/3653 2623/3005/3653
f 2621/3006/3654 2623/3005/3654 2410/3004/3654
f 2621/3006/3655 2410/3004/3655 2412/2991/3655
f 2410/3004/3656 2405/3000/3656 2412/2991/3656
f 2405/3000/3657 2413/3007/3657 2412/2991/3657
f 2625/3003/3658 2626/3001/3658 2405/3000/3658
f 2413/3007/3659 2405/3000/3659 2407/2997/3659
f 2407/2997/3660 2414/3008/3660 2413/3007/3660
f 2414/3008/3661 2430/3009/3661 2413/3007/3661
f 2413/3007/3662 2430/3009/3662 2416/2989/3662
f 2430/3009/3663 2437/3010/3663 2416/2989/3663
f 2437/3010/3664 2439/2978/3664 2416/2989/3664
f 2437/3010/3665 2430/3009/3665 2434/3011/3665
f 2437/3010/3666 2434/3011/3666 2422/3012/3666
f 2437/3010/3667 2422/3012/3667 2438/2975/3667
f 2434/3011/3668 2421/3013/3668 2422/3012/3668
f 2421/3014/3669 2420/3015/3669 2422/3016/3669
f 2422/3016/3670 2420/3015/3670 2423/2974/3670
f 2315/3017/3671 2420/3015/3671 2421/3014/3671
f 2315/3017/3672 2421/3014/3672 2317/3018/3672
f 2316/3019/3673 2315/3020/3673 2317/3021/3673
f 2316/3019/3674 2317/3021/3674 2321/3022/3674
f 2316/3019/3675 2321/3022/3675 2324/3023/3675
f 2316/3019/3676 2324/3023/3676 2320/2916/3676
f 2321/3022/3677 2325/3024/3677 2324/3023/3677
f 2324/3023/3678 2325/3024/3678 2328/3025/3678
f 2324/3023/3679 2328/3025/3679 2327/2918/3679
f 2328/3025/3680 2330/3026/3680 2327/2918/3680
f 2330/3026/3681 2334/3027/3681 2327/2918/3681
f 2330/3026/3682 2332/3028/3682 2334/3027/3682
f 2332/3028/3683 2335/3029/3683 2334/3027/3683
f 2334/3027/3684 2335/3029/3684 2338/3030/3684
f 2347/3031/3685 2334/3027/3685 2338/3030/3685
f 2347/3031/3686 2338/3030/3686 2346/3032/3686
f 2346/3032/3687 2351/3033/3687 2347/3031/3687
f 2347/3031/3688 2351/3033/3688 2353/2923/3688
f 2351/3033/3689 2356/2940/3689 2353/2923/3689
f 2361/3034/3690 2353/2923/3690 2356/2940/3690
f 2360/2931/3691 2353/2923/3691 2361/3034/3691
f 2360/2931/3692 2361/3034/3692 2252/3035/3692
f 2356/2940/3693 2351/3033/3693 2349/3036/3693
f 2346/3032/3694 2349/3036/3694 2351/3033/3694
f 2346/3032/3695 2348/3037/3695 2349/3036/3695
f 2348/3037/3696 2350/2959/3696 2349/3036/3696
f 2348/3037/3697 2342/3038/3697 2350/2959/3697
f 2348/3037/3698 2341/3039/3698 2342/3038/3698
f 2333/3040/3699 2342/3038/3699 2341/3039/3699
f 2335/3029/3700 2333/3040/3700 2341/3039/3700
f 2335/3029/3701 2329/3041/3701 2333/3040/3701
f 2329/3041/3702 2331/3042/3702 2333/3040/3702
f 2333/3040/3703 2331/3042/3703 2336/3043/3703
f 2333/3040/3704 2336/3043/3704 2339/3044/3704
f 2339/3044/3705 2336/3043/3705 2340/3045/3705
f 2339/3046/3706 2340/3047/3706 2343/3048/3706
f 2343/3049/3707 2344/3050/3707 2339/3044/3707
f 2339/3044/3708 2344/3050/3708 2345/3051/3708
f 2339/3044/3709 2345/3051/3709 2342/3038/3709
f 2366/3052/3710 2342/3038/3710 2345/3051/3710
f 2366/3052/3711 2345/3051/3711 2367/3053/3711
f 2757/3054/3712 2366/3052/3712 2367/3053/3712
f 2757/3054/3712 2367/3053/3712 2758/3055/3712
f 2694/3056/3713 2695/3057/3713 2367/3053/3713
f 2696/3058/3714 2366/3052/3714 2698/3059/3714
f 2696/3058/3714 2365/2960/3714 2366/3052/3714
f 2692/3060/3715 2344/3050/3715 2759/3061/3715
f 2759/3062/3716 2344/3063/3716 2406/2996/3716
f 2406/2996/3717 2344/3063/3717 2408/3064/3717
f 2692/3060/3718 2693/3065/3718 2345/3051/3718
f 2694/3056/3719 2345/3051/3719 2693/3065/3719
f 2695/3057/3720 2758/3055/3720 2367/3053/3720
f 2757/3054/3721 2698/3059/3721 2366/3052/3721
f 2694/3056/3719 2367/3053/3719 2345/3051/3719
f 2365/2960/3722 2342/3038/3722 2366/3052/3722
f 2692/3060/3715 2345/3051/3715 2344/3050/3715
f 2408/3064/3723 2344/3063/3723 2343/3048/3723
f 2343/3048/3724 2426/3066/3724 2408/3064/3724
f 2408/3064/3725 2426/3066/3725 2411/3067/3725
f 2411/3067/3726 2409/3068/3726 2408/3064/3726
f 2407/2997/3727 2408/3064/3727 2409/3068/3727
f 2407/2997/3728 2409/3068/3728 2411/3067/3728
f 2411/3067/3729 2426/3066/3729 2427/3069/3729
f 2411/3067/3730 2427/3069/3730 2414/3008/3730
f 2427/3069/3731 2428/3070/3731 2414/3008/3731
f 2428/3070/3732 2429/3071/3732 2414/3008/3732
f 2428/3070/3733 2425/3072/3733 2429/3071/3733
f 2429/3071/3734 2425/3072/3734 2331/3073/3734
f 2430/3009/3735 2429/3071/3735 2331/3073/3735
f 2430/3009/3736 2331/3073/3736 2431/3074/3736
f 2431/3074/3737 2331/3073/3737 2432/3075/3737
f 2431/3074/3738 2432/3075/3738 2433/3076/3738
f 2434/3011/3739 2431/3074/3739 2433/3076/3739
f 2433/3076/3740 2435/3077/3740 2434/3011/3740
f 2435/3077/3741 2436/3078/3741 2434/3011/3741
f 2435/3077/3742 2323/3079/3742 2436/3078/3742
f 2436/3078/3743 2323/3079/3743 2322/3080/3743
f 2436/3078/3744 2322/3080/3744 2421/3013/3744
f 2321/3022/3745 2322/3081/3745 2323/3082/3745
f 2433/3076/3746 2323/3079/3746 2435/3077/3746
f 2433/3076/3747 2432/3075/3747 2323/3079/3747
f 2432/3075/3748 2326/3083/3748 2323/3079/3748
f 2325/3024/3749 2323/3082/3749 2326/3084/3749
f 2325/3024/3750 2326/3084/3750 2329/3041/3750
f 2330/3026/3751 2325/3024/3751 2329/3041/3751
f 2432/3075/3752 2331/3073/3752 2326/3083/3752
f 2428/3070/3753 2340/3047/3753 2425/3072/3753
f 2427/3069/3754 2340/3047/3754 2428/3070/3754
f 2427/3069/3755 2426/3066/3755 2340/3047/3755
f 2343/3048/3756 2340/3047/3756 2426/3066/3756
f 2425/3072/3757 2340/3047/3757 2336/3085/3757
f 2425/3072/3758 2336/3085/3758 2331/3073/3758
f 2329/3041/3759 2326/3084/3759 2331/3042/3759
f 2333/3040/3760 2339/3044/3760 2342/3038/3760
f 2346/3032/3761 2341/3039/3761 2348/3037/3761
f 2346/3032/3762 2338/3030/3762 2341/3039/3762
f 2334/3027/3763 2347/3031/3763 2337/2919/3763
f 2335/3029/3764 2341/3039/3764 2338/3030/3764
f 2332/3028/3765 2329/3041/3765 2335/3029/3765
f 2330/3026/3766 2329/3041/3766 2332/3028/3766
f 2328/3025/3767 2325/3024/3767 2330/3026/3767
f 2321/3022/3768 2323/3082/3768 2325/3024/3768
f 2321/3022/3769 2317/3021/3769 2322/3081/3769
f 2314/3086/3770 2315/3020/3770 2316/3019/3770
f 2314/3086/3771 2316/3019/3771 2312/2914/3771
f 2312/2914/3772 2310/3087/3772 2314/3086/3772
f 2314/3086/3773 2310/3087/3773 2315/3020/3773
f 2310/3088/3774 2418/3089/3774 2315/3017/3774
f 2307/3090/3775 2418/3089/3775 2310/3088/3775
f 2309/2913/3776 2307/3091/3776 2310/3087/3776
f 2307/3090/3777 2398/3092/3777 2418/3089/3777
f 2317/3018/3778 2421/3014/3778 2322/3093/3778
f 2315/3017/3779 2418/3089/3779 2420/3015/3779
f 2420/3015/3780 2418/3089/3780 2419/2973/3780
f 2418/3089/3781 2396/3094/3781 2419/2973/3781
f 2436/3078/3782 2421/3013/3782 2434/3011/3782
f 2430/3009/3783 2431/3074/3783 2434/3011/3783
f 2414/3008/3784 2429/3071/3784 2430/3009/3784
f 2414/3008/3785 2407/2997/3785 2411/3067/3785
f 2406/2996/3786 2408/3064/3786 2407/2997/3786
f 2759/3062/3787 2406/2996/3787 2760/2995/3787
f 2775/3095/3788 2774/2993/3788 2415/2987/3788
f 2775/3095/3789 2415/2987/3789 2417/2965/3789
f 2621/3006/3655 2412/2991/3655 2622/2992/3655
f 2416/2989/3790 2412/2991/3790 2413/3007/3790
f 2554/2986/3642 2417/2965/3642 2415/2987/3642
f 2554/2986/3791 2553/3096/3791 2417/2965/3791
f 2523/2985/3641 2416/2989/3641 2439/2978/3641
f 2437/3010/3792 2438/2975/3792 2439/2978/3792
f 2438/2975/3793 2422/3012/3793 2423/2976/3793
f 2423/2974/3794 2420/3015/3794 2419/2973/3794
f 2382/2970/3795 2419/2973/3795 2396/3094/3795
f 2396/2893/3796 2381/3097/3796 2382/3098/3796
f 2381/3099/3797 2380/3100/3797 2382/3101/3797
f 2551/3102/3798 2382/2970/3798 2380/3103/3798
f 2379/3104/3799 2380/3100/3799 2381/3099/3799
f 2391/3105/3800 2379/3106/3800 2381/3097/3800
f 2391/3105/3801 2381/3097/3801 2393/2885/3801
f 2391/3105/3802 2370/3107/3802 2379/3106/3802
f 2370/3108/3803 2378/3109/3803 2379/3104/3803
f 2378/3109/3804 2370/3108/3804 2374/3110/3804
f 2380/3100/3805 2378/3109/3805 2374/3110/3805
f 2380/3100/3806 2374/3110/3806 2383/3111/3806
f 2532/3112/3807 2380/3100/3807 2383/3111/3807
f 2532/3112/3807 2383/3111/3807 2533/3113/3807
f 2817/2669/3808 2845/3114/3808 2211/3115/3808
f 2845/3114/3809 2846/3116/3809 2211/3115/3809
f 2846/3116/3810 2847/3117/3810 2211/3115/3810
f 2934/3118/3811 2211/3115/3811 2847/3117/3811
f 2848/3119/3812 2849/3120/3812 2212/2674/3812
f 2849/3120/3813 2850/3121/3813 2212/2674/3813
f 2850/3121/3814 2851/3122/3814 2212/2674/3814
f 2872/3123/3815 2212/2674/3815 2851/3122/3815
f 2871/3124/3816 2213/2675/3816 2872/3123/3816
f 2871/3124/3817 2214/3125/3817 2213/2675/3817
f 2214/3125/3818 2215/3126/3818 2213/2675/3818
f 2213/2675/3819 2215/3126/3819 2216/3127/3819
f 2216/3127/3820 2215/3126/3820 2217/3128/3820
f 2377/3129/3821 2216/3130/3821 2217/3131/3821
f 2384/3132/3822 2377/3129/3822 2217/3131/3822
f 2384/3132/3823 2217/3131/3823 2385/3133/3823
f 2385/3134/3824 2386/3135/3824 2384/3136/3824
f 2559/3137/3825 2384/3132/3825 2386/3138/3825
f 2533/3113/3826 2384/3132/3826 2559/3137/3826
f 2385/3139/3827 2451/3140/3827 2386/3141/3827
f 2450/3142/3828 2386/3143/3828 2451/3144/3828
f 2451/3140/3829 2464/3145/3829 2450/3146/3829
f 2450/3146/3830 2464/3145/3830 2453/3147/3830
f 2452/3148/3831 2450/3142/3831 2453/3149/3831
f 2452/3148/3832 2453/3149/3832 2454/3150/3832
f 2452/3148/3833 2454/3150/3833 2455/3151/3833
f 2452/3148/3834 2455/3151/3834 2456/3152/3834
f 2457/3153/3835 2452/3148/3835 2456/3152/3835
f 2457/3153/3836 2456/3152/3836 2458/3154/3836
f 2457/3155/3837 2458/3156/3837 2460/3157/3837
f 2459/3158/3838 2457/3153/3838 2460/3159/3838
f 2459/3158/3839 2460/3159/3839 2461/3160/3839
f 2459/3158/3840 2461/3160/3840 2462/3161/3840
f 2443/3162/3841 2459/3158/3841 2462/3161/3841
f 2527/3163/3842 2443/3162/3842 2462/3161/3842
f 2527/3163/3842 2462/3161/3842 2528/3164/3842
f 2895/3165/3843 2468/3166/3843 2894/3167/3843
f 2893/3168/3844 2894/3167/3844 2468/3166/3844
f 2893/3168/3845 2468/3166/3845 2466/3169/3845
f 2893/3168/3845 2466/3169/3845 2853/3170/3845
f 2542/3171/3846 2441/3172/3846 2547/3173/3846
f 2546/3174/3847 2547/3173/3847 2441/3172/3847
f 2531/3175/3848 2546/3174/3848 2441/3172/3848
f 2531/3175/3849 2441/3172/3849 2443/3162/3849
f 2531/3175/3849 2443/3162/3849 2530/3176/3849
f 2529/3177/3850 2530/3176/3850 2443/3162/3850
f 2441/3172/3851 2444/3178/3851 2443/3162/3851
f 2444/3178/3852 2441/3172/3852 2442/3179/3852
f 2444/3178/3853 2442/3179/3853 2445/3180/3853
f 2445/3180/3854 2448/3181/3854 2444/3178/3854
f 2448/3181/3855 2459/3158/3855 2444/3178/3855
f 2445/3180/3856 2446/3182/3856 2448/3181/3856
f 2446/3182/3857 2449/3183/3857 2448/3181/3857
f 2449/3183/3858 2457/3153/3858 2448/3181/3858
f 2446/3182/3859 2447/3184/3859 2449/3183/3859
f 2447/3184/3860 2450/3142/3860 2449/3183/3860
f 2446/3182/3861 2387/3185/3861 2447/3184/3861
f 2447/3184/3862 2387/3185/3862 2386/3143/3862
f 2558/3186/3863 2386/3138/3863 2387/3187/3863
f 2442/3179/3864 2387/3185/3864 2446/3182/3864
f 2537/3188/3865 2387/3185/3865 2442/3179/3865
f 2537/3188/3865 2442/3179/3865 2536/3189/3865
f 2874/3190/3866 2214/3125/3866 2873/3191/3866
f 2541/3192/3867 2540/3193/3867 2440/3194/3867
f 2540/3193/3868 2539/3195/3868 2440/3194/3868
f 2542/3171/3869 2541/3192/3869 2440/3194/3869
f 2876/3196/3870 2215/3197/3870 2875/3198/3870
f 2874/3199/3871 2875/3198/3871 2215/3197/3871
f 2876/3196/3872 2463/3200/3872 2215/3197/3872
f 2539/3195/3873 2538/3201/3873 2440/3194/3873
f 2535/3202/3874 2440/3194/3874 2538/3201/3874
f 2535/3202/3874 2442/3179/3874 2440/3194/3874
f 2535/3202/3875 2536/3189/3875 2442/3179/3875
f 2537/3188/3876 2557/3203/3876 2387/3185/3876
f 2442/3179/3877 2446/3182/3877 2445/3180/3877
f 2440/3194/3878 2442/3179/3878 2441/3172/3878
f 2542/3171/3846 2440/3194/3846 2441/3172/3846
f 2877/3204/3879 2463/3200/3879 2876/3196/3879
f 2877/3204/3879 2464/3145/3879 2463/3200/3879
f 2877/3204/3880 2878/3205/3880 2464/3145/3880
f 2878/3205/3881 2879/3206/3881 2464/3145/3881
f 2854/3207/3882 2464/3145/3882 2879/3206/3882
f 2854/3207/3882 2465/3208/3882 2464/3145/3882
f 2852/3209/3883 2465/3208/3883 2854/3207/3883
f 2852/3209/3884 2466/3169/3884 2465/3208/3884
f 2465/3208/3885 2466/3169/3885 2467/3210/3885
f 2465/3208/3886 2467/3210/3886 2455/3211/3886
f 2455/3211/3887 2467/3210/3887 2469/3212/3887
f 2455/3211/3888 2469/3212/3888 2470/3213/3888
f 2469/3212/3889 2471/3214/3889 2470/3213/3889
f 2896/3215/3890 2470/3213/3890 2471/3214/3890
f 2896/3215/3890 2471/3214/3890 2897/3216/3890
f 2899/3217/3891 2900/3218/3891 2472/3219/3891
f 2899/3217/3892 2472/3219/3892 2470/3213/3892
f 2458/3156/3893 2470/3213/3893 2472/3219/3893
f 2901/3220/3894 2472/3219/3894 2900/3218/3894
f 2901/3220/3895 2902/3221/3895 2473/3222/3895
f 2902/3221/3896 2903/3223/3896 2473/3222/3896
f 2920/3224/3897 2473/3222/3897 2903/3223/3897
f 2919/3225/3898 2461/3226/3898 2920/3224/3898
f 2919/3225/3898 2544/3227/3898 2461/3226/3898
f 2904/3228/3898 2544/3227/3898 2919/3225/3898
f 2904/3228/3898 2543/3229/3898 2544/3227/3898
f 2904/3228/3899 2905/3230/3899 2543/3229/3899
f 2905/3230/3900 2906/3231/3900 2543/3229/3900
f 2920/3224/3897 2461/3226/3897 2473/3222/3897
f 2895/3165/3901 2898/3232/3901 2471/3214/3901
f 2901/3220/3894 2473/3222/3894 2472/3219/3894
f 2460/3157/3902 2472/3219/3902 2473/3222/3902
f 2898/3232/3903 2897/3216/3903 2471/3214/3903
f 2899/3217/3892 2470/3213/3892 2896/3215/3892
f 2469/3212/3904 2467/3210/3904 2471/3214/3904
f 2471/3214/3905 2467/3210/3905 2468/3166/3905
f 2852/3209/3906 2853/3170/3906 2466/3169/3906
f 2467/3210/3907 2466/3169/3907 2468/3166/3907
f 2895/3165/3843 2471/3214/3843 2468/3166/3843
f 2544/3227/3908 2545/3233/3908 2461/3226/3908
f 2528/3164/3909 2461/3160/3909 2545/3234/3909
f 2527/3163/3910 2529/3177/3910 2443/3162/3910
f 2444/3178/3911 2459/3158/3911 2443/3162/3911
f 2528/3164/3909 2462/3161/3909 2461/3160/3909
f 2460/3157/3912 2473/3222/3912 2461/3226/3912
f 2448/3181/3913 2457/3153/3913 2459/3158/3913
f 2458/3156/3914 2472/3219/3914 2460/3157/3914
f 2456/3235/3915 2470/3213/3915 2458/3156/3915
f 2449/3183/3916 2452/3148/3916 2457/3153/3916
f 2455/3211/3917 2470/3213/3917 2456/3235/3917
f 2454/3236/3918 2465/3208/3918 2455/3211/3918
f 2453/3147/3919 2465/3208/3919 2454/3236/3919
f 2449/3183/3920 2450/3142/3920 2452/3148/3920
f 2453/3147/3921 2464/3145/3921 2465/3208/3921
f 2451/3140/3922 2463/3200/3922 2464/3145/3922
f 2447/3184/3923 2386/3143/3923 2450/3142/3923
f 2385/3139/3924 2463/3200/3924 2451/3140/3924
f 2217/3237/3925 2463/3200/3925 2385/3139/3925
f 2377/3129/3926 2384/3132/3926 2383/3111/3926
f 2375/3238/3927 2216/3130/3927 2377/3129/3927
f 2375/3238/3928 2377/3129/3928 2374/3110/3928
f 2373/3239/3929 2375/3238/3929 2374/3110/3929
f 2373/3239/3930 2115/3240/3930 2375/3238/3930
f 2375/3238/3931 2115/3240/3931 2376/2677/3931
f 2373/3239/3932 2372/3241/3932 2115/3240/3932
f 2372/3241/3933 2112/3242/3933 2115/3240/3933
f 2112/3243/3934 2114/3244/3934 2115/3245/3934
f 2115/3245/3935 2114/3244/3935 2116/2684/3935
f 2114/3244/3936 2117/3246/3936 2116/2684/3936
f 2114/3244/3937 2113/3247/3937 2117/3246/3937
f 2117/3246/3938 2113/3247/3938 2106/3248/3938
f 2117/3246/3939 2106/3248/3939 2120/3249/3939
f 2117/3246/3940 2120/3249/3940 2118/2685/3940
f 2120/3249/3941 2122/2865/3941 2118/2685/3941
f 2120/3249/3942 2106/3248/3942 2122/2865/3942
f 2113/3247/3943 2105/3250/3943 2106/3248/3943
f 2104/3251/3944 2106/3248/3944 2105/3250/3944
f 2100/3252/3945 2104/3251/3945 2105/3250/3945
f 2100/3252/3946 2105/3250/3946 2107/3253/3946
f 2521/3254/3947 2100/3255/3947 2107/3256/3947
f 2521/3254/3948 2519/3257/3948 2100/3255/3948
f 2519/3258/3949 2520/3259/3949 2100/3252/3949
f 2561/3260/3950 2100/3252/3950 2520/3259/3950
f 3055/3261/3951 2101/2863/3951 3054/3262/3951
f 3052/2853/3952 3054/3262/3952 2101/2863/3952
f 2107/3253/3953 2105/3250/3953 2108/3263/3953
f 2107/3253/3954 2108/3263/3954 2109/3264/3954
f 2108/3265/3955 2111/3266/3955 2109/2876/3955
f 2109/2876/3956 2111/3266/3956 2371/3267/3956
f 2109/2876/3957 2371/3267/3957 2372/3241/3957
f 2109/2876/3958 2372/3241/3958 2370/3108/3958
f 2371/3267/3959 2111/3266/3959 2112/3242/3959
f 2111/3268/3960 2110/3269/3960 2112/3243/3960
f 2110/3269/3961 2113/3247/3961 2112/3243/3961
f 2108/3263/3962 2110/3269/3962 2111/3268/3962
f 2108/3263/3963 2105/3250/3963 2110/3269/3963
f 2561/3260/3950 2104/3251/3950 2100/3252/3950
f 2104/3251/3964 2102/2862/3964 2106/3248/3964
f 2560/3270/3965 2102/2862/3965 2104/3251/3965
f 2110/3269/3966 2105/3250/3966 2113/3247/3966
f 2112/3243/3967 2113/3247/3967 2114/3244/3967
f 2372/3241/3968 2371/3267/3968 2112/3242/3968
f 2370/3108/3969 2372/3241/3969 2373/3239/3969
f 2375/3238/3970 2376/2677/3970 2216/3130/3970
f 2215/3197/3971 2463/3200/3971 2217/3237/3971
f 2874/3190/3866 2215/3126/3866 2214/3125/3866
f 2871/3124/3972 2873/3191/3972 2214/3125/3972
f 2558/3186/3863 2387/3187/3863 2557/3271/3863
f 2848/3119/3973 2210/2673/3973 2935/3272/3973
f 2934/3118/3974 2935/3272/3974 2210/2673/3974
f 2559/3137/3825 2386/3138/3825 2558/3186/3825
f 2934/3118/3811 2210/2673/3811 2211/3115/3811
f 2533/3113/3826 2383/3111/3826 2384/3132/3826
f 2532/3273/3975 2534/3274/3975 2380/3103/3975
f 2383/3111/3976 2374/3110/3976 2377/3129/3976
f 2370/3108/3977 2373/3239/3977 2374/3110/3977
f 2391/3105/3978 2369/2880/3978 2370/3107/3978
f 2379/3104/3979 2378/3109/3979 2380/3100/3979
f 2393/2885/3980 2381/3097/3980 2396/2893/3980
f 2548/3275/3981 2549/2981/3981 2424/2983/3981
f 2553/3096/3982 2552/2967/3982 2417/2965/3982
f 2775/3095/3789 2417/2965/3789 2776/2964/3789
f 2696/3058/3983 2697/2962/3983 2365/2960/3983
f 2715/2961/3984 2714/3276/3984 2364/2667/3984
f 2365/2960/3985 2350/2959/3985 2342/3038/3985
f 2362/2956/3986 2349/3036/3986 2350/2959/3986
f 2261/2942/3987 2349/3036/3987 2362/2956/3987
f 2265/2955/3988 2261/2942/3988 2362/2956/3988
f 2264/2947/3989 2265/2954/3989 2268/2953/3989
f 2270/3277/3990 2264/2947/3990 2268/2953/3990
f 2270/3277/3991 2268/2953/3991 2271/2951/3991
f 2270/3277/3992 2271/2951/3992 2267/2948/3992
f 2273/2656/3993 2266/2949/3993 2272/2950/3993
f 2267/2948/3994 2264/2947/3994 2270/3277/3994
f 2264/2947/3995 2262/2945/3995 2265/2954/3995
f 2259/2746/3996 2260/2943/3996 2263/2946/3996
f 2262/3278/3997 2261/2942/3997 2265/2955/3997
f 2259/2746/3998 2258/2938/3998 2260/2943/3998
f 2261/2942/3999 2356/2940/3999 2349/3036/3999
f 2256/2939/4000 2361/3034/4000 2356/2940/4000
f 2255/3279/4001 2361/3034/4001 2256/2939/4001
f 2252/3035/4002 2361/3034/4002 2255/3279/4002
f 2251/2932/4003 2360/2931/4003 2252/3035/4003
f 2359/2927/4004 2357/2924/4004 2360/2931/4004
f 2359/2927/4005 2358/2925/4005 2357/2924/4005
f 2360/2931/4006 2357/2924/4006 2353/2923/4006
f 2355/2922/4007 2347/3031/4007 2353/2923/4007
f 2352/2920/4008 2347/3031/4008 2355/2922/4008
f 2352/2920/4009 2337/2919/4009 2347/3031/4009
f 2327/2918/4010 2334/3027/4010 2337/2919/4010
f 2320/2916/4011 2324/3023/4011 2327/2918/4011
f 2320/2916/4012 2312/2914/4012 2316/3019/4012
f 2319/2917/4013 2311/2720/4013 2318/2915/4013
f 2312/2914/4014 2309/2913/4014 2310/3087/4014
f 2306/2911/4015 2307/3091/4015 2309/2913/4015
f 2306/2911/4016 2305/3280/4016 2307/3091/4016
f 2307/3090/4017 2305/3281/4017 2399/3282/4017
f 2301/2719/4018 2302/2909/4018 2308/2912/4018
f 2303/2910/4019 2305/3280/4019 2306/2911/4019
f 2303/2910/4020 2304/3283/4020 2305/3280/4020
f 2303/2910/4021 2299/2908/4021 2304/3283/4021
f 2299/2906/4022 2403/2904/4022 2304/2903/4022
f 2404/2902/4023 2305/3284/4023 2304/2903/4023
f 2404/2902/4024 2400/2900/4024 2305/3284/4024
f 2297/2905/4025 2401/2898/4025 2402/2901/4025
f 2293/3285/4026 2401/2898/4026 2297/2905/4026
f 2400/2897/4027 2399/2895/4027 2305/3286/4027
f 2307/3090/4028 2399/3282/4028 2398/3092/4028
f 2418/3089/4029 2398/3092/4029 2396/3094/4029
f 2393/2885/4030 2396/2893/4030 2395/2889/4030
f 2393/2885/4031 2392/2882/4031 2391/3105/4031
f 2392/2882/4032 2390/2881/4032 2391/3105/4032
f 2390/2881/4033 2369/2880/4033 2391/3105/4033
f 2369/2877/4034 2109/2876/4034 2370/3108/4034
f 2109/2876/4035 2161/2875/4035 2107/3287/4035
f 2522/3288/4036 2107/3256/4036 2161/3289/4036
f 2388/2878/4037 2276/3290/4037 2368/2879/4037
f 2972/2696/4038 2124/2690/4038 3170/3291/4038
f 3170/3291/4039 2124/2690/4039 2127/2867/4039
f 3170/3291/4039 2127/2867/4039 3169/3292/4039
f 2983/3293/4040 3169/3292/4040 2127/2867/4040
f 2522/3288/4036 2161/3289/4036 2510/3294/4036
f 2521/3254/4041 2107/3256/4041 2522/3288/4041
f 3055/3261/4042 2982/2869/4042 2103/2864/4042
f 2981/2868/4043 2983/3293/4043 2127/2867/4043
f 2124/2690/4044 2126/2866/4044 2127/2867/4044
f 2124/2690/4045 2122/2865/4045 2126/2866/4045
f 2122/2865/4046 2106/3248/4046 2102/2862/4046
f 3055/3261/4047 2103/2864/4047 2101/2863/4047
f 3052/2853/4048 2101/2863/4048 2099/2854/4048
f 2560/3270/3965 2104/3251/3965 2561/3260/3965
f 2516/2861/3534 2102/2862/3534 2560/3270/3534
f 3046/2860/3527 2515/2859/3527 2517/2848/3527
f 3094/3295/4049 3045/2852/4049 2098/2850/4049
f 3046/2860/3527 2517/2848/3527 3044/2851/3527
f 3094/3296/4050 2098/2846/4050 2159/2844/4050
f 2507/2843/4051 2508/2841/4051 2160/2840/4051
f 2160/2840/4052 2156/2836/4052 2159/2844/4052
f 2156/2836/4053 2155/3297/4053 2159/2844/4053
f 2159/2844/4054 2155/3297/4054 2158/3298/4054
f 2158/3298/4055 2097/3299/4055 2159/2844/4055
f 3095/3300/4056 2159/2844/4056 2097/3299/4056
f 3095/3300/4056 2097/3299/4056 3096/3301/4056
f 3101/3302/4057 3100/3303/4057 2095/3304/4057
f 3102/3305/4058 3101/3306/4058 2095/3307/4058
f 3102/3305/4059 2095/3307/4059 2144/3308/4059
f 2145/3309/4060 2144/3308/4060 2095/3307/4060
f 2145/3309/4061 2095/3307/4061 2148/3310/4061
f 2145/3309/4062 2148/3310/4062 2146/3311/4062
f 2142/3312/4063 2145/3309/4063 2146/3311/4063
f 2142/3312/4064 2146/3311/4064 2147/3313/4064
f 2147/3314/4065 2143/3315/4065 2142/3316/4065
f 2141/3317/4066 2142/3312/4066 2143/3318/4066
f 2143/3319/4067 2140/3320/4067 2141/3321/4067
f 2140/3322/4068 2139/3323/4068 2141/3317/4068
f 2138/3324/4069 2139/3323/4069 2140/3322/4069
f 2140/3320/4070 2190/3325/4070 2138/3326/4070
f 2190/3325/4071 2137/3327/4071 2138/3326/4071
f 2137/3328/4072 2136/3329/4072 2138/3324/4072
f 2138/3324/4073 2136/3329/4073 2134/3330/4073
f 2136/3329/4074 2135/3331/4074 2134/3330/4074
f 2135/3331/4075 2133/3332/4075 2134/3330/4075
f 2133/3332/4076 2132/2795/4076 2134/3330/4076
f 2134/3330/4077 2132/2795/4077 2131/3333/4077
f 2139/3323/4078 2134/3330/4078 2131/3333/4078
f 2142/3312/4079 2139/3323/4079 2131/3333/4079
f 2142/3312/4080 2131/3333/4080 2144/3308/4080
f 3103/3334/4081 2144/3308/4081 2131/3333/4081
f 2129/3335/4082 2133/3332/4082 2135/3331/4082
f 2129/3335/4083 2135/3331/4083 2069/3336/4083
f 2068/3337/4084 2129/3335/4084 2069/3336/4084
f 2067/3338/4085 2068/3339/4085 2069/3340/4085
f 2089/3341/4086 2067/3338/4086 2069/3340/4086
f 2091/3342/4087 2089/3341/4087 2069/3340/4087
f 2090/3343/4088 2089/3341/4088 2091/3342/4088
f 2165/2805/4089 2090/3344/4089 2091/3345/4089
f 2165/2805/4090 2091/3345/4090 2166/3346/4090
f 2166/3346/4091 2091/3345/4091 2137/3327/4091
f 2088/3347/4092 2089/3341/4092 2090/3343/4092
f 2088/3348/4093 2090/3344/4093 2087/3349/4093
f 2087/3350/4094 2086/3351/4094 2088/3347/4094
f 2088/3347/4095 2086/3351/4095 2067/3338/4095
f 2086/3351/4096 2070/3352/4096 2067/3338/4096
f 3139/3353/4097 2067/3338/4097 2070/3352/4097
f 3139/3353/4097 2070/3352/4097 3141/3354/4097
f 3136/3355/4098 2067/3338/4098 3137/3356/4098
f 3136/3357/4099 3138/3358/4099 2068/3337/4099
f 3111/3359/4100 2068/3337/4100 3138/3358/4100
f 3111/3359/4101 3109/3360/4101 2129/3335/4101
f 3109/3360/4102 3110/3361/4102 2129/3335/4102
f 3149/3362/4103 2129/3335/4103 3110/3361/4103
f 2746/3363/4104 2747/3364/4104 2081/3365/4104
f 2746/3363/4105 2081/3365/4105 2093/3366/4105
f 2746/3363/4105 2093/3366/4105 2745/3367/4105
f 2744/3368/4106 2745/3367/4106 2093/3366/4106
f 2744/3368/4107 2093/3366/4107 2092/3369/4107
f 2744/3368/4108 2092/3369/4108 2675/3370/4108
f 2674/3371/4109 2675/3370/4109 2092/3369/4109
f 2674/3371/4110 2092/3369/4110 2167/2801/4110
f 2674/3371/4110 2167/2801/4110 2676/3372/4110
f 2093/3366/4111 2094/3373/4111 2092/3369/4111
f 2094/3373/4112 2082/3374/4112 2092/3369/4112
f 2082/3374/4113 2163/2802/4113 2092/3369/4113
f 2082/3374/4114 2162/3375/4114 2163/2802/4114
f 2163/2802/4115 2162/3375/4115 2087/3349/4115
f 2162/3375/4116 2085/3376/4116 2087/3349/4116
f 2162/3375/4117 2082/3374/4117 2085/3376/4117
f 2082/3377/4118 2084/3378/4118 2085/3379/4118
f 2085/3379/4119 2084/3378/4119 2086/3351/4119
f 2082/3377/4120 2083/3380/4120 2084/3378/4120
f 2084/3378/4121 2083/3380/4121 2071/3381/4121
f 2084/3378/4122 2071/3381/4122 2070/3352/4122
f 3140/3382/4123 2070/3352/4123 2071/3381/4123
f 3140/3382/4123 2071/3381/4123 3142/3383/4123
f 2736/3384/4124 2496/3385/4124 2734/3386/4124
f 2734/3386/4125 2496/3385/4125 2078/3387/4125
f 2734/3386/4125 2078/3387/4125 2735/3388/4125
f 2735/3388/4126 2078/3387/4126 2081/3365/4126
f 2078/3387/4127 2079/3389/4127 2081/3365/4127
f 2079/3390/4128 2080/3391/4128 2081/3392/4128
f 2094/3373/4129 2081/3365/4129 2080/3393/4129
f 2079/3390/4130 2074/3394/4130 2080/3391/4130
f 2080/3391/4131 2074/3394/4131 2082/3377/4131
f 2079/3390/4132 2075/3395/4132 2074/3394/4132
f 2075/3395/4133 2072/3396/4133 2074/3394/4133
f 2072/3396/4134 2071/3381/4134 2074/3394/4134
f 3135/3397/4135 2071/3381/4135 2072/3396/4135
f 3135/3397/4135 2072/3396/4135 3133/3398/4135
f 2499/3399/4136 2500/3400/4136 2077/3401/4136
f 2499/3399/4137 2077/3401/4137 2078/3402/4137
f 2499/3399/4137 2078/3402/4137 2498/3403/4137
f 2501/3404/4138 2077/3401/4138 2500/3400/4138
f 2501/3404/4138 2076/3405/4138 2077/3401/4138
f 2079/3390/4139 2077/3401/4139 2076/3405/4139
f 2501/3404/4140 2502/3406/4140 2076/3405/4140
f 2503/3407/4141 2076/3405/4141 2502/3406/4141
f 3132/3408/4142 2073/3409/4142 3134/3410/4142
f 3134/3410/4143 2073/3409/4143 2475/3411/4143
f 3134/3410/4143 2475/3411/4143 3085/3412/4143
f 3085/3412/4144 2474/3413/4144 3083/3414/4144
f 3083/3414/4145 2474/3413/4145 2066/3415/4145
f 3083/3414/4145 2066/3415/4145 3084/3416/4145
f 2504/3417/4146 2075/3395/4146 2503/3407/4146
f 2504/3417/4146 2073/3409/4146 2075/3395/4146
f 2476/3418/4147 2479/3419/4147 2066/3415/4147
f 2478/3420/4148 2066/3415/4148 2479/3419/4148
f 3131/3421/4149 2065/3422/4149 3130/3423/4149
f 3129/3424/4150 3130/3423/4150 2065/3422/4150
f 3128/3425/4151 3129/3424/4151 2065/3422/4151
f 3127/3426/4152 3128/3425/4152 2065/3422/4152
f 3127/3426/4152 2065/3422/4152 2477/3427/4152
f 3127/3426/4152 2477/3427/4152 3126/3428/4152
f 2478/3420/4153 2477/3427/4153 2065/3422/4153
f 3131/3421/4149 2066/3415/4149 2065/3422/4149
f 2478/3420/4148 2065/3422/4148 2066/3415/4148
f 3131/3421/4154 3084/3416/4154 2066/3415/4154
f 2474/3413/4155 2476/3418/4155 2066/3415/4155
f 3085/3412/4145 2475/3411/4145 2474/3413/4145
f 2475/3411/4143 2073/3409/4143 2504/3417/4143
f 3132/3408/4142 2072/3396/4142 2073/3409/4142
f 2503/3407/4141 2075/3395/4141 2076/3405/4141
f 3132/3408/4156 3133/3398/4156 2072/3396/4156
f 2073/3409/4157 2072/3396/4157 2075/3395/4157
f 2076/3405/4158 2075/3395/4158 2079/3390/4158
f 2078/3402/4159 2077/3401/4159 2079/3390/4159
f 2736/3384/4160 2497/3429/4160 2496/3385/4160
f 2736/3384/4161 2737/3430/4161 2497/3429/4161
f 2496/3385/4162 2498/3431/4162 2078/3387/4162
f 3135/3397/4163 3142/3383/4163 2071/3381/4163
f 2083/3380/4164 2074/3394/4164 2071/3381/4164
f 2082/3377/4165 2074/3394/4165 2083/3380/4165
f 2094/3373/4166 2080/3393/4166 2082/3374/4166
f 2093/3366/4167 2081/3365/4167 2094/3373/4167
f 2735/3388/4168 2081/3365/4168 2747/3364/4168
f 3150/2796/4169 2133/3332/4169 3149/3362/4169
f 3140/3382/4170 3141/3354/4170 2070/3352/4170
f 3139/3353/4171 3137/3356/4171 2067/3338/4171
f 2086/3351/4172 2084/3378/4172 2070/3352/4172
f 2085/3379/4173 2086/3351/4173 2087/3350/4173
f 2087/3349/4174 2090/3344/4174 2164/2803/4174
f 2088/3347/4175 2067/3338/4175 2089/3341/4175
f 3136/3355/4098 2068/3339/4098 2067/3338/4098
f 3111/3359/4176 2129/3335/4176 2068/3337/4176
f 2069/3336/4177 2135/3331/4177 2091/3432/4177
f 3149/3362/4178 2133/3332/4178 2129/3335/4178
f 2091/3432/4179 2135/3331/4179 2136/3329/4179
f 2091/3432/4180 2136/3329/4180 2137/3328/4180
f 2190/3325/4181 2166/3346/4181 2137/3327/4181
f 2190/3325/4182 2177/3433/4182 2166/3346/4182
f 2176/2808/4183 2166/3346/4183 2177/3433/4183
f 2180/3434/4184 2176/2808/4184 2177/3433/4184
f 2186/3435/4185 2180/3434/4185 2177/3433/4185
f 2186/3435/4186 2177/3433/4186 2143/3319/4186
f 2185/3436/4187 2180/3434/4187 2186/3435/4187
f 2187/3437/4188 2185/3436/4188 2186/3435/4188
f 2187/3437/4189 2186/3435/4189 2188/3438/4189
f 2187/3437/4190 2188/3438/4190 2189/3439/4190
f 2187/3437/4191 2189/3439/4191 2184/2812/4191
f 2183/3440/4192 2187/3437/4192 2184/2812/4192
f 2191/3441/4193 2184/2812/4193 2189/3439/4193
f 2191/3441/4194 2189/3439/4194 2192/3442/4194
f 2191/3441/4195 2192/3442/4195 2193/2815/4195
f 2189/3443/4196 2225/3444/4196 2192/3445/4196
f 2192/3445/4197 2225/3444/4197 2228/2824/4197
f 2188/3446/4198 2225/3444/4198 2189/3443/4198
f 2188/3446/4199 2224/3447/4199 2225/3444/4199
f 2224/3447/4200 2226/3448/4200 2225/3444/4200
f 2226/3448/4201 2227/2831/4201 2225/3444/4201
f 2226/3448/4202 2152/3449/4202 2227/2831/4202
f 2227/2831/4203 2152/3449/4203 2153/3450/4203
f 2152/3451/4204 2151/3452/4204 2153/3453/4204
f 2153/3453/4205 2151/3452/4205 2155/3297/4205
f 2155/3297/4206 2151/3452/4206 2154/3454/4206
f 2151/3452/4207 2150/3455/4207 2154/3454/4207
f 2154/3454/4208 2150/3455/4208 2149/3456/4208
f 2158/3298/4209 2154/3454/4209 2149/3456/4209
f 2150/3455/4210 2148/3310/4210 2149/3456/4210
f 2146/3311/4211 2150/3455/4211 2151/3452/4211
f 2146/3311/4212 2151/3452/4212 2152/3451/4212
f 2224/3447/4213 2152/3449/4213 2226/3448/4213
f 2224/3447/4214 2147/3314/4214 2152/3449/4214
f 2188/3446/4215 2147/3314/4215 2224/3447/4215
f 2186/3457/4216 2147/3314/4216 2188/3446/4216
f 2183/3440/4217 2185/3436/4217 2187/3437/4217
f 2183/3440/4218 2180/3434/4218 2185/3436/4218
f 2183/3440/4219 2179/2809/4219 2180/3434/4219
f 2140/3320/4220 2177/3433/4220 2190/3325/4220
f 2138/3324/4221 2134/3330/4221 2139/3323/4221
f 2143/3319/4222 2177/3433/4222 2140/3320/4222
f 2141/3317/4223 2139/3323/4223 2142/3312/4223
f 2143/3315/4224 2147/3314/4224 2186/3457/4224
f 2152/3449/4225 2147/3314/4225 2146/3458/4225
f 2146/3311/4226 2148/3310/4226 2150/3455/4226
f 2148/3310/4227 2095/3307/4227 2149/3456/4227
f 2149/3456/4228 2095/3307/4228 2096/3459/4228
f 2097/3299/4229 2149/3456/4229 2096/3459/4229
f 3097/3460/4230 2097/3299/4230 2096/3459/4230
f 3097/3460/4230 2096/3459/4230 3098/3461/4230
f 3099/3462/4231 3098/3463/4231 2096/3464/4231
f 3099/3465/4232 2096/3459/4232 2095/3307/4232
f 2142/3312/4233 2144/3308/4233 2145/3309/4233
f 3099/3465/4232 2095/3307/4232 3100/3466/4232
f 3097/3467/4234 3096/3468/4234 2097/3469/4234
f 2158/3298/4235 2149/3456/4235 2097/3299/4235
f 2155/3297/4236 2154/3454/4236 2158/3298/4236
f 2153/3453/4237 2155/3297/4237 2156/2836/4237
f 2153/3453/4238 2156/2836/4238 2157/3470/4238
f 2482/2835/4239 2157/3470/4239 2156/2836/4239
f 2482/3471/4240 2481/2834/4240 2157/2832/4240
f 2480/2833/4241 2495/3472/4241 2230/2828/4241
f 2227/2831/4242 2153/3450/4242 2157/2832/4242
f 2225/3444/4243 2227/2831/4243 2229/2825/4243
f 2225/3444/4244 2229/2825/4244 2228/2824/4244
f 2192/3445/4245 2228/2824/4245 2232/2818/4245
f 2192/3445/4246 2232/2818/4246 2193/2816/4246
f 2194/2814/4247 2191/3441/4247 2193/2815/4247
f 2184/2812/4248 2191/3441/4248 2194/2814/4248
f 2184/2812/4249 2181/2810/4249 2183/3440/4249
f 2178/2783/4250 2175/2807/4250 2182/2811/4250
f 2181/2810/4251 2179/2809/4251 2183/3440/4251
f 2179/2809/4252 2176/2808/4252 2180/3434/4252
f 2174/2806/4253 2166/3346/4253 2176/2808/4253
f 2173/2784/4254 2172/2804/4254 2175/2807/4254
f 2174/2806/4255 2165/2805/4255 2166/3346/4255
f 2164/2803/4256 2090/3344/4256 2165/2805/4256
f 2087/3349/4257 2164/2803/4257 2163/2802/4257
f 2167/2801/4258 2092/3369/4258 2163/2802/4258
f 2677/2797/4259 2676/3372/4259 2167/2801/4259
f 3150/2796/4169 2132/2795/4169 2133/3332/4169
f 2132/2795/4260 2130/2790/4260 2131/3333/4260
f 3104/2789/3471 2131/3333/3471 2130/2790/3471
f 3103/3334/4081 2131/3333/4081 3104/2789/4081
f 3102/3305/4059 2144/3308/4059 3103/3334/4059
f 3094/3296/4050 2159/2844/4050 3095/3300/4050
f 2684/3473/4261 2681/2788/4261 2171/2782/4261
f 2679/2800/3479 2170/2786/3479 2680/2787/3479
f 2168/2798/4262 2169/2785/4262 2170/2786/4262
f 2169/2785/4263 2172/2804/4263 2173/2784/4263
f 2173/2784/4264 2175/2807/4264 2178/2783/4264
f 2178/2783/4265 2195/2813/4265 2198/2780/4265
f 2682/2779/4266 2684/3473/4266 2171/2782/4266
f 2494/2829/3512 2230/2828/3512 2495/3472/3512
f 2492/2827/3510 2233/2826/3510 2493/2830/3510
f 2491/2822/4267 2231/2821/4267 2492/2827/4267
f 2749/2778/3462 2198/2780/3462 2196/2776/3462
f 2488/2820/3503 2235/2819/3503 2489/2823/3503
f 2488/2820/4268 2490/2773/4268 2236/2770/4268
f 2486/2757/4269 2200/2771/4269 2487/2772/4269
f 2197/2769/4270 2234/2817/4270 2236/2770/4270
f 2196/2776/4271 2197/2768/4271 2199/2760/4271
f 2753/2759/4272 2752/2777/4272 2199/2760/4272
f 2486/2757/4269 2203/2754/4269 2200/2771/4269
f 2485/2756/4273 2483/2763/4273 2239/2740/4273
f 2203/2753/4274 2220/2751/4274 2202/2641/4274
f 2690/3474/4275 2202/2641/4275 2220/2751/4275
f 2690/3474/4275 2220/2751/4275 2761/3475/4275
f 2703/3476/4276 2704/3477/4276 2220/2751/4276
f 2703/3476/4277 2220/2751/4277 2219/2648/4277
f 2704/3477/4278 2761/3475/4278 2220/2751/4278
f 2689/2645/4279 2202/2641/4279 2690/3474/4279
f 2219/2648/4280 2220/2751/4280 2221/2750/4280
f 2221/2749/4281 2253/2747/4281 2219/3478/4281
f 2246/2755/4282 2249/2743/4282 2222/2748/4282
f 2259/2746/4283 2263/2946/4283 2253/2747/4283
f 2259/2746/4284 2257/2745/4284 2258/2938/4284
f 2250/2744/4285 2254/2935/4285 2257/2745/4285
f 2248/2742/4286 2245/2930/4286 2250/2744/4286
f 2246/2755/4287 2247/2741/4287 2249/2743/4287
f 2239/2740/4288 2247/2741/4288 2246/2755/4288
f 2569/2765/3452 2237/2739/3452 2239/2740/3452
f 2569/2765/4289 2566/3479/4289 2237/2739/4289
f 2248/2742/4290 2242/2738/4290 2243/2737/4290
f 2243/2737/4291 2241/2736/4291 2244/2929/4291
f 2237/2739/4292 2238/2735/4292 2240/2734/4292
f 2562/3480/4293 2238/2735/4293 2237/2739/4293
f 2562/3480/4293 2237/2739/4293 2563/3481/4293
f 2564/3482/4294 2238/2732/4294 2562/3483/4294
f 2564/3482/4295 2277/3484/4295 2238/2732/4295
f 2564/3482/4296 2565/3485/4296 2277/3484/4296
f 2241/2733/4297 2281/2729/4297 2244/2926/4297
f 2277/3484/4298 2280/2731/4298 2238/2732/4298
f 2514/3486/4299 2280/2731/4299 2277/3484/4299
f 2513/3487/4300 2280/2731/4300 2514/3486/4300
f 2513/3487/4300 2278/2705/4300 2280/2731/4300
f 2280/2731/4301 2278/2705/4301 2282/2730/4301
f 2282/2730/4302 2278/2705/4302 2283/2727/4302
f 2244/2926/4303 2281/2729/4303 2284/2728/4303
f 2284/2728/4304 2288/2725/4304 2289/2724/4304
f 2289/2724/4305 2300/2722/4305 2284/2728/4305
f 2313/2721/4306 2354/2921/4306 2300/2722/4306
f 2319/2917/4307 2313/2721/4307 2311/2720/4307
f 2301/2719/4308 2308/2912/4308 2311/2720/4308
f 2296/2717/4309 2302/2909/4309 2301/2719/4309
f 2294/2723/4310 2295/2716/4310 2298/2718/4310
f 2296/2717/4311 2293/2715/4311 2297/2907/4311
f 2287/2726/4312 2290/2712/4312 2295/2716/4312
f 2401/2898/4313 2293/3285/4313 2292/2899/4313
f 2291/2892/4314 2397/2891/4314 2292/2896/4314
f 2287/2726/4315 2285/2707/4315 2290/2712/4315
f 2291/2710/4316 2286/2709/4316 2394/2887/4316
f 2389/2888/4317 2286/2709/4317 2279/3488/4317
f 2278/2705/4318 2285/2707/4318 2283/2727/4318
f 2279/2884/4319 2276/3290/4319 2388/2878/4319
f 2509/2870/3542 2276/2704/3542 2511/2703/3542
f 2971/2694/4320 2973/2697/4320 2128/2695/4320
f 2972/2696/4038 2125/2691/4038 2124/2690/4038
f 2124/2690/4321 2123/2689/4321 2122/2865/4321
f 2123/2689/4322 2118/2685/4322 2122/2865/4322
f 2116/2684/4323 2117/3246/4323 2118/2685/4323
f 2376/2677/4324 2115/3240/4324 2116/3489/4324
f 2216/3130/4325 2376/2677/4325 2213/2676/4325
f 2872/3123/3815 2213/2675/3815 2212/2674/3815
f 2848/3119/4326 2212/2674/4326 2210/2673/4326
f 2209/2670/4327 2211/3115/4327 2210/2673/4327
f 2208/2672/4328 2119/2682/4328 2207/2627/4328
f 2817/2669/3378 2211/3115/3378 2209/2670/3378
f 2551/3102/3798 2380/3103/3798 2534/3274/3798
f 2551/3102/4329 2550/2971/4329 2382/2970/4329
f 2714/3276/4330 2707/2668/4330 2364/2667/4330
f 2275/2666/4331 2363/2958/4331 2364/2667/4331
f 2274/2658/4332 2269/2952/4332 2275/2661/4332
f 2272/2950/4333 2274/2658/4333 2273/2656/4333
f 2273/2656/4334 2218/2655/4334 2266/2949/4334
f 2219/3478/4335 2253/2747/4335 2218/2655/4335
f 2703/3476/4277 2219/2648/4277 2702/2647/4277
f 2689/2645/4279 2223/2642/4279 2202/2641/4279
f 2685/2637/3360 2201/2761/3360 2202/2638/3360
f 2566/3479/4336 2563/3481/4336 2237/2739/4336
f 2514/3486/4337 2277/3484/4337 2565/3485/4337
f 2512/2702/3402 2278/2705/3402 2513/3487/3402
f 2958/2636/3400 2204/2633/3400 2128/2693/3400
f 2957/2635/4338 2959/3490/4338 2811/2634/4338
f 2812/2632/4339 2206/2630/4339 2204/2633/4339
f 2812/2632/4340 2813/3491/4340 2206/2630/4340
f 2813/3491/4341 2940/2631/4341 2206/2630/4341
f 2205/2628/4342 2204/2633/4342 2206/2630/4342
f 2121/2688/4343 2205/2628/4343 2207/2627/4343
f 2816/2671/3379 2207/2627/3379 2815/2626/3379
o Object.7
v 0.237571 1.242163 -0.253838
v 0.205674 1.217784 -0.224460
v 0.210877 1.202630 -0.213995
v 0.212679 1.212242 -0.208085
v 0.242144 1.219916 -0.228374
v 0.224771 1.202591 -0.210914
v 0.236368 1.244475 -0.260396
v 0.228049 1.241965 -0.260396
v 0.238647 1.244378 -0.260396
v 0.239540 1.242823 -0.260396
v 0.242801 1.237739 -0.260396
v 0.250609 1.225368 -0.260396
v 0.230649 1.200895 -0.260396
v 0.216380 1.205409 -0.260396
v 0.230487 1.200705 -0.260396
v 0.210451 1.205348 -0.260396
v 0.207861 1.212721 -0.260396
v 0.204397 1.219931 -0.260396
v 0.211585 1.236386 -0.260396
vn -0.0000 -0.0000 -1.0000
vn -0.0002 -0.0000 -1.0000
vn -0.9248 -0.0578 0.3761
vn -0.1902 -0.4881 0.8518
vn 0.4682 0.3487 0.8119
vn 0.2287 0.7531 0.6169
vn 0.8067 0.5091 0.2999
vn 0.8067 0.5092 0.2999
vn 0.8281 0.4758 0.2966
vn 0.0405 0.9446 0.3257
vn -0.2691 0.8917 0.3639
vn -0.2940 0.8677 0.4008
vn -0.9149 0.3997 0.0564
vn -0.9013 -0.4331 0.0062
vn -0.9434 -0.3313 -0.0108
vn 0.0102 -0.9982 -0.0586
vn -0.3163 -0.9487 -0.0004
vn 0.7556 -0.6454 0.1120
vn 0.7713 -0.6290 0.0968
vn 0.8047 0.5161 0.2936
vn 0.7558 -0.6451 0.1119
vn -0.9434 -0.3313 -0.0107
vn -0.2812 0.8661 0.4134
vt 0.000000 0.000000
vt 0.017090 0.224121
vt 0.020264 0.222656
vt 0.018311 0.225342
vt 0.016602 0.226074
vt 0.012451 0.226318
vt 0.009766 0.218262
vt 0.009312 0.222264
vt 0.009603 0.229669
vt 0.103148 0.640870
vt 0.103244 0.641132
vt 0.102539 0.641113
vt 0.103338 0.641566
vt 0.102730 0.643695
vt 0.022927 0.217901
vt 0.015216 0.217592
vt 0.026172 0.227009
vt 0.023152 0.230358
vt 0.022659 0.232544
vt 0.022052 0.233061
vt 0.018056 0.233833
vt 0.018007 0.233807
vt 0.102841 0.639905
s 0
usemtl Mat_0.040
f 3183/3492/4344 3178/3492/4344 3182/3492/4344
f 3178/3492/4344 3181/3492/4344 3182/3492/4344
f 3181/3492/4344 3178/3492/4344 3180/3492/4344
f 3179/3492/4344 3186/3492/4344 3190/3492/4344
f 3186/3492/4344 3189/3492/4344 3190/3492/4344
f 3187/3492/4344 3188/3492/4344 3185/3492/4344
f 3185/3492/4344 3188/3492/4344 3189/3492/4344
f 3185/3492/4344 3189/3492/4344 3186/3492/4344
f 3179/3492/4345 3184/3492/4345 3186/3492/4345
f 3179/3492/4344 3183/3492/4344 3184/3492/4344
f 3183/3492/4344 3179/3492/4344 3178/3492/4344
f 3175/3493/4346 3173/3494/4346 3174/3495/4346
f 3175/3493/4347 3174/3495/4347 3177/3496/4347
f 3175/3493/4348 3177/3496/4348 3176/3497/4348
f 3172/3498/4349 3175/3493/4349 3176/3497/4349
f 3182/3499/4350 3172/3498/4350 3176/3497/4350
f 3182/3499/4351 3176/3497/4351 3183/3500/4351
f 3181/3501/4352 3180/3502/4352 3172/3503/4352
f 3180/3502/4353 3178/3504/4353 3172/3503/4353
f 3178/3504/4354 3179/3505/4354 3172/3503/4354
f 3190/3506/4355 3172/3498/4355 3179/3507/4355
f 3190/3506/4356 3189/3508/4356 3173/3494/4356
f 3189/3508/4357 3188/3509/4357 3173/3494/4357
f 3187/3510/4358 3173/3494/4358 3188/3509/4358
f 3185/3511/4359 3174/3495/4359 3187/3510/4359
f 3185/3511/4360 3186/3512/4360 3177/3496/4360
f 3184/3513/4361 3177/3496/4361 3186/3512/4361
f 3190/3506/4355 3173/3494/4355 3172/3498/4355
f 3184/3513/4362 3183/3500/4362 3176/3497/4362
f 3182/3514/4363 3181/3501/4363 3172/3503/4363
f 3184/3513/4364 3176/3497/4364 3177/3496/4364
f 3185/3511/4359 3177/3496/4359 3174/3495/4359
f 3187/3510/4365 3174/3495/4365 3173/3494/4365
f 3172/3498/4366 3173/3494/4366 3175/3493/4366
o Object.8
v 0.135416 1.289563 -0.193861
v 0.144990 1.362000 -0.217367
v 0.132294 1.337118 -0.240001
v 0.151830 1.317235 -0.237017
v 0.157348 1.342815 -0.213104
v 0.194628 1.385061 -0.218491
v 0.155532 1.411222 -0.208182
v 0.163733 1.436918 -0.230816
v 0.179779 1.393045 -0.196399
v 0.208600 1.436608 -0.200643
v 0.223609 1.436259 -0.248218
v 0.186092 1.455250 -0.198376
v 0.217388 1.465908 -0.125086
v 0.204744 1.488155 -0.198395
v 0.178931 1.469203 -0.204965
v 0.182376 1.474474 -0.233335
v 0.163603 1.447072 -0.256318
v 0.181993 1.378976 -0.257326
v 0.201023 1.381340 -0.245272
v 0.167309 1.393277 -0.250078
v 0.232494 1.469164 -0.253179
v 0.233036 1.437228 -0.224653
v 0.238211 1.476218 -0.210488
v 0.229296 1.448196 -0.178261
v 0.230137 1.462966 -0.260396
v 0.231924 1.468695 -0.260396
v 0.222190 1.434853 -0.260396
v 0.218747 1.431695 -0.260396
v 0.229059 1.471006 -0.260396
v 0.219143 1.473924 -0.260396
v 0.201163 1.482564 -0.260396
v 0.169040 1.401457 -0.260396
v 0.165277 1.440129 -0.260396
v 0.173810 1.398327 -0.260396
v 0.182719 1.382611 -0.260396
v 0.203430 1.395582 -0.260396
v 0.184590 1.383247 -0.260396
v 0.168725 1.454613 -0.260396
v 0.186588 1.480821 -0.260396
v 0.162188 1.449549 -0.260396
v 0.192357 1.485360 -0.260396
v 0.161944 1.443475 -0.260396
vn -0.0000 -0.0000 -1.0000
vn 0.9891 -0.0884 -0.1178
vn 0.9776 -0.1732 0.1198
vn 0.9718 -0.0426 0.2318
vn 0.3935 0.8964 0.2041
vn -0.8333 0.4725 0.2871
vn -0.3902 0.2217 0.8936
vn -0.8311 -0.5198 -0.1975
vn -0.8367 0.4374 0.3295
vn -0.8171 0.5053 0.2776
vn -0.9537 0.3008 -0.0041
vn -0.6366 0.2671 -0.7234
vn -0.9972 -0.0714 -0.0233
vn -0.9670 -0.0941 -0.2368
vn -0.9670 -0.0941 -0.2369
vn -0.9368 0.0377 0.3478
vn -0.5034 0.6499 0.5694
vn -0.8263 0.5632 0.0035
vn -0.6159 0.7829 0.0878
vn 0.3010 0.9481 -0.1029
vn 0.4242 0.8826 -0.2026
vn 0.2805 0.9535 0.1099
vn 0.6247 0.7745 -0.0996
vn 0.9532 -0.2972 -0.0560
vn 0.9592 -0.2711 -0.0804
vn 0.6758 -0.7370 0.0064
vn 0.8989 -0.3813 -0.2160
vn 0.4486 -0.6852 -0.5738
vn -0.6828 -0.3870 -0.6197
vn 0.2227 -0.6546 -0.7224
vn 0.5105 -0.4833 -0.7112
vn 0.7811 -0.5653 0.2651
vn 0.7005 -0.5621 0.4396
vn 0.6353 -0.4839 0.6019
vn 0.6890 -0.3968 0.6065
vn 0.1164 0.0197 0.9930
vn 0.8956 -0.3415 0.2851
vn 0.0472 -0.9986 0.0222
vn -0.4514 -0.0936 0.8874
vn -0.4737 -0.0625 0.8785
vn 0.1250 0.2913 0.9484
vn -0.9335 0.2162 0.2860
vn -0.5290 -0.6086 -0.5914
vn 0.9323 -0.3330 0.1411
vn -0.1166 -0.2585 -0.9590
vn 0.8971 -0.3548 0.2635
vn -0.5238 -0.5217 0.6734
vn -0.4378 -0.6673 -0.6025
vn -0.3829 0.0735 -0.9209
vn -0.9180 0.1265 0.3759
vn -0.3936 0.0691 0.9167
vn -0.8758 0.4470 0.1825
vn -0.6024 0.7947 0.0745
vn -0.5755 -0.7377 0.3530
vn 0.1491 -0.9276 0.3424
vn 0.2615 -0.9344 0.2420
vn 0.8919 -0.2928 -0.3448
vt 0.000000 0.000000
vt 0.231689 0.304199
vt 0.232178 0.310547
vt 0.226807 0.307617
vt 0.227051 0.298340
vt 0.219727 0.289551
vt 0.221436 0.304199
vt 0.016846 0.014648
vt 0.006104 0.000000
vt 0.019775 0.007324
vt 0.020752 0.012695
vt 0.027588 0.012939
vt 0.027588 0.022461
vt 0.022705 0.026367
vt 0.023682 0.049805
vt 0.239990 0.299072
vt 0.238770 0.290039
vt 0.242920 0.294434
vt 0.243408 0.297119
vt 0.241844 0.301024
vt 0.243663 0.298543
vt 0.243737 0.296594
vt 0.244123 0.297339
vt 0.034232 0.017864
vt 0.034451 0.019381
vt 0.033203 0.019775
vt 0.034303 0.011261
vt 0.891113 0.013092
vt 0.899658 0.009766
vt 0.891725 0.014216
vt 0.900146 0.015625
vt 0.892225 0.015441
vt 0.895264 0.020508
vt 0.893535 0.018930
vt 0.894150 0.020477
vt 0.894476 0.021295
vt 0.233977 0.311486
vt 0.232571 0.312252
vt 0.234131 0.307373
vt 0.236391 0.309573
vt 0.236458 0.308199
vt 0.236572 0.301270
vt 0.238394 0.304393
vt 0.238525 0.300293
vt 0.238845 0.301276
vt 0.239080 0.301051
vt 0.240984 0.301443
vt 0.236816 0.288818
vt 0.233643 0.299316
vt 0.012207 0.039551
vt 0.011230 0.052490
vt 0.007324 0.029053
vt 0.014648 0.028320
vt 0.010986 0.017090
vt 0.001953 0.018311
vt 0.232666 0.298584
vt 0.021484 0.037109
vt 0.016602 0.046143
vt 0.893555 0.009277
s 0
usemtl Mat_0.040
f 3226/3515/4367 3222/3515/4367 3223/3515/4367
f 3230/3515/4367 3226/3515/4367 3223/3515/4367
f 3223/3515/4367 3232/3515/4367 3230/3515/4367
f 3217/3515/4367 3228/3515/4367 3229/3515/4367
f 3231/3515/4367 3217/3515/4367 3229/3515/4367
f 3221/3515/4367 3217/3515/4367 3231/3515/4367
f 3220/3515/4367 3217/3515/4367 3221/3515/4367
f 3226/3515/4367 3228/3515/4367 3218/3515/4367
f 3227/3515/4367 3224/3515/4367 3226/3515/4367
f 3227/3515/4367 3225/3515/4367 3224/3515/4367
f 3215/3515/4367 3219/3515/4367 3216/3515/4367
f 3215/3515/4367 3220/3515/4367 3219/3515/4367
f 3217/3515/4367 3220/3515/4367 3215/3515/4367
f 3228/3515/4367 3217/3515/4367 3218/3515/4367
f 3228/3515/4367 3226/3515/4367 3230/3515/4367
f 3222/3515/4367 3226/3515/4367 3224/3515/4367
f 3212/3516/4368 3211/3517/4368 3213/3518/4368
f 3214/3519/4369 3212/3516/4369 3213/3518/4369
f 3203/3520/4370 3214/3519/4370 3213/3518/4370
f 3203/3520/4371 3213/3518/4371 3204/3521/4371
f 3202/3522/4372 3203/3523/4372 3204/3524/4372
f 3202/3522/4373 3204/3524/4373 3205/3525/4373
f 3205/3525/4374 3206/3526/4374 3202/3522/4374
f 3202/3522/4375 3206/3526/4375 3198/3527/4375
f 3197/3528/4376 3202/3522/4376 3198/3527/4376
f 3193/3529/4377 3197/3528/4377 3198/3527/4377
f 3210/3530/4378 3193/3531/4378 3198/3532/4378
f 3210/3530/4379 3198/3532/4379 3207/3533/4379
f 3222/3534/4380 3210/3530/4380 3207/3533/4380
f 3222/3534/4381 3207/3533/4381 3223/3535/4381
f 3230/3536/4382 3232/3537/4382 3207/3533/4382
f 3228/3538/4383 3230/3539/4383 3207/3540/4383
f 3228/3538/4384 3207/3540/4384 3206/3526/4384
f 3228/3538/4384 3206/3526/4384 3229/3541/4384
f 3229/3542/4385 3204/3543/4385 3231/3544/4385
f 3231/3544/4386 3213/3545/4386 3221/3546/4386
f 3221/3546/4387 3211/3547/4387 3220/3548/4387
f 3219/3549/4388 3220/3548/4388 3211/3547/4388
f 3216/3550/4389 3219/3549/4389 3211/3547/4389
f 3215/3551/4390 3216/3552/4390 3211/3517/4390
f 3215/3551/4391 3211/3517/4391 3201/3553/4391
f 3215/3551/4391 3201/3553/4391 3217/3554/4391
f 3218/3555/4392 3217/3554/4392 3201/3553/4392
f 3218/3555/4393 3201/3553/4393 3209/3556/4393
f 3218/3555/4393 3209/3556/4393 3226/3557/4393
f 3226/3557/4394 3209/3556/4394 3208/3558/4394
f 3226/3557/4394 3208/3558/4394 3227/3559/4394
f 3225/3560/4395 3210/3530/4395 3224/3561/4395
f 3225/3560/4395 3208/3558/4395 3210/3530/4395
f 3225/3560/4396 3227/3559/4396 3208/3558/4396
f 3194/3562/4397 3208/3558/4397 3209/3556/4397
f 3194/3562/4398 3209/3556/4398 3196/3563/4398
f 3195/3564/4399 3194/3565/4399 3196/3566/4399
f 3199/3567/4400 3195/3564/4400 3196/3566/4400
f 3199/3567/4401 3196/3566/4401 3200/3568/4401
f 3202/3522/4402 3199/3567/4402 3200/3568/4402
f 3200/3568/4403 3196/3566/4403 3201/3569/4403
f 3201/3553/4404 3212/3516/4404 3200/3570/4404
f 3192/3571/4405 3195/3564/4405 3199/3567/4405
f 3192/3571/4406 3199/3567/4406 3197/3528/4406
f 3191/3572/4407 3195/3564/4407 3192/3571/4407
f 3191/3572/4408 3192/3571/4408 3193/3529/4408
f 3191/3572/4409 3193/3529/4409 3194/3565/4409
f 3191/3572/4410 3194/3565/4410 3195/3564/4410
f 3194/3562/4411 3193/3531/4411 3208/3558/4411
f 3196/3563/4412 3209/3556/4412 3201/3553/4412
f 3229/3542/4385 3206/3573/4385 3204/3543/4385
f 3232/3537/4413 3223/3535/4413 3207/3533/4413
f 3222/3534/4414 3224/3561/4414 3210/3530/4414
f 3208/3558/4415 3193/3531/4415 3210/3530/4415
f 3193/3529/4416 3192/3571/4416 3197/3528/4416
f 3197/3528/4417 3199/3567/4417 3202/3522/4417
f 3198/3527/4418 3206/3526/4418 3207/3540/4418
f 3205/3525/4419 3204/3524/4419 3206/3526/4419
f 3202/3522/4420 3200/3568/4420 3203/3523/4420
f 3231/3544/4386 3204/3543/4386 3213/3545/4386
f 3200/3570/4421 3214/3519/4421 3203/3520/4421
f 3200/3570/4422 3212/3516/4422 3214/3519/4422
f 3221/3546/4387 3213/3545/4387 3211/3547/4387
f 3201/3553/4423 3211/3517/4423 3212/3516/4423
o Object.9
v -0.130498 1.212707 -0.214615
v -0.178886 1.233713 -0.259612
v -0.153287 1.209723 -0.208298
v -0.150399 1.233558 -0.223413
v -0.130675 1.215488 -0.260396
v -0.136762 1.240386 -0.260396
v -0.141662 1.244456 -0.260396
v -0.157584 1.247889 -0.260396
v -0.178822 1.234156 -0.260396
v -0.153775 1.204950 -0.260396
v -0.174555 1.228686 -0.260396
v -0.152044 1.205220 -0.260396
v -0.178740 1.233514 -0.260396
v -0.178955 1.233966 -0.260396
vn -0.0000 -0.0000 -1.0000
vn 0.0001 -0.0000 -1.0000
vn -0.7053 0.4386 0.5569
vn -0.7507 -0.6572 0.0672
vn -0.7507 -0.6572 0.0670
vn 0.4324 -0.8999 -0.0563
vn 0.1535 -0.9842 0.0887
vn 0.9713 0.2375 0.0106
vn 0.5978 0.7196 0.3533
vn 0.1997 0.9261 0.3201
vn -0.4986 0.7712 0.3957
vn -0.7943 0.5542 0.2491
vn -0.9010 -0.4299 -0.0590
vn -0.7554 -0.6548 0.0257
vn -0.4987 0.7711 0.3958
vn 0.1661 0.5137 0.8418
vt 0.000000 0.000000
vt 0.024902 0.082031
vt 0.022217 0.084961
vt 0.016602 0.076904
vt 0.023991 0.072694
vt 0.017867 0.076061
vt 0.875684 0.140510
vt 0.877728 0.139007
vt 0.884033 0.142090
vt 0.024296 0.073001
vt 0.028809 0.084961
vt 0.879480 0.137347
vt 0.020235 0.091087
vt 0.021599 0.091412
vt 0.017387 0.085040
vt 0.016508 0.076988
vt 0.016497 0.076938
vt 0.016506 0.076832
s 0
usemtl Mat_0.040
f 3242/3574/4424 3243/3574/4424 3244/3574/4424
f 3244/3574/4424 3243/3574/4424 3245/3574/4424
f 3244/3574/4424 3245/3574/4424 3246/3574/4424
f 3244/3574/4425 3246/3574/4425 3241/3574/4425
f 3244/3574/4424 3241/3574/4424 3237/3574/4424
f 3239/3574/4424 3237/3574/4424 3240/3574/4424
f 3237/3574/4424 3239/3574/4424 3238/3574/4424
f 3237/3574/4424 3241/3574/4424 3240/3574/4424
f 3235/3575/4426 3236/3576/4426 3234/3577/4426
f 3242/3578/4427 3235/3575/4427 3234/3577/4427
f 3242/3578/4428 3234/3577/4428 3243/3579/4428
f 3244/3580/4429 3237/3581/4429 3233/3582/4429
f 3244/3583/4430 3233/3584/4430 3235/3575/4430
f 3237/3581/4431 3238/3585/4431 3233/3582/4431
f 3239/3586/4432 3233/3584/4432 3238/3587/4432
f 3239/3586/4432 3236/3576/4432 3233/3584/4432
f 3239/3586/4433 3240/3588/4433 3236/3576/4433
f 3241/3589/4434 3236/3576/4434 3240/3588/4434
f 3241/3589/4435 3246/3590/4435 3234/3577/4435
f 3246/3590/4436 3245/3591/4436 3234/3577/4436
f 3245/3591/4437 3243/3579/4437 3234/3577/4437
f 3244/3583/4430 3235/3575/4430 3242/3578/4430
f 3241/3589/4438 3234/3577/4438 3236/3576/4438
f 3235/3575/4439 3233/3584/4439 3236/3576/4439
