# Blender v3.2.0 OBJ File: ''
# www.blender.org
mtllib HostOfShadows.mtl
o Host_of_Shadows
v -1.226685 -0.250693 0.406337
v -1.226145 -0.250693 0.405439
v -0.957681 -0.250693 0.705797
v -1.287920 -0.250693 0.344240
v -1.284529 -0.250693 0.340435
v -1.464836 -0.250693 0.801836
v -1.529699 -0.250693 0.615598
v -1.388570 -0.250693 0.224597
v -1.388570 -0.250693 -0.198931
v -1.906591 -0.250693 -0.031165
v -1.460397 -0.250693 -0.175669
v 0.792274 -0.127214 0.280886
v 0.831130 -0.127214 0.249311
v 0.789954 -0.127214 0.280180
v 0.787634 -0.127214 0.279171
v 0.794595 -0.127214 0.281492
v 0.797117 -0.127214 0.281794
v 0.799639 -0.127214 0.281895
v 0.802363 -0.127214 0.281794
v 0.804884 -0.127214 0.281593
v 0.831114 -0.127214 0.253346
v 0.807306 -0.127214 0.281290
v 0.809626 -0.127214 0.280886
v 0.811744 -0.127214 0.280281
v 0.811845 -0.127214 0.280247
v 0.783498 -0.127214 0.276448
v 0.785515 -0.127214 0.277961
v -1.768891 -0.250693 0.884054
v -1.276693 -0.250693 -0.837480
v -1.181072 -0.250693 -0.604330
v -1.619285 -0.250693 -0.853520
v -1.882931 -0.250693 -0.942072
v -1.113806 -0.250693 -0.878509
v -1.109634 -0.250693 -0.868147
v -1.031173 -0.250693 -0.772694
v -1.070748 -0.250693 -0.727153
v -1.030537 -0.250693 -0.771920
v 0.899182 -0.250693 -0.902346
v -1.181663 -0.250693 -0.603673
v -1.199922 -0.250693 -0.583345
v -0.040397 -0.127214 -0.488583
v 0.011254 -0.127214 -0.551280
v -0.052503 -0.127214 -0.487725
v -1.246630 -0.250693 -0.531345
v -0.143295 -0.127214 -0.561066
v -0.064104 -0.127214 -0.485203
v -0.143295 -0.127214 -0.537662
v -1.388570 -0.250693 -0.373325
v -2.297911 -0.250693 0.095568
v -1.389982 0.169880 -0.373260
v -1.389982 -0.003333 -0.373260
v -1.389982 0.051950 -0.306385
v -1.389982 0.051950 0.224552
v -1.389982 0.169880 0.224552
v -0.092552 -0.127214 -0.467549
v -0.092552 0.152831 -0.467549
v -0.092048 -0.127214 -0.468005
v -0.074696 -0.127214 -0.480966
v 0.856163 0.169880 0.705797
v -0.827875 0.169880 0.593617
v -0.957681 0.169880 0.705797
v -1.199922 0.169880 -0.334888
v -1.199922 0.169880 0.179382
v -1.129328 -0.024316 -0.663425
v -1.137729 -0.024316 -0.654073
v -0.914706 0.169880 -0.902346
v -1.113192 -0.024316 -0.681388
v -1.364633 -0.003333 -0.401480
v -1.376817 -0.003333 -0.387916
v -1.388570 0.051950 0.226124
v -1.226685 0.051950 0.406337
v -1.557646 0.051950 -0.173885
v -1.773630 0.051950 -0.084789
v -1.464836 0.051950 0.801836
v -1.196308 -0.024316 -0.588862
v -1.199922 -0.024316 -0.584838
v 0.110622 -0.127214 0.303282
v 0.106486 -0.127214 0.301063
v 0.044343 -0.127214 0.303686
v 0.114556 -0.127214 0.304874
v 0.114859 0.152831 0.304997
v 0.110622 0.152831 0.303282
v 0.088932 -0.127214 0.283207
v 0.086108 -0.127214 0.278263
v 0.095288 -0.127214 0.291681
v 0.092060 -0.127214 0.287645
v -1.773630 -0.003333 -0.084789
v -1.529699 -0.003333 0.615598
v -1.389982 -0.003333 -0.306385
v 0.102551 -0.127214 0.298339
v 0.098819 -0.127214 0.295212
v -1.388570 -0.003333 -0.374832
v -1.557646 -0.003333 -0.173885
v -1.604051 -0.003333 -0.154742
v -1.727612 -0.003333 -0.103773
v -1.460397 -0.003333 -0.250738
v -1.199922 -0.127214 -0.334888
v 0.102551 0.152831 0.298339
v 0.098819 0.152831 0.295212
v -1.389579 -0.003333 -0.446163
v -0.592417 -0.127214 -0.019335
v -0.491234 -0.127214 -0.002185
v -0.593124 -0.127214 -0.021353
v -1.768891 -0.003333 -0.464523
v 0.084544 -0.127214 0.275136
v -1.425536 -0.003333 -0.610277
v -1.436690 -0.003333 -0.609388
v 0.083485 -0.127214 0.273018
v -1.673504 -0.003333 -0.663724
v 0.851996 -0.127214 0.071962
v 0.853913 -0.127214 0.074081
v 1.141423 -0.127214 -0.375995
v 0.033044 -0.127214 0.277759
v 0.034255 -0.127214 0.278263
v 0.030825 -0.127214 0.276145
v 0.031834 -0.127214 0.277053
v 0.036878 -0.127214 0.279071
v 0.029917 -0.127214 0.275237
v 0.029836 -0.127214 0.275136
v 0.038290 -0.127214 0.279272
v 0.029110 -0.127214 0.274228
v 0.039803 -0.127214 0.279474
v 0.026992 -0.127214 0.270395
v 0.041418 -0.127214 0.279575
v 0.025882 -0.127214 0.267167
v 0.044343 -0.127214 0.279575
v 0.025478 -0.127214 0.265351
v 0.849877 -0.127214 0.069843
v -1.768891 -0.003333 0.884054
v -1.946184 -0.003333 -0.294319
v -0.604523 -0.127214 0.014056
v -0.516858 -0.127214 0.067927
v -0.600891 -0.127214 0.011938
v 0.862588 -0.127214 0.093450
v 1.141423 -0.127214 0.138234
v 0.862084 -0.127214 0.091029
v -0.516252 -0.127214 0.054510
v -0.597966 -0.127214 0.009315
v 0.860672 -0.127214 0.085985
v 0.859764 -0.127214 0.083462
v 0.861479 -0.127214 0.088507
v -0.515445 -0.127214 0.048154
v -0.595646 -0.127214 0.006289
v 0.029110 0.152831 0.274228
v 0.858553 -0.127214 0.081041
v -1.946184 -0.024316 -0.294319
v -1.913895 -0.024316 -0.079710
v 0.039803 0.152831 0.279474
v 0.041418 0.152831 0.279575
v -0.512923 -0.127214 0.036149
v -0.593729 -0.127214 0.002758
v -1.906591 -0.127013 -0.031165
v 0.855729 -0.127214 0.076401
v -0.511208 -0.127214 0.030500
v 0.862697 -0.127214 0.094357
v -0.592417 -0.127214 -0.001177
v -1.203581 -0.024316 -0.580766
v 0.855729 0.152831 0.076401
v -0.509090 -0.127214 0.025052
v -1.364633 -0.024316 -0.401480
v -0.591592 -0.127214 -0.014796
v -0.591409 -0.127214 -0.012778
v -0.501221 -0.127214 0.010122
v -0.498094 -0.127214 0.005683
v -0.506669 -0.127214 0.019807
v -0.505256 -0.127214 0.017145
v -0.591610 -0.127214 -0.005615
v -1.389579 -0.024316 -0.446163
v 0.857242 -0.127214 0.078620
v -1.425536 -0.024316 -0.610277
v -1.436690 -0.024316 -0.609388
v -0.514336 -0.127214 0.042000
v -1.673504 -0.024316 -0.663724
v -1.768891 -0.024316 -0.464523
v 0.862689 -0.127214 0.103336
v 0.862084 -0.127214 0.107876
v 0.861075 -0.127214 0.112012
v 0.859562 -0.127214 0.115643
v -0.516757 -0.127214 0.061067
v 0.862891 -0.127214 0.095972
v 0.862891 -0.127214 0.098494
v -1.218558 -0.024316 -0.831051
v -1.340349 -0.024316 -0.791478
v -1.215862 -0.024316 -0.822751
v -0.514336 0.152831 0.042000
v 0.857746 -0.127214 0.118973
v -0.616931 -0.127214 0.061773
v -2.129944 -0.024316 0.007096
v -1.784107 -0.024316 -0.853654
v -1.592753 -0.024316 -0.791478
v 0.837671 -0.127214 0.129266
v 0.836057 -0.127214 0.129464
v 0.830306 -0.127214 0.161948
v 0.836662 -0.127214 0.166185
v 0.837671 -0.127214 0.166950
v 0.845439 -0.127214 0.127749
v 0.843808 -0.127214 0.171834
v 0.845338 -0.127214 0.173146
v 0.849272 -0.127214 0.126236
v 0.852601 -0.127214 0.124319
v 0.847961 -0.127214 0.175668
v 0.855426 -0.127214 0.121898
v 0.854921 -0.127214 0.183637
v 0.857040 -0.127214 0.186664
v 0.827078 -0.127214 0.160031
v 0.845439 0.152831 0.127749
v 0.841000 0.152831 0.128859
v -1.913895 -0.127013 -0.079710
v 0.849272 0.152831 0.126236
v 0.856786 -0.127214 0.120183
v 0.857746 0.152831 0.118973
v -1.199922 -0.127214 0.179382
v -2.129944 -0.127013 0.007096
v -1.784107 -0.127013 -0.853654
v -1.790606 -0.127013 -0.837480
v -1.809089 -0.127013 -0.791478
v -1.592753 -0.127013 -0.791478
v -1.734329 -0.127013 -0.837480
v -1.218558 -0.127013 -0.831051
v -1.221254 -0.127013 -0.830175
v -1.221569 -0.127013 -0.830073
v -1.340349 -0.127013 -0.791478
v 0.836662 0.152831 0.166185
v -1.215862 -0.127013 -0.822751
v -1.217292 -0.127013 -0.827154
v -1.198181 -0.127013 -0.798408
v -1.193148 -0.127013 -0.791478
v -1.149846 -0.127013 -0.731856
v -1.071575 -0.127013 -0.727717
v -1.113192 -0.127013 -0.681388
v -1.031173 -0.127013 -0.772694
v -1.181663 -0.127013 -0.775664
v -2.297911 -0.127013 0.095568
v -1.882931 -0.127013 -0.942072
v -1.619285 -0.127013 -0.853520
v -1.113806 -0.127013 -0.878509
v -1.109634 -0.127013 -0.868147
v -1.276693 -0.127013 -0.837480
v -0.922500 -0.127214 0.211682
v -0.923307 -0.127214 0.202199
v -0.923912 -0.127214 0.182023
v -0.923307 -0.127214 0.161746
v 1.345808 -0.250693 0.831293
v 1.104851 -0.250693 0.431162
v 1.410671 -0.250693 0.645056
v 0.732397 0.169880 0.593617
v -0.827875 -0.127214 0.593617
v 0.732397 -0.127214 0.593617
v 1.345808 0.051950 0.831293
v 1.410671 -0.003333 0.645056
v 1.654572 0.051950 -0.055244
v 0.856163 -0.250693 0.705797
v 1.104851 0.051950 0.431162
v 0.810231 -0.127214 0.307620
v 0.805086 -0.127214 0.308124
v 0.799639 -0.127214 0.308225
v 0.794090 -0.127214 0.308124
v 0.788744 -0.127214 0.307721
v 0.786020 -0.127214 0.307448
v 0.788744 0.152831 0.307721
v -0.025393 -0.127214 0.275136
v -0.025769 -0.127214 0.275741
v -0.020729 -0.127214 0.275136
v -0.014571 -0.127214 0.303686
v -0.027484 -0.127214 0.278566
v -0.035555 -0.127214 0.290571
v -0.036261 -0.127214 0.291498
v -0.023953 -0.127214 0.272816
v -0.023953 0.152831 0.272816
v -0.037169 -0.127214 0.292690
v -0.040397 -0.127214 0.296523
v -0.035555 0.152831 0.290571
v -0.032528 -0.127214 0.286132
v -0.030914 -0.127214 0.283812
v -0.032528 0.152831 0.286132
v 0.783700 -0.127214 0.307216
v 0.778958 -0.127214 0.306309
v 0.774418 -0.127214 0.305300
v 0.770181 -0.127214 0.303988
v 0.762615 -0.127214 0.301264
v 0.760194 -0.127214 0.300054
v 0.759185 -0.127214 0.299549
v 0.756058 -0.127214 0.297633
v 0.766247 -0.127214 0.302677
v 1.649863 -0.250693 0.913511
v 1.794764 -0.127013 -0.049514
v 1.649863 -0.003333 0.913511
v -0.738392 -0.127214 0.303686
v -0.623287 -0.127214 0.303686
v -0.489216 -0.127214 0.300659
v -0.493554 -0.127214 0.298440
v -0.796500 -0.127214 0.294304
v -0.840988 -0.127214 0.308148
v -0.842098 -0.127214 0.308225
v -0.848352 -0.127214 0.308023
v -0.854405 -0.127214 0.307317
v -0.042112 -0.127214 0.298238
v 1.331483 -0.250693 0.176637
v -0.043827 -0.127214 0.299751
v 0.103863 -0.127214 -0.441926
v 0.148654 -0.127214 -0.450601
v 0.104166 -0.127214 -0.443842
v 0.104670 -0.127214 -0.445759
v 0.105275 -0.127214 -0.447474
v 0.103560 -0.127214 -0.439908
v 0.149965 -0.127214 -0.447978
v 0.103358 -0.127214 -0.437688
v 0.103358 -0.127214 -0.433149
v 0.103762 -0.127214 -0.428912
v 0.152487 -0.127214 -0.441522
v 0.104065 -0.127214 -0.426894
v 0.104569 -0.127214 -0.424977
v 0.105073 -0.127214 -0.423162
v 0.105445 -0.127214 -0.422153
v -0.051696 -0.127214 0.275237
v -0.032226 -0.127214 0.259802
v -0.053915 -0.127214 0.275338
v -0.050956 -0.127214 0.275136
v 0.840697 -0.127214 0.296321
v 0.844228 -0.127214 0.293597
v 0.850584 -0.127214 0.287444
v 0.811845 -0.127214 0.307389
v 0.753233 -0.127214 0.295514
v 0.743852 -0.127214 0.285729
v 0.658002 -0.127214 0.303686
v 0.745869 -0.127214 0.288352
v 0.750510 -0.127214 0.293295
v 0.623803 -0.127214 0.303686
v 0.552783 -0.127214 0.303686
v 0.411550 -0.127214 0.286536
v 0.402874 -0.127214 0.294304
v 0.518080 -0.127214 0.303686
v 0.357276 -0.127214 0.308225
v 0.351021 -0.127214 0.308023
v 0.339218 -0.127214 0.306309
v 0.333569 -0.127214 0.304795
v 0.328222 -0.127214 0.302778
v 0.256092 -0.127214 0.303988
v 0.150772 -0.127214 0.305300
v 0.153194 -0.127214 0.304493
v 0.142904 -0.127214 0.307519
v 0.145628 -0.127214 0.306914
v 0.194656 -0.127214 0.303988
v 0.155615 -0.127214 0.303484
v 0.140382 -0.127214 0.307879
v 0.140079 -0.127214 0.307923
v 0.137154 -0.127214 0.308124
v 0.134127 -0.127214 0.308225
v 0.128982 -0.127214 0.308023
v 0.124140 -0.127214 0.307418
v -0.051494 -0.127214 0.304291
v -0.060371 -0.127214 0.307015
v -0.062893 -0.127214 0.307418
v -0.071266 -0.127214 0.307923
v -0.068341 -0.127214 0.307822
v -0.066222 -0.127214 0.307743
v -0.074696 -0.127214 0.307822
v -0.081455 -0.127214 0.306813
v -0.078126 -0.127214 0.307418
v -0.213811 -0.127214 0.303686
v -0.143901 -0.127214 0.303686
v -0.243268 -0.127214 0.303686
v -0.424249 -0.127214 0.304997
v -0.427780 -0.127214 0.305849
v -0.430100 -0.127214 0.306409
v -0.442508 -0.127214 0.308023
v -0.436254 -0.127214 0.307418
v -0.453605 -0.127214 0.308092
v -0.449066 -0.127214 0.308225
v -0.455926 -0.127214 0.308023
v 1.794764 -0.250693 -0.049514
v -0.045503 -0.127214 0.300962
v -0.045643 -0.127214 0.301063
v -0.053511 -0.127214 0.305098
v -0.055731 -0.127214 0.305905
v -0.057950 -0.127214 0.306510
v -0.914706 -0.250693 -0.902346
v 1.331483 -0.250693 -0.421101
v 1.654572 -0.250693 -0.055244
v 1.438619 -0.250693 -0.144327
v 1.827761 -0.250693 -0.942072
v 1.394648 -0.250693 -0.179095
v 1.333400 -0.250693 0.176710
v -0.049476 -0.127214 0.303282
v -0.047459 -0.127214 0.302172
v -0.065617 -0.127214 0.307721
v 1.333400 -0.250693 -0.198931
v 0.105981 -0.127214 -0.449088
v 0.105981 0.152831 -0.449088
v 0.105496 -0.127214 -0.447978
v 1.054363 -0.250693 -0.868147
v 1.058547 -0.250693 -0.878531
v 1.221523 -0.250693 -0.837480
v -0.047459 0.152831 0.302172
v 0.104670 0.152831 -0.445759
v 0.104166 0.152831 -0.443842
v 0.071110 -0.127214 -0.447978
v 0.071379 -0.127214 -0.448785
v 0.024974 -0.127214 -0.447272
v 0.067142 -0.127214 -0.429315
v 0.067848 -0.127214 -0.434561
v 0.032439 -0.127214 -0.427399
v 0.066840 -0.127214 -0.423868
v 0.072993 -0.127214 -0.452922
v 0.074910 -0.127214 -0.456957
v 0.021948 -0.127214 -0.452922
v 1.333400 -0.250693 -0.421169
v 0.024596 -0.127214 -0.447978
v 1.564114 -0.250693 -0.853520
v 0.995864 -0.250693 -0.796945
v 2.242741 -0.250693 0.095568
v -0.084684 -0.127214 0.306006
v -0.087811 -0.127214 0.304997
v -0.090938 -0.127214 0.303686
v -0.092048 -0.127214 0.303073
v 1.564114 -0.127013 -0.853520
v -0.065617 0.152831 0.307721
v 0.137154 0.152831 0.308124
v 0.134127 0.152831 0.308225
v 1.333400 -0.127013 -0.278307
v 1.331483 0.169880 -0.421101
v 0.899182 0.169880 -0.902346
v 1.141423 0.169880 -0.375995
v 1.141423 0.169880 0.138234
v 1.331483 0.169880 0.176637
v 1.333400 0.051950 0.176710
v 1.438619 0.051950 -0.144327
v 1.333400 0.051950 -0.227525
v 0.166207 -0.127214 0.296019
v 0.166207 0.152831 0.296019
v 0.164190 -0.127214 0.297834
v 1.654572 -0.003333 -0.055244
v 0.814670 -0.127214 0.085379
v 0.811845 -0.127214 0.084081
v 0.817898 -0.127214 0.087800
v 0.820824 -0.127214 0.091029
v 0.823102 -0.127214 0.094357
v 1.485024 -0.003333 -0.125184
v 1.453953 -0.003333 -0.138001
v 1.438619 -0.003333 -0.144327
v 1.608584 -0.003333 -0.074215
v 0.823447 -0.127214 0.094862
v 0.823447 0.152831 0.094862
v 1.341369 -0.003333 -0.221224
v 1.333400 -0.003333 -0.227525
v 0.817898 0.152831 0.087800
v 0.162172 0.152831 0.299449
v 0.162172 -0.127214 0.299449
v 0.797419 -0.127214 0.082655
v 0.795805 -0.127214 0.083059
v 0.825565 -0.127214 0.099301
v 0.799033 -0.127214 0.082454
v 0.794191 -0.127214 0.083563
v 0.792577 -0.127214 0.084169
v 0.791064 -0.127214 0.084774
v 0.789551 -0.127214 0.085480
v 0.788138 -0.127214 0.086287
v 0.786827 -0.127214 0.087195
v 0.786020 -0.127214 0.087816
v 0.785515 -0.127214 0.088204
v 0.783296 -0.127214 0.090625
v 0.782186 -0.127214 0.091937
v 0.140079 0.152831 0.307923
v 0.142904 0.152831 0.307519
v 1.827154 -0.003333 -0.264782
v 1.306508 -0.003333 -0.580816
v 1.283661 -0.003333 -0.476542
v 1.317662 -0.003333 -0.579931
v 0.795805 0.152831 0.083059
v 1.333400 -0.003333 -0.421169
v 1.649863 -0.003333 -0.435066
v 1.554476 -0.003333 -0.634194
v 0.810937 -0.127214 0.083664
v 0.806902 -0.127214 0.082555
v 0.802363 -0.127214 0.082252
v 0.800748 -0.127214 0.082252
v 0.781278 -0.127214 0.093349
v 1.306508 -0.024316 -0.580816
v 1.306314 -0.024316 -0.579931
v 1.302949 -0.024316 -0.564573
v 0.300883 -0.127214 0.281996
v 0.304818 -0.127214 0.286536
v 1.317662 -0.024316 -0.579931
v 1.333400 -0.024316 -0.583537
v 1.341369 -0.024316 -0.585363
v 0.308954 -0.127214 0.290672
v 1.554476 -0.024316 -0.634194
v 1.574429 -0.024316 -0.592541
v 0.297151 -0.127214 0.277053
v 0.295979 -0.127214 0.275136
v 1.584680 -0.024316 -0.571140
v 1.824025 -0.024316 -0.243990
v 1.827154 -0.024316 -0.264782
v 0.297151 0.152831 0.277053
v 1.800925 -0.024316 -0.090463
v 0.313393 -0.127214 0.294304
v 1.283661 -0.024316 -0.476542
v 1.333400 -0.024316 -0.421169
v 1.333400 -0.024316 -0.278307
v 1.333400 -0.127013 -0.227525
v 1.649863 -0.024316 -0.435066
v 1.333400 -0.127013 -0.198931
v -0.154796 -0.127214 0.278263
v -0.156107 0.152831 0.277759
v -0.154796 0.152831 0.278263
v 0.769415 0.169880 -0.790167
v 0.238942 -0.127214 0.276649
v 0.285247 -0.127214 0.252539
v 0.237631 -0.127214 0.275741
v 0.240355 -0.127214 0.277456
v 0.241767 -0.127214 0.278062
v 0.243280 -0.127214 0.278566
v 0.244894 -0.127214 0.278970
v 0.246509 -0.127214 0.279272
v 0.249737 -0.127214 0.279676
v 0.254882 -0.127214 0.279978
v 0.256092 -0.127214 0.279978
v -0.153484 0.152831 0.278667
v -0.096688 -0.127214 0.300256
v -0.093864 0.152831 0.302071
v -0.096688 0.152831 0.300256
v -0.110913 0.152831 0.283408
v -0.110913 -0.127214 0.283408
v -0.108895 0.152831 0.286838
v 0.764229 -0.127214 0.069036
v 0.764975 -0.127214 0.068532
v 0.726803 -0.127214 0.061773
v 0.760900 -0.127214 0.071558
v 0.757874 -0.127214 0.074383
v -0.147432 -0.127214 0.279474
v -0.149046 0.152831 0.279373
v -0.147432 0.152831 0.279474
v 0.754948 -0.127214 0.077510
v -0.159436 -0.127214 0.275439
v -0.159436 0.152831 0.275439
v -0.158327 0.152831 0.276347
v 0.752225 -0.127214 0.080940
v 0.749804 -0.127214 0.084572
v 0.747584 -0.127214 0.088406
v 0.780673 -0.127214 0.094357
v 0.780370 -0.127214 0.094862
v 0.779563 -0.127214 0.096476
v 0.778857 -0.127214 0.098191
v 0.778252 -0.127214 0.099906
v 0.777748 -0.127214 0.101823
v 0.176195 0.152831 0.282702
v 0.176195 -0.127214 0.282702
v 0.179019 -0.127214 0.277456
v 0.169839 -0.127214 0.292084
v 0.169839 0.152831 0.292084
v 0.168023 0.152831 0.294102
v 0.726803 -0.127214 0.085783
v 0.745667 -0.127214 0.092542
v 0.744950 -0.127214 0.094357
v 0.157935 -0.127214 0.302273
v 0.155615 0.152831 0.303484
v 0.153194 0.152831 0.304493
v 0.154333 -0.127214 0.304018
v -0.090938 0.152831 0.303686
v 0.777344 -0.127214 0.103840
v 0.777041 -0.127214 0.105959
v 0.827381 -0.127214 0.104244
v 0.776840 -0.127214 0.108178
v 0.776840 -0.127214 0.112819
v 0.828692 -0.127214 0.109792
v 0.777041 -0.127214 0.115139
v 0.777243 -0.127214 0.117258
v 0.777828 -0.127214 0.120183
v 0.778050 -0.127214 0.121293
v 0.778655 -0.127214 0.123210
v -0.108895 -0.127214 0.286838
v -0.106676 0.152831 0.289966
v -0.106676 -0.127214 0.289966
v 0.160054 -0.127214 0.300962
v -0.104355 0.152831 0.292992
v 0.157935 0.152831 0.302273
v -0.099412 0.152831 0.298137
v -0.114444 0.152831 0.275741
v -0.114444 -0.127214 0.275741
v -0.112729 0.152831 0.279676
v 0.124140 0.152831 0.307418
v 0.119399 0.152831 0.306409
v 0.119399 -0.127214 0.306409
v 0.786020 -0.127214 0.278249
v 0.128982 0.152831 0.308023
v 0.781581 -0.127214 0.274733
v 0.781581 0.152831 0.274733
v 0.782032 -0.127214 0.275136
v -0.145717 0.152831 0.279575
v 0.740623 -0.127214 0.279878
v 0.739312 -0.127214 0.276649
v 0.742137 -0.127214 0.282904
v 0.037584 -0.127214 -0.403692
v 0.038431 -0.127214 -0.396327
v 0.067546 -0.127214 -0.404095
v 0.068151 -0.127214 -0.399757
v 0.748089 -0.127214 0.290874
v 0.067041 -0.127214 -0.408534
v 0.742439 -0.127214 0.101419
v 0.741229 -0.127214 0.106261
v 0.743952 -0.127214 0.096880
v 0.707837 -0.127214 0.093651
v 0.707440 -0.127214 0.094357
v 0.113447 -0.127214 -0.410652
v 0.114556 -0.127214 -0.409666
v 0.153799 -0.127214 -0.436175
v 0.111732 -0.127214 -0.412367
v 0.110218 -0.127214 -0.414082
v 0.115262 -0.127214 -0.409038
v 0.154808 -0.127214 -0.430223
v 0.117280 -0.127214 -0.407323
v 0.742439 0.152831 0.101419
v 0.743952 0.152831 0.096880
v 0.168023 -0.127214 0.294102
v 0.174782 -0.127214 0.285123
v 0.173168 -0.127214 0.287545
v 0.171554 -0.127214 0.289865
v 0.173168 0.152831 0.287545
v 0.738839 -0.127214 0.275136
v 0.187340 -0.127214 0.275136
v 0.105073 0.152831 -0.423162
v 0.066780 -0.127214 -0.422153
v 0.034457 -0.127214 -0.419933
v 0.066638 -0.127214 -0.418017
v 0.036172 -0.127214 -0.412065
v 0.066739 -0.127214 -0.413174
v 0.552783 0.152831 0.303686
v 0.518080 0.152831 0.303686
v 0.559713 -0.127214 0.275136
v 0.067546 0.152831 -0.404095
v 0.067041 0.152831 -0.408534
v 0.623803 0.152831 0.303686
v 0.658002 0.152831 0.303686
v 0.174782 0.152831 0.285123
v 0.037584 0.152831 -0.403692
v 0.769415 -0.127214 -0.790167
v 0.281212 -0.127214 -0.537258
v 0.320757 -0.127214 -0.482883
v 0.030220 -0.127214 -0.434460
v 0.030220 0.152831 -0.434460
v 0.068756 -0.127214 -0.439605
v 0.069866 -0.127214 -0.444246
v 0.027698 -0.127214 -0.441118
v 0.027698 0.152831 -0.441118
v -0.143901 -0.127214 0.279575
v -0.143901 0.152831 0.303686
v -0.153484 -0.127214 0.278667
v -0.104355 -0.127214 0.292992
v -0.099412 -0.127214 0.298137
v -0.101934 -0.127214 0.295716
v -0.101934 0.152831 0.295716
v 0.021948 0.152831 -0.452922
v 0.024974 0.152831 -0.447272
v -0.093864 -0.127214 0.302071
v 0.791165 -0.127214 0.139451
v 0.793485 -0.127214 0.141166
v 0.830096 -0.127214 0.120183
v 0.796007 -0.127214 0.142881
v 0.830306 -0.127214 0.122503
v 0.798731 -0.127214 0.144697
v 0.800968 -0.127214 0.146009
v 0.801656 -0.127214 0.146412
v 0.789147 -0.127214 0.137736
v 0.787230 -0.127214 0.136021
v 0.779362 -0.127214 0.125126
v 0.786020 -0.127214 0.134740
v -0.112729 -0.127214 0.279676
v 0.830508 -0.127214 0.129666
v 0.253772 -0.127214 -0.527876
v 0.251855 0.152831 -0.519402
v 0.253772 0.152831 -0.527876
v 0.823648 -0.127214 0.158114
v 0.825981 -0.127214 0.159418
v 0.830956 -0.127214 0.129650
v -0.114669 -0.127214 0.275136
v 0.841000 -0.127214 0.128859
v 0.808315 -0.127214 0.150145
v 0.812047 -0.127214 0.152162
v 0.815981 -0.127214 0.154180
v 0.820218 -0.127214 0.156399
v 0.804884 -0.127214 0.148228
v -0.158327 -0.127214 0.276347
v -0.156107 -0.127214 0.277759
v -0.159709 -0.127214 0.275136
v -0.162059 -0.127214 0.271706
v -0.152072 -0.127214 0.278970
v -0.149046 -0.127214 0.279373
v -0.162765 -0.127214 0.270193
v -0.145717 -0.127214 0.279575
v -0.164480 -0.127214 0.264645
v -0.163976 -0.127214 0.266662
v 0.039400 -0.127214 -0.385634
v 0.039904 -0.127214 -0.375949
v 0.071177 -0.127214 -0.388055
v 0.072590 -0.127214 -0.384524
v -0.143901 0.152831 0.279575
v 0.040005 -0.127214 -0.365861
v 0.074204 -0.127214 -0.381094
v 0.075919 -0.127214 -0.377765
v 0.839588 -0.127214 0.168404
v 0.069967 -0.127214 -0.391788
v 0.068958 -0.127214 -0.395722
v 0.068837 -0.127214 -0.396327
v 0.833535 -0.127214 0.164066
v -0.152072 0.152831 0.278970
v 0.038593 -0.127214 -0.394915
v 0.068958 0.152831 -0.395722
v 0.249636 0.152831 -0.511634
v 0.249636 -0.127214 -0.511634
v 0.247215 0.152831 -0.504875
v 0.072590 0.152831 -0.384524
v 0.244854 -0.127214 -0.499629
v 0.244491 0.152831 -0.498822
v 0.833535 0.152831 0.164066
v 0.071177 0.152831 -0.388055
v 0.842513 -0.127214 0.170724
v 0.320757 -0.127214 -0.452821
v 0.320757 0.152831 -0.482883
v 0.320757 0.152831 -0.452821
v 0.231376 -0.127214 -0.482581
v 0.228854 0.152831 -0.480664
v 0.231376 0.152831 -0.482581
v -0.258401 -0.127214 0.276448
v -0.257089 -0.127214 0.277154
v -0.259510 -0.127214 0.275641
v -0.260127 -0.127214 0.275136
v -0.255879 -0.127214 0.277759
v -0.254466 -0.127214 0.278263
v -0.253054 -0.127214 0.278667
v -0.251642 -0.127214 0.278970
v -0.248413 -0.127214 0.279373
v -0.246799 -0.127214 0.279474
v -0.265664 -0.127214 0.263535
v -0.245084 -0.127214 0.279575
v -0.266068 -0.127214 0.261316
v -0.243268 -0.127214 0.279575
v -0.266370 -0.127214 0.258894
v -0.213811 -0.127214 0.150346
v -0.260620 -0.127214 0.274733
v -0.260620 0.152831 0.274733
v -0.259510 0.152831 0.275641
v -0.257089 0.152831 0.277154
v -0.258401 0.152831 0.276448
v -0.254466 0.152831 0.278263
v -0.253054 0.152831 0.278667
v 0.739312 -0.127214 0.122503
v 0.739312 0.152831 0.122503
v 0.739475 -0.127214 0.120183
v -0.248413 0.152831 0.279373
v -0.246799 0.152831 0.279474
v -0.251642 0.152831 0.278970
v -0.255879 0.152831 0.277759
v 0.780270 -0.127214 0.127043
v 0.829701 -0.127214 0.115845
v 0.781278 -0.127214 0.128859
v 0.782489 -0.127214 0.130675
v 0.783901 -0.127214 0.132491
v 0.785515 -0.127214 0.134206
v 0.194656 0.152831 0.303988
v 0.150772 0.152831 0.305300
v 0.780270 0.152831 0.127043
v 0.739110 -0.127214 0.128354
v 0.698960 -0.127214 0.121192
v 0.739211 -0.127214 0.133399
v 0.699767 -0.127214 0.117661
v 0.739715 -0.127214 0.116753
v 0.701381 -0.127214 0.111205
v 0.740321 -0.127214 0.111406
v 0.702995 -0.127214 0.105757
v 0.700574 -0.127214 0.114332
v 0.148250 -0.127214 0.306208
v 0.145628 0.152831 0.306914
v 1.056786 -0.024316 -0.729121
v 1.250476 -0.024316 -0.792991
v 1.128597 -0.024316 -0.832593
v 1.125888 -0.024316 -0.824264
v 1.694145 -0.024316 -0.855138
v 1.502880 -0.024316 -0.792991
v -0.220873 -0.127214 -0.296354
v -0.301174 -0.127214 -0.296354
v -0.220974 -0.127214 -0.293530
v -0.220772 -0.127214 -0.299482
v 0.114859 -0.127214 0.304997
v 2.039970 -0.024316 0.005582
v -0.222991 -0.127214 -0.280920
v -0.249927 -0.127214 -0.271033
v -0.223260 -0.127214 -0.280113
v -0.300468 -0.127214 -0.286266
v -0.272120 -0.127214 -0.271033
v -0.300670 -0.127214 -0.288486
v 1.800925 -0.127013 -0.090463
v -0.646187 -0.127214 -0.017923
v -0.646187 0.152831 -0.017923
v -0.647297 -0.127214 -0.017831
v 2.039970 -0.127013 0.005582
v 1.694145 -0.127013 -0.855138
v 1.502880 -0.127013 -0.792991
v 1.128597 -0.127013 -0.832593
v 1.131299 -0.127013 -0.831715
v 1.191359 -0.127013 -0.812200
v 1.203970 -0.127013 -0.808102
v 1.156708 -0.127013 -0.823459
v 0.223407 0.152831 -0.477738
v 0.223407 -0.127214 -0.477738
v 0.220582 0.152831 -0.476629
v 0.220582 -0.127214 -0.476629
v 1.250476 -0.127013 -0.792991
v 1.126493 -0.127013 -0.826125
v 1.125888 -0.127013 -0.824264
v 1.108242 -0.127013 -0.799969
v 1.103175 -0.127013 -0.792991
v 1.056786 -0.127013 -0.729121
v 1.059813 -0.127013 -0.733288
v 1.063657 -0.127013 -0.721471
v 0.226231 0.152831 -0.479050
v 1.191359 -0.127013 -0.579301
v 1.171691 -0.127013 -0.601198
v 1.203970 -0.127013 -0.565263
v 1.331483 -0.127013 -0.423303
v 1.333400 -0.127013 -0.421169
v -0.009225 -0.127214 0.061672
v -0.013260 -0.127214 0.060058
v -0.009225 0.152831 0.061672
v -0.026879 -0.127214 0.056931
v -0.031822 0.152831 0.056325
v -0.026879 0.152831 0.056931
v 1.827761 -0.127013 -0.942072
v 1.221523 -0.127013 -0.837480
v 1.054363 -0.127013 -0.868147
v 1.058547 -0.127013 -0.878531
v -0.042515 -0.127214 0.055821
v -0.046954 -0.127214 0.055922
v -0.042515 0.152831 0.055821
v 0.995864 -0.127013 -0.796945
v 2.242741 -0.127013 0.095568
v -0.059766 -0.127214 0.057032
v -0.063801 0.152831 0.057637
v -0.059766 0.152831 0.057032
v -0.222083 -0.127214 -0.284249
v -0.222487 -0.127214 -0.282534
v -0.221680 -0.127214 -0.286266
v -0.221377 -0.127214 -0.288486
v -0.221075 -0.127214 -0.290907
v -0.221176 -0.127214 -0.290100
v -0.220993 -0.127214 -0.293025
v 0.868473 -0.127214 0.223485
v 0.868540 -0.127214 0.224494
v -0.005492 0.152831 0.063387
v 0.001469 -0.127214 0.067725
v -0.001860 0.152831 0.065506
v 0.001469 0.152831 0.067725
v -0.228742 -0.127214 -0.272748
v -0.227834 -0.127214 -0.273353
v -0.230557 -0.127214 -0.271941
v -0.227027 -0.127214 -0.274060
v -0.231566 -0.127214 -0.271638
v -0.226220 -0.127214 -0.274867
v -0.232434 -0.127214 -0.271465
v -0.225413 -0.127214 -0.275775
v -0.224706 -0.127214 -0.276884
v -0.224101 -0.127214 -0.278095
v -0.223496 -0.127214 -0.279406
v -0.234593 -0.127214 -0.271134
v -0.017497 0.152831 0.058847
v -0.013260 0.152831 0.060058
v -0.235702 -0.127214 -0.271033
v -0.233584 -0.127214 -0.271235
v -0.037068 -0.127214 0.056023
v -0.037068 0.152831 0.056023
v -0.040397 -0.127214 0.055899
v -0.046954 0.152831 0.055922
v -0.051292 0.152831 0.056124
v -0.071670 0.152831 0.059453
v -0.071670 -0.127214 0.059453
v -0.075403 0.152831 0.060562
v -0.075403 -0.127214 0.060562
v -0.078933 0.152831 0.061773
v -0.051292 -0.127214 0.056124
v -0.055529 -0.127214 0.056527
v -0.639630 -0.127214 -0.015199
v -0.640739 -0.127214 -0.016208
v -0.636805 -0.127214 -0.011467
v -0.638621 -0.127214 -0.014089
v -0.641950 -0.127214 -0.017015
v -0.643261 -0.127214 -0.017519
v -0.644674 -0.127214 -0.017822
v -0.647398 -0.127214 -0.017822
v -0.648608 -0.127214 -0.017620
v -0.245084 0.152831 0.279575
v -0.243268 0.152831 0.279575
v -0.243268 0.152831 0.303686
v -0.233584 0.152831 -0.271235
v -0.340316 -0.127214 0.303686
v -0.213811 0.152831 0.303686
v -0.790992 0.169880 -0.790167
v 0.178313 -0.127214 -0.470878
v 0.176497 0.152831 -0.472997
v 0.178313 0.152831 -0.470878
v -0.790992 -0.127214 -0.790167
v -0.272120 -0.127214 -0.561066
v -0.249927 -0.127214 -0.561066
v -0.378752 -0.127214 -0.561066
v -0.272120 -0.127214 -0.247629
v -0.249927 -0.127214 -0.247629
v -0.249927 0.152831 -0.561066
v -0.143295 0.152831 -0.561066
v -0.286546 -0.127214 -0.271033
v -0.299056 -0.127214 -0.280920
v -0.287555 -0.127214 -0.271134
v -0.297240 -0.127214 -0.276884
v -0.288665 -0.127214 -0.271235
v -0.298551 -0.127214 -0.279406
v -0.298652 -0.127214 -0.279709
v -0.297946 -0.127214 -0.278095
v -0.296534 -0.127214 -0.275775
v -0.295827 -0.127214 -0.274867
v -0.290682 -0.127214 -0.271638
v -0.295121 -0.127214 -0.274060
v -0.291691 -0.127214 -0.271941
v -0.294314 -0.127214 -0.273353
v -0.293507 -0.127214 -0.272748
v -0.378752 0.152831 -0.561066
v -0.272120 0.152831 -0.561066
v 0.842311 0.152831 0.064598
v 0.820824 0.152831 0.091029
v 0.845035 0.152831 0.066212
v 0.825263 0.152831 0.058242
v 0.821126 0.152831 0.057536
v 0.814670 0.152831 0.085379
v 0.816788 0.152831 0.056931
v 0.810937 0.152831 0.083664
v 0.829197 0.152831 0.059251
v 0.812047 0.152831 0.056628
v 0.806902 0.152831 0.082555
v 0.807205 0.152831 0.056527
v 0.802161 0.152831 0.056628
v 0.802363 0.152831 0.082252
v 0.797318 0.152831 0.057032
v 0.800748 0.152831 0.082252
v 0.792577 0.152831 0.057637
v 0.797419 0.152831 0.082655
v 0.788138 0.152831 0.086287
v 0.789551 0.152831 0.085480
v 0.775226 0.152831 0.062681
v 0.771392 0.152831 0.064598
v 0.779362 0.152831 0.061067
v 0.767659 0.152831 0.066716
v 0.785515 0.152831 0.088204
v 0.860672 0.152831 0.085985
v 0.858553 0.152831 0.081041
v 0.861479 0.152831 0.088507
v 0.862084 0.152831 0.091029
v 0.859764 0.152831 0.083462
v 0.857242 0.152831 0.078620
v 0.853913 0.152831 0.074081
v 0.851996 0.152831 0.071962
v 0.862588 0.152831 0.093450
v 0.847557 0.152831 0.067927
v 0.849877 0.152831 0.069843
v 0.859562 0.152831 0.115643
v 0.861075 0.152831 0.112012
v 0.862084 0.152831 0.107876
v 0.862689 0.152831 0.103336
v 0.862891 0.152831 0.098494
v 0.862891 0.152831 0.095972
v 0.855426 0.152831 0.121898
v 0.852601 0.152831 0.124319
v 0.755150 0.152831 0.179199
v 0.757571 0.152831 0.182124
v 0.815981 0.152831 0.154180
v 0.839386 0.152831 0.063084
v 0.828692 0.152831 0.109792
v 0.827381 0.152831 0.104244
v 0.836158 0.152831 0.061672
v 0.832829 0.152831 0.060462
v 0.788037 0.152831 0.058545
v 0.799033 0.152831 0.082454
v 0.783599 0.152831 0.059654
v 0.794191 0.152831 0.083563
v -0.378752 -0.127214 -0.247629
v -0.341224 -0.127214 -0.039410
v 0.786827 0.152831 0.087195
v 0.791064 0.152831 0.084774
v 0.792577 0.152831 0.084169
v 0.825565 0.152831 0.099301
v 0.829701 0.152831 0.115845
v 0.764229 0.152831 0.069036
v 0.783296 0.152831 0.090625
v 0.749804 0.152831 0.084572
v 0.779563 0.152831 0.096476
v 0.752225 0.152831 0.080940
v 0.754948 0.152831 0.077510
v 0.780370 0.152831 0.094862
v 0.781278 0.152831 0.093349
v 0.747584 0.152831 0.088406
v 0.778857 0.152831 0.098191
v 0.745667 0.152831 0.092542
v 0.778252 0.152831 0.099906
v 0.757874 0.152831 0.074383
v 0.760900 0.152831 0.071558
v 0.782186 0.152831 0.091937
v 0.387237 -0.127214 0.061269
v 0.388309 -0.127214 0.061773
v 0.319445 -0.127214 -0.251664
v 0.392382 -0.127214 0.063690
v 0.397326 -0.127214 0.066514
v 0.381891 -0.127214 0.059352
v 0.387237 0.152831 0.061269
v 0.777748 0.152831 0.101823
v 0.381891 0.152831 0.059352
v 0.376342 -0.127214 0.057839
v 0.777344 0.152831 0.103840
v 0.777041 0.152831 0.105959
v 0.376342 0.152831 0.057839
v 0.370491 -0.127214 0.056729
v 0.370491 0.152831 0.056729
v 0.741229 0.152831 0.106261
v 0.776840 0.152831 0.108178
v 0.776840 0.152831 0.112819
v 0.740321 0.152831 0.111406
v 0.313998 -0.127214 -0.249041
v 0.364438 -0.127214 0.056124
v 0.364438 0.152831 0.056124
v 0.358184 -0.127214 0.055821
v 0.358184 0.152831 0.055821
v 0.301388 -0.127214 -0.245510
v 0.345069 -0.127214 0.056729
v 0.345069 0.152831 0.056729
v 0.333064 0.152831 0.059352
v 0.333064 -0.127214 0.059352
v 0.327040 -0.127214 0.061773
v 0.454525 -0.127214 0.061773
v 0.400226 -0.127214 0.068532
v 0.401966 -0.127214 0.069743
v 0.079954 -0.127214 -0.371612
v 0.077836 -0.127214 -0.374638
v 0.039400 -0.127214 -0.346089
v 0.121820 -0.127214 -0.462102
v 0.123333 0.152831 -0.462505
v 0.121820 0.152831 -0.462102
v 0.089941 -0.127214 -0.360414
v 0.084695 -0.127214 -0.326720
v 0.092867 -0.127214 -0.357892
v -0.653652 -0.127214 -0.013585
v -0.654560 -0.127214 -0.012374
v -0.652744 -0.127214 -0.014695
v -0.655266 -0.127214 -0.010861
v -0.656073 -0.127214 -0.009247
v -0.656169 -0.127214 -0.008944
v -0.635897 -0.127214 -0.009953
v -0.656679 -0.127214 -0.007330
v -0.635426 -0.127214 -0.008944
v -0.635191 -0.127214 -0.008440
v 0.102652 -0.127214 -0.350931
v 0.091959 -0.127214 -0.327627
v 0.106284 -0.127214 -0.348711
v -0.634485 -0.127214 -0.006725
v 0.082274 -0.127214 -0.368686
v 0.080834 -0.127214 -0.370502
v 0.087722 -0.127214 -0.327325
v 0.095994 -0.127214 -0.355471
v 0.099222 -0.127214 -0.353150
v 0.099222 0.152831 -0.353150
v 0.084595 -0.127214 -0.365861
v 0.087217 -0.127214 -0.363138
v 0.039400 0.152831 -0.385634
v 0.039274 -0.127214 -0.344676
v 0.076827 -0.127214 -0.323693
v 0.186686 -0.127214 -0.452014
v 0.186283 0.152831 -0.454435
v 0.186686 0.152831 -0.452014
v -0.632185 -0.127214 0.001164
v -0.632265 -0.127214 0.000841
v -0.659302 -0.127214 0.005179
v -0.631761 -0.127214 0.002859
v -0.658898 -0.127214 0.002253
v -0.657889 -0.127214 -0.002992
v -0.658494 -0.127214 -0.000470
v -0.633274 -0.127214 -0.003093
v -0.632669 -0.127214 -0.001177
v 0.217858 -0.127214 -0.475993
v 0.071063 -0.127214 -0.318851
v 0.072287 -0.127214 -0.320263
v -0.631458 -0.127214 0.004977
v 0.183962 -0.127214 -0.461698
v 0.182853 -0.127214 -0.464119
v 0.183962 0.152831 -0.461698
v -0.631761 0.152831 0.002859
v -0.649718 -0.127214 -0.017116
v -0.650827 -0.127214 -0.016511
v -0.651836 -0.127214 -0.015704
v -0.657218 -0.127214 -0.005790
v -0.634384 -0.127214 -0.006422
v -0.657385 -0.127214 -0.005313
v -0.659604 -0.127214 0.008306
v -0.659907 -0.127214 0.011635
v -0.630853 -0.127214 0.009113
v -0.630752 -0.127214 0.011131
v -0.660109 -0.127214 0.015267
v -0.630550 -0.127214 0.013148
v -0.630450 -0.127214 0.015065
v -0.660151 -0.127214 0.016881
v -0.630450 -0.127214 0.018798
v -0.350404 0.152831 -0.520814
v -0.350303 -0.127214 -0.519705
v -0.350202 0.152831 -0.518595
v -0.066525 -0.127214 -0.432644
v -0.067534 -0.127214 -0.428206
v -0.013865 -0.127214 -0.432644
v -0.015076 -0.127214 -0.436680
v -0.053108 -0.127214 -0.456251
v -0.055327 -0.127214 -0.454435
v -0.021330 -0.127214 -0.449794
v -0.057345 -0.127214 -0.452316
v -0.050889 -0.127214 -0.457764
v -0.059161 -0.127214 -0.449794
v -0.020228 -0.127214 -0.447978
v -0.045844 -0.127214 -0.459782
v -0.048366 -0.127214 -0.458974
v -0.043121 -0.127214 -0.460286
v -0.023146 -0.127214 -0.452316
v -0.016488 0.152831 -0.440513
v -0.018001 0.152831 -0.443842
v -0.016488 -0.127214 -0.440513
v -0.684421 -0.127214 -0.030230
v -0.687649 -0.127214 -0.027204
v 0.739514 -0.127214 0.138140
v 0.687594 -0.127214 0.171834
v 0.740018 -0.127214 0.142780
v 0.740458 -0.127214 0.146009
v 0.146435 0.152831 -0.487019
v 0.142097 -0.127214 -0.487524
v 0.142097 0.152831 -0.487524
v -0.690675 -0.127214 -0.023875
v -0.693399 -0.127214 -0.020243
v 0.137658 -0.127214 -0.487826
v -0.696022 -0.127214 -0.016309
v -0.698342 -0.127214 -0.012072
v -0.690675 0.152831 -0.023875
v -0.700461 -0.127214 -0.007532
v -0.702277 -0.127214 -0.002690
v -0.700461 0.152831 -0.007532
v 0.745264 -0.127214 0.162856
v 0.746878 -0.127214 0.166487
v -0.817483 -0.127214 0.059352
v -0.812136 -0.127214 0.061269
v -0.703891 -0.127214 0.002354
v -0.068543 -0.127214 -0.423565
v -0.069350 -0.127214 -0.418420
v -0.011848 -0.127214 -0.423565
v -0.010940 -0.127214 -0.418420
v -0.070056 -0.127214 -0.413074
v -0.010133 -0.127214 -0.413074
v -0.009527 -0.127214 -0.407323
v -0.070661 -0.127214 -0.407323
v -0.071065 -0.127214 -0.401271
v -0.009023 -0.127214 -0.401271
v -0.071374 -0.127214 -0.396327
v -0.008637 -0.127214 -0.396327
v -0.012755 -0.127214 -0.428206
v 0.740623 -0.127214 0.147219
v 0.743751 -0.127214 0.159224
v 0.741531 -0.127214 0.151355
v 0.748694 -0.127214 0.169817
v 0.749892 -0.127214 0.171834
v -0.070661 0.152831 -0.407323
v -0.705303 -0.127214 0.007701
v -0.608558 -0.127214 0.015771
v -0.612485 -0.127214 0.016881
v -0.613199 -0.127214 0.017083
v -0.618445 -0.127214 0.017991
v -0.624094 -0.127214 0.018596
v -0.660411 -0.127214 0.023236
v -0.660512 -0.127214 0.027574
v 0.184870 0.152831 -0.459277
v -0.624094 0.152831 0.018596
v 0.184870 -0.127214 -0.459277
v 0.185677 0.152831 -0.456856
v -0.631055 -0.127214 0.007096
v -0.660209 -0.127214 0.019100
v -0.071973 -0.127214 -0.380994
v -0.072174 -0.127214 -0.373629
v -0.007812 -0.127214 -0.373629
v -0.007913 -0.127214 -0.380994
v -0.008216 -0.127214 -0.388055
v -0.071771 -0.127214 -0.388055
v -0.071468 -0.127214 -0.394814
v -0.008519 -0.127214 -0.394814
v -0.007711 -0.127214 -0.365861
v -0.072174 -0.127214 -0.358194
v -0.007812 -0.127214 -0.358194
v -0.071973 -0.127214 -0.350931
v -0.007913 -0.127214 -0.350931
v -0.008181 -0.127214 -0.344676
v -0.071794 -0.127214 -0.344676
v -0.071065 0.152831 -0.401271
v 0.186989 0.152831 -0.449592
v 0.777243 0.152831 0.117258
v 0.777041 0.152831 0.115139
v 0.739715 0.152831 0.116753
v 0.778050 0.152831 0.121293
v 0.181541 0.152831 -0.466440
v 0.182853 0.152831 -0.464119
v 0.746878 0.152831 0.166487
v 0.748694 0.152831 0.169817
v 0.791165 0.152831 0.139451
v 0.789147 0.152831 0.137736
v 0.830508 0.152831 0.129666
v 0.836057 0.152831 0.129464
v 0.830306 0.152831 0.122503
v 0.745264 0.152831 0.162856
v 0.787230 0.152831 0.136021
v 0.743751 0.152831 0.159224
v 0.798731 0.152831 0.144697
v 0.796007 0.152831 0.142881
v 0.793485 0.152831 0.141166
v 0.172159 0.152831 -0.476830
v 0.174379 0.152831 -0.475014
v 0.172159 -0.127214 -0.476830
v 0.812047 0.152831 0.152162
v 0.752830 0.152831 0.176172
v 0.808315 0.152831 0.150145
v 0.750611 0.152831 0.173045
v 0.804884 0.152831 0.148228
v 0.801656 0.152831 0.146412
v 0.169738 0.152831 -0.478545
v -0.071468 0.152831 -0.394814
v -0.071771 0.152831 -0.388055
v 0.211301 -0.127214 -0.452821
v 0.234403 -0.127214 -0.452821
v 0.211301 0.152831 -0.452821
v 0.739110 0.152831 0.128354
v 0.739211 0.152831 0.133399
v 0.778655 0.152831 0.123210
v 0.781278 0.152831 0.128859
v 0.740018 0.152831 0.142780
v 0.740623 0.152831 0.147219
v 0.782489 0.152831 0.130675
v 0.785515 0.152831 0.134206
v 0.783901 0.152831 0.132491
v 0.741531 0.152831 0.151355
v 0.739514 0.152831 0.138140
v 0.779362 0.152831 0.125126
v 0.742540 0.152831 0.155391
v 0.779866 0.152831 0.199677
v 0.783800 0.152831 0.201897
v 0.842513 0.152831 0.170724
v 0.839588 0.152831 0.168404
v 0.766146 0.152831 0.190194
v 0.769274 0.152831 0.192817
v 0.830306 0.152831 0.161948
v 0.827078 0.152831 0.160031
v 0.763120 0.152831 0.187572
v 0.823648 0.152831 0.158114
v 0.760295 0.152831 0.184848
v 0.820218 0.152831 0.156399
v 0.772603 0.152831 0.195138
v 0.776234 0.152831 0.197458
v 0.805187 0.152831 0.213195
v 0.808012 0.152831 0.214910
v 0.858856 0.152831 0.189791
v 0.860672 0.152831 0.193019
v 0.852702 0.152831 0.180914
v 0.854921 0.152831 0.183637
v 0.852702 -0.127214 0.180914
v 0.866624 0.152831 0.252337
v 0.867532 0.152831 0.246890
v 0.831114 0.152831 0.248907
v 0.868137 0.152831 0.241139
v 0.830912 0.152831 0.246486
v 0.830710 0.152831 0.244267
v 0.868540 0.152831 0.235288
v 0.830306 0.152831 0.242047
v 0.868641 0.152831 0.229235
v 0.829802 0.152831 0.239929
v 0.454525 0.152831 0.085783
v 0.454525 0.152831 0.061773
v 0.815275 0.152831 0.219954
v 0.817394 0.152831 0.221770
v 0.865010 0.152831 0.203511
v 0.819311 0.152831 0.223485
v 0.821126 0.152831 0.225200
v 0.866119 0.152831 0.207344
v 0.824153 0.152831 0.228630
v 0.813056 0.152831 0.218239
v 0.863698 0.152831 0.199879
v 0.822740 0.152831 0.226915
v 0.123232 0.152831 -0.487423
v 0.118692 -0.127214 -0.486818
v 0.118692 0.152831 -0.486818
v 0.857040 0.152831 0.186664
v 0.810635 0.152831 0.216524
v 0.862286 0.152831 0.196348
v 0.868238 0.152831 0.219954
v 0.827583 0.152831 0.234179
v 0.868540 0.152831 0.224494
v 0.164089 0.152831 -0.481572
v 0.164089 -0.127214 -0.481572
v 0.161062 0.152831 -0.482984
v 0.787836 0.152831 0.204015
v 0.845338 0.152831 0.173146
v 0.847961 0.152831 0.175668
v 0.792174 0.152831 0.206134
v 0.850382 0.152831 0.178190
v 0.795704 0.152831 0.207950
v 0.799033 0.152831 0.209765
v 0.802262 0.152831 0.211480
v 0.858856 -0.127214 0.189791
v 0.860672 -0.127214 0.193019
v 0.765238 0.152831 0.226007
v 0.765137 0.152831 0.221367
v 0.763826 0.152831 0.221468
v 0.762313 0.152831 0.221569
v 0.759286 0.152831 0.221972
v 0.757672 0.152831 0.222275
v 0.765440 0.152831 0.230446
v 0.756058 0.152831 0.222678
v 0.754343 0.152831 0.223182
v 0.862286 -0.127214 0.196348
v 0.829096 0.152831 0.238012
v 0.825464 0.152831 0.230446
v 0.867027 0.152831 0.211380
v 0.826574 0.152831 0.232262
v 0.828491 0.152831 0.236095
v 0.850382 -0.127214 0.178190
v 0.867733 0.152831 0.215617
v 0.831214 0.152831 0.251328
v 0.865514 0.152831 0.257583
v 0.831114 0.152831 0.253346
v 0.864102 0.152831 0.262728
v 0.117179 -0.127214 -0.460488
v 0.120004 -0.127214 -0.461618
v 0.117179 0.152831 -0.460488
v 0.822337 0.152831 0.274228
v 0.820824 0.152831 0.275540
v 0.840697 0.152831 0.296321
v 0.115666 -0.127214 -0.459782
v 0.115666 0.152831 -0.459782
v 0.830306 0.152831 0.259298
v 0.862387 0.152831 0.267469
v 0.830710 0.152831 0.257381
v 0.143307 0.152831 -0.457461
v 0.140079 0.152831 -0.459882
v 0.140079 -0.127214 -0.459882
v 0.829802 0.152831 0.261114
v 0.858452 0.152831 0.276145
v 0.860571 0.152831 0.271908
v 0.829096 0.152831 0.263031
v 0.113043 0.152831 -0.458167
v 0.114556 -0.127214 -0.459099
v 0.828491 0.152831 0.264846
v 0.827684 0.152831 0.266561
v 0.856031 0.152831 0.280180
v 0.826877 0.152831 0.268176
v 0.853408 0.152831 0.283913
v 0.862810 -0.127214 0.197660
v 0.825868 0.152831 0.269789
v 0.824859 0.152831 0.271303
v 0.850584 0.152831 0.287444
v 0.844228 0.152831 0.293597
v 0.161062 -0.127214 -0.482984
v 0.157733 -0.127214 -0.484195
v 0.150470 0.152831 -0.486313
v 0.150470 -0.127214 -0.486313
v 0.863698 -0.127214 0.199879
v 0.865010 -0.127214 0.203511
v 0.866119 -0.127214 0.207344
v 0.867027 -0.127214 0.211380
v 0.867733 -0.127214 0.215617
v 0.146435 -0.127214 -0.487019
v 0.766247 0.152831 0.238920
v 0.739917 0.152831 0.235894
v 0.767659 0.152831 0.246789
v 0.752729 0.152831 0.223788
v 0.868238 -0.127214 0.219954
v 0.735983 0.152831 0.252337
v 0.735983 0.152831 0.259500
v 0.768567 0.152831 0.250420
v 0.737294 0.152831 0.242955
v 0.738001 0.152831 0.240332
v 0.749501 0.152831 0.225402
v 0.747988 0.152831 0.226411
v 0.746475 0.152831 0.227621
v 0.738908 0.152831 0.238012
v 0.744961 0.152831 0.228933
v 0.743549 0.152831 0.230446
v 0.742237 0.152831 0.232161
v 0.741027 0.152831 0.233977
v 0.132816 -0.127214 -0.487927
v 0.127973 0.152831 -0.487826
v 0.132816 0.152831 -0.487927
v 0.753233 0.152831 0.295514
v 0.756058 0.152831 0.297633
v 0.777949 0.152831 0.270798
v 0.776335 0.152831 0.268478
v 0.750510 0.152831 0.293295
v 0.774721 0.152831 0.265956
v 0.745869 0.152831 0.288352
v 0.779765 0.152831 0.272816
v 0.736689 0.152831 0.245881
v 0.736286 0.152831 0.249008
v 0.737496 0.152831 0.269991
v 0.738303 0.152831 0.273421
v 0.771997 0.152831 0.260307
v 0.736286 0.152831 0.263131
v 0.736790 0.152831 0.266561
v 0.770686 0.152831 0.257280
v 0.769576 0.152831 0.253951
v 0.124947 -0.127214 -0.462808
v 0.128175 -0.127214 -0.463010
v 0.124947 0.152831 -0.462808
v 0.739312 0.152831 0.276649
v 0.740623 0.152831 0.279878
v 0.773309 0.152831 0.263232
v 0.748089 0.152831 0.290874
v 0.862387 -0.127214 0.267469
v 0.864102 -0.127214 0.262728
v 0.866624 -0.127214 0.252337
v 0.865514 -0.127214 0.257583
v 0.132513 -0.127214 -0.462606
v 0.132513 0.152831 -0.462606
v 0.128175 0.152831 -0.463010
v 0.867532 -0.127214 0.246890
v 0.717118 0.152831 0.086489
v 0.726803 0.152831 0.061773
v 0.715908 0.152831 0.086892
v 0.136447 0.152831 -0.461597
v 0.858957 -0.127214 0.275136
v 0.860571 -0.127214 0.271908
v 0.711469 0.152831 0.089314
v 0.654168 0.152831 0.061773
v 0.710561 0.152831 0.090121
v 0.721153 0.152831 0.085884
v 0.719741 0.152831 0.085985
v 0.709653 0.152831 0.091129
v 0.712478 0.152831 0.088507
v 0.713587 0.152831 0.087901
v 0.714697 0.152831 0.087397
v 0.718430 0.152831 0.086186
v 0.682718 0.152831 0.094357
v 0.708745 0.152831 0.092340
v 0.722667 0.152831 0.085783
v 0.726803 0.152831 0.085783
v 0.868137 -0.127214 0.241139
v 0.706122 0.152831 0.096980
v 0.706929 0.152831 0.095266
v 0.707837 0.152831 0.093651
v 0.670309 0.152831 0.089616
v 0.868540 -0.127214 0.235288
v 0.868641 -0.127214 0.229235
v 0.677270 0.152831 0.104244
v 0.677472 0.152831 0.107876
v 0.702188 0.152831 0.108380
v 0.703701 0.152831 0.103336
v 0.702995 0.152831 0.105757
v 0.676867 0.152831 0.101016
v 0.704508 0.152831 0.101016
v 0.705315 0.152831 0.098897
v -0.707321 -0.127214 0.019100
v -0.706976 -0.127214 0.016881
v -0.806991 -0.127214 0.063690
v -0.802048 -0.127214 0.066514
v -0.708531 -0.127214 0.031610
v -0.708027 -0.127214 0.025254
v 0.659616 0.152831 0.085985
v 0.656186 0.152831 0.085783
v 0.668090 0.152831 0.088204
v -0.708531 0.152831 0.031610
v -0.708834 -0.127214 0.038268
v 0.662743 0.152831 0.086388
v 0.665568 0.152831 0.087195
v 0.654168 0.152831 0.085783
v 0.672226 0.152831 0.091331
v 0.673840 0.152831 0.093248
v -0.660512 -0.127214 0.061773
v -0.660411 0.152831 0.023236
v 0.677270 0.152831 0.112415
v 0.700574 0.152831 0.114332
v 0.677371 0.152831 0.110801
v 0.677472 0.152831 0.109288
v 0.677068 0.152831 0.114231
v 0.699767 0.152831 0.117661
v 0.676867 0.152831 0.116249
v 0.676564 0.152831 0.118266
v 0.698960 0.152831 0.121192
v 0.675152 0.152831 0.095467
v 0.676160 0.152831 0.098090
v 0.701381 0.152831 0.111205
v 0.675959 0.152831 0.122604
v 0.676261 0.152831 0.120486
v 0.675252 0.152831 0.126740
v 0.675555 0.152831 0.124622
v 0.674445 0.152831 0.130675
v 0.674849 0.152831 0.128657
v 0.643979 0.152831 0.202905
v 0.642769 0.152831 0.197660
v 0.589100 0.152831 0.154079
v 0.591118 0.152831 0.064295
v 0.611697 0.152831 0.064295
v 0.530085 0.152831 0.088507
v 0.528269 0.152831 0.089717
v 0.532002 0.152831 0.087498
v 0.098718 -0.127214 0.070247
v 0.010144 -0.127214 0.076300
v 0.095288 -0.127214 0.073879
v 0.100647 -0.127214 0.068532
v 0.152084 -0.127214 -0.039108
v 0.102350 -0.127214 0.067019
v 0.542695 0.152831 0.085783
v 0.547033 0.152831 0.061773
v 0.539669 0.152831 0.085884
v 0.534322 0.152831 0.086792
v 0.098718 0.152831 0.070247
v 0.102350 0.152831 0.067019
v 0.547033 0.152831 0.085783
v 0.536844 0.152831 0.086186
v 0.114556 -0.127214 0.059957
v 0.152084 -0.127214 -0.015300
v 0.110218 -0.127214 0.061975
v 0.660524 0.152831 0.196651
v 0.110218 0.152831 0.061975
v 0.114556 0.152831 0.059957
v 0.106183 -0.127214 0.064295
v 0.106183 0.152831 0.064295
v 0.401966 0.152831 0.069743
v 0.397326 0.152831 0.066514
v 0.657397 0.152831 0.211682
v 0.657800 0.152831 0.209463
v 0.658204 0.152831 0.207042
v 0.392382 0.152831 0.063690
v 0.659313 0.152831 0.202098
v 0.658708 0.152831 0.204620
v 0.659919 0.152831 0.199476
v 0.655883 0.152831 0.219854
v 0.656186 0.152831 0.217937
v 0.656590 0.152831 0.215919
v 0.228653 -0.127214 -0.039108
v 0.322270 -0.127214 0.063690
v 0.322270 0.152831 0.063690
v -0.022037 0.152831 0.057738
v 0.645089 0.152831 0.207950
v 0.321160 -0.127214 0.064376
v -0.001860 -0.127214 0.065506
v -0.005492 -0.127214 0.063387
v -0.811064 -0.127214 0.061773
v -0.706413 -0.127214 0.013249
v -0.707321 0.152831 0.019100
v -0.708027 0.152831 0.025254
v -0.091443 0.152831 0.068532
v -0.088618 0.152831 0.066615
v -0.091443 -0.127214 0.068532
v -0.088618 -0.127214 0.066615
v -0.055529 0.152831 0.056527
v -0.067836 0.152831 0.058444
v -0.067836 -0.127214 0.058444
v -0.078933 -0.127214 0.061773
v -0.082363 0.152831 0.063286
v -0.022037 -0.127214 0.057738
v -0.027888 -0.127214 -0.243997
v 0.110017 -0.127214 -0.244199
v 0.004596 -0.127214 0.070348
v 0.007522 -0.127214 0.073072
v 0.105376 -0.127214 -0.245006
v 0.101038 -0.127214 -0.246015
v -0.031822 -0.127214 0.056325
v 0.002431 -0.127214 0.068532
v 0.154808 0.152831 -0.430223
v 0.153799 0.152831 -0.436175
v -0.017497 -0.127214 0.058847
v -0.005694 -0.127214 -0.250756
v -0.016286 -0.127214 -0.246519
v -0.159436 -0.127214 -0.537359
v -0.156612 -0.127214 -0.537641
v -0.159436 0.152831 -0.537359
v 0.160861 -0.127214 -0.417008
v 0.160861 0.152831 -0.417008
v 0.155514 -0.127214 -0.416806
v -0.040397 -0.127214 -0.243203
v -0.040599 -0.127214 -0.243190
v -0.063801 -0.127214 0.057637
v -0.085592 -0.127214 0.064799
v -0.082363 -0.127214 0.063286
v -0.458649 -0.127214 0.088607
v -0.461171 0.152831 0.085985
v -0.458649 0.152831 0.088607
v -0.470351 -0.127214 0.072366
v -0.471562 0.152831 0.069642
v -0.470351 0.152831 0.072366
v 0.186888 -0.127214 -0.442430
v 0.187090 0.152831 -0.447171
v 0.186888 0.152831 -0.442430
v 0.655076 0.152831 0.223687
v 0.654471 0.152831 0.227117
v 0.653260 0.152831 0.235793
v 0.653462 0.152831 0.234078
v 0.653765 0.152831 0.232363
v 0.654269 0.152831 0.228832
v 0.653967 0.152831 0.230648
v 0.647611 0.152831 0.221367
v 0.646905 0.152831 0.217130
v 0.648721 0.152831 0.229034
v 0.648216 0.152831 0.225301
v 0.649225 0.152831 0.232564
v 0.649730 0.152831 0.235894
v -0.085592 0.152831 0.064799
v 0.650940 0.152831 0.244771
v 0.651848 0.152831 0.244771
v 0.652756 0.152831 0.239323
v 0.652958 0.152831 0.237608
v 0.650537 0.152831 0.242047
v 0.646098 0.152831 0.212691
v -0.160445 0.152831 -0.537157
v 0.540173 0.152831 0.194028
v 0.477122 0.152831 0.109490
v 0.540677 0.152831 0.196752
v 0.558735 0.152831 0.192817
v 0.541081 0.152831 0.199576
v 0.541585 0.152831 0.202502
v 0.553994 0.152831 0.213195
v 0.553086 0.152831 0.217533
v 0.552279 0.152831 0.221770
v 0.556112 0.152831 0.203511
v 0.557323 0.152831 0.198265
v 0.555002 0.152831 0.208454
v 0.541989 0.152831 0.205428
v 0.542796 0.152831 0.211077
v 0.544511 0.152831 0.221871
v 0.544107 0.152831 0.219248
v 0.543603 0.152831 0.216524
v 0.539669 0.152831 0.191203
v 0.650133 0.152831 0.239021
v 0.551472 0.152831 0.225704
v 0.550765 0.152831 0.229639
v 0.550059 0.152831 0.233472
v 0.548950 0.152831 0.241139
v 0.549454 0.152831 0.237306
v 0.545217 0.152831 0.226915
v 0.545621 0.152831 0.229437
v 0.545923 0.152831 0.231757
v 0.546226 0.152831 0.234279
v 0.544914 0.152831 0.224393
v 0.548445 0.152831 0.244771
v 0.546831 0.152831 0.238819
v 0.547134 0.152831 0.240938
v 0.547537 0.152831 0.244771
v 0.547336 0.152831 0.242955
v 0.546629 0.152831 0.236600
v 0.847557 0.152831 0.290672
v 0.823648 0.152831 0.272816
v 0.165703 0.152831 -0.417613
v 0.813863 0.152831 0.279575
v 0.811744 0.152831 0.280281
v 0.819916 0.152831 0.305905
v 0.809626 0.152831 0.280886
v 0.824556 0.152831 0.304594
v 0.828894 0.152831 0.302979
v 0.815780 0.152831 0.278768
v 0.833030 0.152831 0.301063
v 0.836965 0.152831 0.298843
v 0.819210 0.152831 0.276750
v 0.817596 0.152831 0.277860
v 0.807306 0.152831 0.281290
v 0.815174 0.152831 0.306914
v 0.804884 0.152831 0.281593
v 0.810231 0.152831 0.307620
v 0.802363 0.152831 0.281794
v 0.805086 0.152831 0.308124
v 0.799639 0.152831 0.281895
v 0.797117 0.152831 0.281794
v 0.799639 0.152831 0.308225
v 0.794595 0.152831 0.281492
v 0.794090 0.152831 0.308124
v 0.792274 0.152831 0.280886
v 0.778958 0.152831 0.306309
v 0.783700 0.152831 0.307216
v 0.789954 0.152831 0.280180
v 0.783498 0.152831 0.276448
v 0.766247 0.152831 0.302677
v 0.770181 0.152831 0.303988
v 0.119600 -0.127214 -0.405608
v 0.117280 0.152831 -0.407323
v 0.119600 0.152831 -0.405608
v -0.408209 -0.127214 0.123613
v -0.408209 0.152831 0.123613
v -0.403669 -0.127214 0.126841
v 0.785515 0.152831 0.277961
v 0.774418 0.152831 0.305300
v 0.787634 0.152831 0.279171
v 0.762615 0.152831 0.301264
v 0.759185 0.152831 0.299549
v -0.351615 -0.127214 -0.526363
v -0.351615 0.152831 -0.526363
v -0.352220 0.152831 -0.527977
v -0.351559 -0.127214 -0.526126
v -0.489317 -0.127214 0.142780
v -0.485584 0.152831 0.146311
v -0.489317 0.152831 0.142780
v -0.433328 -0.127214 0.107976
v -0.441331 -0.127214 0.102641
v -0.433328 0.152831 0.107976
v -0.417994 -0.127214 0.117258
v -0.428486 0.152831 0.111003
v -0.417994 0.152831 0.117258
v -0.442105 0.152831 0.102125
v -0.442105 -0.127214 0.102125
v -0.445938 0.152831 0.099301
v -0.356255 0.152831 -0.534534
v -0.356255 -0.127214 -0.534534
v -0.355549 0.152831 -0.533727
v -0.355549 -0.127214 -0.533727
v -0.354742 -0.127214 -0.532920
v -0.468939 0.152831 0.075089
v -0.455825 0.152831 0.091331
v -0.465509 0.152831 0.080537
v -0.463492 0.152831 0.083261
v -0.465509 -0.127214 0.080537
v -0.467325 0.152831 0.077914
v -0.412950 0.152831 0.120385
v -0.413276 -0.127214 0.120183
v -0.403669 0.152831 0.126841
v -0.300064 -0.127214 -0.524043
v -0.299795 -0.127214 -0.525253
v -0.300064 0.152831 -0.524043
v -0.299056 0.152831 -0.527473
v -0.299661 0.152831 -0.525858
v -0.299661 -0.127214 -0.525858
v -0.350202 -0.127214 -0.518595
v -0.350001 -0.127214 -0.516174
v -0.501423 -0.127214 0.128052
v -0.498800 -0.127214 0.131784
v -0.501423 0.152831 0.128052
v -0.495874 0.152831 0.135517
v -0.498800 0.152831 0.131784
v -0.362812 -0.127214 -0.537359
v -0.360795 0.152831 -0.536955
v -0.362812 0.152831 -0.537359
v -0.492747 0.152831 0.139149
v -0.492747 -0.127214 0.139149
v -0.357970 -0.127214 -0.535846
v -0.357163 -0.127214 -0.535240
v -0.357970 0.152831 -0.535846
v -0.365839 0.152831 -0.537662
v -0.363216 -0.127214 -0.537399
v -0.351211 0.152831 -0.524648
v -0.351401 -0.127214 -0.525455
v -0.351211 -0.127214 -0.524648
v -0.350808 -0.127214 -0.522832
v -0.362611 -0.127214 0.216827
v -0.362510 0.152831 0.209665
v -0.362611 0.152831 0.216827
v 0.164492 -0.127214 -0.014392
v 0.166006 0.152831 -0.013989
v 0.164492 0.152831 -0.014392
v -0.358878 0.152831 -0.536249
v -0.358878 -0.127214 -0.536249
v -0.353330 0.152831 -0.530701
v -0.353330 -0.127214 -0.530701
v -0.352724 0.152831 -0.529389
v -0.357163 0.152831 -0.535240
v -0.354742 0.152831 -0.532920
v -0.354473 -0.127214 -0.532497
v -0.364023 -0.127214 0.230547
v -0.363216 0.152831 0.223788
v -0.364023 0.152831 0.230547
v -0.362944 -0.127214 0.220665
v -0.362812 0.152831 0.198971
v -0.362812 -0.127214 0.198971
v -0.363317 0.152831 0.193826
v -0.367150 -0.127214 0.175062
v -0.367150 0.152831 0.175062
v -0.365940 0.152831 0.179400
v -0.362611 -0.127214 0.204217
v -0.362611 0.152831 0.204217
v 0.155514 0.152831 -0.416806
v -0.378752 0.152831 -0.537662
v 0.172462 -0.127214 -0.372116
v 0.169940 -0.127214 -0.374537
v 0.172462 0.152831 -0.372116
v -0.365234 0.152831 0.237104
v -0.370782 -0.127214 0.255565
v -0.368663 0.152831 0.249714
v -0.370782 0.152831 0.255565
v -0.300972 0.152831 -0.517485
v -0.301073 0.152831 -0.514862
v -0.300972 -0.127214 -0.517485
v -0.300670 -0.127214 -0.519806
v -0.300670 0.152831 -0.519806
v -0.300468 0.152831 -0.522025
v -0.300216 -0.127214 -0.523286
v -0.350001 0.152831 -0.516174
v -0.349900 0.152831 -0.513551
v 0.186283 -0.127214 -0.437991
v 0.186283 0.152831 -0.437991
v 0.177002 -0.127214 -0.422052
v 0.177002 0.152831 -0.422052
v 0.173773 0.152831 -0.420135
v 0.179725 0.152831 -0.424372
v -0.352220 -0.127214 -0.527977
v -0.352724 -0.127214 -0.529389
v 0.766247 -0.127214 0.238920
v 0.767659 -0.127214 0.246789
v 0.805187 -0.127214 0.213195
v 0.802262 -0.127214 0.211480
v 0.799033 -0.127214 0.209765
v 0.808012 -0.127214 0.214910
v 0.795704 -0.127214 0.207950
v 0.765440 -0.127214 0.230446
v 0.765238 -0.127214 0.226007
v 0.792917 -0.127214 0.206516
v 0.765184 -0.127214 0.223485
v 0.787836 -0.127214 0.204015
v 0.765137 -0.127214 0.221367
v 0.792174 -0.127214 0.206134
v 0.768290 -0.127214 0.249311
v 0.813056 -0.127214 0.218239
v 0.786020 -0.127214 0.203062
v 0.150772 -0.127214 -0.446364
v 0.150772 0.152831 -0.446364
v -0.360795 -0.127214 -0.536955
v -0.359887 0.152831 -0.536653
v 0.148654 0.152831 -0.450601
v -0.378752 -0.127214 -0.537662
v -0.365839 -0.127214 -0.537662
v 0.752830 -0.127214 0.176172
v 0.750611 -0.127214 0.173045
v 0.742540 -0.127214 0.155391
v 0.763120 -0.127214 0.187572
v 0.760295 -0.127214 0.184848
v 0.754343 -0.127214 0.223182
v 0.755150 -0.127214 0.179199
v 0.757571 -0.127214 0.182124
v 0.752729 -0.127214 0.223788
v 0.756058 -0.127214 0.222678
v 0.757672 -0.127214 0.222275
v 0.766146 -0.127214 0.190194
v -0.167507 -0.127214 -0.532517
v -0.166700 0.152831 -0.533525
v -0.167507 0.152831 -0.532517
v 0.742137 0.152831 0.282904
v 0.743852 0.152831 0.285729
v 0.281212 0.152831 -0.537258
v 0.255487 0.152831 -0.537258
v 0.281212 0.152831 -0.482883
v 0.281212 0.152831 -0.452821
v 0.233798 0.152831 -0.484699
v 0.236017 0.152831 -0.486818
v 0.234403 0.152831 -0.452821
v 0.241464 0.152831 -0.493677
v -0.199284 -0.127214 0.059453
v -0.202815 0.152831 0.058141
v -0.199284 0.152831 0.059453
v 0.239850 0.152831 -0.491256
v 0.238035 0.152831 -0.488936
v 0.234403 0.152831 -0.312092
v 0.281212 0.152831 -0.316833
v 0.217556 0.152831 -0.475922
v 0.211301 0.152831 -0.475317
v 0.214529 0.152831 -0.475418
v 0.167014 0.152831 -0.480159
v 0.146132 0.152831 -0.454435
v -0.171643 -0.127214 -0.517485
v -0.171643 0.152831 -0.517485
v -0.171744 0.152831 -0.514862
v 0.180028 0.152831 -0.468659
v 0.157733 0.152831 -0.484195
v 0.154202 0.152831 -0.485304
v 0.137658 0.152831 -0.487826
v 0.114254 0.152831 -0.486010
v 0.120206 0.152831 -0.461698
v 0.109916 0.152831 -0.484901
v 0.155312 0.152831 -0.423767
v 0.155359 -0.127214 -0.422153
v 0.186383 0.152831 -0.351940
v 0.186383 -0.127214 -0.351940
v 0.184870 0.152831 -0.355168
v -0.195955 0.152831 0.061067
v 0.187796 0.152831 -0.348510
v 0.174883 0.152831 -0.369594
v 0.174883 -0.127214 -0.369594
v 0.179322 0.152831 -0.364247
v 0.179322 -0.127214 -0.364247
v 0.177102 0.152831 -0.366971
v 0.184870 -0.127214 -0.355168
v 0.183155 0.152831 -0.358396
v 0.177102 -0.127214 -0.366971
v 0.145527 0.152831 -0.390880
v 0.148856 0.152831 -0.389165
v 0.145527 -0.127214 -0.390880
v 0.141391 0.152831 -0.392897
v 0.137557 -0.127214 -0.394915
v 0.134881 -0.127214 -0.396327
v 0.137557 0.152831 -0.394915
v 0.158439 0.152831 -0.383415
v 0.158439 -0.127214 -0.383415
v 0.155312 0.152831 -0.385432
v -0.160445 -0.127214 -0.537157
v 0.244491 -0.127214 -0.498822
v -0.240948 -0.127214 0.059453
v -0.242966 0.152831 0.060462
v -0.240948 0.152831 0.059453
v 0.281212 -0.127214 -0.452821
v 0.239850 -0.127214 -0.491256
v 0.236017 -0.127214 -0.486818
v 0.228854 -0.127214 -0.480664
v -0.249019 -0.127214 0.064497
v -0.250902 -0.127214 0.066182
v -0.249019 0.152831 0.064497
v 0.241464 -0.127214 -0.493677
v 0.238035 -0.127214 -0.488936
v 0.226231 -0.127214 -0.479050
v 0.251855 -0.127214 -0.519402
v 0.255487 -0.127214 -0.537258
v -0.162362 -0.127214 -0.536653
v -0.161353 0.152831 -0.536955
v -0.162362 0.152831 -0.536653
v -0.202815 -0.127214 0.058141
v -0.206447 0.152831 0.057132
v 0.247215 -0.127214 -0.504875
v 0.281212 -0.127214 -0.482883
v -0.236610 0.152831 0.057839
v -0.238830 -0.127214 0.058545
v -0.238830 0.152831 0.058545
v -0.165893 0.152831 -0.534433
v -0.165893 -0.127214 -0.534433
v -0.165086 0.152831 -0.535140
v 0.323481 -0.127214 -0.282332
v 0.233798 -0.127214 -0.484699
v -0.171441 0.152831 -0.519806
v -0.192828 -0.127214 0.062883
v -0.195350 -0.127214 0.061418
v -0.192828 0.152831 0.062883
v -0.236610 -0.127214 0.057839
v 0.217556 -0.127214 -0.475922
v 0.214529 -0.127214 -0.475418
v -0.218149 -0.127214 0.055821
v -0.221176 -0.127214 0.055947
v -0.218149 0.152831 0.055821
v -0.163270 0.152831 -0.536249
v -0.267682 -0.127214 0.066817
v -0.267581 -0.127214 0.063690
v -0.267682 0.152831 0.066817
v -0.247001 0.152831 0.062984
v -0.341224 0.152831 -0.039410
v -0.267480 0.152831 -0.039410
v -0.267480 -0.127214 -0.039410
v -0.267480 0.152831 0.060462
v 0.173773 -0.127214 -0.009449
v 0.174194 -0.127214 -0.008944
v 0.173773 0.152831 -0.009449
v -0.189902 -0.127214 0.065001
v -0.187078 -0.127214 0.067422
v -0.052503 -0.127214 -0.243997
v 0.170243 -0.127214 -0.012173
v 0.171453 0.152831 -0.011366
v 0.170243 0.152831 -0.012173
v -0.184354 -0.127214 0.070146
v -0.181933 -0.127214 0.073273
v -0.046651 -0.127214 -0.243392
v -0.092048 -0.127214 0.069003
v -0.187078 0.152831 0.067422
v -0.189902 0.152831 0.065001
v -0.185968 -0.127214 0.068532
v -0.191112 -0.127214 0.064126
v 0.176598 -0.127214 -0.005414
v 0.176598 0.152831 -0.005414
v 0.175791 0.152831 -0.006927
v -0.170836 0.152831 -0.524043
v -0.170522 -0.127214 -0.525455
v -0.170432 0.152831 -0.525858
v -0.169928 0.152831 -0.527473
v -0.170432 -0.127214 -0.525858
v -0.184354 0.152831 0.070146
v 0.174782 -0.127214 -0.008238
v 0.174782 0.152831 -0.008238
v -0.214114 0.152831 0.056023
v -0.214114 -0.127214 0.056023
v 0.168931 -0.127214 -0.012879
v -0.171441 -0.127214 -0.519806
v -0.171139 0.152831 -0.522025
v -0.171139 -0.127214 -0.522025
v 0.172664 -0.127214 -0.010458
v 0.172664 0.152831 -0.010458
v -0.225312 0.152831 0.056124
v -0.229952 -0.127214 0.056527
v -0.229952 0.152831 0.056527
v -0.245084 0.152831 0.061773
v -0.245084 -0.127214 0.061773
v -0.232272 -0.127214 0.056830
v 0.178817 0.152831 -0.000067
v 0.179423 -0.127214 0.002152
v 0.179423 0.152831 0.002152
v 0.179826 -0.127214 0.004473
v 0.179826 0.152831 0.004473
v 0.180230 0.152831 0.007096
v -0.234492 0.152831 0.057233
v -0.232272 0.152831 0.056830
v 0.177405 0.152831 -0.003800
v 0.177405 -0.127214 -0.003800
v 0.178212 0.152831 -0.001984
v -0.210180 0.152831 0.056426
v -0.210180 -0.127214 0.056426
v -0.195955 -0.127214 0.061067
v 0.181138 -0.127214 0.053602
v 0.181239 -0.127214 0.055014
v 0.181138 0.152831 0.053602
v 0.181339 -0.127214 0.056628
v 0.181339 0.152831 0.056628
v 0.181239 0.152831 0.055014
v 0.180734 -0.127214 0.049264
v 0.180921 -0.127214 0.050575
v 0.180734 0.152831 0.049264
v -0.222991 0.152831 0.056023
v 0.180532 0.152831 0.046641
v -0.222991 -0.127214 0.056023
v -0.225312 -0.127214 0.056124
v 0.180532 -0.127214 0.045329
v 0.180532 0.152831 0.045329
v 0.164492 -0.127214 0.068532
v 0.162676 0.152831 0.066918
v 0.164492 0.152831 0.068532
v -0.250935 0.152831 0.066212
v -0.252751 0.152831 0.068129
v -0.252751 -0.127214 0.068129
v -0.250935 -0.127214 0.066212
v 0.128377 0.152831 0.056729
v 0.133421 0.152831 0.056527
v 0.128377 -0.127214 0.056729
v 0.123535 0.152831 0.057435
v -0.425157 0.152831 0.188177
v -0.427981 0.152831 0.185756
v -0.425157 -0.127214 0.188177
v -0.422534 0.152831 0.190598
v -0.206447 -0.127214 0.057132
v 0.156523 -0.127214 0.062580
v 0.156523 0.152831 0.062580
v 0.158641 0.152831 0.063891
v 0.147141 -0.127214 0.058545
v 0.144518 0.152831 0.057839
v 0.147141 0.152831 0.058545
v -0.434236 -0.127214 0.181115
v -0.434236 0.152831 0.181115
v -0.437666 -0.127214 0.178694
v -0.431008 0.152831 0.183334
v -0.247001 -0.127214 0.062984
v 0.154303 0.152831 0.061470
v 0.136347 -0.127214 0.056628
v 0.136347 0.152831 0.056628
v 0.139171 0.152831 0.056830
v -0.409117 -0.127214 0.209059
v -0.407906 -0.127214 0.211985
v -0.409117 0.152831 0.209059
v -0.063600 -0.127214 -0.246519
v -0.068845 -0.127214 -0.248436
v 0.152084 0.152831 -0.039108
v 0.228653 0.152831 -0.039108
v -0.058152 -0.127214 -0.245107
v -0.441298 0.152831 0.176273
v -0.445131 0.152831 0.173751
v -0.441298 -0.127214 0.176273
v 0.312485 -0.127214 0.069743
v 0.314442 -0.127214 0.068532
v 0.295335 -0.127214 -0.244492
v 0.294831 -0.127214 -0.244401
v 0.312384 -0.127214 -0.248436
v 0.312485 0.152831 0.069743
v 0.168931 0.152831 -0.012879
v 0.167519 0.152831 -0.013484
v -0.405384 -0.127214 0.221669
v -0.405117 -0.127214 0.223485
v -0.405384 0.152831 0.221669
v -0.267480 -0.127214 0.060462
v -0.410428 0.152831 0.206235
v 0.152487 0.152831 -0.441522
v 0.178817 -0.127214 -0.000067
v -0.404476 -0.127214 0.232464
v -0.404577 0.152831 0.235894
v -0.404476 0.152831 0.232464
v 0.183761 0.152831 -0.430425
v 0.185274 0.152831 -0.434057
v 0.159751 0.152831 -0.015098
v 0.159751 -0.127214 -0.015098
v 0.161365 0.152831 -0.014896
v 0.170041 0.152831 -0.418723
v 0.161365 -0.127214 -0.014896
v 0.162878 0.152831 -0.014695
v 0.181945 0.152831 -0.427197
v 0.156321 -0.127214 -0.015300
v 0.156321 0.152831 -0.015300
v 0.152084 0.152831 -0.015300
v 0.069967 0.152831 -0.391788
v 0.110218 0.152831 -0.414082
v 0.124644 0.152831 -0.402279
v 0.122021 0.152831 -0.403893
v 0.092867 0.152831 -0.357892
v 0.095994 0.152831 -0.355471
v 0.084595 0.152831 -0.365861
v 0.087217 0.152831 -0.363138
v 0.089941 0.152831 -0.360414
v 0.108806 0.152831 -0.415797
v 0.180936 0.152831 0.050676
v 0.180936 -0.127214 0.050676
v 0.181037 0.152831 0.052089
v 0.121618 0.152831 -0.340742
v 0.124947 0.152831 -0.338926
v 0.152185 0.152831 -0.387349
v 0.128074 0.152831 -0.337211
v 0.118188 0.152831 -0.342457
v 0.114052 0.152831 -0.344474
v 0.110117 0.152831 -0.346593
v 0.130899 0.152831 -0.335597
v 0.180431 0.152831 0.044119
v 0.127469 0.152831 -0.400564
v 0.102652 0.152831 -0.350931
v 0.130596 0.152831 -0.398748
v 0.133925 0.152831 -0.396832
v 0.106284 0.152831 -0.348711
v 0.181339 0.152831 -0.361423
v 0.142803 0.152831 -0.327325
v 0.151983 0.152831 0.060361
v 0.321766 0.152831 -0.281828
v 0.320152 0.152831 -0.281323
v 0.323481 0.152831 -0.253883
v 0.323481 0.152831 -0.282332
v 0.281413 0.152831 -0.310478
v 0.235210 0.152831 -0.294438
v 0.235815 0.152831 -0.289192
v 0.282422 0.152831 -0.299582
v 0.144518 -0.127214 0.057839
v 0.141895 0.152831 0.057233
v 0.281817 0.152831 -0.304727
v 0.234705 0.152831 -0.299986
v 0.234504 0.152831 -0.305837
v 0.318437 0.152831 -0.280920
v 0.133421 -0.127214 0.056527
v 0.299269 0.152831 -0.245107
v 0.301388 0.152831 -0.245510
v 0.298059 0.152831 -0.278498
v 0.118995 -0.127214 0.058444
v 0.118995 0.152831 0.058444
v 0.316621 0.152831 -0.280415
v 0.314906 0.152831 -0.280012
v 0.123535 -0.127214 0.057435
v 0.322573 0.152831 -0.253379
v 0.312989 0.152831 -0.279507
v 0.311173 0.152831 -0.279104
v 0.309357 0.152831 -0.278801
v 0.319445 0.152831 -0.251664
v 0.301489 0.152831 -0.278297
v 0.303405 0.152831 -0.246015
v 0.297050 0.152831 -0.244804
v 0.283330 0.152831 -0.295043
v 0.237530 0.152831 -0.279810
v 0.238640 0.152831 -0.275573
v 0.284541 0.152831 -0.291109
v 0.236521 0.152831 -0.284350
v 0.248627 0.152831 -0.255699
v 0.250746 0.152831 -0.253379
v 0.287668 0.152831 -0.284854
v 0.246609 0.152831 -0.258322
v 0.244693 0.152831 -0.261248
v 0.294931 0.152831 -0.279305
v 0.294831 0.152831 -0.244401
v 0.309055 0.152831 -0.247427
v 0.310770 0.152831 -0.247932
v 0.305524 0.152831 -0.278398
v 0.312384 0.152831 -0.248436
v 0.321665 0.152831 -0.252774
v 0.305322 0.152831 -0.246418
v 0.307239 0.152831 -0.246923
v 0.303506 0.152831 -0.278297
v 0.313998 0.152831 -0.249041
v 0.316823 0.152831 -0.250454
v 0.320555 0.152831 -0.252269
v 0.276268 0.152831 -0.243291
v 0.279698 0.152831 -0.243190
v 0.292107 0.152831 -0.280617
v 0.282422 0.152831 -0.243190
v 0.285045 0.152831 -0.243291
v 0.290089 0.152831 -0.243695
v 0.292510 0.152831 -0.243997
v 0.289686 0.152831 -0.282534
v -0.350808 0.152831 -0.522832
v -0.350404 -0.127214 -0.520814
v 0.239850 0.152831 -0.271538
v 0.241364 0.152831 -0.267805
v 0.285953 0.152831 -0.287780
v 0.242877 0.152831 -0.264375
v 0.266685 0.152831 -0.244804
v 0.269711 0.152831 -0.244098
v 0.263658 0.152831 -0.245813
v 0.272939 0.152831 -0.243594
v 0.255487 0.152831 -0.249647
v 0.258110 0.152831 -0.248133
v 0.260834 0.152831 -0.246923
v 0.253066 0.152831 -0.251361
v -0.272120 -0.127214 -0.537662
v -0.300468 -0.127214 -0.522025
v -0.285739 -0.127214 -0.537634
v -0.299056 -0.127214 -0.527473
v -0.301073 -0.127214 -0.514862
v -0.301174 -0.127214 -0.512139
v -0.220873 -0.127214 -0.512139
v -0.298652 -0.127214 -0.528683
v -0.287555 -0.127214 -0.537460
v 0.144720 0.152831 -0.325610
v 0.169940 0.152831 -0.374537
v 0.167216 0.152831 -0.376857
v 0.136246 0.152831 -0.332369
v 0.133623 0.152831 -0.333983
v 0.164391 0.152831 -0.379177
v 0.161466 0.152831 -0.381296
v -0.484172 -0.127214 0.237306
v -0.485181 0.152831 0.232363
v -0.484172 0.152831 0.237306
v 0.189107 0.152831 -0.344979
v 0.147948 0.152831 -0.322180
v 0.192537 0.152831 -0.324601
v 0.192235 0.152831 -0.328939
v 0.152689 0.152831 -0.315219
v 0.146435 0.152831 -0.323895
v 0.153496 0.152831 -0.313403
v 0.149360 0.152831 -0.320566
v 0.150672 0.152831 -0.318750
v 0.191024 0.152831 -0.337312
v 0.191730 0.152831 -0.333176
v 0.151781 0.152831 -0.317035
v 0.190116 0.152831 -0.341246
v -0.301174 0.152831 -0.424372
v -0.301174 -0.127214 -0.424372
v -0.224101 -0.127214 -0.530297
v -0.223496 -0.127214 -0.528986
v -0.224101 0.152831 -0.530297
v -0.301174 0.152831 -0.512139
v 0.154808 0.152831 -0.309570
v 0.155312 0.152831 -0.307552
v 0.192537 0.152831 -0.314109
v 0.154202 0.152831 -0.311486
v 0.192638 0.152831 -0.320061
v 0.192134 0.152831 -0.308359
v 0.191528 0.152831 -0.302811
v 0.155917 0.152831 -0.303214
v 0.156119 0.152831 -0.300894
v -0.437666 0.152831 0.178694
v 0.190620 0.152831 -0.297565
v 0.156220 0.152831 -0.298473
v 0.155917 0.152831 -0.294538
v 0.189511 0.152831 -0.292420
v 0.156119 0.152831 -0.296556
v 0.155716 0.152831 -0.292622
v 0.188199 0.152831 -0.287477
v 0.155716 0.152831 -0.305434
v -0.349900 -0.127214 -0.513551
v 0.180331 0.152831 -0.270428
v 0.182651 0.152831 -0.274362
v 0.153597 0.152831 -0.285358
v 0.154202 0.152831 -0.287073
v 0.184769 0.152831 -0.278398
v 0.186585 0.152831 -0.282836
v 0.154808 0.152831 -0.288889
v 0.155312 0.152831 -0.290806
v -0.407906 0.152831 0.211985
v -0.233584 -0.127214 -0.537359
v -0.231566 0.152831 -0.536955
v -0.233584 0.152831 -0.537359
v 0.146132 0.152831 -0.274968
v 0.165501 0.152831 -0.254690
v 0.147544 0.152831 -0.276178
v 0.168830 0.152831 -0.257313
v 0.172058 0.152831 -0.260239
v 0.148856 0.152831 -0.277590
v 0.144619 0.152831 -0.273757
v 0.161869 0.152831 -0.252269
v 0.142904 0.152831 -0.272748
v 0.158036 0.152831 -0.250151
v -0.406897 0.152831 0.215112
v 0.141189 0.152831 -0.271840
v 0.154001 0.152831 -0.248234
v -0.422534 -0.127214 0.190598
v -0.420012 -0.127214 0.193120
v -0.420012 0.152831 0.193120
v 0.151075 0.152831 -0.280516
v 0.149965 0.152831 -0.279003
v 0.175085 0.152831 -0.263366
v 0.152790 0.152831 -0.283643
v 0.151983 0.152831 -0.282029
v 0.177809 0.152831 -0.266796
v 0.120105 0.152831 -0.243291
v 0.125552 0.152831 -0.243190
v 0.123030 0.152831 -0.268915
v 0.759286 -0.127214 0.221972
v 0.762038 -0.127214 0.221605
v 0.769274 -0.127214 0.192817
v 0.772603 -0.127214 0.195138
v 0.776234 -0.127214 0.197458
v 0.783800 -0.127214 0.201897
v 0.779866 -0.127214 0.199677
v 0.762313 -0.127214 0.221569
v 0.753536 -0.127214 0.223485
v 0.120609 0.152831 -0.269217
v 0.763826 -0.127214 0.221468
v 0.125552 0.152831 -0.268814
v 0.130798 0.152831 -0.243291
v 0.128175 0.152831 -0.268814
v 0.137355 0.152831 -0.270327
v 0.145325 0.152831 -0.245410
v 0.139272 0.152831 -0.271033
v 0.133017 0.152831 -0.269318
v 0.130596 0.152831 -0.269016
v 0.135842 0.152831 -0.243695
v 0.118289 0.152831 -0.269722
v 0.114960 0.152831 -0.243594
v 0.101038 0.152831 -0.246015
v 0.105376 0.152831 -0.245006
v 0.113850 0.152831 -0.271437
v 0.111732 0.152831 -0.272546
v 0.776565 -0.127214 0.197660
v 0.135237 0.152831 -0.269722
v 0.149764 0.152831 -0.246721
v 0.140684 0.152831 -0.244401
v -0.195350 0.152831 -0.551280
v 0.101744 0.152831 -0.481975
v 0.094481 0.152831 -0.478041
v 0.098012 0.152831 -0.480159
v 0.105780 0.152831 -0.483488
v -0.359887 -0.127214 -0.536653
v 0.810635 -0.127214 0.216524
v 0.106788 0.152831 -0.450702
v 0.108604 0.152831 -0.453527
v 0.084897 0.152831 -0.470576
v 0.087823 0.152831 -0.473299
v 0.109613 0.152831 -0.454838
v 0.110622 0.152831 -0.456049
v 0.091051 0.152831 -0.475821
v 0.111832 0.152831 -0.457159
v 0.105275 0.152831 -0.447474
v 0.077029 0.152831 -0.460689
v 0.074910 0.152831 -0.456957
v 0.072993 0.152831 -0.452922
v 0.071379 0.152831 -0.448785
v 0.007219 0.152831 -0.471484
v 0.002881 0.152831 -0.475115
v -0.021330 0.152831 -0.449794
v -0.019615 0.152831 -0.446970
v -0.022037 0.152831 -0.486717
v -0.027787 0.152831 -0.487725
v -0.031923 0.152831 -0.458974
v -0.016589 0.152831 -0.485203
v -0.034546 0.152831 -0.459782
v -0.037270 0.152831 -0.460286
v -0.033638 0.152831 -0.488432
v -0.039691 0.152831 -0.488633
v -0.040195 0.152831 -0.460488
v 0.015088 0.152831 -0.463111
v -0.029502 0.152831 -0.457764
v -0.001659 0.152831 -0.478243
v -0.023146 0.152831 -0.452316
v -0.025063 0.152831 -0.454435
v 0.011254 0.152831 -0.467549
v -0.011444 0.152831 -0.483287
v -0.027181 0.152831 -0.456251
v -0.006400 0.152831 -0.480966
v -0.057345 0.152831 -0.452316
v -0.084179 0.152831 -0.475115
v -0.059161 0.152831 -0.449794
v -0.055327 0.152831 -0.454435
v -0.048366 0.152831 -0.458974
v -0.064104 0.152831 -0.485203
v -0.050889 0.152831 -0.457764
v -0.053108 0.152831 -0.456251
v -0.074696 0.152831 -0.480966
v -0.045844 0.152831 -0.459782
v -0.052503 0.152831 -0.487725
v -0.043121 0.152831 -0.460286
v 0.103863 0.152831 -0.441926
v 0.103560 0.152831 -0.439908
v 0.104569 0.152831 -0.424977
v 0.104065 0.152831 -0.426894
v 0.066638 0.152831 -0.418017
v 0.066840 0.152831 -0.423868
v 0.103762 0.152831 -0.428912
v 0.103358 0.152831 -0.433149
v 0.067142 0.152831 -0.429315
v 0.103358 0.152831 -0.437688
v 0.068756 0.152831 -0.439605
v 0.069866 0.152831 -0.444246
v 0.082073 0.152831 -0.467448
v -0.242966 -0.127214 0.060462
v -0.249927 0.152831 -0.537662
v -0.249927 -0.127214 -0.537662
v -0.234492 -0.127214 0.057233
v 0.824153 -0.127214 0.228630
v 0.822740 -0.127214 0.226915
v 0.769576 -0.127214 0.253951
v 0.825464 -0.127214 0.230446
v 0.826574 -0.127214 0.232262
v 0.821126 -0.127214 0.225200
v 0.819311 -0.127214 0.223485
v 0.817394 -0.127214 0.221770
v 0.828037 -0.127214 0.235137
v 0.827583 -0.127214 0.234179
v 0.768567 -0.127214 0.250420
v 0.815275 -0.127214 0.219954
v 0.828491 -0.127214 0.236095
v -0.253135 -0.127214 0.068532
v -0.267581 0.152831 0.063690
v -0.378752 -0.127214 -0.271033
v 0.823648 -0.127214 0.272816
v 0.822337 -0.127214 0.274228
v 0.824859 -0.127214 0.271303
v 0.825868 -0.127214 0.269789
v 0.826877 -0.127214 0.268176
v 0.827684 -0.127214 0.266561
v 0.828491 -0.127214 0.264846
v 0.829096 -0.127214 0.263031
v 0.829802 -0.127214 0.261114
v 0.830306 -0.127214 0.259298
v 0.830138 -0.127214 0.259903
v 0.830710 -0.127214 0.257381
v 0.831214 -0.127214 0.251328
v 0.821289 -0.127214 0.275136
v -0.349900 0.152831 -0.296354
v -0.220772 0.152831 -0.424372
v 0.078844 -0.127214 0.105051
v 0.076827 -0.127214 0.111810
v 0.078844 0.152831 0.105051
v 0.186989 -0.127214 -0.449592
v 0.174379 -0.127214 -0.475014
v 0.023763 -0.127214 0.119275
v 0.023158 -0.127214 0.113121
v 0.023763 0.152831 0.119275
v 0.024066 0.152831 0.125732
v 0.023806 -0.127214 0.120183
v 0.185677 -0.127214 -0.456856
v -0.404880 0.152831 0.225099
v 0.095288 0.152831 0.073879
v -0.405989 0.152831 0.218239
v -0.413757 0.152831 0.200787
v -0.415674 0.152831 0.198265
v -0.413757 -0.127214 0.200787
v 0.166207 -0.127214 -0.480549
v 0.016702 -0.127214 0.087699
v 0.016702 0.152831 0.087699
v 0.018417 0.152831 0.092138
v 0.014785 0.152831 0.083563
v -0.487300 -0.127214 0.209564
v -0.487400 0.152831 0.203208
v -0.487300 0.152831 0.209564
v 0.143307 -0.127214 -0.457461
v -0.487098 0.152831 0.215617
v 0.146132 -0.127214 -0.454435
v 0.073599 -0.127214 0.126740
v 0.072287 0.152831 0.135013
v 0.073599 0.152831 0.126740
v -0.496581 -0.127214 0.204217
v -0.498699 0.152831 0.204721
v -0.496581 0.152831 0.204217
v 0.075112 0.152831 0.119073
v 0.074893 -0.127214 0.120183
v -0.404577 0.152831 0.228731
v -0.420617 -0.127214 0.273119
v -0.422736 -0.127214 0.274733
v -0.420617 0.152831 0.273119
v -0.409318 -0.127214 0.257381
v -0.410529 0.152831 0.260105
v -0.409318 0.152831 0.257381
v -0.416784 -0.127214 0.269386
v -0.418599 0.152831 0.271303
v -0.416784 0.152831 0.269386
v -0.221377 0.152831 -0.519806
v -0.221680 0.152831 -0.522025
v -0.221377 -0.127214 -0.519806
v -0.221075 0.152831 -0.517485
v -0.414968 0.152831 0.267267
v -0.413354 -0.127214 0.265048
v -0.413354 0.152831 0.265048
v -0.227027 -0.127214 -0.534433
v -0.226220 0.152831 -0.533525
v -0.227027 0.152831 -0.534433
v -0.404880 -0.127214 0.225099
v -0.404577 -0.127214 0.228731
v -0.406393 -0.127214 0.248705
v -0.406393 0.152831 0.248705
v -0.405687 -0.127214 0.245578
v -0.406560 -0.127214 0.249311
v -0.236812 0.152831 -0.537662
v 0.169738 -0.127214 -0.478545
v 0.167014 -0.127214 -0.480159
v -0.483063 0.152831 0.242047
v 0.175650 -0.127214 -0.473804
v -0.468838 -0.127214 0.270294
v -0.471058 0.152831 0.267671
v -0.468838 0.152831 0.270294
v -0.475093 0.152831 0.261719
v -0.475093 -0.127214 0.261719
v -0.476909 0.152831 0.258289
v -0.483063 -0.127214 0.242047
v -0.481650 0.152831 0.246587
v 0.211301 -0.127214 -0.475317
v -0.221075 -0.127214 -0.517485
v -0.220974 -0.127214 -0.514862
v -0.473075 -0.127214 0.264846
v -0.473075 0.152831 0.264846
v -0.476909 -0.127214 0.258289
v -0.478624 0.152831 0.254657
v -0.314995 -0.127214 0.068532
v -0.381980 -0.127214 0.147320
v -0.379155 -0.127214 0.150952
v -0.376633 -0.127214 0.154684
v -0.374313 -0.127214 0.158619
v -0.376633 0.152831 0.154684
v -0.379155 0.152831 0.150952
v -0.285437 -0.127214 -0.537662
v -0.272120 0.152831 -0.537662
v -0.285437 0.152831 -0.537662
v -0.391664 -0.127214 0.136627
v -0.395397 -0.127214 0.133298
v -0.388234 -0.127214 0.140157
v -0.385006 -0.127214 0.143688
v -0.401954 -0.127214 0.128118
v -0.399331 -0.127214 0.130069
v -0.395397 0.152831 0.133298
v -0.391664 0.152831 0.136627
v -0.381980 0.152831 0.147320
v -0.385006 0.152831 0.143688
v -0.372194 -0.127214 0.162553
v -0.374313 0.152831 0.158619
v -0.368663 0.152831 0.170724
v -0.368663 -0.127214 0.170724
v -0.370278 0.152831 0.166588
v -0.370278 -0.127214 0.166588
v -0.368276 -0.127214 0.171834
v -0.372194 0.152831 0.162553
v 0.079450 0.152831 -0.464220
v 0.067848 0.152831 -0.434561
v 0.068151 0.152831 -0.399757
v 0.106587 0.152831 -0.419429
v 0.105780 0.152831 -0.421245
v 0.066739 0.152831 -0.413174
v 0.113447 0.152831 -0.410652
v 0.111732 0.152831 -0.412367
v 0.115262 0.152831 -0.409038
v 0.077836 0.152831 -0.374638
v -0.015076 0.152831 -0.436680
v -0.013865 0.152831 -0.432644
v 0.018719 0.152831 -0.458268
v 0.082274 0.152831 -0.368686
v 0.074204 0.152831 -0.381094
v 0.075919 0.152831 -0.377765
v 0.079954 0.152831 -0.371612
v 0.138566 0.152831 -0.330654
v 0.140785 0.152831 -0.328939
v -0.007913 0.152831 -0.380994
v 0.039904 0.152831 -0.375949
v -0.007812 0.152831 -0.373629
v 0.040005 0.152831 -0.365861
v 0.038593 0.152831 -0.394915
v -0.008216 0.152831 -0.388055
v 0.036172 0.152831 -0.412065
v -0.009023 0.152831 -0.401271
v -0.286546 -0.127214 -0.537561
v -0.286546 0.152831 -0.537561
v -0.011848 0.152831 -0.423565
v -0.010940 0.152831 -0.418420
v 0.032439 0.152831 -0.427399
v -0.010133 0.152831 -0.413074
v -0.009527 0.152831 -0.407323
v -0.008519 0.152831 -0.394814
v 0.034457 0.152831 -0.419933
v -0.012755 0.152831 -0.428206
v -0.068543 0.152831 -0.423565
v -0.111215 0.152831 -0.434460
v -0.069350 0.152831 -0.418420
v -0.117873 0.152831 -0.403692
v -0.067534 0.152831 -0.428206
v -0.070056 0.152831 -0.413074
v -0.115150 0.152831 -0.419933
v -0.066525 0.152831 -0.432644
v -0.065315 0.152831 -0.436680
v -0.106070 0.152831 -0.447272
v -0.099917 0.152831 -0.458268
v -0.064003 0.152831 -0.440513
v -0.062490 0.152831 -0.443842
v -0.060876 0.152831 -0.446970
v 0.176497 -0.127214 -0.472997
v 0.829802 -0.127214 0.239929
v 0.829096 -0.127214 0.238012
v 0.771997 -0.127214 0.260307
v 0.770686 -0.127214 0.257280
v 0.830306 -0.127214 0.242047
v -0.119588 0.152831 -0.385634
v 0.186283 -0.127214 -0.454435
v -0.071973 0.152831 -0.380994
v -0.072174 0.152831 -0.373629
v -0.120194 0.152831 -0.365861
v -0.072174 0.152831 -0.358194
v 0.749501 -0.127214 0.225402
v -0.007711 0.152831 -0.365861
v -0.007812 0.152831 -0.358194
v -0.007913 0.152831 -0.350931
v -0.008216 0.152831 -0.343869
v 0.039400 0.152831 -0.346089
v 0.682718 -0.127214 0.193560
v 0.681798 -0.127214 0.197660
v 0.744961 -0.127214 0.228933
v 0.746475 -0.127214 0.227621
v 0.743549 -0.127214 0.230446
v 0.742237 -0.127214 0.232161
v 0.180028 -0.127214 -0.468659
v 0.181541 -0.127214 -0.466440
v -0.168213 0.152831 -0.531508
v -0.298551 -0.127214 -0.528986
v -0.297946 -0.127214 -0.530297
v -0.298551 0.152831 -0.528986
v -0.156410 0.152831 -0.537662
v -0.143295 0.152831 -0.537662
v 0.747988 -0.127214 0.226411
v -0.164178 0.152831 -0.535745
v 0.187090 -0.127214 -0.447171
v -0.223496 0.152831 -0.528986
v -0.169424 0.152831 -0.528986
v -0.168818 0.152831 -0.530297
v -0.222991 0.152831 -0.527473
v 0.167519 -0.127214 -0.013484
v -0.222083 0.152831 -0.524043
v -0.222487 0.152831 -0.525858
v -0.171845 0.152831 -0.512139
v -0.220873 0.152831 -0.512139
v -0.171946 0.152831 -0.509112
v -0.220772 0.152831 -0.509112
v 0.178212 -0.127214 -0.001984
v -0.225413 0.152831 -0.532517
v 0.175791 -0.127214 -0.006927
v -0.228742 0.152831 -0.535745
v -0.229650 0.152831 -0.536249
v -0.224706 0.152831 -0.531508
v -0.230557 0.152831 -0.536653
v -0.227834 0.152831 -0.535140
v 0.171453 -0.127214 -0.011366
v -0.234593 0.152831 -0.537460
v 0.166207 -0.127214 -0.013921
v -0.220974 0.152831 -0.514862
v 0.162878 -0.127214 -0.014695
v 0.166006 -0.127214 -0.013989
v 0.180230 -0.127214 0.007096
v 0.180431 0.152831 0.009920
v 0.180431 -0.127214 0.009920
v 0.127973 -0.127214 -0.487826
v 0.123232 -0.127214 -0.487423
v -0.388234 0.152831 0.140157
v -0.399331 0.152831 0.130069
v 0.151983 -0.127214 0.060361
v 0.180431 -0.127214 0.044119
v 0.181037 -0.127214 0.052089
v 0.158641 -0.127214 0.063891
v -0.063902 -0.127214 0.112819
v -0.063499 -0.127214 0.109893
v -0.063902 0.152831 0.112819
v -0.461171 -0.127214 0.085985
v 0.154202 -0.127214 -0.485304
v -0.455825 -0.127214 0.091331
v -0.463492 -0.127214 0.083261
v 0.154303 -0.127214 0.061470
v 0.180532 -0.127214 0.046641
v -0.452798 0.152831 0.093954
v -0.453605 -0.127214 0.093255
v -0.471562 -0.127214 0.069642
v -0.471998 -0.127214 0.068532
v -0.453303 0.152831 0.168707
v -0.453303 -0.127214 0.168707
v -0.449166 0.152831 0.171229
v -0.449166 -0.127214 0.171229
v -0.448198 -0.127214 0.171834
v 0.136447 -0.127214 -0.461597
v 0.123333 -0.127214 -0.462505
v 0.120206 -0.127214 -0.461698
v -0.477413 0.152831 0.152969
v -0.477413 -0.127214 0.152969
v -0.472873 0.152831 0.156298
v -0.457741 -0.127214 0.166084
v -0.453605 -0.127214 0.168528
v -0.457741 0.152831 0.166084
v -0.034748 -0.127214 0.086186
v -0.033335 -0.127214 0.087397
v -0.034748 0.152831 0.086186
v -0.449469 -0.127214 0.096476
v -0.410630 -0.127214 0.066918
v -0.452798 -0.127214 0.093954
v -0.412950 -0.127214 0.120385
v -0.401450 -0.127214 0.066212
v -0.391160 -0.127214 0.063084
v -0.396002 -0.127214 0.064900
v -0.404375 -0.127214 0.066615
v -0.407503 -0.127214 0.066817
v -0.445938 -0.127214 0.099301
v -0.398726 -0.127214 0.065606
v -0.428486 -0.127214 0.111003
v -0.449469 0.152831 0.096476
v 0.166207 -0.127214 0.070152
v 0.166308 -0.127214 0.070247
v 0.168023 -0.127214 0.072063
v 0.162676 -0.127214 0.066918
v -0.401954 -0.127214 0.066281
v 0.234403 -0.127214 -0.312092
v -0.288665 0.152831 -0.537359
v -0.290682 0.152831 -0.536955
v 0.281212 -0.127214 -0.316833
v -0.294314 0.152831 -0.535140
v -0.295121 0.152831 -0.534433
v -0.410731 -0.127214 0.063791
v -0.410832 -0.127214 0.060462
v -0.467325 -0.127214 0.077914
v -0.411437 -0.127214 0.053804
v -0.291691 0.152831 -0.536653
v -0.292599 0.152831 -0.536249
v -0.468939 -0.127214 0.075089
v -0.287555 0.152831 -0.537460
v 0.140382 -0.127214 0.057009
v 0.141895 -0.127214 0.057233
v -0.293507 0.152831 -0.535745
v -0.220772 0.152831 -0.397538
v -0.220772 0.152831 -0.299482
v -0.171946 0.152831 -0.296960
v -0.301174 0.152831 -0.397538
v -0.071973 0.152831 -0.350931
v -0.119992 0.152831 -0.355874
v -0.119588 0.152831 -0.346189
v 0.091959 0.152831 -0.327627
v 0.090647 0.152831 -0.327527
v 0.092060 0.152831 -0.323189
v 0.089235 0.152831 -0.327426
v 0.087722 0.152831 -0.327325
v 0.081467 0.152831 -0.325812
v 0.079853 0.152831 -0.325206
v 0.092262 0.152831 -0.318851
v -0.386822 -0.127214 0.060764
v -0.388941 -0.127214 0.061975
v 0.086310 0.152831 -0.327022
v 0.084695 0.152831 -0.326720
v 0.083081 0.152831 -0.326316
v 0.092564 0.152831 -0.314614
v 0.078340 0.152831 -0.324500
v 0.076827 0.152831 -0.323693
v 0.075314 0.152831 -0.322684
v 0.073800 0.152831 -0.321575
v 0.068555 0.152831 -0.315421
v 0.067445 0.152831 -0.313504
v 0.093069 0.152831 -0.310579
v 0.069765 0.152831 -0.317136
v 0.095288 0.152831 -0.299381
v 0.063510 0.152831 -0.294034
v 0.096297 0.152831 -0.295951
v 0.070976 0.152831 -0.318750
v 0.072287 0.152831 -0.320263
v -0.463088 -0.127214 0.162856
v -0.487400 -0.127214 0.203208
v 0.741027 -0.127214 0.233977
v 0.066436 0.152831 -0.311486
v 0.065528 0.152831 -0.309166
v 0.093674 0.152831 -0.306745
v 0.064822 0.152831 -0.306543
v 0.064318 0.152831 -0.303819
v 0.094481 0.152831 -0.302912
v 0.063914 0.152831 -0.300793
v 0.063611 0.152831 -0.297565
v 0.037786 0.152831 -0.328031
v -0.008519 0.152831 -0.337211
v -0.009023 0.152831 -0.330856
v -0.445131 -0.127214 0.173751
v 0.738908 -0.127214 0.238012
v 0.739677 -0.127214 0.236398
v 0.107898 0.152831 -0.275674
v 0.093069 0.152831 -0.248537
v 0.109815 0.152831 -0.274060
v -0.498699 -0.127214 0.204721
v -0.485584 -0.127214 0.146311
v 0.075414 0.152831 -0.260037
v 0.077735 0.152831 -0.257717
v 0.102854 0.152831 -0.281828
v 0.104468 0.152831 -0.279608
v 0.739917 -0.127214 0.235894
v -0.481650 0.152831 0.149640
v -0.481650 -0.127214 0.149640
v -0.494361 -0.127214 0.203713
v -0.492041 -0.127214 0.203410
v -0.472873 -0.127214 0.156298
v -0.033335 0.152831 0.087397
v -0.489721 -0.127214 0.203208
v -0.463088 0.152831 0.162856
v -0.468132 0.152831 0.159527
v -0.468132 -0.127214 0.159527
v -0.032024 0.152831 0.088809
v 0.738001 -0.127214 0.240332
v 0.737294 -0.127214 0.242955
v -0.037875 -0.127214 0.084471
v -0.036261 0.152831 0.085278
v -0.037875 0.152831 0.084471
v -0.616931 -0.127214 0.092643
v -0.503844 -0.127214 0.124117
v -0.500918 -0.127214 0.205428
v -0.024458 0.152831 0.118266
v -0.024342 -0.127214 0.120183
v -0.024256 0.152831 0.121595
v -0.495874 -0.127214 0.135517
v 0.830710 -0.127214 0.244267
v 0.830912 -0.127214 0.246486
v 0.831114 -0.127214 0.248907
v 0.773309 -0.127214 0.263232
v 0.774721 -0.127214 0.265956
v 0.776335 -0.127214 0.268478
v 0.777949 -0.127214 0.270798
v 0.779765 -0.127214 0.272816
v -0.025668 -0.127214 0.105959
v -0.025668 0.152831 0.105959
v -0.026173 0.152831 0.103235
v -0.025265 0.152831 0.108884
v -0.047459 -0.127214 0.083967
v -0.045643 0.152831 0.083664
v -0.047459 0.152831 0.083967
v -0.052503 -0.127214 0.086186
v -0.050889 -0.127214 0.085278
v -0.052503 0.152831 0.086186
v -0.506063 -0.127214 0.120082
v -0.505256 -0.127214 0.121550
v -0.506063 0.152831 0.120082
v -0.503844 0.152831 0.124117
v -0.058555 -0.127214 0.093450
v -0.057547 0.152831 0.091735
v -0.058555 0.152831 0.093450
v 0.736258 -0.127214 0.249311
v 0.735983 -0.127214 0.252337
v 0.735983 -0.127214 0.259500
v -0.043625 0.152831 0.083462
v -0.043625 -0.127214 0.083462
v -0.041607 0.152831 0.083664
v 0.736286 -0.127214 0.263131
v -0.064205 0.152831 0.115845
v 0.736790 -0.127214 0.266561
v 0.737496 -0.127214 0.269991
v -0.314995 -0.127214 0.251934
v -0.314995 0.152831 0.251934
v -0.059463 0.152831 0.095366
v -0.058986 -0.127214 0.094357
v 0.738303 -0.127214 0.273421
v -0.317719 0.152831 0.266965
v -0.317719 -0.127214 0.266965
v -0.318425 0.152831 0.268781
v -0.318425 -0.127214 0.268781
v -0.317012 -0.127214 0.264947
v -0.317012 0.152831 0.264947
v -0.315903 0.152831 0.260408
v -0.315499 0.152831 0.257785
v -0.315903 -0.127214 0.260408
v 0.736286 -0.127214 0.249008
v -0.041607 -0.127214 0.083664
v -0.040397 -0.127214 0.083846
v -0.316407 -0.127214 0.262829
v -0.319232 0.152831 0.270395
v -0.315197 -0.127214 0.254960
v -0.316407 0.152831 0.262829
v -0.053915 0.152831 0.087397
v -0.320039 -0.127214 0.271908
v -0.321048 -0.127214 0.273219
v -0.320039 0.152831 0.271908
v -0.373203 0.152831 0.261215
v -0.375927 0.152831 0.266561
v -0.375927 -0.127214 0.266561
v -0.378953 0.152831 0.271706
v -0.382383 0.152831 0.276448
v -0.381435 -0.127214 0.275136
v -0.378953 -0.127214 0.271706
v -0.364023 -0.127214 0.188883
v -0.363317 -0.127214 0.193826
v -0.362510 -0.127214 0.209665
v -0.364830 -0.127214 0.184041
v -0.365940 -0.127214 0.179400
v -0.364830 0.152831 0.184041
v 0.139171 -0.127214 0.056830
v 0.096902 0.152831 -0.247225
v 0.065024 0.152831 -0.280314
v 0.065831 0.152831 -0.277086
v 0.098617 0.152831 -0.289696
v 0.097407 0.152831 -0.292723
v 0.073195 0.152831 -0.262458
v 0.064418 0.152831 -0.283643
v 0.063914 0.152831 -0.287073
v 0.101341 0.152831 -0.284249
v 0.099928 0.152831 -0.286872
v 0.069563 0.152831 -0.267805
v 0.063611 0.152831 -0.290503
v 0.066840 0.152831 -0.273858
v 0.068151 0.152831 -0.270731
v 0.071278 0.152831 -0.265081
v 0.080358 0.152831 -0.255497
v 0.083182 0.152831 -0.253480
v 0.106183 0.152831 -0.277590
v 0.086209 0.152831 -0.251664
v 0.089538 0.152831 -0.249949
v 0.110017 0.152831 -0.244199
v 0.116069 0.152831 -0.270428
v 0.025781 0.152831 -0.284551
v -0.016387 0.152831 -0.290907
v 0.019526 0.152831 -0.273555
v -0.011646 0.152831 -0.308258
v -0.012655 0.152831 -0.303416
v 0.030926 0.152831 -0.297262
v -0.009527 0.152831 -0.324803
v -0.010133 0.152831 -0.318952
v 0.034860 0.152831 -0.311789
v -0.010839 0.152831 -0.313403
v -0.013865 0.152831 -0.298876
v -0.353128 -0.127214 -0.278095
v -0.353128 0.152831 -0.278095
v -0.352623 0.152831 -0.279406
v -0.015076 0.152831 -0.294740
v -0.067332 0.152831 -0.303416
v -0.068341 0.152831 -0.308258
v -0.110610 0.152831 -0.297262
v -0.069955 0.152831 -0.318952
v -0.070661 0.152831 -0.324803
v -0.114847 0.152831 -0.311789
v -0.116461 0.152831 -0.319759
v -0.112829 0.152831 -0.304324
v -0.069249 0.152831 -0.313403
v -0.071065 0.152831 -0.330856
v -0.117773 0.152831 -0.328233
v -0.350001 -0.127214 -0.293530
v -0.350001 0.152831 -0.293530
v -0.118781 0.152831 -0.337009
v -0.071468 0.152831 -0.337211
v -0.071771 0.152831 -0.343869
v -0.301073 -0.127214 -0.293530
v -0.301073 0.152831 -0.293530
v -0.029300 0.152831 -0.273353
v -0.031721 0.152831 -0.272143
v -0.016286 0.152831 -0.246519
v -0.017800 0.152831 -0.287376
v -0.019414 0.152831 -0.284148
v 0.012263 0.152831 -0.264274
v -0.021129 0.152831 -0.281323
v -0.022944 0.152831 -0.278902
v 0.003789 0.152831 -0.256607
v -0.005694 0.152831 -0.250756
v -0.024861 0.152831 -0.276683
v -0.026980 0.152831 -0.274867
v -0.039993 0.152831 -0.270630
v -0.040599 0.152831 -0.243190
v -0.037068 0.152831 -0.270831
v -0.220772 -0.127214 -0.509112
v -0.027888 0.152831 -0.243997
v -0.034344 0.152831 -0.271336
v -0.350039 -0.127214 -0.293025
v -0.057042 0.152831 -0.278902
v -0.058858 0.152831 -0.281323
v -0.083271 0.152831 -0.256607
v -0.350808 -0.127214 -0.286266
v -0.351211 0.152831 -0.284249
v -0.350808 0.152831 -0.286266
v -0.108088 0.152831 -0.290705
v -0.105364 0.152831 -0.284551
v -0.066222 0.152831 -0.298876
v -0.351615 -0.127214 -0.282534
v -0.352018 0.152831 -0.280920
v -0.351615 0.152831 -0.282534
v -0.087508 0.152831 -0.260239
v -0.091644 0.152831 -0.264274
v -0.060573 0.152831 -0.284148
v -0.062187 0.152831 -0.287376
v -0.063700 0.152831 -0.290907
v -0.095478 0.152831 -0.268713
v -0.102338 0.152831 -0.278801
v -0.099009 0.152831 -0.273555
v -0.065113 0.152831 -0.294740
v -0.055025 0.152831 -0.276683
v -0.078732 0.152831 -0.253480
v -0.052906 0.152831 -0.274867
v -0.073990 0.152831 -0.250756
v -0.046651 0.152831 -0.243392
v -0.042818 0.152831 -0.270831
v -0.045542 0.152831 -0.271336
v -0.052503 0.152831 -0.243997
v -0.050586 0.152831 -0.273353
v -0.063600 0.152831 -0.246519
v -0.048165 0.152831 -0.272143
v -0.058152 0.152831 -0.245107
v -0.068845 0.152831 -0.248436
v -0.356053 -0.127214 -0.274060
v -0.356860 0.152831 -0.273353
v -0.356053 0.152831 -0.274060
v -0.166498 0.152831 -0.274261
v -0.195350 0.152831 -0.267200
v -0.165691 0.152831 -0.273555
v -0.167204 0.152831 -0.275068
v -0.168011 0.152831 -0.276077
v -0.169222 0.152831 -0.278498
v -0.164884 0.152831 -0.272950
v -0.160445 0.152831 -0.271235
v -0.143295 0.152831 -0.247629
v -0.158428 0.152831 -0.271033
v -0.143295 0.152831 -0.271033
v -0.162362 0.152831 -0.271638
v -0.161353 0.152831 -0.271437
v -0.163270 0.152831 -0.271941
v -0.225413 -0.127214 -0.532517
v -0.224989 -0.127214 -0.531911
v -0.170836 0.152831 -0.283038
v -0.170332 0.152831 -0.281424
v -0.169827 0.152831 -0.279911
v -0.171139 0.152831 -0.284854
v -0.221680 0.152831 -0.286266
v -0.171441 0.152831 -0.286972
v -0.171643 0.152831 -0.289192
v -0.221377 0.152831 -0.288486
v -0.171744 0.152831 -0.291613
v -0.221075 0.152831 -0.290907
v -0.220873 0.152831 -0.296354
v -0.220974 0.152831 -0.293530
v -0.171845 0.152831 -0.294135
v -0.356860 -0.127214 -0.273353
v -0.222083 0.152831 -0.284249
v -0.222991 0.152831 -0.280920
v -0.222487 0.152831 -0.282534
v -0.223496 0.152831 -0.279406
v -0.353834 0.152831 -0.276884
v -0.355246 0.152831 -0.274867
v -0.228742 0.152831 -0.272748
v -0.227834 0.152831 -0.273353
v -0.224101 0.152831 -0.278095
v -0.224706 0.152831 -0.276884
v -0.225413 0.152831 -0.275775
v -0.231566 0.152831 -0.271638
v -0.249927 0.152831 -0.247629
v -0.230557 0.152831 -0.271941
v -0.234593 0.152831 -0.271134
v -0.249927 0.152831 -0.271033
v -0.235702 0.152831 -0.271033
v -0.226220 0.152831 -0.274867
v -0.227027 0.152831 -0.274060
v -0.357768 0.152831 -0.272748
v -0.294314 0.152831 -0.273353
v -0.350303 0.152831 -0.267200
v -0.293507 0.152831 -0.272748
v -0.288665 0.152831 -0.271235
v -0.290682 0.152831 -0.271638
v -0.272120 0.152831 -0.247629
v -0.287555 0.152831 -0.271134
v -0.291691 0.152831 -0.271941
v -0.295121 0.152831 -0.274060
v -0.286546 0.152831 -0.271033
v -0.295827 0.152831 -0.274867
v -0.296534 0.152831 -0.275775
v -0.299056 0.152831 -0.280920
v -0.299661 0.152831 -0.282534
v -0.272120 0.152831 -0.271033
v -0.378752 0.152831 -0.247629
v 0.179725 -0.127214 -0.424372
v 0.373215 0.152831 0.091029
v 0.363430 0.152831 0.085480
v 0.366153 0.152831 0.086388
v 0.360706 0.152831 0.084976
v 0.354754 0.152831 0.084976
v 0.349205 0.152831 0.086388
v -0.227834 -0.127214 -0.535140
v 0.344363 0.152831 0.089112
v 0.368675 0.152831 0.087599
v 0.124644 -0.127214 -0.402279
v 0.715908 -0.127214 0.086892
v 0.717118 -0.127214 0.086489
v 0.181339 0.152831 0.069238
v 0.181541 0.152831 0.072971
v 0.181642 0.152831 0.076703
v 0.133925 -0.127214 -0.396832
v 0.145022 0.152831 0.089818
v 0.147544 0.152831 0.089717
v 0.142601 0.152831 0.090423
v 0.140281 0.152831 0.091230
v 0.138162 0.152831 0.092441
v 0.136044 0.152831 0.093954
v -0.295827 0.152831 -0.533525
v -0.295121 -0.127214 -0.534433
v -0.295827 -0.127214 -0.533525
v -0.297240 0.152831 -0.531508
v 0.187796 -0.127214 -0.348510
v 0.189107 -0.127214 -0.344979
v 0.189189 -0.127214 -0.344676
v -0.293507 -0.127214 -0.535745
v 0.708745 -0.127214 0.092340
v 0.167216 -0.127214 -0.376857
v 0.166207 -0.127214 -0.377686
v 0.526958 0.152831 0.091230
v 0.181339 -0.127214 -0.361423
v 0.525747 0.152831 0.093147
v 0.152185 -0.127214 -0.387349
v 0.148856 -0.127214 -0.389165
v 0.524436 0.152831 0.114130
v 0.524234 0.152831 0.112314
v 0.523729 0.152831 0.104950
v 0.523830 0.152831 0.101419
v 0.153718 -0.127214 -0.386409
v 0.473289 0.152831 0.097787
v 0.473995 0.152831 0.099502
v 0.524839 0.152831 0.095467
v 0.469556 0.152831 0.091634
v 0.470363 0.152831 0.092643
v 0.467740 0.152831 0.089818
v 0.468648 0.152831 0.090625
v 0.476517 0.152831 0.107270
v 0.466832 0.152831 0.089112
v 0.524032 0.152831 0.110599
v 0.141391 -0.127214 -0.392897
v 0.523830 0.152831 0.107573
v 0.523729 0.152831 0.106261
v 0.164391 -0.127214 -0.379177
v 0.525041 0.152831 0.117560
v 0.456038 0.152831 0.085783
v 0.471877 0.152831 0.094963
v 0.463604 0.152831 0.087195
v 0.462495 0.152831 0.086792
v 0.461385 0.152831 0.086489
v 0.460073 0.152831 0.086186
v 0.185274 -0.127214 -0.434057
v 0.183761 -0.127214 -0.430425
v 0.181945 -0.127214 -0.427197
v 0.458863 0.152831 0.085985
v 0.465824 0.152831 0.088406
v 0.471070 0.152831 0.093752
v 0.173773 -0.127214 -0.420135
v 0.524234 0.152831 0.098191
v 0.474600 0.152831 0.101318
v 0.427489 0.152831 0.104748
v 0.385825 0.152831 0.117863
v 0.430112 0.152831 0.111507
v 0.424664 0.152831 0.098393
v 0.384715 0.152831 0.113424
v 0.475307 0.152831 0.103235
v 0.475912 0.152831 0.105152
v 0.166207 -0.127214 -0.417742
v 0.161466 -0.127214 -0.381296
v 0.170041 -0.127214 -0.418723
v 0.525343 0.152831 0.119174
v 0.525646 0.152831 0.120889
v 0.388549 0.152831 0.133499
v 0.389255 0.152831 0.139451
v 0.434450 0.152831 0.126438
v 0.432432 0.152831 0.118771
v 0.387742 0.152831 0.127951
v 0.389759 0.152831 0.145706
v 0.436165 0.152831 0.134609
v 0.386834 0.152831 0.122806
v 0.437577 0.152831 0.143184
v 0.390264 0.152831 0.152263
v 0.526251 0.152831 0.124117
v 0.538155 0.152831 0.183032
v 0.410541 0.152831 0.077510
v 0.406405 0.152831 0.073475
v 0.378864 0.152831 0.098595
v 0.370996 0.152831 0.089112
v 0.380579 0.152831 0.101823
v 0.414475 0.152831 0.082151
v 0.418208 0.152831 0.087094
v -0.366747 -0.127214 0.243560
v 0.421638 0.152831 0.092542
v 0.382093 0.152831 0.105354
v -0.319232 -0.127214 0.270395
v 0.383505 0.152831 0.109187
v 0.377149 0.152831 0.095770
v 0.375233 0.152831 0.093248
v -0.364023 0.152831 0.188883
v 0.342144 0.152831 0.091029
v 0.357679 0.152831 0.084774
v 0.346683 0.152831 0.087599
v 0.351929 0.152831 0.085480
v 0.338209 0.152831 0.095770
v 0.340126 0.152831 0.093248
v 0.330643 0.152831 0.113424
v 0.284742 0.152831 0.111507
v 0.329534 0.152831 0.117863
v 0.334779 0.152831 0.101823
v 0.336393 0.152831 0.098595
v 0.296243 0.152831 0.087094
v 0.303809 0.152831 0.077510
v 0.331854 0.152831 0.109187
v 0.289887 0.152831 0.098393
v -0.365234 -0.127214 0.237104
v -0.363216 -0.127214 0.223788
v -0.363190 -0.127214 0.223485
v -0.315499 -0.127214 0.257785
v 0.165703 -0.127214 -0.417613
v 0.390970 0.152831 0.174054
v 0.391071 0.152831 0.182023
v 0.440099 0.152831 0.182023
v 0.390869 0.152831 0.166487
v 0.439998 0.152831 0.171632
v 0.155312 -0.127214 -0.423767
v 0.390566 0.152831 0.159224
v 0.438687 0.152831 0.152162
v 0.439494 0.152831 0.161746
v 0.106587 -0.127214 -0.419429
v 0.108806 -0.127214 -0.415797
v 0.105780 -0.127214 -0.421245
v -0.323267 0.152831 0.275439
v -0.322056 0.152831 0.274430
v -0.322904 -0.127214 0.275136
v 0.328525 0.152831 0.122806
v 0.327718 0.152831 0.127951
v 0.276067 0.152831 0.161746
v 0.324893 0.152831 0.174054
v 0.324994 0.152831 0.166487
v 0.280707 0.152831 0.126438
v 0.277782 0.152831 0.143184
v 0.326406 0.152831 0.139451
v 0.327011 0.152831 0.133499
v -0.322056 -0.127214 0.274430
v -0.321048 0.152831 0.273219
v 0.325902 0.152831 0.145706
v 0.325196 0.152831 0.159224
v 0.325498 0.152831 0.152263
v -0.315197 0.152831 0.254960
v 0.439595 0.152831 0.202401
v 0.390970 0.152831 0.189892
v 0.390869 0.152831 0.197458
v 0.122021 -0.127214 -0.403893
v 0.127469 -0.127214 -0.400564
v 0.130596 -0.127214 -0.398748
v -0.373203 -0.127214 0.261215
v -0.340316 -0.127214 0.279575
v -0.323267 -0.127214 0.275439
v -0.368663 -0.127214 0.249714
v -0.366747 0.152831 0.243560
v -0.029804 -0.127214 0.092037
v -0.028896 0.152831 0.093954
v -0.029804 0.152831 0.092037
v -0.027383 0.152831 0.098191
v -0.027383 -0.127214 0.098191
v -0.026778 0.152831 0.100612
v -0.028089 0.152831 0.095972
v -0.417792 0.152831 0.195743
v 0.191730 -0.127214 -0.333176
v 0.191024 -0.127214 -0.337312
v -0.430377 -0.127214 0.183839
v -0.411941 0.152831 0.203511
v -0.030813 0.152831 0.090322
v -0.036261 -0.127214 0.085278
v 0.012566 -0.127214 0.079831
v 0.011254 -0.127214 0.077918
v 0.012566 0.152831 0.079831
v -0.024659 -0.127214 0.115038
v -0.024659 0.152831 0.115038
v -0.024962 -0.127214 0.111911
v 0.183155 -0.127214 -0.358396
v -0.427981 -0.127214 0.185756
v -0.431008 -0.127214 0.183334
v 0.155312 -0.127214 -0.385432
v -0.050889 0.152831 0.085278
v -0.049274 0.152831 0.084471
v -0.415674 -0.127214 0.198265
v -0.410428 -0.127214 0.206235
v -0.061077 -0.127214 0.099704
v -0.060270 0.152831 0.097485
v -0.061077 0.152831 0.099704
v -0.485988 0.152831 0.227016
v -0.486373 -0.127214 0.223485
v -0.486593 0.152831 0.221468
v -0.486593 -0.127214 0.221468
v -0.492041 0.152831 0.203410
v -0.494361 0.152831 0.203713
v 0.676867 -0.127214 0.101016
v 0.321766 -0.127214 -0.281828
v -0.057547 -0.127214 0.091735
v -0.056437 -0.127214 0.090121
v 0.673840 -0.127214 0.093248
v 0.674496 -0.127214 0.094357
v 0.321160 -0.127214 -0.281638
v -0.053915 -0.127214 0.087397
v 0.547033 -0.127214 0.061773
v 0.323481 -0.127214 -0.253883
v 0.591118 -0.127214 0.064295
v 0.321665 -0.127214 -0.252774
v 0.321160 -0.127214 -0.252544
v 0.299269 -0.127214 -0.245107
v -0.064608 -0.127214 0.122201
v -0.064545 -0.127214 0.120183
v -0.064608 0.152831 0.122201
v -0.291691 -0.127214 -0.536653
v -0.350404 0.152831 -0.288486
v -0.350404 -0.127214 -0.288486
v -0.062994 -0.127214 0.107169
v -0.062490 0.152831 0.104547
v -0.062994 0.152831 0.107169
v -0.064507 -0.127214 0.118973
v -0.064507 0.152831 0.118973
v -0.023953 -0.127214 0.132087
v -0.023953 -0.127214 0.161242
v -0.023953 0.152831 0.132087
v -0.024256 -0.127214 0.121595
v -0.024054 0.152831 0.128455
v -0.171946 -0.127214 -0.296960
v -0.220772 -0.127214 -0.424372
v -0.061380 0.152831 0.161746
v -0.049981 0.152831 0.161242
v -0.061380 -0.127214 0.161746
v -0.081153 0.152831 0.165680
v -0.089627 -0.127214 0.169211
v -0.089627 0.152831 0.169211
v -0.301174 -0.127214 -0.397538
v -0.220772 -0.127214 -0.397538
v -0.071771 0.152831 0.163259
v -0.023953 0.152831 0.161242
v -0.064810 0.152831 0.125530
v -0.064810 -0.127214 0.125530
v -0.064810 -0.127214 0.128859
v -0.064810 0.152831 0.128859
v -0.071771 0.152831 0.132087
v -0.071771 -0.127214 0.132087
v -0.064911 0.152831 0.132289
v -0.078025 0.152831 0.131583
v -0.083675 0.152831 0.130574
v -0.083675 -0.127214 0.130574
v -0.088719 0.152831 0.129262
v -0.088719 -0.127214 0.129262
v 0.674849 -0.127214 0.128657
v 0.069866 -0.127214 0.162654
v 0.069591 -0.127214 0.171834
v 0.069866 0.152831 0.162654
v -0.301174 0.152831 -0.296354
v -0.299661 -0.127214 -0.282534
v -0.300064 -0.127214 -0.284249
v -0.161353 -0.127214 -0.536955
v -0.300972 0.152831 -0.290907
v -0.301033 -0.127214 -0.292480
v -0.350202 0.152831 -0.290907
v -0.156410 -0.127214 -0.537662
v -0.350202 -0.127214 -0.290907
v -0.350303 -0.127214 -0.289696
v -0.351211 -0.127214 -0.284249
v -0.359584 0.152831 -0.271941
v -0.359584 -0.127214 -0.271941
v -0.360593 0.152831 -0.271638
v 0.069462 -0.127214 0.183334
v 0.069563 0.152831 0.193927
v 0.069462 0.152831 0.183334
v 0.081064 -0.127214 0.267167
v 0.083485 0.152831 0.273018
v 0.081064 0.152831 0.267167
v -0.166700 -0.127214 -0.533525
v -0.169928 -0.127214 -0.527473
v -0.169525 -0.127214 -0.528683
v -0.171845 -0.127214 -0.512139
v 0.390264 0.152831 0.211581
v 0.389759 0.152831 0.218139
v 0.437779 0.152831 0.220963
v 0.389255 0.152831 0.224292
v 0.390566 0.152831 0.204620
v 0.721153 -0.127214 0.085884
v 0.324893 0.152831 0.189892
v 0.324792 0.152831 0.182023
v 0.275461 0.152831 0.182023
v -0.169424 -0.127214 -0.528986
v -0.168818 -0.127214 -0.530297
v -0.353834 -0.127214 -0.276884
v -0.354540 0.152831 -0.275775
v 0.275663 0.152831 0.192313
v 0.276067 0.152831 0.202199
v 0.324994 0.152831 0.197458
v -0.168213 -0.127214 -0.531508
v -0.354540 -0.127214 -0.275775
v -0.362611 0.152831 -0.271235
v -0.362611 -0.127214 -0.271235
v 0.375434 0.152831 0.271504
v 0.402874 0.152831 0.294304
v 0.377351 0.152831 0.268982
v -0.363720 0.152831 -0.271134
v 0.388650 0.152831 0.230345
v 0.434853 0.152831 0.237608
v 0.382193 0.152831 0.259197
v 0.425572 0.152831 0.265653
v 0.383505 0.152831 0.255263
v 0.379066 0.152831 0.266057
v 0.419116 0.152831 0.277053
v 0.380680 0.152831 0.262728
v 0.411550 0.152831 0.286536
v 0.373417 0.152831 0.273724
v 0.382294 0.152831 0.304795
v 0.393189 0.152831 0.300457
v 0.371197 0.152831 0.275641
v 0.387843 0.152831 0.235994
v 0.386935 0.152831 0.241341
v 0.430818 0.152831 0.252539
v 0.385926 0.152831 0.246284
v 0.384816 0.152831 0.250925
v -0.378752 0.152831 -0.271033
v 0.287870 0.152831 0.259399
v 0.290694 0.152831 0.265653
v 0.330845 0.152831 0.250925
v 0.293822 0.152831 0.271605
v 0.332156 0.152831 0.255263
v -0.165086 -0.127214 -0.535140
v 0.325196 0.152831 0.204620
v 0.329735 0.152831 0.246284
v 0.338512 0.152831 0.268982
v 0.313393 0.152831 0.294304
v 0.340429 0.152831 0.271504
v 0.285247 0.152831 0.252539
v 0.276874 0.152831 0.211682
v 0.325498 0.152831 0.211581
v 0.325902 0.152831 0.218139
v 0.277882 0.152831 0.220761
v 0.328726 0.152831 0.241341
v 0.327819 0.152831 0.235994
v 0.283027 0.152831 0.245376
v 0.333266 0.152831 0.105354
v 0.181844 0.152831 0.080537
v 0.182046 0.152831 0.084572
v 0.168023 0.152831 0.072063
v 0.156321 0.152831 0.091230
v 0.169738 0.152831 0.073980
v 0.171352 0.152831 0.076098
v 0.166308 0.152831 0.070247
v 0.153597 0.152831 0.090423
v 0.706929 -0.127214 0.095266
v 0.182247 0.152831 0.088507
v 0.182550 0.152831 0.092643
v 0.180633 0.152831 0.092643
v 0.172058 0.152831 0.109994
v -0.171946 -0.127214 -0.509112
v 0.174379 0.152831 0.080537
v 0.161163 0.152831 0.093954
v 0.175791 0.152831 0.082756
v 0.178414 0.152831 0.087599
v 0.163282 0.152831 0.095871
v 0.165400 0.152831 0.098090
v 0.179524 0.152831 0.090020
v -0.170836 -0.127214 -0.524043
v 0.170646 0.152831 0.106564
v 0.169032 0.152831 0.103437
v 0.167317 0.152831 0.100612
v 0.173370 0.152831 0.113727
v 0.174580 0.152831 0.117863
v 0.176699 0.152831 0.126942
v 0.177506 0.152831 0.131986
v 0.178817 0.152831 0.142982
v 0.178212 0.152831 0.137333
v 0.704508 -0.127214 0.101016
v -0.352623 -0.127214 -0.279406
v 0.158843 0.152831 0.092441
v -0.352341 -0.127214 -0.280113
v 0.150672 0.152831 0.089818
v 0.128982 0.152831 0.103437
v 0.130495 0.152831 0.100612
v 0.091959 0.152831 0.077914
v 0.132210 0.152831 0.098090
v 0.672226 -0.127214 0.091331
v 0.134127 0.152831 0.095871
v 0.175690 0.152831 0.122201
v -0.164178 -0.127214 -0.535745
v 0.179322 0.152831 0.148934
v 0.228653 0.152831 0.251934
v -0.163270 -0.127214 -0.536249
v 0.179725 0.152831 0.155088
v 0.180028 0.152831 0.161443
v 0.180431 0.152831 0.175163
v 0.180230 0.152831 0.168202
v 0.083485 0.152831 0.092844
v 0.081064 0.152831 0.098695
v 0.126158 0.152831 0.109994
v -0.300064 0.152831 -0.284249
v -0.300468 0.152831 -0.286266
v 0.122021 0.152831 0.127043
v 0.122828 0.152831 0.122403
v 0.076827 0.152831 0.111810
v 0.123837 0.152831 0.117863
v 0.120508 0.152831 0.137434
v 0.121214 0.152831 0.132087
v 0.124947 0.152831 0.113727
v 0.127469 0.152831 0.106564
v -0.300972 -0.127214 -0.290907
v 0.228854 0.152831 0.254960
v 0.174580 0.152831 0.247898
v -0.300670 0.152831 -0.288486
v 0.279295 0.152831 0.229437
v 0.326406 0.152831 0.224292
v 0.327112 0.152831 0.230345
v 0.280909 0.152831 0.237608
v 0.333569 0.152831 0.259197
v 0.300883 0.152831 0.281996
v 0.335082 0.152831 0.262728
v 0.230670 0.152831 0.264947
v 0.185677 0.152831 0.268579
v 0.231376 0.152831 0.266965
v 0.178817 0.152831 0.222981
v 0.178212 0.152831 0.228630
v 0.177506 0.152831 0.233876
v 0.235210 0.152831 0.273421
v 0.236420 0.152831 0.274733
v 0.233192 0.152831 0.270496
v 0.234100 0.152831 0.272009
v 0.232284 0.152831 0.268781
v 0.175690 0.152831 0.243560
v 0.176699 0.152831 0.238920
v 0.118491 0.152831 0.197660
v 0.069866 0.152831 0.204015
v 0.119096 0.152831 0.211077
v 0.180230 0.152831 0.197256
v 0.180431 0.152831 0.189993
v 0.180028 0.152831 0.204217
v 0.179725 0.152831 0.210875
v 0.179322 0.152831 0.217130
v 0.118289 0.152831 0.183032
v 0.118390 0.152831 0.175567
v 0.118491 0.152831 0.168505
v 0.069563 0.152831 0.172742
v 0.230065 0.152831 0.262829
v 0.229561 0.152831 0.260408
v 0.024671 -0.127214 0.258894
v 0.024470 0.152831 0.256372
v 0.024671 0.152831 0.258894
v 0.070471 0.152831 0.213599
v 0.071278 0.152831 0.222678
v 0.070471 0.152831 0.152969
v 0.118692 0.152831 0.161645
v 0.071278 0.152831 0.143789
v 0.119399 0.152831 0.148934
v 0.119903 0.152831 0.142982
v 0.229157 0.152831 0.257785
v 0.170646 0.152831 0.258894
v 0.169032 0.152831 0.261921
v 0.182752 0.152831 0.268579
v 0.172058 0.152831 0.255565
v 0.173370 0.152831 0.251934
v 0.180331 0.152831 0.274632
v 0.167317 0.152831 0.264544
v 0.121214 0.152831 0.233876
v 0.075112 0.152831 0.246990
v 0.122929 0.152831 0.243460
v 0.120004 0.152831 0.223082
v 0.072287 0.152831 0.231253
v 0.071373 -0.127214 0.223485
v 0.138062 0.152831 0.271908
v 0.086108 0.152831 0.278263
v 0.088932 0.152831 0.283207
v 0.127469 0.152831 0.258592
v 0.134026 0.152831 0.268680
v 0.124947 0.152831 0.251631
v -0.360593 -0.127214 -0.271638
v 0.076827 0.152831 0.254153
v 0.078844 0.152831 0.260912
v 0.092060 0.152831 0.287645
v 0.147544 0.152831 0.274430
v 0.142500 0.152831 0.273724
v 0.148250 0.152831 0.306208
v -0.363720 -0.127214 -0.271134
v -0.364729 0.152831 -0.271033
v 0.163282 0.152831 0.268882
v 0.179019 0.152831 0.277456
v 0.165400 0.152831 0.266864
v -0.364729 -0.127214 -0.271033
v 0.161163 0.152831 0.270597
v 0.158843 0.152831 0.271908
v 0.072287 -0.127214 0.231253
v 0.073599 0.152831 0.239323
v 0.346986 0.152831 0.277154
v 0.333569 0.152831 0.304795
v 0.349508 0.152831 0.278364
v 0.339218 0.152831 0.306309
v 0.352131 0.152831 0.279272
v 0.028303 -0.127214 0.273119
v 0.027597 0.152831 0.271807
v 0.028303 0.152831 0.273119
v 0.322573 -0.127214 -0.253379
v 0.024268 -0.127214 0.250824
v 0.024219 -0.127214 0.249311
v 0.024268 0.152831 0.250824
v -0.357768 -0.127214 -0.272748
v -0.171744 -0.127214 -0.514862
v 0.354956 0.152831 0.279777
v 0.351021 0.152831 0.308023
v 0.026992 0.152831 0.270395
v 0.026386 0.152831 0.268882
v 0.370289 0.152831 0.307317
v 0.366355 0.152831 0.278364
v 0.363732 0.152831 0.279272
v 0.360907 0.152831 0.279777
v 0.357881 0.152831 0.279978
v 0.357276 0.152831 0.308225
v 0.368877 0.152831 0.277154
v 0.344968 0.152831 0.307317
v 0.344565 0.152831 0.275641
v 0.328222 0.152831 0.302778
v 0.342345 0.152831 0.273724
v 0.322976 0.152831 0.300457
v 0.318033 0.152831 0.297633
v 0.336696 0.152831 0.266057
v 0.308954 0.152831 0.290672
v 0.304818 0.152831 0.286536
v -0.105675 -0.127214 -0.447978
v -0.099917 -0.127214 -0.458268
v -0.084179 -0.127214 -0.475115
v 0.237631 0.152831 0.275741
v 0.249737 0.152831 0.279676
v 0.256092 0.152831 0.303988
v 0.254882 0.152831 0.279978
v 0.256092 0.152831 0.279978
v 0.246509 0.152831 0.279272
v 0.244894 0.152831 0.278970
v 0.243280 0.152831 0.278566
v 0.238942 0.152831 0.276649
v 0.241767 0.152831 0.278062
v 0.240355 0.152831 0.277456
v 0.156321 0.152831 0.273018
v 0.171554 0.152831 0.289865
v -0.349900 -0.127214 -0.296354
v 0.150672 0.152831 0.274228
v 0.160054 0.152831 0.300962
v 0.153597 0.152831 0.273825
v 0.164190 0.152831 0.297834
v -0.489721 0.152831 0.203208
v -0.405182 0.152831 0.242451
v -0.405182 -0.127214 0.242451
v -0.405687 0.152831 0.245578
v 0.130495 0.152831 0.264241
v -0.039590 0.152831 0.083967
v -0.301054 -0.127214 -0.293025
v 0.526251 -0.127214 0.124117
v -0.422736 0.152831 0.274733
v 0.525646 -0.127214 0.120889
v 0.525521 -0.127214 0.120183
v -0.411941 0.152831 0.262627
v -0.411941 -0.127214 0.262627
v -0.407200 -0.127214 0.251631
v -0.408209 0.152831 0.254557
v -0.407200 0.152831 0.251631
v -0.228742 -0.127214 -0.535745
v -0.298551 0.152831 -0.279406
v 0.677371 -0.127214 0.110801
v 0.476517 -0.127214 0.107270
v 0.676867 -0.127214 0.116249
v 0.523830 -0.127214 0.101419
v 0.675959 -0.127214 0.122604
v -0.352018 -0.127214 -0.280920
v 0.523729 -0.127214 0.104950
v 0.524234 -0.127214 0.112314
v -0.355246 -0.127214 -0.274867
v -0.222991 -0.127214 -0.527473
v -0.222487 -0.127214 -0.525858
v -0.404577 -0.127214 0.235894
v -0.404779 -0.127214 0.239223
v -0.236812 -0.127214 -0.537662
v -0.221680 -0.127214 -0.522025
v -0.055226 0.152831 0.088708
v -0.056437 0.152831 0.090121
v -0.227531 0.152831 0.098494
v -0.463996 -0.127214 0.274632
v -0.466417 0.152831 0.272513
v -0.463996 0.152831 0.274632
v -0.229145 0.152831 0.097182
v -0.230961 0.152831 0.096174
v -0.225917 0.152831 0.099906
v -0.224404 0.152831 0.101520
v -0.063297 -0.127214 0.196550
v -0.061784 -0.127214 0.194633
v -0.063297 0.152831 0.196550
v -0.232878 0.152831 0.095266
v -0.234895 0.152831 0.094761
v -0.237115 0.152831 0.094357
v -0.241856 0.152831 0.094357
v -0.239334 0.152831 0.094257
v -0.231566 -0.127214 -0.536955
v -0.244277 0.152831 0.094862
v -0.256484 0.152831 0.072466
v -0.254668 0.152831 0.070146
v -0.258199 0.152831 0.074988
v -0.230557 -0.127214 -0.536653
v 0.088932 0.152831 0.082454
v 0.086108 0.152831 0.087397
v 0.118995 0.152831 0.155088
v 0.022250 0.152831 0.107371
v 0.021241 0.152831 0.101924
v 0.019829 0.152831 0.096880
v 0.023158 0.152831 0.113121
v -0.478624 -0.127214 0.254657
v -0.480238 0.152831 0.250723
v 0.007522 0.152831 0.073072
v 0.004596 0.152831 0.070348
v 0.010144 0.152831 0.076300
v -0.024962 0.152831 0.111911
v -0.417792 -0.127214 0.195743
v -0.416182 -0.127214 0.197660
v -0.405989 -0.127214 0.218239
v -0.094166 0.152831 0.070651
v -0.406897 -0.127214 0.215112
v -0.487098 -0.127214 0.215617
v 0.456038 -0.127214 0.085783
v -0.229650 -0.127214 -0.536249
v -0.485181 -0.127214 0.232363
v -0.411941 -0.127214 0.203511
v -0.485988 -0.127214 0.227016
v -0.503037 -0.127214 0.206335
v -0.505054 -0.127214 0.207243
v -0.505054 0.152831 0.207243
v -0.503037 0.152831 0.206335
v -0.500918 0.152831 0.205428
v -0.222397 -0.127214 -0.525455
v -0.222083 -0.127214 -0.524043
v -0.404779 0.152831 0.239223
v -0.480720 -0.127214 0.249311
v -0.481650 -0.127214 0.246587
v 0.474600 -0.127214 0.101318
v -0.063499 0.152831 0.109893
v -0.103044 0.152831 0.119780
v -0.100320 0.152831 0.122907
v -0.023953 0.152831 0.218441
v -0.024054 0.152831 0.222779
v 0.024167 0.152831 0.247697
v 0.024167 0.152831 0.132592
v -0.023953 0.152831 0.184646
v -0.049577 0.152831 0.186361
v -0.054117 0.152831 0.188580
v -0.058253 0.152831 0.191304
v -0.061784 0.152831 0.194633
v -0.096991 0.152831 0.173650
v -0.093158 0.152831 0.127547
v -0.026980 0.152831 0.245376
v -0.027787 0.152831 0.248605
v 0.024268 0.152831 0.253649
v -0.014571 0.152831 0.303686
v -0.418599 -0.127214 0.271303
v -0.414968 -0.127214 0.267267
v -0.410529 -0.127214 0.260105
v -0.408209 -0.127214 0.254557
v -0.423328 -0.127214 0.275136
v 0.025478 0.152831 0.265351
v -0.021229 0.152831 0.272816
v 0.025882 0.152831 0.267167
v 0.025176 0.152831 0.263333
v -0.024962 0.152831 0.234683
v -0.025567 0.152831 0.238315
v -0.024559 0.152831 0.230849
v 0.024873 0.152831 0.261215
v -0.028796 0.152831 0.251732
v -0.038379 0.152831 0.184646
v -0.024256 0.152831 0.226814
v -0.051897 0.152831 0.187370
v -0.046954 0.152831 0.185655
v -0.060069 0.152831 0.192817
v -0.056235 0.152831 0.189791
v -0.113233 0.152831 0.193221
v -0.067937 0.152831 0.205831
v -0.108794 0.152831 0.185655
v -0.041406 0.152831 0.184747
v -0.044331 0.152831 0.185049
v -0.070560 0.152831 0.217432
v -0.070157 0.152831 0.214204
v -0.119084 0.152831 0.211480
v -0.116663 0.152831 0.201796
v -0.068845 0.152831 0.208454
v -0.290682 -0.127214 -0.536955
v -0.288766 -0.127214 -0.537339
v -0.297946 0.152831 -0.530297
v -0.103447 0.152831 0.179098
v -0.065819 0.152831 0.200888
v -0.064608 0.152831 0.198668
v -0.066929 0.152831 0.203208
v -0.070964 0.152831 0.220862
v -0.069551 0.152831 0.211279
v 0.719741 -0.127214 0.085985
v -0.029804 0.152831 0.254557
v -0.030914 0.152831 0.257280
v -0.039792 0.152831 0.269991
v -0.041607 0.152831 0.271504
v -0.030914 0.152831 0.283812
v -0.034949 0.152831 0.264443
v -0.033537 0.152831 0.262224
v -0.038077 0.152831 0.268276
v -0.027484 0.152831 0.278566
v -0.043423 0.152831 0.272715
v -0.036463 0.152831 0.266461
v -0.032226 0.152831 0.259802
v -0.071266 0.152831 0.224494
v -0.120597 0.152831 0.222275
v -0.071569 0.152831 0.228227
v -0.121102 0.152831 0.234078
v -0.121001 0.152831 0.240231
v -0.071670 0.152831 0.236398
v -0.071569 0.152831 0.242552
v -0.071670 0.152831 0.232262
v -0.120093 0.152831 0.251732
v -0.119387 0.152831 0.257079
v -0.071266 0.152831 0.248302
v -0.120597 0.152831 0.246083
v -0.045340 0.152831 0.273623
v -0.047358 0.152831 0.274430
v 0.701187 -0.127214 0.111955
v -0.087811 0.152831 0.304997
v -0.064104 0.152831 0.271000
v -0.066021 0.152831 0.268579
v -0.068845 0.152831 0.262123
v 0.703701 -0.127214 0.103336
v -0.037169 0.152831 0.292690
v -0.049476 0.152831 0.274934
v -0.051696 0.152831 0.275237
v -0.040397 0.152831 0.296523
v -0.118479 0.152831 0.262123
v -0.070661 0.152831 0.253447
v -0.084684 0.152831 0.306006
v -0.096588 0.152831 0.072971
v -0.100724 0.152831 0.078116
v -0.098807 0.152831 0.075392
v -0.102540 0.152831 0.080940
v -0.104154 0.152831 0.083967
v -0.105465 0.152831 0.087195
v -0.106474 0.152831 0.090625
v -0.107180 0.152831 0.094257
v -0.107684 0.152831 0.097989
v -0.107785 0.152831 0.102024
v -0.107483 0.152831 0.107270
v -0.106575 0.152831 0.112012
v -0.105162 0.152831 0.116148
v -0.220570 0.152831 0.107674
v -0.219461 0.152831 0.110196
v -0.173661 0.152831 0.088607
v -0.175476 0.152831 0.084270
v -0.177393 0.152831 0.080335
v -0.179512 0.152831 0.076703
v -0.221680 0.152831 0.105454
v -0.222991 0.152831 0.103336
v -0.181933 0.152831 0.073273
v -0.097092 0.152831 0.125429
v -0.166498 0.152831 0.121797
v -0.215123 0.152831 0.129363
v -0.165994 0.152831 0.128556
v -0.214417 0.152831 0.137232
v -0.165691 0.152831 0.135618
v -0.214114 0.152831 0.141469
v -0.165590 0.152831 0.142982
v 0.712478 -0.127214 0.088507
v -0.218553 0.152831 0.112920
v -0.217645 0.152831 0.115744
v -0.170533 0.152831 0.098292
v -0.172046 0.152831 0.093349
v -0.169222 0.152831 0.103639
v -0.216939 0.152831 0.118872
v -0.168112 0.152831 0.109389
v 0.710561 -0.127214 0.090121
v 0.713587 -0.127214 0.087901
v 0.711469 -0.127214 0.089314
v -0.023953 -0.127214 0.218441
v -0.023953 -0.127214 0.184646
v -0.038379 -0.127214 0.184646
v -0.024054 -0.127214 0.222779
v -0.049577 -0.127214 0.186361
v -0.064608 -0.127214 0.198668
v -0.063984 -0.127214 0.197660
v -0.069551 -0.127214 0.211279
v -0.068845 -0.127214 0.208454
v -0.066929 -0.127214 0.203208
v 0.677472 -0.127214 0.107876
v 0.281413 -0.127214 -0.310478
v 0.677068 -0.127214 0.114231
v 0.234504 -0.127214 -0.305837
v -0.024559 -0.127214 0.230849
v -0.028015 -0.127214 0.249311
v -0.024089 -0.127214 0.223485
v 0.656186 -0.127214 0.085783
v 0.654168 -0.127214 0.085783
v 0.659616 -0.127214 0.085985
v 0.668090 -0.127214 0.088204
v -0.029804 -0.127214 0.254557
v -0.028796 -0.127214 0.251732
v 0.665568 -0.127214 0.087195
v 0.436165 -0.127214 0.134609
v 0.525747 -0.127214 0.093147
v -0.024256 -0.127214 0.226814
v 0.676261 -0.127214 0.120486
v -0.033537 -0.127214 0.262224
v -0.034949 -0.127214 0.264443
v 0.675252 -0.127214 0.126740
v 0.530085 -0.127214 0.088507
v 0.476114 -0.127214 0.105858
v 0.534322 -0.127214 0.086792
v 0.525273 -0.127214 0.094357
v 0.525343 -0.127214 0.119174
v 0.524032 -0.127214 0.110599
v -0.071266 -0.127214 0.224494
v -0.071182 -0.127214 0.223485
v -0.297240 -0.127214 -0.531508
v -0.061985 0.152831 0.272917
v -0.064104 -0.127214 0.271000
v -0.056840 -0.127214 0.275136
v -0.059564 0.152831 0.274329
v -0.056840 0.152831 0.275136
v -0.424955 -0.127214 0.276246
v -0.424955 0.152831 0.276246
v -0.066021 -0.127214 0.268579
v -0.226220 -0.127214 -0.533525
v -0.069854 0.152831 0.257987
v -0.070661 -0.127214 0.253447
v -0.071148 -0.127214 0.249311
v -0.066222 -0.127214 0.268213
v -0.471058 -0.127214 0.267671
v -0.069854 -0.127214 0.257987
v -0.040397 -0.127214 0.184713
v -0.054117 -0.127214 0.188580
v -0.480238 -0.127214 0.250723
v 0.305524 -0.127214 -0.278398
v 0.468648 -0.127214 0.090625
v 0.469556 -0.127214 0.091634
v -0.070964 -0.127214 0.220862
v -0.070560 -0.127214 0.217432
v 0.284541 -0.127214 -0.291109
v 0.283951 -0.127214 -0.293025
v 0.471070 -0.127214 0.093752
v 0.470363 -0.127214 0.092643
v 0.297050 -0.127214 -0.244804
v 0.303405 -0.127214 -0.246015
v -0.246497 0.152831 0.095669
v -0.259914 0.152831 0.077914
v -0.261629 0.152831 0.081041
v -0.263344 0.152831 0.084572
v -0.248615 0.152831 0.096880
v -0.264958 0.152831 0.088406
v -0.250532 0.152831 0.098292
v -0.266572 0.152831 0.092643
v -0.252348 0.152831 0.100108
v -0.268186 0.152831 0.076098
v -0.314995 0.152831 0.009012
v -0.268791 0.152831 0.086085
v -0.267783 0.152831 0.069843
v -0.267883 0.152831 0.072769
v -0.258501 0.152831 0.109389
v -0.269296 0.152831 0.092643
v -0.259712 0.152831 0.112213
v -0.260822 0.152831 0.115341
v -0.261831 0.152831 0.118569
v -0.224706 -0.127214 -0.531508
v -0.257089 0.152831 0.106665
v -0.255677 0.152831 0.104244
v -0.254063 0.152831 0.102024
v -0.044331 -0.127214 0.185049
v -0.269094 0.152831 0.089314
v -0.041406 -0.127214 0.184747
v -0.466417 -0.127214 0.272513
v -0.463225 -0.127214 0.275136
v -0.461373 -0.127214 0.276347
v 0.471473 -0.127214 0.094357
v -0.234593 -0.127214 -0.537460
v 0.471877 -0.127214 0.094963
v 0.466832 -0.127214 0.089112
v -0.516555 -0.127214 0.078620
v -0.516151 0.152831 0.083765
v -0.516555 0.152831 0.078620
v 0.460073 -0.127214 0.086186
v 0.461385 -0.127214 0.086489
v -0.026980 -0.127214 0.245376
v -0.038077 -0.127214 0.268276
v -0.021229 -0.127214 0.272816
v -0.025567 -0.127214 0.238315
v 0.458863 -0.127214 0.085985
v 0.427489 -0.127214 0.104748
v 0.424664 -0.127214 0.098393
v 0.258110 -0.127214 -0.248133
v -0.025769 0.152831 0.275741
v -0.071670 -0.127214 0.232262
v 0.439998 -0.127214 0.171632
v 0.440000 -0.127214 0.171834
v 0.244693 -0.127214 -0.261248
v -0.043423 -0.127214 0.272715
v 0.241364 -0.127214 -0.267805
v 0.241631 -0.127214 -0.267200
v -0.288665 -0.127214 -0.537359
v -0.071569 -0.127214 0.242552
v -0.292599 -0.127214 -0.536249
v -0.061985 -0.127214 0.272917
v 0.281817 -0.127214 -0.304727
v 0.281888 -0.127214 -0.304122
v 0.235210 -0.127214 -0.294438
v -0.047358 -0.127214 0.274430
v 0.235373 -0.127214 -0.293025
v -0.294314 -0.127214 -0.535140
v 0.301489 -0.127214 -0.278297
v 0.311173 -0.127214 -0.279104
v 0.075112 -0.127214 0.119073
v 0.091959 -0.127214 0.077914
v 0.088932 -0.127214 0.082454
v 0.285953 -0.127214 -0.287780
v 0.021241 -0.127214 0.101924
v 0.014785 -0.127214 0.083563
v 0.018417 -0.127214 0.092138
v 0.019829 -0.127214 0.096880
v 0.307239 -0.127214 -0.246923
v 0.024066 -0.127214 0.125732
v 0.024167 -0.127214 0.132592
v 0.320555 -0.127214 -0.252269
v 0.316823 -0.127214 -0.250454
v 0.279698 -0.127214 -0.243190
v 0.081064 -0.127214 0.098695
v 0.086108 -0.127214 0.087397
v 0.083485 -0.127214 0.092844
v 0.022250 -0.127214 0.107371
v 0.292510 -0.127214 -0.243997
v 0.310741 -0.127214 -0.279032
v 0.287668 -0.127214 -0.284854
v -0.119588 -0.127214 -0.385634
v -0.106070 -0.127214 -0.447272
v 0.292107 -0.127214 -0.280617
v 0.289686 -0.127214 -0.282534
v -0.111215 -0.127214 -0.434460
v -0.117873 -0.127214 -0.403692
v 0.298059 -0.127214 -0.278498
v 0.295335 -0.127214 -0.279201
v -0.119992 -0.127214 -0.355874
v -0.119588 -0.127214 -0.346189
v -0.115150 -0.127214 -0.419933
v -0.120194 -0.127214 -0.365861
v -0.119455 -0.127214 -0.344676
v -0.118781 -0.127214 -0.337009
v -0.321855 -0.127214 -0.009752
v -0.321182 -0.127214 -0.008944
v -0.321855 0.152831 -0.009752
v -0.318929 -0.127214 -0.005716
v -0.318929 0.152831 -0.005716
v -0.319837 0.152831 -0.007230
v -0.318021 0.152831 -0.004102
v -0.520288 -0.127214 0.225604
v -0.521195 0.152831 0.228428
v -0.520288 0.152831 0.225604
v -0.390756 -0.127214 -0.010054
v -0.393884 0.152831 -0.012173
v -0.390756 0.152831 -0.010054
v -0.374515 -0.127214 0.012240
v -0.374515 0.152831 0.012240
v -0.373405 0.152831 0.015469
v -0.375725 0.152831 0.009012
v -0.518068 0.152831 0.220661
v -0.518068 -0.127214 0.220661
v -0.519279 0.152831 0.223082
v -0.505256 -0.127214 0.207360
v 0.650133 -0.127214 0.239021
v 0.649795 -0.127214 0.236398
v 0.650940 -0.127214 0.244771
v -0.523314 0.152831 0.245477
v -0.523213 -0.127214 0.249008
v -0.523213 0.152831 0.249008
v -0.522910 0.152831 0.252640
v -0.523188 -0.127214 0.249311
v -0.522910 -0.127214 0.238012
v -0.523213 0.152831 0.241644
v -0.522910 0.152831 0.238012
v -0.519884 0.152831 0.267570
v -0.518472 -0.127214 0.271303
v -0.518472 0.152831 0.271303
v -0.516858 -0.127214 0.274834
v -0.522910 -0.127214 0.252640
v -0.522406 -0.127214 0.256372
v -0.519440 -0.127214 0.223485
v -0.376936 -0.127214 0.050575
v -0.376129 -0.127214 0.049108
v -0.376936 0.152831 0.050575
v 0.665760 -0.127214 0.171834
v 0.642769 -0.127214 0.197660
v 0.636752 -0.127214 0.171834
v -0.522406 0.152831 0.256372
v -0.521801 0.152831 0.260105
v 0.660524 -0.127214 0.196651
v 0.655119 -0.127214 0.223485
v -0.398726 0.152831 0.065606
v 0.659313 -0.127214 0.202098
v 0.658492 -0.127214 0.205658
v 0.658204 -0.127214 0.207042
v 0.646098 -0.127214 0.212691
v -0.215627 0.152831 0.125631
v -0.167204 0.152831 0.115442
v -0.216232 0.152831 0.122201
v -0.214719 0.152831 0.133197
v -0.213912 0.152831 0.145807
v -0.213811 0.152831 0.150346
v 0.072287 -0.127214 0.135013
v -0.266471 0.152831 0.150548
v -0.266168 0.152831 0.146109
v -0.262738 0.152831 0.121999
v -0.264857 0.152831 0.133399
v -0.265361 0.152831 0.137535
v -0.265866 0.152831 0.141772
v -0.264252 0.152831 0.129363
v -0.263546 0.152831 0.125631
v -0.117369 0.152831 0.266965
v -0.116058 0.152831 0.271404
v -0.161252 0.152831 0.273119
v -0.160344 0.152831 0.274430
v -0.162059 0.152831 0.271706
v 0.071278 -0.127214 0.143789
v -0.164480 0.152831 0.264645
v -0.163976 0.152831 0.266662
v -0.165287 0.152831 0.257381
v -0.165086 0.152831 0.260004
v -0.164783 0.152831 0.262425
v 0.235815 -0.127214 -0.289192
v -0.162765 0.152831 0.270193
v -0.163371 0.152831 0.268478
v -0.165489 0.152831 0.254355
v 0.253066 -0.127214 -0.251361
v 0.070471 -0.127214 0.152969
v 0.647611 -0.127214 0.221367
v 0.646905 -0.127214 0.217130
v 0.024167 -0.127214 0.247697
v 0.069563 -0.127214 0.193927
v -0.266673 0.152831 0.154987
v -0.165590 0.152831 0.251227
v -0.264655 0.152831 0.267469
v -0.298652 0.152831 0.275136
v -0.263949 0.152831 0.269285
v -0.265160 0.152831 0.265653
v -0.265664 0.152831 0.263535
v -0.266068 0.152831 0.261316
v -0.266370 0.152831 0.258894
v -0.266572 0.152831 0.256272
v -0.266774 0.152831 0.159527
v -0.261528 0.152831 0.273623
v -0.262436 0.152831 0.272311
v -0.263243 0.152831 0.270798
v -0.336382 0.152831 -0.015603
v -0.336382 -0.127214 -0.015603
v -0.335272 0.152831 -0.015603
v 0.655076 -0.127214 0.223687
v 0.106486 0.152831 0.301063
v 0.095288 0.152831 0.291681
v 0.030825 0.152831 0.276145
v 0.029917 0.152831 0.275237
v 0.044343 0.152831 0.303686
v 0.034255 0.152831 0.278263
v 0.038290 0.152831 0.279272
v 0.036878 0.152831 0.279071
v 0.069563 -0.127214 0.172742
v 0.031834 0.152831 0.277053
v 0.033044 0.152831 0.277759
v 0.044343 0.152831 0.279575
v -0.042112 0.152831 0.298238
v -0.043827 0.152831 0.299751
v -0.053915 0.152831 0.275338
v -0.081455 0.152831 0.306813
v -0.039590 -0.127214 0.083967
v -0.322964 0.152831 -0.010760
v -0.060371 0.152831 0.307015
v -0.057950 0.152831 0.306510
v -0.055731 0.152831 0.305905
v -0.053511 0.152831 0.305098
v -0.051494 0.152831 0.304291
v -0.049476 0.152831 0.303282
v -0.045643 0.152831 0.301063
v -0.028896 -0.127214 0.093954
v -0.341224 0.152831 -0.015704
v -0.341224 -0.127214 -0.015704
v -0.062893 0.152831 0.307418
v -0.068341 0.152831 0.307822
v -0.078126 0.152831 0.307418
v -0.074696 0.152831 0.307822
v -0.071266 0.152831 0.307923
v -0.327706 0.152831 -0.013787
v -0.327706 -0.127214 -0.013787
v -0.326495 0.152831 -0.013282
v -0.067635 0.152831 0.265653
v -0.329017 -0.127214 -0.014291
v -0.024458 -0.127214 0.118266
v -0.337592 0.152831 -0.015704
v -0.028735 -0.127214 0.094357
v -0.316004 0.152831 0.001547
v -0.316004 -0.127214 0.001547
v -0.315499 0.152831 0.003867
v 0.340126 -0.127214 0.093248
v 0.342144 -0.127214 0.091029
v -0.032024 -0.127214 0.088809
v -0.030813 -0.127214 0.090322
v -0.026778 -0.127214 0.100612
v -0.026173 -0.127214 0.103235
v 0.263658 -0.127214 -0.245813
v 0.266685 -0.127214 -0.244804
v 0.269509 -0.127214 -0.244145
v 0.389759 -0.127214 0.145706
v -0.059463 -0.127214 0.095366
v -0.380668 0.152831 -0.000067
v -0.380668 -0.127214 -0.000067
v -0.382787 0.152831 -0.002791
v -0.655972 -0.127214 0.270899
v -0.656880 0.152831 0.269386
v -0.655972 0.152831 0.270899
v 0.106183 -0.127214 -0.277590
v 0.406405 -0.127214 0.073475
v -0.372598 0.152831 0.039478
v -0.372598 -0.127214 0.039478
v -0.372194 0.152831 0.037057
v 0.410541 -0.127214 0.077510
v 0.653160 -0.127214 0.236398
v -0.373203 0.152831 0.041900
v 0.653462 -0.127214 0.234078
v -0.401450 0.152831 0.066212
v -0.660512 -0.127214 0.253447
v -0.660512 -0.127214 0.092643
v -0.660512 0.152831 0.253447
v 0.648721 -0.127214 0.229034
v 0.648216 -0.127214 0.225301
v -0.654964 0.152831 0.272311
v -0.654964 -0.127214 0.272311
v -0.391160 0.152831 0.063084
v -0.396002 0.152831 0.064900
v -0.659100 -0.127214 0.263939
v -0.659100 0.152831 0.263939
v -0.658494 -0.127214 0.265956
v -0.658494 0.152831 0.265956
v -0.659604 0.152831 0.261618
v -0.660310 0.152831 0.256372
v 0.653765 -0.127214 0.232363
v -0.709036 -0.127214 0.253447
v -0.709036 0.152831 0.253447
v -0.708935 0.152831 0.250320
v -0.709944 -0.127214 0.261618
v -0.710549 0.152831 0.263939
v -0.709944 0.152831 0.261618
v -0.516151 -0.127214 0.083765
v -0.516846 -0.127214 0.068532
v -0.516757 0.152831 0.073374
v -0.516858 0.152831 0.067927
v -0.509897 -0.127214 0.111608
v -0.508081 -0.127214 0.115946
v -0.511511 -0.127214 0.107270
v -0.508081 0.152831 0.115946
v -0.509897 0.152831 0.111608
v -0.516757 -0.127214 0.073374
v -0.513932 -0.127214 0.098191
v -0.512822 -0.127214 0.102731
v -0.514840 -0.127214 0.093551
v -0.512822 0.152831 0.102731
v -0.513932 0.152831 0.098191
v -0.297240 0.152831 -0.276884
v -0.297946 0.152831 -0.278095
v -0.511511 0.152831 0.107270
v 0.375233 -0.127214 0.093248
v 0.376076 -0.127214 0.094357
v 0.373215 -0.127214 0.091029
v -0.515546 -0.127214 0.088708
v -0.515546 0.152831 0.088708
v -0.514840 0.152831 0.093551
v -0.373909 -0.127214 0.044119
v -0.373460 -0.127214 0.042707
v -0.373909 0.152831 0.044119
v 0.424462 -0.127214 0.098003
v 0.422577 -0.127214 0.094357
v 0.346683 -0.127214 0.087599
v -0.384804 0.152831 0.059352
v -0.384804 -0.127214 0.059352
v -0.382989 0.152831 0.057839
v -0.325285 0.152831 -0.012576
v -0.329017 0.152831 -0.014291
v -0.616931 0.152831 0.061773
v -0.324074 0.152831 -0.011668
v -0.331539 0.152831 -0.014997
v -0.330228 0.152831 -0.014695
v -0.332851 0.152831 -0.015199
v -0.660512 0.152831 0.092643
v -0.616931 0.152831 0.092643
v -0.315197 0.152831 0.006289
v -0.513932 0.152831 0.214406
v -0.513932 -0.127214 0.214406
v -0.515445 0.152831 0.216424
v 0.334779 -0.127214 0.101823
v -0.320846 0.152831 -0.008541
v -0.515445 -0.127214 0.216424
v -0.516858 -0.127214 0.218441
v -0.317214 0.152831 -0.002387
v -0.508787 0.152831 0.209665
v -0.508787 -0.127214 0.209665
v -0.510603 0.152831 0.211077
v -0.316508 0.152831 -0.000470
v -0.516858 0.152831 0.218441
v -0.419608 0.152831 0.023236
v -0.418196 0.152831 0.026263
v -0.378752 0.152831 0.002859
v -0.385208 0.152831 -0.005414
v -0.421222 0.152831 0.020311
v -0.387831 0.152831 -0.007835
v -0.422937 0.152831 0.017688
v -0.397314 0.152831 -0.014089
v -0.424753 0.152831 0.015166
v -0.404779 0.152831 -0.017419
v -0.408814 0.152831 -0.018932
v -0.428688 0.152831 0.010626
v -0.377138 0.152831 0.005885
v 0.649730 -0.127214 0.235894
v -0.523314 -0.127214 0.245477
v -0.522507 0.152831 0.234683
v -0.379659 -0.127214 0.054409
v -0.378247 0.152831 0.052593
v -0.379659 0.152831 0.054409
v -0.522003 0.152831 0.231455
v -0.522003 -0.127214 0.231455
v -0.522507 -0.127214 0.234683
v 0.090647 -0.127214 -0.327527
v 0.656186 -0.127214 0.217937
v -0.516858 0.152831 0.274834
v -0.512318 0.152831 0.212590
v -0.512318 -0.127214 0.212590
v 0.657397 -0.127214 0.211682
v -0.045643 -0.127214 0.083664
v 0.068555 -0.127214 -0.315421
v 0.092060 -0.127214 -0.323189
v 0.652958 -0.127214 0.237608
v 0.073800 -0.127214 -0.321575
v -0.081153 -0.127214 0.165680
v -0.446342 -0.127214 0.004574
v -0.446342 0.152831 0.004574
v -0.448460 0.152831 0.004775
v 0.097302 -0.127214 -0.293025
v 0.096297 -0.127214 -0.295951
v 0.095288 -0.127214 -0.299381
v -0.519279 -0.127214 0.223082
v -0.424753 -0.127214 0.015166
v -0.423519 -0.127214 0.016881
v -0.510603 -0.127214 0.211077
v -0.506971 -0.127214 0.208353
v -0.506971 0.152831 0.208353
v 0.104468 -0.127214 -0.279608
v 0.339283 -0.127214 0.094357
v -0.521195 -0.127214 0.228428
v -0.519884 -0.127214 0.267570
v 0.388549 -0.127214 0.133499
v 0.327011 -0.127214 0.133499
v 0.327718 -0.127214 0.127951
v -0.520893 -0.127214 0.263838
v -0.520893 0.152831 0.263838
v 0.328525 -0.127214 0.122806
v 0.329060 -0.127214 0.120183
v 0.325196 -0.127214 0.159224
v -0.523213 -0.127214 0.241644
v -0.623287 -0.127214 0.279575
v -0.660310 -0.127214 0.256372
v 0.386834 -0.127214 0.122806
v 0.386299 -0.127214 0.120183
v -0.521801 -0.127214 0.260105
v 0.156119 -0.127214 -0.296556
v -0.514941 -0.127214 0.278263
v -0.514941 0.152831 0.278263
v -0.516689 -0.127214 0.275136
v -0.708935 0.152831 0.092643
v -0.708935 -0.127214 0.092643
v -0.660008 -0.127214 0.259096
v -0.660209 -0.127214 0.257280
v -0.660008 0.152831 0.259096
v 0.357679 -0.127214 0.084774
v 0.368675 -0.127214 0.087599
v 0.370996 -0.127214 0.089112
v 0.372811 -0.127214 0.090680
v 0.360706 -0.127214 0.084976
v -0.657687 0.152831 0.267772
v -0.657687 -0.127214 0.267772
v 0.069563 -0.127214 -0.267805
v 0.069944 -0.127214 -0.267200
v 0.329534 -0.127214 0.117863
v 0.330643 -0.127214 0.113424
v 0.091854 -0.127214 -0.327619
v 0.344363 -0.127214 0.089112
v 0.086310 -0.127214 -0.327022
v -0.709540 0.152831 0.259096
v -0.709238 0.152831 0.256372
v -0.709540 -0.127214 0.259096
v 0.351929 -0.127214 0.085480
v 0.079853 -0.127214 -0.325206
v -0.710549 -0.127214 0.263939
v -0.711255 -0.127214 0.265956
v 0.088731 -0.127214 -0.327392
v 0.069765 -0.127214 -0.317136
v 0.390869 -0.127214 0.166487
v 0.066436 -0.127214 -0.311486
v 0.064822 -0.127214 -0.306543
v 0.064374 -0.127214 -0.304122
v 0.064318 -0.127214 -0.303819
v 0.430818 -0.127214 0.252539
v -0.028089 -0.127214 0.095972
v 0.479378 -0.127214 0.120183
v 0.075314 -0.127214 -0.322684
v 0.083485 -0.127214 -0.326417
v 0.391071 -0.127214 0.182023
v 0.324893 -0.127214 0.174054
v 0.324923 -0.127214 0.171834
v 0.325196 -0.127214 0.204620
v 0.093674 -0.127214 -0.306745
v 0.093069 -0.127214 -0.310579
v -0.371892 0.152831 0.034636
v -0.413959 0.152831 0.039579
v -0.416985 0.152831 0.029491
v -0.386822 0.152831 0.060764
v -0.411941 0.152831 0.050273
v -0.388941 0.152831 0.061975
v -0.412547 0.152831 0.046742
v -0.381173 0.152831 0.056225
v -0.411437 0.152831 0.053804
v -0.413152 0.152831 0.043110
v -0.375826 0.152831 0.048558
v -0.374817 0.152831 0.046439
v -0.435850 0.152831 0.005986
v -0.433328 0.152831 0.007197
v -0.422837 0.152831 -0.022059
v -0.417893 0.152831 -0.021252
v -0.439179 0.152831 -0.023169
v -0.444728 0.152831 -0.022967
v -0.444223 0.152831 0.004473
v -0.450074 0.152831 -0.022463
v -0.455320 0.152831 -0.021555
v -0.441298 0.152831 0.004674
v -0.428082 0.152831 -0.022664
v -0.430907 0.152831 0.008810
v -0.400945 0.152831 -0.015804
v -0.438473 0.152831 0.005179
v -0.433530 0.152831 -0.023068
v -0.450478 0.152831 0.005179
v -0.460465 0.152831 -0.020243
v -0.452496 0.152831 0.005784
v -0.413253 0.152831 -0.020243
v -0.062490 -0.127214 0.104547
v -0.025265 -0.127214 0.108884
v -0.064205 -0.127214 0.115845
v -0.060270 -0.127214 0.097485
v -0.426670 0.152831 0.012846
v -0.465408 0.152831 -0.018629
v -0.470251 0.152831 -0.016611
v -0.454412 0.152831 0.006490
v -0.459961 0.152831 0.009416
v -0.458246 0.152831 0.008306
v -0.474891 0.152831 -0.014291
v -0.479330 0.152831 -0.011769
v -0.461676 0.152831 0.010626
v -0.483466 0.152831 -0.008844
v -0.463391 0.152831 0.012039
v -0.487400 0.152831 -0.005615
v -0.464904 0.152831 0.013552
v -0.491234 0.152831 -0.002185
v -0.466417 0.152831 0.015267
v 0.390970 -0.127214 0.174054
v -0.501221 0.152831 0.010122
v -0.504046 0.152831 0.014863
v -0.472369 0.152831 0.025658
v -0.494765 0.152831 0.001547
v -0.498094 0.152831 0.005683
v -0.469141 0.152831 0.018999
v -0.467829 0.152831 0.016982
v -0.473277 0.152831 0.028180
v -0.473983 0.152831 0.030903
v -0.506669 0.152831 0.019807
v -0.509090 0.152831 0.025052
v 0.390940 -0.127214 0.171834
v -0.414867 0.152831 0.036149
v -0.371690 0.152831 0.032114
v -0.371589 0.152831 0.029491
v -0.371690 0.152831 0.025859
v -0.415876 0.152831 0.032719
v -0.372093 0.152831 0.022329
v -0.372598 0.152831 0.018899
v -0.055226 -0.127214 0.088708
v -0.410832 0.152831 0.060462
v -0.410731 0.152831 0.063791
v -0.404375 0.152831 0.066615
v -0.407503 0.152831 0.066817
v -0.410630 0.152831 0.066918
v -0.471360 0.152831 0.023337
v -0.474488 0.152831 0.033728
v -0.470251 0.152831 0.021118
v -0.474992 0.152831 0.036654
v -0.511208 0.152831 0.030500
v -0.475295 0.152831 0.039781
v -0.516757 0.152831 0.061067
v -0.474588 0.152831 0.058444
v -0.474992 0.152831 0.055519
v -0.512923 0.152831 0.036149
v -0.475496 0.152831 0.043009
v -0.475496 0.152831 0.049567
v -0.475496 -0.127214 0.043009
v -0.475478 -0.127214 0.042707
v -0.516252 0.152831 0.054510
v -0.475295 0.152831 0.052593
v -0.515445 0.152831 0.048154
v -0.609567 0.152831 -0.037998
v -0.635897 0.152831 -0.009953
v -0.606944 0.152831 -0.036687
v 0.327112 -0.127214 0.230345
v -0.640739 0.152831 -0.016208
v -0.639630 0.152831 -0.015199
v -0.626213 0.152831 -0.042437
v -0.622278 0.152831 -0.041832
v -0.630248 0.152831 -0.042941
v -0.641950 0.152831 -0.017015
v -0.634686 0.152831 -0.043345
v -0.643261 0.152831 -0.017519
v -0.639327 0.152831 -0.043547
v -0.644371 0.152831 -0.043648
v -0.644674 0.152831 -0.017822
v -0.649819 0.152831 -0.043446
v -0.654964 0.152831 -0.042941
v -0.648608 0.152831 -0.017620
v -0.659907 0.152831 -0.042134
v -0.677258 0.152831 -0.035375
v -0.653652 0.152831 -0.013585
v -0.673324 0.152831 -0.037494
v -0.680991 0.152831 -0.032954
v -0.654560 0.152831 -0.012374
v -0.594839 0.152831 -0.025388
v -0.634485 0.152831 -0.006725
v -0.593830 0.152831 -0.023471
v 0.338512 -0.127214 0.268982
v 0.336696 -0.127214 0.266057
v -0.591610 0.152831 -0.014997
v -0.591409 0.152831 -0.012778
v -0.592014 0.152831 -0.017116
v -0.593124 0.152831 -0.021353
v -0.592417 0.152831 -0.019335
v -0.595948 0.152831 -0.027204
v -0.597260 0.152831 -0.029020
v -0.598874 0.152831 -0.030735
v -0.600589 0.152831 -0.032349
v -0.635191 0.152831 -0.008440
v -0.602506 0.152831 -0.033862
v -0.604624 0.152831 -0.035375
v -0.049274 -0.127214 0.084471
v -0.597966 0.152831 0.009315
v -0.632265 0.152831 0.000841
v -0.600891 0.152831 0.011938
v -0.595646 0.152831 0.006289
v -0.593729 0.152831 0.002758
v -0.632669 0.152831 -0.001177
v -0.592417 0.152831 -0.001177
v -0.604523 0.152831 0.014056
v -0.591610 0.152831 -0.005615
v -0.633274 0.152831 -0.003093
v -0.591308 0.152831 -0.010458
v -0.664648 0.152831 -0.040924
v -0.650827 0.152831 -0.016511
v 0.329735 -0.127214 0.246284
v 0.328726 -0.127214 0.241341
v -0.636805 0.152831 -0.011467
v -0.612392 0.152831 -0.039108
v -0.615418 0.152831 -0.040117
v -0.618747 0.152831 -0.041025
v -0.647398 0.152831 -0.017822
v -0.638621 0.152831 -0.014089
v -0.655266 0.152831 -0.010861
v -0.684421 0.152831 -0.030230
v -0.651836 0.152831 -0.015704
v -0.652744 0.152831 -0.014695
v -0.669087 0.152831 -0.039310
v -0.649718 0.152831 -0.017116
v 0.390869 -0.127214 0.197458
v -0.630550 0.152831 0.013148
v -0.618445 0.152831 0.017991
v -0.630752 0.152831 0.011131
v -0.630450 0.152831 0.015065
v -0.631458 0.152831 0.004977
v -0.608558 0.152831 0.015771
v -0.631055 0.152831 0.007096
v -0.613199 0.152831 0.017083
v -0.630853 0.152831 0.009113
v 0.389759 -0.127214 0.218139
v -0.639327 -0.127214 0.279575
v -0.656880 -0.127214 0.269386
v -0.641748 -0.127214 0.279373
v -0.659604 -0.127214 0.261618
v -0.653854 -0.127214 0.273623
v -0.652744 -0.127214 0.274733
v -0.652296 -0.127214 0.275136
v 0.324893 -0.127214 0.189892
v -0.656073 0.152831 -0.009247
v -0.656679 0.152831 -0.007330
v -0.687649 0.152831 -0.027204
v -0.657889 0.152831 -0.002992
v -0.657385 0.152831 -0.005313
v -0.693399 0.152831 -0.020243
v -0.652744 0.152831 0.274733
v -0.651735 0.152831 0.275641
v 0.325902 -0.127214 0.218139
v -0.696022 0.152831 -0.016309
v -0.658494 0.152831 -0.000470
v -0.452496 -0.127214 0.005784
v 0.389321 -0.127214 0.223485
v -0.659302 0.152831 0.005179
v -0.658898 0.152831 0.002253
v -0.698342 0.152831 -0.012072
v -0.653854 0.152831 0.273623
v -0.659907 0.152831 0.011635
v -0.659604 0.152831 0.008306
v -0.703891 0.152831 0.002354
v -0.702277 0.152831 -0.002690
v -0.705303 0.152831 0.007701
v -0.660109 0.152831 0.015267
v -0.706413 0.152831 0.013249
v -0.630450 0.152831 0.018798
v 0.652756 -0.127214 0.239323
v -0.413253 -0.127214 -0.020243
v -0.660209 0.152831 0.019100
v -0.660512 0.152831 0.027574
v -0.708834 0.152831 0.038268
v -0.708935 0.152831 0.045128
v -0.660512 0.152831 0.061773
v -0.708935 0.152831 0.061773
v -0.408814 -0.127214 -0.018932
v 0.653260 -0.127214 0.235793
v -0.764520 -0.127214 0.237608
v -0.709238 -0.127214 0.256372
v -0.708935 -0.127214 0.250320
v -0.453605 -0.127214 0.006193
v 0.654269 -0.127214 0.228832
v 0.387843 -0.127214 0.235994
v 0.386935 -0.127214 0.241341
v -0.473479 0.152831 0.063992
v -0.472672 0.152831 0.066817
v -0.474084 0.152831 0.061269
v 0.326406 -0.127214 0.224292
v 0.326340 -0.127214 0.223485
v 0.340429 -0.127214 0.271504
v 0.333569 -0.127214 0.259197
v -0.266774 0.152831 0.253346
v 0.589100 -0.127214 0.154079
v 0.524436 -0.127214 0.114130
v -0.427376 0.152831 0.277658
v -0.413152 0.152831 0.301063
v -0.386015 0.152831 0.280886
v 0.477122 -0.127214 0.109490
v -0.408007 0.152831 0.298541
v -0.398524 0.152831 0.292488
v -0.403165 0.152831 0.295615
v -0.389949 0.152831 0.285123
v -0.418599 0.152831 0.303282
v -0.512721 0.152831 0.281593
v -0.484677 0.152831 0.302677
v -0.489216 0.152831 0.300659
v -0.504449 0.152831 0.290672
v -0.501120 0.152831 0.293497
v 0.524234 -0.127214 0.098191
v 0.524839 -0.127214 0.095467
v 0.463604 -0.127214 0.087195
v -0.711255 0.152831 0.265956
v 0.579416 -0.127214 0.193974
v 0.584790 -0.127214 0.171834
v 0.462495 -0.127214 0.086792
v 0.463201 -0.127214 0.087048
v -0.382383 -0.127214 0.276448
v -0.324478 0.152831 0.276347
v -0.324478 -0.127214 0.276347
v -0.024054 -0.127214 0.128455
v -0.438473 -0.127214 0.005179
v -0.435850 -0.127214 0.005986
v -0.064911 -0.127214 0.132289
v -0.049981 -0.127214 0.161242
v -0.078025 -0.127214 0.131583
v -0.071771 -0.127214 0.163259
v -0.092048 -0.127214 0.127976
v 0.454525 -0.127214 0.085783
v 0.190116 -0.127214 -0.341246
v 0.189641 -0.127214 -0.293025
v 0.192537 -0.127214 -0.324601
v -0.325688 0.152831 0.277053
v -0.450074 -0.127214 -0.022463
v -0.453605 -0.127214 -0.021851
v 0.437577 -0.127214 0.143184
v -0.454412 -0.127214 0.006490
v -0.464904 -0.127214 0.013552
v -0.466417 -0.127214 0.015267
v -0.336281 -0.127214 0.279474
v -0.338097 0.152831 0.279575
v -0.336281 0.152831 0.279474
v 0.524471 -0.127214 0.114332
v -0.340316 0.152831 0.279575
v -0.334566 0.152831 0.279373
v -0.340316 0.152831 0.303686
v -0.329824 -0.127214 0.278667
v -0.329824 0.152831 0.278667
v -0.328412 0.152831 0.278263
v -0.455320 -0.127214 -0.021555
v -0.386015 -0.127214 0.280886
v 0.526958 -0.127214 0.091230
v 0.536844 -0.127214 0.086186
v 0.539669 -0.127214 0.085884
v 0.523729 -0.127214 0.106261
v 0.542695 -0.127214 0.085783
v 0.547033 -0.127214 0.085783
v 0.523830 -0.127214 0.107573
v 0.585704 -0.127214 0.085783
v 0.525041 -0.127214 0.117560
v 0.144720 -0.127214 -0.325610
v 0.136246 -0.127214 -0.332369
v 0.548950 -0.127214 0.241139
v 0.546629 -0.127214 0.236600
v 0.546594 -0.127214 0.236398
v -0.737081 0.152831 0.092643
v 0.432804 -0.127214 0.120183
v -0.510300 0.152831 0.284720
v -0.712062 0.152831 0.267772
v -0.654005 0.152831 0.275136
v -0.712869 0.152831 0.269386
v -0.327000 0.152831 0.277759
v -0.331338 0.152831 0.278970
v -0.092048 -0.127214 0.170670
v -0.093158 -0.127214 0.127547
v -0.394085 0.152831 0.288957
v -0.097092 -0.127214 0.125429
v -0.093978 -0.127214 0.171834
v 0.150672 -0.127214 -0.318750
v -0.429797 0.152831 0.278768
v -0.435144 0.152831 0.280382
v -0.430100 0.152831 0.306409
v -0.424249 0.152831 0.304997
v -0.444022 0.152831 0.281189
v -0.442508 0.152831 0.308023
v -0.440995 0.152831 0.281088
v -0.450074 0.152831 0.280685
v -0.453000 0.152831 0.279978
v -0.455926 0.152831 0.308023
v -0.432420 0.152831 0.279676
v -0.437969 0.152831 0.280886
v -0.436254 0.152831 0.307418
v -0.447149 0.152831 0.281088
v -0.449066 0.152831 0.308225
v -0.462483 0.152831 0.307620
v -0.479733 0.152831 0.304392
v -0.461373 0.152831 0.276347
v -0.474286 0.152831 0.305804
v -0.455926 0.152831 0.279071
v -0.468536 0.152831 0.306813
v -0.458649 0.152831 0.277860
v -0.493554 0.152831 0.298440
v -0.497488 0.152831 0.296019
v -0.507476 0.152831 0.287746
v -0.645683 0.152831 0.278667
v -0.623287 0.152831 0.303686
v -0.644371 0.152831 0.278970
v -0.487400 -0.127214 -0.005615
v -0.646994 0.152831 0.278263
v -0.649415 0.152831 0.277154
v -0.648205 0.152831 0.277759
v -0.650626 0.152831 0.276448
v -0.641748 0.152831 0.279373
v -0.639327 0.152831 0.279575
v -0.623287 0.152831 0.279575
v -0.419608 -0.127214 0.023236
v -0.418196 -0.127214 0.026263
v 0.026386 -0.127214 0.268882
v -0.415876 -0.127214 0.032719
v -0.414867 -0.127214 0.036149
v -0.823031 0.152831 0.057839
v -0.828882 0.152831 0.056729
v -0.835944 0.152831 0.085480
v -0.838668 0.152831 0.084976
v -0.834935 0.152831 0.056124
v -0.841190 0.152831 0.055821
v -0.841694 0.152831 0.084774
v -0.854304 0.152831 0.056729
v -0.844620 0.152831 0.084976
v 0.475912 -0.127214 0.105152
v 0.475307 -0.127214 0.103235
v -0.866309 0.152831 0.059352
v -0.850168 0.152831 0.086388
v -0.817483 0.152831 0.059352
v -0.830698 0.152831 0.087599
v -0.812136 0.152831 0.061269
v 0.467740 -0.127214 0.089818
v 0.430112 -0.127214 0.111507
v 0.465824 -0.127214 0.088406
v -0.813548 0.152831 0.117863
v -0.812540 0.152831 0.122806
v -0.769262 0.152831 0.111507
v -0.771885 0.152831 0.104748
v -0.817281 0.152831 0.105354
v -0.815869 0.152831 0.109187
v -0.777736 0.152831 0.092542
v -0.781166 0.152831 0.087094
v -0.784898 0.152831 0.082151
v -0.818794 0.152831 0.101823
v -0.788833 0.152831 0.077510
v -0.820509 0.152831 0.098595
v -0.822224 0.152831 0.095770
v -0.792969 0.152831 0.073475
v -0.797407 0.152831 0.069743
v -0.802048 0.152831 0.066514
v -0.824141 0.152831 0.093248
v -0.826159 0.152831 0.091029
v -0.806991 0.152831 0.063690
v -0.737081 0.152831 0.061773
v -0.763209 0.152831 0.134609
v -0.809614 0.152831 0.145706
v -0.761797 0.152831 0.143184
v -0.809110 0.152831 0.152263
v -0.760687 0.152831 0.152162
v -0.759880 0.152831 0.161746
v -0.808807 0.152831 0.159224
v 0.025176 -0.127214 0.263333
v 0.024873 -0.127214 0.261215
v -0.412547 -0.127214 0.046742
v -0.811632 0.152831 0.127951
v -0.810825 0.152831 0.133499
v -0.764924 0.152831 0.126438
v -0.766941 0.152831 0.118771
v -0.810118 0.152831 0.139451
v -0.808504 0.152831 0.166487
v -0.808403 0.152831 0.174054
v -0.759375 0.152831 0.171632
v -0.833220 0.152831 0.086388
v -0.828378 0.152831 0.089112
v 0.024470 -0.127214 0.256372
v 0.024429 -0.127214 0.255828
v -0.422937 -0.127214 0.017688
v -0.877103 0.152831 0.063690
v -0.886889 0.152831 0.069743
v -0.857230 0.152831 0.091029
v -0.847444 0.152831 0.085480
v -0.855011 0.152831 0.089112
v -0.852690 0.152831 0.087599
v -0.814658 0.152831 0.113424
v -0.774709 0.152831 0.098393
v -0.862980 0.152831 0.098595
v -0.861164 0.152831 0.095770
v -0.895565 0.152831 0.077510
v -0.859247 0.152831 0.093248
v -0.868730 0.152831 0.113424
v -0.914631 0.152831 0.111507
v -0.869840 0.152831 0.117863
v -0.864594 0.152831 0.101823
v -0.903131 0.152831 0.087094
v -0.469141 -0.127214 0.018999
v -0.467829 -0.127214 0.016982
v 0.071278 -0.127214 0.222678
v 0.070471 -0.127214 0.213599
v 0.069866 -0.127214 0.204015
v 0.073599 -0.127214 0.239323
v 0.078844 -0.127214 0.260912
v 0.076827 -0.127214 0.254153
v 0.024268 -0.127214 0.253649
v 0.075112 -0.127214 0.246990
v 0.066840 -0.127214 -0.273858
v 0.065831 -0.127214 -0.277086
v -0.475295 -0.127214 0.052593
v 0.473995 -0.127214 0.099502
v 0.473289 -0.127214 0.097787
v 0.432432 -0.127214 0.118771
v 0.075414 -0.127214 -0.260037
v 0.077735 -0.127214 -0.257717
v 0.080358 -0.127214 -0.255497
v 0.073195 -0.127214 -0.262458
v 0.071278 -0.127214 -0.265081
v 0.027597 -0.127214 0.271807
v 0.086209 -0.127214 -0.251664
v 0.089538 -0.127214 -0.249949
v 0.097407 -0.127214 -0.292723
v 0.111732 -0.127214 -0.272546
v 0.434450 -0.127214 0.126438
v 0.438687 -0.127214 0.152162
v 0.439494 -0.127214 0.161746
v 0.128175 -0.127214 -0.268814
v 0.123030 -0.127214 -0.268915
v 0.113850 -0.127214 -0.271437
v 0.116069 -0.127214 -0.270428
v 0.114556 -0.127214 -0.271116
v 0.137355 -0.127214 -0.270327
v 0.064418 -0.127214 -0.283643
v 0.418208 -0.127214 0.087094
v 0.385825 -0.127214 0.117863
v 0.384715 -0.127214 0.113424
v 0.378864 -0.127214 0.098595
v 0.377149 -0.127214 0.095770
v 0.380579 -0.127214 0.101823
v 0.012263 -0.127214 -0.264274
v 0.019526 -0.127214 -0.273555
v 0.025781 -0.127214 -0.284551
v 0.030926 -0.127214 -0.297262
v 0.029211 -0.127214 -0.293025
v 0.141189 -0.127214 -0.271840
v 0.151075 -0.127214 -0.280516
v 0.150779 -0.127214 -0.280113
v 0.151983 -0.127214 -0.282029
v -0.068341 -0.127214 -0.308258
v -0.069249 -0.127214 -0.313403
v -0.474488 -0.127214 0.033728
v -0.473983 -0.127214 0.030903
v -0.473277 -0.127214 0.028180
v 0.333266 -0.127214 0.105354
v 0.336393 -0.127214 0.098595
v 0.338209 -0.127214 0.095770
v -0.474588 -0.127214 0.058444
v 0.366153 -0.127214 0.086388
v 0.363430 -0.127214 0.085480
v -0.432420 -0.127214 0.279676
v -0.426670 -0.127214 0.012846
v -0.441298 -0.127214 0.004674
v 0.331854 -0.127214 0.109187
v 0.557323 -0.127214 0.198265
v 0.556112 -0.127214 0.203511
v 0.390566 -0.127214 0.159224
v -0.430907 -0.127214 0.008810
v -0.433530 -0.127214 -0.023068
v -0.418599 -0.127214 0.303282
v 0.324994 -0.127214 0.166487
v -0.060069 -0.127214 0.192817
v -0.866107 0.152831 0.105354
v -0.909486 0.152831 0.098393
v -0.867520 0.152831 0.109187
v -0.918666 0.152831 0.126438
v -0.871656 0.152831 0.127951
v -0.874178 0.152831 0.159224
v -0.923307 0.152831 0.161746
v -0.874380 0.152831 0.166487
v -0.450074 -0.127214 0.280685
v -0.873875 0.152831 0.152263
v -0.873472 0.152831 0.145706
v -0.921592 0.152831 0.143184
v -0.433328 -0.127214 0.007197
v -0.870849 0.152831 0.122806
v -0.872362 0.152831 0.133499
v -0.872967 0.152831 0.139451
v -0.808807 0.152831 0.204620
v -0.809110 0.152831 0.211581
v -0.759779 0.152831 0.202401
v -0.761595 0.152831 0.220963
v -0.808403 0.152831 0.189892
v -0.808504 0.152831 0.197458
v -0.808303 0.152831 0.182023
v -0.759275 0.152831 0.182023
v -0.450478 -0.127214 0.005179
v -0.448460 -0.127214 0.004775
v -0.809614 0.152831 0.218139
v -0.717005 0.152831 0.274733
v -0.715896 0.152831 0.273623
v -0.714786 0.152831 0.272311
v -0.713878 0.152831 0.270899
v -0.811531 0.152831 0.235994
v -0.812439 0.152831 0.241341
v -0.768556 0.152831 0.252539
v -0.773801 0.152831 0.265653
v -0.814557 0.152831 0.250925
v -0.813448 0.152831 0.246284
v -0.815869 0.152831 0.255263
v -0.817180 0.152831 0.259197
v -0.764520 0.152831 0.237608
v -0.810118 0.152831 0.224292
v -0.810724 0.152831 0.230345
v -0.465408 -0.127214 -0.018629
v -0.923710 0.152831 0.192313
v -0.923307 0.152831 0.202199
v -0.874380 0.152831 0.197458
v 0.552279 -0.127214 0.221770
v 0.551927 -0.127214 0.223485
v -0.874480 0.152831 0.189892
v -0.874581 0.152831 0.182023
v -0.874480 0.152831 0.174054
v -0.923912 0.152831 0.182023
v -0.459961 -0.127214 0.009416
v -0.908679 0.152831 0.265653
v -0.905552 0.152831 0.271605
v -0.867217 0.152831 0.255263
v -0.474286 -0.127214 0.305804
v -0.823939 0.152831 0.271504
v -0.825957 0.152831 0.273724
v -0.796500 0.152831 0.294304
v -0.463391 -0.127214 0.012039
v -0.868528 0.152831 0.250925
v -0.911504 0.152831 0.259399
v -0.902223 0.152831 0.277053
v -0.865805 0.152831 0.259197
v -0.780258 0.152831 0.277053
v -0.787824 0.152831 0.286536
v -0.822022 0.152831 0.268982
v -0.479431 -0.127214 0.304470
v -0.862677 0.152831 0.266057
v -0.864292 0.152831 0.262728
v -0.894556 0.152831 0.286536
v -0.828176 0.152831 0.275641
v -0.806184 0.152831 0.300457
v -0.818693 0.152831 0.262728
v -0.820307 0.152831 0.266057
v -0.873472 0.152831 0.218139
v -0.920079 0.152831 0.229437
v -0.872967 0.152831 0.224292
v -0.918465 0.152831 0.237608
v -0.871555 0.152831 0.235994
v -0.872261 0.152831 0.230345
v -0.873875 0.152831 0.211581
v -0.874178 0.152831 0.204620
v -0.922500 0.152831 0.211682
v -0.403165 -0.127214 0.295615
v -0.401954 -0.127214 0.294799
v -0.869638 0.152831 0.246284
v -0.914127 0.152831 0.252539
v -0.870647 0.152831 0.241341
v -0.916346 0.152831 0.245376
v -0.898490 0.152831 0.281996
v -0.890420 0.152831 0.290672
v -0.860862 0.152831 0.268982
v -0.885981 0.152831 0.294304
v -0.858945 0.152831 0.271504
v -0.921491 0.152831 0.220761
v -0.437969 -0.127214 0.280886
v -0.440995 -0.127214 0.281088
v -0.444022 -0.127214 0.281189
v -0.720435 0.152831 0.277154
v -0.719225 0.152831 0.276448
v -0.738392 0.152831 0.279575
v -0.738392 0.152831 0.303686
v -0.730423 0.152831 0.279575
v -0.728001 0.152831 0.279373
v -0.718014 0.152831 0.275641
v 0.149764 -0.127214 -0.246721
v -0.722957 0.152831 0.278263
v -0.724269 0.152831 0.278667
v -0.725580 0.152831 0.278970
v 0.547336 -0.127214 0.242955
v -0.721646 0.152831 0.277759
v -0.830496 0.152831 0.277154
v -0.833018 0.152831 0.278364
v -0.817079 0.152831 0.304795
v -0.835641 0.152831 0.279272
v -0.838466 0.152831 0.279777
v -0.829084 0.152831 0.307317
v -0.841492 0.152831 0.279978
v -0.842098 0.152831 0.308225
v -0.844418 0.152831 0.279777
v -0.854405 0.152831 0.307317
v -0.848352 0.152831 0.308023
v -0.847243 0.152831 0.279272
v 0.325902 -0.127214 0.145706
v -0.849866 0.152831 0.278364
v -0.860155 0.152831 0.306309
v -0.852388 0.152831 0.277154
v -0.865805 0.152831 0.304795
v -0.854809 0.152831 0.275641
v -0.871151 0.152831 0.302778
v -0.881340 0.152831 0.297633
v -0.857028 0.152831 0.273724
v -0.876397 0.152831 0.300457
v 0.383505 -0.127214 0.109187
v 0.382093 -0.127214 0.105354
v 0.414475 -0.127214 0.082151
v 0.421638 -0.127214 0.092542
v 0.845035 -0.127214 0.066212
v 0.839386 -0.127214 0.063084
v 0.837671 -0.127214 0.062334
v -0.413959 -0.127214 0.039579
v 0.547537 -0.127214 0.244771
v -0.427376 -0.127214 0.277658
v -0.427780 -0.127214 0.277843
v 0.545217 -0.127214 0.226915
v 0.544914 -0.127214 0.224393
v -0.058253 -0.127214 0.191304
v 0.539669 -0.127214 0.191203
v -0.484677 -0.127214 0.302677
v 0.540173 -0.127214 0.194028
v 0.150321 -0.127214 -0.246920
v -0.497488 -0.127214 0.296019
v 0.190620 -0.127214 -0.297565
v 0.544511 -0.127214 0.221871
v -0.504449 -0.127214 0.290672
v 0.825263 -0.127214 0.058242
v 0.192134 -0.127214 -0.308359
v 0.541081 -0.127214 0.199576
v 0.540807 -0.127214 0.197660
v 0.797318 -0.127214 0.057032
v 0.792577 -0.127214 0.057637
v 0.783599 -0.127214 0.059654
v 0.771392 -0.127214 0.064598
v 0.788037 -0.127214 0.058545
v 0.786020 -0.127214 0.059049
v 0.847557 -0.127214 0.067927
v 0.848290 -0.127214 0.068532
v 0.541585 -0.127214 0.202502
v -0.051897 -0.127214 0.187370
v 0.354754 -0.127214 0.084976
v 0.349205 -0.127214 0.086388
v 0.842311 -0.127214 0.064598
v -0.331338 -0.127214 0.278970
v -0.338097 -0.127214 0.279575
v 0.836158 -0.127214 0.061672
v -0.327000 -0.127214 0.277759
v 0.544769 -0.127214 0.223485
v -0.024962 -0.127214 0.234683
v -0.027787 -0.127214 0.248605
v -0.334566 -0.127214 0.279373
v -0.328412 -0.127214 0.278263
v -0.325688 -0.127214 0.277053
v -0.039792 -0.127214 0.269991
v -0.409192 -0.127214 0.066872
v -0.474992 -0.127214 0.036654
v -0.475295 -0.127214 0.039781
v 0.326406 -0.127214 0.139451
v 0.387742 -0.127214 0.127951
v 0.389255 -0.127214 0.139451
v 0.390264 -0.127214 0.152263
v -0.030914 -0.127214 0.257280
v -0.040397 -0.127214 0.270496
v -0.472672 -0.127214 0.066817
v -0.474992 -0.127214 0.055519
v -0.071266 -0.127214 0.248302
v -0.467746 -0.127214 0.016881
v 0.325498 -0.127214 0.152263
v 0.324792 -0.127214 0.182023
v 0.390970 -0.127214 0.189892
v 0.324994 -0.127214 0.197458
v 0.832829 -0.127214 0.060462
v 0.821126 -0.127214 0.057536
v 0.816788 -0.127214 0.056931
v 0.424462 -0.127214 0.267613
v 0.425572 -0.127214 0.265653
v 0.440099 -0.127214 0.182023
v 0.434853 -0.127214 0.237608
v 0.829197 -0.127214 0.059251
v 0.439595 -0.127214 0.202401
v 0.437779 -0.127214 0.220963
v 0.807205 -0.127214 0.056527
v 0.802161 -0.127214 0.056628
v -0.389949 -0.127214 0.285123
v -0.394085 -0.127214 0.288957
v -0.398524 -0.127214 0.292488
v -0.063700 -0.127214 -0.290907
v -0.064481 -0.127214 -0.293025
v 0.812047 -0.127214 0.056628
v -0.408007 -0.127214 0.298541
v 0.389255 -0.127214 0.224292
v 0.377351 -0.127214 0.268982
v 0.375434 -0.127214 0.271504
v -0.453000 -0.127214 0.279978
v -0.041607 -0.127214 0.271504
v -0.453605 -0.127214 0.279791
v -0.008519 -0.127214 -0.337211
v -0.009023 -0.127214 -0.330856
v -0.010839 -0.127214 -0.313403
v 0.382193 -0.127214 0.259197
v 0.383505 -0.127214 0.255263
v -0.067635 -0.127214 0.265653
v -0.068845 -0.127214 0.262123
v -0.012655 -0.127214 -0.303416
v -0.013865 -0.127214 -0.298876
v -0.015076 -0.127214 -0.294740
v 0.384816 -0.127214 0.250925
v 0.380680 -0.127214 0.262728
v -0.065113 -0.127214 -0.294740
v -0.066222 -0.127214 -0.298876
v -0.069955 -0.127214 -0.318952
v -0.049476 -0.127214 0.274934
v 0.133623 -0.127214 -0.333983
v 0.550765 -0.127214 0.229639
v 0.128074 -0.127214 -0.337211
v 0.130899 -0.127214 -0.335597
v 0.118188 -0.127214 -0.342457
v 0.121618 -0.127214 -0.340742
v 0.149360 -0.127214 -0.320566
v 0.150599 -0.127214 -0.318851
v -0.324074 -0.127214 -0.011668
v -0.322964 -0.127214 -0.010760
v 0.155917 -0.127214 -0.303214
v 0.545923 -0.127214 0.231757
v 0.545621 -0.127214 0.229437
v -0.335272 -0.127214 -0.015603
v -0.332851 -0.127214 -0.015199
v -0.337592 -0.127214 -0.015704
v -0.320846 -0.127214 -0.008541
v -0.318021 -0.127214 -0.004102
v 0.153496 -0.127214 -0.313403
v -0.056235 -0.127214 0.189791
v -0.046954 -0.127214 0.185655
v 0.718430 -0.127214 0.086186
v -0.462483 -0.127214 0.307620
v -0.458653 -0.127214 0.307856
v 0.184769 -0.127214 -0.278398
v 0.184674 -0.127214 -0.278215
v -0.458649 -0.127214 0.277860
v 0.186585 -0.127214 -0.282836
v -0.455926 -0.127214 0.279071
v 0.168830 -0.127214 -0.257313
v 0.172058 -0.127214 -0.260239
v 0.177809 -0.127214 -0.266796
v -0.067937 -0.127214 0.205831
v -0.065819 -0.127214 0.200888
v -0.070157 -0.127214 0.214204
v 0.182651 -0.127214 -0.274362
v 0.779362 -0.127214 0.061067
v 0.775226 -0.127214 0.062681
v 0.155312 -0.127214 -0.290806
v 0.154808 -0.127214 -0.288889
v 0.154202 -0.127214 -0.287073
v 0.767659 -0.127214 0.066716
v 0.149965 -0.127214 -0.279003
v 0.148856 -0.127214 -0.277590
v 0.611697 -0.127214 0.064295
v 0.654168 -0.127214 0.061773
v -0.019414 -0.127214 -0.284148
v 0.631067 -0.127214 0.147431
v -0.037068 -0.127214 -0.270831
v 0.130596 -0.127214 -0.269016
v -0.017800 -0.127214 -0.287376
v -0.385208 -0.127214 -0.005414
v 0.118289 -0.127214 -0.269722
v 0.139272 -0.127214 -0.271033
v 0.133017 -0.127214 -0.269318
v -0.314995 -0.127214 0.009012
v 0.140382 -0.127214 -0.271500
v -0.371690 -0.127214 0.032114
v 0.154001 -0.127214 -0.248234
v 0.158036 -0.127214 -0.250151
v -0.372093 -0.127214 0.022329
v -0.372598 -0.127214 0.018899
v -0.050586 -0.127214 -0.273353
v 0.125552 -0.127214 -0.243190
v 0.130798 -0.127214 -0.243291
v -0.060573 -0.127214 -0.284148
v -0.058858 -0.127214 -0.281323
v -0.413152 -0.127214 0.301063
v 0.155716 -0.127214 -0.292622
v -0.375826 -0.127214 0.048558
v -0.374817 -0.127214 0.046439
v -0.382989 -0.127214 0.057839
v 0.146132 -0.127214 -0.274968
v 0.144619 -0.127214 -0.273757
v -0.381173 -0.127214 0.056225
v -0.371589 -0.127214 0.029491
v -0.371690 -0.127214 0.025859
v -0.012508 -0.127214 -0.304122
v -0.429797 -0.127214 0.278768
v 0.335082 -0.127214 0.262728
v -0.024861 -0.127214 -0.276683
v -0.071670 -0.127214 0.236398
v -0.071569 -0.127214 0.228227
v -0.015662 -0.127214 -0.293025
v -0.325285 -0.127214 -0.012576
v -0.447149 -0.127214 0.281088
v -0.036463 -0.127214 0.266461
v 0.699190 -0.127214 0.120183
v -0.029300 -0.127214 -0.273353
v -0.062187 -0.127214 -0.287376
v -0.435144 -0.127214 0.280382
v -0.057042 -0.127214 -0.278902
v -0.316508 -0.127214 -0.000470
v 0.390566 -0.127214 0.204620
v -0.319837 -0.127214 -0.007230
v 0.390264 -0.127214 0.211581
v -0.326495 -0.127214 -0.013282
v -0.330228 -0.127214 -0.014695
v -0.331539 -0.127214 -0.014997
v -0.315197 -0.127214 0.006289
v -0.045542 -0.127214 -0.271336
v -0.042818 -0.127214 -0.270831
v 0.325498 -0.127214 0.211581
v 0.113677 -0.127214 -0.344676
v 0.114052 -0.127214 -0.344474
v 0.114556 -0.127214 -0.344229
v 0.078340 -0.127214 -0.324500
v 0.662743 -0.127214 0.086388
v 0.161869 -0.127214 -0.252269
v 0.089235 -0.127214 -0.327426
v 0.094226 -0.127214 -0.304122
v 0.234563 -0.127214 -0.304122
v 0.675152 -0.127214 0.095467
v 0.676160 -0.127214 0.098090
v 0.070976 -0.127214 -0.318750
v 0.320152 -0.127214 -0.281323
v 0.318437 -0.127214 -0.280920
v 0.312989 -0.127214 -0.279507
v -0.479733 -0.127214 0.304392
v 0.371197 -0.127214 0.275641
v 0.371781 -0.127214 0.275136
v 0.330845 -0.127214 0.250925
v 0.385926 -0.127214 0.246284
v 0.332156 -0.127214 0.255263
v 0.327819 -0.127214 0.235994
v 0.388650 -0.127214 0.230345
v 0.379066 -0.127214 0.266057
v 0.373417 -0.127214 0.273724
v 0.309055 -0.127214 -0.247427
v 0.276268 -0.127214 -0.243291
v 0.372811 -0.127214 0.274247
v 0.063539 -0.127214 -0.293025
v 0.063510 -0.127214 -0.294034
v 0.032784 -0.127214 -0.304122
v 0.037786 -0.127214 -0.328031
v 0.099928 -0.127214 -0.286872
v 0.101341 -0.127214 -0.284249
v 0.107898 -0.127214 -0.275674
v -0.468536 -0.127214 0.306813
v 0.098617 -0.127214 -0.289696
v -0.501120 -0.127214 0.293497
v 0.309357 -0.127214 -0.278801
v -0.505256 -0.127214 0.289892
v -0.507476 -0.127214 0.287746
v -0.375725 -0.127214 0.009012
v -0.404779 -0.127214 -0.017419
v -0.649415 -0.127214 0.277154
v -0.315499 -0.127214 0.003867
v -0.317214 -0.127214 -0.002387
v -0.651735 -0.127214 0.275641
v -0.045340 -0.127214 0.273623
v -0.059564 -0.127214 0.274329
v -0.510300 -0.127214 0.284720
v -0.512721 -0.127214 0.281593
v -0.387831 -0.127214 -0.007835
v -0.393884 -0.127214 -0.012173
v -0.422837 -0.127214 -0.022059
v -0.417893 -0.127214 -0.021252
v -0.397314 -0.127214 -0.014089
v 0.342345 -0.127214 0.273724
v 0.343981 -0.127214 0.275136
v 0.063611 -0.127214 -0.290503
v -0.400945 -0.127214 -0.015804
v 0.063914 -0.127214 -0.287073
v -0.377138 -0.127214 0.005885
v -0.378752 -0.127214 0.002859
v -0.382787 -0.127214 -0.002791
v -0.094166 -0.127214 0.070651
v -0.373405 -0.127214 0.015469
v -0.373073 -0.127214 0.016881
v 0.092262 -0.127214 -0.318851
v 0.676303 -0.127214 0.120183
v 0.674445 -0.127214 0.130675
v -0.372194 -0.127214 0.037057
v -0.096588 -0.127214 0.072971
v 0.228653 -0.127214 0.251934
v 0.081467 -0.127214 -0.325812
v 0.280707 -0.127214 0.126438
v 0.277782 -0.127214 0.143184
v 0.269711 -0.127214 -0.244098
v 0.110117 -0.127214 -0.346593
v 0.285045 -0.127214 -0.243291
v 0.239850 -0.127214 -0.271538
v 0.260834 -0.127214 -0.246923
v 0.083081 -0.127214 -0.326316
v 0.250746 -0.127214 -0.253379
v 0.238640 -0.127214 -0.275573
v -0.650626 -0.127214 0.276448
v -0.648205 -0.127214 0.277759
v -0.646994 -0.127214 0.278263
v -0.645683 -0.127214 0.278667
v -0.644371 -0.127214 0.278970
v -0.100320 -0.127214 0.122907
v 0.714697 -0.127214 0.087397
v 0.709653 -0.127214 0.091129
v 0.722667 -0.127214 0.085783
v 0.708543 -0.127214 0.092631
v -0.708935 -0.127214 0.061773
v -0.708935 -0.127214 0.045128
v -0.737081 -0.127214 0.061773
v -0.823031 -0.127214 0.057839
v -0.834935 -0.127214 0.056124
v -0.828882 -0.127214 0.056729
v -0.680991 -0.127214 -0.032954
v -0.841190 -0.127214 0.055821
v -0.371892 -0.127214 0.034636
v 0.248627 -0.127214 -0.255699
v -0.854304 -0.127214 0.056729
v -0.914631 -0.127214 0.111507
v 0.309617 -0.127214 -0.278844
v 0.282422 -0.127214 -0.299582
v 0.283330 -0.127214 -0.295043
v -0.866309 -0.127214 0.059352
v 0.303506 -0.127214 -0.278297
v -0.872334 -0.127214 0.061773
v -0.799148 -0.127214 0.068532
v 0.706122 -0.127214 0.096980
v 0.705315 -0.127214 0.098897
v 0.702188 -0.127214 0.108380
v -0.373203 -0.127214 0.041900
v -0.378247 -0.127214 0.052593
v 0.234705 -0.127214 -0.299986
v 0.191528 -0.127214 -0.302811
v 0.316621 -0.127214 -0.280415
v 0.138566 -0.127214 -0.330654
v 0.155835 -0.127214 -0.304122
v 0.156119 -0.127214 -0.300894
v 0.155716 -0.127214 -0.305434
v 0.092564 -0.127214 -0.314614
v 0.094481 -0.127214 -0.302912
v 0.065528 -0.127214 -0.309166
v 0.034860 -0.127214 -0.311789
v 0.044040 -0.127214 -0.293025
v 0.063611 -0.127214 -0.297565
v -0.105465 -0.127214 0.087195
v 0.063914 -0.127214 -0.300793
v -0.100724 -0.127214 0.078116
v -0.102540 -0.127214 0.080940
v -0.107483 -0.127214 0.107270
v -0.106575 -0.127214 0.112012
v 0.067445 -0.127214 -0.313504
v 0.670309 -0.127214 0.089616
v -0.169222 -0.127214 0.103639
v 0.314906 -0.127214 -0.280012
v -0.102692 -0.127214 0.120183
v 0.181642 -0.127214 0.076703
v 0.083182 -0.127214 -0.253480
v 0.294931 -0.127214 -0.279305
v 0.093069 -0.127214 -0.248537
v 0.096902 -0.127214 -0.247225
v -0.107180 -0.127214 0.094257
v -0.107194 -0.127214 0.094357
v 0.102854 -0.127214 -0.281828
v 0.109815 -0.127214 -0.274060
v -0.107684 -0.127214 0.097989
v -0.877103 -0.127214 0.063690
v 0.305322 -0.127214 -0.246418
v -0.884932 -0.127214 0.068532
v -0.167204 -0.127214 0.115442
v -0.172046 -0.127214 0.093349
v -0.173661 -0.127214 0.088607
v -0.166677 -0.127214 0.120183
v -0.166498 -0.127214 0.121797
v 0.310770 -0.127214 -0.247932
v -0.766941 -0.127214 0.118771
v -0.769262 -0.127214 0.111507
v -0.797407 -0.127214 0.069743
v -0.784898 -0.127214 0.082151
v 0.272939 -0.127214 -0.243594
v 0.282422 -0.127214 -0.243190
v -0.763511 -0.127214 0.133167
v 0.290089 -0.127214 -0.243695
v -0.812540 -0.127214 0.122806
v -0.813075 -0.127214 0.120183
v -0.792969 -0.127214 0.073475
v -0.401954 -0.127214 -0.016229
v 0.677472 -0.127214 0.109288
v 0.677270 -0.127214 0.112415
v 0.677270 -0.127214 0.104244
v 0.676564 -0.127214 0.118266
v -0.237115 -0.127214 0.094357
v 0.065024 -0.127214 -0.280314
v -0.474891 -0.127214 -0.014291
v -0.483323 -0.127214 -0.008944
v 0.068151 -0.127214 -0.270731
v -0.777736 -0.127214 0.092542
v -0.781166 -0.127214 0.087094
v 0.675555 -0.127214 0.124622
v -0.814658 -0.127214 0.113424
v -0.813548 -0.127214 0.117863
v -0.494765 -0.127214 0.001547
v -0.759880 -0.127214 0.161746
v -0.763209 -0.127214 0.134609
v -0.761797 -0.127214 0.143184
v -0.479330 -0.127214 -0.011769
v -0.460465 -0.127214 -0.020243
v -0.766570 -0.127214 0.120183
v -0.809614 -0.127214 0.145706
v -0.809110 -0.127214 0.152263
v -0.810825 -0.127214 0.133499
v 0.532002 -0.127214 0.087498
v 0.528269 -0.127214 0.089717
v -0.808807 -0.127214 0.159224
v -0.483466 -0.127214 -0.008844
v -0.421222 -0.127214 0.020311
v -0.413244 -0.127214 0.042707
v -0.411941 -0.127214 0.050273
v -0.411841 -0.127214 0.050979
v 0.158843 -0.127214 0.092441
v 0.011254 -0.127214 -0.263361
v -0.472369 -0.127214 0.025658
v 0.127469 -0.127214 0.106564
v 0.003789 -0.127214 -0.256607
v 0.176699 -0.127214 0.126942
v 0.179322 -0.127214 0.148934
v 0.179725 -0.127214 0.155088
v 0.114556 -0.127214 -0.243643
v -0.504046 -0.127214 0.014863
v -0.505116 -0.127214 0.016881
v -0.473479 -0.127214 0.063992
v -0.474084 -0.127214 0.061269
v 0.558735 -0.127214 0.192817
v -0.439179 -0.127214 -0.023169
v -0.444728 -0.127214 -0.022967
v -0.428082 -0.127214 -0.022664
v 0.656892 -0.127214 0.214330
v 0.643979 -0.127214 0.202905
v 0.645089 -0.127214 0.207950
v -0.011646 -0.127214 -0.308258
v 0.255487 -0.127214 -0.249647
v 0.658708 -0.127214 0.204620
v -0.070661 -0.127214 -0.324803
v 0.246609 -0.127214 -0.258322
v 0.118491 -0.127214 0.168505
v -0.071065 -0.127214 -0.330856
v -0.071468 -0.127214 -0.337211
v -0.071771 -0.127214 -0.343869
v 0.237530 -0.127214 -0.279810
v 0.236521 -0.127214 -0.284350
v -0.022944 -0.127214 -0.278902
v 0.188199 -0.127214 -0.287477
v -0.026980 -0.127214 -0.274867
v 0.175085 -0.127214 -0.263366
v 0.180331 -0.127214 -0.270428
v 0.242877 -0.127214 -0.264375
v -0.031721 -0.127214 -0.272143
v 0.182550 -0.127214 0.092643
v 0.154808 -0.127214 -0.309570
v 0.155917 -0.127214 -0.294538
v 0.174580 -0.127214 0.117863
v 0.155312 -0.127214 -0.307552
v 0.124947 -0.127214 -0.338926
v 0.169738 -0.127214 0.073980
v -0.818794 -0.127214 0.101823
v 0.152689 -0.127214 -0.315219
v 0.172058 -0.127214 0.109994
v -0.841694 -0.127214 0.084774
v -0.840988 -0.127214 0.084821
v 0.156220 -0.127214 -0.298473
v -0.844620 -0.127214 0.084976
v -0.861164 -0.127214 0.095770
v -0.860091 -0.127214 0.094357
v 0.155758 -0.127214 -0.293025
v -0.862980 -0.127214 0.098595
v -0.872967 -0.127214 0.139451
v -0.873472 -0.127214 0.145706
v -0.872362 -0.127214 0.133499
v -0.835944 -0.127214 0.085480
v -0.833220 -0.127214 0.086388
v -0.830698 -0.127214 0.087599
v -0.859247 -0.127214 0.093248
v -0.815163 -0.127214 0.111659
v -0.817281 -0.127214 0.105354
v -0.820509 -0.127214 0.098595
v 0.650537 -0.127214 0.242047
v -0.824141 -0.127214 0.093248
v -0.826159 -0.127214 0.091029
v 0.166207 -0.127214 -0.255247
v 0.649225 -0.127214 0.232564
v -0.850168 -0.127214 0.086388
v 0.153597 -0.127214 -0.285358
v 0.134127 -0.127214 0.095871
v 0.135640 -0.127214 0.094357
v 0.175174 -0.127214 0.120183
v -0.078732 -0.127214 -0.253480
v 0.121214 -0.127214 0.132087
v 0.122021 -0.127214 0.127043
v 0.122828 -0.127214 0.122403
v 0.123322 -0.127214 0.120183
v -0.073990 -0.127214 -0.250756
v 0.119399 -0.127214 0.148934
v 0.119903 -0.127214 0.142982
v -0.048165 -0.127214 -0.272143
v 0.174956 -0.127214 0.081445
v -0.040397 -0.127214 -0.270658
v 0.174379 -0.127214 0.080537
v -0.091644 -0.127214 -0.264274
v -0.087508 -0.127214 -0.260239
v -0.083271 -0.127214 -0.256607
v -0.260822 -0.127214 0.115341
v -0.259712 -0.127214 0.112213
v -0.009527 -0.127214 -0.324803
v -0.008216 -0.127214 -0.343869
v -0.010133 -0.127214 -0.318952
v -0.428688 -0.127214 0.010626
v -0.444223 -0.127214 0.004473
v -0.461676 -0.127214 0.010626
v -0.067479 -0.127214 -0.304122
v -0.067332 -0.127214 -0.303416
v -0.239334 -0.127214 0.094257
v 0.659919 -0.127214 0.199476
v 0.655883 -0.127214 0.219854
v -0.244277 -0.127214 0.094862
v -0.220570 -0.127214 0.107674
v -0.219461 -0.127214 0.110196
v -0.216939 -0.127214 0.118872
v -0.224404 -0.127214 0.101520
v -0.225917 -0.127214 0.099906
v 0.657800 -0.127214 0.209463
v -0.593830 -0.127214 -0.023471
v -0.470251 -0.127214 -0.016611
v 0.656590 -0.127214 0.215919
v -0.470251 -0.127214 0.021118
v -0.471360 -0.127214 0.023337
v -0.458246 -0.127214 0.008306
v 0.147544 -0.127214 -0.276178
v 0.736689 -0.127214 0.245881
v 0.142904 -0.127214 -0.272748
v 0.653967 -0.127214 0.230648
v -0.252348 -0.127214 0.100108
v 0.181339 -0.127214 0.069238
v 0.181541 -0.127214 0.072971
v 0.179524 -0.127214 0.090020
v 0.135842 -0.127214 -0.243695
v 0.140684 -0.127214 -0.244401
v 0.173370 -0.127214 0.113727
v 0.138162 -0.127214 0.092441
v 0.136044 -0.127214 0.093954
v 0.192235 -0.127214 -0.328939
v 0.150672 -0.127214 0.089818
v -0.254668 -0.127214 0.070146
v 0.192638 -0.127214 -0.320061
v 0.654471 -0.127214 0.227117
v 0.124947 -0.127214 0.113727
v -0.592014 -0.127214 -0.017116
v -0.254063 -0.127214 0.102024
v 0.140281 -0.127214 0.091230
v 0.156321 -0.127214 0.091230
v -0.216660 -0.127214 0.120183
v 0.651848 -0.127214 0.244771
v -0.214719 -0.127214 0.133197
v 0.165400 -0.127214 0.098090
v 0.166207 -0.127214 0.099152
v -0.867520 -0.127214 0.109187
v -0.866814 -0.127214 0.107270
v -0.266471 -0.127214 0.150548
v -0.866107 -0.127214 0.105354
v -0.864594 -0.127214 0.101823
v 0.180028 -0.127214 0.161443
v 0.192537 -0.127214 -0.314109
v 0.178212 -0.127214 0.137333
v -0.869840 -0.127214 0.117863
v -0.903131 -0.127214 0.087094
v -0.909486 -0.127214 0.098393
v 0.191671 -0.127214 -0.304122
v -0.870849 -0.127214 0.122806
v -0.870314 -0.127214 0.120183
v -0.227531 -0.127214 0.098494
v -0.871656 -0.127214 0.127951
v 0.146435 -0.127214 -0.323895
v 0.147948 -0.127214 -0.322180
v -0.761595 -0.127214 0.220963
v 0.140785 -0.127214 -0.328939
v 0.142803 -0.127214 -0.327325
v -0.230961 -0.127214 0.096174
v -0.229145 -0.127214 0.097182
v -0.808303 -0.127214 0.182023
v -0.808403 -0.127214 0.189892
v -0.218553 -0.127214 0.112920
v -0.222991 -0.127214 0.103336
v -0.413152 -0.127214 0.043110
v -0.416985 -0.127214 0.029491
v -0.034344 -0.127214 -0.271336
v -0.021129 -0.127214 -0.281323
v -0.475496 -0.127214 0.049567
v -0.016387 -0.127214 -0.290907
v -0.039993 -0.127214 -0.270630
v 0.555002 -0.127214 0.208454
v 0.553994 -0.127214 0.213195
v 0.553590 -0.127214 0.215123
v 0.557480 -0.127214 0.197660
v 0.542796 -0.127214 0.211077
v -0.267883 -0.127214 0.072769
v -0.267783 -0.127214 0.069843
v -0.267739 -0.127214 0.068532
v 0.553086 -0.127214 0.217533
v 0.543603 -0.127214 0.216524
v -0.809110 -0.127214 0.211581
v -0.711860 -0.127214 0.267318
v -0.712062 -0.127214 0.267772
v -0.712743 -0.127214 0.269134
v 0.546226 -0.127214 0.234279
v -0.712869 -0.127214 0.269386
v -0.768556 -0.127214 0.252539
v -0.055025 -0.127214 -0.276683
v 0.549597 -0.127214 0.236398
v 0.551472 -0.127214 0.225704
v 0.549454 -0.127214 0.237306
v -0.052906 -0.127214 -0.274867
v 0.280909 -0.127214 0.237608
v -0.669087 -0.127214 -0.039310
v -0.659907 -0.127214 -0.042134
v -0.618747 -0.127214 -0.041025
v -0.615418 -0.127214 -0.040117
v -0.143295 -0.127214 -0.247629
v 0.550059 -0.127214 0.233472
v -0.630248 -0.127214 -0.042941
v -0.626213 -0.127214 -0.042437
v 0.548445 -0.127214 0.244771
v 0.277882 -0.127214 0.220761
v 0.278326 -0.127214 0.223485
v -0.677258 -0.127214 -0.035375
v -0.678191 -0.127214 -0.034770
v 0.287870 -0.127214 0.259399
v -0.660209 -0.127214 -0.042057
v 0.290694 -0.127214 0.265653
v 0.293822 -0.127214 0.271605
v 0.236905 -0.127214 0.275136
v 0.233192 -0.127214 0.270496
v 0.232284 -0.127214 0.268781
v -0.092048 -0.127214 -0.264741
v 0.236420 -0.127214 0.274733
v 0.114960 -0.127214 -0.243594
v 0.230065 -0.127214 0.262829
v 0.229561 -0.127214 0.260408
v 0.180335 -0.127214 0.171834
v -0.759779 -0.127214 0.202401
v 0.179322 -0.127214 0.217130
v 0.178817 -0.127214 0.222981
v 0.180431 -0.127214 0.189993
v 0.180431 -0.127214 0.175163
v -0.808504 -0.127214 0.197458
v 0.553590 -0.127214 0.197660
v 0.538155 -0.127214 0.183032
v -0.714786 -0.127214 0.272311
v -0.717005 -0.127214 0.274733
v 0.540677 -0.127214 0.196752
v 0.540749 -0.127214 0.197256
v -0.713878 -0.127214 0.270899
v -0.811531 -0.127214 0.235994
v -0.810724 -0.127214 0.230345
v 0.140382 -0.127214 -0.329251
v -0.813448 -0.127214 0.246284
v 0.544107 -0.127214 0.219248
v 0.541989 -0.127214 0.205428
v 0.151781 -0.127214 -0.317035
v -0.872967 -0.127214 0.224292
v -0.873033 -0.127214 0.223485
v -0.874480 -0.127214 0.174054
v -0.874451 -0.127214 0.171834
v 0.118390 -0.127214 0.175567
v 0.118443 -0.127214 0.171834
v -0.874380 -0.127214 0.197458
v 0.175690 -0.127214 0.243560
v -0.874581 -0.127214 0.182023
v 0.185677 -0.127214 0.268579
v 0.182752 -0.127214 0.268579
v -0.864292 -0.127214 0.262728
v -0.822022 -0.127214 0.268982
v -0.823939 -0.127214 0.271504
v 0.154202 -0.127214 -0.311486
v -0.869638 -0.127214 0.246284
v -0.261629 -0.127214 0.081041
v -0.261825 -0.127214 0.081445
v -0.258501 -0.127214 0.109389
v 0.124947 -0.127214 0.251631
v -0.248615 -0.127214 0.096880
v -0.247001 -0.127214 0.095957
v 0.119096 -0.127214 0.211077
v 0.118491 -0.127214 0.197660
v 0.180230 -0.127214 0.197256
v 0.189511 -0.127214 -0.292420
v -0.269094 -0.127214 0.089314
v -0.269296 -0.127214 0.092643
v -0.264958 -0.127214 0.088406
v -0.266572 -0.127214 0.092643
v -0.259914 -0.127214 0.077914
v 0.121214 -0.127214 0.233876
v 0.120049 -0.127214 0.223485
v -0.263344 -0.127214 0.084572
v 0.546331 -0.127214 0.234885
v -0.213912 -0.127214 0.145807
v -0.105364 -0.127214 -0.284551
v -0.102338 -0.127214 -0.278801
v -0.264252 -0.127214 0.129363
v -0.262738 -0.127214 0.121999
v -0.263546 -0.127214 0.125631
v -0.096991 -0.127214 0.173650
v 0.167317 -0.127214 0.264544
v 0.166207 -0.127214 0.265887
v 0.546831 -0.127214 0.238819
v 0.547134 -0.127214 0.240938
v 0.124374 -0.127214 0.249311
v 0.161163 -0.127214 0.270597
v -0.113233 -0.127214 0.193221
v -0.120597 -0.127214 0.222275
v -0.119084 -0.127214 0.211480
v 0.125552 -0.127214 -0.268814
v 0.178763 -0.127214 0.223485
v -0.163371 -0.127214 0.268478
v 0.176699 -0.127214 0.238920
v -0.165489 -0.127214 0.254355
v 0.173370 -0.127214 0.251934
v 0.172058 -0.127214 0.255565
v 0.178212 -0.127214 0.228630
v -0.108794 -0.127214 0.185655
v -0.118479 -0.127214 0.262123
v -0.121001 -0.127214 0.240231
v 0.130495 -0.127214 0.264241
v -0.120649 -0.127214 0.223485
v -0.594839 -0.127214 -0.025388
v 0.150672 -0.127214 0.274228
v 0.152790 -0.127214 -0.283643
v -0.165086 -0.127214 0.260004
v 0.134026 -0.127214 0.268680
v -0.164783 -0.127214 0.262425
v -0.165287 -0.127214 0.257381
v 0.153597 -0.127214 0.273825
v -0.591402 -0.127214 -0.008944
v -0.591610 -0.127214 -0.014997
v -0.261528 -0.127214 0.273623
v -0.262436 -0.127214 0.272311
v -0.266774 -0.127214 0.253346
v -0.104154 -0.127214 0.083967
v 0.120609 -0.127214 -0.269217
v 0.135237 -0.127214 -0.269722
v 0.289887 -0.127214 0.098393
v 0.284742 -0.127214 0.111507
v -0.106474 -0.127214 0.090625
v 0.303809 -0.127214 0.077510
v -0.107785 -0.127214 0.102024
v 0.276067 -0.127214 0.161746
v 0.275765 -0.127214 0.171834
v -0.105162 -0.127214 0.116148
v -0.103044 -0.127214 0.119780
v 0.296243 -0.127214 0.087094
v 0.145325 -0.127214 -0.245410
v 0.120105 -0.127214 -0.243291
v -0.165590 -0.127214 0.142982
v -0.165691 -0.127214 0.135618
v 0.165501 -0.127214 -0.254690
v 0.181889 -0.127214 0.081445
v 0.182046 -0.127214 0.084572
v 0.182247 -0.127214 0.088507
v -0.597260 -0.127214 -0.029020
v -0.873875 -0.127214 0.211581
v 0.170646 -0.127214 0.106564
v -0.815163 -0.127214 0.252927
v -0.815869 -0.127214 0.255263
v -0.162362 -0.127214 -0.271638
v -0.162564 -0.127214 -0.271706
v -0.169525 -0.127214 -0.279205
v -0.862677 -0.127214 0.266057
v -0.820307 -0.127214 0.266057
v -0.165691 -0.127214 -0.273555
v -0.817180 -0.127214 0.259197
v -0.858945 -0.127214 0.271504
v -0.860862 -0.127214 0.268982
v -0.600589 -0.127214 -0.032349
v -0.602506 -0.127214 -0.033862
v -0.603777 -0.127214 -0.034770
v -0.171441 -0.127214 -0.286972
v -0.868528 -0.127214 0.250925
v -0.169827 -0.127214 -0.279911
v -0.117773 -0.127214 -0.328233
v -0.918666 -0.127214 0.126438
v -0.158428 -0.127214 -0.271033
v -0.920079 -0.127214 0.229437
v -0.095478 -0.127214 -0.268713
v -0.160445 -0.127214 -0.271235
v -0.771885 -0.127214 0.104748
v -0.167204 -0.127214 -0.275068
v -0.143295 -0.127214 -0.271033
v -0.161353 -0.127214 -0.271437
v -0.171643 -0.127214 -0.289192
v -0.810118 -0.127214 0.139451
v -0.168011 -0.127214 -0.276077
v -0.169222 -0.127214 -0.278498
v -0.737081 -0.127214 0.092643
v -0.171139 -0.127214 -0.284854
v 0.847557 -0.127214 0.290672
v -0.774709 -0.127214 0.098393
v -0.143699 -0.127214 0.068532
v -0.143699 -0.127214 0.120183
v -0.098807 -0.127214 0.075392
v -0.179512 -0.127214 0.076703
v -0.177393 -0.127214 0.080335
v 0.091051 -0.127214 -0.475821
v 0.088468 -0.127214 -0.473804
v -0.175476 -0.127214 0.084270
v -0.168112 -0.127214 0.109389
v -0.170533 -0.127214 0.098292
v -0.593935 -0.127214 -0.023672
v -0.788833 -0.127214 0.077510
v -0.868730 -0.127214 0.113424
v -0.760687 -0.127214 0.152162
v -0.759375 -0.127214 0.171632
v 0.171352 -0.127214 0.076098
v -0.759275 -0.127214 0.182023
v -0.759373 -0.127214 0.171834
v -0.764924 -0.127214 0.126438
v -0.811632 -0.127214 0.127951
v -0.873875 -0.127214 0.152263
v -0.874178 -0.127214 0.159224
v -0.874380 -0.127214 0.166487
v -0.808504 -0.127214 0.166487
v -0.838668 -0.127214 0.084976
v -0.828378 -0.127214 0.089112
v -0.855011 -0.127214 0.089112
v -0.852690 -0.127214 0.087599
v 0.098012 -0.127214 -0.480159
v 0.110622 -0.127214 -0.456049
v -0.815869 -0.127214 0.109187
v -0.886889 -0.127214 0.069743
v -0.895565 -0.127214 0.077510
v -0.918465 -0.127214 0.125691
v -0.916976 -0.127214 0.120183
v 0.820824 -0.127214 0.275540
v 0.819210 -0.127214 0.276750
v 0.817596 -0.127214 0.277860
v 0.833030 -0.127214 0.301063
v 0.836965 -0.127214 0.298843
v 0.828894 -0.127214 0.302979
v 0.819916 -0.127214 0.305905
v 0.824556 -0.127214 0.304594
v 0.815174 -0.127214 0.306914
v -0.857230 -0.127214 0.091029
v -0.847444 -0.127214 0.085480
v -0.822224 -0.127214 0.095770
v 0.858452 -0.127214 0.276145
v -0.808433 -0.127214 0.171834
v 0.114254 -0.127214 -0.486010
v 0.161163 -0.127214 0.093954
v 0.161609 -0.127214 0.094357
v 0.113043 -0.127214 -0.458167
v -0.165994 -0.127214 0.128556
v 0.082073 -0.127214 -0.467448
v 0.142601 -0.127214 0.090423
v 0.163282 -0.127214 0.095871
v 0.101744 -0.127214 -0.481975
v -0.217645 -0.127214 0.115744
v 0.132210 -0.127214 0.098090
v -0.232878 -0.127214 0.095266
v 0.153597 -0.127214 0.090423
v -0.228222 -0.127214 0.097933
v 0.108604 -0.127214 -0.453527
v 0.109613 -0.127214 -0.454838
v -0.246497 -0.127214 0.095669
v 0.084897 -0.127214 -0.470576
v 0.087823 -0.127214 -0.473299
v 0.118995 -0.127214 0.155088
v 0.015088 -0.127214 -0.463111
v -0.268791 -0.127214 0.086085
v -0.268510 -0.127214 0.081445
v 0.180633 -0.127214 0.092643
v -0.257089 -0.127214 0.106665
v 0.167317 -0.127214 0.100612
v 0.169032 -0.127214 0.103437
v 0.175690 -0.127214 0.122201
v -0.258199 -0.127214 0.074988
v -0.256484 -0.127214 0.072466
v 0.181844 -0.127214 0.080537
v 0.856031 -0.127214 0.280180
v 0.853408 -0.127214 0.283913
v 0.837671 -0.127214 0.298366
v 0.175791 -0.127214 0.082756
v 0.178414 -0.127214 0.087599
v -0.214417 -0.127214 0.137232
v -0.215627 -0.127214 0.125631
v -0.216232 -0.127214 0.122201
v -0.215123 -0.127214 0.129363
v 0.128982 -0.127214 0.103437
v 0.126158 -0.127214 0.109994
v -0.265361 -0.127214 0.137535
v -0.265866 -0.127214 0.141772
v 0.815780 -0.127214 0.278768
v 0.145022 -0.127214 0.089818
v 0.147544 -0.127214 0.089717
v 0.177506 -0.127214 0.131986
v 0.120508 -0.127214 0.137434
v 0.178817 -0.127214 0.142982
v 0.130495 -0.127214 0.100612
v 0.123837 -0.127214 0.117863
v 0.813863 -0.127214 0.279575
v -0.025063 -0.127214 -0.454435
v -0.011444 -0.127214 -0.483287
v -0.031923 -0.127214 -0.458974
v -0.762038 -0.127214 0.223485
v -0.808403 -0.127214 0.174054
v -0.809614 -0.127214 0.218139
v 0.180230 -0.127214 0.168202
v -0.262258 -0.127214 0.120183
v -0.266168 -0.127214 0.146109
v -0.040397 -0.127214 -0.460474
v -0.264857 -0.127214 0.133399
v 0.118692 -0.127214 0.161645
v -0.810052 -0.127214 0.223485
v 0.275461 -0.127214 0.182023
v 0.279295 -0.127214 0.229437
v -0.814557 -0.127214 0.250925
v 0.228854 -0.127214 0.254960
v -0.039691 -0.127214 -0.488633
v 0.230670 -0.127214 0.264947
v 0.276874 -0.127214 0.211682
v 0.276067 -0.127214 0.202199
v 0.275663 -0.127214 0.192313
v -0.006400 -0.127214 -0.480966
v -0.874480 -0.127214 0.189892
v -0.808807 -0.127214 0.204620
v -0.725580 -0.127214 0.278970
v -0.724269 -0.127214 0.278667
v -0.718014 -0.127214 0.275641
v -0.717454 -0.127214 0.275136
v -0.715896 -0.127214 0.273623
v 0.283027 -0.127214 0.245376
v 0.229157 -0.127214 0.257785
v -0.022037 -0.127214 -0.486717
v -0.738392 -0.127214 0.279575
v -0.773801 -0.127214 0.265653
v -0.779172 -0.127214 0.275136
v -0.040195 -0.127214 -0.460488
v 0.231376 -0.127214 0.266965
v 0.234100 -0.127214 0.272009
v 0.235210 -0.127214 0.273421
v -0.872261 -0.127214 0.230345
v -0.810118 -0.127214 0.224292
v -0.873472 -0.127214 0.218139
v -0.812439 -0.127214 0.241341
v 0.120004 -0.127214 0.223082
v -0.825957 -0.127214 0.273724
v -0.241856 -0.127214 0.094357
v -0.871555 -0.127214 0.235994
v -0.029502 -0.127214 -0.457764
v -0.918465 -0.127214 0.237608
v -0.916346 -0.127214 0.245376
v -0.874178 -0.127214 0.204620
v -0.870647 -0.127214 0.241341
v -0.234895 -0.127214 0.094761
v -0.250532 -0.127214 0.098292
v -0.221680 -0.127214 0.105454
v -0.171845 -0.127214 -0.294135
v -0.112829 -0.127214 -0.304324
v -0.112766 -0.127214 -0.304122
v -0.110610 -0.127214 -0.297262
v -0.108980 -0.127214 -0.293025
v -0.114847 -0.127214 -0.311789
v -0.163270 -0.127214 -0.271941
v -0.170836 -0.127214 -0.283038
v -0.261831 -0.127214 0.118569
v -0.171800 -0.127214 -0.293025
v -0.268186 -0.127214 0.076098
v -0.818693 -0.127214 0.262728
v -0.865805 -0.127214 0.259197
v -0.866814 -0.127214 0.256387
v -0.827592 -0.127214 0.275136
v -0.857028 -0.127214 0.273724
v -0.855393 -0.127214 0.275136
v -0.116461 -0.127214 -0.319759
v -0.171744 -0.127214 -0.291613
v 0.180331 -0.127214 0.274632
v 0.122929 -0.127214 0.243460
v -0.108088 -0.127214 -0.290705
v -0.099009 -0.127214 -0.273555
v 0.140382 -0.127214 0.272857
v 0.163282 -0.127214 0.268882
v 0.142500 -0.127214 0.273724
v -0.867217 -0.127214 0.255263
v 0.138062 -0.127214 0.271908
v 0.147544 -0.127214 0.274430
v -0.914127 -0.127214 0.252539
v -0.905552 -0.127214 0.271605
v -0.903394 -0.127214 0.275136
v -0.911504 -0.127214 0.259399
v -0.908679 -0.127214 0.265653
v -0.921592 -0.127214 0.143184
v 0.165400 -0.127214 0.266864
v -0.923710 -0.127214 0.192313
v -0.921491 -0.127214 0.220761
v 0.179725 -0.127214 0.210875
v 0.180028 -0.127214 0.204217
v 0.118289 -0.127214 0.183032
v -0.255677 -0.127214 0.104244
v -0.787824 -0.127214 0.286536
v 0.127469 -0.127214 0.258592
v 0.170646 -0.127214 0.258894
v 0.174580 -0.127214 0.247898
v 0.177506 -0.127214 0.233876
v 0.169032 -0.127214 0.261921
v -0.214114 -0.127214 0.141469
v -0.719225 -0.127214 0.276448
v -0.170332 -0.127214 -0.281424
v -0.780258 -0.127214 0.277053
v -0.166498 -0.127214 -0.274261
v -0.164884 -0.127214 -0.272950
v 0.180096 -0.127214 0.275136
v -0.264494 -0.127214 0.130977
v -0.266673 -0.127214 0.154987
v -0.266774 -0.127214 0.159527
v 0.156321 -0.127214 0.273018
v 0.158843 -0.127214 0.271908
v -0.604624 -0.127214 -0.035375
v -0.606944 -0.127214 -0.036687
v -0.608558 -0.127214 -0.037494
v -0.609567 -0.127214 -0.037998
v -0.849866 -0.127214 0.278364
v -0.639327 -0.127214 -0.043547
v -0.103447 -0.127214 0.179098
v -0.673324 -0.127214 -0.037494
v -0.649819 -0.127214 -0.043446
v -0.654964 -0.127214 -0.042941
v -0.120093 -0.127214 0.251732
v -0.644371 -0.127214 -0.043648
v -0.634686 -0.127214 -0.043345
v -0.612392 -0.127214 -0.039108
v -0.622278 -0.127214 -0.041832
v -0.160344 -0.127214 0.274430
v -0.161252 -0.127214 0.273119
v -0.165590 -0.127214 0.251227
v -0.116663 -0.127214 0.201796
v 0.382294 -0.127214 0.304795
v -0.120597 -0.127214 0.246083
v -0.119387 -0.127214 0.257079
v -0.117369 -0.127214 0.266965
v -0.116058 -0.127214 0.271404
v -0.838466 -0.127214 0.279777
v 0.372811 -0.127214 0.306787
v -0.840988 -0.127214 0.279945
v -0.121102 -0.127214 0.234078
v 0.344565 -0.127214 0.275641
v -0.847243 -0.127214 0.279272
v -0.841492 -0.127214 0.279978
v -0.871151 -0.127214 0.302778
v -0.866814 -0.127214 0.304415
v 0.368877 -0.127214 0.277154
v -0.828176 -0.127214 0.275641
v 0.322976 -0.127214 0.300457
v -0.817079 -0.127214 0.304795
v -0.854809 -0.127214 0.275641
v -0.860155 -0.127214 0.306309
v 0.363732 -0.127214 0.279272
v -0.890420 -0.127214 0.290672
v -0.885981 -0.127214 0.294304
v 0.370289 -0.127214 0.307317
v -0.266572 -0.127214 0.256272
v -0.265160 -0.127214 0.265653
v -0.264655 -0.127214 0.267469
v -0.263949 -0.127214 0.269285
v -0.263243 -0.127214 0.270798
v -0.730423 -0.127214 0.279575
v -0.721646 -0.127214 0.277759
v 0.349508 -0.127214 0.278364
v -0.720435 -0.127214 0.277154
v -0.806184 -0.127214 0.300457
v 0.357881 -0.127214 0.279978
v -0.815163 -0.127214 0.304032
v -0.728001 -0.127214 0.279373
v -0.722957 -0.127214 0.278263
v 0.420201 -0.127214 0.275136
v 0.393189 -0.127214 0.300457
v 0.419116 -0.127214 0.277053
v 0.346986 -0.127214 0.307553
v -0.835641 -0.127214 0.279272
v 0.346986 -0.127214 0.277154
v 0.366355 -0.127214 0.278364
v -0.852388 -0.127214 0.277154
v 0.321160 -0.127214 0.299420
v -0.833018 -0.127214 0.278364
v -0.830496 -0.127214 0.277154
v -0.829084 -0.127214 0.307317
v -0.865805 -0.127214 0.304795
v -0.876397 -0.127214 0.300457
v -0.019615 -0.127214 -0.446970
v -0.898490 -0.127214 0.281996
v -0.062490 -0.127214 -0.443842
v 0.352131 -0.127214 0.279272
v 0.354956 -0.127214 0.279777
v 0.360907 -0.127214 0.279777
v -0.664648 -0.127214 -0.040924
v -0.018001 -0.127214 -0.443842
v 0.318033 -0.127214 0.297633
v 0.344968 -0.127214 0.307317
v -0.065315 -0.127214 -0.436680
v -0.060876 -0.127214 -0.446970
v -0.060263 -0.127214 -0.447978
v -0.064003 -0.127214 -0.440513
v -0.598874 -0.127214 -0.030735
v 0.105780 -0.127214 -0.483488
v -0.591308 -0.127214 -0.010458
v 0.106788 -0.127214 -0.450702
v -0.595948 -0.127214 -0.027204
v 0.077029 -0.127214 -0.460689
v 0.018719 -0.127214 -0.458268
v 0.094481 -0.127214 -0.478041
v -0.844418 -0.127214 0.279777
v 0.111832 -0.127214 -0.457159
v 0.109916 -0.127214 -0.484901
v -0.881340 -0.127214 0.297633
v -0.902223 -0.127214 0.277053
v -0.894556 -0.127214 0.286536
v 0.011254 -0.127214 -0.467549
v 0.079450 -0.127214 -0.464220
v -0.033638 -0.127214 -0.488432
v -0.037270 -0.127214 -0.460286
v -0.027787 -0.127214 -0.487725
v 0.007219 -0.127214 -0.471484
v 0.004447 -0.127214 -0.473804
v -0.001659 -0.127214 -0.478243
v 0.002881 -0.127214 -0.475115
v -0.016589 -0.127214 -0.485203
v -0.027181 -0.127214 -0.456251
v -0.034546 -0.127214 -0.459782
vn 0.0000 -1.0000 0.0000
vn 0.0000 1.0000 0.0000
vn 0.0000 1.0000 0.0002
vn -1.0000 0.0000 0.0000
vn -0.6703 0.0000 -0.7421
vn -0.7439 0.0000 -0.6683
vn -0.7439 0.0000 0.6683
vn -0.7439 0.0001 -0.6683
vn -0.3752 -0.0000 0.9269
vn -0.9444 0.0000 0.3289
vn -0.3813 0.0000 -0.9244
vn -0.6200 0.0000 -0.7846
vn 1.0000 0.0000 0.0000
vn -0.6422 0.0000 0.7665
vn 0.0000 1.0000 0.0001
vn 0.7809 0.0000 -0.6246
vn -0.9889 0.0000 0.1488
vn 0.0624 0.0000 -0.9981
vn 0.7466 0.0000 0.6652
vn -0.7439 -0.0001 -0.6683
vn 0.7875 0.0000 -0.6163
vn 0.8731 0.0000 -0.4875
vn 0.9768 0.0000 -0.2140
vn -0.0794 0.0000 -0.9968
vn 0.2236 0.0000 -0.9747
vn 0.8262 0.0000 -0.5633
vn -0.9019 0.0000 -0.4319
vn -0.6925 0.0000 -0.7214
vn -0.9721 0.0000 -0.2346
vn 0.2425 0.0000 0.9701
vn 0.3672 0.0000 0.9301
vn 0.8567 0.0000 0.5159
vn 0.7835 0.0000 0.6214
vn 0.3728 0.0000 0.9279
vn -0.9279 0.0000 -0.3728
vn 0.3090 0.0000 -0.9511
vn -0.3091 0.0000 -0.9510
vn -0.3090 -0.0000 -0.9511
vn 0.6045 0.0000 -0.7966
vn 0.9511 0.0000 -0.3090
vn 0.8091 0.0000 -0.5877
vn 0.8091 0.0000 -0.5876
vn 0.0000 0.0000 -1.0000
vn 0.7440 0.0000 -0.6682
vn 0.3081 0.0000 0.9514
vn -0.9285 0.0000 -0.3713
vn 0.3184 0.0000 -0.9480
vn 0.0468 0.0000 -0.9989
vn -0.2443 0.0000 -0.9697
vn 0.9276 0.0000 -0.3735
vn 0.7725 0.0000 -0.6350
vn 0.9444 0.0000 0.3289
vn 0.0000 0.0000 1.0000
vn -0.8567 0.0000 0.5159
vn -0.0995 0.0000 0.9950
vn 0.8496 0.0000 0.5274
vn 0.7954 0.0000 0.6061
vn 0.8262 0.0000 0.5633
vn 0.9889 0.0000 0.1488
vn -0.7466 0.0000 0.6652
vn 0.7439 0.0000 0.6682
vn -0.7440 0.0000 -0.6682
vn 0.9162 0.0000 0.4008
vn 0.4819 0.0000 0.8762
vn 0.9671 0.0000 0.2545
vn -0.3184 0.0000 -0.9480
vn -0.0468 0.0000 -0.9989
vn 0.0370 0.0000 0.9993
vn 0.0333 0.0000 0.9994
vn 0.6690 0.0000 0.7433
vn 0.3813 -0.0000 -0.9244
vn -0.8254 0.0000 0.5646
vn 0.6202 0.0000 -0.7844
vn -0.6000 0.0000 0.8000
vn -0.7410 0.0000 0.6715
vn 0.6247 0.0000 0.7808
vn 0.1414 -0.0000 0.9900
vn 0.2983 0.0000 0.9545
vn -0.9768 0.0000 -0.2140
vn 0.0791 0.0000 -0.9969
vn -0.2233 0.0000 -0.9747
vn -0.2234 0.0000 -0.9747
vn 0.9019 0.0000 -0.4320
vn -0.8533 0.0000 0.5215
vn -0.7439 0.0000 0.6682
vn 0.6927 0.0000 -0.7212
vn 0.3589 0.0000 -0.9334
vn -0.7440 0.0000 0.6682
vn 0.2942 0.0000 -0.9558
vn -0.5408 0.0000 0.8412
vn -0.8619 0.0000 0.5070
vn 0.0623 0.0000 -0.9981
vn 0.6333 0.0000 -0.7739
vn 0.8805 0.0000 0.4741
vn 0.7433 0.0000 0.6690
vn 0.4625 0.0000 0.8866
vn 0.3846 0.0000 0.9231
vn -0.4831 0.0000 0.8756
vn -0.8155 0.0000 0.5787
vn 0.5812 0.0000 0.8137
vn -0.7936 0.0000 0.6084
vn 0.5264 0.0000 0.8503
vn -0.6139 0.0000 0.7894
vn -0.9167 0.0000 0.3996
vn -0.2081 0.0000 0.9781
vn -0.8992 0.0000 0.4375
vn -0.0392 0.0000 0.9992
vn 0.6670 0.0000 -0.7451
vn 0.0587 0.0000 -0.9983
vn 0.3845 0.0000 0.9231
vn -0.1240 0.0000 0.9923
vn -0.9487 0.0000 -0.3162
vn 0.8209 0.0000 0.5711
vn 0.9383 0.0000 -0.3457
vn 0.7259 0.0000 0.6878
vn -0.9936 0.0000 0.1129
vn 0.8321 0.0000 0.5547
vn 0.8638 0.0000 0.5039
vn 0.9935 0.0000 -0.1142
vn 0.9540 0.0000 -0.2998
vn 0.9352 0.0000 -0.3542
vn 0.2942 0.0000 -0.9557
vn -0.6925 0.0000 0.7214
vn 0.8815 0.0000 -0.4722
vn -0.7474 0.0000 0.6644
vn -0.9754 0.0000 -0.2206
vn -0.6139 0.0000 0.7893
vn 0.1215 0.0000 0.9926
vn 0.1322 0.0000 -0.9912
vn -0.9806 0.0000 0.1962
vn -0.9414 0.0000 -0.3372
vn 0.5369 0.0000 -0.8437
vn -0.9048 0.0000 0.4258
vn -0.9119 -0.0000 -0.4104
vn 0.2094 0.0000 -0.9778
vn 0.5608 0.0000 -0.8279
vn -0.9285 0.0000 0.3714
vn -0.6051 0.0000 -0.7961
vn 0.0000 1.0000 -0.0002
vn 0.6334 0.0000 -0.7738
vn 0.6331 0.0000 -0.7740
vn 0.4741 0.0000 -0.8805
vn 0.2748 0.0000 -0.9615
vn 0.5882 0.0000 -0.8087
vn 0.5881 0.0000 -0.8088
vn -0.9975 0.0000 -0.0700
vn 0.3363 0.0000 -0.9418
vn 0.4473 0.0000 -0.8944
vn 0.3163 0.0000 0.9487
vn 0.8742 0.0000 -0.4856
vn 0.3387 0.0000 0.9409
vn 0.2600 0.0000 0.9656
vn 0.2170 0.0000 0.9762
vn -0.2971 0.0000 0.9549
vn 0.0688 0.0000 0.9976
vn 0.0829 0.0000 0.9966
vn 0.1418 0.0000 0.9899
vn -0.3753 0.0000 0.9269
vn -0.3728 0.0000 0.9279
vn 0.9279 0.0000 -0.3728
vn 0.3091 0.0000 -0.9510
vn -0.3656 0.0000 -0.9308
vn -0.3657 0.0000 -0.9307
vn -0.9509 -0.0000 -0.3094
vn -0.8091 0.0000 -0.5876
vn -0.8091 0.0000 -0.5877
vn -0.4211 0.0000 -0.9070
vn 0.3714 0.0000 -0.9285
vn 0.1216 0.0000 -0.9926
vn -0.0228 0.0000 -0.9997
vn -0.1484 0.0000 -0.9889
vn 0.4175 0.0000 -0.9087
vn 0.5547 0.0000 -0.8321
vn 0.0000 1.0000 -0.0001
vn 0.2747 0.0000 -0.9615
vn 0.0576 0.0000 -0.9983
vn 0.0370 0.0000 -0.9993
vn -0.3081 0.0000 0.9514
vn -0.0464 0.0000 -0.9989
vn 0.9285 0.0000 -0.3713
vn -0.2850 0.0000 -0.9585
vn -0.3243 0.0000 -0.9460
vn 0.2443 0.0000 -0.9697
vn -0.9275 0.0000 -0.3737
vn -0.7727 0.0000 -0.6348
vn 0.7439 0.0000 -0.6683
vn -0.0948 0.0000 -0.9955
vn 0.0000 1.0000 0.0003
vn -0.1962 0.0000 -0.9806
vn 0.1241 0.0000 -0.9923
vn 0.7440 0.0000 0.6682
vn 0.7593 0.0000 -0.6508
vn 0.4257 0.0000 -0.9048
vn 0.3374 0.0000 -0.9413
vn 0.2631 0.0000 -0.9648
vn 0.1863 0.0000 -0.9825
vn 0.0995 0.0000 -0.9950
vn 0.0483 0.0000 -0.9988
vn -0.0691 0.0000 -0.9976
vn -0.2135 0.0000 -0.9770
vn -0.3729 0.0000 -0.9279
vn 0.2577 0.0000 0.9662
vn -0.5836 0.0000 0.8120
vn -0.5432 0.0000 0.8396
vn 0.9986 0.0000 -0.0520
vn 0.9864 0.0000 -0.1644
vn 0.9962 0.0000 -0.0866
vn -0.2272 0.0000 -0.9738
vn 0.9091 0.0000 -0.4166
vn -0.9701 0.0000 0.2426
vn -0.9959 0.0000 0.0905
vn -0.9104 0.0000 0.4138
vn 0.1155 0.0000 -0.9933
vn 0.0680 0.0000 -0.9977
vn -0.7400 0.0000 -0.6727
vn -0.9062 0.0000 -0.4229
vn -0.9363 0.0000 -0.3511
vn -0.8000 0.0000 -0.6000
vn 0.9978 0.0000 0.0665
vn 0.9945 0.0000 0.1047
vn 0.9363 0.0000 -0.3511
vn 0.1065 0.0000 0.9943
vn 0.9487 0.0000 -0.3162
vn 0.9981 0.0000 0.0624
vn 0.9923 0.0000 -0.1240
vn 0.8706 0.0000 -0.4921
vn 0.6332 0.0000 -0.7740
vn 0.5780 0.0000 -0.8160
vn 0.9990 0.0000 0.0447
vn 0.7752 0.0000 -0.6317
vn -0.1321 0.0000 -0.9912
vn 0.4229 0.0000 -0.9062
vn 0.3714 0.0000 0.9285
vn 0.6508 0.0000 -0.7592
vn 0.4229 0.0000 0.9062
vn 0.5241 -0.0000 0.8516
vn 0.3417 0.0000 -0.9398
vn 0.1724 0.0000 -0.9850
vn 0.9933 0.0000 -0.1155
vn -0.0208 0.0000 -0.9998
vn 0.9284 0.0000 -0.3715
vn 0.0624 0.0000 0.9981
vn -0.0926 0.0000 0.9957
vn -0.2484 0.0000 0.9687
vn 0.0317 0.0000 0.9995
vn -0.9990 0.0000 -0.0454
vn 0.9998 0.0000 -0.0213
vn 0.9997 0.0000 0.0233
vn -0.6644 -0.0000 -0.7474
vn -0.4217 0.0000 -0.9067
vn -0.5792 0.0000 -0.8152
vn 0.5711 -0.0000 -0.8209
vn 0.4961 0.0000 -0.8682
vn -0.4985 0.0000 -0.8669
vn 0.4258 0.0000 -0.9048
vn 0.1644 0.0000 -0.9864
vn -0.5260 0.0000 -0.8505
vn 0.5039 0.0000 -0.8638
vn -0.9882 0.0000 -0.1534
vn -0.9969 0.0000 -0.0791
vn -0.5615 0.0000 -0.8275
vn -0.1182 0.0000 -0.9930
vn -0.1961 0.0000 -0.9806
vn -0.2545 0.0000 -0.9671
vn -0.4037 0.0000 -0.9149
vn -0.9859 0.0000 0.1671
vn 0.0995 0.0000 0.9950
vn 0.2374 0.0000 -0.9714
vn 0.0377 0.0000 0.9993
vn 0.7208 0.0000 -0.6931
vn 0.9138 0.0000 -0.4061
vn 0.9991 0.0000 0.0425
vn -0.4244 0.0000 -0.9055
vn -0.5145 0.0000 -0.8575
vn 0.1961 0.0000 0.9806
vn 0.1241 0.0000 0.9923
vn 0.5944 0.0000 -0.8042
vn 0.5795 0.0000 -0.8150
vn -0.9363 0.0000 0.3511
vn -0.9734 0.0000 0.2292
vn -0.6872 0.0000 0.7265
vn 0.5547 0.0000 -0.8320
vn 0.5121 0.0000 -0.8589
vn 0.5932 0.0000 -0.8051
vn -0.7526 0.0000 0.6585
vn -0.7072 0.0000 0.7070
vn 0.8877 0.0000 -0.4603
vn 0.6941 0.0000 -0.7198
vn 0.8036 0.0000 -0.5952
vn 0.8222 0.0000 -0.5692
vn 0.5628 0.0000 -0.8266
vn 0.5269 0.0000 -0.8499
vn 0.9762 0.0000 0.2170
vn 0.9363 0.0000 0.3511
vn -0.9965 0.0000 0.0830
vn -0.8182 0.0000 0.5750
vn -0.7871 0.0000 0.6169
vn -0.1960 0.0000 0.9806
vn -0.7270 0.0000 0.6866
vn -0.6001 0.0000 0.7999
vn -0.9734 0.0000 0.2290
vn -0.9762 0.0000 0.2170
vn 0.9999 0.0000 0.0141
vn -0.2576 0.0000 0.9662
vn -0.4062 0.0000 0.9138
vn -0.9080 0.0000 0.4191
vn -0.7525 0.0000 0.6586
vn -0.8437 0.0000 0.5369
vn 0.9929 0.0000 0.1186
vn 0.9962 -0.0000 0.0866
vn 0.9952 0.0000 -0.0976
vn 0.9632 0.0000 -0.2688
vn 0.9998 0.0000 -0.0185
vn 0.6925 0.0000 -0.7214
vn 0.9834 0.0000 0.1815
vn 0.9403 0.0000 0.3404
vn 0.9993 0.0000 0.0384
vn 0.9916 0.0000 0.1293
vn 0.9916 0.0000 0.1294
vn 0.9959 0.0000 0.0905
vn 0.9806 -0.0000 0.1961
vn -0.9993 0.0000 0.0385
vn 0.9908 0.0000 0.1351
vn 0.5106 0.0000 0.8598
vn 0.6484 0.0000 0.7613
vn -0.9417 0.0000 0.3363
vn -0.4648 0.0000 0.8854
vn -0.9426 0.0000 0.3338
vn -0.4574 0.0000 0.8893
vn -0.3163 0.0000 0.9487
vn -0.8944 -0.0000 0.4472
vn -0.8436 0.0000 0.5369
vn -0.4060 0.0000 0.9139
vn -0.0997 0.0000 0.9950
vn 0.7809 0.0000 0.6247
vn 0.3482 0.0000 -0.9374
vn -0.9996 -0.0000 0.0290
vn 0.9055 0.0000 -0.4244
vn 0.4362 0.0000 -0.8998
vn 0.9247 0.0000 -0.3808
vn 0.7214 0.0000 -0.6925
vn 0.8831 0.0000 -0.4692
vn 0.7634 0.0000 -0.6460
vn 0.4580 0.0000 -0.8890
vn 0.4384 0.0000 -0.8988
vn 0.4668 0.0000 -0.8844
vn 0.5421 0.0000 -0.8403
vn -0.9615 0.0000 -0.2747
vn -0.4472 0.0000 -0.8944
vn -0.8321 0.0000 -0.5547
vn -0.6905 0.0000 -0.7234
vn -0.5241 0.0000 -0.8517
vn -0.6668 0.0000 -0.7452
vn -0.8619 0.0000 -0.5070
vn -0.7875 0.0000 -0.6163
vn -0.4212 0.0000 -0.9070
vn -0.9837 0.0000 -0.1798
vn 0.2874 0.0000 0.9578
vn 0.2677 0.0000 -0.9635
vn -0.3032 0.0000 -0.9529
vn -0.3940 0.0000 -0.9191
vn 0.6585 0.0000 0.7526
vn -0.7241 0.0000 -0.6897
vn 0.5022 0.0000 -0.8648
vn -0.6585 0.0000 -0.7526
vn -0.2274 0.0000 -0.9738
vn -0.1644 0.0000 -0.9864
vn -0.0417 0.0000 -0.9991
vn 0.4062 0.0000 0.9138
vn 0.9995 0.0000 0.0323
vn -0.6000 0.0000 -0.8000
vn -0.7683 0.0000 0.6401
vn -0.5548 0.0000 0.8320
vn 0.6508 0.0000 -0.7593
vn 0.5865 0.0000 -0.8099
vn -0.8824 0.0000 0.4706
vn 0.7475 0.0000 0.6643
vn 0.9545 0.0000 0.2983
vn 0.7071 0.0000 -0.7071
vn -0.7926 0.0000 0.6098
vn 0.0500 0.0000 -0.9988
vn -0.4741 0.0000 0.8805
vn -0.5999 0.0000 0.8000
vn -0.0866 0.0000 -0.9962
vn -0.5340 0.0000 -0.8455
vn -0.1294 0.0000 -0.9916
vn -0.9648 0.0000 0.2631
vn -0.9852 0.0000 0.1713
vn -0.9884 0.0000 0.1521
vn -0.1789 0.0000 -0.9839
vn -0.9138 0.0000 0.4062
vn 0.1020 0.0000 -0.9948
vn -0.9975 0.0000 0.0713
vn -0.9981 0.0000 0.0624
vn -0.9899 0.0000 0.1414
vn -0.0416 -0.0000 -0.9991
vn -0.9971 0.0000 0.0767
vn -0.0434 0.0000 -0.9991
vn 0.6644 0.0000 -0.7474
vn -0.7260 0.0000 -0.6877
vn -0.0400 0.0000 -0.9992
vn -0.1443 0.0000 -0.9895
vn -0.6508 0.0000 0.7593
vn -0.6783 0.0000 0.7348
vn 0.5023 0.0000 -0.8647
vn 0.5263 0.0000 -0.8503
vn 0.1859 0.0000 -0.9826
vn 0.2600 0.0000 -0.9656
vn -0.5767 0.0000 0.8170
vn -0.5665 0.0000 0.8241
vn 0.4472 0.0000 -0.8944
vn -0.5263 0.0000 -0.8503
vn 0.0712 0.0000 -0.9975
vn -0.9240 0.0000 0.3824
vn -0.2747 0.0000 -0.9615
vn -0.5496 0.0000 0.8354
vn -0.5261 0.0000 -0.8504
vn -0.5547 0.0000 0.8320
vn -0.3938 0.0000 0.9192
vn -0.6727 0.0000 0.7399
vn -0.9894 0.0000 0.1455
vn -0.9070 0.0000 0.4211
vn -0.7682 0.0000 0.6402
vn -0.9996 0.0000 -0.0294
vn -0.1241 0.0000 0.9923
vn -0.1321 0.0000 0.9912
vn -0.1843 0.0000 0.9829
vn -0.9975 0.0000 0.0712
vn -0.9965 0.0000 0.0831
vn 0.3511 0.0000 -0.9363
vn 0.2249 0.0000 -0.9744
vn -0.3227 0.0000 -0.9465
vn -0.2169 0.0000 -0.9762
vn -0.9806 0.0000 0.1961
vn 0.9798 0.0000 -0.2000
vn 0.9364 0.0000 0.3511
vn -0.9080 0.0000 0.4190
vn 0.9806 0.0000 0.1962
vn 0.9993 0.0000 0.0370
vn -0.1961 0.0000 0.9806
vn -0.9517 0.0000 0.3070
vn -0.7071 0.0000 0.7071
vn -0.3714 0.0000 0.9285
vn -0.4913 0.0000 0.8710
vn -0.4649 0.0000 0.8854
vn -0.5215 0.0000 0.8533
vn -0.9038 0.0000 0.4280
vn -0.9734 0.0000 0.2289
vn 0.9995 0.0000 0.0312
vn -0.6660 0.0000 -0.7460
vn -0.9959 0.0000 0.0906
vn 0.7913 0.0000 -0.6115
vn -0.9582 0.0000 -0.2860
vn -0.9991 0.0000 0.0416
vn -0.0312 0.0000 -0.9995
vn 0.9952 0.0000 -0.0979
vn 0.9989 -0.0000 -0.0468
vn 0.9991 0.0000 -0.0416
vn -0.5547 0.0000 0.8321
vn 0.0208 0.0000 -0.9998
vn -0.7270 0.0000 -0.6866
vn -0.9848 0.0000 0.1738
vn -0.7962 0.0000 0.6051
vn 0.4348 0.0000 -0.9005
vn 0.2609 0.0000 -0.9654
vn 0.9328 0.0000 -0.3604
vn 0.9073 0.0000 -0.4205
vn 0.9999 0.0000 -0.0159
vn 0.2998 0.0000 -0.9540
vn -0.7311 0.0000 0.6823
vn 0.9994 0.0000 -0.0333
vn -0.8354 0.0000 0.5496
vn -0.9877 0.0000 -0.1566
vn -0.2317 0.0000 -0.9728
vn -0.9811 0.0000 -0.1936
vn -0.9996 0.0000 0.0270
vn -0.6060 0.0000 -0.7955
vn -0.9138 0.0000 -0.4061
vn -0.9908 0.0000 0.1351
vn -0.9916 0.0000 0.1293
vn -0.7593 0.0000 -0.6508
vn -0.8087 0.0000 -0.5882
vn -0.7475 0.0000 0.6643
vn -0.9754 0.0000 -0.2203
vn -0.9640 0.0000 -0.2658
vn 0.2425 0.0000 0.9702
vn 0.1843 0.0000 0.9829
vn -0.4270 0.0000 0.9042
vn 0.5098 0.0000 -0.8603
vn 0.9737 0.0000 -0.2279
vn 0.6896 0.0000 -0.7242
vn 0.7634 0.0000 -0.6459
vn 0.8838 0.0000 -0.4679
vn 0.9549 0.0000 -0.2971
vn -0.9993 0.0000 0.0384
vn 0.8403 0.0000 -0.5421
vn 0.9042 0.0000 -0.4270
vn 0.8286 0.0000 -0.5598
vn 0.6656 0.0000 -0.7463
vn 0.7682 0.0000 -0.6402
vn 0.8614 0.0000 -0.5080
vn 0.9316 0.0000 -0.3636
vn 0.9442 -0.0000 -0.3293
vn 0.8805 0.0000 -0.4741
vn 0.9033 0.0000 -0.4290
vn -0.3512 0.0000 -0.9363
vn 0.0905 0.0000 0.9959
vn 0.6897 0.0000 -0.7241
vn -0.7943 0.0000 -0.6075
vn 0.9080 0.0000 0.4190
vn 0.7913 0.0000 -0.6114
vn 0.0345 0.0000 -0.9994
vn 0.8706 0.0000 -0.4920
vn 0.8262 0.0000 -0.5634
vn -0.9536 0.0000 0.3011
vn 0.9701 0.0000 -0.2425
vn -0.3162 0.0000 0.9487
vn 0.4347 0.0000 -0.9006
vn 0.7380 0.0000 -0.6748
vn 0.7173 0.0000 -0.6968
vn 0.7893 0.0000 -0.6139
vn 0.5970 0.0000 -0.8022
vn 0.6343 0.0000 -0.7731
vn 0.5300 0.0000 -0.8480
vn 0.9906 0.0000 0.1366
vn -0.0587 0.0000 0.9983
vn -0.3166 0.0000 0.9485
vn 0.7613 0.0000 -0.6485
vn 0.6549 0.0000 -0.7557
vn -0.0848 0.0000 -0.9964
vn 0.9308 0.0000 -0.3656
vn -0.9978 0.0000 0.0665
vn -0.5206 0.0000 0.8538
vn -0.5300 0.0000 0.8480
vn -0.9900 0.0000 0.1412
vn -0.5914 0.0000 0.8064
vn -0.5087 0.0000 0.8609
vn -0.6508 0.0000 0.7592
vn 0.2576 0.0000 0.9663
vn 0.4315 0.0000 -0.9021
vn 0.3708 0.0000 0.9287
vn 0.5546 0.0000 -0.8321
vn 0.1844 0.0000 0.9829
vn -0.4270 0.0000 0.9043
vn 0.6039 0.0000 -0.7971
vn 0.6247 0.0000 -0.7808
vn 0.6000 0.0000 -0.8000
vn 0.6550 0.0000 -0.7557
vn 0.1465 0.0000 -0.9892
vn 0.8682 0.0000 -0.4961
vn 0.5271 0.0000 -0.8498
vn -0.6549 0.0000 -0.7557
vn -0.5088 -0.0000 0.8609
vn -0.9029 0.0000 -0.4299
vn -0.7310 0.0000 -0.6823
vn -0.6178 0.0000 0.7863
vn -0.5509 0.0000 0.8346
vn -0.7328 0.0000 0.6805
vn -0.5169 0.0000 0.8561
vn -0.4473 0.0000 0.8944
vn -0.5090 0.0000 0.8608
vn -0.5145 0.0000 0.8575
vn -0.9982 -0.0000 0.0605
vn 0.7433 0.0000 -0.6690
vn -0.9833 0.0000 0.1821
vn -0.7578 0.0000 0.6525
vn -0.9906 0.0000 0.1366
vn -0.6459 0.0000 0.7634
vn -0.5628 0.0000 0.8266
vn 0.1644 0.0000 0.9864
vn 0.4902 0.0000 0.8716
vn -0.8762 0.0000 0.4819
vn 0.8619 0.0000 0.5070
vn -0.8517 0.0000 0.5241
vn 0.9993 0.0000 -0.0384
vn 0.9950 0.0000 0.0995
vn 0.9037 -0.0000 0.4281
vn -0.9320 0.0000 -0.3624
vn -0.9439 0.0000 -0.3304
vn -0.9439 0.0000 -0.3303
vn -0.9884 0.0000 -0.1520
vn -0.1484 0.0000 0.9889
vn -0.9959 0.0000 -0.0905
vn -0.9790 0.0000 -0.2040
vn -0.8944 0.0000 -0.4472
vn -0.9978 0.0000 -0.0665
vn 0.6508 0.0000 0.7592
vn -0.7926 0.0000 -0.6097
vn 0.8910 0.0000 0.4539
vn 0.8102 0.0000 0.5861
vn 0.9726 0.0000 -0.2326
vn 0.9442 0.0000 -0.3294
vn -0.9334 0.0000 -0.3590
vn -0.9994 0.0000 -0.0357
vn 0.9994 0.0000 -0.0357
vn -0.9994 0.0000 0.0333
vn -0.9971 0.0000 -0.0766
vn -0.9806 0.0000 -0.1961
vn -0.9701 0.0000 -0.2425
vn -0.8192 0.0000 0.5735
vn -0.8944 0.0000 0.4473
vn -0.8638 0.0000 -0.5038
vn -0.7072 0.0000 -0.7070
vn -0.5546 0.0000 -0.8321
vn 0.9687 0.0000 0.2484
vn 0.7863 0.0000 0.6178
vn -0.9712 0.0000 0.2382
vn -0.5546 0.0000 0.8321
vn -0.6585 0.0000 0.7526
vn 0.5190 0.0000 -0.8548
vn 0.5241 0.0000 -0.8516
vn -0.9916 0.0000 0.1294
vn -0.9993 0.0000 0.0370
vn 0.3162 0.0000 0.9487
vn 0.9487 0.0000 0.3162
vn 0.9487 0.0000 0.3163
vn 0.4989 0.0000 -0.8666
vn 0.7894 0.0000 0.6139
vn 0.6476 0.0000 -0.7619
vn 0.8192 0.0000 0.5735
vn 0.9374 0.0000 -0.3482
vn 0.9654 -0.0000 -0.2609
vn 0.4857 0.0000 0.8741
vn 0.6485 0.0000 -0.7612
vn 0.8000 0.0000 0.6000
vn 0.6347 0.0000 -0.7728
vn 0.8575 0.0000 -0.5145
vn 0.4788 0.0000 -0.8779
vn 0.4579 0.0000 -0.8890
vn 0.5225 0.0000 -0.8526
vn 0.5226 0.0000 -0.8526
vn 0.4657 0.0000 -0.8849
vn 0.5735 0.0000 -0.8192
vn 0.3539 0.0000 0.9353
vn 0.6485 0.0000 0.7613
vn 0.8716 0.0000 0.4903
vn 0.9231 0.0000 0.3846
vn -0.9970 0.0000 0.0779
vn 0.9899 0.0000 -0.1414
vn 0.2479 0.0000 0.9688
vn 0.2478 0.0000 0.9688
vn -0.6401 -0.0000 -0.7683
vn -0.9884 0.0000 -0.1521
vn -0.7682 0.0000 -0.6402
vn -0.9943 0.0000 -0.1065
vn -0.8823 0.0000 -0.4706
vn -0.7927 0.0000 -0.6097
vn 0.4990 0.0000 -0.8666
vn 0.9191 0.0000 0.3939
vn 0.5021 0.0000 -0.8648
vn 0.9736 0.0000 0.2282
vn 0.9548 0.0000 0.2974
vn -0.9037 0.0000 0.4281
vn 0.9962 0.0000 0.0865
vn -0.9701 0.0000 0.2425
vn -0.9529 0.0000 0.3032
vn -0.7634 0.0000 0.6459
vn 0.9247 0.0000 -0.3807
vn -0.6247 0.0000 0.7809
vn -0.8320 0.0000 0.5547
vn 0.8137 0.0000 -0.5812
vn 0.8247 0.0000 -0.5655
vn -0.9953 0.0000 0.0963
vn 0.6347 -0.0000 -0.7727
vn -0.6248 0.0000 0.7808
vn 0.4473 0.0000 0.8944
vn 0.4669 0.0000 -0.8843
vn 0.9398 0.0000 0.3417
vn 0.9941 -0.0000 -0.1085
vn 0.9963 0.0000 -0.0859
vn -0.2216 0.0000 -0.9751
vn -0.9923 0.0000 0.1240
vn -0.2821 0.0000 -0.9594
vn -0.2822 0.0000 -0.9594
vn 0.8241 0.0000 0.5665
vn -0.8609 0.0000 0.5088
vn -0.2986 0.0000 -0.9544
vn -0.9839 0.0000 -0.1789
vn 0.9820 0.0000 0.1889
vn 0.9954 0.0000 0.0963
vn -0.9996 0.0000 0.0294
vn -0.9996 0.0000 0.0278
vn -0.0442 0.0000 -0.9990
vn -0.3846 0.0000 -0.9231
vn -0.1441 0.0000 -0.9896
vn 0.9982 0.0000 0.0605
vn -0.0294 0.0000 0.9996
vn 0.9996 0.0000 0.0294
vn -0.1758 0.0000 0.9844
vn -0.2516 0.0000 0.9678
vn -0.9786 0.0000 -0.2060
vn -0.9996 0.0000 -0.0300
vn 0.9734 0.0000 -0.2291
vn 0.2167 0.0000 0.9762
vn -0.9971 -0.0000 -0.0767
vn -0.9965 0.0000 -0.0831
vn -0.9734 0.0000 -0.2290
vn -0.2874 0.0000 -0.9578
vn -1.0000 0.0000 0.0095
vn 0.7474 0.0000 0.6643
vn 0.9994 0.0000 0.0333
vn 0.9889 0.0000 0.1483
vn 0.0665 0.0000 0.9978
vn -0.8437 0.0000 -0.5369
vn 0.8944 0.0000 0.4473
vn -0.7893 0.0000 -0.6140
vn 0.2169 0.0000 0.9762
vn -0.0905 0.0000 -0.9959
vn 0.5546 0.0000 0.8321
vn 0.2249 0.0000 0.9744
vn -0.4062 0.0000 -0.9138
vn 0.8716 0.0000 0.4902
vn 0.9762 0.0000 0.2169
vn 0.9345 0.0000 0.3560
vn -0.7834 0.0000 -0.6216
vn -0.9333 0.0000 -0.3590
vn -0.9285 0.0000 -0.3714
vn -0.7649 0.0000 0.6441
vn 0.8192 0.0000 0.5734
vn 0.4856 0.0000 0.8742
vn 0.9806 0.0000 -0.1961
vn 0.1002 0.0000 0.9950
vn 0.5547 0.0000 0.8321
vn 0.9923 0.0000 -0.1241
vn -0.8638 0.0000 -0.5039
vn -0.8436 0.0000 -0.5369
vn 0.9968 0.0000 -0.0797
vn -1.0000 0.0000 -0.0095
vn -0.9932 -0.0000 0.1168
vn -0.0995 0.0000 -0.9950
vn -0.9871 0.0000 0.1604
vn 0.8944 0.0000 0.4472
vn 0.4139 0.0000 0.9103
vn 0.4140 0.0000 0.9103
vn 0.4858 0.0000 0.8741
vn 0.9995 0.0000 -0.0322
vn 0.9285 0.0000 -0.3714
vn -0.8726 0.0000 -0.4884
vn -0.7809 0.0000 0.6247
vn -0.0867 0.0000 -0.9962
vn -0.9872 0.0000 -0.1592
vn 0.9829 0.0000 -0.1843
vn -0.6060 0.0000 -0.7954
vn 0.9848 0.0000 -0.1738
vn 0.9993 0.0000 -0.0383
vn -0.9454 0.0000 -0.3260
vn -0.4857 0.0000 0.8741
vn 0.9959 0.0000 -0.0905
vn -0.9721 0.0000 0.2347
vn -0.9981 0.0000 -0.0624
vn -0.9889 0.0000 -0.1484
vn 0.9923 0.0000 0.1240
vn -0.9899 0.0000 -0.1414
vn -0.9284 0.0000 -0.3715
vn 0.9996 0.0000 0.0286
vn 0.9932 0.0000 -0.1168
vn -0.9487 0.0000 0.3162
vn -0.9545 0.0000 0.2982
vn -0.9982 0.0000 -0.0605
vn -0.8725 0.0000 -0.4886
vn -0.6690 0.0000 -0.7433
vn -0.0906 0.0000 0.9959
vn 0.6585 0.0000 -0.7526
vn 0.7849 0.0000 0.6197
vn 0.6757 0.0000 -0.7372
vn -0.2874 0.0000 0.9578
vn 0.9252 0.0000 -0.3796
vn -0.4061 0.0000 0.9138
vn -0.7657 0.0000 0.6432
vn -0.9965 0.0000 -0.0830
vn -0.9603 0.0000 0.2788
vn -0.0713 0.0000 0.9975
vn -0.8742 0.0000 0.4856
vn -0.0994 0.0000 -0.9950
vn -0.4104 0.0000 -0.9119
vn -0.3939 0.0000 -0.9192
vn -0.1293 0.0000 -0.9916
vn -0.9923 0.0000 -0.1240
vn -0.9640 0.0000 -0.2659
vn -0.9308 0.0000 -0.3656
vn -0.9308 0.0000 -0.3657
vn 0.0713 0.0000 0.9975
vn 0.8222 0.0000 0.5693
vn 0.9683 0.0000 0.2499
vn 0.9600 0.0000 0.2800
vn 0.9615 0.0000 0.2747
vn 0.9445 0.0000 0.3285
vn 0.9048 0.0000 0.4258
vn 0.4789 0.0000 0.8779
vn 0.6643 0.0000 0.7474
vn 0.6247 0.0000 0.7809
vn -0.9997 0.0000 -0.0232
vn 0.4137 0.0000 0.9104
vn 0.9718 0.0000 0.2356
vn 0.3987 0.0000 0.9171
vn 0.8503 0.0000 0.5264
vn 0.9701 0.0000 0.2425
vn 0.9021 0.0000 0.4315
vn 0.9995 0.0000 -0.0317
vn -0.9950 0.0000 -0.0995
vn 0.9333 0.0000 0.3590
vn -0.9999 0.0000 0.0161
vn -0.9945 0.0000 -0.1047
vn -0.9517 0.0000 -0.3070
vn -0.9988 0.0000 -0.0499
vn -0.5369 0.0000 0.8437
vn -0.9417 0.0000 -0.3363
vn -0.9383 0.0000 0.3457
vn -0.6668 0.0000 0.7452
vn 0.9867 0.0000 -0.1625
vn 0.9787 0.0000 -0.2054
vn -0.9985 0.0000 0.0555
vn 0.8455 0.0000 0.5340
vn -0.9972 0.0000 -0.0748
vn -0.9261 0.0000 -0.3773
vn -0.9615 0.0000 0.2747
vn 0.2334 0.0000 0.9724
vn 0.9313 -0.0000 0.3644
vn 0.9978 0.0000 -0.0665
vn 0.4658 0.0000 0.8849
vn 0.9967 0.0000 0.0808
vn 0.9965 0.0000 0.0831
vn 0.6709 0.0000 -0.7415
vn 0.2842 0.0000 -0.9588
vn -0.6689 0.0000 -0.7433
vn -0.5633 0.0000 -0.8262
vn 0.7840 0.0000 -0.6207
vn -0.7474 0.0000 0.6643
vn 0.9846 0.0000 -0.1750
vn 0.9888 0.0000 -0.1492
vn 0.8756 0.0000 -0.4830
vn 0.9715 0.0000 -0.2370
vn -0.9487 0.0000 0.3163
vn 0.4788 0.0000 0.8779
vn -0.9545 0.0000 0.2983
vn 0.9463 0.0000 -0.3232
vn 0.7270 0.0000 0.6866
vn -0.1047 0.0000 -0.9945
vn -0.7433 0.0000 0.6690
vn 0.9932 0.0000 0.1168
vn 0.9558 0.0000 -0.2941
vn 0.1351 0.0000 0.9908
vn 0.2060 0.0000 0.9786
vn -0.8193 0.0000 0.5734
vn 0.4962 0.0000 0.8682
vn 0.1029 0.0000 0.9947
vn 0.9450 0.0000 0.3271
vn 0.1789 0.0000 0.9839
vn -0.9762 -0.0000 0.2169
vn -0.8320 0.0000 0.5548
vn 0.9464 -0.0000 -0.3231
vn -0.6140 0.0000 0.7893
vn -0.5735 0.0000 0.8192
vn -0.9969 0.0000 0.0782
vn -0.2249 0.0000 0.9744
vn -0.8793 0.0000 -0.4763
vn -0.7071 0.0000 -0.7071
vn -0.9775 0.0000 0.2108
vn -0.0905 0.0000 0.9959
vn -0.9864 0.0000 -0.1644
vn -0.1643 0.0000 0.9864
vn -0.7474 0.0000 -0.6644
vn 0.9997 0.0000 0.0250
vn 0.9987 0.0000 -0.0510
vn 1.0000 0.0000 -0.0097
vn 0.0907 0.0000 0.9959
vn -0.8365 0.0000 0.5480
vn -0.5547 0.0000 -0.8320
vn -0.4280 0.0000 -0.9038
vn -0.9149 0.0000 0.4038
vn -0.9267 0.0000 0.3757
vn -0.4998 0.0000 0.8662
vn 0.5999 0.0000 0.8000
vn 0.9986 0.0000 -0.0526
vn 0.9975 0.0000 -0.0700
vn -0.2316 0.0000 -0.9728
vn -0.9934 0.0000 0.1146
vn -0.0500 0.0000 -0.9987
vn 0.5999 0.0000 0.8001
vn -0.9441 0.0000 -0.3297
vn -0.9732 0.0000 -0.2298
vn -0.7714 0.0000 -0.6364
vn 0.9206 0.0000 -0.3906
vn 0.9630 0.0000 -0.2696
vn 0.8595 0.0000 -0.5111
vn 0.9584 0.0000 -0.2855
vn 0.2676 0.0000 0.9635
vn 0.9999 0.0000 -0.0147
vn 0.4138 0.0000 0.9103
vn 0.6586 0.0000 0.7525
vn 0.4472 0.0000 0.8944
vn -0.9010 0.0000 -0.4338
vn 0.1713 0.0000 0.9852
vn 0.1966 0.0000 0.9805
vn 0.0996 0.0000 0.9950
vn 0.0000 1.0000 0.0024
vn -0.1647 0.0000 -0.9863
vn 0.8627 0.0000 -0.5057
vn 0.6207 0.0000 -0.7840
vn -0.8727 0.0000 -0.4883
vn -0.9280 0.0000 -0.3726
vn -0.9955 0.0000 -0.0945
vn 0.2499 0.0000 -0.9683
vn -0.9652 0.0000 -0.2614
vn -0.9862 0.0000 -0.1654
vn -0.9995 0.0000 -0.0306
vn -0.9998 0.0000 0.0202
vn -0.9962 0.0000 0.0876
vn -0.8575 0.0000 0.5145
vn -0.8716 0.0000 0.4903
vn -0.9520 0.0000 -0.3060
vn 0.9457 0.0000 -0.3251
vn -0.5010 0.0000 -0.8655
vn 0.9918 0.0000 -0.1280
vn 0.9892 0.0000 -0.1465
vn -0.9996 0.0000 0.0286
vn -0.9353 0.0000 0.3539
vn -0.9095 0.0000 0.4158
vn -0.9910 0.0000 0.1339
vn 0.8762 0.0000 0.4819
vn -0.9785 -0.0000 -0.2065
vn 0.9739 0.0000 -0.2269
vn -0.9871 0.0000 0.1601
vn -0.9778 0.0000 -0.2095
vn -0.9785 0.0000 -0.2060
vn 0.2510 0.0000 0.9680
vn 0.9744 0.0000 -0.2249
vn -0.8683 0.0000 -0.4961
vn -0.9240 0.0000 -0.3824
vn -0.9724 0.0000 -0.2334
vn -0.9744 0.0000 -0.2249
vn -0.9790 -0.0000 -0.2039
vn 0.9781 0.0000 -0.2081
vn 0.4190 0.0000 0.9080
vn 0.9833 0.0000 -0.1821
vn -0.9895 0.0000 0.1443
vn -0.5780 0.0000 0.8160
vn 0.9878 0.0000 -0.1560
vn -0.9962 0.0000 -0.0876
vn -0.9848 0.0000 -0.1738
vn -0.9935 0.0000 -0.1142
vn 0.6426 -0.0000 -0.7662
vn -0.2821 0.0000 0.9594
vn -0.3846 0.0000 0.9231
vn -0.3590 0.0000 0.9333
vn -0.0832 0.0000 0.9965
vn -0.9284 0.0000 0.3715
vn -0.9950 0.0000 0.0995
vn -0.9772 0.0000 0.2124
vn 0.6814 0.0000 -0.7319
vn 0.7399 0.0000 0.6727
vn -0.8648 0.0000 0.5021
vn -0.6562 0.0000 0.7546
vn -0.9744 0.0000 0.2249
vn -0.2273 0.0000 0.9738
vn 0.7894 0.0000 -0.6139
vn 0.7452 0.0000 -0.6668
vn 0.6436 0.0000 -0.7654
vn 0.9864 0.0000 0.1644
vn 0.6983 0.0000 -0.7158
vn -0.9931 0.0000 -0.1169
vn 0.9910 0.0000 -0.1339
vn 0.3511 0.0000 0.9363
vn 0.9578 0.0000 -0.2874
vn 0.9772 0.0000 -0.2124
vn 0.9976 0.0000 -0.0688
vn -0.9995 0.0000 -0.0323
vn -0.9676 0.0000 -0.2524
vn -0.9998 0.0000 0.0185
vn -0.9224 0.0000 0.3862
vn -0.9714 0.0000 0.2375
vn -0.9607 0.0000 0.2775
vn -0.7961 0.0000 0.6051
vn -0.8988 0.0000 0.4384
vn -0.7399 0.0000 0.6727
vn -0.8762 0.0000 0.4820
vn -0.9926 0.0000 0.1215
vn 0.9529 0.0000 0.3032
vn 0.8882 -0.0000 -0.4594
vn -0.9814 0.0000 0.1920
vn -0.9372 0.0000 0.3487
vn 0.5463 0.0000 0.8376
vn 0.6402 0.0000 0.7682
vn 0.4327 0.0000 0.9015
vn -0.8192 0.0000 -0.5734
vn -0.6139 0.0000 -0.7894
vn -0.9931 0.0000 -0.1168
vn -0.8779 0.0000 -0.4789
vn 0.9887 0.0000 -0.1498
vn -0.9927 0.0000 -0.1203
vn 0.8385 0.0000 0.5450
vn -0.9880 0.0000 -0.1544
vn 0.9757 -0.0000 0.2190
vn -0.0712 0.0000 -0.9975
vn -0.9878 0.0000 -0.1559
vn 0.7071 0.0000 0.7071
vn -0.8654 0.0000 -0.5011
vn 0.9997 0.0000 -0.0227
vn 0.9989 0.0000 -0.0465
vn 0.9833 0.0000 0.1821
vn -0.6550 0.0000 -0.7557
vn 0.0948 0.0000 0.9955
vn 0.9594 0.0000 -0.2822
vn 0.9749 0.0000 -0.2228
vn -0.8192 0.0000 -0.5735
vn -0.8115 0.0000 0.5843
vn -0.5010 0.0000 -0.8654
vn -0.5855 0.0000 -0.8107
vn -0.6616 0.0000 -0.7498
vn 0.7619 0.0000 -0.6477
vn 0.7962 -0.0000 0.6051
vn -0.9662 0.0000 -0.2577
vn -0.9997 0.0000 -0.0263
vn -0.9930 0.0000 0.1178
vn 0.9920 0.0000 0.1263
vn 0.9879 0.0000 0.1550
vn -0.9654 0.0000 0.2609
vn 0.9798 0.0000 0.2000
vn 0.9991 0.0000 0.0434
vn 0.7628 0.0000 -0.6467
vn -0.9798 0.0000 0.2000
vn 0.8882 0.0000 -0.4595
vn -0.9717 0.0000 0.2364
vn -0.9717 0.0000 0.2363
vn -0.8729 0.0000 0.4879
vn 0.9939 0.0000 -0.1104
vn -0.0665 0.0000 0.9978
vn -0.5462 0.0000 0.8376
vn -0.6537 0.0000 0.7568
vn -0.1821 0.0000 0.9833
vn -0.8462 0.0000 0.5329
vn 0.6427 0.0000 -0.7661
vn -0.1483 0.0000 0.9889
vn -0.0766 0.0000 -0.9971
vn -0.2094 0.0000 -0.9778
vn -0.9939 0.0000 -0.1104
vn -0.6536 0.0000 0.7568
vn -0.5913 0.0000 -0.8064
vn -0.9874 0.0000 -0.1580
vn 0.1758 0.0000 0.9844
vn -0.4229 0.0000 -0.9062
vn -0.9438 0.0000 -0.3304
vn -0.0666 0.0000 -0.9978
vn -0.8170 0.0000 -0.5767
vn -0.9312 0.0000 -0.3644
vn -0.9833 0.0000 -0.1821
vn -0.9896 0.0000 0.1439
vn -0.7557 0.0000 -0.6549
vn -0.9912 0.0000 -0.1322
vn 0.9285 0.0000 0.3714
vn 0.9654 0.0000 0.2609
vn -0.9785 0.0000 0.2064
vn -0.5547 0.0000 -0.8321
vn -0.1843 0.0000 -0.9829
vn -0.2426 0.0000 -0.9701
vn -0.9999 0.0000 0.0127
vn -0.9999 0.0000 -0.0128
vn 0.7761 0.0000 -0.6306
vn 0.9999 0.0000 0.0127
vn 0.9999 0.0000 0.0133
vn 0.9996 0.0000 -0.0282
vn 0.8247 0.0000 -0.5656
vn -0.9999 0.0000 0.0133
vn 0.7592 0.0000 0.6508
vn 0.9981 0.0000 0.0621
vn 0.9933 0.0000 -0.1159
vn 0.8496 0.0000 -0.5274
vn 0.8998 0.0000 -0.4363
vn 0.7593 0.0000 0.6508
vn -0.9999 0.0000 -0.0133
vn -0.7709 0.0000 0.6369
vn 0.9999 0.0000 -0.0128
vn 0.0475 0.0000 0.9989
vn 0.6690 -0.0000 -0.7432
vn 0.9981 0.0000 -0.0614
vn -0.9967 0.0000 -0.0817
vn 0.9874 0.0000 -0.1580
vn 0.7071 0.0000 -0.7072
vn 0.8944 0.0000 -0.4473
vn 0.2124 0.0000 -0.9772
vn 0.2834 0.0000 -0.9590
vn 0.9939 0.0000 -0.1105
vn -0.9864 0.0000 -0.1643
vn 0.3457 -0.0000 0.9383
vn -0.9932 0.0000 -0.1168
vn -0.9859 0.0000 -0.1674
vn -0.9798 0.0000 -0.2000
vn 0.9967 0.0000 -0.0817
vn 0.7962 0.0000 -0.6051
vn 0.9191 0.0000 -0.3939
vn 0.9412 0.0000 -0.3379
vn 0.9912 0.0000 -0.1322
vn -0.9741 0.0000 0.2260
vn 0.7568 0.0000 -0.6536
vn 0.9313 0.0000 0.3643
vn -0.4788 0.0000 0.8779
vn -0.9976 0.0000 -0.0688
vn 0.9718 0.0000 0.2359
vn -0.3416 0.0000 0.9398
vn 0.7740 0.0000 0.6332
vn 0.8102 0.0000 0.5862
vn -0.6402 0.0000 -0.7682
vn -0.2631 0.0000 0.9648
vn 0.9323 0.0000 -0.3618
vn 0.9037 0.0000 0.4282
vn -0.2941 0.0000 0.9558
vn -0.3417 -0.0000 0.9398
vn -0.2499 0.0000 -0.9683
vn 0.9775 0.0000 0.2108
vn -0.0804 0.0000 0.9968
vn 0.9976 0.0000 -0.0696
vn 0.9995 0.0000 0.0313
vn -0.5039 0.0000 -0.8638
vn -0.1705 0.0000 -0.9854
vn 0.3458 0.0000 0.9383
vn 0.7499 0.0000 0.6616
vn -0.0555 0.0000 -0.9985
vn -0.0587 0.0000 -0.9983
vn -0.2748 0.0000 -0.9615
vn -0.2470 0.0000 -0.9690
vn -0.6668 0.0000 0.7453
vn -0.5241 0.0000 0.8517
vn -0.5944 0.0000 0.8042
vn -0.9905 0.0000 -0.1376
vn 0.9971 0.0000 -0.0767
vn 0.9853 0.0000 -0.1710
vn 0.9312 0.0000 0.3644
vn -0.9986 0.0000 -0.0526
vn -0.8396 0.0000 0.5432
vn -0.3604 0.0000 0.9328
vn -0.6644 0.0000 0.7474
vn -0.7265 0.0000 -0.6872
vn -0.9424 0.0000 0.3344
vn -0.6343 0.0000 -0.7731
vn 0.9671 0.0000 -0.2545
vn -0.9062 0.0000 0.4229
vn -0.9594 0.0000 0.2822
vn -0.9995 0.0000 0.0303
vn 0.7809 -0.0000 -0.6247
vn 0.8087 0.0000 -0.5882
vn 0.9889 0.0000 -0.1483
vn -0.9856 0.0000 0.1690
vn 0.9973 0.0000 -0.0739
vn -0.8370 0.0000 0.5473
vn -0.9864 0.0000 0.1644
vn 0.8384 0.0000 0.5450
vn -0.9961 0.0000 0.0885
vn -0.8321 0.0000 0.5547
vn -0.9931 0.0000 0.1169
vn 0.8088 0.0000 -0.5881
vn -0.9996 0.0000 0.0300
vn -0.9980 0.0000 0.0630
vn -0.3419 0.0000 0.9397
vn -0.9725 0.0000 0.2329
vn -0.9811 0.0000 0.1936
vn -0.9582 0.0000 0.2860
vn 0.9526 0.0000 -0.3043
vn -0.2265 0.0000 0.9740
vn -0.1713 0.0000 0.9852
vn -0.6460 0.0000 0.7634
vn -0.8074 0.0000 0.5900
vn -0.9247 0.0000 0.3807
vn -0.4579 0.0000 0.8890
vn -0.2809 0.0000 0.9597
vn 0.7620 0.0000 -0.6476
vn 0.9995 0.0000 -0.0323
vn 0.9456 0.0000 -0.3253
vn 0.6196 0.0000 -0.7849
vn 0.9924 0.0000 -0.1227
vn 0.0400 0.0000 -0.9992
vn 0.9762 0.0000 -0.2169
vn 0.4640 0.0000 -0.8858
vn 0.9965 0.0000 -0.0839
vn 0.4138 0.0000 -0.9104
vn -0.9839 0.0000 0.1789
vn 0.7980 0.0000 -0.6026
vn -0.8462 -0.0000 0.5328
vn 0.0332 0.0000 0.9995
vn -0.8548 0.0000 0.5190
vn -0.8831 0.0000 0.4692
vn 0.7875 0.0000 0.6163
vn 0.8692 0.0000 0.4944
vn 0.9270 0.0000 0.3752
vn 0.8462 0.0000 -0.5328
vn -0.4679 0.0000 -0.8838
vn -0.8063 0.0000 -0.5915
vn -0.8575 0.0000 -0.5145
vn -0.9191 0.0000 0.3939
vn 0.6536 0.0000 0.7568
vn 0.9855 0.0000 0.1699
vn 0.9844 0.0000 0.1758
vn 0.9680 0.0000 0.2510
vn 0.8412 0.0000 0.5407
vn 0.9906 0.0000 -0.1366
vn 0.9844 0.0000 -0.1758
vn -0.1706 0.0000 -0.9853
vn -0.4327 0.0000 0.9015
vn 0.2905 0.0000 0.9569
vn -0.2510 0.0000 -0.9680
vn 0.9383 0.0000 0.3457
vn -0.3271 0.0000 -0.9450
vn -0.9757 0.0000 -0.2190
vn -0.0688 0.0000 0.9976
vn -0.9968 0.0000 0.0804
vn -0.4328 0.0000 0.9015
vn -0.6332 0.0000 0.7740
vn 0.0178 0.0000 -0.9998
vn 0.3773 0.0000 0.9261
vn 0.9996 0.0000 0.0278
vn 0.0739 0.0000 -0.9973
vn 0.2346 0.0000 -0.9721
vn 0.1367 0.0000 -0.9906
vn 0.0308 0.0000 0.9995
vn -0.9796 0.0000 -0.2009
vn 0.5432 0.0000 0.8396
vn 0.5767 0.0000 0.8170
vn -0.1728 0.0000 0.9850
vn 0.6357 0.0000 0.7719
vn -0.8834 -0.0000 -0.4687
vn -0.2510 0.0000 0.9680
vn 0.3032 0.0000 -0.9529
vn 0.5589 0.0000 0.8293
vn -0.0333 0.0000 -0.9994
vn 0.2833 0.0000 0.9590
vn 0.9950 0.0000 -0.0995
vn 0.0963 0.0000 0.9954
vn 0.9981 0.0000 0.0614
vn 0.9968 0.0000 0.0804
vn 0.9949 0.0000 0.1012
vn 0.5710 0.0000 -0.8209
vn -0.8756 0.0000 0.4831
vn 0.5623 0.0000 -0.8269
vn 0.4594 0.0000 -0.8882
vn 0.4008 0.0000 -0.9162
vn -0.9667 0.0000 0.2559
vn -0.5635 0.0000 -0.8261
vn 0.5171 0.0000 0.8559
vn -0.4166 0.0000 -0.9091
vn 0.9929 0.0000 -0.1191
vn 0.2346 -0.0000 0.9721
vn 0.6000 0.0000 0.8000
vn 0.5472 0.0000 -0.8370
vn 0.9802 0.0000 -0.1981
vn -0.3278 0.0000 0.9448
vn -0.4555 0.0000 0.8902
vn 0.5473 -0.0000 -0.8369
vn 0.4856 0.0000 -0.8742
vn 0.9793 0.0000 0.2026
vn 0.3363 0.0000 0.9418
vn -0.9823 0.0000 -0.1871
vn 0.9857 0.0000 -0.1683
vn 0.9854 0.0000 0.1705
vn 0.9998 0.0000 -0.0222
vn 0.9884 0.0000 -0.1521
vn -0.6470 0.0000 0.7625
vn 0.2484 0.0000 -0.9687
vn 0.9975 0.0000 0.0700
vn 0.1683 0.0000 -0.9857
vn 0.9900 0.0000 -0.1414
vn -0.1266 0.0000 -0.9919
vn -0.3162 0.0000 -0.9487
vn -0.4936 0.0000 -0.8697
vn 0.1366 0.0000 0.9906
vn 0.9855 0.0000 -0.1699
vn -0.1960 0.0000 -0.9806
vn -0.0554 0.0000 -0.9985
vn 0.4009 0.0000 -0.9161
vn -0.3362 0.0000 -0.9418
vn -0.1241 0.0000 -0.9923
vn 0.8779 0.0000 0.4788
vn -0.9995 0.0000 0.0323
vn 0.0644 0.0000 0.9979
vn 0.0322 0.0000 0.9995
vn 0.9953 0.0000 0.0963
vn -0.9991 0.0000 0.0434
vn 0.9615 0.0000 -0.2747
vn 0.9947 0.0000 -0.1029
vn -0.8872 0.0000 -0.4614
vn 0.7722 0.0000 0.6354
vn 0.6369 -0.0000 -0.7710
vn 0.6369 0.0000 -0.7709
vn 0.3162 0.0000 -0.9487
vn 0.1382 0.0000 -0.9904
vn -0.6398 0.0000 -0.7685
vn -0.4741 0.0000 -0.8805
vn 0.0637 0.0000 -0.9980
vn -0.5602 0.0000 -0.8283
vn -0.3363 0.0000 -0.9418
vn 1.0000 0.0000 -0.0094
vn 0.9952 0.0000 0.0974
vn 0.9997 0.0000 0.0247
vn 0.9849 0.0000 0.1731
vn -0.9991 0.0000 -0.0422
vn -0.0200 0.0000 -0.9998
vn -0.0830 0.0000 -0.9965
vn 0.9991 0.0000 -0.0434
vn 0.6798 0.0000 0.7334
vn 0.7328 0.0000 0.6805
vn 0.6225 0.0000 0.7826
vn 0.0209 0.0000 -0.9998
vn -0.2425 -0.0000 -0.9701
vn -0.2425 0.0000 -0.9702
vn 0.8701 0.0000 0.4928
vn 0.9999 0.0000 -0.0164
vn -0.0665 0.0000 -0.9978
vn -0.7962 0.0000 -0.6051
vn -0.3714 0.0000 -0.9285
vn 0.2963 0.0000 -0.9551
vn 0.2347 0.0000 0.9721
vn -0.9879 0.0000 -0.1550
vn 0.1618 0.0000 0.9868
vn -0.8627 0.0000 -0.5057
vn 0.9459 0.0000 -0.3243
vn -0.9597 0.0000 -0.2809
vn -0.9572 0.0000 -0.2894
vn -0.9191 0.0000 -0.3939
vn 0.9658 0.0000 -0.2591
vn 0.9928 0.0000 -0.1198
vn -0.1352 0.0000 -0.9908
vn -0.1758 0.0000 -0.9844
vn 0.0322 0.0000 -0.9995
vn -0.9835 0.0000 -0.1812
vn -0.4961 0.0000 0.8682
vn -0.5098 0.0000 0.8603
vn 0.8756 0.0000 -0.4831
vn -0.4472 0.0000 0.8944
vn -0.9915 0.0000 -0.1305
vn -0.8107 0.0000 0.5855
vn 0.0334 0.0000 0.9994
vn -0.9843 0.0000 -0.1767
vn -0.9962 0.0000 0.0866
vn 0.9916 0.0000 -0.1293
vn -0.1644 0.0000 0.9864
vn -0.7926 0.0000 0.6097
vn -0.9138 0.0000 0.4061
vn -0.0614 0.0000 0.9981
vn -0.1322 0.0000 0.9912
vn -0.5704 0.0000 0.8214
vn 0.1520 0.0000 0.9884
vn 0.8855 0.0000 0.4646
vn 0.9255 0.0000 0.3786
vn 0.2964 -0.0000 -0.9551
vn 0.4062 0.0000 -0.9138
vn 0.6715 0.0000 0.7410
vn 0.8214 0.0000 0.5704
vn 0.8614 0.0000 0.5080
vn 0.8503 0.0000 0.5263
vn 0.9714 0.0000 -0.2375
vn 0.9920 0.0000 -0.1263
vn -0.3636 0.0000 -0.9316
vn -0.9671 0.0000 -0.2545
vn -0.1520 0.0000 0.9884
vn -0.8064 0.0000 -0.5913
vn -0.7863 0.0000 -0.6178
vn -0.7328 0.0000 -0.6804
vn -0.8548 0.0000 -0.5190
vn -0.0688 0.0000 -0.9976
vn -0.0831 0.0000 -0.9965
vn 0.6783 0.0000 -0.7348
vn 0.6044 0.0000 -0.7967
vn -0.3457 0.0000 -0.9383
vn -0.3880 0.0000 -0.9216
vn 0.9993 0.0000 0.0385
vn 0.4290 0.0000 0.9033
vn 0.9894 0.0000 -0.1455
vn 0.0192 0.0000 0.9998
vn 0.8548 0.0000 -0.5190
vn -0.5634 -0.0000 -0.8262
vn 0.3364 0.0000 0.9417
vn -0.1927 0.0000 0.9813
vn 0.4402 0.0000 0.8979
vn -0.9762 0.0000 -0.2169
vn 0.9029 0.0000 0.4299
vn 0.8762 -0.0000 0.4820
vn 0.5463 0.0000 -0.8376
vn -0.6247 0.0000 -0.7808
vn -0.5070 0.0000 -0.8620
vn -0.6508 0.0000 -0.7593
vn 0.9996 0.0000 -0.0278
vn 0.9935 0.0000 -0.1135
vn -0.9920 0.0000 -0.1263
vn 0.9859 0.0000 -0.1674
vn 0.5735 0.0000 0.8192
vn 0.9996 0.0000 -0.0286
vn -0.7568 0.0000 -0.6536
vn -0.9462 0.0000 -0.3237
vn 0.9749 0.0000 0.2228
vn -0.1821 0.0000 -0.9833
vn 0.5251 0.0000 0.8510
vn 0.8944 0.0000 -0.4472
vn 0.8000 0.0000 -0.6000
vn -0.9973 0.0000 0.0739
vn -0.7681 0.0000 0.6403
vn -0.9991 0.0000 -0.0434
vn 0.1821 0.0000 -0.9833
vn -0.5039 0.0000 0.8638
vn 0.9999 0.0000 -0.0133
vn -0.3432 0.0000 0.9393
vn -0.0767 0.0000 -0.9971
vn 0.4837 0.0000 0.8752
vn -0.4383 0.0000 0.8988
vn -0.4706 0.0000 -0.8824
vn -0.4167 0.0000 -0.9091
vn -0.2747 0.0000 0.9615
vn -0.8609 0.0000 0.5087
vn 0.9786 0.0000 -0.2060
vn -0.9994 0.0000 0.0345
vn -0.9333 0.0000 0.3590
vn -0.2290 0.0000 -0.9734
vn -0.2677 0.0000 -0.9635
vn -0.6535 0.0000 -0.7569
vn 0.4211 0.0000 -0.9070
vn -0.8998 0.0000 -0.4363
vn 0.2822 0.0000 0.9594
vn 0.1240 0.0000 0.9923
vn -0.6537 -0.0000 -0.7568
vn -0.9726 0.0000 -0.2326
vn -0.9996 0.0000 -0.0286
vn 0.9652 0.0000 0.2614
vn 0.9960 0.0000 0.0890
vn 0.9269 0.0000 0.3752
vn 0.8480 0.0000 -0.5300
vn 0.9070 0.0000 -0.4211
vn -0.2509 0.0000 0.9680
vn -0.6951 0.0000 0.7189
vn -0.7372 0.0000 0.6757
vn -0.8731 0.0000 0.4876
vn 0.7546 0.0000 -0.6562
vn -0.6950 -0.0000 0.7190
vn 0.2546 0.0000 0.9671
vn 0.6689 0.0000 -0.7434
vn 0.2841 0.0000 -0.9588
vn -0.8729 0.0000 0.4878
vn -0.4281 0.0000 -0.9037
vn -0.3715 0.0000 -0.9284
vn 0.6442 0.0000 -0.7649
vn -0.9384 0.0000 0.3457
vn 0.4270 0.0000 -0.9042
vn -0.9961 0.0000 0.0879
vn 0.9931 0.0000 -0.1169
vn 0.7348 0.0000 -0.6783
vn -0.9222 0.0000 0.3867
vn -0.6919 0.0000 -0.7220
vn 0.4878 0.0000 -0.8730
vn 0.8365 0.0000 -0.5480
vn 0.9114 0.0000 -0.4116
vn 0.8824 0.0000 -0.4706
vn 0.9734 0.0000 -0.2290
vn -0.9908 0.0000 -0.1351
vn 0.9572 0.0000 -0.2894
vn -0.7372 0.0000 -0.6757
vn 0.9968 0.0000 0.0797
vn -0.6670 0.0000 -0.7450
vn -0.9851 0.0000 -0.1721
vn -0.9958 0.0000 -0.0920
vn 0.9975 0.0000 -0.0712
vn -0.9656 0.0000 -0.2600
vn 0.1871 0.0000 0.9823
vn 0.1786 0.0000 0.9839
vn -0.1544 0.0000 0.9880
vn 0.0798 0.0000 0.9968
vn -0.9578 0.0000 0.2873
vn 0.3847 0.0000 0.9230
vn 0.0714 0.0000 0.9975
vn -0.3657 0.0000 0.9308
vn -0.7907 0.0000 0.6122
vn 0.9899 0.0000 0.1414
vn 0.3846 0.0000 -0.9231
vn 0.2248 0.0000 -0.9744
vn 0.6691 0.0000 -0.7431
vn -0.5163 0.0000 -0.8564
vn -0.6156 0.0000 0.7880
vn 0.9247 0.0000 0.3807
vn 0.0830 0.0000 -0.9966
vn 0.0830 0.0000 -0.9965
vn 0.1521 0.0000 -0.9884
vn 0.7682 0.0000 0.6402
vn -0.9149 -0.0000 0.4037
vn 0.1368 0.0000 0.9906
vn -0.3656 0.0000 0.9308
vn -0.7385 0.0000 0.6743
vn 0.0000 -0.9981 0.0624
vn 0.9558 0.0000 0.2941
vn -0.7557 -0.0000 -0.6550
vn -0.2983 -0.0000 -0.9545
vn 0.9216 0.0000 0.3881
vn 0.0588 0.0000 -0.9983
vn -0.1642 0.0000 -0.9864
vn -0.1280 0.0000 0.9918
vn 0.4961 0.0000 0.8683
vn 0.5734 0.0000 0.8192
vn 0.9785 0.0000 -0.2060
vn 0.6644 0.0000 0.7474
vn 0.8761 0.0000 0.4821
vn -0.9833 0.0000 -0.1820
vn -0.9594 0.0000 -0.2822
vn -0.9956 0.0000 -0.0933
vn -0.8412 0.0000 -0.5408
vn -0.7556 0.0000 -0.6550
vn -0.9822 0.0000 0.1881
vn -0.8610 0.0000 0.5087
vn -0.6138 0.0000 -0.7894
vn -0.9265 0.0000 -0.3764
vn 0.9842 0.0000 0.1773
vn 0.0384 0.0000 0.9993
vn 0.7907 0.0000 -0.6122
vn 0.9819 0.0000 -0.1895
vn 0.9712 0.0000 -0.2382
vn -0.2982 0.0000 -0.9545
vn -0.5162 0.0000 -0.8565
vn -0.7541 -0.0000 0.6568
vn -0.1649 0.0000 -0.9863
vn -0.8178 0.0000 -0.5755
vn -0.5812 0.0000 0.8137
vn -0.9986 0.0000 0.0526
vn -0.9983 0.0000 0.0576
vn -0.3237 0.0000 0.9462
vn -0.9910 0.0000 -0.1338
vn 0.4137 0.0000 -0.9104
vn 0.2498 0.0000 -0.9683
vn -0.9997 0.0000 -0.0250
vn -0.5261 0.0000 -0.8505
vn 0.3512 0.0000 0.9363
vn 0.8170 0.0000 -0.5767
vn 0.9467 0.0000 -0.3223
vn 0.9224 0.0000 -0.3861
vn 0.2982 0.0000 0.9545
vn 0.9972 0.0000 -0.0744
vn 0.2822 0.0000 0.9593
vn -0.9798 0.0000 0.1999
vn 0.3882 0.0000 -0.9216
vn -0.0939 0.0000 -0.9956
vn 0.1611 0.0000 -0.9869
vn 0.6441 0.0000 -0.7649
vn -0.1790 0.0000 0.9839
vn -0.4940 0.0000 -0.8695
vn -0.5775 -0.0000 -0.8164
vn -0.3104 0.0000 -0.9506
vn 0.4281 0.0000 0.9037
vn -0.9908 0.0000 -0.1350
vn 0.0363 0.0000 0.9993
vn -0.8591 0.0000 -0.5118
vn -0.7790 0.0000 -0.6270
vn -0.8175 0.0000 -0.5759
vn 0.7557 0.0000 0.6549
vn -0.8116 0.0000 0.5843
vn -0.9457 0.0000 0.3251
vn 0.2912 0.0000 0.9567
vn 0.9037 0.0000 -0.4281
vn -0.9749 0.0000 0.2228
vn -0.9900 0.0000 0.1413
vn -0.9006 0.0000 0.4347
vn -0.5463 0.0000 0.8376
vn 0.9409 0.0000 0.3387
vn 0.9002 0.0000 0.4356
vn 0.8793 0.0000 -0.4763
vn -0.5812 0.0000 0.8138
vn -0.9781 0.0000 0.2081
vn -0.9874 0.0000 0.1580
vn -0.9979 0.0000 0.0654
vn -0.1215 -0.0000 0.9926
vn -0.8833 0.0000 -0.4687
vn 0.9524 0.0000 -0.3048
vn -0.9697 0.0000 -0.2443
vn 0.4989 0.0000 0.8666
vn 0.1216 0.0000 0.9926
vn 0.6508 0.0000 0.7593
vn 0.1146 0.0000 -0.9934
vn -0.0363 0.0000 -0.9993
vn 0.6709 -0.0000 0.7415
vn 0.6214 0.0000 -0.7835
vn 0.3881 0.0000 -0.9216
vn 0.9790 0.0000 -0.2040
vn 0.9409 0.0000 -0.3387
vn -0.2272 0.0000 0.9738
vn 0.9766 0.0000 -0.2149
vn 0.9724 0.0000 -0.2334
vn 0.9715 0.0000 0.2370
vn 0.9912 0.0000 0.1322
vn 0.9991 0.0000 0.0416
vn -0.9991 0.0000 -0.0428
vn 0.8779 0.0000 0.4789
vn -0.2266 0.0000 0.9740
vn 0.7415 0.0000 -0.6709
vn 0.9980 0.0000 -0.0634
vn 0.9990 0.0000 -0.0454
vn -0.5463 0.0000 -0.8376
vn -0.9674 0.0000 0.2534
vn 0.9839 0.0000 -0.1789
vn 0.4990 0.0000 0.8666
vn -0.2941 0.0000 -0.9558
vn -0.9149 0.0000 0.4036
vn 0.9941 0.0000 0.1084
vn -0.9732 0.0000 0.2300
vn -0.9597 0.0000 0.2809
vn -0.6039 0.0000 -0.7971
vn -0.9823 0.0000 0.1871
vn 0.9955 0.0000 -0.0948
vn 0.9430 0.0000 0.3328
vn -0.4789 0.0000 0.8779
vn 0.7954 0.0000 -0.6060
vn -0.4808 0.0000 0.8768
vn -0.9192 0.0000 0.3939
vn -0.4384 -0.0000 0.8988
vn -0.5603 -0.0000 -0.8283
vn -0.9435 0.0000 0.3315
vn -0.0666 0.0000 0.9978
vn 0.7186 0.0000 0.6954
vn 0.7831 0.0000 0.6219
vn 0.9666 0.0000 0.2564
vn -0.9300 0.0000 -0.3677
vn 0.6668 0.0000 -0.7452
vn 0.7270 0.0000 -0.6867
vn 0.4903 0.0000 -0.8716
vn 0.4755 0.0000 -0.8797
vn 0.4878 0.0000 -0.8729
vn 0.4563 0.0000 -0.8898
vn 0.5486 0.0000 -0.8361
vn 0.5105 0.0000 -0.8599
vn -0.9996 0.0000 0.0282
vn 0.0362 0.0000 0.9993
vn -0.1240 0.0000 -0.9923
vn -0.0185 0.0000 0.9998
vn 0.6189 -0.0000 0.7855
vn 0.2124 0.0000 0.9772
vn 0.6872 0.0000 -0.7265
vn 0.0637 0.0000 0.9980
vn -0.9048 0.0000 -0.4258
vn 0.7399 0.0000 -0.6727
vn 0.7568 0.0000 0.6536
vn -0.9688 0.0000 0.2478
vn -0.4981 0.0000 0.8671
vn -0.9964 0.0000 0.0844
vn -0.0333 0.0000 0.9994
vn 0.9874 0.0000 0.1580
vn 0.0634 -0.0000 0.9980
vn 0.9852 0.0000 0.1713
vn 0.3456 0.0000 0.9384
vn -0.4111 0.0000 0.9116
vn 0.9979 0.0000 0.0654
vn 0.9964 0.0000 0.0844
vn 0.7270 0.0000 -0.6866
vn -0.7400 0.0000 0.6726
vn 0.8437 -0.0000 -0.5369
vn -0.6983 0.0000 0.7158
vn -0.9973 0.0000 0.0730
vn -0.1029 0.0000 0.9947
vn 0.9424 0.0000 0.3344
vn -0.9947 0.0000 -0.1029
vn 0.3880 0.0000 -0.9216
vn -0.9998 0.0000 0.0222
vn 0.0399 0.0000 0.9992
vn 0.9790 0.0000 -0.2039
vn -0.5771 0.0000 -0.8166
vn 0.5057 -0.0000 -0.8627
vn 0.2040 0.0000 0.9790
vn -0.9153 0.0000 0.4027
vn -0.9754 0.0000 0.2203
vn 0.9536 0.0000 -0.3011
vn -0.7893 0.0000 0.6139
vn 0.7282 0.0000 -0.6854
vn -0.7295 0.0000 0.6839
vn -0.9767 0.0000 0.2144
vn -0.9985 0.0000 0.0540
vn 0.9091 0.0000 -0.4167
vn 0.1443 0.0000 0.9895
vn -0.0322 0.0000 0.9995
vn 0.6866 0.0000 -0.7270
vn 0.9512 0.0000 0.3085
vn 0.8088 0.0000 0.5882
vn 0.7452 0.0000 0.6668
vn 0.3286 0.0000 0.9445
vn -0.9782 0.0000 0.2075
vn -0.9945 0.0000 0.1047
vn -0.9972 0.0000 0.0748
vn -0.7233 0.0000 0.6905
vn 0.9990 0.0000 0.0454
vn 0.9977 0.0000 0.0680
vn -0.9989 0.0000 0.0476
vn -0.0454 0.0000 0.9990
vn -0.9914 0.0000 0.1309
vn -0.9943 0.0000 0.1065
vn 0.9930 0.0000 -0.1182
vn -0.9996 0.0000 0.0298
vn -0.8716 0.0000 -0.4903
vn -0.9309 0.0000 -0.3652
vn 0.9999 0.0000 0.0169
vn 0.3417 0.0000 0.9398
vn -0.7498 0.0000 0.6616
vn -0.4856 0.0000 0.8742
vn -0.8105 0.0000 0.5858
vn -0.8503 0.0000 0.5264
vn -0.9900 0.0000 0.1414
vn -0.4175 0.0000 0.9087
vn 0.5692 0.0000 0.8222
vn -0.9025 0.0000 0.4307
vn -0.9387 0.0000 0.3448
vn -0.7250 -0.0000 -0.6888
vn 0.1168 0.0000 0.9932
vn 0.6097 -0.0000 0.7926
vn -0.2652 0.0000 0.9642
vn -0.8253 -0.0000 0.5647
vn 0.8412 0.0000 0.5408
vn 0.7634 0.0000 0.6459
vn -0.9781 0.0000 -0.2081
vn -0.9788 0.0000 -0.2049
vn -0.7831 0.0000 -0.6219
vn -0.9680 0.0000 -0.2510
vn -0.9073 0.0000 -0.4205
vn 0.9171 0.0000 0.3987
vn 0.0713 0.0000 -0.9975
vn 0.7719 -0.0000 0.6357
vn 0.0709 0.0000 -0.9975
vn -0.9937 0.0000 -0.1125
vn 0.9994 0.0000 0.0345
vn 0.6097 0.0000 0.7927
vn 0.6098 0.0000 0.7925
vn 0.7371 0.0000 0.6757
vn 0.8575 -0.0000 0.5145
vn -0.6823 0.0000 -0.7311
vn -0.7303 0.0000 -0.6832
vn 0.9892 0.0000 -0.1466
vn 0.8858 0.0000 0.4640
vn -0.8944 0.0000 -0.4473
vn 0.8575 0.0000 0.5146
vn 0.9929 0.0000 -0.1192
vn 0.6709 0.0000 0.7416
vn 0.6477 0.0000 -0.7619
vn 0.2941 0.0000 -0.9558
vn -0.9878 -0.0000 -0.1560
vn -0.1927 0.0000 0.9812
vn -0.9810 0.0000 0.1938
vn -0.9552 0.0000 0.2960
vn -0.3939 0.0000 -0.9191
vn -0.1612 0.0000 -0.9869
vn -0.9939 0.0000 0.1104
vn -0.9870 0.0000 0.1607
vn -0.5442 0.0000 -0.8390
vn -0.9114 0.0000 0.4116
vn -0.5673 0.0000 0.8235
vn -0.8852 0.0000 0.4651
vn 0.6402 -0.0000 -0.7682
vn -0.7569 0.0000 0.6535
vn -0.9963 0.0000 -0.0859
vn -0.9139 0.0000 -0.4060
vn 0.4879 0.0000 -0.8729
vn -0.7634 0.0000 -0.6459
vn -0.8411 0.0000 -0.5408
vn 0.9899 0.0000 -0.1415
vn -0.4962 0.0000 0.8682
vn 0.9899 0.0000 -0.1416
vn -0.6114 0.0000 0.7913
vn -0.9680 0.0000 -0.2509
vn 0.9967 0.0000 -0.0816
vn 0.9999 0.0000 0.0143
vn 0.9996 0.0000 -0.0281
vn -0.9772 0.0000 -0.2124
vn -0.9688 0.0000 -0.2478
vn -0.9693 0.0000 0.2458
vn -0.6116 0.0000 0.7912
vn -0.8996 0.0000 -0.4368
vn 0.8854 0.0000 0.4648
vn 0.9402 0.0000 -0.3406
vn 0.9972 0.0000 -0.0754
vn 0.9990 0.0000 -0.0451
vn -0.9996 0.0000 -0.0278
vn 0.9775 0.0000 0.2109
vn 0.9999 0.0000 -0.0138
vn -0.9345 0.0000 -0.3560
vn -0.9920 0.0000 -0.1260
vn 0.8320 0.0000 -0.5547
vn 0.9938 0.0000 -0.1115
vn -0.9216 0.0000 -0.3881
vn 0.9844 0.0000 -0.1762
vn 0.7893 0.0000 -0.6140
vn -0.9994 0.0000 -0.0345
vn -0.9980 0.0000 0.0637
vn 0.9852 0.0000 -0.1714
vn -0.8779 0.0000 0.4789
vn 0.8877 0.0000 0.4603
vn 0.7271 0.0000 -0.6866
vn 0.9852 -0.0000 -0.1713
vn -0.9998 0.0000 0.0200
vn -0.9941 0.0000 0.1081
vn -0.9989 0.0000 0.0465
vn -0.8849 0.0000 0.4657
vn 0.9826 0.0000 0.1859
vn -0.9231 0.0000 0.3846
vn -0.8779 0.0000 0.4788
vn -0.6449 0.0000 -0.7643
vn -0.7710 0.0000 -0.6369
vn -0.9430 0.0000 -0.3329
vn -0.7328 0.0000 -0.6805
vn -0.5069 0.0000 -0.8620
vn 0.9708 0.0000 -0.2397
vn -0.4920 0.0000 -0.8706
vn -0.8625 0.0000 -0.5060
vn -0.9903 0.0000 -0.1388
vn -0.9996 0.0000 -0.0290
vn -0.1788 0.0000 -0.9839
vn 0.9430 0.0000 -0.3329
vn 0.9062 0.0000 -0.4228
vn -0.9406 0.0000 -0.3396
vn -0.9911 0.0000 -0.1334
vn -0.9578 0.0000 -0.2874
vn -0.8370 0.0000 -0.5473
vn -0.9842 0.0000 0.1771
vn -0.9976 0.0000 0.0688
vn -0.8065 0.0000 -0.5913
vn -0.9747 0.0000 0.2234
vn -0.9991 0.0000 -0.0427
vn 0.8533 0.0000 -0.5214
vn -0.9999 0.0000 0.0164
vn -0.1366 0.0000 -0.9906
vn 0.7430 0.0000 -0.6693
vn 0.9701 0.0000 -0.2426
vn 0.7826 0.0000 -0.6225
vn 0.9908 0.0000 -0.1351
vn -0.2841 0.0000 -0.9588
vn 0.9981 0.0000 0.0623
vn 0.9823 0.0000 -0.1871
vn 0.8823 0.0000 -0.4706
vn -0.0644 0.0000 -0.9979
vn 0.9728 0.0000 -0.2316
vn 0.7740 0.0000 -0.6332
vn -0.3880 0.0000 -0.9217
vn 0.6247 0.0000 -0.7809
vn -0.8824 0.0000 -0.4706
vn -0.9816 0.0000 -0.1909
vn -0.9464 0.0000 0.3231
vn -0.9654 0.0000 -0.2609
vn -0.8638 0.0000 0.5039
vn -0.7849 0.0000 -0.6196
vn 0.1240 0.0000 -0.9923
vn 0.9999 0.0000 -0.0137
vn 0.6189 0.0000 0.7854
vn -0.9988 0.0000 0.0499
vn -0.9987 0.0000 0.0512
vn 0.7282 0.0000 -0.6853
vn -0.1217 0.0000 0.9926
vn -0.8886 0.0000 0.4586
vn 0.3167 0.0000 -0.9485
vn 0.6001 0.0000 -0.8000
vn 0.1960 0.0000 -0.9806
vn 0.6197 0.0000 -0.7849
vn 0.5812 0.0000 -0.8138
vn 0.8107 0.0000 -0.5855
vn -0.9935 0.0000 0.1142
vn 0.9406 0.0000 -0.3396
vn -0.9080 0.0000 -0.4191
vn -0.7568 0.0000 0.6536
vn -0.9996 0.0000 -0.0298
vn -0.9569 0.0000 -0.2905
vn -0.8080 0.0000 0.5892
vn 0.0994 0.0000 -0.9950
vn 0.9999 0.0000 0.0166
vn 0.7525 0.0000 -0.6585
vn 0.2171 0.0000 -0.9762
vn 0.7295 0.0000 0.6839
vn 0.6108 0.0000 0.7918
vn 0.6601 0.0000 0.7512
vn 0.1192 0.0000 -0.9929
vn -0.1713 0.0000 -0.9852
vn -0.6140 0.0000 -0.7893
vn 0.3987 0.0000 -0.9171
vn 0.0185 0.0000 0.9998
vn -0.9910 -0.0000 -0.1339
vn -0.0182 0.0000 0.9998
vn 0.4961 0.0000 -0.8683
vn -0.6156 0.0000 -0.7880
vn 0.8638 0.0000 -0.5039
vn -0.3624 0.0000 0.9320
vn 0.8849 0.0000 -0.4658
vn 0.5039 0.0000 0.8638
vn 0.6675 0.0000 0.7446
vn 0.8990 0.0000 -0.4379
vn 0.8789 0.0000 0.4771
vn 0.9562 0.0000 -0.2927
vn 0.9959 0.0000 -0.0900
vn 0.8437 0.0000 -0.5368
vn -0.9728 0.0000 0.2316
vn 0.5462 0.0000 0.8376
vn 0.9839 0.0000 0.1789
vn -0.9320 0.0000 -0.3625
vn -0.9841 0.0000 -0.1775
vn -0.9999 0.0000 -0.0147
vn 0.7683 0.0000 0.6401
vn 0.9486 0.0000 -0.3164
vn 0.6586 0.0000 -0.7525
vn -0.8945 0.0000 -0.4472
vn -0.9993 0.0000 -0.0384
vn -0.9080 0.0000 -0.4190
vn -0.6317 0.0000 0.7752
vn -0.5225 0.0000 0.8526
vn -0.5665 0.0000 -0.8240
vn 0.4913 0.0000 0.8710
vn 0.4204 0.0000 0.9073
vn 0.2525 0.0000 -0.9676
vn 0.8436 0.0000 -0.5369
vn 0.0976 0.0000 0.9952
vn 0.2719 0.0000 0.9623
vn 0.3488 0.0000 0.9372
vn 0.9756 0.0000 -0.2195
vn 0.2081 0.0000 0.9781
vn 0.5999 0.0000 -0.8001
vn 0.0905 0.0000 -0.9959
vn 0.8192 0.0000 -0.5735
vn 0.1961 0.0000 -0.9806
vn 0.8716 0.0000 -0.4903
vn 0.8648 0.0000 -0.5021
vn 0.6931 0.0000 -0.7208
vn 0.7526 0.0000 -0.6584
vn -0.9995 0.0000 -0.0322
vn 0.9606 0.0000 -0.2781
vn -0.0798 0.0000 -0.9968
vn -0.9545 0.0000 -0.2983
vn -0.0370 0.0000 -0.9993
vn -0.0753 0.0000 0.9972
vn 0.7961 0.0000 0.6051
vn 0.9404 0.0000 0.3401
vn 0.9643 0.0000 0.2647
vn 0.9255 0.0000 0.3787
vn -0.1880 0.0000 0.9822
vn 0.9784 0.0000 0.2070
vn 0.9976 0.0000 0.0688
vn 0.9978 0.0000 -0.0666
vn -0.4389 0.0000 0.8986
vn -0.6115 0.0000 0.7913
vn -0.2169 0.0000 0.9762
vn -0.4572 0.0000 0.8894
vn -0.9265 0.0000 0.3764
vn -0.7507 0.0000 0.6606
vn -0.6709 0.0000 0.7416
vn -0.2841 0.0000 0.9588
vn 0.6757 0.0000 0.7372
vn -0.7421 0.0000 -0.6703
vn 0.9991 0.0000 -0.0428
vn -0.7761 0.0000 -0.6306
vn 0.2426 0.0000 0.9701
vn -0.4374 0.0000 -0.8992
vn -0.4375 0.0000 -0.8992
vn -0.6709 0.0000 0.7415
vn -0.4281 0.0000 0.9037
vn -0.2425 0.0000 0.9702
vn -0.6306 0.0000 0.7761
vn -0.2026 0.0000 0.9793
vn -0.5433 0.0000 -0.8395
vn -0.9520 0.0000 0.3060
vn -0.2478 0.0000 -0.9688
vn 0.8269 0.0000 0.5623
vn 0.7926 0.0000 0.6098
vn -0.6814 0.0000 -0.7319
vn 0.9997 0.0000 0.0263
vn -0.8768 0.0000 -0.4808
vn 0.9989 0.0000 0.0461
vn 0.9988 0.0000 0.0487
vn 0.9956 0.0000 0.0934
vn 0.9062 0.0000 0.4229
vn -0.7400 0.0000 0.6727
vn 0.9210 0.0000 -0.3896
vn -0.3589 0.0000 0.9334
vn -0.8269 0.0000 -0.5623
vn 0.4138 0.0000 0.9104
vn -0.5226 0.0000 0.8526
vn 0.8182 0.0000 0.5749
vn 0.5598 0.0000 0.8286
vn -0.1322 0.0000 -0.9912
vn 0.5932 0.0000 0.8051
vn 0.1414 0.0000 0.9899
vn -0.8599 0.0000 0.5105
vn -0.6426 0.0000 0.7662
vn 0.2524 0.0000 -0.9676
vn 0.9930 0.0000 0.1182
vn 0.2912 0.0000 -0.9567
vn -0.5214 -0.0000 0.8533
vn -0.4473 0.0000 -0.8944
vn -0.3166 0.0000 -0.9486
vn -0.9037 0.0000 0.4282
vn -0.1714 0.0000 -0.9852
vn 0.9658 0.0000 0.2591
vn 0.9341 0.0000 0.3571
vn -0.9383 0.0000 -0.3457
vn -0.9636 0.0000 -0.2675
vn -0.1881 0.0000 0.9822
vn -0.8320 0.0000 -0.5547
vn 0.6668 0.0000 -0.7453
vn -0.2957 0.0000 0.9553
vn 0.8815 0.0000 0.4722
vn 0.9998 0.0000 -0.0217
vn -0.5665 0.0000 -0.8241
vn 0.0399 0.0000 -0.9992
vn -0.6704 -0.0000 -0.7420
vn -0.7415 0.0000 0.6709
vn -0.9923 0.0000 -0.1241
vn -0.9487 0.0000 -0.3163
vn 0.9892 0.0000 0.1465
vn 0.3491 0.0000 -0.9371
vn 0.9906 0.0000 0.1367
vn 0.9985 0.0000 0.0555
vn -0.2095 0.0000 0.9778
vn 0.5634 0.0000 0.8262
vn 0.9667 0.0000 0.2559
vn 0.9976 0.0000 0.0696
vn 0.9926 0.0000 0.1211
vn 0.7433 0.0000 -0.6689
vn 0.7259 0.0000 -0.6878
vn 0.9914 0.0000 0.1309
vn -0.9998 0.0000 0.0196
vn -0.9341 0.0000 0.3571
vn -0.8533 0.0000 0.5214
vn -0.9950 0.0000 0.0996
vn -0.0707 0.0000 -0.9975
vn -0.2124 0.0000 -0.9772
vn -0.5251 0.0000 -0.8510
vn -0.9702 0.0000 0.2422
vn 0.4179 0.0000 -0.9085
vn 0.2720 -0.0000 0.9623
vn -0.1959 0.0000 -0.9806
vn -0.0904 0.0000 -0.9959
vn -0.7072 0.0000 -0.7071
vn -0.9964 0.0000 0.0848
vn 0.5599 0.0000 0.8286
vn -0.9992 0.0000 0.0408
vn -0.9795 0.0000 0.2017
vn -0.9138 0.0000 -0.4062
vn -0.5057 0.0000 0.8627
vn -0.5190 0.0000 0.8548
vn 0.1728 0.0000 -0.9850
vn -0.4692 0.0000 0.8831
vn -0.6549 0.0000 0.7557
vn -0.5718 0.0000 0.8204
vn 0.6401 0.0000 -0.7683
vn -0.9967 0.0000 -0.0818
vn 0.9439 0.0000 -0.3303
vn 0.9439 0.0000 -0.3304
vn 0.9943 0.0000 -0.1065
vn -0.6942 0.0000 0.7198
vn -0.6941 0.0000 0.7198
vn 0.7863 0.0000 -0.6178
vn -0.8598 0.0000 0.5106
vn -0.7704 0.0000 0.6376
vn -0.5384 0.0000 0.8427
vn 0.9938 -0.0000 -0.1114
vn 0.2874 0.0000 -0.9578
vn -0.1317 0.0000 -0.9913
vn 0.7526 0.0000 -0.6585
vn 0.9080 0.0000 -0.4190
vn -0.7400 0.0000 -0.6726
vn -0.3511 0.0000 -0.9363
vn -0.5212 0.0000 0.8534
vn -0.9979 0.0000 -0.0644
vn 0.9999 0.0000 0.0135
vn -0.6866 0.0000 0.7270
vn -0.7719 0.0000 0.6357
vn 0.8638 0.0000 -0.5038
vn -0.8480 0.0000 -0.5300
vn -0.7809 0.0000 -0.6247
vn -0.9668 0.0000 -0.2554
vn -0.9635 -0.0000 -0.2676
vn -0.8849 0.0000 0.4658
vn 0.7241 0.0000 0.6897
vn 0.3048 0.0000 0.9524
vn -0.7282 0.0000 0.6854
vn 0.8115 0.0000 0.5843
vn 0.1821 0.0000 0.9833
vn -0.9785 0.0000 -0.2061
vn -0.8222 0.0000 0.5692
vn -0.9988 0.0000 -0.0500
vn 0.0830 -0.0000 0.9965
vn -0.9991 0.0000 0.0418
vn -0.6305 0.0000 0.7762
vn -0.9918 0.0000 -0.1280
vn 0.9536 0.0000 0.3011
vn -0.9540 0.0000 0.2997
vn -0.9334 0.0000 0.3590
vn -0.8443 0.0000 0.5358
vn 0.9176 0.0000 -0.3976
vn 0.8209 0.0000 -0.5711
vn -0.9487 0.0000 0.3161
vn 0.8423 0.0000 -0.5390
vn 0.9536 0.0000 0.3012
vn 0.9439 0.0000 0.3304
vn 0.9724 0.0000 0.2334
vn 0.9772 0.0000 0.2124
vn 0.9843 0.0000 -0.1767
vn -0.7944 0.0000 -0.6075
vn -0.9061 0.0000 0.4230
vn -0.9793 0.0000 -0.2026
vn 0.7433 0.0000 0.6689
vn 0.6246 0.0000 0.7809
vn 0.7739 0.0000 0.6333
vn 0.9992 0.0000 -0.0400
vn -0.8654 0.0000 -0.5010
vn -0.9029 0.0000 -0.4298
vn -0.9959 0.0000 -0.0906
vn 0.0836 0.0000 0.9965
vn 0.9125 0.0000 -0.4091
vn 0.9125 0.0000 -0.4090
vn 0.1645 0.0000 0.9864
vn -0.9206 0.0000 -0.3906
vn -0.9801 0.0000 0.1985
vn -0.9882 0.0000 0.1529
vn -0.9540 0.0000 0.2998
vn -0.8998 0.0000 -0.4362
vn 0.3787 0.0000 -0.9255
vn -0.6897 0.0000 -0.7241
vn -0.6292 0.0000 -0.7773
vn -0.9144 0.0000 0.4047
vn 0.1387 0.0000 -0.9903
vn -0.8995 0.0000 -0.4369
vn -0.9702 0.0000 0.2425
vn 0.3786 0.0000 -0.9256
vn -0.6292 0.0000 -0.7772
vn 0.8088 0.0000 0.5881
vn 0.6670 0.0000 0.7450
vn 0.7817 0.0000 0.6237
vn -0.6691 0.0000 -0.7432
vn -0.7709 0.0000 -0.6369
vn -0.2248 0.0000 -0.9744
vn -0.1645 0.0000 -0.9864
vn 0.9545 0.0000 -0.2983
vn -0.6219 0.0000 -0.7831
vn -0.6839 0.0000 -0.7296
vn -0.8771 0.0000 -0.4803
vn 0.3161 0.0000 -0.9487
vn -0.6529 0.0000 0.7574
vn 0.2170 0.0000 -0.9762
vn 0.9070 0.0000 0.4211
vn 0.9487 0.0000 -0.3163
vn 0.1386 0.0000 -0.9903
vn 0.9998 0.0000 0.0222
vn -0.9979 0.0000 0.0651
vn -0.4027 0.0000 -0.9153
vn -0.9524 0.0000 -0.3048
vn -0.9882 -0.0000 -0.1533
vn 0.1705 0.0000 0.9854
vn 0.9161 0.0000 0.4008
vn 0.2721 0.0000 0.9623
vn 0.6643 0.0000 -0.7474
vn -0.9935 0.0000 -0.1140
vn -0.9998 0.0000 0.0208
vn 0.5812 -0.0000 -0.8137
vn 0.4921 0.0000 -0.8706
vn 0.4472 0.0000 -0.8945
vn 0.9144 0.0000 -0.4047
vn 0.2228 0.0000 -0.9749
vn 0.3270 0.0000 -0.9450
vn 0.0434 0.0000 -0.9991
vn -0.7727 0.0000 0.6347
vn -0.7750 0.0000 -0.6319
vn -0.3418 0.0000 -0.9398
vn -0.7203 0.0000 0.6937
vn -0.9372 0.0000 0.3488
vn -0.7835 0.0000 0.6214
vn -0.6122 0.0000 0.7907
vn 0.9995 0.0000 0.0306
vn 0.3657 0.0000 -0.9307
vn 0.9635 0.0000 -0.2677
vn 0.9889 0.0000 -0.1484
vn 0.3699 0.0000 0.9291
vn -0.9842 0.0000 -0.1772
vn 0.0200 0.0000 -0.9998
vn -0.9842 0.0000 0.1772
vn 0.8533 0.0000 -0.5215
vn 0.2056 0.0000 0.9786
vn -0.9590 0.0000 0.2833
vn 0.7498 0.0000 -0.6616
vn 0.7719 0.0000 -0.6357
vn -0.9960 0.0000 0.0889
vn 0.6535 0.0000 -0.7569
vn 0.3271 0.0000 -0.9450
vn 0.0688 0.0000 -0.9976
vn -0.3531 0.0000 0.9356
vn -0.1159 0.0000 0.9933
vn 0.9878 0.0000 0.1560
vn -0.6536 -0.0000 -0.7568
vn 0.7432 -0.0000 -0.6690
vn -0.4045 0.0000 0.9145
vn -0.9985 0.0000 -0.0555
vn 0.1758 0.0000 -0.9844
vn -0.2588 0.0000 0.9659
vn 0.4328 0.0000 -0.9015
vn -0.9904 0.0000 0.1382
vn 0.9430 0.0000 -0.3328
vn 0.0696 0.0000 0.9976
vn -0.4328 0.0000 -0.9015
vn -0.5829 0.0000 0.8125
vn 0.9861 0.0000 -0.1663
vn 0.9771 0.0000 -0.2129
vn -0.6689 0.0000 -0.7434
vn -0.8890 0.0000 0.4579
vn -0.9512 0.0000 0.3085
vn -0.3589 0.0000 -0.9334
vn -0.9687 0.0000 0.2484
vn 0.9062 0.0000 -0.4229
vn 0.9635 0.0000 -0.2676
vn 0.5363 0.0000 0.8440
vn -0.4837 0.0000 0.8752
vn -0.5837 0.0000 0.8120
vn -0.0323 0.0000 0.9995
vn 0.9320 0.0000 -0.3624
vn 0.9320 0.0000 -0.3625
vn -0.8526 0.0000 0.5226
vn -0.0830 0.0000 -0.9966
vn -0.8683 0.0000 0.4961
vn -0.2942 0.0000 -0.9558
vn -0.2942 0.0000 -0.9557
vn -0.5462 0.0000 -0.8376
vn 1.0000 0.0000 -0.0100
vn -0.8175 0.0000 0.5760
vn -0.5692 0.0000 0.8222
vn -0.4728 0.0000 0.8812
vn 0.6690 0.0000 -0.7433
vn 0.7807 0.0000 -0.6249
vn 0.1414 0.0000 -0.9900
vn -0.3752 0.0000 0.9270
vn -0.8682 0.0000 0.4961
vn 0.3845 0.0000 -0.9231
vn 0.8496 0.0000 0.5275
vn -0.7557 0.0000 0.6549
vn -0.7980 0.0000 0.6026
vn -0.1158 0.0000 0.9933
vn 0.8886 0.0000 0.4586
vn 0.6536 -0.0000 -0.7568
vn 0.9751 0.0000 0.2216
vn 0.9104 0.0000 0.4138
vn -0.9999 0.0000 0.0137
vn -0.0662 0.0000 -0.9978
vn -0.9990 0.0000 0.0447
vn -0.9991 0.0000 0.0428
vn -0.9999 0.0000 0.0130
vn -0.0976 0.0000 -0.9952
vn -0.9999 0.0000 -0.0139
vn -0.9888 0.0000 0.1493
vn -0.2474 0.0000 -0.9689
vn 0.9578 0.0000 0.2873
vn 0.8548 0.0000 0.5190
vn 0.9462 0.0000 0.3237
vn 0.8851 0.0000 -0.4654
vn 0.3911 0.0000 0.9203
vn 0.6617 0.0000 0.7498
vn 0.9996 0.0000 0.0274
vn -0.1351 -0.0000 -0.9908
vn -0.0454 0.0000 -0.9990
vn 0.6853 0.0000 -0.7282
vn -0.9999 0.0000 -0.0132
vn -0.4961 0.0000 0.8683
vn -0.3231 0.0000 -0.9464
vn 0.2425 0.0000 -0.9701
vn 0.7936 0.0000 0.6084
vn 0.1843 0.0000 -0.9829
vn 0.8370 0.0000 0.5472
vn 0.2425 0.0000 -0.9702
vn 0.5855 -0.0000 0.8107
vn 0.6404 0.0000 -0.7681
vn 0.9959 0.0000 -0.0906
vn 0.5693 0.0000 -0.8222
vn 0.5214 0.0000 0.8533
vn 0.5241 0.0000 0.8517
vn 0.3940 0.0000 -0.9191
vn 0.3939 0.0000 -0.9191
vn 0.7913 0.0000 0.6115
vn -0.3867 0.0000 0.9222
vn 0.8209 0.0000 0.5710
vn -0.9033 0.0000 -0.4291
vn -0.9316 0.0000 -0.3635
vn -0.6157 0.0000 -0.7880
vn -0.8247 0.0000 -0.5655
vn 0.8561 0.0000 -0.5169
vn 0.5857 0.0000 0.8105
vn 0.2599 0.0000 0.9656
vn -0.5433 0.0000 -0.8396
vn 0.1580 0.0000 0.9874
vn -0.3070 0.0000 0.9517
vn -0.1789 0.0000 0.9839
vn -0.1168 0.0000 0.9932
vn -0.8697 0.0000 -0.4936
vn 0.7649 0.0000 0.6441
vn 0.7955 0.0000 0.6060
vn 0.7954 -0.0000 0.6060
vn 0.7071 0.0000 0.7072
vn 0.5854 0.0000 0.8107
vn 0.0344 0.0000 0.9994
vn 0.0695 0.0000 0.9976
vn 0.5813 0.0000 -0.8137
vn -0.3232 0.0000 -0.9463
vn -0.3530 0.0000 0.9356
vn 0.1104 0.0000 0.9939
vn 0.2631 0.0000 0.9648
vn -0.2425 0.0000 0.9701
vn -0.1168 0.0000 0.9931
vn 0.0333 0.0000 -0.9994
vn 0.4981 0.0000 -0.8671
vn 0.1198 0.0000 -0.9928
vn 0.6981 0.0000 -0.7160
vn 0.6333 0.0000 0.7739
vn 0.6419 0.0000 -0.7668
vn 0.5673 0.0000 -0.8235
vn 0.2676 0.0000 -0.9635
vn -0.8548 0.0000 0.5189
vn 0.6332 0.0000 0.7740
usemtl None
s off
f 1//1 2//1 3//1
f 1//1 4//1 2//1
f 5//1 2//1 4//1
f 6//1 7//1 1//1
f 4//1 1//1 7//1
f 8//1 9//1 5//1
f 8//1 5//1 4//1
f 4//1 7//1 8//1
f 7//1 10//1 8//1
f 9//1 8//1 11//1
f 12//2 13//2 14//2
f 15//2 14//2 13//2
f 16//2 13//2 12//2
f 17//2 13//2 16//2
f 18//2 13//2 17//2
f 19//2 13//2 18//2
f 20//2 21//2 19//2
f 22//2 21//2 20//2
f 23//2 21//2 22//2
f 24//2 21//2 23//2
f 25//3 21//3 24//3
f 26//2 27//2 13//2
f 28//1 10//1 7//1
f 11//1 8//1 10//1
f 29//1 30//1 31//1
f 31//1 10//1 32//1
f 29//1 33//1 34//1
f 35//1 36//1 34//1
f 37//1 36//1 35//1
f 37//1 38//1 36//1
f 39//1 40//1 31//1
f 30//1 29//1 36//1
f 39//1 31//1 30//1
f 41//2 42//2 43//2
f 39//1 2//1 40//1
f 36//1 38//1 30//1
f 30//1 38//1 39//1
f 44//1 31//1 40//1
f 40//1 2//1 44//1
f 43//2 45//2 46//2
f 9//1 44//1 5//1
f 45//2 47//2 46//2
f 48//1 44//1 9//1
f 48//1 31//1 44//1
f 34//1 36//1 29//1
f 9//1 11//1 48//1
f 11//1 10//1 48//1
f 10//1 31//1 48//1
f 49//1 32//1 10//1
f 50//4 51//4 52//4
f 53//4 54//4 52//4
f 50//4 52//4 54//4
f 55//5 56//5 57//5
f 58//2 46//2 47//2
f 59//2 60//2 61//2
f 62//2 50//2 63//2
f 50//2 54//2 63//2
f 61//2 63//2 54//2
f 64//6 65//6 66//6
f 67//6 64//6 66//6
f 68//6 69//6 50//6
f 54//7 53//7 70//7
f 54//7 70//7 71//7
f 54//7 71//7 61//7
f 53//2 52//2 72//2
f 53//2 72//2 73//2
f 53//2 73//2 74//2
f 53//2 74//2 70//2
f 71//2 70//2 74//2
f 75//8 76//8 50//8
f 77//2 78//2 79//2
f 80//2 77//2 79//2
f 81//9 82//9 80//9
f 83//2 84//2 79//2
f 85//2 86//2 79//2
f 73//10 87//10 88//10
f 73//10 88//10 74//10
f 51//4 89//4 52//4
f 86//2 83//2 79//2
f 90//2 91//2 79//2
f 92//6 50//6 69//6
f 51//6 50//6 92//6
f 72//11 93//11 94//11
f 95//11 73//11 94//11
f 87//11 73//11 95//11
f 72//11 94//11 73//11
f 52//12 89//12 96//12
f 93//12 72//12 96//12
f 52//12 96//12 72//12
f 85//2 79//2 91//2
f 97//13 62//13 63//13
f 98//14 99//14 90//14
f 78//2 90//2 79//2
f 68//2 100//2 69//2
f 101//2 102//2 103//2
f 100//2 104//2 69//2
f 84//2 105//2 79//2
f 106//2 107//2 100//2
f 105//2 108//2 79//2
f 109//2 104//2 107//2
f 92//2 69//2 104//2
f 110//2 111//2 112//2
f 113//15 114//15 115//15
f 116//2 113//2 115//2
f 114//2 117//2 115//2
f 118//2 115//2 117//2
f 119//2 118//2 117//2
f 120//2 121//2 117//2
f 122//2 123//2 120//2
f 124//2 125//2 122//2
f 126//2 127//2 124//2
f 100//2 107//2 104//2
f 51//2 92//2 104//2
f 128//2 110//2 112//2
f 94//2 93//2 104//2
f 93//2 96//2 104//2
f 129//2 87//2 130//2
f 130//2 87//2 104//2
f 94//2 104//2 95//2
f 131//2 132//2 133//2
f 134//2 135//2 136//2
f 96//2 89//2 104//2
f 51//2 104//2 89//2
f 133//2 137//2 138//2
f 88//2 87//2 129//2
f 95//2 104//2 87//2
f 139//2 135//2 140//2
f 141//2 135//2 139//2
f 50//6 66//6 65//6
f 138//2 142//2 143//2
f 121//16 144//16 119//16
f 140//2 112//2 145//2
f 146//17 147//17 130//17
f 148//18 149//18 122//18
f 129//17 130//17 147//17
f 143//2 150//2 151//2
f 147//17 152//17 129//17
f 111//2 153//2 112//2
f 150//2 154//2 151//2
f 155//2 135//2 134//2
f 156//2 151//2 154//2
f 7//10 6//10 88//10
f 7//19 88//19 129//19
f 75//6 50//6 65//6
f 76//20 157//20 50//20
f 158//21 153//21 111//21
f 154//2 159//2 156//2
f 68//6 50//6 157//6
f 160//6 68//6 157//6
f 161//2 162//2 163//2
f 163//2 164//2 161//2
f 165//2 166//2 167//2
f 68//22 160//22 168//22
f 68//22 168//22 100//22
f 145//2 112//2 169//2
f 159//2 165//2 167//2
f 136//2 135//2 141//2
f 100//23 168//23 170//23
f 100//23 170//23 106//23
f 170//24 171//24 107//24
f 170//24 107//24 106//24
f 172//2 143//2 142//2
f 153//2 169//2 112//2
f 109//25 107//25 173//25
f 158//26 169//26 153//26
f 171//25 173//25 107//25
f 174//27 104//27 173//27
f 109//27 173//27 104//27
f 142//2 138//2 137//2
f 135//2 175//2 176//2
f 177//2 135//2 176//2
f 177//2 178//2 135//2
f 179//2 133//2 132//2
f 104//28 174//28 130//28
f 174//28 146//28 130//28
f 180//2 181//2 135//2
f 182//2 183//2 184//2
f 150//2 143//2 172//2
f 181//2 175//2 135//2
f 65//2 64//2 183//2
f 67//2 184//2 64//2
f 185//29 150//29 172//29
f 137//2 133//2 179//2
f 184//2 183//2 64//2
f 75//2 65//2 183//2
f 186//2 135//2 178//2
f 183//2 157//2 76//2
f 183//2 76//2 75//2
f 131//2 187//2 132//2
f 160//2 157//2 168//2
f 170//2 157//2 183//2
f 147//2 146//2 188//2
f 189//2 188//2 146//2
f 168//2 157//2 170//2
f 180//2 135//2 155//2
f 183//2 190//2 171//2
f 189//2 173//2 190//2
f 171//2 190//2 173//2
f 191//2 192//2 193//2
f 194//2 195//2 196//2
f 197//2 198//2 199//2
f 200//2 199//2 198//2
f 198//2 201//2 200//2
f 135//2 202//2 201//2
f 203//2 204//2 135//2
f 171//2 170//2 183//2
f 174//2 173//2 189//2
f 205//2 193//2 192//2
f 146//2 174//2 189//2
f 206//30 207//30 196//30
f 147//17 208//17 152//17
f 199//31 209//31 206//31
f 196//31 199//31 206//31
f 200//2 201//2 202//2
f 186//2 210//2 135//2
f 74//32 6//32 71//32
f 202//2 135//2 210//2
f 186//33 211//33 210//33
f 97//13 63//13 212//13
f 188//34 213//34 208//34
f 188//34 208//34 147//34
f 189//35 214//35 215//35
f 216//35 189//35 215//35
f 213//35 188//35 216//35
f 189//35 216//35 188//35
f 190//36 217//36 218//36
f 214//36 189//36 218//36
f 190//36 218//36 189//36
f 182//37 219//37 220//37
f 182//38 220//38 221//38
f 183//38 182//38 221//38
f 183//38 221//38 222//38
f 194//39 223//39 195//39
f 184//40 224//40 225//40
f 219//40 182//40 225//40
f 184//40 225//40 182//40
f 226//41 224//41 184//41
f 227//42 226//42 184//42
f 67//42 228//42 184//42
f 217//43 183//43 222//43
f 190//43 183//43 217//43
f 67//6 66//6 229//6
f 230//6 67//6 229//6
f 231//6 229//6 66//6
f 67//42 230//42 228//42
f 232//42 184//42 228//42
f 227//41 184//41 232//41
f 233//2 213//2 234//2
f 215//2 214//2 234//2
f 218//2 235//2 214//2
f 234//2 214//2 235//2
f 236//2 219//2 237//2
f 227//2 232//2 237//2
f 226//2 227//2 237//2
f 219//2 225//2 237//2
f 220//2 219//2 238//2
f 236//2 238//2 219//2
f 226//2 237//2 224//2
f 225//2 224//2 237//2
f 228//2 229//2 237//2
f 231//2 237//2 229//2
f 230//2 229//2 228//2
f 221//2 220//2 238//2
f 232//2 228//2 237//2
f 217//2 222//2 235//2
f 235//2 222//2 238//2
f 221//2 238//2 222//2
f 152//2 213//2 233//2
f 208//2 213//2 152//2
f 216//2 234//2 213//2
f 215//2 234//2 216//2
f 218//2 217//2 235//2
f 152//17 10//17 28//17
f 152//17 28//17 129//17
f 61//7 71//7 3//7
f 1//7 3//7 71//7
f 63//44 60//44 212//44
f 239//2 240//2 212//2
f 241//2 242//2 212//2
f 1//32 71//32 6//32
f 74//10 88//10 6//10
f 129//19 28//19 7//19
f 233//45 49//45 10//45
f 233//45 10//45 152//45
f 49//46 233//46 32//46
f 234//46 32//46 233//46
f 32//47 234//47 31//47
f 235//47 31//47 234//47
f 238//48 29//48 31//48
f 238//48 31//48 235//48
f 236//49 29//49 238//49
f 29//49 236//49 33//49
f 237//50 34//50 33//50
f 237//50 33//50 236//50
f 35//51 34//51 237//51
f 237//51 231//51 35//51
f 243//1 244//1 245//1
f 63//2 61//2 60//2
f 59//2 246//2 60//2
f 247//44 212//44 60//44
f 246//43 248//43 60//43
f 249//52 250//52 251//52
f 59//53 61//53 252//53
f 244//54 249//54 253//54
f 248//2 254//2 255//2
f 248//2 255//2 256//2
f 257//2 258//2 248//2
f 248//2 258//2 259//2
f 258//55 260//55 259//55
f 261//2 262//2 263//2
f 264//2 263//2 262//2
f 262//2 265//2 264//2
f 266//2 267//2 264//2
f 268//56 269//56 261//56
f 267//2 270//2 264//2
f 270//2 271//2 264//2
f 266//57 272//57 267//57
f 266//2 264//2 273//2
f 274//2 273//2 264//2
f 275//58 272//58 273//58
f 259//2 276//2 248//2
f 276//2 277//2 248//2
f 278//2 279//2 248//2
f 265//2 274//2 264//2
f 248//2 280//2 281//2
f 248//2 281//2 282//2
f 282//2 283//2 248//2
f 280//2 248//2 284//2
f 284//2 248//2 279//2
f 278//2 248//2 277//2
f 285//59 286//59 287//59
f 285//60 287//60 250//60
f 61//53 3//53 252//53
f 288//2 247//2 289//2
f 290//2 291//2 247//2
f 288//2 292//2 247//2
f 247//2 293//2 294//2
f 247//2 294//2 295//2
f 295//2 296//2 247//2
f 271//2 297//2 264//2
f 252//61 298//61 59//61
f 135//62 248//62 246//62
f 247//43 60//43 248//43
f 299//2 264//2 297//2
f 300//2 301//2 302//2
f 303//2 302//2 301//2
f 304//2 303//2 301//2
f 305//2 306//2 300//2
f 307//2 306//2 305//2
f 308//2 306//2 307//2
f 309//2 310//2 308//2
f 311//2 310//2 309//2
f 312//2 310//2 311//2
f 313//2 310//2 312//2
f 314//2 310//2 313//2
f 315//2 316//2 317//2
f 318//2 316//2 315//2
f 319//2 248//2 320//2
f 135//2 321//2 248//2
f 322//2 254//2 248//2
f 256//2 257//2 248//2
f 283//2 323//2 248//2
f 324//2 325//2 326//2
f 323//2 327//2 248//2
f 328//2 329//2 248//2
f 330//2 331//2 332//2
f 333//2 334//2 248//2
f 248//2 335//2 336//2
f 337//2 338//2 336//2
f 248//2 336//2 338//2
f 339//2 248//2 340//2
f 341//2 248//2 342//2
f 343//2 344//2 248//2
f 341//2 345//2 248//2
f 248//2 346//2 347//2
f 248//2 348//2 349//2
f 349//2 350//2 248//2
f 248//2 79//2 264//2
f 264//2 351//2 248//2
f 352//2 353//2 248//2
f 354//2 248//2 355//2
f 356//2 355//2 248//2
f 357//2 247//2 354//2
f 358//2 247//2 359//2
f 359//2 247//2 357//2
f 360//2 247//2 361//2
f 362//2 247//2 360//2
f 363//2 364//2 247//2
f 364//2 365//2 247//2
f 366//2 247//2 367//2
f 368//2 247//2 369//2
f 370//2 247//2 368//2
f 243//54 249//54 244//54
f 285//59 371//59 286//59
f 250//60 245//60 285//60
f 249//52 243//52 250//52
f 245//52 250//52 243//52
f 299//2 372//2 264//2
f 372//2 373//2 264//2
f 374//2 248//2 351//2
f 375//2 248//2 374//2
f 376//2 248//2 375//2
f 2//1 38//1 3//1
f 35//1 377//1 37//1
f 378//1 298//1 3//1
f 5//1 44//1 2//1
f 377//1 38//1 37//1
f 352//2 248//2 376//2
f 379//1 380//1 381//1
f 245//1 379//1 371//1
f 245//1 371//1 285//1
f 382//1 381//1 380//1
f 245//1 383//1 379//1
f 380//1 379//1 383//1
f 351//2 264//2 384//2
f 384//2 264//2 385//2
f 2//1 39//1 38//1
f 252//1 3//1 298//1
f 245//1 244//1 383//1
f 353//2 386//2 248//2
f 356//2 248//2 386//2
f 380//1 383//1 382//1
f 387//1 382//1 383//1
f 388//63 389//63 390//63
f 391//1 392//1 393//1
f 385//64 394//64 384//64
f 395//65 396//65 303//65
f 373//2 385//2 264//2
f 397//2 398//2 399//2
f 400//2 401//2 402//2
f 403//2 400//2 402//2
f 404//2 405//2 406//2
f 393//1 407//1 391//1
f 378//1 3//1 38//1
f 408//2 399//2 404//2
f 398//2 404//2 399//2
f 409//1 407//1 393//1
f 410//1 391//1 407//1
f 407//1 409//1 381//1
f 381//1 382//1 407//1
f 411//1 371//1 381//1
f 371//1 379//1 381//1
f 387//1 407//1 382//1
f 231//6 377//6 35//6
f 412//2 413//2 247//2
f 358//2 412//2 247//2
f 413//2 414//2 247//2
f 361//2 414//2 415//2
f 381//66 409//66 416//66
f 416//67 409//67 393//67
f 361//2 247//2 414//2
f 386//68 417//68 356//68
f 347//69 418//69 419//69
f 407//4 387//4 420//4
f 421//2 422//2 423//2
f 246//2 59//2 424//2
f 424//2 425//2 423//2
f 59//2 425//2 424//2
f 421//2 423//2 425//2
f 426//2 427//2 428//2
f 429//70 430//70 431//70
f 253//2 249//2 426//2
f 251//2 426//2 249//2
f 427//2 426//2 251//2
f 250//52 432//52 251//52
f 433//2 434//2 435//2
f 436//2 435//2 434//2
f 437//2 436//2 434//2
f 427//71 251//71 438//71
f 439//71 427//71 438//71
f 440//71 427//71 439//71
f 441//71 438//71 251//71
f 432//71 441//71 251//71
f 442//72 443//72 437//72
f 427//73 440//73 444//73
f 445//73 428//73 444//73
f 427//73 444//73 428//73
f 446//74 433//74 435//74
f 436//75 446//75 435//75
f 447//76 448//76 431//76
f 449//2 450//2 451//2
f 452//2 449//2 451//2
f 450//2 453//2 451//2
f 453//2 454//2 451//2
f 454//2 455//2 451//2
f 455//2 456//2 451//2
f 456//2 457//2 451//2
f 457//2 458//2 451//2
f 458//2 459//2 451//2
f 459//2 460//2 451//2
f 460//2 461//2 451//2
f 461//2 462//2 451//2
f 463//77 345//77 464//77
f 287//2 465//2 432//2
f 287//2 432//2 250//2
f 466//2 467//2 468//2
f 450//78 469//78 453//78
f 470//2 468//2 467//2
f 444//2 471//2 445//2
f 444//2 440//2 471//2
f 441//2 432//2 471//2
f 441//2 471//2 438//2
f 465//2 471//2 432//2
f 468//2 470//2 472//2
f 438//2 471//2 439//2
f 470//2 445//2 471//2
f 473//2 474//2 451//2
f 434//2 473//2 451//2
f 474//2 475//2 451//2
f 442//2 434//2 451//2
f 437//2 434//2 442//2
f 475//2 476//2 451//2
f 462//2 477//2 451//2
f 476//2 452//2 451//2
f 439//2 471//2 440//2
f 471//2 472//2 470//2
f 466//79 478//79 479//79
f 480//79 466//79 479//79
f 481//2 338//2 482//2
f 466//80 468//80 483//80
f 466//80 483//80 478//80
f 484//81 483//81 468//81
f 485//81 484//81 468//81
f 482//2 338//2 486//2
f 485//82 472//82 487//82
f 488//83 487//83 472//83
f 338//2 489//2 490//2
f 488//83 472//83 491//83
f 471//83 491//83 472//83
f 468//82 472//82 485//82
f 465//59 492//59 493//59
f 489//84 494//84 490//84
f 492//59 465//59 495//59
f 481//2 489//2 338//2
f 495//59 465//59 287//59
f 486//2 338//2 496//2
f 497//79 467//79 480//79
f 466//79 480//79 467//79
f 298//13 378//13 425//13
f 467//85 498//85 470//85
f 497//85 498//85 467//85
f 498//4 499//4 470//4
f 445//4 470//4 499//4
f 445//4 499//4 500//4
f 491//83 471//83 501//83
f 465//86 493//86 501//86
f 465//86 501//86 471//86
f 500//4 502//4 445//4
f 503//87 504//87 505//87
f 423//88 506//88 112//88
f 507//2 508//2 509//2
f 510//2 508//2 507//2
f 511//2 508//2 510//2
f 512//2 508//2 511//2
f 513//2 508//2 512//2
f 514//2 508//2 513//2
f 515//2 508//2 514//2
f 516//2 508//2 515//2
f 517//2 508//2 516//2
f 503//89 505//89 518//89
f 519//90 520//90 521//90
f 522//91 523//91 524//91
f 525//2 526//2 527//2
f 528//2 527//2 529//2
f 530//92 531//92 532//92
f 529//2 527//2 533//2
f 534//93 535//93 536//93
f 537//2 527//2 538//2
f 538//2 527//2 539//2
f 540//2 541//2 451//2
f 542//2 543//2 451//2
f 541//2 542//2 451//2
f 544//2 545//2 451//2
f 477//2 540//2 451//2
f 546//94 547//94 548//94
f 549//95 550//95 551//95
f 533//2 527//2 537//2
f 539//2 552//2 553//2
f 553//2 552//2 554//2
f 344//96 555//96 556//96
f 556//97 557//97 558//97
f 414//98 559//98 415//98
f 545//2 560//2 451//2
f 560//2 561//2 451//2
f 562//2 451//2 561//2
f 561//2 563//2 562//2
f 563//2 564//2 562//2
f 565//2 562//2 564//2
f 564//2 566//2 565//2
f 566//2 567//2 565//2
f 567//2 568//2 565//2
f 568//2 569//2 565//2
f 569//2 570//2 565//2
f 543//2 544//2 451//2
f 523//91 571//91 524//91
f 524//99 571//99 572//99
f 573//99 572//99 571//99
f 447//100 574//100 448//100
f 573//101 575//101 572//101
f 576//102 555//102 574//102
f 519//103 521//103 577//103
f 578//104 579//104 580//104
f 581//105 582//105 583//105
f 523//106 522//106 580//106
f 584//2 13//2 27//2
f 584//2 15//2 13//2
f 585//107 349//107 419//107
f 586//108 587//108 588//108
f 530//109 532//109 589//109
f 590//2 591//2 325//2
f 592//2 325//2 324//2
f 590//2 325//2 592//2
f 593//2 594//2 595//2
f 596//2 595//2 594//2
f 340//110 558//110 557//110
f 326//2 325//2 597//2
f 595//2 598//2 593//2
f 327//2 597//2 325//2
f 581//111 350//111 349//111
f 581//111 349//111 585//111
f 599//2 552//2 600//2
f 601//2 552//2 599//2
f 602//2 603//2 600//2
f 581//105 583//105 350//105
f 604//2 605//2 606//2
f 607//2 604//2 606//2
f 608//2 607//2 606//2
f 605//2 609//2 606//2
f 610//2 606//2 609//2
f 609//2 611//2 610//2
f 612//112 613//112 599//112
f 325//2 248//2 327//2
f 549//2 614//2 343//2
f 614//2 429//2 343//2
f 554//2 552//2 601//2
f 343//2 615//2 616//2
f 343//2 616//2 617//2
f 617//2 549//2 343//2
f 618//113 617//113 616//113
f 591//2 619//2 325//2
f 343//2 620//2 548//2
f 313//114 621//114 314//114
f 548//2 547//2 343//2
f 332//2 248//2 329//2
f 622//2 403//2 623//2
f 624//2 625//2 626//2
f 329//53 627//53 332//53
f 627//53 628//53 332//53
f 329//2 328//2 629//2
f 431//2 343//2 429//2
f 626//2 625//2 598//2
f 625//2 593//2 598//2
f 614//115 551//115 429//115
f 630//116 631//116 595//116
f 549//95 551//95 614//95
f 328//2 248//2 325//2
f 632//53 328//53 633//53
f 325//53 633//53 328//53
f 615//117 634//117 616//117
f 402//2 623//2 403//2
f 618//117 616//117 634//117
f 547//2 615//2 343//2
f 615//118 547//118 634//118
f 546//118 634//118 547//118
f 593//119 635//119 594//119
f 636//2 637//2 638//2
f 402//2 401//2 639//2
f 624//2 622//2 623//2
f 402//120 639//120 640//120
f 641//2 642//2 643//2
f 643//121 644//121 640//121
f 645//13 646//13 361//13
f 639//121 643//121 640//121
f 518//122 647//122 503//122
f 625//2 624//2 623//2
f 648//2 573//2 361//2
f 649//2 650//2 361//2
f 649//123 577//123 650//123
f 651//123 650//123 577//123
f 652//124 653//124 408//124
f 519//2 361//2 654//2
f 649//2 361//2 519//2
f 361//2 415//2 654//2
f 655//2 656//2 657//2
f 656//2 658//2 659//2
f 659//2 657//2 656//2
f 658//2 660//2 659//2
f 660//2 661//2 659//2
f 661//2 662//2 659//2
f 663//2 655//2 657//2
f 664//2 663//2 657//2
f 570//2 665//2 565//2
f 666//2 664//2 657//2
f 519//90 654//90 520//90
f 643//2 639//2 641//2
f 523//2 667//2 361//2
f 667//2 579//2 361//2
f 571//2 523//2 361//2
f 573//2 571//2 361//2
f 668//2 659//2 662//2
f 575//101 573//101 648//101
f 651//125 575//125 650//125
f 648//125 650//125 575//125
f 669//126 670//126 671//126
f 672//2 673//2 674//2
f 192//2 674//2 673//2
f 673//2 205//2 192//2
f 519//127 577//127 649//127
f 645//2 579//2 675//2
f 676//128 207//128 191//128
f 645//2 361//2 579//2
f 580//104 579//104 667//104
f 667//106 523//106 580//106
f 677//2 678//2 668//2
f 679//2 680//2 668//2
f 678//2 679//2 668//2
f 681//2 677//2 668//2
f 680//2 672//2 668//2
f 662//2 681//2 668//2
f 668//2 672//2 674//2
f 682//2 503//2 534//2
f 683//2 503//2 682//2
f 684//2 534//2 503//2
f 647//2 685//2 503//2
f 686//2 685//2 647//2
f 687//2 688//2 686//2
f 530//2 689//2 690//2
f 645//2 690//2 689//2
f 650//2 648//2 361//2
f 530//2 691//2 687//2
f 692//2 693//2 694//2
f 695//2 694//2 693//2
f 531//92 530//92 687//92
f 696//43 645//43 589//43
f 689//43 589//43 645//43
f 693//2 697//2 698//2
f 699//2 698//2 697//2
f 589//109 689//109 530//109
f 195//2 700//2 196//2
f 199//2 196//2 700//2
f 701//2 702//2 692//2
f 702//2 703//2 692//2
f 694//2 701//2 692//2
f 704//2 194//2 676//2
f 531//129 687//129 705//129
f 686//129 705//129 687//129
f 706//2 692//2 703//2
f 193//2 704//2 676//2
f 696//13 646//13 645//13
f 594//2 706//2 596//2
f 703//2 596//2 706//2
f 682//93 534//93 536//93
f 676//2 191//2 193//2
f 702//130 707//130 703//130
f 196//2 676//2 194//2
f 503//87 683//87 504//87
f 708//131 709//131 710//131
f 504//132 683//132 536//132
f 682//132 536//132 683//132
f 711//133 695//133 698//133
f 710//134 712//134 713//134
f 705//135 686//135 518//135
f 647//135 518//135 686//135
f 714//136 223//136 704//136
f 711//137 715//137 695//137
f 716//2 197//2 199//2
f 700//2 716//2 199//2
f 717//13 718//13 719//13
f 720//138 721//138 722//138
f 723//139 724//139 725//139
f 726//3 725//3 724//3
f 726//2 724//2 727//2
f 726//2 727//2 728//2
f 726//2 728//2 729//2
f 726//2 729//2 730//2
f 726//2 730//2 731//2
f 732//2 733//2 731//2
f 734//2 735//2 732//2
f 736//2 737//2 734//2
f 360//2 738//2 736//2
f 739//140 740//140 726//140
f 725//141 726//141 741//141
f 742//142 724//142 743//142
f 723//142 743//142 724//142
f 744//143 745//143 728//143
f 729//143 728//143 745//143
f 725//144 741//144 723//144
f 743//145 723//145 741//145
f 746//146 747//146 748//146
f 749//92 750//92 731//92
f 732//92 731//92 750//92
f 745//135 751//135 729//135
f 730//135 729//135 751//135
f 728//147 752//147 744//147
f 752//147 728//147 727//147
f 724//148 742//148 752//148
f 724//148 752//148 727//148
f 248//2 338//2 343//2
f 665//2 753//2 565//2
f 754//2 565//2 755//2
f 753//2 755//2 565//2
f 755//2 756//2 754//2
f 657//2 754//2 756//2
f 757//2 657//2 756//2
f 758//2 657//2 757//2
f 666//2 657//2 758//2
f 338//53 759//53 343//53
f 557//149 760//149 340//149
f 576//96 556//96 555//96
f 755//150 753//150 761//150
f 347//69 419//69 348//69
f 762//2 763//2 764//2
f 746//2 765//2 762//2
f 766//2 767//2 748//2
f 768//2 769//2 766//2
f 348//107 419//107 349//107
f 748//2 770//2 746//2
f 343//2 431//2 448//2
f 448//2 574//2 343//2
f 340//2 248//2 558//2
f 426//4 428//4 445//4
f 246//62 424//62 135//62
f 771//2 248//2 339//2
f 342//2 248//2 771//2
f 298//61 425//61 59//61
f 340//149 760//149 339//149
f 383//62 244//62 426//62
f 771//151 339//151 760//151
f 344//2 343//2 555//2
f 558//2 248//2 344//2
f 342//152 771//152 772//152
f 497//2 480//2 773//2
f 774//2 775//2 776//2
f 776//2 773//2 774//2
f 344//97 556//97 558//97
f 346//2 248//2 345//2
f 483//2 774//2 478//2
f 774//2 773//2 478//2
f 479//2 478//2 773//2
f 480//2 479//2 773//2
f 484//2 774//2 483//2
f 772//153 341//153 342//153
f 555//2 343//2 574//2
f 488//2 777//2 487//2
f 778//2 487//2 777//2
f 491//2 777//2 488//2
f 778//2 774//2 485//2
f 485//2 487//2 778//2
f 484//2 485//2 774//2
f 779//2 780//2 781//2
f 782//2 780//2 779//2
f 501//2 777//2 491//2
f 783//2 79//2 583//2
f 350//2 583//2 248//2
f 783//154 583//154 81//154
f 493//2 784//2 777//2
f 784//2 493//2 492//2
f 784//2 492//2 495//2
f 785//2 786//2 787//2
f 788//2 789//2 790//2
f 79//2 248//2 583//2
f 777//2 501//2 493//2
f 791//59 495//59 286//59
f 287//59 286//59 495//59
f 346//155 463//155 347//155
f 248//2 347//2 348//2
f 500//4 499//4 420//4
f 792//156 793//156 794//156
f 346//157 345//157 463//157
f 341//77 464//77 345//77
f 783//139 80//139 79//139
f 80//158 783//158 81//158
f 253//62 426//62 244//62
f 445//4 502//4 426//4
f 383//4 426//4 502//4
f 795//159 784//159 495//159
f 795//159 495//159 791//159
f 795//160 796//160 784//160
f 777//160 784//160 796//160
f 778//38 777//38 797//38
f 796//38 797//38 777//38
f 798//161 775//161 799//161
f 774//36 800//36 775//36
f 801//36 800//36 774//36
f 800//36 802//36 775//36
f 799//36 775//36 802//36
f 803//162 804//162 805//162
f 806//163 805//163 804//163
f 801//36 774//36 807//36
f 775//164 808//164 776//164
f 798//164 808//164 775//164
f 809//164 776//164 808//164
f 809//165 810//165 776//165
f 810//165 811//165 776//165
f 773//165 776//165 811//165
f 807//43 778//43 797//43
f 774//43 778//43 807//43
f 812//166 773//166 813//166
f 813//165 773//165 811//165
f 812//85 814//85 773//85
f 804//167 803//167 815//167
f 816//85 497//85 817//85
f 814//85 817//85 773//85
f 773//85 817//85 497//85
f 818//85 497//85 816//85
f 498//85 819//85 820//85
f 498//85 497//85 819//85
f 818//85 819//85 497//85
f 499//4 498//4 820//4
f 821//168 822//168 823//168
f 824//169 825//169 826//169
f 820//4 420//4 499//4
f 827//2 416//2 796//2
f 807//2 797//2 828//2
f 797//2 796//2 416//2
f 829//2 798//2 830//2
f 808//2 798//2 829//2
f 808//2 829//2 809//2
f 810//2 809//2 829//2
f 831//170 832//170 833//170
f 810//2 829//2 811//2
f 811//2 829//2 834//2
f 799//2 828//2 798//2
f 802//2 828//2 799//2
f 812//2 813//2 834//2
f 811//2 834//2 813//2
f 800//2 828//2 802//2
f 416//2 828//2 797//2
f 830//2 798//2 828//2
f 800//2 801//2 828//2
f 801//2 807//2 828//2
f 796//2 795//2 827//2
f 835//2 827//2 795//2
f 836//171 837//171 838//171
f 839//2 786//2 840//2
f 841//2 786//2 839//2
f 842//2 780//2 841//2
f 840//2 786//2 785//2
f 843//2 780//2 844//2
f 845//2 780//2 843//2
f 844//2 780//2 842//2
f 781//2 780//2 845//2
f 286//2 835//2 795//2
f 286//2 795//2 791//2
f 846//2 847//2 135//2
f 821//172 823//172 848//172
f 112//4 424//4 423//4
f 849//173 850//173 851//173
f 852//2 853//2 854//2
f 853//174 855//174 854//174
f 856//174 854//174 855//174
f 855//2 857//2 856//2
f 858//2 856//2 857//2
f 858//2 857//2 859//2
f 858//2 859//2 860//2
f 858//2 860//2 861//2
f 862//2 863//2 861//2
f 787//2 863//2 862//2
f 112//2 140//2 135//2
f 822//175 864//175 865//175
f 135//4 424//4 112//4
f 787//2 866//2 863//2
f 867//2 861//2 863//2
f 858//2 861//2 867//2
f 868//176 869//176 825//176
f 383//4 502//4 387//4
f 868//177 870//177 869//177
f 286//178 371//178 411//178
f 286//178 411//178 835//178
f 871//179 832//179 872//179
f 835//180 411//180 827//180
f 873//181 874//181 875//181
f 381//180 827//180 411//180
f 381//66 416//66 827//66
f 876//182 877//182 875//182
f 416//67 393//67 828//67
f 830//183 828//183 392//183
f 393//183 392//183 828//183
f 392//184 391//184 829//184
f 392//184 829//184 830//184
f 391//185 410//185 829//185
f 834//185 829//185 410//185
f 377//43 422//43 38//43
f 421//186 378//186 422//186
f 878//187 879//187 872//187
f 880//174 881//174 882//174
f 883//2 880//2 882//2
f 881//2 884//2 882//2
f 884//2 885//2 882//2
f 885//2 886//2 882//2
f 886//2 792//2 882//2
f 792//2 794//2 882//2
f 794//188 887//188 882//188
f 887//2 888//2 882//2
f 734//43 889//43 736//43
f 890//43 736//43 889//43
f 890//13 891//13 736//13
f 422//186 378//186 38//186
f 814//85 410//85 817//85
f 410//85 814//85 812//85
f 834//85 410//85 812//85
f 889//109 734//109 732//109
f 889//109 732//109 750//109
f 867//189 892//189 858//189
f 730//190 751//190 731//190
f 749//190 731//190 751//190
f 893//2 247//2 362//2
f 894//53 360//53 646//53
f 361//53 646//53 360//53
f 736//2 362//2 360//2
f 891//13 362//13 736//13
f 818//85 816//85 407//85
f 819//85 407//85 820//85
f 819//85 818//85 407//85
f 816//85 817//85 407//85
f 410//85 407//85 817//85
f 421//13 425//13 378//13
f 820//4 407//4 420//4
f 500//4 420//4 387//4
f 502//4 500//4 387//4
f 50//2 62//2 66//2
f 895//2 66//2 62//2
f 895//2 506//2 66//2
f 422//2 66//2 506//2
f 506//2 423//2 422//2
f 377//6 231//6 66//6
f 62//191 97//191 895//191
f 66//43 422//43 377//43
f 636//88 112//88 506//88
f 895//53 636//53 506//53
f 896//192 897//192 898//192
f 895//53 899//53 636//53
f 97//191 899//191 895//191
f 900//2 901//2 899//2
f 901//2 45//2 899//2
f 636//2 899//2 45//2
f 900//2 899//2 902//2
f 866//2 787//2 786//2
f 789//2 903//2 786//2
f 904//2 786//2 903//2
f 901//43 905//43 45//43
f 906//43 45//43 905//43
f 907//2 908//2 909//2
f 789//2 908//2 907//2
f 909//2 910//2 911//2
f 786//2 780//2 789//2
f 912//174 909//174 913//174
f 914//2 909//2 912//2
f 910//2 909//2 914//2
f 910//2 915//2 911//2
f 915//2 916//2 911//2
f 917//2 911//2 916//2
f 918//2 919//2 916//2
f 920//2 919//2 918//2
f 921//2 919//2 920//2
f 917//15 916//15 919//15
f 900//43 922//43 923//43
f 902//43 922//43 900//43
f 924//2 925//2 926//2
f 927//2 928//2 929//2
f 928//2 930//2 931//2
f 931//2 929//2 928//2
f 932//2 927//2 929//2
f 930//2 933//2 931//2
f 934//2 931//2 933//2
f 935//2 934//2 933//2
f 936//2 937//2 935//2
f 938//2 939//2 936//2
f 940//2 941//2 938//2
f 942//2 943//2 944//2
f 945//2 942//2 944//2
f 946//2 944//2 943//2
f 947//2 948//2 945//2
f 949//2 950//2 951//2
f 952//2 951//2 950//2
f 953//174 950//174 949//174
f 950//2 954//2 952//2
f 954//2 158//2 952//2
f 158//2 955//2 952//2
f 955//2 956//2 952//2
f 957//2 952//2 956//2
f 926//2 925//2 958//2
f 958//2 443//2 959//2
f 960//2 961//2 956//2
f 962//2 956//2 961//2
f 211//2 960//2 956//2
f 963//2 956//2 962//2
f 964//2 956//2 963//2
f 965//2 956//2 964//2
f 957//2 956//2 965//2
f 966//2 211//2 956//2
f 967//2 956//2 209//2
f 206//2 209//2 956//2
f 966//2 956//2 967//2
f 207//2 206//2 956//2
f 968//2 969//2 970//2
f 446//2 925//2 971//2
f 443//2 958//2 925//2
f 972//2 956//2 973//2
f 974//2 975//2 446//2
f 971//2 974//2 446//2
f 929//2 446//2 932//2
f 971//2 925//2 924//2
f 976//2 469//2 940//2
f 977//2 938//2 941//2
f 941//2 940//2 469//2
f 976//2 978//2 979//2
f 939//2 938//2 977//2
f 975//2 932//2 446//2
f 934//2 935//2 937//2
f 903//2 980//2 981//2
f 942//2 945//2 982//2
f 943//2 983//2 946//2
f 978//2 946//2 983//2
f 983//2 984//2 978//2
f 984//2 979//2 978//2
f 979//2 469//2 976//2
f 937//2 936//2 939//2
f 985//2 956//2 443//2
f 973//2 956//2 985//2
f 959//2 443//2 956//2
f 986//2 956//2 972//2
f 947//2 987//2 948//2
f 982//2 945//2 948//2
f 948//2 987//2 988//2
f 989//2 990//2 991//2
f 992//2 991//2 993//2
f 993//2 994//2 992//2
f 995//2 996//2 989//2
f 997//2 998//2 995//2
f 999//2 992//2 994//2
f 1000//2 999//2 1001//2
f 1000//2 1001//2 988//2
f 1000//2 988//2 987//2
f 1002//2 1003//2 1004//2
f 1003//2 1005//2 1004//2
f 1005//2 1006//2 1004//2
f 1002//2 1004//2 1007//2
f 1003//193 1002//193 1008//193
f 998//2 997//2 1009//2
f 1002//194 1007//194 1010//194
f 1002//194 1010//194 1008//194
f 1007//2 1004//2 1011//2
f 1012//2 613//2 1013//2
f 1009//2 997//2 1012//2
f 1014//195 1010//195 1011//195
f 1007//195 1011//195 1010//195
f 613//2 612//2 1013//2
f 1014//196 1015//196 1016//196
f 996//2 995//2 998//2
f 990//2 989//2 996//2
f 1011//196 1015//196 1014//196
f 612//2 1017//2 1018//2
f 1018//2 1013//2 612//2
f 1019//2 1018//2 1017//2
f 1017//2 1020//2 1019//2
f 1015//2 1021//2 1022//2
f 1015//197 1023//197 1016//197
f 1015//197 1022//197 1023//197
f 1023//198 1024//198 1025//198
f 1022//198 1024//198 1023//198
f 1024//2 1026//2 1027//2
f 1028//199 1025//199 1027//199
f 1024//199 1027//199 1025//199
f 1027//200 1029//200 1028//200
f 1027//200 1030//200 1029//200
f 1030//201 1031//201 1029//201
f 1032//2 1004//2 1006//2
f 1006//2 1033//2 1032//2
f 1033//2 1034//2 1032//2
f 1035//2 1036//2 1037//2
f 1036//2 699//2 697//2
f 697//2 1037//2 1036//2
f 1038//202 1039//202 1040//202
f 1041//2 1042//2 1043//2
f 1044//2 1045//2 882//2
f 1046//2 1044//2 882//2
f 1045//2 1047//2 882//2
f 1047//2 1048//2 882//2
f 1048//2 1049//2 882//2
f 1050//2 882//2 1049//2
f 1049//2 1051//2 1050//2
f 1052//2 1050//2 1051//2
f 1053//2 1052//2 1051//2
f 1054//2 1055//2 1056//2
f 1057//2 1053//2 1051//2
f 1058//2 1059//2 1037//2
f 1043//2 1060//2 1061//2
f 1062//203 1063//203 1061//203
f 1059//2 1035//2 1037//2
f 1054//204 1063//204 1062//204
f 698//2 695//2 693//2
f 1064//2 1058//2 1037//2
f 1065//2 1064//2 1037//2
f 692//205 1066//205 693//205
f 1067//2 1068//2 1037//2
f 1069//206 1070//206 1071//206
f 1072//15 1073//15 1074//15
f 1075//2 1072//2 1074//2
f 1076//2 1074//2 1073//2
f 1077//2 1078//2 1079//2
f 1080//2 1079//2 1078//2
f 706//207 1066//207 692//207
f 806//208 1081//208 805//208
f 1082//2 1083//2 1067//2
f 1084//2 1075//2 1074//2
f 1073//2 1080//2 1078//2
f 1078//2 1076//2 1073//2
f 1085//209 1086//209 1087//209
f 1075//210 1088//210 1072//210
f 1089//2 1090//2 882//2
f 888//2 1089//2 882//2
f 1090//2 1091//2 882//2
f 1091//2 1046//2 882//2
f 1051//2 1092//2 1057//2
f 1093//15 1057//15 1092//15
f 1093//2 1094//2 1077//2
f 1095//2 1096//2 1097//2
f 1098//2 1097//2 1096//2
f 1096//2 1099//2 1098//2
f 1100//2 1098//2 1099//2
f 1101//2 1100//2 1099//2
f 1099//2 1102//2 1101//2
f 1103//2 1101//2 1102//2
f 1094//2 1093//2 1092//2
f 1104//211 1105//211 1106//211
f 1107//2 1108//2 1109//2
f 1109//2 1110//2 1107//2
f 1111//2 1112//2 1113//2
f 1112//2 1114//2 1113//2
f 1115//2 1111//2 1113//2
f 1114//2 1116//2 1113//2
f 1117//2 1113//2 1116//2
f 1118//2 1119//2 1113//2
f 1120//2 1118//2 1113//2
f 1113//2 1121//2 1120//2
f 1122//212 1123//212 1124//212
f 1125//2 97//2 1126//2
f 1127//2 1128//2 1129//2
f 1130//2 1129//2 1128//2
f 1131//213 1132//213 1133//213
f 1134//2 97//2 1135//2
f 1132//214 1136//214 1133//214
f 764//2 763//2 1127//2
f 1137//2 97//2 1138//2
f 1126//215 1134//215 1139//215
f 1140//2 97//2 1141//2
f 1138//216 1140//216 1142//216
f 1143//2 1128//2 1144//2
f 1140//217 1141//217 1142//217
f 1145//2 1146//2 1147//2
f 1148//2 1149//2 1150//2
f 1151//2 1150//2 1149//2
f 1108//2 1148//2 1150//2
f 1149//2 1152//2 1151//2
f 1153//2 1151//2 1152//2
f 1154//2 1153//2 1152//2
f 1152//2 1155//2 1154//2
f 1155//2 1156//2 1154//2
f 1157//2 1154//2 1156//2
f 1156//2 1158//2 1157//2
f 1159//2 1157//2 1158//2
f 1150//2 1160//2 1108//2
f 1160//2 1109//2 1108//2
f 1130//2 1128//2 1161//2
f 1162//2 1128//2 1143//2
f 1139//218 1134//218 1135//218
f 1163//2 1161//2 1128//2
f 1141//2 97//2 1147//2
f 1144//2 1128//2 1164//2
f 1164//2 1128//2 1165//2
f 1166//219 1156//219 1155//219
f 1167//2 1147//2 1146//2
f 1168//2 1169//2 187//2
f 1169//2 1170//2 187//2
f 1171//2 1172//2 187//2
f 1172//2 1103//2 187//2
f 1166//220 1155//220 1152//220
f 1173//2 1174//2 1103//2
f 1085//221 1087//221 1175//221
f 1171//222 1176//222 1172//222
f 1177//223 1175//223 1178//223
f 1097//2 1179//2 1095//2
f 1074//2 1095//2 1084//2
f 1179//2 1084//2 1095//2
f 1093//2 1077//2 1079//2
f 1180//2 1103//2 1102//2
f 1181//2 1182//2 1183//2
f 1184//2 1185//2 1181//2
f 1186//2 1181//2 1185//2
f 1187//2 1186//2 1185//2
f 1183//2 1184//2 1181//2
f 1188//2 1187//2 1185//2
f 1159//2 1187//2 1188//2
f 1158//2 1187//2 1159//2
f 1189//2 1183//2 1182//2
f 1182//2 1190//2 1189//2
f 1191//2 1189//2 1190//2
f 1190//2 1192//2 1191//2
f 1193//2 1191//2 1192//2
f 1194//2 1193//2 1192//2
f 1194//2 1192//2 1195//2
f 613//2 1012//2 997//2
f 993//2 991//2 990//2
f 994//2 1001//2 999//2
f 1156//224 1196//224 1158//224
f 1069//225 1071//225 1197//225
f 1198//2 1199//2 1200//2
f 1200//2 747//2 1198//2
f 1201//2 1198//2 747//2
f 1086//226 1202//226 1203//226
f 1204//2 1205//2 1206//2
f 1206//2 1207//2 1204//2
f 1208//2 1209//2 1210//2
f 1209//2 207//2 1210//2
f 956//2 986//2 207//2
f 986//2 1210//2 207//2
f 1211//2 1204//2 1207//2
f 1207//2 1212//2 1211//2
f 1213//2 1211//2 1212//2
f 1214//2 1215//2 1205//2
f 1215//2 1216//2 1205//2
f 1216//2 1206//2 1205//2
f 1217//227 1218//227 1219//227
f 970//2 1220//2 968//2
f 1221//2 968//2 1220//2
f 1220//2 1222//2 1221//2
f 1223//2 1221//2 1222//2
f 1222//2 1224//2 1223//2
f 1225//2 1214//2 1205//2
f 1224//2 1225//2 1205//2
f 1205//2 1223//2 1224//2
f 1219//228 1226//228 1217//228
f 1199//2 1019//2 1200//2
f 1020//2 1200//2 1019//2
f 1227//229 1228//229 1187//229
f 1229//53 1230//53 1231//53
f 1232//2 1233//2 1234//2
f 1234//2 1201//2 1232//2
f 1235//2 761//2 1236//2
f 1175//221 1177//221 1085//221
f 1236//2 1237//2 1235//2
f 1235//2 1237//2 1238//2
f 1239//2 1240//2 1213//2
f 1238//2 1241//2 1240//2
f 1242//2 1236//2 761//2
f 1212//2 1239//2 1213//2
f 761//2 1243//2 1242//2
f 1233//2 1242//2 1243//2
f 1243//2 1234//2 1233//2
f 747//2 1232//2 1201//2
f 1241//2 1238//2 1237//2
f 1244//2 1240//2 1241//2
f 1213//2 1240//2 1244//2
f 1245//2 1246//2 1247//2
f 1247//2 1248//2 1245//2
f 1249//2 1250//2 1251//2
f 1251//2 1252//2 1249//2
f 1253//2 1249//2 1252//2
f 714//2 1251//2 1250//2
f 1252//2 1254//2 1253//2
f 1255//2 1253//2 1254//2
f 1254//2 1256//2 1255//2
f 1256//2 970//2 969//2
f 969//2 1255//2 1256//2
f 1250//2 1257//2 714//2
f 1248//2 223//2 1258//2
f 1259//2 1260//2 1261//2
f 1262//2 1261//2 1260//2
f 1257//2 1258//2 223//2
f 223//2 714//2 1257//2
f 1263//230 1264//230 1265//230
f 1266//2 1267//2 1268//2
f 1267//2 1269//2 1270//2
f 1271//2 1270//2 1269//2
f 1269//2 1272//2 1273//2
f 1274//2 1275//2 1272//2
f 1032//4 1276//4 1277//4
f 1278//2 1279//2 1280//2
f 1281//2 1282//2 1280//2
f 1283//2 1280//2 1284//2
f 1285//2 1278//2 1286//2
f 1280//2 1286//2 1278//2
f 1279//2 1281//2 1280//2
f 1282//2 1287//2 1280//2
f 1288//231 1289//231 1290//231
f 1261//2 1291//2 1259//2
f 1292//2 1285//2 1293//2
f 1286//2 1293//2 1285//2
f 1293//2 1262//2 1292//2
f 1294//2 1295//2 1296//2
f 1260//2 1292//2 1262//2
f 1297//232 1298//232 1299//232
f 1246//2 1300//2 1301//2
f 1302//2 1301//2 1300//2
f 1300//2 1303//2 1302//2
f 1301//2 1247//2 1246//2
f 1304//2 1302//2 1303//2
f 1303//2 1305//2 1304//2
f 1263//2 1304//2 1305//2
f 1305//2 1306//2 1263//2
f 1264//2 1263//2 1306//2
f 1306//2 1307//2 1264//2
f 1258//2 1245//2 1248//2
f 204//2 1308//2 135//2
f 1308//2 1309//2 135//2
f 1310//2 1311//2 1312//2
f 1312//2 1313//2 1310//2
f 1310//2 1313//2 1314//2
f 1315//2 1316//2 1314//2
f 1317//2 1316//2 1315//2
f 1318//2 1316//2 1317//2
f 1291//2 1264//2 1307//2
f 1307//2 1259//2 1291//2
f 203//2 135//2 1265//2
f 1319//2 135//2 1309//2
f 1275//2 1274//2 1320//2
f 1284//2 1321//2 1322//2
f 1322//2 1283//2 1284//2
f 1323//2 1295//2 1294//2
f 1324//2 1320//2 1274//2
f 1273//2 1272//2 1275//2
f 1265//2 135//2 1325//2
f 201//2 1325//2 135//2
f 1321//2 1323//2 1326//2
f 1294//2 1326//2 1323//2
f 1274//2 1296//2 1324//2
f 1326//2 1322//2 1321//2
f 1287//2 1284//2 1280//2
f 1271//2 1269//2 1273//2
f 1295//2 1324//2 1296//2
f 1268//2 1327//2 1266//2
f 1270//2 1268//2 1267//2
f 1328//2 1329//2 1330//2
f 1331//233 1332//233 1333//233
f 716//234 1247//234 197//234
f 1334//2 1335//2 1336//2
f 1337//235 1331//235 1338//235
f 1339//2 1340//2 1341//2
f 1341//2 1330//2 1329//2
f 1329//2 1328//2 1327//2
f 1328//2 1266//2 1327//2
f 1342//74 1343//74 1344//74
f 1345//2 1340//2 1339//2
f 1346//2 1347//2 1348//2
f 1338//236 1349//236 1350//236
f 1351//2 1346//2 1348//2
f 1352//2 1353//2 1351//2
f 1354//2 1355//2 1352//2
f 1330//2 1341//2 1340//2
f 135//2 1319//2 1356//2
f 1345//2 1348//2 1347//2
f 1357//2 1355//2 1354//2
f 1358//2 1359//2 1357//2
f 1336//2 1360//2 1334//2
f 1361//237 1362//237 1299//237
f 1363//238 1364//238 1131//238
f 1310//2 1314//2 1316//2
f 1356//2 1365//2 135//2
f 135//2 1365//2 1366//2
f 135//2 1366//2 1367//2
f 135//2 1367//2 1368//2
f 1369//2 135//2 1368//2
f 1370//213 1132//213 1131//213
f 1371//2 1372//2 1373//2
f 1371//2 1316//2 1374//2
f 1318//2 1374//2 1316//2
f 846//2 135//2 1375//2
f 1375//2 135//2 1369//2
f 1376//2 1377//2 1378//2
f 1379//2 1373//2 1380//2
f 1374//2 1381//2 1371//2
f 1381//2 1382//2 1371//2
f 1382//2 1383//2 1371//2
f 1380//2 1373//2 1384//2
f 1383//2 1385//2 1371//2
f 1385//2 1386//2 1371//2
f 1386//2 1387//2 1371//2
f 1387//2 1388//2 1371//2
f 1388//2 1372//2 1371//2
f 1384//2 1373//2 1372//2
f 1326//239 1294//239 1369//239
f 1369//206 1368//206 1326//206
f 1389//240 1390//240 1391//240
f 1392//2 1393//2 1394//2
f 1395//2 1396//2 1394//2
f 1397//2 1398//2 1395//2
f 1399//2 1394//2 1393//2
f 1319//241 1293//241 1356//241
f 1400//2 1401//2 1373//2
f 1402//2 1403//2 1404//2
f 1405//2 1406//2 1407//2
f 1378//2 1373//2 1376//2
f 1401//2 1376//2 1373//2
f 1379//2 1400//2 1373//2
f 1377//2 1405//2 1408//2
f 1407//2 1408//2 1405//2
f 1409//242 1410//242 1411//242
f 1408//2 1378//2 1377//2
f 1406//2 1402//2 1407//2
f 1412//2 1413//2 1414//2
f 1397//2 1414//2 1413//2
f 1415//2 1395//2 1398//2
f 1416//2 135//2 1417//2
f 1418//2 1419//2 135//2
f 1420//243 1421//243 1410//243
f 1422//243 1410//243 1421//243
f 1417//2 135//2 1419//2
f 1418//2 135//2 1423//2
f 1424//2 1425//2 1426//2
f 1420//244 1427//244 1421//244
f 1428//2 135//2 1429//2
f 1416//2 1429//2 135//2
f 1430//2 1431//2 1432//2
f 1433//2 1425//2 1434//2
f 1432//2 1431//2 1435//2
f 1436//2 1431//2 1430//2
f 1437//2 1431//2 1436//2
f 1438//2 1431//2 1437//2
f 1439//2 1425//2 1424//2
f 1426//2 1431//2 1438//2
f 1434//2 1425//2 1439//2
f 1440//2 1441//2 1431//2
f 1442//2 1425//2 1433//2
f 1443//2 1425//2 1442//2
f 1431//2 1426//2 1425//2
f 1423//2 135//2 1444//2
f 1445//2 1446//2 1440//2
f 1447//2 1441//2 1440//2
f 1435//2 1431//2 1441//2
f 1431//2 1448//2 1440//2
f 1444//2 135//2 1449//2
f 1450//2 1449//2 135//2
f 1451//2 1452//2 1453//2
f 1454//2 1440//2 1455//2
f 1440//2 1456//2 1455//2
f 1456//2 1451//2 1455//2
f 1176//245 1103//245 1172//245
f 1170//2 1171//2 187//2
f 1447//2 1440//2 1446//2
f 1457//2 1440//2 1454//2
f 1445//2 1440//2 1458//2
f 1453//2 1455//2 1451//2
f 1457//2 1458//2 1440//2
f 1459//2 1460//2 1461//2
f 1461//2 1462//2 1459//2
f 1463//2 1464//2 1462//2
f 1465//2 1431//2 1466//2
f 1448//2 1431//2 1467//2
f 1450//2 135//2 847//2
f 1468//246 1463//246 1469//246
f 1470//2 1431//2 1465//2
f 1471//2 1431//2 1470//2
f 847//247 1296//247 1450//247
f 1467//2 1431//2 1471//2
f 1472//2 1466//2 1431//2
f 1473//2 1440//2 1448//2
f 1474//2 1440//2 1473//2
f 1173//2 1103//2 1180//2
f 187//2 1103//2 1174//2
f 1475//2 187//2 1174//2
f 1476//248 1174//248 1173//248
f 1477//2 1478//2 1479//2
f 1479//2 1478//2 1480//2
f 1481//2 1482//2 1477//2
f 1483//2 1482//2 1481//2
f 1483//2 1484//2 1485//2
f 1474//2 1486//2 1440//2
f 1440//2 1486//2 1487//2
f 1440//2 1487//2 1456//2
f 1488//2 1453//2 1452//2
f 1452//2 1480//2 1488//2
f 1478//2 1488//2 1480//2
f 1478//2 1477//2 1482//2
f 1489//2 1485//2 1490//2
f 1491//2 1485//2 1492//2
f 1490//2 1485//2 1484//2
f 1492//2 1485//2 1489//2
f 1493//2 1485//2 1494//2
f 1494//2 1485//2 1491//2
f 1482//2 1483//2 1485//2
f 1495//2 1496//2 1497//2
f 1498//2 1497//2 1499//2
f 1500//2 1277//2 1501//2
f 1502//2 1277//2 1500//2
f 1503//2 1504//2 1505//2
f 1503//2 1506//2 1504//2
f 1507//2 1504//2 1508//2
f 1509//2 1510//2 1511//2
f 1512//2 1510//2 1502//2
f 1513//249 1514//249 1506//249
f 1515//2 1510//2 1509//2
f 1511//2 1510//2 1516//2
f 1517//2 1518//2 1519//2
f 1493//2 1520//2 1485//2
f 1519//250 1521//250 1522//250
f 1517//250 1519//250 1522//250
f 1519//2 1518//2 1523//2
f 1508//2 1523//2 1507//2
f 1508//251 1514//251 1524//251
f 1525//252 1033//252 1526//252
f 1524//251 1523//251 1508//251
f 1527//2 1485//2 1528//2
f 1528//2 1485//2 1529//2
f 1526//253 1005//253 1530//253
f 1519//254 1524//254 1521//254
f 1531//2 1532//2 1485//2
f 1532//2 1529//2 1485//2
f 1533//2 1531//2 1485//2
f 1520//2 1533//2 1485//2
f 1006//253 1005//253 1526//253
f 1519//254 1523//254 1524//254
f 1005//255 1003//255 1530//255
f 1534//2 1485//2 1535//2
f 1536//2 1535//2 1485//2
f 1527//2 1536//2 1485//2
f 1008//255 1530//255 1003//255
f 865//168 823//168 822//168
f 1031//2 1537//2 1538//2
f 1029//201 1031//201 1539//201
f 824//256 826//256 1540//256
f 1495//2 1497//2 1541//2
f 1538//201 1539//201 1031//201
f 1542//2 1538//2 1537//2
f 1538//257 1542//257 1539//257
f 850//173 849//173 1543//173
f 1543//258 1544//258 850//258
f 1146//2 1545//2 1167//2
f 1545//2 1461//2 1167//2
f 1546//2 1167//2 1461//2
f 1459//259 1547//259 1460//259
f 1460//2 1546//2 1461//2
f 1468//260 1548//260 1463//260
f 1464//2 1459//2 1462//2
f 833//177 869//177 870//177
f 871//170 833//170 832//170
f 878//179 872//179 832//179
f 876//181 875//181 874//181
f 1549//261 1550//261 1551//261
f 1552//261 1551//261 1550//261
f 1553//262 879//262 838//262
f 1554//263 837//263 1555//263
f 1554//264 1555//264 873//264
f 874//264 873//264 1555//264
f 1556//265 1557//265 877//265
f 824//2 1558//2 1559//2
f 1544//2 1543//2 1560//2
f 1507//2 1560//2 1543//2
f 1543//2 849//2 1507//2
f 1561//2 1562//2 1507//2
f 1544//172 821//172 848//172
f 1560//2 1563//2 1544//2
f 821//2 1544//2 1564//2
f 1540//256 1558//256 824//256
f 824//2 1559//2 1565//2
f 825//169 824//169 1565//169
f 849//2 1566//2 1507//2
f 1561//2 1507//2 1566//2
f 606//266 1567//266 1568//266
f 848//258 850//258 1544//258
f 1563//2 1564//2 1544//2
f 822//175 1569//175 864//175
f 1570//2 1571//2 1569//2
f 1572//267 1573//267 1574//267
f 1540//268 864//268 1558//268
f 1569//268 1558//268 864//268
f 1575//269 1576//269 1577//269
f 1565//2 1559//2 868//2
f 1559//2 1578//2 868//2
f 1565//176 868//176 825//176
f 870//2 868//2 1579//2
f 832//2 831//2 1579//2
f 831//2 870//2 1579//2
f 1555//2 1580//2 1579//2
f 1580//2 836//2 1579//2
f 874//2 1555//2 1579//2
f 877//182 876//182 1556//182
f 1581//2 1582//2 1579//2
f 1552//2 1581//2 1579//2
f 1583//270 1584//270 1585//270
f 878//2 832//2 1579//2
f 879//2 878//2 1579//2
f 836//262 838//262 879//262
f 836//2 879//2 1579//2
f 836//171 1580//171 837//171
f 1586//271 1587//271 1588//271
f 837//263 1580//263 1555//263
f 1589//272 1590//272 1591//272
f 1578//2 1579//2 868//2
f 1592//2 1485//2 1534//2
f 1593//2 1485//2 1592//2
f 831//177 833//177 870//177
f 1594//2 1485//2 1595//2
f 1596//2 1595//2 1485//2
f 1597//2 1598//2 1485//2
f 1593//2 1597//2 1485//2
f 1598//2 1596//2 1485//2
f 1553//187 872//187 879//187
f 1599//2 1600//2 1497//2
f 876//2 874//2 1579//2
f 1601//2 1602//2 1497//2
f 1602//2 1599//2 1497//2
f 1603//2 1601//2 1497//2
f 1582//265 1557//265 1556//265
f 1556//2 876//2 1579//2
f 1582//2 1556//2 1579//2
f 1497//2 632//2 1603//2
f 1604//2 1603//2 632//2
f 1582//273 1605//273 1557//273
f 1582//273 1581//273 1605//273
f 1606//2 633//2 1607//2
f 1607//2 633//2 1608//2
f 1609//2 1608//2 1485//2
f 1485//2 1594//2 1609//2
f 1552//274 1550//274 1605//274
f 1485//2 1608//2 633//2
f 1610//2 632//2 1606//2
f 1581//274 1552//274 1605//274
f 1611//2 1541//2 1497//2
f 1499//2 1497//2 1496//2
f 1574//275 1612//275 1572//275
f 1613//2 1614//2 1615//2
f 1498//2 1616//2 1497//2
f 1617//2 1614//2 1618//2
f 1619//2 1620//2 1497//2
f 1621//2 1497//2 1620//2
f 1622//2 1497//2 1623//2
f 1619//2 1497//2 1624//2
f 1624//2 1497//2 1622//2
f 1616//2 1623//2 1497//2
f 1625//2 1614//2 1626//2
f 1618//2 1614//2 1625//2
f 628//2 1627//2 1628//2
f 628//2 1628//2 1629//2
f 628//2 1629//2 1626//2
f 1630//2 1614//2 1613//2
f 1631//2 1604//2 632//2
f 1611//2 1497//2 1600//2
f 1610//2 1631//2 632//2
f 1621//2 1632//2 1497//2
f 1633//2 1497//2 1632//2
f 1634//2 1497//2 1633//2
f 1635//2 1497//2 1636//2
f 1637//2 628//2 1638//2
f 1638//2 628//2 1639//2
f 1640//2 1639//2 628//2
f 1641//2 628//2 1637//2
f 1627//2 628//2 1641//2
f 627//2 1497//2 1642//2
f 1634//2 1636//2 1497//2
f 1643//2 628//2 1644//2
f 1645//2 1646//2 628//2
f 1646//2 1644//2 628//2
f 1647//2 628//2 1643//2
f 1640//2 628//2 1647//2
f 1645//2 627//2 1642//2
f 1635//2 1642//2 1497//2
f 628//2 627//2 1645//2
f 1359//2 1358//2 1648//2
f 1355//2 1357//2 1359//2
f 1358//2 1649//2 1648//2
f 1353//2 1352//2 1355//2
f 1340//2 1345//2 1347//2
f 1346//2 1351//2 1353//2
f 1575//276 1650//276 1576//276
f 1651//2 1652//2 1653//2
f 1652//2 1654//2 1653//2
f 1655//2 1656//2 1657//2
f 1658//2 1659//2 1660//2
f 1335//2 1660//2 1659//2
f 1660//2 1661//2 1658//2
f 1649//2 1334//2 1360//2
f 1360//2 1648//2 1649//2
f 1659//2 1336//2 1335//2
f 1656//2 1658//2 1661//2
f 1661//2 1657//2 1656//2
f 1657//2 1651//2 1655//2
f 1653//2 1655//2 1651//2
f 1662//2 1663//2 1654//2
f 1664//2 1665//2 1662//2
f 1666//2 1667//2 1664//2
f 1663//2 1653//2 1654//2
f 1668//2 1669//2 1670//2
f 1669//2 1671//2 1672//2
f 260//2 1672//2 1671//2
f 1673//2 260//2 1671//2
f 1674//2 1675//2 1676//2
f 1663//2 1662//2 1665//2
f 1672//2 1670//2 1669//2
f 1670//2 1667//2 1666//2
f 1666//2 1668//2 1670//2
f 1665//2 1664//2 1667//2
f 1677//2 587//2 1678//2
f 1678//2 1679//2 1677//2
f 1680//277 1681//277 1682//277
f 1683//278 1684//278 1685//278
f 1686//2 1677//2 1679//2
f 1687//2 1674//2 1688//2
f 1676//2 1688//2 1674//2
f 1673//2 1676//2 1675//2
f 260//2 1673//2 1675//2
f 1679//2 1687//2 1686//2
f 1688//2 1686//2 1687//2
f 1689//2 1678//2 587//2
f 1399//2 1690//2 587//2
f 1691//279 1692//279 1693//279
f 1691//280 1694//280 1692//280
f 1695//281 1696//281 1697//281
f 1698//282 1699//282 1700//282
f 1701//283 1702//283 1703//283
f 1704//284 1705//284 1706//284
f 1707//285 1708//285 1709//285
f 1710//286 1711//286 1709//286
f 1586//287 1588//287 1712//287
f 1583//288 1585//288 1713//288
f 1714//289 1715//289 1716//289
f 1716//290 1717//290 1714//290
f 1683//291 1718//291 1684//291
f 1718//292 1719//292 1703//292
f 1720//278 1685//278 1684//278
f 1721//293 1722//293 1723//293
f 1724//294 1725//294 1726//294
f 1727//295 1728//295 1106//295
f 1729//296 1730//296 1731//296
f 1730//297 1732//297 1733//297
f 1734//298 1735//298 1736//298
f 1737//299 1738//299 1697//299
f 1739//300 1740//300 1741//300
f 1742//55 1743//55 1736//55
f 1744//301 1692//301 1745//301
f 1746//302 1747//302 1744//302
f 1748//303 1749//303 1750//303
f 1751//304 1752//304 1753//304
f 1754//305 1755//305 1741//305
f 1756//306 1757//306 1758//306
f 1740//103 1708//103 1759//103
f 1710//307 1709//307 1708//307
f 1760//308 1761//308 1756//308
f 1762//309 1763//309 1764//309
f 1763//310 1765//310 1750//310
f 1766//311 1767//311 1768//311
f 1769//312 1770//312 1771//312
f 1772//313 1773//313 1749//313
f 1707//103 1759//103 1708//103
f 1774//269 1577//269 1576//269
f 902//4 1775//4 922//4
f 1776//314 1777//314 1778//314
f 1762//315 1764//315 1779//315
f 1723//293 1722//293 1725//293
f 1780//316 1781//316 1782//316
f 1783//317 1784//317 1785//317
f 1786//318 1787//318 1785//318
f 1783//319 1785//319 1787//319
f 1788//320 1787//320 1786//320
f 1788//321 1789//321 1723//321
f 1790//295 1106//295 1728//295
f 1790//322 1728//322 1791//322
f 1792//323 1589//323 1793//323
f 1591//323 1793//323 1589//323
f 1794//324 1795//324 1796//324
f 1797//325 1795//325 1794//325
f 1798//326 1693//326 1799//326
f 1800//2 1801//2 1802//2
f 1802//2 1803//2 1800//2
f 1803//2 1804//2 1800//2
f 1805//2 1802//2 1801//2
f 1804//2 1806//2 1807//2
f 1808//2 1807//2 1806//2
f 1806//2 1809//2 1808//2
f 1810//2 1808//2 1809//2
f 1811//2 1812//2 1813//2
f 1812//2 1810//2 1813//2
f 1801//2 1814//2 1815//2
f 1246//327 1816//327 1300//327
f 1817//328 310//328 1818//328
f 1806//329 1305//329 1809//329
f 1758//306 1757//306 1799//306
f 1809//2 1813//2 1810//2
f 1798//279 1691//279 1693//279
f 1735//330 1819//330 1820//330
f 1821//331 306//331 1818//331
f 1757//332 1756//332 1761//332
f 1711//308 1761//308 1760//308
f 1822//53 1823//53 1775//53
f 1739//333 1741//333 1755//333
f 1128//2 1824//2 1825//2
f 1165//2 1128//2 1825//2
f 1826//2 1128//2 1162//2
f 1827//2 1828//2 1829//2
f 1824//2 1128//2 1830//2
f 1823//55 1743//55 1742//55
f 1831//2 1830//2 1832//2
f 1759//74 1741//74 1740//74
f 1128//2 1832//2 1830//2
f 1758//326 1799//326 1693//326
f 1833//2 1834//2 1827//2
f 1835//2 1827//2 1834//2
f 1760//286 1709//286 1711//286
f 1829//2 1833//2 1827//2
f 1734//334 1736//334 1743//334
f 1836//335 1837//335 1838//335
f 1414//2 1404//2 1403//2
f 1404//2 1407//2 1402//2
f 1403//2 1412//2 1414//2
f 1690//2 1399//2 1393//2
f 1689//2 587//2 1690//2
f 1392//2 1394//2 1396//2
f 1413//2 1839//2 1397//2
f 1396//2 1395//2 1415//2
f 1839//2 1840//2 1397//2
f 1398//2 1397//2 1840//2
f 633//2 1606//2 632//2
f 1841//2 1842//2 671//2
f 670//2 1841//2 671//2
f 708//2 1843//2 670//2
f 710//2 1843//2 708//2
f 719//2 718//2 1843//2
f 719//2 1843//2 1844//2
f 1845//2 1844//2 1846//2
f 1844//2 721//2 1847//2
f 722//2 1844//2 1845//2
f 1848//2 1843//2 713//2
f 713//2 1843//2 710//2
f 1849//336 1850//336 1851//336
f 1852//2 1844//2 1848//2
f 1853//2 1844//2 1852//2
f 1846//2 1844//2 1853//2
f 1841//2 670//2 1843//2
f 1854//2 1855//2 1847//2
f 1843//2 1848//2 1844//2
f 722//2 721//2 1844//2
f 815//2 1847//2 721//2
f 1847//2 815//2 803//2
f 1847//2 803//2 805//2
f 1847//2 805//2 1856//2
f 1857//2 1231//2 1858//2
f 1859//2 1297//2 1860//2
f 1342//2 1860//2 1297//2
f 1297//2 1299//2 1342//2
f 1226//2 1859//2 1860//2
f 1856//2 1858//2 1231//2
f 1856//2 1231//2 1847//2
f 1861//317 1862//317 1863//317
f 1087//2 1203//2 1818//2
f 1203//2 1202//2 1818//2
f 1202//2 1864//2 1818//2
f 1175//2 1087//2 1818//2
f 1821//2 1818//2 1864//2
f 1864//2 898//2 1821//2
f 898//2 897//2 1821//2
f 897//2 1218//2 1821//2
f 1218//2 1217//2 1821//2
f 1860//2 1821//2 1217//2
f 1070//2 1178//2 1818//2
f 1217//2 1226//2 1860//2
f 1299//2 1865//2 1342//2
f 1865//2 1866//2 1342//2
f 1343//2 1342//2 1866//2
f 1363//2 1343//2 1866//2
f 1391//2 1390//2 1422//2
f 1411//2 1422//2 1288//2
f 1867//2 1391//2 1421//2
f 1039//2 1411//2 1290//2
f 1290//2 1868//2 1039//2
f 1869//2 1040//2 1868//2
f 1868//2 1870//2 1869//2
f 1871//337 1872//337 1774//337
f 1873//338 1874//338 1875//338
f 1849//339 1851//339 1876//339
f 1874//340 1873//340 1877//340
f 1878//341 1879//341 1778//341
f 1880//230 1881//230 1882//230
f 1883//342 1884//342 1875//342
f 1885//343 1879//343 1882//343
f 1886//344 1887//344 1888//344
f 1888//345 1889//345 1886//345
f 1890//346 1891//346 1892//346
f 1893//347 1894//347 1895//347
f 709//348 708//348 670//348
f 1612//275 1896//275 1572//275
f 1897//134 713//134 712//134
f 1898//349 1899//349 1900//349
f 1844//53 1901//53 719//53
f 1852//350 1848//350 1902//350
f 1903//351 1845//351 1846//351
f 721//352 1904//352 815//352
f 1856//208 805//208 1081//208
f 1905//353 1906//353 1907//353
f 1897//354 1908//354 713//354
f 1902//355 1909//355 1852//355
f 815//356 1910//356 804//356
f 1911//2 712//2 709//2
f 669//2 712//2 1911//2
f 1912//2 712//2 669//2
f 670//126 669//126 1911//126
f 669//357 671//357 1842//357
f 669//357 1842//357 1912//357
f 1913//358 1914//358 1915//358
f 1841//43 637//43 1842//43
f 709//348 670//348 1911//348
f 1850//336 1849//336 1916//336
f 1912//43 1842//43 637//43
f 1916//359 1917//359 1850//359
f 710//131 709//131 1918//131
f 1912//2 637//2 636//2
f 1918//134 712//134 710//134
f 1919//2 638//2 637//2
f 1920//360 1921//360 1922//360
f 1922//361 1921//361 1900//361
f 1898//361 1900//361 1921//361
f 1923//362 1924//362 1925//362
f 717//53 719//53 1901//53
f 1926//2 112//2 717//2
f 638//13 718//13 717//13
f 637//13 1841//13 1843//13
f 637//13 1843//13 1919//13
f 638//43 1919//43 1843//43
f 638//43 1843//43 718//43
f 804//2 1912//2 806//2
f 1910//2 1912//2 804//2
f 1904//2 1912//2 1910//2
f 720//2 1912//2 1904//2
f 1927//2 1912//2 720//2
f 1903//2 1912//2 1927//2
f 1909//2 1912//2 1903//2
f 1902//2 1912//2 1909//2
f 1908//2 1912//2 1902//2
f 1897//2 1912//2 1908//2
f 712//2 1912//2 1897//2
f 721//138 720//138 1904//138
f 1908//350 1902//350 1848//350
f 1928//310 1862//310 1861//310
f 1853//363 1909//363 1846//363
f 1903//363 1846//363 1909//363
f 1845//351 1903//351 1927//351
f 1910//352 815//352 1904//352
f 1929//364 1930//364 1931//364
f 1848//354 713//354 1908//354
f 720//365 722//365 1845//365
f 720//365 1845//365 1927//365
f 1853//355 1852//355 1909//355
f 1920//360 1932//360 1921//360
f 1856//366 1081//366 1933//366
f 1934//367 1858//367 1933//367
f 1935//368 1936//368 1937//368
f 1913//369 1915//369 1938//369
f 1939//370 1940//370 1941//370
f 1905//371 1907//371 1942//371
f 1943//43 1944//43 1945//43
f 1944//13 1946//13 1945//13
f 1947//372 1948//372 1949//372
f 1950//2 1951//2 1952//2
f 1953//373 1954//373 1955//373
f 1956//2 1957//2 1579//2
f 1579//2 1958//2 1956//2
f 1959//2 1551//2 1579//2
f 1960//234 1950//234 1961//234
f 1960//374 1951//374 1950//374
f 1962//2 1956//2 1958//2
f 1931//375 1961//375 1963//375
f 1950//375 1963//375 1961//375
f 1963//375 1929//375 1931//375
f 1964//376 1965//376 1966//376
f 1951//2 1962//2 1958//2
f 1924//377 1923//377 1837//377
f 1876//364 1931//364 1930//364
f 1967//293 1968//293 1969//293
f 1970//378 1969//378 1971//378
f 1951//379 1960//379 1962//379
f 1960//379 1972//379 1962//379
f 1973//380 1966//380 1974//380
f 1975//381 1976//381 1937//381
f 1953//382 1955//382 1977//382
f 1861//310 1978//310 1928//310
f 1979//323 1928//323 1980//323
f 1981//383 1982//383 1954//383
f 1983//384 1984//384 1985//384
f 1986//385 1987//385 1942//385
f 1984//386 1988//386 1985//386
f 1989//387 1990//387 1991//387
f 1992//388 1993//388 1990//388
f 1993//389 1992//389 1994//389
f 1988//390 1995//390 1996//390
f 1997//391 1998//391 1999//391
f 1935//381 1937//381 1976//381
f 2000//392 2001//392 1975//392
f 1876//339 2002//339 1849//339
f 2003//393 2004//393 2005//393
f 1996//386 1985//386 1988//386
f 2006//394 2007//394 2004//394
f 2008//394 2004//394 2007//394
f 2009//395 2010//395 2011//395
f 1937//396 1936//396 2012//396
f 2009//397 2011//397 2013//397
f 2014//398 2015//398 2012//398
f 2016//4 2013//4 2017//4
f 2018//399 2019//399 2020//399
f 1907//353 1906//353 2021//353
f 2022//400 2021//400 2023//400
f 2024//400 2023//400 2021//400
f 2025//401 2026//401 2027//401
f 2027//402 2028//402 2025//402
f 2029//403 2030//403 2031//403
f 2032//404 2029//404 2031//404
f 1976//392 1975//392 2001//392
f 2002//405 1876//405 1930//405
f 1917//359 1916//359 2033//359
f 2034//406 2035//406 2036//406
f 2033//407 2001//407 1917//407
f 2000//407 1917//407 2001//407
f 2037//408 2038//408 2039//408
f 1983//384 2015//384 1984//384
f 2040//409 2041//409 2042//409
f 2040//410 2043//410 2041//410
f 2044//385 1942//385 1987//385
f 2034//411 2045//411 2035//411
f 1987//412 1986//412 1899//412
f 1983//398 2012//398 2015//398
f 2046//413 2047//413 2048//413
f 2049//414 2050//414 2051//414
f 1932//415 1920//415 1995//415
f 2052//2 2053//2 1849//2
f 1507//43 2054//43 2055//43
f 2055//43 1537//43 1507//43
f 1930//2 1929//2 2052//2
f 1849//2 2002//2 2052//2
f 1963//2 1950//2 1952//2
f 1958//2 1952//2 1951//2
f 2056//2 2052//2 1929//2
f 2057//416 2058//416 2059//416
f 2060//2 2061//2 1537//2
f 1542//2 1537//2 2061//2
f 1031//2 1030//2 1537//2
f 2062//2 2063//2 1027//2
f 1022//2 2064//2 1024//2
f 1011//2 1004//2 1015//2
f 1542//417 2061//417 1539//417
f 2060//257 2065//257 2061//257
f 2059//418 2042//418 2057//418
f 2066//419 2067//419 1977//419
f 1952//2 2056//2 1963//2
f 1949//420 1982//420 1947//420
f 2066//382 1977//382 1955//382
f 1929//2 1963//2 2056//2
f 2002//2 1930//2 2052//2
f 2068//421 2069//421 2070//421
f 2015//2 1945//2 1984//2
f 2071//2 1905//2 1945//2
f 1936//2 1935//2 1945//2
f 2049//422 2051//422 2072//422
f 1949//423 1948//423 1974//423
f 1932//2 1945//2 1921//2
f 1964//331 1998//331 1965//331
f 1997//331 1965//331 1998//331
f 1987//2 1945//2 2044//2
f 1921//2 1945//2 1898//2
f 1982//420 1981//420 1947//420
f 1590//2 1197//2 2073//2
f 1133//2 1867//2 1427//2
f 1131//2 1133//2 1427//2
f 1427//2 1343//2 1131//2
f 1989//387 2074//387 1990//387
f 1422//2 1421//2 1391//2
f 1390//2 1288//2 1422//2
f 1040//2 1039//2 1868//2
f 1288//2 1290//2 1411//2
f 1333//2 1869//2 1870//2
f 1363//2 1131//2 1343//2
f 1818//2 2073//2 1071//2
f 1197//2 1071//2 2073//2
f 1071//2 1070//2 1818//2
f 1421//2 1427//2 1867//2
f 1844//2 1847//2 1855//2
f 2075//424 2076//424 2077//424
f 2078//2 2079//2 1568//2
f 2079//2 1793//2 1568//2
f 2073//2 1568//2 1793//2
f 1178//2 1175//2 1818//2
f 1568//2 1567//2 1797//2
f 2080//425 2081//425 2082//425
f 1591//2 1590//2 2073//2
f 1774//2 1576//2 1871//2
f 2083//2 1567//2 1650//2
f 2084//426 2085//426 2082//426
f 1793//2 1591//2 2073//2
f 1795//2 1797//2 1567//2
f 1751//427 1753//427 2085//427
f 1796//2 1795//2 1567//2
f 2083//2 1796//2 1567//2
f 1871//2 1650//2 1567//2
f 1797//2 2086//2 1568//2
f 2086//2 2078//2 1568//2
f 2087//53 2088//53 2089//53
f 2090//2 715//2 2091//2
f 2092//2 2093//2 2094//2
f 2094//2 2095//2 2092//2
f 2096//2 2097//2 1682//2
f 2098//2 2094//2 2093//2
f 2097//2 2098//2 2093//2
f 2091//2 2099//2 2090//2
f 2100//428 2101//428 2102//428
f 1650//2 1871//2 1576//2
f 707//2 2090//2 2099//2
f 2093//2 1682//2 2097//2
f 2011//395 2010//395 2100//395
f 2103//2 2104//2 1887//2
f 1887//2 1886//2 2103//2
f 2105//2 1887//2 2104//2
f 1895//2 2105//2 2104//2
f 2104//2 2106//2 1895//2
f 1893//2 1895//2 2106//2
f 2107//2 2103//2 1886//2
f 1886//2 1889//2 2107//2
f 2108//2 2107//2 1889//2
f 1889//2 1892//2 2108//2
f 2109//2 2108//2 1892//2
f 2106//2 2110//2 1893//2
f 2016//429 2017//429 2111//429
f 2095//2 1063//2 2112//2
f 1063//2 2113//2 2114//2
f 2114//2 2112//2 1063//2
f 1892//2 2115//2 2109//2
f 2116//2 2109//2 2115//2
f 2113//2 2116//2 2115//2
f 2115//2 2114//2 2113//2
f 2112//2 2092//2 2095//2
f 1884//2 2117//2 2118//2
f 2039//430 2119//430 2037//430
f 2120//2 2121//2 2122//2
f 2123//2 2120//2 2122//2
f 1854//2 2124//2 1855//2
f 2125//2 2126//2 2127//2
f 2038//431 2128//431 2129//431
f 2125//2 2130//2 2131//2
f 2132//2 2131//2 2130//2
f 2130//2 2124//2 2132//2
f 2127//2 2130//2 2125//2
f 1854//2 2132//2 2124//2
f 2121//2 2133//2 2122//2
f 2026//401 2134//401 2027//401
f 2135//2 2136//2 2137//2
f 2138//432 1517//432 2139//432
f 2140//2 2141//2 2122//2
f 2133//2 2140//2 2122//2
f 2142//433 2138//433 2028//433
f 2143//2 2122//2 2144//2
f 2141//2 2144//2 2122//2
f 2145//2 2143//2 2144//2
f 2146//2 2147//2 2145//2
f 2148//2 2137//2 2149//2
f 2136//2 2149//2 2137//2
f 2150//2 2135//2 2137//2
f 2151//2 2127//2 2126//2
f 2038//408 2037//408 2128//408
f 2152//2 2153//2 2154//2
f 2154//2 2151//2 2152//2
f 2155//2 2152//2 2151//2
f 2126//2 2155//2 2151//2
f 2156//2 2157//2 2158//2
f 2159//2 2156//2 2158//2
f 2160//2 2159//2 2158//2
f 2161//2 2162//2 2137//2
f 2163//2 2164//2 2165//2
f 2164//2 2166//2 2165//2
f 2143//2 2145//2 2167//2
f 2028//402 2027//402 2142//402
f 2149//2 2168//2 2148//2
f 2168//2 2169//2 2148//2
f 2170//2 2148//2 2169//2
f 2169//2 2163//2 2170//2
f 2165//2 2170//2 2163//2
f 2166//2 2171//2 2165//2
f 2171//2 2172//2 2165//2
f 2146//2 2165//2 2172//2
f 2147//2 2146//2 2172//2
f 2173//2 2145//2 2147//2
f 2173//2 2167//2 2145//2
f 2174//2 2175//2 2176//2
f 2175//2 2177//2 2176//2
f 2177//2 2178//2 2176//2
f 2161//2 2176//2 2178//2
f 2179//2 2161//2 2178//2
f 2180//2 2161//2 2179//2
f 2162//2 2161//2 2180//2
f 2150//2 2137//2 2162//2
f 2176//2 2181//2 2174//2
f 2182//302 1744//302 1747//302
f 1104//434 2182//434 2183//434
f 2153//2 2184//2 2154//2
f 2184//2 2185//2 2186//2
f 2186//2 2154//2 2184//2
f 2185//2 2187//2 2186//2
f 2187//2 2160//2 2186//2
f 2158//2 2186//2 2160//2
f 2188//2 2189//2 2181//2
f 2190//2 2188//2 2181//2
f 2189//2 2191//2 2181//2
f 2191//2 2174//2 2181//2
f 2192//2 2193//2 2158//2
f 2194//2 2190//2 2158//2
f 2181//2 2158//2 2190//2
f 2193//2 2194//2 2158//2
f 2195//2 2158//2 2157//2
f 2192//2 2158//2 2195//2
f 1721//2 2196//2 1722//2
f 1789//2 2196//2 1721//2
f 1789//2 2197//2 2196//2
f 1726//2 2198//2 2199//2
f 1785//2 2196//2 1786//2
f 2200//2 2196//2 1785//2
f 2201//2 2202//2 2200//2
f 2203//2 2199//2 2204//2
f 2118//2 2205//2 1884//2
f 2206//2 2207//2 2208//2
f 2209//2 2208//2 2207//2
f 2207//2 2210//2 2209//2
f 2210//2 2211//2 2209//2
f 2110//2 2209//2 2211//2
f 2211//2 1893//2 2110//2
f 2212//435 2213//435 2214//435
f 1784//317 2200//317 1785//317
f 2215//2 1877//2 2216//2
f 1722//2 2198//2 1726//2
f 2217//2 2218//2 2219//2
f 1726//293 1725//293 1722//293
f 2205//2 2220//2 1873//2
f 1877//2 1873//2 2220//2
f 2220//2 2216//2 1877//2
f 1873//2 1875//2 2205//2
f 2219//2 2221//2 2217//2
f 1724//436 1726//436 2199//436
f 2222//2 2223//2 2224//2
f 2225//2 2224//2 2223//2
f 2223//2 2226//2 2225//2
f 2224//2 2227//2 2222//2
f 2201//13 2228//13 2229//13
f 2218//2 2225//2 2226//2
f 2226//2 2219//2 2218//2
f 2230//437 2231//437 2232//437
f 1786//2 2196//2 2197//2
f 2216//2 2222//2 2215//2
f 2227//2 2215//2 2222//2
f 1875//2 1884//2 2205//2
f 1788//320 1786//320 2197//320
f 1721//438 1723//438 1789//438
f 2197//321 1789//321 1788//321
f 2201//439 2200//439 2233//439
f 2234//2 2235//2 2236//2
f 1784//439 2233//439 2200//439
f 2221//2 2237//2 2238//2
f 2237//2 2234//2 2238//2
f 2236//2 2238//2 2234//2
f 2238//2 2217//2 2221//2
f 1727//2 1822//2 1728//2
f 2239//2 2236//2 2235//2
f 2240//2 2239//2 2241//2
f 2241//2 2242//2 2240//2
f 2243//409 2042//409 2041//409
f 2244//2 2240//2 2242//2
f 2245//2 2244//2 2242//2
f 2246//2 2247//2 2248//2
f 2249//2 2250//2 2246//2
f 2248//2 2247//2 2245//2
f 2235//2 2251//2 2239//2
f 2251//2 2241//2 2239//2
f 1791//322 1728//322 2252//322
f 2253//2 2254//2 2255//2
f 2256//2 2255//2 2254//2
f 2254//2 2257//2 2256//2
f 2257//2 2258//2 2259//2
f 2260//2 2259//2 2258//2
f 2250//2 2249//2 2258//2
f 2247//2 2246//2 2250//2
f 2244//2 2245//2 2247//2
f 2261//414 2051//414 2050//414
f 1735//440 1734//440 1819//440
f 2260//2 2258//2 2249//2
f 2262//298 2263//298 2264//298
f 2265//2 2266//2 2267//2
f 2268//2 2269//2 2270//2
f 2271//2 2272//2 2265//2
f 2273//2 2274//2 2271//2
f 2270//2 2267//2 2268//2
f 2261//441 2050//441 2275//441
f 2276//2 2277//2 2273//2
f 2032//404 2031//404 2278//404
f 2259//2 2256//2 2257//2
f 2279//442 2280//442 2278//442
f 2281//2 2282//2 2283//2
f 2269//2 2283//2 2282//2
f 2282//2 2270//2 2269//2
f 2255//2 2284//2 2253//2
f 2285//2 2281//2 2286//2
f 2283//2 2286//2 2281//2
f 2286//2 2253//2 2284//2
f 2284//2 2285//2 2286//2
f 2287//2 2288//2 2289//2
f 2290//2 2291//2 2292//2
f 2293//2 2292//2 1812//2
f 2294//2 2293//2 1812//2
f 2295//2 2296//2 1812//2
f 2291//2 2297//2 2292//2
f 2298//2 1828//2 1832//2
f 2292//2 1835//2 2290//2
f 1831//2 1832//2 1828//2
f 2289//2 2299//2 2287//2
f 2300//2 1812//2 2292//2
f 2301//2 2289//2 2288//2
f 2288//2 2302//2 2303//2
f 2297//2 2300//2 2292//2
f 2304//2 2305//2 2306//2
f 2307//2 2308//2 2309//2
f 2303//2 2301//2 2288//2
f 2308//2 2303//2 2302//2
f 2299//2 2310//2 2311//2
f 2312//2 2313//2 2314//2
f 2314//2 2315//2 2312//2
f 1816//2 2295//2 1812//2
f 1811//2 1816//2 1812//2
f 2316//2 2294//2 1812//2
f 2304//2 2317//2 2305//2
f 2318//2 2306//2 2305//2
f 2319//2 2305//2 2317//2
f 2277//2 2276//2 2318//2
f 2274//2 2273//2 2277//2
f 2272//2 2271//2 2274//2
f 2317//2 2307//2 2319//2
f 2309//2 2319//2 2307//2
f 2302//2 2309//2 2308//2
f 2266//2 2265//2 2272//2
f 2306//2 2318//2 2276//2
f 2268//2 2267//2 2266//2
f 2311//2 2287//2 2299//2
f 905//2 2320//2 906//2
f 1349//2 1338//2 2321//2
f 2322//2 1349//2 2323//2
f 2323//2 1349//2 2321//2
f 1338//2 1333//2 2324//2
f 1870//2 2324//2 1333//2
f 1820//330 1819//330 2325//330
f 1815//2 2326//2 1801//2
f 2327//2 2328//2 2329//2
f 2325//443 1755//443 1820//443
f 1754//443 1820//443 1755//443
f 2330//2 2329//2 2328//2
f 2331//2 2330//2 2328//2
f 2332//2 2333//2 2331//2
f 2333//2 2332//2 2322//2
f 1349//2 2322//2 2334//2
f 1246//444 2296//444 2295//444
f 2330//2 2331//2 2333//2
f 2334//2 2322//2 2332//2
f 2324//2 2321//2 1338//2
f 2296//2 2316//2 1812//2
f 2295//445 1816//445 1246//445
f 2335//2 389//2 2336//2
f 395//2 2335//2 2337//2
f 2336//2 2337//2 2335//2
f 2338//2 395//2 2337//2
f 2339//2 396//2 2338//2
f 1834//2 2290//2 1835//2
f 2340//2 2341//2 2342//2
f 2342//2 2343//2 2340//2
f 2296//446 1245//446 2316//446
f 1742//53 1775//53 1823//53
f 2344//2 2345//2 2346//2
f 2347//2 2344//2 2346//2
f 2348//2 2346//2 2345//2
f 2349//2 2348//2 2345//2
f 2345//2 2350//2 2349//2
f 2350//2 2351//2 2349//2
f 2352//2 2349//2 2351//2
f 1123//2 1122//2 2353//2
f 2346//2 2354//2 2347//2
f 2341//2 2355//2 2356//2
f 2357//2 2356//2 2355//2
f 2356//2 2342//2 2341//2
f 2358//2 2340//2 2343//2
f 2343//2 1123//2 2358//2
f 2353//2 2358//2 1123//2
f 1798//2 1799//2 1710//2
f 1761//2 1710//2 1757//2
f 1799//2 1757//2 1710//2
f 1694//2 1691//2 1710//2
f 1745//2 1694//2 1710//2
f 1745//2 1710//2 1708//2
f 1745//2 1708//2 1740//2
f 1745//2 1740//2 1739//2
f 1745//2 1739//2 1755//2
f 1745//2 1755//2 2325//2
f 1745//2 2325//2 1819//2
f 1745//2 1819//2 1734//2
f 1745//2 1734//2 1743//2
f 2359//2 2347//2 2354//2
f 2360//2 2357//2 2361//2
f 2355//2 2361//2 2357//2
f 2354//2 2360//2 2359//2
f 2361//2 2359//2 2360//2
f 2362//2 2363//2 2364//2
f 2365//2 2363//2 2362//2
f 2366//2 2367//2 2368//2
f 2369//2 2370//2 2365//2
f 2371//2 2372//2 2366//2
f 2352//2 2351//2 2373//2
f 2372//2 2373//2 2351//2
f 2371//2 2373//2 2372//2
f 2367//2 2366//2 2372//2
f 2370//2 2368//2 2367//2
f 2363//2 2365//2 2370//2
f 56//2 2364//2 2363//2
f 2374//2 2339//2 2375//2
f 2376//2 2377//2 2378//2
f 2379//2 2378//2 2377//2
f 2380//2 2379//2 2377//2
f 2381//2 2382//2 2380//2
f 2383//2 2384//2 2381//2
f 2375//2 2385//2 2383//2
f 1798//2 1710//2 1691//2
f 2329//2 2386//2 2327//2
f 1984//2 1945//2 1988//2
f 2387//2 1945//2 1987//2
f 1899//412 2387//412 1987//412
f 1936//2 1945//2 2014//2
f 2388//4 905//4 2389//4
f 2014//396 2012//396 1936//396
f 2015//2 2014//2 1945//2
f 1761//2 1711//2 1710//2
f 2390//2 1945//2 1932//2
f 2391//2 2392//2 2393//2
f 2394//2 2391//2 2393//2
f 2395//2 2394//2 2393//2
f 2392//2 2396//2 2393//2
f 2397//2 2398//2 2393//2
f 2396//2 2397//2 2393//2
f 2399//2 2400//2 2393//2
f 2401//2 2393//2 2398//2
f 1814//2 2401//2 2398//2
f 2398//2 2402//2 1814//2
f 2402//2 1815//2 1814//2
f 1807//2 1800//2 1804//2
f 2326//2 1805//2 1801//2
f 2403//2 2399//2 2393//2
f 1995//415 2390//415 1932//415
f 2403//447 1324//447 2399//447
f 1988//2 1945//2 2390//2
f 1988//390 2390//390 1995//390
f 1898//2 1945//2 2387//2
f 1745//301 1692//301 1694//301
f 1746//448 1744//448 1745//448
f 1898//349 2387//349 1899//349
f 1905//2 2071//2 1906//2
f 1940//2 2404//2 2071//2
f 2405//449 1940//449 1946//449
f 2071//449 1946//449 1940//449
f 2400//2 2395//2 2393//2
f 2183//2 1822//2 1105//2
f 2405//370 1941//370 1940//370
f 902//2 97//2 1822//2
f 1822//4 1775//4 902//4
f 1746//2 1745//2 1822//2
f 1823//2 1822//2 1745//2
f 1743//2 1823//2 1745//2
f 97//2 2406//2 1822//2
f 1746//2 1822//2 1747//2
f 1747//2 1822//2 2183//2
f 1945//13 1946//13 2071//13
f 1942//371 2044//371 1905//371
f 1906//2 2071//2 2024//2
f 2044//2 1945//2 1905//2
f 1747//434 2183//434 2182//434
f 2024//450 2021//450 1906//450
f 2183//211 1105//211 1104//211
f 1727//451 1106//451 1105//451
f 2024//2 2071//2 2023//2
f 2023//2 2071//2 2404//2
f 1105//2 1822//2 1727//2
f 1728//2 1822//2 2252//2
f 2407//2 25//2 2408//2
f 2409//2 25//2 2407//2
f 2410//2 25//2 2409//2
f 2411//2 25//2 2410//2
f 2412//2 25//2 2411//2
f 2413//2 25//2 2412//2
f 2414//2 25//2 2413//2
f 2415//2 25//2 2414//2
f 2416//2 25//2 2417//2
f 2418//2 25//2 2416//2
f 21//2 25//2 2418//2
f 2419//2 19//2 21//2
f 13//2 19//2 2419//2
f 588//2 26//2 13//2
f 2420//2 2408//2 25//2
f 2421//4 1791//4 2252//4
f 2228//43 2422//43 2229//43
f 2233//13 2228//13 2201//13
f 899//2 97//2 902//2
f 2417//2 25//2 2415//2
f 896//452 898//452 1864//452
f 2423//453 2424//453 2425//453
f 1197//225 2426//225 1069//225
f 1203//209 1087//209 1086//209
f 2419//454 1327//454 13//454
f 1934//455 1857//455 1858//455
f 1856//367 1933//367 1858//367
f 1218//227 2427//227 1219//227
f 2428//456 2429//456 2430//456
f 1229//4 1231//4 1857//4
f 2431//457 2432//457 2430//457
f 2433//223 1177//223 1178//223
f 1197//458 1590//458 2426//458
f 2243//459 2057//459 2042//459
f 2434//421 2070//421 2069//421
f 1370//238 1131//238 1364//238
f 1389//460 1391//460 1136//460
f 1867//460 1136//460 1391//460
f 1505//461 2435//461 1513//461
f 2068//462 2070//462 2436//462
f 2437//463 2438//463 2439//463
f 1361//232 1299//232 1298//232
f 1859//464 2440//464 1297//464
f 1363//465 1866//465 1364//465
f 2441//466 2442//466 2443//466
f 2444//467 2442//467 2441//467
f 2445//468 2446//468 2447//468
f 1865//469 1362//469 1866//469
f 1342//470 2448//470 1860//470
f 2445//471 2447//471 2449//471
f 2450//472 301//472 1860//472
f 301//331 306//331 1821//331
f 1422//242 1411//242 1410//242
f 2451//473 2452//473 2453//473
f 2454//474 2455//474 2456//474
f 2457//475 2458//475 2453//475
f 2075//476 2077//476 2459//476
f 1333//235 1338//235 1331//235
f 1342//74 1344//74 2448//74
f 2460//477 2461//477 2462//477
f 2463//478 2464//478 2465//478
f 2466//400 2467//400 2468//400
f 2469//479 2470//479 2471//479
f 2469//480 2471//480 2472//480
f 2466//481 2468//481 2473//481
f 2474//482 2473//482 2475//482
f 2476//483 2477//483 2478//483
f 2479//429 2480//429 2434//429
f 2481//484 2482//484 2483//484
f 2481//485 2484//485 2482//485
f 1038//486 1040//486 1869//486
f 1411//487 1039//487 1409//487
f 1344//488 1343//488 1427//488
f 1918//2 709//2 712//2
f 2388//53 2389//53 2485//53
f 1226//489 2486//489 1859//489
f 2487//489 1859//489 2486//489
f 2212//490 2214//490 2488//490
f 1226//228 1219//228 2486//228
f 2427//491 1218//491 2489//491
f 2490//492 2491//492 2492//492
f 2493//493 2494//493 2495//493
f 2496//494 2488//494 2497//494
f 2488//490 2496//490 2212//490
f 2427//2 2489//2 1912//2
f 1219//2 2427//2 1912//2
f 1912//2 2498//2 1934//2
f 1912//2 1934//2 1933//2
f 1081//2 806//2 1912//2
f 1933//2 1081//2 1912//2
f 1857//455 1934//455 2498//455
f 2499//495 2500//495 2472//495
f 2501//496 2494//496 2502//496
f 2503//497 2504//497 2495//497
f 2505//2 2506//2 2507//2
f 2505//2 2507//2 2508//2
f 2508//2 2509//2 2505//2
f 2510//498 2508//498 2511//498
f 2507//498 2511//498 2508//498
f 2512//53 2513//53 2514//53
f 2515//2 2505//2 2516//2
f 2517//2 2505//2 2515//2
f 2517//2 2518//2 2505//2
f 2519//2 2520//2 2505//2
f 2516//499 2521//499 2522//499
f 2522//499 2515//499 2516//499
f 2506//2 2505//2 2518//2
f 2506//500 2518//500 2523//500
f 2524//500 2523//500 2518//500
f 2509//2 2525//2 2505//2
f 2510//501 2526//501 2509//501
f 2510//501 2509//501 2508//501
f 2527//502 2528//502 2529//502
f 2530//502 2529//502 2528//502
f 1770//503 2531//503 2527//503
f 2525//2 2530//2 2505//2
f 2526//504 2532//504 2525//504
f 2526//504 2525//504 2509//504
f 2528//2 2531//2 2505//2
f 2530//505 2525//505 2529//505
f 2532//505 2529//505 2525//505
f 2533//2 2336//2 389//2
f 389//2 2327//2 2533//2
f 2386//2 2533//2 2327//2
f 396//2 2339//2 2374//2
f 395//2 2338//2 396//2
f 2534//2 2381//2 2384//2
f 2385//2 2375//2 2339//2
f 2384//2 2383//2 2385//2
f 2379//2 2380//2 2382//2
f 1832//506 1374//506 2298//506
f 2535//2 707//2 2099//2
f 630//2 2535//2 2099//2
f 2099//2 2536//2 630//2
f 631//2 630//2 2536//2
f 2536//2 2537//2 631//2
f 2378//2 2538//2 621//2
f 621//2 2376//2 2378//2
f 2538//2 631//2 2537//2
f 2534//2 2382//2 2381//2
f 2537//2 621//2 2538//2
f 2539//2 2540//2 711//2
f 2541//2 2542//2 1681//2
f 715//2 711//2 2540//2
f 653//2 652//2 2543//2
f 2543//2 2544//2 653//2
f 1122//2 2543//2 652//2
f 652//2 2545//2 1122//2
f 2545//2 2353//2 1122//2
f 644//2 653//2 2544//2
f 1682//2 1681//2 2546//2
f 2540//2 2091//2 715//2
f 711//2 2547//2 2539//2
f 2547//2 2548//2 2539//2
f 2539//2 2548//2 2541//2
f 2542//2 2541//2 2548//2
f 2549//2 1681//2 2542//2
f 2546//2 1681//2 2549//2
f 2096//2 1682//2 2546//2
f 1778//2 2206//2 2208//2
f 2208//2 2550//2 1778//2
f 1878//2 1778//2 2550//2
f 2550//2 2551//2 1882//2
f 1882//2 1878//2 2550//2
f 1880//2 1882//2 2551//2
f 2551//2 2118//2 1880//2
f 1066//2 2552//2 2553//2
f 2553//2 2554//2 2555//2
f 2556//2 2557//2 1066//2
f 635//2 2558//2 2559//2
f 2560//507 2198//507 2561//507
f 2562//2 2563//2 2564//2
f 2563//2 2565//2 2564//2
f 2564//2 640//2 2562//2
f 2566//2 2559//2 2558//2
f 2559//2 2567//2 635//2
f 2558//2 2568//2 2566//2
f 2565//2 2566//2 2568//2
f 2568//2 2564//2 2565//2
f 2569//2 2562//2 640//2
f 640//2 644//2 2569//2
f 2544//2 2569//2 644//2
f 2570//2 2571//2 2572//2
f 1166//2 2573//2 1196//2
f 2486//2 1912//2 2487//2
f 2440//2 2487//2 1912//2
f 2440//2 1912//2 1298//2
f 2574//2 2571//2 2570//2
f 2575//2 2576//2 1166//2
f 2571//2 2576//2 2572//2
f 1219//2 1912//2 2486//2
f 2577//2 2571//2 2574//2
f 2578//2 2579//2 2577//2
f 2580//2 2579//2 2581//2
f 2582//2 2580//2 2581//2
f 2583//2 56//2 2582//2
f 2489//2 2584//2 1912//2
f 2364//2 56//2 2583//2
f 2575//2 2572//2 2576//2
f 2585//2 2586//2 2587//2
f 2588//2 2587//2 2586//2
f 2393//2 2588//2 2586//2
f 2589//2 2585//2 2587//2
f 2586//2 2403//2 2393//2
f 897//508 2489//508 1218//508
f 1196//2 2573//2 1227//2
f 2573//2 2590//2 1227//2
f 1847//53 1231//53 1230//53
f 1177//2 2498//2 1085//2
f 1177//2 2433//2 2498//2
f 2591//2 1229//2 2433//2
f 2592//2 1228//2 2590//2
f 1228//2 1227//2 2590//2
f 2593//2 2592//2 2590//2
f 2590//2 2594//2 2593//2
f 2595//2 2593//2 2594//2
f 2556//2 635//2 2567//2
f 2552//2 1066//2 2557//2
f 2554//2 2553//2 2552//2
f 2557//2 2556//2 2567//2
f 2498//4 1229//4 1857//4
f 1829//2 1828//2 2298//2
f 2596//2 1832//2 1128//2
f 2597//2 2555//2 2554//2
f 2598//2 2555//2 2597//2
f 2599//2 2600//2 2601//2
f 2498//2 2433//2 1229//2
f 1069//2 2426//2 1229//2
f 2602//2 2603//2 2604//2
f 1128//2 2602//2 2604//2
f 2605//2 1128//2 2604//2
f 2606//509 2607//509 1387//509
f 2498//2 896//2 2608//2
f 2608//2 2609//2 2498//2
f 1838//2 2320//2 2610//2
f 1837//2 2320//2 1838//2
f 2611//510 2612//510 2613//510
f 906//2 2614//2 2615//2
f 896//511 1864//511 2608//511
f 2596//2 1128//2 2616//2
f 896//2 2498//2 2584//2
f 2498//2 1912//2 2584//2
f 1612//2 906//2 1914//2
f 1915//2 1914//2 2320//2
f 2617//2 1938//2 2320//2
f 1938//2 1915//2 2320//2
f 2584//192 897//192 896//192
f 2616//2 1128//2 2605//2
f 906//2 2320//2 1914//2
f 1574//2 906//2 1612//2
f 2618//2 1229//2 2426//2
f 2614//2 906//2 1574//2
f 1923//2 2320//2 1837//2
f 1923//2 1925//2 2320//2
f 1925//2 2617//2 2320//2
f 2320//2 2619//2 2620//2
f 2320//2 2620//2 2621//2
f 2134//512 2026//512 2046//512
f 1970//2 2620//2 2622//2
f 2621//2 2610//2 2320//2
f 1085//2 2498//2 1086//2
f 2139//433 2028//433 2138//433
f 1928//2 1979//2 2470//2
f 2067//419 2623//419 1977//419
f 1979//2 1967//2 2470//2
f 1086//2 2498//2 2609//2
f 1969//2 1970//2 2622//2
f 2624//2 2470//2 1967//2
f 2609//513 1202//513 1086//513
f 1967//2 1969//2 2625//2
f 2626//2 2627//2 2628//2
f 2622//2 2625//2 1969//2
f 1069//2 1229//2 2591//2
f 2422//2 2628//2 2629//2
f 2571//2 2577//2 2579//2
f 2578//2 2581//2 2579//2
f 2580//2 2582//2 56//2
f 2368//2 2370//2 2369//2
f 2591//206 1070//206 1069//206
f 2609//514 2608//514 1202//514
f 1864//514 1202//514 2608//514
f 1999//515 2630//515 1989//515
f 1070//516 2591//516 1178//516
f 2631//2 2320//2 2477//2
f 2632//376 1964//376 1966//376
f 2433//516 1178//516 2591//516
f 2263//2 905//2 2264//2
f 2633//2 2320//2 2634//2
f 905//2 2263//2 2320//2
f 1991//388 1990//388 1993//388
f 2232//2 2320//2 2635//2
f 2489//508 897//508 2584//508
f 2619//2 2320//2 2232//2
f 2320//2 2631//2 2635//2
f 2636//2 2320//2 2263//2
f 2637//2 2320//2 2633//2
f 2478//2 2320//2 2637//2
f 2477//2 2320//2 2478//2
f 2634//2 2320//2 2636//2
f 2622//2 2620//2 2619//2
f 2470//2 2469//2 1928//2
f 2469//2 2472//2 1928//2
f 2625//2 2624//2 1967//2
f 1948//2 1947//2 1981//2
f 1948//2 1981//2 2638//2
f 1948//2 2638//2 1953//2
f 1948//2 1953//2 1977//2
f 1948//2 1977//2 2623//2
f 2264//2 905//2 2639//2
f 2640//517 2623//517 2067//517
f 1867//214 1133//214 1136//214
f 2485//2 2639//2 905//2
f 2472//2 2641//2 1863//2
f 1298//518 1297//518 2440//518
f 2487//518 2440//518 1859//518
f 1973//423 1974//423 1948//423
f 1954//373 1953//373 2638//373
f 1981//383 1954//383 2638//383
f 1751//2 2642//2 2074//2
f 2640//174 2643//174 2074//174
f 2643//2 1751//2 2074//2
f 2630//2 2640//2 2074//2
f 1998//2 2640//2 2630//2
f 1964//2 2640//2 1998//2
f 2632//2 2640//2 1964//2
f 1973//2 2640//2 2632//2
f 1948//174 2623//174 1973//174
f 1973//2 2623//2 2640//2
f 2642//2 2084//2 2074//2
f 1994//428 2644//428 2645//428
f 2646//428 2645//428 2644//428
f 2074//515 1989//515 2630//515
f 1994//389 1992//389 2644//389
f 2647//2 1389//2 42//2
f 2648//2 2647//2 42//2
f 2524//519 2518//519 2649//519
f 2517//519 2649//519 2518//519
f 2632//380 1966//380 1973//380
f 1361//2 1912//2 1362//2
f 1298//2 1912//2 1361//2
f 2517//520 2522//520 2649//520
f 2522//520 2517//520 2515//520
f 1865//237 1299//237 1362//237
f 2523//521 2511//521 2506//521
f 1364//2 1912//2 1370//2
f 1912//2 42//2 1136//2
f 1999//391 1998//391 2630//391
f 2506//521 2511//521 2507//521
f 1685//522 1720//522 2519//522
f 2650//522 2519//522 1720//522
f 1370//2 1912//2 1132//2
f 2520//522 2519//522 2650//522
f 2516//2 2505//2 2520//2
f 2089//4 1507//4 1518//4
f 2516//523 2520//523 2650//523
f 2516//523 2650//523 2521//523
f 2087//2 1518//2 2644//2
f 1518//2 2037//2 2646//2
f 2646//2 2644//2 1518//2
f 2646//2 2651//2 2652//2
f 2644//2 1992//2 2087//2
f 2653//2 2101//2 2654//2
f 2081//2 2087//2 1992//2
f 2084//425 2082//425 2081//425
f 1704//173 1700//173 1699//173
f 1288//231 2648//231 1289//231
f 1752//304 1751//304 2643//304
f 1700//524 1702//524 1698//524
f 1132//2 1912//2 1136//2
f 2085//426 2084//426 2642//426
f 2642//427 1751//427 2085//427
f 2655//525 2656//525 2657//525
f 1518//53 2087//53 2089//53
f 2080//526 2088//526 2081//526
f 2087//526 2081//526 2088//526
f 2067//330 1752//330 2640//330
f 2643//527 2640//527 1752//527
f 1584//528 2658//528 1715//528
f 2659//2 1912//2 1364//2
f 2660//288 1583//288 1713//288
f 1866//465 2659//465 1364//465
f 2089//4 2054//4 1507//4
f 1716//289 1715//289 2661//289
f 2101//2 2010//2 2654//2
f 2010//2 2009//2 2654//2
f 2016//2 2662//2 2663//2
f 2664//529 2665//529 1713//529
f 1389//240 2647//240 1390//240
f 1389//2 1136//2 42//2
f 2008//393 2005//393 2004//393
f 2648//530 1288//530 1390//530
f 2666//531 2667//531 1587//531
f 2647//530 2648//530 1390//530
f 2009//2 2663//2 2034//2
f 2034//2 2654//2 2009//2
f 2659//2 1362//2 1912//2
f 2102//428 2101//428 2653//428
f 2005//532 2102//532 2003//532
f 2653//532 2003//532 2102//532
f 2659//469 1866//469 1362//469
f 2668//533 2669//533 2670//533
f 2671//534 2672//534 2670//534
f 390//2 304//2 301//2
f 390//2 301//2 2450//2
f 390//2 2450//2 2448//2
f 390//2 2448//2 1344//2
f 390//2 1344//2 2673//2
f 390//2 2673//2 1420//2
f 390//2 1420//2 1410//2
f 390//2 1410//2 1409//2
f 390//2 1409//2 2674//2
f 390//2 2674//2 1038//2
f 1038//2 2675//2 390//2
f 1331//2 388//2 1332//2
f 1337//2 388//2 1331//2
f 1350//2 388//2 1337//2
f 2101//535 2100//535 2010//535
f 1860//470 2448//470 2450//470
f 2676//536 2677//536 2678//536
f 2084//2 2081//2 1992//2
f 2652//2 2662//2 2016//2
f 1821//472 1860//472 301//472
f 2013//397 2663//397 2009//397
f 1992//2 1990//2 2084//2
f 2679//537 2680//537 2681//537
f 2016//4 2663//4 2013//4
f 2111//429 2652//429 2016//429
f 1733//296 1731//296 1730//296
f 1990//2 2074//2 2084//2
f 2111//4 2645//4 2652//4
f 2682//538 2683//538 2684//538
f 2645//4 2646//4 2652//4
f 1869//233 1333//233 1332//233
f 1427//244 1420//244 2673//244
f 1039//539 1038//539 2674//539
f 2662//540 2651//540 2045//540
f 1332//2 390//2 2675//2
f 2675//541 1869//541 1332//541
f 2685//2 2686//2 2687//2
f 1719//2 2688//2 2689//2
f 2688//2 1683//2 2689//2
f 2690//2 2691//2 1685//2
f 2692//2 2693//2 1701//2
f 2694//2 1705//2 2686//2
f 1038//30 1869//30 2675//30
f 2034//411 2662//411 2045//411
f 1705//542 1704//542 1699//542
f 2674//543 1409//543 1039//543
f 2695//2 2689//2 1683//2
f 2696//524 1698//524 1702//524
f 2047//512 2046//512 2026//512
f 2673//544 1344//544 1427//544
f 1702//283 1701//283 2696//283
f 1507//2 1523//2 1518//2
f 2697//545 2685//545 2664//545
f 2003//2 2654//2 2004//2
f 2698//2 2699//2 2006//2
f 2699//2 2700//2 2006//2
f 2687//545 2664//545 2685//545
f 2018//399 2701//399 2019//399
f 2702//2 2692//2 1719//2
f 1701//2 1719//2 2692//2
f 2627//2 2626//2 2641//2
f 2629//2 2628//2 2627//2
f 2003//2 2653//2 2654//2
f 1705//284 2694//284 1706//284
f 2036//406 2654//406 2034//406
f 1862//2 1928//2 2472//2
f 1863//2 1862//2 2472//2
f 2626//2 1863//2 2641//2
f 2703//4 1854//4 1230//4
f 2694//546 2685//546 1706//546
f 2704//2 923//2 2705//2
f 2561//2 2514//2 923//2
f 1901//2 2706//2 717//2
f 2701//2 2006//2 2654//2
f 2697//546 1706//546 2685//546
f 2388//2 2485//2 905//2
f 2036//547 2019//547 2654//547
f 2701//547 2654//547 2019//547
f 2664//548 2687//548 2665//548
f 1844//13 1855//13 1901//13
f 2651//2 2646//2 2037//2
f 2707//2 922//2 2708//2
f 2119//430 2651//430 2037//430
f 2709//2 2710//2 1716//2
f 2711//2 1716//2 2710//2
f 1716//2 2661//2 2709//2
f 2710//2 2712//2 2711//2
f 2661//2 2658//2 2709//2
f 2686//2 2709//2 2658//2
f 1583//2 2686//2 2658//2
f 2660//2 2686//2 1583//2
f 2687//2 2686//2 2665//2
f 2665//2 2686//2 2660//2
f 1590//458 2618//458 2426//458
f 1584//270 1583//270 2658//270
f 2037//2 1518//2 2128//2
f 2713//2 922//2 2714//2
f 2661//528 1715//528 2658//528
f 2034//2 2663//2 2662//2
f 2662//2 2652//2 2651//2
f 922//2 1741//2 2708//2
f 1741//174 1759//174 2708//174
f 1586//287 1712//287 2715//287
f 2119//540 2045//540 2651//540
f 2716//2 923//2 2704//2
f 2717//2 2718//2 1518//2
f 922//2 2713//2 923//2
f 2561//2 923//2 2716//2
f 2513//2 923//2 2514//2
f 922//2 2707//2 2719//2
f 922//2 2719//2 2714//2
f 2705//2 923//2 2713//2
f 2048//549 2129//549 2717//549
f 2128//2 1518//2 2718//2
f 1717//290 1716//290 2711//290
f 2422//2 2720//2 2628//2
f 2721//2 2722//2 2720//2
f 2128//431 2718//431 2129//431
f 2711//550 2715//550 1717//550
f 2722//2 2628//2 2720//2
f 2723//2 2720//2 2422//2
f 2723//2 2422//2 2228//2
f 1712//550 1717//550 2715//550
f 2660//529 1713//529 2665//529
f 2573//2 1166//2 2576//2
f 2724//2 2595//2 2725//2
f 2726//2 2724//2 2725//2
f 1587//271 1586//271 2666//271
f 2134//2 1518//2 2027//2
f 2138//2 1518//2 1517//2
f 2727//2 2728//2 2729//2
f 2728//2 2730//2 2729//2
f 2730//2 2731//2 2729//2
f 2027//2 1518//2 2142//2
f 2117//2 1880//2 2118//2
f 2732//2 2733//2 2734//2
f 2505//2 2735//2 1685//2
f 2519//2 2505//2 1685//2
f 2735//2 2736//2 1685//2
f 1683//291 2688//291 1718//291
f 2736//2 2690//2 1685//2
f 1701//292 1703//292 1719//292
f 2688//551 1719//551 1718//551
f 2737//2 2738//2 2734//2
f 2739//2 2734//2 2738//2
f 2740//2 2734//2 2733//2
f 2741//2 2740//2 2733//2
f 2742//2 2740//2 2741//2
f 2739//2 2732//2 2734//2
f 2743//2 2740//2 2742//2
f 2744//2 2740//2 2743//2
f 1522//432 2139//432 1517//432
f 2604//552 1385//552 2605//552
f 2745//2 2746//2 2747//2
f 2606//2 2604//2 2603//2
f 2748//2 2745//2 2747//2
f 2749//2 2750//2 2751//2
f 2752//2 2748//2 2747//2
f 2753//2 2752//2 2747//2
f 2679//2 2754//2 2755//2
f 2669//2 2680//2 2755//2
f 2671//2 2669//2 2755//2
f 2734//2 2729//2 2737//2
f 2731//2 2737//2 2729//2
f 2740//2 2744//2 2747//2
f 2753//2 2747//2 2744//2
f 2607//350 2756//350 1387//350
f 2607//2 2606//2 2603//2
f 2681//553 2680//553 2668//553
f 2671//533 2670//533 2669//533
f 2757//2 2758//2 2759//2
f 2758//2 2760//2 2759//2
f 2760//2 2761//2 2759//2
f 2762//2 2759//2 2761//2
f 2761//2 2763//2 2762//2
f 2749//2 2762//2 2763//2
f 2746//2 2757//2 2759//2
f 2764//2 2749//2 2763//2
f 2750//2 2749//2 2764//2
f 2756//2 2607//2 2603//2
f 2598//2 2599//2 2601//2
f 2601//2 2555//2 2598//2
f 2765//2 2601//2 2766//2
f 2766//2 2767//2 2765//2
f 2768//534 2058//534 2672//534
f 2769//554 1384//554 2770//554
f 2604//555 2606//555 1385//555
f 2771//2 2772//2 2773//2
f 2774//2 2454//2 2775//2
f 2776//2 2777//2 2778//2
f 2779//2 2778//2 2777//2
f 2780//2 2756//2 2603//2
f 2677//556 2676//556 2781//556
f 2677//556 2781//556 2782//556
f 2783//2 2784//2 2782//2
f 2785//536 2678//536 2677//536
f 2769//2 2770//2 2603//2
f 2786//538 2684//538 2683//538
f 2784//2 2787//2 2677//2
f 2754//557 2788//557 2789//557
f 2754//557 2789//557 2790//557
f 2790//2 2785//2 2755//2
f 2754//2 2790//2 2755//2
f 2786//558 2683//558 2791//558
f 2788//559 2754//559 2681//559
f 2679//559 2681//559 2754//559
f 2792//2 2603//2 2793//2
f 2794//560 2795//560 2796//560
f 2669//561 2668//561 2680//561
f 2682//562 2684//562 2795//562
f 2797//2 1730//2 1729//2
f 1729//2 2798//2 2797//2
f 2797//2 2799//2 1730//2
f 2800//563 2801//563 2802//563
f 1730//297 2803//297 1732//297
f 2804//2 2589//2 2587//2
f 2805//2 2804//2 2587//2
f 2806//2 2805//2 2587//2
f 13//2 2806//2 2587//2
f 2587//2 2807//2 13//2
f 2807//2 2808//2 13//2
f 2808//2 2809//2 13//2
f 2809//2 2810//2 13//2
f 2811//2 13//2 2810//2
f 586//2 13//2 2811//2
f 588//2 13//2 586//2
f 2803//2 1730//2 2799//2
f 1394//564 1399//564 2810//564
f 2812//565 2813//565 2814//565
f 1737//566 1732//566 1738//566
f 2803//566 1738//566 1732//566
f 1695//2 1738//2 2799//2
f 1695//2 2799//2 2775//2
f 2812//567 2815//567 2813//567
f 2775//568 2782//568 1696//568
f 2781//568 1696//568 2782//568
f 2677//2 2782//2 2784//2
f 2789//569 2678//569 2785//569
f 2789//569 2785//569 2790//569
f 2816//570 2817//570 2818//570
f 1738//2 2803//2 2799//2
f 1695//299 1697//299 1738//299
f 1696//281 1695//281 2775//281
f 2819//571 2820//571 2821//571
f 2822//2 2797//2 2823//2
f 2798//2 2823//2 2797//2
f 2808//287 2807//287 1414//287
f 2824//572 2823//572 2825//572
f 2826//573 2827//573 2828//573
f 1729//574 1731//574 2825//574
f 2798//574 1729//574 2825//574
f 1801//516 1373//516 1814//516
f 2829//2 2603//2 2830//2
f 2831//2 2830//2 325//2
f 2832//55 2833//55 2834//55
f 1767//575 1766//575 1773//575
f 2831//2 325//2 2835//2
f 2655//576 2657//576 2836//576
f 2837//2 325//2 2838//2
f 2835//2 325//2 2837//2
f 2505//4 2839//4 2840//4
f 2841//577 2842//577 2828//577
f 2838//2 325//2 2843//2
f 619//2 2843//2 325//2
f 2844//578 2845//578 2846//578
f 2847//578 2846//578 2845//578
f 2848//579 2845//579 2849//579
f 2844//580 2849//580 2845//580
f 2850//581 2851//581 2852//581
f 2853//2 2603//2 2829//2
f 2854//582 2855//582 2834//582
f 2830//583 1376//583 2829//583
f 2852//584 2856//584 2850//584
f 2846//585 2847//585 2857//585
f 2839//586 2858//586 2840//586
f 2859//348 2856//348 2849//348
f 2819//587 2821//587 2860//587
f 2861//588 2862//588 2863//588
f 2864//589 2865//589 2866//589
f 2833//267 2832//267 2817//267
f 2833//55 2854//55 2834//55
f 2867//590 2868//590 2869//590
f 2870//573 2866//573 2867//573
f 2865//573 2867//573 2866//573
f 2530//2 2528//2 2505//2
f 2531//2 1769//2 2505//2
f 2839//2 2871//2 2872//2
f 2839//2 2872//2 1767//2
f 1767//2 1772//2 2839//2
f 2873//2 1748//2 2839//2
f 1767//311 2872//311 1768//311
f 2874//2 2871//2 2505//2
f 2839//2 2505//2 2871//2
f 1769//2 2875//2 2505//2
f 2876//591 2874//591 1771//591
f 2875//591 1771//591 2874//591
f 1772//2 2873//2 2839//2
f 1518//2 2046//2 2877//2
f 2048//413 2877//413 2046//413
f 2772//2 2878//2 2773//2
f 1767//575 1773//575 1772//575
f 2134//2 2046//2 1518//2
f 2315//2 2773//2 2878//2
f 2878//2 2312//2 2315//2
f 2879//2 2880//2 2881//2
f 2881//2 2882//2 2879//2
f 2883//2 2776//2 2778//2
f 1769//592 2531//592 1770//592
f 2142//2 1518//2 2138//2
f 2884//2 2879//2 2882//2
f 2751//2 2885//2 2882//2
f 2886//2 2887//2 2888//2
f 2759//2 2747//2 2746//2
f 2877//2 2717//2 1518//2
f 2889//2 2751//2 2750//2
f 2885//2 2751//2 2889//2
f 2884//2 2882//2 2885//2
f 2887//2 2881//2 2890//2
f 2891//2 2887//2 2890//2
f 2880//2 2890//2 2881//2
f 2888//2 2887//2 2891//2
f 2717//549 2877//549 2048//549
f 2718//549 2717//549 2129//549
f 2778//2 2886//2 2883//2
f 2888//2 2892//2 2886//2
f 2892//2 2883//2 2886//2
f 2777//2 2893//2 2779//2
f 2893//2 2894//2 2779//2
f 2895//2 2779//2 2894//2
f 2894//2 2896//2 2895//2
f 2771//2 2895//2 2896//2
f 2896//2 2897//2 2771//2
f 2772//2 2771//2 2897//2
f 2313//2 2898//2 2899//2
f 2899//2 2314//2 2313//2
f 2310//2 2899//2 2898//2
f 2311//2 2310//2 2898//2
f 2900//2 2901//2 2902//2
f 2903//2 2904//2 2905//2
f 2900//2 2905//2 2904//2
f 2906//2 2907//2 2908//2
f 2905//2 2908//2 2909//2
f 2907//2 2909//2 2908//2
f 2910//2 2900//2 2904//2
f 2911//593 2912//593 2913//593
f 2910//2 2914//2 2900//2
f 2909//2 2903//2 2905//2
f 2908//2 2765//2 2906//2
f 2767//2 2906//2 2765//2
f 2600//2 2766//2 2601//2
f 2915//2 2916//2 2917//2
f 2918//2 2919//2 2920//2
f 2921//2 2920//2 2919//2
f 2920//2 2922//2 2923//2
f 2919//2 2924//2 2921//2
f 2925//2 2921//2 2924//2
f 2926//594 2927//594 2421//594
f 2928//2 2925//2 2929//2
f 2930//2 2928//2 2929//2
f 2924//2 2929//2 2925//2
f 2931//595 780//595 2932//595
f 2724//2 2726//2 2930//2
f 2594//2 2725//2 2595//2
f 2933//2 2934//2 2935//2
f 2936//2 2902//2 2901//2
f 2914//2 2901//2 2900//2
f 2937//2 2938//2 2936//2
f 2939//2 2938//2 2937//2
f 2940//2 2941//2 2939//2
f 2942//2 2941//2 2943//2
f 2944//2 2933//2 2935//2
f 2945//2 2946//2 2947//2
f 2202//596 2948//596 2627//596
f 2949//2 2935//2 2934//2
f 2949//2 2934//2 2950//2
f 2949//2 2950//2 2947//2
f 2926//597 2951//597 2927//597
f 2938//2 2939//2 2941//2
f 2940//2 2943//2 2941//2
f 2902//2 2936//2 2938//2
f 2943//2 2944//2 2942//2
f 2935//2 2942//2 2944//2
f 2952//2 2953//2 2954//2
f 2955//598 2956//598 2957//598
f 2958//2 2959//2 2960//2
f 2961//599 2962//599 2963//599
f 2964//2 2954//2 2953//2
f 2965//2 2964//2 2966//2
f 2967//2 2968//2 2969//2
f 2970//2 2971//2 2972//2
f 2923//2 2918//2 2920//2
f 2973//2 2952//2 2974//2
f 2954//2 2974//2 2952//2
f 2953//2 2966//2 2964//2
f 2975//2 2973//2 2976//2
f 2977//2 2946//2 2978//2
f 2979//2 2977//2 2978//2
f 2974//2 2976//2 2973//2
f 2945//2 2978//2 2946//2
f 2949//2 2947//2 2946//2
f 2977//2 2979//2 2980//2
f 2981//2 2982//2 2983//2
f 2979//2 2983//2 2980//2
f 2980//2 2983//2 2984//2
f 2976//2 2985//2 2975//2
f 2981//2 2975//2 2985//2
f 2985//2 2982//2 2981//2
f 2984//2 2983//2 2982//2
f 2986//365 2987//365 2988//365
f 2960//2 2915//2 2958//2
f 2917//2 2958//2 2915//2
f 2972//2 2960//2 2959//2
f 2959//2 2970//2 2972//2
f 2928//2 2930//2 2726//2
f 2968//2 2972//2 2971//2
f 2922//2 2917//2 2916//2
f 2971//2 2969//2 2968//2
f 2969//2 2965//2 2967//2
f 2966//2 2967//2 2965//2
f 2916//2 2923//2 2922//2
f 2989//2 2990//2 2991//2
f 2992//2 2990//2 2989//2
f 2993//2 2990//2 2992//2
f 2993//2 2994//2 2990//2
f 2995//2 2991//2 2990//2
f 2996//2 2997//2 2998//2
f 2999//2 2998//2 2997//2
f 3000//2 2997//2 3001//2
f 2996//2 3001//2 2997//2
f 2997//2 3002//2 2990//2
f 2995//2 2990//2 3002//2
f 3003//600 3004//600 2631//600
f 3005//2 2990//2 3006//2
f 3006//2 2990//2 3007//2
f 3007//2 2990//2 2994//2
f 3008//2 3009//2 3005//2
f 3010//2 3009//2 3008//2
f 3011//2 3012//2 3010//2
f 3013//2 3014//2 3011//2
f 3000//2 3002//2 2997//2
f 2230//601 2232//601 2635//601
f 3015//2 2722//2 2721//2
f 3016//2 3017//2 3015//2
f 3014//2 3013//2 3016//2
f 2987//365 2986//365 3018//365
f 3017//2 3016//2 3013//2
f 2990//2 3005//2 3009//2
f 3012//2 3011//2 3014//2
f 2722//2 3015//2 3017//2
f 3009//2 3010//2 3012//2
f 3019//2 2990//2 3009//2
f 3020//2 2990//2 3021//2
f 3021//2 2990//2 3019//2
f 3022//2 2990//2 3020//2
f 2912//602 2911//602 3023//602
f 2986//603 2988//603 3024//603
f 3025//2 2990//2 3026//2
f 3027//2 2990//2 3022//2
f 3028//2 2990//2 3027//2
f 3029//2 2990//2 3028//2
f 3030//2 3031//2 3032//2
f 3033//2 3031//2 892//2
f 3034//2 3031//2 3035//2
f 3036//2 2990//2 3029//2
f 3037//2 2990//2 3036//2
f 3037//2 3026//2 2990//2
f 3025//2 3032//2 2990//2
f 892//2 3031//2 3030//2
f 3035//2 3031//2 3033//2
f 2997//2 2990//2 3031//2
f 2990//2 3032//2 3031//2
f 3018//604 3038//604 2987//604
f 3039//2 3040//2 3041//2
f 3042//2 3043//2 3044//2
f 3045//2 3042//2 3044//2
f 3043//2 3046//2 3044//2
f 3047//2 3040//2 3039//2
f 3040//2 3044//2 3046//2
f 3041//2 3040//2 3046//2
f 3048//2 3045//2 3044//2
f 3049//2 3040//2 3047//2
f 3040//2 3049//2 3050//2
f 3051//2 3052//2 2962//2
f 3053//2 3048//2 3044//2
f 3054//2 3044//2 3040//2
f 1792//605 1793//605 2079//605
f 3055//606 2086//606 1797//606
f 1526//2 1530//2 3056//2
f 3057//2 3058//2 1014//2
f 1016//2 3057//2 1014//2
f 1023//2 3057//2 1016//2
f 1025//2 3059//2 1023//2
f 1028//2 3060//2 1025//2
f 1029//2 3061//2 1028//2
f 606//607 1568//607 2073//607
f 2637//608 2633//608 3062//608
f 2476//609 2478//609 3062//609
f 1010//2 1014//2 3058//2
f 1539//2 3063//2 1029//2
f 3058//2 3064//2 1010//2
f 1817//331 1818//331 306//331
f 2066//2 2055//2 2067//2
f 1982//2 1949//2 2055//2
f 1955//2 2055//2 2066//2
f 2055//2 2054//2 2067//2
f 2092//610 2112//610 3065//610
f 1954//2 2055//2 1955//2
f 1680//228 1682//228 2093//228
f 1982//2 2055//2 1954//2
f 1949//2 1974//2 2055//2
f 1966//2 1965//2 2055//2
f 3065//611 2093//611 2092//611
f 1991//2 2055//2 1989//2
f 1994//2 2645//2 2055//2
f 2645//2 2111//2 2055//2
f 2472//612 2471//612 2499//612
f 2055//2 1974//2 1966//2
f 1997//2 2055//2 1965//2
f 1997//2 1999//2 2055//2
f 1999//2 1989//2 2055//2
f 1991//2 1993//2 2055//2
f 1993//2 1994//2 2055//2
f 2641//613 2500//613 2627//613
f 1753//2 2054//2 2085//2
f 2082//2 2085//2 2054//2
f 1752//2 2067//2 2054//2
f 2089//2 2088//2 2054//2
f 2054//2 2088//2 2080//2
f 2054//2 2080//2 2082//2
f 1753//2 1752//2 2054//2
f 3066//614 3067//614 1426//614
f 2008//2 2055//2 2005//2
f 2005//2 2055//2 2102//2
f 2007//2 3068//2 2055//2
f 3069//2 3070//2 2055//2
f 2013//2 2011//2 2055//2
f 2100//2 2055//2 2011//2
f 2100//2 2102//2 2055//2
f 2055//2 2111//2 2017//2
f 2017//2 2013//2 2055//2
f 2008//2 2007//2 2055//2
f 2199//615 2203//615 1724//615
f 2613//616 1724//616 2203//616
f 2115//617 3071//617 2114//617
f 2119//2 2039//2 3072//2
f 3072//2 3073//2 2119//2
f 2045//2 2119//2 3073//2
f 2039//2 2038//2 3072//2
f 3074//2 3072//2 2038//2
f 2038//2 2129//2 3074//2
f 2048//2 2047//2 3074//2
f 3075//2 3074//2 2047//2
f 2028//2 3076//2 2025//2
f 2139//2 3076//2 2028//2
f 1522//2 3077//2 2139//2
f 1521//2 3077//2 1522//2
f 2129//2 2048//2 3074//2
f 2708//618 3078//618 3079//618
f 3079//362 2707//362 2708//362
f 609//619 2541//619 1681//619
f 3080//620 3078//620 3081//620
f 2206//314 1778//314 1777//314
f 3082//621 1877//621 3083//621
f 2215//622 2227//622 3084//622
f 1885//230 1882//230 1881//230
f 2719//623 3085//623 2714//623
f 1777//624 2207//624 2206//624
f 3086//625 1435//625 1441//625
f 3087//626 3088//626 2207//626
f 3089//2 1501//2 1277//2
f 3090//627 2117//627 1884//627
f 3091//2 3089//2 1277//2
f 1516//2 1510//2 1512//2
f 1277//2 1502//2 1510//2
f 2105//628 3092//628 3093//628
f 2105//628 3093//628 1887//628
f 3093//629 1888//629 1887//629
f 3094//2 3095//2 1614//2
f 3096//2 3097//2 1614//2
f 3098//630 3092//630 2105//630
f 3098//631 2105//631 1895//631
f 3099//2 3100//2 3101//2
f 3102//2 3103//2 3091//2
f 3104//2 3105//2 3091//2
f 3106//2 1614//2 3097//2
f 1892//346 1891//346 2115//346
f 3107//2 3104//2 3091//2
f 3095//2 3108//2 1614//2
f 1889//632 3109//632 1892//632
f 3110//2 3111//2 1614//2
f 3108//2 3110//2 1614//2
f 1894//633 1893//633 2211//633
f 3112//375 2211//375 2210//375
f 1277//2 3107//2 3091//2
f 3111//2 3096//2 1614//2
f 3113//2 3094//2 1614//2
f 1277//2 1276//2 3114//2
f 3115//2 3099//2 3091//2
f 2618//2 1589//2 1229//2
f 3116//2 1277//2 3117//2
f 3117//2 1277//2 3118//2
f 3118//2 1277//2 3119//2
f 1792//2 3120//2 1229//2
f 1230//2 1229//2 3120//2
f 3121//2 3122//2 1230//2
f 3055//2 1794//2 1776//2
f 3114//2 3123//2 1277//2
f 3124//2 1277//2 3116//2
f 2514//507 2561//507 2198//507
f 3107//2 1277//2 3124//2
f 3105//2 3102//2 3091//2
f 3103//2 3125//2 3091//2
f 3125//2 3115//2 3091//2
f 3123//2 3119//2 1277//2
f 3126//2 1777//2 1794//2
f 2611//615 2613//615 2203//615
f 3101//2 3091//2 3099//2
f 3127//2 3101//2 3100//2
f 3100//2 3128//2 3127//2
f 1796//324 3126//324 1794//324
f 3129//2 3130//2 3131//2
f 3132//2 3133//2 3129//2
f 1589//2 1792//2 1229//2
f 1590//272 1589//272 2618//272
f 3128//2 3134//2 3127//2
f 3078//618 3080//618 3079//618
f 3097//2 3127//2 3135//2
f 3135//2 3106//2 3097//2
f 3136//2 3137//2 3138//2
f 3139//2 3113//2 1614//2
f 3134//2 3135//2 3127//2
f 3139//2 1614//2 3140//2
f 3138//2 3112//2 3126//2
f 3141//2 3142//2 3143//2
f 3143//2 3144//2 3145//2
f 3142//2 3146//2 3147//2
f 3148//2 3145//2 3144//2
f 3144//2 3131//2 3148//2
f 3149//2 3147//2 3146//2
f 3146//2 3150//2 3149//2
f 3138//634 3126//634 2083//634
f 1796//634 2083//634 3126//634
f 3151//2 3140//2 1614//2
f 3152//2 3151//2 1614//2
f 1630//2 3152//2 1614//2
f 1777//2 1776//2 1794//2
f 3055//635 1797//635 1794//635
f 3153//2 3154//2 3155//2
f 3156//2 3056//2 1530//2
f 1530//2 1008//2 3156//2
f 3064//2 3156//2 1008//2
f 1008//2 1010//2 3064//2
f 2528//503 2527//503 2531//503
f 2078//636 2086//636 3121//636
f 3121//636 2086//636 3122//636
f 2875//2 2874//2 2505//2
f 3155//2 3157//2 3153//2
f 3121//2 1230//2 3120//2
f 1769//312 1771//312 2875//312
f 3121//637 2079//637 2078//637
f 3158//2 3153//2 3157//2
f 3120//637 2079//637 3121//637
f 3159//2 3158//2 3157//2
f 2847//2 2845//2 3160//2
f 3161//2 3159//2 3162//2
f 3130//2 3129//2 3133//2
f 2861//2 3163//2 3160//2
f 3163//2 2847//2 3160//2
f 1792//605 2079//605 3120//605
f 3157//2 3162//2 3159//2
f 3162//2 3164//2 3161//2
f 3132//2 3161//2 3164//2
f 3132//2 3164//2 3133//2
f 1748//310 1750//310 1765//310
f 2086//606 3055//606 3122//606
f 310//607 606//607 2073//607
f 1772//313 1749//313 2873//313
f 3165//2 3155//2 3154//2
f 1567//638 610//638 1871//638
f 3056//2 3166//2 1526//2
f 2073//328 1818//328 310//328
f 2871//206 2874//206 3167//206
f 2876//206 3167//206 2874//206
f 3063//2 1539//2 3168//2
f 1539//2 2065//2 3168//2
f 3169//2 1025//2 3060//2
f 3059//2 1025//2 3169//2
f 1768//639 2872//639 3167//639
f 3167//639 2872//639 2871//639
f 3170//2 1029//2 3063//2
f 3061//2 1029//2 3170//2
f 3171//2 1028//2 3061//2
f 3060//2 1028//2 3171//2
f 3057//2 1023//2 3059//2
f 3166//2 3165//2 1525//2
f 1525//2 1526//2 3166//2
f 3154//2 1525//2 3165//2
f 1749//303 1748//303 2873//303
f 3172//2 3173//2 2065//2
f 3173//2 3168//2 2065//2
f 3174//2 3175//2 3176//2
f 3177//2 3178//2 3179//2
f 3180//2 3179//2 3178//2
f 3178//2 3172//2 3180//2
f 2065//2 3180//2 3172//2
f 3181//2 3182//2 3174//2
f 2848//2 2856//2 3160//2
f 2858//2 2839//2 3160//2
f 3183//2 3160//2 2839//2
f 1762//2 3183//2 2839//2
f 3184//2 1762//2 2839//2
f 3185//2 3184//2 2839//2
f 2856//2 2852//2 3160//2
f 2852//2 3186//2 3160//2
f 3186//2 2858//2 3160//2
f 1765//2 3185//2 2839//2
f 1748//2 1765//2 2839//2
f 3187//276 1650//276 1575//276
f 3187//640 3136//640 1650//640
f 3138//641 2083//641 3136//641
f 3188//2 3189//2 3190//2
f 3191//2 3188//2 3192//2
f 3190//2 3192//2 3188//2
f 1577//337 1774//337 1872//337
f 3193//337 1872//337 1871//337
f 3145//2 3141//2 3143//2
f 3147//2 3143//2 3142//2
f 3148//2 3131//2 3130//2
f 3150//2 3194//2 3195//2
f 3196//2 3195//2 3194//2
f 3194//2 3191//2 3196//2
f 3192//2 3196//2 3191//2
f 3197//2 3198//2 606//2
f 3199//2 3197//2 606//2
f 314//2 3199//2 606//2
f 314//2 606//2 310//2
f 1817//2 308//2 310//2
f 306//2 308//2 1817//2
f 301//2 300//2 306//2
f 3200//642 3201//642 3202//642
f 3203//2 3175//2 3204//2
f 3176//2 3175//2 3203//2
f 3205//2 3206//2 3207//2
f 3186//643 2852//643 2851//643
f 3208//2 3209//2 3210//2
f 3204//2 3208//2 3211//2
f 3210//2 3211//2 3208//2
f 2862//644 3212//644 3213//644
f 3214//2 3210//2 3209//2
f 3215//2 3216//2 3205//2
f 3205//2 3216//2 3209//2
f 3207//2 3215//2 3205//2
f 3201//644 3213//644 3212//644
f 3217//645 2858//645 2851//645
f 3193//638 1871//638 610//638
f 3195//2 3149//2 3150//2
f 3186//645 2851//645 2858//645
f 628//2 1626//2 1614//2
f 1615//2 1614//2 1617//2
f 2859//584 2850//584 2856//584
f 1567//266 606//266 610//266
f 2847//585 3163//585 2857//585
f 3218//2 3190//2 3219//2
f 3189//2 3219//2 3190//2
f 3220//2 3218//2 3219//2
f 3217//586 2840//586 2858//586
f 1680//2 3221//2 1872//2
f 3221//2 3065//2 1872//2
f 3065//2 3222//2 1872//2
f 1872//2 3193//2 1680//2
f 1577//2 1872//2 3222//2
f 3223//2 1577//2 3222//2
f 3071//2 1577//2 3223//2
f 1891//2 1577//2 3071//2
f 1577//2 3092//2 1575//2
f 1894//2 3137//2 3187//2
f 3193//2 610//2 1680//2
f 2848//348 2849//348 2856//348
f 2861//646 2863//646 3163//646
f 3222//610 3065//610 2112//610
f 2857//646 3163//646 2863//646
f 3221//228 1680//228 2093//228
f 3213//647 2863//647 2862//647
f 3224//2 2866//2 3225//2
f 3071//648 3223//648 2114//648
f 1782//649 2864//649 1780//649
f 1780//649 2864//649 3224//649
f 2866//2 2870//2 3225//2
f 2864//589 2866//589 3224//589
f 3065//611 3221//611 2093//611
f 3226//2 3202//2 3160//2
f 3227//2 3225//2 3160//2
f 3212//2 2862//2 3160//2
f 2862//2 2861//2 3160//2
f 2112//650 2114//650 3222//650
f 3223//650 3222//650 2114//650
f 3183//651 1779//651 3228//651
f 3183//651 3228//651 3160//651
f 611//277 1681//277 1680//277
f 3228//652 1781//652 3227//652
f 3229//653 3230//653 3231//653
f 3228//652 3227//652 3160//652
f 3202//2 3212//2 3160//2
f 1779//315 3183//315 1762//315
f 3092//2 3098//2 1575//2
f 3184//309 1763//309 1762//309
f 1650//641 3136//641 2083//641
f 1781//316 1780//316 3227//316
f 611//2 1680//2 610//2
f 3198//2 608//2 606//2
f 3184//654 3185//654 1763//654
f 1765//310 1763//310 3185//310
f 1681//619 611//619 609//619
f 3232//655 3233//655 3234//655
f 2870//2 2869//2 893//2
f 893//2 3225//2 2870//2
f 1776//2 1879//2 1230//2
f 1881//2 3090//2 1230//2
f 1874//2 1230//2 1883//2
f 1874//338 1883//338 1875//338
f 3233//656 3232//656 3235//656
f 1230//2 3122//2 1776//2
f 2032//442 2278//442 2280//442
f 2215//621 3083//621 1877//621
f 2058//416 2768//416 2059//416
f 2280//657 2279//657 3236//657
f 1874//2 3082//2 1230//2
f 1874//658 1877//658 3082//658
f 1776//341 1778//341 1879//341
f 3237//2 2703//2 3238//2
f 2043//659 3239//659 2030//659
f 2058//534 2670//534 2672//534
f 2439//660 3240//660 2437//660
f 3231//91 3241//91 3229//91
f 1881//661 1880//661 2117//661
f 2795//562 3242//562 2682//562
f 2117//661 3090//661 1881//661
f 1881//2 1230//2 1885//2
f 3243//662 3244//662 3245//662
f 3246//663 3247//663 3248//663
f 1883//2 1230//2 3249//2
f 3249//2 1230//2 3090//2
f 3249//342 1884//342 1883//342
f 3122//2 3055//2 1776//2
f 2207//624 1777//624 3087//624
f 2030//403 3250//403 2031//403
f 2210//664 2207//664 3088//664
f 3112//664 2210//664 3088//664
f 1885//2 1230//2 1879//2
f 1878//492 1882//492 1879//492
f 3251//665 3239//665 2043//665
f 3249//627 3090//627 1884//627
f 3098//2 3252//2 1575//2
f 3187//2 1575//2 3252//2
f 1890//2 3109//2 1577//2
f 2043//410 2040//410 3251//410
f 3093//2 3092//2 1577//2
f 1890//2 1577//2 1891//2
f 3253//571 2821//571 2820//571
f 1888//2 3093//2 1577//2
f 3109//2 1888//2 1577//2
f 1889//345 1888//345 3109//345
f 2820//666 3254//666 3253//666
f 3071//667 2115//667 1891//667
f 2438//463 3255//463 2439//463
f 2072//422 3256//422 2049//422
f 1890//632 1892//632 3109//632
f 3257//668 3258//668 3259//668
f 3137//2 3112//2 3138//2
f 2211//633 3137//633 1894//633
f 1777//2 3126//2 3087//2
f 3087//2 3126//2 3088//2
f 3260//669 3261//669 3262//669
f 3088//2 3126//2 3112//2
f 3112//375 3137//375 2211//375
f 3262//670 3263//670 2449//670
f 3136//2 3187//2 3137//2
f 3252//2 1894//2 3187//2
f 1894//347 3252//347 1895//347
f 3264//386 2784//386 3265//386
f 2783//671 2454//671 3265//671
f 3266//672 1451//672 1456//672
f 1895//631 3252//631 3098//631
f 2774//360 2799//360 2455//360
f 1926//2 717//2 3267//2
f 3267//673 2120//673 2123//673
f 2123//674 1926//674 3267//674
f 3268//675 3269//675 2827//675
f 3270//676 3271//676 1474//676
f 3267//677 3272//677 2120//677
f 2860//587 3273//587 2819//587
f 1032//2 3274//2 3275//2
f 3274//2 3276//2 3275//2
f 3268//573 2827//573 2826//573
f 3275//13 1926//13 2122//13
f 2123//13 2122//13 1926//13
f 3277//2 3278//2 1032//2
f 3279//2 1027//2 1026//2
f 3280//449 3281//449 3282//449
f 2713//358 3283//358 2705//358
f 3284//678 3285//678 2957//678
f 3286//679 3287//679 3288//679
f 2560//267 2561//267 2716//267
f 3289//680 2836//680 3290//680
f 3291//4 3292//4 3293//4
f 3294//563 2802//563 2801//563
f 2948//4 2422//4 2629//4
f 3294//681 3295//681 2802//681
f 2628//13 2722//13 3296//13
f 3291//682 3293//682 3295//682
f 2422//43 3297//43 2229//43
f 3298//683 3299//683 3300//683
f 3301//684 3302//684 3303//684
f 3304//53 3305//53 2723//53
f 3300//685 3306//685 3298//685
f 3307//43 3292//43 3299//43
f 3308//686 3309//686 3282//686
f 3290//449 3282//449 3281//449
f 3310//13 3309//13 3311//13
f 3312//687 3313//687 3314//687
f 3311//688 3314//688 3310//688
f 3315//689 3316//689 3317//689
f 2615//53 2614//53 47//53
f 3318//690 3319//690 3316//690
f 1491//691 3320//691 1494//691
f 3320//598 1493//598 1494//598
f 3321//692 3322//692 3323//692
f 3324//595 2932//595 780//595
f 2723//13 3324//13 780//13
f 3325//693 3326//693 3052//693
f 3327//694 1896//694 1914//694
f 3325//221 3052//221 3051//221
f 2614//267 1574//267 1573//267
f 3328//575 3329//575 2932//575
f 3330//695 2927//695 2951//695
f 3331//53 47//53 2614//53
f 3332//696 3333//696 3330//696
f 2956//598 2955//598 3334//598
f 3334//697 2961//697 2956//697
f 3335//698 3336//698 3337//698
f 3327//358 1914//358 1913//358
f 3338//699 3339//699 3340//699
f 3341//414 3342//414 3343//414
f 1837//700 3344//700 1924//700
f 3345//615 3346//615 1970//615
f 2626//701 2628//701 3347//701
f 1863//439 2626//439 3347//439
f 1971//293 1969//293 1968//293
f 1978//323 1980//323 1928//323
f 1979//702 1980//702 1967//702
f 3348//2 3349//2 3350//2
f 3349//2 3351//2 3350//2
f 3350//2 3218//2 3348//2
f 3352//2 3348//2 3218//2
f 3220//2 3352//2 3218//2
f 3353//703 1442//703 1433//703
f 3354//2 3355//2 3356//2
f 3355//2 3206//2 3356//2
f 3205//2 3356//2 3206//2
f 2620//510 3357//510 2621//510
f 3358//510 2621//510 3357//510
f 3023//704 3359//704 3360//704
f 3361//2 3362//2 3363//2
f 3363//2 3354//2 3361//2
f 3356//2 3361//2 3354//2
f 3358//705 3364//705 2621//705
f 3365//706 3024//706 3360//706
f 3366//263 3337//263 3367//263
f 3368//2 3369//2 3370//2
f 1612//707 1914//707 1896//707
f 3367//708 3371//708 3366//708
f 3372//2 3373//2 3351//2
f 3373//2 3350//2 3351//2
f 3374//2 3375//2 3376//2
f 3377//2 3378//2 3379//2
f 3370//2 3380//2 3377//2
f 3374//2 3379//2 3378//2
f 3381//2 3369//2 3368//2
f 3382//2 3383//2 3384//2
f 3385//2 3386//2 3387//2
f 3386//2 3388//2 3387//2
f 3373//2 3385//2 3387//2
f 3372//2 3385//2 3373//2
f 3388//2 3389//2 3387//2
f 3375//2 3387//2 3389//2
f 3389//2 3376//2 3375//2
f 3378//2 3377//2 3380//2
f 3390//4 2406//4 3054//4
f 3391//2 3392//2 3393//2
f 3392//2 3394//2 3395//2
f 3395//2 3393//2 3392//2
f 1837//335 1836//335 3344//335
f 3396//709 2617//709 1925//709
f 3397//2 3363//2 3362//2
f 1424//614 1426//614 3067//614
f 3393//2 3398//2 3391//2
f 3399//2 3400//2 3401//2
f 3402//2 3391//2 3398//2
f 1439//710 1424//710 3067//710
f 3362//2 3403//2 3397//2
f 3404//2 3397//2 3403//2
f 3336//711 3335//711 3038//711
f 3405//2 3404//2 3406//2
f 3403//2 3406//2 3404//2
f 3407//2 3408//2 3409//2
f 3398//2 3407//2 3402//2
f 3409//2 3402//2 3407//2
f 3177//2 3179//2 3410//2
f 3182//2 3410//2 3179//2
f 3175//2 3174//2 3182//2
f 3208//2 3204//2 3175//2
f 3216//2 3214//2 3209//2
f 3181//2 3410//2 3182//2
f 3411//2 3412//2 2055//2
f 3070//2 3411//2 2055//2
f 3069//2 2055//2 3068//2
f 3413//2 3414//2 3415//2
f 3415//2 3414//2 3416//2
f 3417//2 3418//2 3413//2
f 3419//712 603//712 1446//712
f 3412//2 3420//2 2055//2
f 3421//2 2055//2 3420//2
f 3422//2 3423//2 3421//2
f 3296//13 3424//13 2628//13
f 3425//2 3426//2 3427//2
f 3428//2 3427//2 3429//2
f 3429//2 3430//2 3428//2
f 3416//2 3426//2 3425//2
f 3431//2 3430//2 3422//2
f 3432//713 1968//713 1967//713
f 3423//2 3422//2 3433//2
f 3434//2 3422//2 3435//2
f 3436//2 3421//2 3423//2
f 3437//2 3421//2 3436//2
f 3434//2 3433//2 3422//2
f 3438//2 3439//2 3421//2
f 3440//2 2055//2 3441//2
f 3442//714 1458//714 1457//714
f 55//715 2580//715 56//715
f 2913//716 3443//716 2911//716
f 3444//2 3416//2 3414//2
f 2962//717 3445//717 2913//717
f 45//13 906//13 47//13
f 3426//2 3416//2 3444//2
f 3414//2 3413//2 3418//2
f 2036//2 2035//2 3446//2
f 3076//2 2139//2 3077//2
f 2047//2 2026//2 3075//2
f 2019//2 2036//2 3446//2
f 2020//2 2019//2 3446//2
f 3446//2 3418//2 2020//2
f 3417//2 2020//2 3418//2
f 3073//2 3446//2 2035//2
f 2035//2 2045//2 3073//2
f 3075//2 2025//2 3076//2
f 3431//2 3428//2 3430//2
f 3435//2 3422//2 3430//2
f 3429//2 3427//2 3426//2
f 3447//2 3448//2 3449//2
f 2435//2 3449//2 3448//2
f 3448//2 3450//2 2435//2
f 1473//718 3451//718 1474//718
f 1513//2 2435//2 3450//2
f 1514//2 1513//2 3450//2
f 3452//2 1514//2 3450//2
f 1836//719 1838//719 2610//719
f 3077//2 1521//2 3452//2
f 980//4 3054//4 2406//4
f 3437//2 3453//2 3421//2
f 3438//2 3421//2 3453//2
f 3439//2 3441//2 3421//2
f 2055//2 3421//2 3441//2
f 2617//720 3454//720 1938//720
f 3455//2 3456//2 3440//2
f 1938//369 3457//369 1913//369
f 3458//2 3456//2 3455//2
f 3459//2 3456//2 3458//2
f 3460//2 3456//2 3461//2
f 3461//2 3456//2 3459//2
f 3462//2 3463//2 3464//2
f 3465//721 3326//721 3466//721
f 3467//2 3468//2 2457//2
f 3331//722 2614//722 1573//722
f 2425//2 3469//2 3470//2
f 3471//2 3472//2 2453//2
f 3463//2 2425//2 3473//2
f 3473//2 3464//2 3463//2
f 3464//2 3474//2 3462//2
f 3475//575 3329//575 3328//575
f 3454//723 2617//723 3396//723
f 2055//2 3440//2 3456//2
f 3476//2 3456//2 3477//2
f 3478//724 790//724 3328//724
f 3406//2 3479//2 3405//2
f 3480//2 3405//2 3479//2
f 3481//2 3480//2 3479//2
f 3479//2 3482//2 3481//2
f 3408//2 3481//2 3482//2
f 3482//2 3409//2 3408//2
f 3483//2 3395//2 3394//2
f 3394//2 494//2 3483//2
f 494//2 3484//2 3483//2
f 3485//2 3483//2 3484//2
f 3486//2 3487//2 3488//2
f 3489//2 3490//2 3456//2
f 3490//2 3491//2 3456//2
f 3492//2 759//2 3493//2
f 3494//2 759//2 3495//2
f 3496//2 759//2 3494//2
f 3488//2 759//2 3496//2
f 3492//2 3495//2 759//2
f 3497//2 3477//2 3456//2
f 3498//2 3497//2 3456//2
f 3491//2 3498//2 3456//2
f 3457//623 1938//623 3454//623
f 3499//2 3500//2 3501//2
f 3023//725 2911//725 3359//725
f 3502//2 3456//2 3503//2
f 3365//726 3360//726 3359//726
f 3504//2 3456//2 3502//2
f 3505//2 3456//2 3504//2
f 3506//2 3456//2 3505//2
f 3489//2 3456//2 3506//2
f 3340//2 3339//2 3507//2
f 3508//2 3509//2 3510//2
f 3511//2 3512//2 3487//2
f 3503//2 3456//2 3460//2
f 3513//727 3514//727 3515//727
f 3516//2 3517//2 3501//2
f 3518//2 3323//2 3519//2
f 3520//2 3518//2 3521//2
f 3522//2 3471//2 2452//2
f 3523//2 3476//2 3487//2
f 3524//2 3525//2 3526//2
f 3527//2 3524//2 3526//2
f 2955//678 2957//678 3285//678
f 3477//2 3528//2 3476//2
f 3528//2 3487//2 3476//2
f 3512//2 3523//2 3487//2
f 1967//702 1980//702 3432//702
f 3528//2 3526//2 3487//2
f 3346//2 55//2 3357//2
f 3528//2 3527//2 3526//2
f 3529//2 3526//2 3525//2
f 3529//2 3525//2 3530//2
f 3486//2 3511//2 3487//2
f 759//2 3488//2 3487//2
f 3531//2 3532//2 3533//2
f 3534//2 3501//2 3517//2
f 3517//2 3535//2 3534//2
f 3338//728 3340//728 3510//728
f 1896//2 55//2 1572//2
f 3327//2 55//2 1896//2
f 1913//2 55//2 3327//2
f 3457//2 55//2 1913//2
f 3454//2 55//2 3457//2
f 3396//2 55//2 3454//2
f 1924//2 55//2 3396//2
f 3344//2 55//2 1924//2
f 1836//2 55//2 3344//2
f 3364//2 55//2 1836//2
f 3358//2 55//2 3364//2
f 3357//2 55//2 3358//2
f 1573//2 1572//2 55//2
f 3331//2 1573//2 55//2
f 3517//729 3536//729 3535//729
f 585//2 419//2 3537//2
f 3538//2 3539//2 3540//2
f 3541//2 582//2 3537//2
f 3343//2 3342//2 3542//2
f 3337//263 3543//263 3367//263
f 3544//2 3545//2 3533//2
f 3539//2 3546//2 3540//2
f 3547//2 3548//2 3549//2
f 3371//730 3550//730 3551//730
f 3552//2 3553//2 3554//2
f 3553//2 3529//2 3554//2
f 3551//43 3555//43 2406//43
f 3556//2 546//2 3552//2
f 3557//2 618//2 3556//2
f 760//2 557//2 3547//2
f 3558//731 3559//731 3535//731
f 2610//732 2621//732 3364//732
f 3369//2 3381//2 3383//2
f 3380//2 3370//2 3369//2
f 3375//2 3374//2 3378//2
f 3384//2 3383//2 3381//2
f 3560//2 3561//2 3562//2
f 3390//43 3551//43 2406//43
f 3364//620 1836//620 2610//620
f 3562//2 3563//2 3564//2
f 3565//504 3566//504 3567//504
f 2173//733 3278//733 2167//733
f 3277//734 2167//734 3278//734
f 3277//2 1032//2 3568//2
f 3275//2 3568//2 1032//2
f 2122//623 2143//623 3568//623
f 2963//697 2956//697 2961//697
f 2122//735 3568//735 3275//735
f 3277//709 3568//709 2143//709
f 3277//709 2143//709 2167//709
f 3569//736 3570//736 3571//736
f 3038//604 3018//604 3572//604
f 3038//711 3572//711 3336//711
f 1925//362 1924//362 3396//362
f 1968//15 55//15 1971//15
f 1971//2 55//2 3345//2
f 1970//378 1971//378 3345//378
f 2620//616 1970//616 3346//616
f 3357//615 2620//615 3346//615
f 3345//2 55//2 3346//2
f 3432//2 55//2 1968//2
f 1980//2 55//2 3432//2
f 1978//2 55//2 1980//2
f 1861//2 55//2 1978//2
f 3573//2 55//2 1861//2
f 47//2 3331//2 55//2
f 3424//2 55//2 3347//2
f 2628//701 3424//701 3347//701
f 1863//439 3347//439 3573//439
f 3574//2 3564//2 3575//2
f 1863//317 3573//317 1861//317
f 3576//737 123//737 3577//737
f 3578//2 3382//2 3579//2
f 3580//2 3578//2 3579//2
f 3581//2 3582//2 3583//2
f 3582//2 3574//2 3583//2
f 3575//2 3583//2 3574//2
f 3384//2 3584//2 3382//2
f 3584//2 3579//2 3382//2
f 3580//2 3581//2 3578//2
f 3583//2 3578//2 3581//2
f 3563//2 3562//2 3561//2
f 3585//2 3564//2 3563//2
f 3575//2 3564//2 3585//2
f 3586//2 3587//2 3560//2
f 3561//2 3560//2 3587//2
f 3588//2 3589//2 3586//2
f 3401//2 3590//2 3588//2
f 3587//2 3586//2 3589//2
f 3399//2 3591//2 3592//2
f 3400//2 3399//2 3592//2
f 3592//2 3591//2 3593//2
f 3590//2 3401//2 3400//2
f 3589//2 3588//2 3590//2
f 3591//2 3485//2 3593//2
f 3484//2 3593//2 3485//2
f 3347//2 55//2 3573//2
f 3594//2 3595//2 3424//2
f 3595//2 55//2 3424//2
f 3596//2 58//2 47//2
f 57//2 3596//2 47//2
f 3597//2 3493//2 759//2
f 3598//2 3599//2 3600//2
f 3601//2 3600//2 3599//2
f 3602//2 3603//2 3599//2
f 55//2 57//2 47//2
f 3603//2 3604//2 3599//2
f 759//2 3599//2 3604//2
f 2580//715 55//715 3595//715
f 3597//2 759//2 3605//2
f 3598//2 3602//2 3599//2
f 759//2 3604//2 3606//2
f 759//2 3606//2 3607//2
f 3607//2 3605//2 759//2
f 3595//738 3594//738 2580//738
f 3557//2 3608//2 3609//2
f 618//2 3557//2 3609//2
f 550//2 3609//2 3608//2
f 634//2 3556//2 618//2
f 546//2 3556//2 634//2
f 3530//2 3554//2 3529//2
f 3553//2 3552//2 546//2
f 3550//2 2961//2 3555//2
f 2406//2 3610//2 1822//2
f 3003//739 2631//739 2477//739
f 3611//2 3547//2 576//2
f 576//2 3612//2 3611//2
f 556//2 576//2 3547//2
f 3612//2 447//2 3611//2
f 3613//2 3611//2 447//2
f 447//2 3614//2 3613//2
f 3614//2 430//2 3613//2
f 430//2 551//2 3613//2
f 3608//2 3613//2 551//2
f 551//2 550//2 3608//2
f 557//2 556//2 3547//2
f 3549//2 760//2 3547//2
f 772//2 3549//2 3548//2
f 464//2 772//2 3548//2
f 3537//2 419//2 3548//2
f 2787//740 2784//740 3615//740
f 3610//594 2926//594 2421//594
f 3616//741 3617//741 3618//741
f 3610//4 2421//4 2252//4
f 418//2 3548//2 419//2
f 463//2 3548//2 418//2
f 464//2 3548//2 463//2
f 3619//2 3540//2 3546//2
f 582//2 3541//2 81//2
f 585//2 3537//2 581//2
f 581//2 3537//2 582//2
f 1514//2 3452//2 1524//2
f 2026//2 2025//2 3075//2
f 3305//2 3304//2 782//2
f 2479//421 2434//421 2069//421
f 786//2 841//2 780//2
f 2786//2 2791//2 865//2
f 823//2 865//2 2791//2
f 865//2 864//2 2786//2
f 2684//2 2786//2 864//2
f 2795//2 2684//2 1540//2
f 826//2 2795//2 1540//2
f 825//2 2796//2 826//2
f 869//2 3620//2 825//2
f 871//2 2832//2 833//2
f 3621//2 789//2 2931//2
f 3329//2 789//2 3621//2
f 2931//2 789//2 780//2
f 3618//484 2483//484 2482//484
f 3151//742 3622//742 3140//742
f 3304//13 2723//13 780//13
f 3623//743 2462//743 2461//743
f 3624//744 3625//744 3140//744
f 3626//725 3627//725 2475//725
f 3329//2 3475//2 789//2
f 790//2 789//2 3475//2
f 3326//2 789//2 788//2
f 908//2 789//2 3325//2
f 3326//2 3325//2 789//2
f 913//2 909//2 908//2
f 3621//575 2932//575 3329//575
f 2931//745 2932//745 3621//745
f 3628//746 3629//746 3630//746
f 3465//693 3052//693 3326//693
f 2633//747 2634//747 3631//747
f 3325//221 3051//221 908//221
f 908//223 3051//223 913//223
f 3051//223 3632//223 913//223
f 3466//721 3326//721 788//721
f 2633//608 3631//608 3062//608
f 3466//748 788//748 3478//748
f 790//748 3478//748 788//748
f 3266//749 1456//749 1487//749
f 903//53 3054//53 980//53
f 3475//724 3328//724 790//724
f 3633//750 1477//750 1479//750
f 2926//2 2406//2 2951//2
f 3332//695 3330//695 2951//695
f 3106//387 3634//387 1614//387
f 3330//696 3333//696 3284//696
f 3635//751 1484//751 1483//751
f 3097//752 3636//752 3127//752
f 1490//753 3637//753 1489//753
f 1489//598 3637//598 1492//598
f 3337//698 3336//698 3543//698
f 3638//754 3445//754 2962//754
f 3096//755 3639//755 3097//755
f 3095//756 3640//756 3108//756
f 3641//706 3024//706 3365//706
f 2619//757 2231//757 2622//757
f 3642//758 3643//758 2622//758
f 3644//759 3645//759 2076//759
f 3627//760 3626//760 2464//760
f 2462//761 2467//761 2460//761
f 3646//762 2639//762 2485//762
f 2629//596 2627//596 2948//596
f 2470//479 3647//479 2471//479
f 2818//2 2817//2 872//2
f 1553//2 2818//2 872//2
f 838//2 3254//2 1553//2
f 837//2 3253//2 838//2
f 875//2 3648//2 873//2
f 875//2 877//2 3649//2
f 1557//2 3649//2 877//2
f 1605//2 2827//2 1557//2
f 1550//2 2828//2 1605//2
f 2501//661 2502//661 2491//661
f 1850//2 1917//2 3650//2
f 3651//763 3652//763 3653//763
f 2493//496 2502//496 2494//496
f 3654//2 3650//2 2000//2
f 2000//2 1975//2 3654//2
f 1975//2 1937//2 3654//2
f 1917//2 2000//2 3650//2
f 3655//2 3654//2 1937//2
f 1937//2 2012//2 3655//2
f 3650//2 3656//2 1850//2
f 1960//2 3657//2 1972//2
f 3658//764 3659//764 3660//764
f 2490//765 2492//765 3652//765
f 3661//2 3655//2 2012//2
f 1983//2 3661//2 2012//2
f 1985//2 3661//2 1983//2
f 1996//2 3661//2 1985//2
f 1995//2 3662//2 1996//2
f 1920//2 3662//2 1995//2
f 1922//2 3662//2 1920//2
f 1900//2 3662//2 1922//2
f 1899//2 3663//2 1900//2
f 1986//2 3663//2 1899//2
f 3664//2 3665//2 2022//2
f 1942//2 3663//2 1986//2
f 2263//440 2262//440 3666//440
f 3667//2 3664//2 3668//2
f 3669//2 3668//2 3664//2
f 3668//2 3670//2 3667//2
f 2022//2 3669//2 3664//2
f 3666//766 3671//766 2263//766
f 2986//603 3024//603 3641//603
f 3470//2 3473//2 2425//2
f 3468//2 3470//2 3469//2
f 3672//2 3673//2 3474//2
f 3469//2 2457//2 3468//2
f 3472//2 3467//2 2457//2
f 2457//2 2453//2 3472//2
f 2453//2 2452//2 3471//2
f 2452//2 3520//2 3522//2
f 3521//2 3522//2 3520//2
f 3674//2 3521//2 3518//2
f 3474//2 3447//2 3672//2
f 3673//2 3462//2 3474//2
f 3449//2 3672//2 3447//2
f 1521//2 1524//2 3452//2
f 3675//2 3676//2 2815//2
f 3677//2 2815//2 3676//2
f 2443//2 2814//2 3677//2
f 3245//2 3232//2 2444//2
f 3675//2 3247//2 3678//2
f 3678//2 2800//2 2430//2
f 3638//599 2962//599 2961//599
f 3519//2 3674//2 3518//2
f 3509//2 3519//2 3323//2
f 3323//2 3510//2 3509//2
f 3510//2 3340//2 3508//2
f 3507//2 3508//2 3340//2
f 2796//2 825//2 3620//2
f 3679//767 3680//767 2504//767
f 2636//768 3671//768 2634//768
f 1554//2 2821//2 837//2
f 833//2 2834//2 869//2
f 2795//2 826//2 2796//2
f 3443//717 2913//717 3445//717
f 3681//2 3682//2 3230//2
f 3230//2 3235//2 3681//2
f 3683//2 3681//2 3235//2
f 851//2 850//2 3231//2
f 3682//2 851//2 3231//2
f 3231//2 3230//2 3682//2
f 864//2 1540//2 2684//2
f 850//2 848//2 3241//2
f 848//2 823//2 3241//2
f 2791//2 3241//2 823//2
f 3241//2 3231//2 850//2
f 3247//2 3675//2 3684//2
f 2800//2 3678//2 3247//2
f 2279//657 3685//657 3236//657
f 2814//2 2442//2 3234//2
f 2813//2 3677//2 2814//2
f 3685//769 3686//769 3236//769
f 2438//769 3236//769 3686//769
f 3232//2 3245//2 3235//2
f 3234//2 2444//2 3232//2
f 2815//2 3677//2 2813//2
f 3245//2 3683//2 3235//2
f 2444//2 3234//2 2442//2
f 3684//2 3675//2 2815//2
f 2442//2 2814//2 2443//2
f 3250//659 2030//659 3239//659
f 2860//2 873//2 3648//2
f 3620//2 869//2 2834//2
f 3648//2 875//2 3649//2
f 3253//2 837//2 2821//2
f 2821//2 1554//2 2860//2
f 3687//462 2068//462 2436//462
f 2827//2 1605//2 2828//2
f 3649//2 1557//2 2827//2
f 2961//2 3550//2 3638//2
f 2961//2 3334//2 2406//2
f 3334//2 2955//2 2406//2
f 2955//2 3285//2 2406//2
f 3333//2 2406//2 3285//2
f 3332//2 2406//2 3333//2
f 2951//2 2406//2 3332//2
f 1549//2 2828//2 1550//2
f 3254//2 838//2 3253//2
f 2818//2 1553//2 3254//2
f 3285//770 3284//770 3333//770
f 2832//2 871//2 2817//2
f 871//2 872//2 2817//2
f 3688//2 2841//2 1549//2
f 2834//2 833//2 2832//2
f 873//2 2860//2 1554//2
f 2275//771 3689//771 2436//771
f 2841//2 3688//2 3258//2
f 3690//2 3263//2 3250//2
f 3239//2 3251//2 3690//2
f 3251//2 2040//2 3690//2
f 2445//2 3690//2 2040//2
f 2040//2 2042//2 2445//2
f 2042//2 2059//2 2755//2
f 2059//2 2768//2 2755//2
f 2768//2 2672//2 2755//2
f 2672//2 2671//2 2755//2
f 3691//772 3123//772 3114//772
f 2911//2 3443//2 3550//2
f 3443//2 3445//2 3550//2
f 2252//2 1822//2 3610//2
f 3445//2 3638//2 3550//2
f 3359//2 2911//2 3550//2
f 3365//2 3359//2 3543//2
f 3641//2 3365//2 3543//2
f 3336//15 2986//15 3543//15
f 3572//2 3018//2 3336//2
f 3018//2 2986//2 3336//2
f 3641//174 3543//174 2986//174
f 3692//768 2634//768 3671//768
f 2755//2 2445//2 2042//2
f 2637//609 3062//609 2478//609
f 2050//2 2049//2 3693//2
f 2049//2 3256//2 3693//2
f 3256//2 3694//2 3693//2
f 3694//2 2439//2 3693//2
f 2439//2 3255//2 3693//2
f 3689//2 2050//2 3693//2
f 3255//2 3686//2 3693//2
f 3695//2 3693//2 3686//2
f 3686//2 3685//2 3695//2
f 3687//2 3689//2 3693//2
f 3240//660 2439//660 3694//660
f 3240//773 3256//773 2072//773
f 3256//773 3240//773 3694//773
f 3550//708 3371//708 3367//708
f 3367//2 3543//2 3359//2
f 3555//774 3551//774 3550//774
f 3255//769 2438//769 3686//769
f 3555//2 2961//2 2406//2
f 2275//441 2050//441 3689//441
f 3550//2 3367//2 3359//2
f 3687//771 2436//771 3689//771
f 3696//2 2799//2 2797//2
f 3697//775 3698//775 3696//775
f 3699//775 3696//775 3698//775
f 2680//2 2679//2 2755//2
f 3250//2 3239//2 3690//2
f 2278//2 2031//2 3263//2
f 2031//2 3250//2 3263//2
f 3699//776 3700//776 3696//776
f 2799//776 3696//776 3700//776
f 2926//2 3610//2 2406//2
f 3263//2 3261//2 2279//2
f 2279//2 2278//2 3263//2
f 3261//2 3695//2 3685//2
f 3685//2 2279//2 3261//2
f 2446//468 2445//468 2755//468
f 2406//2 97//2 980//2
f 2446//43 2755//43 2787//43
f 3690//471 2445//471 2449//471
f 2449//670 3263//670 3690//670
f 2787//2 2755//2 2785//2
f 2782//2 2775//2 2454//2
f 2783//777 3265//777 2784//777
f 2785//2 2677//2 2787//2
f 2774//2 2775//2 2799//2
f 2456//671 3265//671 2454//671
f 2783//2 2782//2 2454//2
f 2774//474 2455//474 2454//474
f 3700//360 2455//360 2799//360
f 3643//302 3701//302 2625//302
f 3702//434 3647//434 2624//434
f 3615//43 2446//43 2787//43
f 3264//740 3615//740 2784//740
f 3697//2 3696//2 2797//2
f 2480//476 2075//476 2459//476
f 3645//778 3617//778 3703//778
f 3644//424 2076//424 2075//424
f 3703//759 2076//759 3645//759
f 2459//429 2434//429 2480//429
f 2474//725 2475//725 3627//725
f 3645//2 3644//2 3704//2
f 3617//2 3645//2 3704//2
f 3705//2 3704//2 3644//2
f 2496//2 3705//2 3644//2
f 2075//2 2496//2 3644//2
f 2480//2 2496//2 2075//2
f 2479//2 2212//2 2480//2
f 2068//2 3687//2 3693//2
f 2069//2 2212//2 2479//2
f 3706//757 3128//757 3100//757
f 2483//741 3618//741 3617//741
f 3707//2 3688//2 2657//2
f 3287//2 3688//2 3288//2
f 3288//2 3688//2 3707//2
f 3258//2 3688//2 3259//2
f 3259//2 3688//2 3287//2
f 3616//778 3703//778 3617//778
f 2828//2 1549//2 2841//2
f 2836//2 2657//2 3316//2
f 3688//2 3316//2 2657//2
f 3290//2 2836//2 3316//2
f 3708//2 3709//2 3688//2
f 3710//2 3711//2 3712//2
f 2430//2 2802//2 2431//2
f 3307//2 3713//2 3293//2
f 3714//2 3713//2 3307//2
f 2802//2 2430//2 2800//2
f 3295//2 2431//2 2802//2
f 3293//2 2431//2 3295//2
f 3298//2 3715//2 3299//2
f 3306//2 3716//2 3298//2
f 3301//2 3717//2 3306//2
f 3303//2 3718//2 3301//2
f 3719//2 3660//2 3303//2
f 3316//2 3315//2 3290//2
f 3315//2 3312//2 3308//2
f 3311//2 3308//2 3312//2
f 3314//2 3311//2 3312//2
f 3308//2 3282//2 3315//2
f 3282//2 3290//2 3315//2
f 3720//2 3318//2 3688//2
f 3628//779 3630//779 2484//779
f 3721//2 3722//2 3723//2
f 2431//2 3293//2 3713//2
f 3499//2 3507//2 3339//2
f 3500//2 3499//2 3339//2
f 3516//2 3501//2 3500//2
f 3559//2 3534//2 3535//2
f 3532//2 3531//2 3559//2
f 3531//2 3534//2 3559//2
f 3544//2 3533//2 3532//2
f 3545//2 3343//2 3542//2
f 3540//2 3542//2 3342//2
f 3538//2 3540//2 3342//2
f 3542//2 3533//2 3545//2
f 3566//2 3724//2 3567//2
f 2461//15 2460//15 3725//15
f 2461//2 3725//2 2466//2
f 2461//2 2466//2 3726//2
f 2461//2 3726//2 2474//2
f 2461//2 2474//2 3627//2
f 2461//2 3627//2 3727//2
f 2461//2 3727//2 2463//2
f 3728//2 2503//2 2463//2
f 2484//2 3679//2 3628//2
f 3628//2 2503//2 3728//2
f 2503//2 3628//2 3679//2
f 2461//2 2463//2 3729//2
f 3730//2 3731//2 3732//2
f 3630//779 2482//779 2484//779
f 3733//2 3731//2 3730//2
f 3713//2 3714//2 3712//2
f 3710//2 3712//2 3714//2
f 3734//2 3735//2 3712//2
f 3736//2 3734//2 3712//2
f 2463//780 2465//780 3629//780
f 3567//2 3724//2 144//2
f 3576//2 3724//2 3566//2
f 3728//781 2463//781 3629//781
f 3577//2 3724//2 3576//2
f 3737//2 3731//2 3733//2
f 3732//2 3731//2 3577//2
f 2464//478 2463//478 3727//478
f 3737//2 3515//2 3731//2
f 3514//2 3738//2 3515//2
f 3627//760 2464//760 3727//760
f 3307//2 3739//2 3714//2
f 3711//2 3740//2 3712//2
f 3718//2 3303//2 3660//2
f 3741//2 3298//2 3716//2
f 3742//2 3299//2 3715//2
f 3743//2 3301//2 3718//2
f 3717//2 3301//2 3743//2
f 3744//2 3306//2 3717//2
f 3715//2 3298//2 3741//2
f 3716//2 3306//2 3744//2
f 3745//2 3746//2 3747//2
f 3748//2 3739//2 3299//2
f 3307//2 3299//2 3739//2
f 3749//2 3748//2 3299//2
f 3742//2 3749//2 3299//2
f 3750//2 3751//2 3752//2
f 3753//2 3752//2 3751//2
f 3746//2 3745//2 3754//2
f 3755//275 3756//275 2705//275
f 2612//118 3081//118 3757//118
f 3719//2 3758//2 3759//2
f 3760//2 3719//2 3759//2
f 3660//2 3719//2 3760//2
f 3759//2 3758//2 3761//2
f 3750//2 3752//2 3762//2
f 3763//2 3753//2 3751//2
f 3754//2 3753//2 3763//2
f 3761//2 3747//2 3746//2
f 1434//782 3764//782 1433//782
f 3723//2 3571//2 3721//2
f 3735//2 3721//2 3712//2
f 3571//2 3712//2 3721//2
f 3722//2 3738//2 3514//2
f 3514//2 3723//2 3722//2
f 3740//2 3736//2 3712//2
f 527//13 1425//13 552//13
f 3738//2 3765//2 3515//2
f 3765//2 3766//2 3515//2
f 3731//2 3515//2 3766//2
f 3767//2 3768//2 3769//2
f 3770//2 269//2 3771//2
f 3772//2 3767//2 3773//2
f 3769//2 3773//2 3767//2
f 3768//2 3774//2 3769//2
f 3770//2 3775//2 269//2
f 3724//2 3577//2 3731//2
f 3731//2 3766//2 269//2
f 3776//2 269//2 3766//2
f 3771//2 269//2 3776//2
f 3777//2 3778//2 3779//2
f 3755//358 2705//358 3283//358
f 3780//2 3779//2 3778//2
f 3778//2 3777//2 3762//2
f 3780//2 3781//2 3782//2
f 3783//2 3782//2 3781//2
f 3784//2 3780//2 3782//2
f 3779//2 3780//2 3784//2
f 3785//2 3786//2 3787//2
f 3781//2 3788//2 3783//2
f 3086//783 1441//783 1447//783
f 3789//2 3790//2 272//2
f 770//784 3791//784 1478//784
f 559//2 3792//2 3793//2
f 3794//2 520//2 3793//2
f 2485//53 2389//53 3646//53
f 578//2 580//2 3795//2
f 1454//785 1455//785 3796//785
f 3797//2 272//2 3790//2
f 3798//2 3799//2 3800//2
f 3786//2 3801//2 3802//2
f 3792//2 3803//2 3793//2
f 767//786 1453//786 1488//786
f 3787//2 3783//2 3785//2
f 3788//2 3785//2 3783//2
f 3442//787 1457//787 3796//787
f 1454//787 3796//787 1457//787
f 3419//788 1446//788 1445//788
f 3804//2 3805//2 3688//2
f 3806//2 3805//2 3804//2
f 3688//2 3805//2 3807//2
f 3688//2 3807//2 3808//2
f 3688//2 3808//2 3809//2
f 3688//2 3809//2 3810//2
f 3688//2 3810//2 3811//2
f 3688//2 3811//2 3812//2
f 3813//2 3688//2 3812//2
f 3814//2 3688//2 3813//2
f 3815//2 3688//2 3814//2
f 3816//2 3688//2 3815//2
f 3708//2 3688//2 3816//2
f 3757//510 2613//510 2612//510
f 3817//2 3818//2 3819//2
f 3819//2 3820//2 3817//2
f 3821//2 3822//2 3823//2
f 3824//2 3823//2 3822//2
f 3822//2 3825//2 3824//2
f 3825//2 1972//2 3824//2
f 3657//2 3824//2 1972//2
f 3826//2 3688//2 3709//2
f 3720//2 3688//2 3826//2
f 3318//2 3316//2 3688//2
f 3827//2 3828//2 3829//2
f 3829//2 3830//2 3831//2
f 3831//2 3832//2 3833//2
f 1851//2 1850//2 3656//2
f 3820//2 3821//2 3823//2
f 1436//789 3834//789 1437//789
f 1942//2 1907//2 3665//2
f 3663//2 1942//2 3665//2
f 3835//2 3836//2 3837//2
f 3838//2 3819//2 3818//2
f 3818//2 3835//2 3838//2
f 3837//2 3838//2 3835//2
f 3839//2 3837//2 3836//2
f 3836//2 3840//2 3839//2
f 3841//2 3839//2 3840//2
f 1432//790 3842//790 1430//790
f 3843//789 1437//789 3834//789
f 3844//791 3834//791 1430//791
f 3710//4 3714//4 3845//4
f 3846//4 3845//4 3714//4
f 3739//53 3847//53 3714//53
f 3711//792 3710//792 3848//792
f 3845//792 3848//792 3710//792
f 3843//793 1438//793 1437//793
f 3849//152 3742//152 3715//152
f 767//784 1488//784 3791//784
f 1482//794 765//794 1478//794
f 3849//795 3715//795 3741//795
f 3850//796 3851//796 3760//796
f 3852//797 3853//797 3763//797
f 3854//798 3759//798 3761//798
f 3270//718 1474//718 3451//718
f 3855//4 1480//4 1452//4
f 3633//586 1479//586 1480//586
f 3856//799 2706//799 2124//799
f 1481//800 3857//800 1483//800
f 3854//801 3761//801 3746//801
f 1847//4 1230//4 1854//4
f 2703//802 3858//802 1854//802
f 3859//803 3734//803 3736//803
f 3722//804 3860//804 3738//804
f 3848//805 3861//805 3711//805
f 1466//53 1472//53 3862//53
f 3863//53 3862//53 1472//53
f 3862//526 3864//526 1466//526
f 3865//806 1448//806 1467//806
f 3866//807 3765//807 3867//807
f 3706//808 3134//808 3128//808
f 3868//443 3865//443 1471//443
f 3451//809 1473//809 1448//809
f 3869//810 3147//810 3149//810
f 3635//800 1483//800 3857//800
f 3869//811 3143//811 3147//811
f 3855//812 1452//812 1451//812
f 3091//813 3870//813 3089//813
f 3740//814 3871//814 3736//814
f 1490//753 3872//753 3637//753
f 3866//815 3766//815 3765//815
f 3873//704 3874//704 3771//704
f 1491//691 3875//691 3320//691
f 3874//218 3775//218 3770//218
f 1500//723 1501//723 3876//723
f 3135//816 3877//816 3106//816
f 3878//817 1516//817 1512//817
f 3101//818 3879//818 3091//818
f 3139//742 3880//742 3113//742
f 3108//819 3881//819 3110//819
f 3876//820 1502//820 1500//820
f 3636//755 3097//755 3639//755
f 1876//2 1851//2 3656//2
f 2713//369 2714//369 3283//369
f 1961//2 1931//2 3657//2
f 3823//2 3817//2 3820//2
f 2021//2 2022//2 3665//2
f 1907//2 2021//2 3665//2
f 3777//821 3779//821 3882//821
f 3661//2 1996//2 3662//2
f 3662//2 1900//2 3663//2
f 3882//822 3883//822 3777//822
f 2466//400 3725//400 2467//400
f 3884//620 3080//620 3081//620
f 3793//823 3885//823 3886//823
f 3629//746 3628//746 3728//746
f 3726//481 2466//481 2473//481
f 3887//824 3888//824 3889//824
f 2460//825 2467//825 3725//825
f 2473//482 2474//482 3726//482
f 3890//826 3891//826 3729//826
f 3886//827 3892//827 3793//827
f 2477//828 2476//828 3893//828
f 3802//829 3894//829 3895//829
f 3695//669 3261//669 3260//669
f 3895//756 3896//756 3802//756
f 2213//435 2212//435 3693//435
f 3693//830 3695//830 2213//830
f 3260//830 2213//830 3695//830
f 3892//831 3897//831 3794//831
f 2491//492 2490//492 3898//492
f 2636//766 2263//766 3671//766
f 3899//832 3894//832 3795//832
f 3898//661 2501//661 2491//661
f 3846//53 3714//53 3847//53
f 3748//69 3900//69 3739//69
f 3679//497 2504//497 2503//497
f 2619//437 2232//437 2231//437
f 3718//764 3660//764 3659//764
f 3642//833 2622//833 2231//833
f 2495//493 2494//493 2503//493
f 3716//834 3901//834 3741//834
f 2625//835 2622//835 3643//835
f 3902//836 3704//836 3680//836
f 3743//837 3718//837 3659//837
f 2069//2 2068//2 2212//2
f 3693//2 2212//2 2068//2
f 2496//2 2480//2 2212//2
f 2483//2 3617//2 3902//2
f 2481//2 2483//2 3902//2
f 3704//2 3902//2 3617//2
f 2497//494 3705//494 2496//494
f 2634//747 3692//747 3631//747
f 2262//55 2264//55 2639//55
f 3903//838 2165//838 2146//838
f 3904//839 3905//839 3105//839
f 3906//840 3907//840 3762//840
f 3908//841 3909//841 2154//841
f 3910//332 3125//332 3911//332
f 3660//796 3760//796 3851//796
f 3912//842 3279//842 2150//842
f 3907//752 3751//752 3750//752
f 1931//2 1876//2 3656//2
f 3656//2 3657//2 1931//2
f 1960//2 1961//2 3657//2
f 3913//843 2168//843 2149//843
f 2477//739 3893//739 3003//739
f 3914//2 3667//2 3915//2
f 3916//2 3914//2 3915//2
f 3917//2 3918//2 3916//2
f 3919//2 3920//2 3917//2
f 3921//2 3922//2 3919//2
f 3670//2 3915//2 3667//2
f 2635//844 2631//844 3004//844
f 3923//2 3924//2 3925//2
f 3926//2 3924//2 3927//2
f 3928//2 3929//2 3930//2
f 3930//2 3929//2 3931//2
f 3931//2 3929//2 3932//2
f 2635//331 3933//331 2230//331
f 3934//2 3921//2 3928//2
f 3935//2 3921//2 3934//2
f 3936//2 3921//2 3935//2
f 3920//2 3919//2 3922//2
f 3918//2 3917//2 3920//2
f 3716//845 3744//845 3901//845
f 3749//710 3742//710 3937//710
f 3914//2 3916//2 3918//2
f 3922//2 3921//2 3936//2
f 3929//2 3928//2 3921//2
f 3925//2 3924//2 3938//2
f 3937//846 3939//846 3749//846
f 3750//840 3762//840 3907//840
f 3754//797 3763//797 3853//797
f 3746//847 3754//847 3853//847
f 3263//669 3262//669 3261//669
f 3933//600 2635//600 3004//600
f 3103//332 3911//332 3125//332
f 2484//2 2481//2 3902//2
f 3679//2 2484//2 3902//2
f 2501//2 2463//2 2494//2
f 3898//2 2463//2 2501//2
f 2490//2 2463//2 3898//2
f 3940//2 2463//2 2490//2
f 3651//2 2463//2 3940//2
f 3941//2 2463//2 3651//2
f 3942//2 2463//2 3941//2
f 2162//848 2062//848 2150//848
f 3125//660 3943//660 3115//660
f 3652//763 3651//763 3940//763
f 2202//613 2627//613 2500//613
f 2625//849 3701//849 2624//849
f 3680//767 3679//767 3902//767
f 2490//765 3652//765 3940//765
f 3910//850 3943//850 3125//850
f 3893//15 2476//15 3631//15
f 3062//2 3631//2 2476//2
f 3631//2 3692//2 3893//2
f 3692//2 3671//2 3893//2
f 3671//2 3666//2 3893//2
f 3666//2 2262//2 3893//2
f 3642//2 2231//2 3944//2
f 3944//2 3646//2 3642//2
f 3115//331 3945//331 3099//331
f 2497//851 3680//851 3704//851
f 3705//851 2497//851 3704//851
f 3946//852 3104//852 3107//852
f 3946//853 3107//853 3124//853
f 3947//854 3948//854 3949//854
f 3950//855 3951//855 3119//855
f 2230//2 3933//2 2262//2
f 3933//2 3004//2 2262//2
f 3004//174 3003//174 2262//174
f 3003//2 3893//2 2262//2
f 2262//2 3944//2 2230//2
f 3646//2 2389//2 3642//2
f 2231//2 2230//2 3944//2
f 3721//599 3952//599 3722//599
f 3771//856 3776//856 3873//856
f 3772//857 3953//857 3767//857
f 3770//704 3771//704 3874//704
f 3954//858 263//858 3731//858
f 3701//2 3643//2 2389//2
f 3954//53 3731//53 268//53
f 2639//859 3646//859 3944//859
f 3734//860 3955//860 3735//860
f 3944//55 2262//55 2639//55
f 3123//861 3956//861 3119//861
f 3859//814 3736//814 3871//814
f 3957//271 3958//271 3129//271
f 3952//598 3721//598 3955//598
f 3647//2 2389//2 2471//2
f 2471//2 2200//2 2499//2
f 2499//2 2200//2 2500//2
f 2500//2 2200//2 2202//2
f 3643//2 3642//2 2389//2
f 3701//2 2389//2 3702//2
f 3738//807 3867//807 3765//807
f 3959//768 2194//768 2193//768
f 2641//495 2472//495 2500//495
f 3953//862 3772//862 3775//862
f 3624//742 3140//742 3622//742
f 3702//849 2624//849 3701//849
f 3960//56 261//56 269//56
f 269//53 268//53 3731//53
f 2470//434 2624//434 3647//434
f 3784//863 3961//863 3779//863
f 3962//864 3196//864 3192//864
f 3190//865 3963//865 3192//865
f 2512//866 2514//866 2198//866
f 3964//867 2159//867 2160//867
f 3774//868 3768//868 3965//868
f 3774//869 3965//869 3789//869
f 3966//870 3967//870 2185//870
f 3966//871 2185//871 2184//871
f 3081//118 2612//118 3884//118
f 3894//829 3899//829 3895//829
f 3787//756 3802//756 3896//756
f 3959//872 2193//872 2192//872
f 2704//275 2705//275 3756//275
f 2716//507 2704//507 3968//507
f 3085//873 2719//873 2707//873
f 3783//874 3787//874 3969//874
f 2714//623 3085//623 3970//623
f 3961//13 3784//13 3782//13
f 3885//823 3971//823 3886//823
f 1855//799 2124//799 2706//799
f 3856//875 2124//875 3972//875
f 2714//369 3970//369 3283//369
f 2127//756 3973//756 2130//756
f 3971//258 3885//258 3888//258
f 2131//211 3974//211 2125//211
f 3975//876 3798//876 3790//876
f 3974//877 3976//877 2125//877
f 2165//878 3903//878 2170//878
f 2707//879 3977//879 3085//879
f 3978//109 2137//109 2148//109
f 2513//53 2512//53 2196//53
f 900//2 2196//2 2389//2
f 2196//13 900//13 2513//13
f 3469//453 2425//453 2424//453
f 2145//433 2144//433 3979//433
f 2423//880 2425//880 3463//880
f 2196//2 2200//2 2389//2
f 3980//881 2457//881 2424//881
f 3981//350 3982//350 3449//350
f 2198//15 1722//15 2512//15
f 3981//882 3449//882 1505//882
f 2435//882 1505//882 3449//882
f 3980//475 2458//475 2457//475
f 2186//883 3983//883 2154//883
f 1508//249 1506//249 1514//249
f 3676//884 3984//884 3677//884
f 3985//885 3243//885 2444//885
f 3245//885 2444//885 3243//885
f 2204//2 2199//2 2560//2
f 2204//2 3756//2 3755//2
f 2204//174 3755//174 3283//174
f 2204//15 3283//15 3970//15
f 2204//174 3970//174 3085//174
f 2204//2 3085//2 3977//2
f 2204//2 3977//2 3079//2
f 2204//2 3079//2 3080//2
f 2204//2 3080//2 3884//2
f 2204//2 3884//2 2612//2
f 2204//2 2612//2 2611//2
f 2204//2 2611//2 2203//2
f 3986//886 2443//886 3987//886
f 3988//887 2163//887 2169//887
f 2444//467 2441//467 3985//467
f 3989//457 2432//457 2431//457
f 3713//888 3990//888 2431//888
f 2147//789 1004//789 2173//789
f 3991//889 3278//889 2173//889
f 3321//750 3323//750 3518//750
f 2707//890 3079//890 3977//890
f 3992//891 2172//891 2171//891
f 3993//687 2175//687 2174//687
f 3984//2 3994//2 3987//2
f 3995//2 3982//2 3985//2
f 3243//2 3985//2 3982//2
f 3982//2 3981//2 3243//2
f 3673//892 3995//892 3462//892
f 3996//892 3462//892 3995//892
f 3984//2 3997//2 2423//2
f 2180//893 3998//893 2162//893
f 3968//894 2704//894 3756//894
f 3993//53 2177//53 2175//53
f 2716//895 2204//895 2560//895
f 2148//43 2170//43 3978//43
f 3756//896 2204//896 3968//896
f 2716//507 3968//507 2204//507
f 3979//897 3999//897 2145//897
f 3702//2 2389//2 3647//2
f 2200//2 2471//2 2389//2
f 2512//2 1722//2 2196//2
f 2560//2 2199//2 2198//2
f 2202//2 2201//2 2948//2
f 3297//2 2948//2 2229//2
f 2229//2 2948//2 2201//2
f 2422//4 2948//4 3297//4
f 4000//898 3983//898 2158//898
f 3296//2 4001//2 3424//2
f 3424//2 4002//2 3594//2
f 3908//883 2154//883 3983//883
f 4003//899 4004//899 2176//899
f 780//2 782//2 3304//2
f 782//4 2721//4 3305//4
f 2720//53 2723//53 3305//53
f 2580//738 3594//738 2579//738
f 4002//900 2579//900 3594//900
f 4002//2 3424//2 4005//2
f 2571//901 2579//901 4005//901
f 4002//901 4005//901 2579//901
f 4006//2 3424//2 4001//2
f 2573//902 4001//902 2590//902
f 4007//903 4008//903 2137//903
f 2573//902 4006//902 4001//902
f 4009//2 3296//2 4010//2
f 2726//454 2725//454 4010//454
f 4009//454 4010//454 2725//454
f 4005//2 3424//2 4011//2
f 4011//2 3424//2 4006//2
f 4005//904 4011//904 2576//904
f 4005//904 2576//904 2571//904
f 4011//905 4006//905 2576//905
f 2573//905 2576//905 4006//905
f 4001//2 3296//2 4012//2
f 4001//906 2594//906 2590//906
f 2594//906 4001//906 4012//906
f 4012//2 3296//2 4009//2
f 2725//907 2594//907 4009//907
f 4012//907 4009//907 2594//907
f 4013//2 4010//2 3296//2
f 4014//908 2928//908 4013//908
f 4015//372 4016//372 4017//372
f 4018//909 4019//909 4020//909
f 4018//910 4021//910 4019//910
f 4022//911 4023//911 4024//911
f 4025//136 4026//136 4027//136
f 4028//912 4029//912 4030//912
f 4028//221 4031//221 4029//221
f 4032//585 4033//585 4034//585
f 3697//913 4035//913 3698//913
f 3924//4 2505//4 2840//4
f 4036//914 4037//914 1631//914
f 4038//915 1610//915 1606//915
f 4039//916 4040//916 4041//916
f 4042//429 4041//429 4043//429
f 4044//696 4045//696 4046//696
f 4040//295 4043//295 4041//295
f 4047//917 4048//917 4049//917
f 4048//918 4050//918 4049//918
f 4051//919 4052//919 4042//919
f 4034//717 4053//717 4024//717
f 4054//920 4055//920 4056//920
f 1493//921 4057//921 1520//921
f 4058//922 4059//922 1496//922
f 4060//923 4052//923 4061//923
f 4060//919 4042//919 4052//919
f 1520//924 4062//924 1533//924
f 1534//925 4063//925 1592//925
f 2695//926 2691//926 4064//926
f 4058//927 1496//927 1495//927
f 1505//2 1504//2 3981//2
f 3672//928 3982//928 3673//928
f 3673//928 3982//928 3995//928
f 3996//2 3986//2 3994//2
f 2423//2 3994//2 3984//2
f 3996//929 3994//929 3462//929
f 3463//929 3462//929 3994//929
f 4065//930 1532//930 1531//930
f 3994//880 2423//880 3463//880
f 2424//2 2423//2 3997//2
f 4065//931 1531//931 1533//931
f 3469//881 2424//881 2457//881
f 1532//932 4066//932 1529//932
f 4067//860 1528//860 1529//860
f 3672//350 3449//350 3982//350
f 1611//933 4068//933 1541//933
f 1506//2 1508//2 1504//2
f 1505//461 1513//461 1503//461
f 4069//2 4070//2 4071//2
f 4072//2 3829//2 3828//2
f 1513//249 1506//249 1503//249
f 4073//2 3833//2 3832//2
f 2147//934 2172//934 1004//934
f 3828//2 3827//2 4069//2
f 3841//2 4071//2 4070//2
f 3830//2 3829//2 4072//2
f 3840//2 4071//2 3841//2
f 3244//2 3981//2 1504//2
f 3243//2 3981//2 3244//2
f 3985//2 2441//2 3995//2
f 3986//2 3996//2 2441//2
f 2432//2 3989//2 2451//2
f 3997//2 2429//2 2424//2
f 3991//789 2173//789 1004//789
f 3832//2 3831//2 3830//2
f 4074//2 3833//2 4073//2
f 4070//2 4069//2 3827//2
f 3683//662 3245//662 3244//662
f 4075//2 2451//2 3989//2
f 3989//2 3990//2 4075//2
f 4076//2 4077//2 2840//2
f 3984//935 3676//935 3675//935
f 3984//935 3675//935 3997//935
f 3932//2 3929//2 4078//2
f 3987//884 3677//884 3984//884
f 3929//2 2840//2 4079//2
f 4080//2 4079//2 2840//2
f 4081//2 4080//2 2840//2
f 4082//2 3929//2 4079//2
f 4083//2 3929//2 4082//2
f 4078//2 3929//2 4083//2
f 3987//2 3994//2 3986//2
f 3747//2 3761//2 3758//2
f 3778//2 3762//2 3752//2
f 3753//2 3754//2 3745//2
f 3677//886 3987//886 2443//886
f 2443//466 3986//466 2441//466
f 3801//2 4084//2 3802//2
f 3894//2 3802//2 4084//2
f 4084//2 4085//2 3894//2
f 4085//2 578//2 3894//2
f 3795//2 3894//2 578//2
f 580//2 522//2 3795//2
f 3802//2 3787//2 3786//2
f 3996//2 3995//2 2441//2
f 2125//877 3976//877 2126//877
f 4086//2 894//2 4087//2
f 4088//2 894//2 4086//2
f 4089//2 4075//2 3990//2
f 4090//2 894//2 4091//2
f 3678//456 2430//456 2429//456
f 4092//2 894//2 4093//2
f 4093//2 894//2 4094//2
f 4095//936 2155//936 2126//936
f 4094//2 894//2 4090//2
f 4096//2 894//2 4088//2
f 4097//2 894//2 4096//2
f 4091//2 894//2 4097//2
f 4098//2 894//2 4092//2
f 2195//937 4099//937 2192//937
f 3675//938 3678//938 2429//938
f 3675//938 2429//938 3997//938
f 2429//2 2428//2 2458//2
f 2451//2 2458//2 2432//2
f 4100//2 4089//2 3990//2
f 3321//2 4100//2 3990//2
f 3322//2 3321//2 3990//2
f 2428//457 2430//457 2432//457
f 4101//206 4102//206 1599//206
f 4103//2 4104//2 3990//2
f 3989//888 2431//888 3990//888
f 4105//2 4076//2 2840//2
f 4077//2 4081//2 2840//2
f 3990//13 3713//13 4103//13
f 3833//2 4074//2 4106//2
f 3712//13 4103//13 3713//13
f 4107//2 4108//2 4109//2
f 3520//939 4089//939 3518//939
f 4110//2 4111//2 4108//2
f 4108//2 4111//2 4112//2
f 4108//2 4112//2 4113//2
f 4113//2 4114//2 4108//2
f 4115//2 4105//2 2840//2
f 4100//939 3518//939 4089//939
f 2428//2 2432//2 2458//2
f 4108//2 740//2 4116//2
f 4108//2 4116//2 4117//2
f 4108//2 4117//2 4118//2
f 4118//2 4109//2 4108//2
f 4107//2 4110//2 4108//2
f 4100//750 3321//750 3518//750
f 4119//53 4120//53 4121//53
f 4122//940 1593//940 1592//940
f 3980//2 2424//2 2429//2
f 3541//2 3619//2 98//2
f 99//2 98//2 3619//2
f 4123//2 3541//2 98//2
f 82//2 3541//2 4123//2
f 4124//2 99//2 3619//2
f 81//2 3541//2 82//2
f 3546//2 4124//2 3619//2
f 2451//473 4075//473 2452//473
f 4125//2 4126//2 3724//2
f 2458//2 3980//2 2429//2
f 144//2 3724//2 4126//2
f 4089//941 3520//941 2452//941
f 4075//941 4089//941 2452//941
f 4127//2 4128//2 3724//2
f 4129//2 4127//2 148//2
f 4130//2 4127//2 4129//2
f 4131//692 3510//692 3322//692
f 4132//2 3724//2 4133//2
f 4132//2 4125//2 3724//2
f 4134//2 149//2 4127//2
f 149//2 148//2 4127//2
f 4127//2 4130//2 4128//2
f 4133//2 3724//2 4128//2
f 2451//475 2453//475 2458//475
f 269//2 3775//2 3960//2
f 851//942 3682//942 1566//942
f 1561//942 1566//942 3682//942
f 275//2 3769//2 3774//2
f 3773//2 3960//2 3772//2
f 3775//2 3772//2 3960//2
f 3774//2 3789//2 275//2
f 3790//2 3798//2 3797//2
f 272//2 275//2 3789//2
f 4135//2 3800//2 3799//2
f 3800//2 3797//2 3798//2
f 2834//582 2855//582 3620//582
f 4135//2 3799//2 4136//2
f 4137//2 4136//2 3799//2
f 3803//2 4138//2 3793//2
f 3885//2 3793//2 4138//2
f 2794//943 2796//943 4139//943
f 4015//420 4017//420 4140//420
f 4141//2 4142//2 3889//2
f 4142//2 4143//2 3889//2
f 4143//2 4144//2 3889//2
f 4144//2 4145//2 3889//2
f 4145//2 4146//2 3889//2
f 4137//2 3889//2 4146//2
f 394//2 4137//2 4146//2
f 4147//2 4137//2 394//2
f 4136//2 4137//2 4147//2
f 3889//2 3888//2 4141//2
f 3229//653 4148//653 3230//653
f 4149//4 1943//4 4150//4
f 417//2 4151//2 3888//2
f 4151//2 4141//2 3888//2
f 4152//2 417//2 3888//2
f 4138//2 4153//2 3885//2
f 4153//2 4154//2 3885//2
f 4154//2 4155//2 3885//2
f 4155//2 4152//2 3885//2
f 3888//2 3885//2 4152//2
f 4156//944 4157//944 4158//944
f 524//2 572//2 4159//2
f 572//2 575//2 4159//2
f 3794//2 4159//2 575//2
f 651//2 3794//2 575//2
f 577//2 3794//2 651//2
f 521//2 3794//2 577//2
f 520//2 3794//2 521//2
f 559//2 3793//2 520//2
f 4159//2 3795//2 522//2
f 522//2 524//2 4159//2
f 4157//945 4156//945 4160//945
f 646//2 696//2 589//2
f 646//2 589//2 532//2
f 531//2 705//2 646//2
f 705//2 518//2 646//2
f 3684//663 3248//663 3247//663
f 894//2 535//2 4087//2
f 3246//394 4161//394 3247//394
f 504//2 536//2 894//2
f 535//2 894//2 536//2
f 518//2 505//2 646//2
f 532//2 531//2 646//2
f 505//2 504//2 646//2
f 894//2 646//2 504//2
f 741//2 4108//2 743//2
f 4120//946 4119//946 4162//946
f 4148//947 4163//947 3230//947
f 740//2 4108//2 741//2
f 4106//2 4074//2 894//2
f 891//2 745//2 744//2
f 752//2 891//2 744//2
f 3684//948 2815//948 3248//948
f 752//2 742//2 891//2
f 742//2 743//2 891//2
f 4164//949 4165//949 4166//949
f 891//2 890//2 889//2
f 3682//950 3681//950 1561//950
f 749//2 891//2 750//2
f 4098//2 4106//2 894//2
f 889//2 750//2 891//2
f 891//2 749//2 751//2
f 891//2 751//2 745//2
f 891//2 743//2 4108//2
f 4167//951 4168//951 3173//951
f 3964//952 2160//952 2187//952
f 3620//943 4139//943 2796//943
f 2791//739 4169//739 3241//739
f 3242//560 2795//560 2794//560
f 3241//91 4170//91 3229//91
f 4099//953 2195//953 2157//953
f 2800//394 3247//394 4161//394
f 3234//954 4171//954 2814//954
f 2814//565 4172//565 2812//565
f 4173//517 4174//517 2190//517
f 4174//955 4175//955 2188//955
f 3146//397 4176//397 3150//397
f 2841//714 3258//714 4177//714
f 4177//577 2842//577 2841//577
f 4178//956 4179//956 4180//956
f 4181//627 4182//627 4183//627
f 4184//957 2895//957 2771//957
f 3154//958 4185//958 1525//958
f 4186//959 4187//959 4188//959
f 3153//960 4189//960 3154//960
f 1594//860 4190//860 1609//860
f 4187//797 4186//797 4191//797
f 4192//961 1594//961 1595//961
f 4193//707 2689//707 4064//707
f 4194//13 4195//13 4196//13
f 1692//2 1744//2 1725//2
f 4197//962 4198//962 1601//962
f 1707//2 1709//2 2708//2
f 1759//2 1707//2 2708//2
f 4199//661 4200//661 4183//661
f 1758//2 1693//2 2613//2
f 3081//2 3078//2 1760//2
f 1709//2 1760//2 2708//2
f 3078//2 2708//2 1760//2
f 2691//963 4201//963 4202//963
f 4203//964 4204//964 4205//964
f 4206//964 4205//964 4204//964
f 4203//965 4207//965 4204//965
f 1106//2 1790//2 1783//2
f 1783//2 1787//2 1106//2
f 1790//2 1791//2 1784//2
f 2233//2 1784//2 1791//2
f 1735//2 922//2 1736//2
f 1760//2 1756//2 3081//2
f 1741//2 922//2 1754//2
f 1693//2 1692//2 1724//2
f 1725//2 1724//2 1692//2
f 1788//2 1723//2 2182//2
f 1744//2 2182//2 1723//2
f 1742//2 1736//2 922//2
f 1820//2 922//2 1735//2
f 4194//966 4196//966 4208//966
f 1754//2 922//2 1820//2
f 1775//2 1742//2 922//2
f 4192//940 1595//940 4209//940
f 1596//940 4209//940 1595//940
f 2613//2 3757//2 1758//2
f 1756//2 1758//2 3757//2
f 1724//2 2613//2 1693//2
f 3757//2 3081//2 1756//2
f 4210//967 4211//967 4212//967
f 1723//2 1725//2 1744//2
f 1787//2 1788//2 1104//2
f 1104//2 1106//2 1787//2
f 2182//2 1104//2 1788//2
f 1784//2 1783//2 1790//2
f 2421//2 2723//2 1791//2
f 2233//2 1791//2 2228//2
f 4213//968 4214//968 4215//968
f 2228//2 1791//2 2723//2
f 2956//2 2963//2 3465//2
f 4216//2 3947//2 2797//2
f 4217//2 132//2 187//2
f 1168//2 187//2 131//2
f 4218//969 4219//969 4217//969
f 4220//2 2797//2 4221//2
f 4222//2 2797//2 4220//2
f 2723//2 2421//2 3324//2
f 2932//2 3324//2 2421//2
f 2421//2 2927//2 2932//2
f 4221//970 4223//970 4220//970
f 4224//970 4220//970 4223//970
f 4217//2 187//2 4225//2
f 3284//2 2957//2 3466//2
f 3466//2 3478//2 3284//2
f 3465//2 3466//2 2957//2
f 3947//495 3949//495 4218//495
f 3478//2 3328//2 3284//2
f 4225//495 3947//495 4218//495
f 2957//2 2956//2 3465//2
f 4226//2 2797//2 4227//2
f 4228//2 2797//2 4226//2
f 4227//971 4229//971 4226//971
f 4230//971 4226//971 4229//971
f 2927//2 3330//2 3328//2
f 3330//2 3284//2 3328//2
f 2932//2 2927//2 3328//2
f 3052//2 3465//2 2963//2
f 2963//2 2962//2 3052//2
f 3632//2 3051//2 2962//2
f 4231//2 4232//2 2912//2
f 4227//2 2797//2 4222//2
f 4227//972 4233//972 4229//972
f 4227//972 4222//972 4233//972
f 4232//2 3632//2 2912//2
f 2962//2 2913//2 3632//2
f 2913//2 2912//2 3632//2
f 4221//2 2797//2 2822//2
f 4234//973 4235//973 3166//973
f 4221//974 2822//974 2824//974
f 4221//974 2824//974 4223//974
f 3056//975 4236//975 3166//975
f 3335//2 3040//2 3038//2
f 3337//2 3040//2 3335//2
f 2798//572 2825//572 2823//572
f 2822//976 2823//976 2824//976
f 2912//2 3023//2 4231//2
f 3024//2 3040//2 3360//2
f 4216//2 2797//2 4237//2
f 3947//2 4225//2 2797//2
f 3038//2 3040//2 2987//2
f 2988//2 2987//2 3040//2
f 4237//977 4238//977 3948//977
f 3366//2 3054//2 3337//2
f 3948//977 4216//977 4237//977
f 3040//2 3337//2 3054//2
f 4237//2 2797//2 4228//2
f 3551//2 3054//2 3371//2
f 3371//2 3054//2 3366//2
f 4237//936 4239//936 4238//936
f 4240//978 4241//978 4242//978
f 4237//936 4228//936 4239//936
f 3050//2 4231//2 3040//2
f 4243//979 4244//979 3132//979
f 4230//980 4239//980 4226//980
f 3023//2 3040//2 4231//2
f 3023//2 3360//2 3040//2
f 4228//980 4226//980 4239//980
f 2988//2 3040//2 3024//2
f 4220//981 4224//981 4233//981
f 3390//2 3054//2 3551//2
f 4245//982 3170//982 3063//982
f 4222//981 4220//981 4233//981
f 4246//983 4247//983 4248//983
f 4249//2 1944//2 4158//2
f 3947//854 4216//854 3948//854
f 2797//2 4225//2 187//2
f 4156//2 1944//2 4250//2
f 187//13 4251//13 2797//13
f 4252//2 1944//2 4249//2
f 4253//2 4254//2 1943//2
f 4252//2 4140//2 1944//2
f 4140//2 4017//2 1944//2
f 4149//2 4162//2 1943//2
f 4121//2 1943//2 4119//2
f 4119//2 1943//2 4162//2
f 4255//2 1943//2 4121//2
f 4255//2 4253//2 1943//2
f 1944//2 1943//2 4250//2
f 4254//2 4250//2 1943//2
f 1944//2 4156//2 4158//2
f 4256//53 4195//53 2797//53
f 4256//53 2797//53 4257//53
f 4164//2 4166//2 1944//2
f 4245//984 3061//984 3170//984
f 4166//2 4258//2 1944//2
f 1946//2 1944//2 3924//2
f 4258//2 3924//2 1944//2
f 4259//218 4260//218 4261//218
f 3177//732 4262//732 3178//732
f 4020//2 4019//2 1944//2
f 4017//2 4263//2 1944//2
f 4264//985 4265//985 4261//985
f 4021//2 1944//2 4019//2
f 4266//2 1944//2 4021//2
f 4263//2 4020//2 1944//2
f 4267//986 4268//986 4269//986
f 4266//2 4270//2 1944//2
f 4270//2 4164//2 1944//2
f 4209//987 1596//987 1598//987
f 4271//988 4265//988 4032//988
f 4272//2 4273//2 4274//2
f 4178//2 4180//2 4272//2
f 4274//2 4178//2 4272//2
f 4180//2 4275//2 4272//2
f 4276//2 4272//2 4275//2
f 4275//2 4277//2 4276//2
f 4027//2 4026//2 4278//2
f 4026//2 4279//2 4278//2
f 4280//2 4278//2 4279//2
f 4281//2 4282//2 4283//2
f 4277//2 4027//2 4276//2
f 4284//2 4274//2 4273//2
f 4022//717 4024//717 4053//717
f 4285//989 1603//989 1604//989
f 4039//916 4286//916 4040//916
f 4046//990 4287//990 4044//990
f 4288//618 4289//618 4290//618
f 4054//991 4056//991 4289//991
f 4291//992 4292//992 4287//992
f 4293//990 4044//990 4287//990
f 1485//993 633//993 2603//993
f 4294//994 2730//994 2728//994
f 1535//995 4295//995 1534//995
f 4296//918 4049//918 4050//918
f 4265//2 4264//2 2797//2
f 4297//862 4260//862 4259//862
f 4260//862 4297//862 4298//862
f 4260//2 4298//2 2797//2
f 4264//218 4261//218 4260//218
f 4265//2 2797//2 4033//2
f 1528//678 4299//678 1527//678
f 1535//598 1536//598 4295//598
f 2817//570 2816//570 4300//570
f 2860//996 3648//996 3273//996
f 4300//267 2833//267 2817//267
f 4301//997 2746//997 2745//997
f 4302//998 2727//998 2729//998
f 2729//999 2734//999 4302//999
f 3707//1000 2656//1000 3288//1000
f 3307//4 3293//4 3292//4
f 4303//961 1608//961 1609//961
f 4304//1001 1083//1001 2744//1001
f 3301//684 4305//684 3302//684
f 3280//686 3282//686 3309//686
f 3308//13 3311//13 3309//13
f 4306//1002 4307//1002 4308//1002
f 2882//912 4309//912 2751//912
f 2751//1003 4310//1003 2749//1003
f 4311//1004 2762//1004 2749//1004
f 4271//1005 4261//1005 4265//1005
f 4033//2 2797//2 4312//2
f 4033//585 4312//585 4034//585
f 4313//1006 4314//1006 4280//1006
f 4315//2 4268//2 2797//2
f 4268//2 4316//2 2797//2
f 4315//986 4269//986 4268//986
f 4035//15 3697//15 2797//15
f 4316//2 4035//2 2797//2
f 4317//1007 3698//1007 4035//1007
f 4316//1007 4317//1007 4035//1007
f 4316//1008 4268//1008 4317//1008
f 4267//1008 4317//1008 4268//1008
f 4297//1009 4269//1009 4298//1009
f 4315//1009 4298//1009 4269//1009
f 4033//988 4032//988 4265//988
f 4312//2 2797//2 4053//2
f 4184//1010 4318//1010 2895//1010
f 3172//1011 4319//1011 3173//1011
f 4320//911 4023//911 4022//911
f 4293//992 4287//992 4292//992
f 4320//1012 4292//1012 4023//1012
f 4286//1013 4039//1013 4045//1013
f 4047//917 4321//917 4048//917
f 3141//1014 4322//1014 3142//1014
f 3204//1015 3211//1015 4323//1015
f 3204//1016 4324//1016 3203//1016
f 4325//1017 4321//1017 4326//1017
f 4327//1018 4328//1018 3203//1018
f 4053//2 2797//2 4022//2
f 2797//2 4194//2 4022//2
f 4264//2 4260//2 2797//2
f 4298//2 4315//2 2797//2
f 4312//717 4053//717 4034//717
f 4022//2 4194//2 4320//2
f 4329//1019 3216//1019 3215//1019
f 4286//2 4330//2 4331//2
f 4330//2 4044//2 4331//2
f 4185//960 3154//960 4189//960
f 4040//2 4286//2 4331//2
f 3153//1020 3158//1020 4189//1020
f 4051//429 4042//429 4043//429
f 4292//2 4194//2 4293//2
f 4194//2 4332//2 4293//2
f 4044//2 4293//2 4331//2
f 4333//1021 3148//1021 4334//1021
f 4320//2 4194//2 4292//2
f 4291//1012 4023//1012 4292//1012
f 4045//1013 4330//1013 4286//1013
f 4045//696 4044//696 4330//696
f 3132//1022 3958//1022 4243//1022
f 4043//2 4040//2 4331//2
f 4335//2 4052//2 4331//2
f 4325//1023 4326//1023 4335//1023
f 4061//1024 4335//1024 4326//1024
f 4321//2 4325//2 4331//2
f 4331//2 289//2 4321//2
f 4052//2 4051//2 4331//2
f 4061//923 4052//923 4335//923
f 4051//2 4043//2 4331//2
f 4325//2 4335//2 4331//2
f 4047//1017 4326//1017 4321//1017
f 4048//2 4321//2 289//2
f 4336//800 2246//800 2248//800
f 4337//1025 4338//1025 4339//1025
f 4340//4 4341//4 4212//4
f 4256//13 4196//13 4195//13
f 4342//1026 4343//1026 4344//1026
f 3169//1027 4345//1027 3059//1027
f 3064//1028 4346//1028 3156//1028
f 4347//1029 4348//1029 3156//1029
f 3057//1030 3059//1030 4349//1030
f 4350//271 4351//271 4206//271
f 4352//1031 4353//1031 2888//1031
f 3317//690 3316//690 3319//690
f 3681//950 1562//950 1561//950
f 849//1032 851//1032 1566//1032
f 4139//1033 3620//1033 2855//1033
f 4354//797 4355//797 3176//797
f 2727//1034 4356//1034 2728//1034
f 4357//982 4245//982 3063//982
f 4349//1027 3059//1027 4345//1027
f 1060//1035 4358//1035 2731//1035
f 4359//1036 4360//1036 4361//1036
f 3156//1037 4348//1037 3056//1037
f 2743//1038 4304//1038 2744//1038
f 4361//1039 4213//1039 4359//1039
f 4362//1040 3060//1040 3171//1040
f 2733//1041 4363//1041 2741//1041
f 4364//1042 4365//1042 4214//1042
f 2730//1043 4366//1043 2731//1043
f 3203//1018 4328//1018 3176//1018
f 4262//649 3177//649 3410//649
f 2748//1044 4367//1044 2745//1044
f 4368//454 3191//454 3194//454
f 4369//1045 2758//1045 2757//1045
f 4370//1046 4371//1046 2760//1046
f 3141//1047 3145//1047 4322//1047
f 1083//1048 1082//1048 2753//1048
f 4372//1049 2763//1049 2761//1049
f 3234//655 3233//655 4171//655
f 4172//954 2814//954 4171//954
f 4373//1050 3387//1050 3375//1050
f 3235//137 3230//137 4163//137
f 3373//1051 3387//1051 4373//1051
f 3235//656 4374//656 3233//656
f 1504//2 1507//2 1562//2
f 1614//1052 4375//1052 628//1052
f 2743//1053 2742//1053 4376//1053
f 2738//1054 2737//1054 1042//1054
f 1042//1055 4377//1055 2738//1055
f 3188//1056 4378//1056 3189//1056
f 4378//1057 3219//1057 3189//1057
f 4376//1038 4304//1038 2743//1038
f 1504//1058 1562//1058 3683//1058
f 3681//1058 3683//1058 1562//1058
f 4170//2 4169//2 3229//2
f 4148//2 3229//2 4169//2
f 4169//2 2683//2 4148//2
f 2683//2 2682//2 4148//2
f 2682//2 3242//2 4148//2
f 3242//2 2794//2 4148//2
f 2794//2 4139//2 4148//2
f 4139//2 2855//2 4148//2
f 2855//2 2854//2 4148//2
f 3206//1059 3355//1059 4379//1059
f 4374//137 3235//137 4163//137
f 4379//1060 4380//1060 3206//1060
f 4381//1061 3363//1061 3397//1061
f 2733//506 2732//506 4363//506
f 2759//938 4382//938 2747//938
f 2740//225 2747//225 4383//225
f 1946//2 3924//2 2405//2
f 2840//2 3929//2 3924//2
f 1941//2 3924//2 3926//2
f 2405//2 3924//2 1941//2
f 4384//2 4385//2 4188//2
f 4030//2 4029//2 4386//2
f 4273//2 4386//2 4029//2
f 4029//2 4031//2 4273//2
f 4031//2 4284//2 4273//2
f 4191//2 4186//2 4385//2
f 4188//2 4385//2 4186//2
f 4191//2 4385//2 4242//2
f 2791//558 2683//558 4169//558
f 4170//739 3241//739 4169//739
f 4387//2 4388//2 4389//2
f 4389//2 4388//2 4201//2
f 4246//2 4388//2 4387//2
f 4248//2 4390//2 4246//2
f 4391//2 4390//2 4248//2
f 4201//2 4392//2 4202//2
f 4202//2 4392//2 4064//2
f 4290//2 4390//2 4391//2
f 4289//2 4393//2 4290//2
f 4056//2 4393//2 4289//2
f 4394//2 4393//2 4056//2
f 4394//2 4395//2 4393//2
f 4395//2 4242//2 4393//2
f 4064//2 4392//2 4193//2
f 4396//2 4397//2 4398//2
f 4399//2 4398//2 4397//2
f 4400//2 4401//2 4402//2
f 4307//2 4402//2 4401//2
f 4403//2 4307//2 4401//2
f 4404//2 4308//2 4403//2
f 4402//2 4405//2 4400//2
f 4398//2 4406//2 4396//2
f 4397//2 4407//2 4399//2
f 4279//2 4408//2 4280//2
f 4405//2 4409//2 4410//2
f 4406//2 4410//2 4409//2
f 4409//2 4396//2 4406//2
f 4307//2 4403//2 4308//2
f 3683//1062 3244//1062 1504//1062
f 4410//2 4400//2 4405//2
f 4308//2 4404//2 4411//2
f 4411//2 4412//2 4413//2
f 4414//2 4399//2 4407//2
f 2812//2 4172//2 4415//2
f 4171//2 3257//2 4172//2
f 3257//2 4415//2 4172//2
f 4416//2 2656//2 3248//2
f 3248//2 2655//2 3246//2
f 3246//2 4417//2 4161//2
f 4300//2 2816//2 4148//2
f 2833//2 4300//2 4148//2
f 2854//2 2833//2 4148//2
f 3233//2 4418//2 4171//2
f 2801//2 4161//2 3289//2
f 4407//2 4283//2 4414//2
f 4283//2 4419//2 4281//2
f 4408//2 4281//2 4419//2
f 4282//2 4414//2 4283//2
f 4419//2 4280//2 4408//2
f 4278//2 4276//2 4027//2
f 4420//2 4421//2 4422//2
f 4423//2 4424//2 4425//2
f 4425//2 4426//2 4427//2
f 4428//2 4429//2 4426//2
f 4424//2 4422//2 4421//2
f 4412//2 4411//2 4404//2
f 4412//2 4420//2 4422//2
f 4413//2 4412//2 4422//2
f 4428//2 4430//2 4431//2
f 4429//2 4428//2 4431//2
f 4421//2 4425//2 4424//2
f 4430//2 4432//2 4433//2
f 4427//2 4426//2 4429//2
f 4423//2 4425//2 4427//2
f 4434//1056 4378//1056 3188//1056
f 4435//2 4436//2 4437//2
f 4438//2 4439//2 4440//2
f 4440//2 4441//2 4438//2
f 4432//2 4438//2 4441//2
f 4442//2 4437//2 4436//2
f 4443//2 4442//2 4444//2
f 4444//2 4445//2 4443//2
f 4441//2 4433//2 4432//2
f 2812//567 4416//567 2815//567
f 4368//1063 4446//1063 3191//1063
f 3188//1063 3191//1063 4446//1063
f 4385//2 4384//2 4447//2
f 4384//2 4448//2 4447//2
f 4449//2 4450//2 4447//2
f 4448//2 4449//2 4447//2
f 4451//2 4447//2 4450//2
f 2815//948 4416//948 3248//948
f 4393//2 4242//2 4385//2
f 4452//2 4453//2 4451//2
f 4450//2 4452//2 4451//2
f 4386//2 4451//2 4453//2
f 4453//2 4030//2 4386//2
f 3648//1064 3649//1064 4454//1064
f 4455//2 4456//2 4457//2
f 4458//2 4457//2 4456//2
f 4459//2 4458//2 4456//2
f 4388//2 4246//2 4390//2
f 4390//2 4290//2 4393//2
f 3273//996 3648//996 4454//996
f 4455//2 4193//2 4392//2
f 4392//2 4201//2 4388//2
f 4457//2 4193//2 4455//2
f 4439//2 4435//2 4460//2
f 4443//2 4445//2 4461//2
f 4462//2 4439//2 4460//2
f 4463//2 4464//2 4465//2
f 4461//2 4445//2 4463//2
f 4436//2 4444//2 4442//2
f 4437//2 4460//2 4435//2
f 2816//887 2818//887 3254//887
f 4433//2 4431//2 4430//2
f 4440//2 4439//2 4462//2
f 4466//2 4219//2 4467//2
f 4467//2 4468//2 4466//2
f 4465//2 4469//2 4470//2
f 4471//2 4470//2 185//2
f 4472//1065 4473//1065 4470//1065
f 4474//2 4466//2 4468//2
f 4475//2 4471//2 4474//2
f 4471//2 185//2 4476//2
f 4476//2 4474//2 4471//2
f 4468//2 4475//2 4474//2
f 4417//576 2655//576 2836//576
f 4477//2 4478//2 4479//2
f 3286//1000 3288//1000 2656//1000
f 4480//1066 3480//1066 3481//1066
f 3257//785 3259//785 3287//785
f 4481//2 4482//2 4483//2
f 4484//2 4483//2 4482//2
f 4483//2 4485//2 4481//2
f 4486//2 4481//2 4485//2
f 4485//2 4487//2 4486//2
f 4488//2 4486//2 4487//2
f 4489//2 4488//2 4487//2
f 4490//2 4491//2 4489//2
f 4492//2 793//2 4490//2
f 4493//2 4494//2 4492//2
f 4495//2 4494//2 4493//2
f 4496//2 4497//2 4498//2
f 4499//2 4500//2 4496//2
f 4501//2 4502//2 4503//2
f 3399//1067 4504//1067 3591//1067
f 4505//1068 3485//1068 3591//1068
f 4506//2 4502//2 4507//2
f 4508//2 4502//2 4506//2
f 4509//2 4502//2 4510//2
f 4511//2 4502//2 4501//2
f 4503//2 4502//2 4509//2
f 4512//2 4502//2 4511//2
f 4513//2 4502//2 4512//2
f 4514//2 4515//2 4513//2
f 4516//2 4515//2 4514//2
f 4479//2 4515//2 4517//2
f 2816//2 4518//2 4148//2
f 4518//2 2820//2 4148//2
f 2820//2 2819//2 4148//2
f 2819//2 3273//2 4148//2
f 3273//2 4454//2 4148//2
f 4454//2 3269//2 4148//2
f 3269//2 3268//2 4148//2
f 4163//2 4148//2 2826//2
f 3268//2 2826//2 4148//2
f 4374//2 4163//2 2826//2
f 2826//2 2842//2 4374//2
f 3233//2 4374//2 2842//2
f 4519//2 4520//2 4521//2
f 4522//2 4520//2 4519//2
f 4523//2 4524//2 4522//2
f 4525//2 4524//2 4523//2
f 4521//2 4520//2 4526//2
f 4527//2 4524//2 4525//2
f 4507//2 4528//2 4529//2
f 4529//2 4524//2 4527//2
f 3649//1069 3269//1069 4454//1069
f 4464//2 4463//2 4445//2
f 4464//2 4469//2 4465//2
f 185//2 4470//2 4469//2
f 1733//2 1732//2 2664//2
f 4517//2 4515//2 4516//2
f 4510//2 4502//2 4508//2
f 4530//2 4531//2 4495//2
f 4532//435 4533//435 3398//435
f 3649//675 2827//675 3269//675
f 4515//2 4479//2 4478//2
f 4534//2 4478//2 4535//2
f 4477//2 4535//2 4478//2
f 4536//2 4537//2 4534//2
f 4535//2 4536//2 4534//2
f 4488//2 4489//2 4491//2
f 793//2 4492//2 4538//2
f 4491//2 4490//2 793//2
f 4482//2 4539//2 4484//2
f 4537//2 4484//2 4539//2
f 4539//2 4534//2 4537//2
f 4500//2 4499//2 4540//2
f 4497//2 4496//2 4500//2
f 4499//2 4541//2 4540//2
f 4531//2 4530//2 4542//2
f 4543//2 4498//2 4497//2
f 4542//2 4544//2 4543//2
f 3254//666 2820//666 4518//666
f 4494//2 4495//2 4545//2
f 4538//2 4492//2 4494//2
f 4518//887 2816//887 3254//887
f 4545//2 4495//2 4531//2
f 4544//2 4542//2 4530//2
f 4332//2 4343//2 4293//2
f 4195//2 4194//2 2797//2
f 4524//2 4529//2 4528//2
f 4528//2 4507//2 4502//2
f 4546//1070 3220//1070 3219//1070
f 4547//2 4548//2 4549//2
f 4550//2 1176//2 4547//2
f 1088//2 4526//2 4520//2
f 4520//2 4522//2 4524//2
f 4551//2 4552//2 1088//2
f 4553//2 4554//2 4551//2
f 4555//2 4548//2 4553//2
f 4549//2 4548//2 4555//2
f 4526//2 1088//2 4552//2
f 4556//695 3349//695 3348//695
f 4280//1071 4419//1071 4313//1071
f 4331//2 4293//2 4343//2
f 4342//2 4331//2 4343//2
f 4351//2 4557//2 4205//2
f 4205//2 4557//2 4203//2
f 4558//2 4559//2 4351//2
f 4181//2 4559//2 4558//2
f 4203//2 4557//2 4560//2
f 4200//2 4559//2 4181//2
f 4561//2 4559//2 4200//2
f 4562//2 4559//2 4561//2
f 4563//2 4559//2 4562//2
f 4208//1026 4344//1026 4343//1026
f 3354//1072 4564//1072 3355//1072
f 4182//627 4181//627 4558//627
f 4502//2 4513//2 4515//2
f 4306//1073 4402//1073 4307//1073
f 4181//661 4183//661 4200//661
f 4565//2 4540//2 4541//2
f 4566//2 4565//2 4567//2
f 4541//2 4567//2 4565//2
f 4568//2 4569//2 4570//2
f 4571//1074 4572//1074 4563//1074
f 4573//1075 3404//1075 3405//1075
f 4570//2 4574//2 4568//2
f 4575//2 4568//2 4574//2
f 4576//358 4411//358 4413//358
f 4556//1076 4577//1076 3349//1076
f 4578//2 4579//2 1142//2
f 4580//2 1142//2 4579//2
f 4207//965 4203//965 4560//965
f 4344//1077 4207//1077 4342//1077
f 4560//1077 4342//1077 4207//1077
f 4561//1078 4581//1078 4562//1078
f 4571//379 4562//379 4581//379
f 4582//2 4583//2 4584//2
f 4585//2 4584//2 4583//2
f 4584//2 4586//2 4582//2
f 4587//2 4582//2 4586//2
f 4588//2 4587//2 4586//2
f 4583//2 4578//2 4585//2
f 1142//2 4585//2 4578//2
f 4574//2 4580//2 4575//2
f 4498//2 4543//2 4544//2
f 4569//2 4566//2 1139//2
f 4567//2 1139//2 4566//2
f 4570//2 4569//2 1139//2
f 4579//2 4575//2 4580//2
f 4199//492 4581//492 4200//492
f 4561//492 4200//492 4581//492
f 4554//2 4553//2 4548//2
f 4552//2 4551//2 4554//2
f 1176//2 4548//2 4547//2
f 4589//2 1176//2 4550//2
f 4350//1079 4182//1079 4351//1079
f 4558//1079 4351//1079 4182//1079
f 4590//860 1607//860 1608//860
f 4205//271 4206//271 4351//271
f 4414//1080 4591//1080 4399//1080
f 4587//2 4588//2 4592//2
f 4588//2 1547//2 4592//2
f 1128//993 763//993 1485//993
f 1547//2 1548//2 1476//2
f 1476//2 4592//2 1547//2
f 4593//2 1476//2 1548//2
f 1548//2 1468//2 4593//2
f 1468//2 4594//2 4593//2
f 4594//2 4595//2 4593//2
f 4596//2 4593//2 4595//2
f 4596//2 4595//2 4597//2
f 4282//1081 4598//1081 4414//1081
f 4591//1081 4414//1081 4598//1081
f 4208//1082 4343//1082 4332//1082
f 4599//1083 4190//1083 1594//1083
f 4332//966 4194//966 4208//966
f 2532//2 3236//2 2529//2
f 2526//2 2280//2 2532//2
f 2510//2 2280//2 2526//2
f 2511//2 2032//2 2510//2
f 2523//2 2032//2 2511//2
f 2243//2 2041//2 2650//2
f 2650//2 1720//2 2243//2
f 2057//2 2243//2 1720//2
f 2649//2 2030//2 2524//2
f 3927//2 3924//2 3923//2
f 3938//2 3924//2 3929//2
f 4364//2 4600//2 4365//2
f 4213//2 4600//2 4364//2
f 4361//2 4600//2 4213//2
f 4601//2 4600//2 4361//2
f 4210//2 4600//2 4601//2
f 4602//2 4600//2 4210//2
f 1715//2 1714//2 4233//2
f 4224//2 4223//2 1715//2
f 4233//2 4224//2 1715//2
f 2788//2 2681//2 1702//2
f 4602//967 4210//967 4212//967
f 4229//2 4233//2 1714//2
f 4413//1084 4422//1084 4603//1084
f 4230//2 4229//2 1717//2
f 1714//2 1717//2 4229//2
f 2681//2 2668//2 1702//2
f 4601//1036 4361//1036 4360//1036
f 4239//2 4230//2 1717//2
f 4604//1085 1597//1085 1593//1085
f 4238//2 4239//2 1712//2
f 4605//1086 4606//1086 3385//1086
f 1712//2 1588//2 4238//2
f 4219//2 4218//2 4607//2
f 3948//2 4238//2 1588//2
f 1588//2 1587//2 3948//2
f 4608//2 4607//2 4218//2
f 1717//2 1712//2 4239//2
f 4218//2 3949//2 4608//2
f 4607//2 4609//2 4219//2
f 1587//2 4608//2 3949//2
f 3949//2 3948//2 1587//2
f 4609//2 4467//2 4219//2
f 4606//1087 3388//1087 3386//1087
f 1684//2 1718//2 2058//2
f 3480//1066 4480//1066 4610//1066
f 1684//2 2057//2 1720//2
f 1703//2 1702//2 2668//2
f 2670//2 2058//2 1718//2
f 2058//2 2057//2 1684//2
f 4610//1088 4611//1088 3480//1088
f 1737//2 1697//2 1706//2
f 1697//2 1696//2 1704//2
f 1704//2 1706//2 1697//2
f 1700//2 1704//2 1696//2
f 1696//2 2781//2 1700//2
f 2781//2 2676//2 1700//2
f 2676//2 2678//2 1700//2
f 2678//2 2789//2 1700//2
f 2789//2 2788//2 1700//2
f 1702//2 1700//2 2788//2
f 2668//2 2670//2 1703//2
f 1718//2 1703//2 2670//2
f 1706//2 2697//2 1737//2
f 4612//1089 4504//1089 3401//1089
f 3399//1089 3401//1089 4504//1089
f 2876//2 1771//2 3240//2
f 3167//2 2072//2 1768//2
f 1766//2 1768//2 2051//2
f 2051//2 2261//2 1766//2
f 2438//2 2437//2 1770//2
f 1770//2 2527//2 2438//2
f 2527//2 2529//2 2438//2
f 2437//2 3240//2 1771//2
f 1773//2 1766//2 2261//2
f 4505//1067 3591//1067 4504//1067
f 2846//2 4108//2 2844//2
f 4613//1090 3483//1090 3485//1090
f 2850//2 4114//2 2851//2
f 3217//2 2851//2 4114//2
f 4613//1091 3395//1091 3483//1091
f 2859//2 4108//2 2850//2
f 2857//2 4108//2 2846//2
f 3217//2 4614//2 2840//2
f 4114//2 4614//2 3217//2
f 4614//2 4115//2 2840//2
f 4036//1092 1631//1092 1610//1092
f 2849//2 4108//2 2859//2
f 2849//2 2844//2 4108//2
f 4108//2 4114//2 2850//2
f 2863//2 4108//2 2857//2
f 3213//2 4108//2 2863//2
f 3213//2 3201//2 4108//2
f 325//993 2603//993 633//993
f 1781//2 3228//2 3703//2
f 1764//2 1763//2 2459//2
f 2070//2 2434//2 1763//2
f 2436//2 2070//2 1750//2
f 1750//2 1749//2 2436//2
f 1749//2 1773//2 2275//2
f 2261//2 2275//2 1773//2
f 3703//2 3616//2 1781//2
f 4615//1093 632//1093 1497//1093
f 2032//2 2523//2 2029//2
f 2438//2 2529//2 3236//2
f 2280//2 2510//2 2032//2
f 3236//2 2532//2 2280//2
f 4612//1094 3401//1094 3588//1094
f 2041//2 2043//2 2521//2
f 2522//2 2521//2 2043//2
f 2523//2 2524//2 2029//2
f 2030//2 2029//2 2524//2
f 2649//2 2522//2 2043//2
f 2043//2 2030//2 2649//2
f 2521//2 2650//2 2041//2
f 3167//2 2876//2 3240//2
f 2072//2 3167//2 3240//2
f 2275//2 2436//2 1749//2
f 1771//2 1770//2 2437//2
f 1763//2 1750//2 2070//2
f 3140//744 3625//744 3139//744
f 2051//2 1768//2 2072//2
f 2434//2 2459//2 1763//2
f 2459//2 2077//2 1764//2
f 2446//2 3615//2 2447//2
f 2456//2 2455//2 2449//2
f 3615//2 3264//2 2447//2
f 3264//2 3265//2 2447//2
f 3265//2 2456//2 2447//2
f 2449//2 2447//2 2456//2
f 4267//2 4269//2 3262//2
f 4317//2 4267//2 3262//2
f 4269//2 4297//2 3262//2
f 3096//13 3111//13 3639//13
f 3228//2 1779//2 2076//2
f 1782//2 1781//2 3618//2
f 2076//2 3703//2 3228//2
f 3618//2 2482//2 1782//2
f 2864//2 1782//2 2482//2
f 3881//756 3108//756 3640//756
f 2077//2 2076//2 1779//2
f 1779//2 1764//2 2077//2
f 2482//2 3630//2 2864//2
f 2865//2 2864//2 3630//2
f 3616//2 3618//2 1781//2
f 4616//1026 3640//1026 3094//1026
f 3891//2 4617//2 4618//2
f 2475//2 4619//2 3626//2
f 2868//2 2867//2 2464//2
f 2465//2 2464//2 2867//2
f 3626//2 2868//2 2464//2
f 1614//387 3634//387 4620//387
f 2465//2 2867//2 3629//2
f 3623//2 3891//2 4621//2
f 2468//2 2467//2 4622//2
f 4618//2 4621//2 3891//2
f 4623//2 4622//2 2462//2
f 2473//2 4624//2 2475//2
f 4625//2 4618//2 4617//2
f 3630//2 3629//2 2865//2
f 2867//2 2865//2 3629//2
f 2493//2 2495//2 4626//2
f 3652//2 4627//2 3653//2
f 3699//2 3698//2 3262//2
f 4024//2 4023//2 2213//2
f 4049//2 4296//2 2504//2
f 2214//2 2213//2 4287//2
f 2492//2 4628//2 3652//2
f 4629//2 4630//2 2502//2
f 4631//713 4632//713 3127//713
f 3680//2 2497//2 4061//2
f 4041//2 4042//2 2488//2
f 2455//2 3700//2 2449//2
f 4291//2 4287//2 2213//2
f 4023//2 4291//2 2213//2
f 3095//1026 3094//1026 3640//1026
f 3262//2 2449//2 3699//2
f 4632//1095 3879//1095 3101//1095
f 3700//2 3699//2 2449//2
f 4046//2 4045//2 2214//2
f 4287//2 4046//2 2214//2
f 2749//1003 4310//1003 4311//1003
f 4633//1096 3124//1096 3116//1096
f 4215//1039 4359//1039 4213//1039
f 4212//4 4341//4 4602//4
f 4211//1097 4210//1097 4360//1097
f 4601//1097 4360//1097 4210//1097
f 4634//1042 4214//1042 4365//1042
f 4364//968 4214//968 4213//968
f 4635//1098 4636//1098 1497//1098
f 3691//53 3114//53 1276//53
f 4637//1099 4638//1099 3117//1099
f 4639//1100 2868//1100 4619//1100
f 4639//1101 2869//1101 2868//1101
f 3212//1102 3202//1102 3201//1102
f 4640//371 3200//371 4641//371
f 3117//1103 3118//1103 4637//1103
f 3950//861 3119//861 3956//861
f 3957//1104 3129//1104 3131//1104
f 4177//2 3233//2 2842//2
f 4418//2 3233//2 4177//2
f 3257//2 4171//2 4418//2
f 4415//2 3286//2 2812//2
f 4416//2 2812//2 3286//2
f 2656//2 4416//2 3286//2
f 2655//2 3248//2 2656//2
f 4417//2 3246//2 2655//2
f 3289//2 4161//2 4417//2
f 3294//2 2801//2 3280//2
f 3289//2 3281//2 2801//2
f 3258//668 3257//668 4418//668
f 4418//714 4177//714 3258//714
f 2826//1105 2828//1105 2842//1105
f 3102//739 3905//739 3103//739
f 3707//525 2657//525 2656//525
f 3287//679 3286//679 4415//679
f 4415//785 3257//785 3287//785
f 2836//680 3289//680 4417//680
f 3281//2 3280//2 2801//2
f 4642//2 3310//2 3291//2
f 3118//1103 3951//1103 4637//1103
f 3118//855 3119//855 3951//855
f 4643//1106 4644//1106 4409//1106
f 4161//563 2801//563 2800//563
f 3295//681 3294//681 4642//681
f 3291//682 3295//682 4642//682
f 3116//1107 3117//1107 4638//1107
f 3291//2 4645//2 4646//2
f 3313//2 4647//2 4648//2
f 4305//2 4648//2 4647//2
f 3302//2 4305//2 3317//2
f 3317//2 3319//2 3302//2
f 3299//683 4646//683 3300//683
f 4647//2 3317//2 4305//2
f 3319//2 4649//2 3302//2
f 4305//1108 3301//1108 3306//1108
f 3306//1108 4648//1108 4305//1108
f 3691//53 1276//53 4650//53
f 3300//2 4646//2 4645//2
f 4651//622 3084//622 2227//622
f 3300//685 4648//685 3306//685
f 3292//2 3291//2 4646//2
f 3299//43 3292//43 4646//43
f 2247//1109 4652//1109 2244//1109
f 329//1098 629//1098 627//1098
f 4647//1110 3313//1110 3315//1110
f 3312//1110 3315//1110 3313//1110
f 4653//1111 2218//1111 2217//1111
f 3310//2 4642//2 3309//2
f 3280//2 3309//2 4642//2
f 4645//2 3291//2 3310//2
f 4642//2 3294//2 3280//2
f 3289//1112 3290//1112 3281//1112
f 3313//2 4648//2 4645//2
f 4648//2 3300//2 4645//2
f 4645//687 3314//687 3313//687
f 3310//688 3314//688 4645//688
f 4640//1113 4641//1113 4654//1113
f 4655//1114 4656//1114 4403//1114
f 3149//810 4657//810 3869//810
f 4658//1115 4603//1115 4422//1115
f 4659//1116 4431//1116 4660//1116
f 3127//752 3636//752 4631//752
f 4661//1117 4662//1117 4663//1117
f 4616//744 3094//744 4664//744
f 4662//43 3225//43 4665//43
f 4663//1118 4666//1118 4661//1118
f 3101//713 3127//713 4632//713
f 4665//4 3225//4 4667//4
f 4668//1119 4669//1119 4670//1119
f 4667//53 893//53 891//53
f 4404//1120 4671//1120 4412//1120
f 4619//1100 4672//1100 4639//1100
f 4673//2 3870//2 3876//2
f 3879//2 3876//2 3870//2
f 627//1098 4635//1098 1497//1098
f 3089//813 3870//813 4673//813
f 4632//2 3878//2 3879//2
f 4631//2 3878//2 4632//2
f 3636//2 4674//2 4631//2
f 3639//2 4675//2 3636//2
f 4676//2 4677//2 3639//2
f 3881//2 4678//2 4679//2
f 3640//2 4678//2 3881//2
f 4616//2 4680//2 3640//2
f 4681//2 4680//2 4664//2
f 3880//2 4680//2 4681//2
f 4682//1121 2205//1121 2118//1121
f 3113//742 3880//742 4681//742
f 4683//1122 2208//1122 2209//1122
f 4683//1123 2550//1123 2208//1123
f 3880//744 3139//744 3625//744
f 4681//744 4664//744 3113//744
f 4684//1124 1642//1124 1635//1124
f 3113//744 4664//744 3094//744
f 3110//819 3881//819 4679//819
f 4679//2 4677//2 4676//2
f 3110//1125 4679//1125 3111//1125
f 4676//1125 3111//1125 4679//1125
f 3111//13 4676//13 3639//13
f 4685//1126 4686//1126 1647//1126
f 4223//2 2824//2 1584//2
f 1584//2 1715//2 4223//2
f 1585//2 1584//2 2824//2
f 2824//2 2825//2 1585//2
f 2825//2 1731//2 1585//2
f 1713//2 1585//2 1731//2
f 1731//2 1733//2 1713//2
f 2664//2 1713//2 1733//2
f 2697//2 2664//2 1732//2
f 1732//2 1737//2 2697//2
f 4664//174 4680//174 4616//174
f 4251//2 4596//2 4256//2
f 4257//2 4251//2 4256//2
f 4340//2 4256//2 4596//2
f 4596//2 4597//2 4340//2
f 4687//2 4340//2 4597//2
f 4259//2 4261//2 3260//2
f 4271//2 4032//2 3260//2
f 4261//2 4271//2 3260//2
f 3260//2 3262//2 4259//2
f 4297//2 4259//2 3262//2
f 4032//2 4034//2 3260//2
f 4034//2 4024//2 3260//2
f 2213//2 3260//2 4024//2
f 2488//2 2214//2 4045//2
f 3698//2 4317//2 3262//2
f 3870//1127 3091//1127 3879//1127
f 4045//2 4039//2 2488//2
f 4039//2 4041//2 2488//2
f 2497//2 2488//2 4042//2
f 4042//2 4060//2 2497//2
f 4060//2 4061//2 2497//2
f 4326//2 4047//2 3680//2
f 4061//2 4326//2 3680//2
f 4627//2 3652//2 4628//2
f 4336//1128 2248//1128 2245//1128
f 3634//2 4688//2 4620//2
f 2504//2 3680//2 4047//2
f 4047//2 4049//2 2504//2
f 2495//2 2504//2 4296//2
f 4296//2 4338//2 2495//2
f 4338//2 4626//2 2495//2
f 4626//2 4689//2 2493//2
f 4196//2 4256//2 4212//2
f 4340//2 4212//2 4256//2
f 4350//2 4206//2 4634//2
f 4634//2 4690//2 4350//2
f 4215//2 4207//2 4344//2
f 4207//2 4215//2 4204//2
f 4581//2 4691//2 4571//2
f 4199//2 4692//2 4581//2
f 3911//739 3103//739 3905//739
f 4214//2 4634//2 4206//2
f 4206//2 4204//2 4214//2
f 4215//2 4214//2 4204//2
f 4208//2 4359//2 4344//2
f 4211//2 4196//2 4212//2
f 4215//2 4344//2 4359//2
f 4359//2 4208//2 4360//2
f 4360//2 4196//2 4211//2
f 4199//2 4183//2 4692//2
f 4196//2 4360//2 4208//2
f 4182//2 4350//2 4690//2
f 4690//2 4692//2 4182//2
f 4183//2 4182//2 4692//2
f 3123//772 3691//772 3956//772
f 4665//2 4667//2 4662//2
f 4654//2 4693//2 4667//2
f 4654//2 4667//2 4640//2
f 4670//2 4667//2 4693//2
f 4663//2 4662//2 4667//2
f 4640//2 4108//2 3200//2
f 3201//2 3200//2 4108//2
f 4694//2 4666//2 4667//2
f 4666//2 4663//2 4667//2
f 4108//2 4640//2 4667//2
f 4669//2 4667//2 4670//2
f 4694//2 4667//2 4669//2
f 4108//2 4667//2 891//2
f 4650//4 1276//4 1032//4
f 4695//2 3302//2 4696//2
f 4697//2 2468//2 4622//2
f 4624//2 2473//2 4697//2
f 2868//2 3626//2 4619//2
f 4619//2 2475//2 4624//2
f 3315//689 3317//689 4647//689
f 4696//2 4698//2 4699//2
f 4700//1129 2226//1129 2223//1129
f 3319//1130 3318//1130 4649//1130
f 2467//2 2462//2 4622//2
f 2462//2 3623//2 4623//2
f 2468//2 4697//2 2473//2
f 4621//2 4623//2 3623//2
f 4617//2 4701//2 4625//2
f 4702//2 4703//2 4704//2
f 4705//2 4706//2 4707//2
f 4708//2 4709//2 4710//2
f 4704//2 4625//2 4701//2
f 3904//1131 3105//1131 3104//1131
f 4711//2 4704//2 4701//2
f 4702//2 4704//2 4711//2
f 4712//2 4703//2 4702//2
f 4707//2 4713//2 4712//2
f 4714//2 4715//2 4705//2
f 4708//2 4715//2 4714//2
f 4703//2 4712//2 4713//2
f 4713//2 4707//2 4706//2
f 4706//2 4705//2 4715//2
f 4715//2 4708//2 4710//2
f 4709//2 4716//2 4710//2
f 3653//2 4717//2 4718//2
f 4719//2 4718//2 4717//2
f 4709//2 4720//2 4716//2
f 3558//729 3535//729 3536//729
f 4716//2 4720//2 4721//2
f 4720//2 4722//2 4721//2
f 4719//2 4721//2 4722//2
f 4722//2 4718//2 4719//2
f 4717//2 3653//2 4627//2
f 102//1132 4438//1132 4432//1132
f 4628//2 2492//2 4723//2
f 4724//2 2491//2 4630//2
f 4723//2 2491//2 4724//2
f 2502//2 2493//2 4725//2
f 4725//2 4629//2 2502//2
f 2492//2 2491//2 4723//2
f 2491//2 2502//2 4630//2
f 4689//2 4725//2 2493//2
f 3341//1133 3343//1133 3545//1133
f 4726//2 4727//2 4728//2
f 4428//1134 4729//1134 4430//1134
f 4730//2 4727//2 4726//2
f 102//353 4432//353 4729//353
f 4688//1135 3144//1135 3143//1135
f 4731//2 4727//2 4732//2
f 4733//2 4727//2 4731//2
f 4734//2 4727//2 4735//2
f 4736//2 4735//2 4727//2
f 4728//2 4727//2 4734//2
f 4730//2 4732//2 4727//2
f 4737//1136 4738//1136 4272//1136
f 4739//1003 3732//1003 3577//1003
f 4572//2 4691//2 4733//2
f 4571//2 4691//2 4572//2
f 4727//2 4733//2 4691//2
f 4740//1137 4741//1137 4451//1137
f 4742//2 4743//2 4744//2
f 4745//2 4744//2 4746//2
f 4746//2 4747//2 4745//2
f 4748//2 4745//2 4747//2
f 4749//2 4750//2 4747//2
f 4751//816 3877//816 3135//816
f 3134//808 3706//808 4752//808
f 4751//515 3135//515 4752//515
f 3134//515 4752//515 3135//515
f 4753//2 4754//2 4749//2
f 4755//2 4756//2 4757//2
f 3904//2 4758//2 4759//2
f 4758//2 3946//2 4759//2
f 3946//2 4760//2 4759//2
f 4760//2 4633//2 4759//2
f 4633//2 4638//2 4759//2
f 4638//2 4637//2 4759//2
f 2710//1138 4456//1138 4455//1138
f 4761//2 4762//2 4763//2
f 4763//2 4764//2 4761//2
f 4765//2 4766//2 4767//2
f 4767//2 4768//2 4765//2
f 4768//2 4769//2 4770//2
f 4769//2 4771//2 4770//2
f 4772//2 4770//2 4771//2
f 4773//2 4772//2 4774//2
f 4774//2 4775//2 4773//2
f 4775//2 4776//2 4777//2
f 4778//2 4777//2 4776//2
f 4779//2 4778//2 4776//2
f 3102//839 3105//839 3905//839
f 4126//1139 119//1139 144//1139
f 4780//2 4687//2 4597//2
f 3565//1140 3567//1140 121//1140
f 4781//2 4782//2 4783//2
f 4783//2 4784//2 4785//2
f 4786//2 4785//2 4787//2
f 3730//1141 127//1141 3733//1141
f 4787//2 4785//2 4784//2
f 4788//639 4789//639 3733//639
f 4790//1142 4388//1142 4390//1142
f 4791//2 4792//2 4793//2
f 3104//852 3946//852 4758//852
f 3571//736 3570//736 3712//736
f 3124//1096 4633//1096 4760//1096
f 4794//2 4763//2 4762//2
f 4762//2 4791//2 4794//2
f 4793//2 4794//2 4791//2
f 4792//2 4795//2 4793//2
f 4781//2 4793//2 4795//2
f 4781//2 4795//2 4782//2
f 4784//2 4783//2 4782//2
f 4796//2 4797//2 4798//2
f 4760//853 3946//853 3124//853
f 4273//1136 4272//1136 4738//1136
f 4755//2 4742//2 4799//2
f 4758//1131 3904//1131 3104//1131
f 3569//13 3571//13 3723//13
f 4756//2 4755//2 4799//2
f 4800//2 4757//2 4756//2
f 4744//2 4799//2 4742//2
f 3514//727 3513//727 4801//727
f 4778//2 4779//2 4800//2
f 4777//2 4773//2 4775//2
f 4779//2 4757//2 4800//2
f 4801//1143 4802//1143 3514//1143
f 4278//1144 4803//1144 4276//1144
f 4455//211 4392//211 2710//211
f 4804//2 4805//2 4806//2
f 4807//2 4749//2 4754//2
f 4808//2 4804//2 4806//2
f 4809//2 4753//2 4808//2
f 144//1140 121//1140 3567//1140
f 4750//2 4749//2 4807//2
f 4754//2 4753//2 4809//2
f 3576//1090 3566//1090 123//1090
f 4748//2 4747//2 4750//2
f 4743//2 4746//2 4744//2
f 4804//2 4808//2 4753//2
f 4739//737 3577//737 123//737
f 4771//2 4774//2 4772//2
f 4790//1145 4390//1145 4393//1145
f 4810//2 4761//2 4764//2
f 3322//2 3990//2 4131//2
f 3338//2 3990//2 4104//2
f 4766//2 4810//2 4811//2
f 4764//2 4811//2 4810//2
f 4770//2 4765//2 4768//2
f 4811//2 4767//2 4766//2
f 3510//728 4131//728 3338//728
f 4812//2 4813//2 4814//2
f 4815//2 4806//2 4805//2
f 4813//2 4815//2 4805//2
f 4805//2 4814//2 4813//2
f 4131//2 3990//2 3338//2
f 4816//2 4817//2 4818//2
f 4819//2 4812//2 4820//2
f 4821//1146 4822//1146 4440//1146
f 3338//699 4104//699 3339//699
f 4823//2 4824//2 4103//2
f 4824//1147 4823//1147 3516//1147
f 3517//1147 3516//1147 4823//1147
f 3945//1148 3115//1148 3943//1148
f 4823//1149 3536//1149 3517//1149
f 3951//2 3950//2 4759//2
f 3510//692 3323//692 3322//692
f 4104//2 4103//2 4825//2
f 4318//1150 2778//1150 2779//1150
f 3339//1151 4104//1151 3500//1151
f 4825//1151 3500//1151 4104//1151
f 3950//2 3956//2 4759//2
f 3956//2 3691//2 4759//2
f 3691//2 4650//2 4759//2
f 3957//2 4759//2 4650//2
f 3958//2 3957//2 4650//2
f 4825//2 4103//2 4824//2
f 3500//1152 4825//1152 3516//1152
f 4824//1152 3516//1152 4825//1152
f 3558//2 4103//2 4826//2
f 4823//2 4103//2 3536//2
f 3558//2 3536//2 4103//2
f 4827//2 4828//2 126//2
f 4829//2 4802//2 4830//2
f 4831//835 2890//835 4832//835
f 4833//819 4471//819 4475//819
f 3570//2 3569//2 4830//2
f 4103//2 3570//2 4830//2
f 4826//2 4103//2 4830//2
f 4633//1153 3116//1153 4638//1153
f 4828//1154 3544//1154 4830//1154
f 3532//1154 4830//1154 3544//1154
f 3341//2 126//2 108//2
f 4827//2 126//2 3341//2
f 126//2 79//2 108//2
f 3341//414 108//414 3342//414
f 108//331 105//331 3342//331
f 3532//1155 3559//1155 4830//1155
f 4826//1155 4830//1155 3559//1155
f 4243//2 4650//2 4244//2
f 3545//1133 4827//1133 3341//1133
f 3943//2 3910//2 4759//2
f 3945//2 3943//2 4759//2
f 3905//2 3904//2 4759//2
f 4834//2 4835//2 4759//2
f 3911//2 3905//2 4759//2
f 3706//2 4834//2 4759//2
f 4637//2 3951//2 4759//2
f 4759//2 4836//2 3706//2
f 3958//2 4650//2 4243//2
f 4752//2 3706//2 4836//2
f 4751//2 4752//2 4836//2
f 3132//271 3129//271 3958//271
f 3559//731 3558//731 4826//731
f 3877//2 4751//2 4836//2
f 4828//1156 3545//1156 3544//1156
f 4828//1156 4827//1156 3545//1156
f 3957//1104 3131//1104 4759//1104
f 2776//442 4837//442 2777//442
f 4836//1157 4759//1157 3144//1157
f 3131//1157 3144//1157 4759//1157
f 1564//1158 2313//1158 2312//1158
f 4688//2 3634//2 4836//2
f 1560//1159 2898//1159 2313//1159
f 3144//1135 4688//1135 4836//1135
f 4838//1160 4839//1160 2777//1160
f 4835//331 3099//331 3945//331
f 3513//207 3515//207 3737//207
f 4840//1161 2883//1161 4841//1161
f 3099//1162 4835//1162 4834//1162
f 3100//1162 3099//1162 4834//1162
f 4834//757 3706//757 3100//757
f 3566//1090 4842//1090 123//1090
f 3910//2 3911//2 4759//2
f 4835//2 3945//2 4759//2
f 4843//1163 4844//1163 2896//1163
f 3634//816 3106//816 3877//816
f 2896//562 2894//562 4843//562
f 3569//2 4829//2 4830//2
f 1564//1164 2312//1164 2878//1164
f 3622//2 4680//2 3624//2
f 3624//2 4680//2 3625//2
f 2779//1165 2895//1165 4318//1165
f 4103//1166 3712//1166 3570//1166
f 4845//1167 4309//1167 2882//1167
f 4846//1168 2773//1168 2315//1168
f 4828//2 4830//2 4802//2
f 4802//2 4801//2 4828//2
f 3513//2 4789//2 4828//2
f 4789//2 4788//2 4828//2
f 4788//2 127//2 4828//2
f 126//2 4828//2 127//2
f 125//2 124//2 127//2
f 4739//2 122//2 125//2
f 123//2 122//2 4739//2
f 4842//2 120//2 123//2
f 3565//2 120//2 4842//2
f 121//2 120//2 3565//2
f 119//2 117//2 121//2
f 4620//2 4847//2 4375//2
f 4657//2 4848//2 4375//2
f 4849//2 4375//2 4848//2
f 3566//504 3565//504 4842//504
f 3195//1169 4848//1169 3149//1169
f 2303//43 4850//43 2301//43
f 4657//1169 3149//1169 4848//1169
f 3732//1003 4739//1003 125//1003
f 4851//1170 2289//1170 2301//1170
f 4657//2 4375//2 3869//2
f 3877//2 4836//2 3634//2
f 127//1171 3730//1171 125//1171
f 3732//1171 125//1171 3730//1171
f 4846//1172 2315//1172 4852//1172
f 2314//1172 4852//1172 2315//1172
f 3962//2 4375//2 4849//2
f 4849//1173 4848//1173 3196//1173
f 3195//1173 3196//1173 4848//1173
f 3869//2 4375//2 4847//2
f 4801//2 3513//2 4828//2
f 4853//1174 4854//1174 2899//1174
f 4847//811 3143//811 3869//811
f 4855//1119 2317//1119 2304//1119
f 3569//13 3723//13 4829//13
f 3962//864 4849//864 3196//864
f 2884//1175 4856//1175 2879//1175
f 2880//655 2879//655 4832//655
f 3723//1143 3514//1143 4802//1143
f 4847//2 4620//2 4688//2
f 4856//421 2884//421 2885//421
f 4802//1143 4829//1143 3723//1143
f 4789//207 3513//207 3737//207
f 4688//1135 3143//1135 4847//1135
f 4857//1176 3158//1176 3159//1176
f 4788//1141 3733//1141 127//1141
f 3737//639 3733//639 4789//639
f 4234//975 3166//975 4236//975
f 4858//655 3130//655 4859//655
f 2888//1177 4353//1177 2892//1177
f 3133//816 3164//816 4859//816
f 3165//463 3166//463 4235//463
f 3939//1178 3900//1178 3748//1178
f 3155//1179 3165//1179 4860//1179
f 4861//1179 4860//1179 3165//1179
f 4860//1180 4862//1180 3155//1180
f 4863//1181 4864//1181 2938//1181
f 4865//1182 2900//1182 4864//1182
f 4866//1183 2905//1183 4867//1183
f 3159//1184 3161//1184 4857//1184
f 2273//1185 4868//1185 2276//1185
f 4869//1186 4870//1186 2281//1186
f 3133//655 4859//655 3130//655
f 2285//1187 4871//1187 2281//1187
f 4872//744 4873//744 2916//744
f 3157//1180 3155//1180 4862//1180
f 4862//1188 3162//1188 3157//1188
f 3168//1189 4168//1189 3063//1189
f 4362//149 3171//149 3061//149
f 4461//1190 4463//1190 4874//1190
f 4875//1191 4443//1191 4874//1191
f 4345//155 3169//155 3060//155
f 4875//1192 4876//1192 4443//1192
f 4470//224 4473//224 4465//224
f 3410//649 4877//649 4262//649
f 3178//1193 4878//1193 3172//1193
f 4879//1011 4319//1011 3172//1011
f 3174//797 3176//797 4355//797
f 3174//786 4355//786 3181//786
f 4468//1194 4467//1194 4880//1194
f 4609//1195 4880//1195 4467//1195
f 4403//1196 4656//1196 4404//1196
f 3058//1197 4881//1197 3064//1197
f 4347//1028 3156//1028 4346//1028
f 3057//1030 4349//1030 4882//1030
f 4704//1198 363//1198 4625//1198
f 4882//330 4881//330 3057//330
f 4883//1199 4702//1199 4711//1199
f 4419//1071 4884//1071 4313//1071
f 4405//689 4885//689 4409//689
f 4877//1200 3410//1200 4886//1200
f 3181//1200 4886//1200 3410//1200
f 4883//1201 4711//1201 4701//1201
f 1623//931 4887//931 1622//931
f 4888//1202 1624//1202 1622//1202
f 4885//1203 4405//1203 4402//1203
f 4176//1204 3146//1204 3142//1204
f 3194//454 4889//454 4368//454
f 4396//1205 4644//1205 4397//1205
f 4890//1206 4283//1206 4407//1206
f 4334//1021 3130//1021 4858//1021
f 4891//1207 4400//1207 4410//1207
f 4327//1016 3203//1016 4324//1016
f 4892//1208 4618//1208 4625//1208
f 4893//1209 4329//1209 3207//1209
f 3215//1209 3207//1209 4329//1209
f 3743//983 4894//983 3717//983
f 4895//2 4819//2 4820//2
f 4820//2 4896//2 4895//2
f 4897//2 4895//2 4896//2
f 4898//2 4899//2 4817//2
f 4817//2 4816//2 4896//2
f 4897//2 4896//2 4816//2
f 4814//2 4820//2 4812//2
f 4410//1210 4406//1210 4891//1210
f 4900//2 4901//2 4902//2
f 4598//430 4282//430 4281//430
f 4903//1211 4709//1211 4708//1211
f 4904//2 4901//2 4900//2
f 4905//2 4906//2 4904//2
f 4397//459 4907//459 4407//459
f 4818//2 4817//2 4908//2
f 4908//2 4817//2 4899//2
f 4899//2 4898//2 4909//2
f 4910//2 4909//2 4898//2
f 4898//2 4906//2 4910//2
f 4888//931 1622//931 4887//931
f 4903//1212 4708//1212 4714//1212
f 4911//2 4912//2 4913//2
f 4914//2 4913//2 4912//2
f 4915//2 4916//2 4913//2
f 4916//2 4911//2 4913//2
f 4917//2 4915//2 4918//2
f 4919//275 4920//275 4411//275
f 4797//2 4917//2 4918//2
f 369//1213 366//1213 4715//1213
f 4913//2 4918//2 4915//2
f 4921//2 4914//2 4912//2
f 4787//2 4796//2 4786//2
f 4798//2 4786//2 4796//2
f 4918//2 4798//2 4797//2
f 4576//358 4919//358 4411//358
f 4922//2 4691//2 4923//2
f 4710//687 368//687 4715//687
f 4924//2 4691//2 4925//2
f 4923//2 4691//2 4924//2
f 4691//2 4581//2 4692//2
f 4925//2 4691//2 4692//2
f 4926//2 4927//2 4928//2
f 4929//2 4928//2 4930//2
f 4931//2 4930//2 4928//2
f 4932//2 4933//2 4929//2
f 4934//2 4914//2 4935//2
f 4921//2 4935//2 4914//2
f 4935//2 4936//2 4934//2
f 4936//2 4926//2 4934//2
f 4928//2 4934//2 4926//2
f 4927//2 4931//2 4928//2
f 4937//684 4421//684 4420//684
f 4938//2 4939//2 4940//2
f 4941//1214 4942//1214 1621//1214
f 4940//2 4943//2 4938//2
f 4944//2 4945//2 4946//2
f 4943//2 4944//2 4946//2
f 4947//1215 4424//1215 4423//1215
f 4901//2 4946//2 4945//2
f 4902//2 4901//2 4945//2
f 4910//2 4906//2 4905//2
f 4433//1116 4660//1116 4431//1116
f 4948//2 4949//2 4950//2
f 4429//996 4431//996 4659//996
f 4423//1216 4427//1216 4947//1216
f 4951//1217 4721//1217 4719//1217
f 4952//2 4953//2 4954//2
f 4429//1218 4955//1218 4427//1218
f 4436//1219 166//1219 4444//1219
f 4950//2 4956//2 4948//2
f 4957//2 4948//2 4956//2
f 4949//2 4958//2 4959//2
f 4960//2 4929//2 4933//2
f 4954//2 4961//2 4962//2
f 4717//1220 4963//1220 4719//1220
f 4964//2 4965//2 4966//2
f 4953//2 4967//2 4968//2
f 4933//2 4969//2 4960//2
f 4969//2 4970//2 4960//2
f 2899//1221 2310//1221 4853//1221
f 4971//2 4972//2 4973//2
f 4974//2 4975//2 4976//2
f 4973//2 4972//2 4976//2
f 4977//2 4978//2 4979//2
f 4980//1222 4981//1222 4623//1222
f 4956//2 4982//2 4957//2
f 4983//2 4957//2 4982//2
f 4982//2 4984//2 4983//2
f 4974//2 4985//2 4975//2
f 4984//2 4975//2 4985//2
f 4985//2 4983//2 4984//2
f 4965//2 4959//2 4986//2
f 4986//2 4966//2 4965//2
f 4966//2 4987//2 4964//2
f 4988//2 4989//2 4990//2
f 4892//1198 4625//1198 363//1198
f 4939//2 4979//2 4978//2
f 4979//2 4991//2 4977//2
f 4971//2 4977//2 4991//2
f 4972//2 4971//2 4991//2
f 4974//2 4976//2 4972//2
f 4978//2 4940//2 4939//2
f 4946//2 4938//2 4943//2
f 4901//2 4904//2 4906//2
f 4851//190 2299//190 2289//190
f 4712//1043 4992//1043 4707//1043
f 4993//1223 4994//1223 4707//1223
f 4995//2 4727//2 4996//2
f 4997//2 4998//2 4999//2
f 5000//2 4999//2 4998//2
f 4996//2 4727//2 5001//2
f 5001//2 4727//2 4922//2
f 5002//1224 2318//1224 2305//1224
f 5003//2 5004//2 4998//2
f 5004//2 5005//2 4998//2
f 4998//2 5005//2 5000//2
f 5006//1225 1644//1225 1646//1225
f 4691//2 4922//2 4727//2
f 4995//2 5007//2 4727//2
f 4998//2 4727//2 5007//2
f 4998//2 5007//2 5003//2
f 1646//1026 1645//1026 5006//1026
f 4930//2 4932//2 4929//2
f 4960//2 4970//2 4961//2
f 4970//2 4962//2 4961//2
f 5008//2 5009//2 5010//2
f 5011//2 5012//2 5013//2
f 5014//2 5015//2 5012//2
f 4962//2 4952//2 4954//2
f 4968//2 4954//2 4953//2
f 5010//2 4968//2 4967//2
f 4967//2 5008//2 5010//2
f 5013//2 5010//2 5009//2
f 5009//2 5011//2 5013//2
f 366//1226 4713//1226 4706//1226
f 5016//2 5015//2 5014//2
f 5017//2 5018//2 5019//2
f 3214//1227 3216//1227 5020//1227
f 5021//2 5022//2 5019//2
f 5023//2 5024//2 5021//2
f 5020//1228 3210//1228 3214//1228
f 5025//2 5026//2 5023//2
f 4323//1229 3211//1229 3210//1229
f 5013//2 5012//2 5015//2
f 4990//2 5027//2 5028//2
f 5028//2 5029//2 5025//2
f 5022//2 5021//2 5024//2
f 5022//2 5017//2 5019//2
f 5016//2 5019//2 5018//2
f 5015//2 5016//2 5018//2
f 4989//2 4988//2 4987//2
f 4988//2 4964//2 4987//2
f 5027//2 4990//2 4989//2
f 5029//2 5028//2 5027//2
f 5026//2 5025//2 5029//2
f 4959//2 4950//2 4949//2
f 5024//2 5023//2 5026//2
f 4958//2 4986//2 4959//2
f 717//2 112//2 638//2
f 636//2 638//2 112//2
f 3164//816 5030//816 4859//816
f 4862//1188 5031//1188 3162//1188
f 5031//808 5030//808 3162//808
f 4185//2 4189//2 1032//2
f 5032//2 4857//2 1032//2
f 4185//958 1034//958 1525//958
f 1034//2 4185//2 1032//2
f 1034//1230 1033//1230 1525//1230
f 1006//252 1526//252 1033//252
f 4430//353 4729//353 4432//353
f 5033//2 4244//2 4650//2
f 4650//2 1032//2 5033//2
f 4857//1184 3161//1184 5033//1184
f 4737//1231 4272//1231 4276//1231
f 3161//979 3132//979 4244//979
f 3161//979 4244//979 5033//979
f 5034//1232 926//1232 958//1232
f 971//1233 924//1233 5035//1233
f 4189//2 5032//2 1032//2
f 5035//1234 5036//1234 971//1234
f 5037//1235 4385//1235 4741//1235
f 926//489 5034//489 924//489
f 4738//279 4386//279 4273//279
f 1645//1026 5038//1026 5006//1026
f 2461//1236 3729//1236 3623//1236
f 3158//1020 5032//1020 4189//1020
f 4617//1113 3891//1113 5039//1113
f 4857//2 5033//2 1032//2
f 4980//1237 4623//1237 4621//1237
f 3158//1176 4857//1176 5032//1176
f 4348//2 4168//2 4236//2
f 4236//2 4168//2 4234//2
f 5039//1238 5040//1238 4617//1238
f 5041//1239 5042//1239 1637//1239
f 4860//2 4861//2 4319//2
f 4319//2 4879//2 4860//2
f 4861//2 4235//2 4319//2
f 4167//2 4319//2 4235//2
f 4235//2 4234//2 4167//2
f 4879//2 4878//2 4860//2
f 4168//2 4167//2 4234//2
f 4878//2 4262//2 4860//2
f 4862//2 4860//2 4262//2
f 4703//1240 364//1240 4704//1240
f 4861//463 3165//463 4235//463
f 4706//1213 4715//1213 366//1213
f 3744//1241 3717//1241 5043//1241
f 3942//1242 3941//1242 4718//1242
f 3164//808 3162//808 5030//808
f 3748//846 3749//846 3939//846
f 5044//935 3152//935 1630//935
f 3622//1243 3151//1243 3152//1243
f 4627//1244 5045//1244 4717//1244
f 1613//1195 5046//1195 1630//1195
f 3168//951 3173//951 4168//951
f 4357//1189 3063//1189 4168//1189
f 291//1245 4628//1245 4723//1245
f 3653//1246 4718//1246 3941//1246
f 4718//1247 4722//1247 3942//1247
f 4346//1197 3064//1197 4881//1197
f 3852//1248 3763//1248 3751//1248
f 5002//1249 5047//1249 2318//1249
f 1621//1250 1620//1250 4941//1250
f 3237//1251 2224//1251 2225//1251
f 5048//1122 291//1122 4724//1122
f 4723//1122 4724//1122 291//1122
f 2244//1252 5049//1252 2240//1252
f 4653//1253 2217//1253 2238//1253
f 1628//1254 1627//1254 5050//1254
f 5051//1255 4630//1255 4629//1255
f 5052//1256 927//1256 932//1256
f 5053//1257 2236//1257 2239//1257
f 5052//1258 928//1258 927//1258
f 4236//1037 3056//1037 4348//1037
f 5054//1259 5055//1259 1617//1259
f 938//1260 5056//1260 940//1260
f 5057//263 976//263 940//263
f 978//1261 5058//1261 946//1261
f 5059//1262 947//1262 945//1262
f 2692//1263 2702//1263 4457//1263
f 5060//1055 5061//1055 976//1055
f 4280//1006 4314//1006 4278//1006
f 4886//786 3181//786 4355//786
f 5062//2 112//2 5034//2
f 5063//2 112//2 5062//2
f 1618//1264 5064//1264 1617//1264
f 958//1232 5062//1232 5034//1232
f 3741//795 5065//795 3849//795
f 5064//1194 1618//1194 1625//1194
f 5066//2 4348//2 4345//2
f 4349//2 4345//2 4348//2
f 4362//2 4348//2 5066//2
f 5067//2 4348//2 4362//2
f 4245//2 4348//2 5067//2
f 4357//2 4348//2 4245//2
f 4168//2 4348//2 4357//2
f 5031//2 4862//2 4262//2
f 4262//2 4877//2 5031//2
f 4882//2 4349//2 4348//2
f 4347//2 4346//2 4348//2
f 4881//2 4348//2 4346//2
f 4882//2 4348//2 4881//2
f 5068//2 112//2 5035//2
f 5035//2 112//2 5036//2
f 4669//1265 4668//1265 4694//1265
f 5069//1265 4694//1265 4668//1265
f 924//1233 5068//1233 5035//1233
f 5067//149 4362//149 3061//149
f 4662//1266 4661//1266 5070//1266
f 4662//43 5070//43 3225//43
f 5071//1267 974//1267 5036//1267
f 5034//2 112//2 5068//2
f 4693//1268 5072//1268 4670//1268
f 4694//1269 5069//1269 4666//1269
f 5042//1077 5073//1077 1641//1077
f 3760//1270 3759//1270 3850//1270
f 3734//803 3859//803 5074//803
f 3734//860 5074//860 3955//860
f 3060//1040 4362//1040 5066//1040
f 3711//805 3861//805 3740//805
f 3735//598 3955//598 3721//598
f 5066//155 4345//155 3060//155
f 5075//599 3722//599 3952//599
f 3061//984 4245//984 5067//984
f 5075//804 3860//804 3722//804
f 3225//2 5070//2 3160//2
f 5070//2 4661//2 3160//2
f 4661//2 5076//2 3160//2
f 5076//2 5069//2 3160//2
f 5069//2 4668//2 3160//2
f 4668//2 5077//2 3160//2
f 5077//2 5072//2 3160//2
f 5078//2 3160//2 5072//2
f 5078//2 4641//2 3160//2
f 3226//2 3160//2 4641//2
f 2845//2 2848//2 3160//2
f 3058//330 3057//330 4881//330
f 4456//1271 2686//1271 4459//1271
f 5079//857 3767//857 3953//857
f 4859//2 5030//2 4886//2
f 4877//2 4886//2 5030//2
f 4886//2 4355//2 4859//2
f 4858//2 4859//2 4355//2
f 4355//2 4354//2 4858//2
f 4334//2 4858//2 4354//2
f 4328//2 4334//2 4354//2
f 5030//2 5031//2 4877//2
f 4458//1272 2693//1272 4457//1272
f 3178//732 4262//732 4878//732
f 2686//1273 5080//1273 4459//1273
f 1627//1077 1641//1077 5073//1077
f 4879//1193 3172//1193 4878//1193
f 4461//1191 4874//1191 4443//1191
f 4167//1011 3173//1011 4319//1011
f 5081//1274 4463//1274 5082//1274
f 4323//2 5083//2 4322//2
f 4322//2 5084//2 4323//2
f 4324//2 4323//2 5084//2
f 5084//2 4333//2 4324//2
f 5085//2 4322//2 5083//2
f 4327//2 4324//2 4333//2
f 4328//2 4327//2 4333//2
f 4334//2 4328//2 4333//2
f 5083//2 5020//2 5085//2
f 4176//2 5085//2 5020//2
f 3150//1275 5086//1275 3194//1275
f 4889//1275 3194//1275 5086//1275
f 3866//815 5087//815 3766//815
f 4333//462 5084//462 3148//462
f 3145//462 3148//462 5084//462
f 5085//1204 4176//1204 3142//1204
f 5079//642 5088//642 3767//642
f 4607//1276 4608//1276 5089//1276
f 5090//1277 4833//1277 4468//1277
f 4475//1277 4468//1277 4833//1277
f 4468//1194 4880//1194 5090//1194
f 3776//1278 3766//1278 316//1278
f 5087//1278 316//1278 3766//1278
f 3150//397 4176//397 5086//397
f 3130//1021 4334//1021 3148//1021
f 3145//1047 5084//1047 4322//1047
f 5091//874 3969//874 3787//874
f 3142//1014 4322//1014 5085//1014
f 4822//1279 5092//1279 4441//1279
f 924//489 5034//489 5068//489
f 128//2 112//2 5063//2
f 5020//2 5093//2 4176//2
f 5086//2 4176//2 5093//2
f 4379//2 5094//2 4378//2
f 5094//2 4564//2 4378//2
f 5095//2 4378//2 4564//2
f 4546//2 5095//2 4564//2
f 4564//2 5096//2 4546//2
f 959//1280 5063//1280 958//1280
f 5062//1281 958//1281 5063//1281
f 4465//1274 5082//1274 4463//1274
f 3204//1015 4323//1015 4324//1015
f 975//1282 5097//1282 932//1282
f 5071//237 5097//237 974//237
f 928//1258 5052//1258 5098//1258
f 4354//1018 3176//1018 4328//1018
f 5098//1283 5099//1283 928//1283
f 1587//531 2667//531 4608//531
f 3200//1284 3202//1284 3226//1284
f 5020//1227 3216//1227 5093//1227
f 5057//1260 940//1260 5056//1260
f 3226//371 4641//371 3200//371
f 3210//1228 5020//1228 5083//1228
f 4654//1285 5078//1285 4693//1285
f 5072//1285 4693//1285 5078//1285
f 5099//1286 933//1286 930//1286
f 5083//1229 4323//1229 3210//1229
f 3216//1019 4329//1019 5093//1019
f 5100//2 332//2 5101//2
f 5059//349 945//349 944//349
f 5101//2 332//2 4373//2
f 3375//1050 5101//1050 4373//1050
f 525//1287 987//1287 526//1287
f 4375//2 5102//2 332//2
f 4373//2 332//2 5103//2
f 4670//1288 5072//1288 5077//1288
f 3373//1051 4373//1051 5103//1051
f 4654//1113 4641//1113 5078//1113
f 5097//2 112//2 5104//2
f 5036//2 112//2 5071//2
f 5105//2 332//2 5102//2
f 3963//2 5102//2 4375//2
f 3963//2 4375//2 3962//2
f 974//1234 971//1234 5036//1234
f 5076//1118 4661//1118 4666//1118
f 5102//865 3963//865 3190//865
f 3962//1289 3192//1289 3963//1289
f 5106//2 332//2 5105//2
f 5105//1290 3218//1290 3350//1290
f 5104//1282 932//1282 5097//1282
f 5105//1290 3350//1290 5106//1290
f 5071//2 112//2 5097//2
f 5069//1269 5076//1269 4666//1269
f 3190//1291 3218//1291 5105//1291
f 3190//1291 5105//1291 5102//1291
f 1780//2 3224//2 3225//2
f 975//237 974//237 5097//237
f 5103//2 332//2 5106//2
f 5104//2 112//2 5052//2
f 3373//1292 5103//1292 3350//1292
f 5104//1256 5052//1256 932//1256
f 3350//1292 5103//1292 5106//1292
f 332//1052 628//1052 4375//1052
f 4620//1052 4375//1052 1614//1052
f 4668//1119 4670//1119 5077//1119
f 5052//2 112//2 5098//2
f 3225//4 893//4 4667//4
f 4546//1293 3352//1293 3220//1293
f 5098//2 112//2 5099//2
f 930//1283 928//1283 5099//1283
f 362//53 891//53 893//53
f 5107//2 112//2 5108//2
f 4672//2 5109//2 893//2
f 2869//2 4639//2 893//2
f 3227//2 1780//2 3225//2
f 5108//1294 936//1294 5107//1294
f 935//1294 5107//1294 936//1294
f 5108//2 112//2 5056//2
f 4639//2 4672//2 893//2
f 938//1295 936//1295 5056//1295
f 5108//1295 5056//1295 936//1295
f 2870//590 2867//590 2869//590
f 5056//2 112//2 5057//2
f 5110//2 5111//2 893//2
f 5111//2 4981//2 893//2
f 4381//1296 3397//1296 3404//1296
f 5109//1297 4624//1297 5110//1297
f 4697//1297 5110//1297 4624//1297
f 5109//2 5110//2 893//2
f 4379//1059 3355//1059 5094//1059
f 5057//2 112//2 5060//2
f 5109//1298 4672//1298 4624//1298
f 4619//1298 4624//1298 4672//1298
f 3207//1060 3206//1060 4380//1060
f 5112//114 5113//114 2968//114
f 976//263 5057//263 5060//263
f 4697//1299 4622//1299 5110//1299
f 5111//1299 5110//1299 4622//1299
f 5099//2 112//2 5114//2
f 4980//2 5115//2 893//2
f 4981//2 4980//2 893//2
f 3351//1076 3349//1076 4577//1076
f 5099//1286 5114//1286 933//1286
f 5114//2 112//2 5107//2
f 3386//1086 3385//1086 4606//1086
f 5116//800 3372//800 3351//800
f 935//1300 933//1300 5107//1300
f 5114//1300 5107//1300 933//1300
f 3891//1113 3890//1113 5039//1113
f 978//1301 976//1301 5061//1301
f 5058//1302 978//1302 5061//1302
f 3378//1303 5100//1303 3375//1303
f 3777//822 3883//822 3762//822
f 3969//1304 3782//1304 3783//1304
f 4707//1305 4992//1305 4993//1305
f 3370//1306 5117//1306 3368//1306
f 3368//215 5118//215 3381//215
f 4709//1211 4903//1211 5119//1211
f 3768//868 5120//868 3965//868
f 3790//1307 3789//1307 3975//1307
f 3794//827 3793//827 3892//827
f 5119//1308 5121//1308 4709//1308
f 4605//753 3385//753 3372//753
f 5122//260 5123//260 2766//260
f 365//1309 364//1309 4703//1309
f 2909//1310 5124//1310 2903//1310
f 3374//112 3376//112 5125//112
f 5126//112 5125//112 3376//112
f 4703//1311 4713//1311 365//1311
f 3370//1312 3377//1312 5117//1312
f 5127//1313 5128//1313 4159//1313
f 5123//770 2906//770 2767//770
f 5118//1306 3368//1306 5117//1306
f 3899//832 3795//832 5128//832
f 5129//1012 5130//1012 2904//1012
f 5130//1314 5131//1314 2910//1314
f 3389//1315 5132//1315 3376//1315
f 5125//1316 5133//1316 3374//1316
f 5134//1317 5135//1317 2972//1317
f 2960//1317 2972//1317 5135//1317
f 5136//1318 2919//1318 2918//1318
f 3480//1088 4611//1088 3405//1088
f 4705//1223 4707//1223 4994//1223
f 5137//1319 318//1319 3798//1319
f 4992//1320 4712//1320 4702//1320
f 4705//1321 4994//1321 4714//1321
f 5138//1122 4683//1122 2209//1122
f 1632//1214 1621//1214 4942//1214
f 3975//876 5137//876 3798//876
f 1633//1322 5139//1322 1634//1322
f 3767//1102 5088//1102 3768//1102
f 2106//1323 5140//1323 2110//1323
f 5141//1324 5138//1324 2110//1324
f 2209//1324 2110//1324 5138//1324
f 4159//1325 3794//1325 3897//1325
f 3795//1313 4159//1313 5128//1313
f 5142//1326 5143//1326 2107//1326
f 4684//1327 1635//1327 1636//1327
f 3845//2 3846//2 3847//2
f 3845//2 3847//2 3900//2
f 3900//2 3939//2 3845//2
f 1916//2 1849//2 2053//2
f 1943//43 1945//43 981//43
f 5144//1328 5145//1328 2222//1328
f 3847//1329 3739//1329 3900//1329
f 5146//1206 5147//1206 4252//1206
f 3741//834 3901//834 5065//834
f 1633//1330 1632//1330 5139//1330
f 5043//983 3717//983 4894//983
f 5148//1331 2242//1331 2241//1331
f 5149//1332 5150//1332 1639//1332
f 4160//517 4250//517 4254//517
f 4250//945 4160//945 4156//945
f 1641//1239 1637//1239 5042//1239
f 5151//1333 5152//1333 4121//1333
f 4121//53 4120//53 5151//53
f 4150//53 4162//53 4149//53
f 4162//53 4150//53 5153//53
f 2205//442 4682//442 2220//442
f 4120//946 4162//946 5153//946
f 2103//1096 5143//1096 2104//1096
f 4164//210 4270//210 4165//210
f 4017//423 4016//423 4263//423
f 4263//1334 5154//1334 4020//1334
f 5155//133 4266//133 4021//133
f 2221//1335 2219//1335 5156//1335
f 5065//2 3845//2 3849//2
f 3901//2 3845//2 5065//2
f 5157//2 3845//2 3901//2
f 5043//2 3845//2 5157//2
f 4894//2 3845//2 5043//2
f 3659//2 3845//2 4894//2
f 3658//2 3845//2 3659//2
f 3851//2 3845//2 3658//2
f 3939//2 3937//2 3845//2
f 5158//2 3849//2 3845//2
f 5158//2 3845//2 3937//2
f 1439//710 3067//710 5159//710
f 5160//1336 5161//1336 4716//1336
f 3742//152 3849//152 5158//152
f 5156//808 2237//808 2221//808
f 4716//1337 4721//1337 5160//1337
f 1436//791 1430//791 3834//791
f 3743//837 3659//837 4894//837
f 5048//1338 4724//1338 4630//1338
f 5159//1339 3764//1339 1439//1339
f 3744//1241 5043//1241 5157//1241
f 5162//1340 2257//1340 5163//1340
f 4722//1247 5164//1247 3942//1247
f 2257//1341 5162//1341 2258//1341
f 5165//1341 2258//1341 5162//1341
f 4720//1342 4709//1342 5121//1342
f 5157//845 3901//845 3744//845
f 5166//1343 5164//1343 4720//1343
f 2250//787 2258//787 5165//787
f 5167//1344 5168//1344 2268//1344
f 3937//710 3742//710 5158//710
f 5169//1345 2253//1345 2286//1345
f 4018//910 5155//910 4021//910
f 3854//2 5170//2 3845//2
f 5170//2 3853//2 3845//2
f 5171//2 3854//2 3845//2
f 3853//2 3852//2 3845//2
f 3852//2 5172//2 3845//2
f 5172//2 3907//2 3845//2
f 3848//2 3845//2 3907//2
f 3906//2 3848//2 3907//2
f 3883//2 3871//2 3906//2
f 3850//2 5171//2 3845//2
f 3851//2 3850//2 3845//2
f 5173//1346 2254//1346 2253//1346
f 3658//1347 3660//1347 3851//1347
f 4140//420 5147//420 4015//420
f 4140//1206 4252//1206 5147//1206
f 2960//1348 5135//1348 2915//1348
f 5058//2 112//2 5174//2
f 528//2 525//2 527//2
f 552//2 539//2 527//2
f 946//1261 5058//1261 5174//1261
f 2923//1349 4873//1349 2918//1349
f 5174//2 112//2 5175//2
f 946//1350 5174//1350 944//1350
f 5175//1350 944//1350 5174//1350
f 5176//1351 5177//1351 2260//1351
f 112//2 527//2 5175//2
f 5175//349 5059//349 944//349
f 5177//112 5178//112 2259//112
f 5059//2 5175//2 527//2
f 526//2 5179//2 527//2
f 5179//1262 947//1262 5059//1262
f 5152//1352 4253//1352 4255//1352
f 2282//1353 2281//1353 4870//1353
f 5060//2 112//2 5061//2
f 5058//2 5061//2 112//2
f 4255//1333 4121//1333 5152//1333
f 2282//1354 5180//1354 2270//1354
f 5179//2 5059//2 527//2
f 2270//1355 5181//1355 2267//1355
f 5182//2 5183//2 3275//2
f 1926//2 3275//2 112//2
f 3276//2 5182//2 3275//2
f 2937//585 2936//585 5184//585
f 1277//43 1510//43 1032//43
f 3274//43 1032//43 1510//43
f 1425//43 527//43 5183//43
f 1425//43 5183//43 1431//43
f 5184//1356 2939//1356 2937//1356
f 527//2 112//2 5183//2
f 5183//2 112//2 3275//2
f 3276//43 1498//43 5182//43
f 1499//43 5182//43 1498//43
f 1499//922 1496//922 5185//922
f 1515//13 4678//13 1510//13
f 1443//13 552//13 1425//13
f 5186//1357 2945//1357 2947//1357
f 5187//1358 4850//1358 2308//1358
f 5188//585 5184//585 2936//585
f 5189//1359 4277//1359 4275//1359
f 4025//1360 4027//1360 4277//1360
f 2310//1221 5190//1221 4853//1221
f 2306//1361 5191//1361 2304//1361
f 5192//1269 5187//1269 2307//1269
f 2314//1174 2899//1174 4854//1174
f 5193//4 2505//4 3924//4
f 4868//1362 5194//1362 2276//1362
f 3407//435 3398//435 4533//435
f 4448//1363 5195//1363 4449//1363
f 5196//1364 5197//1364 2277//1364
f 5198//1365 5199//1365 4452//1365
f 5200//411 2981//411 2983//411
f 5201//1366 5202//1366 2288//1366
f 5203//1367 2966//1367 5204//1367
f 4627//768 4628//768 5045//768
f 3891//1368 3623//1368 3729//1368
f 2277//1369 2318//1369 5047//1369
f 5115//1237 4980//1237 4621//1237
f 2056//1370 2980//1370 2984//1370
f 5205//1371 5115//1371 4618//1371
f 4621//1371 4618//1371 5115//1371
f 2249//1372 5206//1372 2260//1372
f 2259//1351 2260//1351 5177//1351
f 4240//818 4242//818 4395//818
f 5207//1373 5208//1373 4394//1373
f 4395//1373 4394//1373 5208//1373
f 4394//1374 4056//1374 4055//1374
f 5200//1375 2975//1375 2981//1375
f 5209//983 4248//983 4247//983
f 2265//1376 5210//1376 2271//1376
f 4202//926 4064//926 2691//926
f 2271//1377 5211//1377 2273//1377
f 5209//790 5212//790 4248//790
f 4871//585 2285//585 2284//585
f 2265//1378 2267//1378 5210//1378
f 4449//1379 5213//1379 4450//1379
f 5211//1376 2271//1376 5210//1376
f 3751//752 3907//752 5172//752
f 5198//1380 4452//1380 5214//1380
f 4450//1380 5214//1380 4452//1380
f 3746//847 3853//847 5170//847
f 3746//801 5170//801 3854//801
f 5124//1381 2909//1381 2907//1381
f 3759//798 3854//798 5171//798
f 4395//818 5208//818 4240//818
f 2303//1358 2308//1358 4850//1358
f 3759//1270 5171//1270 3850//1270
f 2767//260 2766//260 5123//260
f 3852//1248 3751//1248 5172//1248
f 2903//932 5215//932 2904//932
f 3871//805 3740//805 3861//805
f 2910//1012 2904//1012 5130//1012
f 4701//1201 5216//1201 4883//1201
f 3408//1382 3407//1382 4533//1382
f 2923//744 2916//744 4873//744
f 4480//225 3481//225 3408//225
f 4246//1383 4387//1383 4247//1383
f 5136//1349 2918//1349 4873//1349
f 4613//1090 3485//1090 5217//1090
f 1192//1384 2724//1384 1195//1384
f 2943//1385 2940//1385 5218//1385
f 2943//1378 5218//1378 2944//1378
f 3952//2 3955//2 5219//2
f 3955//2 5074//2 3961//2
f 3859//2 5220//2 5074//2
f 3952//2 3969//2 5075//2
f 3871//2 3882//2 3859//2
f 3848//2 3906//2 3861//2
f 3861//2 3906//2 3871//2
f 5131//1386 5221//1386 2914//1386
f 5217//1068 3485//1068 4505//1068
f 5146//74 4252//74 5222//74
f 770//794 1478//794 765//794
f 4714//1212 5223//1212 4903//1212
f 363//1240 4704//1240 364//1240
f 3953//2 3874//2 5079//2
f 5224//2 3874//2 3953//2
f 5088//174 5079//174 3874//174
f 5088//2 3874//2 3873//2
f 5088//2 3873//2 316//2
f 5087//2 3896//2 316//2
f 3866//2 3896//2 5087//2
f 3867//2 3896//2 3866//2
f 3860//2 3969//2 3867//2
f 3867//804 3738//804 3860//804
f 370//687 368//687 4710//687
f 3890//2 2463//2 5039//2
f 3729//2 2463//2 3890//2
f 1485//1387 5225//1387 1482//1387
f 3776//856 316//856 3873//856
f 5186//1388 2947//1388 2950//1388
f 5205//2 4892//2 893//2
f 363//2 247//2 4892//2
f 247//2 893//2 4892//2
f 5115//2 5205//2 893//2
f 5120//1102 3768//1102 5088//1102
f 5111//1222 4622//1222 4981//1222
f 4622//1222 4623//1222 4981//1222
f 5224//218 3775//218 3874//218
f 367//2 247//2 365//2
f 2933//349 5226//349 2934//349
f 3775//862 5224//862 3953//862
f 1432//95 1435//95 3842//95
f 2942//1389 1570//1389 2941//1389
f 263//2 3954//2 268//2
f 263//2 268//2 261//2
f 552//53 1443//53 1442//53
f 5205//1208 4618//1208 4892//1208
f 2966//1390 5203//1390 2967//1390
f 5227//1090 5112//1090 2967//1090
f 5228//2 2463//2 4992//2
f 4883//2 2463//2 5228//2
f 5216//2 2463//2 4883//2
f 5040//2 2463//2 5216//2
f 5039//15 2463//15 5040//15
f 4993//2 4992//2 2463//2
f 4993//2 2463//2 4994//2
f 5119//2 2463//2 5121//2
f 4903//2 2463//2 5119//2
f 5223//2 2463//2 4903//2
f 4994//2 2463//2 5223//2
f 4702//1199 4883//1199 5228//1199
f 1488//784 1478//784 3791//784
f 5229//1391 5204//1391 2952//1391
f 2056//1220 2984//1220 2982//1220
f 4434//2 4446//2 4379//2
f 4380//2 4379//2 4446//2
f 4893//2 4380//2 4446//2
f 4446//2 4368//2 4893//2
f 4368//2 4889//2 4893//2
f 4329//2 4893//2 4889//2
f 4889//2 5086//2 4329//2
f 5093//2 4329//2 5086//2
f 4270//210 5230//210 4165//210
f 3352//1293 4546//1293 5231//1293
f 5193//1392 3924//1392 4258//1392
f 5095//1057 3219//1057 4378//1057
f 5154//1393 4263//1393 4016//1393
f 4020//1334 5154//1334 5232//1334
f 3219//1070 5095//1070 4546//1070
f 5233//1394 3348//1394 5231//1394
f 3352//1394 5231//1394 3348//1394
f 4020//909 5232//909 4018//909
f 4434//1063 3188//1063 4446//1063
f 3348//695 5233//695 4556//695
f 2953//1391 2952//1391 5204//1391
f 5147//2 4157//2 4015//2
f 5146//2 4157//2 5147//2
f 5234//2 4157//2 5222//2
f 5146//2 5222//2 4157//2
f 4016//2 4015//2 4157//2
f 4016//2 4157//2 4160//2
f 4016//2 4160//2 5235//2
f 4016//2 5235//2 5236//2
f 4016//2 5236//2 5152//2
f 5152//2 5151//2 4016//2
f 5153//2 4150//2 5237//2
f 4158//944 4157//944 5234//944
f 2979//1395 2978//1395 5238//1395
f 5239//1395 5238//1395 2978//1395
f 5233//2 5231//2 4381//2
f 5096//2 4381//2 5231//2
f 4381//2 5240//2 5233//2
f 4556//2 5233//2 5240//2
f 5240//2 4573//2 4556//2
f 4577//2 4556//2 4573//2
f 4611//2 4577//2 4573//2
f 5231//2 4546//2 5096//2
f 4378//2 4434//2 4379//2
f 5222//1396 4249//1396 5234//1396
f 4158//1396 5234//1396 4249//1396
f 4381//1296 3404//1296 5240//1296
f 5094//1072 3355//1072 4564//1072
f 4160//517 4254//517 5235//517
f 4893//1060 3207//1060 4380//1060
f 3363//1061 4381//1061 5096//1061
f 4249//74 5222//74 4252//74
f 3354//1397 3363//1397 4564//1397
f 5096//1397 4564//1397 3363//1397
f 2052//1398 2982//1398 2985//1398
f 4253//1352 5152//1352 5236//1352
f 4573//1075 5240//1075 3404//1075
f 5116//1076 3351//1076 4577//1076
f 2727//998 4302//998 1055//998
f 1055//1399 4356//1399 2727//1399
f 4294//1399 2728//1399 4356//1399
f 2108//382 2109//382 5241//382
f 2274//1400 5197//1400 2272//1400
f 5242//1401 5243//1401 2108//1401
f 1068//1402 2742//1402 5244//1402
f 1465//526 1466//526 3864//526
f 4701//1403 4617//1403 5040//1403
f 5216//1403 4701//1403 5040//1403
f 1470//1404 5245//1404 1471//1404
f 1467//443 1471//443 3865//443
f 4702//1320 5228//1320 4992//1320
f 2753//552 2744//552 1083//552
f 5246//723 2266//723 2272//723
f 4994//1321 5223//1321 4714//1321
f 4363//1041 5244//1041 2741//1041
f 5247//1043 4366//1043 2730//1043
f 3857//1036 1481//1036 1477//1036
f 5166//1342 4720//1342 5121//1342
f 4383//938 2747//938 4382//938
f 2130//875 3972//875 2124//875
f 369//2 247//2 366//2
f 1486//1405 1474//1405 3271//1405
f 4713//1226 366//1226 367//1226
f 2132//802 1854//802 3858//802
f 2762//1406 5248//1406 2759//1406
f 4713//1311 367//1311 365//1311
f 3858//1407 5249//1407 2132//1407
f 5250//1408 5251//1408 1486//1408
f 5252//218 4367//218 2752//218
f 3651//1246 3653//1246 3941//1246
f 2761//1046 2760//1046 4371//1046
f 369//687 4715//687 368//687
f 5253//1409 5254//1409 2121//1409
f 5254//1410 2140//1410 2133//1410
f 4710//1336 4716//1336 5161//1336
f 2144//433 5255//433 3979//433
f 4717//1244 5045//1244 5256//1244
f 5256//1220 4963//1220 4717//1220
f 5257//1411 3384//1411 5258//1411
f 4003//1412 2176//1412 2161//1412
f 4532//2 5259//2 5132//2
f 5132//2 5260//2 4532//2
f 5259//2 5261//2 5132//2
f 4533//2 4532//2 5260//2
f 5260//2 4606//2 4533//2
f 5262//2 4533//2 4606//2
f 4606//2 4605//2 5262//2
f 4480//2 5262//2 4605//2
f 4605//2 5263//2 4480//2
f 5263//2 5116//2 4480//2
f 4610//2 4480//2 5116//2
f 4611//2 4610//2 5116//2
f 4577//2 4611//2 5116//2
f 2737//1054 4358//1054 1042//1054
f 3377//1312 5264//1312 5117//1312
f 5133//1413 3377//1413 3379//1413
f 3377//1413 5133//1413 5264//1413
f 3381//215 5118//215 5265//215
f 2164//1414 2163//1414 5266//1414
f 3372//800 5116//800 5263//800
f 2174//687 5267//687 3993//687
f 5126//1315 3376//1315 5132//1315
f 3998//1415 2180//1415 2179//1415
f 3379//1316 3374//1316 5133//1316
f 5258//1416 3384//1416 5268//1416
f 4605//753 3372//753 5263//753
f 3388//1087 4606//1087 5260//1087
f 2889//916 2750//916 5269//916
f 3389//1417 3388//1417 5132//1417
f 5260//1417 5132//1417 3388//1417
f 5270//1418 2750//1418 2764//1418
f 5101//1303 3375//1303 5100//1303
f 5166//2 2463//2 5164//2
f 5164//2 2463//2 3942//2
f 5121//2 2463//2 5166//2
f 2494//2 2463//2 2503//2
f 4866//1419 5271//1419 2905//1419
f 5272//1420 1067//1420 2765//1420
f 2900//1421 4867//1421 2905//1421
f 4722//1343 4720//1343 5164//1343
f 5161//2 247//2 370//2
f 4951//2 4963//2 247//2
f 5273//504 2887//504 5274//504
f 2886//504 5274//504 2887//504
f 4963//2 5256//2 247//2
f 2771//957 5275//957 4184//957
f 248//2 354//2 247//2
f 5160//2 247//2 5161//2
f 5274//1422 2886//1422 2778//1422
f 370//1336 4710//1336 5161//1336
f 5276//2 4951//2 247//2
f 5273//1423 5277//1423 2887//1423
f 4721//1217 4951//1217 5276//1217
f 5277//737 4845//737 2881//737
f 5276//2 247//2 5160//2
f 5160//1337 4721//1337 5276//1337
f 5270//916 5269//916 2750//916
f 289//2 247//2 5051//2
f 2133//1409 2121//1409 5254//1409
f 4630//1338 5278//1338 5048//1338
f 5278//2 5051//2 247//2
f 5048//2 5278//2 247//2
f 4120//2 4016//2 5151//2
f 5045//2 290//2 247//2
f 5256//2 5045//2 247//2
f 2146//838 5279//838 3903//838
f 4838//442 2777//442 4837//442
f 4951//1424 4719//1424 4963//1424
f 5280//2 5281//2 289//2
f 5051//2 5280//2 289//2
f 5051//1425 4629//1425 5280//1425
f 2883//1426 4840//1426 2776//1426
f 4837//1426 2776//1426 4840//1426
f 4630//1255 5051//1255 5278//1255
f 4150//2 5282//2 5237//2
f 3961//2 5074//2 5220//2
f 5219//2 3955//2 3961//2
f 3969//2 3952//2 5219//2
f 5220//2 3859//2 3882//2
f 5091//2 3867//2 3969//2
f 3896//2 3867//2 5091//2
f 5075//2 3969//2 3860//2
f 3882//2 3871//2 3883//2
f 2186//898 2158//898 3983//898
f 290//1245 4628//1245 291//1245
f 291//2 5048//2 247//2
f 3779//863 3961//863 5220//863
f 5045//768 4628//768 290//768
f 1943//4 981//4 4150//4
f 4050//1427 4339//1427 4296//1427
f 2181//1428 4004//1428 2158//1428
f 4253//855 5236//855 4254//855
f 4254//855 5236//855 5235//855
f 3779//821 5220//821 3882//821
f 4725//1429 5280//1429 4629//1429
f 4598//2 5283//2 980//2
f 3906//822 3762//822 3883//822
f 2135//842 2150//842 3279//842
f 5266//887 2163//887 3988//887
f 5284//411 4731//411 4732//411
f 5219//1304 3782//1304 3969//1304
f 3782//13 5219//13 3961//13
f 2169//1430 2168//1430 3988//1430
f 4165//2 4120//2 5285//2
f 5237//2 5285//2 4120//2
f 5230//2 4120//2 4165//2
f 5286//2 4120//2 5230//2
f 5155//2 4120//2 5286//2
f 4018//2 4120//2 5155//2
f 5154//2 4120//2 5232//2
f 4016//2 4120//2 5154//2
f 5232//2 4120//2 4018//2
f 5287//1431 4563//1431 4572//1431
f 4331//43 4735//43 4736//43
f 2892//1161 4841//1161 2883//1161
f 4731//258 5284//258 4733//258
f 5288//2 316//2 3975//2
f 5137//2 3975//2 316//2
f 3965//2 316//2 5288//2
f 5120//2 316//2 3965//2
f 5088//2 316//2 5120//2
f 5137//2 316//2 318//2
f 3895//2 316//2 3896//2
f 3892//174 316//174 3897//174
f 3886//2 316//2 3892//2
f 3971//2 316//2 3886//2
f 5289//2 316//2 3971//2
f 3887//2 316//2 5289//2
f 317//2 316//2 3887//2
f 4166//949 4165//949 5285//949
f 4733//144 5287//144 4572//144
f 4166//672 5285//672 4258//672
f 4258//672 5285//672 5237//672
f 5289//1432 3888//1432 3887//1432
f 4258//1392 5237//1392 5193//1392
f 4050//2 4048//2 289//2
f 4338//1433 4296//1433 4339//1433
f 5290//2 5291//2 289//2
f 5281//2 5290//2 289//2
f 3789//1434 3965//1434 5288//1434
f 4689//470 5290//470 4725//470
f 4266//133 5155//133 5286//133
f 5290//470 5281//470 4725//470
f 3789//1435 5288//1435 3975//1435
f 3888//258 5289//258 3971//258
f 2773//1436 5275//1436 2771//1436
f 4270//1437 4266//1437 5230//1437
f 5286//1437 5230//1437 4266//1437
f 5127//1325 4159//1325 3897//1325
f 4120//2 5153//2 5237//2
f 5292//2 5189//2 981//2
f 981//2 980//2 5293//2
f 5294//2 5295//2 980//2
f 5296//2 5293//2 980//2
f 2882//737 2881//737 4845//737
f 5293//2 4025//2 981//2
f 2880//835 4832//835 2890//835
f 5128//2 316//2 3899//2
f 3899//2 316//2 3895//2
f 3897//2 316//2 5127//2
f 5127//2 316//2 5128//2
f 4279//1438 5296//1438 4408//1438
f 5126//2 5132//2 5261//2
f 5261//2 4613//2 5126//2
f 5125//2 5126//2 4613//2
f 5133//2 5125//2 4613//2
f 4613//2 5217//2 5133//2
f 5264//2 5133//2 5217//2
f 5217//2 4505//2 5264//2
f 4505//2 4504//2 5264//2
f 5117//2 5264//2 4504//2
f 5118//2 5117//2 4504//2
f 5265//2 5118//2 4504//2
f 5268//2 5265//2 4504//2
f 4504//2 4612//2 5268//2
f 5258//2 5268//2 4612//2
f 5258//2 4612//2 5297//2
f 5258//2 5297//2 5298//2
f 5299//916 2889//916 5269//916
f 5300//1438 4408//1438 5296//1438
f 5299//1439 5301//1439 2889//1439
f 5302//2 4150//2 5303//2
f 5282//2 4150//2 5302//2
f 5304//956 4180//956 4179//956
f 4179//2 4150//2 5304//2
f 5303//2 4150//2 4179//2
f 5189//2 5304//2 981//2
f 5091//1440 3787//1440 3896//1440
f 4573//1088 3405//1088 4611//1088
f 4180//1441 5304//1441 4275//1441
f 5189//1441 4275//1441 5304//1441
f 4831//1442 2891//1442 2890//1442
f 4025//2 5292//2 981//2
f 4025//136 5293//136 4026//136
f 5305//1443 3804//1443 3688//1443
f 5297//1094 4612//1094 3588//1094
f 4279//1444 4026//1444 5296//1444
f 5293//1444 5296//1444 4026//1444
f 981//2 5304//2 4150//2
f 4028//2 5237//2 5282//2
f 4179//1445 4178//1445 4274//1445
f 4179//1445 4274//1445 5303//1445
f 3408//1382 4533//1382 5262//1382
f 5189//1359 5292//1359 4277//1359
f 5292//1360 4025//1360 4277//1360
f 5306//2 5307//2 5237//2
f 4028//912 4030//912 5306//912
f 4028//2 5306//2 5237//2
f 5261//1091 3395//1091 4613//1091
f 1549//986 1959//986 3688//986
f 2902//1181 2938//1181 4864//1181
f 5282//221 4031//221 4028//221
f 5262//225 4480//225 3408//225
f 2902//1182 4864//1182 2900//1182
f 4867//1421 2900//1421 4865//1421
f 4284//1446 4031//1446 5302//1446
f 5302//1446 4031//1446 5282//1446
f 2734//999 5308//999 4302//999
f 5302//1447 5303//1447 4284//1447
f 4274//1447 4284//1447 5303//1447
f 5193//2 5237//2 5307//2
f 4453//1448 5307//1448 4030//1448
f 1484//1449 5309//1449 1490//1449
f 5310//921 4057//921 1493//921
f 4188//959 4187//959 5311//959
f 4532//591 3398//591 3393//591
f 5311//752 4384//752 4188//752
f 5259//591 4532//591 3393//591
f 2737//1035 2731//1035 4358//1035
f 5213//1363 4449//1363 5195//1363
f 5261//1450 5259//1450 3395//1450
f 5214//1379 4450//1379 5213//1379
f 3393//1450 3395//1450 5259//1450
f 5305//1443 5312//1443 3804//1443
f 5312//1451 3806//1451 3804//1451
f 1539//257 2061//257 2065//257
f 5195//1452 4448//1452 4384//1452
f 2055//13 3456//13 5313//13
f 2060//1453 3180//1453 2065//1453
f 2732//506 5314//506 4363//506
f 3208//1454 5315//1454 3209//1454
f 5316//1455 3205//1455 3209//1455
f 4310//912 2751//912 4309//912
f 2734//1456 2740//1456 5308//1456
f 1956//379 1962//379 1972//379
f 4301//1044 2745//1044 4367//1044
f 4370//1457 2760//1457 2758//1457
f 3279//1458 2136//1458 2135//1458
f 2063//1459 2062//1459 2162//1459
f 2162//893 3998//893 2063//893
f 4369//585 2757//585 2746//585
f 2174//762 2191//762 5267//762
f 2189//1460 5317//1460 2191//1460
f 4382//2 5248//2 5138//2
f 5241//2 1055//2 5242//2
f 4302//2 5308//2 5143//2
f 5318//2 1055//2 5241//2
f 5318//2 1056//2 1055//2
f 2178//1461 5319//1461 2179//1461
f 3320//598 5310//598 1493//598
f 1054//2 1062//2 1055//2
f 4095//877 2126//877 3976//877
f 2153//1462 5320//1462 2184//1462
f 4294//2 4356//2 1061//2
f 4356//2 1055//2 1061//2
f 1062//2 1061//2 1055//2
f 4366//2 5247//2 1061//2
f 5247//2 4294//2 1061//2
f 5320//871 3966//871 2184//871
f 3844//790 1430//790 3842//790
f 2730//994 4294//994 5247//994
f 5321//768 2194//768 3959//768
f 3066//1463 1426//1463 1438//1463
f 5242//382 2108//382 5241//382
f 1434//1339 1439//1339 3764//1339
f 3353//1464 1433//1464 3764//1464
f 2188//517 2190//517 4174//517
f 5281//1429 5280//1429 4725//1429
f 4339//2 4050//2 289//2
f 4337//2 4339//2 289//2
f 1065//2 1037//2 4363//2
f 4363//2 5314//2 1065//2
f 5314//2 5322//2 1041//2
f 4367//2 5272//2 4301//2
f 4337//1148 4626//1148 4338//1148
f 2741//1402 5244//1402 2742//1402
f 4337//1148 5291//1148 4626//1148
f 5321//1465 4173//1465 2194//1465
f 4626//1466 5290//1466 4689//1466
f 5244//2 4363//2 1037//2
f 1083//2 4304//2 1067//2
f 5291//1466 5290//1466 4626//1466
f 1447//712 1446//712 603//712
f 4099//953 2157//953 5323//953
f 602//783 3086//783 1447//783
f 2153//1462 5324//1462 5320//1462
f 4563//2 5287//2 5325//2
f 4563//174 5325//174 5284//174
f 4563//2 5284//2 5326//2
f 4563//15 5326//15 5327//15
f 4563//2 5327//2 5328//2
f 4563//2 5328//2 5329//2
f 4563//2 5329//2 4559//2
f 4557//2 4351//2 4559//2
f 4331//2 4560//2 4557//2
f 4342//2 4560//2 4331//2
f 560//1467 1012//1467 1013//1467
f 5326//411 5284//411 4732//411
f 763//1387 5225//1387 1485//1387
f 5327//1468 4732//1468 4730//1468
f 4732//1468 5327//1468 5326//1468
f 4726//1469 4728//1469 5328//1469
f 5329//1469 5328//1469 4728//1469
f 5327//89 4730//89 5328//89
f 4726//122 5328//122 4730//122
f 4562//1470 4571//1470 4563//1470
f 4331//43 4557//43 4735//43
f 4695//1471 4699//1471 3303//1471
f 5330//1472 3826//1472 3709//1472
f 5291//2 4337//2 289//2
f 543//1473 542//1473 996//1473
f 566//207 1019//207 1199//207
f 5284//258 5325//258 4733//258
f 3720//1130 4649//1130 3318//1130
f 4557//1474 4559//1474 4735//1474
f 4734//1475 4735//1475 4559//1475
f 3066//2 600//2 3067//2
f 3067//2 600//2 5159//2
f 5159//2 600//2 3764//2
f 5331//2 600//2 3066//2
f 3843//2 600//2 5331//2
f 3834//2 600//2 3843//2
f 3844//2 600//2 3834//2
f 3842//2 600//2 3844//2
f 5332//2 600//2 3842//2
f 3353//2 3764//2 600//2
f 5333//2 3353//2 600//2
f 602//2 600//2 3086//2
f 3086//2 600//2 5332//2
f 5333//2 600//2 552//2
f 4331//13 4736//13 4727//13
f 4734//1476 5329//1476 4728//1476
f 5329//1476 4734//1476 4559//1476
f 1442//703 3353//703 5333//703
f 289//13 4331//13 4727//13
f 4733//145 5325//145 5287//145
f 4391//1477 5212//1477 4290//1477
f 2187//1478 2185//1478 3967//1478
f 2695//707 4064//707 2689//707
f 2702//1479 2689//1479 4193//1479
f 5335//2 5336//2 5337//2
f 1145//2 1147//2 5338//2
f 5339//2 5340//2 97//2
f 1140//2 1138//2 97//2
f 1137//2 1135//2 97//2
f 1126//2 97//2 1134//2
f 5341//2 97//2 1125//2
f 5331//1463 3066//1463 1438//1463
f 1146//194 1145//194 4755//194
f 1146//194 4755//194 4757//194
f 4742//195 4755//195 5338//195
f 1145//195 5338//195 4755//195
f 1147//2 97//2 5338//2
f 5332//95 3842//95 1435//95
f 4742//196 5340//196 4743//196
f 4187//2 2505//2 5311//2
f 5213//2 5195//2 5193//2
f 5338//196 5340//196 4742//196
f 5340//2 5338//2 97//2
f 5340//197 4746//197 4743//197
f 5340//197 5339//197 4746//197
f 2190//1480 2194//1480 4173//1480
f 5339//2 97//2 5342//2
f 5311//2 2505//2 5343//2
f 3086//625 5332//625 1435//625
f 2156//1481 5344//1481 2157//1481
f 4746//198 5342//198 4747//198
f 5339//198 5342//198 4746//198
f 3843//793 5331//793 1438//793
f 5311//752 5343//752 4384//752
f 5342//2 97//2 5345//2
f 212//2 5346//2 97//2
f 4749//199 4747//199 5345//199
f 5342//199 5345//199 4747//199
f 5343//2 2505//2 5195//2
f 5347//2 3999//2 5348//2
f 2706//2 5254//2 717//2
f 5279//174 5347//174 5348//174
f 5348//2 5349//2 5279//2
f 5349//2 3909//2 5279//2
f 5333//53 552//53 1442//53
f 5345//2 97//2 5350//2
f 5351//2 3903//2 3909//2
f 3903//2 5279//2 3909//2
f 4753//200 4749//200 5350//200
f 5345//200 5350//200 4749//200
f 5214//2 5193//2 5198//2
f 5213//2 5193//2 5214//2
f 5350//2 97//2 5352//2
f 4804//201 4753//201 5352//201
f 2706//13 1901//13 1855//13
f 5307//2 5199//2 5193//2
f 5335//43 5337//43 4597//43
f 5199//1448 5307//1448 4453//1448
f 5306//1448 4030//1448 5307//1448
f 5353//2 5337//2 1462//2
f 5336//2 1469//2 5337//2
f 1469//2 1463//2 5337//2
f 3086//1482 602//1482 5334//1482
f 2151//721 5349//721 2127//721
f 4776//252 4775//252 5353//252
f 5348//721 2127//721 5349//721
f 5195//1452 4384//1452 5343//1452
f 3972//1440 2130//1440 3973//1440
f 5348//756 3973//756 2127//756
f 1068//868 4376//868 2742//868
f 5354//2 600//2 3419//2
f 5355//2 768//2 5354//2
f 603//2 3419//2 600//2
f 3442//2 768//2 5355//2
f 3796//2 768//2 3442//2
f 769//2 768//2 3796//2
f 5356//2 766//2 769//2
f 770//2 748//2 3791//2
f 765//2 746//2 770//2
f 5225//2 762//2 765//2
f 600//2 5354//2 768//2
f 4358//2 1043//2 1042//2
f 4366//2 1061//2 1060//2
f 3082//2 3083//2 1230//2
f 5199//2 5198//2 5193//2
f 602//636 1447//636 603//636
f 1060//2 1043//2 4358//2
f 5322//2 4377//2 1041//2
f 4453//1365 4452//1365 5199//1365
f 2739//1302 2738//1302 4377//1302
f 3084//2 2703//2 3083//2
f 5357//2 2505//2 4187//2
f 1455//785 769//785 3796//785
f 4187//797 4191//797 5357//797
f 1068//2 5244//2 1037//2
f 3791//2 748//2 767//2
f 767//2 766//2 5356//2
f 4241//2 2505//2 5357//2
f 5208//2 2505//2 4240//2
f 5207//2 2505//2 5208//2
f 5193//2 5195//2 2505//2
f 4054//2 5358//2 2505//2
f 4288//2 5212//2 2505//2
f 4376//2 1068//2 1067//2
f 2132//1407 5249//1407 2131//1407
f 1453//786 767//786 5356//786
f 5249//1407 5359//1407 2131//1407
f 1455//1483 1453//1483 769//1483
f 5356//1483 769//1483 1453//1483
f 5207//2 4055//2 2505//2
f 5359//2 5249//2 5360//2
f 5359//211 3974//211 2131//211
f 4240//2 2505//2 4241//2
f 3974//2 5359//2 5049//2
f 5357//978 4191//978 4241//978
f 5354//788 3419//788 1445//788
f 4304//2 4376//2 1067//2
f 4191//978 4242//978 4241//978
f 5355//714 1458//714 3442//714
f 2752//1484 2753//1484 1082//1484
f 2121//1485 2120//1485 3272//1485
f 5354//1486 1445//1486 5355//1486
f 1458//1486 5355//1486 1445//1486
f 1060//1043 2731//1043 4366//1043
f 2505//2 5209//2 4247//2
f 2505//2 4247//2 2735//2
f 1683//2 1685//2 2691//2
f 3978//1487 4007//1487 2137//1487
f 4377//2 1042//2 1041//2
f 4377//1301 5322//1301 2739//1301
f 4288//1477 4290//1477 5212//1477
f 1041//2 1065//2 5314//2
f 3999//1488 5347//1488 2146//1488
f 2732//1485 2739//1485 5314//1485
f 5361//1409 2141//1409 2140//1409
f 2693//2 5080//2 1701//2
f 2696//2 1701//2 2686//2
f 5080//2 2686//2 1701//2
f 5322//1485 5314//1485 2739//1485
f 1465//1489 3864//1489 1470//1489
f 4683//2 5138//2 5248//2
f 5362//2 4683//2 5248//2
f 4845//2 5277//2 5363//2
f 2691//2 2695//2 1683//2
f 5148//2 5363//2 5277//2
f 5364//2 5148//2 5273//2
f 5277//2 5273//2 5148//2
f 5363//2 5365//2 4845//2
f 2735//1490 4387//1490 4389//1490
f 4389//1490 2736//1490 2735//1490
f 4247//1491 4387//1491 2735//1491
f 2740//225 4383//225 5366//225
f 2689//2 2702//2 1719//2
f 2762//1004 4311//1004 5367//1004
f 2690//963 4201//963 2691//963
f 5367//1492 5248//1492 2762//1492
f 4382//1406 2759//1406 5248//1406
f 2690//891 2736//891 4201//891
f 4389//891 4201//891 2736//891
f 5308//1456 2740//1456 5366//1456
f 5209//2 2505//2 5212//2
f 4391//1493 4248//1493 5212//1493
f 1082//2 1067//2 5252//2
f 2748//218 2752//218 4367//218
f 4288//2 2505//2 5358//2
f 5252//2 1067//2 4367//2
f 5358//618 4289//618 4288//618
f 4289//991 5358//991 4054//991
f 4369//2 5272//2 5368//2
f 4055//2 4054//2 2505//2
f 4369//1045 5368//1045 2758//1045
f 5368//2 5369//2 4370//2
f 5207//1494 4394//1494 4055//1494
f 5368//1457 4370//1457 2758//1457
f 4371//2 4370//2 5369//2
f 4372//1495 2761//1495 4371//1495
f 5270//2 5370//2 5269//2
f 5270//2 5371//2 5370//2
f 5251//749 3266//749 1487//749
f 2764//1418 5371//1418 5270//1418
f 5372//1496 3810//1496 3809//1496
f 2151//841 2154//841 3909//841
f 5373//2 5370//2 5371//2
f 5371//1497 2764//1497 5373//1497
f 2763//1497 5373//1497 2764//1497
f 5374//1498 5375//1498 3805//1498
f 5252//1499 2752//1499 1082//1499
f 4372//2 4371//2 5369//2
f 5373//1049 2763//1049 4372//1049
f 5376//1500 5377//1500 3814//1500
f 5250//1501 1486//1501 3271//1501
f 4301//2 5272//2 5378//2
f 4301//997 5378//997 2746//997
f 1487//1408 1486//1408 5251//1408
f 3913//486 2149//486 2136//486
f 1551//1502 1959//1502 1549//1502
f 5378//2 5272//2 4369//2
f 5378//585 4369//585 2746//585
f 2172//934 3992//934 1004//934
f 3868//2 5185//2 3865//2
f 5245//2 5185//2 3868//2
f 3864//2 5185//2 5245//2
f 3862//2 5185//2 3864//2
f 3863//2 5185//2 3862//2
f 3270//2 3451//2 5185//2
f 3451//2 5379//2 5185//2
f 5379//2 3865//2 5185//2
f 3809//1503 3808//1503 5372//1503
f 5369//2 5368//2 5272//2
f 5369//2 5271//2 4372//2
f 5373//2 4372//2 5271//2
f 5271//2 4866//2 5370//2
f 5271//2 5370//2 5373//2
f 5271//1419 5369//1419 2908//1419
f 2908//1419 2905//1419 5271//1419
f 2765//1504 2908//1504 5272//1504
f 5369//1504 5272//1504 2908//1504
f 2178//1505 2177//1505 5319//1505
f 5272//2 4367//2 1067//2
f 1037//1420 2601//1420 1067//1420
f 4866//2 4867//2 5370//2
f 1448//806 3865//806 5379//806
f 1470//1489 3864//1489 5245//1489
f 1957//1506 1956//1506 3825//1506
f 1972//1506 3825//1506 1956//1506
f 3868//1404 1471//1404 5245//1404
f 5380//1507 3839//1507 3841//1507
f 3908//2 3983//2 3978//2
f 3978//2 5351//2 3908//2
f 3909//2 3908//2 5351//2
f 3973//2 5348//2 3999//2
f 3999//2 3979//2 3973//2
f 3979//2 5255//2 3973//2
f 5255//2 5381//2 3973//2
f 5253//2 717//2 5254//2
f 3267//2 717//2 3272//2
f 3272//2 717//2 5253//2
f 2170//878 3903//878 5351//878
f 5380//1508 3837//1508 3839//1508
f 2881//1423 2887//1423 5277//1423
f 5253//1509 2121//1509 3272//1509
f 3302//1510 4695//1510 3303//1510
f 2170//43 5351//43 3978//43
f 3708//1511 5382//1511 3709//1511
f 2706//2 3856//2 5254//2
f 5381//2 5361//2 3973//2
f 5361//2 5254//2 3856//2
f 2140//1410 5254//1410 5361//1410
f 5279//1512 2146//1512 5347//1512
f 5381//1409 2141//1409 5361//1409
f 5374//1513 3805//1513 3806//1513
f 3972//2 3973//2 5361//2
f 3856//2 3972//2 5361//2
f 2893//1514 4839//1514 2894//1514
f 2145//367 3999//367 2146//367
f 5383//1515 3411//1515 3070//1515
f 2144//264 2141//264 5255//264
f 5381//264 5255//264 2141//264
f 2897//443 4844//443 2772//443
f 5376//1516 3814//1516 3813//1516
f 4843//562 2894//562 5384//562
f 4000//2 4004//2 3983//2
f 4004//2 4003//2 3983//2
f 4003//2 5385//2 3983//2
f 5385//174 4008//174 3983//174
f 4008//2 4007//2 3983//2
f 4007//2 3978//2 3983//2
f 5386//1517 5387//1517 2772//1517
f 5388//1518 5389//1518 3811//1518
f 4841//1177 2892//1177 4353//1177
f 5349//841 2151//841 3909//841
f 5385//1412 4003//1412 2161//1412
f 5180//2 4870//2 4184//2
f 4318//2 4184//2 4870//2
f 5390//2 4318//2 4870//2
f 5274//2 5390//2 4870//2
f 4870//2 4869//2 5274//2
f 4869//2 4871//2 5274//2
f 5275//2 5180//2 4184//2
f 5391//2 5180//2 5275//2
f 4846//2 5180//2 5391//2
f 4852//2 5180//2 4846//2
f 4854//2 5180//2 4852//2
f 2181//899 2176//899 4004//899
f 4000//1428 2158//1428 4004//1428
f 4852//1519 2314//1519 4854//1519
f 2161//1520 2137//1520 4008//1520
f 4008//903 5385//903 2161//903
f 5337//2 1463//2 1462//2
f 1462//253 4779//253 4776//253
f 1462//253 1461//253 4779//253
f 2063//2 3998//2 1027//2
f 1030//2 1027//2 3998//2
f 3912//2 1027//2 3279//2
f 3812//1521 5392//1521 3813//1521
f 4779//255 1545//255 4757//255
f 1146//193 4757//193 1545//193
f 1461//255 1545//255 4779//255
f 5352//2 97//2 5393//2
f 5352//201 5393//201 4804//201
f 5350//201 5352//201 4753//201
f 3988//2 1024//2 5266//2
f 5394//2 1024//2 3988//2
f 5393//1522 5395//1522 4804//1522
f 2064//2 1022//2 1021//2
f 3278//2 3991//2 1032//2
f 1021//963 2171//963 2064//963
f 2166//1523 2064//1523 2171//1523
f 1957//1524 3825//1524 3822//1524
f 3913//2 1024//2 5394//2
f 3988//1430 2168//1430 5394//1430
f 4070//1141 5396//1141 3841//1141
f 1026//2 1024//2 3913//2
f 2168//843 3913//843 5394//843
f 5397//1525 5398//1525 3838//1525
f 3820//1526 3819//1526 5398//1526
f 4070//1026 3827//1026 5399//1026
f 5400//1026 5399//1026 3827//1026
f 2136//486 1026//486 3913//486
f 5401//2 1024//2 2064//2
f 5401//1527 2064//1527 2164//1527
f 3719//1510 3303//1510 4699//1510
f 4890//459 4407//459 4907//459
f 3827//1528 3829//1528 5400//1528
f 4308//1002 4920//1002 4306//1002
f 2166//1527 2164//1527 2064//1527
f 1021//2 1015//2 3992//2
f 3992//2 1015//2 1004//2
f 5402//1157 5403//1157 4794//1157
f 1004//2 1032//2 3991//2
f 4775//958 4774//958 5404//958
f 5404//1230 5353//1230 4775//1230
f 5405//1020 4771//1020 4769//1020
f 1021//891 3992//891 2171//891
f 2136//1458 3279//1458 1026//1458
f 5266//2 1024//2 5401//2
f 5401//1529 2164//1529 5266//1529
f 1537//2 1030//2 3998//2
f 5337//4 4687//4 4780//4
f 3912//848 2150//848 2062//848
f 1537//2 3993//2 5267//2
f 5267//2 5406//2 1537//2
f 5317//2 4175//2 1537//2
f 5407//2 1537//2 5319//2
f 5408//811 4793//811 4781//811
f 5319//1505 2177//1505 5407//1505
f 5319//2 1537//2 5409//2
f 3998//1415 2179//1415 5409//1415
f 3998//2 5409//2 1537//2
f 5410//462 4791//462 4762//462
f 5267//859 2191//859 5406//859
f 4761//1530 5411//1530 4762//1530
f 5406//1460 2191//1460 5317//1460
f 3863//2 5183//2 5182//2
f 5407//2 3993//2 1537//2
f 1431//4 3863//4 1472//4
f 2177//53 3993//53 5407//53
f 3451//809 1448//809 5379//809
f 4774//958 5412//958 5404//958
f 5300//1531 5413//1531 4408//1531
f 4591//1080 5295//1080 4399//1080
f 2773//1168 4846//1168 5391//1168
f 4655//1532 4403//1532 4401//1532
f 3863//4 1431//4 5183//4
f 5295//1533 4398//1533 4399//1533
f 5414//2 3855//2 5185//2
f 5415//2 3633//2 5185//2
f 5416//2 3266//2 5185//2
f 3857//2 5415//2 5185//2
f 3635//2 3857//2 5185//2
f 5251//2 5250//2 5185//2
f 5250//2 3271//2 5185//2
f 3271//2 3270//2 5185//2
f 5417//2 3635//2 5185//2
f 5309//2 5417//2 5185//2
f 5275//1534 2773//1534 5391//1534
f 2778//1150 4318//1150 5390//1150
f 3266//2 5251//2 5185//2
f 5390//1422 5274//1422 2778//1422
f 5415//1036 3857//1036 1477//1036
f 5418//1535 3662//1535 3663//1535
f 4308//275 4411//275 4920//275
f 1451//672 3266//672 5416//672
f 3855//812 1451//812 5416//812
f 4832//2 5419//2 4865//2
f 5370//2 4865//2 5419//2
f 1477//750 3633//750 5415//750
f 3855//2 5416//2 5185//2
f 5269//2 5370//2 5299//2
f 1480//4 3855//4 5414//4
f 3633//586 1480//586 5414//586
f 5299//2 5370//2 5301//2
f 2885//1439 2889//1439 5301//1439
f 4671//1196 4404//1196 4656//1196
f 4425//1536 5420//1536 4426//1536
f 4856//2 5370//2 5419//2
f 3633//2 5414//2 5185//2
f 4426//1537 5421//1537 4428//1537
f 4856//1175 5419//1175 2879//1175
f 1484//751 3635//751 5417//751
f 4420//1538 4412//1538 4937//1538
f 5419//655 4832//655 2879//655
f 4352//2 5422//2 4864//2
f 5422//2 4831//2 4864//2
f 3872//2 5185//2 3637//2
f 5309//2 5185//2 3872//2
f 5185//2 4059//2 5310//2
f 4057//2 5310//2 4059//2
f 4658//1539 4422//1539 4424//1539
f 5301//2 5370//2 4856//2
f 5301//421 4856//421 2885//421
f 3872//1540 1490//1540 5309//1540
f 5417//1449 5309//1449 1484//1449
f 5423//1184 5424//1184 4767//1184
f 1208//1541 674//1541 1209//1541
f 1492//598 3637//598 5425//598
f 4435//1542 163//1542 4436//1542
f 5425//2 5185//2 3875//2
f 5425//2 3637//2 5185//2
f 5426//210 5427//210 4810//210
f 1492//753 5425//753 1491//753
f 3875//753 1491//753 5425//753
f 5428//1543 164//1543 4438//1543
f 164//1544 163//1544 4439//1544
f 5423//979 4767//979 4811//979
f 3320//2 3875//2 5185//2
f 5310//2 3320//2 5185//2
f 4768//1176 5424//1176 4769//1176
f 4798//864 5429//864 4786//864
f 5430//810 4781//810 5431//810
f 763//2 762//2 5225//2
f 1826//2 1163//2 1128//2
f 1128//2 1127//2 763//2
f 5429//1173 4785//1173 4786//1173
f 5432//1537 5421//1537 4426//1537
f 5431//1169 4783//1169 4785//1169
f 765//1387 1482//1387 5225//1387
f 4412//1538 5433//1538 4937//1538
f 4793//1135 5434//1135 4794//1135
f 4782//1204 4795//1204 5435//1204
f 5435//397 5436//397 4782//397
f 5437//1047 4792//1047 4791//1047
f 4678//2 3640//2 4680//2
f 4677//2 4679//2 4678//2
f 4675//2 3639//2 4677//2
f 4674//2 3636//2 4675//2
f 3878//2 4631//2 4674//2
f 5438//2 3879//2 3878//2
f 3876//2 3879//2 5438//2
f 5439//2 4673//2 3876//2
f 3625//2 4680//2 3880//2
f 4784//1275 5436//1275 4787//1275
f 4429//996 4659//996 4955//996
f 1501//1545 3089//1545 5439//1545
f 3089//1545 4673//1545 5439//1545
f 3876//723 1501//723 5439//723
f 4787//454 5440//454 4796//454
f 4792//1014 5437//1014 4795//1014
f 1516//817 3878//817 4674//817
f 4674//222 4675//222 1516//222
f 1511//222 1516//222 4675//222
f 4439//1543 4438//1543 164//1543
f 4428//1134 5441//1134 4729//1134
f 4615//2 4636//2 328//2
f 4803//1546 4278//1546 4314//1546
f 4740//1547 4451//1547 4386//1547
f 4447//1137 4451//1137 4741//1137
f 4447//1235 4741//1235 4385//1235
f 569//721 568//721 1201//721
f 5182//922 1499//922 5185//922
f 1502//820 3876//820 5438//820
f 3878//1548 1512//1548 1502//1548
f 2692//1272 4457//1272 2693//1272
f 4458//1273 4459//1273 5080//1273
f 5442//1231 4737//1231 4276//1231
f 665//114 1234//114 1243//114
f 1243//1549 761//1549 665//1549
f 4392//211 2712//211 2710//211
f 5037//1550 5443//1550 4385//1550
f 4193//1263 4457//1263 2702//1263
f 5444//1551 5445//1551 4388//1551
f 4865//2 4864//2 4832//2
f 4831//1442 5422//1442 2891//1442
f 4831//2 4832//2 4864//2
f 3444//1197 3414//1197 5446//1197
f 4352//1552 2888//1552 2891//1552
f 3444//1553 5446//1553 3426//1553
f 5422//1552 4352//1552 2891//1552
f 4841//2 4353//2 4863//2
f 4353//2 4352//2 4863//2
f 4863//2 5447//2 4837//2
f 5448//1554 4437//1554 4876//1554
f 140//1390 145//1390 953//1390
f 5387//2 5386//2 822//2
f 5089//531 4608//531 2667//531
f 1564//1158 1563//1158 2313//1158
f 822//2 821//2 5387//2
f 5449//1555 3447//1555 3474//1555
f 1563//1159 1560//1159 2313//1159
f 950//1556 145//1556 954//1556
f 4864//2 4863//2 4352//2
f 169//26 158//26 954//26
f 4837//2 4840//2 4863//2
f 4463//1190 5081//1190 4874//1190
f 2893//1160 2777//1160 4839//1160
f 5447//2 5450//2 4837//2
f 5384//1557 2894//1557 4839//1557
f 5451//1558 3438//1558 3453//1558
f 5451//1559 3439//1559 3438//1559
f 4442//1192 4443//1192 4876//1192
f 5452//1560 5453//1560 3455//1560
f 2311//1561 2898//1561 5454//1561
f 5455//1562 5456//1562 4436//1562
f 1569//2 822//2 4844//2
f 4843//2 1569//2 4844//2
f 180//1239 155//1239 965//1239
f 5386//443 2772//443 4844//443
f 5438//1548 3878//1548 1502//1548
f 4675//69 4677//69 1511//69
f 1509//69 1511//69 4677//69
f 139//1563 949//1563 141//1563
f 4607//1276 5089//1276 5457//1276
f 4678//53 1515//53 4677//53
f 1509//53 4677//53 1515//53
f 5457//1171 5458//1171 4607//1171
f 2897//1163 2896//1163 4844//1163
f 3276//2 3274//2 4680//2
f 4678//2 4680//2 3274//2
f 4838//2 4837//2 1569//2
f 3276//1564 4680//1564 1498//1564
f 5459//1564 1616//1564 4680//1564
f 4472//13 4470//13 4471//13
f 3863//2 5182//2 5185//2
f 5386//2 4844//2 822//2
f 2878//1517 2772//1517 5387//1517
f 4891//1207 5460//1207 4400//1207
f 3274//13 1510//13 4678//13
f 1564//1164 2878//1164 5387//1164
f 4401//1532 5461//1532 4655//1532
f 199//1565 200//1565 209//1565
f 192//1566 191//1566 1209//1566
f 4281//430 5283//430 4598//430
f 4839//2 4838//2 1569//2
f 200//1567 966//1567 967//1567
f 5294//1568 5462//1568 4398//1568
f 4400//1569 5460//1569 4401//1569
f 5461//1569 4401//1569 5460//1569
f 2938//1570 2941//1570 5447//1570
f 4067//584 1529//584 4066//584
f 1247//1571 700//1571 1248//1571
f 5384//2 4839//2 1569//2
f 5450//2 1569//2 4837//2
f 4281//1572 4408//1572 5413//1572
f 956//379 110//379 959//379
f 4840//2 4841//2 4863//2
f 134//1573 136//1573 957//1573
f 4867//2 4865//2 5370//2
f 949//1574 139//1574 953//1574
f 140//1574 953//1574 139//1574
f 4299//1250 5463//1250 1527//1250
f 2179//1461 5319//1461 5409//1461
f 950//1390 953//1390 145//1390
f 2189//1575 2188//1575 4175//1575
f 111//21 955//21 158//21
f 5464//1576 1495//1576 5465//1576
f 5464//927 4058//927 1495//927
f 951//1563 141//1563 949//1563
f 169//1556 954//1556 145//1556
f 5124//1310 5466//1310 2903//1310
f 136//1577 141//1577 952//1577
f 5466//584 5215//584 2903//584
f 5122//246 2766//246 2600//246
f 962//1578 961//1578 177//1578
f 175//1579 963//1579 962//1579
f 963//1580 175//1580 964//1580
f 2192//937 4099//937 5467//937
f 180//13 965//13 964//13
f 2192//872 5467//872 3959//872
f 5468//932 4066//932 1532//932
f 965//1239 155//1239 957//1239
f 2600//1581 2599//1581 1194//1581
f 211//1582 186//1582 960//1582
f 177//637 961//637 178//637
f 960//637 178//637 961//637
f 2919//1318 5136//1318 5469//1318
f 2159//867 3964//867 5470//867
f 5470//1334 2156//1334 2159//1334
f 5471//688 3519//688 3509//688
f 952//1573 957//1573 136//1573
f 5317//1583 2189//1583 4175//1583
f 955//1584 111//1584 956//1584
f 110//1584 956//1584 111//1584
f 5469//819 5472//819 2919//819
f 2924//1585 5472//1585 2929//1585
f 5473//1586 5474//1586 2929//1586
f 2930//1586 2929//1586 5474//1586
f 1532//930 4065//930 5468//930
f 5324//2 5475//2 5165//2
f 5475//2 5476//2 5165//2
f 5474//1384 1195//1384 2930//1384
f 951//1577 952//1577 141//1577
f 2940//1385 5477//1385 5218//1385
f 5478//2 5165//2 5476//2
f 5479//1587 5226//1587 2944//1587
f 5475//1588 5324//1588 2152//1588
f 2153//1588 2152//1588 5324//1588
f 4095//936 5476//936 2155//936
f 5049//2 4652//2 3974//2
f 1541//1576 5465//1576 1495//1576
f 5165//2 5162//2 5324//2
f 1600//1589 4102//1589 1611//1589
f 2155//849 5475//849 2152//849
f 5476//849 5475//849 2155//849
f 5169//2 5480//2 3964//2
f 1537//2 5344//2 5480//2
f 5168//2 5167//2 1537//2
f 3967//2 3966//2 5481//2
f 5470//2 3964//2 5480//2
f 177//1578 176//1578 962//1578
f 5480//2 5168//2 1537//2
f 4175//2 4174//2 1537//2
f 175//1579 962//1579 176//1579
f 181//1580 964//1580 175//1580
f 180//13 964//13 181//13
f 3959//2 5467//2 1537//2
f 2944//1378 5218//1378 5479//1378
f 134//1239 957//1239 155//1239
f 178//1582 960//1582 186//1582
f 2933//1587 2944//1587 5226//1587
f 5162//2 5163//2 5320//2
f 5320//2 5324//2 5162//2
f 5163//2 5173//2 5320//2
f 967//1590 209//1590 200//1590
f 676//30 196//30 207//30
f 2187//952 5482//952 3964//952
f 5470//2 5480//2 5344//2
f 202//33 210//33 966//33
f 966//33 210//33 211//33
f 966//1567 200//1567 202//1567
f 2156//1334 5470//1334 5344//1334
f 1301//234 197//234 1247//234
f 716//1571 700//1571 1247//1571
f 5226//349 5483//349 2934//349
f 4173//2 5321//2 1537//2
f 223//1360 1248//1360 195//1360
f 1608//961 4303//961 4590//961
f 2934//1591 5483//1591 2950//1591
f 5450//1389 2941//1389 1570//1389
f 433//74 446//74 929//74
f 4174//2 4173//2 1537//2
f 5321//2 3959//2 1537//2
f 449//276 977//276 941//276
f 5323//1481 2157//1481 5344//1481
f 3967//1592 5482//1592 2187//1592
f 5484//43 3422//43 3421//43
f 2239//1593 2240//1593 5053//1593
f 4651//927 2227//927 2224//927
f 5383//476 3070//476 3069//476
f 2222//285 2216//285 5144//285
f 2223//1328 2222//1328 5145//1328
f 454//963 453//963 984//963
f 453//78 469//78 979//78
f 2103//1326 2107//1326 5143//1326
f 565//1145 754//1145 972//1145
f 986//1145 972//1145 754//1145
f 2234//655 5485//655 2235//655
f 2246//800 4336//800 5486//800
f 973//1594 562//1594 972//1594
f 754//211 657//211 986//211
f 3436//1595 5487//1595 3437//1595
f 525//1596 1000//1596 987//1596
f 5488//1597 5365//1597 2235//1597
f 2251//211 5363//211 2241//211
f 991//350 537//350 989//350
f 566//1598 1199//1598 1198//1598
f 560//321 1009//321 1012//321
f 998//1599 544//1599 996//1599
f 2104//1600 5143//1600 5489//1600
f 5490//957 3413//957 3415//957
f 3415//1601 3416//1601 5490//1601
f 5489//1602 5140//1602 2104//1602
f 2106//1602 2104//1602 5140//1602
f 4770//1603 5491//1603 4765//1603
f 2108//1604 5243//1604 2107//1604
f 2219//1335 5492//1335 5156//1335
f 600//940 1020//940 1017//940
f 947//1605 526//1605 987//1605
f 3433//1162 5493//1162 3423//1162
f 3423//1606 5493//1606 3436//1606
f 5494//1607 5495//1607 4748//1607
f 2245//1128 5496//1128 4336//1128
f 5478//787 2250//787 5165//787
f 5168//1608 5480//1608 2269//1608
f 5494//155 4748//155 5497//155
f 4750//155 5497//155 4748//155
f 2283//1609 5480//1609 2286//1609
f 5169//1609 2286//1609 5480//1609
f 993//732 990//732 542//732
f 5498//1011 5499//1011 4813//1011
f 2247//1610 2250//1610 5478//1610
f 990//1473 996//1473 542//1473
f 2246//803 5500//803 2249//803
f 4770//1180 4772//1180 5491//1180
f 5176//1372 2260//1372 5206//1372
f 1602//1254 4198//1254 1599//1254
f 4812//732 4819//732 5501//732
f 4812//1193 5501//1193 4813//1193
f 5498//1193 4813//1193 5501//1193
f 553//1611 554//1611 997//1611
f 4197//639 1601//639 1603//639
f 1207//1612 664//1612 1212//1612
f 664//1613 666//1613 1212//1613
f 5181//1354 2270//1354 5180//1354
f 700//1360 195//1360 1248//1360
f 5502//1228 4910//1228 5503//1228
f 662//1614 1225//1614 681//1614
f 5504//1229 4909//1229 4910//1229
f 677//1615 1222//1615 1220//1615
f 677//1616 681//1616 1222//1616
f 4869//1187 2281//1187 4871//1187
f 679//1617 1220//1617 970//1617
f 714//1618 704//1618 1251//1618
f 193//1619 205//1619 1251//1619
f 4744//1030 4745//1030 5505//1030
f 5505//330 5506//330 4744//330
f 4800//1553 4756//1553 5507//1553
f 5506//1197 5507//1197 4799//1197
f 4815//1011 4813//1011 5499//1011
f 5508//951 4806//951 4815//951
f 659//1620 668//1620 1210//1620
f 1208//1620 1210//1620 668//1620
f 1210//211 986//211 657//211
f 668//1621 674//1621 1208//1621
f 4766//816 5509//816 4810//816
f 4765//808 5510//808 4766//808
f 2308//1622 2307//1622 5187//1622
f 5511//1179 4772//1179 4773//1179
f 1610//915 4038//915 5512//915
f 1610//1092 5512//1092 4036//1092
f 5513//463 4773//463 4777//463
f 4303//860 1609//860 4190//860
f 5201//1623 2288//1623 2287//1623
f 1602//962 1601//962 4198//962
f 5514//975 5513//975 4778//975
f 2266//1624 5515//1624 2268//1624
f 2302//1461 5202//1461 2309//1461
f 5516//639 4197//639 1603//639
f 5196//1369 2277//1369 5047//1369
f 1560//1561 5454//1561 2898//1561
f 4754//984 4809//984 5517//984
f 2949//1625 1559//1625 2935//1625
f 5450//1570 5447//1570 2941//1570
f 2699//1626 2698//1626 3417//1626
f 1579//1627 1578//1627 2946//1627
f 5518//1628 2284//1628 2255//1628
f 2952//1629 2973//1629 5229//1629
f 5227//1390 2967//1390 5203//1390
f 2968//1090 2967//1090 5112//1090
f 2972//114 2968//114 5113//114
f 3452//1630 3450//1630 5519//1630
f 3077//996 3452//996 5520//996
f 5519//996 5520//996 3452//996
f 5487//1631 5521//1631 3437//1631
f 2974//1632 5522//1632 2976//1632
f 5452//1633 3455//1633 3440//1633
f 1958//1634 1579//1634 2977//1634
f 3472//1635 5523//1635 3467//1635
f 4643//689 4409//689 4885//689
f 2949//1636 2946//1636 1578//1636
f 5524//1637 3468//1637 3467//1637
f 4576//1638 4413//1638 4603//1638
f 5525//713 5526//713 3468//713
f 5527//1639 2985//1639 2976//1639
f 5528//1640 3521//1640 3674//1640
f 5529//1641 3522//1641 5528//1641
f 5529//1593 3471//1593 3522//1593
f 2699//1642 3417//1642 3413//1642
f 2983//411 5530//411 5200//411
f 4884//1643 4419//1643 4283//1643
f 980//2 5461//2 5460//2
f 980//2 5460//2 4891//2
f 4891//2 5462//2 980//2
f 2953//1367 5204//1367 2966//1367
f 3427//1644 5531//1644 3425//1644
f 5461//2 980//2 4655//2
f 4656//2 4655//2 980//2
f 2945//413 5532//413 2978//413
f 3416//26 3425//26 5533//26
f 2965//1645 5534//1645 2964//1645
f 2006//4 3068//4 2007//4
f 4591//2 4598//2 980//2
f 5283//2 5413//2 980//2
f 5535//403 5536//403 2964//403
f 5484//1646 3421//1646 3420//1646
f 1952//1647 1958//1647 2980//1647
f 5295//2 4591//2 980//2
f 4398//1533 5295//1533 5294//1533
f 5413//2 5300//2 980//2
f 5294//2 980//2 5462//2
f 5537//1648 5538//1648 3931//1648
f 4406//1210 5462//1210 4891//1210
f 5539//2 5123//2 5472//2
f 5473//2 5472//2 5123//2
f 5123//2 5122//2 5473//2
f 5474//2 5473//2 5122//2
f 5122//2 5540//2 5474//2
f 1195//2 5474//2 5540//2
f 1194//2 1195//2 5540//2
f 5472//2 5469//2 5539//2
f 5469//2 5136//2 5539//2
f 4873//2 4872//2 5124//2
f 5124//2 5541//2 5136//2
f 5136//2 4873//2 5124//2
f 4406//1568 4398//1568 5462//1568
f 5541//1381 5124//1381 2907//1381
f 5300//2 5296//2 980//2
f 5539//1649 2907//1649 2906//1649
f 2907//1649 5539//1649 5541//1649
f 5283//1650 4281//1650 5413//1650
f 5129//932 2904//932 5215//932
f 4890//2 4907//2 4884//2
f 5542//15 4890//15 4884//15
f 4907//2 4644//2 4884//2
f 4644//2 4643//2 4884//2
f 4643//2 4885//2 4884//2
f 4885//2 5543//2 4884//2
f 5543//2 4306//2 4884//2
f 4306//2 4920//2 4884//2
f 5544//2 4955//2 4314//2
f 4955//2 4659//2 4314//2
f 4659//2 4660//2 4314//2
f 4660//2 5092//2 4314//2
f 4803//2 4314//2 5092//2
f 5540//246 5122//246 2600//246
f 5539//770 2906//770 5123//770
f 4073//1651 738//1651 4074//1651
f 2914//1314 2910//1314 5131//1314
f 2600//1581 1194//1581 5540//1581
f 5541//2 5539//2 5136//2
f 5466//2 5124//2 4872//2
f 5215//2 5466//2 4872//2
f 4872//2 5545//2 5215//2
f 5129//2 5215//2 5545//2
f 5545//2 5546//2 5129//2
f 5130//2 5129//2 5546//2
f 5546//2 5135//2 5130//2
f 4402//1073 4306//1073 5543//1073
f 5134//2 5113//2 5131//2
f 5221//2 5131//2 5113//2
f 5135//2 5134//2 5131//2
f 5131//2 5130//2 5135//2
f 5543//1203 4885//1203 4402//1203
f 5547//1652 3665//1652 3664//1652
f 2792//2 2769//2 2603//2
f 325//2 2830//2 2603//2
f 1128//993 1485//993 2602//993
f 4062//921 1520//921 4057//921
f 4396//1106 4409//1106 4644//1106
f 4907//1205 4397//1205 4644//1205
f 2915//1348 5135//1348 5546//1348
f 2915//1653 5545//1653 2916//1653
f 1533//924 4062//924 5548//924
f 4283//1206 4890//1206 5542//1206
f 4872//1573 2916//1573 5545//1573
f 1533//931 5548//931 4065//931
f 4884//1643 4283//1643 5542//1643
f 5432//1536 4426//1536 5420//1536
f 1224//1616 1222//1616 681//1616
f 5441//1654 4428//1654 5421//1654
f 1225//1655 661//1655 1214//1655
f 5549//691 4063//691 1534//691
f 4122//691 1592//691 4063//691
f 3667//1656 5550//1656 3664//1656
f 5465//933 1541//933 4068//933
f 4101//1254 1599//1254 4198//1254
f 1600//206 1599//206 4102//206
f 4068//1589 1611//1589 4102//1589
f 5551//1657 5552//1657 3817//1657
f 4058//2 5464//2 4065//2
f 4059//2 4058//2 4062//2
f 4059//2 4062//2 4057//2
f 5553//1658 3840//1658 3836//1658
f 569//1659 1201//1659 1234//1659
f 5455//1542 4436//1542 163//1542
f 3657//1660 5554//1660 3824//1660
f 102//1132 5428//1132 4438//1132
f 1212//1642 666//1642 1239//1642
f 5185//922 1496//922 4059//922
f 1240//1661 1239//1661 758//1661
f 5468//2 4065//2 5464//2
f 4062//2 4058//2 5548//2
f 4065//2 5548//2 4058//2
f 4656//2 980//2 4671//2
f 4937//2 5433//2 980//2
f 5555//1662 5554//1662 3656//1662
f 4066//2 5468//2 5464//2
f 4067//2 4066//2 5464//2
f 5464//2 5465//2 4067//2
f 1528//860 4067//860 5556//860
f 1236//479 1130//479 1237//479
f 1161//1663 1241//1663 1237//1663
f 1528//678 5556//678 4299//678
f 980//2 5557//2 5432//2
f 1198//721 1201//721 568//721
f 4937//2 980//2 5558//2
f 4671//2 980//2 5433//2
f 5549//2 4295//2 4102//2
f 4068//2 4102//2 5559//2
f 5559//2 5463//2 4068//2
f 5463//2 4299//2 4068//2
f 5465//2 4068//2 4299//2
f 4295//995 5549//995 1534//995
f 4412//1120 4671//1120 5433//1120
f 4299//2 5556//2 5465//2
f 5556//2 4067//2 5465//2
f 1536//1250 1527//1250 5463//1250
f 5559//1250 1536//1250 5463//1250
f 1536//598 5559//598 4295//598
f 4937//684 5558//684 4421//684
f 5420//349 4425//349 4421//349
f 5558//349 5420//349 4421//349
f 1163//655 1244//655 1241//655
f 4295//2 5559//2 4102//2
f 5092//2 4822//2 4737//2
f 4737//2 5442//2 5092//2
f 4822//2 4821//2 4737//2
f 4821//2 5560//2 4737//2
f 5560//2 5561//2 4737//2
f 5561//2 5448//2 4737//2
f 4738//2 4737//2 5448//2
f 4198//2 4122//2 4101//2
f 4424//1215 4947//1215 5562//1215
f 4063//2 5549//2 4101//2
f 2267//1378 5563//1378 5210//1378
f 4102//2 4101//2 5549//2
f 5564//2 2603//2 2853//2
f 2793//2 2603//2 5564//2
f 2770//2 2780//2 2603//2
f 2602//993 1485//993 2603//993
f 2273//1185 5565//1185 4868//1185
f 5516//989 1603//989 4285//989
f 1604//914 1631//914 4037//914
f 2276//1362 5194//1362 2306//1362
f 1594//961 4192//961 4599//961
f 1598//961 5566//961 4209//961
f 1597//860 4604//860 1598//860
f 5567//996 3920//996 3922//996
f 4855//1361 2304//1361 5191//1361
f 5568//1664 5569//1664 3068//1664
f 2006//4 5568//4 3068//4
f 5190//1080 2310//1080 2299//1080
f 4038//43 1606//43 1607//43
f 3431//1665 5570//1665 3428//1665
f 5571//1666 5572//1666 2309//1666
f 3436//1595 5573//1595 5487//1595
f 5574//100 3076//100 5575//100
f 4651//2 2703//2 3084//2
f 3238//2 2703//2 4651//2
f 5576//2 2703//2 3237//2
f 4653//2 2703//2 5576//2
f 5249//2 3858//2 5360//2
f 5577//1667 3446//1667 3073//1667
f 3083//622 2215//622 3084//622
f 5578//355 3668//355 3669//355
f 1230//2 3083//2 2703//2
f 4653//2 5579//2 2703//2
f 5360//2 5049//2 5359//2
f 3238//1251 2224//1251 3237//1251
f 4192//2 4209//2 5516//2
f 4209//2 5566//2 5516//2
f 4197//2 5516//2 5566//2
f 4604//2 5580//2 4197//2
f 3417//1668 2698//1668 2020//1668
f 4095//2 3976//2 4652//2
f 4190//2 4599//2 4285//2
f 4599//2 4192//2 4285//2
f 5516//2 4285//2 4192//2
f 4658//1539 4424//1539 5562//1539
f 4190//2 4285//2 4037//2
f 5581//1669 3464//1669 3473//1669
f 4285//914 1604//914 4037//914
f 5544//1216 4947//1216 4427//1216
f 5544//1218 4427//1218 4955//1218
f 101//2 5582//2 164//2
f 4063//2 4101//2 4122//2
f 164//2 5428//2 101//2
f 5428//2 102//2 101//2
f 3077//100 5575//100 3076//100
f 5583//1670 3936//1670 3935//1670
f 5566//2 4604//2 4197//2
f 5583//1671 5567//1671 3936//1671
f 3922//1671 3936//1671 5567//1671
f 4729//2 5557//2 102//2
f 4729//2 5441//2 5557//2
f 3075//1490 3076//1490 5584//1490
f 4198//2 4197//2 5580//2
f 4122//2 4198//2 5580//2
f 5566//860 1598//860 4604//860
f 3414//1197 5585//1197 5446//1197
f 5580//1085 4604//1085 1593//1085
f 4435//1544 4439//1544 163//1544
f 3075//1672 5584//1672 3074//1672
f 5553//1673 5586//1673 3840//1673
f 5441//2 5421//2 5557//2
f 4122//940 5580//940 1593//940
f 4038//2 5587//2 5512//2
f 5512//2 4590//2 4036//2
f 4590//2 5512//2 5587//2
f 4037//2 4036//2 4303//2
f 4037//2 4303//2 4190//2
f 4072//1674 3828//1674 5588//1674
f 5517//149 4807//149 4754//149
f 5589//463 5590//463 3430//463
f 4072//1675 5588//1675 3830//1675
f 5421//2 5432//2 5557//2
f 3430//1676 3429//1676 5589//1676
f 5591//1200 5592//1200 4897//1200
f 5593//1677 4076//1677 4105//1677
f 5594//649 5595//649 4895//649
f 4076//1678 5593//1678 4077//1678
f 3976//2 3974//2 4652//2
f 5360//1252 2240//1252 5049//1252
f 3458//1679 5453//1679 3459//1679
f 5596//1679 3459//1679 5453//1679
f 3663//1680 3665//1680 5418//1680
f 5597//2 5053//2 2703//2
f 4653//1253 2238//1253 5579//1253
f 5579//2 5597//2 2703//2
f 5598//1681 3441//1681 3439//1681
f 5598//1682 3440//1682 3441//1682
f 5576//1111 2218//1111 4653//1111
f 4816//797 4818//797 5599//797
f 3458//1560 3455//1560 5453//1560
f 3237//1683 2225//1683 2218//1683
f 3459//1684 5596//1684 3461//1684
f 3237//1683 2218//1683 5576//1683
f 5053//2 5360//2 3858//2
f 5600//1685 5601//1685 4820//1685
f 5601//1686 4817//1686 4896//1686
f 5524//1635 3467//1635 5523//1635
f 5597//1257 2236//1257 5053//1257
f 3858//2 2703//2 5053//2
f 5579//1687 2238//1687 2236//1687
f 5579//1687 2236//1687 5597//1687
f 5360//2 5053//2 5602//2
f 5603//1018 5604//1018 4908//1018
f 5053//1593 2240//1593 5360//1593
f 4905//1227 4904//1227 5503//1227
f 3650//609 5605//609 3656//609
f 3521//1641 5528//1641 3522//1641
f 4899//1016 5606//1016 4908//1016
f 3667//1688 3914//1688 5550//1688
f 4909//1015 5504//1015 4899//1015
f 4651//927 2224//927 3238//927
f 2220//1689 5607//1689 2216//1689
f 5608//1689 2216//1689 5607//1689
f 4913//1290 4914//1290 5609//1290
f 5610//659 5611//659 2551//659
f 5612//1690 5613//1690 3655//1690
f 5608//285 5144//285 2216//285
f 5547//1680 5418//1680 3665//1680
f 5614//1057 5615//1057 4917//1057
f 4700//1691 2223//1691 5145//1691
f 934//1027 937//1027 474//1027
f 3818//1657 3817//1657 5552//1657
f 4276//1144 4803//1144 5442//1144
f 449//30 941//30 469//30
f 5616//757 3835//757 5552//757
f 5617//1692 3823//1692 3824//1692
f 5617//1660 3824//1660 5554//1660
f 939//53 476//53 937//53
f 5546//1653 5545//1653 2915//1653
f 2712//1693 4392//1693 5445//1693
f 931//1694 434//1694 929//1694
f 457//1695 942//1695 458//1695
f 2924//819 2919//819 5472//819
f 5473//1585 2929//1585 5472//1585
f 4313//2 4884//2 4603//2
f 4576//2 4603//2 4884//2
f 4919//2 4576//2 4884//2
f 4603//2 4658//2 4313//2
f 4658//2 5562//2 4313//2
f 5562//2 4947//2 4313//2
f 4314//2 4313//2 4947//2
f 4920//2 4919//2 4884//2
f 4947//2 5544//2 4314//2
f 443//1696 442//1696 985//1696
f 5618//1550 4393//1550 5443//1550
f 985//1697 451//1697 562//1697
f 985//1697 562//1697 973//1697
f 565//1594 972//1594 562//1594
f 436//75 925//75 446//75
f 5188//717 2936//717 2901//717
f 433//1694 929//1694 434//1694
f 475//1027 474//1027 937//1027
f 5619//1547 4740//1547 4386//1547
f 455//235 983//235 456//235
f 943//235 456//235 983//235
f 2022//1698 2404//1698 3669//1698
f 2023//1698 2404//1698 2022//1698
f 977//276 449//276 452//276
f 456//1490 943//1490 457//1490
f 942//1490 457//1490 943//1490
f 5620//1388 5186//1388 2950//1388
f 469//30 450//30 449//30
f 5619//279 4386//279 4738//279
f 454//233 984//233 455//233
f 983//233 455//233 984//233
f 939//1699 977//1699 476//1699
f 452//1699 476//1699 977//1699
f 5621//218 5477//218 2939//218
f 948//1700 459//1700 982//1700
f 979//963 984//963 453//963
f 5090//2 4880//2 4790//2
f 4833//2 5090//2 4790//2
f 4790//2 5618//2 4833//2
f 5443//2 5037//2 5622//2
f 5622//2 4833//2 5443//2
f 5444//2 4790//2 4880//2
f 4303//2 4036//2 4590//2
f 2950//1591 5483//1591 5620//1591
f 475//53 937//53 476//53
f 4590//860 5587//860 1607//860
f 4388//1693 5445//1693 4392//1693
f 474//1701 931//1701 934//1701
f 931//1701 474//1701 473//1701
f 4038//43 1607//43 5587//43
f 473//1694 434//1694 931//1694
f 4456//1138 2710//1138 2709//1138
f 982//1695 458//1695 942//1695
f 5445//2 5444//2 4880//2
f 925//1702 437//1702 443//1702
f 436//1702 437//1702 925//1702
f 4456//1271 2709//1271 2686//1271
f 451//1696 985//1696 442//1696
f 4615//1098 1497//1098 4636//1098
f 5218//2 5477//2 5479//2
f 5226//2 5479//2 5477//2
f 5483//2 5226//2 5477//2
f 5621//2 5229//2 5477//2
f 5184//2 5203//2 5621//2
f 5188//2 5203//2 5184//2
f 5221//2 5112//2 5623//2
f 5623//2 5227//2 5188//2
f 5624//2 5477//2 5532//2
f 5186//2 5477//2 5624//2
f 5620//2 5477//2 5186//2
f 5483//2 5477//2 5620//2
f 1498//1564 4680//1564 1616//1564
f 659//211 1210//211 657//211
f 5623//717 5188//717 2901//717
f 5179//1605 526//1605 947//1605
f 4393//1550 4385//1550 5443//1550
f 4393//1145 5618//1145 4790//1145
f 5044//1195 1630//1195 5046//1195
f 462//1703 1001//1703 477//1703
f 994//1703 477//1703 1001//1703
f 1698//2 2696//2 2686//2
f 1699//2 1698//2 2686//2
f 2685//2 2694//2 2686//2
f 1705//2 1699//2 2686//2
f 988//1704 1001//1704 462//1704
f 5623//1386 2901//1386 5221//1386
f 2901//1386 2914//1386 5221//1386
f 5618//2 5443//2 4833//2
f 5444//1142 4388//1142 4790//1142
f 1624//1705 5625//1705 1619//1705
f 5626//1705 1619//1705 5625//1705
f 538//997 995//997 989//997
f 5626//1706 5627//1706 1619//1706
f 533//1707 537//1707 992//1707
f 1616//1708 5628//1708 1623//1708
f 997//1709 995//1709 553//1709
f 2945//1357 5186//1357 5624//1357
f 2693//1273 4458//1273 5080//1273
f 567//1598 566//1598 1198//1598
f 5184//1356 5621//1356 2939//1356
f 4437//1710 5448//1710 4460//1710
f 2940//218 2939//218 5477//218
f 998//65 1009//65 544//65
f 4441//1146 4440//1146 4822//1146
f 543//1599 996//1599 544//1599
f 5239//1711 2978//1711 5532//1711
f 4433//1712 4441//1712 5092//1712
f 5532//1713 2945//1713 5624//1713
f 5561//732 4462//732 4460//732
f 5629//639 1625//639 1626//639
f 4843//2 5384//2 1569//2
f 1613//935 1615//935 5046//935
f 612//599 599//599 600//599
f 1017//599 612//599 600//599
f 1559//2 1558//2 1571//2
f 2935//1625 1559//1625 1571//1625
f 1558//2 1569//2 1571//2
f 1571//233 1570//233 2935//233
f 2942//233 2935//233 1570//233
f 4609//1171 4607//1171 5458//1171
f 1020//1714 768//1714 1200//1714
f 3927//1715 5630//1715 3926//1715
f 1000//1596 525//1596 528//1596
f 5631//701 5632//701 3926//701
f 458//1716 982//1716 459//1716
f 460//1717 459//1717 948//1717
f 4609//1195 5458//1195 4880//1195
f 988//1704 462//1704 461//1704
f 988//1718 461//1718 948//1718
f 460//1718 948//1718 461//1718
f 993//1719 540//1719 994//1719
f 4876//2 4875//2 4738//2
f 4875//2 4874//2 4738//2
f 5619//2 4738//2 4874//2
f 4874//2 5081//2 5619//2
f 4740//2 5619//2 5081//2
f 5081//2 5082//2 4740//2
f 4741//2 4740//2 5082//2
f 5082//2 4473//2 4741//2
f 5037//2 4741//2 4473//2
f 4473//2 4472//2 5037//2
f 5448//2 4876//2 4738//2
f 5442//2 4803//2 5092//2
f 5459//1708 5628//1708 1616//1708
f 999//1720 1000//1720 529//1720
f 528//1720 529//1720 1000//1720
f 529//1721 533//1721 999//1721
f 992//1721 999//1721 533//1721
f 1620//1250 5633//1250 4941//1250
f 5561//1710 4460//1710 5448//1710
f 537//350 538//350 989//350
f 538//997 539//997 995//997
f 991//1707 992//1707 537//1707
f 539//1709 553//1709 995//1709
f 601//1611 613//1611 554//1611
f 4660//1712 4433//1712 5092//1712
f 561//1467 560//1467 1013//1467
f 545//321 1009//321 560//321
f 1629//1722 5634//1722 1626//1722
f 544//65 1009//65 545//65
f 4462//732 5561//732 5560//732
f 993//732 542//732 541//732
f 5614//1056 4917//1056 4797//1056
f 567//721 1198//721 568//721
f 1013//320 1018//320 561//320
f 563//320 561//320 1018//320
f 4912//695 5635//695 4921//695
f 563//13 1018//13 564//13
f 1019//13 564//13 1018//13
f 4442//1554 4876//1554 4437//1554
f 4634//478 5636//478 4690//478
f 564//207 1019//207 566//207
f 4821//1723 4440//1723 4462//1723
f 5637//1724 5638//1724 4690//1724
f 541//1719 540//1719 993//1719
f 477//1725 994//1725 540//1725
f 4821//1723 4462//1723 5560//1723
f 601//112 599//112 613//112
f 166//1219 4436//1219 5456//1219
f 165//1219 4444//1219 166//1219
f 1020//940 600//940 768//940
f 1640//1726 5639//1726 1639//1726
f 613//1611 997//1611 554//1611
f 4690//1724 5638//1724 4692//1724
f 766//1714 1200//1714 768//1714
f 4472//2 5622//2 5037//2
f 4880//2 5458//2 5445//2
f 5458//2 5457//2 5445//2
f 5457//2 5089//2 5445//2
f 5089//2 2667//2 5445//2
f 2667//2 2666//2 5445//2
f 2712//2 5445//2 2666//2
f 2666//2 1586//2 2712//2
f 1586//2 2715//2 2712//2
f 2715//2 2711//2 2712//2
f 4692//350 5640//350 4925//350
f 5641//1051 4934//1051 4928//1051
f 663//1612 664//1612 1207//1612
f 5082//224 4465//224 4473//224
f 4863//1727 2938//1727 5447//1727
f 2973//1629 5642//1629 5229//1629
f 4685//748 1647//748 1643//748
f 1206//1728 655//1728 1207//1728
f 4471//819 4833//819 5622//819
f 1224//1614 681//1614 1225//1614
f 2979//1729 5238//1729 2983//1729
f 1634//1730 5643//1730 1636//1730
f 5622//13 4472//13 4471//13
f 660//1655 1214//1655 661//1655
f 662//1655 661//1655 1225//1655
f 5644//1330 5139//1330 1632//1330
f 5645//1327 4684//1327 1636//1327
f 2980//1731 2056//1731 1952//1731
f 5229//2 5621//2 5204//2
f 5642//2 5477//2 5229//2
f 5646//2 5477//2 5642//2
f 5204//2 5621//2 5203//2
f 5203//2 5188//2 5227//2
f 5227//2 5623//2 5112//2
f 5200//2 5477//2 5646//2
f 5530//2 5477//2 5200//2
f 5238//2 5477//2 5530//2
f 5239//2 5477//2 5238//2
f 5532//2 5477//2 5239//2
f 5113//2 5112//2 5221//2
f 5644//1214 1632//1214 4942//1214
f 5200//1375 5646//1375 2975//1375
f 1638//1077 5150//1077 1637//1077
f 2973//374 2975//374 5642//374
f 5646//374 5642//374 2975//374
f 5647//1732 3482//1732 3479//1732
f 5134//114 2972//114 5113//114
f 2983//1729 5238//1729 5530//1729
f 508//1733 3402//1733 3409//1733
f 5647//387 3409//387 3482//387
f 5648//1734 4498//1734 4544//1734
f 904//2 903//2 1945//2
f 5527//2 5522//2 1945//2
f 1945//2 1935//2 2053//2
f 4493//1735 5649//1735 4495//1735
f 4537//195 4536//195 5650//195
f 5651//195 5650//195 4536//195
f 5313//819 3456//819 3476//819
f 2056//1220 2982//1220 2052//1220
f 5534//2 5652//2 5535//2
f 5535//1645 2964//1645 5534//1645
f 5535//2 5652//2 5536//2
f 5652//2 904//2 1945//2
f 4536//1282 4535//1282 5651//1282
f 2954//403 2964//403 5536//403
f 5653//1730 5643//1730 1634//1730
f 5654//190 4485//190 5655//190
f 5652//2 1945//2 5536//2
f 5527//1632 2976//1632 5522//1632
f 5656//43 5038//43 1642//43
f 2053//2 5527//2 1945//2
f 3403//1736 5657//1736 3406//1736
f 5657//1737 5658//1737 3406//1737
f 2977//1647 2980//1647 1958//1647
f 5659//1738 5660//1738 4496//1738
f 3391//1739 5661//1739 3392//1739
f 5649//1120 5662//1120 4495//1120
f 5536//1740 5522//1740 2954//1740
f 2974//1740 2954//1740 5522//1740
f 4636//2 4635//2 328//2
f 5663//1741 5664//1741 3392//1741
f 2946//1634 2977//1634 1579//1634
f 3597//1742 5665//1742 3493//1742
f 1559//1636 2949//1636 1578//1636
f 5666//493 5667//493 3494//493
f 3496//1390 5667//1390 3488//1390
f 2053//1398 2052//1398 2985//1398
f 5534//2 5668//2 5652//2
f 2965//1743 5668//1743 5534//1743
f 3493//1441 5669//1441 3492//1441
f 5522//2 5536//2 1945//2
f 2985//1639 5527//1639 2053//1639
f 5666//627 3494//627 3495//627
f 1570//2 1569//2 5450//2
f 2033//2 1916//2 2053//2
f 1976//2 2001//2 2053//2
f 1935//2 1976//2 2053//2
f 2001//2 2033//2 2053//2
f 5454//2 1560//2 1507//2
f 5670//2 5454//2 1507//2
f 5671//1573 5672//1573 3511//1573
f 3461//337 5673//337 3460//337
f 5674//1291 4918//1291 4913//1291
f 5054//1264 1617//1264 5064//1264
f 5675//1744 5676//1744 3506//1744
f 4915//1057 4917//1057 5615//1057
f 5677//4 3503//4 5678//4
f 5615//1070 5679//1070 4915//1070
f 5635//1394 4912//1394 4911//1394
f 1252//1619 1251//1619 205//1619
f 5680//2 5459//2 5044//2
f 5681//2 5044//2 5459//2
f 5628//2 5459//2 5680//2
f 5459//2 4680//2 5681//2
f 3622//2 5681//2 4680//2
f 970//1172 1256//1172 679//1172
f 5637//1745 4690//1745 5636//1745
f 205//1746 673//1746 1252//1746
f 1254//1616 1252//1616 673//1616
f 5682//1747 4923//1747 4924//1747
f 3152//935 5044//935 5681//935
f 4923//857 5683//857 4922//857
f 3622//1243 3152//1243 5681//1243
f 658//173 1215//173 660//173
f 1214//173 660//173 1215//173
f 5684//2 5685//2 5680//2
f 5682//1498 4924//1498 5686//1498
f 4925//1748 5686//1748 4924//1748
f 5684//1749 1615//1749 5685//1749
f 1617//639 5055//639 1615//639
f 4925//350 5640//350 5686//350
f 2550//1123 4683//1123 5362//1123
f 5684//2 5680//2 5046//2
f 5044//2 5046//2 5680//2
f 1615//935 5684//935 5046//935
f 5141//1750 2110//1750 5140//1750
f 5685//2 5055//2 5680//2
f 4926//753 4936//753 5687//753
f 5688//753 5687//753 4936//753
f 5685//1751 1615//1751 5055//1751
f 5362//1752 5689//1752 2550//1752
f 2551//1752 2550//1752 5689//1752
f 4926//1086 5687//1086 4927//1086
f 5688//800 4936//800 4935//800
f 4887//1753 1623//1753 5628//1753
f 4927//1087 5690//1087 4931//1087
f 4931//1417 5690//1417 4930//1417
f 5680//2 4888//2 4887//2
f 5680//2 4887//2 5628//2
f 1216//1232 1215//1232 656//1232
f 658//1232 656//1232 1215//1232
f 5625//1202 1624//1202 4888//1202
f 4888//2 5680//2 5064//2
f 192//1541 1209//1541 674//1541
f 207//128 1209//128 191//128
f 1620//1706 1619//1706 5627//1706
f 1206//277 1216//277 655//277
f 656//277 655//277 1216//277
f 663//619 1207//619 655//619
f 629//2 328//2 4635//2
f 678//1615 677//1615 1220//1615
f 679//1617 678//1617 1220//1617
f 5627//2 5626//2 5629//2
f 4941//2 5633//2 5691//2
f 5626//2 5625//2 5629//2
f 5692//2 5629//2 5625//2
f 5625//2 4888//2 5692//2
f 5055//2 5054//2 5680//2
f 5054//2 5064//2 5680//2
f 5064//2 5692//2 4888//2
f 5693//331 5492//331 2226//331
f 5633//1706 1620//1706 5627//1706
f 5693//1129 2226//1129 4700//1129
f 5694//1754 5695//1754 4973//1754
f 5691//2 5633//2 5634//2
f 5073//2 4942//2 5050//2
f 5691//2 5050//2 4941//2
f 5692//1194 5064//1194 1625//1194
f 5610//2 5689//2 4310//2
f 5689//2 5362//2 4311//2
f 5367//2 4311//2 5362//2
f 4311//2 4310//2 5689//2
f 5248//2 5367//2 5362//2
f 5050//1254 5691//1254 1628//1254
f 5633//2 5627//2 5634//2
f 5629//2 5634//2 5627//2
f 2118//659 2551//659 5611//659
f 1625//639 5629//639 5692//639
f 5629//1722 1626//1722 5634//1722
f 5691//935 5634//935 1628//935
f 1629//935 1628//935 5634//935
f 5696//1060 5697//1060 4945//1060
f 632//1093 4615//1093 328//1093
f 5698//1755 5699//1755 3508//1755
f 2118//1121 5611//1121 4682//1121
f 5700//1756 4940//1756 4978//1756
f 3498//1757 5701//1757 3497//1757
f 2220//442 4682//442 5607//442
f 4944//1059 5702//1059 4945//1059
f 4383//2 4382//2 5141//2
f 5141//2 5140//2 4383//2
f 5366//2 4383//2 5140//2
f 5140//2 5489//2 5366//2
f 5308//2 5366//2 5489//2
f 5489//2 5143//2 5308//2
f 1055//2 4302//2 5142//2
f 5142//2 4302//2 5143//2
f 5243//2 1055//2 5142//2
f 5242//2 1055//2 5243//2
f 5701//1758 3477//1758 3497//1758
f 1638//1332 1639//1332 5150//1332
f 5041//1077 1637//1077 5150//1077
f 5149//1726 1639//1726 5639//1726
f 5703//53 3487//53 5704//53
f 5705//1090 4959//1090 4965//1090
f 5703//1759 620//1759 3487//1759
f 5656//1124 1642//1124 4684//1124
f 5610//1760 2551//1760 5689//1760
f 5142//1604 2107//1604 5243//1604
f 4962//1312 4970//1312 5706//1312
f 5706//1306 5707//1306 4962//1306
f 5693//2 4700//2 4309//2
f 4700//2 5145//2 4309//2
f 5145//2 5144//2 4309//2
f 5144//2 5608//2 4309//2
f 5608//2 5607//2 4309//2
f 5607//2 4682//2 4309//2
f 4310//2 4309//2 4682//2
f 5611//2 5610//2 4310//2
f 4682//2 5611//2 4310//2
f 5138//2 5141//2 4382//2
f 5492//2 5693//2 4309//2
f 5496//2 5364//2 5273//2
f 5365//2 5488//2 4845//2
f 5488//2 5485//2 4845//2
f 5485//2 5708//2 4845//2
f 4309//2 4845//2 5708//2
f 5708//2 5156//2 4309//2
f 5156//2 5492//2 4309//2
f 5488//655 2235//655 5485//655
f 4982//591 4956//591 5709//591
f 2219//331 2226//331 5492//331
f 5694//1066 4973//1066 4976//1066
f 2237//808 5156//808 5708//808
f 5708//515 5485//515 2237//515
f 5710//1761 5711//1761 3916//1761
f 2234//515 2237//515 5485//515
f 2251//1597 2235//1597 5365//1597
f 5148//211 2241//211 5363//211
f 5365//211 5363//211 2251//211
f 2245//454 2242//454 5496//454
f 5364//454 5496//454 2242//454
f 5364//1331 2242//1331 5148//1331
f 3930//1648 3931//1648 5538//1648
f 5481//2 5169//2 5482//2
f 5712//649 3928//649 5538//649
f 3964//2 5482//2 5169//2
f 2254//1762 5163//1762 2257//1762
f 5173//1762 5163//1762 2254//1762
f 5482//2 3967//2 5481//2
f 5537//378 3931//378 3932//378
f 4095//2 5478//2 5476//2
f 5173//2 5481//2 3966//2
f 5713//1763 3542//1763 3540//1763
f 5714//845 5715//845 3918//845
f 2269//1344 2268//1344 5168//1344
f 5467//2 4099//2 1537//2
f 4099//2 5323//2 1537//2
f 2283//1608 2269//1608 5480//1608
f 3501//1764 3534//1764 5716//1764
f 5717//1765 3499//1765 5716//1765
f 3501//1765 5716//1765 3499//1765
f 5631//1715 3926//1715 5630//1715
f 3460//4 5678//4 3503//4
f 5323//2 5344//2 1537//2
f 5677//1766 5718//1766 3503//1766
f 5481//1345 2253//1345 5169//1345
f 5719//2 5478//2 4095//2
f 4652//2 5719//2 4095//2
f 5720//686 3938//686 5721//686
f 5049//1109 2244//1109 4652//1109
f 4652//1767 2247//1767 5719//1767
f 5717//1768 3507//1768 3499//1768
f 5722//1769 5723//1769 3919//1769
f 3509//1755 3508//1755 5699//1755
f 5481//1346 5173//1346 2253//1346
f 3966//2 5320//2 5173//2
f 2247//1610 5478//1610 5719//1610
f 193//1618 1251//1618 704//1618
f 5724//1312 3915//1312 3670//1312
f 672//1616 1254//1616 673//1616
f 3926//701 5632//701 1941//701
f 1254//411 672//411 1256//411
f 680//411 1256//411 672//411
f 1256//1172 680//1172 679//1172
f 5630//320 3927//320 3923//320
f 3526//53 5704//53 3487//53
f 194//136 704//136 223//136
f 4476//1770 137//1770 4474//1770
f 5704//1050 3526//1050 3529//1050
f 5721//43 3929//43 3921//43
f 1235//1771 1238//1771 755//1771
f 756//1771 755//1771 1238//1771
f 5725//1772 5726//1772 3531//1772
f 137//695 4466//695 4474//695
f 3917//1773 5727//1773 3919//1773
f 5725//1774 3531//1774 3533//1774
f 755//150 761//150 1235//150
f 1240//1661 758//1661 757//1661
f 1240//1775 757//1775 1238//1775
f 756//521 1238//521 757//521
f 5709//435 4984//435 4982//435
f 762//1776 1232//1776 746//1776
f 764//1777 1242//1777 1233//1777
f 766//146 748//146 1200//146
f 1200//146 748//146 747//146
f 1826//655 1244//655 1163//655
f 1826//515 1162//515 1244//515
f 4686//1778 5728//1778 1647//1778
f 1241//1663 1161//1663 1163//1663
f 1164//1779 1205//1779 1204//1779
f 1234//114 665//114 570//114
f 3928//1780 5712//1780 3934//1780
f 761//1549 753//1549 665//1549
f 2722//595 3017//595 3296//595
f 1234//1659 570//1659 569//1659
f 758//1781 1239//1781 666//1781
f 1640//1782 1647//1782 5728//1782
f 1232//1783 762//1783 764//1783
f 1233//1783 1232//1783 764//1783
f 747//1776 746//1776 1232//1776
f 1236//1784 1242//1784 1129//1784
f 1127//1784 1129//1784 1242//1784
f 5729//1785 4073//1785 3832//1785
f 1129//479 1130//479 1236//479
f 5149//2 5639//2 5653//2
f 4686//2 5643//2 5728//2
f 5653//2 5139//2 5149//2
f 5653//2 5728//2 5643//2
f 5041//2 5150//2 5644//2
f 5042//2 5041//2 5644//2
f 4073//1651 5729//1651 738//1651
f 764//1777 1127//1777 1242//1777
f 5730//1786 5731//1786 2959//1786
f 5645//995 1636//995 5643//995
f 1213//515 1244//515 1162//515
f 5073//2 5042//2 4942//2
f 4941//2 5050//2 4942//2
f 1144//1335 1204//1335 1143//1335
f 1211//1335 1143//1335 1204//1335
f 4082//1787 5732//1787 4083//1787
f 1211//1788 1213//1788 1143//1788
f 1162//1788 1143//1788 1213//1788
f 5733//713 4078//713 5734//713
f 1161//479 1237//479 1130//479
f 5644//2 4942//2 5042//2
f 1144//1789 1164//1789 1204//1789
f 1634//1322 5139//1322 5653//1322
f 5150//2 5149//2 5139//2
f 5139//2 5644//2 5150//2
f 5735//1790 3758//1790 3719//1790
f 5728//2 5653//2 5639//2
f 5486//803 5500//803 2246//803
f 5736//1791 5737//1791 3530//1791
f 5050//1077 1627//1077 5073//1077
f 2256//112 2259//112 5178//112
f 5738//2 5739//2 4684//2
f 5656//2 4684//2 5006//2
f 4684//2 5645//2 5738//2
f 4685//2 5738//2 5645//2
f 4686//2 4685//2 5643//2
f 2256//1792 5178//1792 2255//1792
f 5645//2 5643//2 4685//2
f 2267//1793 5181//1793 5563//1793
f 2273//1794 5211//1794 5565//1794
f 5713//1795 5740//1795 3542//1795
f 5741//1796 3557//1796 3556//1796
f 5038//2 5656//2 5006//2
f 1644//1225 5006//1225 5739//1225
f 1645//43 1642//43 5038//43
f 5739//2 5006//2 4684//2
f 3745//1797 3747//1797 5742//1797
f 4685//748 1643//748 5738//748
f 2255//1792 5178//1792 5518//1792
f 5742//717 3753//717 3745//717
f 5743//1798 3778//1798 5744//1798
f 5639//1782 1640//1782 5728//1782
f 1644//639 5739//639 1643//639
f 3752//599 3753//599 5744//599
f 5738//639 1643//639 5739//639
f 4635//1098 627//1098 629//1098
f 3489//1744 3506//1744 5676//1744
f 2301//1170 5745//1170 4851//1170
f 3502//1766 3503//1766 5718//1766
f 3502//1799 5718//1799 3504//1799
f 2307//1800 2317//1800 5192//1800
f 5676//645 5746//645 3489//645
f 5747//1801 4097//1801 4096//1801
f 5246//1400 2272//1400 5197//1400
f 3498//1039 3491//1039 5748//1039
f 2319//1625 5572//1625 2305//1625
f 685//1802 4096//1802 4088//1802
f 2274//1364 2277//1364 5197//1364
f 5749//736 4106//736 4098//736
f 5750//1803 5751//1803 3528//1803
f 5752//1804 3491//1804 3490//1804
f 2319//1666 2309//1666 5572//1666
f 3747//1797 5753//1797 5742//1797
f 5750//1805 3528//1805 3477//1805
f 3752//1798 5744//1798 3778//1798
f 3490//645 3489//645 5746//645
f 5571//1461 2309//1461 5202//1461
f 5736//1806 3530//1806 3525//1806
f 759//1759 3487//1759 620//1759
f 5754//1807 3801//1807 3786//1807
f 5518//2 5178//2 5274//2
f 5178//2 5177//2 5274//2
f 5177//2 5176//2 5274//2
f 5176//2 5206//2 5274//2
f 5206//2 5500//2 5274//2
f 5500//2 5486//2 5274//2
f 5486//2 4336//2 5274//2
f 5273//2 5274//2 4336//2
f 4336//2 5496//2 5273//2
f 5755//1808 3788//1808 3781//1808
f 5180//1809 2282//1809 4870//1809
f 5754//1810 4084//1810 3801//1810
f 3619//124 5756//124 3540//124
f 4085//981 675//981 578//981
f 5743//1811 5757//1811 3778//1811
f 4501//1812 5758//1812 4511//1812
f 3781//1813 3780//1813 5755//1813
f 3611//1814 3613//1814 5759//1814
f 5206//803 2249//803 5500//803
f 534//1815 684//1815 535//1815
f 2284//1628 5518//1628 5760//1628
f 691//223 4091//223 5747//223
f 691//1816 4090//1816 4091//1816
f 4093//1125 5761//1125 4092//1125
f 2284//585 5760//585 4871//585
f 5756//1817 3619//1817 5762//1817
f 5763//1818 4094//1818 4090//1818
f 5764//819 5749//819 4092//819
f 4098//819 4092//819 5749//819
f 5765//1819 3613//1819 3608//1819
f 5565//2 5211//2 4854//2
f 5210//2 4854//2 5211//2
f 4868//2 5565//2 4854//2
f 5563//2 4854//2 5210//2
f 5181//2 4854//2 5563//2
f 5180//2 4854//2 5181//2
f 167//1820 5766//1820 4527//1820
f 733//1589 735//1589 4111//1589
f 4112//1589 4111//1589 735//1589
f 4506//1821 5767//1821 4508//1821
f 5768//290 5769//290 4116//290
f 4117//290 4116//290 5769//290
f 4113//225 4112//225 735//225
f 4614//966 4114//966 5770//966
f 5765//1814 5759//1814 3613//1814
f 4118//1822 4117//1822 5769//1822
f 3611//1823 5759//1823 3547//1823
f 741//93 726//93 740//93
f 5770//13 4115//13 4614//13
f 738//4 360//4 4074//4
f 733//1824 4111//1824 4110//1824
f 740//1825 739//1825 4116//1825
f 5768//1825 4116//1825 739//1825
f 5191//1826 2306//1826 5194//1826
f 3537//1827 5762//1827 3541//1827
f 3808//1503 5771//1503 5372//1503
f 4854//2 4853//2 5190//2
f 4854//2 5190//2 5772//2
f 4854//2 5772//2 4851//2
f 4854//2 4851//2 5745//2
f 4854//2 5745//2 4850//2
f 4854//2 4850//2 5187//2
f 4854//2 5187//2 5192//2
f 4854//2 5192//2 5773//2
f 4854//2 5773//2 4855//2
f 4854//2 4855//2 5191//2
f 5194//2 4868//2 4854//2
f 5191//2 5194//2 4854//2
f 5760//2 5518//2 5274//2
f 4871//2 5760//2 5274//2
f 5774//2 1537//2 5775//2
f 3807//1828 5375//1828 3808//1828
f 5771//1828 3808//1828 5375//1828
f 2055//13 5313//13 1537//13
f 3810//1829 5776//1829 3811//1829
f 2060//2 1537//2 5777//2
f 2301//43 4850//43 5745//43
f 3180//1453 2060//1453 5777//1453
f 3813//1516 5778//1516 5376//1516
f 5775//2 1537//2 5315//2
f 5779//2 5313//2 5780//2
f 3815//1830 5377//1830 3816//1830
f 3208//1831 3175//1831 5315//1831
f 5775//1831 5315//1831 3175//1831
f 5781//1832 5782//1832 3816//1832
f 5777//2 1537//2 5783//2
f 5777//1833 3179//1833 3180//1833
f 5773//390 5192//390 2317//390
f 5777//1833 5783//1833 3179//1833
f 5783//2 1537//2 5774//2
f 5783//1685 5774//1685 3179//1685
f 3182//1685 3179//1685 5774//1685
f 5313//2 5316//2 1537//2
f 3182//1686 5774//1686 3175//1686
f 5775//1686 3175//1686 5774//1686
f 5315//2 1537//2 5316//2
f 5316//1454 3209//1454 5315//1454
f 5773//415 2317//415 4855//415
f 5388//1829 3811//1829 5776//1829
f 5316//2 5313//2 5779//2
f 5772//1834 2299//1834 4851//1834
f 3807//1498 3805//1498 5375//1498
f 5316//1455 5779//1455 3205//1455
f 5772//1080 5190//1080 2299//1080
f 5197//2 5196//2 1537//2
f 5196//2 5047//2 1537//2
f 5002//2 5784//2 1537//2
f 5784//2 5572//2 1507//2
f 5781//1830 3816//1830 5377//1830
f 5572//2 5571//2 1507//2
f 5572//1625 5784//1625 2305//1625
f 5784//1224 5002//1224 2305//1224
f 5047//2 5002//2 1537//2
f 5201//2 5785//2 1507//2
f 5785//2 5670//2 1507//2
f 5785//1623 5201//1623 2287//1623
f 5201//2 1507//2 5202//2
f 2302//1366 2288//1366 5202//1366
f 5202//2 1507//2 5571//2
f 5330//1511 3709//1511 5382//1511
f 5786//1835 5787//1835 3833//1835
f 3413//957 5490//957 2700//957
f 5670//526 5785//526 2311//526
f 2287//526 2311//526 5785//526
f 5246//2 5197//2 1537//2
f 5788//2 5246//2 1537//2
f 5246//723 5788//723 2266//723
f 5167//1624 2268//1624 5515//1624
f 5788//1836 5515//1836 2266//1836
f 3411//1837 5789//1837 3412//1837
f 1564//2 5387//2 821//2
f 5790//1838 5791//1838 3412//1838
f 5792//1839 4513//1839 4512//1839
f 2311//1840 5454//1840 5670//1840
f 4940//1397 5700//1397 4943//1397
f 4977//1296 5793//1296 4978//1296
f 5696//1059 4945//1059 5702//1059
f 3433//1841 3434//1841 5794//1841
f 5493//1162 3433//1162 5794//1162
f 4930//1315 5795//1315 4932//1315
f 5406//2 5317//2 1537//2
f 2062//2 1027//2 3912//2
f 5167//2 5515//2 1537//2
f 5515//2 5788//2 1537//2
f 1507//2 1537//2 5784//2
f 4932//112 5796//112 4933//112
f 42//2 636//2 45//2
f 1912//2 636//2 42//2
f 2615//13 47//13 906//13
f 5797//1842 5798//1842 3000//1842
f 900//2 2389//2 901//2
f 2513//13 900//13 923//13
f 2994//1090 5799//1090 3007//1090
f 4964//1068 5800//1068 4965//1068
f 901//4 2389//4 905//4
f 4970//1312 5801//1312 5706//1312
f 5802//1843 2991//1843 2995//1843
f 5801//1413 4970//1413 4969//1413
f 5803//1316 4969//1316 4933//1316
f 4990//1089 5804//1089 4988//1089
f 5805//1067 5800//1067 4988//1067
f 3000//1844 3001//1844 5797//1844
f 4514//1845 5806//1845 4516//1845
f 5807//1846 5808//1846 4516//1846
f 3010//748 5809//748 3011//748
f 4507//748 161//748 4506//748
f 5709//591 4956//591 5810//591
f 5811//223 3006//223 3007//223
f 4512//1847 4511//1847 5792//1847
f 4010//908 4013//908 2726//908
f 4014//1848 5812//1848 2928//1848
f 4898//1454 5813//1454 4906//1454
f 1366//1849 1286//1849 1280//1849
f 151//615 4525//615 4523//615
f 2998//43 2999//43 5814//43
f 4445//1850 4444//1850 159//1850
f 4991//1737 5815//1737 4972//1737
f 5815//1732 4974//1732 4972//1732
f 5816//1851 5668//1851 2969//1851
f 4901//1852 242//1852 4946//1852
f 154//1853 150//1853 4464//1853
f 2971//1854 5816//1854 2969//1854
f 4341//53 4340//53 4687//53
f 2998//1855 5814//1855 2996//1855
f 5817//197 2996//197 5814//197
f 132//969 4217//969 4219//969
f 4763//1157 4794//1157 5403//1157
f 1450//1856 1274//1856 1272//1856
f 1450//247 1296//247 1274//247
f 4763//1104 5403//1104 4764//1104
f 5818//1104 4764//1104 5403//1104
f 5802//763 2989//763 2991//763
f 4811//271 4764//271 5818//271
f 5819//1857 2992//1857 2989//1857
f 5820//43 5814//43 2999//43
f 5817//1858 5821//1858 2996//1858
f 5822//748 3011//748 5809//748
f 4783//810 5431//810 4781//810
f 5408//811 4781//811 5430//811
f 5823//1204 5435//1204 4795//1204
f 2992//1139 5819//1139 2993//1139
f 5824//1390 5825//1390 2993//1390
f 3002//1282 3000//1282 5798//1282
f 4795//1014 5437//1014 5823//1014
f 5826//4 4687//4 5337//4
f 5826//2 5408//2 4341//2
f 5826//53 4341//53 4687//53
f 5402//2 5826//2 5403//2
f 3008//206 3005//206 5827//206
f 5402//1135 4794//1135 5434//1135
f 321//1859 1359//1859 5828//1859
f 5403//2 5826//2 5818//2
f 5434//2 5826//2 5402//2
f 321//335 1355//335 1359//335
f 5809//639 3010//639 5827//639
f 5337//2 5404//2 5412//2
f 1336//1860 319//1860 1360//1860
f 5828//1861 1648//1861 1360//1861
f 5353//2 5404//2 5337//2
f 1462//252 4776//252 5353//252
f 5818//2 5826//2 5829//2
f 5424//2 5423//2 5337//2
f 16//1862 1671//1862 1669//1862
f 5778//1521 3813//1521 5392//1521
f 3708//1511 5782//1511 5382//1511
f 3815//1500 3814//1500 5377//1500
f 23//1863 22//1863 1654//1863
f 1551//2 1552//2 1579//2
f 5305//1864 3688//1864 1959//1864
f 5305//2 5830//2 5312//2
f 5831//2 5392//2 5830//2
f 15//1865 1688//1865 1676//1865
f 2290//1054 1834//1054 1314//1054
f 5312//2 5830//2 5832//2
f 3806//1451 5312//1451 5832//1451
f 256//1866 255//1866 1670//1866
f 5771//2 5830//2 5372//2
f 276//55 259//55 1675//55
f 5832//2 5830//2 5374//2
f 3806//1513 5832//1513 5374//1513
f 5375//2 5830//2 5771//2
f 5372//2 5830//2 5776//2
f 3810//1496 5372//1496 5776//1496
f 5776//2 5830//2 5388//2
f 5374//2 5830//2 5375//2
f 1652//415 24//415 1654//415
f 3812//1867 3811//1867 5389//1867
f 5778//2 5392//2 5831//2
f 5778//2 5831//2 5376//2
f 5376//2 5831//2 5377//2
f 5782//2 5781//2 5831//2
f 256//1868 1670//1868 1672//1868
f 5377//2 5831//2 5781//2
f 3708//1832 3816//1832 5782//1832
f 5388//2 5830//2 5389//2
f 5389//2 5830//2 5392//2
f 3812//1867 5389//1867 5392//1867
f 5305//2 1959//2 1579//2
f 1957//2 5833//2 5830//2
f 5833//2 5834//2 5830//2
f 15//1869 584//1869 1688//1869
f 1957//2 5830//2 1579//2
f 5830//2 5305//2 1579//2
f 5835//1870 5836//1870 2333//1870
f 1957//1524 3822//1524 5833//1524
f 5834//2 5837//2 5830//2
f 5837//2 5398//2 5830//2
f 5834//1871 5833//1871 3821//1871
f 3822//1871 3821//1871 5833//1871
f 5396//2 5831//2 5838//2
f 5838//1141 3841//1141 5396//1141
f 5838//2 5831//2 5380//2
f 5397//2 5839//2 5830//2
f 1689//1872 280//1872 1678//1872
f 5380//1507 3841//1507 5838//1507
f 5398//2 5397//2 5830//2
f 3819//1525 3838//1525 5398//1525
f 5837//1526 3820//1526 5398//1526
f 5396//2 5399//2 5831//2
f 5396//1026 4070//1026 5399//1026
f 4503//1873 5840//1873 4501//1873
f 5831//2 5830//2 5380//2
f 5839//1508 3837//1508 5380//1508
f 133//1874 4521//1874 4526//1874
f 4519//1875 4521//1875 133//1875
f 3821//1876 3820//1876 5834//1876
f 5837//1876 5834//1876 3820//1876
f 4523//1877 4522//1877 151//1877
f 5839//2 5380//2 5830//2
f 5839//1878 5397//1878 3837//1878
f 3838//1878 3837//1878 5397//1878
f 5582//1821 4508//1821 5767//1821
f 5582//1589 4510//1589 4508//1589
f 5330//2 5382//2 5831//2
f 5782//2 5831//2 5382//2
f 5831//2 5786//2 5330//2
f 4698//2 5330//2 5786//2
f 5831//2 5787//2 5786//2
f 4649//2 4696//2 3302//2
f 5807//1845 4516//1845 5806//1845
f 5767//1879 4506//1879 161//1879
f 5829//271 4811//271 5818//271
f 4768//1184 4767//1184 5424//1184
f 5337//2 5841//2 5405//2
f 5841//1020 4771//1020 5405//1020
f 5533//1880 3425//1880 5531//1880
f 5426//2 5599//2 5427//2
f 5509//2 5842//2 5426//2
f 4761//210 4810//210 5427//210
f 3420//1646 5791//1646 5484//1646
f 5427//1530 5411//1530 4761//1530
f 5826//2 5337//2 5829//2
f 5423//979 4811//979 5829//979
f 5412//2 5841//2 5337//2
f 5412//960 4774//960 4771//960
f 5841//960 5412//960 4771//960
f 5405//2 5424//2 5337//2
f 5405//1176 4769//1176 5424//1176
f 5429//2 4341//2 5843//2
f 4341//2 5429//2 5844//2
f 2700//1642 2699//1642 3413//1642
f 5429//864 4798//864 5844//864
f 5843//2 4341//2 5431//2
f 5431//2 4341//2 5430//2
f 5423//2 5829//2 5337//2
f 5845//1601 5490//1601 3416//1601
f 3416//26 5533//26 5845//26
f 4785//1173 5429//1173 5843//1173
f 5431//1169 4785//1169 5843//1169
f 5846//865 5847//865 4918//865
f 5844//1289 4798//1289 5847//1289
f 4918//865 5847//865 4798//865
f 5430//2 4341//2 5408//2
f 5848//2 5408//2 5826//2
f 5848//2 5826//2 5434//2
f 5848//811 4793//811 5408//811
f 5434//1135 4793//1135 5848//1135
f 5411//2 5603//2 5410//2
f 5410//2 5606//2 5849//2
f 5849//2 5504//2 5437//2
f 5437//2 5502//2 5823//2
f 5823//2 5503//2 5435//2
f 5436//2 5435//2 5850//2
f 5440//2 5436//2 5850//2
f 5427//2 5599//2 5411//2
f 5851//2 5852//2 5440//2
f 5853//2 5440//2 5852//2
f 4784//397 4782//397 5436//397
f 4791//462 5410//462 5849//462
f 4791//1047 5849//1047 5437//1047
f 5440//1275 4787//1275 5436//1275
f 5410//1021 4762//1021 5411//1021
f 5853//454 4796//454 5440//454
f 4745//1030 5854//1030 5505//1030
f 4800//1037 5855//1037 4778//1037
f 2585//808 1275//808 1320//808
f 4756//1197 4799//1197 5507//1197
f 4777//975 4778//975 5513//975
f 2585//1881 2589//1881 1275//1881
f 4808//1882 5856//1882 4809//1882
f 5517//984 4809//984 5857//984
f 4772//1180 5511//1180 5491//1180
f 4799//330 4744//330 5506//330
f 103//223 4503//223 4509//223
f 839//697 3021//697 3019//697
f 167//1883 4527//1883 4525//1883
f 165//1850 159//1850 4444//1850
f 4445//1884 159//1884 4464//1884
f 154//1884 4464//1884 159//1884
f 185//1885 172//1885 4476//1885
f 4476//1770 142//1770 137//1770
f 179//1886 132//1886 4466//1886
f 4469//1853 4464//1853 150//1853
f 4469//29 150//29 185//29
f 5858//274 2322//274 2323//274
f 916//1775 915//1775 3049//1775
f 5859//1887 2332//1887 2331//1887
f 903//13 3053//13 3044//13
f 912//1888 913//1888 3632//1888
f 5860//816 5509//816 4766//816
f 920//1889 3047//1889 3039//1889
f 5860//808 4766//808 5510//808
f 4819//649 4895//649 5595//649
f 4765//1603 5491//1603 5510//1603
f 4805//257 4804//257 5395//257
f 5861//1453 5862//1453 4805//1453
f 4908//1018 5604//1018 4818//1018
f 5842//786 5591//786 4816//786
f 4896//1685 4820//1685 5601//1685
f 861//1890 3028//1890 3027//1890
f 4945//1060 5697//1060 4902//1060
f 4900//1209 4902//1209 5852//1209
f 843//778 844//778 3014//778
f 892//730 867//730 3033//730
f 781//1891 845//1891 3016//1891
f 842//1449 841//1449 3012//1449
f 839//598 3019//598 841//598
f 861//1892 3027//1892 3022//1892
f 1396//442 1415//442 327//442
f 327//1893 1392//1893 1396//1893
f 1393//1894 283//1894 1690//1894
f 3025//604 3026//604 852//604
f 4905//1228 5503//1228 4910//1228
f 5504//1229 4910//1229 5502//1229
f 854//711 3032//711 852//711
f 5603//1016 4908//1016 5606//1016
f 2408//1001 2420//1001 1334//1001
f 5863//1831 4898//1831 5864//1831
f 2830//4 2831//4 1376//4
f 5865//371 5866//371 1335//371
f 5866//1895 5867//1895 1660//1895
f 5514//1037 4778//1037 5855//1037
f 4800//1553 5507//1553 5855//1553
f 5868//1896 5869//1896 1658//1896
f 5868//1897 1658//1897 5870//1897
f 5857//1882 4809//1882 5856//1882
f 23//415 1654//415 24//415
f 5497//1040 4750//1040 4807//1040
f 5426//816 4810//816 5509//816
f 16//1898 1673//1898 1671//1898
f 3050//1899 915//1899 4231//1899
f 1667//1900 255//1900 1665//1900
f 910//1871 4232//1871 4231//1871
f 5855//2 5507//2 5514//2
f 5507//2 5506//2 5514//2
f 5506//2 5505//2 5514//2
f 5505//2 5854//2 5514//2
f 5854//2 5495//2 5514//2
f 5513//2 5514//2 5495//2
f 1368//206 1322//206 1326//206
f 1653//1901 5871//1901 1655//1901
f 5872//1902 5870//1902 1655//1902
f 1368//1903 1367//1903 1322//1903
f 1663//1904 5873//1904 1653//1904
f 1656//1897 5870//1897 1658//1897
f 1267//220 1423//220 1269//220
f 3050//1775 3049//1775 915//1775
f 910//1899 4231//1899 915//1899
f 1662//1622 22//1622 1664//1622
f 5874//2 5508//2 5511//2
f 5856//2 5874//2 5511//2
f 5508//2 5499//2 5511//2
f 5499//2 5498//2 5511//2
f 5857//2 5856//2 5511//2
f 5517//2 5857//2 5511//2
f 5501//2 5595//2 5511//2
f 5491//2 5511//2 5595//2
f 920//1905 3039//1905 3041//1905
f 911//1906 3042//1906 3045//1906
f 5854//1027 4745//1027 5495//1027
f 1264//1907 1291//1907 204//1907
f 4745//1027 4748//1027 5495//1027
f 4806//951 5508//951 5874//951
f 911//1908 917//1908 3042//1908
f 1262//1909 1309//1909 1261//1909
f 1308//1909 1261//1909 1309//1909
f 1308//1910 204//1910 1261//1910
f 1291//1910 1261//1910 204//1910
f 201//341 1302//341 1304//341
f 201//341 1304//341 1325//341
f 201//1911 1301//1911 1302//1911
f 1319//1068 1309//1068 1293//1068
f 916//1912 3049//1912 3047//1912
f 4807//149 5517//149 5875//149
f 1095//680 1074//680 4583//680
f 4808//1189 4806//1189 5856//1189
f 5874//1189 5856//1189 4806//1189
f 903//53 3044//53 3054//53
f 5497//1040 4807//1040 5875//1040
f 2721//1913 782//1913 3015//1913
f 1286//737 1356//737 1293//737
f 3015//594 779//594 781//594
f 3015//594 781//594 3016//594
f 1283//1914 1367//1914 1280//1914
f 3014//1891 3016//1891 845//1891
f 3014//1891 845//1891 843//1891
f 204//1907 203//1907 1264//1907
f 203//230 1265//230 1264//230
f 5494//2 5497//2 5511//2
f 5495//2 5494//2 5511//2
f 5497//2 5875//2 5511//2
f 5876//2 5495//2 5511//2
f 5513//2 5495//2 5876//2
f 5875//2 5517//2 5511//2
f 5510//2 5491//2 5595//2
f 5498//2 5501//2 5511//2
f 5595//2 5594//2 5510//2
f 5860//2 5510//2 5594//2
f 5594//2 5592//2 5860//2
f 5592//2 5591//2 5860//2
f 5509//2 5860//2 5591//2
f 3020//112 787//112 3022//112
f 1664//1915 19//1915 1666//1915
f 3021//1916 840//1916 3020//1916
f 1666//1917 19//1917 1668//1917
f 201//1911 198//1911 1301//1911
f 5513//463 5876//463 4773//463
f 3009//1449 3012//1449 841//1449
f 198//374 197//374 1301//374
f 3009//598 841//598 3019//598
f 1262//1068 1293//1068 1309//1068
f 1263//528 1265//528 1304//528
f 1325//528 1304//528 1265//528
f 3026//604 853//604 852//604
f 1667//1866 1670//1866 255//1866
f 1366//1849 1365//1849 1286//1849
f 1375//239 1369//239 1294//239
f 258//1918 1672//1918 260//1918
f 5508//1919 4815//1919 5499//1919
f 260//55 1675//55 259//55
f 1365//737 1356//737 1286//737
f 1690//1326 281//1326 1689//1326
f 1283//1903 1322//1903 1367//1903
f 1366//1914 1280//1914 1367//1914
f 1417//1920 1330//1920 1416//1920
f 1340//1920 1416//1920 1330//1920
f 1419//1921 1328//1921 1330//1921
f 1419//1921 1330//1921 1417//1921
f 3022//1850 862//1850 861//1850
f 1347//1922 1429//1922 1416//1922
f 1347//1922 1416//1922 1340//1922
f 276//1923 1675//1923 1674//1923
f 4773//1179 5876//1179 5511//1179
f 1419//1924 1418//1924 1328//1924
f 1266//1924 1328//1924 1418//1924
f 1444//220 1269//220 1423//220
f 4819//732 5595//732 5501//732
f 1444//1925 1449//1925 1269//1925
f 1272//1925 1269//1925 1449//1925
f 5877//705 1428//705 1346//705
f 1418//959 1423//959 1266//959
f 1267//959 1266//959 1423//959
f 1839//1179 592//1179 1840//1179
f 5393//2 97//2 5395//2
f 5395//2 97//2 5861//2
f 1449//1856 1450//1856 1272//1856
f 5861//257 4805//257 5395//257
f 5861//2 97//2 5862//2
f 847//1926 846//1926 1296//1926
f 1375//819 1294//819 846//819
f 1296//819 846//819 1294//819
f 3021//697 839//697 840//697
f 4814//1453 4805//1453 5862//1453
f 5862//2 97//2 5600//2
f 4820//1833 4814//1833 5600//1833
f 5862//1833 5600//1833 4814//1833
f 5842//2 5509//2 5591//2
f 5599//2 5426//2 5842//2
f 5599//1018 4818//1018 5604//1018
f 1813//1927 1303//1927 1300//1927
f 4816//797 5599//797 5842//797
f 1815//1928 1278//1928 1285//1928
f 4897//786 4816//786 5591//786
f 278//1929 1674//1929 1687//1929
f 5594//1200 4895//1200 5592//1200
f 1686//1869 1688//1869 584//1869
f 1804//1096 1306//1096 1806//1096
f 27//547 1677//547 1686//547
f 1813//1930 1809//1930 1303//1930
f 1303//329 1809//329 1305//329
f 1412//1931 591//1931 1413//1931
f 5735//1510 3719//1510 4699//1510
f 854//698 3030//698 3032//698
f 590//331 592//331 1413//331
f 324//1334 1398//1334 1840//1334
f 3030//263 858//263 892//263
f 3826//1472 5330//1472 4698//1472
f 597//1932 1415//1932 1398//1932
f 5786//2 5735//2 4698//2
f 5735//2 4699//2 4698//2
f 4698//382 4696//382 3826//382
f 3720//382 3826//382 4696//382
f 4895//1200 4897//1200 5592//1200
f 5601//2 97//2 5346//2
f 5790//1837 3412//1837 5789//1837
f 3420//1838 3412//1838 5791//1838
f 4817//1686 5601//1686 5346//1686
f 4817//1831 5346//1831 5864//1831
f 5606//2 5410//2 5603//2
f 5603//2 5411//2 5604//2
f 5604//2 5411//2 5599//2
f 5504//2 5849//2 5606//2
f 5502//2 5437//2 5504//2
f 5503//2 5823//2 5502//2
f 5850//2 5435//2 5503//2
f 5851//2 5440//2 5850//2
f 5878//2 5853//2 5852//2
f 5697//2 5878//2 5852//2
f 1868//390 1290//390 5879//390
f 5880//1933 5881//1933 3426//1933
f 3414//1934 3418//1934 5585//1934
f 5859//1935 2334//1935 2332//1935
f 5574//1490 5584//1490 3076//1490
f 4696//1130 4649//1130 3720//1130
f 5882//236 1350//236 1349//236
f 3831//1835 3833//1835 5787//1835
f 5787//2 5831//2 5883//2
f 2329//1936 5884//1936 2386//1936
f 3831//1937 5787//1937 3829//1937
f 5884//1938 2533//1938 2386//1938
f 5883//1937 3829//1937 5787//1937
f 5885//1939 3072//1939 3074//1939
f 5399//2 5400//2 5831//2
f 5883//2 5831//2 5400//2
f 5400//1528 3829//1528 5883//1528
f 3429//1676 5886//1676 5589//1676
f 2321//1940 5887//1940 5858//1940
f 5858//1941 2323//1941 2321//1941
f 3836//1658 5888//1658 5553//1658
f 5519//1630 3450//1630 5889//1630
f 5886//1942 3429//1942 5881//1942
f 4528//515 1079//515 4524//515
f 1080//130 1073//130 4524//130
f 5612//1943 3655//1943 5890//1943
f 3661//1943 5890//1943 3655//1943
f 3418//1934 5891//1934 5585//1934
f 1349//983 2334//983 5882//983
f 3661//1944 3662//1944 5890//1944
f 5613//1945 5892//1945 3654//1945
f 3446//1946 5577//1946 3418//1946
f 5555//609 3656//609 5605//609
f 3654//1690 3655//1690 5613//1690
f 5835//1947 2333//1947 2322//1947
f 3835//1948 5616//1948 3836//1948
f 5879//1949 1870//1949 1868//1949
f 1289//390 5879//390 1290//390
f 389//63 2335//63 390//63
f 3450//1950 3448//1950 5889//1950
f 2327//732 389//732 388//732
f 2328//1193 2327//1193 5893//1193
f 5575//996 3077//996 5520//996
f 5893//1951 5894//1951 2328//1951
f 3914//845 3918//845 5715//845
f 3657//1662 3656//1662 5554//1662
f 3914//1688 5895//1688 5550//1688
f 2329//1936 5896//1936 5884//1936
f 5896//1952 2329//1952 5897//1952
f 5578//1698 3669//1698 2404//1698
f 2333//1870 5836//1870 2330//1870
f 1180//1953 1102//1953 4592//1953
f 3916//1954 3915//1954 5710//1954
f 3674//1955 3519//1955 5898//1955
f 2353//1391 2545//1391 5899//1391
f 5528//1640 3674//1640 5898//1640
f 5336//4 5335//4 4595//4
f 4592//1956 1476//1956 1180//1956
f 3929//686 5721//686 3938//686
f 5720//1957 5900//1957 3938//1957
f 5900//686 5901//686 3925//686
f 1047//1958 4500//1958 4540//1958
f 5569//476 5383//476 3069//476
f 3069//1664 3068//1664 5569//1664
f 3930//649 5538//649 3928//649
f 880//1959 883//1959 4482//1959
f 5570//1960 3431//1960 5902//1960
f 5903//1780 3934//1780 5712//1780
f 880//420 4482//420 4481//420
f 5903//118 3935//118 3934//118
f 5904//1179 5905//1179 3435//1179
f 5906//1631 3453//1631 5521//1631
f 885//1961 4486//1961 4488//1961
f 3436//1606 5493//1606 5573//1606
f 5907//1962 3670//1962 5908//1962
f 2700//2 5490//2 5568//2
f 5490//2 5845//2 5568//2
f 5845//2 5533//2 5383//2
f 5569//2 5568//2 5845//2
f 5383//2 5569//2 5845//2
f 3411//1515 5383//1515 5909//1515
f 2018//2 2698//2 2006//2
f 2701//2 2018//2 2006//2
f 1089//1963 4494//1963 4545//1963
f 5533//2 5531//2 5383//2
f 2018//1668 2020//1668 2698//1668
f 5908//355 3668//355 5578//355
f 282//1964 1690//1964 283//1964
f 5909//2 5383//2 5531//2
f 3915//1954 5724//1954 5710//1954
f 282//560 281//560 1690//560
f 619//835 591//835 1412//835
f 3668//1962 5908//1962 3670//1962
f 5907//1312 5724//1312 3670//1312
f 135//2 1428//2 5877//2
f 135//2 5877//2 5910//2
f 5911//2 135//2 5910//2
f 321//2 135//2 5911//2
f 1353//1719 5910//1719 1346//1719
f 5877//1719 1346//1719 5910//1719
f 5828//2 248//2 321//2
f 320//2 248//2 5828//2
f 5912//2 248//2 319//2
f 1648//1859 5828//1859 1359//1859
f 5911//335 1355//335 321//335
f 2004//2 2654//2 2006//2
f 5911//1965 5910//1965 1355//1965
f 1353//1965 1355//1965 5910//1965
f 5789//2 5913//2 5790//2
f 5531//2 5913//2 5909//2
f 5570//2 5791//2 5914//2
f 5570//2 5902//2 5791//2
f 5484//2 5791//2 5902//2
f 319//1966 1336//1966 5912//1966
f 320//1860 1360//1860 319//1860
f 5909//1837 5789//1837 3411//1837
f 1347//732 1346//732 1428//732
f 1429//732 1347//732 1428//732
f 5790//2 5914//2 5791//2
f 5828//1861 1360//1861 320//1861
f 3422//43 5484//43 5902//43
f 3422//1960 5902//1960 3431//1960
f 1660//371 1335//371 5866//371
f 5914//2 5790//2 5913//2
f 5789//2 5909//2 5913//2
f 1313//1967 2291//1967 1314//1967
f 5913//1899 5531//1899 3427//1899
f 5714//1968 3918//1968 3920//1968
f 1665//1969 322//1969 1663//1969
f 5915//428 3832//428 3830//428
f 3427//1556 3428//1556 5914//1556
f 1656//1902 1655//1902 5870//1902
f 1824//99 1221//99 1825//99
f 3427//1556 5914//1556 5913//1556
f 1659//1966 5912//1966 1336//1966
f 4071//1673 3840//1673 5586//1673
f 3428//1665 5570//1665 5914//1665
f 4069//462 4071//462 5916//462
f 5917//462 5916//462 4071//462
f 3828//1674 5918//1674 5588//1674
f 5904//2 5590//2 5919//2
f 5905//2 5904//2 5919//2
f 5590//2 5589//2 5919//2
f 5919//2 5449//2 5905//2
f 5794//2 5905//2 5449//2
f 5449//2 5920//2 5794//2
f 3830//1675 5588//1675 5915//1675
f 1205//1970 1165//1970 1223//1970
f 1164//1970 1165//1970 1205//1970
f 5916//919 5918//919 4069//919
f 3434//1179 3435//1179 5905//1179
f 2292//1971 1250//1971 1835//1971
f 12//1972 1673//1972 16//1972
f 5921//1973 4080//1973 5922//1973
f 3434//1841 5905//1841 5794//1841
f 5734//1787 4083//1787 5732//1787
f 1664//1915 20//1915 19//1915
f 12//1974 1676//1974 1673//1974
f 1812//1399 1312//1399 1311//1399
f 1245//444 2296//444 1246//444
f 1657//1826 5923//1826 1651//1826
f 1258//1975 2316//1975 1245//1975
f 5867//1976 1657//1976 1661//1976
f 24//1977 1652//1977 25//1977
f 2589//1175 1271//1175 1273//1175
f 5891//1946 3418//1946 5577//1946
f 1295//1786 1323//1786 2400//1786
f 3074//1672 5584//1672 5885//1672
f 2400//1978 2399//1978 1295//1978
f 3435//463 3430//463 5590//463
f 1273//1881 1275//1881 2589//1881
f 1321//1328 1284//1328 2391//1328
f 20//1269 1664//1269 22//1269
f 1662//1979 1654//1979 22//1979
f 5581//1980 3473//1980 3470//1980
f 5449//1981 3474//1981 3464//1981
f 5574//2 5575//2 5446//2
f 5575//2 5520//2 5446//2
f 5584//2 5574//2 5446//2
f 5880//2 5446//2 5519//2
f 5520//2 5519//2 5446//2
f 5885//2 5584//2 5446//2
f 5924//2 5885//2 5446//2
f 5585//2 5925//2 5446//2
f 5891//2 5925//2 5585//2
f 5577//2 5925//2 5891//2
f 5924//2 5446//2 5925//2
f 2415//1982 1348//1982 1345//1982
f 3429//1942 3426//1942 5881//1942
f 280//1326 1689//1326 281//1326
f 2416//1983 2417//1983 1339//1983
f 277//1984 276//1984 1674//1984
f 2410//1985 2409//1985 1357//1985
f 26//1986 588//1986 1677//1986
f 590//1931 1413//1931 591//1931
f 324//1179 1840//1179 592//1179
f 1839//331 1413//331 592//331
f 324//1334 326//1334 1398//1334
f 5577//1667 3073//1667 5925//1667
f 326//1932 597//1932 1398//1932
f 283//74 1393//74 1392//74
f 3426//1553 5446//1553 5880//1553
f 1678//1872 280//1872 284//1872
f 3072//30 5885//30 5924//30
f 279//517 1679//517 284//517
f 1678//517 284//517 1679//517
f 279//1987 278//1987 1679//1987
f 1687//1987 1679//1987 278//1987
f 277//1929 1674//1929 278//1929
f 5924//1652 5925//1652 3072//1652
f 3073//1652 3072//1652 5925//1652
f 5568//2 2006//2 2700//2
f 27//1869 1686//1869 584//1869
f 2407//1355 2408//1355 1649//1355
f 26//547 1677//547 27//547
f 5926//2 5451//2 5524//2
f 5524//2 5523//2 5926//2
f 5598//2 5926//2 5523//2
f 5523//2 5927//2 5598//2
f 5928//2 5598//2 5927//2
f 5927//2 5529//2 5928//2
f 5929//2 5919//2 5589//2
f 5589//2 5886//2 5929//2
f 5889//2 5929//2 5886//2
f 5889//2 5886//2 5881//2
f 5881//2 5880//2 5519//2
f 5889//2 5881//2 5519//2
f 5904//973 3435//973 5590//973
f 1415//442 597//442 327//442
f 323//1893 1392//1893 327//1893
f 283//74 1392//74 323//74
f 3447//1555 5449//1555 5919//1555
f 5929//1988 3448//1988 5919//1988
f 3447//1988 5919//1988 3448//1988
f 1335//552 1334//552 2420//552
f 1657//1976 5867//1976 5923//1976
f 1310//1989 1810//1989 1311//1989
f 3464//1669 5581//1669 5920//1669
f 1661//1990 1660//1990 5867//1990
f 3470//713 5526//713 5930//713
f 5581//1980 3470//1980 5930//1980
f 1653//1904 5873//1904 5871//1904
f 5449//1981 3464//1981 5920//1981
f 3448//1950 5929//1950 5889//1950
f 5931//1261 25//1261 1651//1261
f 17//1862 16//1862 1669//1862
f 1668//1991 18//1991 1669//1991
f 17//1991 1669//1991 18//1991
f 2363//1992 57//1992 56//1992
f 5525//2 5524//2 5906//2
f 5906//2 5521//2 5525//2
f 5526//2 5525//2 5521//2
f 5521//2 5487//2 5526//2
f 5930//2 5526//2 5487//2
f 5487//2 5573//2 5930//2
f 5581//2 5930//2 5573//2
f 5573//2 5493//2 5581//2
f 5920//2 5581//2 5493//2
f 5493//2 5794//2 5920//2
f 3453//1631 3437//1631 5521//1631
f 1668//1917 19//1917 18//1917
f 12//1974 14//1974 1676//1974
f 1676//1865 14//1865 15//1865
f 3453//1558 5906//1558 5451//1558
f 254//77 322//77 1665//77
f 5873//1969 1663//1969 322//1969
f 1665//1900 255//1900 254//1900
f 5451//1559 5926//1559 3439//1559
f 1672//1868 257//1868 256//1868
f 5926//1681 5598//1681 3439//1681
f 5932//1993 1121//1993 2357//1993
f 3440//1682 5598//1682 5928//1682
f 4547//1515 1101//1515 4550//1515
f 5928//1633 5452//1633 3440//1633
f 4592//1953 1102//1953 4587//1953
f 842//1994 3012//1994 844//1994
f 785//1995 787//1995 3020//1995
f 4900//1209 5852//1209 5851//1209
f 3014//1994 844//1994 3012//1994
f 1076//1996 4575//1996 4579//1996
f 5851//1019 5850//1019 4900//1019
f 5933//1997 2347//1997 2359//1997
f 4904//1019 4900//1019 5850//1019
f 4904//1227 5850//1227 5503//1227
f 862//112 3022//112 787//112
f 4578//1998 1074//1998 4579//1998
f 1099//1999 4582//1999 4587//1999
f 853//365 3026//365 855//365
f 4899//1015 5504//1015 5606//1015
f 2354//1326 2346//1326 5934//1326
f 882//909 1050//909 4534//909
f 5674//1290 4913//1290 5609//1290
f 1050//1136 1052//1136 4478//1136
f 5846//1291 4918//1291 5674//1291
f 863//708 3035//708 3033//708
f 4934//1292 5935//1292 4914//1292
f 857//603 855//603 3036//603
f 885//2000 4488//2000 886//2000
f 4916//1070 4915//1070 5679//1070
f 4916//1293 5679//1293 4911//1293
f 3020//1916 840//1916 785//1916
f 5936//1056 5614//1056 4797//1056
f 5853//1063 5878//1063 4796//1063
f 4921//695 5635//695 5937//695
f 1047//732 4540//732 4565//732
f 2369//2001 1111//2001 2368//2001
f 4083//713 5734//713 4078//713
f 3461//1684 5596//1684 5938//1684
f 5733//2002 5939//2002 4078//2002
f 5678//337 3460//337 5673//337
f 5940//2003 5922//2003 4077//2003
f 2373//155 5941//155 2352//155
f 5921//2004 5942//2004 4080//2004
f 5452//2 5928//2 5528//2
f 5453//2 5452//2 5528//2
f 5528//2 5898//2 5453//2
f 5898//2 5943//2 5453//2
f 5596//2 5453//2 5943//2
f 5938//2 5596//2 5943//2
f 5943//2 5471//2 5938//2
f 5471//2 5699//2 5938//2
f 5673//2 5938//2 5699//2
f 5529//2 5528//2 5928//2
f 5451//2 5906//2 5524//2
f 1672//1918 258//1918 257//1918
f 5923//2 5866//2 5931//2
f 5867//2 5866//2 5923//2
f 25//174 5931//174 5866//174
f 25//2 5866//2 5865//2
f 2420//2 25//2 5865//2
f 3468//1637 5524//1637 5525//1637
f 5931//1826 1651//1826 5923//1826
f 3470//713 3468//713 5526//713
f 5471//688 5943//688 3519//688
f 1651//1261 25//1261 1652//1261
f 3519//1955 5943//1955 5898//1955
f 5551//331 3817//331 3823//331
f 2811//2005 2810//2005 1399//2005
f 5871//2 248//2 5872//2
f 5873//2 248//2 5871//2
f 5872//1901 1655//1901 5871//1901
f 3471//1593 5529//1593 5927//1593
f 587//2006 586//2006 1399//2006
f 5523//2007 3472//2007 3471//2007
f 5523//2007 3471//2007 5927//2007
f 5937//1076 5944//1076 4921//1076
f 3025//711 852//711 3032//711
f 5945//2008 3361//2008 3356//2008
f 792//1027 886//1027 793//1027
f 5945//1852 3356//1852 5780//1852
f 3205//1852 5780//1852 3356//1852
f 1412//835 1403//835 619//835
f 3479//1732 5946//1732 5647//1732
f 3391//2009 3402//2009 5661//2009
f 508//2009 5661//2009 3402//2009
f 5663//1739 3392//1739 5661//1739
f 5641//1050 4928//1050 4929//1050
f 494//2010 3394//2010 490//2010
f 1808//1989 1810//1989 1310//1989
f 3394//1741 3392//1741 5664//1741
f 1808//1586 1310//1586 1316//1586
f 3496//493 3494//493 5667//493
f 4935//1076 4921//1076 5944//1076
f 4555//2011 4553//2011 1097//2011
f 1097//1837 1098//1837 4555//1837
f 5690//1417 5947//1417 4930//1417
f 3476//819 5948//819 5313//819
f 5947//1315 5795//1315 4930//1315
f 5796//1315 4932//1315 5795//1315
f 4602//2 4341//2 5847//2
f 5609//2 4602//2 5674//2
f 5935//2 4602//2 5609//2
f 5844//2 5847//2 4341//2
f 5949//2012 41//2012 2351//2012
f 2372//2013 43//2013 2367//2013
f 46//2013 2367//2013 43//2013
f 4520//130 4524//130 1073//130
f 46//1307 2370//1307 2367//1307
f 5674//2 4602//2 5846//2
f 3486//1276 5950//1276 3511//1276
f 58//2014 2363//2014 2370//2014
f 5846//2 4602//2 5847//2
f 5951//2 5952//2 5313//2
f 5952//2 5953//2 5313//2
f 5780//2 5313//2 5945//2
f 1073//2015 1072//2015 4520//2015
f 2361//2016 5954//2016 2359//2016
f 3028//585 861//585 860//585
f 4552//2017 4554//2017 1169//2017
f 5609//1292 4914//1292 5935//1292
f 3029//704 3028//704 859//704
f 860//726 859//726 3028//726
f 5615//2 5614//2 5955//2
f 5702//2 5955//2 5614//2
f 5696//2 5702//2 5614//2
f 5679//2 5615//2 5955//2
f 5614//2 5936//2 5696//2
f 5936//2 5878//2 5696//2
f 5697//2 5696//2 5878//2
f 5955//2 5700//2 5679//2
f 857//862 3036//862 859//862
f 3029//862 859//862 3036//862
f 3037//365 855//365 3026//365
f 3033//730 867//730 863//730
f 5679//1293 5956//1293 4911//1293
f 856//698 3030//698 854//698
f 1408//223 1407//223 2393//223
f 4911//1394 5956//1394 5635//1394
f 856//2018 858//2018 3030//2018
f 866//2019 3035//2019 863//2019
f 786//43 3034//43 866//43
f 3037//2020 3036//2020 855//2020
f 5951//2021 3403//2021 3362//2021
f 5951//2021 3362//2021 5952//2021
f 5657//2 5313//2 5658//2
f 5872//2 248//2 5870//2
f 2393//1276 1378//1276 1408//1276
f 3479//1737 3406//1737 5658//1737
f 5936//1063 4797//1063 5878//1063
f 4797//1063 4796//1063 5878//1063
f 5953//2 5945//2 5313//2
f 5869//2 248//2 5912//2
f 5953//2008 3361//2008 5945//2008
f 5869//2022 5912//2022 1659//2022
f 322//2 248//2 5873//2
f 3362//2023 3361//2023 5952//2023
f 5953//2023 5952//2023 3361//2023
f 2837//2024 2838//2024 1406//2024
f 5870//2 248//2 5868//2
f 5868//2 248//2 5869//2
f 2843//835 619//835 1403//835
f 1659//1896 1658//1896 5869//1896
f 5951//1736 5657//1736 3403//1736
f 2837//421 1406//421 1405//421
f 2838//301 2843//301 1402//301
f 5935//2 4600//2 4602//2
f 5957//2 5958//2 4600//2
f 5959//2 5960//2 4600//2
f 5683//2 5961//2 4600//2
f 5961//2 5682//2 4600//2
f 5682//2 5686//2 4600//2
f 5686//2 5640//2 4600//2
f 5640//15 5638//15 4600//15
f 5637//2 5636//2 4600//2
f 5636//2 4365//2 4600//2
f 3205//1852 5779//1852 5780//1852
f 4365//2025 5636//2025 4634//2025
f 1803//2026 1802//2026 1307//2026
f 1259//2026 1307//2026 1802//2026
f 5647//2 5313//2 5962//2
f 5946//2 5313//2 5647//2
f 5661//2 508//2 517//2
f 1811//1927 1813//1927 1300//1927
f 508//2 5962//2 5672//2
f 5963//2 5672//2 5962//2
f 1260//2027 1259//2027 1802//2027
f 1260//2027 1802//2027 1805//2027
f 4923//1747 5682//1747 5961//1747
f 1805//1122 2326//1122 1260//1122
f 1292//1122 1260//1122 2326//1122
f 5964//2028 2345//2028 2344//2028
f 1281//809 1279//809 2397//809
f 2398//809 2397//809 1279//809
f 5661//2 517//2 5663//2
f 490//2 5664//2 338//2
f 4923//857 5961//857 5683//857
f 2326//937 1815//937 1292//937
f 1285//937 1292//937 1815//937
f 1278//1928 1815//1928 2402//1928
f 2402//403 2398//403 1278//403
f 1279//403 1278//403 2398//403
f 1306//2029 1804//2029 1307//2029
f 1803//2029 1307//2029 1804//2029
f 5658//2 5313//2 5946//2
f 5638//2 5637//2 4600//2
f 1305//1096 1806//1096 1306//1096
f 5658//1737 5946//1737 3479//1737
f 5640//585 4692//585 5638//585
f 2356//1006 1121//1006 2342//1006
f 5641//2 5965//2 4600//2
f 3409//1733 5962//1733 508//1733
f 1827//2030 1835//2030 1253//2030
f 5641//1051 4600//1051 4934//1051
f 5663//2 517//2 5664//2
f 5641//1050 4929//1050 5966//1050
f 5647//387 5962//387 3409//387
f 2292//2031 1257//2031 1250//2031
f 4934//1292 4600//1292 5935//1292
f 5965//2 5966//2 5967//2
f 2352//1203 5968//1203 2349//1203
f 4929//1303 5967//1303 5966//1303
f 5657//2 5951//2 5313//2
f 5948//2 5962//2 5313//2
f 5963//2 5962//2 5948//2
f 338//2 5664//2 517//2
f 5672//2 5671//2 508//2
f 5671//2 5950//2 508//2
f 5950//2 5969//2 508//2
f 5969//2 5667//2 508//2
f 5667//2 5666//2 508//2
f 5666//2 5970//2 508//2
f 5970//2 5971//2 508//2
f 5971//2 5669//2 508//2
f 5669//2 5665//2 508//2
f 5665//2 509//2 508//2
f 1249//1971 1835//1971 1250//1971
f 5687//2 5688//2 5972//2
f 5694//2 5972//2 5973//2
f 5973//2 5944//2 5695//2
f 5974//2 5695//2 5937//2
f 5937//2 5635//2 5793//2
f 509//2032 5665//2032 3597//2032
f 5975//1086 4927//1086 5687//1086
f 5963//1254 3523//1254 5672//1254
f 3512//1254 5672//1254 3523//1254
f 5973//800 5688//800 4935//800
f 904//53 5652//53 3031//53
f 5944//2033 5973//2033 4935//2033
f 3053//13 903//13 789//13
f 3488//1390 5667//1390 5969//1390
f 2290//1967 1314//1967 2291//1967
f 789//43 3048//43 3053//43
f 4927//1087 5975//1087 5690//1087
f 5969//2034 5950//2034 3488//2034
f 3486//2035 3488//2035 5950//2035
f 5948//2036 3476//2036 5963//2036
f 1223//99 1825//99 1221//99
f 3523//2036 5963//2036 3476//2036
f 1827//2037 1253//2037 1255//2037
f 1828//2038 1827//2038 1255//2038
f 1249//2030 1253//2030 1835//2030
f 919//1343 3041//1343 3046//1343
f 1824//101 1830//101 968//101
f 1824//101 968//101 1221//101
f 5974//1075 5793//1075 4971//1075
f 4977//1075 4971//1075 5793//1075
f 1828//442 1255//442 1831//442
f 969//442 1831//442 1255//442
f 3492//1441 5669//1441 5971//1441
f 4943//1397 5700//1397 5955//1397
f 5970//2039 3495//2039 5971//2039
f 1825//2040 1223//2040 1165//2040
f 5852//1060 4902//1060 5697//1060
f 3492//2039 5971//2039 3495//2039
f 969//2041 968//2041 1831//2041
f 1830//2041 1831//2041 968//2041
f 2293//2031 1257//2031 2292//2031
f 5970//627 5666//627 3495//627
f 1257//2042 2293//2042 1258//2042
f 2294//2042 1258//2042 2293//2042
f 5955//1072 5702//1072 4943//1072
f 4944//1072 4943//1072 5702//1072
f 5671//1276 3511//1276 5950//1276
f 907//1855 3045//1855 3048//1855
f 3043//1908 3042//1908 917//1908
f 1315//1054 1314//1054 1834//1054
f 3512//1573 3511//1573 5672//1573
f 918//763 3047//763 920//763
f 1315//1301 1834//1301 1317//1301
f 1833//1301 1317//1301 1834//1301
f 4952//1306 4962//1306 5707//1306
f 3531//2043 5726//2043 3534//2043
f 1833//673 1829//673 1317//673
f 1318//673 1317//673 1829//673
f 919//2044 3046//2044 917//2044
f 3043//2044 917//2044 3046//2044
f 1313//1043 1312//1043 2297//1043
f 2300//1043 2297//1043 1312//1043
f 3534//1764 5976//1764 5716//1764
f 4933//112 5796//112 5803//112
f 2297//2045 2291//2045 1313//2045
f 916//2046 3047//2046 918//2046
f 1312//1034 1812//1034 2300//1034
f 912//2047 3632//2047 4232//2047
f 5977//2048 4953//2048 5707//2048
f 4952//2048 5707//2048 4953//2048
f 1829//2049 2298//2049 1318//2049
f 1812//1989 1311//1989 1810//1989
f 3034//4 786//4 3031//4
f 1811//327 1300//327 1816//327
f 2294//2050 2316//2050 1258//2050
f 5675//2051 3506//2051 3505//2051
f 5705//1068 4965//1068 5800//1068
f 3035//43 866//43 3034//43
f 1271//211 2804//211 1270//211
f 5698//2052 3508//2052 3507//2052
f 789//43 907//43 3048//43
f 2586//808 2585//808 1320//808
f 5938//337 5673//337 3461//337
f 3041//1343 919//1343 921//1343
f 1324//653 1295//653 2399//653
f 2403//515 2586//515 1324//515
f 3498//1757 5748//1757 5701//1757
f 4990//1094 5028//1094 5804//1094
f 1281//2053 2397//2053 1282//2053
f 921//1905 920//1905 3041//1905
f 1323//2010 1321//2010 2395//2010
f 5978//2 5892//2 5547//2
f 909//1906 911//1906 3045//1906
f 2391//2054 1284//2054 1287//2054
f 909//197 3045//197 907//197
f 5978//1652 5547//1652 3664//1652
f 5805//1089 4988//1089 5804//1089
f 4232//2055 910//2055 914//2055
f 4232//2047 914//2047 912//2047
f 2410//2056 1357//2056 1354//2056
f 2407//2057 1649//2057 2409//2057
f 2412//585 1354//585 1352//585
f 4584//2058 1147//2058 4586//2058
f 2356//1993 2357//1993 1121//1993
f 1167//598 4588//598 4586//598
f 4971//1088 4973//1088 5695//1088
f 1339//2059 2417//2059 1345//2059
f 2413//1628 2412//1628 1351//1628
f 2412//1628 1352//1628 1351//1628
f 4975//225 5979//225 4976//225
f 1358//350 1357//350 2409//350
f 1113//1179 1117//1179 2342//1179
f 1271//1175 2589//1175 2804//1175
f 1101//4 1103//4 4550//4
f 2805//211 1270//211 2804//211
f 5810//1450 4956//1450 4950//1450
f 5980//1553 2360//1553 2354//1553
f 1323//2060 2395//2060 2400//2060
f 2362//2061 1114//2061 2365//2061
f 4597//4 4595//4 5335//4
f 1320//515 1324//515 2586//515
f 2371//2062 2366//2062 1119//2062
f 5981//387 5982//387 4974//387
f 2396//2053 1282//2053 2397//2053
f 2392//2063 1287//2063 2396//2063
f 1282//2063 2396//2063 1287//2063
f 1116//2064 1114//2064 2364//2064
f 2394//84 2395//84 1321//84
f 2366//984 2368//984 1119//984
f 5793//2 5974//2 5937//2
f 5688//2 5973//2 5972//2
f 5695//2 5694//2 5973//2
f 5944//2 5937//2 5695//2
f 5635//2 5956//2 5983//2
f 5975//2 5687//2 5979//2
f 5979//2 5984//2 5975//2
f 5956//2 5679//2 5700//2
f 2371//2065 1118//2065 2373//2065
f 1287//2054 2392//2054 2391//2054
f 2394//1328 1321//1328 2391//1328
f 4594//1886 5336//1886 4595//1886
f 2806//295 1268//295 2805//295
f 1270//295 2805//295 1268//295
f 2372//2012 2351//2012 41//2012
f 1268//454 13//454 1327//454
f 1341//2066 2418//2066 1339//2066
f 2416//2066 1339//2066 2418//2066
f 4539//2067 883//2067 4534//2067
f 1334//1355 1649//1355 2408//1355
f 4478//909 4534//909 1050//909
f 4978//1296 5793//1296 5983//1296
f 5865//552 1335//552 2420//552
f 5554//2 5555//2 5583//2
f 5567//2 5583//2 5555//2
f 5555//2 5605//2 5567//2
f 5617//2 5554//2 5583//2
f 2411//2056 2410//2056 1354//2056
f 1358//2057 2409//2057 1649//2057
f 2411//585 1354//585 2412//585
f 21//800 2418//800 1329//800
f 1341//800 1329//800 2418//800
f 4491//2000 886//2000 4488//2000
f 1327//2068 2419//2068 1329//2068
f 21//2068 1329//2068 2419//2068
f 2413//1995 1351//1995 2414//1995
f 1348//1995 2414//1995 1351//1995
f 5888//1948 3836//1948 5616//1948
f 4538//2069 794//2069 793//2069
f 1348//1982 2415//1982 2414//1982
f 2415//2059 1345//2059 2417//2059
f 3818//833 5552//833 3835//833
f 1047//732 4565//732 1048//732
f 2806//2070 13//2070 1268//2070
f 5892//15 5613//15 5612//15
f 5890//2 5985//2 5612//2
f 5892//2 5612//2 5985//2
f 5892//2 5985//2 5418//2
f 5418//2 5547//2 5892//2
f 5892//2 5978//2 5550//2
f 5888//2 5616//2 5537//2
f 5616//2 5552//2 5712//2
f 5605//2 5892//2 5567//2
f 5986//2 5567//2 5892//2
f 5714//2 5986//2 5892//2
f 5715//2 5714//2 5892//2
f 5895//2 5715//2 5892//2
f 5550//2 5895//2 5892//2
f 3823//1692 5617//1692 5987//1692
f 3823//331 5987//331 5551//331
f 2596//604 1382//604 1381//604
f 4478//1136 1052//1136 4515//1136
f 5985//1944 5890//1944 3662//1944
f 881//420 880//420 4481//420
f 884//373 881//373 4486//373
f 5605//2071 3650//2071 5892//2071
f 3650//1945 3654//1945 5892//1945
f 884//1961 4486//1961 885//1961
f 904//4 3031//4 786//4
f 5564//2072 1401//2072 1400//2072
f 4565//2073 4566//2073 1049//2073
f 3017//595 5988//595 3296//595
f 2596//349 1381//349 1374//349
f 2726//908 4013//908 2928//908
f 3664//1656 5550//1656 5978//1656
f 5989//2074 5990//2074 2922//2074
f 5418//1535 5985//1535 3662//1535
f 5991//2075 5992//2075 2917//2075
f 4545//789 4531//789 1089//789
f 2920//1017 5993//1017 2922//1017
f 5820//13 2999//13 2997//13
f 1080//515 4524//515 1079//515
f 2793//1457 1379//1457 1380//1457
f 2970//2076 5731//2076 2971//2076
f 1179//1597 4553//1597 4551//1597
f 1407//2077 1404//2077 2587//2077
f 5994//524 2995//524 3002//524
f 1075//395 4551//395 1088//395
f 1399//2006 586//2006 2811//2006
f 1395//2078 1394//2078 2809//2078
f 1057//2079 1093//2079 4502//2079
f 2808//2080 1397//2080 2809//2080
f 1395//2080 2809//2080 1397//2080
f 1048//2081 4565//2081 1049//2081
f 1051//2073 1049//2073 4566//2073
f 1094//2082 1092//2082 4569//2082
f 2808//287 1414//287 1397//287
f 1053//1162 1057//1162 4515//1162
f 1078//2083 1077//2083 4575//2083
f 1077//2084 1094//2084 4568//2084
f 1800//2085 1371//2085 1801//2085
f 1373//2085 1801//2085 1371//2085
f 1095//320 4583//320 4582//320
f 1807//1598 1316//1598 1800//1598
f 1371//1598 1800//1598 1316//1598
f 1316//1586 1807//1586 1808//1586
f 2401//1816 1814//1816 1378//1816
f 882//2067 4534//2067 883//2067
f 2606//2086 1387//2086 1386//2086
f 1053//2087 4515//2087 1052//2087
f 3925//1957 3938//1957 5900//1957
f 4491//1027 793//1027 886//1027
f 2756//350 1388//350 1387//350
f 5564//2088 1400//2088 2793//2088
f 1379//2088 2793//2088 1400//2088
f 3005//206 5995//206 5827//206
f 1045//625 1044//625 4500//625
f 3932//378 5996//378 5537//378
f 1046//2089 1091//2089 4543//2089
f 4542//2089 4543//2089 1091//2089
f 1091//2090 1090//2090 4542//2090
f 1374//349 1832//349 2596//349
f 1046//2091 4543//2091 1044//2091
f 3008//639 5827//639 3010//639
f 3011//458 5822//458 3013//458
f 1318//506 2298//506 1374//506
f 3013//2092 5997//2092 3017//2092
f 1382//604 2596//604 2616//604
f 5630//2 5998//2 5724//2
f 2404//2 1940//2 5578//2
f 1940//2 1939//2 5578//2
f 5578//2 1939//2 5908//2
f 5632//2 5908//2 1939//2
f 1383//1376 1382//1376 2605//1376
f 2616//1376 2605//1376 1382//1376
f 2605//552 1385//552 1383//552
f 4539//1959 4482//1959 883//1959
f 1388//2093 2756//2093 1372//2093
f 2780//2093 1372//2093 2756//2093
f 5824//1139 2993//1139 5819//1139
f 1372//554 2770//554 1384//554
f 5907//2 5908//2 5631//2
f 5631//2 5630//2 5907//2
f 5724//2 5907//2 5630//2
f 2606//555 1386//555 1385//555
f 2780//2094 2770//2094 1372//2094
f 5983//1756 5700//1756 4978//1756
f 4481//373 4486//373 881//373
f 1384//1045 2769//1045 1380//1045
f 2792//1045 1380//1045 2769//1045
f 5564//2072 2853//2072 1401//2072
f 2792//1457 2793//1457 1380//1457
f 2853//2095 2829//2095 1401//2095
f 3001//1844 5821//1844 5797//1844
f 887//2096 794//2096 4538//2096
f 4500//1958 1047//1958 1045//1958
f 1407//223 2588//223 2393//223
f 1407//2077 2587//2077 2588//2077
f 1677//1612 588//1612 587//1612
f 5705//2 5800//2 5801//2
f 5801//2 5999//2 5705//2
f 6000//2 5705//2 5999//2
f 5999//2 5803//2 6000//2
f 5803//2 5796//2 6000//2
f 6001//2 6000//2 5796//2
f 5972//2 5979//2 5687//2
f 5796//2 5795//2 6001//2
f 5983//2 5793//2 5635//2
f 5800//2 5805//2 5801//2
f 5706//2 5801//2 5805//2
f 5707//2 5706//2 5805//2
f 5805//2 5804//2 5707//2
f 5977//2 5707//2 5804//2
f 6002//2 5977//2 5804//2
f 6002//2 5804//2 6003//2
f 6002//2 6003//2 6004//2
f 4497//625 4500//625 1044//625
f 4959//1090 5705//1090 6000//1090
f 1394//2078 2810//2078 2809//2078
f 6000//1091 6001//1091 4959//1091
f 4531//2090 4542//2090 1090//2090
f 4950//1091 4959//1091 6001//1091
f 4497//2091 1044//2091 4543//2091
f 2401//1276 1378//1276 2393//1276
f 4494//1963 1089//1963 888//1963
f 1414//2097 2807//2097 2587//2097
f 1404//2098 1414//2098 2587//2098
f 4538//2099 4494//2099 887//2099
f 888//2099 887//2099 4494//2099
f 4013//2 3296//2 4014//2
f 5993//2 6005//2 3296//2
f 1378//516 1814//516 1373//516
f 6006//2 5822//2 5991//2
f 5997//2 5989//2 5988//2
f 5988//2 5989//2 3296//2
f 1377//4 1376//4 2831//4
f 1377//295 2831//295 1405//295
f 2835//295 1405//295 2831//295
f 3527//2100 5751//2100 3524//2100
f 5804//1094 5028//1094 6003//1094
f 1402//2024 1406//2024 2838//2024
f 2835//421 2837//421 1405//421
f 5752//645 3490//645 5746//645
f 1403//301 1402//301 2843//301
f 4964//1067 4988//1067 5800//1067
f 1401//583 2829//583 1376//583
f 128//379 959//379 110//379
f 6005//2 5812//2 3296//2
f 128//1280 5063//1280 959//1280
f 3529//1050 6007//1050 5704//1050
f 2921//2101 6005//2101 5993//2101
f 2921//2101 5993//2101 2920//2101
f 3533//1774 6008//1774 5725//1774
f 4014//2 3296//2 5812//2
f 2925//1848 2928//1848 5812//1848
f 5812//2102 6005//2102 2921//2102
f 5812//2102 2921//2102 2925//2102
f 5989//174 5997//174 5990//174
f 5997//2 6006//2 5991//2
f 2917//2103 2922//2103 5990//2103
f 5991//2103 2917//2103 5990//2103
f 5990//2 5997//2 5991//2
f 5993//2 3296//2 5989//2
f 5993//1017 5989//1017 2922//1017
f 5999//2104 5801//2104 4969//2104
f 5820//2 5652//2 5731//2
f 6009//2 5992//2 5820//2
f 5730//2 6009//2 5820//2
f 5731//2 5730//2 5820//2
f 5816//2 6010//2 5652//2
f 2997//13 5652//13 5820//13
f 3537//2105 3548//2105 6011//2105
f 3552//2106 3554//2106 6012//2106
f 2997//53 3031//53 5652//53
f 5999//1316 4969//1316 5803//1316
f 2970//2060 2959//2060 5731//2060
f 6012//2107 5741//2107 3552//2107
f 6013//2105 6011//2105 3548//2105
f 5730//2108 2959//2108 2958//2108
f 2958//2108 6009//2108 5730//2108
f 5668//2 5816//2 5652//2
f 5795//2 5947//2 5810//2
f 5709//2 5810//2 5690//2
f 5947//2 5690//2 5810//2
f 5984//2 5709//2 5690//2
f 5690//2 5975//2 5984//2
f 6014//2 5795//2 5810//2
f 6001//2 5795//2 6014//2
f 5700//2 5983//2 5956//2
f 3537//1827 6015//1827 5762//1827
f 2965//1851 2969//1851 5668//1851
f 6010//2076 2971//2076 5731//2076
f 5974//1088 4971//1088 5695//1088
f 6010//2 5731//2 5652//2
f 6010//1854 5816//1854 2971//1854
f 5992//2 5991//2 5820//2
f 3533//1795 3542//1795 5740//1795
f 6009//1408 2958//1408 5992//1408
f 2917//1408 5992//1408 2958//1408
f 6014//1091 4950//1091 6001//1091
f 4976//225 5979//225 5972//225
f 5972//1066 5694//1066 4976//1066
f 4984//435 5709//435 5984//435
f 4975//1382 4984//1382 5979//1382
f 5984//1382 5979//1382 4984//1382
f 6016//2109 6013//2109 3547//2109
f 6014//1450 5810//1450 4950//1450
f 4531//789 1090//789 1089//789
f 5982//2 212//2 6017//2
f 6018//2 212//2 6019//2
f 4553//2011 1179//2011 1097//2011
f 4985//1733 5982//1733 4983//1733
f 6017//1733 4983//1733 5982//1733
f 4549//1837 4555//1837 1098//1837
f 4549//948 1098//948 4547//948
f 1100//948 4547//948 1098//948
f 6017//2 212//2 6020//2
f 5727//2110 3917//2110 5711//2110
f 6017//2009 6020//2009 4983//2009
f 4957//2009 4983//2009 6020//2009
f 5632//2 5631//2 5908//2
f 4502//757 1093//757 4528//757
f 1079//757 4528//757 1093//757
f 6021//2 212//2 6018//2
f 6018//1741 4949//1741 4948//1741
f 4948//1741 6021//1741 6018//1741
f 4547//1515 1100//1515 1101//1515
f 5981//2 212//2 5982//2
f 1084//1597 1179//1597 4551//1597
f 4985//387 4974//387 5982//387
f 1088//2111 4520//2111 1072//2111
f 1084//395 4551//395 1075//395
f 6020//2 212//2 6021//2
f 1939//701 1941//701 5632//701
f 6020//1739 6021//1739 4957//1739
f 5901//2 5711//2 5998//2
f 5710//2 5724//2 5998//2
f 4948//1739 4957//1739 6021//1739
f 6015//2112 3537//2112 6011//2112
f 5813//2 5863//2 212//2
f 5864//2 212//2 5863//2
f 6022//2 5813//2 212//2
f 5864//2 5346//2 212//2
f 5600//2 97//2 5601//2
f 5630//320 3923//320 5998//320
f 3554//2106 6023//2106 6012//2106
f 5813//1454 6022//1454 4906//1454
f 6022//2 212//2 242//2
f 3556//2113 3552//2113 5741//2113
f 5727//2 5711//2 5901//2
f 5727//2 5900//2 5722//2
f 5900//2 5727//2 5901//2
f 5720//2 5722//2 5900//2
f 5721//2 5723//2 5720//2
f 4901//1455 4906//1455 242//1455
f 6022//1455 242//1455 4906//1455
f 241//2 212//2 6024//2
f 4946//2008 241//2008 4938//2008
f 6024//2008 4938//2008 241//2008
f 6024//2 212//2 240//2
f 5722//1773 3919//1773 5727//1773
f 4938//2023 240//2023 4939//2023
f 6024//2023 240//2023 4938//2023
f 5722//2 5720//2 5723//2
f 240//2021 4979//2021 4939//2021
f 5723//43 5721//43 3921//43
f 240//2021 239//2021 4979//2021
f 239//2 212//2 6025//2
f 3921//1769 3919//1769 5723//1769
f 5676//2 5675//2 5716//2
f 5675//2 6026//2 5716//2
f 6026//2 6027//2 5716//2
f 5976//2 5676//2 5716//2
f 5726//2 5676//2 5976//2
f 5717//2 5716//2 6027//2
f 6027//2 5718//2 5717//2
f 5718//2 5677//2 5717//2
f 6028//2 5717//2 5677//2
f 5677//2 5678//2 6028//2
f 5698//2 6028//2 5678//2
f 5678//2 5673//2 5698//2
f 5699//2 5698//2 5673//2
f 4991//1736 4979//1736 6025//1736
f 239//1736 6025//1736 4979//1736
f 6025//2 212//2 5815//2
f 5710//2 5998//2 5711//2
f 4991//1737 6025//1737 5815//1737
f 3917//2110 3916//2110 5711//2110
f 5815//2 212//2 5981//2
f 4974//1732 5815//1732 5981//1732
f 5998//686 3923//686 5901//686
f 4817//1831 5864//1831 4898//1831
f 3923//686 3925//686 5901//686
f 5813//1831 4898//1831 5863//1831
f 242//1852 241//1852 4946//1852
f 5553//2 5888//2 5537//2
f 5537//2 5996//2 5553//2
f 5586//2 5553//2 5996//2
f 5996//2 5939//2 5586//2
f 5917//2 5586//2 5939//2
f 5939//2 5733//2 5917//2
f 5916//2 5917//2 5733//2
f 5733//2 5734//2 5916//2
f 5918//2 5916//2 5734//2
f 5734//2 5732//2 5918//2
f 5588//2 5918//2 5732//2
f 5538//2 5537//2 5616//2
f 399//124 408//124 653//124
f 3504//1799 5718//1799 6027//1799
f 3504//246 6027//246 3505//246
f 3505//246 6027//246 6026//246
f 5675//2051 3505//2051 6026//2051
f 5895//845 3914//845 5715//845
f 5471//1755 3509//1755 5699//1755
f 3920//996 5567//996 5986//996
f 3507//1768 5717//1768 6028//1768
f 3932//2002 4078//2002 5939//2002
f 6028//2052 5698//2052 3507//2052
f 6029//2114 5583//2114 3935//2114
f 6030//2115 4961//2115 4954//2115
f 4960//2116 4961//2116 6030//2116
f 6029//118 3935//118 5903//118
f 5713//2 6031//2 6032//2
f 6032//2 5751//2 5713//2
f 5751//2 5750//2 5713//2
f 5740//2 5713//2 5750//2
f 6033//2 5740//2 5750//2
f 5701//2 6008//2 6033//2
f 5748//2 5725//2 5701//2
f 6034//2 5725//2 5748//2
f 5752//2 5726//2 6034//2
f 5676//2 5726//2 5746//2
f 5746//2 5726//2 5752//2
f 6035//2 6032//2 6031//2
f 6034//1039 5748//1039 3491//1039
f 5683//2117 5960//2117 4922//2117
f 5714//1968 3920//1968 5986//1968
f 6023//2118 3554//2118 5737//2118
f 5552//2 5551//2 5903//2
f 5551//2 5987//2 5903//2
f 5903//2 5712//2 5552//2
f 6029//2 5903//2 5987//2
f 5583//2 6029//2 5617//2
f 5987//2 5617//2 6029//2
f 3832//428 5915//428 6036//428
f 5917//1673 4071//1673 5586//1673
f 1051//2082 4566//2082 1092//2082
f 4954//2115 292//2115 6030//2115
f 4502//1162 4515//1162 1057//1162
f 5957//2119 5005//2119 5004//2119
f 4575//1996 1076//1996 1078//1996
f 5005//2120 5957//2120 5000//2120
f 4568//2083 4575//2083 1077//2083
f 4566//2082 4569//2082 1092//2082
f 5959//1053 6037//1053 5001//1053
f 4569//2084 4568//2084 1094//2084
f 4578//680 4583//680 1074//680
f 1076//1998 4579//1998 1074//1998
f 5001//761 4922//761 5960//761
f 6038//2121 5995//2121 3006//2121
f 1099//1999 1096//1999 4582//1999
f 5811//1090 3007//1090 5799//1090
f 4582//320 1096//320 1095//320
f 4496//1738 5660//1738 4499//1738
f 3013//458 5822//458 6006//458
f 4541//2122 4499//2122 1125//2122
f 5341//2122 1125//2122 4499//2122
f 6006//2092 5997//2092 3013//2092
f 4567//2123 4541//2123 1126//2123
f 1125//2123 1126//2123 4541//2123
f 4929//1303 4960//1303 5967//1303
f 6039//1303 5967//1303 4960//1303
f 1126//215 1139//215 4567//215
f 4570//350 1135//350 1137//350
f 4570//350 1137//350 4574//350
f 4960//2116 6030//2116 6039//2116
f 1138//216 1142//216 4580//216
f 5819//2 6040//2 5809//2
f 6040//2 5802//2 5809//2
f 5802//2 6041//2 5809//2
f 6041//2 5994//2 5809//2
f 5994//2 5798//2 5809//2
f 5798//2 5797//2 5809//2
f 5797//2 5821//2 5809//2
f 5821//2 5817//2 5809//2
f 5817//2 5814//2 5809//2
f 5820//2 5991//2 5809//2
f 5822//2 5809//2 5991//2
f 1141//217 4585//217 1142//217
f 1167//2058 4586//2058 1147//2058
f 1139//218 1135//218 4570//218
f 2995//524 5994//524 6041//524
f 1137//2124 1138//2124 4574//2124
f 4580//2124 4574//2124 1138//2124
f 5802//547 2995//547 6041//547
f 3527//1803 3528//1803 5751//1803
f 3491//1804 5752//1804 6034//1804
f 5994//2125 3002//2125 5798//2125
f 1043//2126 2094//2126 2098//2126
f 6033//1758 3477//1758 5701//1758
f 2994//1390 2993//1390 5825//1390
f 3477//1805 6033//1805 5750//1805
f 5825//1090 5799//1090 2994//1090
f 6032//2100 3524//2100 5751//2100
f 6035//1828 3525//1828 6032//1828
f 3524//1828 6032//1828 3525//1828
f 2989//763 5802//763 6040//763
f 6040//1857 5819//1857 2989//1857
f 3525//1806 6035//1806 5736//1806
f 3001//2127 2996//2127 5821//2127
f 620//2 5703//2 5704//2
f 6007//2 6042//2 620//2
f 6042//2 548//2 620//2
f 5704//2 6007//2 620//2
f 5814//2 5820//2 5809//2
f 343//1759 759//1759 620//1759
f 3529//2128 3553//2128 6042//2128
f 6007//2128 3529//2128 6042//2128
f 6038//2 5811//2 5827//2
f 5811//2 5799//2 5827//2
f 5809//2 5827//2 5799//2
f 5995//2 6038//2 5827//2
f 5799//2 5825//2 5809//2
f 5824//2 5819//2 5825//2
f 5809//2 5825//2 5819//2
f 5976//2043 3534//2043 5726//2043
f 3006//2129 5811//2129 6038//2129
f 3005//2121 3006//2121 5995//2121
f 3832//1785 6036//1785 5729//1785
f 3547//1823 5759//1823 6016//1823
f 3548//2130 3547//2130 6013//2130
f 2380//1598 309//1598 2381//1598
f 3554//1791 3530//1791 5737//1791
f 3828//919 4069//919 5918//919
f 6043//2 5942//2 5588//2
f 5915//2 5588//2 5942//2
f 5942//2 5921//2 5915//2
f 5921//2 5922//2 6036//2
f 5940//2 5729//2 5922//2
f 5729//2 6036//2 5922//2
f 5593//2 738//2 5940//2
f 6044//2 738//2 5593//2
f 6045//2 738//2 6044//2
f 6036//2 5915//2 5921//2
f 5712//2 5538//2 5616//2
f 5732//2 6043//2 5588//2
f 6031//124 3540//124 5756//124
f 6031//1763 5713//1763 3540//1763
f 6044//2131 4105//2131 6045//2131
f 4115//2131 6045//2131 4105//2131
f 6008//2 5701//2 5725//2
f 5740//2 6033//2 6008//2
f 5759//2 5765//2 6031//2
f 5725//2 6034//2 5726//2
f 6008//1795 3533//1795 5740//1795
f 5988//2092 3017//2092 5997//2092
f 4081//1973 5922//1973 4080//1973
f 5765//2 6046//2 6031//2
f 6046//2 6047//2 6031//2
f 6047//2 5741//2 6031//2
f 5741//2 6012//2 6031//2
f 6012//2 6023//2 6031//2
f 6023//2 5737//2 6031//2
f 5737//2 5736//2 6031//2
f 5736//2 6035//2 6031//2
f 6016//2 5759//2 6031//2
f 2538//2132 626//2132 631//2132
f 3557//1796 5741//1796 6047//1796
f 981//2 1945//2 903//2
f 6047//2133 6046//2133 3557//2133
f 3608//2133 3557//2133 6046//2133
f 779//1913 3015//1913 782//1913
f 2720//4 3305//4 2721//4
f 4584//2134 4585//2134 1147//2134
f 1141//2134 1147//2134 4585//2134
f 1167//598 1546//598 4588//598
f 4588//2135 1460//2135 1547//2135
f 1546//2135 1460//2135 4588//2135
f 2335//1599 395//1599 304//1599
f 1475//43 4596//43 187//43
f 4257//13 2797//13 4251//13
f 1171//2136 1170//2136 4548//2136
f 4554//2136 4548//2136 1170//2136
f 1171//222 4548//222 1176//222
f 304//2137 390//2137 2335//2137
f 1099//1953 4587//1953 1102//1953
f 5765//1819 3608//1819 6046//1819
f 4589//4 4550//4 1103//4
f 4589//245 1103//245 1176//245
f 398//112 397//112 2339//112
f 1169//1901 1168//1901 4552//1901
f 1170//2138 1169//2138 4554//2138
f 2384//1417 2385//1417 641//1417
f 4780//43 4597//43 5337//43
f 1469//246 4594//246 1468//246
f 6013//2 6016//2 6031//2
f 6011//2 6013//2 6031//2
f 6031//2 5756//2 6011//2
f 5756//2 5762//2 6011//2
f 6015//2 6011//2 5762//2
f 1174//248 1476//248 4593//248
f 1476//1956 1173//1956 1180//1956
f 4251//43 187//43 4596//43
f 4593//13 4596//13 1174//13
f 1475//13 1174//13 4596//13
f 604//379 607//379 2539//379
f 609//2139 605//2139 2541//2139
f 3541//1817 5762//1817 3619//1817
f 1459//2140 1464//2140 1548//2140
f 1459//2140 1548//2140 1547//2140
f 1464//260 1463//260 1548//260
f 4594//1886 1469//1886 5336//1886
f 4105//1677 6044//1677 5593//1677
f 6048//2 5808//2 980//2
f 5807//2 980//2 5808//2
f 5420//2 5558//2 980//2
f 5432//2 5420//2 980//2
f 626//2141 2538//2141 2378//2141
f 4516//2142 5808//2142 4517//2142
f 5996//2002 3932//2002 5939//2002
f 6048//2 980//2 6049//2
f 6050//2 6049//2 980//2
f 598//116 595//116 631//116
f 4517//2143 6048//2143 4479//2143
f 6049//2143 4479//2143 6048//2143
f 4077//1678 5593//1678 5940//1678
f 6051//2144 4477//2144 6050//2144
f 4081//2003 4077//2003 5922//2003
f 4079//2004 4080//2004 5942//2004
f 399//2145 653//2145 643//2145
f 5650//2146 4484//2146 4537//2146
f 6049//411 6050//411 4479//411
f 4483//1476 4484//1476 5655//1476
f 5654//1906 4487//1906 4485//1906
f 5021//2147 5019//2147 6052//2147
f 6053//2148 4489//2148 4487//2148
f 5732//702 4082//702 6043//702
f 4079//702 6043//702 4082//702
f 5942//702 6043//702 4079//702
f 2546//2149 1064//2149 2096//2149
f 6054//2150 5753//2150 3758//2150
f 4498//1285 6055//1285 4496//1285
f 3758//1790 5735//1790 6054//1790
f 5648//2151 4544//2151 4530//2151
f 980//2 97//2 6056//2
f 5649//2 6057//2 97//2
f 6057//2 6056//2 97//2
f 1064//2152 2097//2152 2096//2152
f 3785//1681 6058//1681 3786//1681
f 6056//2 6059//2 980//2
f 6053//2 980//2 6059//2
f 6060//2 980//2 6053//2
f 5654//2 980//2 6060//2
f 5649//1735 4493//1735 6057//1735
f 980//2 5650//2 5651//2
f 980//2 5651//2 6061//2
f 6061//2 6051//2 980//2
f 579//2153 578//2153 675//2153
f 5650//2 980//2 6062//2
f 4484//2146 5650//2146 6062//2146
f 4093//225 4094//225 5761//225
f 4088//550 4086//550 685//550
f 4097//223 5747//223 4091//223
f 1058//2149 1064//2149 2546//2149
f 6063//290 6064//290 4087//290
f 1035//2154 1059//2154 2549//2154
f 1043//2155 2095//2155 2094//2155
f 5764//1125 4092//1125 5761//1125
f 1065//2152 2097//2152 1064//2152
f 5318//382 5241//382 2109//382
f 6054//2 5786//2 5753//2
f 5786//2 6065//2 5744//2
f 697//2156 2555//2156 1037//2156
f 3747//2150 3758//2150 5753//2150
f 5753//2 5786//2 5742//2
f 2765//1420 1067//1420 2601//1420
f 980//2 6051//2 6050//2
f 308//13 2383//13 2381//13
f 5742//2 5786//2 6066//2
f 4479//411 6050//411 4477//411
f 305//320 2375//320 2383//320
f 3753//717 5742//717 6066//717
f 4699//2 4695//2 4696//2
f 6061//2157 4535//2157 6051//2157
f 312//2158 2376//2158 621//2158
f 4477//2157 6051//2157 4535//2157
f 2376//1135 312//1135 2377//1135
f 311//1135 2377//1135 312//1135
f 6054//2 5735//2 5786//2
f 6061//1282 5651//1282 4535//1282
f 311//2159 309//2159 2377//2159
f 6062//2 980//2 5655//2
f 6067//2160 3383//2160 3382//2160
f 5743//2 5744//2 6065//2
f 395//1599 303//1599 304//1599
f 4484//1476 6062//1476 5655//1476
f 5655//2 980//2 5654//2
f 4483//190 5655//190 4485//190
f 6066//2 5786//2 5744//2
f 3753//599 6066//599 5744//599
f 6060//1906 4487//1906 5654//1906
f 2385//112 2339//112 397//112
f 6065//13 5786//13 3833//13
f 6060//2148 6053//2148 4487//2148
f 2534//1804 401//1804 2382//1804
f 6068//2 6065//2 6058//2
f 5749//2 6058//2 6065//2
f 5749//2 5764//2 6058//2
f 2534//2161 2384//2161 401//2161
f 4489//2162 6053//2162 4490//2162
f 6069//1681 3786//1681 6058//1681
f 6069//2 6058//2 5764//2
f 6059//2162 4490//2162 6053//2162
f 6069//2163 5754//2163 3786//2163
f 6059//1917 6056//1917 4492//1917
f 6059//1917 4492//1917 4490//1917
f 3198//2164 3197//2164 2099//2164
f 2536//2164 2099//2164 3197//2164
f 6070//2 645//2 6071//2
f 675//2 6071//2 645//2
f 5012//1320 5011//1320 6072//1320
f 2540//379 2539//379 607//379
f 3578//2165 6073//2165 3382//2165
f 4084//2166 6070//2166 4085//2166
f 2539//399 2541//399 605//399
f 6070//2166 6071//2166 4085//2166
f 5014//1305 5012//1305 6074//1305
f 6072//1305 6074//1305 5012//1305
f 5755//2 6065//2 6068//2
f 5755//2 6075//2 6065//2
f 607//2167 608//2167 2540//2167
f 5755//1808 6068//1808 3788//1808
f 2091//2168 608//2168 2099//2168
f 3197//271 3199//271 2536//271
f 6068//2169 6058//2169 3788//2169
f 3785//2169 3788//2169 6058//2169
f 6070//2 5754//2 645//2
f 6076//2170 5298//2170 3586//2170
f 6077//2171 6052//2171 5019//2171
f 4084//1810 5754//1810 6070//1810
f 6078//2172 5016//2172 5014//2172
f 2383//13 308//13 307//13
f 6071//981 675//981 4085//981
f 307//320 305//320 2383//320
f 5743//2 6065//2 5757//2
f 6075//2 5757//2 6065//2
f 2374//702 2375//702 305//702
f 2374//702 305//702 300//702
f 3780//1811 3778//1811 5757//1811
f 6079//2173 6080//2173 5026//2173
f 313//2158 312//2158 621//2158
f 6075//1811 3780//1811 5757//1811
f 5257//1587 6081//1587 3384//1587
f 2380//2159 2377//2159 309//2159
f 6075//1813 5755//1813 3780//1813
f 296//2174 5018//2174 5017//2174
f 300//2175 302//2175 2374//2175
f 396//2175 2374//2175 302//2175
f 5764//2 5761//2 6069//2
f 5761//2 5763//2 6069//2
f 5763//2 690//2 6069//2
f 5754//2 6069//2 690//2
f 645//2 5754//2 690//2
f 691//2 530//2 690//2
f 5747//2 687//2 691//2
f 688//2 687//2 5747//2
f 685//2 686//2 688//2
f 6064//2 503//2 685//2
f 6063//2 503//2 6064//2
f 684//174 503//174 6063//174
f 4953//2176 6002//2176 4967//2176
f 308//1598 2381//1598 309//1598
f 6063//2005 4087//2005 684//2005
f 4087//2177 535//2177 684//2177
f 4967//1587 6082//1587 5008//1587
f 4094//225 5763//225 5761//225
f 302//65 303//65 396//65
f 6083//2178 3587//2178 3589//2178
f 2382//2179 400//2179 403//2179
f 2382//2179 403//2179 2379//2179
f 685//550 4086//550 6064//550
f 5013//2165 6084//2165 5010//2165
f 642//1417 641//1417 2385//1417
f 2382//1804 401//1804 400//1804
f 6077//2180 5019//2180 5016//2180
f 2378//1776 2379//1776 622//1776
f 624//1776 2378//1776 622//1776
f 4086//290 4087//290 6064//290
f 335//2181 3563//2181 3561//2181
f 641//2161 401//2161 2384//2161
f 4090//1816 691//1816 690//1816
f 5021//2182 6052//2182 5023//2182
f 630//2183 595//2183 2535//2183
f 596//2183 2535//2183 595//2183
f 5025//524 5023//524 6085//524
f 688//2184 5747//2184 4096//2184
f 604//2139 2539//2139 605//2139
f 5022//2181 5024//2181 6086//2181
f 5022//1217 6086//1217 5017//1217
f 2091//2167 2540//2167 608//2167
f 690//1818 5763//1818 4090//1818
f 3198//2168 2099//2168 608//2168
f 2537//271 2536//271 3199//271
f 3381//2176 5268//2176 3384//2176
f 5015//2185 293//2185 5013//2185
f 621//114 2537//114 314//114
f 3199//114 314//114 2537//114
f 685//1802 688//1802 4096//1802
f 403//1776 622//1776 2379//1776
f 2378//2141 624//2141 626//2141
f 6087//1320 3581//1320 3580//1320
f 631//2132 626//2132 598//2132
f 4106//736 5749//736 6065//736
f 3584//2186 6081//2186 3579//2186
f 6065//13 3833//13 4106//13
f 706//119 594//119 2556//119
f 4987//1206 6088//1206 4989//1206
f 402//120 640//120 2564//120
f 6089//2187 5027//2187 4989//2187
f 3583//2185 333//2185 3578//2185
f 625//2188 2558//2188 635//2188
f 625//2188 635//2188 593//2188
f 6090//2165 6073//2165 3578//2165
f 625//2189 623//2189 2558//2189
f 2568//2189 2558//2189 623//2189
f 5729//2 5940//2 738//2
f 5770//2 738//2 6045//2
f 5770//2 736//2 738//2
f 6091//2 736//2 5770//2
f 737//2 736//2 6091//2
f 735//2 734//2 737//2
f 733//2 732//2 735//2
f 6092//2 731//2 733//2
f 6093//2 731//2 6092//2
f 6094//2 731//2 6093//2
f 6095//2 731//2 6094//2
f 5769//2 731//2 6095//2
f 5768//2 731//2 5769//2
f 739//2 731//2 5768//2
f 726//2 731//2 739//2
f 644//2145 643//2145 653//2145
f 5959//2190 5001//2190 5960//2190
f 402//622 2564//622 623//622
f 2568//622 623//622 2564//622
f 6076//524 3586//524 3560//524
f 4113//225 735//225 737//225
f 4114//1125 4113//1125 737//1125
f 4114//1125 737//1125 6091//1125
f 2548//2191 2547//2191 698//2191
f 4999//43 6096//43 4997//43
f 715//2192 2090//2192 701//2192
f 5770//966 4114//966 6091//966
f 5007//2193 6097//2193 5003//2193
f 596//434 703//434 2535//434
f 3562//2182 6098//2182 3560//2182
f 707//2194 702//2194 2090//2194
f 701//2194 2090//2194 702//2194
f 4118//1822 5769//1822 6095//1822
f 3580//1201 3579//1201 6087//1201
f 6099//1976 6097//1976 4995//1976
f 4109//2195 4118//2195 6095//2195
f 4109//2195 6095//2195 6094//2195
f 4997//4 5965//4 4998//4
f 288//53 289//53 4998//53
f 6093//2196 6092//2196 4107//2196
f 4110//2196 4107//2196 6092//2196
f 6100//2197 292//2197 4968//2197
f 4954//2197 4968//2197 292//2197
f 6101//2172 3574//2172 3582//2172
f 2546//2154 2549//2154 1059//2154
f 6084//2160 6102//2160 5010//2160
f 1054//446 1056//446 2113//446
f 4115//13 5770//13 6045//13
f 5641//2 5966//2 5965//2
f 6096//2 4600//2 5965//2
f 5318//2198 2109//2198 1056//2198
f 2116//2198 1056//2198 2109//2198
f 1065//442 2098//442 2097//442
f 1061//2199 1063//2199 2095//2199
f 894//4 4074//4 360//4
f 334//2200 333//2200 3575//2200
f 6096//2 6103//2 4600//2
f 5957//2 4600//2 6103//2
f 6104//2 4600//2 5958//2
f 6097//2 4600//2 6104//2
f 6099//2 4600//2 6097//2
f 6037//2 4600//2 6099//2
f 5959//2 4600//2 6037//2
f 5960//2 5683//2 4600//2
f 4109//2201 6094//2201 4107//2201
f 6094//2202 6093//2202 4107//2202
f 1054//204 2113//204 1063//204
f 4110//1824 6092//1824 733//1824
f 3563//1217 335//1217 3585//1217
f 1036//2203 2542//2203 699//2203
f 2548//2203 699//2203 2542//2203
f 1036//600 1035//600 2542//600
f 2549//600 2542//600 1035//600
f 5958//2119 5957//2119 5004//2119
f 5000//367 5957//367 6103//367
f 3342//331 105//331 3538//331
f 699//2191 2548//2191 698//2191
f 5000//2204 6096//2204 4999//2204
f 337//2173 3561//2173 3587//2173
f 701//2192 694//2192 715//2192
f 6096//1295 5000//1295 6103//1295
f 2535//434 703//434 707//434
f 5100//2 6105//2 332//2
f 248//2 332//2 331//2
f 4996//1053 5001//1053 6037//1053
f 4996//1113 6037//1113 4995//1113
f 698//133 2547//133 711//133
f 6099//1113 4995//1113 6037//1113
f 694//137 695//137 715//137
f 5965//43 4997//43 6096//43
f 1043//2126 2098//2126 1041//2126
f 84//2205 3539//2205 3538//2205
f 6106//2160 3383//2160 6067//2160
f 5003//2193 6097//2193 6104//2193
f 6105//1303 5100//1303 3378//1303
f 1058//2154 2546//2154 1059//2154
f 6106//2197 331//2197 3383//2197
f 126//43 149//43 4134//43
f 6104//2206 5958//2206 5003//2206
f 5004//2207 5003//2207 5958//2207
f 1061//2155 2095//2155 1043//2155
f 330//2116 6107//2116 3380//2116
f 2116//446 2113//446 1056//446
f 115//379 4126//379 4125//379
f 288//4 4998//4 5965//4
f 5007//1976 4995//1976 6097//1976
f 1041//442 2098//442 1065//442
f 5265//1411 5268//1411 3381//1411
f 3584//2208 3384//2208 6081//2208
f 4727//53 4998//53 289//53
f 635//119 2556//119 594//119
f 5967//2 6039//2 288//2
f 5967//2 288//2 5965//2
f 693//205 1066//205 2553//205
f 2601//2156 1037//2156 2555//2156
f 3582//1305 3581//1305 6101//1305
f 697//2209 693//2209 2555//2209
f 2553//2209 2555//2209 693//2209
f 6102//2 247//2 6100//2
f 6100//2 247//2 292//2
f 706//207 2556//207 1066//207
f 86//2210 3546//2210 3539//2210
f 86//739 4124//739 3546//739
f 292//2 288//2 6030//2
f 6039//2 6030//2 288//2
f 3583//2200 3575//2200 333//2200
f 78//2211 4123//2211 98//2211
f 78//2212 82//2212 4123//2212
f 3585//2174 6108//2174 3575//2174
f 5011//1320 6109//1320 6072//1320
f 6082//1411 4967//1411 6002//1411
f 5977//2176 6002//2176 4953//2176
f 115//2213 4125//2213 4132//2213
f 4126//379 115//379 118//379
f 3562//2171 3564//2171 6098//2171
f 6110//2182 3560//2182 6098//2182
f 118//2214 119//2214 4126//2214
f 3579//1201 6111//1201 6087//1201
f 120//2215 4130//2215 4129//2215
f 4968//2160 5010//2160 6102//2160
f 148//129 120//129 4129//129
f 5023//524 6112//524 6085//524
f 6090//2185 3578//2185 333//2185
f 6085//2170 6004//2170 5025//2170
f 84//331 3538//331 105//331
f 5024//2173 5026//2173 6080//2173
f 77//2216 80//2216 82//2216
f 3539//2210 83//2210 86//2210
f 6083//1750 3589//1750 6113//1750
f 86//739 85//739 4124//739
f 1227//224 1158//224 1196//224
f 85//442 91//442 99//442
f 85//442 99//442 4124//442
f 5018//2200 295//2200 5015//2200
f 91//14 90//14 99//14
f 98//2211 90//2211 78//2211
f 3560//524 6110//524 6076//524
f 82//2212 78//2212 77//2212
f 3539//2217 84//2217 83//2217
f 4133//258 113//258 4132//258
f 116//258 4132//258 113//258
f 126//43 124//43 149//43
f 6109//1201 5011//1201 6114//1201
f 6067//2 248//2 6106//2
f 6073//2 248//2 6067//2
f 6115//2186 6114//2186 5008//2186
f 116//2213 115//2213 4132//2213
f 5013//2165 6116//2165 6084//2165
f 330//2 332//2 6107//2
f 6105//2 6107//2 332//2
f 124//92 122//92 149//92
f 3378//1303 6107//1303 6105//1303
f 4130//2215 120//2215 117//2215
f 6106//2 248//2 331//2
f 148//129 122//129 120//129
f 3369//2197 3383//2197 331//2197
f 4128//1468 114//1468 4133//1468
f 113//2218 4133//2218 114//2218
f 3369//2115 331//2115 3380//2115
f 330//2115 3380//2115 331//2115
f 4128//1729 4130//1729 114//1729
f 117//1729 114//1729 4130//1729
f 1153//1674 1154//1674 2565//1674
f 6086//2181 5024//2181 6117//2181
f 126//13 4134//13 79//13
f 4127//13 79//13 4134//13
f 3378//2116 3380//2116 6107//2116
f 1109//1462 2544//1462 1110//1462
f 262//2219 261//2219 3960//2219
f 2566//295 1154//295 2559//295
f 6018//2010 6019//2010 4949//2010
f 1157//638 1159//638 2559//638
f 5029//2178 6118//2178 5026//2178
f 6119//1841 1123//1841 2343//1841
f 4986//2220 6120//2220 4966//2220
f 6089//1206 4989//1206 6088//1206
f 2342//1179 1117//1179 2343//1179
f 4986//2221 4958//2221 6120//2221
f 2572//2007 2575//2007 1152//2007
f 1156//219 1166//219 1196//219
f 334//2222 3575//2222 6108//2222
f 6121//2223 2583//2223 2582//2223
f 1152//220 2575//220 1166//220
f 3588//2224 3586//2224 5298//2224
f 1108//2225 2577//2225 2574//2225
f 6121//2226 2582//2226 2581//2226
f 6122//2 6123//2 6098//2
f 6110//2 6098//2 6123//2
f 6101//2 5298//2 6123//2
f 6124//2 5298//2 6101//2
f 6087//2 5298//2 6124//2
f 6111//2 5298//2 6087//2
f 6081//2 5298//2 6111//2
f 5257//2 5298//2 6081//2
f 5258//2 5298//2 5257//2
f 5298//2 6076//2 6123//2
f 3564//2171 6122//2171 6098//2171
f 6003//2224 5028//2224 6004//2224
f 1183//2227 2554//2227 2552//2227
f 296//1217 5017//1217 6086//1217
f 1193//1581 1194//1581 2599//1581
f 3564//2180 3574//2180 6122//2180
f 6123//2180 6122//2180 3574//2180
f 6004//2 6074//2 6072//2
f 6004//2 6072//2 6109//2
f 6004//2 6109//2 6114//2
f 6004//2 6114//2 6115//2
f 6004//2 6115//2 6082//2
f 6004//2 6082//2 6002//2
f 1190//1379 2595//1379 1192//1379
f 6078//2228 5014//2228 6074//2228
f 3574//2172 6101//2172 6123//2172
f 1188//2229 1185//2229 2567//2229
f 1185//2230 2552//2230 2557//2230
f 6124//1320 3581//1320 6087//1320
f 1183//2231 2597//2231 2554//2231
f 6056//2232 4493//2232 4492//2232
f 3579//2186 6081//2186 6111//2186
f 4493//2232 6056//2232 6057//2232
f 2598//2233 1191//2233 2599//2233
f 3581//1305 6124//1305 6101//1305
f 5648//2 6125//2 97//2
f 5659//2 6055//2 97//2
f 5660//2 97//2 5341//2
f 2565//2234 2563//2234 1153//2234
f 1151//2234 1153//2234 2563//2234
f 5648//1734 6055//1734 4498//1734
f 248//2 6073//2 6090//2
f 248//2 6090//2 333//2
f 2566//1674 2565//1674 1154//1674
f 6055//2 5648//2 97//2
f 6126//212 1124//212 1123//212
f 5659//1285 4496//1285 6055//1285
f 2543//1462 1110//1462 2544//1462
f 5659//2 97//2 5660//2
f 1160//655 2569//655 1109//655
f 2544//655 1109//655 2569//655
f 6067//2165 3382//2165 6073//2165
f 2559//295 1154//295 1157//295
f 6108//2 248//2 334//2
f 5341//1738 4499//1738 5660//1738
f 5662//2 5649//2 97//2
f 6125//2 5662//2 97//2
f 1188//638 2567//638 1159//638
f 2567//638 2559//638 1159//638
f 4530//2235 4495//2235 5662//2235
f 5662//2235 6125//2235 4530//2235
f 1123//1841 6119//1841 6126//1841
f 6125//2151 5648//2151 4530//2151
f 6127//2 496//2 338//2
f 6113//2 6127//2 338//2
f 337//2 6083//2 338//2
f 1122//808 1124//808 1110//808
f 1110//808 2543//808 1122//808
f 2563//462 2562//462 1151//462
f 1150//462 1151//462 2562//462
f 2562//980 2569//980 1150//980
f 1160//980 1150//980 2569//980
f 6083//2 6113//2 338//2
f 3587//2178 6083//2178 337//2178
f 2572//2007 1152//2007 1149//2007
f 248//2 6108//2 6128//2
f 248//2 6128//2 335//2
f 2570//1016 2572//1016 1149//1016
f 2570//1016 1149//1016 1148//1016
f 6128//1217 3585//1217 335//1217
f 1148//2084 1108//2084 2570//2084
f 2574//2084 2570//2084 1108//2084
f 1107//2236 6129//2236 2577//2236
f 2578//2236 2577//2236 6129//2236
f 6108//2174 3585//2174 6128//2174
f 6110//2 6123//2 6076//2
f 2583//2223 6121//2223 6130//2223
f 6130//2237 6131//2237 2583//2237
f 5297//2224 3588//2224 5298//2224
f 1107//2225 2577//2225 1108//2225
f 2581//2238 2578//2238 6129//2238
f 2581//2238 6129//2238 6132//2238
f 336//2173 3561//2173 337//2173
f 2581//2226 6132//2226 6121//2226
f 1187//224 1158//224 1227//224
f 336//2181 335//2181 3561//2181
f 5557//2239 5840//2239 4503//2239
f 2930//1384 1195//1384 2724//1384
f 4552//2240 1168//2240 4526//2240
f 1184//2227 1183//2227 2552//2227
f 299//2241 4135//2241 4136//2241
f 1182//2242 1181//2242 2593//2242
f 2592//2242 2593//2242 1181//2242
f 1228//755 2592//755 1181//755
f 1228//755 1181//755 1186//755
f 3798//2243 318//2243 3799//2243
f 3799//2244 315//2244 4137//2244
f 2724//1379 1192//1379 2595//1379
f 516//43 3600//43 517//43
f 1186//229 1187//229 1228//229
f 1182//13 2593//13 1190//13
f 2595//13 1190//13 2593//13
f 2557//2229 2567//2229 1185//2229
f 1184//2230 2552//2230 1185//2230
f 6133//1839 4513//1839 5792//1839
f 1189//2231 2597//2231 1183//2231
f 6133//2245 5806//2245 4513//2245
f 1191//2246 2598//2246 1189//2246
f 2597//2246 1189//2246 2598//2246
f 1193//2233 2599//2233 1191//2233
f 2324//2049 6134//2049 2321//2049
f 5887//2049 2321//2049 6134//2049
f 6135//1296 162//1296 4529//1296
f 6127//2247 6113//2247 3590//2247
f 3590//1323 6113//1323 3589//1323
f 2324//2248 1870//2248 6134//2248
f 5557//223 4503//223 103//223
f 3400//2187 496//2187 3590//2187
f 101//2034 103//2034 4510//2034
f 4509//2034 4510//2034 103//2034
f 512//2249 3604//2249 3603//2249
f 5758//1873 4501//1873 5840//1873
f 2327//732 388//732 6136//732
f 5893//1193 2327//1193 6136//1193
f 512//1282 3606//1282 3604//1282
f 79//53 4127//53 264//53
f 4519//2250 138//2250 4522//2250
f 516//109 515//109 3600//109
f 4522//1877 143//1877 151//1877
f 264//858 3724//858 263//858
f 262//2237 3960//2237 3773//2237
f 3598//1834 515//1834 3602//1834
f 514//2251 3603//2251 3602//2251
f 142//1885 4476//1885 172//1885
f 274//2252 3773//2252 3769//2252
f 4219//1886 4466//1886 132//1886
f 482//2220 3593//2220 481//2220
f 3484//2220 481//2220 3593//2220
f 3592//442 3593//442 486//442
f 482//442 486//442 3593//442
f 4466//695 137//695 179//695
f 5664//2010 490//2010 3394//2010
f 3484//2221 494//2221 481//2221
f 489//2221 481//2221 494//2221
f 4225//969 4218//969 4217//969
f 486//1206 496//1206 3592//1206
f 3400//1206 3592//1206 496//1206
f 6127//2187 3590//2187 496//2187
f 513//2253 512//2253 3603//2253
f 5767//174 161//174 164//174
f 167//2 156//2 159//2
f 5582//2 5767//2 164//2
f 4136//2254 4147//2254 372//2254
f 5669//2255 3493//2255 5665//2255
f 3601//43 517//43 3600//43
f 162//2256 161//2256 4507//2256
f 3599//13 338//13 3601//13
f 101//1589 4510//1589 5582//1589
f 511//1282 3606//1282 512//1282
f 3605//2257 507//2257 3597//2257
f 509//2257 3597//2257 507//2257
f 3598//109 3600//109 515//109
f 4147//2258 394//2258 373//2258
f 514//1834 3602//1834 515//1834
f 1337//2259 1338//2259 1350//2259
f 513//2251 3603//2251 514//2251
f 517//13 3601//13 338//13
f 4511//1812 5758//1812 6137//1812
f 2331//1951 2328//1951 5894//1951
f 3605//1869 3607//1869 507//1869
f 510//1869 507//1869 3607//1869
f 4507//1296 4529//1296 162//1296
f 3607//2260 3606//2260 510//2260
f 511//2261 510//2261 3606//2261
f 5792//1847 4511//1847 6137//1847
f 3599//53 759//53 338//53
f 4529//224 4527//224 5766//224
f 520//98 415//98 559//98
f 617//2262 3609//2262 550//2262
f 617//2262 550//2262 549//2262
f 414//2263 3792//2263 559//2263
f 618//2264 3609//2264 617//2264
f 548//2128 6042//2128 3553//2128
f 2338//2265 2337//2265 404//2265
f 3553//94 546//94 548//94
f 429//115 551//115 430//115
f 404//2266 398//2266 2338//2266
f 131//2240 4526//2240 1168//2240
f 2330//1952 5897//1952 2329//1952
f 131//1874 133//1874 4526//1874
f 5897//2267 2330//2267 5836//2267
f 4519//1875 133//1875 138//1875
f 6138//2268 2336//2268 2533//2268
f 143//2250 4522//2250 138//2250
f 4137//2244 315//2244 317//2244
f 156//615 4525//615 151//615
f 317//2172 3887//2172 4137//2172
f 3889//2172 4137//2172 3887//2172
f 4525//1883 156//1883 167//1883
f 652//2269 406//2269 2545//2269
f 771//151 760//151 3549//151
f 5899//1094 2358//1094 2353//1094
f 6135//224 4529//224 5766//224
f 373//2270 372//2270 4147//2270
f 5899//1391 2545//1391 6139//1391
f 771//2271 3549//2271 772//2271
f 376//1656 4142//1656 352//1656
f 162//2 6135//2 163//2
f 5455//2 163//2 6135//2
f 103//2 102//2 5557//2
f 6135//2 5766//2 5455//2
f 5840//2 5557//2 980//2
f 5835//2272 2322//2272 6140//2272
f 352//2273 4141//2273 4151//2273
f 341//707 772//707 464//707
f 447//100 3612//100 574//100
f 5008//2208 6082//2208 6115//2208
f 3612//102 576//102 574//102
f 5009//1201 6114//1201 5011//1201
f 5009//2186 5008//2186 6114//2186
f 583//154 582//154 81//154
f 347//155 463//155 418//155
f 293//2 247//2 6116//2
f 6084//2 247//2 6102//2
f 6116//2 247//2 6084//2
f 413//2274 412//2274 3792//2274
f 359//2275 4153//2275 4138//2275
f 3614//791 447//791 431//791
f 3614//70 431//70 430//70
f 6100//2160 4968//2160 6102//2160
f 359//2276 357//2276 4153//2276
f 6004//2 6085//2 6112//2
f 6004//2 6112//2 6052//2
f 6004//2 6052//2 6077//2
f 6004//2 6077//2 6141//2
f 6004//2 6141//2 6078//2
f 6074//2 6004//2 6078//2
f 2331//1477 5894//1477 5859//1477
f 3724//53 264//53 4127//53
f 2334//983 6142//983 5882//983
f 3731//858 263//858 3724//858
f 6141//2180 6077//2180 5016//2180
f 3773//2237 265//2237 262//2237
f 405//2277 2337//2277 6138//2277
f 2336//2277 6138//2277 2337//2277
f 3800//2278 271//2278 3797//2278
f 270//2278 3797//2278 271//2278
f 405//2265 404//2265 2337//2265
f 270//2279 267//2279 3797//2279
f 3797//2280 267//2280 272//2280
f 266//58 273//58 272//58
f 3769//2264 275//2264 274//2264
f 275//2264 273//2264 274//2264
f 3773//2252 274//2252 265//2252
f 5016//2172 6078//2172 6141//2172
f 271//2281 3800//2281 4135//2281
f 5023//2182 6052//2182 6112//2182
f 299//2282 4136//2282 372//2282
f 5028//2224 5025//2224 6004//2224
f 6080//2 247//2 6117//2
f 355//68 356//68 4152//68
f 5835//2 6140//2 42//2
f 6140//2 5858//2 42//2
f 5858//2 5887//2 42//2
f 5887//2 6134//2 42//2
f 6117//2 247//2 6086//2
f 6086//2 247//2 296//2
f 5456//2 5455//2 5766//2
f 5835//2 42//2 5836//2
f 3792//2263 414//2263 413//2263
f 6134//2 6143//2 42//2
f 6143//2 5879//2 42//2
f 296//2174 295//2174 5018//2174
f 5792//2 980//2 6133//2
f 6133//2 980//2 5806//2
f 355//2283 4152//2283 4155//2283
f 294//2200 5015//2200 295//2200
f 5806//2 980//2 5807//2
f 4135//2241 299//2241 297//2241
f 4514//2245 4513//2245 5806//2245
f 297//996 271//996 4135//996
f 6140//274 2322//274 5858//274
f 6116//2185 5013//2185 293//2185
f 294//2284 293//2284 5015//2284
f 315//2243 3799//2243 318//2243
f 5879//2 1289//2 42//2
f 6118//2 6144//2 247//2
f 6145//2 212//2 6120//2
f 6019//2 212//2 6145//2
f 1870//1949 5879//1949 6143//1949
f 351//233 4145//233 374//233
f 4144//233 374//233 4145//233
f 4958//2010 4949//2010 6019//2010
f 6145//2010 4958//2010 6019//2010
f 6089//2 247//2 6144//2
f 6089//2 6088//2 247//2
f 6118//2 247//2 6079//2
f 6048//2285 4517//2285 5808//2285
f 6143//2286 6134//2286 1870//2286
f 4141//1656 352//1656 4142//1656
f 6079//2178 5026//2178 6118//2178
f 166//15 5456//15 5766//15
f 1289//2 2648//2 42//2
f 351//891 384//891 4145//891
f 4146//891 4145//891 384//891
f 6080//2 6079//2 247//2
f 352//2273 4151//2273 353//2273
f 6117//2287 5024//2287 6080//2287
f 394//64 4146//64 384//64
f 5840//2 980//2 5758//2
f 6137//2 5758//2 980//2
f 394//2258 385//2258 373//2258
f 6120//2 212//2 6146//2
f 4152//68 356//68 417//68
f 1350//2 5882//2 6142//2
f 5859//2 5894//2 6142//2
f 1350//2 6142//2 5894//2
f 1350//2 5894//2 5893//2
f 1350//2 5893//2 6136//2
f 1350//2 6136//2 388//2
f 390//2 1332//2 388//2
f 6120//2220 6146//2220 4966//2220
f 4151//2288 417//2288 386//2288
f 4151//2288 386//2288 353//2288
f 5766//2 167//2 166//2
f 6146//2 247//2 6088//2
f 4143//2289 4142//2289 375//2289
f 376//2289 375//2289 4142//2289
f 4966//442 6146//442 4987//442
f 6088//442 4987//442 6146//442
f 374//1688 4144//1688 375//1688
f 4143//1688 375//1688 4144//1688
f 6137//2 980//2 5792//2
f 358//2290 4138//2290 412//2290
f 3803//2290 412//2290 4138//2290
f 3803//2274 3792//2274 412//2274
f 359//2275 4138//2275 358//2275
f 6144//2187 5027//2187 6089//2187
f 654//98 415//98 520//98
f 6144//1323 6118//1323 5027//1323
f 5029//1323 5027//1323 6118//1323
f 4154//2291 4153//2291 357//2291
f 2334//1935 5859//1935 6142//1935
f 4154//687 357//687 4155//687
f 354//687 4155//687 357//687
f 355//2283 4155//2283 354//2283
f 42//2 6147//2 6138//2
f 6145//2221 6120//2221 4958//2221
f 247//2 6146//2 212//2
f 5899//2 6139//2 6138//2
f 6139//2 406//2 405//2
f 5896//2 42//2 5884//2
f 5896//2 5897//2 42//2
f 5884//2 42//2 6148//2
f 6138//2 6148//2 42//2
f 5884//1938 6148//1938 2533//1938
f 405//2 6138//2 6139//2
f 2339//2266 2338//2266 398//2266
f 5836//2 42//2 5897//2
f 6148//2268 6138//2268 2533//2268
f 642//112 2385//112 397//112
f 5899//2 6138//2 6147//2
f 399//2 643//2 642//2
f 401//2 641//2 639//2
f 408//124 406//124 652//124
f 642//2 397//2 399//2
f 6139//2269 2545//2269 406//2269
f 2358//1094 5899//1094 6147//1094
f 406//2 408//2 404//2
f 6149//2292 5949//2292 2350//2292
f 43//2012 2372//2012 41//2012
f 2354//1326 5934//1326 5980//1326
f 1121//1006 1113//1006 2342//1006
f 6150//1030 2348//1030 2349//1030
f 2361//2293 2355//2293 5954//2293
f 5933//2016 2359//2016 5954//2016
f 6151//2294 6149//2294 2345//2294
f 2351//2292 2350//2292 5949//2292
f 2358//2295 6147//2295 2340//2295
f 1120//155 5941//155 2373//155
f 2349//1203 5968//1203 6150//1203
f 2369//2296 2365//2296 1111//2296
f 2371//2062 1119//2062 1118//2062
f 2368//2001 1111//2001 1115//2001
f 2583//2237 6131//2237 2364//2237
f 1116//2237 2364//2237 6131//2237
f 2362//2064 2364//2064 1114//2064
f 2368//984 1115//984 1119//984
f 2373//2065 1118//2065 1120//2065
f 5968//2284 2352//2284 5941//2284
f 58//1307 2370//1307 46//1307
f 3596//1992 57//1992 2363//1992
f 58//2014 3596//2014 2363//2014
f 6151//2028 2345//2028 5964//2028
f 2350//2294 2345//2294 6149//2294
f 6152//2297 6153//2297 2340//2297
f 5932//403 2357//403 2360//403
f 5934//1106 2346//1106 2348//1106
f 45//2 43//2 42//2
f 42//2 5954//2 6154//2
f 6154//2 6155//2 42//2
f 2355//2293 6154//2293 5954//2293
f 5954//2 42//2 5933//2
f 5933//2 42//2 6156//2
f 5933//1997 6156//1997 2347//1997
f 6155//2 6153//2 42//2
f 6155//2298 6154//2298 2341//2298
f 2355//2298 2341//2298 6154//2298
f 6156//2 42//2 5964//2
f 5964//2299 2344//2299 2347//2299
f 6156//2299 5964//2299 2347//2299
f 5964//2 42//2 6151//2
f 6151//2 42//2 6149//2
f 6149//2 42//2 5949//2
f 5949//2 42//2 41//2
f 6152//2 42//2 6153//2
f 2341//2297 2340//2297 6153//2297
f 42//2 6152//2 6147//2
f 6152//2295 2340//2295 6147//2295
f 6155//2297 2341//2297 6153//2297
f 6157//2 5980//2 5932//2
f 1121//2 5932//2 5980//2
f 5980//2 5934//2 1121//2
f 5934//2 6158//2 1121//2
f 6158//2 6150//2 1121//2
f 6150//2 5968//2 1121//2
f 5968//2 5941//2 1121//2
f 5941//2 1120//2 1121//2
f 1116//2 6131//2 1117//2
f 1119//2 1115//2 1113//2
f 2348//1030 6150//1030 6158//1030
f 6157//538 5932//538 2360//538
f 6119//2300 2343//2300 1117//2300
f 6158//1106 5934//1106 2348//1106
f 2360//1553 5980//1553 6157//1553
f 6119//2 1117//2 6131//2
f 6126//2 6119//2 6131//2
f 6131//2 6130//2 6126//2
f 6130//2 6121//2 6126//2
f 1124//2 6126//2 6121//2
f 6121//2 6132//2 1124//2
f 6132//2 6129//2 1124//2
f 1110//2 1124//2 6129//2
f 6129//2 1107//2 1110//2
f 2365//2061 1114//2061 1112//2061
f 1111//2301 2365//2301 1112//2301
