# Blender v3.2.0 OBJ File: ''
# www.blender.org
mtllib TidesOfWar.mtl
o TidesofWar
v 0.494504 0.046713 -0.498868
v 0.505969 0.046713 -0.498973
v 0.502248 0.046713 -0.499006
v 0.509664 0.046713 -0.498875
v 0.513333 0.046713 -0.498712
v 0.487038 0.046713 -0.498455
v 0.516976 0.046713 -0.498483
v 0.520593 0.046713 -0.498188
v 0.479850 0.046713 -0.497765
v 0.524184 0.046713 -0.497829
v 0.527750 0.046713 -0.497403
v 0.472940 0.046713 -0.496800
v 0.531289 0.046713 -0.496913
v 0.534802 0.046713 -0.496356
v 0.466308 0.046713 -0.495558
v 0.538290 0.046713 -0.495735
v 0.541751 0.046713 -0.495048
v 0.459953 0.046713 -0.494041
v 0.545187 0.046713 -0.494295
v 0.548548 0.046713 -0.493506
v 0.453876 0.046713 -0.492248
v 0.551783 0.046713 -0.492707
v 0.554894 0.046713 -0.491899
v 0.448077 0.046713 -0.490180
v 0.557880 0.046713 -0.491083
v 0.560742 0.046713 -0.490257
v 0.563479 0.046713 -0.489423
v 0.442556 0.046713 -0.487835
v 0.566091 0.046713 -0.488579
v 0.568578 0.046713 -0.487727
v 0.437313 0.046713 -0.485215
v 0.570941 0.046713 -0.486865
v 0.573179 0.046713 -0.485995
v 0.575292 0.046713 -0.485115
v 0.432347 0.046713 -0.482319
v 0.577281 0.046713 -0.484227
v 0.536279 0.046713 -0.449312
v 0.539320 0.046713 -0.448294
v 0.542329 0.046713 -0.447206
v 0.545283 0.046713 -0.446065
v 0.548182 0.046713 -0.444871
v 0.551025 0.046713 -0.443624
v 0.577281 0.046713 -0.431760
v 0.427660 0.046713 -0.479146
v 0.530180 0.046713 -0.451083
v 0.533233 0.046713 -0.450242
v 0.423300 0.046713 -0.475767
v 0.527120 0.046713 -0.451835
v 0.419320 0.046713 -0.472247
v 0.524055 0.046713 -0.452499
v 0.415719 0.046713 -0.468587
v 0.517906 0.046713 -0.453562
v 0.520984 0.046713 -0.453074
v 0.412497 0.046713 -0.464788
v 0.514822 0.046713 -0.453960
v 0.409654 0.046713 -0.460849
v 0.508636 0.046713 -0.454491
v 0.511733 0.046713 -0.454270
v 0.407190 0.046713 -0.456769
v 0.505534 0.046713 -0.454624
v 0.405105 0.046713 -0.452550
v 0.499882 0.046713 -0.454637
v 0.502426 0.046713 -0.454668
v 0.497405 0.046713 -0.454545
v 0.494997 0.046713 -0.454391
v 0.492656 0.046713 -0.454175
v 0.490384 0.046713 -0.453898
v 0.488179 0.046713 -0.453559
v 0.486043 0.046713 -0.453159
v 0.483974 0.046713 -0.452697
v 0.481973 0.046713 -0.452174
v 0.403400 0.046713 -0.448192
v 0.480040 0.046713 -0.451589
v 0.478175 0.046713 -0.450942
v 0.476378 0.046713 -0.450234
v 0.474688 0.046713 -0.449469
v 0.473145 0.046713 -0.448654
v 0.471749 0.046713 -0.447786
v 0.402073 0.046713 -0.443693
v 0.470500 0.046713 -0.446868
v 0.469398 0.046713 -0.445898
v 0.468443 0.046713 -0.444877
v 0.467635 0.046713 -0.443804
v 0.466974 0.046713 -0.442680
v 0.401125 0.046713 -0.439055
v 0.553812 0.046713 -0.442326
v 0.466460 0.046713 -0.441505
v 0.556544 0.046713 -0.440974
v 0.466092 0.046713 -0.440278
v 0.559221 0.046713 -0.439570
v 0.465872 0.046713 -0.439001
v 0.561841 0.046713 -0.438113
v 0.400557 0.046713 -0.434276
v 0.465798 0.046713 -0.437672
v 0.564407 0.046713 -0.436604
v 0.465832 0.046713 -0.436464
v 0.566916 0.046713 -0.435042
v 0.465932 0.046713 -0.435306
v 0.466099 0.046713 -0.434196
v 0.569370 0.046713 -0.433427
v 0.400367 0.046713 -0.429358
v 0.466332 0.046713 -0.433135
v 0.571769 0.046713 -0.431760
v 0.466632 0.046713 -0.432123
v 0.466999 0.046713 -0.431159
v 0.467432 0.046713 -0.430245
v 0.467932 0.046713 -0.429379
v 0.468499 0.046713 -0.428561
v 0.400458 0.046713 -0.425532
v 0.469132 0.046713 -0.427793
v 0.469832 0.046713 -0.427073
v 0.470599 0.046713 -0.426402
v 0.471489 0.046713 -0.425756
v 0.472560 0.046713 -0.425109
v 0.400733 0.046713 -0.421812
v 0.473811 0.046713 -0.424462
v 0.475242 0.046713 -0.423816
v 0.476853 0.046713 -0.423169
v 0.478645 0.046713 -0.422523
v 0.480616 0.046713 -0.421876
v 0.482769 0.046713 -0.421230
v 0.401189 0.046713 -0.418198
v 0.485101 0.046713 -0.420583
v 0.487614 0.046713 -0.419936
v 0.490307 0.046713 -0.419290
v 0.493180 0.046713 -0.418643
v 0.494820 0.046713 -0.418305
v 0.496482 0.046713 -0.417968
v 0.401829 0.046713 -0.414692
v 0.498164 0.046713 -0.417633
v 0.499867 0.046713 -0.417299
v 0.501592 0.046713 -0.416966
v 0.503337 0.046713 -0.416634
v 0.505103 0.046713 -0.416304
v 0.506891 0.046713 -0.415974
v 0.508699 0.046713 -0.415647
v 0.510528 0.046713 -0.415320
v 0.512378 0.046713 -0.414995
v 0.514250 0.046713 -0.414671
v 0.402651 0.046713 -0.411291
v 0.516132 0.046713 -0.414341
v 0.518016 0.046713 -0.413996
v 0.519900 0.046713 -0.413638
v 0.521787 0.046713 -0.413265
v 0.523674 0.046713 -0.412878
v 0.525562 0.046713 -0.412477
v 0.527452 0.046713 -0.412062
v 0.529343 0.046713 -0.411633
v 0.531235 0.046713 -0.411190
v 0.403656 0.046713 -0.407997
v 0.533129 0.046713 -0.410732
v 0.535024 0.046713 -0.410261
v 0.536919 0.046713 -0.409776
v 0.541036 0.046713 -0.408582
v 0.544970 0.046713 -0.407279
v 0.404844 0.046713 -0.404810
v 0.548721 0.046713 -0.405867
v 0.552289 0.046713 -0.404346
v 0.406215 0.046713 -0.401729
v 0.555675 0.046713 -0.402716
v 0.558878 0.046713 -0.400977
v 0.407768 0.046713 -0.398754
v 0.561898 0.046713 -0.399129
v 0.564736 0.046713 -0.397172
v 0.409504 0.046713 -0.395886
v 0.567390 0.046713 -0.395106
v 0.411423 0.046713 -0.393125
v 0.569862 0.046713 -0.392930
v 0.413524 0.046713 -0.390470
v 0.572151 0.046713 -0.390646
v 0.574258 0.046713 -0.388253
v 0.415815 0.046713 -0.387925
v 0.576189 0.046713 -0.385754
v 0.418300 0.046713 -0.385495
v 0.577952 0.046713 -0.383155
v 0.420981 0.046713 -0.383178
v 0.423857 0.046713 -0.380976
v 0.579548 0.046713 -0.380453
v 0.426928 0.046713 -0.378888
v 0.580975 0.046713 -0.377651
v 0.430194 0.046713 -0.376914
v 0.582234 0.046713 -0.374747
v 0.433654 0.046713 -0.375055
v 0.437311 0.046713 -0.373309
v 0.583326 0.046713 -0.371741
v 0.441162 0.046713 -0.371678
v 0.584249 0.046713 -0.368635
v 0.445208 0.046713 -0.370161
v 0.449449 0.046713 -0.368758
v 0.453886 0.046713 -0.367469
v 0.585005 0.046713 -0.365427
v 0.455561 0.046713 -0.367013
v 0.457266 0.046713 -0.366569
v 0.459003 0.046713 -0.366136
v 0.460771 0.046713 -0.365714
v 0.462569 0.046713 -0.365304
v 0.585593 0.046713 -0.362118
v 0.464398 0.046713 -0.364906
v 0.466258 0.046713 -0.364519
v 0.468149 0.046713 -0.364144
v 0.470071 0.046713 -0.363780
v 0.472024 0.046713 -0.363428
v 0.474008 0.046713 -0.363087
v 0.476022 0.046713 -0.362758
v 0.478017 0.046713 -0.362437
v 0.479941 0.046713 -0.362119
v 0.481795 0.046713 -0.361806
v 0.586013 0.046713 -0.358707
v 0.483579 0.046713 -0.361496
v 0.485292 0.046713 -0.361190
v 0.486935 0.046713 -0.360888
v 0.488507 0.046713 -0.360590
v 0.490009 0.046713 -0.360295
v 0.491441 0.046713 -0.360005
v 0.492802 0.046713 -0.359718
v 0.494093 0.046713 -0.359435
v 0.495314 0.046713 -0.359156
v 0.497736 0.046713 -0.358631
v 0.586265 0.046713 -0.355195
v 0.500025 0.046713 -0.358101
v 0.502181 0.046713 -0.357568
v 0.504204 0.046713 -0.357031
v 0.506093 0.046713 -0.356491
v 0.507849 0.046713 -0.355946
v 0.509471 0.046713 -0.355398
v 0.510960 0.046713 -0.354845
v 0.586349 0.046713 -0.351581
v 0.512316 0.046713 -0.354289
v 0.513538 0.046713 -0.353729
v 0.514627 0.046713 -0.353165
v 0.515583 0.046713 -0.352598
v 0.516435 0.046713 -0.351999
v 0.517213 0.046713 -0.351343
v 0.586156 0.046713 -0.346310
v 0.399478 0.046713 -0.296713
v 0.405346 0.046713 -0.351397
v 0.399478 0.046713 -0.351397
v 0.406156 0.046713 -0.350807
v 0.517917 0.046713 -0.350629
v 0.406988 0.046713 -0.350209
v 0.518546 0.046713 -0.349857
v 0.407840 0.046713 -0.349601
v 0.519102 0.046713 -0.349028
v 0.408714 0.046713 -0.348985
v 0.519584 0.046713 -0.348141
v 0.409609 0.046713 -0.348359
v 0.410524 0.046713 -0.347725
v 0.519991 0.046713 -0.347196
v 0.411461 0.046713 -0.347082
v 0.520325 0.046713 -0.346193
v 0.412418 0.046713 -0.346429
v 0.413397 0.046713 -0.345768
v 0.585578 0.046713 -0.341213
v 0.520584 0.046713 -0.345133
v 0.414396 0.046713 -0.345097
v 0.520769 0.046713 -0.344015
v 0.415417 0.046713 -0.344418
v 0.416458 0.046713 -0.343730
v 0.520880 0.046713 -0.342839
v 0.417547 0.046713 -0.343033
v 0.418708 0.046713 -0.342326
v 0.520917 0.046713 -0.341605
v 0.419942 0.046713 -0.341611
v 0.421249 0.046713 -0.340887
v 0.520855 0.046713 -0.340218
v 0.584615 0.046713 -0.336288
v 0.422629 0.046713 -0.340154
v 0.520666 0.046713 -0.338888
v 0.424082 0.046713 -0.339411
v 0.425607 0.046713 -0.338660
v 0.520351 0.046713 -0.337616
v 0.427205 0.046713 -0.337900
v 0.428877 0.046713 -0.337131
v 0.519910 0.046713 -0.336402
v 0.430621 0.046713 -0.336353
v 0.519343 0.046713 -0.335245
v 0.432438 0.046713 -0.335566
v 0.583267 0.046713 -0.331537
v 0.434327 0.046713 -0.334770
v 0.518650 0.046713 -0.334146
v 0.436005 0.046713 -0.334070
v 0.517832 0.046713 -0.333105
v 0.437720 0.046713 -0.333387
v 0.439473 0.046713 -0.332720
v 0.516887 0.046713 -0.332122
v 0.441262 0.046713 -0.332070
v 0.515817 0.046713 -0.331196
v 0.443088 0.046713 -0.331437
v 0.581533 0.046713 -0.326959
v 0.444951 0.046713 -0.330821
v 0.514620 0.046713 -0.330328
v 0.446851 0.046713 -0.330221
v 0.513298 0.046713 -0.329518
v 0.448789 0.046713 -0.329638
v 0.450763 0.046713 -0.329072
v 0.511849 0.046713 -0.328766
v 0.452774 0.046713 -0.328522
v 0.510270 0.046713 -0.328072
v 0.454823 0.046713 -0.327989
v 0.508555 0.046713 -0.327439
v 0.456908 0.046713 -0.327472
v 0.459025 0.046713 -0.326986
v 0.506704 0.046713 -0.326866
v 0.461166 0.046713 -0.326541
v 0.579414 0.046713 -0.322554
v 0.504717 0.046713 -0.326354
v 0.463331 0.046713 -0.326139
v 0.502595 0.046713 -0.325901
v 0.465522 0.046713 -0.325779
v 0.500337 0.046713 -0.325509
v 0.467737 0.046713 -0.325461
v 0.497942 0.046713 -0.325178
v 0.469977 0.046713 -0.325186
v 0.472241 0.046713 -0.324953
v 0.495412 0.046713 -0.324907
v 0.474530 0.046713 -0.324763
v 0.492747 0.046713 -0.324695
v 0.476844 0.046713 -0.324615
v 0.489945 0.046713 -0.324545
v 0.479183 0.046713 -0.324509
v 0.487008 0.046713 -0.324454
v 0.481546 0.046713 -0.324445
v 0.483934 0.046713 -0.324424
v 0.576910 0.046713 -0.318322
v 0.574021 0.046713 -0.314263
v 0.570746 0.046713 -0.310378
v 0.567086 0.046713 -0.306666
v 0.563041 0.046713 -0.303127
v 0.558611 0.046713 -0.299761
v 0.553846 0.046713 -0.296618
v 0.401730 0.046713 -0.295674
v 0.548798 0.046713 -0.293749
v 0.404101 0.046713 -0.294650
v 0.406590 0.046713 -0.293641
v 0.543465 0.046713 -0.291153
v 0.409198 0.046713 -0.292648
v 0.411924 0.046713 -0.291671
v 0.414769 0.046713 -0.290709
v 0.537848 0.046713 -0.288830
v 0.417733 0.046713 -0.289762
v 0.420814 0.046713 -0.288830
v 0.531947 0.046713 -0.286781
v 0.424015 0.046713 -0.287914
v 0.427334 0.046713 -0.287014
v 0.430771 0.046713 -0.286129
v 0.525762 0.046713 -0.285005
v 0.434327 0.046713 -0.285259
v 0.437977 0.046713 -0.284432
v 0.519294 0.046713 -0.283502
v 0.441696 0.046713 -0.283678
v 0.445484 0.046713 -0.282996
v 0.512541 0.046713 -0.282272
v 0.449342 0.046713 -0.282385
v 0.453268 0.046713 -0.281846
v 0.505504 0.046713 -0.281316
v 0.457264 0.046713 -0.281379
v 0.461329 0.046713 -0.280984
v 0.498183 0.046713 -0.280632
v 0.465463 0.046713 -0.280661
v 0.469666 0.046713 -0.280409
v 0.490579 0.046713 -0.280223
v 0.473938 0.046713 -0.280230
v 0.478279 0.046713 -0.280122
v 0.482690 0.046713 -0.280086
v 0.261215 0.046713 -0.499537
v 0.277812 0.046713 -0.499568
v 0.269860 0.046713 -0.499745
v 0.285428 0.046713 -0.499035
v 0.252882 0.046713 -0.498911
v 0.292708 0.046713 -0.498146
v 0.244862 0.046713 -0.497869
v 0.299652 0.046713 -0.496902
v 0.237154 0.046713 -0.496410
v 0.306260 0.046713 -0.495303
v 0.229759 0.046713 -0.494533
v 0.312533 0.046713 -0.493348
v 0.222676 0.046713 -0.492240
v 0.318469 0.046713 -0.491039
v 0.215905 0.046713 -0.489530
v 0.324070 0.046713 -0.488373
v 0.209447 0.046713 -0.486403
v 0.329335 0.046713 -0.485352
v 0.203301 0.046713 -0.482859
v 0.334264 0.046713 -0.481976
v 0.197467 0.046713 -0.478898
v 0.338857 0.046713 -0.478245
v 0.191946 0.046713 -0.474519
v 0.343115 0.046713 -0.474158
v 0.186737 0.046713 -0.469725
v 0.347034 0.046713 -0.469738
v 0.350612 0.046713 -0.465006
v 0.181895 0.046713 -0.464573
v 0.353849 0.046713 -0.459962
v 0.177474 0.046713 -0.459125
v 0.264704 0.046713 -0.458178
v 0.267950 0.046713 -0.458105
v 0.356746 0.046713 -0.454606
v 0.173474 0.046713 -0.453380
v 0.261668 0.046713 -0.458109
v 0.258723 0.046713 -0.457901
v 0.271050 0.046713 -0.457885
v 0.255869 0.046713 -0.457555
v 0.274005 0.046713 -0.457520
v 0.253107 0.046713 -0.457070
v 0.276814 0.046713 -0.457008
v 0.250436 0.046713 -0.456446
v 0.279478 0.046713 -0.456350
v 0.247857 0.046713 -0.455684
v 0.281995 0.046713 -0.455545
v 0.245369 0.046713 -0.454783
v 0.284367 0.046713 -0.454595
v 0.242972 0.046713 -0.453744
v 0.359302 0.046713 -0.448939
v 0.286593 0.046713 -0.453498
v 0.240667 0.046713 -0.452566
v 0.288674 0.046713 -0.452255
v 0.169895 0.046713 -0.447340
v 0.238453 0.046713 -0.451250
v 0.290609 0.046713 -0.450865
v 0.236331 0.046713 -0.449795
v 0.292398 0.046713 -0.449330
v 0.234299 0.046713 -0.448202
v 0.294041 0.046713 -0.447648
v 0.361517 0.046713 -0.442960
v 0.232387 0.046713 -0.446456
v 0.295550 0.046713 -0.445821
v 0.166738 0.046713 -0.441003
v 0.230620 0.046713 -0.444543
v 0.296935 0.046713 -0.443850
v 0.228999 0.046713 -0.442463
v 0.298197 0.046713 -0.441736
v 0.363392 0.046713 -0.436669
v 0.227523 0.046713 -0.440217
v 0.299336 0.046713 -0.439478
v 0.164001 0.046713 -0.434369
v 0.226193 0.046713 -0.437804
v 0.300351 0.046713 -0.437076
v 0.225009 0.046713 -0.435224
v 0.301242 0.046713 -0.434531
v 0.364925 0.046713 -0.430066
v 0.223971 0.046713 -0.432477
v 0.302010 0.046713 -0.431842
v 0.161685 0.046713 -0.427440
v 0.223078 0.046713 -0.429564
v 0.302655 0.046713 -0.429009
v 0.366118 0.046713 -0.423152
v 0.222331 0.046713 -0.426483
v 0.303176 0.046713 -0.426033
v 0.159790 0.046713 -0.420213
v 0.221730 0.046713 -0.423236
v 0.303573 0.046713 -0.422913
v 0.221274 0.046713 -0.419822
v 0.366970 0.046713 -0.415926
v 0.303847 0.046713 -0.419649
v 0.158317 0.046713 -0.412691
v 0.220964 0.046713 -0.416241
v 0.303998 0.046713 -0.416241
v 0.367481 0.046713 -0.408388
v 0.157264 0.046713 -0.404872
v 0.367651 0.046713 -0.400538
v 0.156632 0.046713 -0.396757
v 0.367651 0.046713 -0.377261
v 0.156422 0.046713 -0.388345
v 0.156644 0.046713 -0.379859
v 0.157311 0.046713 -0.371703
v 0.221142 0.046713 -0.377261
v 0.221484 0.046713 -0.373276
v 0.222034 0.046713 -0.369450
v 0.158422 0.046713 -0.363878
v 0.222792 0.046713 -0.365783
v 0.223760 0.046713 -0.362276
v 0.159978 0.046713 -0.356385
v 0.224936 0.046713 -0.358927
v 0.226321 0.046713 -0.355738
v 0.161978 0.046713 -0.349222
v 0.227914 0.046713 -0.352708
v 0.229716 0.046713 -0.349837
v 0.354913 0.046713 -0.349403
v 0.363918 0.046713 -0.350843
v 0.356806 0.046713 -0.350843
v 0.363918 0.046713 -0.297452
v 0.231727 0.046713 -0.347124
v 0.352909 0.046713 -0.347979
v 0.164423 0.046713 -0.342390
v 0.350793 0.046713 -0.346570
v 0.233946 0.046713 -0.344571
v 0.348567 0.046713 -0.345177
v 0.346230 0.046713 -0.343799
v 0.236374 0.046713 -0.342177
v 0.343781 0.046713 -0.342437
v 0.341222 0.046713 -0.341090
v 0.167312 0.046713 -0.335890
v 0.239011 0.046713 -0.339943
v 0.338551 0.046713 -0.339758
v 0.241860 0.046713 -0.337877
v 0.335769 0.046713 -0.338441
v 0.332876 0.046713 -0.337141
v 0.244926 0.046713 -0.335991
v 0.329872 0.046713 -0.335855
v 0.248207 0.046713 -0.334285
v 0.170646 0.046713 -0.329720
v 0.326757 0.046713 -0.334585
v 0.323577 0.046713 -0.333375
v 0.251704 0.046713 -0.332758
v 0.320381 0.046713 -0.332271
v 0.255418 0.046713 -0.331411
v 0.317167 0.046713 -0.331271
v 0.259347 0.046713 -0.330244
v 0.313935 0.046713 -0.330377
v 0.310687 0.046713 -0.329588
v 0.263493 0.046713 -0.329256
v 0.174424 0.046713 -0.323881
v 0.307421 0.046713 -0.328904
v 0.267855 0.046713 -0.328448
v 0.304138 0.046713 -0.328326
v 0.272433 0.046713 -0.327819
v 0.300837 0.046713 -0.327852
v 0.297519 0.046713 -0.327484
v 0.277226 0.046713 -0.327370
v 0.294184 0.046713 -0.327221
v 0.282236 0.046713 -0.327100
v 0.290832 0.046713 -0.327063
v 0.287462 0.046713 -0.327011
v 0.178647 0.046713 -0.318374
v 0.183315 0.046713 -0.313197
v 0.188426 0.046713 -0.308352
v 0.193956 0.046713 -0.303866
v 0.199875 0.046713 -0.299771
v 0.206185 0.046713 -0.296066
v 0.360319 0.046713 -0.295978
v 0.212884 0.046713 -0.292751
v 0.356756 0.046713 -0.294573
v 0.353227 0.046713 -0.293237
v 0.349733 0.046713 -0.291971
v 0.219974 0.046713 -0.289826
v 0.346273 0.046713 -0.290774
v 0.342848 0.046713 -0.289646
v 0.227454 0.046713 -0.287291
v 0.339457 0.046713 -0.288588
v 0.336101 0.046713 -0.287599
v 0.332780 0.046713 -0.286679
v 0.235324 0.046713 -0.285146
v 0.329493 0.046713 -0.285828
v 0.326241 0.046713 -0.285047
v 0.243585 0.046713 -0.283391
v 0.323023 0.046713 -0.284335
v 0.319794 0.046713 -0.283686
v 0.316509 0.046713 -0.283093
v 0.252235 0.046713 -0.282026
v 0.313166 0.046713 -0.282557
v 0.309767 0.046713 -0.282077
v 0.306311 0.046713 -0.281654
v 0.261276 0.046713 -0.281051
v 0.302798 0.046713 -0.281287
v 0.299228 0.046713 -0.280976
v 0.270707 0.046713 -0.280466
v 0.295602 0.046713 -0.280722
v 0.291919 0.046713 -0.280525
v 0.288179 0.046713 -0.280384
v 0.280528 0.046713 -0.280271
v 0.284382 0.046713 -0.280299
v 0.046540 0.046713 -0.484966
v 0.110549 0.046713 -0.573273
v 0.046540 0.046713 -0.573273
v 0.110549 0.046713 -0.285813
v -0.009320 0.046713 -0.498953
v -0.003497 0.046713 -0.498979
v -0.006445 0.046713 -0.499006
v -0.000639 0.046713 -0.498896
v -0.012194 0.046713 -0.498793
v 0.002128 0.046713 -0.498758
v -0.015069 0.046713 -0.498527
v 0.004806 0.046713 -0.498565
v 0.007393 0.046713 -0.498317
v -0.017943 0.046713 -0.498154
v 0.009890 0.046713 -0.498013
v -0.020818 0.046713 -0.497675
v 0.012298 0.046713 -0.497655
v -0.023692 0.046713 -0.497090
v 0.014615 0.046713 -0.497241
v 0.016841 0.046713 -0.496772
v -0.026567 0.046713 -0.496397
v 0.018978 0.046713 -0.496248
v -0.029441 0.046713 -0.495599
v 0.021025 0.046713 -0.495669
v 0.022981 0.046713 -0.495034
v -0.032315 0.046713 -0.494694
v 0.024897 0.046713 -0.494358
v -0.035190 0.046713 -0.493682
v 0.026821 0.046713 -0.493651
v -0.038064 0.046713 -0.492564
v 0.028754 0.046713 -0.492916
v 0.030696 0.046713 -0.492150
v -0.040939 0.046713 -0.491340
v 0.032646 0.046713 -0.491355
v 0.034605 0.046713 -0.490531
v -0.043778 0.046713 -0.490019
v 0.036573 0.046713 -0.489677
v -0.046545 0.046713 -0.488612
v 0.038549 0.046713 -0.488794
v 0.040534 0.046713 -0.487881
v -0.049240 0.046713 -0.487119
v 0.042527 0.046713 -0.486939
v -0.051864 0.046713 -0.485541
v 0.044529 0.046713 -0.485967
v -0.054416 0.046713 -0.483876
v 0.044268 0.046713 -0.445816
v 0.045409 0.046713 -0.445358
v 0.046540 0.046713 -0.444876
v -0.056897 0.046713 -0.482125
v 0.043117 0.046713 -0.446251
v -0.059306 0.046713 -0.480289
v 0.040786 0.046713 -0.447051
v 0.041957 0.046713 -0.446662
v -0.061643 0.046713 -0.478366
v 0.039606 0.046713 -0.447417
v -0.063909 0.046713 -0.476358
v 0.038415 0.046713 -0.447759
v -0.066103 0.046713 -0.474263
v 0.037215 0.046713 -0.448079
v -0.068225 0.046713 -0.472083
v 0.036005 0.046713 -0.448375
v -0.070276 0.046713 -0.469817
v 0.033555 0.046713 -0.448899
v 0.034785 0.046713 -0.448648
v -0.072372 0.046713 -0.467344
v 0.032316 0.046713 -0.449126
v -0.074393 0.046713 -0.464790
v 0.029861 0.046713 -0.449521
v 0.031080 0.046713 -0.449332
v -0.076338 0.046713 -0.462156
v 0.027476 0.046713 -0.449844
v 0.028660 0.046713 -0.449691
v -0.078208 0.046713 -0.459440
v 0.025159 0.046713 -0.450096
v 0.026309 0.046713 -0.449979
v -0.080003 0.046713 -0.456644
v 0.022912 0.046713 -0.450275
v 0.024027 0.046713 -0.450194
v -0.081722 0.046713 -0.453767
v 0.020734 0.046713 -0.450383
v 0.021814 0.046713 -0.450338
v -0.083366 0.046713 -0.450810
v 0.018625 0.046713 -0.450419
v 0.019671 0.046713 -0.450410
v -0.084935 0.046713 -0.447771
v 0.014505 0.046713 -0.450305
v 0.010560 0.046713 -0.449965
v 0.006790 0.046713 -0.449397
v 0.003196 0.046713 -0.448602
v -0.000223 0.046713 -0.447580
v -0.086429 0.046713 -0.444652
v -0.003467 0.046713 -0.446331
v -0.006535 0.046713 -0.444855
v 0.046540 0.046713 -0.343083
v -0.009428 0.046713 -0.443152
v -0.087847 0.046713 -0.441451
v -0.012146 0.046713 -0.441222
v -0.089189 0.046713 -0.438170
v -0.014688 0.046713 -0.439065
v -0.017055 0.046713 -0.436681
v -0.090457 0.046713 -0.434808
v -0.019247 0.046713 -0.434069
v -0.091635 0.046713 -0.431364
v -0.021263 0.046713 -0.431256
v -0.092712 0.046713 -0.427837
v -0.023104 0.046713 -0.428268
v -0.024770 0.046713 -0.425103
v -0.093685 0.046713 -0.424226
v -0.026260 0.046713 -0.421763
v -0.094556 0.046713 -0.420532
v -0.027575 0.046713 -0.418247
v -0.095325 0.046713 -0.416754
v -0.028715 0.046713 -0.414556
v -0.095991 0.046713 -0.412893
v -0.029679 0.046713 -0.410688
v -0.096555 0.046713 -0.408948
v -0.030468 0.046713 -0.406645
v -0.097016 0.046713 -0.404921
v -0.031082 0.046713 -0.402426
v -0.097375 0.046713 -0.400810
v -0.031520 0.046713 -0.398031
v -0.097631 0.046713 -0.396615
v -0.031783 0.046713 -0.393461
v -0.097784 0.046713 -0.392337
v -0.031871 0.046713 -0.388715
v -0.097836 0.046713 -0.387976
v -0.031801 0.046713 -0.383750
v -0.097684 0.046713 -0.379865
v -0.031589 0.046713 -0.379018
v -0.097228 0.046713 -0.372037
v -0.031238 0.046713 -0.374518
v -0.030745 0.046713 -0.370251
v -0.096469 0.046713 -0.364490
v -0.030111 0.046713 -0.366215
v -0.029337 0.046713 -0.362412
v -0.095406 0.046713 -0.357226
v -0.028422 0.046713 -0.358841
v -0.027367 0.046713 -0.355502
v -0.094039 0.046713 -0.350245
v -0.026170 0.046713 -0.352395
v -0.024833 0.046713 -0.349521
v -0.092368 0.046713 -0.343545
v -0.023355 0.046713 -0.346879
v -0.021736 0.046713 -0.344469
v -0.019962 0.046713 -0.342270
v -0.090394 0.046713 -0.337128
v 0.045279 0.046713 -0.342174
v -0.018017 0.046713 -0.340263
v 0.043987 0.046713 -0.341295
v 0.042662 0.046713 -0.340445
v 0.041305 0.046713 -0.339624
v -0.015902 0.046713 -0.338447
v 0.039916 0.046713 -0.338833
v 0.038494 0.046713 -0.338072
v -0.013617 0.046713 -0.336822
v 0.037041 0.046713 -0.337340
v 0.035556 0.046713 -0.336638
v -0.088116 0.046713 -0.330993
v -0.011161 0.046713 -0.335389
v 0.034038 0.046713 -0.335965
v 0.032489 0.046713 -0.335321
v -0.008534 0.046713 -0.334146
v 0.030907 0.046713 -0.334708
v 0.029293 0.046713 -0.334123
v -0.005738 0.046713 -0.333095
v 0.027671 0.046713 -0.333577
v 0.026063 0.046713 -0.333079
v -0.002771 0.046713 -0.332235
v 0.024470 0.046713 -0.332628
v 0.022892 0.046713 -0.332224
v 0.000367 0.046713 -0.331566
v 0.021329 0.046713 -0.331868
v 0.019781 0.046713 -0.331560
v 0.003675 0.046713 -0.331088
v 0.018247 0.046713 -0.331299
v 0.016728 0.046713 -0.331085
v 0.007153 0.046713 -0.330801
v 0.015225 0.046713 -0.330919
v -0.085534 0.046713 -0.325140
v 0.013735 0.046713 -0.330800
v 0.010802 0.046713 -0.330705
v 0.012261 0.046713 -0.330729
v 0.046540 0.046713 -0.307428
v -0.082648 0.046713 -0.319569
v -0.079459 0.046713 -0.314281
v -0.075966 0.046713 -0.309275
v -0.072220 0.046713 -0.304613
v 0.043799 0.046713 -0.305139
v 0.046540 0.046713 -0.285813
v 0.041087 0.046713 -0.302953
v -0.068271 0.046713 -0.300356
v 0.038406 0.046713 -0.300870
v 0.035753 0.046713 -0.298889
v -0.064120 0.046713 -0.296505
v 0.033131 0.046713 -0.297010
v 0.030538 0.046713 -0.295235
v -0.059766 0.046713 -0.293059
v 0.027974 0.046713 -0.293562
v 0.025441 0.046713 -0.291992
v -0.055210 0.046713 -0.290018
v 0.022937 0.046713 -0.290524
v 0.020462 0.046713 -0.289159
v -0.050451 0.046713 -0.287383
v 0.018018 0.046713 -0.287896
v 0.015602 0.046713 -0.286737
v -0.045490 0.046713 -0.285153
v 0.013171 0.046713 -0.285674
v 0.010678 0.046713 -0.284705
v -0.040326 0.046713 -0.283329
v 0.008124 0.046713 -0.283827
v 0.005507 0.046713 -0.283042
v -0.034960 0.046713 -0.281910
v 0.002829 0.046713 -0.282349
v 0.000089 0.046713 -0.281749
v -0.029392 0.046713 -0.280897
v -0.002713 0.046713 -0.281241
v -0.005576 0.046713 -0.280825
v -0.023620 0.046713 -0.280289
v -0.008501 0.046713 -0.280501
v -0.011488 0.046713 -0.280271
v -0.017647 0.046713 -0.280086
v -0.014536 0.046713 -0.280132
v -0.209851 0.046713 -0.522838
v -0.142286 0.046713 -0.573273
v -0.209851 0.046713 -0.573273
v -0.142286 0.046713 -0.522838
v -0.208073 0.046713 -0.285813
v -0.144064 0.046713 -0.493279
v -0.208073 0.046713 -0.493279
v -0.144064 0.046713 -0.285813
v -0.479222 0.046713 -0.507689
v -0.245590 0.046713 -0.560895
v -0.479222 0.046713 -0.560895
v -0.245590 0.046713 -0.507689
v -0.396544 0.046713 -0.507689
v -0.396544 0.046713 -0.285813
v -0.328268 0.046713 -0.507689
v -0.328268 0.046713 -0.285813
v 0.494504 -0.070581 -0.498868
v 0.502248 -0.070581 -0.499006
v 0.505969 -0.070581 -0.498973
v 0.509664 -0.070581 -0.498875
v 0.513333 -0.070581 -0.498712
v 0.487038 -0.070581 -0.498455
v 0.516976 -0.070581 -0.498483
v 0.520593 -0.070581 -0.498188
v 0.479850 -0.070581 -0.497765
v 0.524184 -0.070581 -0.497829
v 0.527750 -0.070581 -0.497403
v 0.472940 -0.070581 -0.496800
v 0.531289 -0.070581 -0.496913
v 0.534802 -0.070581 -0.496356
v 0.466308 -0.070581 -0.495558
v 0.538290 -0.070581 -0.495735
v 0.541751 -0.070581 -0.495048
v 0.459953 -0.070581 -0.494041
v 0.545187 -0.070581 -0.494295
v 0.548548 -0.070581 -0.493506
v 0.453876 -0.070581 -0.492248
v 0.551783 -0.070581 -0.492707
v 0.554894 -0.070581 -0.491899
v 0.448077 -0.070581 -0.490180
v 0.557880 -0.070581 -0.491083
v 0.560742 -0.070581 -0.490257
v 0.563479 -0.070581 -0.489423
v 0.442556 -0.070581 -0.487835
v 0.566091 -0.070581 -0.488579
v 0.568578 -0.070581 -0.487727
v 0.437313 -0.070581 -0.485215
v 0.570941 -0.070581 -0.486865
v 0.573179 -0.070581 -0.485995
v 0.575292 -0.070581 -0.485115
v 0.432347 -0.070581 -0.482319
v 0.577281 -0.070581 -0.484227
v 0.536279 -0.070581 -0.449312
v 0.539320 -0.070581 -0.448294
v 0.542329 -0.070581 -0.447206
v 0.545283 -0.070581 -0.446065
v 0.548182 -0.070581 -0.444871
v 0.551025 -0.070581 -0.443624
v 0.577281 -0.070581 -0.431760
v 0.427660 -0.070581 -0.479146
v 0.530180 -0.070581 -0.451083
v 0.533233 -0.070581 -0.450242
v 0.423300 -0.070581 -0.475767
v 0.527120 -0.070581 -0.451835
v 0.419320 -0.070581 -0.472247
v 0.524055 -0.070581 -0.452499
v 0.415719 -0.070581 -0.468587
v 0.517906 -0.070581 -0.453562
v 0.520984 -0.070581 -0.453074
v 0.412497 -0.070581 -0.464788
v 0.514822 -0.070581 -0.453960
v 0.409654 -0.070581 -0.460849
v 0.508636 -0.070581 -0.454491
v 0.511733 -0.070581 -0.454270
v 0.407190 -0.070581 -0.456769
v 0.505534 -0.070581 -0.454624
v 0.405105 -0.070581 -0.452550
v 0.499882 -0.070581 -0.454637
v 0.502426 -0.070581 -0.454668
v 0.497405 -0.070581 -0.454545
v 0.494997 -0.070581 -0.454391
v 0.492656 -0.070581 -0.454175
v 0.490384 -0.070581 -0.453898
v 0.488179 -0.070581 -0.453559
v 0.486043 -0.070581 -0.453159
v 0.483974 -0.070581 -0.452697
v 0.481973 -0.070581 -0.452174
v 0.403400 -0.070581 -0.448192
v 0.480040 -0.070581 -0.451589
v 0.478175 -0.070581 -0.450942
v 0.476378 -0.070581 -0.450234
v 0.474688 -0.070581 -0.449469
v 0.473145 -0.070581 -0.448654
v 0.471749 -0.070581 -0.447786
v 0.402073 -0.070581 -0.443693
v 0.470500 -0.070581 -0.446868
v 0.469398 -0.070581 -0.445898
v 0.468443 -0.070581 -0.444877
v 0.467635 -0.070581 -0.443804
v 0.466974 -0.070581 -0.442680
v 0.401125 -0.070581 -0.439055
v 0.553812 -0.070581 -0.442326
v 0.466460 -0.070581 -0.441505
v 0.556544 -0.070581 -0.440974
v 0.466092 -0.070581 -0.440278
v 0.559221 -0.070581 -0.439570
v 0.465872 -0.070581 -0.439001
v 0.561841 -0.070581 -0.438113
v 0.400557 -0.070581 -0.434276
v 0.465798 -0.070581 -0.437672
v 0.564407 -0.070581 -0.436604
v 0.465832 -0.070581 -0.436464
v 0.566916 -0.070581 -0.435042
v 0.465932 -0.070581 -0.435306
v 0.466099 -0.070581 -0.434196
v 0.569370 -0.070581 -0.433427
v 0.400367 -0.070581 -0.429358
v 0.466332 -0.070581 -0.433135
v 0.571769 -0.070581 -0.431760
v 0.466632 -0.070581 -0.432123
v 0.466999 -0.070581 -0.431159
v 0.467432 -0.070581 -0.430245
v 0.467932 -0.070581 -0.429379
v 0.468499 -0.070581 -0.428561
v 0.400458 -0.070581 -0.425532
v 0.469132 -0.070581 -0.427793
v 0.469832 -0.070581 -0.427073
v 0.470599 -0.070581 -0.426402
v 0.471489 -0.070581 -0.425756
v 0.472560 -0.070581 -0.425109
v 0.400733 -0.070581 -0.421812
v 0.473811 -0.070581 -0.424462
v 0.475242 -0.070581 -0.423816
v 0.476853 -0.070581 -0.423169
v 0.478645 -0.070581 -0.422523
v 0.480616 -0.070581 -0.421876
v 0.482769 -0.070581 -0.421230
v 0.401189 -0.070581 -0.418198
v 0.485101 -0.070581 -0.420583
v 0.487614 -0.070581 -0.419936
v 0.490307 -0.070581 -0.419290
v 0.493180 -0.070581 -0.418643
v 0.494820 -0.070581 -0.418305
v 0.496482 -0.070581 -0.417968
v 0.401829 -0.070581 -0.414692
v 0.498164 -0.070581 -0.417633
v 0.499867 -0.070581 -0.417299
v 0.501592 -0.070581 -0.416966
v 0.503337 -0.070581 -0.416634
v 0.505103 -0.070581 -0.416304
v 0.506891 -0.070581 -0.415974
v 0.508699 -0.070581 -0.415647
v 0.510528 -0.070581 -0.415320
v 0.512378 -0.070581 -0.414995
v 0.514250 -0.070581 -0.414671
v 0.402651 -0.070581 -0.411291
v 0.516132 -0.070581 -0.414341
v 0.518016 -0.070581 -0.413996
v 0.519900 -0.070581 -0.413638
v 0.521787 -0.070581 -0.413265
v 0.523674 -0.070581 -0.412878
v 0.525562 -0.070581 -0.412477
v 0.527452 -0.070581 -0.412062
v 0.529343 -0.070581 -0.411633
v 0.531235 -0.070581 -0.411190
v 0.403656 -0.070581 -0.407997
v 0.533129 -0.070581 -0.410732
v 0.535024 -0.070581 -0.410261
v 0.536919 -0.070581 -0.409776
v 0.541036 -0.070581 -0.408582
v 0.544970 -0.070581 -0.407279
v 0.404844 -0.070581 -0.404810
v 0.548721 -0.070581 -0.405867
v 0.552289 -0.070581 -0.404346
v 0.406215 -0.070581 -0.401729
v 0.555675 -0.070581 -0.402716
v 0.558878 -0.070581 -0.400977
v 0.407768 -0.070581 -0.398754
v 0.561898 -0.070581 -0.399129
v 0.564736 -0.070581 -0.397172
v 0.409504 -0.070581 -0.395886
v 0.567390 -0.070581 -0.395106
v 0.411423 -0.070581 -0.393125
v 0.569862 -0.070581 -0.392930
v 0.413524 -0.070581 -0.390470
v 0.572151 -0.070581 -0.390646
v 0.574258 -0.070581 -0.388253
v 0.415815 -0.070581 -0.387925
v 0.576189 -0.070581 -0.385754
v 0.418300 -0.070581 -0.385495
v 0.577952 -0.070581 -0.383155
v 0.420981 -0.070581 -0.383178
v 0.423857 -0.070581 -0.380976
v 0.579548 -0.070581 -0.380453
v 0.426928 -0.070581 -0.378888
v 0.580975 -0.070581 -0.377651
v 0.430194 -0.070581 -0.376914
v 0.582234 -0.070581 -0.374747
v 0.433654 -0.070581 -0.375055
v 0.437311 -0.070581 -0.373309
v 0.583326 -0.070581 -0.371741
v 0.441162 -0.070581 -0.371678
v 0.584249 -0.070581 -0.368635
v 0.445208 -0.070581 -0.370161
v 0.449449 -0.070581 -0.368758
v 0.453886 -0.070581 -0.367469
v 0.585005 -0.070581 -0.365427
v 0.455561 -0.070581 -0.367013
v 0.457266 -0.070581 -0.366569
v 0.459003 -0.070581 -0.366136
v 0.460771 -0.070581 -0.365714
v 0.462569 -0.070581 -0.365304
v 0.585593 -0.070581 -0.362118
v 0.464398 -0.070581 -0.364906
v 0.466258 -0.070581 -0.364519
v 0.468149 -0.070581 -0.364144
v 0.470071 -0.070581 -0.363780
v 0.472024 -0.070581 -0.363428
v 0.474008 -0.070581 -0.363087
v 0.476022 -0.070581 -0.362758
v 0.478017 -0.070581 -0.362437
v 0.479941 -0.070581 -0.362119
v 0.481795 -0.070581 -0.361806
v 0.586013 -0.070581 -0.358707
v 0.483579 -0.070581 -0.361496
v 0.485292 -0.070581 -0.361190
v 0.486935 -0.070581 -0.360888
v 0.488507 -0.070581 -0.360590
v 0.490009 -0.070581 -0.360295
v 0.491441 -0.070581 -0.360005
v 0.492802 -0.070581 -0.359718
v 0.494093 -0.070581 -0.359435
v 0.495314 -0.070581 -0.359156
v 0.497736 -0.070581 -0.358631
v 0.586265 -0.070581 -0.355195
v 0.500025 -0.070581 -0.358101
v 0.502181 -0.070581 -0.357568
v 0.504204 -0.070581 -0.357031
v 0.506093 -0.070581 -0.356491
v 0.507849 -0.070581 -0.355946
v 0.509471 -0.070581 -0.355398
v 0.510960 -0.070581 -0.354845
v 0.586349 -0.070581 -0.351581
v 0.512316 -0.070581 -0.354289
v 0.513538 -0.070581 -0.353729
v 0.514627 -0.070581 -0.353165
v 0.515583 -0.070581 -0.352598
v 0.516435 -0.070581 -0.351999
v 0.517213 -0.070581 -0.351343
v 0.586156 -0.070581 -0.346310
v 0.399478 -0.070581 -0.296713
v 0.399478 -0.070581 -0.351397
v 0.405346 -0.070581 -0.351397
v 0.406156 -0.070581 -0.350807
v 0.517917 -0.070581 -0.350629
v 0.406988 -0.070581 -0.350209
v 0.518546 -0.070581 -0.349857
v 0.407840 -0.070581 -0.349601
v 0.519102 -0.070581 -0.349028
v 0.408714 -0.070581 -0.348985
v 0.519584 -0.070581 -0.348141
v 0.409609 -0.070581 -0.348359
v 0.410524 -0.070581 -0.347725
v 0.519991 -0.070581 -0.347196
v 0.411461 -0.070581 -0.347082
v 0.520325 -0.070581 -0.346193
v 0.412418 -0.070581 -0.346429
v 0.413397 -0.070581 -0.345768
v 0.585578 -0.070581 -0.341213
v 0.520584 -0.070581 -0.345133
v 0.414396 -0.070581 -0.345097
v 0.520769 -0.070581 -0.344015
v 0.415417 -0.070581 -0.344418
v 0.416458 -0.070581 -0.343730
v 0.520880 -0.070581 -0.342839
v 0.417547 -0.070581 -0.343033
v 0.418708 -0.070581 -0.342326
v 0.520917 -0.070581 -0.341605
v 0.419942 -0.070581 -0.341611
v 0.421249 -0.070581 -0.340887
v 0.520855 -0.070581 -0.340218
v 0.584615 -0.070581 -0.336288
v 0.422629 -0.070581 -0.340154
v 0.520666 -0.070581 -0.338888
v 0.424082 -0.070581 -0.339411
v 0.425607 -0.070581 -0.338660
v 0.520351 -0.070581 -0.337616
v 0.427205 -0.070581 -0.337900
v 0.428877 -0.070581 -0.337131
v 0.519910 -0.070581 -0.336402
v 0.430621 -0.070581 -0.336353
v 0.519343 -0.070581 -0.335245
v 0.432438 -0.070581 -0.335566
v 0.583267 -0.070581 -0.331537
v 0.434327 -0.070581 -0.334770
v 0.518650 -0.070581 -0.334146
v 0.436005 -0.070581 -0.334070
v 0.517832 -0.070581 -0.333105
v 0.437720 -0.070581 -0.333387
v 0.439473 -0.070581 -0.332720
v 0.516887 -0.070581 -0.332122
v 0.441262 -0.070581 -0.332070
v 0.515817 -0.070581 -0.331196
v 0.443088 -0.070581 -0.331437
v 0.581533 -0.070581 -0.326959
v 0.444951 -0.070581 -0.330821
v 0.514620 -0.070581 -0.330328
v 0.446851 -0.070581 -0.330221
v 0.513298 -0.070581 -0.329518
v 0.448789 -0.070581 -0.329638
v 0.450763 -0.070581 -0.329072
v 0.511849 -0.070581 -0.328766
v 0.452774 -0.070581 -0.328522
v 0.510270 -0.070581 -0.328072
v 0.454823 -0.070581 -0.327989
v 0.508555 -0.070581 -0.327439
v 0.456908 -0.070581 -0.327472
v 0.459025 -0.070581 -0.326986
v 0.506704 -0.070581 -0.326866
v 0.461166 -0.070581 -0.326541
v 0.579414 -0.070581 -0.322554
v 0.504717 -0.070581 -0.326354
v 0.463331 -0.070581 -0.326139
v 0.502595 -0.070581 -0.325901
v 0.465522 -0.070581 -0.325779
v 0.500337 -0.070581 -0.325509
v 0.467737 -0.070581 -0.325461
v 0.497942 -0.070581 -0.325178
v 0.469977 -0.070581 -0.325186
v 0.472241 -0.070581 -0.324953
v 0.495412 -0.070581 -0.324907
v 0.474530 -0.070581 -0.324763
v 0.492747 -0.070581 -0.324695
v 0.476844 -0.070581 -0.324615
v 0.489945 -0.070581 -0.324545
v 0.479183 -0.070581 -0.324509
v 0.487008 -0.070581 -0.324454
v 0.481546 -0.070581 -0.324445
v 0.483934 -0.070581 -0.324424
v 0.576910 -0.070581 -0.318322
v 0.574021 -0.070581 -0.314263
v 0.570746 -0.070581 -0.310378
v 0.567086 -0.070581 -0.306666
v 0.563041 -0.070581 -0.303127
v 0.558611 -0.070581 -0.299761
v 0.553846 -0.070581 -0.296618
v 0.401730 -0.070581 -0.295674
v 0.548798 -0.070581 -0.293749
v 0.404101 -0.070581 -0.294650
v 0.406590 -0.070581 -0.293641
v 0.543465 -0.070581 -0.291153
v 0.409198 -0.070581 -0.292648
v 0.411924 -0.070581 -0.291671
v 0.414769 -0.070581 -0.290709
v 0.537848 -0.070581 -0.288830
v 0.417733 -0.070581 -0.289762
v 0.420814 -0.070581 -0.288830
v 0.531947 -0.070581 -0.286781
v 0.424015 -0.070581 -0.287914
v 0.427334 -0.070581 -0.287014
v 0.430771 -0.070581 -0.286129
v 0.525762 -0.070581 -0.285005
v 0.434327 -0.070581 -0.285259
v 0.437977 -0.070581 -0.284432
v 0.519294 -0.070581 -0.283502
v 0.441696 -0.070581 -0.283678
v 0.445484 -0.070581 -0.282996
v 0.512541 -0.070581 -0.282272
v 0.449342 -0.070581 -0.282385
v 0.453268 -0.070581 -0.281846
v 0.505504 -0.070581 -0.281316
v 0.457264 -0.070581 -0.281379
v 0.461329 -0.070581 -0.280984
v 0.498183 -0.070581 -0.280632
v 0.465463 -0.070581 -0.280661
v 0.469666 -0.070581 -0.280409
v 0.490579 -0.070581 -0.280223
v 0.473938 -0.070581 -0.280230
v 0.478279 -0.070581 -0.280122
v 0.482690 -0.070581 -0.280086
v 0.261215 -0.070581 -0.499537
v 0.269860 -0.070581 -0.499745
v 0.277812 -0.070581 -0.499568
v 0.285428 -0.070581 -0.499035
v 0.252882 -0.070581 -0.498911
v 0.292708 -0.070581 -0.498146
v 0.244862 -0.070581 -0.497869
v 0.299652 -0.070581 -0.496902
v 0.237154 -0.070581 -0.496410
v 0.306260 -0.070581 -0.495303
v 0.229759 -0.070581 -0.494533
v 0.312533 -0.070581 -0.493348
v 0.222676 -0.070581 -0.492240
v 0.318469 -0.070581 -0.491039
v 0.215905 -0.070581 -0.489530
v 0.324070 -0.070581 -0.488373
v 0.209447 -0.070581 -0.486403
v 0.329335 -0.070581 -0.485352
v 0.203301 -0.070581 -0.482859
v 0.334264 -0.070581 -0.481976
v 0.197467 -0.070581 -0.478898
v 0.338857 -0.070581 -0.478245
v 0.191946 -0.070581 -0.474519
v 0.343115 -0.070581 -0.474158
v 0.186737 -0.070581 -0.469725
v 0.347034 -0.070581 -0.469738
v 0.350612 -0.070581 -0.465006
v 0.181895 -0.070581 -0.464573
v 0.353849 -0.070581 -0.459962
v 0.177474 -0.070581 -0.459125
v 0.264704 -0.070581 -0.458178
v 0.267950 -0.070581 -0.458105
v 0.356746 -0.070581 -0.454606
v 0.173474 -0.070581 -0.453380
v 0.261668 -0.070581 -0.458109
v 0.258723 -0.070581 -0.457901
v 0.271050 -0.070581 -0.457885
v 0.255869 -0.070581 -0.457555
v 0.274005 -0.070581 -0.457520
v 0.253107 -0.070581 -0.457070
v 0.276814 -0.070581 -0.457008
v 0.250436 -0.070581 -0.456446
v 0.279478 -0.070581 -0.456350
v 0.247857 -0.070581 -0.455684
v 0.281995 -0.070581 -0.455545
v 0.245369 -0.070581 -0.454783
v 0.284367 -0.070581 -0.454595
v 0.242972 -0.070581 -0.453744
v 0.359302 -0.070581 -0.448939
v 0.286593 -0.070581 -0.453498
v 0.240667 -0.070581 -0.452566
v 0.288674 -0.070581 -0.452255
v 0.169895 -0.070581 -0.447340
v 0.238453 -0.070581 -0.451250
v 0.290609 -0.070581 -0.450865
v 0.236331 -0.070581 -0.449795
v 0.292398 -0.070581 -0.449330
v 0.234299 -0.070581 -0.448202
v 0.294041 -0.070581 -0.447648
v 0.361517 -0.070581 -0.442960
v 0.232387 -0.070581 -0.446456
v 0.295550 -0.070581 -0.445821
v 0.166738 -0.070581 -0.441003
v 0.230620 -0.070581 -0.444543
v 0.296935 -0.070581 -0.443850
v 0.228999 -0.070581 -0.442463
v 0.298197 -0.070581 -0.441736
v 0.363392 -0.070581 -0.436669
v 0.227523 -0.070581 -0.440217
v 0.299336 -0.070581 -0.439478
v 0.164001 -0.070581 -0.434369
v 0.226193 -0.070581 -0.437804
v 0.300351 -0.070581 -0.437076
v 0.225009 -0.070581 -0.435224
v 0.301242 -0.070581 -0.434531
v 0.364925 -0.070581 -0.430066
v 0.223971 -0.070581 -0.432477
v 0.302010 -0.070581 -0.431842
v 0.161685 -0.070581 -0.427440
v 0.223078 -0.070581 -0.429564
v 0.302655 -0.070581 -0.429009
v 0.366118 -0.070581 -0.423152
v 0.222331 -0.070581 -0.426483
v 0.303176 -0.070581 -0.426033
v 0.159790 -0.070581 -0.420213
v 0.221730 -0.070581 -0.423236
v 0.303573 -0.070581 -0.422913
v 0.221274 -0.070581 -0.419822
v 0.366970 -0.070581 -0.415926
v 0.303847 -0.070581 -0.419649
v 0.158317 -0.070581 -0.412691
v 0.220964 -0.070581 -0.416241
v 0.303998 -0.070581 -0.416241
v 0.367481 -0.070581 -0.408388
v 0.157264 -0.070581 -0.404872
v 0.367651 -0.070581 -0.400538
v 0.156632 -0.070581 -0.396757
v 0.367651 -0.070581 -0.377261
v 0.156422 -0.070581 -0.388345
v 0.156644 -0.070581 -0.379859
v 0.157311 -0.070581 -0.371703
v 0.221142 -0.070581 -0.377261
v 0.221484 -0.070581 -0.373276
v 0.222034 -0.070581 -0.369450
v 0.158422 -0.070581 -0.363878
v 0.222792 -0.070581 -0.365783
v 0.223760 -0.070581 -0.362276
v 0.159978 -0.070581 -0.356385
v 0.224936 -0.070581 -0.358927
v 0.226321 -0.070581 -0.355738
v 0.161978 -0.070581 -0.349222
v 0.227914 -0.070581 -0.352708
v 0.229716 -0.070581 -0.349837
v 0.354913 -0.070581 -0.349403
v 0.356806 -0.070581 -0.350843
v 0.363918 -0.070581 -0.350843
v 0.363918 -0.070581 -0.297452
v 0.231727 -0.070581 -0.347124
v 0.352909 -0.070581 -0.347979
v 0.164423 -0.070581 -0.342390
v 0.350793 -0.070581 -0.346570
v 0.233946 -0.070581 -0.344571
v 0.348567 -0.070581 -0.345177
v 0.346230 -0.070581 -0.343799
v 0.236374 -0.070581 -0.342177
v 0.343781 -0.070581 -0.342437
v 0.341222 -0.070581 -0.341090
v 0.167312 -0.070581 -0.335890
v 0.239011 -0.070581 -0.339943
v 0.338551 -0.070581 -0.339758
v 0.241860 -0.070581 -0.337877
v 0.335769 -0.070581 -0.338441
v 0.332876 -0.070581 -0.337141
v 0.244926 -0.070581 -0.335991
v 0.329872 -0.070581 -0.335855
v 0.248207 -0.070581 -0.334285
v 0.170646 -0.070581 -0.329720
v 0.326757 -0.070581 -0.334585
v 0.323577 -0.070581 -0.333375
v 0.251704 -0.070581 -0.332758
v 0.320381 -0.070581 -0.332271
v 0.255418 -0.070581 -0.331411
v 0.317167 -0.070581 -0.331271
v 0.259347 -0.070581 -0.330244
v 0.313935 -0.070581 -0.330377
v 0.310687 -0.070581 -0.329588
v 0.263493 -0.070581 -0.329256
v 0.174424 -0.070581 -0.323881
v 0.307421 -0.070581 -0.328904
v 0.267855 -0.070581 -0.328448
v 0.304138 -0.070581 -0.328326
v 0.272433 -0.070581 -0.327819
v 0.300837 -0.070581 -0.327852
v 0.297519 -0.070581 -0.327484
v 0.277226 -0.070581 -0.327370
v 0.294184 -0.070581 -0.327221
v 0.282236 -0.070581 -0.327100
v 0.290832 -0.070581 -0.327063
v 0.287462 -0.070581 -0.327011
v 0.178647 -0.070581 -0.318374
v 0.183315 -0.070581 -0.313197
v 0.188426 -0.070581 -0.308352
v 0.193956 -0.070581 -0.303866
v 0.199875 -0.070581 -0.299771
v 0.206185 -0.070581 -0.296066
v 0.360319 -0.070581 -0.295978
v 0.212884 -0.070581 -0.292751
v 0.356756 -0.070581 -0.294573
v 0.353227 -0.070581 -0.293237
v 0.349733 -0.070581 -0.291971
v 0.219974 -0.070581 -0.289826
v 0.346273 -0.070581 -0.290774
v 0.342848 -0.070581 -0.289646
v 0.227454 -0.070581 -0.287291
v 0.339457 -0.070581 -0.288588
v 0.336101 -0.070581 -0.287599
v 0.332780 -0.070581 -0.286679
v 0.235324 -0.070581 -0.285146
v 0.329493 -0.070581 -0.285828
v 0.326241 -0.070581 -0.285047
v 0.243585 -0.070581 -0.283391
v 0.323023 -0.070581 -0.284335
v 0.319794 -0.070581 -0.283686
v 0.316509 -0.070581 -0.283093
v 0.252235 -0.070581 -0.282026
v 0.313166 -0.070581 -0.282557
v 0.309767 -0.070581 -0.282077
v 0.306311 -0.070581 -0.281654
v 0.261276 -0.070581 -0.281051
v 0.302798 -0.070581 -0.281287
v 0.299228 -0.070581 -0.280976
v 0.270707 -0.070581 -0.280466
v 0.295602 -0.070581 -0.280722
v 0.291919 -0.070581 -0.280525
v 0.288179 -0.070581 -0.280384
v 0.280528 -0.070581 -0.280271
v 0.284382 -0.070581 -0.280299
v 0.046540 -0.070581 -0.484966
v 0.046540 -0.070581 -0.573273
v 0.110549 -0.070581 -0.573273
v 0.110549 -0.070581 -0.285813
v -0.009320 -0.070581 -0.498953
v -0.006445 -0.070581 -0.499006
v -0.003497 -0.070581 -0.498979
v -0.000639 -0.070581 -0.498896
v -0.012194 -0.070581 -0.498793
v 0.002128 -0.070581 -0.498758
v -0.015069 -0.070581 -0.498527
v 0.004806 -0.070581 -0.498565
v 0.007393 -0.070581 -0.498317
v -0.017943 -0.070581 -0.498154
v 0.009890 -0.070581 -0.498013
v -0.020818 -0.070581 -0.497675
v 0.012298 -0.070581 -0.497655
v -0.023692 -0.070581 -0.497090
v 0.014615 -0.070581 -0.497241
v 0.016841 -0.070581 -0.496772
v -0.026567 -0.070581 -0.496397
v 0.018978 -0.070581 -0.496248
v -0.029441 -0.070581 -0.495599
v 0.021025 -0.070581 -0.495669
v 0.022981 -0.070581 -0.495034
v -0.032315 -0.070581 -0.494694
v 0.024897 -0.070581 -0.494358
v -0.035190 -0.070581 -0.493682
v 0.026821 -0.070581 -0.493651
v -0.038064 -0.070581 -0.492564
v 0.028754 -0.070581 -0.492916
v 0.030696 -0.070581 -0.492150
v -0.040939 -0.070581 -0.491340
v 0.032646 -0.070581 -0.491355
v 0.034605 -0.070581 -0.490531
v -0.043778 -0.070581 -0.490019
v 0.036573 -0.070581 -0.489677
v -0.046545 -0.070581 -0.488612
v 0.038549 -0.070581 -0.488794
v 0.040534 -0.070581 -0.487881
v -0.049240 -0.070581 -0.487119
v 0.042527 -0.070581 -0.486939
v -0.051864 -0.070581 -0.485541
v 0.044529 -0.070581 -0.485967
v -0.054416 -0.070581 -0.483876
v 0.044268 -0.070581 -0.445816
v 0.045409 -0.070581 -0.445358
v 0.046540 -0.070581 -0.444876
v -0.056897 -0.070581 -0.482125
v 0.043117 -0.070581 -0.446251
v -0.059306 -0.070581 -0.480289
v 0.040786 -0.070581 -0.447051
v 0.041957 -0.070581 -0.446662
v -0.061643 -0.070581 -0.478366
v 0.039606 -0.070581 -0.447417
v -0.063909 -0.070581 -0.476358
v 0.038415 -0.070581 -0.447759
v -0.066103 -0.070581 -0.474263
v 0.037215 -0.070581 -0.448079
v -0.068225 -0.070581 -0.472083
v 0.036005 -0.070581 -0.448375
v -0.070276 -0.070581 -0.469817
v 0.033555 -0.070581 -0.448899
v 0.034785 -0.070581 -0.448648
v -0.072372 -0.070581 -0.467344
v 0.032316 -0.070581 -0.449126
v -0.074393 -0.070581 -0.464790
v 0.029861 -0.070581 -0.449521
v 0.031080 -0.070581 -0.449332
v -0.076338 -0.070581 -0.462156
v 0.027476 -0.070581 -0.449844
v 0.028660 -0.070581 -0.449691
v -0.078208 -0.070581 -0.459440
v 0.025159 -0.070581 -0.450096
v 0.026309 -0.070581 -0.449979
v -0.080003 -0.070581 -0.456644
v 0.022912 -0.070581 -0.450275
v 0.024027 -0.070581 -0.450194
v -0.081722 -0.070581 -0.453767
v 0.020734 -0.070581 -0.450383
v 0.021814 -0.070581 -0.450338
v -0.083366 -0.070581 -0.450810
v 0.018625 -0.070581 -0.450419
v 0.019671 -0.070581 -0.450410
v -0.084935 -0.070581 -0.447771
v 0.014505 -0.070581 -0.450305
v 0.010560 -0.070581 -0.449965
v 0.006790 -0.070581 -0.449397
v 0.003196 -0.070581 -0.448602
v -0.000223 -0.070581 -0.447580
v -0.086429 -0.070581 -0.444652
v -0.003467 -0.070581 -0.446331
v -0.006535 -0.070581 -0.444855
v 0.046540 -0.070581 -0.343083
v -0.009428 -0.070581 -0.443152
v -0.087847 -0.070581 -0.441451
v -0.012146 -0.070581 -0.441222
v -0.089189 -0.070581 -0.438170
v -0.014688 -0.070581 -0.439065
v -0.017055 -0.070581 -0.436681
v -0.090457 -0.070581 -0.434808
v -0.019247 -0.070581 -0.434069
v -0.091635 -0.070581 -0.431364
v -0.021263 -0.070581 -0.431256
v -0.092712 -0.070581 -0.427837
v -0.023104 -0.070581 -0.428268
v -0.024770 -0.070581 -0.425103
v -0.093685 -0.070581 -0.424226
v -0.026260 -0.070581 -0.421763
v -0.094556 -0.070581 -0.420532
v -0.027575 -0.070581 -0.418247
v -0.095325 -0.070581 -0.416754
v -0.028715 -0.070581 -0.414556
v -0.095991 -0.070581 -0.412893
v -0.029679 -0.070581 -0.410688
v -0.096555 -0.070581 -0.408948
v -0.030468 -0.070581 -0.406645
v -0.097016 -0.070581 -0.404921
v -0.031082 -0.070581 -0.402426
v -0.097375 -0.070581 -0.400810
v -0.031520 -0.070581 -0.398031
v -0.097631 -0.070581 -0.396615
v -0.031783 -0.070581 -0.393461
v -0.097784 -0.070581 -0.392337
v -0.031871 -0.070581 -0.388715
v -0.097836 -0.070581 -0.387976
v -0.031801 -0.070581 -0.383750
v -0.097684 -0.070581 -0.379865
v -0.031589 -0.070581 -0.379018
v -0.097228 -0.070581 -0.372037
v -0.031238 -0.070581 -0.374518
v -0.030745 -0.070581 -0.370251
v -0.096469 -0.070581 -0.364490
v -0.030111 -0.070581 -0.366215
v -0.029337 -0.070581 -0.362412
v -0.095406 -0.070581 -0.357226
v -0.028422 -0.070581 -0.358841
v -0.027367 -0.070581 -0.355502
v -0.094039 -0.070581 -0.350245
v -0.026170 -0.070581 -0.352395
v -0.024833 -0.070581 -0.349521
v -0.092368 -0.070581 -0.343545
v -0.023355 -0.070581 -0.346879
v -0.021736 -0.070581 -0.344469
v -0.019962 -0.070581 -0.342270
v -0.090394 -0.070581 -0.337128
v 0.045279 -0.070581 -0.342174
v -0.018017 -0.070581 -0.340263
v 0.043987 -0.070581 -0.341295
v 0.042662 -0.070581 -0.340445
v 0.041305 -0.070581 -0.339624
v -0.015902 -0.070581 -0.338447
v 0.039916 -0.070581 -0.338833
v 0.038494 -0.070581 -0.338072
v -0.013617 -0.070581 -0.336822
v 0.037041 -0.070581 -0.337340
v 0.035556 -0.070581 -0.336638
v -0.088116 -0.070581 -0.330993
v -0.011161 -0.070581 -0.335389
v 0.034038 -0.070581 -0.335965
v 0.032489 -0.070581 -0.335321
v -0.008534 -0.070581 -0.334146
v 0.030907 -0.070581 -0.334708
v 0.029293 -0.070581 -0.334123
v -0.005738 -0.070581 -0.333095
v 0.027671 -0.070581 -0.333577
v 0.026063 -0.070581 -0.333079
v -0.002771 -0.070581 -0.332235
v 0.024470 -0.070581 -0.332628
v 0.022892 -0.070581 -0.332224
v 0.000367 -0.070581 -0.331566
v 0.021329 -0.070581 -0.331868
v 0.019781 -0.070581 -0.331560
v 0.003675 -0.070581 -0.331088
v 0.018247 -0.070581 -0.331299
v 0.016728 -0.070581 -0.331085
v 0.007153 -0.070581 -0.330801
v 0.015225 -0.070581 -0.330919
v -0.085534 -0.070581 -0.325140
v 0.013735 -0.070581 -0.330800
v 0.010802 -0.070581 -0.330705
v 0.012261 -0.070581 -0.330729
v 0.046540 -0.070581 -0.307428
v -0.082648 -0.070581 -0.319569
v -0.079459 -0.070581 -0.314281
v -0.075966 -0.070581 -0.309275
v -0.072220 -0.070581 -0.304613
v 0.043799 -0.070581 -0.305139
v 0.046540 -0.070581 -0.285813
v 0.041087 -0.070581 -0.302953
v -0.068271 -0.070581 -0.300356
v 0.038406 -0.070581 -0.300870
v 0.035753 -0.070581 -0.298889
v -0.064120 -0.070581 -0.296505
v 0.033131 -0.070581 -0.297010
v 0.030538 -0.070581 -0.295235
v -0.059766 -0.070581 -0.293059
v 0.027974 -0.070581 -0.293562
v 0.025441 -0.070581 -0.291992
v -0.055210 -0.070581 -0.290018
v 0.022937 -0.070581 -0.290524
v 0.020462 -0.070581 -0.289159
v -0.050451 -0.070581 -0.287383
v 0.018018 -0.070581 -0.287896
v 0.015602 -0.070581 -0.286737
v -0.045490 -0.070581 -0.285153
v 0.013171 -0.070581 -0.285674
v 0.010678 -0.070581 -0.284705
v -0.040326 -0.070581 -0.283329
v 0.008124 -0.070581 -0.283827
v 0.005507 -0.070581 -0.283042
v -0.034960 -0.070581 -0.281910
v 0.002829 -0.070581 -0.282349
v 0.000089 -0.070581 -0.281749
v -0.029392 -0.070581 -0.280897
v -0.002713 -0.070581 -0.281241
v -0.005576 -0.070581 -0.280825
v -0.023620 -0.070581 -0.280289
v -0.008501 -0.070581 -0.280501
v -0.011488 -0.070581 -0.280271
v -0.017647 -0.070581 -0.280086
v -0.014536 -0.070581 -0.280132
v -0.209851 -0.070581 -0.522838
v -0.209851 -0.070581 -0.573273
v -0.142286 -0.070581 -0.573273
v -0.142286 -0.070581 -0.522838
v -0.208073 -0.070581 -0.285813
v -0.208073 -0.070581 -0.493279
v -0.144064 -0.070581 -0.493279
v -0.144064 -0.070581 -0.285813
v -0.479222 -0.070581 -0.507689
v -0.479222 -0.070581 -0.560895
v -0.245590 -0.070581 -0.560895
v -0.245590 -0.070581 -0.507689
v -0.396544 -0.070581 -0.507689
v -0.396544 -0.070581 -0.285813
v -0.328268 -0.070581 -0.507689
v -0.328268 -0.070581 -0.285813
v -1.559810 0.241305 -0.887364
v -1.559811 0.241305 -0.887373
v -1.660422 0.241305 -1.072690
v -1.008520 0.239946 0.515286
v -1.008693 0.239945 0.515417
v -1.000186 0.267992 0.508994
v -1.031997 0.267992 0.533012
v -1.376517 0.239852 -0.140143
v -1.398532 0.239909 -0.191902
v -1.717105 0.238209 -0.304319
v -1.399374 0.239912 -0.193886
v -0.612936 0.241032 0.939406
v -0.655628 0.241057 0.853139
v -0.616320 0.241004 0.941430
v -1.389576 0.161244 -0.177051
v -1.401137 0.161244 -0.204296
v -0.616320 0.267992 0.941430
v -0.627102 0.267992 0.949436
v -1.534823 0.240599 -0.630890
v -1.774749 0.240024 -0.904349
v -1.529418 0.240548 -0.606660
v -1.538269 0.240651 -0.652104
v -1.522730 0.240486 -0.576669
v -0.627102 0.240911 0.949436
v -1.257758 0.239804 0.104037
v -1.282083 0.239804 0.057169
v -1.490373 0.237889 0.230275
v -1.528951 -0.156245 -0.667384
v -1.741230 -0.156544 -0.968718
v -1.539206 -0.156095 -0.730002
v -1.539236 -0.156094 -0.730306
v -1.715717 -0.156224 -1.015794
v -1.540634 -0.156053 -0.744992
v -1.257739 0.239804 0.104073
v -1.243080 0.239804 0.129838
v -0.637029 0.267992 0.958403
v -1.550005 0.240823 -0.724163
v -1.546233 0.240768 -0.701132
v -0.642629 -0.155853 0.848906
v -0.653507 0.241064 0.854825
v -0.637620 -0.155834 0.852292
v -0.637029 0.240820 0.958403
v -1.000186 0.240017 0.508994
v -0.996647 0.240045 0.506846
v -1.002155 0.240038 0.499359
v -0.644681 0.240746 0.966784
v -0.717647 0.240840 0.803834
v -0.645996 0.240732 0.968224
v -0.996314 0.240047 0.506644
v -0.996302 0.240047 0.506637
v -1.547531 -0.155854 -0.817430
v -1.547536 -0.155853 -0.817698
v -1.683800 -0.155904 -1.053262
v -1.547646 -0.155834 -0.823696
v -0.567750 0.267992 1.188445
v -0.580773 0.267992 1.185242
v -0.567750 -0.159000 1.188445
v -1.012653 0.240026 0.485093
v -0.645996 0.267992 0.968224
v -1.558410 0.241064 -0.811591
v -1.558169 0.241057 -0.809060
v -1.000887 0.240011 0.509524
v -1.556351 0.241004 -0.789970
v -1.190348 -0.052465 0.204220
v -1.218912 0.066546 0.161444
v -1.198360 0.239794 0.208579
v -0.654002 0.240646 0.979005
v -1.550591 0.240840 -0.730236
v -0.654002 0.267992 0.979005
v -1.549004 -0.155595 -0.898461
v -1.549021 -0.155596 -0.898241
v -0.660941 0.267992 0.990427
v -1.232122 0.161244 0.144169
v -1.231637 0.239804 0.149986
v -1.205307 0.239789 0.196346
v -1.218912 0.161244 0.167428
v -1.255602 0.161244 0.102902
v -1.548777 -0.155584 -0.901591
v -1.645904 -0.155584 -1.080483
v -0.660941 0.240564 0.990427
v -1.289131 0.161244 0.038298
v -1.301549 0.161244 0.014324
v -1.299484 0.239793 0.023639
v -0.994137 -0.052465 0.494996
v -0.998228 -0.052465 0.489436
v -1.256065 0.161244 0.102010
v -1.698318 0.240985 -1.045363
v -1.559533 0.241257 -0.872326
v -0.664546 0.240515 0.998113
v -1.730128 0.240665 -1.008001
v -1.310961 0.161244 -0.003847
v -1.306665 0.239789 0.009776
v -1.755748 0.240344 -0.960818
v -1.131593 0.238641 0.655986
v -1.111417 0.238901 0.621720
v -1.117653 0.239853 0.336560
v -1.110566 0.238911 0.620556
v -1.090264 0.239150 0.592777
v -1.089587 0.239248 0.566125
v -0.666599 0.267992 1.002490
v -0.684153 -0.155988 0.815894
v -0.684154 -0.155968 0.815894
v -0.666599 0.240488 1.002490
v -1.553846 0.020423 -0.895615
v -1.549344 -0.135772 -0.900912
v -0.670885 0.240421 1.014251
v -0.776383 0.240652 0.751005
v -0.671189 0.240416 1.015086
v -0.722255 0.240824 0.800172
v -0.671189 0.267992 1.015086
v -0.694272 -0.156060 0.815894
v 0.956797 -0.159000 0.815894
v -0.684153 -0.155998 0.815894
v 0.956797 0.161244 0.815894
v -1.558892 0.207291 -0.888650
v -0.684153 -0.155997 0.815894
v -0.580110 0.005542 0.896568
v -0.564319 -0.049690 0.920834
v -0.574433 -0.122518 0.895848
v -0.575693 -0.155595 0.894164
v -1.182887 0.239812 0.233579
v -1.368253 0.237889 0.436192
v -1.177427 0.239819 0.242401
v -0.575894 -0.155596 0.894028
v -0.902225 -0.157375 0.815894
v -0.944460 -0.159000 0.815894
v -0.855680 -0.157124 0.815894
v -1.302603 0.237996 0.533439
v -1.148396 0.239838 0.289303
v -1.440225 0.240016 -0.299181
v -1.443972 0.240025 -0.309124
v -1.767277 0.238636 -0.504471
v -0.732774 -0.156301 0.815894
v -1.782542 0.238850 -0.597662
v -0.812578 -0.156825 0.815894
v -0.771903 -0.156553 0.815894
v -1.234818 0.238103 0.625563
v -1.421690 0.239969 -0.250000
v -0.944460 -0.157617 0.815894
v -1.135591 0.239841 0.309989
v -1.409827 0.239933 -0.218520
v -1.745500 0.238423 -0.406370
v -1.140233 -0.052465 0.285189
v -0.698800 0.161244 0.815894
v -1.760231 -0.156865 -0.912248
v 1.002271 -0.159000 -0.885775
v -0.917062 0.161244 -0.885775
v 1.002271 0.161244 -0.885775
v -1.151875 -0.052465 0.266379
v -0.917062 -0.159000 -0.885775
v -1.505205 0.240338 -0.504847
v -1.505960 0.240343 -0.507572
v -1.787025 0.239704 -0.839126
v -1.512942 0.240389 -0.532788
v 1.459714 0.161244 -0.376541
v 1.459714 -0.159000 -0.376541
v -1.431021 0.237889 0.334888
v -1.420026 -0.159000 -0.325840
v -1.420026 0.161244 -0.325840
v -0.674498 0.240350 1.028002
v -0.786051 -0.052465 -0.767071
v -0.786051 0.161244 -0.767071
v -1.218912 0.161244 -0.285125
v -1.218912 -0.052465 -0.285125
v -0.674498 0.267992 1.028002
v 0.864962 0.161244 -0.767071
v 0.864962 -0.052465 -0.767071
v 1.258601 -0.052465 -0.328820
v 1.258601 0.161244 -0.328820
v 0.825888 -0.052465 0.697190
v 1.258601 -0.052465 0.215434
v -0.676419 0.267992 1.041239
v -1.772507 -0.157185 -0.847025
v -1.131593 -0.159000 0.655986
v -1.131593 -0.158297 0.655986
v -1.121529 -0.159000 0.638893
v -1.138229 -0.158384 0.670183
v -0.676419 0.240292 1.041239
v -1.121529 -0.158181 0.638893
v -1.140096 -0.158211 0.618222
v -1.122893 -0.158184 0.637375
v -1.792362 0.239384 -0.765790
v -1.777951 -0.157505 -0.773689
v -0.677167 0.267992 1.054582
v -0.677167 0.240241 1.054582
v -1.169915 -0.159000 0.926592
v -1.176107 -0.159000 0.887202
v -0.958447 -0.159000 0.889657
v -0.693606 0.240024 1.086821
v -0.676526 0.240199 1.067926
v -1.776457 -0.157719 -0.692988
v -1.450176 0.240038 -0.325589
v -1.148459 -0.158517 0.692067
v -1.148459 -0.159000 0.692067
v -1.150134 -0.158543 0.696861
v -1.790868 0.239063 -0.685089
v -1.157649 0.201284 0.718366
v -1.161589 0.267992 0.729642
v -1.158213 0.238224 0.719980
v -1.464997 0.240084 -0.370788
v -1.420026 0.044976 -0.262672
v -1.158213 0.238232 0.719980
v -1.165539 0.238209 0.711708
v -1.439297 -0.156822 -0.331508
v -1.439432 -0.156822 -0.331920
v -0.952790 -0.159000 0.850160
v -1.477789 -0.156701 -0.451053
v -0.859089 0.161244 0.659538
v -0.843160 0.267992 0.641682
v -0.863257 0.240204 0.664210
v -0.960049 -0.159000 0.929368
v -0.962537 -0.159000 0.815894
v -1.157034 0.161244 0.716607
v -1.151875 0.238339 0.701842
v -1.148459 0.238397 0.692067
v -0.454170 -0.159000 0.949757
v -0.444349 -0.159000 0.958830
v -0.464952 -0.159000 0.941750
v -0.476374 -0.159000 0.934919
v -0.488436 -0.159000 0.929154
v -0.435383 -0.159000 0.968757
v -0.427483 -0.159000 0.979433
v -0.420545 -0.159000 0.990961
v -0.514056 -0.159000 0.921362
v -0.863260 0.240332 0.664213
v -0.862634 0.240389 0.664925
v -0.863259 0.240282 0.664212
v -1.420026 0.161244 -0.252482
v -0.407201 -0.159000 1.028643
v -0.405280 -0.159000 1.041880
v -0.592729 -0.159000 0.928941
v -0.404639 -0.159000 1.055223
v -0.410404 -0.159000 1.015620
v -0.405280 -0.159000 1.068567
v -0.407308 -0.159000 1.081804
v -0.410617 -0.159000 1.094720
v -0.604898 -0.159000 0.934598
v -0.415100 -0.159000 1.107316
v -0.676419 -0.159000 1.041239
v -1.484654 0.240191 -0.430710
v -1.476145 0.240145 -0.404786
v -0.435703 -0.159000 1.141582
v -0.444776 -0.159000 1.151510
v -0.427803 -0.159000 1.130801
v -0.454704 -0.159000 1.160370
v -0.465486 -0.159000 1.168376
v -0.476908 -0.159000 1.175208
v -0.488970 -0.159000 1.180866
v -0.501673 -0.159000 1.185349
v -0.514590 -0.159000 1.188552
v -0.541170 -0.159000 1.191113
v -0.554513 -0.159000 1.190473
v -1.486346 0.240204 -0.436812
v -0.567216 -0.159000 0.921254
v -0.553980 -0.159000 0.919333
v -0.414887 -0.159000 1.003024
v -0.540636 -0.159000 0.918693
v -0.580133 -0.159000 0.924457
v -0.527186 -0.159000 0.919333
v -0.501033 -0.159000 0.924564
v -0.996302 0.240040 0.506637
v -0.996300 0.239971 0.506636
v -0.966240 0.267992 0.488391
v -0.994215 0.161244 0.505370
v -1.420026 -0.156852 -0.280367
v -1.435913 -0.156829 -0.322527
v -1.420026 0.159297 -0.252653
v -0.637029 -0.159000 0.958403
v -0.645996 -0.159000 0.968224
v -0.627102 -0.159000 0.949436
v -0.654002 -0.159000 0.979005
v -0.616320 -0.159000 0.941430
v -0.676526 0.267992 1.067926
v -0.549496 0.267992 0.506112
v -0.583762 0.267992 0.485830
v -0.556969 0.267992 0.520950
v -0.567216 0.267992 0.921254
v -0.569026 0.059620 0.921703
v -0.573271 0.161244 0.922756
v -0.596679 0.267992 0.523191
v -0.619843 0.267992 0.469070
v -0.636069 0.267992 0.529276
v -0.674605 -0.159000 1.081163
v -0.671402 -0.159000 1.094186
v -0.676526 -0.159000 1.067926
v -0.677167 -0.159000 1.054582
v -0.674498 -0.159000 1.028002
v -0.671189 -0.159000 1.015086
v -0.666599 -0.159000 1.002490
v -0.660941 -0.159000 0.990427
v -0.666919 -0.159000 1.106783
v -0.605325 -0.159000 1.174888
v -0.616854 -0.159000 1.168056
v -0.674605 0.240166 1.081163
v -1.496919 -0.156565 -0.520139
v -1.456748 -0.156765 -0.384676
v -0.527826 -0.159000 1.190580
v -0.420865 -0.159000 1.119379
v -0.580773 -0.159000 1.185242
v -0.593263 -0.159000 1.180652
v -0.657418 0.267992 0.455940
v -0.527463 0.267992 0.522215
v -0.627529 -0.159000 1.160050
v -0.637456 -0.159000 1.151083
v -0.646423 -0.159000 1.141156
v -0.654323 -0.159000 1.130373
v -0.661154 -0.159000 1.118845
v -1.473878 -0.156718 -0.436928
v -0.619843 -0.052465 0.469070
v -1.502061 -0.156531 -0.538708
v -1.502141 -0.156530 -0.539067
v -1.178241 -0.159000 0.847492
v -0.673225 0.059620 1.086776
v -0.672720 0.125243 1.088829
v -1.513958 -0.156414 -0.592040
v -1.524000 -0.156319 -0.637150
v -0.596679 -0.052465 0.523191
v -1.170983 -0.159000 0.768285
v -1.161589 -0.159000 0.729642
v -1.176534 -0.159000 0.807675
v -0.593263 0.267992 1.180652
v -1.768024 -0.157932 -0.605561
v -0.636069 -0.052465 0.529276
v -0.674605 0.267992 0.539204
v -1.420026 -0.156969 -0.267322
v -1.752866 -0.158252 -0.512370
v -1.420026 -0.156909 -0.280367
v -0.541170 0.267992 1.191113
v -0.527826 0.267992 1.190580
v 1.459714 -0.159000 0.256038
v -1.420026 -0.159000 0.306586
v -0.657418 -0.052465 0.455940
v -0.583762 -0.052465 0.485830
v -1.420026 -0.157129 -0.223376
v -1.730983 -0.158466 -0.414269
v -0.549496 -0.052465 0.506112
v -0.637456 0.267992 1.151083
v -0.995809 0.267992 1.183534
v -0.961543 0.267992 1.203816
v -0.910945 0.267992 1.120446
v -0.928238 0.267992 1.084473
v -0.527463 -0.052465 0.522215
v -0.529195 -0.052465 0.520950
v -0.616854 0.267992 1.168056
v -0.627529 0.267992 1.160050
v -0.890236 0.267992 1.154392
v -0.925462 0.267992 1.220576
v -0.887887 0.267992 1.233812
v -0.866324 0.267992 1.186310
v -0.839317 0.267992 1.215559
v -0.849138 0.267992 1.243207
v -0.809748 0.267992 1.248757
v -0.809641 0.267992 1.242139
v -0.800013 0.267992 1.249176
v -1.420026 -0.156908 -0.280372
v -1.420026 -0.156909 -0.280372
v -1.027940 0.267992 1.160050
v -1.027940 -0.159000 1.160050
v -1.057616 -0.159000 1.133577
v -1.057616 0.267992 1.133577
v -0.636947 0.241128 0.866023
v -0.849138 -0.159000 1.243207
v -1.702694 -0.158573 -0.312111
v -0.407201 0.267992 1.028643
v -0.405280 0.267992 1.041880
v -1.523944 -0.156320 -0.636810
v -0.590996 0.241305 0.897095
v -0.961543 -0.159000 1.203816
v -0.591004 0.241305 0.897090
v -0.674605 0.267992 1.081163
v -1.668215 -0.158786 -0.207071
v -0.672385 0.168930 1.090191
v -0.671838 0.240145 1.092413
v -1.420026 -0.156884 -0.280370
v -0.671402 0.267992 1.094186
v -0.435383 0.267992 0.968757
v -0.444349 0.267992 0.958830
v -0.605325 0.267992 1.174888
v -0.427483 0.267992 0.979433
v -0.454170 0.267992 0.949757
v -0.488436 0.267992 0.929154
v -0.476374 0.267992 0.934919
v -0.464952 0.267992 0.941750
v -0.661154 0.267992 1.118845
v -0.666919 0.267992 1.106783
v -0.414887 0.267992 1.003024
v -0.420545 0.267992 0.990961
v -0.410404 0.267992 1.015620
v -0.404639 0.267992 1.055223
v -0.407308 0.267992 1.081804
v -0.405280 0.267992 1.068567
v -1.473774 -0.156718 -0.436550
v -0.514056 0.267992 0.921362
v -0.501033 0.267992 0.924564
v -0.410617 0.267992 1.094720
v -0.476908 0.267992 1.175208
v -0.415100 0.267992 1.107316
v -0.420865 0.267992 1.119379
v -0.427803 0.267992 1.130801
v -0.488970 0.267992 1.180866
v -0.465486 0.267992 1.168376
v -0.454704 0.267992 1.160370
v -0.444776 0.267992 1.151510
v -0.435703 0.267992 1.141582
v -0.592729 0.267992 0.928941
v -0.580133 0.267992 0.924457
v -0.553980 0.267992 0.919333
v -0.604898 0.267992 0.934598
v -0.540636 0.267992 0.918693
v -0.527186 0.267992 0.919333
v -1.420026 -0.157256 -0.175925
v -0.573591 0.168930 0.922835
v -1.353735 -0.158893 0.428400
v -1.288085 -0.158893 0.525540
v -1.220300 -0.158786 0.617664
v -0.554513 0.267992 1.190473
v -0.514590 0.267992 1.188552
v -0.501673 0.267992 1.185349
v -1.152183 -0.153072 0.702724
v -1.127580 -0.052465 0.305630
v -1.061963 -0.052465 0.402822
v -0.866324 -0.159000 1.186310
v -1.202569 -0.158430 0.548673
v -1.151875 -0.158252 0.605110
v -1.069941 0.239933 0.407236
v -1.084985 0.239912 0.384952
v -0.654323 0.267992 1.130373
v -0.646423 0.267992 1.141156
v -0.839317 -0.159000 1.215559
v -1.416503 -0.159000 0.326989
v -1.420026 -0.158949 0.306586
v -1.408426 -0.158922 0.319499
v -1.420026 -0.156863 -0.280367
v -1.267125 -0.158588 0.476806
v -1.335165 -0.158683 0.401059
v -1.218912 -0.158470 0.530479
v -0.696061 0.267992 0.446440
v -0.712073 0.267992 0.552867
v -0.747941 0.267992 0.570161
v -0.735558 0.267992 0.440889
v -0.696061 -0.052465 0.446440
v -1.170983 0.267992 0.768285
v -0.775268 0.267992 0.439181
v -0.869633 0.267992 0.671358
v -0.815085 0.267992 0.441423
v -0.854368 0.267992 0.447507
v -0.781993 0.267992 0.590763
v -0.813804 0.267992 0.614781
v -0.892904 0.267992 0.457435
v -0.930373 0.267992 0.471098
v -0.752932 -0.052465 0.573181
v -0.752933 -0.052465 0.573182
v -1.131593 0.267992 0.655986
v -1.148459 0.267992 0.692067
v -0.930266 0.267992 0.773942
v -0.913400 0.267992 0.737755
v -1.420026 -0.156861 -0.280367
v -0.893224 0.267992 0.703489
v -1.061353 0.267992 0.559913
v -1.087933 0.267992 0.589589
v -1.111417 0.267992 0.621720
v -0.943396 0.267992 0.811517
v -0.952790 0.267992 0.850160
v -1.176534 0.267992 0.807675
v -1.178241 0.267992 0.847492
v -1.129137 0.267992 1.038357
v -1.108428 0.267992 1.072409
v -0.951829 0.267992 1.008574
v -0.747941 -0.052465 0.570161
v -1.169915 0.267992 0.926592
v -1.159988 0.267992 0.965128
v -0.960049 0.267992 0.929368
v -0.958447 0.267992 0.889657
v -1.176107 0.267992 0.887202
v -0.941902 0.267992 1.047110
v -1.084517 0.267992 1.104221
v -1.420026 -0.157864 0.004567
v -1.420026 -0.158193 0.087714
v -1.582069 -0.158893 0.007919
v -1.531150 -0.159000 0.115735
v -1.420026 -0.157680 -0.064466
v -1.146431 0.267992 1.002490
v -0.957914 0.267992 0.969185
v -1.363952 0.239840 -0.110598
v -1.682626 0.238103 -0.199172
v -0.861647 0.161244 0.662405
v -0.859089 0.035848 0.659538
v -0.843160 -0.052465 0.641682
v -0.860464 0.161244 0.663744
v -1.061353 0.239456 0.559913
v -0.992598 -0.052465 0.496909
v -1.545668 0.237889 0.123634
v -1.475855 -0.159000 0.222483
v -0.576618 0.241305 0.923586
v -0.672443 0.161244 1.089952
v -1.152924 -0.106562 0.704844
v -1.152095 -0.158576 0.702473
v -0.567216 0.016278 0.921254
v -1.152095 -0.158576 0.702473
v -1.151875 -0.158572 0.701842
v -0.679088 -0.156865 1.078922
v -0.674066 -0.049690 1.083355
v -0.576614 0.241305 0.923584
v -0.580133 0.241281 0.924457
v -0.604898 0.241097 0.934598
v -0.714635 0.161244 0.803308
v -0.592729 0.241189 0.928941
v 1.459714 0.161244 0.256038
v -0.754986 0.239704 1.061628
v -0.740468 -0.157185 1.053729
v -1.420026 -0.158540 0.192170
v -0.815085 -0.052465 0.441423
v -0.854368 -0.052465 0.447507
v -0.893224 0.240040 0.703489
v -0.872238 0.240290 0.674905
v -0.898151 0.239975 0.711857
v -0.735558 -0.052465 0.440889
v -0.913400 0.239768 0.737755
v -0.927523 0.239552 0.768057
v -0.714635 -0.052465 0.554103
v -0.556969 -0.052465 0.520950
v -1.642275 0.237996 -0.092211
v -1.627864 -0.158893 -0.100110
v -0.886286 0.239063 0.980927
v -0.819355 0.239384 1.026188
v -1.596480 0.237889 0.015712
v -0.605325 0.241093 0.934853
v -0.869633 0.240320 0.671358
v -0.674605 -0.052465 0.539204
v -1.420026 -0.157478 -0.123629
v -0.712073 -0.052465 0.552867
v -0.866484 0.240353 0.667828
v -0.863261 0.240388 0.664214
v -0.775268 -0.052465 0.439181
v -0.831181 0.240486 0.696949
v -0.845243 0.240443 0.682631
v -0.868586 0.240331 0.670183
v -0.792178 0.240600 0.736658
v -0.966240 -0.052465 0.488391
v -0.988556 -0.052465 0.501935
v -0.930266 0.239516 0.773942
v -0.720074 0.161244 0.798984
v -0.790003 0.161244 0.735474
v -0.832530 0.161244 0.692182
v -0.854139 0.161244 0.670183
v -0.827610 0.161244 0.697190
v -1.159988 -0.159000 0.965128
v -1.108428 -0.159000 1.072409
v -1.146431 -0.159000 1.002490
v -1.129137 -0.159000 1.038357
v -0.957914 -0.159000 0.969185
v -0.959755 0.238835 0.922087
v -0.959595 0.161244 0.918110
v -0.955032 0.238850 0.926379
v -1.138229 0.238545 0.670183
v -0.809641 -0.159000 1.242139
v -0.800013 -0.159000 1.249176
v -0.809748 -0.159000 1.248757
v -1.407670 0.161244 -0.219694
v -0.890236 -0.159000 1.154392
v -0.925462 -0.159000 1.220576
v -0.887887 -0.159000 1.233812
v -0.958773 0.238926 0.897726
v -0.928238 -0.159000 1.084473
v -0.910945 -0.159000 1.120446
v -0.995809 -0.159000 1.183534
v -0.941902 -0.159000 1.047110
v -0.952790 0.239124 0.850160
v -0.943396 0.239311 0.811517
v -1.043696 0.239629 0.543733
v -1.084517 -0.159000 1.104221
v -0.958447 0.238956 0.889657
v -1.353530 0.239838 -0.088509
v -1.351394 0.239836 -0.083981
v 0.825888 0.161244 0.697190
v 1.258601 0.161244 0.215434
v -0.825270 0.161244 0.697190
v -1.330054 0.239818 -0.038655
v -1.313114 0.239794 -0.002675
v -1.087933 0.239176 0.589589
v -1.341700 0.161244 -0.069140
v -0.960049 -0.052465 0.485407
v -0.823741 -0.052465 0.442763
v -0.580133 -0.155723 0.924457
v -0.559675 -0.155507 0.920160
v -0.572974 -0.155584 0.895659
v -0.560921 -0.127045 0.920340
v -1.361813 0.161244 -0.111770
v -0.559671 -0.155584 0.920160
v -0.567216 -0.155633 0.921254
v -0.592729 -0.155814 0.928941
v -0.559672 -0.155582 0.920160
v -1.362221 0.161244 -0.112729
v -0.559672 -0.155571 0.920160
v -0.559673 -0.155546 0.920160
v -0.598387 -0.155857 0.931571
v -0.857288 -0.052465 0.657519
v -0.845149 -0.052465 0.670183
v -0.854605 -0.052465 0.660556
v -0.857003 0.034989 0.661861
v -0.849527 0.051622 0.670183
v -0.818620 -0.052465 0.697190
v -0.604898 -0.155907 0.934598
v -0.605325 -0.155911 0.934853
v -0.951829 -0.159000 1.008574
v -0.989418 -0.052465 0.500864
v -0.616320 -0.156000 0.941430
v -0.627102 -0.156093 0.949436
v -0.632360 -0.156141 0.954185
v -0.637029 -0.156184 0.958403
v -1.053219 0.239964 0.429962
v -1.050132 0.239970 0.434157
v -1.007763 -0.052465 0.476479
v -0.645996 -0.156273 0.968224
v -0.654002 -0.156360 0.979005
v -0.660941 -0.156442 0.990427
v -1.006508 -0.052465 0.478184
v -0.661968 -0.156456 0.992617
v -1.031997 0.239739 0.533012
v -1.061927 -0.052465 0.402876
v -0.664546 -0.156491 0.998113
v -0.671189 -0.156593 1.015086
v -0.666599 -0.156520 1.002490
v -0.930373 -0.052465 0.471098
v -0.825270 0.105598 0.697190
v -0.676419 -0.156717 1.041239
v -0.674498 -0.156659 1.028002
v -1.202312 -0.052465 0.183154
v -0.677167 -0.156768 1.054582
v -1.218912 -0.052465 0.153978
v -0.674769 -0.156841 1.080033
v -0.676526 -0.156810 1.067926
v -0.674605 -0.119735 1.081163
v -0.674769 -0.156840 1.080033
v -0.804944 -0.157505 1.018395
v -0.871768 -0.157719 0.973134
v -0.813804 -0.052465 0.614781
v -0.892904 -0.052465 0.457435
v -0.940514 -0.157932 0.918480
v -0.781993 -0.052465 0.590763
v -0.958935 -0.158017 0.901746
v -0.959116 -0.070567 0.906227
v -0.958935 -0.158017 0.901744
v -0.950607 -0.157735 0.841181
v -0.958447 -0.157970 0.889657
v -0.952790 -0.157784 0.850160
v 0.155366 0.046713 -0.213424
v 0.164158 0.046713 -0.213549
v 0.161805 0.046713 -0.213556
v 0.166473 0.046713 -0.213528
v 0.168751 0.046713 -0.213493
v 0.170992 0.046713 -0.213443
v 0.173196 0.046713 -0.213380
v 0.149204 0.046713 -0.213028
v 0.175363 0.046713 -0.213302
v 0.177493 0.046713 -0.213210
v 0.179586 0.046713 -0.213105
v 0.181642 0.046713 -0.212985
v 0.143320 0.046713 -0.212367
v 0.183660 0.046713 -0.212851
v 0.185642 0.046713 -0.212702
v 0.187587 0.046713 -0.212540
v 0.189495 0.046713 -0.212366
v 0.137713 0.046713 -0.211442
v 0.191365 0.046713 -0.212183
v 0.193199 0.046713 -0.211992
v 0.194995 0.046713 -0.211791
v 0.196755 0.046713 -0.211581
v 0.198477 0.046713 -0.211362
v 0.132385 0.046713 -0.210252
v 0.200163 0.046713 -0.211135
v 0.201811 0.046713 -0.210898
v 0.203422 0.046713 -0.210652
v 0.204997 0.046713 -0.210398
v 0.206534 0.046713 -0.210134
v 0.127334 0.046713 -0.208799
v 0.208034 0.046713 -0.209861
v 0.208034 0.046713 -0.162937
v 0.122561 0.046713 -0.207081
v 0.118066 0.046713 -0.205099
v 0.113849 0.046713 -0.202853
v 0.109909 0.046713 -0.200342
v 0.106248 0.046713 -0.197567
v 0.102864 0.046713 -0.194528
v 0.099754 0.046713 -0.191224
v 0.096915 0.046713 -0.187656
v 0.094346 0.046713 -0.183824
v 0.188637 0.046713 -0.166620
v 0.189812 0.046713 -0.166401
v 0.092048 0.046713 -0.179728
v 0.186247 0.046713 -0.166989
v 0.187449 0.046713 -0.166816
v 0.090020 0.046713 -0.175367
v 0.183802 0.046713 -0.167266
v 0.185031 0.046713 -0.167140
v 0.088262 0.046713 -0.170742
v 0.180033 0.046713 -0.167509
v 0.181303 0.046713 -0.167451
v 0.182559 0.046713 -0.167370
v 0.086775 0.046713 -0.165853
v 0.174396 0.046713 -0.167506
v 0.177452 0.046713 -0.167555
v 0.178749 0.046713 -0.167544
v 0.171508 0.046713 -0.167360
v 0.168790 0.046713 -0.167116
v 0.166241 0.046713 -0.166775
v 0.163861 0.046713 -0.166336
v 0.190973 0.046713 -0.166158
v 0.161650 0.046713 -0.165800
v 0.192121 0.046713 -0.165893
v 0.193244 0.046713 -0.165618
v 0.085558 0.046713 -0.160699
v 0.159608 0.046713 -0.165166
v 0.194331 0.046713 -0.165348
v 0.195382 0.046713 -0.165084
v 0.157736 0.046713 -0.164435
v 0.196398 0.046713 -0.164825
v 0.197378 0.046713 -0.164571
v 0.198322 0.046713 -0.164322
v 0.156033 0.046713 -0.163606
v 0.199230 0.046713 -0.164078
v 0.200102 0.046713 -0.163840
v 0.200939 0.046713 -0.163606
v 0.154498 0.046713 -0.162680
v 0.201739 0.046713 -0.163378
v 0.202504 0.046713 -0.163155
v 0.203233 0.046713 -0.162937
v 0.153133 0.046713 -0.161656
v 0.151937 0.046713 -0.160535
v 0.084611 0.046713 -0.155281
v 0.150872 0.046713 -0.159274
v 0.149900 0.046713 -0.157831
v 0.149020 0.046713 -0.156205
v 0.148233 0.046713 -0.154397
v 0.083935 0.046713 -0.149599
v 0.147539 0.046713 -0.152408
v 0.146937 0.046713 -0.150235
v 0.146427 0.046713 -0.147881
v 0.083530 0.046713 -0.143653
v 0.146011 0.046713 -0.145345
v 0.145687 0.046713 -0.142627
v 0.083395 0.046713 -0.137442
v 0.145455 0.046713 -0.139726
v 0.145316 0.046713 -0.136643
v 0.083395 0.046713 -0.131715
v 0.145270 0.046713 -0.133378
v 0.145270 0.046713 -0.131715
v 0.056013 0.046713 -0.086638
v 0.056013 0.046713 -0.131715
v 0.194699 0.046713 -0.131715
v 0.194699 0.046713 -0.086638
v 0.083395 0.046713 -0.086638
v 0.083395 0.046713 0.075751
v 0.147403 0.046713 -0.086638
v 0.147403 0.046713 0.075751
v -0.085064 0.046713 -0.137977
v -0.068080 0.046713 -0.137976
v -0.076628 0.046713 -0.138181
v -0.093186 0.046713 -0.137365
v -0.059862 0.046713 -0.137360
v -0.100992 0.046713 -0.136345
v -0.051974 0.046713 -0.136334
v -0.108484 0.046713 -0.134917
v -0.044416 0.046713 -0.134897
v -0.115661 0.046713 -0.133081
v -0.037187 0.046713 -0.133049
v -0.122523 0.046713 -0.130838
v -0.030288 0.046713 -0.130791
v -0.129070 0.046713 -0.128186
v -0.023718 0.046713 -0.128123
v -0.135303 0.046713 -0.125126
v -0.017479 0.046713 -0.125044
v -0.141220 0.046713 -0.121658
v -0.011569 0.046713 -0.121554
v -0.146823 0.046713 -0.117782
v -0.005988 0.046713 -0.117654
v -0.152110 0.046713 -0.113499
v -0.000737 0.046713 -0.113343
v -0.157083 0.046713 -0.108807
v 0.004184 0.046713 -0.108622
v -0.161698 0.046713 -0.103757
v 0.008742 0.046713 -0.103546
v -0.165912 0.046713 -0.098400
v 0.012903 0.046713 -0.098169
v -0.169724 0.046713 -0.092734
v 0.016669 0.046713 -0.092492
v -0.173135 0.046713 -0.086761
v -0.079653 0.046713 -0.091739
v -0.078154 0.046713 -0.091793
v -0.076628 0.046713 -0.091811
v -0.075095 0.046713 -0.091789
v -0.073580 0.046713 -0.091723
v 0.020038 0.046713 -0.086515
v -0.081123 0.046713 -0.091649
v -0.072083 0.046713 -0.091614
v -0.082564 0.046713 -0.091523
v -0.070602 0.046713 -0.091462
v -0.083977 0.046713 -0.091362
v -0.069139 0.046713 -0.091265
v -0.085362 0.046713 -0.091164
v -0.067693 0.046713 -0.091026
v -0.086719 0.046713 -0.090930
v -0.066265 0.046713 -0.090742
v -0.088047 0.046713 -0.090661
v -0.064853 0.046713 -0.090415
v -0.089346 0.046713 -0.090356
v -0.063459 0.046713 -0.090044
v -0.090617 0.046713 -0.090014
v -0.062082 0.046713 -0.089630
v -0.091860 0.046713 -0.089637
v -0.093074 0.046713 -0.089224
v -0.060723 0.046713 -0.089171
v -0.094270 0.046713 -0.088757
v -0.059381 0.046713 -0.088670
v -0.095457 0.046713 -0.088218
v -0.058063 0.046713 -0.088116
v -0.096636 0.046713 -0.087608
v -0.056778 0.046713 -0.087500
v -0.097806 0.046713 -0.086925
v -0.055525 0.046713 -0.086822
v -0.098967 0.046713 -0.086171
v -0.054304 0.046713 -0.086084
v -0.176145 0.046713 -0.080480
v 0.023010 0.046713 -0.080237
v -0.100120 0.046713 -0.085345
v -0.053115 0.046713 -0.085283
v -0.101264 0.046713 -0.084447
v -0.051958 0.046713 -0.084421
v -0.102399 0.046713 -0.083477
v -0.050833 0.046713 -0.083497
v -0.049740 0.046713 -0.082512
v -0.103526 0.046713 -0.082435
v -0.048679 0.046713 -0.081465
v -0.104644 0.046713 -0.081321
v -0.047651 0.046713 -0.080357
v -0.105753 0.046713 -0.080136
v -0.178753 0.046713 -0.073890
v -0.046654 0.046713 -0.079186
v 0.025587 0.046713 -0.073660
v -0.106854 0.046713 -0.078879
v -0.045690 0.046713 -0.077955
v -0.107815 0.046713 -0.077640
v -0.044759 0.046713 -0.076689
v -0.108743 0.046713 -0.076328
v -0.043863 0.046713 -0.075353
v -0.109638 0.046713 -0.074941
v -0.043001 0.046713 -0.073948
v -0.110499 0.046713 -0.073480
v -0.042174 0.046713 -0.072474
v -0.180960 0.046713 -0.066993
v 0.027766 0.046713 -0.066782
v -0.111327 0.046713 -0.071944
v -0.041381 0.046713 -0.070931
v -0.112122 0.046713 -0.070334
v -0.040623 0.046713 -0.069318
v -0.112883 0.046713 -0.068650
v -0.039899 0.046713 -0.067636
v -0.113611 0.046713 -0.066891
v -0.039210 0.046713 -0.065885
v -0.182766 0.046713 -0.059789
v -0.114305 0.046713 -0.065057
v 0.029550 0.046713 -0.059604
v -0.038556 0.046713 -0.064064
v -0.114966 0.046713 -0.063150
v -0.037936 0.046713 -0.062175
v -0.115594 0.046713 -0.061168
v -0.037351 0.046713 -0.060216
v -0.116189 0.046713 -0.059111
v -0.036800 0.046713 -0.058187
v -0.184170 0.046713 -0.052276
v 0.030937 0.046713 -0.052125
v -0.116743 0.046713 -0.056972
v -0.036289 0.046713 -0.056083
v -0.117248 0.046713 -0.054744
v -0.035822 0.046713 -0.053897
v -0.117706 0.046713 -0.052426
v -0.035400 0.046713 -0.051629
v -0.118115 0.046713 -0.050018
v -0.185174 0.046713 -0.044455
v 0.031928 0.046713 -0.044347
v -0.035022 0.046713 -0.049279
v -0.118476 0.046713 -0.047520
v -0.034689 0.046713 -0.046846
v -0.118789 0.046713 -0.044932
v -0.034400 0.046713 -0.044332
v -0.119054 0.046713 -0.042255
v -0.185776 0.046713 -0.036326
v 0.032523 0.046713 -0.036268
v -0.034155 0.046713 -0.041735
v -0.119271 0.046713 -0.039487
v -0.033955 0.046713 -0.039056
v -0.119439 0.046713 -0.036630
v -0.033799 0.046713 -0.036295
v -0.119560 0.046713 -0.033683
v -0.185976 0.046713 -0.027889
v -0.033688 0.046713 -0.033452
v 0.032721 0.046713 -0.027889
v -0.119632 0.046713 -0.030647
v -0.033622 0.046713 -0.030527
v -0.119656 0.046713 -0.027520
v -0.033599 0.046713 -0.027520
v -0.185777 0.046713 -0.019511
v 0.032521 0.046713 -0.019511
v -0.119635 0.046713 -0.024719
v -0.033621 0.046713 -0.024285
v -0.119572 0.046713 -0.021980
v -0.033686 0.046713 -0.021169
v -0.119467 0.046713 -0.019305
v -0.033794 0.046713 -0.018173
v -0.185179 0.046713 -0.011435
v 0.031923 0.046713 -0.011435
v -0.119320 0.046713 -0.016692
v -0.033945 0.046713 -0.015296
v -0.119131 0.046713 -0.014142
v -0.034140 0.046713 -0.012539
v -0.118900 0.046713 -0.011655
v -0.034377 0.046713 -0.009900
v -0.118627 0.046713 -0.009231
v -0.184182 0.046713 -0.003659
v 0.030926 0.046713 -0.003659
v -0.034658 0.046713 -0.007381
v -0.118313 0.046713 -0.006870
v -0.034982 0.046713 -0.004981
v -0.117956 0.046713 -0.004572
v -0.035350 0.046713 -0.002701
v -0.117557 0.046713 -0.002336
v -0.182786 0.046713 0.003814
v 0.029530 0.046713 0.003814
v -0.035760 0.046713 -0.000540
v -0.117116 0.046713 -0.000163
v -0.036214 0.046713 0.001502
v -0.116633 0.046713 0.001946
v -0.036711 0.046713 0.003424
v -0.116110 0.046713 0.003991
v -0.037251 0.046713 0.005265
v -0.180991 0.046713 0.010987
v 0.027736 0.046713 0.010987
v -0.115547 0.046713 0.005967
v -0.037835 0.046713 0.007060
v -0.114944 0.046713 0.007875
v -0.038461 0.046713 0.008811
v -0.114302 0.046713 0.009716
v -0.039131 0.046713 0.010516
v -0.113620 0.046713 0.011488
v -0.039844 0.046713 0.012177
v -0.178797 0.046713 0.017857
v 0.025542 0.046713 0.017857
v -0.112899 0.046713 0.013193
v -0.040600 0.046713 0.013793
v -0.112139 0.046713 0.014829
v -0.041400 0.046713 0.015364
v -0.111339 0.046713 0.016397
v -0.042243 0.046713 0.016890
v -0.110499 0.046713 0.017898
v -0.043129 0.046713 0.018371
v -0.176205 0.046713 0.024427
v 0.022950 0.046713 0.024427
v -0.109620 0.046713 0.019330
v -0.044058 0.046713 0.019808
v -0.108701 0.046713 0.020695
v -0.045030 0.046713 0.021199
v -0.107743 0.046713 0.021991
v -0.046046 0.046713 0.022545
v -0.106779 0.046713 0.023165
v -0.046981 0.046713 0.023717
v -0.105785 0.046713 0.024285
v -0.047950 0.046713 0.024832
v -0.104759 0.046713 0.025351
v -0.173214 0.046713 0.030695
v 0.019959 0.046713 0.030695
v -0.048952 0.046713 0.025888
v -0.103703 0.046713 0.026363
v -0.049987 0.046713 0.026887
v -0.102616 0.046713 0.027322
v -0.051056 0.046713 0.027828
v -0.101498 0.046713 0.028226
v -0.052158 0.046713 0.028711
v -0.100349 0.046713 0.029077
v -0.053293 0.046713 0.029537
v -0.099169 0.046713 0.029873
v -0.054462 0.046713 0.030304
v -0.097958 0.046713 0.030616
v -0.055664 0.046713 0.031015
v -0.096717 0.046713 0.031305
v -0.169824 0.046713 0.036661
v 0.016569 0.046713 0.036661
v -0.056899 0.046713 0.031667
v -0.095445 0.046713 0.031940
v -0.058168 0.046713 0.032262
v -0.094141 0.046713 0.032521
v -0.059470 0.046713 0.032799
v -0.092807 0.046713 0.033053
v -0.060794 0.046713 0.033285
v -0.091442 0.046713 0.033537
v -0.062129 0.046713 0.033730
v -0.090046 0.046713 0.033976
v -0.063476 0.046713 0.034132
v -0.088619 0.046713 0.034369
v -0.064833 0.046713 0.034492
v -0.087162 0.046713 0.034715
v -0.066202 0.046713 0.034809
v -0.085673 0.046713 0.035015
v -0.067582 0.046713 0.035085
v -0.084154 0.046713 0.035269
v -0.068973 0.046713 0.035318
v -0.082604 0.046713 0.035477
v -0.070375 0.046713 0.035508
v -0.081023 0.046713 0.035639
v -0.071788 0.046713 0.035656
v -0.079411 0.046713 0.035754
v -0.073212 0.046713 0.035762
v -0.077768 0.046713 0.035824
v -0.074648 0.046713 0.035826
v -0.076094 0.046713 0.035847
v 0.012780 0.046713 0.042326
v -0.166035 0.046713 0.042326
v 0.008592 0.046713 0.047689
v -0.161848 0.046713 0.047689
v 0.004006 0.046713 0.052751
v -0.157261 0.046713 0.052751
v -0.152314 0.046713 0.057457
v -0.000941 0.046713 0.057457
v -0.006210 0.046713 0.061754
v -0.147045 0.046713 0.061754
v -0.011802 0.046713 0.065642
v -0.141453 0.046713 0.065642
v -0.017716 0.046713 0.069121
v -0.135540 0.046713 0.069121
v -0.023952 0.046713 0.072190
v -0.129304 0.046713 0.072190
v -0.030510 0.046713 0.074851
v -0.122745 0.046713 0.074851
v -0.037391 0.046713 0.077102
v -0.115865 0.046713 0.077102
v -0.044594 0.046713 0.078943
v -0.108662 0.046713 0.078943
v -0.052119 0.046713 0.080376
v -0.101137 0.046713 0.080376
v -0.059966 0.046713 0.081399
v -0.093289 0.046713 0.081399
v -0.068136 0.046713 0.082013
v -0.085120 0.046713 0.082013
v -0.076628 0.046713 0.082217
v 0.155366 -0.070581 -0.213424
v 0.161805 -0.070581 -0.213556
v 0.164158 -0.070581 -0.213549
v 0.166473 -0.070581 -0.213528
v 0.168751 -0.070581 -0.213493
v 0.170992 -0.070581 -0.213443
v 0.173196 -0.070581 -0.213380
v 0.149204 -0.070581 -0.213028
v 0.175363 -0.070581 -0.213302
v 0.177493 -0.070581 -0.213210
v 0.179586 -0.070581 -0.213105
v 0.181642 -0.070581 -0.212985
v 0.143320 -0.070581 -0.212367
v 0.183660 -0.070581 -0.212851
v 0.185642 -0.070581 -0.212702
v 0.187587 -0.070581 -0.212540
v 0.189495 -0.070581 -0.212366
v 0.137713 -0.070581 -0.211442
v 0.191365 -0.070581 -0.212183
v 0.193199 -0.070581 -0.211992
v 0.194995 -0.070581 -0.211791
v 0.196755 -0.070581 -0.211581
v 0.198477 -0.070581 -0.211362
v 0.132385 -0.070581 -0.210252
v 0.200163 -0.070581 -0.211135
v 0.201811 -0.070581 -0.210898
v 0.203422 -0.070581 -0.210652
v 0.204997 -0.070581 -0.210398
v 0.206534 -0.070581 -0.210134
v 0.127334 -0.070581 -0.208799
v 0.208034 -0.070581 -0.209861
v 0.208034 -0.070581 -0.162937
v 0.122561 -0.070581 -0.207081
v 0.118066 -0.070581 -0.205099
v 0.113849 -0.070581 -0.202853
v 0.109909 -0.070581 -0.200342
v 0.106248 -0.070581 -0.197567
v 0.102864 -0.070581 -0.194528
v 0.099754 -0.070581 -0.191224
v 0.096915 -0.070581 -0.187656
v 0.094346 -0.070581 -0.183824
v 0.188637 -0.070581 -0.166620
v 0.189812 -0.070581 -0.166401
v 0.092048 -0.070581 -0.179728
v 0.186247 -0.070581 -0.166989
v 0.187449 -0.070581 -0.166816
v 0.090020 -0.070581 -0.175367
v 0.183802 -0.070581 -0.167266
v 0.185031 -0.070581 -0.167140
v 0.088262 -0.070581 -0.170742
v 0.180033 -0.070581 -0.167509
v 0.181303 -0.070581 -0.167451
v 0.182559 -0.070581 -0.167370
v 0.086775 -0.070581 -0.165853
v 0.174396 -0.070581 -0.167506
v 0.177452 -0.070581 -0.167555
v 0.178749 -0.070581 -0.167544
v 0.171508 -0.070581 -0.167360
v 0.168790 -0.070581 -0.167116
v 0.166241 -0.070581 -0.166775
v 0.163861 -0.070581 -0.166336
v 0.190973 -0.070581 -0.166158
v 0.161650 -0.070581 -0.165800
v 0.192121 -0.070581 -0.165893
v 0.193244 -0.070581 -0.165618
v 0.085558 -0.070581 -0.160699
v 0.159608 -0.070581 -0.165166
v 0.194331 -0.070581 -0.165348
v 0.195382 -0.070581 -0.165084
v 0.157736 -0.070581 -0.164435
v 0.196398 -0.070581 -0.164825
v 0.197378 -0.070581 -0.164571
v 0.198322 -0.070581 -0.164322
v 0.156033 -0.070581 -0.163606
v 0.199230 -0.070581 -0.164078
v 0.200102 -0.070581 -0.163840
v 0.200939 -0.070581 -0.163606
v 0.154498 -0.070581 -0.162680
v 0.201739 -0.070581 -0.163378
v 0.202504 -0.070581 -0.163155
v 0.203233 -0.070581 -0.162937
v 0.153133 -0.070581 -0.161656
v 0.151937 -0.070581 -0.160535
v 0.084611 -0.070581 -0.155281
v 0.150872 -0.070581 -0.159274
v 0.149900 -0.070581 -0.157831
v 0.149020 -0.070581 -0.156205
v 0.148233 -0.070581 -0.154397
v 0.083935 -0.070581 -0.149599
v 0.147539 -0.070581 -0.152408
v 0.146937 -0.070581 -0.150235
v 0.146427 -0.070581 -0.147881
v 0.083530 -0.070581 -0.143653
v 0.146011 -0.070581 -0.145345
v 0.145687 -0.070581 -0.142627
v 0.083395 -0.070581 -0.137442
v 0.145455 -0.070581 -0.139726
v 0.145316 -0.070581 -0.136643
v 0.083395 -0.070581 -0.131715
v 0.145270 -0.070581 -0.133378
v 0.145270 -0.070581 -0.131715
v 0.056013 -0.070581 -0.086638
v 0.056013 -0.070581 -0.131715
v 0.194699 -0.070581 -0.131715
v 0.194699 -0.070581 -0.086638
v 0.083395 -0.070581 -0.086638
v 0.083395 -0.070581 0.075751
v 0.147403 -0.070581 -0.086638
v 0.147403 -0.070581 0.075751
v -0.085064 -0.070581 -0.137977
v -0.076628 -0.070581 -0.138181
v -0.068080 -0.070581 -0.137976
v -0.093186 -0.070581 -0.137365
v -0.059862 -0.070581 -0.137360
v -0.100992 -0.070581 -0.136345
v -0.051974 -0.070581 -0.136334
v -0.108484 -0.070581 -0.134917
v -0.044416 -0.070581 -0.134897
v -0.115661 -0.070581 -0.133081
v -0.037187 -0.070581 -0.133049
v -0.122523 -0.070581 -0.130838
v -0.030288 -0.070581 -0.130791
v -0.129070 -0.070581 -0.128186
v -0.023718 -0.070581 -0.128123
v -0.135303 -0.070581 -0.125126
v -0.017479 -0.070581 -0.125044
v -0.141220 -0.070581 -0.121658
v -0.011569 -0.070581 -0.121554
v -0.146823 -0.070581 -0.117782
v -0.005988 -0.070581 -0.117654
v -0.152110 -0.070581 -0.113499
v -0.000737 -0.070581 -0.113343
v -0.157083 -0.070581 -0.108807
v 0.004184 -0.070581 -0.108622
v -0.161698 -0.070581 -0.103757
v 0.008742 -0.070581 -0.103546
v -0.165912 -0.070581 -0.098400
v 0.012903 -0.070581 -0.098169
v -0.169724 -0.070581 -0.092734
v 0.016669 -0.070581 -0.092492
v -0.173135 -0.070581 -0.086761
v -0.079653 -0.070581 -0.091739
v -0.078154 -0.070581 -0.091793
v -0.076628 -0.070581 -0.091811
v -0.075095 -0.070581 -0.091789
v -0.073580 -0.070581 -0.091723
v 0.020038 -0.070581 -0.086515
v -0.081123 -0.070581 -0.091649
v -0.072083 -0.070581 -0.091614
v -0.082564 -0.070581 -0.091523
v -0.070602 -0.070581 -0.091462
v -0.083977 -0.070581 -0.091362
v -0.069139 -0.070581 -0.091265
v -0.085362 -0.070581 -0.091164
v -0.067693 -0.070581 -0.091026
v -0.086719 -0.070581 -0.090930
v -0.066265 -0.070581 -0.090742
v -0.088047 -0.070581 -0.090661
v -0.064853 -0.070581 -0.090415
v -0.089346 -0.070581 -0.090356
v -0.063459 -0.070581 -0.090044
v -0.090617 -0.070581 -0.090014
v -0.062082 -0.070581 -0.089630
v -0.091860 -0.070581 -0.089637
v -0.093074 -0.070581 -0.089224
v -0.060723 -0.070581 -0.089171
v -0.094270 -0.070581 -0.088757
v -0.059381 -0.070581 -0.088670
v -0.095457 -0.070581 -0.088218
v -0.058063 -0.070581 -0.088116
v -0.096636 -0.070581 -0.087608
v -0.056778 -0.070581 -0.087500
v -0.097806 -0.070581 -0.086925
v -0.055525 -0.070581 -0.086822
v -0.098967 -0.070581 -0.086171
v -0.054304 -0.070581 -0.086084
v -0.176145 -0.070581 -0.080480
v 0.023010 -0.070581 -0.080237
v -0.100120 -0.070581 -0.085345
v -0.053115 -0.070581 -0.085283
v -0.101264 -0.070581 -0.084447
v -0.051958 -0.070581 -0.084421
v -0.102399 -0.070581 -0.083477
v -0.050833 -0.070581 -0.083497
v -0.049740 -0.070581 -0.082512
v -0.103526 -0.070581 -0.082435
v -0.048679 -0.070581 -0.081465
v -0.104644 -0.070581 -0.081321
v -0.047651 -0.070581 -0.080357
v -0.105753 -0.070581 -0.080136
v -0.178753 -0.070581 -0.073890
v -0.046654 -0.070581 -0.079186
v 0.025587 -0.070581 -0.073660
v -0.106854 -0.070581 -0.078879
v -0.045690 -0.070581 -0.077955
v -0.107815 -0.070581 -0.077640
v -0.044759 -0.070581 -0.076689
v -0.108743 -0.070581 -0.076328
v -0.043863 -0.070581 -0.075353
v -0.109638 -0.070581 -0.074941
v -0.043001 -0.070581 -0.073948
v -0.110499 -0.070581 -0.073480
v -0.042174 -0.070581 -0.072474
v -0.180960 -0.070581 -0.066993
v 0.027766 -0.070581 -0.066782
v -0.111327 -0.070581 -0.071944
v -0.041381 -0.070581 -0.070931
v -0.112122 -0.070581 -0.070334
v -0.040623 -0.070581 -0.069318
v -0.112883 -0.070581 -0.068650
v -0.039899 -0.070581 -0.067636
v -0.113611 -0.070581 -0.066891
v -0.039210 -0.070581 -0.065885
v -0.182766 -0.070581 -0.059789
v -0.114305 -0.070581 -0.065057
v 0.029550 -0.070581 -0.059604
v -0.038556 -0.070581 -0.064064
v -0.114966 -0.070581 -0.063150
v -0.037936 -0.070581 -0.062175
v -0.115594 -0.070581 -0.061168
v -0.037351 -0.070581 -0.060216
v -0.116189 -0.070581 -0.059111
v -0.036800 -0.070581 -0.058187
v -0.184170 -0.070581 -0.052276
v 0.030937 -0.070581 -0.052125
v -0.116743 -0.070581 -0.056972
v -0.036289 -0.070581 -0.056083
v -0.117248 -0.070581 -0.054744
v -0.035822 -0.070581 -0.053897
v -0.117706 -0.070581 -0.052426
v -0.035400 -0.070581 -0.051629
v -0.118115 -0.070581 -0.050018
v -0.185174 -0.070581 -0.044455
v 0.031928 -0.070581 -0.044347
v -0.035022 -0.070581 -0.049279
v -0.118476 -0.070581 -0.047520
v -0.034689 -0.070581 -0.046846
v -0.118789 -0.070581 -0.044932
v -0.034400 -0.070581 -0.044332
v -0.119054 -0.070581 -0.042255
v -0.185776 -0.070581 -0.036326
v 0.032523 -0.070581 -0.036268
v -0.034155 -0.070581 -0.041735
v -0.119271 -0.070581 -0.039487
v -0.033955 -0.070581 -0.039056
v -0.119439 -0.070581 -0.036630
v -0.033799 -0.070581 -0.036295
v -0.119560 -0.070581 -0.033683
v -0.185976 -0.070581 -0.027889
v -0.033688 -0.070581 -0.033452
v 0.032721 -0.070581 -0.027889
v -0.119632 -0.070581 -0.030647
v -0.033622 -0.070581 -0.030527
v -0.119656 -0.070581 -0.027520
v -0.033599 -0.070581 -0.027520
v -0.185777 -0.070581 -0.019511
v 0.032521 -0.070581 -0.019511
v -0.119635 -0.070581 -0.024719
v -0.033621 -0.070581 -0.024285
v -0.119572 -0.070581 -0.021980
v -0.033686 -0.070581 -0.021169
v -0.119467 -0.070581 -0.019305
v -0.033794 -0.070581 -0.018173
v -0.185179 -0.070581 -0.011435
v 0.031923 -0.070581 -0.011435
v -0.119320 -0.070581 -0.016692
v -0.033945 -0.070581 -0.015296
v -0.119131 -0.070581 -0.014142
v -0.034140 -0.070581 -0.012539
v -0.118900 -0.070581 -0.011655
v -0.034377 -0.070581 -0.009900
v -0.118627 -0.070581 -0.009231
v -0.184182 -0.070581 -0.003659
v 0.030926 -0.070581 -0.003659
v -0.034658 -0.070581 -0.007381
v -0.118313 -0.070581 -0.006870
v -0.034982 -0.070581 -0.004981
v -0.117956 -0.070581 -0.004572
v -0.035350 -0.070581 -0.002701
v -0.117557 -0.070581 -0.002336
v -0.182786 -0.070581 0.003814
v 0.029530 -0.070581 0.003814
v -0.035760 -0.070581 -0.000540
v -0.117116 -0.070581 -0.000163
v -0.036214 -0.070581 0.001502
v -0.116633 -0.070581 0.001946
v -0.036711 -0.070581 0.003424
v -0.116110 -0.070581 0.003991
v -0.037251 -0.070581 0.005265
v -0.180991 -0.070581 0.010987
v 0.027736 -0.070581 0.010987
v -0.115547 -0.070581 0.005967
v -0.037835 -0.070581 0.007060
v -0.114944 -0.070581 0.007875
v -0.038461 -0.070581 0.008811
v -0.114302 -0.070581 0.009716
v -0.039131 -0.070581 0.010516
v -0.113620 -0.070581 0.011488
v -0.039844 -0.070581 0.012177
v -0.178797 -0.070581 0.017857
v 0.025542 -0.070581 0.017857
v -0.112899 -0.070581 0.013193
v -0.040600 -0.070581 0.013793
v -0.112139 -0.070581 0.014829
v -0.041400 -0.070581 0.015364
v -0.111339 -0.070581 0.016397
v -0.042243 -0.070581 0.016890
v -0.110499 -0.070581 0.017898
v -0.043129 -0.070581 0.018371
v -0.176205 -0.070581 0.024427
v 0.022950 -0.070581 0.024427
v -0.109620 -0.070581 0.019330
v -0.044058 -0.070581 0.019808
v -0.108701 -0.070581 0.020695
v -0.045030 -0.070581 0.021199
v -0.107743 -0.070581 0.021991
v -0.046046 -0.070581 0.022545
v -0.106779 -0.070581 0.023165
v -0.046981 -0.070581 0.023717
v -0.105785 -0.070581 0.024285
v -0.047950 -0.070581 0.024832
v -0.104759 -0.070581 0.025351
v -0.173214 -0.070581 0.030695
v 0.019959 -0.070581 0.030695
v -0.048952 -0.070581 0.025888
v -0.103703 -0.070581 0.026363
v -0.049987 -0.070581 0.026887
v -0.102616 -0.070581 0.027322
v -0.051056 -0.070581 0.027828
v -0.101498 -0.070581 0.028226
v -0.052158 -0.070581 0.028711
v -0.100349 -0.070581 0.029077
v -0.053293 -0.070581 0.029537
v -0.099169 -0.070581 0.029873
v -0.054462 -0.070581 0.030304
v -0.097958 -0.070581 0.030616
v -0.055664 -0.070581 0.031015
v -0.096717 -0.070581 0.031305
v -0.169824 -0.070581 0.036661
v 0.016569 -0.070581 0.036661
v -0.056899 -0.070581 0.031667
v -0.095445 -0.070581 0.031940
v -0.058168 -0.070581 0.032262
v -0.094141 -0.070581 0.032521
v -0.059470 -0.070581 0.032799
v -0.092807 -0.070581 0.033053
v -0.060794 -0.070581 0.033285
v -0.091442 -0.070581 0.033537
v -0.062129 -0.070581 0.033730
v -0.090046 -0.070581 0.033976
v -0.063476 -0.070581 0.034132
v -0.088619 -0.070581 0.034369
v -0.064833 -0.070581 0.034492
v -0.087162 -0.070581 0.034715
v -0.066202 -0.070581 0.034809
v -0.085673 -0.070581 0.035015
v -0.067582 -0.070581 0.035085
v -0.084154 -0.070581 0.035269
v -0.068973 -0.070581 0.035318
v -0.082604 -0.070581 0.035477
v -0.070375 -0.070581 0.035508
v -0.081023 -0.070581 0.035639
v -0.071788 -0.070581 0.035656
v -0.079411 -0.070581 0.035754
v -0.073212 -0.070581 0.035762
v -0.077768 -0.070581 0.035824
v -0.074648 -0.070581 0.035826
v -0.076094 -0.070581 0.035847
v 0.012780 -0.070581 0.042326
v -0.166035 -0.070581 0.042326
v 0.008592 -0.070581 0.047689
v -0.161848 -0.070581 0.047689
v 0.004006 -0.070581 0.052751
v -0.157261 -0.070581 0.052751
v -0.152314 -0.070581 0.057457
v -0.000941 -0.070581 0.057457
v -0.006210 -0.070581 0.061754
v -0.147045 -0.070581 0.061754
v -0.011802 -0.070581 0.065642
v -0.141453 -0.070581 0.065642
v -0.017716 -0.070581 0.069121
v -0.135540 -0.070581 0.069121
v -0.023952 -0.070581 0.072190
v -0.129304 -0.070581 0.072190
v -0.030510 -0.070581 0.074851
v -0.122745 -0.070581 0.074851
v -0.037391 -0.070581 0.077102
v -0.115865 -0.070581 0.077102
v -0.044594 -0.070581 0.078943
v -0.108662 -0.070581 0.078943
v -0.052119 -0.070581 0.080376
v -0.101137 -0.070581 0.080376
v -0.059966 -0.070581 0.081399
v -0.093289 -0.070581 0.081399
v -0.068136 -0.070581 0.082013
v -0.085120 -0.070581 0.082013
v -0.076628 -0.070581 0.082217
v 0.399406 0.046713 0.257786
v 0.402185 0.046713 0.257744
v 0.401616 0.046713 0.257743
v 0.402767 0.046713 0.257748
v 0.403361 0.046713 0.257754
v 0.403967 0.046713 0.257763
v 0.404586 0.046713 0.257775
v 0.405217 0.046713 0.257789
v 0.397161 0.046713 0.257915
v 0.405860 0.046713 0.257806
v 0.406516 0.046713 0.257825
v 0.407184 0.046713 0.257847
v 0.407864 0.046713 0.257871
v 0.408557 0.046713 0.257898
v 0.409262 0.046713 0.257928
v 0.394882 0.046713 0.258130
v 0.409965 0.046713 0.257960
v 0.410654 0.046713 0.257995
v 0.411329 0.046713 0.258032
v 0.411988 0.046713 0.258071
v 0.412632 0.046713 0.258114
v 0.413262 0.046713 0.258159
v 0.392568 0.046713 0.258431
v 0.413877 0.046713 0.258206
v 0.414477 0.046713 0.258256
v 0.415062 0.046713 0.258309
v 0.415633 0.046713 0.258364
v 0.416188 0.046713 0.258422
v 0.416729 0.046713 0.258482
v 0.390219 0.046713 0.258817
v 0.271998 0.046713 0.465948
v 0.336007 0.046713 0.258482
v 0.271998 0.046713 0.258482
v 0.336007 0.046713 0.288965
v 0.416729 0.046713 0.321849
v 0.387836 0.046713 0.259290
v 0.385419 0.046713 0.259849
v 0.382967 0.046713 0.260494
v 0.380480 0.046713 0.261224
v 0.377958 0.046713 0.262041
v 0.375403 0.046713 0.262943
v 0.372812 0.046713 0.263932
v 0.370166 0.046713 0.265051
v 0.367443 0.046713 0.266346
v 0.364644 0.046713 0.267817
v 0.361768 0.046713 0.269464
v 0.358816 0.046713 0.271286
v 0.355787 0.046713 0.273284
v 0.352682 0.046713 0.275458
v 0.349500 0.046713 0.277808
v 0.346242 0.046713 0.280333
v 0.342907 0.046713 0.283035
v 0.339495 0.046713 0.285912
v 0.336007 0.046713 0.327022
v 0.338011 0.046713 0.326301
v 0.339993 0.046713 0.325616
v 0.341952 0.046713 0.324966
v 0.343890 0.046713 0.324353
v 0.345805 0.046713 0.323776
v 0.347697 0.046713 0.323234
v 0.349568 0.046713 0.322729
v 0.351416 0.046713 0.322259
v 0.353243 0.046713 0.321826
v 0.355047 0.046713 0.321428
v 0.356828 0.046713 0.321066
v 0.358588 0.046713 0.320740
v 0.360358 0.046713 0.320445
v 0.362174 0.046713 0.320176
v 0.364033 0.046713 0.319932
v 0.365937 0.046713 0.319714
v 0.367885 0.046713 0.319521
v 0.369878 0.046713 0.319355
v 0.371916 0.046713 0.319214
v 0.373997 0.046713 0.319098
v 0.376124 0.046713 0.319008
v 0.378294 0.046713 0.318944
v 0.380509 0.046713 0.318906
v 0.382769 0.046713 0.318893
v 0.383797 0.046713 0.318898
v 0.384868 0.046713 0.318913
v 0.385981 0.046713 0.318939
v 0.387135 0.046713 0.318975
v 0.388331 0.046713 0.319021
v 0.389570 0.046713 0.319078
v 0.390850 0.046713 0.319144
v 0.392173 0.046713 0.319221
v 0.393537 0.046713 0.319308
v 0.394944 0.046713 0.319406
v 0.396392 0.046713 0.319514
v 0.397882 0.046713 0.319632
v 0.399359 0.046713 0.319760
v 0.400767 0.046713 0.319899
v 0.402105 0.046713 0.320047
v 0.403374 0.046713 0.320207
v 0.404575 0.046713 0.320376
v 0.405705 0.046713 0.320556
v 0.406767 0.046713 0.320745
v 0.407760 0.046713 0.320945
v 0.408684 0.046713 0.321156
v 0.409538 0.046713 0.321377
v 0.410323 0.046713 0.321608
v 0.411040 0.046713 0.321849
v 0.336007 0.046713 0.465948
v 0.106198 0.046713 0.252596
v 0.118907 0.046713 0.252691
v 0.110020 0.046713 0.252570
v 0.102377 0.046713 0.252675
v 0.098557 0.046713 0.252807
v 0.127373 0.046713 0.253055
v 0.094739 0.046713 0.252991
v 0.090922 0.046713 0.253228
v 0.135418 0.046713 0.253661
v 0.087106 0.046713 0.253517
v 0.083291 0.046713 0.253859
v 0.143042 0.046713 0.254510
v 0.079477 0.046713 0.254253
v 0.075665 0.046713 0.254701
v 0.150245 0.046713 0.255601
v 0.071854 0.046713 0.255200
v 0.068044 0.046713 0.255753
v 0.157026 0.046713 0.256935
v 0.064236 0.046713 0.256357
v 0.060516 0.046713 0.256982
v 0.163387 0.046713 0.258511
v 0.056973 0.046713 0.257592
v 0.053606 0.046713 0.258188
v 0.050417 0.046713 0.258769
v 0.169327 0.046713 0.260329
v 0.047403 0.046713 0.259337
v 0.044566 0.046713 0.259891
v 0.041906 0.046713 0.260430
v 0.174846 0.046713 0.262390
v 0.039422 0.046713 0.260956
v 0.037115 0.046713 0.261467
v 0.034985 0.046713 0.261964
v 0.033031 0.046713 0.262447
v 0.179943 0.046713 0.264694
v 0.031253 0.046713 0.262916
v 0.031253 0.046713 0.312981
v 0.184620 0.046713 0.267240
v 0.068829 0.046713 0.302243
v 0.188875 0.046713 0.270028
v 0.071748 0.046713 0.301475
v 0.074637 0.046713 0.300788
v 0.192752 0.046713 0.273076
v 0.077497 0.046713 0.300182
v 0.196291 0.046713 0.276399
v 0.080327 0.046713 0.299656
v 0.199493 0.046713 0.279999
v 0.083127 0.046713 0.299212
v 0.085898 0.046713 0.298848
v 0.202359 0.046713 0.283874
v 0.088639 0.046713 0.298565
v 0.204887 0.046713 0.288025
v 0.091351 0.046713 0.298363
v 0.207078 0.046713 0.292451
v 0.094032 0.046713 0.298242
v 0.096685 0.046713 0.298202
v 0.208932 0.046713 0.297154
v 0.100982 0.046713 0.298247
v 0.105101 0.046713 0.298384
v 0.210449 0.046713 0.302133
v 0.109042 0.046713 0.298612
v 0.112805 0.046713 0.298930
v 0.116391 0.046713 0.299340
v 0.119799 0.046713 0.299841
v 0.123029 0.046713 0.300433
v 0.126081 0.046713 0.301117
v 0.128956 0.046713 0.301891
v 0.131653 0.046713 0.302756
v 0.211628 0.046713 0.307387
v 0.065880 0.046713 0.303091
v 0.134171 0.046713 0.303712
v 0.062902 0.046713 0.304021
v 0.136512 0.046713 0.304760
v 0.059980 0.046713 0.304972
v 0.138671 0.046713 0.305927
v 0.057198 0.046713 0.305886
v 0.054557 0.046713 0.306763
v 0.140641 0.046713 0.307241
v 0.052056 0.046713 0.307603
v 0.142424 0.046713 0.308703
v 0.212471 0.046713 0.312917
v 0.049697 0.046713 0.308406
v 0.047478 0.046713 0.309171
v 0.144020 0.046713 0.310313
v 0.045400 0.046713 0.309899
v 0.043462 0.046713 0.310590
v 0.145427 0.046713 0.312070
v 0.041666 0.046713 0.311243
v 0.040010 0.046713 0.311860
v 0.038495 0.046713 0.312439
v 0.146647 0.046713 0.313974
v 0.037121 0.046713 0.312981
v 0.212977 0.046713 0.318723
v 0.147679 0.046713 0.316026
v 0.148524 0.046713 0.318226
v 0.149181 0.046713 0.320573
v 0.213145 0.046713 0.324805
v 0.149650 0.046713 0.323068
v 0.149932 0.046713 0.325710
v 0.213145 0.046713 0.465948
v 0.150025 0.046713 0.328499
v 0.150025 0.046713 0.329608
v 0.145327 0.046713 0.329898
v 0.140656 0.046713 0.330214
v 0.136012 0.046713 0.330555
v 0.131396 0.046713 0.330922
v 0.126806 0.046713 0.331314
v 0.122244 0.046713 0.331732
v 0.149670 0.046713 0.368589
v 0.117709 0.046713 0.332176
v 0.113201 0.046713 0.332646
v 0.108720 0.046713 0.333141
v 0.104266 0.046713 0.333662
v 0.099839 0.046713 0.334209
v 0.095440 0.046713 0.334781
v 0.091114 0.046713 0.335399
v 0.086906 0.046713 0.336084
v 0.082816 0.046713 0.336836
v 0.078845 0.046713 0.337655
v 0.074993 0.046713 0.338540
v 0.071259 0.046713 0.339492
v 0.067644 0.046713 0.340510
v 0.064147 0.046713 0.341596
v 0.060769 0.046713 0.342748
v 0.057509 0.046713 0.343967
v 0.054368 0.046713 0.345252
v 0.051345 0.046713 0.346604
v 0.048409 0.046713 0.348032
v 0.045586 0.046713 0.349545
v 0.042877 0.046713 0.351142
v 0.040282 0.046713 0.352824
v 0.037800 0.046713 0.354591
v 0.035432 0.046713 0.356442
v 0.033177 0.046713 0.358378
v 0.031036 0.046713 0.360399
v 0.029009 0.046713 0.362504
v 0.027095 0.046713 0.364694
v 0.025294 0.046713 0.366968
v 0.023608 0.046713 0.369328
v 0.147492 0.046713 0.368779
v 0.149670 0.046713 0.411819
v 0.145284 0.046713 0.368981
v 0.143047 0.046713 0.369195
v 0.140780 0.046713 0.369420
v 0.022046 0.046713 0.371787
v 0.138483 0.046713 0.369657
v 0.136157 0.046713 0.369905
v 0.133801 0.046713 0.370165
v 0.131415 0.046713 0.370436
v 0.129000 0.046713 0.370719
v 0.126555 0.046713 0.371013
v 0.124081 0.046713 0.371320
v 0.121577 0.046713 0.371637
v 0.119109 0.046713 0.371965
v 0.020620 0.046713 0.374362
v 0.116742 0.046713 0.372302
v 0.114476 0.046713 0.372647
v 0.112312 0.046713 0.373002
v 0.110248 0.046713 0.373366
v 0.108286 0.046713 0.373738
v 0.106426 0.046713 0.374120
v 0.104666 0.046713 0.374511
v 0.019329 0.046713 0.377052
v 0.103008 0.046713 0.374910
v 0.101451 0.046713 0.375319
v 0.099995 0.046713 0.375737
v 0.098641 0.046713 0.376163
v 0.097072 0.046713 0.376707
v 0.095566 0.046713 0.377290
v 0.018175 0.046713 0.379858
v 0.094123 0.046713 0.377912
v 0.092743 0.046713 0.378575
v 0.091426 0.046713 0.379277
v 0.090173 0.046713 0.380020
v 0.017156 0.046713 0.382779
v 0.088982 0.046713 0.380802
v 0.087854 0.046713 0.381623
v 0.086789 0.046713 0.382485
v 0.085787 0.046713 0.383386
v 0.016273 0.046713 0.385816
v 0.084848 0.046713 0.384327
v 0.083972 0.046713 0.385308
v 0.083162 0.046713 0.386335
v 0.015527 0.046713 0.388968
v 0.082423 0.046713 0.387415
v 0.081755 0.046713 0.388547
v 0.081157 0.046713 0.389732
v 0.014915 0.046713 0.392236
v 0.080629 0.046713 0.390969
v 0.080171 0.046713 0.392259
v 0.014440 0.046713 0.395619
v 0.079784 0.046713 0.393602
v 0.079467 0.046713 0.394997
v 0.079221 0.046713 0.396444
v 0.014100 0.046713 0.399118
v 0.079045 0.046713 0.397945
v 0.078940 0.046713 0.399498
v 0.013897 0.046713 0.402732
v 0.078904 0.046713 0.401104
v 0.078912 0.046713 0.402165
v 0.078934 0.046713 0.403192
v 0.013829 0.046713 0.406461
v 0.078971 0.046713 0.404186
v 0.079023 0.046713 0.405147
v 0.079090 0.046713 0.406075
v 0.079171 0.046713 0.406969
v 0.013962 0.046713 0.411132
v 0.079267 0.046713 0.407830
v 0.079379 0.046713 0.408657
v 0.079505 0.046713 0.409452
v 0.079645 0.046713 0.410212
v 0.079801 0.046713 0.410940
v 0.079971 0.046713 0.411634
v 0.014362 0.046713 0.415662
v 0.080171 0.046713 0.412309
v 0.148409 0.046713 0.412909
v 0.080416 0.046713 0.412978
v 0.147114 0.046713 0.413964
v 0.080705 0.046713 0.413643
v 0.081038 0.046713 0.414302
v 0.145786 0.046713 0.414982
v 0.081416 0.046713 0.414957
v 0.081838 0.046713 0.415606
v 0.144425 0.046713 0.415965
v 0.082305 0.046713 0.416250
v 0.015029 0.046713 0.420051
v 0.143030 0.046713 0.416912
v 0.082816 0.046713 0.416889
v 0.083372 0.046713 0.417522
v 0.141602 0.046713 0.417823
v 0.083972 0.046713 0.418151
v 0.140141 0.046713 0.418698
v 0.084616 0.046713 0.418775
v 0.138646 0.046713 0.419537
v 0.085305 0.046713 0.419393
v 0.085998 0.046713 0.419995
v 0.137118 0.046713 0.420340
v 0.086713 0.046713 0.420571
v 0.015962 0.046713 0.424299
v 0.135557 0.046713 0.421107
v 0.087450 0.046713 0.421119
v 0.133962 0.046713 0.421838
v 0.088209 0.046713 0.421641
v 0.088991 0.046713 0.422135
v 0.132334 0.046713 0.422534
v 0.089795 0.046713 0.422603
v 0.130691 0.046713 0.423183
v 0.090621 0.046713 0.423044
v 0.091469 0.046713 0.423457
v 0.129052 0.046713 0.423776
v 0.092340 0.046713 0.423844
v 0.127417 0.046713 0.424312
v 0.093232 0.046713 0.424204
v 0.094147 0.046713 0.424537
v 0.017162 0.046713 0.428406
v 0.125785 0.046713 0.424792
v 0.095085 0.046713 0.424843
v 0.124157 0.046713 0.425215
v 0.096077 0.046713 0.425123
v 0.097159 0.046713 0.425379
v 0.122533 0.046713 0.425582
v 0.098329 0.046713 0.425611
v 0.120912 0.046713 0.425892
v 0.099589 0.046713 0.425818
v 0.100937 0.046713 0.426001
v 0.119295 0.046713 0.426146
v 0.102374 0.046713 0.426159
v 0.117682 0.046713 0.426344
v 0.103901 0.046713 0.426293
v 0.105516 0.046713 0.426403
v 0.116073 0.046713 0.426485
v 0.107220 0.046713 0.426488
v 0.114467 0.046713 0.426570
v 0.109012 0.046713 0.426549
v 0.110894 0.046713 0.426586
v 0.112865 0.046713 0.426598
v 0.149670 0.046713 0.443964
v 0.018629 0.046713 0.432371
v 0.020363 0.046713 0.436196
v 0.022363 0.046713 0.439879
v 0.024630 0.046713 0.443421
v 0.027164 0.046713 0.446822
v 0.148793 0.046713 0.444653
v 0.149670 0.046713 0.465948
v 0.147882 0.046713 0.445365
v 0.146936 0.046713 0.446100
v 0.145956 0.046713 0.446858
v 0.029964 0.046713 0.450082
v 0.144941 0.046713 0.447639
v 0.143891 0.046713 0.448444
v 0.142807 0.046713 0.449271
v 0.141688 0.046713 0.450122
v 0.033031 0.046713 0.453201
v 0.140535 0.046713 0.450996
v 0.139347 0.046713 0.451892
v 0.138125 0.046713 0.452812
v 0.136868 0.046713 0.453755
v 0.036296 0.046713 0.456122
v 0.135600 0.046713 0.454693
v 0.134344 0.046713 0.455598
v 0.133101 0.046713 0.456469
v 0.039689 0.046713 0.458789
v 0.131870 0.046713 0.457306
v 0.130651 0.046713 0.458111
v 0.129445 0.046713 0.458882
v 0.043211 0.046713 0.461203
v 0.128251 0.046713 0.459620
v 0.127069 0.046713 0.460324
v 0.125900 0.046713 0.460995
v 0.124743 0.046713 0.461632
v 0.046860 0.046713 0.463362
v 0.123598 0.046713 0.462237
v 0.122466 0.046713 0.462808
v 0.120890 0.046713 0.463531
v 0.050639 0.046713 0.465267
v 0.119305 0.046713 0.464221
v 0.117710 0.046713 0.464880
v 0.116105 0.046713 0.465507
v 0.054545 0.046713 0.466918
v 0.114490 0.046713 0.466102
v 0.112865 0.046713 0.466664
v 0.111230 0.046713 0.467195
v 0.058581 0.046713 0.468315
v 0.109585 0.046713 0.467693
v 0.107931 0.046713 0.468159
v 0.106266 0.046713 0.468594
v 0.062744 0.046713 0.469458
v 0.104592 0.046713 0.468996
v 0.102908 0.046713 0.469366
v 0.101205 0.046713 0.469705
v 0.067036 0.046713 0.470347
v 0.099475 0.046713 0.470015
v 0.097718 0.046713 0.470295
v 0.095934 0.046713 0.470546
v 0.071456 0.046713 0.470982
v 0.094123 0.046713 0.470768
v 0.092284 0.046713 0.470959
v 0.090418 0.046713 0.471122
v 0.076005 0.046713 0.471364
v 0.088526 0.046713 0.471254
v 0.086606 0.046713 0.471358
v 0.084658 0.046713 0.471432
v 0.080682 0.046713 0.471491
v 0.082684 0.046713 0.471476
v -0.329330 0.046713 0.465948
v -0.329330 0.046713 0.190866
v -0.400629 0.046713 0.190866
v -0.288613 0.046713 0.380227
v -0.171797 0.046713 0.190866
v -0.239896 0.046713 0.190866
v -0.207535 0.046713 0.286748
v -0.125391 0.046713 0.380227
v -0.013197 0.046713 0.190866
v -0.082718 0.046713 0.190866
v -0.084496 0.046713 0.465948
v -0.253764 0.046713 0.465948
v -0.160062 0.046713 0.465948
v 0.399406 -0.070581 0.257786
v 0.401616 -0.070581 0.257743
v 0.402185 -0.070581 0.257744
v 0.402767 -0.070581 0.257748
v 0.403361 -0.070581 0.257754
v 0.403967 -0.070581 0.257763
v 0.404586 -0.070581 0.257775
v 0.405217 -0.070581 0.257789
v 0.397161 -0.070581 0.257915
v 0.405860 -0.070581 0.257806
v 0.406516 -0.070581 0.257825
v 0.407184 -0.070581 0.257847
v 0.407864 -0.070581 0.257871
v 0.408557 -0.070581 0.257898
v 0.409262 -0.070581 0.257928
v 0.394882 -0.070581 0.258130
v 0.409965 -0.070581 0.257960
v 0.410654 -0.070581 0.257995
v 0.411329 -0.070581 0.258032
v 0.411988 -0.070581 0.258071
v 0.412632 -0.070581 0.258114
v 0.413262 -0.070581 0.258159
v 0.392568 -0.070581 0.258431
v 0.413877 -0.070581 0.258206
v 0.414477 -0.070581 0.258256
v 0.415062 -0.070581 0.258309
v 0.415633 -0.070581 0.258364
v 0.416188 -0.070581 0.258422
v 0.416729 -0.070581 0.258482
v 0.390219 -0.070581 0.258817
v 0.271998 -0.070581 0.465948
v 0.271998 -0.070581 0.258482
v 0.336007 -0.070581 0.258482
v 0.336007 -0.070581 0.288965
v 0.416729 -0.070581 0.321849
v 0.387836 -0.070581 0.259290
v 0.385419 -0.070581 0.259849
v 0.382967 -0.070581 0.260494
v 0.380480 -0.070581 0.261224
v 0.377958 -0.070581 0.262041
v 0.375403 -0.070581 0.262943
v 0.372812 -0.070581 0.263932
v 0.370166 -0.070581 0.265051
v 0.367443 -0.070581 0.266346
v 0.364644 -0.070581 0.267817
v 0.361768 -0.070581 0.269464
v 0.358816 -0.070581 0.271286
v 0.355787 -0.070581 0.273284
v 0.352682 -0.070581 0.275458
v 0.349500 -0.070581 0.277808
v 0.346242 -0.070581 0.280333
v 0.342907 -0.070581 0.283035
v 0.339495 -0.070581 0.285912
v 0.336007 -0.070581 0.327022
v 0.338011 -0.070581 0.326301
v 0.339993 -0.070581 0.325616
v 0.341952 -0.070581 0.324966
v 0.343890 -0.070581 0.324353
v 0.345805 -0.070581 0.323776
v 0.347697 -0.070581 0.323234
v 0.349568 -0.070581 0.322729
v 0.351416 -0.070581 0.322259
v 0.353243 -0.070581 0.321826
v 0.355047 -0.070581 0.321428
v 0.356828 -0.070581 0.321066
v 0.358588 -0.070581 0.320740
v 0.360358 -0.070581 0.320445
v 0.362174 -0.070581 0.320176
v 0.364033 -0.070581 0.319932
v 0.365937 -0.070581 0.319714
v 0.367885 -0.070581 0.319521
v 0.369878 -0.070581 0.319355
v 0.371916 -0.070581 0.319214
v 0.373997 -0.070581 0.319098
v 0.376124 -0.070581 0.319008
v 0.378294 -0.070581 0.318944
v 0.380509 -0.070581 0.318906
v 0.382769 -0.070581 0.318893
v 0.383797 -0.070581 0.318898
v 0.384868 -0.070581 0.318913
v 0.385981 -0.070581 0.318939
v 0.387135 -0.070581 0.318975
v 0.388331 -0.070581 0.319021
v 0.389570 -0.070581 0.319078
v 0.390850 -0.070581 0.319144
v 0.392173 -0.070581 0.319221
v 0.393537 -0.070581 0.319308
v 0.394944 -0.070581 0.319406
v 0.396392 -0.070581 0.319514
v 0.397882 -0.070581 0.319632
v 0.399359 -0.070581 0.319760
v 0.400767 -0.070581 0.319899
v 0.402105 -0.070581 0.320047
v 0.403374 -0.070581 0.320207
v 0.404575 -0.070581 0.320376
v 0.405705 -0.070581 0.320556
v 0.406767 -0.070581 0.320745
v 0.407760 -0.070581 0.320945
v 0.408684 -0.070581 0.321156
v 0.409538 -0.070581 0.321377
v 0.410323 -0.070581 0.321608
v 0.411040 -0.070581 0.321849
v 0.336007 -0.070581 0.465948
v 0.106198 -0.070581 0.252596
v 0.110020 -0.070581 0.252570
v 0.118907 -0.070581 0.252691
v 0.102377 -0.070581 0.252675
v 0.098557 -0.070581 0.252807
v 0.127373 -0.070581 0.253055
v 0.094739 -0.070581 0.252991
v 0.090922 -0.070581 0.253228
v 0.135418 -0.070581 0.253661
v 0.087106 -0.070581 0.253517
v 0.083291 -0.070581 0.253859
v 0.143042 -0.070581 0.254510
v 0.079477 -0.070581 0.254253
v 0.075665 -0.070581 0.254701
v 0.150245 -0.070581 0.255601
v 0.071854 -0.070581 0.255200
v 0.068044 -0.070581 0.255753
v 0.157026 -0.070581 0.256935
v 0.064236 -0.070581 0.256357
v 0.060516 -0.070581 0.256982
v 0.163387 -0.070581 0.258511
v 0.056973 -0.070581 0.257592
v 0.053606 -0.070581 0.258188
v 0.050417 -0.070581 0.258769
v 0.169327 -0.070581 0.260329
v 0.047403 -0.070581 0.259337
v 0.044566 -0.070581 0.259891
v 0.041906 -0.070581 0.260430
v 0.174846 -0.070581 0.262390
v 0.039422 -0.070581 0.260956
v 0.037115 -0.070581 0.261467
v 0.034985 -0.070581 0.261964
v 0.033031 -0.070581 0.262447
v 0.179943 -0.070581 0.264694
v 0.031253 -0.070581 0.262916
v 0.031253 -0.070581 0.312981
v 0.184620 -0.070581 0.267240
v 0.068829 -0.070581 0.302243
v 0.188875 -0.070581 0.270028
v 0.071748 -0.070581 0.301475
v 0.074637 -0.070581 0.300788
v 0.192752 -0.070581 0.273076
v 0.077497 -0.070581 0.300182
v 0.196291 -0.070581 0.276399
v 0.080327 -0.070581 0.299656
v 0.199493 -0.070581 0.279999
v 0.083127 -0.070581 0.299212
v 0.085898 -0.070581 0.298848
v 0.202359 -0.070581 0.283874
v 0.088639 -0.070581 0.298565
v 0.204887 -0.070581 0.288025
v 0.091351 -0.070581 0.298363
v 0.207078 -0.070581 0.292451
v 0.094032 -0.070581 0.298242
v 0.096685 -0.070581 0.298202
v 0.208932 -0.070581 0.297154
v 0.100982 -0.070581 0.298247
v 0.105101 -0.070581 0.298384
v 0.210449 -0.070581 0.302133
v 0.109042 -0.070581 0.298612
v 0.112805 -0.070581 0.298930
v 0.116391 -0.070581 0.299340
v 0.119799 -0.070581 0.299841
v 0.123029 -0.070581 0.300433
v 0.126081 -0.070581 0.301117
v 0.128956 -0.070581 0.301891
v 0.131653 -0.070581 0.302756
v 0.211628 -0.070581 0.307387
v 0.065880 -0.070581 0.303091
v 0.134171 -0.070581 0.303712
v 0.062902 -0.070581 0.304021
v 0.136512 -0.070581 0.304760
v 0.059980 -0.070581 0.304972
v 0.138671 -0.070581 0.305927
v 0.057198 -0.070581 0.305886
v 0.054557 -0.070581 0.306763
v 0.140641 -0.070581 0.307241
v 0.052056 -0.070581 0.307603
v 0.142424 -0.070581 0.308703
v 0.212471 -0.070581 0.312917
v 0.049697 -0.070581 0.308406
v 0.047478 -0.070581 0.309171
v 0.144020 -0.070581 0.310313
v 0.045400 -0.070581 0.309899
v 0.043462 -0.070581 0.310590
v 0.145427 -0.070581 0.312070
v 0.041666 -0.070581 0.311243
v 0.040010 -0.070581 0.311860
v 0.038495 -0.070581 0.312439
v 0.146647 -0.070581 0.313974
v 0.037121 -0.070581 0.312981
v 0.212977 -0.070581 0.318723
v 0.147679 -0.070581 0.316026
v 0.148524 -0.070581 0.318226
v 0.149181 -0.070581 0.320573
v 0.213145 -0.070581 0.324805
v 0.149650 -0.070581 0.323068
v 0.149932 -0.070581 0.325710
v 0.213145 -0.070581 0.465948
v 0.150025 -0.070581 0.328499
v 0.150025 -0.070581 0.329608
v 0.145327 -0.070581 0.329898
v 0.140656 -0.070581 0.330214
v 0.136012 -0.070581 0.330555
v 0.131396 -0.070581 0.330922
v 0.126806 -0.070581 0.331314
v 0.122244 -0.070581 0.331732
v 0.149670 -0.070581 0.368589
v 0.117709 -0.070581 0.332176
v 0.113201 -0.070581 0.332646
v 0.108720 -0.070581 0.333141
v 0.104266 -0.070581 0.333662
v 0.099839 -0.070581 0.334209
v 0.095440 -0.070581 0.334781
v 0.091114 -0.070581 0.335399
v 0.086906 -0.070581 0.336084
v 0.082816 -0.070581 0.336836
v 0.078845 -0.070581 0.337655
v 0.074993 -0.070581 0.338540
v 0.071259 -0.070581 0.339492
v 0.067644 -0.070581 0.340510
v 0.064147 -0.070581 0.341596
v 0.060769 -0.070581 0.342748
v 0.057509 -0.070581 0.343967
v 0.054368 -0.070581 0.345252
v 0.051345 -0.070581 0.346604
v 0.048409 -0.070581 0.348032
v 0.045586 -0.070581 0.349545
v 0.042877 -0.070581 0.351142
v 0.040282 -0.070581 0.352824
v 0.037800 -0.070581 0.354591
v 0.035432 -0.070581 0.356442
v 0.033177 -0.070581 0.358378
v 0.031036 -0.070581 0.360399
v 0.029009 -0.070581 0.362504
v 0.027095 -0.070581 0.364694
v 0.025294 -0.070581 0.366968
v 0.023608 -0.070581 0.369328
v 0.147492 -0.070581 0.368779
v 0.149670 -0.070581 0.411819
v 0.145284 -0.070581 0.368981
v 0.143047 -0.070581 0.369195
v 0.140780 -0.070581 0.369420
v 0.022046 -0.070581 0.371787
v 0.138483 -0.070581 0.369657
v 0.136157 -0.070581 0.369905
v 0.133801 -0.070581 0.370165
v 0.131415 -0.070581 0.370436
v 0.129000 -0.070581 0.370719
v 0.126555 -0.070581 0.371013
v 0.124081 -0.070581 0.371320
v 0.121577 -0.070581 0.371637
v 0.119109 -0.070581 0.371965
v 0.020620 -0.070581 0.374362
v 0.116742 -0.070581 0.372302
v 0.114476 -0.070581 0.372647
v 0.112312 -0.070581 0.373002
v 0.110248 -0.070581 0.373366
v 0.108286 -0.070581 0.373738
v 0.106426 -0.070581 0.374120
v 0.104666 -0.070581 0.374511
v 0.019329 -0.070581 0.377052
v 0.103008 -0.070581 0.374910
v 0.101451 -0.070581 0.375319
v 0.099995 -0.070581 0.375737
v 0.098641 -0.070581 0.376163
v 0.097072 -0.070581 0.376707
v 0.095566 -0.070581 0.377290
v 0.018175 -0.070581 0.379858
v 0.094123 -0.070581 0.377912
v 0.092743 -0.070581 0.378575
v 0.091426 -0.070581 0.379277
v 0.090173 -0.070581 0.380020
v 0.017156 -0.070581 0.382779
v 0.088982 -0.070581 0.380802
v 0.087854 -0.070581 0.381623
v 0.086789 -0.070581 0.382485
v 0.085787 -0.070581 0.383386
v 0.016273 -0.070581 0.385816
v 0.084848 -0.070581 0.384327
v 0.083972 -0.070581 0.385308
v 0.083162 -0.070581 0.386335
v 0.015527 -0.070581 0.388968
v 0.082423 -0.070581 0.387415
v 0.081755 -0.070581 0.388547
v 0.081157 -0.070581 0.389732
v 0.014915 -0.070581 0.392236
v 0.080629 -0.070581 0.390969
v 0.080171 -0.070581 0.392259
v 0.014440 -0.070581 0.395619
v 0.079784 -0.070581 0.393602
v 0.079467 -0.070581 0.394997
v 0.079221 -0.070581 0.396444
v 0.014100 -0.070581 0.399118
v 0.079045 -0.070581 0.397945
v 0.078940 -0.070581 0.399498
v 0.013897 -0.070581 0.402732
v 0.078904 -0.070581 0.401104
v 0.078912 -0.070581 0.402165
v 0.078934 -0.070581 0.403192
v 0.013829 -0.070581 0.406461
v 0.078971 -0.070581 0.404186
v 0.079023 -0.070581 0.405147
v 0.079090 -0.070581 0.406075
v 0.079171 -0.070581 0.406969
v 0.013962 -0.070581 0.411132
v 0.079267 -0.070581 0.407830
v 0.079379 -0.070581 0.408657
v 0.079505 -0.070581 0.409452
v 0.079645 -0.070581 0.410212
v 0.079801 -0.070581 0.410940
v 0.079971 -0.070581 0.411634
v 0.014362 -0.070581 0.415662
v 0.080171 -0.070581 0.412309
v 0.148409 -0.070581 0.412909
v 0.080416 -0.070581 0.412978
v 0.147114 -0.070581 0.413964
v 0.080705 -0.070581 0.413643
v 0.081038 -0.070581 0.414302
v 0.145786 -0.070581 0.414982
v 0.081416 -0.070581 0.414957
v 0.081838 -0.070581 0.415606
v 0.144425 -0.070581 0.415965
v 0.082305 -0.070581 0.416250
v 0.015029 -0.070581 0.420051
v 0.143030 -0.070581 0.416912
v 0.082816 -0.070581 0.416889
v 0.083372 -0.070581 0.417522
v 0.141602 -0.070581 0.417823
v 0.083972 -0.070581 0.418151
v 0.140141 -0.070581 0.418698
v 0.084616 -0.070581 0.418775
v 0.138646 -0.070581 0.419537
v 0.085305 -0.070581 0.419393
v 0.085998 -0.070581 0.419995
v 0.137118 -0.070581 0.420340
v 0.086713 -0.070581 0.420571
v 0.015962 -0.070581 0.424299
v 0.135557 -0.070581 0.421107
v 0.087450 -0.070581 0.421119
v 0.133962 -0.070581 0.421838
v 0.088209 -0.070581 0.421641
v 0.088991 -0.070581 0.422135
v 0.132334 -0.070581 0.422534
v 0.089795 -0.070581 0.422603
v 0.130691 -0.070581 0.423183
v 0.090621 -0.070581 0.423044
v 0.091469 -0.070581 0.423457
v 0.129052 -0.070581 0.423776
v 0.092340 -0.070581 0.423844
v 0.127417 -0.070581 0.424312
v 0.093232 -0.070581 0.424204
v 0.094147 -0.070581 0.424537
v 0.017162 -0.070581 0.428406
v 0.125785 -0.070581 0.424792
v 0.095085 -0.070581 0.424843
v 0.124157 -0.070581 0.425215
v 0.096077 -0.070581 0.425123
v 0.097159 -0.070581 0.425379
v 0.122533 -0.070581 0.425582
v 0.098329 -0.070581 0.425611
v 0.120912 -0.070581 0.425892
v 0.099589 -0.070581 0.425818
v 0.100937 -0.070581 0.426001
v 0.119295 -0.070581 0.426146
v 0.102374 -0.070581 0.426159
v 0.117682 -0.070581 0.426344
v 0.103901 -0.070581 0.426293
v 0.105516 -0.070581 0.426403
v 0.116073 -0.070581 0.426485
v 0.107220 -0.070581 0.426488
v 0.114467 -0.070581 0.426570
v 0.109012 -0.070581 0.426549
v 0.110894 -0.070581 0.426586
v 0.112865 -0.070581 0.426598
v 0.149670 -0.070581 0.443964
v 0.018629 -0.070581 0.432371
v 0.020363 -0.070581 0.436196
v 0.022363 -0.070581 0.439879
v 0.024630 -0.070581 0.443421
v 0.027164 -0.070581 0.446822
v 0.148793 -0.070581 0.444653
v 0.149670 -0.070581 0.465948
v 0.147882 -0.070581 0.445365
v 0.146936 -0.070581 0.446100
v 0.145956 -0.070581 0.446858
v 0.029964 -0.070581 0.450082
v 0.144941 -0.070581 0.447639
v 0.143891 -0.070581 0.448444
v 0.142807 -0.070581 0.449271
v 0.141688 -0.070581 0.450122
v 0.033031 -0.070581 0.453201
v 0.140535 -0.070581 0.450996
v 0.139347 -0.070581 0.451892
v 0.138125 -0.070581 0.452812
v 0.136868 -0.070581 0.453755
v 0.036296 -0.070581 0.456122
v 0.135600 -0.070581 0.454693
v 0.134344 -0.070581 0.455598
v 0.133101 -0.070581 0.456469
v 0.039689 -0.070581 0.458789
v 0.131870 -0.070581 0.457306
v 0.130651 -0.070581 0.458111
v 0.129445 -0.070581 0.458882
v 0.043211 -0.070581 0.461203
v 0.128251 -0.070581 0.459620
v 0.127069 -0.070581 0.460324
v 0.125900 -0.070581 0.460995
v 0.124743 -0.070581 0.461632
v 0.046860 -0.070581 0.463362
v 0.123598 -0.070581 0.462237
v 0.122466 -0.070581 0.462808
v 0.120890 -0.070581 0.463531
v 0.050639 -0.070581 0.465267
v 0.119305 -0.070581 0.464221
v 0.117710 -0.070581 0.464880
v 0.116105 -0.070581 0.465507
v 0.054545 -0.070581 0.466918
v 0.114490 -0.070581 0.466102
v 0.112865 -0.070581 0.466664
v 0.111230 -0.070581 0.467195
v 0.058581 -0.070581 0.468315
v 0.109585 -0.070581 0.467693
v 0.107931 -0.070581 0.468159
v 0.106266 -0.070581 0.468594
v 0.062744 -0.070581 0.469458
v 0.104592 -0.070581 0.468996
v 0.102908 -0.070581 0.469366
v 0.101205 -0.070581 0.469705
v 0.067036 -0.070581 0.470347
v 0.099475 -0.070581 0.470015
v 0.097718 -0.070581 0.470295
v 0.095934 -0.070581 0.470546
v 0.071456 -0.070581 0.470982
v 0.094123 -0.070581 0.470768
v 0.092284 -0.070581 0.470959
v 0.090418 -0.070581 0.471122
v 0.076005 -0.070581 0.471364
v 0.088526 -0.070581 0.471254
v 0.086606 -0.070581 0.471358
v 0.084658 -0.070581 0.471432
v 0.080682 -0.070581 0.471491
v 0.082684 -0.070581 0.471476
v -0.329330 -0.070581 0.465948
v -0.400629 -0.070581 0.190866
v -0.329330 -0.070581 0.190866
v -0.288613 -0.070581 0.380227
v -0.239896 -0.070581 0.190866
v -0.171797 -0.070581 0.190866
v -0.207535 -0.070581 0.286748
v -0.125391 -0.070581 0.380227
v -0.082718 -0.070581 0.190866
v -0.013197 -0.070581 0.190866
v -0.084496 -0.070581 0.465948
v -0.253764 -0.070581 0.465948
v -0.160062 -0.070581 0.465948
vn 0.0000 1.0000 0.0000
vn 0.0000 1.0000 0.0002
vn 0.0000 1.0000 0.0001
vn 0.0000 1.0000 -0.0001
vn 0.0000 1.0000 -0.0003
vn 0.0000 1.0000 -0.0021
vn 0.0000 1.0000 -0.0004
vn 0.0000 1.0000 0.0005
vn 0.0000 1.0000 0.0004
vn 0.0000 1.0000 -0.0018
vn 0.0000 1.0000 0.0011
vn 0.0000 1.0000 -0.0005
vn 0.0000 0.0000 1.0000
vn 0.0000 -1.0000 0.0000
vn 0.0000 -1.0000 -0.0001
vn -0.0000 -1.0000 0.0001
vn -0.0001 -1.0000 0.0002
vn 0.0007 -1.0000 -0.0048
vn 0.0000 -1.0000 0.0002
vn -0.0001 -1.0000 0.0011
vn 0.0000 -1.0000 -0.0004
vn -0.0000 -1.0000 -0.0003
vn 0.0000 -1.0000 0.0003
vn 0.0000 -1.0000 -0.0011
vn 0.0000 -1.0000 0.0004
vn -0.0001 -1.0000 0.0009
vn 0.0000 -1.0000 -0.0021
vn 0.0001 -1.0000 -0.0012
vn 0.0000 -1.0000 0.0010
vn -0.0001 -1.0000 0.0004
vn 0.0000 -1.0000 -0.0005
vn 0.0005 -1.0000 -0.0025
vn 0.0001 -1.0000 -0.0005
vn -0.0004 -1.0000 0.0025
vn 0.0000 -1.0000 0.0018
vn 0.0000 -1.0000 -0.0007
vn -0.0001 -1.0000 0.0033
vn 0.0000 0.0000 -1.0000
vn 0.9993 0.0000 0.0365
vn -0.2918 0.0000 0.9565
vn -0.9920 0.0000 0.1264
vn -0.3405 0.0000 -0.9402
vn -0.3405 0.0000 -0.9403
vn 0.3281 0.0000 0.9446
vn 0.1519 0.0000 0.9884
vn -0.3044 0.0000 0.9526
vn 1.0000 0.0000 0.0000
vn -0.8798 0.0000 0.4754
vn -0.1564 0.0000 0.9877
vn 0.9580 0.0000 0.2869
vn 0.5653 0.0000 0.8249
vn 0.1867 0.0000 -0.9824
vn 0.2348 0.0000 -0.9721
vn 0.2348 0.0000 -0.9720
vn 0.8276 0.0000 -0.5613
vn -0.5872 0.0000 -0.8095
vn 0.9435 0.0000 -0.3314
vn -0.0713 0.0000 0.9975
vn 0.3593 0.0000 0.9332
vn -0.9994 0.0000 -0.0359
vn -0.8789 0.0000 0.4771
vn 0.1361 0.0000 -0.9907
vn -0.5463 0.0000 -0.8376
vn -0.2253 0.0000 0.9743
vn -0.3775 0.0000 -0.9260
vn -0.0185 0.0000 -0.9998
vn -0.0186 0.0000 -0.9998
vn -0.1775 0.0000 0.9841
vn 0.3540 0.0000 0.9353
vn 0.3667 0.0000 -0.9303
vn -0.5173 0.0000 0.8558
vn 0.0866 0.0000 0.9962
vn 0.0867 0.0000 0.9962
vn -0.3343 0.0000 0.9425
vn -0.9973 0.0000 0.0735
vn -0.5689 0.0000 0.8224
vn -0.0723 0.0000 0.9974
vn 0.5111 0.0000 0.8595
vn -0.4470 0.0000 -0.8945
vn -0.9911 0.0000 -0.1334
vn 0.7660 0.0000 0.6428
vn 0.7660 0.0000 0.6429
vn 0.1185 0.0000 -0.9930
vn -0.3080 0.0000 -0.9514
vn 0.9934 0.0000 -0.1147
vn 0.6305 0.0000 -0.7762
vn -0.9854 0.0000 -0.1700
vn -0.0554 0.0000 -0.9985
vn -0.0555 0.0000 -0.9985
vn -0.3175 0.0000 0.9483
vn 0.9936 0.0000 0.1126
vn -0.9850 0.0000 0.1725
vn 0.1211 0.0000 0.9926
vn 0.2760 0.0000 0.9611
vn -0.2399 0.0000 0.9708
vn 0.9161 0.0000 0.4008
vn 0.9161 0.0000 0.4009
vn -0.1773 0.0000 0.9842
vn 0.6172 0.0000 0.7868
vn 0.2874 0.0000 0.9578
vn 0.5877 0.0000 -0.8091
vn 0.1896 0.0000 -0.9819
vn 0.1895 0.0000 -0.9819
vn 0.4847 0.0000 -0.8747
vn 0.2505 0.0000 0.9681
vn 0.2282 0.0000 -0.9736
vn 0.2882 0.0000 -0.9576
vn -0.6206 0.0000 0.7841
vn 0.7912 0.0000 -0.6116
vn 0.0089 0.0000 -1.0000
vn -0.1803 0.0000 0.9836
vn 0.9640 0.0000 -0.2659
vn -0.6540 0.0000 -0.7565
vn -0.8886 0.0000 -0.4587
vn -0.3556 0.0000 -0.9346
vn -0.2119 0.0000 0.9773
vn 0.0093 0.0000 -1.0000
vn -0.0706 0.0000 0.9975
vn 0.4614 0.0000 -0.8872
vn 0.4613 0.0000 -0.8872
vn 0.3668 0.0000 0.9303
vn -0.1859 0.0000 0.9826
vn 0.3774 0.0000 -0.9260
vn 0.1039 0.0000 0.9946
vn -0.5623 0.0000 0.8270
vn -0.5623 0.0000 0.8269
vn -0.3153 0.0000 0.9490
vn -0.5064 0.0000 0.8623
vn -0.9997 0.0000 0.0239
vn -0.0572 0.0000 0.9984
vn -0.9970 0.0000 -0.0776
vn -0.3909 0.0000 -0.9204
vn 0.8128 0.0000 0.5826
vn -0.3716 0.0000 -0.9284
vn 0.1373 0.0000 -0.9905
vn 0.9879 0.0000 -0.1551
vn 0.5651 0.0000 -0.8250
vn 0.4080 0.0000 -0.9130
vn 0.2085 0.0000 -0.9780
vn 0.2086 0.0000 -0.9780
vn -0.9990 0.0000 0.0442
vn 0.9814 0.0000 0.1919
vn -0.2388 0.0000 0.9711
vn -0.4419 0.0000 0.8970
vn 0.2263 0.0000 0.9741
vn 0.2179 0.0000 0.9760
vn 0.7182 0.0000 -0.6959
vn -0.2962 0.0000 -0.9551
vn -0.2961 0.0000 -0.9552
vn 0.4550 0.0000 0.8905
vn 0.5882 0.0000 -0.8087
vn 0.5883 0.0000 -0.8086
vn 0.4117 0.0000 -0.9113
vn 0.4116 0.0000 -0.9114
vn 0.3625 0.0000 0.9320
vn 0.4692 0.0000 -0.8831
vn 0.1812 0.0000 -0.9834
vn 0.1811 0.0000 -0.9835
vn -0.2378 0.0000 0.9713
vn -0.4100 0.0000 0.9121
vn 0.2758 0.0000 -0.9612
vn 0.2480 0.0000 -0.9688
vn -0.2084 0.0000 -0.9781
vn -0.2084 0.0000 -0.9780
vn -0.9950 0.0000 0.1001
vn -0.0098 0.0000 -1.0000
vn 0.8911 0.0000 -0.4538
vn -0.9255 0.0000 -0.3787
vn -0.7212 0.0000 -0.6927
vn 0.8851 0.0000 -0.4654
vn -1.0000 0.0000 0.0000
vn -0.6063 0.0000 -0.7953
vn -0.6063 0.0000 -0.7952
vn -0.7749 0.0000 0.6321
vn 0.0537 0.0000 -0.9986
vn -0.0922 0.0000 -0.9957
vn -0.0923 0.0000 -0.9957
vn -0.2228 0.0000 0.9749
vn -0.4101 0.0000 -0.9120
vn 0.3446 0.0000 -0.9388
vn -0.1946 0.0000 0.9809
vn -0.1947 0.0000 0.9809
vn 0.3270 0.0000 0.9450
vn -0.3726 0.0000 0.9280
vn -0.6080 0.0000 0.7939
vn 0.0535 0.0000 0.9986
vn -0.1010 0.0000 0.9949
vn -0.1009 0.0000 0.9949
vn -0.9993 0.0000 -0.0385
vn -0.6880 0.0000 0.7258
vn -0.3360 0.0000 -0.9419
vn -0.9673 0.0000 -0.2536
vn 0.9990 0.0000 -0.0446
vn 0.1564 0.0000 -0.9877
vn -0.1860 0.0000 -0.9825
vn 0.4277 0.0000 -0.9039
vn 0.7483 0.0000 -0.6634
vn -0.9965 0.0000 0.0837
vn -0.2656 0.0000 0.9641
vn 0.9620 0.0000 0.2730
vn -0.3720 0.0000 0.9282
vn 0.1841 0.0000 0.9829
vn 0.1792 0.0000 0.9838
vn 0.0276 0.0000 0.9996
vn 0.9854 0.0000 0.1700
vn 0.9854 0.0000 0.1701
vn -0.2208 0.0000 0.9753
vn 0.4593 0.0000 -0.8883
vn 0.5840 0.0000 -0.8117
vn 0.5841 0.0000 -0.8117
vn -0.1066 0.0000 -0.9943
vn 0.3249 0.0000 0.9458
vn 0.3249 0.0000 0.9457
vn 0.1838 0.0000 -0.9830
vn 0.4550 0.0000 -0.8905
vn 0.4549 0.0000 -0.8905
vn 0.5014 0.0000 -0.8652
vn 0.0228 0.0000 0.9997
vn -0.4844 0.0000 0.8748
vn 0.2415 0.0000 -0.9704
vn 0.2637 0.0000 -0.9646
vn 0.2636 0.0000 -0.9646
vn -0.9616 0.0000 0.2746
vn 0.9963 0.0000 0.0862
vn -0.0308 0.0000 -0.9995
vn -0.9143 0.0000 -0.4051
vn 0.9173 0.0000 -0.3983
vn -0.7861 0.0000 -0.6182
vn -0.7861 0.0000 -0.6181
vn -0.5766 0.0000 -0.8170
vn 0.0932 0.0000 -0.9956
vn -0.7121 0.0000 0.7021
vn 0.1822 0.0000 -0.9833
vn -0.3934 0.0000 -0.9194
vn -0.2142 0.0000 0.9768
vn -0.2141 0.0000 0.9768
vn 0.3557 0.0000 -0.9346
vn 0.3407 0.0000 0.9402
vn -0.2036 0.0000 0.9791
vn -0.2036 0.0000 0.9790
vn 0.0699 0.0000 0.9976
vn -0.6538 0.0000 0.7567
vn -0.0869 0.0000 0.9962
vn -0.0868 0.0000 0.9962
vn -0.6300 0.0000 0.7766
vn -0.9930 0.0000 -0.1182
vn 0.9985 0.0000 0.0551
vn 0.7097 0.0000 0.7045
vn -0.9813 0.0000 -0.1922
vn -0.2830 0.0000 -0.9591
vn -0.2459 0.0000 -0.9693
vn 0.1755 0.0000 -0.9845
vn 0.3518 0.0000 -0.9361
vn 0.3519 0.0000 -0.9361
vn 0.6925 0.0000 -0.7214
vn 0.3085 0.0000 -0.9512
vn 0.9352 0.0000 0.3541
vn -0.1841 0.0000 0.9829
vn -0.1842 0.0000 0.9829
vn -0.9438 0.0000 0.3305
vn -0.4275 0.0000 -0.9040
vn 0.5196 0.0000 -0.8544
vn 0.1347 0.0000 0.9909
vn 0.2896 0.0000 0.9571
vn 0.3010 0.0000 -0.9536
vn -0.5551 0.0000 0.8318
vn -0.2376 0.0000 0.9714
vn 0.9963 0.0000 -0.0861
vn -0.1227 0.0000 0.9924
vn -0.1228 0.0000 0.9924
vn 0.0173 0.0000 0.9998
vn 0.0173 0.0000 0.9999
vn 0.5803 0.0000 -0.8144
vn 0.3395 0.0000 -0.9406
vn 0.5984 0.0000 0.8012
vn 0.4417 0.0000 -0.8972
vn 0.1756 0.0000 -0.9845
vn 0.1437 0.0000 0.9896
vn 0.0074 0.0000 1.0000
vn 0.2518 0.0000 -0.9678
vn 0.3144 0.0000 -0.9493
vn 0.3143 0.0000 -0.9493
vn -0.7795 0.0000 0.6264
vn -0.0537 0.0000 -0.9986
vn 0.9399 0.0000 -0.3414
vn -0.9962 0.0000 -0.0869
vn 0.8033 0.0000 -0.5956
vn -0.8416 0.0000 -0.5402
vn -0.6448 0.0000 0.7644
vn -0.0156 0.0000 -0.9999
vn -0.4219 0.0000 -0.9067
vn -0.2061 0.0000 0.9785
vn -0.2060 0.0000 0.9785
vn -0.4462 0.0000 -0.8949
vn 0.0720 0.0000 -0.9974
vn -0.2128 0.0000 0.9771
vn 0.2980 0.0000 0.9546
vn 0.4081 0.0000 -0.9129
vn 0.6470 0.0000 0.7625
vn -0.6992 0.0000 0.7150
vn 0.0223 0.0000 0.9998
vn -0.9798 0.0000 -0.2001
vn -0.0086 0.0000 1.0000
vn -0.0085 0.0000 1.0000
vn -0.2322 0.0000 -0.9727
vn -0.9244 0.0000 -0.3814
vn 0.9132 0.0000 0.4075
vn 0.1947 0.0000 -0.9809
vn 0.0268 0.0000 -0.9996
vn -0.9998 0.0000 0.0187
vn -0.5707 0.0000 0.8211
vn -0.5708 0.0000 0.8211
vn 0.8416 0.0000 -0.5402
vn 0.0262 0.0000 -0.9997
vn 0.0261 0.0000 -0.9997
vn -0.3331 0.0000 0.9429
vn -0.2117 0.0000 0.9773
vn 0.9012 0.0000 0.4335
vn -0.4054 0.0000 -0.9142
vn -0.9211 0.0000 0.3893
vn 0.2531 0.0000 0.9674
vn 0.0929 0.0000 0.9957
vn -0.0225 0.0000 0.9997
vn 0.9996 0.0000 -0.0276
vn -0.2494 0.0000 0.9684
vn 0.8358 0.0000 0.5490
vn 0.3725 0.0000 -0.9281
vn 0.3725 0.0000 -0.9280
vn 0.5764 0.0000 -0.8171
vn 0.5765 0.0000 -0.8171
vn 0.5823 0.0000 0.8130
vn 0.1784 0.0000 -0.9840
vn 0.4296 0.0000 -0.9030
vn 0.1099 0.0000 0.9939
vn 0.2785 0.0000 -0.9604
vn 0.2403 0.0000 -0.9707
vn 0.2404 0.0000 -0.9707
vn -0.8201 0.0000 0.5722
vn 0.9174 0.0000 -0.3979
vn -0.0790 0.0000 -0.9969
vn -0.0789 0.0000 -0.9969
vn -0.9935 0.0000 -0.1138
vn 0.8470 0.0000 -0.5316
vn -0.8980 0.0000 -0.4400
vn -0.8236 0.0000 -0.5672
vn -0.4948 0.0000 -0.8690
vn 0.0172 0.0000 -0.9999
vn -0.5749 0.0000 0.8182
vn -0.3919 0.0000 -0.9200
vn -0.4277 0.0000 -0.9039
vn -0.1989 0.0000 0.9800
vn 0.0955 0.0000 -0.9954
vn 0.3127 0.0000 0.9499
vn -0.2222 0.0000 0.9750
vn 0.4178 0.0000 -0.9085
vn 0.0377 0.0000 0.9993
vn -0.7433 0.0000 0.6690
vn -0.2556 0.0000 0.9668
vn -0.7427 0.0000 0.6696
vn -0.9592 0.0000 -0.2829
vn -0.9484 0.0000 -0.3169
vn -0.1839 0.0000 -0.9829
vn 0.9366 0.0000 0.3503
vn 0.2140 0.0000 -0.9768
vn 0.9332 0.0000 -0.3594
vn 0.7976 0.0000 -0.6032
vn 0.7976 0.0000 -0.6031
vn -0.5496 0.0000 0.8354
vn -0.0161 0.0000 -0.9999
vn -0.0162 0.0000 -0.9999
vn -0.9983 0.0000 0.0581
vn -0.9751 0.0000 0.2219
vn -0.3835 0.0000 -0.9236
vn 0.8606 0.0000 0.5092
vn -0.1281 0.0000 0.9918
vn 0.0538 0.0000 0.9986
vn 0.3666 0.0000 0.9304
vn 0.6742 0.0000 0.7385
vn -0.2618 0.0000 0.9651
vn -0.2619 0.0000 0.9651
vn 0.9767 0.0000 -0.2148
vn 0.1955 0.0000 -0.9807
vn 0.5730 0.0000 -0.8196
vn 0.5730 0.0000 -0.8195
vn 0.2877 0.0000 -0.9577
vn 0.2141 0.0000 0.9768
vn 0.4180 0.0000 -0.9084
vn 0.4180 0.0000 -0.9085
vn 0.1707 0.0000 -0.9853
vn -0.6801 0.0000 0.7331
vn 0.2241 0.0000 -0.9746
vn 0.2242 0.0000 -0.9745
vn 0.3921 0.0000 -0.9199
vn 0.9734 0.0000 -0.2293
vn -0.8741 0.0000 -0.4858
vn -0.8740 0.0000 -0.4858
vn -0.9400 0.0000 -0.3413
vn 0.7021 0.0000 -0.7121
vn -0.1648 0.0000 0.9863
vn -0.1647 0.0000 0.9863
vn -0.4845 0.0000 -0.8748
vn -0.5107 0.0000 0.8598
vn -0.5107 0.0000 0.8597
vn -0.0786 0.0000 -0.9969
vn 0.0290 0.0000 -0.9996
vn -0.1924 0.0000 0.9813
vn -0.4863 0.0000 -0.8738
vn 0.3878 0.0000 -0.9217
vn -0.2320 0.0000 0.9727
vn -0.2319 0.0000 0.9727
vn 0.2669 0.0000 0.9637
vn -0.5849 0.0000 -0.8111
vn -0.2957 0.0000 0.9553
vn -0.2958 0.0000 0.9553
vn -0.7841 0.0000 0.6206
vn -0.0199 0.0000 0.9998
vn -0.0416 0.0000 0.9991
vn -0.9312 0.0000 -0.3644
vn 0.8514 0.0000 0.5245
vn -0.1384 0.0000 -0.9904
vn -0.8603 0.0000 -0.5097
vn 0.9799 0.0000 -0.1995
vn 0.1216 0.0000 0.9926
vn 0.2287 0.0000 -0.9735
vn 0.0223 0.0000 -0.9998
vn 0.1430 0.0000 -0.9897
vn -0.5284 0.0000 0.8490
vn 0.9116 0.0000 -0.4111
vn -0.3618 0.0000 -0.9323
vn -0.1563 0.0000 0.9877
vn 0.8146 0.0000 0.5800
vn -0.2724 0.0000 -0.9622
vn 0.9997 0.0000 -0.0232
vn 0.7346 0.0000 0.6785
vn 0.9889 0.0000 -0.1486
vn -0.2752 0.0000 0.9614
vn 0.6135 0.0000 0.7897
vn 0.3116 0.0000 -0.9502
vn 0.5696 0.0000 -0.8219
vn 0.1784 0.0000 0.9840
vn 0.1731 0.0000 -0.9849
vn 0.4075 0.0000 -0.9132
vn 0.3523 0.0000 -0.9359
vn 0.2033 0.0000 -0.9791
vn 0.2034 0.0000 -0.9791
vn -0.9899 0.0000 -0.1415
vn -0.9981 0.0000 -0.0610
vn 0.9585 0.0000 -0.2850
vn -0.7331 0.0000 0.6801
vn -0.2499 0.0000 -0.9683
vn -0.8584 0.0000 -0.5130
vn 0.7547 0.0000 -0.6561
vn -0.9707 0.0000 -0.2403
vn -0.4532 0.0000 -0.8914
vn -0.0470 0.0000 -0.9989
vn -0.4597 0.0000 0.8881
vn -0.8587 0.0000 0.5125
vn 0.6409 0.0000 0.7676
vn 0.0497 0.0000 -0.9988
vn 0.0498 0.0000 -0.9988
vn -0.4657 0.0000 -0.8849
vn -0.1864 0.0000 0.9825
vn -0.0748 0.0000 -0.9972
vn 0.2827 0.0000 0.9592
vn -0.2419 0.0000 0.9703
vn -0.2418 0.0000 0.9703
vn -0.2767 0.0000 0.9610
vn -0.2766 0.0000 0.9610
vn -0.4435 0.0000 0.8963
vn -0.8212 0.0000 0.5706
vn -0.8396 0.0000 0.5433
vn -0.8965 0.0000 -0.4430
vn 0.8849 0.0000 0.4658
vn -0.8950 0.0000 -0.4460
vn -0.0955 0.0000 -0.9954
vn 0.9687 0.0000 -0.2482
vn -0.0241 0.0000 -0.9997
vn 0.2396 0.0000 -0.9709
vn 0.2077 0.0000 -0.9782
vn 0.0822 0.0000 -0.9966
vn 0.8796 0.0000 -0.4757
vn -0.5071 0.0000 0.8619
vn 0.7887 0.0000 0.6148
vn 0.7647 0.0000 0.6444
vn -0.5174 0.0000 -0.8557
vn -0.5175 0.0000 -0.8557
vn -0.3535 0.0000 0.9354
vn -0.0081 0.0000 1.0000
vn 0.4675 0.0000 0.8840
vn 0.1205 0.0000 0.9927
vn -0.2893 0.0000 0.9572
vn 0.9346 0.0000 -0.3558
vn 0.9354 0.0000 0.3536
vn 0.5662 0.0000 -0.8243
vn 0.2492 0.0000 -0.9684
vn 0.5268 0.0000 0.8500
vn -0.1372 0.0000 -0.9905
vn 0.3975 0.0000 -0.9176
vn 0.1799 0.0000 -0.9837
vn 0.0149 0.0000 0.9999
vn 0.9718 0.0000 0.2357
vn 0.1826 0.0000 -0.9832
vn 0.4771 0.0000 -0.8788
vn 0.4772 0.0000 -0.8788
vn -0.3965 0.0000 0.9181
vn -0.1710 0.0000 -0.9853
vn 0.9925 0.0000 -0.1222
vn -0.9799 0.0000 -0.1994
vn -0.8181 0.0000 0.5751
vn -0.9901 0.0000 -0.1407
vn 0.5870 0.0000 -0.8096
vn -0.7629 0.0000 -0.6466
vn -0.1559 0.0000 0.9878
vn -0.4165 0.0000 0.9091
vn -0.4166 0.0000 0.9091
vn -0.1420 0.0000 -0.9899
vn -0.3003 0.0000 -0.9538
vn -0.1809 0.0000 0.9835
vn -0.5305 0.0000 -0.8477
vn 0.1758 0.0000 -0.9844
vn -0.2522 0.0000 0.9677
vn 0.2336 0.0000 0.9723
vn 0.4457 0.0000 -0.8952
vn 0.4458 0.0000 -0.8952
vn -0.8555 0.0000 0.5178
vn -0.1072 0.0000 0.9942
vn -0.8560 0.0000 -0.5170
vn -0.9415 0.0000 0.3369
vn 0.2159 0.0000 0.9764
vn 0.9703 0.0000 0.2419
vn -0.0553 0.0000 -0.9985
vn -0.7765 0.0000 -0.6301
vn 0.9815 0.0000 0.1915
vn 0.2513 0.0000 -0.9679
vn 0.1211 0.0000 -0.9926
vn 0.8301 0.0000 -0.5576
vn -0.4859 0.0000 0.8740
vn 0.9584 0.0000 -0.2855
vn -0.1098 0.0000 -0.9940
vn -0.1099 0.0000 -0.9939
vn -0.0998 0.0000 0.9950
vn 0.7121 0.0000 0.7021
vn 0.4123 0.0000 0.9110
vn -0.0249 0.0000 0.9997
vn -0.0248 0.0000 0.9997
vn 0.1729 0.0000 0.9849
vn 0.4831 0.0000 0.8756
vn 0.9588 0.0000 -0.2842
vn 0.9588 0.0000 -0.2841
vn -0.3043 0.0000 0.9526
vn 0.9561 0.0000 0.2930
vn 0.2672 0.0000 -0.9637
vn 0.2671 0.0000 -0.9637
vn 0.5630 0.0000 -0.8264
vn 0.5631 0.0000 -0.8264
vn 0.5056 0.0000 0.8627
vn 0.9896 0.0000 0.1439
vn 0.6277 0.0000 0.7785
vn 0.1728 0.0000 -0.9850
vn 0.3882 0.0000 -0.9216
vn -0.0339 0.0000 0.9994
vn 0.4337 0.0000 -0.9010
vn 0.4338 0.0000 -0.9010
vn 0.1621 0.0000 -0.9868
vn 0.9846 0.0000 -0.1748
vn -0.9733 0.0000 -0.2295
vn 0.6466 0.0000 -0.7629
vn -0.9990 0.0000 -0.0451
vn -0.7414 0.0000 -0.6710
vn -0.1103 0.0000 -0.9939
vn -0.3795 0.0000 0.9252
vn -0.2677 0.0000 -0.9635
vn -0.5078 0.0000 -0.8615
vn -0.1758 0.0000 0.9844
vn -0.1759 0.0000 0.9844
vn 0.2060 0.0000 -0.9785
vn -0.2627 0.0000 0.9649
vn -0.0619 0.0000 0.9981
vn -0.8864 0.0000 0.4629
vn -0.8109 0.0000 -0.5852
vn 0.2864 0.0000 0.9581
vn -0.8206 0.0000 -0.5714
vn -0.0178 0.0000 -0.9998
vn 0.0698 0.0000 -0.9976
vn 0.2638 0.0000 -0.9646
vn 0.7782 0.0000 -0.6281
vn -0.8459 0.0000 -0.5333
vn 0.9377 0.0000 -0.3474
vn -0.4646 0.0000 0.8855
vn -0.1392 0.0000 -0.9903
vn -0.9999 0.0000 -0.0117
vn 0.4588 0.0000 0.8885
vn 0.4588 0.0000 0.8886
vn -0.8929 0.0000 0.4502
vn -0.4722 0.0000 -0.8815
vn 0.6585 0.0000 0.7526
vn -0.0142 0.0000 0.9999
vn 0.3980 0.0000 -0.9174
vn -0.0420 0.0000 0.9991
vn 0.5925 0.0000 0.8056
vn 0.5924 0.0000 0.8056
vn 0.4976 0.0000 -0.8674
vn 0.8758 0.0000 0.4826
vn -0.3204 0.0000 0.9473
vn 0.8660 0.0000 -0.5000
vn 0.5650 0.0000 0.8251
vn 0.5600 0.0000 -0.8285
vn 0.2195 0.0000 -0.9756
vn 0.0771 0.0000 0.9970
vn 0.3850 0.0000 -0.9229
vn 0.1939 0.0000 -0.9810
vn -0.8563 0.0000 0.5164
vn 0.1419 0.0000 -0.9899
vn 0.5678 0.0000 -0.8232
vn -0.8044 0.0000 -0.5940
vn -0.8045 0.0000 -0.5940
vn -0.9995 0.0000 0.0300
vn 0.5171 0.0000 -0.8559
vn -0.3625 0.0000 -0.9320
vn 0.9970 0.0000 -0.0780
vn -0.3478 0.0000 0.9376
vn -0.2050 0.0000 -0.9788
vn 0.1206 0.0000 -0.9927
vn -0.1712 0.0000 0.9852
vn -0.5792 0.0000 -0.8152
vn 0.4274 0.0000 -0.9041
vn 0.4273 0.0000 -0.9041
vn -0.2789 0.0000 0.9603
vn 0.1971 0.0000 0.9804
vn -0.9375 0.0000 0.3481
vn -0.2186 0.0000 0.9758
vn -0.2185 0.0000 0.9758
vn -0.9137 0.0000 0.4064
vn -0.2078 0.0000 0.9782
vn -0.5155 0.0000 -0.8569
vn 0.0860 0.0000 0.9963
vn -0.7627 0.0000 -0.6468
vn -0.9791 0.0000 0.2033
vn 0.9555 0.0000 0.2950
vn 0.0088 0.0000 -1.0000
vn -0.6773 0.0000 -0.7357
vn 0.9067 0.0000 -0.4218
vn 0.2772 0.0000 -0.9608
vn 0.2352 0.0000 -0.9719
vn -0.0482 0.0000 -0.9988
vn -0.0483 0.0000 -0.9988
vn 0.9854 0.0000 -0.1700
vn -0.0427 0.0000 0.9991
vn -0.0428 0.0000 0.9991
vn 0.6050 0.0000 0.7963
vn 0.0704 0.0000 0.9975
vn 0.5277 0.0000 0.8494
vn 0.5278 0.0000 0.8494
vn -0.0597 0.0000 0.9982
vn 0.9088 0.0000 0.4172
vn 0.9037 0.0000 -0.4282
vn -0.3375 0.0000 0.9413
vn 0.5465 0.0000 0.8374
vn 0.5465 0.0000 0.8375
vn 0.2335 0.0000 -0.9724
vn 0.5570 0.0000 -0.8305
vn 0.0454 0.0000 0.9990
vn 0.1869 0.0000 -0.9824
vn 0.3700 0.0000 -0.9290
vn -0.0253 0.0000 0.9997
vn 0.5220 0.0000 -0.8530
vn 0.1220 0.0000 -0.9925
vn 0.9974 0.0000 -0.0716
vn -0.2956 0.0000 -0.9553
vn -0.7842 0.0000 -0.6205
vn 0.5240 0.0000 -0.8517
vn -0.9956 0.0000 0.0940
vn 0.5791 0.0000 0.8153
vn -0.3320 0.0000 -0.9433
vn -0.1736 0.0000 -0.9848
vn -0.3202 0.0000 0.9474
vn -0.3201 0.0000 0.9474
vn -0.8307 0.0000 0.5567
vn -0.8308 0.0000 0.5566
vn 0.1473 0.0000 -0.9891
vn -0.5543 0.0000 -0.8323
vn -0.1668 0.0000 0.9860
vn -0.1667 0.0000 0.9860
vn -0.8879 0.0000 0.4599
vn -0.8879 0.0000 0.4600
vn 0.4367 0.0000 -0.8996
vn 0.2161 0.0000 0.9764
vn 0.2160 0.0000 0.9764
vn -0.3140 0.0000 0.9494
vn -0.1994 0.0000 0.9799
vn -0.9370 0.0000 0.3492
vn -0.1988 0.0000 0.9800
vn 0.1490 0.0000 0.9888
vn -0.9631 0.0000 0.2690
vn -0.7128 0.0000 -0.7014
vn -0.7287 0.0000 -0.6849
vn 0.0266 0.0000 -0.9996
vn 0.0265 0.0000 -0.9996
vn 0.8727 0.0000 -0.4882
vn 0.1763 0.0000 -0.9843
vn 0.2917 0.0000 -0.9565
vn -0.0795 0.0000 -0.9968
vn -0.0794 0.0000 -0.9968
vn 0.9741 0.0000 -0.2262
vn -0.4223 0.0000 0.9064
vn -0.4224 0.0000 0.9064
vn -0.2478 0.0000 -0.9688
vn 0.8610 0.0000 -0.5085
vn 0.5506 0.0000 0.8348
vn 0.5505 0.0000 0.8348
vn 0.0373 0.0000 0.9993
vn -0.5833 0.0000 0.8123
vn -0.0780 0.0000 0.9970
vn 0.7303 0.0000 0.6831
vn 0.3404 0.0000 0.9403
vn 0.3276 0.0000 0.9448
vn -0.3558 0.0000 0.9345
vn -0.3559 0.0000 0.9345
vn 0.7716 0.0000 -0.6361
vn 0.9912 0.0000 0.1323
vn 0.3842 0.0000 -0.9233
vn 0.1987 0.0000 -0.9801
vn 0.4329 0.0000 0.9015
vn 0.4328 0.0000 0.9015
vn 0.1022 0.0000 -0.9948
vn 0.1023 0.0000 -0.9948
vn 0.6606 0.0000 -0.7507
vn -0.9814 0.0000 0.1921
vn -0.3463 0.0000 -0.9381
vn -0.3464 0.0000 -0.9381
vn 0.9963 0.0000 -0.0854
vn -0.9461 0.0000 -0.3238
vn -0.9865 0.0000 0.1635
vn 0.3410 0.0000 -0.9401
vn -0.6633 0.0000 -0.7483
vn -0.9149 0.0000 0.4036
vn -0.2962 0.0000 0.9551
vn -0.2963 0.0000 0.9551
vn -0.2667 0.0000 -0.9638
vn -0.1645 0.0000 -0.9864
vn -0.1628 0.0000 0.9867
vn -0.1629 0.0000 0.9867
vn -0.1289 0.0000 -0.9917
vn -0.3511 0.0000 0.9363
vn 0.1584 0.0000 0.9874
vn -0.9565 0.0000 0.2918
vn -0.3210 0.0000 0.9471
vn -0.1279 0.0000 0.9918
vn -0.6624 0.0000 -0.7491
vn -0.9967 0.0000 0.0815
vn 0.5073 0.0000 0.8618
vn 0.0445 0.0000 -0.9990
vn -0.5617 0.0000 -0.8273
vn 0.9998 0.0000 0.0185
vn 0.3073 0.0000 -0.9516
vn 0.3626 0.0000 -0.9319
vn 0.5795 0.0000 -0.8150
vn 0.5794 0.0000 -0.8150
vn -0.4015 0.0000 0.9158
vn 0.9977 0.0000 -0.0677
vn -0.2220 0.0000 -0.9751
vn -0.2220 0.0000 -0.9750
vn 0.0121 0.0000 0.9999
vn 0.4941 0.0000 0.8694
vn -0.5129 0.0000 0.8584
vn -0.5130 0.0000 0.8584
vn -0.3189 0.0000 -0.9478
vn 0.6607 0.0000 0.7507
vn -0.0967 0.0000 0.9953
vn 0.3978 0.0000 0.9175
vn 0.3977 0.0000 0.9175
vn 0.8218 0.0000 -0.5698
vn -0.3755 0.0000 0.9268
vn -0.2572 0.0000 0.9664
vn 0.2019 0.0000 -0.9794
vn 0.5514 0.0000 -0.8342
vn 0.5514 0.0000 -0.8343
vn 0.4004 0.0000 0.9163
vn 0.2007 0.0000 -0.9797
vn 0.3414 0.0000 -0.9399
vn 0.6142 0.0000 -0.7891
vn 0.0830 0.0000 -0.9966
vn -0.9895 0.0000 0.1448
vn -0.9020 0.0000 -0.4318
vn -0.4021 0.0000 -0.9156
vn -0.9357 0.0000 -0.3528
vn 0.4001 0.0000 -0.9165
vn -0.9714 0.0000 0.2375
vn -0.6352 0.0000 -0.7723
vn -0.7711 0.0000 0.6368
vn -0.7710 0.0000 0.6368
vn -0.2360 0.0000 -0.9718
vn -0.1286 0.0000 -0.9917
vn -0.1285 0.0000 -0.9917
vn -0.6053 0.0000 -0.7960
vn -0.1590 0.0000 0.9873
vn 0.3331 0.0000 -0.9429
vn 0.1775 0.0000 0.9841
vn -0.3900 0.0000 0.9208
vn -0.3914 0.0000 0.9202
vn -0.3915 0.0000 0.9202
vn -0.2630 0.0000 0.9648
vn -0.9720 0.0000 0.2350
vn -0.1147 0.0000 0.9934
vn -0.1148 0.0000 0.9934
vn -0.9901 0.0000 0.1406
vn -0.6127 0.0000 -0.7903
vn -0.6213 0.0000 -0.7835
vn 0.0628 0.0000 -0.9980
vn 0.9999 0.0000 -0.0142
vn 0.2975 0.0000 -0.9547
vn 0.3242 0.0000 -0.9460
vn 0.5041 0.0000 -0.8636
vn 0.9931 0.0000 -0.1171
vn -0.3808 0.0000 0.9246
vn -0.3808 0.0000 0.9247
vn -0.3401 0.0000 0.9404
vn 0.2382 0.0000 -0.9712
vn -0.7152 0.0000 0.6989
vn -0.5624 0.0000 -0.8268
vn 0.4377 0.0000 0.8991
vn 0.0916 0.0000 0.9958
vn 0.2273 0.0000 0.9738
vn -0.1161 0.0000 0.9932
vn 0.8619 0.0000 0.5071
vn 0.6585 0.0000 -0.7526
vn 0.5394 0.0000 -0.8421
vn 0.1926 0.0000 -0.9813
vn -0.1048 0.0000 0.9945
vn 0.3275 0.0000 -0.9448
vn 0.2213 0.0000 -0.9752
vn 0.2212 0.0000 -0.9752
vn -0.9558 0.0000 0.2941
vn 0.0639 0.0000 -0.9980
vn 0.7507 0.0000 -0.6607
vn -0.9655 0.0000 -0.2603
vn -0.4610 0.0000 -0.8874
vn -0.4609 0.0000 -0.8874
vn 0.9793 0.0000 -0.2026
vn -0.7165 0.0000 -0.6975
vn -0.9489 0.0000 0.3156
vn 0.2318 0.0000 -0.9728
vn -0.7936 0.0000 0.6085
vn -0.2340 0.0000 -0.9722
vn -0.2341 0.0000 -0.9722
vn -0.2566 0.0000 0.9665
vn -0.3266 0.0000 -0.9452
vn -0.1612 0.0000 0.9869
vn 0.3791 0.0000 0.9254
vn -0.4308 0.0000 0.9024
vn -0.1529 0.0000 0.9882
vn -0.9838 0.0000 0.1794
vn -0.5605 0.0000 -0.8282
vn -0.5604 0.0000 -0.8282
vn -0.9997 0.0000 -0.0250
vn 0.9951 0.0000 0.0992
vn 0.0811 0.0000 -0.9967
vn -0.4358 0.0000 -0.9000
vn 0.3426 0.0000 -0.9395
vn -0.3604 0.0000 0.9328
vn -0.5399 0.0000 -0.8417
vn -0.6514 0.0000 0.7588
vn 0.0638 0.0000 0.9980
vn 0.3821 0.0000 0.9241
vn 0.5541 0.0000 -0.8325
vn -0.1793 0.0000 0.9838
vn 0.2833 0.0000 0.9590
vn 0.2834 0.0000 0.9590
vn 0.7987 0.0000 0.6017
vn -0.1359 0.0000 0.9907
vn 0.9833 0.0000 0.1821
vn 0.7168 0.0000 -0.6972
vn 0.7169 0.0000 -0.6972
vn -0.4190 0.0000 0.9080
vn -0.9138 0.0000 0.4061
vn -0.1678 0.0000 -0.9858
vn -0.1791 0.0000 0.9838
vn 0.2145 0.0000 -0.9767
vn 0.2146 0.0000 -0.9767
vn 0.3141 0.0000 -0.9494
vn -0.9703 0.0000 0.2420
vn 0.7063 0.0000 -0.7079
vn 0.0452 0.0000 -0.9990
vn -0.9565 0.0000 -0.2918
vn 0.9898 0.0000 -0.1423
vn -0.5224 0.0000 -0.8527
vn -0.6905 0.0000 -0.7233
vn 0.2848 0.0000 -0.9586
vn -0.9183 0.0000 0.3959
vn -0.4498 0.0000 -0.8931
vn -0.1996 0.0000 -0.9799
vn -0.2969 0.0000 -0.9549
vn -0.2400 0.0000 0.9708
vn 0.2723 0.0000 -0.9622
vn -0.1693 0.0000 0.9856
vn 0.9535 0.0000 -0.3015
vn 0.1398 0.0000 0.9902
vn -0.4733 0.0000 0.8809
vn -0.1406 0.0000 0.9901
vn -0.3814 0.0000 0.9244
vn -0.9921 0.0000 0.1254
vn 0.4335 0.0000 0.9011
vn -0.9997 0.0000 0.0262
vn -0.5038 0.0000 -0.8638
vn 0.9983 0.0000 0.0575
vn -0.4996 0.0000 -0.8663
vn 0.0997 0.0000 -0.9950
vn 0.3555 0.0000 -0.9347
vn 0.6514 0.0000 -0.7587
vn 0.4297 0.0000 -0.9030
vn 0.3625 0.0000 -0.9320
vn 0.3626 0.0000 -0.9320
vn -0.1955 0.0000 -0.9807
vn 0.9998 0.0000 -0.0217
vn -0.6027 0.0002 -0.7980
vn -0.6026 0.0000 -0.7981
vn -0.0067 1.0000 0.0040
vn -0.0061 1.0000 0.0033
vn 0.9201 0.0310 -0.3904
vn 0.9201 0.0310 -0.3905
vn -0.5962 0.0000 -0.8029
vn 0.9198 0.0309 -0.3912
vn -0.0064 1.0000 0.0035
vn -0.0064 1.0000 0.0033
vn 0.0063 -1.0000 -0.0034
vn 0.0062 -1.0000 -0.0034
vn -0.0063 1.0000 0.0036
vn -0.6703 0.0000 -0.7421
vn 0.9864 0.0292 -0.1615
vn -0.0059 1.0000 0.0046
vn 0.5598 0.0277 -0.8281
vn -0.0058 1.0000 0.0034
vn -0.0063 1.0000 0.0034
vn 0.0492 -0.9690 0.2422
vn -0.0058 1.0000 0.0033
vn 0.0062 -1.0000 -0.0035
vn 0.0061 -1.0000 -0.0033
vn -0.7385 0.0000 -0.6742
vn -0.7384 0.0000 -0.6743
vn -0.7385 -0.0000 -0.6743
vn 0.9951 0.0287 -0.0947
vn -0.0057 1.0000 0.0034
vn 0.8691 0.0312 -0.4936
vn 0.9950 0.0285 -0.0961
vn -0.8028 0.0000 -0.5962
vn 0.9995 0.0276 -0.0181
vn 0.0060 -1.0000 -0.0033
vn -0.8547 0.0000 -0.5192
vn 0.8687 0.0310 -0.4943
vn 0.8875 0.0312 -0.4597
vn 0.8051 0.0309 -0.5924
vn 0.8872 0.0310 -0.4604
vn 0.8867 0.0310 -0.4613
vn -0.9054 0.0000 -0.4246
vn -0.0062 1.0000 0.0034
vn -0.0070 1.0000 0.0035
vn -0.0069 1.0000 0.0035
vn -0.5186 0.0000 -0.8550
vn 0.6223 0.0323 -0.7821
vn 0.8781 0.0415 -0.4767
vn -0.9396 -0.0000 -0.3424
vn 0.8781 0.0416 -0.4767
vn 0.4814 0.0263 -0.8761
vn -0.0067 1.0000 0.0034
vn 0.5602 0.0277 -0.8279
vn 0.9950 0.0285 -0.0959
vn -0.0063 1.0000 0.0033
vn 0.9994 0.0277 -0.0183
vn 0.9993 0.0290 -0.0253
vn 0.9994 0.0277 -0.0184
vn 0.9969 0.0262 0.0741
vn 0.9969 0.0262 0.0740
vn -0.0060 1.0000 0.0036
vn 0.9970 0.0261 0.0726
vn -0.5849 -0.0052 -0.8111
vn -0.5834 -0.0054 -0.8122
vn -0.7613 -0.0149 -0.6483
vn -0.0065 1.0000 0.0036
vn 0.8499 0.0311 -0.5261
vn -0.7611 -0.0149 -0.6485
vn -0.8789 -0.0226 -0.4765
vn -0.8785 -0.0226 -0.4772
vn -0.9474 -0.0283 -0.3189
vn 0.8499 0.0311 -0.5260
vn -0.0066 1.0000 0.0037
vn 0.7439 0.0000 -0.6683
vn -0.0061 1.0000 0.0038
vn -0.9395 0.0000 -0.3424
vn -0.7439 0.0000 -0.6682
vn 0.7440 0.0000 0.6682
vn -0.9687 0.0000 -0.2482
vn -0.7440 0.0000 0.6682
vn -0.9896 0.0000 -0.1437
vn -0.9822 -0.0322 -0.1850
vn -0.8617 0.0000 -0.5074
vn -0.9059 0.0000 -0.4235
vn 0.0055 -1.0000 -0.0035
vn -0.9967 -0.0347 -0.0727
vn -0.9984 0.0000 -0.0559
vn -0.9966 -0.0350 -0.0741
vn -0.9992 -0.0366 0.0184
vn -0.0060 1.0000 0.0030
vn -0.9440 0.0000 -0.3298
vn -0.9992 -0.0367 0.0184
vn -0.9440 0.0000 -0.3299
vn 0.9353 0.0309 -0.3524
vn -0.7470 -0.0212 0.6645
vn 0.9498 0.0307 -0.3113
vn -0.0068 1.0000 0.0039
vn -0.7480 -0.0404 0.6625
vn 0.0056 -1.0000 -0.0028
vn 0.7462 -0.0000 0.6657
vn -0.7485 -0.0406 0.6619
vn 0.0064 -1.0000 -0.0035
vn 0.7494 0.0324 -0.6614
vn 0.9353 0.0309 -0.3525
vn 0.9498 0.0307 -0.3114
vn -0.0071 1.0000 0.0041
vn -0.9936 -0.0310 -0.1087
vn -0.5188 0.0000 -0.8549
vn 0.9353 0.0310 -0.3524
vn -0.9989 0.0000 0.0479
vn -0.2408 0.0000 -0.9706
vn 0.0068 -1.0000 -0.0039
vn 0.9497 0.0306 -0.3117
vn 0.9633 0.0304 -0.2667
vn 0.9632 0.0303 -0.2669
vn 0.3299 0.0000 -0.9440
vn 0.4213 0.0000 -0.9069
vn 0.9756 0.0300 -0.2176
vn 0.9756 0.0300 -0.2175
vn -0.9711 0.0000 0.2388
vn 0.0066 -1.0000 -0.0037
vn 0.9866 0.0294 -0.1602
vn 0.0564 0.0000 0.9984
vn -0.4311 0.0000 0.9023
vn -0.9947 -0.0380 0.0959
vn 0.1527 0.0000 0.9883
vn -0.3450 0.0000 0.9386
vn 0.2495 0.0000 0.9684
vn 0.0073 -1.0000 -0.0046
vn -0.1514 0.0000 0.9885
vn -0.0479 0.0000 0.9989
vn 0.0399 0.0000 0.9992
vn 0.1514 0.0000 0.9885
vn -0.9948 -0.0383 0.0946
vn 0.0065 -1.0000 -0.0036
vn 0.5094 0.0000 -0.8606
vn -0.9861 -0.0390 0.1614
vn -0.7421 0.0000 0.6703
vn -0.6703 0.0000 0.7421
vn -0.9863 -0.0393 0.1603
vn 0.5901 0.0000 -0.8074
vn 0.5901 -0.0000 -0.8073
vn -0.6000 0.0000 0.8000
vn -0.5098 0.0000 0.8603
vn -0.0429 0.0000 0.9991
vn 0.9377 0.0000 -0.3475
vn -0.9753 -0.0397 0.2175
vn -0.9755 -0.0400 0.2164
vn -0.6657 0.0000 0.7462
vn 0.9632 0.0303 -0.2670
vn -0.1395 0.0000 0.9902
vn -0.9626 -0.0402 0.2678
vn -0.2356 0.0000 0.9718
vn 0.9896 0.0000 -0.1437
vn 0.9711 0.0000 -0.2388
vn 0.0064 -1.0000 -0.0034
vn 0.0080 -1.0000 -0.0045
vn -0.5094 0.0000 0.8606
vn 0.5857 0.0287 -0.8100
vn 0.5599 0.0277 -0.8281
vn -0.9896 0.0000 0.1437
vn -0.9630 -0.0405 0.2666
vn -0.9494 -0.0406 0.3115
vn 0.6220 0.0287 -0.7825
vn 0.9352 0.0342 -0.3525
vn -0.9023 0.0000 0.4312
vn 0.0059 -1.0000 -0.0030
vn 0.2388 0.0000 -0.9711
vn 0.0056 -1.0000 -0.0027
vn 0.7494 0.0266 -0.6616
vn 0.7791 0.0286 -0.6263
vn 0.7789 0.0307 -0.6264
vn 0.0067 -1.0000 -0.0042
vn 0.8780 0.0416 -0.4768
vn -0.8278 -0.0413 0.5595
vn -0.5901 0.0000 0.8074
vn -0.8281 -0.0414 0.5591
vn -0.8047 -0.0412 0.5922
vn -0.7786 -0.0409 0.6262
vn 0.8284 0.0310 -0.5593
vn 0.8003 0.0000 -0.5996
vn 0.0072 -1.0000 -0.0033
vn 0.7347 0.0000 -0.6784
vn 0.0063 -1.0000 -0.0036
vn 0.6672 0.0000 -0.7449
vn 0.9353 0.0312 -0.3525
vn 0.0057 -1.0000 -0.0038
vn 0.0059 -1.0000 -0.0029
vn 0.0067 -1.0000 -0.0031
vn 0.2387 0.0000 -0.9711
vn -0.9902 0.0000 -0.1395
vn -0.9717 0.0000 -0.2362
vn 0.0060 -1.0000 -0.0027
vn 0.5699 -0.0011 0.8217
vn 0.9867 0.0294 -0.1598
vn 0.9054 0.0000 -0.4246
vn 0.9350 0.0365 -0.3528
vn 0.9369 0.0000 -0.3497
vn 0.8568 0.0000 -0.5157
vn 0.8039 0.0000 -0.5948
vn 0.7421 0.0000 -0.6703
vn 0.6786 0.0000 -0.7345
vn 0.5962 0.0000 -0.8028
vn 0.5133 0.0000 -0.8582
vn 0.4312 0.0000 -0.9023
vn 0.9421 0.0000 0.3353
vn 0.3424 0.0000 -0.9396
vn 0.9687 0.0000 0.2482
vn 0.9885 0.0000 0.1515
vn 0.9988 0.0000 0.0479
vn 0.5176 0.0000 0.8556
vn 0.9988 0.0000 -0.0479
vn 0.0063 -1.0000 -0.0039
vn 0.0063 -1.0000 -0.0027
vn 0.9421 0.0000 -0.3353
vn -0.0063 1.0000 0.0031
vn 0.7491 0.0304 -0.6617
vn 0.5962 0.0000 0.8029
vn -0.7449 0.0000 -0.6672
vn 0.6659 0.0000 0.7461
vn 0.9023 0.0000 0.4312
vn 0.7381 0.0000 0.6746
vn -0.6027 0.0000 -0.7980
vn 0.8067 0.0000 0.5910
vn 0.8547 0.0000 0.5192
vn 0.3328 0.0000 0.9430
vn -0.8870 -0.0415 0.4599
vn 0.4246 0.0000 0.9054
vn 0.4247 0.0000 0.9054
vn 0.5133 0.0000 0.8582
vn -0.8872 -0.0416 0.4596
vn -0.2401 -0.0000 -0.9707
vn -0.2486 -0.0283 0.9682
vn -0.2485 -0.0283 0.9682
vn -0.9710 0.0000 0.2390
vn -0.9440 -0.0004 -0.3299
vn 0.1527 0.0000 -0.9883
vn 0.0475 0.0000 -0.9989
vn -0.0479 0.0000 -0.9989
vn 0.0000 0.9993 -0.0386
vn -0.9440 0.0004 -0.3299
vn -0.2490 -0.0284 0.9681
vn -0.1436 0.0000 -0.9896
vn -0.1437 0.0000 -0.9896
vn -0.7786 -0.0410 0.6262
vn -0.0064 1.0000 0.0034
vn -0.2406 0.0000 -0.9706
vn -0.2491 -0.0284 0.9681
vn -0.4076 -0.0223 -0.9129
vn -0.2407 0.0000 -0.9706
vn -0.7484 -0.0406 0.6620
vn -0.9440 0.0000 -0.3300
vn -0.9711 0.0000 0.2387
vn -0.9421 0.0000 0.3353
vn -0.7440 -0.0003 0.6682
vn -0.7440 0.0012 0.6682
vn -0.7439 0.0000 0.6683
vn -0.7440 -0.0016 0.6682
vn -0.3353 0.0000 -0.9421
vn -0.7439 -0.0003 0.6682
vn 0.2406 0.0000 0.9706
vn 0.2407 0.0000 0.9706
vn -0.7440 0.0011 0.6682
vn -0.7440 0.0005 0.6682
vn -0.7439 -0.0011 0.6683
vn -0.7439 0.0005 0.6682
vn 0.7439 0.0000 0.6683
vn -0.8603 0.0000 0.5098
vn -0.8067 0.0000 0.5910
vn -0.4215 0.0000 -0.9068
vn -0.3794 -0.0323 0.9247
vn 0.0064 -1.0000 -0.0033
vn -0.1531 0.0000 -0.9882
vn -0.0065 1.0000 0.0031
vn 0.8061 0.0000 0.5918
vn -0.0562 0.0000 -0.9984
vn 0.8617 0.0000 0.5074
vn 0.0430 0.0000 -0.9991
vn 0.9064 0.0000 0.4225
vn 0.1392 0.0000 -0.9903
vn -0.9494 -0.0407 0.3113
vn 0.4343 0.0000 0.9008
vn -0.9349 -0.0410 0.3526
vn -0.0073 1.0000 0.0037
vn -0.9198 -0.0411 0.3903
vn -0.5139 0.0000 -0.8579
vn -0.9199 -0.0412 0.3900
vn -0.9035 -0.0412 0.4267
vn 0.8060 0.0000 0.5919
vn -0.9040 -0.0415 0.4256
vn -0.0070 1.0000 0.0036
vn 0.3426 0.0000 0.9395
vn -0.5133 -0.0000 -0.8582
vn 0.4344 0.0000 0.9007
vn -0.0067 1.0000 0.0035
vn -0.8688 -0.0415 0.4934
vn -0.8690 -0.0416 0.4930
vn -0.8493 -0.0414 0.5262
vn -0.8495 -0.0415 0.5259
vn 0.7463 0.0000 0.6656
vn 0.9064 -0.0000 0.4224
vn 0.9440 0.0000 0.3299
vn -1.0000 -0.0005 0.0000
vn 0.6720 0.0295 -0.7399
vn 0.7131 0.0300 -0.7004
vn 0.7131 0.0300 -0.7005
vn -0.9993 -0.0363 0.0000
vn 0.6219 0.0287 -0.7826
vn 0.7130 0.0300 -0.7005
vn -1.0000 -0.0001 0.0000
vn -0.9400 0.0000 0.3411
vn -0.7994 0.0000 0.6009
vn -0.8544 0.0000 0.5196
vn -0.9008 0.0000 0.4343
vn 0.9883 0.0000 -0.1527
vn -0.9586 -0.0228 -0.2839
vn 0.9986 0.0000 -0.0535
vn 0.9992 0.0000 0.0403
vn -1.0000 0.0003 0.0000
vn -0.6718 -0.0393 0.7397
vn -0.8073 -0.0000 -0.5901
vn -0.8072 0.0000 -0.5902
vn 0.9717 0.0000 0.2362
vn 0.9899 0.0000 0.1418
vn -0.6756 0.0000 -0.7373
vn -0.0062 1.0000 0.0035
vn -0.0065 1.0000 0.0037
vn 0.9043 0.0311 -0.4257
vn -0.5190 0.0013 -0.8547
vn -0.4343 -0.0000 -0.9008
vn 0.0000 -0.9997 -0.0250
vn 0.9040 0.0309 -0.4265
vn 0.9040 0.0310 -0.4265
vn 0.8808 0.0378 -0.4720
vn 0.8783 0.0408 -0.4764
vn 0.9198 0.0309 -0.3911
vn 0.8780 0.0406 -0.4769
vn 0.8784 0.0358 -0.4765
vn -0.1436 0.0001 -0.9896
vn -0.1518 -0.0063 -0.9884
vn -0.1486 -0.0063 -0.9889
vn -0.1431 -0.0119 -0.9896
vn -0.1481 -0.0063 -0.9890
vn -0.4216 0.0000 -0.9068
vn -0.4215 -0.0001 -0.9068
vn 0.7492 0.0304 -0.6617
vn 0.7788 0.0307 -0.6265
vn -0.5138 0.0000 -0.8579
vn 0.9013 0.0000 -0.4333
vn -0.0066 1.0000 0.0035
vn -0.7373 0.0000 0.6756
vn -0.5133 0.0001 -0.8582
vn -0.0430 0.0000 0.9991
vn -0.3323 0.0000 0.9432
vn -0.4213 0.0000 0.9069
vn 0.8050 0.0309 -0.5924
vn -0.5094 0.0000 0.8605
vn -0.5901 0.0000 0.8073
vn 0.8280 0.0310 -0.5599
vn -0.9054 0.0000 -0.4247
vn 0.8537 0.0000 -0.5208
vn -0.2495 0.0000 -0.9684
vn -0.2489 -0.0284 0.9681
vn -0.2541 0.0000 0.9672
vn -0.7440 0.0000 -0.6682
vn -0.9896 0.0000 0.1438
vn 0.6253 0.0000 -0.7804
vn -0.9946 0.0000 0.1036
vn 0.7440 -0.0000 -0.6682
vn -0.9896 -0.0001 0.1437
vn 0.7429 0.0049 0.6694
vn 0.7494 -0.0064 0.6621
vn 0.6218 0.0308 -0.7826
vn 0.0067 -1.0000 -0.0035
vn 0.9392 0.0000 -0.3435
vn -0.5597 -0.0366 0.8279
vn -0.5603 -0.0368 0.8275
vn -0.4802 -0.0346 0.8765
vn -0.4819 -0.0351 0.8755
vn 0.6756 0.0000 0.7373
vn 0.0054 -1.0000 -0.0032
vn 0.0070 -1.0000 -0.0036
vn -0.3426 0.0000 -0.9395
vn 0.0057 -1.0000 -0.0033
vn 0.6026 0.0000 0.7981
vn 0.9684 0.0000 -0.2495
vn 0.0044 -1.0000 0.0000
vn -0.6211 -0.0381 0.7828
vn -0.6218 -0.0383 0.7823
vn 0.6306 0.7761 0.0000
vn 0.9717 -0.0002 0.2362
vn 0.0078 -1.0000 -0.0036
vn -0.9684 0.0000 0.2495
vn -0.9879 0.0000 0.1553
vn -0.9986 0.0000 0.0537
vn -0.9991 0.0000 -0.0429
vn 0.7451 0.0015 0.6669
vn 0.7491 0.0306 -0.6617
vn 0.7493 0.0304 -0.6616
vn 0.0000 1.0000 -0.0002
vn 0.0000 1.0000 0.0010
vn 0.0000 1.0000 0.0003
vn -0.0000 -1.0000 -0.0002
vn 0.0001 -1.0000 -0.0014
vn 0.0000 -1.0000 0.0006
vn -0.0001 -1.0000 0.0000
vn -0.1630 0.0000 0.9866
vn -0.1026 0.0000 0.9947
vn -0.0090 0.0000 1.0000
vn -0.0089 0.0000 1.0000
vn 0.1137 0.0000 0.9935
vn 0.3638 0.0000 0.9315
vn 0.9168 0.0000 0.3992
vn 0.6789 0.0000 0.7342
vn 0.9999 0.0000 0.0141
vn 0.8802 0.0000 0.4745
vn -0.5070 0.0000 0.8619
vn 0.9681 0.0000 0.2507
vn -0.9732 0.0000 -0.2298
vn 0.1422 0.0000 -0.9898
vn -0.1628 0.0000 -0.9867
vn 0.0287 0.0000 -0.9996
vn 0.8727 0.0000 -0.4883
vn 0.0908 0.0000 -0.9959
vn 0.1508 0.0000 -0.9886
vn 0.3699 0.0000 -0.9291
vn -0.2508 0.0000 0.9680
vn -0.2509 0.0000 0.9680
vn 0.9830 0.0000 0.1836
vn 0.1017 0.0000 -0.9948
vn -0.3500 0.0000 0.9368
vn -0.3500 0.0000 0.9367
vn -0.6696 0.0000 0.7427
vn 0.7410 0.0000 0.6715
vn -0.1346 0.0000 -0.9909
vn -0.1345 0.0000 -0.9909
vn 0.2477 0.0000 0.9688
vn -0.3813 0.0000 -0.9244
vn 0.4466 0.0000 -0.8948
vn 0.4466 0.0000 -0.8947
vn -0.1870 0.0000 0.9824
vn -0.6943 0.0000 -0.7197
vn -0.9682 0.0000 -0.2503
vn -0.6893 0.0000 0.7245
vn -0.9701 0.0000 0.2427
vn -0.9830 0.0000 -0.1838
vn -0.7382 0.0000 -0.6746
vn 0.1868 0.0000 -0.9824
vn 0.6923 0.0000 -0.7216
vn 0.9705 0.0000 -0.2411
vn -0.8582 0.0000 -0.5133
vn -0.9595 0.0000 -0.2816
vn -0.9975 0.0000 -0.0703
vn -0.9984 0.0000 0.0563
vn -0.9717 0.0000 0.2361
vn -0.7025 0.0000 0.7117
vn -0.2865 0.0000 0.9581
vn -0.3878 0.0000 0.9218
vn -0.2473 0.0000 0.9689
vn -0.0442 0.0000 -0.9990
vn -0.1330 0.0000 0.9911
vn -0.1425 0.0000 0.9898
vn 0.0868 0.0000 0.9962
vn 0.0159 0.0000 0.9999
vn 0.3221 0.0000 0.9467
vn 0.4376 0.0000 0.8992
vn 0.6496 0.0000 0.7603
vn 0.9441 0.0000 0.3295
vn -0.9930 0.0000 -0.1181
vn 0.8615 0.0000 0.5077
vn 0.9951 0.0000 0.0984
vn 0.9607 0.0000 0.2777
vn 0.9969 0.0000 0.0781
vn -0.9567 0.0000 -0.2910
vn 0.9984 0.0000 -0.0561
vn -0.6040 0.0000 -0.7970
vn 0.9748 0.0000 -0.2231
vn -0.1116 0.0000 -0.9938
vn 0.8908 0.0000 -0.4544
vn 0.0359 0.0000 -0.9994
vn 0.0973 0.0000 -0.9953
vn 0.4072 0.0000 -0.9133
vn 0.1596 0.0000 -0.9872
vn -0.9651 0.0000 0.2620
vn 0.1329 0.0000 -0.9911
vn 0.9701 0.0000 0.2427
vn -0.2862 0.0000 -0.9582
vn -0.1043 0.0000 -0.9945
vn 0.6893 0.0000 0.7245
vn 0.3109 0.0000 0.9504
vn -0.3450 0.0000 -0.9386
vn 0.1870 0.0000 0.9824
vn -0.6609 0.0000 -0.7505
vn 0.4852 0.0000 -0.8744
vn 0.8967 0.0000 0.4426
vn -0.9830 0.0000 0.1836
vn -0.9700 0.0000 -0.2431
vn -0.6862 0.0000 -0.7274
vn -0.1872 0.0000 -0.9823
vn -0.1873 0.0000 -0.9823
vn 0.2476 0.0000 -0.9689
vn 0.7441 0.0000 -0.6681
vn -0.9057 0.0000 -0.4239
vn 0.9832 0.0000 -0.1824
vn -0.8754 0.0000 -0.4834
vn -0.9986 0.0000 -0.0525
vn -0.9972 0.0000 0.0745
vn -0.8721 0.0000 0.4894
vn -0.2803 0.0000 0.9599
vn -0.2802 0.0000 0.9599
vn -0.5975 0.0000 0.8019
vn -0.2438 0.0000 0.9698
vn -0.2882 0.0000 0.9576
vn 0.6918 0.0000 -0.7220
vn -0.0432 0.0000 0.9991
vn 0.0506 0.0000 0.9987
vn 0.1697 0.0000 0.9855
vn 0.5168 0.0000 0.8561
vn 0.4601 0.0000 0.8878
vn 0.4602 0.0000 0.8878
vn 0.9637 0.0000 0.2671
vn 0.7301 0.0000 0.6833
vn 0.9113 0.0000 0.4118
vn 0.9811 0.0000 0.1936
vn -0.9348 0.0000 -0.3552
vn -0.5374 0.0000 -0.8433
vn -0.0642 0.0000 -0.9979
vn 0.9536 0.0000 -0.3011
vn 0.1040 0.0000 -0.9946
vn 0.1041 0.0000 -0.9946
vn 0.5950 0.0000 -0.8037
vn 0.5951 0.0000 -0.8037
vn 0.1691 0.0000 -0.9856
vn 0.2999 0.0000 -0.9540
vn 0.9526 0.0000 0.3041
vn 0.0421 0.0000 -0.9991
vn 0.6320 0.0000 0.7750
vn -0.1956 0.0000 -0.9807
vn 0.1293 0.0000 0.9916
vn -0.4670 0.0000 -0.8843
vn -0.3109 0.0000 0.9504
vn -0.7547 0.0000 -0.6561
vn -0.7882 0.0000 0.6154
vn -0.9919 0.0000 0.1272
vn -0.9524 0.0000 -0.3048
vn -0.6295 0.0000 -0.7770
vn -0.1295 0.0000 -0.9916
vn 0.3110 0.0000 -0.9504
vn 0.3111 0.0000 -0.9504
vn 0.0241 0.0000 0.9997
vn 0.7908 0.0000 -0.6121
vn 0.9920 0.0000 -0.1264
vn -0.8912 0.0000 -0.4535
vn -0.9762 0.0000 -0.2169
vn -0.9994 0.0000 -0.0360
vn -0.9956 0.0000 0.0937
vn -0.7613 0.0000 0.6483
vn -0.8523 0.0000 0.5230
vn -0.9935 0.0000 0.1142
vn -0.6346 0.0000 0.7728
vn -0.2741 0.0000 0.9617
vn -0.2742 0.0000 0.9617
vn -0.3193 0.0000 0.9476
vn -0.2405 0.0000 0.9706
vn -0.0725 0.0000 0.9974
vn -0.1027 0.0000 0.9947
vn 0.1413 0.0000 0.9900
vn 0.0893 0.0000 0.9960
vn 0.4132 0.0000 0.9106
vn 0.6000 0.0000 0.8000
vn 0.7057 0.0000 0.7085
vn 0.9774 0.0000 0.2115
vn 0.9752 0.0000 0.2213
vn 0.9992 0.0000 0.0408
vn -0.9067 0.0000 -0.4217
vn 0.9957 0.0000 -0.0925
vn -0.4701 0.0000 -0.8826
vn 0.9983 0.0000 0.0589
vn 0.9617 0.0000 -0.2740
vn -0.0205 0.0000 -0.9998
vn 0.8523 0.0000 -0.5231
vn 0.0505 0.0000 -0.9987
vn 0.6289 0.0000 -0.7775
vn 0.1110 0.0000 -0.9938
vn 0.1111 0.0000 -0.9938
vn 0.3348 0.0000 -0.9423
vn 0.1788 0.0000 -0.9839
vn 0.0714 0.0000 -0.9974
vn 0.9302 0.0000 0.3671
vn -0.1652 0.0000 -0.9863
vn 0.5709 0.0000 0.8210
vn -0.4243 0.0000 -0.9055
vn 0.0749 0.0000 0.9972
vn -0.7256 0.0000 -0.6881
vn -0.3759 0.0000 0.9267
vn -0.8312 0.0000 0.5560
vn -0.9973 0.0000 0.0739
vn -0.9298 0.0000 -0.3681
vn -0.5689 0.0000 -0.8224
vn -0.6682 0.0000 -0.7440
vn -0.0751 0.0000 -0.9972
vn 0.9973 0.0000 -0.0739
vn 0.3763 0.0000 -0.9265
vn 0.8334 0.0000 -0.5527
vn 0.9897 0.0000 0.1431
vn 0.9973 0.0000 -0.0734
vn -0.9824 0.0000 -0.1866
vn -0.9998 0.0000 -0.0208
vn -0.9502 0.0000 0.3117
vn -0.8303 0.0000 0.5573
vn -0.2477 0.0000 0.9688
vn -0.2689 0.0000 0.9632
vn -0.2688 0.0000 0.9632
vn -0.0834 0.0000 0.9965
vn 0.0117 0.0000 0.9999
vn 0.1327 0.0000 0.9912
vn 0.6840 0.0000 0.7295
vn 0.0360 0.0000 0.9994
vn 0.9868 0.0000 0.1621
vn 0.7899 0.0000 0.6133
vn 0.7899 0.0000 0.6132
vn 0.9351 0.0000 0.3543
vn -0.5177 0.0000 0.8556
vn -0.8721 0.0000 -0.4893
vn 1.0000 0.0000 -0.0075
vn -0.4035 0.0000 -0.9150
vn 0.9882 0.0000 -0.1534
vn 0.0030 0.0000 -1.0000
vn 0.9334 0.0000 -0.3589
vn 0.0582 0.0000 -0.9983
vn 0.7729 0.0000 -0.6345
vn 0.1184 0.0000 -0.9930
vn 0.9068 0.0000 -0.4215
vn 0.2312 0.0000 -0.9729
vn 0.9025 0.0000 0.4307
vn -0.0146 0.0000 -0.9999
vn 0.5070 0.0000 0.8619
vn -0.2563 0.0000 -0.9666
vn -0.7816 0.0000 -0.6238
vn -0.4416 0.0000 0.8972
vn -0.8695 0.0000 0.4940
vn -0.9997 0.0000 0.0238
vn -0.9018 0.0000 -0.4321
vn -0.2259 0.0000 0.9742
vn -0.2258 0.0000 0.9742
vn -0.5056 0.0000 -0.8628
vn -1.0000 0.0000 0.0074
vn -0.0242 0.0000 -0.9997
vn 0.4425 0.0000 -0.8968
vn 0.8712 0.0000 -0.4910
vn -0.9189 0.0000 -0.3945
vn 0.9859 0.0000 0.1676
vn -0.9873 0.0000 -0.1590
vn -0.9780 0.0000 0.2088
vn -1.0000 0.0000 -0.0067
vn 0.9687 0.0000 -0.2481
vn -0.9907 0.0000 0.1358
vn 0.6613 0.0000 -0.7502
vn -0.9410 0.0000 0.3383
vn -0.8057 0.0000 0.5924
vn -0.5585 0.0000 0.8295
vn -0.2638 0.0000 0.9646
vn -0.2639 0.0000 0.9646
vn -0.2570 0.0000 0.9664
vn -0.2254 0.0000 0.9743
vn -0.0642 0.0000 0.9979
vn 0.1988 0.0000 0.9800
vn 0.1813 0.0000 0.9834
vn 0.5039 0.0000 0.8638
vn 0.7640 0.0000 0.6452
vn 0.7524 0.0000 0.6587
vn 0.9930 0.0000 0.1184
vn 0.9240 0.0000 0.3824
vn -0.9977 0.0000 -0.0681
vn 1.0000 0.0000 0.0077
vn -0.8306 0.0000 -0.5568
vn 0.9912 0.0000 -0.1322
vn -0.3386 0.0000 -0.9409
vn 0.9442 0.0000 -0.3294
vn 0.0091 0.0000 -1.0000
vn 0.8042 0.0000 -0.5944
vn 0.0662 0.0000 -0.9978
vn 0.5596 0.0000 -0.8287
vn 0.1260 0.0000 -0.9920
vn 0.9997 0.0000 0.0238
vn 0.8695 0.0000 0.4940
vn 0.2286 0.0000 0.9735
vn -0.2259 0.0000 -0.9741
vn 0.4416 0.0000 0.8972
vn 0.7882 0.0000 0.6154
vn -0.5087 0.0000 -0.8610
vn -0.0241 0.0000 0.9997
vn -0.9025 0.0000 0.4307
vn -0.9997 0.0000 -0.0238
vn -0.8684 0.0000 -0.4959
vn -0.4407 0.0000 -0.8977
vn 0.0240 0.0000 -0.9997
vn 0.5084 0.0000 -0.8611
vn 0.9038 0.0000 -0.4280
vn 0.9997 0.0000 -0.0236
vn -0.7984 0.0000 -0.6022
vn 0.9937 0.0000 -0.1119
vn -0.9308 0.0000 -0.3655
vn -0.9910 0.0000 -0.1338
vn 0.5447 0.0000 0.8386
vn -0.9873 0.0000 0.1587
vn -0.9306 0.0000 0.3661
vn -0.7874 0.0000 0.6165
vn -0.7330 0.0000 0.6802
vn 0.5229 0.0000 -0.8524
vn -0.2592 0.0000 0.9658
vn -0.4321 0.0000 0.9018
vn -0.2044 0.0000 0.9789
vn -0.1636 0.0000 0.9865
vn -0.0453 0.0000 0.9990
vn 0.0610 0.0000 0.9981
vn 0.2357 0.0000 0.9718
vn 0.2358 0.0000 0.9718
vn 0.2903 0.0000 0.9569
vn 0.8294 0.0000 0.5587
vn 0.6174 0.0000 0.7866
vn 0.9968 0.0000 0.0796
vn 0.8403 0.0000 0.5421
vn -0.5491 0.0000 -0.8358
vn 0.9928 0.0000 0.1201
vn 0.9533 0.0000 0.3020
vn -0.9851 0.0000 -0.1721
vn -0.7825 0.0000 -0.6227
vn 0.9992 0.0000 -0.0392
vn -0.2766 0.0000 -0.9610
vn 0.9800 0.0000 -0.1988
vn 0.0155 0.0000 -0.9999
vn 0.0746 0.0000 -0.9972
vn -0.9960 0.0000 -0.0897
vn 0.1338 0.0000 -0.9910
vn 0.1339 0.0000 -0.9910
vn 0.9973 0.0000 0.0739
vn 0.1648 0.0000 -0.9863
vn 0.8312 0.0000 0.5560
vn -0.0741 0.0000 -0.9972
vn 0.7208 0.0000 -0.6932
vn 0.3759 0.0000 0.9267
vn -0.3158 0.0000 -0.9488
vn -0.0749 0.0000 0.9972
vn -0.6254 0.0000 -0.7803
vn 0.2653 0.0000 -0.9642
vn -0.5709 0.0000 0.8210
vn -0.9302 0.0000 0.3671
vn -0.9973 0.0000 -0.0738
vn -0.8297 0.0000 -0.5583
vn -0.3754 0.0000 -0.9269
vn 0.0747 0.0000 -0.9972
vn 0.5729 0.0000 -0.8197
vn 0.9311 0.0000 -0.3647
vn -0.7411 0.0000 0.6714
vn -0.8196 0.0000 -0.5729
vn -0.9415 0.0000 -0.3370
vn -0.9938 0.0000 -0.1108
vn -0.9997 0.0000 0.0228
vn -0.9831 0.0000 0.1830
vn 0.0139 0.0000 -0.9999
vn -0.9186 0.0000 0.3952
vn -0.4755 0.0000 0.8797
vn -0.2551 0.0000 0.9669
vn -0.1836 0.0000 0.9830
vn -0.9998 0.0000 -0.0218
vn -0.0269 0.0000 0.9996
vn -0.0270 0.0000 0.9996
vn 0.2594 0.0000 0.9658
vn 0.2964 0.0000 0.9551
vn 0.5826 0.0000 0.8128
vn 0.8795 0.0000 0.4760
vn 0.8165 0.0000 0.5773
vn 0.9990 0.0000 0.0450
vn 0.9448 0.0000 0.3275
vn 0.8295 0.0000 -0.5585
vn 0.9997 0.0000 -0.0230
vn -0.7281 0.0000 -0.6854
vn 0.9845 0.0000 -0.1756
vn -0.2178 0.0000 -0.9760
vn 0.9210 0.0000 -0.3896
vn 0.0221 0.0000 -0.9998
vn 0.0831 0.0000 -0.9965
vn 0.0832 0.0000 -0.9965
vn 0.1978 0.0000 -0.9802
vn 0.9919 0.0000 0.1272
vn -0.8895 0.0000 0.4569
vn -0.5881 0.0000 -0.8088
vn -0.1293 0.0000 0.9916
vn -0.6320 0.0000 0.7750
vn -0.9526 0.0000 0.3041
vn -0.9919 0.0000 -0.1272
vn -0.7860 0.0000 -0.6182
vn -0.3108 0.0000 -0.9505
vn 0.1290 0.0000 -0.9916
vn 0.6345 0.0000 -0.7729
vn 0.9533 0.0000 -0.3021
vn -0.8396 0.0000 -0.5432
vn 0.7477 0.0000 -0.6641
vn -0.9510 0.0000 -0.3091
vn -0.9992 0.0000 0.0391
vn -0.9582 0.0000 0.2862
vn -0.9050 0.0000 0.4254
vn 0.0000 -1.0000 0.0008
vn 0.0000 -1.0000 -0.0008
vn 0.0001 -1.0000 -0.0056
vn 0.0001 -1.0000 0.0009
vn 0.2525 0.0000 0.9676
vn 0.9680 0.0000 0.2509
vn -0.0637 0.0000 0.9980
vn -0.0049 0.0000 1.0000
vn -0.0050 0.0000 1.0000
vn 0.0983 0.0000 0.9952
vn 0.2311 0.0000 0.9729
vn 0.2310 0.0000 0.9729
vn 0.9877 0.0000 -0.1566
vn 0.3386 0.0000 0.9409
vn -0.1808 0.0000 -0.9835
vn 0.0257 0.0000 -0.9997
vn -0.4083 0.0000 -0.9128
vn 0.0106 0.0000 -0.9999
vn -0.0974 0.0000 -0.9952
vn 0.0388 0.0000 -0.9992
vn 0.0387 0.0000 -0.9993
vn -0.9994 0.0000 0.0336
vn 0.0769 0.0000 -0.9970
vn -0.7102 0.0000 0.7040
vn 0.0872 0.0000 0.9962
vn -0.2184 0.0000 0.9759
vn -0.1398 0.0000 0.9902
vn 0.1164 0.0000 0.9932
vn 0.0152 0.0000 0.9999
vn 0.1038 0.0000 0.9946
vn 0.1736 0.0000 0.9848
vn 0.2313 0.0000 0.9729
vn 0.3273 0.0000 0.9449
vn 0.3220 0.0000 0.9467
vn 0.6289 0.0000 0.7775
vn 0.9198 0.0000 0.3924
vn -0.1915 0.0000 -0.9815
vn 1.0000 0.0000 -0.0070
vn -0.1300 0.0000 -0.9915
vn -0.0206 0.0000 -0.9998
vn -0.9108 0.0000 0.4129
vn 0.2405 0.0000 -0.9706
vn 0.6561 0.0000 -0.7546
vn 0.7471 0.0000 -0.6647
vn -0.2019 0.0000 -0.9794
vn 0.9962 0.0000 -0.0868
vn 0.1344 0.0000 -0.9909
vn 0.1343 0.0000 -0.9909
vn -0.0177 0.0000 -0.9998
vn -0.0176 0.0000 -0.9998
vn -0.9755 0.0000 -0.2198
vn 0.4669 0.0000 0.8843
vn -0.2821 0.0000 -0.9594
vn -0.2822 0.0000 -0.9594
vn -0.4895 0.0000 -0.8720
vn -0.0835 0.0000 0.9965
vn 0.6178 0.0000 0.7863
vn 0.6178 0.0000 0.7864
vn 0.6038 0.0000 0.7971
vn 0.4171 0.0000 0.9089
vn -0.9731 0.0000 -0.2306
vn -0.3193 0.0000 0.9477
vn 0.1213 0.0000 0.9926
vn -0.1245 0.0000 0.9922
vn -0.0272 0.0000 0.9996
vn -0.0581 0.0000 0.9983
vn -0.6668 0.0000 0.7452
vn -0.5092 0.0000 0.8607
vn 0.0057 0.0000 1.0000
vn -0.1036 0.0000 -0.9946
vn 0.1139 0.0000 0.9935
vn 0.2462 0.0000 0.9692
vn -0.6126 0.0000 -0.7904
vn -0.3896 0.0000 -0.9210
vn -0.1625 0.0000 -0.9867
vn 0.0148 0.0000 -0.9999
vn 0.0419 0.0000 -0.9991
vn 0.0418 0.0000 -0.9991
vn -0.7805 0.0000 0.6252
vn 0.4061 0.0000 -0.9138
vn -0.2601 0.0000 0.9656
vn 0.0911 0.0000 0.9958
vn 0.5385 0.0000 0.8426
vn 0.5386 0.0000 0.8426
vn -0.0106 0.0000 0.9999
vn 0.1195 0.0000 0.9928
vn 0.1196 0.0000 0.9928
vn -0.8748 0.0000 -0.4845
vn 0.2073 0.0000 0.9783
vn 0.1866 0.0000 0.9824
vn 0.3004 0.0000 0.9538
vn 0.3184 0.0000 0.9480
vn 0.3183 0.0000 0.9480
vn 0.3611 0.0000 0.9325
vn 0.2713 0.0000 0.9625
vn 0.2714 0.0000 0.9625
vn 0.3669 0.0000 0.9303
vn -0.1987 0.0000 -0.9801
vn 0.9425 0.0000 0.3342
vn -0.1435 0.0000 -0.9897
vn 0.9998 0.0000 -0.0216
vn -0.0344 0.0000 -0.9994
vn 0.9833 0.0000 -0.1820
vn 0.8382 0.0000 -0.5453
vn 0.6270 0.0000 -0.7790
vn 0.6270 0.0000 -0.7791
vn -0.8788 0.0000 0.4772
vn 0.9886 0.0000 -0.1507
vn 0.3738 0.0000 -0.9275
vn -0.7841 0.0000 -0.6206
vn -0.9667 0.0000 0.2561
vn 0.1095 0.0000 -0.9940
vn 0.1096 0.0000 -0.9940
vn 0.9713 0.0000 -0.2380
vn -0.0527 0.0000 -0.9986
vn 0.4118 0.0000 -0.9113
vn 0.9683 0.0000 0.2498
vn -0.3115 0.0000 -0.9503
vn -0.3115 0.0000 -0.9502
vn -0.5137 0.0000 -0.8580
vn 0.6157 0.0000 0.7880
vn 0.3816 0.0000 0.9243
vn 0.6025 0.0000 0.7981
vn -0.0733 0.0000 -0.9973
vn 0.3995 0.0000 0.9167
vn -0.2821 0.0000 0.9594
vn 0.2147 0.0000 0.9767
vn 0.2146 0.0000 0.9767
vn -0.1104 0.0000 0.9939
vn -0.1103 0.0000 0.9939
vn 0.0700 0.0000 0.9975
vn -0.0521 0.0000 0.9986
vn -0.9984 0.0000 -0.0563
vn 0.0174 0.0000 0.9998
vn 0.1299 0.0000 0.9915
vn 0.2609 0.0000 0.9654
vn -0.9903 0.0000 -0.1391
vn -0.5941 0.0000 -0.8044
vn -0.5799 0.0000 -0.8147
vn -0.3565 0.0000 -0.9343
vn -0.3228 0.0000 -0.9465
vn -0.1290 0.0000 -0.9916
vn -0.1415 0.0000 -0.9899
vn 0.0187 0.0000 -0.9998
vn 0.0188 0.0000 -0.9998
vn -0.0852 0.0000 -0.9964
vn 0.0456 0.0000 -0.9990
vn 0.0457 0.0000 -0.9990
vn -0.9828 0.0000 0.1848
vn 0.0950 0.0000 0.9955
vn -0.1455 0.0000 0.9894
vn 0.1227 0.0000 0.9924
vn 0.0743 0.0000 0.9972
vn -0.7130 0.0000 0.7012
vn 0.2010 0.0000 0.9796
vn 0.2766 0.0000 0.9610
vn 0.3963 0.0000 0.9181
vn 0.3307 0.0000 0.9437
vn 0.3307 0.0000 0.9438
vn 0.7079 0.0000 0.7063
vn -0.2551 0.0000 -0.9669
vn 0.9609 0.0000 0.2770
vn -0.1794 0.0000 -0.9838
vn -0.1795 0.0000 -0.9838
vn 0.9993 0.0000 -0.0372
vn -0.1029 0.0000 -0.9947
vn 0.9779 0.0000 -0.2091
vn 0.0136 0.0000 -0.9999
vn 0.3498 0.0000 -0.9368
vn 0.8541 0.0000 -0.5202
vn 0.0874 0.0000 -0.9962
vn 0.0875 0.0000 -0.9962
vn -0.9680 0.0000 0.2509
vn -0.0873 0.0000 -0.9962
vn -0.3402 0.0000 -0.9404
vn -0.3401 0.0000 -0.9404
vn -0.5378 0.0000 -0.8431
vn -0.6294 0.0000 -0.7771
vn 0.3104 0.0000 -0.9506
vn -0.9767 0.0000 0.2146
vn -0.6514 0.0000 -0.7587
vn 0.6013 0.0000 0.7990
vn 0.5256 0.0000 0.8507
vn -0.2028 0.0000 0.9792
vn 0.2335 0.0000 0.9724
vn -0.2501 0.0000 0.9682
vn -0.0980 0.0000 0.9952
vn -0.9442 0.0000 -0.3293
vn -0.1422 0.0000 0.9898
vn -0.0455 0.0000 0.9990
vn -0.0454 0.0000 0.9990
vn 0.5970 0.0000 -0.8023
vn -0.6180 0.0000 0.7862
vn 0.0295 0.0000 0.9996
vn 0.1468 0.0000 0.9892
vn 0.2750 0.0000 0.9614
vn 0.2750 0.0000 0.9615
vn -0.6158 0.0000 -0.7879
vn -0.6159 0.0000 -0.7879
vn -0.5735 0.0000 -0.8192
vn -0.3502 0.0000 -0.9367
vn -0.3330 0.0000 -0.9429
vn -0.9602 0.0000 -0.2792
vn -0.4296 0.0000 -0.9030
vn -0.1607 0.0000 -0.9870
vn -0.0938 0.0000 -0.9956
vn -0.3788 0.0000 -0.9255
vn -0.0913 0.0000 -0.9958
vn 0.0225 0.0000 -0.9997
vn 0.0226 0.0000 -0.9997
vn -0.6341 0.0000 0.7733
vn 0.0959 0.0000 -0.9954
vn 0.0960 0.0000 -0.9954
vn 0.0988 0.0000 0.9951
vn 0.0452 0.0000 0.9990
vn 0.1258 0.0000 0.9921
vn 0.2544 0.0000 0.9671
vn 0.2168 0.0000 0.9762
vn 0.2167 0.0000 0.9762
vn 0.3419 0.0000 -0.9397
vn -0.5549 0.0000 0.8319
vn -0.5548 0.0000 0.8320
vn 0.3260 0.0000 0.9454
vn 0.4329 0.0000 0.9014
vn 0.7458 0.0000 0.6661
vn 0.7459 0.0000 0.6661
vn -0.1851 0.0000 -0.9827
vn 0.9752 0.0000 0.2214
vn -0.1165 0.0000 -0.9932
vn 0.9985 0.0000 -0.0539
vn -0.9944 0.0000 0.1060
vn -0.0069 0.0000 -1.0000
vn 0.0502 0.0000 -0.9987
vn 0.2928 0.0000 -0.9562
vn 0.7808 0.0000 -0.6248
vn 0.7808 0.0000 -0.6247
vn -0.1946 0.0000 -0.9809
vn 0.8041 0.0000 -0.5945
vn 0.5662 0.0000 -0.8242
vn 0.9996 0.0000 -0.0277
vn 0.0678 0.0000 -0.9977
vn -0.9599 0.0000 0.2805
vn -0.1215 0.0000 -0.9926
vn -0.3675 0.0000 -0.9300
vn -0.5617 0.0000 -0.8274
vn 0.6118 0.0000 0.7910
vn 0.6001 0.0000 0.7999
vn 0.5120 0.0000 0.8590
vn 0.3637 0.0000 0.9315
vn 0.1762 0.0000 0.9843
vn -0.0865 0.0000 0.9962
vn 0.0378 0.0000 0.9993
vn -0.0387 0.0000 0.9993
vn -0.0386 0.0000 0.9993
vn 0.0422 0.0000 0.9991
vn 0.6688 0.0000 0.7435
vn 0.6688 0.0000 0.7434
vn 0.1644 0.0000 0.9864
vn 0.1643 0.0000 0.9864
vn -0.3893 0.0000 0.9211
vn 0.2886 0.0000 0.9575
vn -0.0145 0.0000 0.9999
vn -0.0144 0.0000 0.9999
vn -0.5507 0.0000 -0.8347
vn -0.5079 0.0000 -0.8614
vn -0.5078 0.0000 -0.8614
vn -0.3081 0.0000 -0.9514
vn -0.2712 0.0000 -0.9625
vn -0.0573 0.0000 -0.9984
vn -0.1225 0.0000 -0.9925
vn 0.0549 0.0000 -0.9985
vn 0.0548 0.0000 -0.9985
vn -0.9335 0.0000 0.3585
vn 0.1035 0.0000 -0.9946
vn -0.4085 0.0000 0.9128
vn 0.1025 0.0000 0.9947
vn -0.0844 0.0000 0.9964
vn 0.1317 0.0000 0.9913
vn 0.1301 0.0000 0.9915
vn 0.2342 0.0000 0.9722
vn 0.3095 0.0000 0.9509
vn 0.4705 0.0000 0.8824
vn 0.3420 0.0000 0.9397
vn 0.3419 0.0000 0.9397
vn 0.7854 0.0000 0.6190
vn -0.2272 0.0000 -0.9739
vn 0.9858 0.0000 0.1677
vn -0.1697 0.0000 -0.9855
vn 0.9974 0.0000 -0.0717
vn -0.0756 0.0000 -0.9971
vn 0.0751 0.0000 -0.9972
vn 0.7520 0.0000 -0.6592
vn 0.4781 0.0000 -0.8783
vn 0.5347 0.0000 -0.8450
vn 0.9303 0.0000 -0.3668
vn -0.9017 0.0000 -0.4324
vn -0.9017 0.0000 -0.4325
vn 0.2718 0.0000 -0.9624
vn 0.1624 0.0000 -0.9867
vn 0.0500 0.0000 -0.9987
vn 0.9777 0.0000 -0.2102
vn -0.1552 0.0000 -0.9879
vn -0.3928 0.0000 -0.9196
vn -0.5853 0.0000 -0.8108
vn 0.6100 0.0000 0.7924
vn 0.5947 0.0000 0.8040
vn 0.4977 0.0000 0.8674
vn 0.4976 0.0000 0.8674
vn -0.9961 0.0000 0.0880
vn 0.1955 0.0000 0.9807
vn 0.1954 0.0000 0.9807
vn -0.1976 0.0000 0.9803
vn -0.0789 0.0000 0.9969
vn -0.3272 0.0000 0.9450
vn -0.9379 0.0000 0.3469
vn -0.2647 0.0000 0.9643
vn -0.0310 0.0000 0.9995
vn 0.0554 0.0000 0.9985
vn 0.1822 0.0000 0.9833
vn -0.9830 0.0000 -0.1839
vn 0.3018 0.0000 0.9534
vn -0.8135 0.0000 -0.5816
vn -0.5438 0.0000 -0.8392
vn -0.5253 0.0000 -0.8509
vn -0.2965 0.0000 -0.9550
vn -0.2964 0.0000 -0.9551
vn -0.2819 0.0000 -0.9594
vn -0.0194 0.0000 -0.9998
vn -0.0792 0.0000 -0.9969
vn 0.0295 0.0000 -0.9996
vn 0.0294 0.0000 -0.9996
vn -0.9630 0.0000 0.2695
vn 0.0604 0.0000 -0.9982
vn -0.4756 0.0000 0.8797
vn 0.1108 0.0000 -0.9938
vn 0.1107 0.0000 -0.9939
vn -0.1136 0.0000 0.9935
vn 0.1062 0.0000 0.9943
vn 0.1027 0.0000 0.9947
vn 0.1408 0.0000 0.9900
vn 0.1409 0.0000 0.9900
vn -0.7585 0.0000 0.6516
vn -0.7586 0.0000 0.6516
vn 0.2539 0.0000 0.9672
vn 0.2538 0.0000 0.9672
vn 0.3359 0.0000 0.9419
vn 0.5094 0.0000 0.8605
vn 0.5095 0.0000 0.8605
vn 0.6137 0.0000 0.7895
vn 0.8097 0.0000 -0.5868
vn -0.2400 0.0000 -0.9708
vn 0.8252 0.0000 0.5649
vn 0.8252 0.0000 0.5648
vn -0.1743 0.0000 -0.9847
vn 0.9932 0.0000 0.1165
vn 0.1930 0.0000 -0.9812
vn 0.1929 0.0000 -0.9812
vn -0.0893 0.0000 -0.9960
vn 0.9959 0.0000 -0.0907
vn 0.0429 0.0000 -0.9991
vn -0.1568 0.0000 -0.9876
vn 0.7234 0.0000 -0.6904
vn 0.8962 0.0000 -0.4436
vn 0.5028 0.0000 -0.8644
vn 0.2303 0.0000 -0.9731
vn 0.0340 0.0000 -0.9994
vn -0.9248 0.0000 -0.3805
vn -0.1882 0.0000 -0.9821
vn -0.4169 0.0000 -0.9090
vn 0.4384 0.0000 -0.8988
vn -0.6086 0.0000 -0.7934
vn -0.6086 0.0000 -0.7935
vn -0.9887 0.0000 0.1502
vn 0.6083 0.0000 0.7937
vn 0.6084 0.0000 0.7937
vn 0.5844 0.0000 0.8114
vn 0.4827 0.0000 0.8758
vn 0.3271 0.0000 0.9450
vn 0.3272 0.0000 0.9450
vn 0.2899 0.0000 0.9570
vn 0.2899 0.0000 0.9571
vn 0.6845 0.0000 -0.7290
vn 0.1392 0.0000 0.9903
vn -0.0743 0.0000 0.9972
vn -0.0231 0.0000 0.9997
vn 0.0691 0.0000 0.9976
vn -0.8423 0.0000 0.5391
vn 0.1990 0.0000 0.9800
vn -0.9996 0.0000 0.0285
vn 0.3145 0.0000 0.9492
vn 0.3145 0.0000 0.9493
vn -0.6586 0.0000 -0.7525
vn -0.7203 0.0000 -0.6937
vn -0.4969 0.0000 -0.8678
vn -0.4373 0.0000 -0.8993
vn 0.3456 0.0000 0.9384
vn -0.2542 0.0000 -0.9671
vn -0.2240 0.0000 -0.9746
vn -0.2239 0.0000 -0.9746
vn 0.0022 0.0000 -1.0000
vn 0.0021 0.0000 -1.0000
vn -0.1098 0.0000 -0.9939
vn 0.0326 0.0000 -0.9995
vn -0.0616 0.0000 -0.9981
vn 0.0655 0.0000 -0.9978
vn 0.0656 0.0000 -0.9978
vn -0.8421 0.0000 0.5394
vn -0.3055 0.0000 0.9522
vn 0.1096 0.0000 0.9940
vn -0.0332 0.0000 0.9994
vn -0.0331 0.0000 0.9995
vn 0.1508 0.0000 0.9886
vn 0.1825 0.0000 0.9832
vn 0.1826 0.0000 0.9832
vn 0.2757 0.0000 0.9612
vn 0.3151 0.0000 0.9491
vn 0.5488 0.0000 0.8360
vn 0.5488 0.0000 0.8359
vn 0.3571 0.0000 0.9341
vn 0.8611 0.0000 0.5085
vn -0.2070 0.0000 -0.9783
vn -0.5653 0.0000 0.8249
vn 0.9977 0.0000 0.0678
vn 0.9938 0.0000 -0.1112
vn -0.0481 0.0000 -0.9988
vn 0.9171 0.0000 -0.3987
vn 0.1498 0.0000 -0.9887
vn 0.6952 0.0000 -0.7188
vn 0.6180 0.0000 -0.7861
vn 0.1940 0.0000 -0.9810
vn 0.0194 0.0000 -0.9998
vn -0.2203 0.0000 -0.9754
vn -0.2204 0.0000 -0.9754
vn -0.4410 0.0000 -0.8975
vn -0.6316 0.0000 -0.7753
vn 0.6067 0.0000 0.7949
vn 0.5738 0.0000 0.8190
vn 0.5737 0.0000 0.8190
vn 0.3087 0.0000 0.9511
vn 0.3087 0.0000 0.9512
vn 0.0898 0.0000 -0.9960
vn 0.0897 0.0000 -0.9960
vn 0.1576 0.0000 0.9875
vn 0.1575 0.0000 0.9875
vn -0.1568 0.0000 0.9876
vn 0.0224 0.0000 0.9997
vn 0.0224 0.0000 0.9998
vn -0.0692 0.0000 0.9976
vn -0.9998 0.0000 -0.0182
vn -0.8019 0.0000 0.5974
vn 0.0834 0.0000 0.9965
vn 0.2153 0.0000 0.9766
vn 0.2153 0.0000 0.9765
vn -0.4502 0.0000 0.8929
vn 0.3267 0.0000 0.9451
vn 0.3266 0.0000 0.9452
vn -0.7530 0.0000 -0.6580
vn -0.6447 0.0000 -0.7645
vn -0.8441 0.0000 -0.5361
vn -0.8442 0.0000 -0.5361
vn -0.4724 0.0000 -0.8814
vn -0.4652 0.0000 -0.8852
vn -0.9953 0.0000 -0.0966
vn 0.9394 0.0000 -0.3428
vn 0.9394 0.0000 -0.3429
vn -0.2470 0.0000 -0.9690
vn -0.2251 0.0000 -0.9743
vn -0.2252 0.0000 -0.9743
vn 0.4708 0.0000 -0.8822
vn 0.4707 0.0000 -0.8823
vn 0.9757 0.0000 -0.2191
vn -0.1161 0.0000 -0.9932
vn -0.1162 0.0000 -0.9932
vn 0.0066 0.0000 -1.0000
vn 0.0067 0.0000 -1.0000
vn 0.9712 0.0000 -0.2384
vn -0.0675 0.0000 -0.9977
vn -0.8933 0.0000 0.4494
vn 0.0709 0.0000 -0.9975
vn 0.0710 0.0000 -0.9975
vn -0.3550 0.0000 0.9349
vn -0.3549 0.0000 0.9349
vn -0.0577 0.0000 0.9983
vn -0.0576 0.0000 0.9983
vn 0.1129 0.0000 0.9936
vn 0.1130 0.0000 0.9936
vn 0.1567 0.0000 0.9876
vn 0.1568 0.0000 0.9876
vn 0.1618 0.0000 0.9868
vn 0.3121 0.0000 0.9500
vn 0.3489 0.0000 0.9372
vn 0.5889 0.0000 0.8082
vn -0.2163 0.0000 -0.9763
vn -0.2164 0.0000 -0.9763
vn 0.8927 0.0000 0.4507
vn -0.1655 0.0000 -0.9862
vn 0.9998 0.0000 0.0219
vn -0.0619 0.0000 -0.9981
vn 0.9911 0.0000 -0.1331
vn 0.1106 0.0000 -0.9939
vn 0.8924 0.0000 -0.4513
vn 0.5481 0.0000 -0.8364
vn 0.6679 0.0000 -0.7442
vn 0.9566 0.0000 -0.2915
vn -0.9685 0.0000 -0.2492
vn 0.0062 0.0000 -1.0000
vn 0.5509 0.0000 0.8346
vn -0.2516 0.0000 -0.9678
vn -0.6864 0.0000 -0.7272
vn 0.6053 0.0000 0.7960
vn 0.5626 0.0000 0.8267
vn 0.4502 0.0000 0.8929
usemtl None
s off
f 1//1 2//1 3//1
f 1//1 4//1 2//1
f 1//1 5//1 4//1
f 6//1 5//1 1//1
f 6//1 7//1 5//1
f 6//1 8//1 7//1
f 9//1 8//1 6//1
f 9//1 10//1 8//1
f 9//1 11//1 10//1
f 12//1 11//1 9//1
f 12//1 13//1 11//1
f 12//1 14//1 13//1
f 15//1 14//1 12//1
f 15//1 16//1 14//1
f 15//1 17//1 16//1
f 18//1 17//1 15//1
f 18//1 19//1 17//1
f 18//1 20//1 19//1
f 21//1 20//1 18//1
f 21//1 22//1 20//1
f 21//1 23//1 22//1
f 24//1 23//1 21//1
f 24//1 25//1 23//1
f 24//1 26//1 25//1
f 24//1 27//1 26//1
f 28//1 27//1 24//1
f 28//1 29//1 27//1
f 28//1 30//1 29//1
f 31//1 30//1 28//1
f 31//1 32//1 30//1
f 31//1 33//1 32//1
f 31//1 34//1 33//1
f 35//1 34//1 31//1
f 35//1 36//1 34//1
f 35//1 37//1 36//1
f 37//1 38//1 36//1
f 38//1 39//1 36//1
f 39//1 40//1 36//1
f 40//1 41//1 36//1
f 41//1 42//1 36//1
f 42//1 43//1 36//1
f 44//1 45//1 35//1
f 45//1 46//1 35//1
f 46//1 37//1 35//1
f 47//1 48//1 44//1
f 48//1 45//1 44//1
f 49//1 50//1 47//1
f 50//1 48//1 47//1
f 51//1 52//1 49//1
f 52//1 53//1 49//1
f 53//1 50//1 49//1
f 54//1 55//1 51//1
f 55//1 52//1 51//1
f 56//1 57//1 54//1
f 57//1 58//1 54//1
f 58//1 55//1 54//1
f 59//1 60//1 56//1
f 60//1 57//1 56//1
f 61//1 62//1 59//1
f 62//1 63//1 59//1
f 63//1 60//1 59//1
f 61//2 64//2 62//2
f 61//1 65//1 64//1
f 61//1 66//1 65//1
f 61//1 67//1 66//1
f 61//1 68//1 67//1
f 61//1 69//1 68//1
f 61//1 70//1 69//1
f 61//1 71//1 70//1
f 72//1 71//1 61//1
f 72//1 73//1 71//1
f 72//1 74//1 73//1
f 72//1 75//1 74//1
f 72//1 76//1 75//1
f 72//1 77//1 76//1
f 72//1 78//1 77//1
f 79//1 78//1 72//1
f 79//1 80//1 78//1
f 79//1 81//1 80//1
f 79//1 82//1 81//1
f 79//1 83//1 82//1
f 79//1 84//1 83//1
f 85//1 84//1 79//1
f 86//1 43//1 42//1
f 85//1 87//1 84//1
f 88//3 43//3 86//3
f 85//1 89//1 87//1
f 90//1 43//1 88//1
f 85//1 91//1 89//1
f 92//1 43//1 90//1
f 93//1 91//1 85//1
f 93//1 94//1 91//1
f 95//1 43//1 92//1
f 93//1 96//1 94//1
f 97//1 43//1 95//1
f 93//1 98//1 96//1
f 93//1 99//1 98//1
f 100//1 43//1 97//1
f 101//1 99//1 93//1
f 101//1 102//1 99//1
f 103//1 43//1 100//1
f 101//1 104//1 102//1
f 101//1 105//1 104//1
f 101//1 106//1 105//1
f 101//1 107//1 106//1
f 101//1 108//1 107//1
f 109//1 108//1 101//1
f 109//1 110//1 108//1
f 109//1 111//1 110//1
f 109//1 112//1 111//1
f 109//1 113//1 112//1
f 109//1 114//1 113//1
f 115//1 114//1 109//1
f 115//1 116//1 114//1
f 115//1 117//1 116//1
f 115//1 118//1 117//1
f 115//1 119//1 118//1
f 115//1 120//1 119//1
f 115//1 121//1 120//1
f 122//1 121//1 115//1
f 122//1 123//1 121//1
f 122//1 124//1 123//1
f 122//1 125//1 124//1
f 122//1 126//1 125//1
f 122//1 127//1 126//1
f 122//1 128//1 127//1
f 129//1 128//1 122//1
f 129//1 130//1 128//1
f 129//1 131//1 130//1
f 129//1 132//1 131//1
f 129//1 133//1 132//1
f 129//1 134//1 133//1
f 129//1 135//1 134//1
f 129//1 136//1 135//1
f 129//1 137//1 136//1
f 129//1 138//1 137//1
f 129//1 139//1 138//1
f 140//1 139//1 129//1
f 140//1 141//1 139//1
f 140//1 142//1 141//1
f 140//1 143//1 142//1
f 140//1 144//1 143//1
f 140//1 145//1 144//1
f 140//1 146//1 145//1
f 140//1 147//1 146//1
f 140//1 148//1 147//1
f 140//1 149//1 148//1
f 150//1 149//1 140//1
f 150//1 151//1 149//1
f 150//1 152//1 151//1
f 150//1 153//1 152//1
f 150//1 154//1 153//1
f 150//1 155//1 154//1
f 156//1 155//1 150//1
f 156//1 157//1 155//1
f 156//1 158//1 157//1
f 159//1 158//1 156//1
f 159//1 160//1 158//1
f 159//1 161//1 160//1
f 162//1 161//1 159//1
f 162//1 163//1 161//1
f 162//1 164//1 163//1
f 165//1 164//1 162//1
f 165//1 166//1 164//1
f 167//1 166//1 165//1
f 167//1 168//1 166//1
f 169//1 168//1 167//1
f 169//1 170//1 168//1
f 169//1 171//1 170//1
f 172//1 171//1 169//1
f 172//1 173//1 171//1
f 174//1 173//1 172//1
f 174//1 175//1 173//1
f 176//1 175//1 174//1
f 177//1 175//1 176//1
f 177//1 178//1 175//1
f 179//1 178//1 177//1
f 179//1 180//1 178//1
f 181//1 180//1 179//1
f 181//1 182//1 180//1
f 183//1 182//1 181//1
f 184//1 182//1 183//1
f 184//1 185//1 182//1
f 186//1 185//1 184//1
f 186//1 187//1 185//1
f 188//1 187//1 186//1
f 189//1 187//1 188//1
f 190//1 187//1 189//1
f 190//1 191//1 187//1
f 192//1 191//1 190//1
f 193//1 191//1 192//1
f 194//1 191//1 193//1
f 195//1 191//1 194//1
f 196//1 191//1 195//1
f 196//1 197//1 191//1
f 198//1 197//1 196//1
f 199//1 197//1 198//1
f 200//1 197//1 199//1
f 201//1 197//1 200//1
f 202//1 197//1 201//1
f 203//1 197//1 202//1
f 204//1 197//1 203//1
f 205//1 197//1 204//1
f 206//1 197//1 205//1
f 207//1 197//1 206//1
f 207//1 208//1 197//1
f 209//1 208//1 207//1
f 210//1 208//1 209//1
f 211//1 208//1 210//1
f 212//1 208//1 211//1
f 213//1 208//1 212//1
f 214//1 208//1 213//1
f 215//1 208//1 214//1
f 216//1 208//1 215//1
f 217//1 208//1 216//1
f 218//1 208//1 217//1
f 218//1 219//1 208//1
f 220//1 219//1 218//1
f 221//1 219//1 220//1
f 222//1 219//1 221//1
f 223//1 219//1 222//1
f 224//1 219//1 223//1
f 225//1 219//1 224//1
f 226//1 219//1 225//1
f 226//1 227//1 219//1
f 228//1 227//1 226//1
f 229//1 227//1 228//1
f 230//1 227//1 229//1
f 231//1 227//1 230//1
f 232//1 227//1 231//1
f 233//1 227//1 232//1
f 233//1 234//1 227//1
f 235//1 236//1 237//1
f 235//1 238//1 236//1
f 239//1 234//1 233//1
f 235//1 240//1 238//1
f 241//1 234//1 239//1
f 235//1 242//1 240//1
f 243//1 234//1 241//1
f 235//1 244//1 242//1
f 245//1 234//1 243//1
f 235//1 246//1 244//1
f 235//1 247//1 246//1
f 248//1 234//1 245//1
f 235//1 249//1 247//1
f 250//1 234//1 248//1
f 235//1 251//1 249//1
f 235//1 252//1 251//1
f 250//1 253//1 234//1
f 254//1 253//1 250//1
f 235//1 255//1 252//1
f 256//1 253//1 254//1
f 235//1 257//1 255//1
f 235//1 258//1 257//1
f 259//1 253//1 256//1
f 235//1 260//1 258//1
f 235//1 261//1 260//1
f 262//1 253//1 259//1
f 235//1 263//1 261//1
f 235//1 264//1 263//1
f 265//1 253//1 262//1
f 265//1 266//1 253//1
f 235//1 267//1 264//1
f 268//1 266//1 265//1
f 235//1 269//1 267//1
f 235//1 270//1 269//1
f 271//1 266//1 268//1
f 235//1 272//1 270//1
f 235//1 273//1 272//1
f 274//1 266//1 271//1
f 235//1 275//1 273//1
f 276//1 266//1 274//1
f 235//1 277//1 275//1
f 276//1 278//1 266//1
f 235//1 279//1 277//1
f 280//1 278//1 276//1
f 235//1 281//1 279//1
f 282//1 278//1 280//1
f 235//1 283//1 281//1
f 235//1 284//1 283//1
f 285//1 278//1 282//1
f 235//1 286//1 284//1
f 287//1 278//1 285//1
f 235//1 288//1 286//1
f 287//1 289//1 278//1
f 235//1 290//1 288//1
f 291//1 289//1 287//1
f 235//1 292//1 290//1
f 293//1 289//1 291//1
f 235//1 294//1 292//1
f 235//1 295//1 294//1
f 296//1 289//1 293//1
f 235//1 297//1 295//1
f 298//1 289//1 296//1
f 235//1 299//1 297//1
f 300//1 289//1 298//1
f 235//1 301//1 299//1
f 235//1 302//1 301//1
f 303//1 289//1 300//1
f 235//1 304//1 302//1
f 303//1 305//1 289//1
f 306//1 305//1 303//1
f 235//1 307//1 304//1
f 308//1 305//1 306//1
f 235//1 309//1 307//1
f 310//1 305//1 308//1
f 235//1 311//1 309//1
f 312//1 305//1 310//1
f 235//1 313//1 311//1
f 235//1 314//1 313//1
f 315//1 305//1 312//1
f 235//1 316//1 314//1
f 317//1 305//1 315//1
f 235//1 318//1 316//1
f 319//1 305//1 317//1
f 235//1 320//1 318//1
f 321//1 305//1 319//1
f 235//1 322//1 320//1
f 323//1 305//1 321//1
f 235//1 323//1 322//1
f 235//1 305//1 323//1
f 235//1 324//1 305//1
f 235//1 325//1 324//1
f 235//1 326//1 325//1
f 235//1 327//1 326//1
f 235//1 328//1 327//1
f 235//1 329//1 328//1
f 235//1 330//1 329//1
f 331//1 330//1 235//1
f 331//1 332//1 330//1
f 333//1 332//1 331//1
f 334//1 332//1 333//1
f 334//1 335//1 332//1
f 336//1 335//1 334//1
f 337//1 335//1 336//1
f 338//1 335//1 337//1
f 338//1 339//1 335//1
f 340//1 339//1 338//1
f 341//1 339//1 340//1
f 341//1 342//1 339//1
f 343//1 342//1 341//1
f 344//1 342//1 343//1
f 345//1 342//1 344//1
f 345//1 346//1 342//1
f 347//1 346//1 345//1
f 348//1 346//1 347//1
f 348//1 349//1 346//1
f 350//1 349//1 348//1
f 351//1 349//1 350//1
f 351//1 352//1 349//1
f 353//1 352//1 351//1
f 354//1 352//1 353//1
f 354//1 355//1 352//1
f 356//1 355//1 354//1
f 357//1 355//1 356//1
f 357//1 358//1 355//1
f 359//1 358//1 357//1
f 360//1 358//1 359//1
f 360//1 361//1 358//1
f 362//1 361//1 360//1
f 363//1 361//1 362//1
f 363//4 364//4 361//4
f 365//1 366//1 367//1
f 365//1 368//1 366//1
f 369//1 368//1 365//1
f 369//1 370//1 368//1
f 371//1 370//1 369//1
f 371//1 372//1 370//1
f 373//1 372//1 371//1
f 373//1 374//1 372//1
f 375//1 374//1 373//1
f 375//1 376//1 374//1
f 377//1 376//1 375//1
f 377//1 378//1 376//1
f 379//1 378//1 377//1
f 379//1 380//1 378//1
f 381//1 380//1 379//1
f 381//1 382//1 380//1
f 383//1 382//1 381//1
f 383//1 384//1 382//1
f 385//1 384//1 383//1
f 385//1 386//1 384//1
f 387//1 386//1 385//1
f 387//1 388//1 386//1
f 389//1 388//1 387//1
f 389//1 390//1 388//1
f 389//1 391//1 390//1
f 392//1 391//1 389//1
f 392//1 393//1 391//1
f 394//1 393//1 392//1
f 394//1 395//1 393//1
f 395//4 396//4 393//4
f 396//1 397//1 393//1
f 398//1 399//1 394//1
f 399//1 395//1 394//1
f 398//4 400//4 399//4
f 401//1 397//1 396//1
f 398//1 402//1 400//1
f 403//1 397//1 401//1
f 398//1 404//1 402//1
f 405//1 397//1 403//1
f 398//1 406//1 404//1
f 407//1 397//1 405//1
f 398//1 408//1 406//1
f 409//1 397//1 407//1
f 398//1 410//1 408//1
f 411//1 397//1 409//1
f 398//1 412//1 410//1
f 411//1 413//1 397//1
f 414//1 413//1 411//1
f 398//1 415//1 412//1
f 416//1 413//1 414//1
f 417//1 415//1 398//1
f 417//1 418//1 415//1
f 419//1 413//1 416//1
f 417//1 420//1 418//1
f 421//1 413//1 419//1
f 417//1 422//1 420//1
f 423//1 413//1 421//1
f 423//1 424//1 413//1
f 417//1 425//1 422//1
f 426//1 424//1 423//1
f 427//1 425//1 417//1
f 427//1 428//1 425//1
f 429//1 424//1 426//1
f 427//1 430//1 428//1
f 431//1 424//1 429//1
f 431//1 432//1 424//1
f 427//1 433//1 430//1
f 434//1 432//1 431//1
f 435//1 433//1 427//1
f 435//1 436//1 433//1
f 437//1 432//1 434//1
f 435//1 438//1 436//1
f 439//1 432//1 437//1
f 439//1 440//1 432//1
f 435//1 441//1 438//1
f 442//1 440//1 439//1
f 443//1 441//1 435//1
f 443//1 444//1 441//1
f 445//1 440//1 442//1
f 445//1 446//1 440//1
f 443//1 447//1 444//1
f 448//1 446//1 445//1
f 449//1 447//1 443//1
f 449//1 450//1 447//1
f 451//1 446//1 448//1
f 449//1 452//1 450//1
f 451//1 453//1 446//1
f 454//1 453//1 451//1
f 455//1 452//1 449//1
f 455//1 456//1 452//1
f 457//1 453//1 454//1
f 455//1 457//1 456//1
f 455//1 453//1 457//1
f 455//1 458//1 453//1
f 459//1 458//1 455//1
f 459//1 460//1 458//1
f 461//1 460//1 459//1
f 461//1 462//1 460//1
f 463//1 462//1 461//1
f 464//1 462//1 463//1
f 465//1 466//1 464//1
f 466//1 462//1 464//1
f 465//1 467//1 466//1
f 465//1 468//1 467//1
f 469//1 468//1 465//1
f 469//1 470//1 468//1
f 469//1 471//1 470//1
f 472//1 471//1 469//1
f 472//1 473//1 471//1
f 472//1 474//1 473//1
f 475//1 474//1 472//1
f 475//1 476//1 474//1
f 475//1 477//1 476//1
f 478//1 479//1 480//1
f 478//1 481//1 479//1
f 475//1 482//1 477//1
f 483//1 481//1 478//1
f 484//1 482//1 475//1
f 485//1 481//1 483//1
f 484//1 486//1 482//1
f 487//1 481//1 485//1
f 488//1 481//1 487//1
f 484//1 489//1 486//1
f 490//1 481//1 488//1
f 491//1 481//1 490//1
f 492//1 489//1 484//1
f 492//1 493//1 489//1
f 494//1 481//1 491//1
f 492//1 495//1 493//1
f 496//1 481//1 494//1
f 497//1 481//1 496//1
f 492//1 498//1 495//1
f 499//1 481//1 497//1
f 492//1 500//1 498//1
f 501//1 500//1 492//1
f 502//1 481//1 499//1
f 503//1 481//1 502//1
f 501//1 504//1 500//1
f 505//1 481//1 503//1
f 501//1 506//1 504//1
f 507//1 481//1 505//1
f 501//1 508//1 506//1
f 509//1 481//1 507//1
f 510//1 481//1 509//1
f 501//1 511//1 508//1
f 512//1 511//1 501//1
f 513//1 481//1 510//1
f 512//1 514//1 511//1
f 515//1 481//1 513//1
f 512//1 516//1 514//1
f 517//1 481//1 515//1
f 518//1 481//1 517//1
f 512//1 519//1 516//1
f 520//1 481//1 518//1
f 512//1 521//1 519//1
f 522//1 481//1 520//1
f 512//1 523//1 521//1
f 523//1 481//1 522//1
f 512//1 481//1 523//1
f 524//1 481//1 512//1
f 525//1 481//1 524//1
f 526//1 481//1 525//1
f 527//1 481//1 526//1
f 528//1 481//1 527//1
f 529//1 481//1 528//1
f 529//1 530//1 481//1
f 531//1 530//1 529//1
f 531//1 532//1 530//1
f 531//1 533//1 532//1
f 531//1 534//1 533//1
f 535//1 534//1 531//1
f 535//1 536//1 534//1
f 535//1 537//1 536//1
f 538//1 537//1 535//1
f 538//1 539//1 537//1
f 538//1 540//1 539//1
f 538//1 541//1 540//1
f 542//1 541//1 538//1
f 542//1 543//1 541//1
f 542//1 544//1 543//1
f 545//1 544//1 542//1
f 545//1 546//1 544//1
f 545//1 547//1 546//1
f 545//1 548//1 547//1
f 549//1 548//1 545//1
f 549//1 550//1 548//1
f 549//1 551//1 550//1
f 549//1 552//1 551//1
f 553//1 552//1 549//1
f 553//1 554//1 552//1
f 553//1 555//1 554//1
f 556//1 555//1 553//1
f 556//1 557//1 555//1
f 556//1 558//1 557//1
f 556//1 559//1 558//1
f 560//1 559//1 556//1
f 560//1 561//1 559//1
f 562//1 563//1 564//1
f 562//1 565//1 563//1
f 566//4 567//4 568//4
f 566//4 569//4 567//4
f 570//1 569//1 566//1
f 570//1 571//1 569//1
f 572//1 571//1 570//1
f 572//1 573//1 571//1
f 572//4 574//4 573//4
f 575//1 574//1 572//1
f 575//1 576//1 574//1
f 577//1 576//1 575//1
f 577//1 578//1 576//1
f 579//1 578//1 577//1
f 579//1 580//1 578//1
f 579//1 581//1 580//1
f 582//1 581//1 579//1
f 582//1 583//1 581//1
f 584//1 583//1 582//1
f 584//1 585//1 583//1
f 584//1 586//1 585//1
f 587//1 586//1 584//1
f 587//1 588//1 586//1
f 589//1 588//1 587//1
f 589//1 590//1 588//1
f 591//1 590//1 589//1
f 591//1 592//1 590//1
f 591//1 593//1 592//1
f 594//1 593//1 591//1
f 594//1 595//1 593//1
f 594//1 596//1 595//1
f 597//1 596//1 594//1
f 597//1 598//1 596//1
f 599//1 598//1 597//1
f 599//1 600//1 598//1
f 599//1 601//1 600//1
f 602//1 601//1 599//1
f 602//1 603//1 601//1
f 604//1 603//1 602//1
f 604//1 605//1 603//1
f 604//1 562//1 605//1
f 606//1 562//1 604//1
f 606//1 607//1 562//1
f 607//1 608//1 562//1
f 608//1 609//1 562//1
f 609//1 565//1 562//1
f 610//1 611//1 606//1
f 611//1 607//1 606//1
f 612//1 613//1 610//1
f 613//5 614//5 610//5
f 614//1 611//1 610//1
f 615//1 616//1 612//1
f 616//1 613//1 612//1
f 617//1 618//1 615//1
f 618//1 616//1 615//1
f 619//1 620//1 617//1
f 620//1 618//1 617//1
f 621//1 622//1 619//1
f 622//1 620//1 619//1
f 623//1 624//1 621//1
f 624//1 625//1 621//1
f 625//6 622//6 621//6
f 626//1 627//1 623//1
f 627//1 624//1 623//1
f 628//1 629//1 626//1
f 629//1 630//1 626//1
f 630//1 627//1 626//1
f 631//1 632//1 628//1
f 632//7 633//7 628//7
f 633//1 629//1 628//1
f 634//1 635//1 631//1
f 635//1 636//1 631//1
f 636//1 632//1 631//1
f 637//1 638//1 634//1
f 638//8 639//8 634//8
f 639//1 635//1 634//1
f 640//1 641//1 637//1
f 641//9 642//9 637//9
f 642//10 638//10 637//10
f 643//1 644//1 640//1
f 644//1 645//1 640//1
f 645//11 641//11 640//11
f 646//1 644//1 643//1
f 646//12 647//12 644//12
f 646//1 648//1 647//1
f 646//1 649//1 648//1
f 646//1 650//1 649//1
f 646//1 651//1 650//1
f 652//1 651//1 646//1
f 652//1 653//1 651//1
f 652//1 654//1 653//1
f 655//1 565//1 609//1
f 652//1 656//1 654//1
f 657//1 656//1 652//1
f 657//1 658//1 656//1
f 659//1 658//1 657//1
f 659//1 660//1 658//1
f 659//1 661//1 660//1
f 662//1 661//1 659//1
f 662//1 663//1 661//1
f 664//1 663//1 662//1
f 664//1 665//1 663//1
f 666//1 665//1 664//1
f 666//1 667//1 665//1
f 666//1 668//1 667//1
f 669//1 668//1 666//1
f 669//1 670//1 668//1
f 671//1 670//1 669//1
f 671//1 672//1 670//1
f 673//1 672//1 671//1
f 673//1 674//1 672//1
f 675//1 674//1 673//1
f 675//1 676//1 674//1
f 677//1 676//1 675//1
f 677//1 678//1 676//1
f 679//1 678//1 677//1
f 679//1 680//1 678//1
f 681//1 680//1 679//1
f 681//1 682//1 680//1
f 683//1 682//1 681//1
f 683//1 684//1 682//1
f 685//1 684//1 683//1
f 685//1 686//1 684//1
f 687//1 686//1 685//1
f 687//1 688//1 686//1
f 689//1 688//1 687//1
f 689//1 690//1 688//1
f 691//1 690//1 689//1
f 691//1 692//1 690//1
f 691//1 693//1 692//1
f 694//1 693//1 691//1
f 694//1 695//1 693//1
f 694//1 696//1 695//1
f 697//1 696//1 694//1
f 697//1 698//1 696//1
f 697//1 699//1 698//1
f 700//1 699//1 697//1
f 700//1 701//1 699//1
f 700//1 702//1 701//1
f 703//1 702//1 700//1
f 703//1 704//1 702//1
f 703//1 705//1 704//1
f 703//1 706//1 705//1
f 707//1 706//1 703//1
f 708//1 565//1 655//1
f 707//1 709//1 706//1
f 710//1 565//1 708//1
f 711//1 565//1 710//1
f 712//1 565//1 711//1
f 707//1 713//1 709//1
f 714//1 565//1 712//1
f 715//1 565//1 714//1
f 707//1 716//1 713//1
f 717//1 565//1 715//1
f 718//1 565//1 717//1
f 719//1 716//1 707//1
f 719//1 720//1 716//1
f 721//1 565//1 718//1
f 722//1 565//1 721//1
f 719//1 723//1 720//1
f 724//1 565//1 722//1
f 725//1 565//1 724//1
f 719//1 726//1 723//1
f 727//1 565//1 725//1
f 728//1 565//1 727//1
f 719//1 729//1 726//1
f 730//1 565//1 728//1
f 731//1 565//1 730//1
f 719//1 732//1 729//1
f 733//1 565//1 731//1
f 734//1 565//1 733//1
f 719//1 735//1 732//1
f 736//1 565//1 734//1
f 737//1 565//1 736//1
f 719//1 738//1 735//1
f 739//1 565//1 737//1
f 740//1 738//1 719//1
f 741//1 565//1 739//1
f 740//1 742//1 738//1
f 743//1 565//1 741//1
f 742//1 565//1 743//1
f 740//1 744//1 742//1
f 744//1 565//1 742//1
f 745//1 744//1 740//1
f 746//1 744//1 745//1
f 747//1 744//1 746//1
f 748//1 744//1 747//1
f 748//1 749//1 744//1
f 750//1 565//1 744//1
f 748//1 751//1 749//1
f 752//1 751//1 748//1
f 752//1 753//1 751//1
f 752//1 754//1 753//1
f 755//1 754//1 752//1
f 755//1 756//1 754//1
f 755//1 757//1 756//1
f 758//1 757//1 755//1
f 758//1 759//1 757//1
f 758//1 760//1 759//1
f 761//1 760//1 758//1
f 761//1 762//1 760//1
f 761//1 763//1 762//1
f 764//1 763//1 761//1
f 764//1 765//1 763//1
f 764//1 766//1 765//1
f 767//1 766//1 764//1
f 767//1 768//1 766//1
f 767//1 769//1 768//1
f 770//1 769//1 767//1
f 770//1 771//1 769//1
f 770//1 772//1 771//1
f 773//1 772//1 770//1
f 773//1 774//1 772//1
f 773//1 775//1 774//1
f 776//1 775//1 773//1
f 776//1 777//1 775//1
f 776//1 778//1 777//1
f 779//1 778//1 776//1
f 779//1 780//1 778//1
f 779//1 781//1 780//1
f 782//1 781//1 779//1
f 782//3 783//3 781//3
f 784//1 785//1 786//1
f 784//1 787//1 785//1
f 788//1 789//1 790//1
f 788//1 791//1 789//1
f 792//1 793//1 794//1
f 792//1 795//1 793//1
f 796//13 795//13 792//13
f 797//1 798//1 796//1
f 798//13 795//13 796//13
f 797//1 799//1 798//1
f 800//14 801//14 802//14
f 800//15 802//15 803//15
f 800//14 803//14 804//14
f 805//16 800//16 804//16
f 805//14 804//14 806//14
f 805//16 806//16 807//16
f 808//14 805//14 807//14
f 808//15 807//15 809//15
f 808//14 809//14 810//14
f 811//14 808//14 810//14
f 811//14 810//14 812//14
f 811//14 812//14 813//14
f 814//14 811//14 813//14
f 814//14 813//14 815//14
f 814//14 815//14 816//14
f 817//14 814//14 816//14
f 817//14 816//14 818//14
f 817//14 818//14 819//14
f 820//14 817//14 819//14
f 820//14 819//14 821//14
f 820//14 821//14 822//14
f 823//14 820//14 822//14
f 823//14 822//14 824//14
f 823//14 824//14 825//14
f 823//14 825//14 826//14
f 827//14 823//14 826//14
f 827//14 826//14 828//14
f 827//14 828//14 829//14
f 830//14 827//14 829//14
f 830//14 829//14 831//14
f 830//14 831//14 832//14
f 830//14 832//14 833//14
f 834//14 830//14 833//14
f 834//14 833//14 835//14
f 834//14 835//14 836//14
f 836//14 835//14 837//14
f 837//14 835//14 838//14
f 838//14 835//14 839//14
f 839//14 835//14 840//14
f 840//14 835//14 841//14
f 841//14 835//14 842//14
f 843//14 834//14 844//14
f 844//15 834//15 845//15
f 845//17 834//17 836//17
f 846//14 843//14 847//14
f 847//14 843//14 844//14
f 848//14 846//14 849//14
f 849//17 846//17 847//17
f 850//14 848//14 851//14
f 851//14 848//14 852//14
f 852//18 848//18 849//18
f 853//14 850//14 854//14
f 854//19 850//19 851//19
f 855//14 853//14 856//14
f 856//15 853//15 857//15
f 857//20 853//20 854//20
f 858//14 855//14 859//14
f 859//14 855//14 856//14
f 860//14 858//14 861//14
f 861//19 858//19 862//19
f 862//21 858//21 859//21
f 860//22 861//22 863//22
f 860//14 863//14 864//14
f 860//14 864//14 865//14
f 860//14 865//14 866//14
f 860//14 866//14 867//14
f 860//14 867//14 868//14
f 860//14 868//14 869//14
f 860//14 869//14 870//14
f 871//14 860//14 870//14
f 871//14 870//14 872//14
f 871//14 872//14 873//14
f 871//14 873//14 874//14
f 871//14 874//14 875//14
f 871//14 875//14 876//14
f 871//14 876//14 877//14
f 878//14 871//14 877//14
f 878//14 877//14 879//14
f 878//14 879//14 880//14
f 878//14 880//14 881//14
f 878//14 881//14 882//14
f 878//14 882//14 883//14
f 884//14 878//14 883//14
f 885//19 841//19 842//19
f 884//14 883//14 886//14
f 887//14 885//14 842//14
f 884//14 886//14 888//14
f 889//14 887//14 842//14
f 884//14 888//14 890//14
f 891//14 889//14 842//14
f 892//14 884//14 890//14
f 892//14 890//14 893//14
f 894//14 891//14 842//14
f 892//14 893//14 895//14
f 896//14 894//14 842//14
f 892//14 895//14 897//14
f 892//14 897//14 898//14
f 899//14 896//14 842//14
f 900//14 892//14 898//14
f 900//14 898//14 901//14
f 902//14 899//14 842//14
f 900//14 901//14 903//14
f 900//14 903//14 904//14
f 900//14 904//14 905//14
f 900//14 905//14 906//14
f 900//14 906//14 907//14
f 908//14 900//14 907//14
f 908//14 907//14 909//14
f 908//14 909//14 910//14
f 908//14 910//14 911//14
f 908//14 911//14 912//14
f 908//14 912//14 913//14
f 914//14 908//14 913//14
f 914//14 913//14 915//14
f 914//14 915//14 916//14
f 914//14 916//14 917//14
f 914//14 917//14 918//14
f 914//14 918//14 919//14
f 914//14 919//14 920//14
f 921//14 914//14 920//14
f 921//14 920//14 922//14
f 921//14 922//14 923//14
f 921//14 923//14 924//14
f 921//14 924//14 925//14
f 921//14 925//14 926//14
f 921//14 926//14 927//14
f 928//14 921//14 927//14
f 928//14 927//14 929//14
f 928//14 929//14 930//14
f 928//14 930//14 931//14
f 928//14 931//14 932//14
f 928//14 932//14 933//14
f 928//14 933//14 934//14
f 928//14 934//14 935//14
f 928//14 935//14 936//14
f 928//14 936//14 937//14
f 928//15 937//15 938//15
f 939//14 928//14 938//14
f 939//14 938//14 940//14
f 939//14 940//14 941//14
f 939//14 941//14 942//14
f 939//14 942//14 943//14
f 939//14 943//14 944//14
f 939//14 944//14 945//14
f 939//14 945//14 946//14
f 939//14 946//14 947//14
f 939//14 947//14 948//14
f 949//14 939//14 948//14
f 949//14 948//14 950//14
f 949//14 950//14 951//14
f 949//14 951//14 952//14
f 949//14 952//14 953//14
f 949//14 953//14 954//14
f 955//14 949//14 954//14
f 955//14 954//14 956//14
f 955//14 956//14 957//14
f 958//14 955//14 957//14
f 958//14 957//14 959//14
f 958//14 959//14 960//14
f 961//14 958//14 960//14
f 961//14 960//14 962//14
f 961//14 962//14 963//14
f 964//14 961//14 963//14
f 964//14 963//14 965//14
f 966//14 964//14 965//14
f 966//14 965//14 967//14
f 968//14 966//14 967//14
f 968//14 967//14 969//14
f 968//14 969//14 970//14
f 971//14 968//14 970//14
f 971//14 970//14 972//14
f 973//14 971//14 972//14
f 973//14 972//14 974//14
f 975//14 973//14 974//14
f 976//14 975//14 974//14
f 976//14 974//14 977//14
f 978//14 976//14 977//14
f 978//14 977//14 979//14
f 980//14 978//14 979//14
f 980//14 979//14 981//14
f 982//14 980//14 981//14
f 983//14 982//14 981//14
f 983//14 981//14 984//14
f 985//14 983//14 984//14
f 985//14 984//14 986//14
f 987//14 985//14 986//14
f 988//14 987//14 986//14
f 989//14 988//14 986//14
f 989//14 986//14 990//14
f 991//14 989//14 990//14
f 992//14 991//14 990//14
f 993//14 992//14 990//14
f 994//14 993//14 990//14
f 995//14 994//14 990//14
f 995//14 990//14 996//14
f 997//14 995//14 996//14
f 998//14 997//14 996//14
f 999//14 998//14 996//14
f 1000//14 999//14 996//14
f 1001//14 1000//14 996//14
f 1002//14 1001//14 996//14
f 1003//14 1002//14 996//14
f 1004//16 1003//16 996//16
f 1005//15 1004//15 996//15
f 1006//14 1005//14 996//14
f 1006//14 996//14 1007//14
f 1008//15 1006//15 1007//15
f 1009//14 1008//14 1007//14
f 1010//14 1009//14 1007//14
f 1011//14 1010//14 1007//14
f 1012//14 1011//14 1007//14
f 1013//16 1012//16 1007//16
f 1014//14 1013//14 1007//14
f 1015//14 1014//14 1007//14
f 1016//14 1015//14 1007//14
f 1017//14 1016//14 1007//14
f 1017//14 1007//14 1018//14
f 1019//14 1017//14 1018//14
f 1020//14 1019//14 1018//14
f 1021//14 1020//14 1018//14
f 1022//14 1021//14 1018//14
f 1023//14 1022//14 1018//14
f 1024//14 1023//14 1018//14
f 1025//14 1024//14 1018//14
f 1025//14 1018//14 1026//14
f 1027//14 1025//14 1026//14
f 1028//14 1027//14 1026//14
f 1029//14 1028//14 1026//14
f 1030//14 1029//14 1026//14
f 1031//14 1030//14 1026//14
f 1032//14 1031//14 1026//14
f 1032//14 1026//14 1033//14
f 1034//14 1035//14 1036//14
f 1034//14 1036//14 1037//14
f 1038//14 1032//14 1033//14
f 1034//14 1037//14 1039//14
f 1040//14 1038//14 1033//14
f 1034//14 1039//14 1041//14
f 1042//14 1040//14 1033//14
f 1034//14 1041//14 1043//14
f 1044//14 1042//14 1033//14
f 1034//14 1043//14 1045//14
f 1034//14 1045//14 1046//14
f 1047//14 1044//14 1033//14
f 1034//14 1046//14 1048//14
f 1049//14 1047//14 1033//14
f 1034//14 1048//14 1050//14
f 1034//14 1050//14 1051//14
f 1049//14 1033//14 1052//14
f 1053//14 1049//14 1052//14
f 1034//14 1051//14 1054//14
f 1055//14 1053//14 1052//14
f 1034//14 1054//14 1056//14
f 1034//14 1056//14 1057//14
f 1058//14 1055//14 1052//14
f 1034//14 1057//14 1059//14
f 1034//14 1059//14 1060//14
f 1061//14 1058//14 1052//14
f 1034//14 1060//14 1062//14
f 1034//14 1062//14 1063//14
f 1064//14 1061//14 1052//14
f 1064//14 1052//14 1065//14
f 1034//14 1063//14 1066//14
f 1067//14 1064//14 1065//14
f 1034//14 1066//14 1068//14
f 1034//14 1068//14 1069//14
f 1070//14 1067//14 1065//14
f 1034//14 1069//14 1071//14
f 1034//14 1071//14 1072//14
f 1073//14 1070//14 1065//14
f 1034//14 1072//14 1074//14
f 1075//14 1073//14 1065//14
f 1034//14 1074//14 1076//14
f 1075//14 1065//14 1077//14
f 1034//14 1076//14 1078//14
f 1079//14 1075//14 1077//14
f 1034//14 1078//14 1080//14
f 1081//14 1079//14 1077//14
f 1034//14 1080//14 1082//14
f 1034//14 1082//14 1083//14
f 1084//14 1081//14 1077//14
f 1034//14 1083//14 1085//14
f 1086//14 1084//14 1077//14
f 1034//14 1085//14 1087//14
f 1086//14 1077//14 1088//14
f 1034//14 1087//14 1089//14
f 1090//14 1086//14 1088//14
f 1034//14 1089//14 1091//14
f 1092//14 1090//14 1088//14
f 1034//14 1091//14 1093//14
f 1034//14 1093//14 1094//14
f 1095//14 1092//14 1088//14
f 1034//14 1094//14 1096//14
f 1097//14 1095//14 1088//14
f 1034//14 1096//14 1098//14
f 1099//14 1097//14 1088//14
f 1034//14 1098//14 1100//14
f 1034//14 1100//14 1101//14
f 1102//14 1099//14 1088//14
f 1034//14 1101//14 1103//14
f 1102//14 1088//14 1104//14
f 1105//14 1102//14 1104//14
f 1034//14 1103//14 1106//14
f 1107//14 1105//14 1104//14
f 1034//14 1106//14 1108//14
f 1109//14 1107//14 1104//14
f 1034//14 1108//14 1110//14
f 1111//14 1109//14 1104//14
f 1034//14 1110//14 1112//14
f 1034//14 1112//14 1113//14
f 1114//14 1111//14 1104//14
f 1034//14 1113//14 1115//14
f 1116//14 1114//14 1104//14
f 1034//14 1115//14 1117//14
f 1118//14 1116//14 1104//14
f 1034//14 1117//14 1119//14
f 1120//15 1118//15 1104//15
f 1034//14 1119//14 1121//14
f 1122//14 1120//14 1104//14
f 1034//14 1121//14 1122//14
f 1034//14 1122//14 1104//14
f 1034//14 1104//14 1123//14
f 1034//14 1123//14 1124//14
f 1034//14 1124//14 1125//14
f 1034//14 1125//14 1126//14
f 1034//14 1126//14 1127//14
f 1034//14 1127//14 1128//14
f 1034//14 1128//14 1129//14
f 1130//14 1034//14 1129//14
f 1130//14 1129//14 1131//14
f 1132//14 1130//14 1131//14
f 1133//14 1132//14 1131//14
f 1133//14 1131//14 1134//14
f 1135//14 1133//14 1134//14
f 1136//14 1135//14 1134//14
f 1137//14 1136//14 1134//14
f 1137//14 1134//14 1138//14
f 1139//14 1137//14 1138//14
f 1140//14 1139//14 1138//14
f 1140//14 1138//14 1141//14
f 1142//14 1140//14 1141//14
f 1143//14 1142//14 1141//14
f 1144//14 1143//14 1141//14
f 1144//14 1141//14 1145//14
f 1146//14 1144//14 1145//14
f 1147//14 1146//14 1145//14
f 1147//14 1145//14 1148//14
f 1149//14 1147//14 1148//14
f 1150//14 1149//14 1148//14
f 1150//14 1148//14 1151//14
f 1152//14 1150//14 1151//14
f 1153//15 1152//15 1151//15
f 1153//14 1151//14 1154//14
f 1155//14 1153//14 1154//14
f 1156//14 1155//14 1154//14
f 1156//14 1154//14 1157//14
f 1158//16 1156//16 1157//16
f 1159//15 1158//15 1157//15
f 1159//14 1157//14 1160//14
f 1161//16 1159//16 1160//16
f 1162//15 1161//15 1160//15
f 1162//14 1160//14 1163//14
f 1164//14 1165//14 1166//14
f 1164//14 1166//14 1167//14
f 1168//14 1164//14 1167//14
f 1168//14 1167//14 1169//14
f 1170//14 1168//14 1169//14
f 1170//14 1169//14 1171//14
f 1172//14 1170//14 1171//14
f 1172//14 1171//14 1173//14
f 1174//14 1172//14 1173//14
f 1174//14 1173//14 1175//14
f 1176//14 1174//14 1175//14
f 1176//14 1175//14 1177//14
f 1178//14 1176//14 1177//14
f 1178//14 1177//14 1179//14
f 1180//14 1178//14 1179//14
f 1180//14 1179//14 1181//14
f 1182//14 1180//14 1181//14
f 1182//14 1181//14 1183//14
f 1184//14 1182//14 1183//14
f 1184//14 1183//14 1185//14
f 1186//14 1184//14 1185//14
f 1186//14 1185//14 1187//14
f 1188//14 1186//14 1187//14
f 1188//14 1187//14 1189//14
f 1188//14 1189//14 1190//14
f 1191//14 1188//14 1190//14
f 1191//14 1190//14 1192//14
f 1193//14 1191//14 1192//14
f 1193//14 1192//14 1194//14
f 1194//15 1192//15 1195//15
f 1195//14 1192//14 1196//14
f 1197//14 1193//14 1198//14
f 1198//14 1193//14 1194//14
f 1197//16 1198//16 1199//16
f 1200//16 1195//16 1196//16
f 1197//14 1199//14 1201//14
f 1202//14 1200//14 1196//14
f 1197//14 1201//14 1203//14
f 1204//14 1202//14 1196//14
f 1197//14 1203//14 1205//14
f 1206//14 1204//14 1196//14
f 1197//14 1205//14 1207//14
f 1208//14 1206//14 1196//14
f 1197//14 1207//14 1209//14
f 1210//14 1208//14 1196//14
f 1197//14 1209//14 1211//14
f 1210//14 1196//14 1212//14
f 1213//14 1210//14 1212//14
f 1197//14 1211//14 1214//14
f 1215//14 1213//14 1212//14
f 1216//14 1197//14 1214//14
f 1216//14 1214//14 1217//14
f 1218//14 1215//14 1212//14
f 1216//14 1217//14 1219//14
f 1220//14 1218//14 1212//14
f 1216//14 1219//14 1221//14
f 1222//14 1220//14 1212//14
f 1222//14 1212//14 1223//14
f 1216//14 1221//14 1224//14
f 1225//14 1222//14 1223//14
f 1226//14 1216//14 1224//14
f 1226//14 1224//14 1227//14
f 1228//14 1225//14 1223//14
f 1226//14 1227//14 1229//14
f 1230//14 1228//14 1223//14
f 1230//14 1223//14 1231//14
f 1226//14 1229//14 1232//14
f 1233//14 1230//14 1231//14
f 1234//14 1226//14 1232//14
f 1234//14 1232//14 1235//14
f 1236//14 1233//14 1231//14
f 1234//14 1235//14 1237//14
f 1238//14 1236//14 1231//14
f 1238//14 1231//14 1239//14
f 1234//14 1237//14 1240//14
f 1241//14 1238//14 1239//14
f 1242//14 1234//14 1240//14
f 1242//14 1240//14 1243//14
f 1244//14 1241//14 1239//14
f 1244//14 1239//14 1245//14
f 1242//14 1243//14 1246//14
f 1247//14 1244//14 1245//14
f 1248//14 1242//14 1246//14
f 1248//14 1246//14 1249//14
f 1250//14 1247//14 1245//14
f 1248//14 1249//14 1251//14
f 1250//14 1245//14 1252//14
f 1253//14 1250//14 1252//14
f 1254//14 1248//14 1251//14
f 1254//14 1251//14 1255//14
f 1256//14 1253//14 1252//14
f 1254//14 1255//14 1256//14
f 1254//14 1256//14 1252//14
f 1254//14 1252//14 1257//14
f 1258//14 1254//14 1257//14
f 1258//14 1257//14 1259//14
f 1260//14 1258//14 1259//14
f 1260//14 1259//14 1261//14
f 1262//14 1260//14 1261//14
f 1263//14 1262//14 1261//14
f 1264//14 1263//14 1265//14
f 1265//14 1263//14 1261//14
f 1264//14 1265//14 1266//14
f 1264//14 1266//14 1267//14
f 1268//14 1264//14 1267//14
f 1268//14 1267//14 1269//14
f 1268//14 1269//14 1270//14
f 1271//14 1268//14 1270//14
f 1271//14 1270//14 1272//14
f 1271//14 1272//14 1273//14
f 1274//14 1271//14 1273//14
f 1274//14 1273//14 1275//14
f 1274//14 1275//14 1276//14
f 1277//14 1278//14 1279//14
f 1277//14 1279//14 1280//14
f 1274//14 1276//14 1281//14
f 1282//14 1277//14 1280//14
f 1283//14 1274//14 1281//14
f 1284//14 1282//14 1280//14
f 1283//14 1281//14 1285//14
f 1286//14 1284//14 1280//14
f 1287//14 1286//14 1280//14
f 1283//14 1285//14 1288//14
f 1289//14 1287//14 1280//14
f 1290//14 1289//14 1280//14
f 1291//14 1283//14 1288//14
f 1291//14 1288//14 1292//14
f 1293//14 1290//14 1280//14
f 1291//14 1292//14 1294//14
f 1295//14 1293//14 1280//14
f 1296//14 1295//14 1280//14
f 1291//14 1294//14 1297//14
f 1298//14 1296//14 1280//14
f 1291//14 1297//14 1299//14
f 1300//14 1291//14 1299//14
f 1301//14 1298//14 1280//14
f 1302//14 1301//14 1280//14
f 1300//14 1299//14 1303//14
f 1304//14 1302//14 1280//14
f 1300//14 1303//14 1305//14
f 1306//14 1304//14 1280//14
f 1300//14 1305//14 1307//14
f 1308//14 1306//14 1280//14
f 1309//14 1308//14 1280//14
f 1300//14 1307//14 1310//14
f 1311//14 1300//14 1310//14
f 1312//14 1309//14 1280//14
f 1311//14 1310//14 1313//14
f 1314//14 1312//14 1280//14
f 1311//14 1313//14 1315//14
f 1316//14 1314//14 1280//14
f 1317//14 1316//14 1280//14
f 1311//14 1315//14 1318//14
f 1319//14 1317//14 1280//14
f 1311//14 1318//14 1320//14
f 1321//14 1319//14 1280//14
f 1311//14 1320//14 1322//14
f 1322//14 1321//14 1280//14
f 1311//14 1322//14 1280//14
f 1323//14 1311//14 1280//14
f 1324//14 1323//14 1280//14
f 1325//14 1324//14 1280//14
f 1326//14 1325//14 1280//14
f 1327//14 1326//14 1280//14
f 1328//14 1327//14 1280//14
f 1328//14 1280//14 1329//14
f 1330//14 1328//14 1329//14
f 1330//14 1329//14 1331//14
f 1330//14 1331//14 1332//14
f 1330//14 1332//14 1333//14
f 1334//14 1330//14 1333//14
f 1334//14 1333//14 1335//14
f 1334//14 1335//14 1336//14
f 1337//14 1334//14 1336//14
f 1337//14 1336//14 1338//14
f 1337//14 1338//14 1339//14
f 1337//14 1339//14 1340//14
f 1341//14 1337//14 1340//14
f 1341//14 1340//14 1342//14
f 1341//14 1342//14 1343//14
f 1344//14 1341//14 1343//14
f 1344//14 1343//14 1345//14
f 1344//14 1345//14 1346//14
f 1344//14 1346//14 1347//14
f 1348//14 1344//14 1347//14
f 1348//14 1347//14 1349//14
f 1348//14 1349//14 1350//14
f 1348//14 1350//14 1351//14
f 1352//14 1348//14 1351//14
f 1352//14 1351//14 1353//14
f 1352//14 1353//14 1354//14
f 1355//14 1352//14 1354//14
f 1355//14 1354//14 1356//14
f 1355//16 1356//16 1357//16
f 1355//15 1357//15 1358//15
f 1359//14 1355//14 1358//14
f 1359//23 1358//23 1360//23
f 1361//14 1362//14 1363//14
f 1361//14 1363//14 1364//14
f 1365//19 1366//19 1367//19
f 1365//22 1367//22 1368//22
f 1369//14 1365//14 1368//14
f 1369//14 1368//14 1370//14
f 1371//14 1369//14 1370//14
f 1371//14 1370//14 1372//14
f 1371//15 1372//15 1373//15
f 1374//14 1371//14 1373//14
f 1374//14 1373//14 1375//14
f 1376//14 1374//14 1375//14
f 1376//14 1375//14 1377//14
f 1378//14 1376//14 1377//14
f 1378//14 1377//14 1379//14
f 1378//14 1379//14 1380//14
f 1381//14 1378//14 1380//14
f 1381//14 1380//14 1382//14
f 1383//14 1381//14 1382//14
f 1383//14 1382//14 1384//14
f 1383//14 1384//14 1385//14
f 1386//14 1383//14 1385//14
f 1386//14 1385//14 1387//14
f 1388//14 1386//14 1387//14
f 1388//14 1387//14 1389//14
f 1390//14 1388//14 1389//14
f 1390//14 1389//14 1391//14
f 1390//14 1391//14 1392//14
f 1393//14 1390//14 1392//14
f 1393//14 1392//14 1394//14
f 1393//14 1394//14 1395//14
f 1396//14 1393//14 1395//14
f 1396//14 1395//14 1397//14
f 1398//14 1396//14 1397//14
f 1398//14 1397//14 1399//14
f 1398//14 1399//14 1400//14
f 1401//14 1398//14 1400//14
f 1401//14 1400//14 1402//14
f 1403//14 1401//14 1402//14
f 1403//14 1402//14 1404//14
f 1403//14 1404//14 1361//14
f 1405//14 1403//14 1361//14
f 1405//14 1361//14 1406//14
f 1406//14 1361//14 1407//14
f 1407//14 1361//14 1408//14
f 1408//14 1361//14 1364//14
f 1409//14 1405//14 1410//14
f 1410//24 1405//24 1406//24
f 1411//14 1409//14 1412//14
f 1412//14 1409//14 1413//14
f 1413//14 1409//14 1410//14
f 1414//14 1411//14 1415//14
f 1415//25 1411//25 1412//25
f 1416//14 1414//14 1417//14
f 1417//14 1414//14 1415//14
f 1418//14 1416//14 1419//14
f 1419//14 1416//14 1417//14
f 1420//14 1418//14 1421//14
f 1421//14 1418//14 1419//14
f 1422//14 1420//14 1423//14
f 1423//26 1420//26 1424//26
f 1424//27 1420//27 1421//27
f 1425//14 1422//14 1426//14
f 1426//28 1422//28 1423//28
f 1427//14 1425//14 1428//14
f 1428//14 1425//14 1429//14
f 1429//29 1425//29 1426//29
f 1430//14 1427//14 1431//14
f 1431//30 1427//30 1432//30
f 1432//14 1427//14 1428//14
f 1433//14 1430//14 1434//14
f 1434//31 1430//31 1435//31
f 1435//32 1430//32 1431//32
f 1436//14 1433//14 1437//14
f 1437//33 1433//33 1438//33
f 1438//34 1433//34 1434//34
f 1439//14 1436//14 1440//14
f 1440//14 1436//14 1441//14
f 1441//35 1436//35 1437//35
f 1442//14 1439//14 1443//14
f 1443//36 1439//36 1444//36
f 1444//37 1439//37 1440//37
f 1445//14 1442//14 1443//14
f 1445//15 1443//15 1446//15
f 1445//14 1446//14 1447//14
f 1445//14 1447//14 1448//14
f 1445//14 1448//14 1449//14
f 1445//14 1449//14 1450//14
f 1451//14 1445//14 1450//14
f 1451//14 1450//14 1452//14
f 1451//14 1452//14 1453//14
f 1454//14 1408//14 1364//14
f 1451//14 1453//14 1455//14
f 1456//14 1451//14 1455//14
f 1456//14 1455//14 1457//14
f 1458//14 1456//14 1457//14
f 1458//14 1457//14 1459//14
f 1458//14 1459//14 1460//14
f 1461//14 1458//14 1460//14
f 1461//14 1460//14 1462//14
f 1463//14 1461//14 1462//14
f 1463//14 1462//14 1464//14
f 1465//14 1463//14 1464//14
f 1465//14 1464//14 1466//14
f 1465//14 1466//14 1467//14
f 1468//14 1465//14 1467//14
f 1468//14 1467//14 1469//14
f 1470//14 1468//14 1469//14
f 1470//14 1469//14 1471//14
f 1472//14 1470//14 1471//14
f 1472//14 1471//14 1473//14
f 1474//14 1472//14 1473//14
f 1474//14 1473//14 1475//14
f 1476//14 1474//14 1475//14
f 1476//14 1475//14 1477//14
f 1478//14 1476//14 1477//14
f 1478//14 1477//14 1479//14
f 1480//14 1478//14 1479//14
f 1480//14 1479//14 1481//14
f 1482//14 1480//14 1481//14
f 1482//14 1481//14 1483//14
f 1484//14 1482//14 1483//14
f 1484//14 1483//14 1485//14
f 1486//14 1484//14 1485//14
f 1486//14 1485//14 1487//14
f 1488//14 1486//14 1487//14
f 1488//14 1487//14 1489//14
f 1490//14 1488//14 1489//14
f 1490//14 1489//14 1491//14
f 1490//14 1491//14 1492//14
f 1493//14 1490//14 1492//14
f 1493//14 1492//14 1494//14
f 1493//14 1494//14 1495//14
f 1496//14 1493//14 1495//14
f 1496//14 1495//14 1497//14
f 1496//14 1497//14 1498//14
f 1499//14 1496//14 1498//14
f 1499//14 1498//14 1500//14
f 1499//14 1500//14 1501//14
f 1502//14 1499//14 1501//14
f 1502//14 1501//14 1503//14
f 1502//14 1503//14 1504//14
f 1502//14 1504//14 1505//14
f 1506//14 1502//14 1505//14
f 1507//14 1454//14 1364//14
f 1506//14 1505//14 1508//14
f 1509//14 1507//14 1364//14
f 1510//14 1509//14 1364//14
f 1511//14 1510//14 1364//14
f 1506//14 1508//14 1512//14
f 1513//14 1511//14 1364//14
f 1514//14 1513//14 1364//14
f 1506//14 1512//14 1515//14
f 1516//14 1514//14 1364//14
f 1517//14 1516//14 1364//14
f 1518//14 1506//14 1515//14
f 1518//14 1515//14 1519//14
f 1520//14 1517//14 1364//14
f 1521//14 1520//14 1364//14
f 1518//14 1519//14 1522//14
f 1523//14 1521//14 1364//14
f 1524//14 1523//14 1364//14
f 1518//14 1522//14 1525//14
f 1526//14 1524//14 1364//14
f 1527//14 1526//14 1364//14
f 1518//14 1525//14 1528//14
f 1529//14 1527//14 1364//14
f 1530//14 1529//14 1364//14
f 1518//14 1528//14 1531//14
f 1532//14 1530//14 1364//14
f 1533//14 1532//14 1364//14
f 1518//14 1531//14 1534//14
f 1535//14 1533//14 1364//14
f 1536//14 1535//14 1364//14
f 1518//16 1534//16 1537//16
f 1538//14 1536//14 1364//14
f 1539//14 1518//14 1537//14
f 1540//14 1538//14 1364//14
f 1539//14 1537//14 1541//14
f 1542//14 1540//14 1364//14
f 1541//14 1542//14 1364//14
f 1539//14 1541//14 1543//14
f 1543//14 1541//14 1364//14
f 1544//14 1539//14 1543//14
f 1545//14 1544//14 1543//14
f 1546//14 1545//14 1543//14
f 1547//14 1546//14 1543//14
f 1547//14 1543//14 1548//14
f 1549//14 1543//14 1364//14
f 1547//14 1548//14 1550//14
f 1551//14 1547//14 1550//14
f 1551//14 1550//14 1552//14
f 1551//14 1552//14 1553//14
f 1554//14 1551//14 1553//14
f 1554//14 1553//14 1555//14
f 1554//14 1555//14 1556//14
f 1557//14 1554//14 1556//14
f 1557//14 1556//14 1558//14
f 1557//14 1558//14 1559//14
f 1560//14 1557//14 1559//14
f 1560//14 1559//14 1561//14
f 1560//14 1561//14 1562//14
f 1563//14 1560//14 1562//14
f 1563//14 1562//14 1564//14
f 1563//14 1564//14 1565//14
f 1566//14 1563//14 1565//14
f 1566//14 1565//14 1567//14
f 1566//14 1567//14 1568//14
f 1569//14 1566//14 1568//14
f 1569//14 1568//14 1570//14
f 1569//14 1570//14 1571//14
f 1572//14 1569//14 1571//14
f 1572//14 1571//14 1573//14
f 1572//14 1573//14 1574//14
f 1575//14 1572//14 1574//14
f 1575//14 1574//14 1576//14
f 1575//14 1576//14 1577//14
f 1578//14 1575//14 1577//14
f 1578//14 1577//14 1579//14
f 1578//14 1579//14 1580//14
f 1581//14 1578//14 1580//14
f 1581//15 1580//15 1582//15
f 1583//14 1584//14 1585//14
f 1583//14 1585//14 1586//14
f 1587//14 1588//14 1589//14
f 1587//14 1589//14 1590//14
f 1591//14 1592//14 1593//14
f 1591//14 1593//14 1594//14
f 1595//38 1591//38 1594//38
f 1596//14 1595//14 1597//14
f 1597//13 1595//13 1594//13
f 1596//14 1597//14 1598//14
f 227//39 234//39 1033//39
f 227//39 1033//39 1026//39
f 37//40 46//40 845//40
f 37//40 845//40 836//40
f 451//41 448//41 1247//41
f 451//41 1247//41 1250//41
f 725//42 724//42 1523//42
f 725//43 1523//43 1524//43
f 339//44 342//44 1141//44
f 339//44 1141//44 1138//44
f 67//45 68//45 867//45
f 67//45 867//45 866//45
f 409//46 407//46 1206//46
f 409//46 1206//46 1208//46
f 787//13 784//13 1583//13
f 787//13 1583//13 1586//13
f 785//47 787//47 1586//47
f 785//47 1586//47 1585//47
f 501//48 492//48 1291//48
f 501//48 1291//48 1300//48
f 353//49 351//49 1150//49
f 353//49 1150//49 1152//49
f 87//50 89//50 888//50
f 87//50 888//50 886//50
f 418//51 420//51 1219//51
f 418//51 1219//51 1217//51
f 132//52 133//52 932//52
f 132//52 932//52 931//52
f 149//53 151//53 950//53
f 149//54 950//54 948//54
f 173//55 175//55 974//55
f 173//55 974//55 972//55
f 291//56 287//56 1086//56
f 291//56 1086//56 1090//56
f 471//57 473//57 1272//57
f 471//57 1272//57 1270//57
f 58//58 57//58 856//58
f 58//58 856//58 857//58
f 651//59 653//59 1452//59
f 651//59 1452//59 1450//59
f 685//60 683//60 1482//60
f 685//60 1482//60 1484//60
f 245//61 243//61 1042//61
f 245//61 1042//61 1044//61
f 514//62 516//62 1315//62
f 514//62 1315//62 1313//62
f 606//63 604//63 1403//63
f 606//63 1403//63 1405//63
f 220//64 218//64 1017//64
f 220//64 1017//64 1019//64
f 502//65 499//65 1298//65
f 502//65 1298//65 1301//65
f 566//66 568//66 1366//66
f 566//67 1366//67 1365//67
f 202//68 201//68 1000//68
f 202//68 1000//68 1001//68
f 532//69 533//69 1332//69
f 532//69 1332//69 1331//69
f 592//70 593//70 1392//70
f 592//70 1392//70 1391//70
f 181//71 179//71 978//71
f 181//71 978//71 980//71
f 554//72 555//72 1354//72
f 554//73 1354//73 1353//73
f 611//74 614//74 1413//74
f 611//74 1413//74 1410//74
f 115//75 109//75 908//75
f 115//75 908//75 914//75
f 528//76 527//76 1326//76
f 528//76 1326//76 1327//76
f 639//77 638//77 1437//77
f 639//77 1437//77 1438//77
f 415//78 418//78 1217//78
f 415//78 1217//78 1214//78
f 31//79 28//79 827//79
f 31//79 827//79 830//79
f 459//80 455//80 1254//80
f 459//80 1254//80 1258//80
f 661//81 663//81 1462//81
f 661//82 1462//82 1460//82
f 10//83 11//83 810//83
f 10//83 810//83 809//83
f 377//84 375//84 1174//84
f 377//84 1174//84 1176//84
f 692//85 693//85 1492//85
f 692//85 1492//85 1491//85
f 384//86 386//86 1185//86
f 384//86 1185//86 1183//86
f 675//87 673//87 1472//87
f 675//87 1472//87 1474//87
f 570//88 566//88 1365//88
f 570//89 1365//89 1369//89
f 38//90 37//90 836//90
f 38//90 836//90 837//90
f 234//91 253//91 1052//91
f 234//91 1052//91 1033//91
f 448//92 445//92 1244//92
f 448//92 1244//92 1247//92
f 66//93 67//93 866//93
f 66//93 866//93 865//93
f 342//94 346//94 1145//94
f 342//94 1145//94 1141//94
f 407//95 405//95 1204//95
f 407//95 1204//95 1206//95
f 84//96 87//96 886//96
f 84//97 886//97 883//97
f 351//98 350//98 1149//98
f 351//98 1149//98 1150//98
f 420//99 422//99 1221//99
f 420//99 1221//99 1219//99
f 771//100 772//100 1571//100
f 771//100 1571//100 1570//100
f 112//101 113//101 912//101
f 112//101 912//101 911//101
f 131//102 132//102 931//102
f 131//103 931//103 930//103
f 263//104 264//104 1063//104
f 263//104 1063//104 1062//104
f 772//105 774//105 1573//105
f 772//105 1573//105 1571//105
f 148//106 149//106 948//106
f 148//106 948//106 947//106
f 292//107 294//107 1093//107
f 292//107 1093//107 1091//107
f 758//108 755//108 1554//108
f 758//108 1554//108 1557//108
f 171//109 173//109 972//109
f 171//109 972//109 970//109
f 322//110 323//110 1122//110
f 322//110 1122//110 1121//110
f 624//111 627//111 1426//111
f 624//111 1426//111 1423//111
f 470//112 471//112 1270//112
f 470//112 1270//112 1269//112
f 287//113 285//113 1084//113
f 287//113 1084//113 1086//113
f 646//114 643//114 1442//114
f 646//114 1442//114 1445//114
f 503//115 502//115 1301//115
f 503//115 1301//115 1302//115
f 218//116 217//116 1016//116
f 218//116 1016//116 1017//116
f 568//117 567//117 1367//117
f 568//117 1367//117 1366//117
f 401//118 396//118 1195//118
f 401//118 1195//118 1200//118
f 498//119 500//119 1299//119
f 498//120 1299//120 1297//120
f 530//121 532//121 1331//121
f 530//121 1331//121 1329//121
f 201//122 200//122 999//122
f 201//122 999//122 1000//122
f 593//123 595//123 1394//123
f 593//123 1394//123 1392//123
f 552//124 554//124 1353//124
f 552//124 1353//124 1351//124
f 179//125 177//125 976//125
f 179//126 976//126 978//126
f 614//127 613//127 1412//127
f 614//127 1412//127 1413//127
f 529//128 528//128 1327//128
f 529//128 1327//128 1328//128
f 109//129 101//129 900//129
f 109//129 900//129 908//129
f 638//130 642//130 1441//130
f 638//130 1441//130 1437//130
f 461//131 459//131 1258//131
f 461//131 1258//131 1260//131
f 28//132 24//132 823//132
f 28//132 823//132 827//132
f 663//133 665//133 1464//133
f 663//133 1464//133 1462//133
f 379//134 377//134 1176//134
f 379//134 1176//134 1178//134
f 11//135 13//135 812//135
f 11//135 812//135 810//135
f 693//136 695//136 1494//136
f 693//136 1494//136 1492//136
f 382//137 384//137 1183//137
f 382//137 1183//137 1181//137
f 34//138 36//138 835//138
f 34//138 835//138 833//138
f 729//139 732//139 1531//139
f 729//140 1531//140 1528//140
f 457//141 454//141 1253//141
f 457//141 1253//141 1256//141
f 253//142 266//142 1065//142
f 253//142 1065//142 1052//142
f 45//143 48//143 847//143
f 45//143 847//143 844//143
f 414//144 411//144 1210//144
f 414//144 1210//144 1213//144
f 790//38 789//38 1589//38
f 790//38 1589//38 1588//38
f 346//145 349//145 1148//145
f 346//145 1148//145 1145//145
f 69//146 70//146 869//146
f 69//146 869//146 868//146
f 706//147 709//147 1508//147
f 706//147 1508//147 1505//147
f 728//148 727//148 1526//148
f 728//149 1526//149 1527//149
f 412//150 415//150 1214//150
f 412//150 1214//150 1211//150
f 456//38 457//38 1256//38
f 456//38 1256//38 1255//38
f 236//151 238//151 1037//151
f 236//152 1037//152 1036//152
f 116//153 117//153 916//153
f 116//154 916//154 915//154
f 768//155 769//155 1568//155
f 768//155 1568//155 1567//155
f 264//156 267//156 1066//156
f 264//156 1066//156 1063//156
f 134//157 135//157 934//157
f 134//158 934//158 933//158
f 620//159 622//159 1421//159
f 620//159 1421//159 1419//159
f 767//160 764//160 1563//160
f 767//160 1563//160 1566//160
f 294//161 295//161 1094//161
f 294//161 1094//161 1093//161
f 152//162 153//162 952//162
f 152//162 952//162 951//162
f 308//163 306//163 1105//163
f 308//164 1105//164 1107//164
f 694//165 691//165 1490//165
f 694//165 1490//165 1493//165
f 323//166 321//166 1120//166
f 323//166 1120//166 1122//166
f 178//167 180//167 979//167
f 178//167 979//167 977//167
f 659//168 657//168 1456//168
f 659//168 1456//168 1458//168
f 285//169 282//169 1081//169
f 285//169 1081//169 1084//169
f 474//170 476//170 1275//170
f 474//170 1275//170 1273//170
f 798//47 799//47 1598//47
f 798//47 1598//47 1597//47
f 235//171 237//171 1035//171
f 235//171 1035//171 1034//171
f 612//172 610//172 1409//172
f 612//173 1409//173 1411//173
f 241//174 239//174 1038//174
f 241//174 1038//174 1040//174
f 519//175 521//175 1320//175
f 519//175 1320//175 1318//175
f 572//176 570//176 1369//176
f 572//177 1369//177 1371//177
f 217//178 216//178 1015//178
f 217//178 1015//178 1016//178
f 497//179 496//179 1295//179
f 497//179 1295//179 1296//179
f 588//180 590//180 1389//180
f 588//180 1389//180 1387//180
f 200//181 199//181 998//181
f 200//182 998//182 999//182
f 534//183 536//183 1335//183
f 534//183 1335//183 1333//183
f 608//184 607//184 1406//184
f 608//184 1406//184 1407//184
f 177//185 176//185 975//185
f 177//185 975//185 976//185
f 557//186 558//186 1357//186
f 557//186 1357//186 1356//186
f 636//187 635//187 1434//187
f 636//188 1434//188 1435//188
f 101//189 93//189 892//189
f 101//189 892//189 900//189
f 526//190 525//190 1324//190
f 526//190 1324//190 1325//190
f 24//191 21//191 820//191
f 24//191 820//191 823//191
f 449//192 443//192 1242//192
f 449//192 1242//192 1248//192
f 688//193 690//193 1489//193
f 688//193 1489//193 1487//193
f 13//194 14//194 813//194
f 13//194 813//194 812//194
f 373//195 371//195 1170//195
f 373//195 1170//195 1172//195
f 720//196 723//196 1522//196
f 720//196 1522//196 1519//196
f 36//47 43//47 842//47
f 36//47 842//47 835//47
f 388//197 390//197 1189//197
f 388//197 1189//197 1187//197
f 454//198 451//198 1250//198
f 454//198 1250//198 1253//198
f 46//199 45//199 844//199
f 46//199 844//199 845//199
f 266//200 278//200 1077//200
f 266//200 1077//200 1065//200
f 788//171 790//171 1588//171
f 788//171 1588//171 1587//171
f 411//201 409//201 1208//201
f 411//201 1208//201 1210//201
f 68//202 69//202 868//202
f 68//202 868//202 867//202
f 349//203 352//203 1151//203
f 349//203 1151//203 1148//203
f 644//204 647//204 1446//204
f 644//204 1446//204 1443//204
f 89//205 91//205 890//205
f 89//206 890//206 888//206
f 348//207 347//207 1146//207
f 348//207 1146//207 1147//207
f 565//13 750//13 1549//13
f 565//13 1549//13 1364//13
f 114//208 116//208 915//208
f 114//208 915//208 913//208
f 238//209 240//209 1039//209
f 238//210 1039//210 1037//210
f 315//211 312//211 1111//211
f 315//211 1111//211 1114//211
f 769//212 771//212 1570//212
f 769//213 1570//213 1568//213
f 133//214 134//214 933//214
f 133//214 933//214 932//214
f 267//215 269//215 1068//215
f 267//216 1068//216 1066//216
f 261//217 263//217 1062//217
f 261//217 1062//217 1060//217
f 395//218 399//218 1198//218
f 395//218 1198//218 1194//218
f 764//219 761//219 1560//219
f 764//219 1560//219 1563//219
f 151//220 152//220 951//220
f 151//220 951//220 950//220
f 295//221 297//221 1096//221
f 295//222 1096//222 1094//222
f 442//223 439//223 1238//223
f 442//223 1238//223 1241//223
f 452//224 456//224 1255//224
f 452//224 1255//224 1251//224
f 321//225 319//225 1118//225
f 321//225 1118//225 1120//225
f 657//226 652//226 1451//226
f 657//226 1451//226 1456//226
f 473//227 474//227 1273//227
f 473//227 1273//227 1272//227
f 282//228 280//228 1079//228
f 282//229 1079//229 1081//229
f 610//230 606//230 1405//230
f 610//230 1405//230 1409//230
f 516//231 519//231 1318//231
f 516//231 1318//231 1315//231
f 239//232 233//232 1032//232
f 239//232 1032//232 1038//232
f 511//233 514//233 1313//233
f 511//233 1313//233 1310//233
f 499//234 497//234 1296//234
f 499//234 1296//234 1298//234
f 216//235 215//235 1014//235
f 216//236 1014//236 1015//236
f 590//237 592//237 1391//237
f 590//237 1391//237 1389//237
f 533//238 534//238 1333//238
f 533//238 1333//238 1332//238
f 199//239 198//239 997//239
f 199//240 997//240 998//240
f 563//47 565//47 1364//47
f 563//47 1364//47 1363//47
f 555//241 557//241 1356//241
f 555//241 1356//241 1354//241
f 176//242 174//242 973//242
f 176//242 973//242 975//242
f 635//243 639//243 1438//243
f 635//244 1438//244 1434//244
f 527//245 526//245 1325//245
f 527//245 1325//245 1326//245
f 93//246 85//246 884//246
f 93//246 884//246 892//246
f 91//247 94//247 893//247
f 91//247 893//247 890//247
f 660//248 661//248 1460//248
f 660//248 1460//248 1459//248
f 455//249 449//249 1248//249
f 455//249 1248//249 1254//249
f 21//250 18//250 817//250
f 21//250 817//250 820//250
f 375//251 373//251 1172//251
f 375//251 1172//251 1174//251
f 14//252 16//252 815//252
f 14//252 815//252 813//252
f 723//253 726//253 1525//253
f 723//254 1525//254 1522//254
f 386//255 388//255 1187//255
f 386//255 1187//255 1185//255
f 43//13 103//13 902//13
f 43//13 902//13 842//13
f 585//256 586//256 1385//256
f 585//256 1385//256 1384//256
f 278//257 289//257 1088//257
f 278//257 1088//257 1077//257
f 50//258 53//258 852//258
f 50//259 852//259 849//259
f 439//260 437//260 1236//260
f 439//260 1236//260 1238//260
f 718//261 717//261 1516//261
f 718//261 1516//261 1517//261
f 260//262 261//262 1060//262
f 260//262 1060//262 1059//262
f 352//263 355//263 1154//263
f 352//263 1154//263 1151//263
f 71//264 73//264 872//264
f 71//264 872//264 870//264
f 290//265 292//265 1091//265
f 290//265 1091//265 1089//265
f 761//266 758//266 1557//266
f 761//266 1557//266 1560//266
f 347//267 345//267 1144//267
f 347//267 1144//267 1146//267
f 96//268 98//268 897//268
f 96//268 897//268 895//268
f 403//269 401//269 1200//269
f 403//270 1200//270 1202//270
f 361//271 364//271 1163//271
f 361//272 1163//272 1160//272
f 240//273 242//273 1041//273
f 240//273 1041//273 1039//273
f 118//274 119//274 918//274
f 118//274 918//274 917//274
f 753//275 754//275 1553//275
f 753//275 1553//275 1552//275
f 269//276 270//276 1069//276
f 269//276 1069//276 1068//276
f 136//277 137//277 936//277
f 136//277 936//277 935//277
f 777//278 778//278 1577//278
f 777//278 1577//278 1576//278
f 561//279 560//279 1359//279
f 561//279 1359//279 1360//279
f 297//280 299//280 1098//280
f 297//280 1098//280 1096//280
f 154//281 155//281 954//281
f 154//282 954//282 953//282
f 748//283 747//283 1546//283
f 748//283 1546//283 1547//283
f 319//284 317//284 1116//284
f 319//284 1116//284 1118//284
f 182//285 185//285 984//285
f 182//285 984//285 981//285
f 681//286 679//286 1478//286
f 681//286 1478//286 1480//286
f 477//287 482//287 1281//287
f 477//287 1281//287 1276//287
f 637//288 634//288 1433//288
f 637//288 1433//288 1436//288
f 233//289 232//289 1031//289
f 233//289 1031//289 1032//289
f 523//290 522//290 1321//290
f 523//290 1321//290 1322//290
f 597//291 594//291 1393//291
f 597//291 1393//291 1396//291
f 215//292 214//292 1013//292
f 215//293 1013//293 1014//293
f 494//294 491//294 1290//294
f 494//294 1290//294 1293//294
f 571//295 573//295 1372//295
f 571//295 1372//295 1370//295
f 198//296 196//296 995//296
f 198//296 995//296 997//296
f 537//297 539//297 1338//297
f 537//297 1338//297 1336//297
f 598//298 600//298 1399//298
f 598//298 1399//298 1397//298
f 658//299 660//299 1459//299
f 658//299 1459//299 1457//299
f 174//300 172//300 971//300
f 174//300 971//300 973//300
f 559//301 561//301 1360//301
f 559//301 1360//301 1358//301
f 85//302 79//302 878//302
f 85//302 878//302 884//302
f 645//303 644//303 1443//303
f 645//304 1443//304 1444//304
f 18//305 15//305 814//305
f 18//305 814//305 817//305
f 435//306 427//306 1226//306
f 435//306 1226//306 1234//306
f 668//307 670//307 1469//307
f 668//307 1469//307 1467//307
f 16//308 17//308 816//308
f 16//308 816//308 815//308
f 320//309 322//309 1121//309
f 320//309 1121//309 1119//309
f 689//310 687//310 1486//310
f 689//310 1486//310 1488//310
f 103//311 100//311 899//311
f 103//312 899//312 902//312
f 391//313 393//313 1192//313
f 391//313 1192//313 1190//313
f 738//314 742//314 1541//314
f 738//315 1541//315 1537//315
f 770//316 767//316 1566//316
f 770//316 1566//316 1569//316
f 48//317 50//317 849//317
f 48//317 849//317 847//317
f 289//318 305//318 1104//318
f 289//318 1104//318 1088//318
f 721//319 718//319 1517//319
f 721//319 1517//319 1520//319
f 437//320 434//320 1233//320
f 437//320 1233//320 1236//320
f 70//321 71//321 870//321
f 70//321 870//321 869//321
f 355//322 358//322 1157//322
f 355//322 1157//322 1154//322
f 396//323 395//323 1194//323
f 396//323 1194//323 1195//323
f 94//324 96//324 895//324
f 94//324 895//324 893//324
f 345//325 344//325 1143//325
f 345//325 1143//325 1144//325
f 430//326 433//326 1232//326
f 430//326 1232//326 1229//326
f 117//327 118//327 917//327
f 117//328 917//328 916//328
f 242//329 244//329 1043//329
f 242//330 1043//330 1041//330
f 754//331 756//331 1555//331
f 754//331 1555//331 1553//331
f 135//332 136//332 935//332
f 135//332 935//332 934//332
f 270//333 272//333 1071//333
f 270//333 1071//333 1069//333
f 778//334 780//334 1579//334
f 778//334 1579//334 1577//334
f 153//335 154//335 953//335
f 153//335 953//335 952//335
f 299//336 301//336 1100//336
f 299//337 1100//337 1098//337
f 747//338 746//338 1545//338
f 747//338 1545//338 1546//338
f 180//339 182//339 981//339
f 180//339 981//339 979//339
f 317//340 315//340 1114//340
f 317//341 1114//341 1116//341
f 679//342 677//342 1476//342
f 679//342 1476//342 1478//342
f 476//343 477//343 1276//343
f 476//343 1276//343 1275//343
f 276//344 274//344 1073//344
f 276//344 1073//344 1075//344
f 634//345 631//345 1430//345
f 634//345 1430//345 1433//345
f 714//346 712//346 1511//346
f 714//346 1511//346 1513//346
f 521//347 523//347 1322//347
f 521//347 1322//347 1320//347
f 232//348 231//348 1030//348
f 232//348 1030//348 1031//348
f 594//349 591//349 1390//349
f 594//349 1390//349 1393//349
f 496//350 494//350 1293//350
f 496//350 1293//350 1295//350
f 214//351 213//351 1012//351
f 214//351 1012//351 1013//351
f 573//352 574//352 1373//352
f 573//352 1373//352 1372//352
f 536//353 537//353 1336//353
f 536//353 1336//353 1335//353
f 196//354 195//354 994//354
f 196//354 994//354 995//354
f 600//355 601//355 1400//355
f 600//355 1400//355 1399//355
f 558//356 559//356 1358//356
f 558//356 1358//356 1357//356
f 172//357 169//357 968//357
f 172//357 968//357 971//357
f 773//358 770//358 1569//358
f 773//358 1569//358 1572//358
f 525//359 524//359 1323//359
f 525//359 1323//359 1324//359
f 79//360 72//360 871//360
f 79//360 871//360 878//360
f 443//361 435//361 1234//361
f 443//361 1234//361 1242//361
f 15//362 12//362 811//362
f 15//362 811//362 814//362
f 670//363 672//363 1471//363
f 670//363 1471//363 1469//363
f 17//364 19//364 818//364
f 17//364 818//364 816//364
f 699//365 701//365 1500//365
f 699//365 1500//365 1498//365
f 390//366 391//366 1190//366
f 390//367 1190//367 1189//367
f 100//368 97//368 896//368
f 100//368 896//368 899//368
f 742//369 743//369 1542//369
f 742//370 1542//370 1541//370
f 691//371 689//371 1488//371
f 691//371 1488//371 1490//371
f 445//372 442//372 1241//372
f 445//372 1241//372 1244//372
f 722//373 721//373 1520//373
f 722//373 1520//373 1521//373
f 305//374 324//374 1123//374
f 305//374 1123//374 1104//374
f 52//375 55//375 854//375
f 52//375 854//375 851//375
f 786//38 785//38 1585//38
f 786//38 1585//38 1584//38
f 358//376 361//376 1160//376
f 358//376 1160//376 1157//376
f 74//377 75//377 874//377
f 74//377 874//377 873//377
f 422//378 425//378 1224//378
f 422//378 1224//378 1221//378
f 344//379 343//379 1142//379
f 344//380 1142//380 1143//380
f 99//381 102//381 901//381
f 99//381 901//381 898//381
f 128//382 130//382 929//382
f 128//382 929//382 927//382
f 244//383 246//383 1045//383
f 244//384 1045//384 1043//384
f 120//385 121//385 920//385
f 120//385 920//385 919//385
f 774//386 775//386 1574//386
f 774//386 1574//386 1573//386
f 272//387 273//387 1072//387
f 272//388 1072//388 1071//388
f 138//389 139//389 938//389
f 138//389 938//389 937//389
f 755//390 752//390 1551//390
f 755//390 1551//390 1554//390
f 301//391 302//391 1101//391
f 301//392 1101//392 1100//392
f 157//393 158//393 957//393
f 157//393 957//393 956//393
f 187//394 191//394 990//394
f 187//394 990//394 986//394
f 643//395 640//395 1439//395
f 643//396 1439//396 1442//396
f 274//397 271//397 1070//397
f 274//397 1070//397 1073//397
f 486//398 489//398 1288//398
f 486//398 1288//398 1285//398
f 627//399 630//399 1429//399
f 627//400 1429//400 1426//400
f 602//401 599//401 1398//401
f 602//401 1398//401 1401//401
f 231//402 230//402 1029//402
f 231//403 1029//403 1030//403
f 520//404 518//404 1317//404
f 520//404 1317//404 1319//404
f 567//405 569//405 1368//405
f 567//405 1368//405 1367//405
f 213//406 212//406 1011//406
f 213//406 1011//406 1012//406
f 490//407 488//407 1287//407
f 490//407 1287//407 1289//407
f 595//408 596//408 1395//408
f 595//408 1395//408 1394//408
f 195//409 194//409 993//409
f 195//410 993//410 994//410
f 540//411 541//411 1340//411
f 540//411 1340//411 1339//411
f 708//412 655//412 1454//412
f 708//412 1454//412 1507//412
f 613//413 616//413 1415//413
f 613//414 1415//414 1412//414
f 169//415 167//415 966//415
f 169//415 966//415 968//415
f 560//416 556//416 1355//416
f 560//416 1355//416 1359//416
f 642//417 641//417 1440//417
f 642//417 1440//417 1441//417
f 72//418 61//418 860//418
f 72//418 860//418 871//418
f 665//419 667//419 1466//419
f 665//419 1466//419 1464//419
f 12//420 9//420 808//420
f 12//420 808//420 811//420
f 417//421 398//421 1197//421
f 417//421 1197//421 1216//421
f 695//422 696//422 1495//422
f 695//422 1495//422 1494//422
f 551//423 552//423 1351//423
f 551//423 1351//423 1350//423
f 19//424 20//424 819//424
f 19//424 819//424 818//424
f 367//425 366//425 1166//425
f 367//425 1166//425 1165//425
f 732//426 735//426 1534//426
f 732//426 1534//426 1531//426
f 97//427 95//427 894//427
f 97//427 894//427 896//427
f 397//428 413//428 1212//428
f 397//428 1212//428 1196//428
f 724//429 722//429 1521//429
f 724//429 1521//429 1523//429
f 53//430 52//430 851//430
f 53//430 851//430 852//430
f 324//431 325//431 1124//431
f 324//431 1124//431 1123//431
f 730//432 728//432 1527//432
f 730//432 1527//432 1529//432
f 219//433 227//433 1026//433
f 219//433 1026//433 1018//433
f 425//434 428//434 1227//434
f 425//434 1227//434 1224//434
f 98//435 99//435 898//435
f 98//435 898//435 897//435
f 343//436 341//436 1140//436
f 343//436 1140//436 1142//436
f 751//437 753//437 1552//437
f 751//437 1552//437 1550//437
f 119//438 120//438 919//438
f 119//438 919//438 918//438
f 246//439 247//439 1046//439
f 246//439 1046//439 1045//439
f 775//440 777//440 1576//440
f 775//440 1576//440 1574//440
f 137//441 138//441 937//441
f 137//441 937//441 936//441
f 273//442 275//442 1074//442
f 273//442 1074//442 1072//442
f 155//443 157//443 956//443
f 155//443 956//443 954//443
f 302//444 304//444 1103//444
f 302//445 1103//445 1101//445
f 677//446 675//446 1474//446
f 677//446 1474//446 1476//446
f 683//447 681//447 1480//447
f 683//447 1480//447 1482//447
f 185//448 187//448 986//448
f 185//448 986//448 984//448
f 752//449 748//449 1547//449
f 752//449 1547//449 1551//449
f 306//450 303//450 1102//450
f 306//450 1102//450 1105//450
f 640//451 637//451 1436//451
f 640//451 1436//451 1439//451
f 482//452 486//452 1285//452
f 482//452 1285//452 1281//452
f 271//453 268//453 1067//453
f 271//453 1067//453 1070//453
f 237//38 236//38 1036//38
f 237//38 1036//38 1035//38
f 599//454 597//454 1396//454
f 599//454 1396//454 1398//454
f 522//455 520//455 1319//455
f 522//455 1319//455 1321//455
f 230//456 229//456 1028//456
f 230//456 1028//456 1029//456
f 431//457 429//457 1228//457
f 431//457 1228//457 1230//457
f 744//458 749//458 1548//458
f 744//458 1548//458 1543//458
f 569//459 571//459 1370//459
f 569//460 1370//460 1368//460
f 491//461 490//461 1289//461
f 491//461 1289//461 1290//461
f 212//462 211//462 1010//462
f 212//462 1010//462 1011//462
f 369//463 365//463 1164//463
f 369//463 1164//463 1168//463
f 539//464 540//464 1339//464
f 539//464 1339//464 1338//464
f 194//465 193//465 992//465
f 194//466 992//466 993//466
f 616//467 618//467 1417//467
f 616//468 1417//468 1415//468
f 531//469 529//469 1328//469
f 531//469 1328//469 1330//469
f 167//470 165//470 964//470
f 167//470 964//470 966//470
f 512//471 501//471 1300//471
f 512//471 1300//471 1311//471
f 61//472 59//472 858//472
f 61//472 858//472 860//472
f 667//473 668//473 1467//473
f 667//473 1467//473 1466//473
f 427//474 417//474 1216//474
f 427//474 1216//474 1226//474
f 9//475 6//475 805//475
f 9//475 805//475 808//475
f 696//476 698//476 1497//476
f 696//476 1497//476 1495//476
f 365//477 367//477 1165//477
f 365//477 1165//477 1164//477
f 20//478 22//478 821//478
f 20//478 821//478 819//478
f 145//479 146//479 945//479
f 145//479 945//479 944//479
f 735//480 738//480 1537//480
f 735//480 1537//480 1534//480
f 393//481 397//481 1196//481
f 393//481 1196//481 1192//481
f 95//482 92//482 891//482
f 95//482 891//482 894//482
f 428//483 430//483 1229//483
f 428//483 1229//483 1227//483
f 325//484 326//484 1125//484
f 325//484 1125//484 1124//484
f 712//485 711//485 1510//485
f 712//486 1510//486 1511//486
f 607//487 611//487 1410//487
f 607//487 1410//487 1406//487
f 364//488 363//488 1162//488
f 364//488 1162//488 1163//488
f 76//489 77//489 876//489
f 76//489 876//489 875//489
f 400//490 402//490 1201//490
f 400//490 1201//490 1199//490
f 796//13 792//13 1591//13
f 796//13 1591//13 1595//13
f 341//491 340//491 1139//491
f 341//491 1139//491 1140//491
f 104//492 105//492 904//492
f 104//492 904//492 903//492
f 438//493 441//493 1240//493
f 438//493 1240//493 1237//493
f 247//494 249//494 1048//494
f 247//494 1048//494 1046//494
f 123//495 124//495 923//495
f 123//495 923//495 922//495
f 759//496 760//496 1559//496
f 759//496 1559//496 1558//496
f 312//497 310//497 1109//497
f 312//497 1109//497 1111//497
f 275//498 277//498 1076//498
f 275//498 1076//498 1074//498
f 141//499 142//499 941//499
f 141//499 941//499 940//499
f 783//500 782//500 1581//500
f 783//500 1581//500 1582//500
f 444//501 447//501 1246//501
f 444//501 1246//501 1243//501
f 304//502 307//502 1106//502
f 304//502 1106//502 1103//502
f 160//503 161//503 960//503
f 160//504 960//504 959//504
f 333//505 331//505 1130//505
f 333//505 1130//505 1132//505
f 310//506 308//506 1107//506
f 310//506 1107//506 1109//506
f 197//507 208//507 1007//507
f 197//507 1007//507 996//507
f 673//508 671//508 1470//508
f 673//508 1470//508 1472//508
f 429//509 426//509 1225//509
f 429//509 1225//509 1228//509
f 268//510 265//510 1064//510
f 268//510 1064//510 1067//510
f 493//511 495//511 1294//511
f 493//511 1294//511 1292//511
f 626//512 623//512 1422//512
f 626//512 1422//512 1425//512
f 549//513 545//513 1344//513
f 549//513 1344//513 1348//513
f 229//514 228//514 1027//514
f 229//515 1027//515 1028//515
f 517//516 515//516 1314//516
f 517//516 1314//516 1316//516
f 587//517 584//517 1383//517
f 587//517 1383//517 1386//517
f 211//518 210//518 1009//518
f 211//518 1009//518 1010//518
f 487//519 485//519 1284//519
f 487//519 1284//519 1286//519
f 578//520 580//520 1379//520
f 578//520 1379//520 1377//520
f 193//521 192//521 991//521
f 193//521 991//521 992//521
f 543//522 544//522 1343//522
f 543//522 1343//522 1342//522
f 605//523 562//523 1361//523
f 605//524 1361//524 1404//524
f 165//525 162//525 961//525
f 165//525 961//525 964//525
f 553//526 549//526 1348//526
f 553//526 1348//526 1352//526
f 59//527 56//527 855//527
f 59//527 855//527 858//527
f 484//528 475//528 1274//528
f 484//528 1274//528 1283//528
f 649//529 650//529 1449//529
f 649//529 1449//529 1448//529
f 674//530 676//530 1475//530
f 674//530 1475//530 1473//530
f 6//531 1//531 800//531
f 6//531 800//531 805//531
f 394//532 392//532 1191//532
f 394//532 1191//532 1193//532
f 676//533 678//533 1477//533
f 676//533 1477//533 1475//533
f 22//534 23//534 822//534
f 22//534 822//534 821//534
f 368//535 370//535 1169//535
f 368//535 1169//535 1167//535
f 704//536 705//536 1504//536
f 704//536 1504//536 1503//536
f 92//537 90//537 889//537
f 92//537 889//537 891//537
f 424//538 432//538 1231//538
f 424//538 1231//538 1223//538
f 739//539 737//539 1536//539
f 739//540 1536//540 1538//540
f 55//541 58//541 857//541
f 55//541 857//541 854//541
f 326//542 327//542 1126//542
f 326//542 1126//542 1125//542
f 75//543 76//543 875//543
f 75//543 875//543 874//543
f 363//544 362//544 1161//544
f 363//545 1161//545 1162//545
f 797//171 796//171 1595//171
f 797//171 1595//171 1596//171
f 402//546 404//546 1203//546
f 402//546 1203//546 1201//546
f 762//547 763//547 1562//547
f 762//547 1562//547 1561//547
f 102//548 104//548 903//548
f 102//549 903//549 901//549
f 340//550 338//550 1137//550
f 340//550 1137//550 1139//550
f 441//551 444//551 1243//551
f 441//551 1243//551 1240//551
f 121//552 123//552 922//552
f 121//553 922//553 920//553
f 249//554 251//554 1050//554
f 249//555 1050//555 1048//555
f 760//556 762//556 1561//556
f 760//556 1561//556 1559//556
f 678//557 680//557 1479//557
f 678//557 1479//557 1477//557
f 749//558 751//558 1550//558
f 749//558 1550//558 1548//558
f 139//559 141//559 940//559
f 139//559 940//559 938//559
f 277//560 279//560 1078//560
f 277//560 1078//560 1076//560
f 782//561 779//561 1578//561
f 782//561 1578//561 1581//561
f 158//562 160//562 959//562
f 158//563 959//563 957//563
f 307//564 309//564 1108//564
f 307//564 1108//564 1106//564
f 799//13 797//13 1596//13
f 799//13 1596//13 1598//13
f 191//565 197//565 996//565
f 191//565 996//565 990//565
f 671//566 669//566 1468//566
f 671//566 1468//566 1470//566
f 489//567 493//567 1292//567
f 489//567 1292//567 1288//567
f 265//568 262//568 1061//568
f 265//568 1061//568 1064//568
f 623//569 621//569 1420//569
f 623//569 1420//569 1422//569
f 518//570 517//570 1316//570
f 518//570 1316//570 1317//570
f 228//571 226//571 1025//571
f 228//571 1025//571 1027//571
f 584//572 582//572 1381//572
f 584//572 1381//572 1383//572
f 488//573 487//573 1286//573
f 488//573 1286//573 1287//573
f 210//574 209//574 1008//574
f 210//575 1008//575 1009//575
f 580//576 581//576 1380//576
f 580//576 1380//576 1379//576
f 541//105 543//105 1342//105
f 541//105 1342//105 1340//105
f 192//577 190//577 989//577
f 192//577 989//577 991//577
f 562//171 564//171 1362//171
f 562//171 1362//171 1361//171
f 556//578 553//578 1352//578
f 556//578 1352//578 1355//578
f 162//579 159//579 958//579
f 162//579 958//579 961//579
f 56//580 54//580 853//580
f 56//580 853//580 855//580
f 650//581 651//581 1450//581
f 650//581 1450//581 1449//581
f 398//582 394//582 1193//582
f 398//582 1193//582 1197//582
f 1//583 3//583 801//583
f 1//583 801//583 800//583
f 366//584 368//584 1167//584
f 366//584 1167//584 1166//584
f 23//585 25//585 824//585
f 23//585 824//585 822//585
f 705//586 706//586 1505//586
f 705//586 1505//586 1504//586
f 280//587 276//587 1075//587
f 280//587 1075//587 1079//587
f 413//588 424//588 1223//588
f 413//588 1223//588 1212//588
f 90//589 88//589 887//589
f 90//589 887//589 889//589
f 737//590 736//590 1535//590
f 737//590 1535//590 1536//590
f 687//591 685//591 1484//591
f 687//591 1484//591 1486//591
f 763//592 765//592 1564//592
f 763//593 1564//593 1562//593
f 434//594 431//594 1230//594
f 434//594 1230//594 1233//594
f 715//595 714//595 1513//595
f 715//595 1513//595 1514//595
f 327//596 328//596 1127//596
f 327//596 1127//596 1126//596
f 60//597 63//597 862//597
f 60//597 862//597 859//597
f 596//598 598//598 1397//598
f 596//598 1397//598 1395//598
f 362//599 360//599 1159//599
f 362//599 1159//599 1161//599
f 78//600 80//600 879//600
f 78//601 879//601 877//601
f 380//602 382//602 1181//602
f 380//602 1181//602 1179//602
f 433//603 436//603 1235//603
f 433//603 1235//603 1232//603
f 338//604 337//604 1136//604
f 338//604 1136//604 1137//604
f 106//605 107//605 906//605
f 106//605 906//605 905//605
f 756//606 757//606 1556//606
f 756//606 1556//606 1555//606
f 251//607 252//607 1051//607
f 251//607 1051//607 1050//607
f 125//608 126//608 925//608
f 125//608 925//608 924//608
f 780//609 781//609 1580//609
f 780//609 1580//609 1579//609
f 279//610 281//610 1080//610
f 279//610 1080//610 1078//610
f 143//611 144//611 943//611
f 143//611 943//611 942//611
f 746//612 745//612 1544//612
f 746//612 1544//612 1545//612
f 309//613 311//613 1110//613
f 309//613 1110//613 1108//613
f 163//614 164//614 963//614
f 163//614 963//614 962//614
f 631//615 628//615 1427//615
f 631//616 1427//616 1430//616
f 262//617 259//617 1058//617
f 262//617 1058//617 1061//617
f 113//618 114//618 913//618
f 113//618 913//618 912//618
f 591//619 589//619 1388//619
f 591//619 1388//619 1390//619
f 690//620 692//620 1491//620
f 690//620 1491//620 1489//620
f 226//621 225//621 1024//621
f 226//621 1024//621 1025//621
f 513//622 510//622 1309//622
f 513//622 1309//622 1312//622
f 574//623 576//623 1375//623
f 574//623 1375//623 1373//623
f 209//624 207//624 1006//624
f 209//624 1006//624 1008//624
f 483//625 478//625 1277//625
f 483//625 1277//625 1282//625
f 601//626 603//626 1402//626
f 601//627 1402//627 1400//627
f 190//628 189//628 988//628
f 190//628 988//628 989//628
f 546//629 547//629 1346//629
f 546//629 1346//629 1345//629
f 719//630 707//630 1506//630
f 719//630 1506//630 1518//630
f 622//631 625//631 1424//631
f 622//632 1424//632 1421//632
f 159//633 156//633 955//633
f 159//633 955//633 958//633
f 545//634 542//634 1341//634
f 545//634 1341//634 1344//634
f 604//635 602//635 1401//635
f 604//635 1401//635 1403//635
f 647//636 648//636 1447//636
f 647//636 1447//636 1446//636
f 54//637 51//637 850//637
f 54//637 850//637 853//637
f 472//638 469//638 1268//638
f 472//638 1268//638 1271//638
f 672//639 674//639 1473//639
f 672//639 1473//639 1471//639
f 3//640 2//640 802//640
f 3//640 802//640 801//640
f 389//641 387//641 1186//641
f 389//641 1186//641 1188//641
f 701//642 702//642 1501//642
f 701//642 1501//642 1500//642
f 25//643 26//643 825//643
f 25//643 825//643 824//643
f 372//644 374//644 1173//644
f 372//644 1173//644 1171//644
f 743//645 741//645 1540//645
f 743//646 1540//646 1542//646
f 88//469 86//469 885//469
f 88//469 885//469 887//469
f 440//647 446//647 1245//647
f 440//647 1245//647 1239//647
f 57//648 60//648 859//648
f 57//649 859//649 856//649
f 328//650 329//650 1128//650
f 328//650 1128//650 1127//650
f 399//651 400//651 1199//651
f 399//651 1199//651 1198//651
f 77//652 78//652 877//652
f 77//653 877//653 876//653
f 360//654 359//654 1158//654
f 360//654 1158//654 1159//654
f 436//655 438//655 1237//655
f 436//655 1237//655 1235//655
f 105//656 106//656 905//656
f 105//656 905//656 904//656
f 337//657 336//657 1135//657
f 337//657 1135//657 1136//657
f 757//658 759//658 1558//658
f 757//659 1558//659 1556//659
f 124//660 125//660 924//660
f 124//660 924//660 923//660
f 252//661 255//661 1054//661
f 252//661 1054//661 1051//661
f 781//662 783//662 1582//662
f 781//662 1582//662 1580//662
f 142//663 143//663 942//663
f 142//663 942//663 941//663
f 281//664 283//664 1082//664
f 281//664 1082//664 1080//664
f 641//665 645//665 1444//665
f 641//665 1444//665 1440//665
f 161//666 163//666 962//666
f 161//666 962//666 960//666
f 311//667 313//667 1112//667
f 311//667 1112//667 1110//667
f 208//668 219//668 1018//668
f 208//668 1018//668 1007//668
f 303//669 300//669 1099//669
f 303//669 1099//669 1102//669
f 628//670 626//670 1425//670
f 628//670 1425//670 1427//670
f 495//671 498//671 1297//671
f 495//671 1297//671 1294//671
f 259//672 256//672 1055//672
f 259//672 1055//672 1058//672
f 656//673 658//673 1457//673
f 656//673 1457//673 1455//673
f 589//674 587//674 1386//674
f 589//674 1386//674 1388//674
f 515//675 513//675 1312//675
f 515//675 1312//675 1314//675
f 225//676 224//676 1023//676
f 225//677 1023//677 1024//677
f 243//678 241//678 1040//678
f 243//679 1040//679 1042//679
f 576//680 578//680 1377//680
f 576//680 1377//680 1375//680
f 485//681 483//681 1282//681
f 485//681 1282//681 1284//681
f 207//682 206//682 1005//682
f 207//683 1005//683 1006//683
f 745//684 740//684 1539//684
f 745//685 1539//685 1544//685
f 603//686 605//686 1404//686
f 603//686 1404//686 1402//686
f 544//687 546//687 1345//687
f 544//688 1345//688 1343//688
f 189//689 188//689 987//689
f 189//689 987//689 988//689
f 625//690 624//690 1423//690
f 625//690 1423//690 1424//690
f 156//691 150//691 949//691
f 156//691 949//691 955//691
f 350//692 348//692 1147//692
f 350//692 1147//692 1149//692
f 648//693 649//693 1448//693
f 648//693 1448//693 1447//693
f 475//694 472//694 1271//694
f 475//694 1271//694 1274//694
f 51//695 49//695 848//695
f 51//695 848//695 850//695
f 392//696 389//696 1188//696
f 392//696 1188//696 1191//696
f 2//697 4//697 803//697
f 2//698 803//698 802//698
f 702//699 704//699 1503//699
f 702//699 1503//699 1501//699
f 370//700 372//700 1171//700
f 370//700 1171//700 1169//700
f 26//701 27//701 826//701
f 26//701 826//701 825//701
f 741//702 739//702 1538//702
f 741//703 1538//703 1540//703
f 432//704 440//704 1239//704
f 432//704 1239//704 1231//704
f 86//705 42//705 841//705
f 86//706 841//706 885//706
f 731//707 730//707 1529//707
f 731//707 1529//707 1530//707
f 175//708 178//708 977//708
f 175//708 977//708 974//708
f 329//709 330//709 1129//709
f 329//710 1129//710 1128//710
f 62//711 64//711 863//711
f 62//711 863//711 861//711
f 419//712 416//712 1215//712
f 419//712 1215//712 1218//712
f 791//13 788//13 1587//13
f 791//13 1587//13 1590//13
f 789//47 791//47 1590//47
f 789//47 1590//47 1589//47
f 359//713 357//713 1156//713
f 359//713 1156//713 1158//713
f 81//714 82//714 881//714
f 81//714 881//714 880//714
f 408//715 410//715 1209//715
f 408//715 1209//715 1207//715
f 784//171 786//171 1584//171
f 784//171 1584//171 1583//171
f 73//716 74//716 873//716
f 73//716 873//716 872//716
f 336//717 334//717 1133//717
f 336//718 1133//718 1135//718
f 108//719 110//719 909//719
f 108//719 909//719 907//719
f 450//720 452//720 1251//720
f 450//720 1251//720 1249//720
f 33//721 34//721 833//721
f 33//721 833//721 832//721
f 127//722 128//722 927//722
f 127//722 927//722 926//722
f 765//723 766//723 1565//723
f 765//724 1565//724 1564//724
f 726//335 729//335 1528//335
f 726//335 1528//335 1525//335
f 313//725 314//725 1113//725
f 313//726 1113//726 1112//726
f 166//727 168//727 967//727
f 166//727 967//727 965//727
f 700//728 697//728 1496//728
f 700//728 1496//728 1499//728
f 300//729 298//729 1097//729
f 300//730 1097//730 1099//730
f 466//731 467//731 1266//731
f 466//731 1266//731 1265//731
f 664//732 662//732 1461//732
f 664//732 1461//732 1463//732
f 256//733 254//733 1053//733
f 256//733 1053//733 1055//733
f 504//734 506//734 1305//734
f 504//734 1305//734 1303//734
f 617//735 615//735 1414//735
f 617//735 1414//735 1416//735
f 740//736 719//736 1518//736
f 740//736 1518//736 1539//736
f 224//737 223//737 1022//737
f 224//738 1022//738 1023//738
f 509//739 507//739 1306//739
f 509//739 1306//739 1308//739
f 577//740 575//740 1374//740
f 577//740 1374//740 1376//740
f 206//741 205//741 1004//741
f 206//742 1004//742 1005//742
f 480//38 479//38 1279//38
f 480//38 1279//38 1278//38
f 371//743 369//743 1168//743
f 371//743 1168//743 1170//743
f 188//744 186//744 985//744
f 188//744 985//744 987//744
f 548//745 550//745 1349//745
f 548//745 1349//745 1347//745
f 655//171 609//171 1408//171
f 655//171 1408//171 1454//171
f 150//746 140//746 939//746
f 150//746 939//746 949//746
f 538//747 535//747 1334//747
f 538//747 1334//747 1337//747
f 633//748 632//748 1431//748
f 633//748 1431//748 1432//748
f 49//749 47//749 846//749
f 49//749 846//749 848//749
f 465//750 464//750 1263//750
f 465//750 1263//750 1264//750
f 654//751 656//751 1455//751
f 654//751 1455//751 1453//751
f 4//752 5//752 804//752
f 4//752 804//752 803//752
f 385//753 383//753 1182//753
f 385//753 1182//753 1184//753
f 684//754 686//754 1485//754
f 684//754 1485//754 1483//754
f 27//755 29//755 828//755
f 27//755 828//755 826//755
f 376//756 378//756 1177//756
f 376//756 1177//756 1175//756
f 713//757 716//757 1515//757
f 713//758 1515//758 1512//758
f 42//759 41//759 840//759
f 42//759 840//759 841//759
f 453//760 458//760 1257//760
f 453//760 1257//760 1252//760
f 733//761 731//761 1530//761
f 733//762 1530//762 1532//762
f 63//763 62//763 861//763
f 63//763 861//763 862//763
f 330//764 332//764 1131//764
f 330//764 1131//764 1129//764
f 416//765 414//765 1213//765
f 416//766 1213//766 1215//766
f 750//171 744//171 1543//171
f 750//171 1543//171 1549//171
f 727//767 725//767 1524//767
f 727//767 1524//767 1526//767
f 795//13 798//13 1597//13
f 795//13 1597//13 1594//13
f 80//768 81//768 880//768
f 80//768 880//768 879//768
f 357//769 356//769 1155//769
f 357//769 1155//769 1156//769
f 410//770 412//770 1211//770
f 410//771 1211//771 1209//771
f 107//772 108//772 907//772
f 107//772 907//772 906//772
f 334//773 333//773 1132//773
f 334//773 1132//773 1133//773
f 793//47 795//47 1594//47
f 793//47 1594//47 1593//47
f 618//774 620//774 1419//774
f 618//774 1419//774 1417//774
f 126//775 127//775 926//775
f 126//775 926//775 925//775
f 257//776 258//776 1057//776
f 257//777 1057//777 1056//777
f 766//778 768//778 1567//778
f 766//778 1567//778 1565//778
f 144//779 145//779 944//779
f 144//779 944//779 943//779
f 284//780 286//780 1085//780
f 284//780 1085//780 1083//780
f 164//781 166//781 965//781
f 164//781 965//781 963//781
f 314//782 316//782 1115//782
f 314//782 1115//782 1113//782
f 697//783 694//783 1493//783
f 697//783 1493//783 1496//783
f 652//784 646//784 1445//784
f 652//784 1445//784 1451//784
f 462//13 466//13 1265//13
f 462//13 1265//13 1261//13
f 298//785 296//785 1095//785
f 298//785 1095//785 1097//785
f 662//786 659//786 1458//786
f 662//786 1458//786 1461//786
f 500//787 504//787 1303//787
f 500//787 1303//787 1299//787
f 254//788 250//788 1049//788
f 254//788 1049//788 1053//788
f 615//789 612//789 1411//789
f 615//789 1411//789 1414//789
f 426//790 423//790 1222//790
f 426//791 1222//791 1225//791
f 510//792 509//792 1308//792
f 510//792 1308//792 1309//792
f 223//436 222//436 1021//436
f 223//436 1021//436 1022//436
f 575//793 572//793 1371//793
f 575//794 1371//794 1374//794
f 478//795 480//795 1278//795
f 478//795 1278//795 1277//795
f 205//796 204//796 1003//796
f 205//796 1003//796 1004//796
f 586//797 588//797 1387//797
f 586//797 1387//797 1385//797
f 547//798 548//798 1347//798
f 547//798 1347//798 1346//798
f 186//799 184//799 983//799
f 186//799 983//799 985//799
f 609//800 608//800 1407//800
f 609//801 1407//801 1408//801
f 542//802 538//802 1337//802
f 542//802 1337//802 1341//802
f 140//803 129//803 928//803
f 140//803 928//803 939//803
f 632//804 636//804 1435//804
f 632//805 1435//805 1431//805
f 469//806 465//806 1264//806
f 469//806 1264//806 1268//806
f 47//807 44//807 843//807
f 47//807 843//807 846//807
f 387//808 385//808 1184//808
f 387//808 1184//808 1186//808
f 5//809 7//809 806//809
f 5//809 806//809 804//809
f 686//810 688//810 1487//810
f 686//810 1487//810 1485//810
f 374//811 376//811 1175//811
f 374//811 1175//811 1173//811
f 29//812 30//812 829//812
f 29//812 829//812 828//812
f 716//813 720//813 1519//813
f 716//813 1519//813 1515//813
f 446//814 453//814 1252//814
f 446//814 1252//814 1245//814
f 41//815 40//815 839//815
f 41//816 839//816 840//816
f 460//47 462//47 1261//47
f 460//47 1261//47 1259//47
f 39//817 38//817 837//817
f 39//817 837//817 838//817
f 581//818 583//818 1382//818
f 581//818 1382//818 1380//818
f 423//819 421//819 1220//819
f 423//819 1220//819 1222//819
f 710//820 708//820 1507//820
f 710//820 1507//820 1509//820
f 332//821 335//821 1134//821
f 332//821 1134//821 1131//821
f 65//822 66//822 865//822
f 65//822 865//822 864//822
f 404//823 406//823 1205//823
f 404//823 1205//823 1203//823
f 794//38 793//38 1593//38
f 794//38 1593//38 1592//38
f 356//824 354//824 1153//824
f 356//824 1153//824 1155//824
f 83//825 84//825 883//825
f 83//825 883//825 882//825
f 111//826 112//826 911//826
f 111//826 911//826 910//826
f 258//827 260//827 1059//827
f 258//827 1059//827 1057//827
f 130//828 131//828 930//828
f 130//828 930//828 929//828
f 779//829 776//829 1575//829
f 779//829 1575//829 1578//829
f 286//830 288//830 1087//830
f 286//830 1087//830 1085//830
f 147//831 148//831 947//831
f 147//832 947//832 946//832
f 707//833 703//833 1502//833
f 707//833 1502//833 1506//833
f 316//834 318//834 1117//834
f 316//834 1117//834 1115//834
f 170//835 171//835 970//835
f 170//835 970//835 969//835
f 669//836 666//836 1465//836
f 669//836 1465//836 1468//836
f 296//837 293//837 1092//837
f 296//838 1092//838 1095//838
f 468//839 470//839 1269//839
f 468//839 1269//839 1267//839
f 621//840 619//840 1418//840
f 621//840 1418//840 1420//840
f 250//841 248//841 1047//841
f 250//841 1047//841 1049//841
f 508//842 511//842 1310//842
f 508//842 1310//842 1307//842
f 524//843 512//843 1311//843
f 524//843 1311//843 1323//843
f 582//844 579//844 1378//844
f 582//845 1378//845 1381//845
f 222//846 221//846 1020//846
f 222//846 1020//846 1021//846
f 505//847 503//847 1302//847
f 505//847 1302//847 1304//847
f 204//848 203//848 1002//848
f 204//848 1002//848 1003//848
f 481//849 530//849 1329//849
f 481//849 1329//849 1280//849
f 564//38 563//38 1363//38
f 564//38 1363//38 1362//38
f 184//850 183//850 982//850
f 184//850 982//850 983//850
f 630//851 629//851 1428//851
f 630//851 1428//851 1429//851
f 129//852 122//852 921//852
f 129//852 921//852 928//852
f 44//853 35//853 834//853
f 44//854 834//854 843//854
f 463//855 461//855 1260//855
f 463//855 1260//855 1262//855
f 680//856 682//856 1481//856
f 680//856 1481//856 1479//856
f 7//857 8//857 807//857
f 7//857 807//857 806//857
f 381//858 379//858 1178//858
f 381//858 1178//858 1180//858
f 30//859 32//859 831//859
f 30//859 831//859 829//859
f 40//860 39//860 838//860
f 40//860 838//860 839//860
f 711//861 710//861 1509//861
f 711//861 1509//861 1510//861
f 421//862 419//862 1218//862
f 421//862 1218//862 1220//862
f 64//863 65//863 864//863
f 64//863 864//863 863//863
f 335//864 339//864 1138//864
f 335//864 1138//864 1134//864
f 255//865 257//865 1056//865
f 255//865 1056//865 1054//865
f 405//866 403//866 1202//866
f 405//866 1202//866 1204//866
f 792//171 794//171 1592//171
f 792//171 1592//171 1591//171
f 406//867 408//867 1207//867
f 406//868 1207//868 1205//868
f 82//869 83//869 882//869
f 82//869 882//869 881//869
f 354//870 353//870 1152//870
f 354//870 1152//870 1153//870
f 447//871 450//871 1249//871
f 447//871 1249//871 1246//871
f 110//872 111//872 910//872
f 110//873 910//873 909//873
f 331//874 235//874 1034//874
f 331//874 1034//874 1130//874
f 492//875 484//875 1283//875
f 492//875 1283//875 1291//875
f 736//876 734//876 1533//876
f 736//876 1533//876 1535//876
f 776//877 773//877 1572//877
f 776//877 1572//877 1575//877
f 146//878 147//878 946//878
f 146//879 946//879 945//879
f 288//880 290//880 1089//880
f 288//880 1089//880 1087//880
f 703//881 700//881 1499//881
f 703//881 1499//881 1502//881
f 168//882 170//882 969//882
f 168//882 969//882 967//882
f 318//883 320//883 1119//883
f 318//883 1119//883 1117//883
f 666//884 664//884 1463//884
f 666//884 1463//884 1465//884
f 467//885 468//885 1267//885
f 467//885 1267//885 1266//885
f 293//886 291//886 1090//886
f 293//886 1090//886 1092//886
f 619//887 617//887 1416//887
f 619//887 1416//887 1418//887
f 506//888 508//888 1307//888
f 506//888 1307//888 1305//888
f 248//889 245//889 1044//889
f 248//889 1044//889 1047//889
f 717//890 715//890 1514//890
f 717//890 1514//890 1516//890
f 579//891 577//891 1376//891
f 579//891 1376//891 1378//891
f 507//892 505//892 1304//892
f 507//892 1304//892 1306//892
f 221//893 220//893 1019//893
f 221//893 1019//893 1020//893
f 583//894 585//894 1384//894
f 583//894 1384//894 1382//894
f 479//47 481//47 1280//47
f 479//47 1280//47 1279//47
f 203//895 202//895 1001//895
f 203//895 1001//895 1002//895
f 698//896 699//896 1498//896
f 698//896 1498//896 1497//896
f 550//897 551//897 1350//897
f 550//897 1350//897 1349//897
f 183//898 181//898 980//898
f 183//898 980//898 982//898
f 629//899 633//899 1432//899
f 629//899 1432//899 1428//899
f 535//900 531//900 1330//900
f 535//900 1330//900 1334//900
f 122//901 115//901 914//901
f 122//901 914//901 921//901
f 653//902 654//902 1453//902
f 653//902 1453//902 1452//902
f 464//903 463//903 1262//903
f 464//903 1262//903 1263//903
f 35//904 31//904 830//904
f 35//904 830//904 834//904
f 682//905 684//905 1483//905
f 682//905 1483//905 1481//905
f 383//906 381//906 1180//906
f 383//906 1180//906 1182//906
f 8//907 10//907 809//907
f 8//907 809//907 807//907
f 283//908 284//908 1083//908
f 283//908 1083//908 1082//908
f 709//909 713//909 1512//909
f 709//909 1512//909 1508//909
f 378//910 380//910 1179//910
f 378//910 1179//910 1177//910
f 32//911 33//911 832//911
f 32//912 832//912 831//912
f 734//913 733//913 1532//913
f 734//913 1532//913 1533//913
f 458//914 460//914 1259//914
f 458//914 1259//914 1257//914
f 1599//1 1600//1 1601//1
f 1602//915 1603//915 1604//915
f 1605//916 1604//916 1603//916
f 1606//917 1607//917 1608//917
f 1607//917 1609//917 1608//917
f 1610//918 1611//918 1612//918
f 1607//919 1613//919 1614//919
f 1607//920 1614//920 1609//920
f 1615//921 1612//921 1616//921
f 1607//922 1606//922 1613//922
f 1617//923 1618//923 1619//923
f 1617//923 1620//923 1618//923
f 1621//923 1619//923 1618//923
f 1622//921 1616//921 1612//921
f 1623//924 1624//924 1625//924
f 1626//925 1627//925 1628//925
f 1629//926 1628//926 1627//926
f 1612//918 1611//918 1622//918
f 1630//925 1631//925 1627//925
f 1629//925 1627//925 1631//925
f 1632//927 1625//927 1633//927
f 1622//928 1634//928 1616//928
f 1635//929 1636//929 1628//929
f 1625//930 1632//930 1623//930
f 1637//931 1638//931 1639//931
f 1640//928 1634//928 1622//928
f 1641//932 1642//932 1643//932
f 1644//933 1645//933 1646//933
f 1647//934 1648//934 1642//934
f 1648//935 1643//935 1642//935
f 1649//936 1630//936 1650//936
f 1631//937 1630//937 1649//937
f 1651//937 1652//937 1630//937
f 1640//918 1611//918 1644//918
f 1650//937 1630//937 1652//937
f 1653//143 1654//143 1655//143
f 1656//932 1602//932 1643//932
f 1640//938 1644//938 1634//938
f 1646//939 1657//939 1644//939
f 1657//940 1634//940 1644//940
f 1658//941 1659//941 1649//941
f 1641//932 1643//932 1660//932
f 1603//942 1602//942 1656//942
f 1631//941 1649//941 1661//941
f 1662//943 1663//943 1664//943
f 1646//933 1645//933 1665//933
f 1660//932 1643//932 1602//932
f 1629//944 1666//944 1628//944
f 1657//945 1646//945 1667//945
f 1650//946 1658//946 1649//946
f 1665//945 1667//945 1646//945
f 1651//947 1668//947 1669//947
f 1651//937 1669//937 1652//937
f 1667//948 1665//948 1670//948
f 1671//943 1633//943 1672//943
f 1673//943 1674//943 1672//943
f 1673//943 1664//943 1674//943
f 1671//949 1675//949 1633//949
f 1676//937 1651//937 1677//937
f 1676//937 1668//937 1651//937
f 1665//948 1678//948 1670//948
f 1679//950 1680//950 1681//950
f 1682//951 1683//951 1643//951
f 1681//952 1624//952 1679//952
f 1684//952 1679//952 1624//952
f 1623//952 1684//952 1624//952
f 1632//953 1675//953 1623//953
f 1599//918 1685//918 1686//918
f 1686//918 1685//918 1658//918
f 1659//918 1658//918 1685//918
f 1687//954 1670//954 1678//954
f 1601//918 1685//918 1599//918
f 1671//943 1672//943 1674//943
f 1632//949 1633//949 1675//949
f 1685//918 1688//918 1659//918
f 1661//918 1659//918 1688//918
f 1689//950 1690//950 1680//950
f 1635//955 1666//955 1691//955
f 1688//955 1691//955 1666//955
f 1684//952 1623//952 1675//952
f 1620//955 1636//955 1691//955
f 1692//956 1693//956 1694//956
f 1693//957 1695//957 1694//957
f 1696//956 1697//956 1695//956
f 1691//923 1618//923 1620//923
f 1642//958 1604//958 1648//958
f 1670//954 1687//954 1698//954
f 1699//959 1700//959 1637//959
f 1701//954 1698//954 1687//954
f 1702//960 1703//960 1677//960
f 1676//960 1677//960 1703//960
f 1677//960 1601//960 1702//960
f 1704//923 1705//923 1706//923
f 1701//933 1707//933 1704//933
f 1698//961 1704//961 1708//961
f 1709//13 1710//13 1711//13
f 1710//13 1712//13 1700//13
f 1601//962 1600//962 1713//962
f 1711//13 1710//13 1714//13
f 1715//962 1716//962 1717//962
f 1626//929 1628//929 1636//929
f 1715//963 1717//963 1718//963
f 1699//13 1710//13 1700//13
f 1714//13 1710//13 1699//13
f 1719//964 1720//964 1721//964
f 1718//965 1722//965 1715//965
f 1661//941 1649//941 1659//941
f 1629//941 1631//941 1661//941
f 1635//966 1628//966 1666//966
f 1723//13 1724//13 1725//13
f 1726//923 1727//923 1721//923
f 1728//967 1729//967 1730//967
f 1709//13 1731//13 1710//13
f 1661//966 1666//966 1629//966
f 1732//967 1730//967 1729//967
f 1733//13 1724//13 1734//13
f 1731//13 1734//13 1710//13
f 1725//13 1724//13 1733//13
f 1735//923 1727//923 1726//923
f 1736//967 1728//967 1730//967
f 1686//968 1650//968 1713//968
f 1600//969 1599//969 1713//969
f 1599//968 1686//968 1713//968
f 1713//968 1650//968 1702//968
f 1652//968 1702//968 1650//968
f 1669//968 1702//968 1652//968
f 1737//13 1724//13 1723//13
f 1650//970 1686//970 1658//970
f 1710//13 1734//13 1724//13
f 1668//971 1703//971 1669//971
f 1702//972 1669//972 1703//972
f 1727//973 1735//973 1738//973
f 1703//974 1668//974 1676//974
f 1651//975 1685//975 1601//975
f 1694//973 1738//973 1735//973
f 1677//976 1651//976 1601//976
f 1630//977 1688//977 1685//977
f 1739//978 1736//978 1740//978
f 1727//979 1738//979 1741//979
f 1651//980 1630//980 1685//980
f 1630//981 1627//981 1688//981
f 1742//13 1700//13 1712//13
f 1664//964 1720//964 1719//964
f 1673//964 1720//964 1664//964
f 1691//982 1688//982 1627//982
f 1726//964 1721//964 1720//964
f 1627//983 1743//983 1691//983
f 1618//983 1691//983 1743//983
f 1744//38 1745//38 1746//38
f 1747//984 1662//984 1719//984
f 1745//38 1744//38 1748//38
f 1721//979 1727//979 1741//979
f 1719//979 1721//979 1741//979
f 1749//985 1750//985 1751//985
f 1750//985 1752//985 1751//985
f 1618//985 1751//985 1621//985
f 1746//986 1753//986 1744//986
f 1752//985 1621//985 1751//985
f 1744//986 1753//986 1754//986
f 1672//987 1755//987 1673//987
f 1741//984 1747//984 1719//984
f 1701//961 1704//961 1698//961
f 1706//988 1708//988 1704//988
f 1756//989 1757//989 1748//989
f 1748//989 1757//989 1745//989
f 1706//923 1705//923 1758//923
f 1759//990 1760//990 1761//990
f 1759//990 1761//990 1762//990
f 1706//991 1763//991 1708//991
f 1764//992 1765//992 1766//992
f 1764//992 1766//992 1767//992
f 1759//13 1765//13 1764//13
f 1760//13 1759//13 1764//13
f 1763//991 1706//991 1758//991
f 1768//1 1769//1 1759//1
f 1713//960 1702//960 1601//960
f 1758//993 1770//993 1763//993
f 1771//994 1618//994 1743//994
f 1772//995 1773//995 1774//995
f 1775//996 1773//996 1772//996
f 1758//993 1776//993 1770//993
f 1777//995 1774//995 1773//995
f 1771//994 1751//994 1618//994
f 1778//997 1779//997 1773//997
f 1775//997 1778//997 1773//997
f 1780//998 1751//998 1781//998
f 1770//999 1776//999 1782//999
f 1783//999 1782//999 1776//999
f 1781//1000 1751//1000 1771//1000
f 1784//14 1785//14 1786//14
f 1783//923 1787//923 1788//923
f 1781//1001 1789//1001 1780//1001
f 1777//997 1773//997 1779//997
f 1732//1002 1729//1002 1790//1002
f 1791//1003 1792//1003 1793//1003
f 1791//996 1775//996 1792//996
f 1772//996 1792//996 1775//996
f 1794//1004 1780//1004 1789//1004
f 1778//997 1791//997 1793//997
f 1795//1005 1796//1005 1797//1005
f 1775//997 1791//997 1778//997
f 1732//1002 1790//1002 1798//1002
f 1729//1006 1799//1006 1790//1006
f 1800//1007 1801//1007 1797//1007
f 1802//1008 1803//1008 1790//1008
f 1751//1009 1780//1009 1749//1009
f 1797//1010 1801//1010 1795//1010
f 1804//14 1786//14 1785//14
f 1805//1011 1789//1011 1781//1011
f 1806//1012 1807//1012 1808//1012
f 1809//14 1784//14 1786//14
f 1724//14 1804//14 1810//14
f 1795//1013 1801//1013 1811//1013
f 1794//1002 1732//1002 1798//1002
f 1627//1014 1626//1014 1743//1014
f 1812//956 1813//956 1801//956
f 1800//956 1812//956 1801//956
f 1814//14 1815//14 1816//14
f 1817//14 1816//14 1815//14
f 1818//14 1817//14 1815//14
f 1818//14 1815//14 1819//14
f 1818//14 1819//14 1820//14
f 1821//14 1822//14 1820//14
f 1823//1015 1824//1015 1825//1015
f 1802//1006 1790//1006 1799//1006
f 1728//1006 1799//1006 1729//1006
f 1728//1016 1736//1016 1826//1016
f 1827//14 1828//14 1829//14
f 1828//14 1830//14 1829//14
f 1831//14 1827//14 1829//14
f 1830//14 1832//14 1829//14
f 1832//14 1833//14 1829//14
f 1833//14 1834//14 1829//14
f 1835//14 1829//14 1834//14
f 1836//14 1837//14 1834//14
f 1798//1017 1790//1017 1803//1017
f 1838//1018 1794//1018 1839//1018
f 1840//14 1841//14 1842//14
f 1841//14 1843//14 1842//14
f 1843//14 1844//14 1842//14
f 1844//14 1845//14 1842//14
f 1845//14 1846//14 1842//14
f 1847//14 1848//14 1842//14
f 1849//14 1850//14 1842//14
f 1846//14 1847//14 1842//14
f 1851//1018 1794//1018 1838//1018
f 1666//918 1661//918 1688//918
f 1798//1018 1839//1018 1794//1018
f 1636//955 1635//955 1691//955
f 1852//14 1853//14 1854//14
f 1853//14 1855//14 1854//14
f 1821//14 1854//14 1855//14
f 1856//14 1852//14 1854//14
f 1857//14 1821//14 1855//14
f 1822//14 1821//14 1857//14
f 1858//14 1820//14 1822//14
f 1818//14 1820//14 1858//14
f 1829//14 1856//14 1854//14
f 1859//1019 1648//1019 1860//1019
f 1860//1020 1861//1020 1862//1020
f 1863//1006 1864//1006 1799//1006
f 1826//1021 1865//1021 1728//1021
f 1799//1016 1728//1016 1865//1016
f 1803//1017 1839//1017 1798//1017
f 1866//14 1834//14 1867//14
f 1868//14 1834//14 1866//14
f 1869//14 1867//14 1834//14
f 1870//14 1834//14 1868//14
f 1835//14 1834//14 1870//14
f 1782//1022 1783//1022 1871//1022
f 1735//973 1801//973 1694//973
f 1788//1022 1871//1022 1783//1022
f 1872//1 1873//1 1874//1
f 1875//1023 1876//1023 1877//1023
f 1878//1 1879//1 1880//1
f 1881//14 1836//14 1882//14
f 1883//14 1836//14 1881//14
f 1884//14 1836//14 1883//14
f 1837//14 1836//14 1884//14
f 1885//14 1834//14 1837//14
f 1886//14 1834//14 1885//14
f 1887//14 1834//14 1886//14
f 1888//14 1869//14 1834//14
f 1888//14 1834//14 1887//14
f 1854//14 1831//14 1829//14
f 1889//14 1882//14 1836//14
f 1890//14 1891//14 1836//14
f 1788//923 1787//923 1892//923
f 1805//1024 1781//1024 1893//1024
f 1803//1025 1894//1025 1839//1025
f 1849//14 1842//14 1895//14
f 1848//14 1895//14 1842//14
f 1850//14 1655//14 1842//14
f 1896//14 1842//14 1655//14
f 1897//14 1836//14 1655//14
f 1898//14 1836//14 1897//14
f 1890//14 1836//14 1898//14
f 1836//14 1896//14 1655//14
f 1750//1026 1893//1026 1752//1026
f 1879//1 1899//1 1880//1
f 1900//1 1872//1 1874//1
f 1878//1 1874//1 1873//1
f 1879//1 1878//1 1873//1
f 1901//14 1836//14 1891//14
f 1902//14 1836//14 1901//14
f 1903//14 1836//14 1902//14
f 1904//14 1836//14 1903//14
f 1905//14 1836//14 1904//14
f 1889//14 1836//14 1905//14
f 1906//1011 1789//1011 1805//1011
f 1754//14 1724//14 1744//14
f 1838//1027 1906//1027 1851//1027
f 1879//1028 1907//1028 1899//1028
f 1748//14 1744//14 1756//14
f 1873//1029 1907//1029 1879//1029
f 1908//1030 1909//1030 1752//1030
f 1621//1031 1752//1031 1909//1031
f 1785//14 1910//14 1810//14
f 1911//1032 1882//1032 1912//1032
f 1908//1033 1771//1033 1909//1033
f 1893//1033 1771//1033 1908//1033
f 1810//14 1804//14 1785//14
f 1913//1033 1909//1033 1771//1033
f 1620//1034 1617//1034 1914//1034
f 1743//1033 1913//1033 1771//1033
f 1915//1035 1874//1035 1878//1035
f 1916//14 1917//14 1810//14
f 1918//14 1916//14 1810//14
f 1774//14 1810//14 1772//14
f 1910//14 1918//14 1810//14
f 1919//1036 1890//1036 1898//1036
f 1794//1037 1789//1037 1920//1037
f 1921//1038 1915//1038 1878//1038
f 1921//1038 1878//1038 1880//1038
f 1898//1039 1897//1039 1654//1039
f 1898//1039 1654//1039 1919//1039
f 1917//14 1792//14 1810//14
f 1772//14 1810//14 1792//14
f 1880//1040 1922//1040 1921//1040
f 1897//143 1655//143 1654//143
f 1923//1041 1924//1041 1925//1041
f 1653//1042 1655//1042 1850//1042
f 1926//1043 1850//1043 1849//1043
f 1927//1044 1926//1044 1895//1044
f 1710//14 1724//14 1928//14
f 1774//14 1744//14 1724//14
f 1810//14 1774//14 1724//14
f 1928//14 1724//14 1754//14
f 1929//14 1744//14 1774//14
f 1927//1045 1895//1045 1848//1045
f 1732//1046 1794//1046 1920//1046
f 1756//14 1744//14 1929//14
f 1899//1028 1907//1028 1930//1028
f 1873//1029 1931//1029 1907//1029
f 1932//1047 1933//1047 1923//1047
f 1873//1048 1872//1048 1934//1048
f 1873//1048 1934//1048 1931//1048
f 1730//1049 1732//1049 1924//1049
f 1924//1047 1923//1047 1933//1047
f 1903//1050 1902//1050 1935//1050
f 1902//1051 1901//1051 1935//1051
f 1924//1052 1732//1052 1920//1052
f 1936//1 1937//1 1938//1
f 1939//1 1936//1 1938//1
f 1940//1053 1941//1053 1900//1053
f 1900//1054 1941//1054 1872//1054
f 1942//1055 1943//1055 1891//1055
f 1944//1 1938//1 1937//1
f 1890//1056 1942//1056 1891//1056
f 1940//1057 1900//1057 1874//1057
f 1945//1 1946//1 1947//1
f 1948//1 1947//1 1946//1
f 1949//1 1948//1 1946//1
f 1950//1 1951//1 1949//1
f 1952//1 1951//1 1950//1
f 1951//1 1948//1 1949//1
f 1947//1 1944//1 1945//1
f 1937//1 1945//1 1944//1
f 1864//1058 1953//1058 1954//1058
f 1924//1059 1933//1059 1730//1059
f 1936//1 1939//1 1955//1
f 1740//1060 1730//1060 1933//1060
f 1956//1061 1955//1061 1957//1061
f 1958//1061 1957//1061 1955//1061
f 1908//1026 1752//1026 1893//1026
f 1645//918 1644//918 1611//918
f 1638//918 1610//918 1959//918
f 1750//1062 1749//1062 1906//1062
f 1950//1063 1949//1063 1960//1063
f 1740//1064 1961//1064 1608//1064
f 1610//918 1638//918 1611//918
f 1949//1065 1946//1065 1960//1065
f 1827//1066 1962//1066 1963//1066
f 1962//1067 1827//1067 1831//1067
f 1964//1068 1743//1068 1914//1068
f 1913//1014 1743//1014 1964//1014
f 1743//1014 1626//1014 1914//1014
f 1715//962 1965//962 1877//962
f 1925//1069 1924//1069 1954//1069
f 1937//1070 1936//1070 1966//1070
f 1965//1071 1715//1071 1967//1071
f 1959//1072 1967//1072 1715//1072
f 1788//1073 1968//1073 1871//1073
f 1933//1074 1961//1074 1740//1074
f 1961//1075 1969//1075 1608//1075
f 1968//1073 1788//1073 1892//1073
f 1959//931 1639//931 1638//931
f 1638//1076 1637//1076 1742//1076
f 1970//1032 1882//1032 1971//1032
f 1953//1077 1864//1077 1972//1077
f 1973//1032 1968//1032 1971//1032
f 1892//1032 1971//1032 1968//1032
f 1974//1 1975//1 1976//1
f 1977//1 1974//1 1976//1
f 1975//1 1978//1 1976//1
f 1979//1 1976//1 1980//1
f 1980//1 1976//1 1981//1
f 1981//1 1976//1 1978//1
f 1905//1078 1982//1078 1983//1078
f 1789//1079 1894//1079 1920//1079
f 1984//1 1985//1 1976//1
f 1986//1 1984//1 1976//1
f 1962//1 1986//1 1976//1
f 1985//1 1977//1 1976//1
f 1963//1 1962//1 1976//1
f 1987//1 1963//1 1976//1
f 1988//1 1989//1 1976//1
f 1987//1 1976//1 1989//1
f 1838//1025 1839//1025 1990//1025
f 1858//1080 1991//1080 1992//1080
f 1789//1081 1990//1081 1894//1081
f 1771//1024 1893//1024 1781//1024
f 1993//1 1994//1 1995//1
f 1996//1 1995//1 1994//1
f 1997//1 1996//1 1994//1
f 1998//1 1994//1 1993//1
f 1994//1 1999//1 1997//1
f 1999//1 2000//1 1997//1
f 2000//1 2001//1 1997//1
f 2002//1 1997//1 2001//1
f 1825//1082 1824//1082 1808//1082
f 1906//1081 1990//1081 1789//1081
f 1877//962 1876//962 1715//962
f 2003//1 1979//1 2004//1
f 1875//1 2004//1 1979//1
f 2005//1 1875//1 1979//1
f 2006//1 1979//1 2003//1
f 2007//1 2005//1 1979//1
f 1991//1 2007//1 1992//1
f 1979//1 1992//1 2007//1
f 2007//1 1991//1 2008//1
f 1860//1083 1643//1083 1648//1083
f 1860//1084 1862//1084 1643//1084
f 1906//1026 1805//1026 1750//1026
f 2009//1085 1969//1085 1961//1085
f 1616//1 1979//1 1615//1
f 1634//1 1979//1 1616//1
f 1657//1 1979//1 1634//1
f 1667//1 1979//1 1657//1
f 1670//1 1979//1 1667//1
f 2006//1 1615//1 1979//1
f 1698//1 1979//1 1670//1
f 1990//1062 1906//1062 1838//1062
f 1617//1030 1619//1030 1964//1030
f 1877//1086 1965//1086 2010//1086
f 2011//1087 2012//1087 1720//1087
f 1656//951 1643//951 1683//951
f 1956//1088 1936//1088 1955//1088
f 1726//1089 1720//1089 2012//1089
f 1979//1 1698//1 1708//1
f 1979//1 1708//1 1763//1
f 1979//1 1763//1 1770//1
f 1979//1 1770//1 1782//1
f 1979//1 1782//1 1871//1
f 1979//1 1871//1 1968//1
f 1979//1 1968//1 1973//1
f 1979//1 1973//1 1983//1
f 1983//1 1982//1 1979//1
f 1993//1 1988//1 1976//1
f 2012//1090 2013//1090 1735//1090
f 1920//1041 1864//1041 1924//1041
f 2012//1090 1735//1090 1726//1090
f 1954//1041 1924//1041 1864//1041
f 1993//1 1976//1 1919//1
f 1993//1 1919//1 1654//1
f 1993//1 1654//1 1653//1
f 1993//1 1653//1 2014//1
f 1993//1 2014//1 1926//1
f 1993//1 1926//1 1927//1
f 1993//1 1927//1 2015//1
f 1993//1 2015//1 2016//1
f 1993//1 2016//1 1998//1
f 2013//1091 2017//1091 1735//1091
f 2018//1092 1694//1092 2019//1092
f 2020//1093 1944//1093 1947//1093
f 2021//1094 2022//1094 2013//1094
f 2023//1092 2019//1092 2024//1092
f 1943//1 1979//1 1935//1
f 1942//1 1979//1 1943//1
f 1976//1 1979//1 1942//1
f 1982//1 2025//1 1979//1
f 2025//1 2026//1 1979//1
f 1935//1 1979//1 2026//1
f 1947//1095 1948//1095 2020//1095
f 2027//1095 2020//1095 1948//1095
f 2028//1096 2029//1096 2030//1096
f 2027//1097 1948//1097 1951//1097
f 1972//1098 1864//1098 2031//1098
f 2012//1099 2011//1099 2032//1099
f 2032//1099 2011//1099 2033//1099
f 2034//1014 2021//1014 2013//1014
f 2013//1014 2012//1014 2034//1014
f 2032//1014 2034//1014 2012//1014
f 1802//1079 1864//1079 1920//1079
f 2035//1 1922//1 1899//1
f 2036//1 1922//1 2035//1
f 1922//1 1880//1 1899//1
f 1802//1100 1920//1100 1803//1100
f 1894//1079 1803//1079 1920//1079
f 2037//1 2036//1 2038//1
f 2011//1101 2028//1101 2033//1101
f 2030//1101 2033//1101 2028//1101
f 1899//1102 1930//1102 2039//1102
f 2035//1 2038//1 2036//1
f 2040//1103 1916//1103 1918//1103
f 1796//1104 1917//1104 1916//1104
f 1796//1104 1916//1104 2040//1104
f 2038//1 2041//1 2037//1
f 1933//1105 1932//1105 1961//1105
f 2009//1105 1961//1105 1932//1105
f 1802//1006 1799//1006 1864//1006
f 1894//1025 1990//1025 1839//1025
f 1807//1 1604//1 2042//1
f 1893//1026 1750//1026 1805//1026
f 2043//1 2044//1 2045//1
f 2046//1 2045//1 2044//1
f 2047//1 2046//1 2044//1
f 2045//1 2037//1 2043//1
f 1807//1 2046//1 2048//1
f 2047//1 2048//1 2046//1
f 2041//1 2043//1 2037//1
f 1749//1027 1851//1027 1906//1027
f 1619//1031 1621//1031 1909//1031
f 2049//1106 2037//1106 2050//1106
f 1913//1030 1964//1030 1619//1030
f 1909//1030 1913//1030 1619//1030
f 2048//1 1861//1 1807//1
f 1861//1 1604//1 1807//1
f 2051//1 2052//1 2053//1
f 2052//1 1796//1 2053//1
f 2053//1 2054//1 2051//1
f 1636//1034 1620//1034 1914//1034
f 1617//1107 1964//1107 1914//1107
f 1914//929 1626//929 1636//929
f 1854//1108 1821//1108 1985//1108
f 2055//1109 1864//1109 1863//1109
f 2031//1110 1864//1110 2055//1110
f 1604//1 1605//1 2042//1
f 1821//1111 1977//1111 1985//1111
f 2056//1 2042//1 1605//1
f 1819//1112 1974//1112 1977//1112
f 1851//1009 1749//1009 1780//1009
f 1605//1 2057//1 2056//1
f 2057//1 2058//1 2056//1
f 1819//1113 1815//1113 1975//1113
f 1819//1113 1975//1113 1974//1113
f 2054//1 2056//1 2058//1
f 1978//1114 1975//1114 1814//1114
f 1815//1114 1814//1114 1975//1114
f 1851//1018 1780//1018 1794//1018
f 2058//1 2059//1 2054//1
f 2059//1 2051//1 2054//1
f 1981//1115 1978//1115 1816//1115
f 1814//1115 1816//1115 1978//1115
f 2060//1 2053//1 1796//1
f 1816//1116 1817//1116 1980//1116
f 1816//1116 1980//1116 1981//1116
f 2061//1 2060//1 2040//1
f 1979//1117 1980//1117 1818//1117
f 1817//1117 1818//1117 1980//1117
f 2062//1 2063//1 2061//1
f 1834//1118 1993//1118 1995//1118
f 1818//1119 1858//1119 1992//1119
f 1818//1119 1992//1119 1979//1119
f 2064//1 2065//1 2066//1
f 1993//1120 1834//1120 1988//1120
f 1821//1111 1820//1111 1977//1111
f 1832//1121 1989//1121 1988//1121
f 1820//1112 1819//1112 1977//1112
f 1987//1122 1989//1122 1830//1122
f 1832//1122 1830//1122 1989//1122
f 2067//1123 2037//1123 2049//1123
f 2068//1 2069//1 2070//1
f 1796//1 2040//1 2060//1
f 2040//1 2062//1 2061//1
f 2071//1 2061//1 2063//1
f 2063//1 2072//1 2071//1
f 2073//1 2066//1 2074//1
f 2074//1 1958//1 2073//1
f 1939//1 2073//1 1958//1
f 1955//1 1939//1 1958//1
f 1830//1124 1963//1124 1987//1124
f 2075//1125 2076//1125 2077//1125
f 2078//1125 2077//1125 2076//1125
f 2079//1126 2075//1126 2077//1126
f 2070//1 2071//1 2068//1
f 2072//1 2068//1 2071//1
f 2069//1 2080//1 2070//1
f 2081//1 2070//1 2080//1
f 2080//1 2064//1 2081//1
f 2066//1 2081//1 2064//1
f 2065//1 2074//1 2066//1
f 1831//1067 1986//1067 1962//1067
f 1831//1127 1854//1127 1986//1127
f 1984//1127 1986//1127 1854//1127
f 1899//1080 2039//1080 2035//1080
f 2082//1128 1606//1128 2083//1128
f 1854//1108 1985//1108 1984//1108
f 1834//1120 1833//1120 1988//1120
f 1808//1012 2084//1012 1806//1012
f 1806//1012 2085//1012 2086//1012
f 1833//1121 1832//1121 1988//1121
f 1828//1124 1963//1124 1830//1124
f 1827//1066 1963//1066 1828//1066
f 2084//1129 1808//1129 2087//1129
f 1740//917 1608//917 1609//917
f 1999//1130 1843//1130 2000//1130
f 2057//1131 2088//1131 2058//1131
f 1843//1132 2001//1132 2000//1132
f 2089//1084 1682//1084 1862//1084
f 1995//1133 1896//1133 1836//1133
f 2001//1134 1840//1134 2002//1134
f 1641//1135 1660//1135 1604//1135
f 1834//1118 1995//1118 1836//1118
f 1997//1136 2002//1136 1840//1136
f 1896//1137 1996//1137 1997//1137
f 1998//1138 1847//1138 1846//1138
f 1625//1139 2090//1139 2091//1139
f 1998//1140 1846//1140 1994//1140
f 1845//1141 1994//1141 1846//1141
f 1996//1133 1896//1133 1995//1133
f 1994//1142 1845//1142 1999//1142
f 1844//1142 1999//1142 1845//1142
f 1844//1130 1843//1130 1999//1130
f 2078//1143 2091//1143 2090//1143
f 1877//1144 2010//1144 1875//1144
f 2001//1132 1843//1132 1841//1132
f 1841//1134 1840//1134 2001//1134
f 1842//1136 1997//1136 1840//1136
f 1997//1137 1842//1137 1896//1137
f 1967//1 2092//1 1965//1
f 1971//1145 1787//1145 1970//1145
f 1970//1146 1787//1146 2093//1146
f 1738//1092 1694//1092 2018//1092
f 2024//1092 2019//1092 1694//1092
f 1912//1032 1882//1032 2093//1032
f 2093//1147 1882//1147 1970//1147
f 1991//1080 1858//1080 1822//1080
f 2017//1005 1917//1005 2094//1005
f 2095//1005 1917//1005 2017//1005
f 1792//1148 1917//1148 2095//1148
f 1917//1005 1796//1005 1811//1005
f 1795//1005 1811//1005 1796//1005
f 2008//1149 1991//1149 1857//1149
f 1822//1149 1857//1149 1991//1149
f 2095//1091 2017//1091 2013//1091
f 1857//1150 2007//1150 2008//1150
f 2018//979 1741//979 1738//979
f 1876//962 2096//962 1715//962
f 2007//1151 1855//1151 2005//1151
f 1792//1152 2095//1152 2097//1152
f 2098//1153 1793//1153 1792//1153
f 1912//1145 2093//1145 1787//1145
f 2013//1094 2022//1094 1778//1094
f 1778//1094 1793//1094 2013//1094
f 2099//1154 2100//1154 1787//1154
f 2096//962 1716//962 1715//962
f 1875//1155 2005//1155 2096//1155
f 1853//1156 1716//1156 2005//1156
f 2096//1155 2005//1155 1716//1155
f 1801//1157 1735//1157 2094//1157
f 1758//923 1705//923 1776//923
f 1787//923 1776//923 1705//923
f 1783//1158 1776//1158 1787//1158
f 1971//923 1892//923 1787//923
f 2101//1 1965//1 2092//1
f 2092//918 1967//918 2102//918
f 1959//918 2103//918 1967//918
f 2017//1157 2094//1157 1735//1157
f 1707//933 1701//933 1645//933
f 1665//933 1645//933 1678//933
f 1705//933 1704//933 1707//933
f 1875//1159 2096//1159 1876//1159
f 2101//962 2010//962 1965//962
f 1687//933 1645//933 1701//933
f 1911//1160 1787//1160 2100//1160
f 2094//1005 1917//1005 1811//1005
f 2092//1161 2004//1161 2101//1161
f 1875//1162 2101//1162 2004//1162
f 1801//1163 2094//1163 1811//1163
f 2097//1164 2098//1164 1792//1164
f 2104//1076 1645//1076 1742//1076
f 2102//1159 2004//1159 2092//1159
f 1793//1094 2098//1094 2013//1094
f 1890//1036 1919//1036 1976//1036
f 1973//1165 1971//1165 1882//1165
f 2095//1094 2013//1094 2098//1094
f 2097//13 2095//13 2098//13
f 1875//1159 2010//1159 2101//1159
f 2100//1032 1882//1032 1911//1032
f 2102//918 1967//918 2105//918
f 2105//918 1967//918 2103//918
f 1653//1042 1850//1042 2014//1042
f 1882//1166 1983//1166 1973//1166
f 1778//1167 1774//1167 1779//1167
f 2022//1168 1774//1168 1778//1168
f 1850//1043 1926//1043 2014//1043
f 1777//1169 1779//1169 1774//1169
f 1889//1078 1905//1078 1983//1078
f 1849//1044 1895//1044 1926//1044
f 2021//1170 2034//1170 1774//1170
f 2004//1171 2102//1171 2003//1171
f 2021//1172 1774//1172 2022//1172
f 2015//1045 1927//1045 1848//1045
f 1848//1173 1847//1173 2016//1173
f 1848//1174 2016//1174 2015//1174
f 2029//1169 1929//1169 2030//1169
f 1774//1175 2030//1175 1929//1175
f 2033//1176 1774//1176 2032//1176
f 2030//1177 1774//1177 2033//1177
f 1847//1138 1998//1138 2016//1138
f 2032//1178 1774//1178 2034//1178
f 2105//1171 2003//1171 2102//1171
f 1712//1179 1710//1179 2106//1179
f 1905//1180 1904//1180 2025//1180
f 1905//1180 2025//1180 1982//1180
f 1710//1179 1928//1179 2106//1179
f 2025//1181 1904//1181 2026//1181
f 1903//1181 2026//1181 1904//1181
f 1903//1050 1935//1050 2026//1050
f 2103//1182 2006//1182 2105//1182
f 1901//1051 1943//1051 1935//1051
f 2107//1183 2108//1183 1787//1183
f 1901//1055 1891//1055 1943//1055
f 2003//1182 2105//1182 2006//1182
f 2091//1184 2078//1184 2109//1184
f 2076//1184 2109//1184 2078//1184
f 2110//1185 2111//1185 2043//1185
f 1624//1186 1681//1186 2090//1186
f 2112//1187 2113//1187 2056//1187
f 2090//924 1625//924 1624//924
f 2041//1188 2110//1188 2043//1188
f 2112//1189 2056//1189 2114//1189
f 2038//1190 2115//1190 2041//1190
f 2116//1191 2054//1191 2117//1191
f 2038//1192 2035//1192 2115//1192
f 1969//1193 2083//1193 1608//1193
f 1934//1054 1872//1054 1941//1054
f 2067//1194 2118//1194 2037//1194
f 1940//1057 1874//1057 2119//1057
f 2120//1195 2083//1195 2121//1195
f 1969//1195 2121//1195 2083//1195
f 2122//1196 2123//1196 2117//1196
f 2116//1196 2117//1196 2123//1196
f 2120//1197 2077//1197 2124//1197
f 2114//1196 2116//1196 2123//1196
f 1915//1035 2119//1035 1874//1035
f 2125//1198 2006//1198 2103//1198
f 2121//1199 2077//1199 2120//1199
f 2077//1200 2078//1200 2124//1200
f 2126//1201 2042//1201 2113//1201
f 1622//918 1611//918 1640//918
f 2124//1202 2078//1202 2090//1202
f 2127//1040 1921//1040 1922//1040
f 1969//1085 2009//1085 2128//1085
f 2114//1203 2107//1203 2112//1203
f 2103//918 1959//918 2125//918
f 2125//918 1959//918 1610//918
f 2127//1204 1922//1204 2036//1204
f 2129//1204 2127//1204 2036//1204
f 2123//1203 2107//1203 2114//1203
f 2113//1203 2112//1203 2107//1203
f 1969//1068 2128//1068 2121//1068
f 2079//1068 2121//1068 2128//1068
f 1610//1205 1615//1205 2006//1205
f 2079//1126 2077//1126 2121//1126
f 2130//1012 2131//1012 2042//1012
f 2118//1206 2129//1206 2036//1206
f 2125//1205 1610//1205 2006//1205
f 1612//1205 1615//1205 1610//1205
f 2041//1188 2132//1188 2110//1188
f 2133//1207 2134//1207 2107//1207
f 2113//1207 2107//1207 2134//1207
f 2135//1207 2126//1207 2134//1207
f 2113//1207 2134//1207 2126//1207
f 2091//1208 2028//1208 1625//1208
f 2115//1190 2132//1190 2041//1190
f 2029//1096 2028//1096 2091//1096
f 1678//933 1645//933 1687//933
f 2115//1192 2035//1192 2039//1192
f 1787//1207 2133//1207 2107//1207
f 2028//1209 1755//1209 1625//1209
f 2036//1194 2037//1194 2118//1194
f 1720//1210 1755//1210 2011//1210
f 2136//923 1787//923 1705//923
f 2133//923 1787//923 2136//923
f 2011//1211 1755//1211 2028//1211
f 2135//1012 2130//1012 2042//1012
f 2126//1212 2135//1212 2042//1212
f 2029//1096 2091//1096 2109//1096
f 1755//927 1672//927 1625//927
f 1672//927 1633//927 1625//927
f 2056//1187 2113//1187 2042//1187
f 1720//987 1673//987 1755//987
f 2056//1189 2054//1189 2114//1189
f 2116//1189 2114//1189 2054//1189
f 2137//1020 2138//1020 1862//1020
f 2054//1213 2053//1213 2117//1213
f 2139//1213 2117//1213 2053//1213
f 2060//1214 2139//1214 2053//1214
f 1923//1215 1925//1215 1756//1215
f 1925//171 1954//171 1756//171
f 1953//171 1756//171 1954//171
f 1645//1076 2104//1076 2140//1076
f 1611//1076 1742//1076 1645//1076
f 2141//1216 1705//1216 2140//1216
f 1707//1216 2140//1216 1705//1216
f 1972//171 2031//171 1756//171
f 2142//1217 2143//1217 2134//1217
f 2087//1217 1824//1217 2143//1217
f 2136//1218 2144//1218 2133//1218
f 2134//1217 2133//1217 2142//1217
f 2055//1219 1863//1219 1756//1219
f 2031//171 2055//171 1756//171
f 2122//932 2117//932 2139//932
f 1707//1220 1645//1220 2140//1220
f 2136//1216 1705//1216 2141//1216
f 1953//171 1972//171 1756//171
f 1863//171 1799//171 1756//171
f 2136//1218 2141//1218 2144//1218
f 2142//1221 2133//1221 2144//1221
f 1757//171 1756//171 1799//171
f 1757//171 1799//171 1865//171
f 1757//1222 1865//1222 1826//1222
f 2069//1223 2145//1223 2080//1223
f 2146//1224 2074//1224 2065//1224
f 2064//1225 2146//1225 2065//1225
f 2147//1226 2148//1226 2080//1226
f 1932//171 1923//171 1756//171
f 1918//1103 2062//1103 2040//1103
f 2149//1227 2081//1227 2066//1227
f 1800//1228 1797//1228 1796//1228
f 2052//1005 1812//1005 1796//1005
f 2128//171 2009//171 1756//171
f 2081//1229 2149//1229 1809//1229
f 1932//171 1756//171 2009//171
f 1730//978 1740//978 1736//978
f 2128//171 1756//171 2079//171
f 2150//1230 2070//1230 2151//1230
f 1609//978 1739//978 1740//978
f 2079//171 1756//171 2075//171
f 1756//1222 1929//1222 2109//1222
f 2076//1231 2075//1231 1756//1231
f 1809//1230 2151//1230 2070//1230
f 2076//171 1756//171 2109//171
f 2152//1232 2150//1232 2151//1232
f 2029//171 2109//171 1929//171
f 1753//47 1928//47 1754//47
f 2106//47 1928//47 1753//47
f 1800//1005 1796//1005 1812//1005
f 1812//1005 2052//1005 1813//1005
f 1609//919 1614//919 1739//919
f 2153//996 1813//996 2052//996
f 2154//14 2155//14 2156//14
f 1739//1016 2157//1016 1736//1016
f 2157//919 1739//919 1614//919
f 2158//14 2020//14 2159//14
f 1826//1016 1736//1016 2157//1016
f 2020//14 2027//14 2160//14
f 1960//14 2160//14 2027//14
f 2150//1230 2161//1230 2070//1230
f 2052//996 2051//996 2153//996
f 1692//996 2153//996 2051//996
f 2153//956 1692//956 1694//956
f 1813//956 2153//956 1694//956
f 1694//956 1801//956 1813//956
f 2059//995 1693//995 2051//995
f 1692//995 2051//995 1693//995
f 2156//14 1960//14 2154//14
f 2027//14 2154//14 1960//14
f 2160//14 2159//14 2020//14
f 2162//14 2163//14 2164//14
f 1956//14 2162//14 2164//14
f 1966//14 2164//14 2163//14
f 2165//14 2162//14 1957//14
f 1695//1233 2059//1233 1696//1233
f 1693//1234 2059//1234 1695//1234
f 2058//1233 1696//1233 2059//1233
f 2166//1235 2167//1235 2061//1235
f 2061//1236 2071//1236 2166//1236
f 2159//14 1966//14 2158//14
f 2088//1237 2057//1237 2168//1237
f 1605//1237 2168//1237 2057//1237
f 1957//14 2169//14 2165//14
f 1660//916 1602//916 1604//916
f 1976//1056 1942//1056 1890//1056
f 2170//1236 2166//1236 2071//1236
f 1761//1 1760//1 1745//1
f 2071//1230 2070//1230 2161//1230
f 2170//1230 2071//1230 2161//1230
f 1861//1020 1648//1020 1604//1020
f 2152//1238 2161//1238 2150//1238
f 1745//1 1757//1 1761//1
f 1753//1 1746//1 1767//1
f 2167//1214 2139//1214 2060//1214
f 2060//1235 2061//1235 2167//1235
f 1764//1 1767//1 1746//1
f 1745//1 1764//1 1746//1
f 1745//1 1760//1 1764//1
f 2166//932 2122//932 2167//932
f 2170//932 2122//932 2166//932
f 2161//932 2122//932 2170//932
f 2152//932 2122//932 2161//932
f 2139//932 2167//932 2122//932
f 1757//1 1826//1 1761//1
f 2171//1158 2120//1158 2172//1158
f 1826//1 2157//1 1761//1
f 2173//1 1712//1 2174//1
f 2124//1186 2090//1186 1690//1186
f 2084//1 2087//1 1806//1
f 1806//1 2087//1 2143//1
f 1681//1186 1690//1186 2090//1186
f 1697//956 2024//956 1694//956
f 2144//1 2175//1 2142//1
f 2175//1 1806//1 2142//1
f 2143//1 2142//1 1806//1
f 1694//956 1695//956 1697//956
f 2176//1239 2124//1239 2177//1239
f 1690//1239 2177//1239 2124//1239
f 2058//1233 2178//1233 1696//1233
f 2178//1131 2058//1131 2088//1131
f 1681//950 1680//950 1690//950
f 2140//1 2104//1 2173//1
f 1689//1240 2179//1240 2176//1240
f 2144//1 2141//1 2175//1
f 1742//1 2173//1 2104//1
f 2106//1 2174//1 1712//1
f 1860//1241 1648//1241 1861//1241
f 2007//1150 1857//1150 1855//1150
f 1861//1242 2048//1242 2180//1242
f 2110//1243 2181//1243 2111//1243
f 1639//937 1722//937 2182//937
f 2175//1 2141//1 2173//1
f 1712//1 2173//1 1742//1
f 2141//1 2140//1 2173//1
f 2174//1 2106//1 1767//1
f 1753//1 1767//1 2106//1
f 2177//950 1690//950 1689//950
f 2172//1240 2176//1240 2179//1240
f 2157//1 1614//1 1761//1
f 1614//1 1613//1 1761//1
f 2172//1244 2179//1244 2171//1244
f 2183//960 2184//960 2185//960
f 1853//1151 2005//1151 1855//1151
f 2177//1240 1689//1240 2176//1240
f 2179//1245 2186//1245 2171//1245
f 2187//937 2188//937 2184//937
f 2182//937 2189//937 1639//937
f 2190//1246 2187//1246 2184//1246
f 2082//1245 2171//1245 2186//1245
f 1613//922 1606//922 2191//922
f 2190//1247 2184//1247 2192//1247
f 1606//922 2082//922 2191//922
f 2186//1248 2191//1248 2082//1248
f 2192//1249 2184//1249 2193//1249
f 2171//1128 2082//1128 2083//1128
f 1608//1128 2083//1128 1606//1128
f 2083//1158 2120//1158 2171//1158
f 2176//1158 2172//1158 2120//1158
f 2193//1250 2184//1250 2183//1250
f 1717//962 1716//962 2185//962
f 2120//1239 2124//1239 2176//1239
f 2188//1155 2187//1155 1852//1155
f 1853//1251 1852//1251 2187//1251
f 2190//1252 2192//1252 1853//1252
f 2192//1253 2193//1253 1853//1253
f 2187//1254 2190//1254 1853//1254
f 2193//1255 2183//1255 1853//1255
f 2183//1155 2185//1155 1853//1155
f 1853//1155 2185//1155 1716//1155
f 2194//937 1639//937 2189//937
f 1852//1162 1856//1162 2182//1162
f 1852//1162 2182//1162 2188//1162
f 2195//1012 2086//1012 2085//1012
f 1856//1171 1829//1171 2189//1171
f 1856//1171 2189//1171 2182//1171
f 2191//1 2186//1 1761//1
f 2179//1 1761//1 2186//1
f 1680//1 1761//1 1689//1
f 2179//1 1689//1 1761//1
f 2196//1217 2197//1217 2198//1217
f 2199//1218 2200//1218 2198//1218
f 1956//14 1957//14 2162//14
f 2163//14 2158//14 1966//14
f 1613//1 2191//1 1761//1
f 2201//1256 2194//1256 1835//1256
f 1829//1257 1835//1257 2194//1257
f 1829//1182 2194//1182 2189//1182
f 2198//1258 2197//1258 2195//1258
f 2198//1258 2195//1258 2085//1258
f 1684//1 1675//1 1761//1
f 1679//1 1684//1 1761//1
f 1674//1 1761//1 1671//1
f 1680//1 1679//1 1761//1
f 1643//1259 1862//1259 1682//1259
f 1671//1 1761//1 1675//1
f 1835//1260 2202//1260 2201//1260
f 2149//14 2147//14 1809//14
f 2146//14 2148//14 2203//14
f 2203//14 2165//14 2169//14
f 2169//14 2146//14 2203//14
f 2203//14 2148//14 2149//14
f 2148//14 2147//14 2149//14
f 2145//14 1809//14 2147//14
f 1784//14 1809//14 2145//14
f 1862//1259 2204//1259 2089//1259
f 2162//1261 1939//1261 2163//1261
f 2201//937 2202//937 1639//937
f 2202//937 2205//937 1639//937
f 2205//937 2206//937 1639//937
f 1711//937 1637//937 2207//937
f 1862//1084 2138//1084 2204//1084
f 2207//925 2208//925 1709//925
f 2024//1262 1697//1262 2023//1262
f 2209//1262 1697//1262 2210//1262
f 2074//1263 1957//1263 1958//1263
f 2205//1205 2202//1205 1870//1205
f 1835//1264 1870//1264 2202//1264
f 2023//1262 1697//1262 2209//1262
f 1709//937 1711//937 2207//937
f 2155//1265 1952//1265 2156//1265
f 2156//1265 1952//1265 1950//1265
f 1870//921 1868//921 2206//921
f 1870//921 2206//921 2205//921
f 2209//951 2210//951 2211//951
f 1950//1063 1960//1063 2156//1063
f 1731//925 1709//925 2208//925
f 2208//925 2212//925 1731//925
f 1697//1262 2088//1262 2210//1262
f 1696//1262 2178//1262 1697//1262
f 1960//1065 1946//1065 2160//1065
f 2210//951 1656//951 2211//951
f 2168//1262 2210//1262 2088//1262
f 2178//1262 2088//1262 1697//1262
f 2208//928 2207//928 1866//928
f 1868//928 1866//928 2207//928
f 1868//928 2207//928 2206//928
f 2159//1266 2160//1266 1945//1266
f 1946//1266 1945//1266 2160//1266
f 2212//925 2213//925 1731//925
f 2213//925 2214//925 1731//925
f 1683//951 2215//951 1656//951
f 2215//951 2211//951 1656//951
f 1937//1267 2159//1267 1945//1267
f 1866//940 1867//940 2212//940
f 1866//940 2212//940 2208//940
f 2216//925 1731//925 2214//925
f 2159//1267 1937//1267 1966//1267
f 1605//1237 2217//1237 2168//1237
f 2023//1268 2209//1268 2218//1268
f 2209//1268 2211//1268 2218//1268
f 1966//1269 1936//1269 2164//1269
f 1867//945 1869//945 2213//945
f 1867//945 2213//945 2212//945
f 2217//916 1605//916 1603//916
f 1936//1270 1956//1270 2164//1270
f 1869//948 1888//948 2214//948
f 1869//948 2214//948 2213//948
f 2023//1271 2218//1271 2019//1271
f 2154//1053 1951//1053 1952//1053
f 2154//1053 1952//1053 2155//1053
f 2137//1020 1862//1020 1861//1020
f 1641//1020 1604//1020 1642//1020
f 2219//1014 1734//1014 2216//1014
f 2219//1272 2216//1272 1888//1272
f 1888//954 2216//954 2214//954
f 1939//1261 1938//1261 2163//1261
f 2137//1242 1861//1242 2180//1242
f 2220//1014 1734//1014 2221//1014
f 2221//1014 1734//1014 2219//1014
f 2221//954 2219//954 1887//954
f 1888//954 1887//954 2219//954
f 1944//1273 2158//1273 1938//1273
f 2163//1273 1938//1273 2158//1273
f 2222//1242 2180//1242 2048//1242
f 2199//1217 2223//1217 2200//1217
f 2196//1217 2198//1217 2200//1217
f 1887//961 1886//961 2220//961
f 1887//961 2220//961 2221//961
f 2158//1093 1944//1093 2020//1093
f 2224//1014 1734//1014 2225//1014
f 1886//991 1885//991 2225//991
f 1886//991 2225//991 2220//991
f 1885//993 1837//993 2224//993
f 1885//993 2224//993 2225//993
f 2027//1097 1951//1097 2154//1097
f 2226//943 1663//943 1662//943
f 1674//943 1664//943 1663//943
f 1837//999 1884//999 2227//999
f 1837//999 2227//999 2224//999
f 2226//949 2228//949 1663//949
f 1664//984 1719//984 1662//984
f 2229//1014 2099//1014 2230//1014
f 2227//1022 1884//1022 2230//1022
f 1883//1022 2230//1022 1884//1022
f 2111//1274 2047//1274 2044//1274
f 2231//1154 2099//1154 2232//1154
f 2231//1275 2100//1275 2099//1275
f 2229//1276 2232//1276 2099//1276
f 1912//1154 1787//1154 1911//1154
f 1769//1277 1768//1277 2173//1277
f 1769//1277 2173//1277 2174//1277
f 2231//1278 2232//1278 1881//1278
f 1714//1279 1637//1279 1711//1279
f 2229//1280 1881//1280 2232//1280
f 2198//1281 2085//1281 2199//1281
f 1806//1281 2199//1281 2085//1281
f 2045//1123 2050//1123 2037//1123
f 2230//1073 1883//1073 2229//1073
f 1881//1282 2229//1282 1883//1282
f 2199//1281 1806//1281 2223//1281
f 2175//1281 2223//1281 1806//1281
f 2200//38 2173//38 1768//38
f 2100//1032 2231//1032 1882//1032
f 1881//1032 1882//1032 2231//1032
f 1882//1166 1889//1166 1983//1166
f 2175//38 2173//38 2223//38
f 2200//38 2223//38 2173//38
f 2225//1014 1734//1014 2220//1014
f 1731//1014 2216//1014 1734//1014
f 1734//1014 2224//1014 2227//1014
f 2227//1014 2230//1014 1734//1014
f 1734//1014 2230//1014 2099//1014
f 1807//1012 2042//1012 2131//1012
f 1823//1283 1825//1283 1807//1283
f 2131//1284 1823//1284 1807//1284
f 1637//1285 1714//1285 1699//1285
f 1734//1286 2099//1286 2108//1286
f 1768//1 1759//1 1940//1
f 1940//1 2119//1 2200//1
f 1700//1076 1742//1076 1637//1076
f 1611//1076 1638//1076 1742//1076
f 2162//1287 2165//1287 1939//1287
f 2131//1207 2130//1207 1824//1207
f 2130//1207 2134//1207 1824//1207
f 2132//1 2115//1 1759//1
f 2134//1207 2130//1207 2135//1207
f 2039//1 1930//1 1759//1
f 1907//1 1759//1 1930//1
f 2122//1288 2233//1288 2123//1288
f 1931//1 1759//1 1907//1
f 1934//1 1759//1 1931//1
f 1941//1 1759//1 1934//1
f 1940//1 1759//1 1941//1
f 2044//1185 2043//1185 2111//1185
f 2122//1289 2234//1289 2233//1289
f 2123//1290 2233//1290 2108//1290
f 2108//1291 2107//1291 2123//1291
f 2099//1183 1787//1183 2108//1183
f 2046//1292 1807//1292 2235//1292
f 1807//1292 2086//1292 2235//1292
f 2233//1293 2234//1293 1725//1293
f 1723//1293 1725//1293 2234//1293
f 1725//1294 1733//1294 2233//1294
f 2222//1295 2048//1295 2236//1295
f 2234//1296 2237//1296 1723//1296
f 2119//1 1915//1 2200//1
f 1915//1 1921//1 2200//1
f 1921//1 2127//1 2200//1
f 2118//1 2200//1 2129//1
f 2127//1 2129//1 2200//1
f 1733//1286 1734//1286 2108//1286
f 2110//1 2132//1 1759//1
f 2108//1294 2233//1294 1733//1294
f 2039//1 1759//1 2115//1
f 2074//1263 2169//1263 1957//1263
f 2238//1123 2050//1123 2045//1123
f 2146//1224 2169//1224 2074//1224
f 2064//1225 2148//1225 2146//1225
f 2049//1 2200//1 2067//1
f 2050//1 2200//1 2049//1
f 2046//1297 2235//1297 2045//1297
f 2064//1226 2080//1226 2148//1226
f 2118//1 2067//1 2200//1
f 2149//1227 2066//1227 2203//1227
f 2073//1298 2165//1298 2066//1298
f 2203//1298 2066//1298 2165//1298
f 2073//1287 1939//1287 2165//1287
f 1759//1 1747//1 1741//1
f 1741//1 2018//1 1759//1
f 2018//1 2019//1 1759//1
f 2019//1 2218//1 1759//1
f 2070//1229 2081//1229 1809//1229
f 1809//1230 2239//1230 2240//1230
f 2151//1230 1809//1230 2240//1230
f 2211//1 2215//1 1759//1
f 2240//1232 2239//1232 2237//1232
f 1809//1230 1786//1230 2239//1230
f 1683//1 2137//1 2215//1
f 2239//1299 2241//1299 2237//1299
f 2204//1 2137//1 2089//1
f 1682//1 2137//1 1683//1
f 2089//1 2137//1 1682//1
f 1759//1 2215//1 2137//1
f 2138//1 2137//1 2204//1
f 2240//1232 2237//1232 2151//1232
f 2152//1232 2151//1232 2237//1232
f 2234//1300 2122//1300 2152//1300
f 2180//1 2222//1 1759//1
f 2180//1 1759//1 2137//1
f 2237//1301 2234//1301 2152//1301
f 2236//1 1759//1 2222//1
f 2111//1 2110//1 1759//1
f 2236//1 2111//1 1759//1
f 2241//1302 2239//1302 1786//1302
f 1737//1235 2242//1235 1724//1235
f 1724//1303 2242//1303 1804//1303
f 1786//1236 1804//1236 2243//1236
f 2241//1230 1786//1230 2243//1230
f 1804//1235 2242//1235 2244//1235
f 2244//1236 2243//1236 1804//1236
f 2047//1295 2236//1295 2048//1295
f 2196//1 2200//1 2086//1
f 2197//1 2196//1 2086//1
f 2195//1 2197//1 2086//1
f 2235//1 2086//1 2200//1
f 2238//1 2235//1 2200//1
f 2050//1 2238//1 2200//1
f 2218//1 2211//1 1759//1
f 1737//1296 1723//1296 2242//1296
f 2242//1296 1723//1296 2237//1296
f 2047//1274 2111//1274 2236//1274
f 2244//1304 2237//1304 2243//1304
f 2242//1304 2237//1304 2244//1304
f 2241//1304 2243//1304 2237//1304
f 1768//1 1940//1 2200//1
f 2147//1223 2080//1223 2145//1223
f 1784//1305 2145//1305 2068//1305
f 2069//1305 2068//1305 2145//1305
f 1785//1306 1784//1306 2072//1306
f 2068//1306 2072//1306 1784//1306
f 2228//1 1759//1 1762//1
f 2072//1307 2063//1307 1910//1307
f 2072//1307 1910//1307 1785//1307
f 1910//1308 2063//1308 1918//1308
f 2062//1308 1918//1308 2063//1308
f 1747//1 1759//1 1662//1
f 2226//1 1662//1 1759//1
f 2228//1 2226//1 1759//1
f 2188//937 2182//937 2184//937
f 1722//937 1718//937 2182//937
f 1765//1 1759//1 1766//1
f 1769//1 1766//1 1759//1
f 2238//1297 2045//1297 2235//1297
f 1718//937 2184//937 2182//937
f 1769//171 2174//171 1767//171
f 1769//171 1767//171 1766//171
f 1717//960 2185//960 2184//960
f 1761//47 1663//47 1762//47
f 2184//963 1718//963 1717//963
f 1674//47 1663//47 1761//47
f 2228//47 1762//47 1663//47
f 1959//1072 1715//1072 1722//1072
f 2086//1012 1807//1012 1806//1012
f 1825//1309 1808//1309 1807//1309
f 1959//931 1722//931 1639//931
f 1637//937 1639//937 2207//937
f 2206//937 2207//937 1639//937
f 2134//1218 2143//1218 1824//1218
f 2194//937 2201//937 1639//937
f 1823//1310 2131//1310 1824//1310
f 2087//1311 1808//1311 1824//1311
f 2210//1238 2217//1238 1656//1238
f 1603//1238 1656//1238 2217//1238
f 2168//1238 2217//1238 2210//1238
f 2245//1 2246//1 2247//1
f 2245//1 2248//1 2246//1
f 2245//3 2249//3 2248//3
f 2245//3 2250//3 2249//3
f 2245//4 2251//4 2250//4
f 2252//1 2251//1 2245//1
f 2252//1 2253//1 2251//1
f 2252//1 2254//1 2253//1
f 2252//1 2255//1 2254//1
f 2252//1 2256//1 2255//1
f 2257//1 2256//1 2252//1
f 2257//1 2258//1 2256//1
f 2257//1 2259//1 2258//1
f 2257//1 2260//1 2259//1
f 2257//1 2261//1 2260//1
f 2262//1 2261//1 2257//1
f 2262//1 2263//1 2261//1
f 2262//1 2264//1 2263//1
f 2262//1 2265//1 2264//1
f 2262//1 2266//1 2265//1
f 2262//1 2267//1 2266//1
f 2268//1 2267//1 2262//1
f 2268//1 2269//1 2267//1
f 2268//1 2270//1 2269//1
f 2268//1 2271//1 2270//1
f 2268//1 2272//1 2271//1
f 2268//1 2273//1 2272//1
f 2274//1 2273//1 2268//1
f 2274//1 2275//1 2273//1
f 2274//1 2276//1 2275//1
f 2277//1 2276//1 2274//1
f 2278//1 2276//1 2277//1
f 2279//1 2276//1 2278//1
f 2280//1 2276//1 2279//1
f 2281//1 2276//1 2280//1
f 2282//1 2276//1 2281//1
f 2283//1 2276//1 2282//1
f 2284//1 2276//1 2283//1
f 2285//1 2286//1 2284//1
f 2286//1 2287//1 2284//1
f 2287//1 2276//1 2284//1
f 2288//1 2289//1 2285//1
f 2289//1 2290//1 2285//1
f 2290//8 2286//8 2285//8
f 2291//1 2292//1 2288//1
f 2292//1 2293//1 2288//1
f 2293//1 2289//1 2288//1
f 2294//1 2295//1 2291//1
f 2295//1312 2296//1312 2291//1312
f 2296//9 2297//9 2291//9
f 2297//1 2292//1 2291//1
f 2298//1 2299//1 2294//1
f 2299//1 2300//1 2294//1
f 2300//1 2301//1 2294//1
f 2301//1313 2295//1313 2294//1313
f 2298//4 2302//4 2299//4
f 2298//1 2303//1 2302//1
f 2298//1 2304//1 2303//1
f 2298//1 2305//1 2304//1
f 2306//1314 2276//1314 2287//1314
f 2298//1 2307//1 2305//1
f 2308//1 2276//1 2306//1
f 2309//1 2276//1 2308//1
f 2310//1 2307//1 2298//1
f 2310//1 2311//1 2307//1
f 2312//1 2276//1 2309//1
f 2313//1 2276//1 2312//1
f 2310//1 2314//1 2311//1
f 2315//4 2276//4 2313//4
f 2316//1 2276//1 2315//1
f 2317//1 2276//1 2316//1
f 2310//1 2318//1 2314//1
f 2319//1 2276//1 2317//1
f 2320//3 2276//3 2319//3
f 2321//1 2276//1 2320//1
f 2310//1 2322//1 2318//1
f 2323//1 2276//1 2321//1
f 2324//4 2276//4 2323//4
f 2325//1 2276//1 2324//1
f 2310//1 2326//1 2322//1
f 2310//1 2327//1 2326//1
f 2328//1 2327//1 2310//1
f 2328//1 2329//1 2327//1
f 2328//1 2330//1 2329//1
f 2328//1 2331//1 2330//1
f 2328//1 2332//1 2331//1
f 2333//1 2332//1 2328//1
f 2333//1 2334//1 2332//1
f 2333//1 2335//1 2334//1
f 2333//1 2336//1 2335//1
f 2337//1 2336//1 2333//1
f 2337//1 2338//1 2336//1
f 2337//1 2339//1 2338//1
f 2340//1 2339//1 2337//1
f 2340//1 2341//1 2339//1
f 2340//1 2342//1 2341//1
f 2343//1 2342//1 2340//1
f 2343//1 2344//1 2342//1
f 2343//1 2345//1 2344//1
f 2346//1 2343//1 2347//1
f 2346//1 2345//1 2343//1
f 2346//1 2348//1 2345//1
f 2346//1 2349//1 2348//1
f 2350//13 2349//13 2346//13
f 2351//1 2352//1 2350//1
f 2352//13 2349//13 2350//13
f 2351//1 2353//1 2352//1
f 2354//1 2355//1 2356//1
f 2357//1 2355//1 2354//1
f 2357//1 2358//1 2355//1
f 2359//1 2358//1 2357//1
f 2359//1 2360//1 2358//1
f 2361//1 2360//1 2359//1
f 2361//1 2362//1 2360//1
f 2363//1 2362//1 2361//1
f 2363//1 2364//1 2362//1
f 2365//1 2364//1 2363//1
f 2365//1 2366//1 2364//1
f 2367//1 2366//1 2365//1
f 2367//1 2368//1 2366//1
f 2369//1 2368//1 2367//1
f 2369//1 2370//1 2368//1
f 2371//1 2370//1 2369//1
f 2371//1 2372//1 2370//1
f 2373//1 2372//1 2371//1
f 2373//1 2374//1 2372//1
f 2375//1 2374//1 2373//1
f 2375//1 2376//1 2374//1
f 2377//1 2376//1 2375//1
f 2377//1 2378//1 2376//1
f 2379//1 2378//1 2377//1
f 2379//1 2380//1 2378//1
f 2381//1 2380//1 2379//1
f 2381//1 2382//1 2380//1
f 2383//1 2382//1 2381//1
f 2383//1 2384//1 2382//1
f 2385//1 2386//1 2383//1
f 2386//1 2387//1 2383//1
f 2387//1 2388//1 2383//1
f 2388//1 2384//1 2383//1
f 2388//1 2389//1 2384//1
f 2389//1 2390//1 2384//1
f 2390//1 2391//1 2384//1
f 2385//1314 2392//1314 2386//1314
f 2393//9 2391//9 2390//9
f 2385//1 2394//1 2392//1
f 2395//1 2391//1 2393//1
f 2385//1 2396//1 2394//1
f 2397//1 2391//1 2395//1
f 2385//1 2398//1 2396//1
f 2399//1 2391//1 2397//1
f 2385//1 2400//1 2398//1
f 2401//4 2391//4 2399//4
f 2385//1 2402//1 2400//1
f 2403//1 2391//1 2401//1
f 2385//1 2404//1 2402//1
f 2405//1 2391//1 2403//1
f 2385//1 2406//1 2404//1
f 2407//1 2391//1 2405//1
f 2385//1 2408//1 2406//1
f 2385//1 2409//1 2408//1
f 2410//1 2391//1 2407//1
f 2385//1 2411//1 2409//1
f 2412//1 2391//1 2410//1
f 2385//1 2413//1 2411//1
f 2414//1 2391//1 2412//1
f 2385//1 2415//1 2413//1
f 2416//1 2391//1 2414//1
f 2385//1 2417//1 2415//1
f 2418//1 2391//1 2416//1
f 2385//1 2419//1 2417//1
f 2420//1 2391//1 2418//1
f 2421//1 2419//1 2385//1
f 2420//1 2422//1 2391//1
f 2421//1 2423//1 2419//1
f 2424//1 2422//1 2420//1
f 2421//1 2425//1 2423//1
f 2426//1 2422//1 2424//1
f 2421//1 2427//1 2425//1
f 2428//1 2422//1 2426//1
f 2429//1 2422//1 2428//1
f 2421//1 2430//1 2427//1
f 2431//1 2422//1 2429//1
f 2421//1 2432//1 2430//1
f 2433//1 2422//1 2431//1
f 2421//1 2434//1 2432//1
f 2435//1 2434//1 2421//1
f 2436//1 2422//1 2433//1
f 2436//1 2437//1 2422//1
f 2435//1 2438//1 2434//1
f 2439//1 2437//1 2436//1
f 2435//1 2440//1 2438//1
f 2441//1 2437//1 2439//1
f 2435//1 2442//1 2440//1
f 2443//1 2437//1 2441//1
f 2435//1 2444//1 2442//1
f 2445//1 2437//1 2443//1
f 2435//1 2446//1 2444//1
f 2447//1 2437//1 2445//1
f 2448//1 2446//1 2435//1
f 2447//1 2449//1 2437//1
f 2448//1 2450//1 2446//1
f 2451//1 2449//1 2447//1
f 2448//1 2452//1 2450//1
f 2453//1 2449//1 2451//1
f 2448//1 2454//1 2452//1
f 2455//1 2449//1 2453//1
f 2448//1 2456//1 2454//1
f 2457//1 2449//1 2455//1
f 2458//1 2456//1 2448//1
f 2458//1 2459//1 2456//1
f 2457//1 2460//1 2449//1
f 2461//1 2460//1 2457//1
f 2458//1 2462//1 2459//1
f 2463//1 2460//1 2461//1
f 2458//1 2464//1 2462//1
f 2465//1 2460//1 2463//1
f 2458//1 2466//1 2464//1
f 2467//1 2460//1 2465//1
f 2468//1 2466//1 2458//1
f 2467//1 2469//1 2460//1
f 2468//1 2470//1 2466//1
f 2471//1 2469//1 2467//1
f 2468//1 2472//1 2470//1
f 2473//1 2469//1 2471//1
f 2468//1 2474//1 2472//1
f 2475//1 2469//1 2473//1
f 2468//1 2476//1 2474//1
f 2477//1 2476//1 2468//1
f 2475//1 2478//1 2469//1
f 2479//1 2478//1 2475//1
f 2477//1 2480//1 2476//1
f 2481//1 2478//1 2479//1
f 2477//1 2482//1 2480//1
f 2483//1 2478//1 2481//1
f 2477//1 2484//1 2482//1
f 2485//1 2484//1 2477//1
f 2483//1 2486//1 2478//1
f 2487//1 2486//1 2483//1
f 2485//1 2488//1 2484//1
f 2489//1 2486//1 2487//1
f 2485//1 2490//1 2488//1
f 2491//1 2486//1 2489//1
f 2485//1 2492//1 2490//1
f 2493//1 2492//1 2485//1
f 2494//1 2486//1 2491//1
f 2494//1 2495//1 2486//1
f 2493//1 2496//1 2492//1
f 2497//1 2495//1 2494//1
f 2493//1 2498//1 2496//1
f 2499//1 2495//1 2497//1
f 2500//1 2498//1 2493//1
f 2499//1 2501//1 2495//1
f 2500//1 2502//1 2498//1
f 2503//1 2501//1 2499//1
f 2500//1 2504//1 2502//1
f 2505//1 2501//1 2503//1
f 2500//1 2506//1 2504//1
f 2507//1 2501//1 2505//1
f 2508//1 2506//1 2500//1
f 2507//1 2509//1 2501//1
f 2508//1 2510//1 2506//1
f 2511//1 2509//1 2507//1
f 2508//1 2512//1 2510//1
f 2513//1 2509//1 2511//1
f 2508//1 2514//1 2512//1
f 2515//1 2509//1 2513//1
f 2508//1 2516//1 2514//1
f 2517//1 2516//1 2508//1
f 2515//1 2518//1 2509//1
f 2519//1 2518//1 2515//1
f 2517//1 2520//1 2516//1
f 2521//1 2518//1 2519//1
f 2517//1 2522//1 2520//1
f 2523//1 2518//1 2521//1
f 2517//1 2524//1 2522//1
f 2525//1 2524//1 2517//1
f 2523//1 2526//1 2518//1
f 2527//1 2526//1 2523//1
f 2525//1 2528//1 2524//1
f 2529//1 2526//1 2527//1
f 2525//1 2530//1 2528//1
f 2531//1 2526//1 2529//1
f 2525//1 2532//1 2530//1
f 2533//1 2526//1 2531//1
f 2534//1 2532//1 2525//1
f 2533//1 2535//1 2526//1
f 2534//1 2536//1 2532//1
f 2537//1 2535//1 2533//1
f 2534//1 2538//1 2536//1
f 2539//1 2535//1 2537//1
f 2534//1 2540//1 2538//1
f 2541//1 2535//1 2539//1
f 2534//1 2542//1 2540//1
f 2543//1 2535//1 2541//1
f 2544//1 2542//1 2534//1
f 2543//1 2545//1 2535//1
f 2544//1 2546//1 2542//1
f 2547//1 2545//1 2543//1
f 2544//1 2548//1 2546//1
f 2549//1 2545//1 2547//1
f 2544//1 2550//1 2548//1
f 2551//1 2545//1 2549//1
f 2544//1 2552//1 2550//1
f 2553//1 2545//1 2551//1
f 2554//1 2552//1 2544//1
f 2553//1 2555//1 2545//1
f 2554//1 2556//1 2552//1
f 2557//1 2555//1 2553//1
f 2554//1 2558//1 2556//1
f 2559//1 2555//1 2557//1
f 2554//1 2560//1 2558//1
f 2561//1 2555//1 2559//1
f 2554//1 2562//1 2560//1
f 2563//1 2555//1 2561//1
f 2554//1 2564//1 2562//1
f 2565//1 2555//1 2563//1
f 2554//1 2566//1 2564//1
f 2567//1 2566//1 2554//1
f 2565//1 2568//1 2555//1
f 2569//1 2568//1 2565//1
f 2567//1 2570//1 2566//1
f 2571//1 2568//1 2569//1
f 2567//1 2572//1 2570//1
f 2573//1 2568//1 2571//1
f 2567//1 2574//1 2572//1
f 2575//1 2568//1 2573//1
f 2567//1 2576//1 2574//1
f 2577//1 2568//1 2575//1
f 2567//1 2578//1 2576//1
f 2579//1 2568//1 2577//1
f 2567//1 2580//1 2578//1
f 2581//1 2568//1 2579//1
f 2567//1 2582//1 2580//1
f 2583//1 2582//1 2567//1
f 2581//1 2584//1 2568//1
f 2585//1 2584//1 2581//1
f 2583//1 2586//1 2582//1
f 2587//1 2584//1 2585//1
f 2583//1 2588//1 2586//1
f 2589//1 2584//1 2587//1
f 2583//1 2590//1 2588//1
f 2591//1 2584//1 2589//1
f 2583//1 2592//1 2590//1
f 2593//1 2584//1 2591//1
f 2583//1 2594//1 2592//1
f 2595//1 2584//1 2593//1
f 2583//1 2596//1 2594//1
f 2597//1 2584//1 2595//1
f 2583//1 2598//1 2596//1
f 2599//1 2584//1 2597//1
f 2583//1 2600//1 2598//1
f 2601//1 2584//1 2599//1
f 2583//1 2602//1 2600//1
f 2603//1 2584//1 2601//1
f 2583//1 2604//1 2602//1
f 2605//4 2584//4 2603//4
f 2583//1 2606//1 2604//1
f 2607//3 2584//3 2605//3
f 2583//1 2608//1 2606//1
f 2609//4 2584//4 2607//4
f 2583//1 2610//1 2608//1
f 2611//3 2584//3 2609//3
f 2583//4 2612//4 2610//4
f 2612//5 2584//5 2611//5
f 2583//1 2584//1 2612//1
f 2583//1 2613//1 2584//1
f 2614//1 2613//1 2583//1
f 2614//1 2615//1 2613//1
f 2616//1 2615//1 2614//1
f 2616//1 2617//1 2615//1
f 2618//1 2617//1 2616//1
f 2619//1 2617//1 2618//1
f 2619//1 2620//1 2617//1
f 2619//1 2621//1 2620//1
f 2622//1 2621//1 2619//1
f 2622//1 2623//1 2621//1
f 2624//1 2623//1 2622//1
f 2624//1 2625//1 2623//1
f 2626//1 2625//1 2624//1
f 2626//1 2627//1 2625//1
f 2628//1 2627//1 2626//1
f 2628//1 2629//1 2627//1
f 2630//1 2629//1 2628//1
f 2630//1 2631//1 2629//1
f 2632//1 2631//1 2630//1
f 2632//1 2633//1 2631//1
f 2634//1 2633//1 2632//1
f 2634//1 2635//1 2633//1
f 2636//1 2635//1 2634//1
f 2636//1 2637//1 2635//1
f 2638//1 2637//1 2636//1
f 2638//1 2639//1 2637//1
f 2640//1 2639//1 2638//1
f 2640//1 2641//1 2639//1
f 2642//16 2643//16 2644//16
f 2642//15 2644//15 2645//15
f 2642//19 2645//19 2646//19
f 2642//14 2646//14 2647//14
f 2642//19 2647//19 2648//19
f 2649//14 2642//14 2648//14
f 2649//15 2648//15 2650//15
f 2649//1315 2650//1315 2651//1315
f 2649//16 2651//16 2652//16
f 2649//14 2652//14 2653//14
f 2654//14 2649//14 2653//14
f 2654//14 2653//14 2655//14
f 2654//14 2655//14 2656//14
f 2654//14 2656//14 2657//14
f 2654//14 2657//14 2658//14
f 2659//14 2654//14 2658//14
f 2659//14 2658//14 2660//14
f 2659//14 2660//14 2661//14
f 2659//14 2661//14 2662//14
f 2659//14 2662//14 2663//14
f 2659//14 2663//14 2664//14
f 2665//14 2659//14 2664//14
f 2665//14 2664//14 2666//14
f 2665//14 2666//14 2667//14
f 2665//16 2667//16 2668//16
f 2665//15 2668//15 2669//15
f 2665//14 2669//14 2670//14
f 2671//14 2665//14 2670//14
f 2671//14 2670//14 2672//14
f 2671//14 2672//14 2673//14
f 2674//14 2671//14 2673//14
f 2675//14 2674//14 2673//14
f 2676//14 2675//14 2673//14
f 2677//14 2676//14 2673//14
f 2678//14 2677//14 2673//14
f 2679//14 2678//14 2673//14
f 2680//14 2679//14 2673//14
f 2681//14 2680//14 2673//14
f 2682//14 2681//14 2683//14
f 2683//14 2681//14 2684//14
f 2684//14 2681//14 2673//14
f 2685//14 2682//14 2686//14
f 2686//30 2682//30 2687//30
f 2687//14 2682//14 2683//14
f 2688//14 2685//14 2689//14
f 2689//23 2685//23 2690//23
f 2690//1316 2685//1316 2686//1316
f 2691//14 2688//14 2692//14
f 2692//14 2688//14 2693//14
f 2693//14 2688//14 2694//14
f 2694//14 2688//14 2689//14
f 2695//14 2691//14 2696//14
f 2696//15 2691//15 2697//15
f 2697//14 2691//14 2698//14
f 2698//29 2691//29 2692//29
f 2695//14 2696//14 2699//14
f 2695//14 2699//14 2700//14
f 2695//14 2700//14 2701//14
f 2695//14 2701//14 2702//14
f 2703//1317 2684//1317 2673//1317
f 2695//14 2702//14 2704//14
f 2705//1318 2703//1318 2673//1318
f 2706//1315 2705//1315 2673//1315
f 2707//14 2695//14 2704//14
f 2707//14 2704//14 2708//14
f 2709//14 2706//14 2673//14
f 2710//14 2709//14 2673//14
f 2707//14 2708//14 2711//14
f 2712//14 2710//14 2673//14
f 2713//14 2712//14 2673//14
f 2714//14 2713//14 2673//14
f 2707//14 2711//14 2715//14
f 2716//14 2714//14 2673//14
f 2717//14 2716//14 2673//14
f 2718//14 2717//14 2673//14
f 2707//14 2715//14 2719//14
f 2720//16 2718//16 2673//16
f 2721//15 2720//15 2673//15
f 2722//14 2721//14 2673//14
f 2707//14 2719//14 2723//14
f 2707//14 2723//14 2724//14
f 2725//14 2707//14 2724//14
f 2725//14 2724//14 2726//14
f 2725//14 2726//14 2727//14
f 2725//14 2727//14 2728//14
f 2725//14 2728//14 2729//14
f 2730//14 2725//14 2729//14
f 2730//14 2729//14 2731//14
f 2730//14 2731//14 2732//14
f 2730//14 2732//14 2733//14
f 2734//14 2730//14 2733//14
f 2734//14 2733//14 2735//14
f 2734//14 2735//14 2736//14
f 2737//14 2734//14 2736//14
f 2737//14 2736//14 2738//14
f 2737//14 2738//14 2739//14
f 2740//14 2737//14 2739//14
f 2740//14 2739//14 2741//14
f 2740//14 2741//14 2742//14
f 2743//14 2744//14 2740//14
f 2743//14 2740//14 2742//14
f 2743//14 2742//14 2745//14
f 2743//14 2745//14 2746//14
f 2747//13 2743//13 2746//13
f 2748//14 2747//14 2749//14
f 2749//13 2747//13 2746//13
f 2748//14 2749//14 2750//14
f 2751//14 2752//14 2753//14
f 2754//14 2751//14 2753//14
f 2754//14 2753//14 2755//14
f 2756//14 2754//14 2755//14
f 2756//14 2755//14 2757//14
f 2758//14 2756//14 2757//14
f 2758//14 2757//14 2759//14
f 2760//14 2758//14 2759//14
f 2760//14 2759//14 2761//14
f 2762//14 2760//14 2761//14
f 2762//14 2761//14 2763//14
f 2764//14 2762//14 2763//14
f 2764//14 2763//14 2765//14
f 2766//14 2764//14 2765//14
f 2766//14 2765//14 2767//14
f 2768//14 2766//14 2767//14
f 2768//14 2767//14 2769//14
f 2770//14 2768//14 2769//14
f 2770//14 2769//14 2771//14
f 2772//14 2770//14 2771//14
f 2772//14 2771//14 2773//14
f 2774//14 2772//14 2773//14
f 2774//14 2773//14 2775//14
f 2776//14 2774//14 2775//14
f 2776//14 2775//14 2777//14
f 2778//14 2776//14 2777//14
f 2778//14 2777//14 2779//14
f 2780//14 2778//14 2779//14
f 2780//14 2779//14 2781//14
f 2782//14 2780//14 2783//14
f 2783//14 2780//14 2784//14
f 2784//14 2780//14 2785//14
f 2785//14 2780//14 2781//14
f 2785//23 2781//23 2786//23
f 2786//15 2781//15 2787//15
f 2787//14 2781//14 2788//14
f 2782//16 2783//16 2789//16
f 2790//25 2787//25 2788//25
f 2782//15 2789//15 2791//15
f 2792//15 2790//15 2788//15
f 2782//16 2791//16 2793//16
f 2794//14 2792//14 2788//14
f 2782//14 2793//14 2795//14
f 2796//14 2794//14 2788//14
f 2782//14 2795//14 2797//14
f 2798//16 2796//16 2788//16
f 2782//14 2797//14 2799//14
f 2800//14 2798//14 2788//14
f 2782//14 2799//14 2801//14
f 2802//14 2800//14 2788//14
f 2782//14 2801//14 2803//14
f 2804//14 2802//14 2788//14
f 2782//14 2803//14 2805//14
f 2782//14 2805//14 2806//14
f 2807//14 2804//14 2788//14
f 2782//14 2806//14 2808//14
f 2809//14 2807//14 2788//14
f 2782//14 2808//14 2810//14
f 2811//14 2809//14 2788//14
f 2782//14 2810//14 2812//14
f 2813//14 2811//14 2788//14
f 2782//14 2812//14 2814//14
f 2815//14 2813//14 2788//14
f 2782//14 2814//14 2816//14
f 2817//14 2815//14 2788//14
f 2818//14 2782//14 2816//14
f 2817//14 2788//14 2819//14
f 2818//14 2816//14 2820//14
f 2821//14 2817//14 2819//14
f 2818//14 2820//14 2822//14
f 2823//14 2821//14 2819//14
f 2818//14 2822//14 2824//14
f 2825//14 2823//14 2819//14
f 2826//14 2825//14 2819//14
f 2818//14 2824//14 2827//14
f 2828//14 2826//14 2819//14
f 2818//14 2827//14 2829//14
f 2830//14 2828//14 2819//14
f 2818//14 2829//14 2831//14
f 2832//14 2818//14 2831//14
f 2833//14 2830//14 2819//14
f 2833//14 2819//14 2834//14
f 2832//14 2831//14 2835//14
f 2836//14 2833//14 2834//14
f 2832//14 2835//14 2837//14
f 2838//14 2836//14 2834//14
f 2832//14 2837//14 2839//14
f 2840//14 2838//14 2834//14
f 2832//14 2839//14 2841//14
f 2842//14 2840//14 2834//14
f 2832//14 2841//14 2843//14
f 2844//14 2842//14 2834//14
f 2845//14 2832//14 2843//14
f 2844//14 2834//14 2846//14
f 2845//14 2843//14 2847//14
f 2848//14 2844//14 2846//14
f 2845//14 2847//14 2849//14
f 2850//14 2848//14 2846//14
f 2845//14 2849//14 2851//14
f 2852//14 2850//14 2846//14
f 2845//14 2851//14 2853//14
f 2854//14 2852//14 2846//14
f 2855//14 2845//14 2853//14
f 2855//14 2853//14 2856//14
f 2854//14 2846//14 2857//14
f 2858//14 2854//14 2857//14
f 2855//14 2856//14 2859//14
f 2860//14 2858//14 2857//14
f 2855//14 2859//14 2861//14
f 2862//14 2860//14 2857//14
f 2855//14 2861//14 2863//14
f 2864//14 2862//14 2857//14
f 2865//14 2855//14 2863//14
f 2864//14 2857//14 2866//14
f 2865//14 2863//14 2867//14
f 2868//14 2864//14 2866//14
f 2865//14 2867//14 2869//14
f 2870//14 2868//14 2866//14
f 2865//14 2869//14 2871//14
f 2872//14 2870//14 2866//14
f 2865//14 2871//14 2873//14
f 2874//14 2865//14 2873//14
f 2872//14 2866//14 2875//14
f 2876//14 2872//14 2875//14
f 2874//14 2873//14 2877//14
f 2878//14 2876//14 2875//14
f 2874//14 2877//14 2879//14
f 2880//14 2878//14 2875//14
f 2874//14 2879//14 2881//14
f 2882//14 2874//14 2881//14
f 2880//14 2875//14 2883//14
f 2884//14 2880//14 2883//14
f 2882//14 2881//14 2885//14
f 2886//14 2884//14 2883//14
f 2882//14 2885//14 2887//14
f 2888//14 2886//14 2883//14
f 2882//14 2887//14 2889//14
f 2890//14 2882//14 2889//14
f 2891//14 2888//14 2883//14
f 2891//14 2883//14 2892//14
f 2890//14 2889//14 2893//14
f 2894//14 2891//14 2892//14
f 2890//14 2893//14 2895//14
f 2896//14 2894//14 2892//14
f 2897//14 2890//14 2895//14
f 2896//14 2892//14 2898//14
f 2897//14 2895//14 2899//14
f 2900//14 2896//14 2898//14
f 2897//14 2899//14 2901//14
f 2902//14 2900//14 2898//14
f 2897//14 2901//14 2903//14
f 2904//14 2902//14 2898//14
f 2905//14 2897//14 2903//14
f 2904//14 2898//14 2906//14
f 2905//14 2903//14 2907//14
f 2908//14 2904//14 2906//14
f 2905//14 2907//14 2909//14
f 2910//14 2908//14 2906//14
f 2905//14 2909//14 2911//14
f 2912//14 2910//14 2906//14
f 2905//14 2911//14 2913//14
f 2914//14 2905//14 2913//14
f 2912//14 2906//14 2915//14
f 2916//14 2912//14 2915//14
f 2914//14 2913//14 2917//14
f 2918//14 2916//14 2915//14
f 2914//14 2917//14 2919//14
f 2920//14 2918//14 2915//14
f 2914//14 2919//14 2921//14
f 2922//14 2914//14 2921//14
f 2920//14 2915//14 2923//14
f 2924//14 2920//14 2923//14
f 2922//14 2921//14 2925//14
f 2926//14 2924//14 2923//14
f 2922//14 2925//14 2927//14
f 2928//14 2926//14 2923//14
f 2922//14 2927//14 2929//14
f 2930//14 2928//14 2923//14
f 2931//14 2922//14 2929//14
f 2930//14 2923//14 2932//14
f 2931//14 2929//14 2933//14
f 2934//14 2930//14 2932//14
f 2931//14 2933//14 2935//14
f 2936//14 2934//14 2932//14
f 2931//14 2935//14 2937//14
f 2938//14 2936//14 2932//14
f 2931//14 2937//14 2939//14
f 2940//14 2938//14 2932//14
f 2941//14 2931//14 2939//14
f 2940//14 2932//14 2942//14
f 2941//14 2939//14 2943//14
f 2944//14 2940//14 2942//14
f 2941//14 2943//14 2945//14
f 2946//14 2944//14 2942//14
f 2941//14 2945//14 2947//14
f 2948//14 2946//14 2942//14
f 2941//14 2947//14 2949//14
f 2950//14 2948//14 2942//14
f 2951//14 2941//14 2949//14
f 2950//14 2942//14 2952//14
f 2951//14 2949//14 2953//14
f 2954//14 2950//14 2952//14
f 2951//14 2953//14 2955//14
f 2956//14 2954//14 2952//14
f 2951//14 2955//14 2957//14
f 2958//14 2956//14 2952//14
f 2951//14 2957//14 2959//14
f 2960//14 2958//14 2952//14
f 2951//14 2959//14 2961//14
f 2962//14 2960//14 2952//14
f 2951//14 2961//14 2963//14
f 2964//14 2951//14 2963//14
f 2962//14 2952//14 2965//14
f 2966//14 2962//14 2965//14
f 2964//14 2963//14 2967//14
f 2968//14 2966//14 2965//14
f 2964//14 2967//14 2969//14
f 2970//14 2968//14 2965//14
f 2964//14 2969//14 2971//14
f 2972//14 2970//14 2965//14
f 2964//14 2971//14 2973//14
f 2974//14 2972//14 2965//14
f 2964//14 2973//14 2975//14
f 2976//14 2974//14 2965//14
f 2964//14 2975//14 2977//14
f 2978//14 2976//14 2965//14
f 2964//14 2977//14 2979//14
f 2980//14 2964//14 2979//14
f 2978//14 2965//14 2981//14
f 2982//14 2978//14 2981//14
f 2980//14 2979//14 2983//14
f 2984//14 2982//14 2981//14
f 2980//14 2983//14 2985//14
f 2986//14 2984//14 2981//14
f 2980//14 2985//14 2987//14
f 2988//14 2986//14 2981//14
f 2980//14 2987//14 2989//14
f 2990//14 2988//14 2981//14
f 2980//14 2989//14 2991//14
f 2992//15 2990//15 2981//15
f 2980//14 2991//14 2993//14
f 2994//14 2992//14 2981//14
f 2980//14 2993//14 2995//14
f 2996//14 2994//14 2981//14
f 2980//14 2995//14 2997//14
f 2998//14 2996//14 2981//14
f 2980//14 2997//14 2999//14
f 3000//14 2998//14 2981//14
f 2980//14 2999//14 3001//14
f 3002//15 3000//15 2981//15
f 2980//16 3001//16 3003//16
f 3004//16 3002//16 2981//16
f 2980//1315 3003//1315 3005//1315
f 3006//15 3004//15 2981//15
f 2980//16 3005//16 3007//16
f 3008//25 3006//25 2981//25
f 2980//25 3007//25 3009//25
f 3009//22 3008//22 2981//22
f 2980//14 3009//14 2981//14
f 2980//14 2981//14 3010//14
f 3011//14 2980//14 3010//14
f 3011//14 3010//14 3012//14
f 3013//14 3011//14 3012//14
f 3013//14 3012//14 3014//14
f 3015//14 3013//14 3014//14
f 3016//14 3015//14 3014//14
f 3016//14 3014//14 3017//14
f 3016//14 3017//14 3018//14
f 3019//14 3016//14 3018//14
f 3019//14 3018//14 3020//14
f 3021//14 3019//14 3020//14
f 3021//14 3020//14 3022//14
f 3023//14 3021//14 3022//14
f 3023//14 3022//14 3024//14
f 3025//14 3023//14 3024//14
f 3025//14 3024//14 3026//14
f 3027//14 3025//14 3026//14
f 3027//14 3026//14 3028//14
f 3029//14 3027//14 3028//14
f 3029//14 3028//14 3030//14
f 3031//14 3029//14 3030//14
f 3031//14 3030//14 3032//14
f 3033//14 3031//14 3032//14
f 3033//14 3032//14 3034//14
f 3035//14 3033//14 3034//14
f 3035//14 3034//14 3036//14
f 3037//14 3035//14 3036//14
f 3037//14 3036//14 3038//14
f 2276//13 2325//13 2722//13
f 2276//13 2722//13 2673//13
f 2286//1319 2290//1319 2687//1319
f 2286//1319 2687//1319 2683//1319
f 2395//1320 2393//1320 2790//1320
f 2395//1320 2790//1320 2792//1320
f 2301//1321 2300//1321 2697//1321
f 2301//1322 2697//1322 2698//1322
f 2394//1323 2396//1323 2793//1323
f 2394//1323 2793//1323 2791//1323
f 2311//1324 2314//1324 2711//1324
f 2311//1324 2711//1324 2708//1324
f 2409//1324 2411//1324 2808//1324
f 2409//1324 2808//1324 2806//1324
f 2331//1325 2332//1325 2729//1325
f 2331//1325 2729//1325 2728//1325
f 2427//1326 2430//1326 2827//1326
f 2427//1326 2827//1326 2824//1326
f 2342//1327 2344//1327 2741//1327
f 2342//1327 2741//1327 2739//1327
f 2446//1328 2450//1328 2847//1328
f 2446//1328 2847//1328 2843//1328
f 2626//1329 2624//1329 3021//1329
f 2626//1329 3021//1329 3023//1329
f 2350//13 2346//13 2743//13
f 2350//13 2743//13 2747//13
f 2466//1330 2470//1330 2867//1330
f 2466//1330 2867//1330 2863//1330
f 2310//1331 2298//1331 2695//1331
f 2310//1331 2695//1331 2707//1331
f 2269//1332 2270//1332 2667//1332
f 2269//1332 2667//1332 2666//1332
f 2262//1333 2257//1333 2654//1333
f 2262//1333 2654//1333 2659//1333
f 2250//1334 2251//1334 2648//1334
f 2250//1334 2648//1334 2647//1334
f 2550//1335 2552//1335 2949//1335
f 2550//1335 2949//1335 2947//1335
f 2260//1336 2261//1336 2658//1336
f 2260//1336 2658//1336 2657//1336
f 2270//1337 2271//1337 2668//1337
f 2270//1337 2668//1337 2667//1337
f 2588//1338 2590//1338 2987//1338
f 2588//1338 2987//1338 2985//1338
f 2275//47 2276//47 2673//47
f 2275//47 2673//47 2672//47
f 2316//1339 2315//1339 2712//1339
f 2316//1340 2712//1340 2713//1340
f 2518//1341 2526//1341 2923//1341
f 2518//1341 2923//1341 2915//1341
f 2604//1342 2606//1342 3003//1342
f 2604//1342 3003//1342 3001//1342
f 2412//1343 2410//1343 2807//1343
f 2412//1344 2807//1344 2809//1344
f 2429//1345 2428//1345 2825//1345
f 2429//1345 2825//1345 2826//1345
f 2615//1346 2617//1346 3014//1346
f 2615//1346 3014//1346 3012//1346
f 2605//1347 2603//1347 3000//1347
f 2605//1348 3000//1348 3002//1348
f 2631//1349 2633//1349 3030//1349
f 2631//1349 3030//1349 3028//1349
f 2589//1350 2587//1350 2984//1350
f 2589//1350 2984//1350 2986//1350
f 2582//1351 2586//1351 2983//1351
f 2582//1352 2983//1352 2979//1352
f 2636//1353 2634//1353 3031//1353
f 2636//1353 3031//1353 3033//1353
f 2571//1354 2569//1354 2966//1354
f 2571//1354 2966//1354 2968//1354
f 2531//1355 2529//1355 2926//1355
f 2531//1355 2926//1355 2928//1355
f 2619//1356 2618//1356 3015//1356
f 2619//1356 3015//1356 3016//1356
f 2534//1357 2525//1357 2922//1357
f 2534//1357 2922//1357 2931//1357
f 2468//1358 2458//1358 2855//1358
f 2468//1358 2855//1358 2865//1358
f 2379//1359 2377//1359 2774//1359
f 2379//1359 2774//1359 2776//1359
f 2363//707 2361//707 2758//707
f 2363//707 2758//707 2760//707
f 2360//1360 2362//1360 2759//1360
f 2360//1360 2759//1360 2757//1360
f 2376//1361 2378//1361 2775//1361
f 2376//1361 2775//1361 2773//1361
f 2449//1362 2460//1362 2857//1362
f 2449//1362 2857//1362 2846//1362
f 2553//1363 2551//1363 2948//1363
f 2553//1363 2948//1363 2950//1363
f 2533//1364 2531//1364 2928//1364
f 2533//1364 2928//1364 2930//1364
f 2513//1365 2511//1365 2908//1365
f 2513//1365 2908//1365 2910//1365
f 2491//1366 2489//1366 2886//1366
f 2491//1366 2886//1366 2888//1366
f 2471//1367 2467//1367 2864//1367
f 2471//1367 2864//1367 2868//1367
f 2431//1368 2429//1368 2826//1368
f 2431//1368 2826//1368 2828//1368
f 2325//1369 2324//1369 2721//1369
f 2325//1369 2721//1369 2722//1369
f 2414//1370 2412//1370 2809//1370
f 2414//1370 2809//1370 2811//1370
f 2315//1371 2313//1371 2710//1371
f 2315//1371 2710//1371 2712//1371
f 2611//1372 2609//1372 3006//1372
f 2611//1372 3006//1372 3008//1372
f 2397//1373 2395//1373 2792//1373
f 2397//1373 2792//1373 2794//1373
f 2290//1374 2289//1374 2686//1374
f 2290//1374 2686//1374 2687//1374
f 2392//1375 2394//1375 2791//1375
f 2392//1375 2791//1375 2789//1375
f 2300//1376 2299//1376 2696//1376
f 2300//1376 2696//1376 2697//1376
f 2408//1377 2409//1377 2806//1377
f 2408//1377 2806//1377 2805//1377
f 2314//1378 2318//1378 2715//1378
f 2314//1378 2715//1378 2711//1378
f 2425//1379 2427//1379 2824//1379
f 2425//1379 2824//1379 2822//1379
f 2332//1380 2334//1380 2731//1380
f 2332//1380 2731//1380 2729//1380
f 2333//1381 2328//1381 2725//1381
f 2333//1381 2725//1381 2730//1381
f 2444//1382 2446//1382 2843//1382
f 2444//1382 2843//1382 2841//1382
f 2344//47 2345//47 2742//47
f 2344//47 2742//47 2741//47
f 2482//1383 2484//1383 2881//1383
f 2482//1383 2881//1383 2879//1383
f 2464//1384 2466//1384 2863//1384
f 2464//1384 2863//1384 2861//1384
f 2346//171 2347//171 2744//171
f 2346//171 2744//171 2743//171
f 2484//1385 2488//1385 2885//1385
f 2484//1385 2885//1385 2881//1385
f 2298//1386 2294//1386 2691//1386
f 2298//1386 2691//1386 2695//1386
f 2506//1387 2510//1387 2907//1387
f 2506//1387 2907//1387 2903//1387
f 2281//1388 2280//1388 2677//1388
f 2281//1388 2677//1388 2678//1388
f 2528//1389 2530//1389 2927//1389
f 2528//1389 2927//1389 2925//1389
f 2257//1390 2252//1390 2649//1390
f 2257//1390 2649//1390 2654//1390
f 2548//1391 2550//1391 2947//1391
f 2548//1391 2947//1391 2945//1391
f 2251//1392 2253//1392 2650//1392
f 2251//1392 2650//1392 2648//1392
f 2261//1393 2263//1393 2660//1393
f 2261//1393 2660//1393 2658//1393
f 2586//1394 2588//1394 2985//1394
f 2586//1394 2985//1394 2983//1394
f 2271//1395 2272//1395 2669//1395
f 2271//1395 2669//1395 2668//1395
f 2467//1396 2465//1396 2862//1396
f 2467//1396 2862//1396 2864//1396
f 2602//1397 2604//1397 3001//1397
f 2602//1397 3001//1397 2999//1397
f 2526//1398 2535//1398 2932//1398
f 2526//1398 2932//1398 2923//1398
f 2595//1399 2593//1399 2990//1399
f 2595//1399 2990//1399 2992//1399
f 2607//1400 2605//1400 3002//1400
f 2607//1400 3002//1400 3004//1400
f 2617//1401 2620//1401 3017//1401
f 2617//1401 3017//1401 3014//1401
f 2629//1402 2631//1402 3028//1402
f 2629//1402 3028//1402 3026//1402
f 2591//1403 2589//1403 2986//1403
f 2591//1403 2986//1403 2988//1403
f 2633//1404 2635//1404 3032//1404
f 2633//1404 3032//1404 3030//1404
f 2573//1405 2571//1405 2968//1405
f 2573//1405 2968//1405 2970//1405
f 2580//1406 2582//1406 2979//1406
f 2580//1406 2979//1406 2977//1406
f 2450//1407 2452//1407 2849//1407
f 2450//1407 2849//1407 2847//1407
f 2525//1408 2517//1408 2914//1408
f 2525//1408 2914//1408 2922//1408
f 2458//1409 2448//1409 2845//1409
f 2458//1409 2845//1409 2855//1409
f 2377//1410 2375//1410 2772//1410
f 2377//1410 2772//1410 2774//1410
f 2361//1411 2359//1411 2756//1411
f 2361//1412 2756//1412 2758//1412
f 2362//1413 2364//1413 2761//1413
f 2362//1413 2761//1413 2759//1413
f 2378//1414 2380//1414 2777//1414
f 2378//1414 2777//1414 2775//1414
f 2547//1415 2543//1415 2940//1415
f 2547//1415 2940//1415 2944//1415
f 2460//1416 2469//1416 2866//1416
f 2460//1416 2866//1416 2857//1416
f 2551//1417 2549//1417 2946//1417
f 2551//1417 2946//1417 2948//1417
f 2511//1418 2507//1418 2904//1418
f 2511//1418 2904//1418 2908//1418
f 2489//1419 2487//1419 2884//1419
f 2489//1419 2884//1419 2886//1419
f 2447//1420 2445//1420 2842//1420
f 2447//1420 2842//1420 2844//1420
f 2324//1421 2323//1421 2720//1421
f 2324//1422 2720//1422 2721//1422
f 2426//1423 2424//1423 2821//1423
f 2426//1423 2821//1423 2823//1423
f 2313//1424 2312//1424 2709//1424
f 2313//1424 2709//1424 2710//1424
f 2407//1425 2405//1425 2802//1425
f 2407//1425 2802//1425 2804//1425
f 2566//1426 2570//1426 2967//1426
f 2566//1426 2967//1426 2963//1426
f 2389//597 2388//597 2785//597
f 2389//597 2785//597 2786//597
f 2289//269 2293//269 2690//269
f 2289//269 2690//269 2686//269
f 2390//1427 2389//1427 2786//1427
f 2390//1427 2786//1427 2787//1427
f 2299//1428 2302//1428 2699//1428
f 2299//1428 2699//1428 2696//1428
f 2398//1429 2400//1429 2797//1429
f 2398//1429 2797//1429 2795//1429
f 2318//1430 2322//1430 2719//1430
f 2318//1430 2719//1430 2715//1430
f 2413//1431 2415//1431 2812//1431
f 2413//1432 2812//1432 2810//1432
f 2334//1433 2335//1433 2732//1433
f 2334//1433 2732//1433 2731//1433
f 2432//1434 2434//1434 2831//1434
f 2432//1434 2831//1434 2829//1434
f 2345//38 2348//38 2745//38
f 2345//38 2745//38 2742//38
f 2452//1435 2454//1435 2851//1435
f 2452//1435 2851//1435 2849//1435
f 2472//1436 2474//1436 2871//1436
f 2472//1436 2871//1436 2869//1436
f 2294//1437 2291//1437 2688//1437
f 2294//1437 2688//1437 2691//1437
f 2280//1438 2279//1438 2676//1438
f 2280//1438 2676//1438 2677//1438
f 2252//1439 2245//1439 2642//1439
f 2252//1439 2642//1439 2649//1439
f 2536//1440 2538//1440 2935//1440
f 2536//1440 2935//1440 2933//1440
f 2263//1441 2264//1441 2661//1441
f 2263//1442 2661//1442 2660//1442
f 2574//1443 2576//1443 2973//1443
f 2574//1444 2973//1444 2971//1444
f 2272//1445 2273//1445 2670//1445
f 2272//1445 2670//1445 2669//1445
f 2592//1446 2594//1446 2991//1446
f 2592//1446 2991//1446 2989//1446
f 2535//1447 2545//1447 2942//1447
f 2535//1447 2942//1447 2932//1447
f 2608//1448 2610//1448 3007//1448
f 2608//1448 3007//1448 3005//1448
f 2620//1449 2621//1449 3018//1449
f 2620//1449 3018//1449 3017//1449
f 2601//1450 2599//1450 2996//1450
f 2601//1450 2996//1450 2998//1450
f 2635//1451 2637//1451 3034//1451
f 2635//1451 3034//1451 3032//1451
f 2585//1452 2581//1452 2978//1452
f 2585//1452 2978//1452 2982//1452
f 2632//1453 2630//1453 3027//1453
f 2632//1453 3027//1453 3029//1453
f 2565//1454 2563//1454 2960//1454
f 2565//1454 2960//1454 2962//1454
f 2616//1455 2614//1455 3011//1455
f 2616//1455 3011//1455 3013//1455
f 2517//1456 2508//1456 2905//1456
f 2517//1456 2905//1456 2914//1456
f 2448//1457 2435//1457 2832//1457
f 2448//1457 2832//1457 2845//1457
f 2375//1458 2373//1458 2770//1458
f 2375//1458 2770//1458 2772//1458
f 2359//1459 2357//1459 2754//1459
f 2359//1459 2754//1459 2756//1459
f 2364//1460 2366//1460 2763//1460
f 2364//1461 2763//1461 2761//1461
f 2639//1462 2641//1462 3038//1462
f 2639//1462 3038//1462 3036//1462
f 2380//1463 2382//1463 2779//1463
f 2380//1463 2779//1463 2777//1463
f 2469//1464 2478//1464 2875//1464
f 2469//1464 2875//1464 2866//1464
f 2549//1465 2547//1465 2944//1465
f 2549//1465 2944//1465 2946//1465
f 2529//1466 2527//1466 2924//1466
f 2529//1466 2924//1466 2926//1466
f 2507//1467 2505//1467 2902//1467
f 2507//1467 2902//1467 2904//1467
f 2487//1468 2483//1468 2880//1468
f 2487//1468 2880//1468 2884//1468
f 2436//1469 2433//1469 2830//1469
f 2436//1469 2830//1469 2833//1469
f 2445//1470 2443//1470 2840//1470
f 2445//1470 2840//1470 2842//1470
f 2483//1471 2481//1471 2878//1471
f 2483//1471 2878//1471 2880//1471
f 2428//1472 2426//1472 2823//1472
f 2428//1472 2823//1472 2825//1472
f 2323//1473 2321//1473 2718//1473
f 2323//1474 2718//1474 2720//1474
f 2410//1475 2407//1475 2804//1475
f 2410//1475 2804//1475 2807//1475
f 2312//1476 2309//1476 2706//1476
f 2312//1476 2706//1476 2709//1476
f 2393//1477 2390//1477 2787//1477
f 2393//1477 2787//1477 2790//1477
f 2293//1478 2292//1478 2689//1478
f 2293//1478 2689//1478 2690//1478
f 2396//1479 2398//1479 2795//1479
f 2396//1479 2795//1479 2793//1479
f 2302//1480 2303//1480 2700//1480
f 2302//1480 2700//1480 2699//1480
f 2411//1481 2413//1481 2810//1481
f 2411//1481 2810//1481 2808//1481
f 2322//1482 2326//1482 2723//1482
f 2322//1482 2723//1482 2719//1482
f 2430//1483 2432//1483 2829//1483
f 2430//1483 2829//1483 2827//1483
f 2335//1484 2336//1484 2733//1484
f 2335//1484 2733//1484 2732//1484
f 2348//47 2349//47 2746//47
f 2348//47 2746//47 2745//47
f 2470//1485 2472//1485 2869//1485
f 2470//1485 2869//1485 2867//1485
f 2343//171 2340//171 2737//171
f 2343//171 2737//171 2740//171
f 2490//1486 2492//1486 2889//1486
f 2490//1486 2889//1486 2887//1486
f 2291//1487 2288//1487 2685//1487
f 2291//1487 2685//1487 2688//1487
f 2512//1488 2514//1488 2911//1488
f 2512//1488 2911//1488 2909//1488
f 2279//1489 2278//1489 2675//1489
f 2279//1489 2675//1489 2676//1489
f 2488//1490 2490//1490 2887//1490
f 2488//1490 2887//1490 2885//1490
f 2532//1491 2536//1491 2933//1491
f 2532//1491 2933//1491 2929//1491
f 2245//1492 2247//1492 2643//1492
f 2245//1492 2643//1492 2642//1492
f 2552//1493 2556//1493 2953//1493
f 2552//1493 2953//1493 2949//1493
f 2254//1494 2255//1494 2652//1494
f 2254//1494 2652//1494 2651//1494
f 2572//1495 2574//1495 2971//1495
f 2572//1495 2971//1495 2969//1495
f 2264//1496 2265//1496 2662//1496
f 2264//1497 2662//1497 2661//1497
f 2590//1498 2592//1498 2989//1498
f 2590//1498 2989//1498 2987//1498
f 2273//1499 2275//1499 2672//1499
f 2273//1499 2672//1499 2670//1499
f 2606//1500 2608//1500 3005//1500
f 2606//1500 3005//1500 3003//1500
f 2545//1501 2555//1501 2952//1501
f 2545//1501 2952//1501 2942//1501
f 2603//1502 2601//1502 2998//1502
f 2603//1502 2998//1502 3000//1502
f 2621//1503 2623//1503 3020//1503
f 2621//1503 3020//1503 3018//1503
f 2587//1504 2585//1504 2982//1504
f 2587//1504 2982//1504 2984//1504
f 2637//1505 2639//1505 3036//1505
f 2637//1505 3036//1505 3034//1505
f 2569//1506 2565//1506 2962//1506
f 2569//1506 2962//1506 2966//1506
f 2630//1507 2628//1507 3025//1507
f 2630//1507 3025//1507 3027//1507
f 2614//1508 2583//1508 2980//1508
f 2614//1508 2980//1508 3011//1508
f 2508//1509 2500//1509 2897//1509
f 2508//1509 2897//1509 2905//1509
f 2435//1510 2421//1510 2818//1510
f 2435//1510 2818//1510 2832//1510
f 2373//1511 2371//1511 2768//1511
f 2373//1511 2768//1511 2770//1511
f 2282//1512 2281//1512 2678//1512
f 2282//1512 2678//1512 2679//1512
f 2357//1513 2354//1513 2751//1513
f 2357//1513 2751//1513 2754//1513
f 2510//1514 2512//1514 2909//1514
f 2510//1514 2909//1514 2907//1514
f 2366//1515 2368//1515 2765//1515
f 2366//1515 2765//1515 2763//1515
f 2382//1516 2384//1516 2781//1516
f 2382//1516 2781//1516 2779//1516
f 2476//1517 2480//1517 2877//1517
f 2476//1517 2877//1517 2873//1517
f 2478//1518 2486//1518 2883//1518
f 2478//1518 2883//1518 2875//1518
f 2527//1519 2523//1519 2920//1519
f 2527//1519 2920//1519 2924//1519
f 2505//1520 2503//1520 2900//1520
f 2505//1520 2900//1520 2902//1520
f 2463//1521 2461//1521 2858//1521
f 2463//1521 2858//1521 2860//1521
f 2443//1522 2441//1522 2838//1522
f 2443//1522 2838//1522 2840//1522
f 2634//1523 2632//1523 3029//1523
f 2634//1523 3029//1523 3031//1523
f 2321//1524 2320//1524 2717//1524
f 2321//1525 2717//1525 2718//1525
f 2309//267 2308//267 2705//267
f 2309//267 2705//267 2706//267
f 2292//1526 2297//1526 2694//1526
f 2292//1526 2694//1526 2689//1526
f 2388//1527 2387//1527 2784//1527
f 2388//1527 2784//1527 2785//1527
f 2303//1528 2304//1528 2701//1528
f 2303//1528 2701//1528 2700//1528
f 2326//1529 2327//1529 2724//1529
f 2326//1529 2724//1529 2723//1529
f 2387//1530 2386//1530 2783//1530
f 2387//1530 2783//1530 2784//1530
f 2336//1531 2338//1531 2735//1531
f 2336//1531 2735//1531 2733//1531
f 2438//1532 2440//1532 2837//1532
f 2438//1533 2837//1533 2835//1533
f 2349//13 2352//13 2749//13
f 2349//13 2749//13 2746//13
f 2456//1534 2459//1534 2856//1534
f 2456//1534 2856//1534 2853//1534
f 2420//1535 2418//1535 2815//1535
f 2420//1535 2815//1535 2817//1535
f 2288//1536 2285//1536 2682//1536
f 2288//1536 2682//1536 2685//1536
f 2498//1537 2502//1537 2899//1537
f 2498//1537 2899//1537 2895//1537
f 2278//1538 2277//1538 2674//1538
f 2278//1538 2674//1538 2675//1538
f 2520//1539 2522//1539 2919//1539
f 2520//1539 2919//1539 2917//1539
f 2247//1540 2246//1540 2644//1540
f 2247//1540 2644//1540 2643//1540
f 2540//1541 2542//1541 2939//1541
f 2540//1541 2939//1541 2937//1541
f 2255//1542 2256//1542 2653//1542
f 2255//1542 2653//1542 2652//1542
f 2560//1543 2562//1543 2959//1543
f 2560//1543 2959//1543 2957//1543
f 2265//1544 2266//1544 2663//1544
f 2265//1544 2663//1544 2662//1544
f 2546//1545 2548//1545 2945//1545
f 2546//1545 2945//1545 2943//1545
f 2596//1546 2598//1546 2995//1546
f 2596//1546 2995//1546 2993//1546
f 2555//1547 2568//1547 2965//1547
f 2555//1547 2965//1547 2952//1547
f 2612//1548 2611//1548 3008//1548
f 2612//1548 3008//1548 3009//1548
f 2623//1549 2625//1549 3022//1549
f 2623//1549 3022//1549 3020//1549
f 2597//1550 2595//1550 2992//1550
f 2597//1550 2992//1550 2994//1550
f 2563//1551 2561//1551 2958//1551
f 2563//1551 2958//1551 2960//1551
f 2628//1552 2626//1552 3023//1552
f 2628//1552 3023//1552 3025//1552
f 2583//1553 2567//1553 2964//1553
f 2583//1553 2964//1553 2980//1553
f 2500//1554 2493//1554 2890//1554
f 2500//1554 2890//1554 2897//1554
f 2421//1555 2385//1555 2782//1555
f 2421//1555 2782//1555 2818//1555
f 2403//1556 2401//1556 2798//1556
f 2403//1557 2798//1557 2800//1557
f 2371//1558 2369//1558 2766//1558
f 2371//1558 2766//1558 2768//1558
f 2499//1559 2497//1559 2894//1559
f 2499//1559 2894//1559 2896//1559
f 2354//1560 2356//1560 2752//1560
f 2354//1560 2752//1560 2751//1560
f 2368//1561 2370//1561 2767//1561
f 2368//1561 2767//1561 2765//1561
f 2384//1562 2391//1562 2788//1562
f 2384//1562 2788//1562 2781//1562
f 2543//1563 2541//1563 2938//1563
f 2543//1563 2938//1563 2940//1563
f 2474//1564 2476//1564 2873//1564
f 2474//1564 2873//1564 2871//1564
f 2523//1565 2521//1565 2918//1565
f 2523//1565 2918//1565 2920//1565
f 2473//1566 2471//1566 2868//1566
f 2473//1566 2868//1566 2870//1566
f 2503//1567 2499//1567 2896//1567
f 2503//1567 2896//1567 2900//1567
f 2530//1568 2532//1568 2929//1568
f 2530//1568 2929//1568 2927//1568
f 2481//1569 2479//1569 2876//1569
f 2481//1569 2876//1569 2878//1569
f 2570//1570 2572//1570 2969//1570
f 2570//1570 2969//1570 2967//1570
f 2461//1571 2457//1571 2854//1571
f 2461//1571 2854//1571 2858//1571
f 2347//38 2343//38 2740//38
f 2347//38 2740//38 2744//38
f 2441//1572 2439//1572 2836//1572
f 2441//1572 2836//1572 2838//1572
f 2424//1573 2420//1573 2817//1573
f 2424//1573 2817//1573 2821//1573
f 2320//1574 2319//1574 2716//1574
f 2320//1575 2716//1575 2717//1575
f 2405//1576 2403//1576 2800//1576
f 2405//1576 2800//1576 2802//1576
f 2308//1577 2306//1577 2703//1577
f 2308//1577 2703//1577 2705//1577
f 2297//1578 2296//1578 2693//1578
f 2297//1578 2693//1578 2694//1578
f 2400//1579 2402//1579 2799//1579
f 2400//1579 2799//1579 2797//1579
f 2304//1580 2305//1580 2702//1580
f 2304//1580 2702//1580 2701//1580
f 2415//1581 2417//1581 2814//1581
f 2415//1581 2814//1581 2812//1581
f 2327//1582 2329//1582 2726//1582
f 2327//1582 2726//1582 2724//1582
f 2434//1583 2438//1583 2835//1583
f 2434//1583 2835//1583 2831//1583
f 2338//1584 2339//1584 2736//1584
f 2338//1584 2736//1584 2735//1584
f 2454//1585 2456//1585 2853//1585
f 2454//1585 2853//1585 2851//1585
f 2352//47 2353//47 2750//47
f 2352//47 2750//47 2749//47
f 2337//1586 2333//1586 2730//1586
f 2337//1586 2730//1586 2734//1586
f 2496//1587 2498//1587 2895//1587
f 2496//1587 2895//1587 2893//1587
f 2285//1588 2284//1588 2681//1588
f 2285//1588 2681//1588 2682//1588
f 2516//1589 2520//1589 2917//1589
f 2516//1589 2917//1589 2913//1589
f 2277//1590 2274//1590 2671//1590
f 2277//1590 2671//1590 2674//1590
f 2538//1591 2540//1591 2937//1591
f 2538//1591 2937//1591 2935//1591
f 2246//1592 2248//1592 2645//1592
f 2246//1592 2645//1592 2644//1592
f 2558//1593 2560//1593 2957//1593
f 2558//1593 2957//1593 2955//1593
f 2256//1594 2258//1594 2655//1594
f 2256//1594 2655//1594 2653//1594
f 2576//1595 2578//1595 2975//1595
f 2576//1595 2975//1595 2973//1595
f 2266//1596 2267//1596 2664//1596
f 2266//1596 2664//1596 2663//1596
f 2492//1597 2496//1597 2893//1597
f 2492//1597 2893//1597 2889//1597
f 2495//1597 2501//1597 2898//1597
f 2495//1597 2898//1597 2892//1597
f 2568//1598 2584//1598 2981//1598
f 2568//1598 2981//1598 2965//1598
f 2402//1599 2404//1599 2801//1599
f 2402//1599 2801//1599 2799//1599
f 2599//1600 2597//1600 2994//1600
f 2599//1600 2994//1600 2996//1600
f 2625//1601 2627//1601 3024//1601
f 2625//1601 3024//1601 3022//1601
f 2613//1602 2615//1602 3012//1602
f 2613//1602 3012//1602 3010//1602
f 2581//1603 2579//1603 2976//1603
f 2581//1603 2976//1603 2978//1603
f 2641//1604 2640//1604 3037//1604
f 2641//1604 3037//1604 3038//1604
f 2567//1605 2554//1605 2951//1605
f 2567//1605 2951//1605 2964//1605
f 2493//1606 2485//1606 2882//1606
f 2493//1606 2882//1606 2890//1606
f 2385//1607 2383//1607 2780//1607
f 2385//1607 2780//1607 2782//1607
f 2369//1608 2367//1608 2764//1608
f 2369//1608 2764//1608 2766//1608
f 2356//1609 2355//1609 2753//1609
f 2356//1609 2753//1609 2752//1609
f 2370//1610 2372//1610 2769//1610
f 2370//1610 2769//1610 2767//1610
f 2391//1611 2422//1611 2819//1611
f 2391//1611 2819//1611 2788//1611
f 2486//1612 2495//1612 2892//1612
f 2486//1612 2892//1612 2883//1612
f 2561//1613 2559//1613 2956//1613
f 2561//1613 2956//1613 2958//1613
f 2514//1614 2516//1614 2913//1614
f 2514//1614 2913//1614 2911//1614
f 2541//1615 2539//1615 2936//1615
f 2541//1615 2936//1615 2938//1615
f 2521//1616 2519//1616 2916//1616
f 2521//1616 2916//1616 2918//1616
f 2417//1617 2419//1617 2816//1617
f 2417//1617 2816//1617 2814//1617
f 2479//1618 2475//1618 2872//1618
f 2479//1618 2872//1618 2876//1618
f 2457//1619 2455//1619 2852//1619
f 2457//1619 2852//1619 2854//1619
f 2439//1620 2436//1620 2833//1620
f 2439//1620 2833//1620 2836//1620
f 2433//1621 2431//1621 2828//1621
f 2433//1621 2828//1621 2830//1621
f 2578//1622 2580//1622 2977//1622
f 2578//1622 2977//1622 2975//1622
f 2319//1623 2317//1623 2714//1623
f 2319//1623 2714//1623 2716//1623
f 2416//1624 2414//1624 2811//1624
f 2416//1624 2811//1624 2813//1624
f 2306//1625 2287//1625 2684//1625
f 2306//1625 2684//1625 2703//1625
f 2399//1626 2397//1626 2794//1626
f 2399//1626 2794//1626 2796//1626
f 2296//1627 2295//1627 2692//1627
f 2296//1627 2692//1627 2693//1627
f 2386//1628 2392//1628 2789//1628
f 2386//1628 2789//1628 2783//1628
f 2305//1629 2307//1629 2704//1629
f 2305//1630 2704//1630 2702//1630
f 2406//1631 2408//1631 2805//1631
f 2406//1631 2805//1631 2803//1631
f 2329//1632 2330//1632 2727//1632
f 2329//1632 2727//1632 2726//1632
f 2423//1633 2425//1633 2822//1633
f 2423//1633 2822//1633 2820//1633
f 2339//1634 2341//1634 2738//1634
f 2339//1634 2738//1634 2736//1634
f 2442//1635 2444//1635 2841//1635
f 2442//1635 2841//1635 2839//1635
f 2579//1636 2577//1636 2974//1636
f 2579//1636 2974//1636 2976//1636
f 2480//1637 2482//1637 2879//1637
f 2480//1637 2879//1637 2877//1637
f 2353//13 2351//13 2748//13
f 2353//13 2748//13 2750//13
f 2462//1638 2464//1638 2861//1638
f 2462//1638 2861//1638 2859//1638
f 2328//1639 2310//1639 2707//1639
f 2328//1639 2707//1639 2725//1639
f 2284//1640 2283//1640 2680//1640
f 2284//1640 2680//1640 2681//1640
f 2504//1641 2506//1641 2903//1641
f 2504//1641 2903//1641 2901//1641
f 2274//1642 2268//1642 2665//1642
f 2274//1642 2665//1642 2671//1642
f 2524//1643 2528//1643 2925//1643
f 2524//1643 2925//1643 2921//1643
f 2248//1644 2249//1644 2646//1644
f 2248//1644 2646//1644 2645//1644
f 2258//1645 2259//1645 2656//1645
f 2258//1645 2656//1645 2655//1645
f 2515//1646 2513//1646 2910//1646
f 2515//1646 2910//1646 2912//1646
f 2267//1647 2269//1647 2666//1647
f 2267//1648 2666//1648 2664//1648
f 2501//1649 2509//1649 2906//1649
f 2501//1649 2906//1649 2898//1649
f 2600//1650 2602//1650 2999//1650
f 2600//1650 2999//1650 2997//1650
f 2584//1651 2613//1651 3010//1651
f 2584//1651 3010//1651 2981//1651
f 2609//1652 2607//1652 3004//1652
f 2609//1652 3004//1652 3006//1652
f 2564//1653 2566//1653 2963//1653
f 2564//1653 2963//1653 2961//1653
f 2627//1654 2629//1654 3026//1654
f 2627//1654 3026//1654 3024//1654
f 2593//1655 2591//1655 2988//1655
f 2593//1655 2988//1655 2990//1655
f 2640//1656 2638//1656 3035//1656
f 2640//1656 3035//1656 3037//1656
f 2575//1657 2573//1657 2970//1657
f 2575//1657 2970//1657 2972//1657
f 2594//1658 2596//1658 2993//1658
f 2594//1658 2993//1658 2991//1658
f 2624//1659 2622//1659 3019//1659
f 2624//1659 3019//1659 3021//1659
f 2554//1660 2544//1660 2941//1660
f 2554//1660 2941//1660 2951//1660
f 2253//1190 2254//1190 2651//1190
f 2253//1190 2651//1190 2650//1190
f 2485//1661 2477//1661 2874//1661
f 2485//1661 2874//1661 2882//1661
f 2383//1662 2381//1662 2778//1662
f 2383//1662 2778//1662 2780//1662
f 2367//1663 2365//1663 2762//1663
f 2367//1663 2762//1663 2764//1663
f 2355//1664 2358//1664 2755//1664
f 2355//1664 2755//1664 2753//1664
f 2372//1665 2374//1665 2771//1665
f 2372//1665 2771//1665 2769//1665
f 2422//1666 2437//1666 2834//1666
f 2422//1666 2834//1666 2819//1666
f 2618//1667 2616//1667 3013//1667
f 2618//1667 3013//1667 3015//1667
f 2559//1668 2557//1668 2954//1668
f 2559//1668 2954//1668 2956//1668
f 2539//1669 2537//1669 2934//1669
f 2539//1669 2934//1669 2936//1669
f 2519//1670 2515//1670 2912//1670
f 2519//1670 2912//1670 2916//1670
f 2497//1671 2494//1671 2891//1671
f 2497//1671 2891//1671 2894//1671
f 2475//1672 2473//1672 2870//1672
f 2475//1672 2870//1672 2872//1672
f 2610//1673 2612//1673 3009//1673
f 2610//1673 3009//1673 3007//1673
f 2455//1674 2453//1674 2850//1674
f 2455//1674 2850//1674 2852//1674
f 2418//1675 2416//1675 2813//1675
f 2418//1675 2813//1675 2815//1675
f 2317//1676 2316//1676 2713//1676
f 2317//1676 2713//1676 2714//1676
f 2401//182 2399//182 2796//182
f 2401//182 2796//182 2798//182
f 2287//1677 2286//1677 2683//1677
f 2287//1677 2683//1677 2684//1677
f 2340//1678 2337//1678 2734//1678
f 2340//1678 2734//1678 2737//1678
f 2295//1679 2301//1679 2698//1679
f 2295//1680 2698//1680 2692//1680
f 2404//1681 2406//1681 2803//1681
f 2404//1681 2803//1681 2801//1681
f 2307//1682 2311//1682 2708//1682
f 2307//1682 2708//1682 2704//1682
f 2419//1683 2423//1683 2820//1683
f 2419//1683 2820//1683 2816//1683
f 2330//1684 2331//1684 2728//1684
f 2330//1684 2728//1684 2727//1684
f 2440//1685 2442//1685 2839//1685
f 2440//1685 2839//1685 2837//1685
f 2341//1686 2342//1686 2739//1686
f 2341//1686 2739//1686 2738//1686
f 2459//1687 2462//1687 2859//1687
f 2459//1687 2859//1687 2856//1687
f 2351//171 2350//171 2747//171
f 2351//171 2747//171 2748//171
f 2556//1688 2558//1688 2955//1688
f 2556//1688 2955//1688 2953//1688
f 2502//1689 2504//1689 2901//1689
f 2502//1689 2901//1689 2899//1689
f 2283//1690 2282//1690 2679//1690
f 2283//1690 2679//1690 2680//1690
f 2522//1691 2524//1691 2921//1691
f 2522//1691 2921//1691 2919//1691
f 2268//1692 2262//1692 2659//1692
f 2268//1692 2659//1692 2665//1692
f 2542//1693 2546//1693 2943//1693
f 2542//1693 2943//1693 2939//1693
f 2249//1694 2250//1694 2647//1694
f 2249//1694 2647//1694 2646//1694
f 2259//1695 2260//1695 2657//1695
f 2259//1696 2657//1696 2656//1696
f 2598//1697 2600//1697 2997//1697
f 2598//1697 2997//1697 2995//1697
f 2509//1698 2518//1698 2915//1698
f 2509//1698 2915//1698 2906//1698
f 2451//1699 2447//1699 2844//1699
f 2451//1699 2844//1699 2848//1699
f 2577//1700 2575//1700 2972//1700
f 2577//1700 2972//1700 2974//1700
f 2638//1701 2636//1701 3033//1701
f 2638//1701 3033//1701 3035//1701
f 2622//1702 2619//1702 3016//1702
f 2622//1702 3016//1702 3019//1702
f 2544//1703 2534//1703 2931//1703
f 2544//1703 2931//1703 2941//1703
f 2477//1704 2468//1704 2865//1704
f 2477//1704 2865//1704 2874//1704
f 2381//1705 2379//1705 2776//1705
f 2381//1705 2776//1705 2778//1705
f 2365//1706 2363//1706 2760//1706
f 2365//1706 2760//1706 2762//1706
f 2358//1707 2360//1707 2757//1707
f 2358//1707 2757//1707 2755//1707
f 2374//1708 2376//1708 2773//1708
f 2374//1708 2773//1708 2771//1708
f 2437//1709 2449//1709 2846//1709
f 2437//1709 2846//1709 2834//1709
f 2557//1710 2553//1710 2950//1710
f 2557//1710 2950//1710 2954//1710
f 2562//1711 2564//1711 2961//1711
f 2562//1711 2961//1711 2959//1711
f 2537//1712 2533//1712 2930//1712
f 2537//1712 2930//1712 2934//1712
f 2494//1713 2491//1713 2888//1713
f 2494//1713 2888//1713 2891//1713
f 2465//1714 2463//1714 2860//1714
f 2465//1714 2860//1714 2862//1714
f 2453//1715 2451//1715 2848//1715
f 2453//1715 2848//1715 2850//1715
f 3039//4 3040//4 3041//4
f 3039//9 3042//9 3040//9
f 3039//1 3043//1 3042//1
f 3039//5 3044//5 3043//5
f 3039//2 3045//2 3044//2
f 3039//3 3046//3 3045//3
f 3047//1 3046//1 3039//1
f 3047//4 3048//4 3046//4
f 3047//3 3049//3 3048//3
f 3047//4 3050//4 3049//4
f 3047//1 3051//1 3050//1
f 3047//3 3052//3 3051//3
f 3047//1 3053//1 3052//1
f 3054//1 3053//1 3047//1
f 3054//3 3055//3 3053//3
f 3054//4 3056//4 3055//4
f 3054//3 3057//3 3056//3
f 3054//1 3058//1 3057//1
f 3054//1 3059//1 3058//1
f 3054//1 3060//1 3059//1
f 3061//1 3060//1 3054//1
f 3061//4 3062//4 3060//4
f 3061//1 3063//1 3062//1
f 3061//3 3064//3 3063//3
f 3061//1 3065//1 3064//1
f 3061//4 3066//4 3065//4
f 3061//1 3067//1 3066//1
f 3068//1 3067//1 3061//1
f 3069//1 3070//1 3071//1
f 3069//1 3072//1 3070//1
f 3068//1 3073//1 3067//1
f 3074//1 3073//1 3068//1
f 3075//1 3073//1 3074//1
f 3076//1 3073//1 3075//1
f 3077//1 3073//1 3076//1
f 3078//1 3073//1 3077//1
f 3079//1 3073//1 3078//1
f 3080//1 3073//1 3079//1
f 3081//1 3073//1 3080//1
f 3082//1 3073//1 3081//1
f 3083//1 3073//1 3082//1
f 3084//1 3073//1 3083//1
f 3085//1 3073//1 3084//1
f 3086//1 3073//1 3085//1
f 3087//1 3073//1 3086//1
f 3088//1 3073//1 3087//1
f 3089//1 3073//1 3088//1
f 3090//1 3073//1 3089//1
f 3091//1 3073//1 3090//1
f 3072//1 3073//1 3091//1
f 3069//1 3092//1 3072//1
f 3092//1 3093//1 3072//1
f 3093//1 3094//1 3072//1
f 3094//1 3095//1 3072//1
f 3095//1 3096//1 3072//1
f 3096//1 3097//1 3072//1
f 3097//1 3098//1 3072//1
f 3098//1 3099//1 3072//1
f 3099//1 3100//1 3072//1
f 3100//1 3101//1 3072//1
f 3101//1 3102//1 3072//1
f 3102//1 3103//1 3072//1
f 3103//1 3104//1 3072//1
f 3104//1 3105//1 3072//1
f 3105//1 3106//1 3072//1
f 3106//1 3107//1 3072//1
f 3107//1 3108//1 3072//1
f 3108//1 3109//1 3072//1
f 3109//1 3110//1 3072//1
f 3110//1 3111//1 3072//1
f 3111//1 3112//1 3072//1
f 3112//1 3113//1 3072//1
f 3113//1 3114//1 3072//1
f 3114//1 3115//1 3072//1
f 3115//1 3116//1 3072//1
f 3116//1 3117//1 3072//1
f 3117//1 3118//1 3072//1
f 3118//1 3119//1 3072//1
f 3119//1 3120//1 3072//1
f 3120//1 3121//1 3072//1
f 3121//1 3122//1 3072//1
f 3122//1 3123//1 3072//1
f 3123//1 3124//1 3072//1
f 3124//1 3125//1 3072//1
f 3125//1 3126//1 3072//1
f 3126//1 3127//1 3072//1
f 3127//1 3128//1 3072//1
f 3128//1 3129//1 3072//1
f 3129//1 3130//1 3072//1
f 3130//1 3131//1 3072//1
f 3131//1 3073//1 3072//1
f 3132//1 3073//1 3131//1
f 3133//1 3073//1 3132//1
f 3134//1 3073//1 3133//1
f 3135//1 3073//1 3134//1
f 3136//1 3073//1 3135//1
f 3137//1 3073//1 3136//1
f 3138//1 3073//1 3137//1
f 3139//1 3073//1 3138//1
f 3140//1 3073//1 3139//1
f 3069//1 3141//1 3092//1
f 3142//4 3143//4 3144//4
f 3145//1 3143//1 3142//1
f 3146//3 3143//3 3145//3
f 3146//1 3147//1 3143//1
f 3148//1 3147//1 3146//1
f 3149//1 3147//1 3148//1
f 3149//1 3150//1 3147//1
f 3151//1 3150//1 3149//1
f 3152//1 3150//1 3151//1
f 3152//1 3153//1 3150//1
f 3154//1 3153//1 3152//1
f 3155//1 3153//1 3154//1
f 3155//1 3156//1 3153//1
f 3157//1 3156//1 3155//1
f 3158//1 3156//1 3157//1
f 3158//1 3159//1 3156//1
f 3160//1 3159//1 3158//1
f 3161//1 3159//1 3160//1
f 3161//1 3162//1 3159//1
f 3163//1 3162//1 3161//1
f 3164//1 3162//1 3163//1
f 3165//1 3162//1 3164//1
f 3165//1 3166//1 3162//1
f 3167//1 3166//1 3165//1
f 3168//1 3166//1 3167//1
f 3169//1 3166//1 3168//1
f 3169//1 3170//1 3166//1
f 3171//1 3170//1 3169//1
f 3172//1 3170//1 3171//1
f 3173//1 3170//1 3172//1
f 3174//1 3170//1 3173//1
f 3174//1 3175//1 3170//1
f 3176//1 3175//1 3174//1
f 3177//1 3175//1 3176//1
f 3177//1 3178//1 3175//1
f 3177//1 3179//1 3178//1
f 3179//1 3180//1 3178//1
f 3179//1 3181//1 3180//1
f 3181//1 3182//1 3180//1
f 3182//1 3183//1 3180//1
f 3182//1 3184//1 3183//1
f 3184//1 3185//1 3183//1
f 3184//1 3186//1 3185//1
f 3186//1 3187//1 3185//1
f 3186//1 3188//1 3187//1
f 3188//1 3189//1 3187//1
f 3189//1 3190//1 3187//1
f 3189//1 3191//1 3190//1
f 3191//1 3192//1 3190//1
f 3191//1 3193//1 3192//1
f 3193//1 3194//1 3192//1
f 3193//8 3195//8 3194//8
f 3195//4 3196//4 3194//4
f 3196//1 3197//1 3194//1
f 3196//1 3198//1 3197//1
f 3198//1 3199//1 3197//1
f 3199//1 3200//1 3197//1
f 3201//1 3200//1 3199//1
f 3202//1 3200//1 3201//1
f 3203//1 3200//1 3202//1
f 3204//1 3200//1 3203//1
f 3205//1 3200//1 3204//1
f 3206//1 3200//1 3205//1
f 3207//1 3200//1 3206//1
f 3208//1 3200//1 3207//1
f 3208//1 3209//1 3200//1
f 3177//4 3210//4 3179//4
f 3211//1 3209//1 3208//1
f 3177//1 3212//1 3210//1
f 3213//1 3209//1 3211//1
f 3177//1 3214//1 3212//1
f 3215//1 3209//1 3213//1
f 3177//1 3216//1 3214//1
f 3177//1 3217//1 3216//1
f 3218//1 3209//1 3215//1
f 3177//1 3219//1 3217//1
f 3220//1 3209//1 3218//1
f 3220//1 3221//1 3209//1
f 3177//1 3222//1 3219//1
f 3177//1 3223//1 3222//1
f 3224//1 3221//1 3220//1
f 3177//1 3225//1 3223//1
f 3177//1 3226//1 3225//1
f 3227//1 3221//1 3224//1
f 3177//1 3228//1 3226//1
f 3177//1 3229//1 3228//1
f 3177//1 3230//1 3229//1
f 3231//1 3221//1 3227//1
f 3177//1 3232//1 3230//1
f 3231//1 3233//1 3221//1
f 3234//1 3233//1 3231//1
f 3235//1 3233//1 3234//1
f 3236//1 3233//1 3235//1
f 3236//1 3237//1 3233//1
f 3238//1 3237//1 3236//1
f 3239//1 3237//1 3238//1
f 3239//1 3240//1 3237//1
f 3241//1 3240//1 3239//1
f 3242//1 3240//1 3241//1
f 3243//1 3240//1 3242//1
f 3244//1 3240//1 3243//1
f 3245//1 3240//1 3244//1
f 3246//1 3240//1 3245//1
f 3247//1 3240//1 3246//1
f 3248//1 3249//1 3247//1
f 3249//1 3240//1 3247//1
f 3250//1 3249//1 3248//1
f 3251//1 3249//1 3250//1
f 3252//1 3249//1 3251//1
f 3253//1 3249//1 3252//1
f 3254//1 3249//1 3253//1
f 3255//1 3249//1 3254//1
f 3256//1 3249//1 3255//1
f 3257//1 3249//1 3256//1
f 3258//1 3249//1 3257//1
f 3259//1 3249//1 3258//1
f 3260//1 3249//1 3259//1
f 3261//1 3249//1 3260//1
f 3262//1 3249//1 3261//1
f 3263//1 3249//1 3262//1
f 3264//1 3249//1 3263//1
f 3265//1 3249//1 3264//1
f 3266//1 3249//1 3265//1
f 3267//1 3249//1 3266//1
f 3268//1 3249//1 3267//1
f 3269//1 3249//1 3268//1
f 3270//1 3249//1 3269//1
f 3271//1 3249//1 3270//1
f 3272//1 3249//1 3271//1
f 3273//1 3249//1 3272//1
f 3274//1 3249//1 3273//1
f 3275//1 3249//1 3274//1
f 3276//1 3249//1 3275//1
f 3277//1 3249//1 3276//1
f 3278//1 3249//1 3277//1
f 3279//1 3249//1 3278//1
f 3279//1 3280//1 3249//1
f 3281//1 3240//1 3249//1
f 3279//1 3282//1 3280//1
f 3279//1 3283//1 3282//1
f 3279//1 3284//1 3283//1
f 3285//1 3284//1 3279//1
f 3285//1 3286//1 3284//1
f 3285//1 3287//1 3286//1
f 3285//1 3288//1 3287//1
f 3285//1 3289//1 3288//1
f 3285//1 3290//1 3289//1
f 3285//1 3291//1 3290//1
f 3285//1 3292//1 3291//1
f 3285//1 3293//1 3292//1
f 3285//1 3294//1 3293//1
f 3295//1 3294//1 3285//1
f 3295//1 3296//1 3294//1
f 3295//1 3297//1 3296//1
f 3295//1 3298//1 3297//1
f 3295//1 3299//1 3298//1
f 3295//1 3300//1 3299//1
f 3295//1 3301//1 3300//1
f 3295//1 3302//1 3301//1
f 3303//1 3302//1 3295//1
f 3303//1 3304//1 3302//1
f 3303//1 3305//1 3304//1
f 3303//1 3306//1 3305//1
f 3303//1 3307//1 3306//1
f 3303//1 3308//1 3307//1
f 3303//1 3309//1 3308//1
f 3310//1 3309//1 3303//1
f 3310//1 3311//1 3309//1
f 3310//1 3312//1 3311//1
f 3310//1 3313//1 3312//1
f 3310//1 3314//1 3313//1
f 3315//1 3314//1 3310//1
f 3315//1 3316//1 3314//1
f 3315//1 3317//1 3316//1
f 3315//1 3318//1 3317//1
f 3315//1 3319//1 3318//1
f 3320//1 3319//1 3315//1
f 3320//1 3321//1 3319//1
f 3320//1 3322//1 3321//1
f 3320//1 3323//1 3322//1
f 3324//1 3323//1 3320//1
f 3324//1 3325//1 3323//1
f 3324//1 3326//1 3325//1
f 3324//1 3327//1 3326//1
f 3328//1 3327//1 3324//1
f 3328//1 3329//1 3327//1
f 3328//1 3330//1 3329//1
f 3331//1 3330//1 3328//1
f 3331//1 3332//1 3330//1
f 3331//1 3333//1 3332//1
f 3331//1 3334//1 3333//1
f 3335//1 3334//1 3331//1
f 3335//1 3336//1 3334//1
f 3335//1 3337//1 3336//1
f 3338//1 3337//1 3335//1
f 3338//1 3339//1 3337//1
f 3338//1 3340//1 3339//1
f 3338//1 3341//1 3340//1
f 3342//1 3341//1 3338//1
f 3342//1 3343//1 3341//1
f 3342//1 3344//1 3343//1
f 3342//1 3345//1 3344//1
f 3342//1 3346//1 3345//1
f 3347//1 3346//1 3342//1
f 3347//1 3348//1 3346//1
f 3347//1 3349//1 3348//1
f 3347//1 3350//1 3349//1
f 3347//1 3351//1 3350//1
f 3347//1 3352//1 3351//1
f 3347//1 3353//1 3352//1
f 3354//1 3353//1 3347//1
f 3354//1 3355//1 3353//1
f 3356//1 3240//1 3281//1
f 3354//1 3357//1 3355//1
f 3358//1 3240//1 3356//1
f 3354//1 3359//1 3357//1
f 3354//1 3360//1 3359//1
f 3361//1 3240//1 3358//1
f 3354//1 3362//1 3360//1
f 3354//1 3363//1 3362//1
f 3364//1 3240//1 3361//1
f 3354//1 3365//1 3363//1
f 3366//1 3365//1 3354//1
f 3367//1 3240//1 3364//1
f 3366//1 3368//1 3365//1
f 3366//1 3369//1 3368//1
f 3370//1 3240//1 3367//1
f 3366//1 3371//1 3369//1
f 3372//1 3240//1 3370//1
f 3366//1 3373//1 3371//1
f 3374//1 3240//1 3372//1
f 3366//1 3375//1 3373//1
f 3366//1 3376//1 3375//1
f 3377//1 3240//1 3374//1
f 3366//1 3378//1 3376//1
f 3379//1 3378//1 3366//1
f 3380//1 3240//1 3377//1
f 3379//1 3381//1 3378//1
f 3382//1 3240//1 3380//1
f 3379//1 3383//1 3381//1
f 3379//1 3384//1 3383//1
f 3385//1 3240//1 3382//1
f 3379//1 3386//1 3384//1
f 3387//1 3240//1 3385//1
f 3379//1 3388//1 3386//1
f 3379//1 3389//1 3388//1
f 3390//1 3240//1 3387//1
f 3379//1 3391//1 3389//1
f 3392//1 3240//1 3390//1
f 3379//1 3393//1 3391//1
f 3379//1 3394//1 3393//1
f 3395//1 3394//1 3379//1
f 3396//1 3240//1 3392//1
f 3395//1 3397//1 3394//1
f 3398//1 3240//1 3396//1
f 3395//1 3399//1 3397//1
f 3395//1 3400//1 3399//1
f 3401//1 3240//1 3398//1
f 3395//1 3402//1 3400//1
f 3403//1 3240//1 3401//1
f 3395//1 3404//1 3402//1
f 3395//1 3405//1 3404//1
f 3406//1 3240//1 3403//1
f 3395//1 3407//1 3405//1
f 3408//1 3240//1 3406//1
f 3395//1 3409//1 3407//1
f 3395//4 3410//4 3409//4
f 3411//1 3240//1 3408//1
f 3395//1 3412//1 3410//1
f 3413//1 3240//1 3411//1
f 3395//1 3414//1 3412//1
f 3395//1 3415//1 3414//1
f 3416//1 3240//1 3413//1
f 3395//1 3416//1 3415//1
f 3395//1 3417//1 3416//1
f 3417//1 3240//1 3416//1
f 3418//1 3417//1 3395//1
f 3419//1 3417//1 3418//1
f 3420//1 3417//1 3419//1
f 3421//1 3417//1 3420//1
f 3422//1 3417//1 3421//1
f 3422//1 3423//1 3417//1
f 3424//1 3240//1 3417//1
f 3422//1 3425//1 3423//1
f 3422//1 3426//1 3425//1
f 3422//1 3427//1 3426//1
f 3428//1 3427//1 3422//1
f 3428//1 3429//1 3427//1
f 3428//1 3430//1 3429//1
f 3428//1 3431//1 3430//1
f 3428//1 3432//1 3431//1
f 3433//1 3432//1 3428//1
f 3433//1 3434//1 3432//1
f 3433//1 3435//1 3434//1
f 3433//1 3436//1 3435//1
f 3433//1 3437//1 3436//1
f 3438//1 3437//1 3433//1
f 3438//1 3439//1 3437//1
f 3438//1 3440//1 3439//1
f 3438//1 3441//1 3440//1
f 3442//1 3441//1 3438//1
f 3442//1 3443//1 3441//1
f 3442//1 3444//1 3443//1
f 3442//1 3445//1 3444//1
f 3446//1 3445//1 3442//1
f 3446//1 3447//1 3445//1
f 3446//1 3448//1 3447//1
f 3446//1 3449//1 3448//1
f 3446//1 3450//1 3449//1
f 3451//1 3450//1 3446//1
f 3451//1 3452//1 3450//1
f 3451//1 3453//1 3452//1
f 3451//1 3454//1 3453//1
f 3455//1 3454//1 3451//1
f 3455//1 3456//1 3454//1
f 3455//1 3457//1 3456//1
f 3455//1 3458//1 3457//1
f 3459//1 3458//1 3455//1
f 3459//1 3460//1 3458//1
f 3459//1 3461//1 3460//1
f 3459//1 3462//1 3461//1
f 3463//1 3462//1 3459//1
f 3463//1 3464//1 3462//1
f 3463//1 3465//1 3464//1
f 3463//1 3466//1 3465//1
f 3467//1 3466//1 3463//1
f 3467//1 3468//1 3466//1
f 3467//1 3469//1 3468//1
f 3467//1 3470//1 3469//1
f 3471//1 3470//1 3467//1
f 3471//1 3472//1 3470//1
f 3471//1 3473//1 3472//1
f 3471//1 3474//1 3473//1
f 3475//1 3474//1 3471//1
f 3475//1 3476//1 3474//1
f 3475//1 3477//1 3476//1
f 3475//1 3478//1 3477//1
f 3479//1 3478//1 3475//1
f 3479//1 3480//1 3478//1
f 3479//1 3481//1 3480//1
f 3479//1 3482//1 3481//1
f 3483//1 3482//1 3479//1
f 3483//1 3484//1 3482//1
f 3485//1 3486//1 3487//1
f 3485//1 3488//1 3486//1
f 3488//1 3489//1 3490//1
f 3488//1 3491//1 3489//1
f 3491//1 3492//1 3489//1
f 3492//1 3493//1 3494//1
f 3492//1 3495//1 3493//1
f 3488//1 3496//1 3491//1
f 3497//1 3492//1 3491//1
f 3485//1 3496//1 3488//1
f 3497//1 3495//1 3492//1
f 3498//1716 3499//1716 3500//1716
f 3498//1717 3500//1717 3501//1717
f 3498//23 3501//23 3502//23
f 3498//21 3502//21 3503//21
f 3498//14 3503//14 3504//14
f 3498//14 3504//14 3505//14
f 3506//16 3498//16 3505//16
f 3506//1315 3505//1315 3507//1315
f 3506//1315 3507//1315 3508//1315
f 3506//23 3508//23 3509//23
f 3506//1315 3509//1315 3510//1315
f 3506//16 3510//16 3511//16
f 3506//1315 3511//1315 3512//1315
f 3513//14 3506//14 3512//14
f 3513//16 3512//16 3514//16
f 3513//22 3514//22 3515//22
f 3513//23 3515//23 3516//23
f 3513//21 3516//21 3517//21
f 3513//19 3517//19 3518//19
f 3513//1315 3518//1315 3519//1315
f 3520//14 3513//14 3519//14
f 3520//14 3519//14 3521//14
f 3520//14 3521//14 3522//14
f 3520//14 3522//14 3523//14
f 3520//15 3523//15 3524//15
f 3520//16 3524//16 3525//16
f 3520//14 3525//14 3526//14
f 3527//14 3520//14 3526//14
f 3528//14 3529//14 3530//14
f 3528//14 3530//14 3531//14
f 3527//14 3526//14 3532//14
f 3533//14 3527//14 3532//14
f 3534//14 3533//14 3532//14
f 3535//14 3534//14 3532//14
f 3536//14 3535//14 3532//14
f 3537//14 3536//14 3532//14
f 3538//14 3537//14 3532//14
f 3539//14 3538//14 3532//14
f 3540//14 3539//14 3532//14
f 3541//14 3540//14 3532//14
f 3542//14 3541//14 3532//14
f 3543//14 3542//14 3532//14
f 3544//14 3543//14 3532//14
f 3545//14 3544//14 3532//14
f 3546//14 3545//14 3532//14
f 3547//14 3546//14 3532//14
f 3548//14 3547//14 3532//14
f 3549//14 3548//14 3532//14
f 3550//14 3549//14 3532//14
f 3531//14 3550//14 3532//14
f 3528//14 3531//14 3551//14
f 3551//14 3531//14 3552//14
f 3552//14 3531//14 3553//14
f 3553//14 3531//14 3554//14
f 3554//14 3531//14 3555//14
f 3555//14 3531//14 3556//14
f 3556//14 3531//14 3557//14
f 3557//14 3531//14 3558//14
f 3558//14 3531//14 3559//14
f 3559//14 3531//14 3560//14
f 3560//14 3531//14 3561//14
f 3561//14 3531//14 3562//14
f 3562//14 3531//14 3563//14
f 3563//14 3531//14 3564//14
f 3564//14 3531//14 3565//14
f 3565//14 3531//14 3566//14
f 3566//14 3531//14 3567//14
f 3567//14 3531//14 3568//14
f 3568//14 3531//14 3569//14
f 3569//14 3531//14 3570//14
f 3570//14 3531//14 3571//14
f 3571//14 3531//14 3572//14
f 3572//14 3531//14 3573//14
f 3573//14 3531//14 3574//14
f 3574//14 3531//14 3575//14
f 3575//14 3531//14 3576//14
f 3576//14 3531//14 3577//14
f 3577//14 3531//14 3578//14
f 3578//14 3531//14 3579//14
f 3579//14 3531//14 3580//14
f 3580//14 3531//14 3581//14
f 3581//14 3531//14 3582//14
f 3582//14 3531//14 3583//14
f 3583//14 3531//14 3584//14
f 3584//14 3531//14 3585//14
f 3585//14 3531//14 3586//14
f 3586//14 3531//14 3587//14
f 3587//14 3531//14 3588//14
f 3588//14 3531//14 3589//14
f 3589//14 3531//14 3590//14
f 3590//14 3531//14 3532//14
f 3591//1718 3590//1718 3532//1718
f 3592//14 3591//14 3532//14
f 3593//14 3592//14 3532//14
f 3594//1315 3593//1315 3532//1315
f 3595//14 3594//14 3532//14
f 3596//16 3595//16 3532//16
f 3597//14 3596//14 3532//14
f 3598//15 3597//15 3532//15
f 3599//14 3598//14 3532//14
f 3528//14 3551//14 3600//14
f 3601//1315 3602//1315 3603//1315
f 3604//16 3601//16 3603//16
f 3605//14 3604//14 3603//14
f 3605//14 3603//14 3606//14
f 3607//14 3605//14 3606//14
f 3608//16 3607//16 3606//16
f 3608//14 3606//14 3609//14
f 3610//14 3608//14 3609//14
f 3611//14 3610//14 3609//14
f 3611//14 3609//14 3612//14
f 3613//14 3611//14 3612//14
f 3614//14 3613//14 3612//14
f 3614//14 3612//14 3615//14
f 3616//14 3614//14 3615//14
f 3617//14 3616//14 3615//14
f 3617//14 3615//14 3618//14
f 3619//14 3617//14 3618//14
f 3620//14 3619//14 3618//14
f 3620//14 3618//14 3621//14
f 3622//14 3620//14 3621//14
f 3623//14 3622//14 3621//14
f 3624//14 3623//14 3621//14
f 3624//14 3621//14 3625//14
f 3626//14 3624//14 3625//14
f 3627//14 3626//14 3625//14
f 3628//15 3627//15 3625//15
f 3628//14 3625//14 3629//14
f 3630//14 3628//14 3629//14
f 3631//14 3630//14 3629//14
f 3632//14 3631//14 3629//14
f 3633//14 3632//14 3629//14
f 3633//14 3629//14 3634//14
f 3635//14 3633//14 3634//14
f 3636//14 3635//14 3634//14
f 3636//14 3634//14 3637//14
f 3636//14 3637//14 3638//14
f 3638//14 3637//14 3639//14
f 3638//14 3639//14 3640//14
f 3640//19 3639//19 3641//19
f 3641//14 3639//14 3642//14
f 3641//14 3642//14 3643//14
f 3643//14 3642//14 3644//14
f 3643//14 3644//14 3645//14
f 3645//14 3644//14 3646//14
f 3645//1719 3646//1719 3647//1719
f 3647//1315 3646//1315 3648//1315
f 3648//14 3646//14 3649//14
f 3648//19 3649//19 3650//19
f 3650//14 3649//14 3651//14
f 3650//14 3651//14 3652//14
f 3652//14 3651//14 3653//14
f 3652//14 3653//14 3654//14
f 3654//16 3653//16 3655//16
f 3655//14 3653//14 3656//14
f 3655//1315 3656//1315 3657//1315
f 3657//16 3656//16 3658//16
f 3658//14 3656//14 3659//14
f 3660//14 3658//14 3659//14
f 3661//14 3660//14 3659//14
f 3662//14 3661//14 3659//14
f 3663//14 3662//14 3659//14
f 3664//14 3663//14 3659//14
f 3665//14 3664//14 3659//14
f 3666//14 3665//14 3659//14
f 3667//14 3666//14 3659//14
f 3667//14 3659//14 3668//14
f 3636//21 3638//21 3669//21
f 3670//14 3667//14 3668//14
f 3636//15 3669//15 3671//15
f 3672//14 3670//14 3668//14
f 3636//14 3671//14 3673//14
f 3674//14 3672//14 3668//14
f 3636//14 3673//14 3675//14
f 3636//14 3675//14 3676//14
f 3677//14 3674//14 3668//14
f 3636//14 3676//14 3678//14
f 3679//14 3677//14 3668//14
f 3679//14 3668//14 3680//14
f 3636//14 3678//14 3681//14
f 3636//14 3681//14 3682//14
f 3683//14 3679//14 3680//14
f 3636//14 3682//14 3684//14
f 3636//14 3684//14 3685//14
f 3686//14 3683//14 3680//14
f 3636//14 3685//14 3687//14
f 3636//14 3687//14 3688//14
f 3636//14 3688//14 3689//14
f 3690//14 3686//14 3680//14
f 3636//14 3689//14 3691//14
f 3690//14 3680//14 3692//14
f 3693//14 3690//14 3692//14
f 3694//14 3693//14 3692//14
f 3695//14 3694//14 3692//14
f 3695//14 3692//14 3696//14
f 3697//14 3695//14 3696//14
f 3698//14 3697//14 3696//14
f 3698//14 3696//14 3699//14
f 3700//14 3698//14 3699//14
f 3701//14 3700//14 3699//14
f 3702//14 3701//14 3699//14
f 3703//14 3702//14 3699//14
f 3704//14 3703//14 3699//14
f 3705//14 3704//14 3699//14
f 3706//14 3705//14 3699//14
f 3707//14 3706//14 3708//14
f 3708//14 3706//14 3699//14
f 3709//14 3707//14 3708//14
f 3710//14 3709//14 3708//14
f 3711//14 3710//14 3708//14
f 3712//14 3711//14 3708//14
f 3713//14 3712//14 3708//14
f 3714//14 3713//14 3708//14
f 3715//14 3714//14 3708//14
f 3716//14 3715//14 3708//14
f 3717//14 3716//14 3708//14
f 3718//14 3717//14 3708//14
f 3719//14 3718//14 3708//14
f 3720//14 3719//14 3708//14
f 3721//14 3720//14 3708//14
f 3722//14 3721//14 3708//14
f 3723//14 3722//14 3708//14
f 3724//14 3723//14 3708//14
f 3725//14 3724//14 3708//14
f 3726//14 3725//14 3708//14
f 3727//14 3726//14 3708//14
f 3728//14 3727//14 3708//14
f 3729//14 3728//14 3708//14
f 3730//14 3729//14 3708//14
f 3731//14 3730//14 3708//14
f 3732//14 3731//14 3708//14
f 3733//14 3732//14 3708//14
f 3734//14 3733//14 3708//14
f 3735//14 3734//14 3708//14
f 3736//14 3735//14 3708//14
f 3737//14 3736//14 3708//14
f 3738//14 3737//14 3708//14
f 3738//14 3708//14 3739//14
f 3740//14 3708//14 3699//14
f 3738//14 3739//14 3741//14
f 3738//14 3741//14 3742//14
f 3738//14 3742//14 3743//14
f 3744//14 3738//14 3743//14
f 3744//16 3743//16 3745//16
f 3744//14 3745//14 3746//14
f 3744//14 3746//14 3747//14
f 3744//16 3747//16 3748//16
f 3744//15 3748//15 3749//15
f 3744//14 3749//14 3750//14
f 3744//14 3750//14 3751//14
f 3744//14 3751//14 3752//14
f 3744//14 3752//14 3753//14
f 3754//14 3744//14 3753//14
f 3754//14 3753//14 3755//14
f 3754//14 3755//14 3756//14
f 3754//14 3756//14 3757//14
f 3754//16 3757//16 3758//16
f 3754//14 3758//14 3759//14
f 3754//15 3759//15 3760//15
f 3754//14 3760//14 3761//14
f 3762//14 3754//14 3761//14
f 3762//14 3761//14 3763//14
f 3762//14 3763//14 3764//14
f 3762//14 3764//14 3765//14
f 3762//14 3765//14 3766//14
f 3762//14 3766//14 3767//14
f 3762//14 3767//14 3768//14
f 3769//14 3762//14 3768//14
f 3769//16 3768//16 3770//16
f 3769//14 3770//14 3771//14
f 3769//14 3771//14 3772//14
f 3769//14 3772//14 3773//14
f 3774//14 3769//14 3773//14
f 3774//14 3773//14 3775//14
f 3774//14 3775//14 3776//14
f 3774//14 3776//14 3777//14
f 3774//14 3777//14 3778//14
f 3779//14 3774//14 3778//14
f 3779//14 3778//14 3780//14
f 3779//14 3780//14 3781//14
f 3779//14 3781//14 3782//14
f 3783//14 3779//14 3782//14
f 3783//14 3782//14 3784//14
f 3783//14 3784//14 3785//14
f 3783//14 3785//14 3786//14
f 3787//14 3783//14 3786//14
f 3787//14 3786//14 3788//14
f 3787//14 3788//14 3789//14
f 3790//14 3787//14 3789//14
f 3790//14 3789//14 3791//14
f 3790//14 3791//14 3792//14
f 3790//14 3792//14 3793//14
f 3794//14 3790//14 3793//14
f 3794//14 3793//14 3795//14
f 3794//14 3795//14 3796//14
f 3797//14 3794//14 3796//14
f 3797//14 3796//14 3798//14
f 3797//14 3798//14 3799//14
f 3797//14 3799//14 3800//14
f 3801//14 3797//14 3800//14
f 3801//14 3800//14 3802//14
f 3801//14 3802//14 3803//14
f 3801//14 3803//14 3804//14
f 3801//14 3804//14 3805//14
f 3806//14 3801//14 3805//14
f 3806//14 3805//14 3807//14
f 3806//14 3807//14 3808//14
f 3806//14 3808//14 3809//14
f 3806//14 3809//14 3810//14
f 3806//14 3810//14 3811//14
f 3806//14 3811//14 3812//14
f 3813//14 3806//14 3812//14
f 3813//14 3812//14 3814//14
f 3815//14 3740//14 3699//14
f 3813//14 3814//14 3816//14
f 3817//14 3815//14 3699//14
f 3813//14 3816//14 3818//14
f 3813//14 3818//14 3819//14
f 3820//14 3817//14 3699//14
f 3813//14 3819//14 3821//14
f 3813//14 3821//14 3822//14
f 3823//14 3820//14 3699//14
f 3813//14 3822//14 3824//14
f 3825//14 3813//14 3824//14
f 3826//14 3823//14 3699//14
f 3825//14 3824//14 3827//14
f 3825//14 3827//14 3828//14
f 3829//14 3826//14 3699//14
f 3825//14 3828//14 3830//14
f 3831//14 3829//14 3699//14
f 3825//14 3830//14 3832//14
f 3833//14 3831//14 3699//14
f 3825//14 3832//14 3834//14
f 3825//14 3834//14 3835//14
f 3836//14 3833//14 3699//14
f 3825//14 3835//14 3837//14
f 3838//14 3825//14 3837//14
f 3839//14 3836//14 3699//14
f 3838//14 3837//14 3840//14
f 3841//14 3839//14 3699//14
f 3838//14 3840//14 3842//14
f 3838//14 3842//14 3843//14
f 3844//14 3841//14 3699//14
f 3838//14 3843//14 3845//14
f 3846//14 3844//14 3699//14
f 3838//14 3845//14 3847//14
f 3838//14 3847//14 3848//14
f 3849//14 3846//14 3699//14
f 3838//14 3848//14 3850//14
f 3851//14 3849//14 3699//14
f 3838//14 3850//14 3852//14
f 3838//14 3852//14 3853//14
f 3854//14 3838//14 3853//14
f 3855//14 3851//14 3699//14
f 3854//14 3853//14 3856//14
f 3857//14 3855//14 3699//14
f 3854//14 3856//14 3858//14
f 3854//15 3858//15 3859//15
f 3860//14 3857//14 3699//14
f 3854//14 3859//14 3861//14
f 3862//14 3860//14 3699//14
f 3854//14 3861//14 3863//14
f 3854//16 3863//16 3864//16
f 3865//14 3862//14 3699//14
f 3854//15 3864//15 3866//15
f 3867//14 3865//14 3699//14
f 3854//14 3866//14 3868//14
f 3854//15 3868//15 3869//15
f 3870//14 3867//14 3699//14
f 3854//19 3869//19 3871//19
f 3872//14 3870//14 3699//14
f 3854//15 3871//15 3873//15
f 3854//16 3873//16 3874//16
f 3875//14 3872//14 3699//14
f 3854//1315 3874//1315 3875//1315
f 3854//14 3875//14 3876//14
f 3876//14 3875//14 3699//14
f 3877//14 3854//14 3876//14
f 3878//14 3877//14 3876//14
f 3879//14 3878//14 3876//14
f 3880//14 3879//14 3876//14
f 3881//14 3880//14 3876//14
f 3881//14 3876//14 3882//14
f 3883//14 3876//14 3699//14
f 3881//14 3882//14 3884//14
f 3881//14 3884//14 3885//14
f 3881//14 3885//14 3886//14
f 3887//14 3881//14 3886//14
f 3887//14 3886//14 3888//14
f 3887//14 3888//14 3889//14
f 3887//14 3889//14 3890//14
f 3887//14 3890//14 3891//14
f 3892//14 3887//14 3891//14
f 3892//14 3891//14 3893//14
f 3892//14 3893//14 3894//14
f 3892//14 3894//14 3895//14
f 3892//14 3895//14 3896//14
f 3897//14 3892//14 3896//14
f 3897//14 3896//14 3898//14
f 3897//14 3898//14 3899//14
f 3897//14 3899//14 3900//14
f 3901//14 3897//14 3900//14
f 3901//14 3900//14 3902//14
f 3901//14 3902//14 3903//14
f 3901//14 3903//14 3904//14
f 3905//14 3901//14 3904//14
f 3905//14 3904//14 3906//14
f 3905//14 3906//14 3907//14
f 3905//14 3907//14 3908//14
f 3905//14 3908//14 3909//14
f 3910//14 3905//14 3909//14
f 3910//14 3909//14 3911//14
f 3910//14 3911//14 3912//14
f 3910//14 3912//14 3913//14
f 3914//14 3910//14 3913//14
f 3914//14 3913//14 3915//14
f 3914//14 3915//14 3916//14
f 3914//14 3916//14 3917//14
f 3918//14 3914//14 3917//14
f 3918//14 3917//14 3919//14
f 3918//14 3919//14 3920//14
f 3918//14 3920//14 3921//14
f 3922//14 3918//14 3921//14
f 3922//14 3921//14 3923//14
f 3922//14 3923//14 3924//14
f 3922//14 3924//14 3925//14
f 3926//14 3922//14 3925//14
f 3926//14 3925//14 3927//14
f 3926//14 3927//14 3928//14
f 3926//14 3928//14 3929//14
f 3930//14 3926//14 3929//14
f 3930//14 3929//14 3931//14
f 3930//14 3931//14 3932//14
f 3930//14 3932//14 3933//14
f 3934//14 3930//14 3933//14
f 3934//14 3933//14 3935//14
f 3934//14 3935//14 3936//14
f 3934//14 3936//14 3937//14
f 3938//14 3934//14 3937//14
f 3938//14 3937//14 3939//14
f 3938//14 3939//14 3940//14
f 3938//19 3940//19 3941//19
f 3942//15 3938//15 3941//15
f 3942//14 3941//14 3943//14
f 3944//14 3945//14 3946//14
f 3944//14 3946//14 3947//14
f 3947//14 3948//14 3949//14
f 3947//14 3949//14 3950//14
f 3950//14 3949//14 3951//14
f 3951//14 3952//14 3953//14
f 3951//14 3953//14 3954//14
f 3947//14 3950//14 3955//14
f 3956//14 3950//14 3951//14
f 3944//14 3947//14 3955//14
f 3956//14 3951//14 3954//14
f 3073//13 3140//13 3599//13
f 3073//13 3599//13 3532//13
f 3465//1720 3466//1720 3925//1720
f 3465//1720 3925//1720 3924//1720
f 3493//1721 3495//1721 3954//1721
f 3493//1721 3954//1721 3953//1721
f 3125//1722 3124//1722 3583//1722
f 3125//1722 3583//1722 3584//1722
f 3117//1723 3116//1723 3575//1723
f 3117//1724 3575//1724 3576//1724
f 3109//1725 3108//1725 3567//1725
f 3109//1725 3567//1725 3568//1725
f 3101//1726 3100//1726 3559//1726
f 3101//1727 3559//1727 3560//1727
f 3349//1728 3350//1728 3809//1728
f 3349//1728 3809//1728 3808//1728
f 3093//1729 3092//1729 3551//1729
f 3093//1729 3551//1729 3552//1729
f 3258//1730 3257//1730 3716//1730
f 3258//1730 3716//1730 3717//1730
f 3046//1731 3048//1731 3507//1731
f 3046//1731 3507//1731 3505//1731
f 3267//1732 3266//1732 3725//1732
f 3267//1732 3725//1732 3726//1732
f 3042//1733 3043//1733 3502//1733
f 3042//1733 3502//1733 3501//1733
f 3250//1734 3248//1734 3707//1734
f 3250//1734 3707//1734 3709//1734
f 3051//1735 3052//1735 3511//1735
f 3051//1736 3511//1736 3510//1736
f 3241//1737 3239//1737 3698//1737
f 3241//1737 3698//1737 3700//1737
f 3060//1738 3062//1738 3521//1738
f 3060//1738 3521//1738 3519//1738
f 3224//1739 3220//1739 3679//1739
f 3224//1739 3679//1739 3683//1739
f 3067//47 3073//47 3532//47
f 3067//47 3532//47 3526//47
f 3249//1740 3280//1740 3739//1740
f 3249//1740 3739//1740 3708//1740
f 3206//1741 3205//1741 3664//1741
f 3206//1741 3664//1741 3665//1741
f 3133//1742 3132//1742 3591//1742
f 3133//1742 3591//1742 3592//1742
f 3289//1743 3290//1743 3749//1743
f 3289//1743 3749//1743 3748//1743
f 3196//1744 3195//1744 3654//1744
f 3196//1744 3654//1744 3655//1744
f 3476//1745 3477//1745 3936//1745
f 3476//1745 3936//1745 3935//1745
f 3298//1746 3299//1746 3758//1746
f 3298//1746 3758//1746 3757//1746
f 3182//1747 3181//1747 3640//1747
f 3182//1747 3640//1747 3641//1747
f 3307//1748 3308//1748 3767//1748
f 3307//1748 3767//1748 3766//1748
f 3219//1749 3222//1749 3681//1749
f 3219//1749 3681//1749 3678//1749
f 3317//1750 3318//1750 3777//1750
f 3317//1750 3777//1750 3776//1750
f 3327//1751 3329//1751 3788//1751
f 3327//1751 3788//1751 3786//1751
f 3168//1752 3167//1752 3626//1752
f 3168//1752 3626//1752 3627//1752
f 3339//1753 3340//1753 3799//1753
f 3339//1753 3799//1753 3798//1753
f 3157//1754 3155//1754 3614//1754
f 3157//1754 3614//1754 3616//1754
f 3145//1755 3142//1755 3601//1755
f 3145//1755 3601//1755 3604//1755
f 3419//1756 3418//1756 3877//1756
f 3419//1756 3877//1756 3878//1756
f 3360//605 3362//605 3821//605
f 3360//605 3821//605 3819//605
f 3159//1757 3162//1757 3621//1757
f 3159//1757 3621//1757 3618//1757
f 3375//1758 3376//1758 3835//1758
f 3375//1758 3835//1758 3834//1758
f 3185//1759 3187//1759 3646//1759
f 3185//1759 3646//1759 3644//1759
f 3259//1760 3258//1760 3717//1760
f 3259//1760 3717//1760 3718//1760
f 3221//1761 3233//1761 3692//1761
f 3221//1761 3692//1761 3680//1761
f 3404//1762 3405//1762 3864//1762
f 3404//1763 3864//1763 3863//1763
f 3416//1764 3413//1764 3872//1764
f 3416//1765 3872//1765 3875//1765
f 3492//1766 3494//1766 3952//1766
f 3492//1766 3952//1766 3951//1766
f 3450//1767 3452//1767 3911//1767
f 3450//1767 3911//1767 3909//1767
f 3396//1768 3392//1768 3851//1768
f 3396//1769 3851//1769 3855//1769
f 3374//1770 3372//1770 3831//1770
f 3374//1770 3831//1770 3833//1770
f 3479//1771 3475//1771 3934//1771
f 3479//1771 3934//1771 3938//1771
f 3417//1772 3423//1772 3882//1772
f 3417//1773 3882//1773 3876//1773
f 3432//1774 3434//1774 3893//1774
f 3432//1774 3893//1774 3891//1774
f 3453//1775 3454//1775 3913//1775
f 3453//1775 3913//1775 3912//1775
f 3324//1776 3320//1776 3779//1776
f 3324//1776 3779//1776 3783//1776
f 3140//1777 3139//1777 3598//1777
f 3140//1475 3598//1475 3599//1475
f 3474//1778 3476//1778 3935//1778
f 3474//1778 3935//1778 3933//1778
f 3132//1779 3131//1779 3590//1779
f 3132//1779 3590//1779 3591//1779
f 3483//1780 3479//1780 3938//1780
f 3483//1780 3938//1780 3942//1780
f 3124//1781 3123//1781 3582//1781
f 3124//1781 3582//1781 3583//1781
f 3438//1782 3433//1782 3892//1782
f 3438//1782 3892//1782 3897//1782
f 3451//1783 3446//1783 3905//1783
f 3451//1783 3905//1783 3910//1783
f 3116//1784 3115//1784 3574//1784
f 3116//1784 3574//1784 3575//1784
f 3251//1785 3250//1785 3709//1785
f 3251//1785 3709//1785 3710//1785
f 3108//1786 3107//1786 3566//1786
f 3108//1786 3566//1786 3567//1786
f 3100//1787 3099//1787 3558//1787
f 3100//1787 3558//1787 3559//1787
f 3092//47 3141//47 3600//47
f 3092//47 3600//47 3551//47
f 3089//1788 3088//1788 3547//1788
f 3089//1788 3547//1788 3548//1788
f 3081//1789 3080//1789 3539//1789
f 3081//1789 3539//1789 3540//1789
f 3068//1790 3061//1790 3520//1790
f 3068//1790 3520//1790 3527//1790
f 3043//1791 3044//1791 3503//1791
f 3043//1791 3503//1791 3502//1791
f 3242//171 3241//171 3700//171
f 3242//171 3700//171 3701//171
f 3052//1792 3053//1792 3512//1792
f 3052//1793 3512//1793 3511//1793
f 3227//1794 3224//1794 3683//1794
f 3227//1794 3683//1794 3686//1794
f 3062//1696 3063//1696 3522//1696
f 3062//1696 3522//1696 3521//1696
f 3389//1795 3391//1795 3850//1795
f 3389//1795 3850//1795 3848//1795
f 3207//1796 3206//1796 3665//1796
f 3207//1796 3665//1796 3666//1796
f 3280//1797 3282//1797 3741//1797
f 3280//1797 3741//1797 3739//1797
f 3444//1798 3445//1798 3904//1798
f 3444//1799 3904//1799 3903//1799
f 3198//1800 3196//1800 3655//1800
f 3198//1800 3655//1800 3657//1800
f 3290//1801 3291//1801 3750//1801
f 3290//1802 3750//1802 3749//1802
f 3295//1803 3285//1803 3744//1803
f 3295//1803 3744//1803 3754//1803
f 3184//1804 3182//1804 3641//1804
f 3184//1804 3641//1804 3643//1804
f 3299//1805 3300//1805 3759//1805
f 3299//1805 3759//1805 3758//1805
f 3306//1806 3307//1806 3766//1806
f 3306//1806 3766//1806 3765//1806
f 3217//1807 3219//1807 3678//1807
f 3217//1808 3678//1808 3676//1808
f 3308//1809 3309//1809 3768//1809
f 3308//1809 3768//1809 3767//1809
f 3464//1810 3465//1810 3924//1810
f 3464//1811 3924//1811 3923//1811
f 3230//1812 3232//1812 3691//1812
f 3230//1812 3691//1812 3689//1812
f 3169//1813 3168//1813 3627//1813
f 3169//1813 3627//1813 3628//1813
f 3329//1814 3330//1814 3789//1814
f 3329//1814 3789//1814 3788//1814
f 3158//1815 3157//1815 3616//1815
f 3158//1815 3616//1815 3617//1815
f 3340//1816 3341//1816 3800//1816
f 3340//1816 3800//1816 3799//1816
f 3146//1817 3145//1817 3604//1817
f 3146//1817 3604//1817 3605//1817
f 3350//1818 3351//1818 3810//1818
f 3350//1818 3810//1818 3809//1818
f 3362//1819 3363//1819 3822//1819
f 3362//1819 3822//1819 3821//1819
f 3376//1820 3378//1820 3837//1820
f 3376//1821 3837//1821 3835//1821
f 3420//1822 3419//1822 3878//1822
f 3420//1822 3878//1822 3879//1822
f 3209//1823 3221//1823 3680//1823
f 3209//1823 3680//1823 3668//1823
f 3391//1824 3393//1824 3852//1824
f 3391//1824 3852//1824 3850//1824
f 3278//1825 3277//1825 3736//1825
f 3278//1825 3736//1825 3737//1825
f 3497//1826 3491//1826 3950//1826
f 3497//1826 3950//1826 3956//1826
f 3405//1827 3407//1827 3866//1827
f 3405//1828 3866//1828 3864//1828
f 3489//1829 3492//1829 3951//1829
f 3489//1829 3951//1829 3949//1829
f 3413//1830 3411//1830 3870//1830
f 3413//1830 3870//1830 3872//1830
f 3170//1831 3175//1831 3634//1831
f 3170//1831 3634//1831 3629//1831
f 3491//1832 3496//1832 3955//1832
f 3491//1832 3955//1832 3950//1832
f 3392//1833 3390//1833 3849//1833
f 3392//1834 3849//1834 3851//1834
f 3372//1835 3370//1835 3829//1835
f 3372//1835 3829//1835 3831//1835
f 3423//1836 3425//1836 3884//1836
f 3423//1836 3884//1836 3882//1836
f 3456//1837 3457//1837 3916//1837
f 3456//1837 3916//1837 3915//1837
f 3434//1838 3435//1838 3894//1838
f 3434//1838 3894//1838 3893//1838
f 3245//1839 3244//1839 3703//1839
f 3245//1839 3703//1839 3704//1839
f 3454//1840 3456//1840 3915//1840
f 3454//1840 3915//1840 3913//1840
f 3139//1841 3138//1841 3597//1841
f 3139//1841 3597//1841 3598//1841
f 3468//1842 3469//1842 3928//1842
f 3468//1843 3928//1843 3927//1843
f 3131//1844 3130//1844 3589//1844
f 3131//1845 3589//1845 3590//1845
f 3478//241 3480//241 3939//241
f 3478//1846 3939//1846 3937//1846
f 3123//1847 3122//1847 3581//1847
f 3123//1847 3581//1847 3582//1847
f 3338//1848 3335//1848 3794//1848
f 3338//1848 3794//1848 3797//1848
f 3115//1849 3114//1849 3573//1849
f 3115//1849 3573//1849 3574//1849
f 3107//1850 3106//1850 3565//1850
f 3107//1850 3565//1850 3566//1850
f 3099//1851 3098//1851 3557//1851
f 3099//1851 3557//1851 3558//1851
f 3331//1852 3328//1852 3787//1852
f 3331//1852 3787//1852 3790//1852
f 3141//13 3069//13 3528//13
f 3141//13 3528//13 3600//13
f 3088//1853 3087//1853 3546//1853
f 3088//1853 3546//1853 3547//1853
f 3272//1854 3271//1854 3730//1854
f 3272//1854 3730//1854 3731//1854
f 3080//1855 3079//1855 3538//1855
f 3080//1855 3538//1855 3539//1855
f 3264//1856 3263//1856 3722//1856
f 3264//1856 3722//1856 3723//1856
f 3061//1857 3054//1857 3513//1857
f 3061//1857 3513//1857 3520//1857
f 3256//1858 3255//1858 3714//1858
f 3256//1858 3714//1858 3715//1858
f 3044//1859 3045//1859 3504//1859
f 3044//1860 3504//1860 3503//1860
f 3247//1861 3246//1861 3705//1861
f 3247//1861 3705//1861 3706//1861
f 3053//1862 3055//1862 3514//1862
f 3053//1863 3514//1863 3512//1863
f 3238//1864 3236//1864 3695//1864
f 3238//1864 3695//1864 3697//1864
f 3282//1865 3283//1865 3742//1865
f 3282//1865 3742//1865 3741//1865
f 3204//1866 3203//1866 3662//1866
f 3204//1866 3662//1866 3663//1866
f 3291//1867 3292//1867 3751//1867
f 3291//1867 3751//1867 3750//1867
f 3193//1868 3191//1868 3650//1868
f 3193//1868 3650//1868 3652//1868
f 3433//1869 3428//1869 3887//1869
f 3433//1869 3887//1869 3892//1869
f 3300//1870 3301//1870 3760//1870
f 3300//1870 3760//1870 3759//1870
f 3179//1871 3210//1871 3669//1871
f 3179//1871 3669//1871 3638//1871
f 3309//1872 3311//1872 3770//1872
f 3309//1872 3770//1872 3768//1872
f 3223//1873 3225//1873 3684//1873
f 3223//1874 3684//1874 3682//1874
f 3319//1875 3321//1875 3780//1875
f 3319//1875 3780//1875 3778//1875
f 3176//1876 3174//1876 3633//1876
f 3176//1876 3633//1876 3635//1876
f 3330//1877 3332//1877 3791//1877
f 3330//1877 3791//1877 3789//1877
f 3165//1878 3164//1878 3623//1878
f 3165//1879 3623//1879 3624//1879
f 3356//113 3281//113 3740//113
f 3356//113 3740//113 3815//113
f 3341//1880 3343//1880 3802//1880
f 3341//1880 3802//1880 3800//1880
f 3154//1881 3152//1881 3611//1881
f 3154//1881 3611//1881 3613//1881
f 3351//1882 3352//1882 3811//1882
f 3351//1882 3811//1882 3810//1882
f 3144//1883 3143//1883 3603//1883
f 3144//1883 3603//1883 3602//1883
f 3166//1884 3170//1884 3629//1884
f 3166//1884 3629//1884 3625//1884
f 3190//1885 3192//1885 3651//1885
f 3190//1885 3651//1885 3649//1885
f 3237//47 3240//47 3699//47
f 3237//47 3699//47 3696//47
f 3407//1886 3409//1886 3868//1886
f 3407//1887 3868//1887 3866//1887
f 3485//1888 3487//1888 3945//1888
f 3485//1888 3945//1888 3944//1888
f 3411//1889 3408//1889 3867//1889
f 3411//1889 3867//1889 3870//1889
f 3390//1890 3387//1890 3846//1890
f 3390//1891 3846//1891 3849//1891
f 3370//1892 3367//1892 3826//1892
f 3370//1892 3826//1892 3829//1892
f 3090//1893 3089//1893 3548//1893
f 3090//1893 3548//1893 3549//1893
f 3394//1894 3397//1894 3856//1894
f 3394//1894 3856//1894 3853//1894
f 3379//1895 3366//1895 3825//1895
f 3379//1895 3825//1895 3838//1895
f 3274//1896 3273//1896 3732//1896
f 3274//1896 3732//1896 3733//1896
f 3435//1897 3436//1897 3895//1897
f 3435//1897 3895//1897 3894//1897
f 3445//1898 3447//1898 3906//1898
f 3445//1898 3906//1898 3904//1898
f 3471//1899 3467//1899 3926//1899
f 3471//1899 3926//1899 3930//1899
f 3466//1900 3468//1900 3927//1900
f 3466//522 3927//522 3925//522
f 3138//1901 3137//1901 3596//1901
f 3138//1901 3596//1901 3597//1901
f 3477//72 3478//72 3937//72
f 3477//73 3937//73 3936//73
f 3130//1902 3129//1902 3588//1902
f 3130//1902 3588//1902 3589//1902
f 3315//1903 3310//1903 3769//1903
f 3315//1903 3769//1903 3774//1903
f 3475//1904 3471//1904 3930//1904
f 3475//1904 3930//1904 3934//1904
f 3122//1905 3121//1905 3580//1905
f 3122//1906 3580//1906 3581//1906
f 3378//1907 3381//1907 3840//1907
f 3378//1907 3840//1907 3837//1907
f 3442//1908 3438//1908 3897//1908
f 3442//1908 3897//1908 3901//1908
f 3114//1909 3113//1909 3572//1909
f 3114//1909 3572//1909 3573//1909
f 3106//1910 3105//1910 3564//1910
f 3106//1910 3564//1910 3565//1910
f 3098//1911 3097//1911 3556//1911
f 3098//1912 3556//1912 3557//1912
f 3069//171 3071//171 3529//171
f 3069//171 3529//171 3528//171
f 3273//1913 3272//1913 3731//1913
f 3273//1914 3731//1914 3732//1914
f 3087//1915 3086//1915 3545//1915
f 3087//1915 3545//1915 3546//1915
f 3265//1916 3264//1916 3723//1916
f 3265//1916 3723//1916 3724//1916
f 3079//1917 3078//1917 3537//1917
f 3079//1917 3537//1917 3538//1917
f 3320//1918 3315//1918 3774//1918
f 3320//1918 3774//1918 3779//1918
f 3082//1919 3081//1919 3540//1919
f 3082//1919 3540//1919 3541//1919
f 3257//1920 3256//1920 3715//1920
f 3257//1920 3715//1920 3716//1920
f 3054//1921 3047//1921 3506//1921
f 3054//1921 3506//1921 3513//1921
f 3266//1922 3265//1922 3724//1922
f 3266//1922 3724//1922 3725//1922
f 3248//1923 3247//1923 3706//1923
f 3248//1923 3706//1923 3707//1923
f 3045//1924 3046//1924 3505//1924
f 3045//1925 3505//1925 3504//1925
f 3220//1926 3218//1926 3677//1926
f 3220//1926 3677//1926 3679//1926
f 3064//1927 3065//1927 3524//1927
f 3064//1928 3524//1928 3523//1928
f 3205//111 3204//111 3663//111
f 3205//111 3663//111 3664//111
f 3283//1929 3284//1929 3743//1929
f 3283//1929 3743//1929 3742//1929
f 3195//1930 3193//1930 3652//1930
f 3195//1930 3652//1930 3654//1930
f 3292//1931 3293//1931 3752//1931
f 3292//1931 3752//1931 3751//1931
f 3181//1932 3179//1932 3638//1932
f 3181//1932 3638//1932 3640//1932
f 3301//1933 3302//1933 3761//1933
f 3301//1934 3761//1934 3760//1934
f 3393//1935 3394//1935 3853//1935
f 3393//1935 3853//1935 3852//1935
f 3218//1936 3215//1936 3674//1936
f 3218//1937 3674//1937 3677//1937
f 3222//1938 3223//1938 3682//1938
f 3222//1938 3682//1938 3681//1938
f 3311//1939 3312//1939 3771//1939
f 3311//1939 3771//1939 3770//1939
f 3177//171 3176//171 3635//171
f 3177//171 3635//171 3636//171
f 3321//1940 3322//1940 3781//1940
f 3321//1941 3781//1941 3780//1941
f 3167//1942 3165//1942 3624//1942
f 3167//1942 3624//1942 3626//1942
f 3332//1943 3333//1943 3792//1943
f 3332//1943 3792//1943 3791//1943
f 3155//1944 3154//1944 3613//1944
f 3155//1944 3613//1944 3614//1944
f 3343//1945 3344//1945 3803//1945
f 3343//1945 3803//1945 3802//1945
f 3239//1946 3238//1946 3697//1946
f 3239//1946 3697//1946 3698//1946
f 3142//1947 3144//1947 3602//1947
f 3142//1947 3602//1947 3601//1947
f 3055//1948 3056//1948 3515//1948
f 3055//1948 3515//1948 3514//1948
f 3162//1949 3166//1949 3625//1949
f 3162//1949 3625//1949 3621//1949
f 3365//1950 3368//1950 3827//1950
f 3365//1951 3827//1951 3824//1951
f 3074//1952 3068//1952 3527//1952
f 3074//1952 3527//1952 3533//1952
f 3187//1953 3190//1953 3649//1953
f 3187//1953 3649//1953 3646//1953
f 3381//494 3383//494 3842//494
f 3381//1954 3842//1954 3840//1954
f 3233//1955 3237//1955 3696//1955
f 3233//1955 3696//1955 3692//1955
f 3496//13 3485//13 3944//13
f 3496//13 3944//13 3955//13
f 3409//1956 3410//1956 3869//1956
f 3409//1956 3869//1956 3868//1956
f 3395//1957 3379//1957 3838//1957
f 3395//1957 3838//1957 3854//1957
f 3408//1958 3406//1958 3865//1958
f 3408//1958 3865//1958 3867//1958
f 3387//1959 3385//1959 3844//1959
f 3387//1959 3844//1959 3846//1959
f 3367//753 3364//753 3823//753
f 3367//1960 3823//1960 3826//1960
f 3426//1961 3427//1961 3886//1961
f 3426//1961 3886//1961 3885//1961
f 3436//1962 3437//1962 3896//1962
f 3436//1962 3896//1962 3895//1962
f 3447//1963 3448//1963 3907//1963
f 3447//1963 3907//1963 3906//1963
f 3457//1964 3458//1964 3917//1964
f 3457//1964 3917//1964 3916//1964
f 3137//354 3136//354 3595//354
f 3137//354 3595//354 3596//354
f 3470//1965 3472//1965 3931//1965
f 3470//1965 3931//1965 3929//1965
f 3129//1966 3128//1966 3587//1966
f 3129//1966 3587//1966 3588//1966
f 3481//1967 3482//1967 3941//1967
f 3481//1967 3941//1967 3940//1967
f 3121//1968 3120//1968 3579//1968
f 3121//1969 3579//1969 3580//1969
f 3113//1970 3112//1970 3571//1970
f 3113//1970 3571//1970 3572//1970
f 3318//1971 3319//1971 3778//1971
f 3318//1972 3778//1972 3777//1972
f 3105//1973 3104//1973 3563//1973
f 3105//1974 3563//1974 3564//1974
f 3459//1975 3455//1975 3914//1975
f 3459//1975 3914//1975 3918//1975
f 3097//1976 3096//1976 3555//1976
f 3097//1976 3555//1976 3556//1976
f 3118//1977 3117//1977 3576//1977
f 3118//1978 3576//1978 3577//1978
f 3071//38 3070//38 3530//38
f 3071//38 3530//38 3529//38
f 3086//1979 3085//1979 3544//1979
f 3086//1979 3544//1979 3545//1979
f 3270//1980 3269//1980 3728//1980
f 3270//1981 3728//1981 3729//1981
f 3078//1982 3077//1982 3536//1982
f 3078//1982 3536//1982 3537//1982
f 3262//1983 3261//1983 3720//1983
f 3262//1983 3720//1983 3721//1983
f 3047//1984 3039//1984 3498//1984
f 3047//1984 3498//1984 3506//1984
f 3254//1985 3253//1985 3712//1985
f 3254//1985 3712//1985 3713//1985
f 3056//1986 3057//1986 3516//1986
f 3056//1987 3516//1987 3515//1987
f 3235//1988 3234//1988 3693//1988
f 3235//1988 3693//1988 3694//1988
f 3065//1989 3066//1989 3525//1989
f 3065//1989 3525//1989 3524//1989
f 3213//1990 3211//1990 3670//1990
f 3213//1990 3670//1990 3672//1990
f 3284//1991 3286//1991 3745//1991
f 3284//1991 3745//1991 3743//1991
f 3202//1992 3201//1992 3660//1992
f 3202//1992 3660//1992 3661//1992
f 3293//1993 3294//1993 3753//1993
f 3293//1993 3753//1993 3752//1993
f 3189//1994 3188//1994 3647//1994
f 3189//1994 3647//1994 3648//1994
f 3302//1995 3304//1995 3763//1995
f 3302//1995 3763//1995 3761//1995
f 3212//1996 3214//1996 3673//1996
f 3212//1996 3673//1996 3671//1996
f 3312//1997 3313//1997 3772//1997
f 3312//1997 3772//1997 3771//1997
f 3226//1998 3228//1998 3687//1998
f 3226//1999 3687//1999 3685//1999
f 3322//2000 3323//2000 3782//2000
f 3322//2000 3782//2000 3781//2000
f 3173//2001 3172//2001 3631//2001
f 3173//2001 3631//2001 3632//2001
f 3333//2002 3334//2002 3793//2002
f 3333//2002 3793//2002 3792//2002
f 3163//2003 3161//2003 3620//2003
f 3163//2003 3620//2003 3622//2003
f 3344//2004 3345//2004 3804//2004
f 3344//2004 3804//2004 3803//2004
f 3151//2005 3149//2005 3608//2005
f 3151//2005 3608//2005 3610//2005
f 3353//548 3355//548 3814//548
f 3353//548 3814//548 3812//548
f 3147//2006 3150//2006 3609//2006
f 3147//2006 3609//2006 3606//2006
f 3368//2007 3369//2007 3828//2007
f 3368//2007 3828//2007 3827//2007
f 3175//2008 3178//2008 3637//2008
f 3175//2008 3637//2008 3634//2008
f 3383//2009 3384//2009 3843//2009
f 3383//2009 3843//2009 3842//2009
f 3194//2010 3197//2010 3656//2010
f 3194//2010 3656//2010 3653//2010
f 3303//2011 3295//2011 3754//2011
f 3303//2012 3754//2012 3762//2012
f 3397//2013 3399//2013 3858//2013
f 3397//2013 3858//2013 3856//2013
f 3402//2014 3404//2014 3863//2014
f 3402//2014 3863//2014 3861//2014
f 3410//2015 3412//2015 3871//2015
f 3410//2015 3871//2015 3869//2015
f 3486//2016 3488//2016 3947//2016
f 3486//2016 3947//2016 3946//2016
f 3406//2017 3403//2017 3862//2017
f 3406//2017 3862//2017 3865//2017
f 3385//2018 3382//2018 3841//2018
f 3385//2018 3841//2018 3844//2018
f 3364//2019 3361//2019 3820//2019
f 3364//2019 3820//2019 3823//2019
f 3427//2020 3429//2020 3888//2020
f 3427//2020 3888//2020 3886//2020
f 3437//2021 3439//2021 3898//2021
f 3437//2021 3898//2021 3896//2021
f 3494//38 3493//38 3953//38
f 3494//38 3953//38 3952//38
f 3448//2022 3449//2022 3908//2022
f 3448//2023 3908//2023 3907//2023
f 3354//2024 3347//2024 3806//2024
f 3354//2024 3806//2024 3813//2024
f 3469//2025 3470//2025 3929//2025
f 3469//2026 3929//2026 3928//2026
f 3136//2027 3135//2027 3594//2027
f 3136//2027 3594//2027 3595//2027
f 3480//376 3481//376 3940//376
f 3480//376 3940//376 3939//376
f 3128//2028 3127//2028 3586//2028
f 3128//2028 3586//2028 3587//2028
f 3463//2029 3459//2029 3918//2029
f 3463//2029 3918//2029 3922//2029
f 3418//2030 3395//2030 3854//2030
f 3418//2030 3854//2030 3877//2030
f 3467//2031 3463//2031 3922//2031
f 3467//2031 3922//2031 3926//2031
f 3120//2032 3119//2032 3578//2032
f 3120//2032 3578//2032 3579//2032
f 3112//2033 3111//2033 3570//2033
f 3112//2033 3570//2033 3571//2033
f 3104//2034 3103//2034 3562//2034
f 3104//2034 3562//2034 3563//2034
f 3328//2035 3324//2035 3783//2035
f 3328//2035 3783//2035 3787//2035
f 3096//2036 3095//2036 3554//2036
f 3096//2036 3554//2036 3555//2036
f 3279//2037 3278//2037 3737//2037
f 3279//2037 3737//2037 3738//2037
f 3070//47 3072//47 3531//47
f 3070//47 3531//47 3530//47
f 3271//2038 3270//2038 3729//2038
f 3271//2038 3729//2038 3730//2038
f 3085//2039 3084//2039 3543//2039
f 3085//2039 3543//2039 3544//2039
f 3263//2040 3262//2040 3721//2040
f 3263//2041 3721//2041 3722//2041
f 3077//2042 3076//2042 3535//2042
f 3077//2042 3535//2042 3536//2042
f 3255//1857 3254//1857 3713//1857
f 3255//1857 3713//1857 3714//1857
f 3039//2043 3041//2043 3499//2043
f 3039//2043 3499//2043 3498//2043
f 3246//2044 3245//2044 3704//2044
f 3246//2044 3704//2044 3705//2044
f 3048//2045 3049//2045 3508//2045
f 3048//2046 3508//2046 3507//2046
f 3236//2047 3235//2047 3694//2047
f 3236//2047 3694//2047 3695//2047
f 3057//2048 3058//2048 3517//2048
f 3057//2048 3517//2048 3516//2048
f 3215//2049 3213//2049 3672//2049
f 3215//2049 3672//2049 3674//2049
f 3066//2050 3067//2050 3526//2050
f 3066//2051 3526//2051 3525//2051
f 3203//2052 3202//2052 3661//2052
f 3203//2052 3661//2052 3662//2052
f 3286//2053 3287//2053 3746//2053
f 3286//2053 3746//2053 3745//2053
f 3191//2054 3189//2054 3648//2054
f 3191//2054 3648//2054 3650//2054
f 3294//2055 3296//2055 3755//2055
f 3294//2056 3755//2056 3753//2056
f 3428//2057 3422//2057 3881//2057
f 3428//2058 3881//2058 3887//2058
f 3210//297 3212//297 3671//297
f 3210//297 3671//297 3669//297
f 3304//2059 3305//2059 3764//2059
f 3304//2060 3764//2060 3763//2060
f 3225//2061 3226//2061 3685//2061
f 3225//2061 3685//2061 3684//2061
f 3313//2062 3314//2062 3773//2062
f 3313//2063 3773//2063 3772//2063
f 3425//2064 3426//2064 3885//2064
f 3425//2064 3885//2064 3884//2064
f 3363//2065 3365//2065 3824//2065
f 3363//2065 3824//2065 3822//2065
f 3174//2066 3173//2066 3632//2066
f 3174//2066 3632//2066 3633//2066
f 3323//2067 3325//2067 3784//2067
f 3323//2068 3784//2068 3782//2068
f 3164//2069 3163//2069 3622//2069
f 3164//2069 3622//2069 3623//2069
f 3334//2070 3336//2070 3795//2070
f 3334//2070 3795//2070 3793//2070
f 3156//2071 3159//2071 3618//2071
f 3156//2072 3618//2072 3615//2072
f 3152//2073 3151//2073 3610//2073
f 3152//2073 3610//2073 3611//2073
f 3345//2074 3346//2074 3805//2074
f 3345//2074 3805//2074 3804//2074
f 3143//2075 3147//2075 3606//2075
f 3143//2075 3606//2075 3603//2075
f 3160//2076 3158//2076 3617//2076
f 3160//2076 3617//2076 3619//2076
f 3369//2077 3371//2077 3830//2077
f 3369//2077 3830//2077 3828//2077
f 3192//2078 3194//2078 3653//2078
f 3192//2078 3653//2078 3651//2078
f 3384//2079 3386//2079 3845//2079
f 3384//2079 3845//2079 3843//2079
f 3240//13 3424//13 3883//13
f 3240//13 3883//13 3699//13
f 3399//2080 3400//2080 3859//2080
f 3399//2080 3859//2080 3858//2080
f 3487//38 3486//38 3946//38
f 3487//38 3946//38 3945//38
f 3412//2081 3414//2081 3873//2081
f 3412//2081 3873//2081 3871//2081
f 3310//2082 3303//2082 3762//2082
f 3310//2082 3762//2082 3769//2082
f 3403//2083 3401//2083 3860//2083
f 3403//2083 3860//2083 3862//2083
f 3382//2084 3380//2084 3839//2084
f 3382//2084 3839//2084 3841//2084
f 3388//2085 3389//2085 3848//2085
f 3388//2085 3848//2085 3847//2085
f 3361//2086 3358//2086 3817//2086
f 3361//2087 3817//2087 3820//2087
f 3366//2088 3354//2088 3813//2088
f 3366//2088 3813//2088 3825//2088
f 3429//2089 3430//2089 3889//2089
f 3429//2090 3889//2090 3888//2090
f 3439//2091 3440//2091 3899//2091
f 3439//2091 3899//2091 3898//2091
f 3449//2092 3450//2092 3909//2092
f 3449//2092 3909//2092 3908//2092
f 3460//2093 3461//2093 3920//2093
f 3460//2094 3920//2094 3919//2094
f 3462//2095 3464//2095 3923//2095
f 3462//2096 3923//2096 3921//2096
f 3183//2097 3185//2097 3644//2097
f 3183//2097 3644//2097 3642//2097
f 3135//575 3134//575 3593//575
f 3135//575 3593//575 3594//575
f 3473//2098 3474//2098 3933//2098
f 3473//2098 3933//2098 3932//2098
f 3127//2099 3126//2099 3585//2099
f 3127//2099 3585//2099 3586//2099
f 3484//279 3483//279 3942//279
f 3484//279 3942//279 3943//279
f 3119//2100 3118//2100 3577//2100
f 3119//2100 3577//2100 3578//2100
f 3111//2101 3110//2101 3569//2101
f 3111//2101 3569//2101 3570//2101
f 3421//2102 3420//2102 3879//2102
f 3421//2102 3879//2102 3880//2102
f 3103//2103 3102//2103 3561//2103
f 3103//2103 3561//2103 3562//2103
f 3347//2104 3342//2104 3801//2104
f 3347//2104 3801//2104 3806//2104
f 3095//2105 3094//2105 3553//2105
f 3095//2106 3553//2106 3554//2106
f 3072//2107 3091//2107 3550//2107
f 3072//2107 3550//2107 3531//2107
f 3276//2108 3275//2108 3734//2108
f 3276//2108 3734//2108 3735//2108
f 3084//2109 3083//2109 3542//2109
f 3084//2109 3542//2109 3543//2109
f 3268//2110 3267//2110 3726//2110
f 3268//2110 3726//2110 3727//2110
f 3458//2111 3460//2111 3919//2111
f 3458//2111 3919//2111 3917//2111
f 3076//2112 3075//2112 3534//2112
f 3076//2112 3534//2112 3535//2112
f 3260//2113 3259//2113 3718//2113
f 3260//2114 3718//2114 3719//2114
f 3041//2115 3040//2115 3500//2115
f 3041//2116 3500//2116 3499//2116
f 3252//2117 3251//2117 3710//2117
f 3252//539 3710//539 3711//539
f 3049//2118 3050//2118 3509//2118
f 3049//2118 3509//2118 3508//2118
f 3243//2119 3242//2119 3701//2119
f 3243//2119 3701//2119 3702//2119
f 3058//2120 3059//2120 3518//2120
f 3058//2121 3518//2121 3517//2121
f 3231//2122 3227//2122 3686//2122
f 3231//2122 3686//2122 3690//2122
f 3208//2123 3207//2123 3666//2123
f 3208//2123 3666//2123 3667//2123
f 3287//2124 3288//2124 3747//2124
f 3287//2124 3747//2124 3746//2124
f 3199//2125 3198//2125 3657//2125
f 3199//2126 3657//2126 3658//2126
f 3296//2127 3297//2127 3756//2127
f 3296//2127 3756//2127 3755//2127
f 3186//2128 3184//2128 3643//2128
f 3186//2129 3643//2129 3645//2129
f 3305//2130 3306//2130 3765//2130
f 3305//2130 3765//2130 3764//2130
f 3216//2131 3217//2131 3676//2131
f 3216//2131 3676//2131 3675//2131
f 3314//2132 3316//2132 3775//2132
f 3314//2133 3775//2133 3773//2133
f 3229//2134 3230//2134 3689//2134
f 3229//2134 3689//2134 3688//2134
f 3325//2135 3326//2135 3785//2135
f 3325//2135 3785//2135 3784//2135
f 3171//2136 3169//2136 3628//2136
f 3171//2136 3628//2136 3630//2136
f 3446//2137 3442//2137 3901//2137
f 3446//2137 3901//2137 3905//2137
f 3336//2138 3337//2138 3796//2138
f 3336//2138 3796//2138 3795//2138
f 3346//2139 3348//2139 3807//2139
f 3346//2139 3807//2139 3805//2139
f 3148//645 3146//645 3605//645
f 3148//2140 3605//2140 3607//2140
f 3357//2141 3359//2141 3818//2141
f 3357//2141 3818//2141 3816//2141
f 3153//2142 3156//2142 3615//2142
f 3153//2142 3615//2142 3612//2142
f 3371//2143 3373//2143 3832//2143
f 3371//2143 3832//2143 3830//2143
f 3180//2144 3183//2144 3642//2144
f 3180//2144 3642//2144 3639//2144
f 3400//2145 3402//2145 3861//2145
f 3400//611 3861//611 3859//611
f 3495//13 3497//13 3956//13
f 3495//13 3956//13 3954//13
f 3414//2146 3415//2146 3874//2146
f 3414//2146 3874//2146 3873//2146
f 3490//38 3489//38 3949//38
f 3490//38 3949//38 3948//38
f 3401//2147 3398//2147 3857//2147
f 3401//2148 3857//2148 3860//2148
f 3380//2149 3377//2149 3836//2149
f 3380//2149 3836//2149 3839//2149
f 3358//2150 3356//2150 3815//2150
f 3358//2150 3815//2150 3817//2150
f 3430//2151 3431//2151 3890//2151
f 3430//2151 3890//2151 3889//2151
f 3440//2152 3441//2152 3900//2152
f 3440//2153 3900//2153 3899//2153
f 3232//13 3177//13 3636//13
f 3232//13 3636//13 3691//13
f 3461//2154 3462//2154 3921//2154
f 3461//2155 3921//2155 3920//2155
f 3063//2156 3064//2156 3523//2156
f 3063//2157 3523//2157 3522//2157
f 3472//2158 3473//2158 3932//2158
f 3472//2159 3932//2159 3931//2159
f 3134//2160 3133//2160 3592//2160
f 3134//2160 3592//2160 3593//2160
f 3482//2161 3484//2161 3943//2161
f 3482//2162 3943//2162 3941//2162
f 3126//2163 3125//2163 3584//2163
f 3126//2163 3584//2163 3585//2163
f 3342//2164 3338//2164 3797//2164
f 3342//2164 3797//2164 3801//2164
f 3422//2165 3421//2165 3880//2165
f 3422//2165 3880//2165 3881//2165
f 3110//2166 3109//2166 3568//2166
f 3110//2166 3568//2166 3569//2166
f 3102//2167 3101//2167 3560//2167
f 3102//2168 3560//2168 3561//2168
f 3455//2169 3451//2169 3910//2169
f 3455//2169 3910//2169 3914//2169
f 3094//2170 3093//2170 3552//2170
f 3094//2171 3552//2171 3553//2171
f 3277//2172 3276//2172 3735//2172
f 3277//2172 3735//2172 3736//2172
f 3091//2173 3090//2173 3549//2173
f 3091//2173 3549//2173 3550//2173
f 3285//2174 3279//2174 3738//2174
f 3285//2175 3738//2175 3744//2175
f 3269//2176 3268//2176 3727//2176
f 3269//2176 3727//2176 3728//2176
f 3083//2177 3082//2177 3541//2177
f 3083//2177 3541//2177 3542//2177
f 3335//2178 3331//2178 3790//2178
f 3335//2178 3790//2178 3794//2178
f 3355//2179 3357//2179 3816//2179
f 3355//2180 3816//2180 3814//2180
f 3261//2181 3260//2181 3719//2181
f 3261//2181 3719//2181 3720//2181
f 3075//2182 3074//2182 3533//2182
f 3075//2183 3533//2183 3534//2183
f 3386//2184 3388//2184 3847//2184
f 3386//2185 3847//2185 3845//2185
f 3200//2186 3209//2186 3668//2186
f 3200//2186 3668//2186 3659//2186
f 3253//2187 3252//2187 3711//2187
f 3253//2188 3711//2188 3712//2188
f 3040//2189 3042//2189 3501//2189
f 3040//2190 3501//2190 3500//2190
f 3352//2191 3353//2191 3812//2191
f 3352//2191 3812//2191 3811//2191
f 3244//2192 3243//2192 3702//2192
f 3244//2192 3702//2192 3703//2192
f 3050//1392 3051//1392 3510//1392
f 3050//1392 3510//1392 3509//1392
f 3234//2193 3231//2193 3690//2193
f 3234//2193 3690//2193 3693//2193
f 3059//2194 3060//2194 3519//2194
f 3059//2195 3519//2195 3518//2195
f 3211//2196 3208//2196 3667//2196
f 3211//2197 3667//2197 3670//2197
f 3281//171 3249//171 3708//171
f 3281//171 3708//171 3740//171
f 3201//2198 3199//2198 3658//2198
f 3201//2199 3658//2199 3660//2199
f 3288//2200 3289//2200 3748//2200
f 3288//2201 3748//2201 3747//2201
f 3188//2202 3186//2202 3645//2202
f 3188//2203 3645//2203 3647//2203
f 3297//2204 3298//2204 3757//2204
f 3297//2204 3757//2204 3756//2204
f 3214//2205 3216//2205 3675//2205
f 3214//2205 3675//2205 3673//2205
f 3228//2206 3229//2206 3688//2206
f 3228//2206 3688//2206 3687//2206
f 3316//2207 3317//2207 3776//2207
f 3316//2207 3776//2207 3775//2207
f 3172//2208 3171//2208 3630//2208
f 3172//2209 3630//2209 3631//2209
f 3326//2210 3327//2210 3786//2210
f 3326//2210 3786//2210 3785//2210
f 3161//2211 3160//2211 3619//2211
f 3161//2211 3619//2211 3620//2211
f 3337//2212 3339//2212 3798//2212
f 3337//2212 3798//2212 3796//2212
f 3149//2213 3148//2213 3607//2213
f 3149//2213 3607//2213 3608//2213
f 3348//2214 3349//2214 3808//2214
f 3348//2214 3808//2214 3807//2214
f 3150//2215 3153//2215 3612//2215
f 3150//2215 3612//2215 3609//2215
f 3359//2216 3360//2216 3819//2216
f 3359//2216 3819//2216 3818//2216
f 3178//2217 3180//2217 3639//2217
f 3178//2217 3639//2217 3637//2217
f 3373//2218 3375//2218 3834//2218
f 3373//2218 3834//2218 3832//2218
f 3197//2219 3200//2219 3659//2219
f 3197//2219 3659//2219 3656//2219
f 3424//171 3417//171 3876//171
f 3424//171 3876//171 3883//171
f 3488//2220 3490//2220 3948//2220
f 3488//2220 3948//2220 3947//2220
f 3415//2221 3416//2221 3875//2221
f 3415//2221 3875//2221 3874//2221
f 3443//2222 3444//2222 3903//2222
f 3443//2222 3903//2222 3902//2222
f 3398//2223 3396//2223 3855//2223
f 3398//2223 3855//2223 3857//2223
f 3377//2177 3374//2177 3833//2177
f 3377//2177 3833//2177 3836//2177
f 3275//2224 3274//2224 3733//2224
f 3275//2224 3733//2224 3734//2224
f 3431//2225 3432//2225 3891//2225
f 3431//2225 3891//2225 3890//2225
f 3441//2226 3443//2226 3902//2226
f 3441//2226 3902//2226 3900//2226
f 3452//2227 3453//2227 3912//2227
f 3452//2227 3912//2227 3911//2227
