# Blender 5.2.1 LTS
# www.blender.org
mtllib Shades3.mtl
o Object.1
v -0.527255 0.239801 -0.219440
v -0.508341 0.202410 -0.251459
v -0.524619 0.208132 -0.236033
v -0.517875 0.243822 -0.199439
v -0.506713 0.316696 -0.140649
v -0.502373 0.327393 -0.163567
v -0.504155 0.267852 -0.214664
v -0.489273 0.267469 -0.208525
v -0.484311 0.249384 -0.209494
v -0.465863 0.329195 -0.144443
v -0.467491 0.249723 -0.200571
v -0.447415 0.299080 -0.151240
v -0.430904 0.302385 -0.140644
v -0.390131 0.321821 -0.105828
v -0.382070 0.264141 -0.143171
v -0.422300 0.229533 -0.183835
v -0.445787 0.247427 -0.186308
v -0.435090 0.192256 -0.214136
v -0.466561 0.169619 -0.245238
v -0.448965 0.114208 -0.269316
v -0.400828 0.184996 -0.206743
v -0.424548 0.154404 -0.212813
v -0.401913 0.171826 -0.183741
v -0.438500 0.181387 -0.205248
v -0.366102 0.191877 -0.150273
v -0.374938 0.242577 -0.122286
v -0.426951 0.218821 -0.176111
v -0.453228 0.221241 -0.196690
v -0.476405 0.168744 -0.237375
v -0.470514 0.255183 -0.180041
v -0.439043 0.301048 -0.129872
v -0.445709 0.300650 -0.126558
v -0.435012 0.270856 -0.142444
v -0.399666 0.315194 -0.086711
v -0.388658 0.283394 -0.097810
v -0.385403 0.288558 -0.101284
v -0.399743 0.346306 -0.067991
v -0.455864 0.338894 -0.104869
v -0.395247 0.420323 -0.008673
v -0.440826 0.389511 -0.055947
v -0.461677 0.349901 -0.087617
v -0.470669 0.320310 -0.122886
v -0.498109 0.242415 -0.189340
v -0.489273 0.332596 -0.116845
v -0.519193 0.173025 -0.240951
v -0.489117 0.129643 -0.252699
v -0.487025 0.055859 -0.299993
v -0.479040 0.104383 -0.270469
v -0.480668 0.170501 -0.230767
v -0.455011 0.103608 -0.260819
v -0.461522 0.033099 -0.305952
v -0.452608 0.013604 -0.331076
v -0.468809 0.000232 -0.328324
v -0.465476 0.006453 -0.341211
v -0.471677 0.071488 -0.316532
v -0.471987 0.121087 -0.280091
v -0.506481 0.132075 -0.281486
v -0.474080 0.248710 -0.174146
v -0.438500 0.396701 -0.033294
v -0.441756 0.420788 -0.018682
v -0.489660 0.369570 -0.101332
v -0.450128 0.432319 -0.030591
v -0.468343 0.406235 -0.088184
v -0.406177 0.464022 -0.011764
v -0.367884 0.487955 0.038242
v -0.377574 0.474971 0.052234
v -0.364086 0.496656 0.079577
v -0.351917 0.506578 0.059927
v -0.346335 0.553067 0.077174
v -0.335096 0.495047 0.029638
v -0.345173 0.482955 0.034541
v -0.306648 0.455302 0.013922
v -0.334631 0.463634 0.028514
v -0.413076 0.416641 -0.058719
v -0.392689 0.424199 -0.024380
v -0.334243 0.454527 0.033126
v -0.299206 0.437183 0.034347
v -0.272541 0.435923 0.043591
v -0.269441 0.425672 0.033921
v -0.265410 0.318702 -0.054843
v -0.309283 0.393077 -0.013150
v -0.293858 0.282149 -0.096057
v -0.339359 0.271277 -0.122455
v -0.349048 0.329466 -0.085684
v -0.334476 0.357139 -0.041898
v -0.376411 0.296474 -0.120474
v -0.395092 0.353205 -0.079599
v -0.450128 0.347120 -0.120328
v -0.439896 0.386759 -0.083010
v -0.440903 0.379589 -0.101860
v -0.449507 0.403464 -0.089095
v -0.459817 0.339349 -0.142529
v -0.351606 0.212711 -0.167081
v -0.359668 0.195340 -0.183758
v -0.400286 0.157238 -0.192279
v -0.387108 0.161768 -0.218559
v -0.363389 0.159578 -0.207004
v -0.358195 0.118791 -0.232153
v -0.310291 0.116204 -0.209184
v -0.329282 0.069085 -0.249172
v -0.306803 0.076323 -0.236106
v -0.277115 0.136368 -0.182644
v -0.298431 0.108608 -0.186795
v -0.321376 0.003488 -0.264501
v -0.312616 -0.000484 -0.282184
v -0.339437 0.022847 -0.279325
v -0.299206 -0.053505 -0.310186
v -0.303315 -0.064105 -0.297260
v -0.317500 -0.067050 -0.310670
v -0.342305 -0.029087 -0.289015
v -0.323081 -0.047090 -0.316242
v -0.355637 0.034513 -0.278763
v -0.378969 0.069133 -0.239730
v -0.343080 0.004341 -0.269462
v -0.345948 0.054938 -0.242249
v -0.368660 0.145127 -0.190419
v -0.360133 0.195188 -0.155791
v -0.332228 0.203789 -0.121578
v -0.353932 0.253860 -0.095102
v -0.300602 0.212895 -0.094409
v -0.312539 0.181680 -0.135199
v -0.324864 0.207851 -0.130163
v -0.350444 0.184325 -0.159401
v -0.290447 0.217671 -0.110397
v -0.320833 0.174718 -0.156978
v -0.317035 0.107193 -0.198880
v -0.353467 0.169837 -0.183962
v -0.272541 0.138402 -0.150536
v -0.265333 0.143794 -0.161072
v -0.245877 0.076381 -0.187085
v -0.258434 0.153649 -0.160089
v -0.184485 -0.009515 -0.240427
v -0.212468 0.019049 -0.221572
v -0.228823 0.033758 -0.190675
v -0.189136 -0.050326 -0.253009
v -0.189136 -0.058272 -0.243945
v -0.168594 -0.067128 -0.271758
v -0.159835 -0.084782 -0.255112
v -0.195337 -0.007771 -0.199836
v -0.171230 -0.021084 -0.217498
v -0.191229 0.035172 -0.184214
v -0.233319 0.098540 -0.147653
v -0.267891 0.137438 -0.138307
v -0.275720 0.140839 -0.133506
v -0.280526 0.199072 -0.087084
v -0.259674 0.144109 -0.118720
v -0.266728 0.229363 -0.081886
v -0.252078 0.182295 -0.112509
v -0.230296 0.186961 -0.096594
v -0.276960 0.289449 -0.039078
v -0.286804 0.271825 -0.035474
v -0.287657 0.341113 0.015686
v -0.276030 0.395208 0.041110
v -0.284556 0.395829 0.052234
v -0.310214 0.422978 0.057059
v -0.328817 0.370849 0.009872
v -0.316027 0.402941 0.027235
v -0.343312 0.345124 -0.034999
v -0.357575 0.319699 -0.045977
v -0.321066 0.257848 -0.071964
v -0.313159 0.297278 -0.031715
v -0.315175 0.258298 -0.061781
v -0.338196 0.444159 0.044405
v -0.372458 0.436601 0.038223
v -0.365017 0.452628 0.066710
v -0.339669 0.417785 0.071690
v -0.342615 0.426563 0.110661
v -0.363234 0.468499 0.112560
v -0.361296 0.460166 0.123605
v -0.318430 0.439818 0.144825
v -0.307036 0.423986 0.136299
v -0.306570 0.404142 0.095778
v -0.278975 0.409994 0.115350
v -0.269751 0.416389 0.098433
v -0.291378 0.419781 0.067969
v -0.270991 0.367730 0.067737
v -0.250062 0.372400 0.102250
v -0.235645 0.407146 0.133469
v -0.257504 0.442861 0.121377
v -0.206887 0.393697 0.136512
v -0.183167 0.400034 0.132830
v -0.218204 0.437163 0.124652
v -0.224327 0.430652 0.160270
v -0.174951 0.408056 0.147247
v -0.228978 0.438442 0.174377
v -0.201771 0.445903 0.172556
v -0.210452 0.466444 0.185423
v -0.261767 0.497276 0.195500
v -0.256574 0.454488 0.171664
v -0.272464 0.509775 0.177982
v -0.218514 0.520143 0.197593
v -0.248434 0.523747 0.185191
v -0.275642 0.513147 0.167362
v -0.263550 0.468944 0.139031
v -0.290447 0.492315 0.155038
v -0.301377 0.548377 0.148139
v -0.266418 0.556904 0.147790
v -0.284556 0.566826 0.121067
v -0.248590 0.545471 0.123412
v -0.246341 0.550625 0.168641
v -0.227428 0.547718 0.153022
v -0.237350 0.551013 0.125272
v -0.225645 0.508283 0.095487
v -0.221692 0.553261 0.123819
v -0.201926 0.510957 0.099808
v -0.165959 0.467355 0.104382
v -0.240218 0.497663 0.097696
v -0.230063 0.455457 0.109963
v -0.247504 0.464952 0.112831
v -0.243551 0.464274 0.100254
v -0.206654 0.459778 0.075585
v -0.191616 0.443190 0.101921
v -0.162083 0.448364 0.099188
v -0.150146 0.412184 0.090158
v -0.171540 0.439295 0.072930
v -0.144720 0.407320 0.060450
v -0.160300 0.408153 0.038901
v -0.172703 0.376469 0.014445
v -0.145728 0.379454 0.039425
v -0.139061 0.385519 0.067039
v -0.150921 0.348157 0.036634
v -0.113327 0.353254 0.036440
v -0.102474 0.364164 0.074384
v -0.086739 0.326618 0.042157
v -0.053020 0.292279 0.051149
v -0.061392 0.282294 0.032584
v -0.083638 0.291252 0.022371
v -0.068756 0.249723 0.004679
v -0.078755 0.230039 0.001578
v -0.028138 0.240613 0.015376
v -0.064957 0.210193 0.023321
v -0.018758 0.249432 0.032700
v -0.012170 0.259190 0.035801
v -0.022557 0.236563 0.045974
v -0.043253 0.214023 0.040723
v -0.009147 0.227480 0.043998
v 0.027518 0.223925 0.060450
v 0.022092 0.208812 0.051556
v 0.019921 0.185660 0.052718
v 0.046276 0.189543 0.051943
v 0.043641 0.218917 0.068221
v 0.051160 0.215875 0.056129
v 0.052555 0.194790 0.048668
v 0.071081 0.188031 0.046866
v 0.085382 0.182661 0.052040
v 0.065345 0.154046 0.064617
v 0.087708 0.150233 0.027642
v 0.101351 0.197218 0.045432
v 0.104529 0.225449 0.031906
v 0.080615 0.203386 -0.002085
v 0.068600 0.137952 -0.010805
v 0.082631 0.124711 0.015608
v 0.078600 0.083978 -0.004933
v 0.063950 0.092524 -0.044069
v 0.080383 0.044377 -0.020979
v 0.083561 0.038389 -0.029496
v 0.065422 0.102901 -0.055134
v 0.079685 0.082592 -0.049669
v 0.106544 0.039513 -0.031501
v 0.088948 -0.010116 -0.033604
v 0.068678 0.005562 -0.025630
v 0.064880 0.024398 -0.019283
v 0.048059 0.017015 -0.007104
v 0.051237 0.054832 0.006054
v 0.059376 0.070432 0.003729
v 0.028370 0.073678 -0.008741
v 0.004883 0.084278 -0.005573
v -0.010542 0.092320 -0.023149
v 0.015968 0.088367 -0.015010
v -0.038990 0.109238 -0.037528
v -0.029611 0.143237 -0.004177
v 0.058911 0.111205 0.033088
v 0.045114 0.152326 0.052059
v 0.061469 0.149695 0.066748
v 0.023720 0.173727 0.058241
v -0.050927 0.192569 0.019620
v -0.091545 0.221916 0.010686
v -0.107125 0.218154 -0.005301
v -0.147045 0.255982 -0.001813
v -0.129217 0.288103 0.035801
v -0.172703 0.305950 0.017333
v -0.176501 0.281451 -0.008886
v -0.175106 0.300253 0.003303
v -0.171152 0.336666 0.030006
v -0.169835 0.335377 0.041963
v -0.153867 0.310437 0.034483
v -0.118210 0.289730 0.040587
v -0.114954 0.308722 0.034967
v -0.092165 0.269160 0.020666
v -0.162238 0.348080 0.021189
v -0.199135 0.348729 0.004737
v -0.200143 0.381837 0.007411
v -0.178206 0.409665 0.017062
v -0.204174 0.422668 0.035510
v -0.265100 0.401661 0.030724
v -0.270914 0.376586 0.009523
v -0.227196 0.334204 0.005105
v -0.253938 0.314903 -0.032277
v -0.236885 0.277740 -0.044340
v -0.205957 0.235192 -0.060463
v -0.224405 0.193175 -0.103338
v -0.181927 0.195378 -0.077225
v -0.224405 0.194866 -0.110029
v -0.229753 0.194724 -0.109471
v -0.238202 0.173865 -0.136384
v -0.258201 0.231362 -0.097403
v -0.256806 0.243222 -0.107567
v -0.265565 0.292676 -0.056258
v -0.236342 0.173986 -0.149259
v -0.253938 0.163662 -0.160909
v -0.285331 0.221388 -0.119839
v -0.312694 0.179306 -0.165483
v -0.304013 0.202174 -0.146783
v -0.284634 0.233120 -0.121481
v -0.358893 0.186946 -0.182000
v -0.229986 0.154811 -0.153932
v -0.214018 0.109431 -0.173144
v -0.214405 0.116824 -0.160196
v -0.187430 0.047768 -0.195425
v -0.165416 -0.019417 -0.237351
v -0.160688 0.039532 -0.185994
v -0.168207 0.049009 -0.161943
v -0.152626 0.099558 -0.133753
v -0.154022 0.116233 -0.096255
v -0.175571 0.115729 -0.113614
v -0.187585 0.091554 -0.143333
v -0.206809 0.125806 -0.129540
v -0.217739 0.099810 -0.153272
v -0.212778 0.147917 -0.111622
v -0.246419 0.153101 -0.123206
v -0.252155 0.176348 -0.111472
v -0.203011 0.184335 -0.077962
v -0.218979 0.265342 -0.028992
v -0.201616 0.233038 -0.040522
v -0.184097 0.171312 -0.069018
v -0.204716 0.214557 -0.038265
v -0.223630 0.312733 0.012740
v -0.207119 0.259509 -0.001988
v -0.231846 0.340793 0.032836
v -0.209522 0.326375 0.040955
v -0.192236 0.274630 0.015976
v -0.187663 0.325222 0.052718
v -0.203941 0.314613 0.063977
v -0.178516 0.330057 0.053455
v -0.177354 0.322403 0.076942
v -0.197430 0.314981 0.079480
v -0.185260 0.333313 0.105680
v -0.165804 0.361664 0.115893
v -0.155262 0.329505 0.115563
v -0.165106 0.309603 0.093549
v -0.125109 0.287013 0.106455
v -0.135186 0.338691 0.122171
v -0.108908 0.295282 0.110118
v -0.116970 0.331918 0.112908
v -0.071391 0.277100 0.095875
v -0.103404 0.319690 0.085333
v -0.096816 0.341190 0.116455
v -0.096041 0.338129 0.082813
v -0.080615 0.288326 0.076883
v -0.053563 0.292705 0.068531
v -0.032014 0.284164 0.057156
v -0.024882 0.277440 0.025394
v -0.018836 0.265900 0.054482
v -0.028370 0.273462 0.071031
v 0.016278 0.241439 0.065818
v 0.010930 0.250605 0.081011
v 0.002248 0.235763 0.096843
v 0.027363 0.208314 0.112792
v 0.045501 0.230623 0.107734
v 0.051702 0.230274 0.077465
v 0.083096 0.232471 0.083898
v 0.082243 0.219640 0.057485
v 0.099723 0.209368 0.061284
v 0.115187 0.219644 0.089925
v 0.109606 0.230185 0.065954
v 0.107358 0.265202 0.035859
v 0.120768 0.288626 -0.009468
v 0.123016 0.308702 0.000241
v 0.147084 0.305834 0.044986
v 0.117396 0.337537 -0.036666
v 0.136465 0.367749 -0.045503
v 0.092514 0.377438 -0.126854
v 0.077282 0.343564 -0.108415
v 0.092242 0.384570 -0.190993
v 0.120535 0.393135 -0.137999
v 0.106544 0.380151 -0.203635
v 0.075654 0.373795 -0.257990
v 0.066430 0.341365 -0.180104
v 0.045346 0.334321 -0.243344
v 0.033331 0.329292 -0.330941
v 0.029998 0.317035 -0.313936
v 0.049377 0.318769 -0.287271
v 0.076662 0.330891 -0.184913
v 0.052245 0.306163 -0.260935
v 0.033951 0.290951 -0.353187
v 0.054803 0.287012 -0.267601
v 0.065577 0.263550 -0.191603
v 0.079840 0.273724 -0.135383
v 0.079142 0.310446 -0.172702
v 0.114334 0.300204 -0.042489
v 0.091932 0.326637 -0.108255
v 0.087204 0.328681 -0.082215
v 0.091584 0.336220 -0.059533
v 0.117163 0.298742 -0.017093
v 0.109334 0.269998 -0.001716
v 0.084762 0.261001 -0.057721
v 0.066353 0.209142 -0.064271
v 0.057283 0.142913 -0.047896
v 0.058214 0.176385 -0.080132
v 0.067438 0.155989 -0.077545
v 0.073561 0.114625 -0.055221
v 0.105265 0.193287 -0.067410
v 0.125961 0.139682 -0.028304
v 0.128442 0.095101 -0.022636
v 0.174176 0.184875 0.007953
v 0.189833 0.171242 0.006636
v 0.192740 0.135796 -0.003829
v 0.180454 0.110643 -0.016037
v 0.156076 0.062990 -0.036608
v 0.148712 0.046237 -0.038923
v 0.128519 0.009961 -0.033381
v 0.157626 0.038505 -0.037034
v 0.172703 0.031200 -0.031259
v 0.166192 0.010794 -0.025736
v 0.134449 -0.007887 -0.039970
v 0.156541 -0.014863 -0.032858
v 0.175803 -0.025522 -0.020223
v 0.161657 -0.045133 -0.064338
v 0.180377 -0.043098 -0.031889
v 0.188089 -0.055907 -0.065414
v 0.162820 -0.064357 -0.089981
v 0.183012 -0.076042 -0.077991
v 0.165881 -0.095692 -0.097389
v 0.132201 -0.082708 -0.091754
v 0.154719 -0.113055 -0.095034
v 0.128403 -0.121698 -0.091449
v 0.112784 -0.083813 -0.118482
v 0.121000 -0.122512 -0.113807
v 0.119373 -0.142782 -0.087249
v 0.148944 -0.149836 -0.088630
v 0.140069 -0.173555 -0.079115
v 0.116195 -0.175958 -0.064416
v 0.109877 -0.152820 -0.078427
v 0.079685 -0.177935 -0.131987
v 0.079220 -0.169835 -0.146487
v 0.053175 -0.216498 -0.167858
v 0.059764 -0.180260 -0.178004
v 0.072244 -0.157083 -0.160787
v 0.091777 -0.135651 -0.144881
v 0.102552 -0.098599 -0.137474
v 0.079608 -0.111815 -0.149411
v 0.058756 -0.087475 -0.151332
v 0.086545 -0.081817 -0.129218
v 0.088483 -0.063465 -0.129601
v 0.113675 -0.051005 -0.095262
v 0.095498 -0.045772 -0.110479
v 0.116117 -0.039009 -0.095877
v 0.104025 -0.027595 -0.084638
v 0.135728 -0.028584 -0.061122
v 0.117280 -0.020483 -0.065569
v 0.137821 -0.018584 -0.059184
v 0.122473 -0.002713 -0.046898
v 0.111737 -0.010174 -0.044785
v 0.104839 -0.009515 -0.054698
v 0.092669 0.001918 -0.047072
v 0.091002 0.051305 -0.073786
v 0.097320 0.040773 -0.082622
v 0.086119 0.051014 -0.086779
v 0.068368 -0.026471 -0.127666
v 0.087127 -0.026491 -0.099366
v 0.065500 -0.052516 -0.137650
v 0.055501 -0.081894 -0.144319
v 0.034417 -0.081952 -0.134714
v 0.030386 -0.087010 -0.145305
v 0.021007 -0.081991 -0.109113
v 0.030153 -0.080131 -0.095049
v 0.031006 -0.061857 -0.100577
v 0.033099 -0.048602 -0.112809
v 0.038757 -0.042827 -0.123792
v 0.058756 0.000349 -0.109118
v 0.054105 -0.003740 -0.091391
v 0.073794 0.050753 -0.082080
v 0.069841 0.041315 -0.064726
v 0.074879 -0.005193 -0.040454
v 0.052632 -0.021549 -0.085510
v 0.052788 -0.027498 -0.072119
v 0.045191 -0.027363 -0.073379
v 0.045734 -0.050326 -0.075501
v 0.058834 -0.034281 -0.045328
v 0.059609 -0.011395 -0.044543
v 0.046431 -0.017169 -0.025562
v 0.050850 -0.014573 -0.037363
v 0.050695 0.001008 -0.023178
v 0.052322 -0.004011 -0.015805
v 0.038215 -0.003682 0.015395
v 0.029611 -0.014418 0.011636
v 0.016511 -0.028991 -0.035426
v 0.030928 -0.033738 -0.048865
v 0.016123 -0.064880 -0.065743
v 0.045501 -0.054609 -0.063815
v 0.031549 -0.077495 -0.068282
v 0.038835 -0.034339 -0.098329
v 0.036975 -0.047323 -0.082855
v 0.032401 -0.093580 -0.066083
v 0.017131 -0.088638 -0.085626
v 0.014418 -0.109063 -0.088009
v 0.014960 -0.102261 -0.121762
v -0.001240 -0.109296 -0.101366
v -0.003178 -0.129915 -0.110329
v 0.002713 -0.146309 -0.086895
v 0.024882 -0.109606 -0.062430
v 0.008527 -0.162238 -0.084143
v 0.028370 -0.126737 -0.051074
v -0.001938 -0.130302 -0.050444
v 0.020851 -0.093173 -0.064271
v -0.010542 -0.113714 -0.044718
v -0.047284 -0.136852 -0.030416
v -0.018836 -0.094897 -0.018237
v 0.003488 -0.089665 -0.055434
v -0.016046 -0.074085 -0.018498
v 0.004341 -0.070635 -0.048690
v -0.005503 -0.043331 -0.008266
v 0.006356 -0.041044 -0.016706
v 0.004108 -0.052439 -0.045580
v 0.011085 -0.028235 -0.017180
v 0.016356 -0.030948 0.009892
v 0.025037 -0.032285 0.031324
v 0.038990 0.001027 0.052370
v 0.052710 0.009205 0.085740
v 0.035192 0.045094 0.087716
v 0.053253 0.039378 0.111029
v 0.039300 0.084559 0.101804
v 0.035502 0.081361 0.088782
v 0.030773 0.022770 0.038940
v 0.032556 0.040250 0.036692
v 0.035502 0.013972 0.010182
v 0.049997 0.096758 0.039715
v 0.032944 0.093308 0.082658
v 0.044106 0.126804 0.059675
v -0.025735 0.145471 0.021383
v -0.028448 0.096477 -0.022045
v -0.126892 0.124033 -0.069067
v -0.121000 0.153741 -0.043196
v -0.150223 0.156822 -0.056190
v -0.129605 0.111524 -0.068447
v -0.120535 0.119595 -0.074861
v -0.117745 0.119043 -0.091299
v -0.117822 0.128742 -0.078650
v -0.081933 0.112871 -0.052392
v -0.117590 0.160756 -0.055696
v -0.135496 0.158280 -0.072497
v -0.122008 0.163367 -0.062197
v -0.146735 0.189102 -0.062013
v -0.147898 0.179941 -0.074774
v -0.151541 0.191210 -0.058186
v -0.169060 0.242279 -0.048128
v -0.156347 0.156851 -0.093470
v -0.186345 0.231863 -0.062808
v -0.189678 0.166540 -0.102359
v -0.206111 0.150708 -0.128385
v -0.169757 0.143242 -0.104636
v -0.180609 0.099509 -0.151952
v -0.141697 0.117900 -0.106768
v -0.150999 0.104713 -0.086110
v -0.172005 0.151008 -0.080801
v -0.176733 0.153915 -0.069183
v -0.192314 0.139609 -0.084560
v -0.180842 0.141406 -0.097844
v -0.197120 0.161531 -0.092452
v -0.170532 0.160683 -0.056665
v -0.167509 0.152336 -0.109912
v -0.194717 0.238595 -0.052043
v -0.201150 0.295350 -0.020979
v -0.212313 0.310175 -0.008286
v -0.212080 0.347682 0.014058
v -0.222545 0.354116 0.019542
v -0.172935 0.266214 -0.028265
v -0.166889 0.224737 -0.044514
v -0.138984 0.230228 -0.019109
v -0.043796 0.176353 0.010318
v -0.060384 0.197582 0.013128
v 0.000853 0.167684 0.034347
v -0.148518 0.260730 -0.005166
v -0.183942 0.211505 -0.023401
v -0.159758 0.185895 -0.047159
v -0.177664 0.230439 -0.025349
v -0.148673 0.223137 -0.011105
v -0.183245 0.276466 0.007469
v -0.165649 0.306367 0.042118
v -0.120303 0.274756 0.052525
v -0.145340 0.291009 0.070217
v -0.122396 0.258637 0.061342
v -0.119373 0.253778 0.086243
v -0.106505 0.213068 0.060237
v -0.106893 0.213960 0.035994
v -0.075189 0.198780 0.043184
v -0.097513 0.213853 0.019949
v -0.062477 0.204238 0.039928
v -0.072166 0.190363 0.022759
v -0.039533 0.198747 0.052447
v -0.047749 0.198470 0.062059
v -0.064492 0.204809 0.066438
v -0.038447 0.207319 0.078356
v -0.024882 0.201412 0.103529
v -0.064105 0.216773 0.103180
v -0.073716 0.198852 0.072155
v -0.097048 0.209599 0.083278
v -0.096506 0.231565 0.099033
v -0.086971 0.256283 0.101940
v -0.061547 0.257223 0.105428
v -0.054338 0.229657 0.101320
v -0.043563 0.255978 0.095235
v -0.035269 0.279465 0.085584
v -0.019766 0.208283 0.108141
v -0.005348 0.229334 0.110815
v 0.012790 0.188808 0.114866
v 0.014728 0.180188 0.111261
v 0.038215 0.159918 0.129962
v 0.044183 0.174793 0.141453
v 0.068368 0.159520 0.142035
v 0.066508 0.179706 0.143333
v 0.075732 0.217813 0.130369
v 0.049997 0.189956 0.143488
v 0.069453 0.223420 0.131783
v 0.027828 0.206617 0.125660
v 0.076119 0.229317 0.115098
v 0.097514 0.192052 0.137577
v 0.103831 0.184587 0.156433
v 0.078057 0.170099 0.162867
v 0.111892 0.154714 0.187439
v 0.120768 0.166066 0.175812
v 0.113443 0.197409 0.141162
v 0.102397 0.208145 0.125485
v 0.145766 0.220426 0.103219
v 0.179447 0.285089 0.069926
v 0.171540 0.224336 0.098200
v 0.203398 0.215358 0.086398
v 0.198127 0.260677 0.032971
v 0.210956 0.208790 0.050877
v 0.202623 0.215803 0.030239
v 0.178710 0.285855 -0.028401
v 0.189795 0.197808 0.011151
v 0.168749 0.269470 -0.026124
v 0.174292 0.215424 0.002683
v 0.155223 0.272842 -0.029990
v 0.152006 0.258952 -0.035455
v 0.132821 0.249151 -0.067798
v 0.145960 0.289730 -0.054601
v 0.101195 0.248517 -0.116317
v 0.110265 0.300059 -0.137365
v 0.140185 0.315998 -0.114243
v 0.152278 0.318314 -0.117901
v 0.167703 0.301280 -0.058787
v 0.164641 0.325591 -0.090364
v 0.174641 0.326763 -0.016153
v 0.141193 0.379279 -0.079706
v 0.160262 0.351393 -0.007046
v 0.181694 0.305282 0.042389
v 0.168594 0.309884 0.055063
v 0.135612 0.365627 -0.146075
v 0.125341 0.331356 -0.192000
v 0.099645 0.323556 -0.264210
v 0.088599 0.361460 -0.258125
v 0.051237 0.327441 -0.349060
v 0.047129 0.343535 -0.333731
v 0.018448 0.296183 -0.418803
v 0.054570 0.302627 -0.347180
v 0.017751 0.277217 -0.426128
v 0.022712 0.277246 -0.396925
v 0.007054 0.279968 -0.407951
v 0.068135 0.315368 -0.291050
v 0.092165 0.319661 -0.233248
v 0.072399 0.287400 -0.237782
v 0.107590 0.321356 -0.186359
v 0.118365 0.323420 -0.190142
v 0.089646 0.232403 -0.123599
v 0.074104 0.236364 -0.145891
v 0.073716 0.196875 -0.104932
v 0.068290 0.237856 -0.125691
v 0.126892 0.206832 -0.047944
v 0.214832 0.208881 -0.013857
v 0.190647 0.182438 -0.002957
v 0.207313 0.188046 -0.015407
v 0.206150 0.158115 -0.015698
v 0.219599 0.235143 -0.076460
v 0.205918 0.248672 -0.078844
v 0.220335 0.211895 -0.123448
v 0.207080 0.221665 -0.119418
v 0.194446 0.242873 -0.115261
v 0.198166 0.259514 -0.105329
v 0.199600 0.265260 -0.128673
v 0.213630 0.268869 -0.143554
v 0.204251 0.234889 -0.150264
v 0.237427 0.253512 -0.164308
v 0.219948 0.215574 -0.157291
v 0.222932 0.224527 -0.186666
v 0.214599 0.203916 -0.144009
v 0.208359 0.188411 -0.117853
v 0.223746 0.213744 -0.096512
v 0.200453 0.167684 -0.080714
v 0.195143 0.146479 -0.038768
v 0.192663 0.157524 -0.137827
v 0.226188 0.244195 -0.263018
v 0.197507 0.179519 -0.232807
v 0.181191 0.142961 -0.253290
v 0.177005 0.129803 -0.196382
v 0.179369 0.127579 -0.214402
v 0.169912 0.095808 -0.131338
v 0.184756 0.111805 -0.173516
v 0.186927 0.135500 -0.254685
v 0.194446 0.138315 -0.255238
v 0.207468 0.166690 -0.227890
v 0.212506 0.162907 -0.119737
v 0.238009 0.225973 -0.209427
v 0.226110 0.193083 -0.141289
v 0.232040 0.211509 -0.164325
v 0.245838 0.240765 -0.166999
v 0.253783 0.209457 -0.161492
v 0.229482 0.201414 -0.131692
v 0.267968 0.203560 -0.100644
v 0.234133 0.202457 -0.096929
v 0.218553 0.171598 -0.101027
v 0.212080 0.148562 -0.060085
v 0.207778 0.141266 -0.068864
v 0.180144 0.073571 -0.027277
v 0.174989 0.081090 -0.106710
v 0.161347 0.064134 -0.074958
v 0.164602 0.089752 -0.101391
v 0.202740 0.114392 -0.019448
v 0.208514 0.099238 -0.019031
v 0.213475 0.071430 -0.015940
v 0.210026 0.046490 -0.010098
v 0.215840 0.019824 0.002663
v 0.219444 0.049144 -0.005321
v 0.223126 0.022964 0.019871
v 0.238823 0.041548 0.025724
v 0.246109 0.047982 0.020898
v 0.242001 0.048195 0.044250
v 0.227544 0.020600 0.048281
v 0.241071 0.024359 0.056768
v 0.220839 -0.010774 0.078259
v 0.218165 -0.005465 0.053532
v 0.231885 0.016143 0.035084
v 0.206925 -0.006395 0.044599
v 0.208980 -0.004941 0.025937
v 0.184950 -0.023312 0.040393
v 0.189523 -0.008895 0.006461
v 0.186578 -0.025599 0.001772
v 0.179485 -0.045462 0.028108
v 0.185648 -0.049513 -0.008625
v 0.181307 -0.060713 0.022817
v 0.172393 -0.072011 0.022546
v 0.185493 -0.077398 0.007043
v 0.193283 -0.060229 -0.024971
v 0.194794 -0.078871 -0.022432
v 0.199174 -0.074336 -0.000825
v 0.203747 -0.090692 -0.017268
v 0.207662 -0.079608 -0.044475
v 0.208747 -0.119450 -0.049301
v 0.193554 -0.105575 -0.076189
v 0.189872 -0.085867 -0.068379
v 0.186927 -0.135651 -0.074541
v 0.178051 -0.161540 -0.078940
v 0.230296 -0.172974 -0.076469
v 0.220491 -0.183904 -0.076266
v 0.204794 -0.200492 -0.068408
v 0.239598 -0.201926 -0.058689
v 0.193360 -0.212506 -0.057895
v 0.153712 -0.212739 -0.056238
v 0.187779 -0.225761 -0.054862
v 0.230955 -0.226033 -0.034989
v 0.183400 -0.230180 -0.038400
v 0.142588 -0.224134 -0.024244
v 0.161657 -0.238551 -0.013847
v 0.158324 -0.242427 0.013302
v 0.134294 -0.216498 0.011287
v 0.127667 -0.208631 0.005415
v 0.112164 -0.181384 -0.044873
v 0.097203 -0.154719 -0.054746
v 0.102513 -0.158827 -0.029563
v 0.086158 -0.161502 -0.029903
v 0.111737 -0.152278 -0.006832
v 0.085770 -0.153363 0.009620
v 0.098405 -0.141426 0.021247
v 0.077437 -0.130728 0.029057
v 0.062322 -0.141232 0.006229
v 0.055423 -0.115574 0.030607
v 0.059454 -0.163091 0.027352
v 0.056198 -0.163478 0.003923
v 0.056431 -0.143131 -0.013721
v 0.070616 -0.156851 -0.015911
v 0.053020 -0.145611 -0.039766
v 0.081080 -0.158556 -0.050899
v 0.034727 -0.180415 -0.080481
v -0.018371 -0.203127 -0.110145
v -0.007364 -0.152316 -0.098135
v -0.021394 -0.136310 -0.115421
v -0.028603 -0.162199 -0.139748
v -0.022789 -0.134372 -0.155966
v -0.024650 -0.149797 -0.157105
v -0.023875 -0.166424 -0.189917
v -0.005038 -0.143480 -0.198427
v -0.010930 -0.138402 -0.168149
v 0.026045 -0.146929 -0.186831
v 0.022634 -0.147704 -0.199480
v -0.007907 -0.169447 -0.203637
v 0.035579 -0.174718 -0.195639
v 0.064725 -0.160417 -0.185967
v 0.045966 -0.203902 -0.188301
v 0.040385 -0.205065 -0.211452
v 0.004728 -0.198089 -0.222682
v 0.000388 -0.187547 -0.212542
v -0.008062 -0.192391 -0.226712
v -0.025580 -0.190725 -0.210211
v -0.037052 -0.176075 -0.184628
v -0.039687 -0.187779 -0.217754
v -0.048214 -0.177896 -0.195934
v -0.049687 -0.173904 -0.140046
v -0.031083 -0.176927 -0.127292
v -0.050152 -0.197236 -0.149895
v -0.025967 -0.200724 -0.114650
v 0.003798 -0.225025 -0.113085
v 0.026510 -0.227350 -0.120217
v 0.009844 -0.218320 -0.108270
v 0.049997 -0.186849 -0.086188
v 0.069531 -0.187585 -0.104292
v 0.043253 -0.227389 -0.138355
v 0.056043 -0.216498 -0.149124
v 0.017441 -0.260604 -0.156209
v 0.023022 -0.251264 -0.196615
v 0.017441 -0.231420 -0.210245
v -0.004263 -0.265875 -0.225782
v 0.010232 -0.250489 -0.229197
v 0.003411 -0.227661 -0.222100
v -0.033099 -0.230684 -0.228902
v -0.034106 -0.200569 -0.224324
v -0.049919 -0.210336 -0.214794
v -0.064105 -0.233358 -0.224571
v -0.065577 -0.211615 -0.189537
v -0.072244 -0.234443 -0.235350
v -0.077360 -0.214522 -0.200338
v -0.070693 -0.210491 -0.152401
v -0.053873 -0.195221 -0.186974
v -0.048989 -0.219638 -0.136994
v -0.074802 -0.233513 -0.161317
v -0.073329 -0.250101 -0.152873
v -0.027285 -0.238125 -0.125701
v -0.056508 -0.269829 -0.143924
v -0.038292 -0.282270 -0.147071
v -0.001473 -0.254054 -0.133893
v -0.021394 -0.295602 -0.164739
v -0.007131 -0.293432 -0.185467
v 0.019999 -0.264480 -0.178080
v -0.012557 -0.291029 -0.212876
v -0.016666 -0.302772 -0.190569
v -0.047439 -0.331104 -0.206888
v -0.037285 -0.305718 -0.230806
v -0.028835 -0.263279 -0.234614
v -0.038835 -0.296494 -0.247234
v -0.065500 -0.275952 -0.239555
v -0.054570 -0.246342 -0.239081
v -0.121931 -0.274518 -0.226678
v -0.089297 -0.250799 -0.221935
v -0.113249 -0.252737 -0.203455
v -0.096893 -0.247582 -0.192371
v -0.091545 -0.247853 -0.155803
v -0.108133 -0.267581 -0.173849
v -0.089529 -0.288665 -0.153907
v -0.069918 -0.308431 -0.155525
v -0.107280 -0.332422 -0.154983
v -0.133790 -0.305989 -0.161339
v -0.164951 -0.336879 -0.153605
v -0.157355 -0.311454 -0.158052
v -0.155029 -0.302501 -0.197991
v -0.192159 -0.333856 -0.203535
v -0.207739 -0.335483 -0.203775
v -0.186345 -0.359629 -0.229590
v -0.210995 -0.362691 -0.203114
v -0.162083 -0.379163 -0.230055
v -0.133170 -0.377923 -0.240413
v -0.127047 -0.345560 -0.241648
v -0.167897 -0.334941 -0.224406
v -0.160068 -0.326724 -0.241484
v -0.093560 -0.337848 -0.251439
v -0.108831 -0.362148 -0.230695
v -0.073639 -0.331763 -0.239686
v -0.057283 -0.334166 -0.219363
v -0.094025 -0.367419 -0.215783
v -0.142317 -0.399898 -0.208080
v -0.091157 -0.368039 -0.193105
v -0.135263 -0.398542 -0.174123
v -0.170300 -0.428152 -0.153445
v -0.146580 -0.391953 -0.150490
v -0.136813 -0.388193 -0.159172
v -0.142627 -0.417145 -0.155153
v -0.118442 -0.380403 -0.155475
v -0.130767 -0.434198 -0.147681
v -0.140457 -0.436446 -0.140526
v -0.123171 -0.411564 -0.129083
v -0.139061 -0.408115 -0.123681
v -0.142162 -0.428385 -0.118536
v -0.150689 -0.412882 -0.110881
v -0.166424 -0.488769 -0.115178
v -0.160455 -0.440942 -0.110808
v -0.179911 -0.461949 -0.098954
v -0.198980 -0.495357 -0.058370
v -0.193089 -0.492024 -0.081934
v -0.188981 -0.454817 -0.060802
v -0.189678 -0.450089 -0.092815
v -0.173555 -0.441717 -0.110963
v -0.166269 -0.414238 -0.099327
v -0.154952 -0.402301 -0.094157
v -0.153479 -0.392689 -0.082506
v -0.136813 -0.360714 -0.074754
v -0.141309 -0.397883 -0.058835
v -0.139681 -0.350986 -0.063718
v -0.142782 -0.399511 -0.052711
v -0.137821 -0.403619 -0.054426
v -0.157897 -0.412766 -0.066480
v -0.137201 -0.416060 -0.039931
v -0.181152 -0.433113 -0.077787
v -0.166501 -0.425245 -0.046665
v -0.134720 -0.427765 -0.031201
v -0.102552 -0.436524 -0.051287
v -0.095265 -0.427920 -0.065550
v -0.118597 -0.408890 -0.050260
v -0.094490 -0.390519 -0.054707
v -0.105110 -0.362342 -0.050153
v -0.115884 -0.364319 -0.042043
v -0.085654 -0.350715 -0.035387
v -0.102319 -0.344746 -0.034738
v -0.114722 -0.320562 -0.039233
v -0.114102 -0.323391 -0.053971
v -0.088754 -0.317926 -0.006251
v -0.109528 -0.277115 -0.032945
v -0.124799 -0.302888 -0.075501
v -0.143712 -0.334670 -0.087375
v -0.143170 -0.357885 -0.099186
v -0.140302 -0.324554 -0.096899
v -0.139449 -0.358001 -0.127336
v -0.142782 -0.398193 -0.120769
v -0.138596 -0.370714 -0.129887
v -0.149448 -0.416099 -0.133731
v -0.127822 -0.359823 -0.147331
v -0.138209 -0.376837 -0.153647
v -0.148751 -0.353350 -0.147741
v -0.095653 -0.350250 -0.164891
v -0.056276 -0.325833 -0.171307
v -0.184252 -0.394240 -0.127903
v -0.197120 -0.356219 -0.146189
v -0.192159 -0.342615 -0.147782
v -0.216111 -0.353157 -0.166195
v -0.238978 -0.378000 -0.169482
v -0.240683 -0.380209 -0.186780
v -0.214638 -0.400053 -0.212532
v -0.283471 -0.393813 -0.147600
v -0.251380 -0.373272 -0.146085
v -0.215723 -0.363272 -0.128247
v -0.229211 -0.376062 -0.129007
v -0.203786 -0.376799 -0.130936
v -0.247969 -0.393736 -0.096289
v -0.228281 -0.405440 -0.096352
v -0.218979 -0.425168 -0.100417
v -0.225568 -0.448539 -0.113706
v -0.182547 -0.435594 -0.176867
v -0.240140 -0.457530 -0.129867
v -0.216033 -0.441485 -0.192514
v -0.203631 -0.410867 -0.208729
v -0.256263 -0.416719 -0.182545
v -0.178284 -0.415401 -0.225409
v -0.176733 -0.420982 -0.203291
v -0.237195 -0.442337 -0.168822
v -0.265720 -0.454585 -0.157302
v -0.269053 -0.455515 -0.131151
v -0.308741 -0.468305 -0.082225
v -0.279595 -0.464429 -0.057091
v -0.308353 -0.475669 -0.061964
v -0.346180 -0.464119 -0.041907
v -0.346490 -0.462724 -0.063321
v -0.328352 -0.438772 -0.085626
v -0.308431 -0.465669 -0.111414
v -0.328274 -0.435129 -0.095461
v -0.291533 -0.437454 -0.135075
v -0.316957 -0.410246 -0.094676
v -0.304400 -0.422222 -0.132471
v -0.304788 -0.398735 -0.106773
v -0.269984 -0.393154 -0.107824
v -0.301144 -0.386372 -0.074890
v -0.260914 -0.392495 -0.073844
v -0.242388 -0.379706 -0.105295
v -0.268046 -0.405983 -0.064135
v -0.290447 -0.399162 -0.069416
v -0.285176 -0.401410 -0.033022
v -0.277812 -0.422145 -0.041239
v -0.308121 -0.402185 -0.025649
v -0.313237 -0.420982 0.014387
v -0.272541 -0.444275 -0.045047
v -0.324321 -0.464817 0.011771
v -0.343467 -0.428385 0.070721
v -0.360443 -0.448616 0.069307
v -0.348428 -0.471328 -0.001755
v -0.383775 -0.451407 0.045258
v -0.379279 -0.451097 -0.003208
v -0.358505 -0.438539 -0.037354
v -0.383000 -0.423424 0.003904
v -0.359590 -0.394705 -0.011260
v -0.389666 -0.379589 0.028069
v -0.356335 -0.377613 0.016073
v -0.316105 -0.391488 0.010492
v -0.343700 -0.391061 0.022488
v -0.340987 -0.404239 0.065295
v -0.339359 -0.382070 0.059598
v -0.353932 -0.376954 0.065547
v -0.358583 -0.385868 0.125447
v -0.388581 -0.419277 0.127714
v -0.392767 -0.376450 0.177556
v -0.413928 -0.396604 0.115893
v -0.398813 -0.428540 0.065528
v -0.406177 -0.430555 0.049463
v -0.398968 -0.390868 0.046730
v -0.396875 -0.361993 0.082620
v -0.416951 -0.403425 0.094828
v -0.413231 -0.364706 0.103394
v -0.401603 -0.330678 0.119594
v -0.395867 -0.351413 0.078415
v -0.364474 -0.358815 0.061788
v -0.376489 -0.339204 0.102270
v -0.365326 -0.355560 0.108665
v -0.392069 -0.306919 0.146918
v -0.366257 -0.333003 0.138954
v -0.365404 -0.357498 0.154728
v -0.366024 -0.316337 0.192865
v -0.405557 -0.324244 0.209996
v -0.418812 -0.366644 0.154340
v -0.406874 -0.285796 0.194493
v -0.381759 -0.270565 0.226429
v -0.371295 -0.213475 0.201120
v -0.377651 -0.290835 0.180036
v -0.411990 -0.335096 0.143333
v -0.361838 -0.245373 0.213213
v -0.350521 -0.377768 -0.023556
v -0.325484 -0.380985 -0.034011
v -0.332150 -0.400324 -0.054891
v -0.354707 -0.425633 -0.053477
v -0.374861 -0.402456 -0.029951
v -0.337886 -0.400673 -0.065511
v -0.279440 -0.400712 -0.136267
v -0.173943 -0.325058 -0.169613
v -0.124179 -0.330135 -0.142267
v -0.114567 -0.368505 -0.148185
v -0.090072 -0.338971 -0.142652
v -0.109606 -0.397379 -0.130454
v -0.082708 -0.368543 -0.119379
v -0.086816 -0.389472 -0.094928
v -0.113637 -0.418889 -0.116976
v -0.129450 -0.433888 -0.120977
v -0.115652 -0.460941 -0.110246
v -0.106815 -0.441097 -0.097854
v -0.099994 -0.481172 -0.088339
v -0.131310 -0.483033 0.033379
v -0.126581 -0.493652 0.017430
v -0.123171 -0.483110 -0.011958
v -0.116039 -0.497373 -0.019021
v -0.104412 -0.496287 -0.008809
v -0.081390 -0.484970 0.014213
v -0.072244 -0.467452 -0.012026
v -0.080383 -0.483420 -0.034864
v -0.080150 -0.483653 -0.043312
v -0.085266 -0.466909 -0.033962
v -0.090382 -0.464429 -0.047343
v -0.083018 -0.462569 -0.068476
v -0.088289 -0.445360 -0.051190
v -0.110148 -0.441872 -0.041539
v -0.117745 -0.457995 -0.041317
v -0.101234 -0.460631 -0.021831
v -0.115342 -0.466522 -0.021831
v -0.140922 -0.441872 -0.029660
v -0.133015 -0.457143 -0.017907
v -0.126814 -0.463886 0.004117
v -0.136116 -0.457763 0.013167
v -0.146038 -0.455205 -0.017238
v -0.153711 -0.462026 0.006772
v -0.146348 -0.480319 0.034948
v -0.157510 -0.491482 0.014678
v -0.170610 -0.487373 -0.028401
v -0.189136 -0.479622 -0.002879
v -0.186190 -0.461871 -0.028837
v -0.170222 -0.466909 -0.027228
v -0.165029 -0.453034 -0.043322
v -0.182780 -0.448073 -0.051171
v -0.185570 -0.440942 -0.060908
v -0.196655 -0.464739 -0.033807
v -0.205026 -0.478149 -0.047992
v -0.204871 -0.472801 -0.022965
v -0.208514 -0.497295 -0.005980
v -0.198282 -0.501249 -0.027548
v -0.157587 -0.473343 -0.014254
v -0.099839 -0.470010 -0.005825
v -0.086816 -0.461561 -0.004701
v -0.095963 -0.464662 -0.096740
v -0.094180 -0.435361 -0.088683
v -0.099606 -0.427842 -0.084589
v -0.096351 -0.387496 -0.061393
v -0.080693 -0.373233 -0.072710
v -0.065035 -0.367768 -0.080936
v -0.078987 -0.345638 -0.045221
v -0.058446 -0.332809 -0.066189
v -0.063795 -0.328933 -0.032460
v -0.064104 -0.318353 0.007159
v -0.083871 -0.330212 -0.003867
v -0.086429 -0.317810 0.002063
v -0.097746 -0.276340 0.023999
v -0.084336 -0.263123 0.031867
v -0.079142 -0.267852 0.057834
v -0.087359 -0.273549 0.056342
v -0.077980 -0.288122 0.061051
v -0.059221 -0.290021 0.054559
v -0.056973 -0.299168 0.050974
v -0.038137 -0.290564 0.044308
v -0.046199 -0.285951 0.085895
v -0.068600 -0.275991 0.088240
v -0.049842 -0.263511 0.102677
v -0.021549 -0.260759 0.096282
v -0.030618 -0.224560 0.102212
v -0.058601 -0.220568 0.094460
v -0.024805 -0.209755 0.112385
v -0.051780 -0.204367 0.105952
v -0.070926 -0.208825 0.083879
v -0.058136 -0.200259 0.092057
v -0.064957 -0.195143 0.081224
v -0.085964 -0.199755 0.073492
v -0.073871 -0.182935 0.066671
v -0.088677 -0.194446 0.057117
v -0.079065 -0.222855 0.061613
v -0.081933 -0.245063 0.078938
v -0.085189 -0.239404 0.091069
v -0.083638 -0.254093 0.068241
v -0.078135 -0.218243 0.051091
v -0.079530 -0.233552 0.027642
v -0.103172 -0.243551 -0.025164
v -0.083328 -0.221886 -0.008131
v -0.087592 -0.225606 -0.049281
v -0.056973 -0.214018 0.007508
v -0.049454 -0.221421 -0.045609
v -0.080848 -0.245334 -0.081072
v -0.102319 -0.304090 -0.100610
v -0.085111 -0.299168 -0.101797
v -0.087049 -0.313275 -0.111303
v -0.113327 -0.316260 -0.132612
v -0.077980 -0.341801 -0.113085
v -0.064725 -0.333778 -0.095654
v -0.068833 -0.371101 -0.103217
v -0.127977 -0.318081 -0.108343
v -0.031471 -0.257659 -0.068040
v -0.053718 -0.317306 -0.077923
v -0.025192 -0.287386 -0.059164
v -0.020309 -0.288354 -0.041627
v -0.039222 -0.296339 0.005221
v -0.022014 -0.274557 0.000997
v -0.013332 -0.262775 -0.028343
v -0.019379 -0.254752 0.004659
v -0.020619 -0.277929 0.037157
v 0.005271 -0.246613 0.029386
v 0.010387 -0.244404 0.050374
v -0.024960 -0.281688 0.072330
v 0.001705 -0.252271 0.067136
v 0.017208 -0.241226 0.058222
v -0.000853 -0.236110 0.091902
v 0.008217 -0.229637 0.070275
v -0.004961 -0.219289 0.092309
v -0.015813 -0.211111 0.102231
v -0.013177 -0.238745 0.091883
v -0.022634 -0.196267 0.094848
v -0.041780 -0.194291 0.090487
v -0.016510 -0.164602 0.091476
v -0.031238 -0.176888 0.099440
v 0.004418 -0.129488 0.089150
v -0.018448 -0.150030 0.098781
v -0.043408 -0.177160 0.094363
v -0.055113 -0.139681 0.071593
v -0.034571 -0.104761 0.063125
v -0.057903 -0.102688 0.030491
v -0.037595 -0.082631 0.023573
v -0.038990 -0.092204 0.050412
v -0.024960 -0.069414 0.024038
v -0.033021 -0.070073 0.007547
v -0.025502 -0.074937 0.002276
v -0.020929 -0.067787 0.017856
v -0.013953 -0.082088 0.021403
v -0.005116 -0.048117 0.022798
v -0.001783 -0.041160 0.013845
v 0.014185 -0.037575 0.030724
v 0.018836 -0.052032 0.040626
v 0.010620 -0.055888 0.049075
v 0.027208 -0.062961 0.058726
v 0.017363 -0.077960 0.051749
v 0.032556 -0.075247 0.059443
v 0.047052 -0.071740 0.072892
v 0.062244 -0.050694 0.072252
v 0.046819 -0.054377 0.072446
v 0.044571 -0.048950 0.058648
v 0.031239 -0.060558 0.049908
v 0.046121 -0.025057 0.077135
v 0.061004 -0.030793 0.085798
v 0.065267 0.010813 0.099285
v 0.068678 -0.021433 0.106940
v 0.080228 -0.000678 0.128760
v 0.073329 0.010174 0.128547
v 0.074647 0.005368 0.149302
v 0.091157 -0.013797 0.162130
v 0.081700 0.003314 0.166936
v 0.069686 0.025832 0.149534
v 0.088560 0.033215 0.165618
v 0.095382 0.035289 0.185113
v 0.067515 0.067418 0.185074
v 0.070306 0.069647 0.155658
v 0.064415 0.084549 0.178602
v 0.048059 0.070335 0.168293
v 0.038990 0.075247 0.148623
v 0.054648 0.083735 0.135272
v 0.060849 0.045811 0.144321
v 0.054880 0.084142 0.125272
v 0.051082 0.052342 0.126357
v 0.066663 0.033545 0.132907
v 0.041083 0.087543 0.118896
v 0.034339 0.099975 0.117172
v 0.032246 0.110817 0.101339
v -0.031083 0.091148 0.106572
v 0.027673 0.079065 0.129458
v -0.028215 0.076023 0.128237
v 0.010620 0.068872 0.145465
v -0.024882 0.090440 0.163797
v -0.038370 0.069211 0.128043
v -0.034106 0.075809 0.097405
v -0.051237 0.099422 0.076767
v -0.034417 0.108075 0.084848
v -0.032634 0.098637 0.093433
v -0.002558 0.122725 0.090604
v 0.040618 0.127977 0.094848
v 0.040075 0.117406 0.076980
v 0.054260 0.145999 0.080934
v 0.044958 0.139236 0.070663
v -0.003488 0.157141 0.046284
v 0.023797 0.166007 0.072485
v 0.014960 0.171065 0.094964
v 0.030541 0.155858 0.094421
v 0.028681 0.158823 0.120292
v 0.022402 0.141304 0.103374
v 0.004263 0.146159 0.120350
v 0.021704 0.151919 0.154999
v -0.005116 0.140137 0.140349
v 0.003101 0.140679 0.149476
v 0.008139 0.123055 0.160967
v 0.031471 0.110817 0.177246
v -0.001783 0.106331 0.161471
v 0.038525 0.101244 0.183951
v 0.065267 0.125390 0.173331
v 0.088909 0.124973 0.190578
v 0.079220 0.140723 0.163022
v 0.071314 0.148872 0.177672
v 0.108443 0.115303 0.204415
v 0.098560 0.115041 0.200267
v 0.082011 0.073048 0.187168
v 0.091041 0.083290 0.199686
v 0.108869 0.104248 0.204298
v 0.114954 0.079482 0.205810
v 0.107280 0.091496 0.213949
v 0.120807 0.086206 0.214685
v 0.120690 0.079889 0.219104
v 0.151851 0.056179 0.214065
v 0.102436 0.046800 0.200965
v 0.163285 0.010271 0.187090
v 0.178555 0.041374 0.207786
v 0.174214 0.051392 0.205693
v 0.206538 0.047013 0.190190
v 0.234094 0.041238 0.182594
v 0.225490 0.047090 0.181354
v 0.219018 0.056072 0.196120
v 0.168478 0.106680 0.220227
v 0.161851 0.104374 0.208135
v 0.177199 0.072205 0.200306
v 0.142046 0.090896 0.221661
v 0.130883 0.097077 0.213367
v 0.129682 0.126785 0.212553
v 0.134566 0.129062 0.201120
v 0.096351 0.138141 0.195810
v 0.148014 0.145602 0.209530
v 0.123481 0.196205 0.182013
v 0.111001 0.205287 0.165580
v 0.131697 0.220953 0.158719
v 0.166075 0.219939 0.167324
v 0.153595 0.214925 0.181315
v 0.180532 0.241441 0.168099
v 0.167974 0.221508 0.193911
v 0.179485 0.214220 0.191314
v 0.152355 0.153862 0.224607
v 0.170145 0.138746 0.222088
v 0.184020 0.105062 0.223561
v 0.176578 0.151100 0.232630
v 0.184562 0.201527 0.227204
v 0.197507 0.175549 0.228793
v 0.209445 0.217400 0.215383
v 0.204910 0.207118 0.206740
v 0.207003 0.230909 0.198291
v 0.187043 0.194075 0.212941
v 0.200220 0.234077 0.144922
v 0.187237 0.235102 0.123063
v 0.149448 0.226422 0.140639
v 0.129721 0.251458 0.140039
v 0.227041 0.217700 0.097250
v 0.237582 0.219858 0.119497
v 0.249907 0.211743 0.105079
v 0.264403 0.201783 0.126473
v 0.251303 0.198889 0.095235
v 0.226769 0.225954 0.076050
v 0.244985 0.184395 0.073589
v 0.261883 0.181772 0.087425
v 0.259442 0.144710 0.083782
v 0.254248 0.170377 0.061574
v 0.271379 0.145970 0.081941
v 0.270759 0.090460 0.119788
v 0.277968 0.092989 0.106436
v 0.269131 0.062797 0.116048
v 0.289789 0.099180 0.081767
v 0.282308 0.139783 0.056865
v 0.272115 0.152883 0.042816
v 0.286378 0.163290 0.018244
v 0.280099 0.181123 0.027449
v 0.263356 0.200285 0.046207
v 0.282463 0.186067 0.001384
v 0.261612 0.214155 0.015395
v 0.254519 0.203072 0.003942
v 0.228436 0.220379 0.008050
v 0.235645 0.213755 0.039056
v 0.222273 0.211497 -0.003926
v 0.222545 0.241863 -0.036521
v 0.254558 0.232539 -0.026318
v 0.233397 0.245465 -0.026172
v 0.250489 0.250891 -0.042945
v 0.231691 0.265023 -0.069387
v 0.207739 0.278811 -0.094390
v 0.242543 0.276965 -0.075588
v 0.233319 0.286828 -0.104700
v 0.248628 0.289934 -0.100858
v 0.245954 0.320523 -0.115169
v 0.238086 0.328585 -0.131890
v 0.250760 0.322548 -0.174651
v 0.251303 0.284891 -0.166673
v 0.271883 0.330610 -0.197899
v 0.256729 0.293373 -0.180465
v 0.267658 0.321327 -0.232269
v 0.268239 0.315678 -0.204335
v 0.242233 0.270894 -0.226645
v 0.226498 0.240746 -0.226853
v 0.253899 0.296552 -0.249870
v 0.211383 0.243311 -0.264249
v 0.202740 0.201516 -0.260751
v 0.173362 0.139618 -0.258590
v 0.192895 0.171516 -0.256129
v 0.196422 0.130036 -0.261565
v 0.172897 0.133451 -0.281399
v 0.190996 0.184613 -0.285498
v 0.180958 0.145713 -0.290139
v 0.195337 0.142070 -0.291728
v 0.195453 0.127463 -0.285372
v 0.212041 0.175583 -0.293268
v 0.226963 0.193313 -0.278715
v 0.211925 0.168396 -0.261933
v 0.222700 0.202176 -0.263735
v 0.269325 0.271572 -0.262330
v 0.267464 0.290224 -0.252990
v 0.298703 0.337363 -0.223292
v 0.305563 0.352876 -0.270663
v 0.319864 0.327286 -0.224353
v 0.320329 0.349426 -0.270644
v 0.342653 0.342605 -0.240946
v 0.356800 0.367710 -0.260354
v 0.350405 0.395422 -0.289984
v 0.373814 0.391139 -0.235554
v 0.370559 0.356819 -0.232274
v 0.351529 0.347527 -0.204831
v 0.363466 0.371566 -0.192691
v 0.382922 0.416409 -0.208322
v 0.381217 0.446349 -0.251633
v 0.378310 0.466289 -0.244008
v 0.414219 0.476560 -0.242918
v 0.388465 0.485765 -0.237342
v 0.423366 0.519445 -0.255654
v 0.404898 0.503012 -0.238897
v 0.417009 0.481715 -0.228466
v 0.357343 0.474467 -0.221044
v 0.348583 0.506461 -0.230661
v 0.349436 0.484757 -0.235859
v 0.332189 0.486850 -0.235065
v 0.366218 0.429121 -0.184812
v 0.394317 0.440496 -0.188975
v 0.349397 0.391003 -0.165060
v 0.361412 0.390693 -0.171916
v 0.332034 0.354329 -0.174215
v 0.340522 0.352004 -0.153519
v 0.368505 0.417048 -0.155278
v 0.332422 0.406215 -0.127293
v 0.365792 0.475281 -0.138927
v 0.324360 0.484292 -0.157918
v 0.370520 0.512818 -0.140119
v 0.345793 0.518806 -0.158031
v 0.331181 0.507605 -0.150702
v 0.323624 0.506791 -0.176810
v 0.322345 0.489389 -0.178451
v 0.303741 0.427067 -0.147460
v 0.320639 0.441252 -0.174981
v 0.276844 0.398057 -0.141495
v 0.293005 0.353079 -0.108701
v 0.308121 0.342363 -0.108052
v 0.304555 0.330213 -0.127339
v 0.325213 0.340725 -0.136282
v 0.314555 0.290176 -0.141962
v 0.295137 0.255566 -0.114277
v 0.297579 0.258419 -0.150595
v 0.294517 0.294294 -0.171925
v 0.323275 0.318314 -0.183060
v 0.309555 0.331288 -0.205301
v 0.272038 0.290767 -0.174104
v 0.272038 0.262673 -0.164021
v 0.267929 0.213896 -0.151103
v 0.277774 0.312297 -0.204255
v 0.293664 0.343506 -0.215778
v 0.273355 0.307530 -0.236222
v 0.259132 0.280322 -0.239309
v 0.240450 0.233859 -0.223994
v 0.292734 0.222861 -0.132145
v 0.275099 0.203183 -0.128535
v 0.291223 0.212446 -0.102839
v 0.280022 0.220509 -0.077419
v 0.266457 0.206447 -0.072400
v 0.270875 0.175488 -0.018712
v 0.239520 0.153687 -0.022810
v 0.266573 0.155412 -0.018663
v 0.265100 0.133180 -0.000786
v 0.246846 0.131077 -0.007104
v 0.248086 0.119315 0.000551
v 0.285331 0.130719 -0.049630
v 0.299749 0.136353 -0.037887
v 0.276844 0.135481 -0.059756
v 0.306299 0.147016 -0.034815
v 0.310950 0.153353 -0.046355
v 0.289207 0.130365 -0.077177
v 0.311415 0.148770 -0.062546
v 0.350831 0.132197 -0.037257
v 0.323275 0.135413 -0.021425
v 0.354397 0.140878 -0.030261
v 0.317810 0.136465 -0.005185
v 0.372846 0.124159 -0.029157
v 0.356180 0.118578 -0.057430
v 0.368505 0.110575 -0.070695
v 0.366605 0.148237 -0.094211
v 0.386294 0.115758 -0.121070
v 0.380636 0.085702 -0.091270
v 0.413638 0.116437 -0.103847
v 0.393232 0.060897 -0.097961
v 0.415769 0.098860 -0.109859
v 0.407998 0.135273 -0.121491
v 0.389162 0.133272 -0.118638
v 0.393968 0.144255 -0.140526
v 0.406119 0.115720 -0.135342
v 0.385015 0.123239 -0.150365
v 0.389937 0.082282 -0.172642
v 0.367691 0.080092 -0.181506
v 0.376489 0.056121 -0.218268
v 0.399200 0.065258 -0.220962
v 0.385945 0.016898 -0.240709
v 0.365094 0.032014 -0.229847
v 0.346762 0.054735 -0.202101
v 0.354940 0.045520 -0.188226
v 0.354552 0.064734 -0.165377
v 0.350134 0.102804 -0.175717
v 0.354320 0.131198 -0.154455
v 0.371799 0.137855 -0.163483
v 0.352071 0.120293 -0.138263
v 0.339669 0.152369 -0.111448
v 0.322771 0.095256 -0.130739
v 0.328081 0.114470 -0.144830
v 0.349242 0.062438 -0.144285
v 0.334204 0.073775 -0.107422
v 0.349669 0.073755 -0.093915
v 0.308392 0.098376 -0.089647
v 0.306764 0.124866 -0.091154
v 0.291378 0.122715 -0.089943
v 0.333042 0.145820 -0.069658
v 0.296416 0.081817 -0.076499
v 0.276534 0.109034 -0.078824
v 0.278898 0.083425 -0.061781
v 0.278859 0.114828 -0.055017
v 0.284517 0.095547 -0.050153
v 0.246225 0.105275 0.006791
v 0.221459 0.116388 -0.005612
v 0.211266 0.130089 -0.000379
v 0.211072 0.109102 -0.021337
v 0.221266 0.163139 -0.037664
v 0.265294 0.069666 -0.016163
v 0.296610 0.069589 -0.044350
v 0.273433 0.049842 0.002683
v 0.249558 0.071498 0.009174
v 0.268201 0.032324 0.021809
v 0.255798 0.036122 0.038029
v 0.273394 0.035172 0.043029
v 0.286572 0.037633 0.028534
v 0.274867 0.050133 0.056226
v 0.272890 0.060820 0.101766
v 0.254403 0.009748 0.094324
v 0.245101 0.001899 0.088898
v 0.222506 -0.005678 0.090914
v 0.213708 -0.006143 0.133992
v 0.195647 -0.036199 0.117133
v 0.184407 -0.029436 0.091863
v 0.181113 -0.039339 0.130698
v 0.201344 -0.034184 0.129632
v 0.188089 -0.039920 0.135310
v 0.178439 -0.016646 0.159766
v 0.178904 -0.043001 0.138760
v 0.176656 -0.023312 0.158603
v 0.124023 -0.058562 0.146821
v 0.169215 -0.048776 0.131570
v 0.121078 -0.056256 0.138120
v 0.123752 -0.050811 0.130640
v 0.163750 -0.044823 0.124322
v 0.169990 -0.029940 0.109672
v 0.156115 -0.042633 0.106126
v 0.121078 -0.045249 0.112424
v 0.144100 -0.057729 0.098762
v 0.162083 -0.045443 0.091069
v 0.179485 -0.027634 0.061846
v 0.153479 -0.064918 0.089325
v 0.175803 -0.026859 0.051924
v 0.163401 -0.059047 0.053474
v 0.157626 -0.062864 0.044153
v 0.145689 -0.089936 0.085914
v 0.141929 -0.096893 0.071709
v 0.144487 -0.106117 0.064520
v 0.166036 -0.099238 0.052001
v 0.149448 -0.111156 0.056284
v 0.173555 -0.093328 0.016790
v 0.177509 -0.086254 0.030937
v 0.190957 -0.097591 0.008380
v 0.160572 -0.110652 0.018825
v 0.147898 -0.123326 0.011636
v 0.165223 -0.121504 0.006810
v 0.168982 -0.128093 0.027526
v 0.175106 -0.124372 0.036983
v 0.192508 -0.152859 0.061613
v 0.197391 -0.126194 0.044269
v 0.223010 -0.159215 0.064442
v 0.210375 -0.144061 0.045606
v 0.196035 -0.106718 0.002024
v 0.227738 -0.138635 0.033475
v 0.255372 -0.138286 0.005958
v 0.220452 -0.113055 -0.016812
v 0.245722 -0.119799 -0.016347
v 0.226769 -0.119915 -0.051277
v 0.255256 -0.137627 -0.036143
v 0.212778 -0.141038 -0.073020
v 0.198980 -0.135496 -0.079880
v 0.255333 -0.172315 -0.059009
v 0.252039 -0.191422 -0.054950
v 0.254674 -0.217041 -0.017268
v 0.266069 -0.223397 -0.014991
v 0.274557 -0.243163 -0.004991
v 0.263085 -0.244171 0.000163
v 0.272852 -0.278433 0.009291
v 0.262852 -0.276185 0.007411
v 0.239869 -0.235335 -0.015146
v 0.221149 -0.251070 -0.055851
v 0.228513 -0.280603 -0.046394
v 0.208902 -0.276882 -0.078601
v 0.191190 -0.323701 -0.096759
v 0.198360 -0.332809 -0.075549
v 0.188516 -0.354784 -0.125202
v 0.197856 -0.390790 -0.101148
v 0.156153 -0.389744 -0.141957
v 0.165959 -0.345212 -0.127951
v 0.144759 -0.349320 -0.140715
v 0.137085 -0.388000 -0.142604
v 0.117241 -0.361257 -0.125110
v 0.130380 -0.400906 -0.127266
v 0.136736 -0.430478 -0.150897
v 0.153247 -0.433036 -0.152698
v 0.153402 -0.461716 -0.135485
v 0.140805 -0.445515 -0.125260
v 0.150533 -0.430555 -0.114616
v 0.173555 -0.418812 -0.124592
v 0.167742 -0.461794 -0.107538
v 0.153518 -0.457298 -0.093702
v 0.147278 -0.427842 -0.096909
v 0.125535 -0.388542 -0.097902
v 0.144294 -0.400673 -0.074629
v 0.127085 -0.382457 -0.073010
v 0.137550 -0.381605 -0.056432
v 0.138596 -0.326840 -0.050366
v 0.126039 -0.362846 -0.082031
v 0.137821 -0.333933 -0.085994
v 0.139216 -0.302733 -0.069551
v 0.158750 -0.292657 -0.095349
v 0.151929 -0.324282 -0.102306
v 0.187547 -0.291223 -0.094627
v 0.182547 -0.326453 -0.104782
v 0.167083 -0.258744 -0.086672
v 0.201267 -0.241691 -0.069513
v 0.139643 -0.251806 -0.045657
v 0.148131 -0.273433 -0.088644
v 0.130419 -0.287230 -0.027451
v 0.143286 -0.261263 -0.004216
v 0.183245 -0.253899 0.021073
v 0.202352 -0.274014 0.042545
v 0.196965 -0.258705 0.053668
v 0.162936 -0.237660 0.043397
v 0.159680 -0.217429 0.053242
v 0.132395 -0.199833 0.025724
v 0.132085 -0.260410 0.019639
v 0.130302 -0.271456 0.000280
v 0.116388 -0.316492 0.023999
v 0.115419 -0.320717 0.006907
v 0.102707 -0.281727 0.006113
v 0.094839 -0.362303 0.004504
v 0.042633 -0.369241 0.008942
v 0.054260 -0.320136 0.012139
v -0.006046 -0.377109 0.019135
v 0.005581 -0.340250 0.026635
v 0.028758 -0.312733 0.027604
v 0.060151 -0.250760 0.022391
v 0.040308 -0.239869 0.020666
v 0.042013 -0.192895 0.027759
v 0.062089 -0.183516 0.029251
v 0.121853 -0.176733 0.010860
v 0.137937 -0.130341 0.008806
v 0.026045 -0.261186 0.033785
v 0.039455 -0.194097 0.047447
v 0.023255 -0.204096 0.057834
v 0.027285 -0.177470 0.064094
v 0.028215 -0.197120 0.069307
v 0.024805 -0.154487 0.081631
v 0.023642 -0.195414 0.085352
v 0.004806 -0.184679 0.093491
v 0.004574 -0.133441 0.080934
v 0.027363 -0.110381 0.059656
v 0.023720 -0.098482 0.057951
v 0.017751 -0.092669 0.067214
v 0.009069 -0.092688 0.063764
v 0.007519 -0.080964 0.053455
v 0.011860 -0.082592 0.047447
v -0.004496 -0.055539 0.029309
v -0.009767 -0.079608 0.027429
v -0.006124 -0.097727 0.052447
v -0.027207 -0.090944 0.039502
v -0.020386 -0.094393 0.060354
v -0.003643 -0.123946 0.086980
v 0.037672 -0.077650 0.051730
v 0.034959 -0.103075 0.040587
v 0.048137 -0.113908 0.043320
v 0.046741 -0.088134 0.061652
v 0.050617 -0.076643 0.063474
v 0.065267 -0.070868 0.069655
v 0.068833 -0.061566 0.074035
v 0.084026 -0.084123 0.090449
v 0.081546 -0.080344 0.099382
v 0.113365 -0.109799 0.090410
v 0.114102 -0.092514 0.100874
v 0.085072 -0.069046 0.099905
v 0.089491 -0.063058 0.109304
v 0.068600 -0.036722 0.101126
v 0.067205 -0.052148 0.084170
v 0.089452 -0.055132 0.108781
v 0.089995 -0.029649 0.126512
v 0.107474 -0.049164 0.113122
v 0.098637 -0.033331 0.145639
v 0.093056 -0.008701 0.136550
v 0.091429 -0.019863 0.166975
v 0.097475 -0.032653 0.156239
v 0.112241 -0.040869 0.156355
v 0.128558 -0.058504 0.154844
v 0.125496 -0.006085 0.178796
v 0.155029 -0.018410 0.171006
v 0.127202 0.000155 0.175114
v 0.126349 0.002655 0.180889
v 0.089685 -0.012577 0.169920
v 0.081158 0.003159 0.176587
v 0.153092 -0.011840 0.172595
v 0.232854 0.019185 0.163099
v 0.246574 0.040695 0.135000
v 0.244055 0.028545 0.163758
v 0.261496 0.039416 0.126415
v 0.269790 0.044707 0.110622
v 0.246768 0.012596 0.111339
v 0.236032 -0.005949 0.115428
v 0.283781 0.070238 0.122830
v 0.260488 0.065733 0.157828
v 0.279595 0.123423 0.114362
v 0.274053 0.097484 0.147344
v 0.260682 0.079830 0.191780
v 0.289556 0.107774 0.163370
v 0.248861 0.089898 0.225111
v 0.276146 0.091661 0.222630
v 0.263744 0.106718 0.256233
v 0.279285 0.092785 0.257318
v 0.251768 0.133829 0.264488
v 0.263317 0.106602 0.298595
v 0.273162 0.143015 0.293169
v 0.251884 0.154603 0.259178
v 0.253163 0.175336 0.239722
v 0.219018 0.132206 0.248404
v 0.222196 0.103337 0.235808
v 0.188554 0.123713 0.232707
v 0.212933 0.165174 0.240497
v 0.206150 0.190370 0.244102
v 0.237117 0.212529 0.223754
v 0.215723 0.186372 0.229645
v 0.238668 0.180994 0.238095
v 0.258860 0.197011 0.215073
v 0.285680 0.209338 0.250032
v 0.306415 0.215643 0.252202
v 0.301300 0.257262 0.247009
v 0.208708 0.256201 0.180269
v 0.262426 0.331191 0.209492
v 0.311376 0.280637 0.266232
v 0.281611 0.324593 0.239800
v 0.214948 0.365976 0.166355
v 0.286921 0.345909 0.218096
v 0.328933 0.298945 0.251388
v 0.324244 0.299769 0.220537
v 0.364203 0.206313 0.253985
v 0.282115 0.319060 0.208523
v 0.323236 0.214792 0.238676
v 0.339514 0.201566 0.232281
v 0.321376 0.206284 0.221158
v 0.362148 0.189932 0.221971
v 0.314942 0.193685 0.190888
v 0.295525 0.190380 0.188911
v 0.295641 0.184795 0.206352
v 0.282347 0.189294 0.201236
v 0.274441 0.214682 0.208716
v 0.233590 0.216859 0.180114
v 0.217119 0.257891 0.171548
v 0.239365 0.300079 0.185423
v 0.217119 0.364367 0.147286
v 0.288510 0.334786 0.191431
v 0.248357 0.363796 0.168215
v 0.233629 0.221327 0.144767
v 0.279518 0.186781 0.157130
v 0.283897 0.163987 0.139825
v 0.288975 0.156473 0.163642
v 0.311299 0.153435 0.185927
v 0.316143 0.128200 0.189725
v 0.350172 0.140205 0.204802
v 0.336375 0.095188 0.201043
v 0.306881 0.107455 0.197438
v 0.304749 0.089801 0.227630
v 0.344436 0.077195 0.224219
v 0.348157 0.095295 0.194648
v 0.376721 0.085557 0.227746
v 0.352227 0.079695 0.267085
v 0.394240 0.066033 0.283906
v 0.363156 0.069996 0.332004
v 0.405285 0.044958 0.340453
v 0.396100 0.088561 0.343011
v 0.377458 0.101380 0.341150
v 0.402030 0.107513 0.326345
v 0.399045 0.097940 0.301657
v 0.362807 0.105323 0.323477
v 0.332460 0.129929 0.298478
v 0.337964 0.114615 0.320803
v 0.295021 0.115681 0.320764
v 0.294711 0.143867 0.315299
v 0.333701 0.142525 0.324097
v 0.340522 0.157059 0.335957
v 0.321957 0.175929 0.320221
v 0.277580 0.156725 0.299099
v 0.304129 0.200740 0.295533
v 0.288238 0.197196 0.299021
v 0.251768 0.192999 0.242900
v 0.312074 0.207425 0.274643
v 0.349591 0.197237 0.317043
v 0.331918 0.208799 0.289370
v 0.385752 0.195967 0.306385
v 0.361412 0.211735 0.281735
v 0.389124 0.190599 0.263016
v 0.400828 0.186893 0.271620
v 0.396526 0.173248 0.245768
v 0.413793 0.159540 0.305339
v 0.409394 0.153203 0.274682
v 0.392844 0.163847 0.243404
v 0.368776 0.154937 0.218910
v 0.382496 0.127754 0.230576
v 0.394899 0.134435 0.259217
v 0.381954 0.120681 0.254179
v 0.361218 0.129861 0.268093
v 0.364241 0.140597 0.289487
v 0.369202 0.125264 0.336344
v 0.405654 0.124760 0.337313
v 0.391371 0.120913 0.341809
v 0.390170 0.142758 0.344251
v 0.383116 0.162359 0.332004
v 0.413037 0.155199 0.338476
v 0.424141 0.149434 0.321423
v 0.413928 0.133456 0.287704
v 0.415944 0.121669 0.314330
v 0.417940 0.132269 0.333127
v 0.408056 0.124828 0.295068
v 0.401642 0.095769 0.284061
v 0.418463 0.092204 0.319214
v 0.411273 0.063892 0.321500
v 0.391449 0.102116 0.285456
v 0.396449 0.127018 0.278984
v 0.374628 0.111234 0.224181
v 0.347847 0.114024 0.195965
v 0.359823 0.183925 0.211158
v 0.334825 0.186629 0.328670
v 0.298470 0.093938 0.320686
v 0.312655 0.081110 0.303052
v 0.276611 0.142060 0.125427
v 0.276030 0.183206 0.140872
v 0.276417 0.161715 0.116571
v 0.264093 0.166453 0.104149
v 0.269170 0.212578 0.178641
v 0.287192 0.203889 0.165967
v 0.231963 0.239513 0.136163
v 0.119760 -0.077340 0.106998
v 0.092359 -0.109489 0.089809
v 0.092320 -0.119876 0.088898
v 0.128364 -0.120845 0.073473
v 0.141426 -0.139100 0.069365
v 0.119644 -0.142821 0.077659
v 0.105846 -0.174951 0.079151
v 0.135728 -0.163440 0.065353
v 0.144022 -0.124488 0.054366
v 0.130263 -0.151851 0.032196
v 0.140069 -0.163788 0.061458
v 0.135302 -0.216731 0.064287
v 0.123636 -0.214948 0.029018
v 0.143635 -0.150378 0.026344
v 0.148402 -0.180144 0.046847
v 0.164486 -0.191616 0.049986
v 0.188671 -0.214561 0.058280
v 0.175803 -0.192701 0.067446
v 0.185725 -0.151967 0.053048
v 0.190996 -0.183245 0.064830
v 0.233474 -0.210452 0.060082
v 0.216072 -0.184175 0.068183
v 0.242195 -0.207623 0.065625
v 0.255101 -0.193128 0.064229
v 0.252272 -0.188089 0.055625
v 0.265798 -0.193399 0.053164
v 0.268395 -0.198321 0.067969
v 0.277735 -0.215995 0.046963
v 0.271650 -0.220839 0.029580
v 0.269829 -0.164874 0.027642
v 0.272541 -0.153479 -0.003112
v 0.266651 -0.141387 -0.000089
v 0.270565 -0.155494 -0.025843
v 0.251419 -0.149565 -0.033807
v 0.268976 -0.196693 -0.014632
v 0.238784 -0.165688 -0.061015
v 0.276030 -0.204135 -0.015892
v 0.281185 -0.203864 -0.006542
v 0.281107 -0.213126 0.017837
v 0.299749 -0.242505 0.011384
v 0.291378 -0.245063 0.017604
v 0.274131 -0.224327 0.048862
v 0.290680 -0.268511 0.058319
v 0.286766 -0.285138 0.036964
v 0.284440 -0.286610 0.063900
v 0.262930 -0.301106 0.052311
v 0.264131 -0.294711 0.030569
v 0.254481 -0.287192 -0.010185
v 0.225141 -0.324282 -0.017258
v 0.244675 -0.284091 -0.012297
v 0.218785 -0.320058 -0.022500
v 0.203786 -0.354319 -0.046646
v 0.189833 -0.347847 -0.026705
v 0.180222 -0.345095 -0.031608
v 0.200298 -0.315833 0.004872
v 0.203398 -0.321918 0.009717
v 0.191771 -0.303354 0.035937
v 0.187702 -0.300137 0.017721
v 0.210685 -0.287347 0.042738
v 0.142588 -0.297501 -0.008431
v 0.221692 -0.271689 0.071709
v 0.244675 -0.281882 0.081011
v 0.225955 -0.249287 0.082620
v 0.266767 -0.253628 0.075275
v 0.263356 -0.223436 0.068086
v 0.230606 -0.231381 0.086612
v 0.247311 -0.207158 0.076748
v 0.264015 -0.217351 0.077310
v 0.225064 -0.219948 0.072988
v 0.205104 -0.241884 0.090391
v 0.201577 -0.228397 0.070760
v 0.202042 -0.251961 0.067214
v 0.243008 -0.298044 0.046343
v 0.153053 -0.335716 -0.036918
v 0.152781 -0.380597 -0.058040
v 0.182818 -0.367807 -0.053399
v 0.198011 -0.373349 -0.065850
v 0.189291 -0.391682 -0.055512
v 0.207623 -0.377341 -0.067517
v 0.185182 -0.416137 -0.045609
v 0.208437 -0.406526 -0.066315
v 0.210956 -0.411486 -0.085442
v 0.216886 -0.398580 -0.079841
v 0.205724 -0.401565 -0.098304
v 0.210452 -0.391527 -0.100465
v 0.205802 -0.356839 -0.082758
v 0.194291 -0.419432 -0.112039
v 0.195492 -0.432415 -0.123792
v 0.184485 -0.443810 -0.116966
v 0.192857 -0.457995 -0.127993
v 0.202662 -0.473653 -0.115915
v 0.012092 -0.490164 -0.002395
v 0.017751 -0.487141 0.031983
v 0.007519 -0.473421 0.036072
v -0.010077 -0.482567 0.043591
v -0.012945 -0.455825 0.043707
v -0.020231 -0.462569 0.048203
v -0.021006 -0.482877 0.059695
v -0.039145 -0.481482 0.050141
v -0.029998 -0.473266 0.058067
v -0.061237 -0.466289 0.052932
v -0.033796 -0.450709 0.045897
v -0.052090 -0.459856 0.046692
v -0.048757 -0.416874 0.050432
v -0.057051 -0.419781 0.023631
v -0.075964 -0.426253 0.025743
v -0.049919 -0.407688 0.021964
v -0.029533 -0.456988 0.013380
v -0.059764 -0.455127 0.022178
v -0.063097 -0.485358 0.020841
v 0.008992 -0.481095 -0.001561
v 0.018371 -0.467685 -0.003422
v 0.035269 -0.472723 0.027797
v 0.030463 -0.465282 -0.008489
v 0.044416 -0.491172 0.029270
v 0.033564 -0.485358 -0.009681
v 0.068445 -0.467995 -0.018237
v 0.076585 -0.473731 0.023689
v 0.044339 -0.441872 0.036595
v 0.061547 -0.426757 0.039463
v 0.036819 -0.414897 0.032933
v 0.043563 -0.449236 0.028534
v 0.024030 -0.381721 0.035917
v -0.001550 -0.396720 0.047176
v 0.036587 -0.331840 0.050257
v 0.039377 -0.348118 0.041808
v 0.046586 -0.361800 0.039250
v 0.049842 -0.371489 0.059966
v 0.034572 -0.308857 0.072872
v 0.025890 -0.283277 0.049947
v 0.019766 -0.247892 0.067156
v 0.027285 -0.248512 0.089615
v 0.025890 -0.236769 0.079112
v 0.019224 -0.241109 0.053784
v 0.052478 -0.200995 0.092503
v 0.033486 -0.243861 0.047040
v 0.008914 -0.312423 0.049560
v -0.003643 -0.378737 0.057272
v -0.021317 -0.398115 0.057931
v -0.067283 -0.430478 0.062640
v -0.036664 -0.381101 0.064268
v -0.059686 -0.387341 0.069074
v -0.072011 -0.387496 0.029542
v -0.027207 -0.331801 0.024270
v -0.014883 -0.332422 0.063745
v -0.004418 -0.304865 0.023670
v 0.001860 -0.338041 0.017294
v 0.008139 -0.308315 0.031944
v 0.007519 -0.309710 0.060664
v -0.016510 -0.365210 0.060121
v 0.045114 -0.149565 0.056032
v 0.058524 -0.158944 0.094460
v 0.063330 -0.155029 0.090662
v 0.035192 -0.142472 0.063105
v 0.023720 -0.138906 0.060528
v 0.055811 -0.106602 0.077988
v 0.063872 -0.127744 0.094576
v 0.067283 -0.098870 0.091030
v 0.079840 -0.128868 0.101901
v 0.081700 -0.141813 0.090022
v 0.066663 -0.093560 0.080255
v 0.103094 -0.180221 0.084616
v 0.080925 -0.179873 0.087251
v 0.130961 -0.180687 0.068958
v 0.122396 -0.242737 0.068725
v 0.138209 -0.256418 0.063609
v 0.145921 -0.260139 0.061749
v 0.140069 -0.256767 0.036634
v 0.139992 -0.269712 0.052738
v 0.135573 -0.273278 0.036033
v 0.119838 -0.291261 0.025491
v 0.079065 -0.373349 0.055858
v 0.098948 -0.316299 0.025646
v 0.069066 -0.355056 0.027681
v 0.092049 -0.373776 0.023050
v 0.098327 -0.373698 0.029193
v 0.098172 -0.366722 -0.012113
v 0.063252 -0.378310 0.005745
v 0.075809 -0.374163 -0.009778
v 0.049377 -0.440012 -0.007472
v 0.042633 -0.415207 -0.002007
v -0.005116 -0.445981 0.008264
v 0.099219 -0.386294 0.027294
v 0.071469 -0.333274 0.030336
v 0.059686 -0.337809 0.031227
v 0.058834 -0.337809 0.040335
v 0.080538 -0.339514 0.031615
v 0.061237 -0.364551 0.033921
v 0.079453 -0.376799 0.072640
v 0.057826 -0.373621 0.074151
v 0.062477 -0.367613 0.079674
v 0.048292 -0.346219 0.082988
v 0.038060 -0.296804 0.084403
v 0.042168 -0.300641 0.090526
v 0.039068 -0.290447 0.094111
v 0.066818 -0.264635 0.085585
v 0.072166 -0.256225 0.090274
v 0.060461 -0.253357 0.088705
v 0.030541 -0.243745 0.099557
v 0.046354 -0.246225 0.103510
v 0.050307 -0.229443 0.092929
v 0.106970 -0.259945 0.072175
v 0.122047 -0.271534 0.065644
v 0.126233 -0.249016 0.076302
v 0.110381 -0.270139 0.076070
v 0.119838 -0.318081 0.064539
v 0.101040 -0.268395 0.073609
v 0.105730 -0.327422 0.067466
v 0.099180 -0.351064 0.067776
v 0.082011 -0.367187 0.073647
v 0.072941 -0.320949 0.031770
v -0.067593 -0.458150 0.023554
v 0.153053 -0.457298 -0.078630
v 0.155727 -0.437609 -0.076625
v 0.158362 -0.472025 -0.056374
v 0.151541 -0.464739 -0.050512
v 0.174602 -0.469467 -0.033672
v 0.164990 -0.451562 -0.031123
v 0.152743 -0.430478 -0.064251
v 0.166579 -0.418114 -0.050095
v 0.180842 -0.429547 -0.034999
v 0.182470 -0.438229 -0.023353
v 0.228668 -0.412184 -0.057788
v 0.184291 -0.426990 -0.042082
v 0.218475 -0.411525 -0.056219
v 0.225296 -0.415982 -0.071605
v 0.226498 -0.439469 -0.108410
v 0.215529 -0.443112 -0.114335
v 0.215956 -0.461561 -0.123598
v 0.233784 -0.447453 -0.107475
v 0.234017 -0.462879 -0.102786
v 0.246342 -0.472413 -0.104510
v 0.249210 -0.450554 -0.092079
v 0.240140 -0.444740 -0.080907
v 0.232815 -0.451794 -0.101303
v 0.236885 -0.430323 -0.059532
v 0.237621 -0.422920 -0.057711
v 0.226537 -0.429005 -0.044088
v 0.233125 -0.444043 -0.046985
v 0.192391 -0.441717 -0.026550
v 0.217855 -0.453499 -0.035707
v 0.240257 -0.452957 -0.027684
v 0.250993 -0.454740 -0.042382
v 0.246807 -0.456523 -0.059639
v 0.252000 -0.449546 -0.074842
v 0.257542 -0.453732 -0.081237
v 0.255953 -0.470785 -0.101158
v 0.273123 -0.452957 -0.092820
v 0.287347 -0.471483 -0.094593
v 0.268588 -0.491094 -0.096352
v 0.259635 -0.487296 -0.099559
v 0.288587 -0.485668 -0.084017
v 0.288548 -0.486056 -0.067865
v 0.314981 -0.483187 -0.069435
v 0.307501 -0.477839 -0.082022
v 0.300834 -0.460321 -0.083601
v 0.301842 -0.461251 -0.070888
v 0.278355 -0.448383 -0.079056
v 0.291106 -0.465437 -0.063999
v 0.260682 -0.470165 -0.064900
v 0.254946 -0.464972 -0.053341
v 0.257853 -0.481870 -0.062226
v 0.271534 -0.484583 -0.062284
v 0.195996 -0.485125 0.012856
v 0.198127 -0.461794 -0.005049
v 0.190880 -0.463654 -0.008470
v 0.210026 -0.454972 -0.013809
v 0.222118 -0.464662 -0.011173
v 0.228552 -0.460243 -0.022858
v 0.232738 -0.474351 -0.015688
v 0.244520 -0.460243 -0.025242
v 0.250179 -0.486676 -0.013809
v 0.265682 -0.471793 -0.008450
v 0.272038 -0.457375 -0.018469
v 0.275410 -0.458848 -0.029118
v 0.278782 -0.477064 -0.036123
v 0.273433 -0.487218 -0.035755
v 0.284595 -0.483265 -0.007142
v 0.228668 -0.476289 0.026480
v 0.229831 -0.469390 0.005900
v 0.216150 -0.457143 0.003942
v 0.210220 -0.466367 0.022333
v 0.191190 -0.456988 -0.025320
v 0.167122 -0.414936 -0.058341
v 0.210491 -0.336530 -0.068369
v 0.149720 -0.117512 0.028262
v 0.129915 -0.339902 -0.116113
v 0.261806 0.074908 0.077542
v 0.286339 0.083609 0.058454
v 0.282425 0.120729 0.050509
v 0.286611 0.090954 0.073202
v 0.310330 0.112610 0.026421
v 0.294013 0.130675 -0.001135
v 0.267697 0.135171 0.037777
v 0.311880 0.114305 0.003283
v 0.339979 0.127318 -0.006387
v 0.319981 0.107697 -0.009468
v 0.348002 0.110342 -0.031463
v 0.371450 0.108307 -0.027858
v 0.373621 0.088832 -0.051704
v 0.350638 0.085847 -0.065685
v 0.348312 0.077408 -0.046016
v 0.319515 0.067341 -0.050473
v 0.339320 0.088076 -0.023721
v 0.322306 0.068659 -0.029564
v 0.294711 0.052797 -0.002492
v 0.321182 0.089965 -0.011144
v 0.310601 0.067137 0.021092
v 0.330057 0.077195 -0.070055
v 0.370869 0.062312 -0.112853
v 0.367303 0.045210 -0.113977
v 0.382806 0.037691 -0.132118
v 0.371838 -0.006472 -0.142512
v 0.403270 0.055626 -0.134438
v 0.407107 0.062545 -0.157247
v 0.398813 0.021510 -0.147953
v 0.437977 0.014166 -0.177528
v 0.435477 0.035424 -0.194960
v 0.419684 0.041412 -0.208395
v 0.425866 0.058136 -0.216446
v 0.405440 0.020038 -0.205812
v 0.409587 -0.005019 -0.177655
v 0.406196 -0.027828 -0.199212
v 0.393852 -0.015270 -0.223253
v 0.375442 -0.026529 -0.200035
v 0.376993 -0.054861 -0.199381
v 0.396100 -0.049532 -0.219324
v 0.400131 -0.107338 -0.189873
v 0.387457 -0.063407 -0.182104
v 0.390519 -0.072282 -0.138799
v 0.422164 -0.094045 -0.170455
v 0.414355 -0.073406 -0.087825
v 0.424955 -0.057031 -0.147460
v 0.418753 -0.038835 -0.053108
v 0.431330 -0.105401 -0.079357
v 0.384434 -0.055074 -0.053622
v 0.430168 -0.137433 -0.031715
v 0.463693 -0.163440 -0.073853
v 0.491792 -0.254636 -0.075636
v 0.493904 -0.219948 -0.091808
v 0.525239 -0.284517 -0.146704
v 0.498865 -0.227389 -0.007704
v 0.442531 -0.156425 0.017837
v 0.453616 -0.135806 0.046769
v 0.446523 -0.123132 -0.001116
v 0.469681 -0.120535 -0.016870
v 0.398929 0.000349 -0.025262
v 0.415188 -0.067225 0.011636
v 0.380093 -0.045075 -0.017907
v 0.384124 -0.013391 -0.003596
v 0.358312 -0.008139 -0.039718
v 0.394433 0.011530 -0.042043
v 0.417494 -0.046877 -0.181355
v 0.440555 -0.067961 -0.190426
v 0.395441 -0.014301 -0.154591
v 0.366334 -0.004515 -0.174281
v 0.386139 -0.002635 -0.169095
v 0.377845 0.005717 -0.170042
v 0.354668 0.017053 -0.205653
v 0.476231 -0.123752 -0.029835
v 0.527255 -0.246574 -0.082554
v 0.477723 -0.137123 0.022623
v 0.450786 -0.083561 -0.197882
v 0.421854 -0.111001 -0.217885
v 0.447705 -0.140030 -0.176597
v 0.274092 0.199741 -0.034602
v 0.271379 0.223417 -0.032490
v 0.268278 0.258182 -0.074009
v 0.285331 0.255207 -0.082613
v 0.300757 0.233617 -0.104811
v 0.283742 0.274843 -0.102951
v 0.267193 0.287860 -0.118875
v 0.281068 0.349436 -0.124320
v 0.284363 0.325668 -0.134339
v 0.271069 0.381139 -0.138758
v 0.284944 0.394240 -0.167789
v 0.245334 0.355841 -0.164569
v 0.263976 0.361315 -0.192071
v 0.280642 0.419374 -0.172835
v 0.265023 0.405285 -0.195840
v 0.257814 0.390461 -0.234788
v 0.266573 0.368253 -0.258697
v 0.275952 0.349640 -0.220046
v 0.281417 0.369861 -0.268919
v 0.250179 0.310572 -0.247477
v 0.217777 0.255401 -0.286612
v 0.212041 0.217822 -0.291708
v 0.251884 0.296600 -0.284170
v 0.216343 0.223457 -0.313955
v 0.259752 0.309535 -0.319129
v 0.216343 0.224697 -0.347160
v 0.212119 0.225627 -0.357102
v 0.265759 0.337615 -0.347490
v 0.212739 0.226423 -0.375821
v 0.228164 0.289721 -0.369834
v 0.276456 0.380287 -0.331347
v 0.268317 0.368272 -0.371926
v 0.237970 0.313208 -0.397855
v 0.196655 0.227170 -0.376887
v 0.186268 0.204329 -0.402448
v 0.217855 0.264015 -0.407854
v 0.227234 0.256157 -0.409831
v 0.210065 0.232522 -0.450332
v 0.214677 0.261026 -0.452580
v 0.237117 0.310369 -0.453782
v 0.248241 0.330648 -0.520851
v 0.248434 0.342915 -0.486280
v 0.262852 0.363001 -0.490853
v 0.274867 0.396662 -0.534300
v 0.259325 0.355695 -0.547943
v 0.251845 0.353506 -0.571662
v 0.244752 0.326346 -0.601195
v 0.236575 0.300146 -0.570383
v 0.205801 0.235136 -0.650572
v 0.215723 0.253579 -0.595459
v 0.189795 0.191668 -0.639139
v 0.187508 0.193110 -0.676501
v 0.165881 0.127628 -0.685337
v 0.176733 0.179616 -0.693399
v 0.137743 0.058349 -0.719173
v 0.157161 0.054028 -0.714173
v 0.189407 0.149637 -0.671811
v 0.202352 0.178468 -0.684756
v 0.209716 0.198402 -0.627899
v 0.228901 0.232508 -0.565267
v 0.209406 0.245482 -0.555035
v 0.226847 0.227325 -0.557903
v 0.238978 0.245889 -0.502984
v 0.236652 0.263400 -0.575964
v 0.217428 0.224973 -0.653208
v 0.220839 0.238202 -0.613365
v 0.219831 0.243095 -0.648053
v 0.244636 0.297201 -0.618326
v 0.245489 0.292957 -0.642627
v 0.243512 0.289178 -0.667005
v 0.180377 0.120584 -0.718398
v 0.207429 0.217307 -0.703864
v 0.191306 0.205049 -0.706073
v 0.227350 0.292191 -0.680958
v 0.209096 0.279920 -0.669447
v 0.227622 0.336801 -0.641697
v 0.225102 0.304206 -0.636309
v 0.263356 0.384298 -0.579607
v 0.228242 0.307152 -0.615884
v 0.265333 0.414858 -0.581545
v 0.238513 0.319157 -0.674059
v 0.270797 0.410014 -0.603366
v 0.288858 0.386430 -0.617280
v 0.266185 0.323023 -0.646386
v 0.284479 0.377070 -0.581003
v 0.291145 0.387961 -0.560345
v 0.328197 0.436446 -0.517751
v 0.333507 0.470165 -0.524029
v 0.353816 0.480571 -0.445023
v 0.351761 0.472219 -0.410529
v 0.316647 0.441078 -0.505310
v 0.351490 0.478537 -0.357954
v 0.304671 0.380442 -0.405626
v 0.297307 0.389124 -0.485854
v 0.262542 0.312113 -0.519650
v 0.276844 0.354581 -0.556237
v 0.267077 0.343777 -0.548989
v 0.268123 0.350657 -0.568910
v 0.276921 0.331792 -0.492791
v 0.268317 0.297734 -0.463956
v 0.244132 0.246986 -0.458665
v 0.237854 0.250983 -0.473432
v 0.224327 0.221968 -0.528952
v 0.224521 0.232537 -0.494225
v 0.205956 0.195475 -0.533990
v 0.187779 0.138456 -0.560888
v 0.189795 0.156449 -0.511123
v 0.186810 0.139803 -0.507674
v 0.213824 0.203298 -0.467715
v 0.205220 0.173277 -0.457444
v 0.177121 0.165043 -0.485931
v 0.153711 0.056760 -0.557671
v 0.144836 0.077805 -0.550423
v 0.169757 0.145587 -0.536897
v 0.178632 0.161705 -0.507325
v 0.203554 0.215700 -0.467405
v 0.214367 0.235812 -0.488218
v 0.219715 0.251830 -0.503682
v 0.193128 0.191924 -0.415490
v 0.189872 0.197149 -0.542245
v 0.214328 0.258555 -0.497248
v 0.172121 0.149884 -0.575305
v 0.144952 0.077127 -0.581778
v 0.188477 0.138141 -0.579995
v 0.158246 0.059318 -0.581352
v 0.133829 0.006221 -0.556857
v 0.121931 0.008294 -0.580305
v 0.117977 0.012751 -0.557206
v 0.213514 0.186129 -0.415431
v 0.209367 0.171615 -0.417873
v 0.162936 0.096234 -0.416478
v 0.178943 0.181067 -0.401498
v 0.195492 0.200797 -0.377411
v 0.182314 0.188208 -0.375163
v 0.177082 0.150146 -0.369872
v 0.191849 0.176184 -0.352393
v 0.202352 0.195957 -0.319265
v 0.192275 0.173962 -0.307085
v 0.170997 0.130462 -0.348885
v 0.159215 0.103841 -0.337626
v 0.173245 0.100527 -0.335262
v 0.143363 0.037246 -0.372081
v 0.167819 0.091477 -0.372275
v 0.183438 0.127163 -0.349428
v 0.200220 0.161037 -0.307919
v 0.201150 0.167902 -0.353962
v 0.215840 0.190327 -0.316145
v 0.214561 0.166724 -0.309818
v 0.229133 0.217600 -0.294034
v 0.226110 0.215776 -0.315990
v 0.258705 0.280215 -0.297774
v 0.262775 0.281911 -0.285827
v 0.255217 0.244181 -0.292416
v 0.307307 0.369454 -0.276855
v 0.294904 0.348680 -0.289984
v 0.328778 0.419916 -0.305448
v 0.340367 0.420750 -0.306310
v 0.309438 0.351248 -0.343246
v 0.348816 0.450147 -0.325863
v 0.313508 0.366257 -0.373186
v 0.282812 0.305592 -0.400723
v 0.315058 0.377089 -0.401091
v 0.275758 0.291707 -0.412040
v 0.259713 0.255101 -0.400413
v 0.250760 0.248962 -0.415063
v 0.225606 0.223728 -0.456456
v 0.239714 0.249709 -0.414598
v 0.230451 0.187903 -0.390976
v 0.270022 0.275293 -0.378496
v 0.257542 0.282686 -0.369349
v 0.225568 0.217493 -0.379096
v 0.228358 0.219917 -0.359136
v 0.216111 0.193791 -0.378709
v 0.288083 0.337547 -0.325088
v 0.260565 0.292744 -0.330088
v 0.223514 0.183019 -0.385143
v 0.164447 0.067321 -0.382430
v 0.165106 0.067670 -0.399173
v 0.116892 -0.032111 -0.395723
v 0.100924 -0.068697 -0.374620
v 0.092708 -0.064318 -0.386402
v 0.110730 0.004380 -0.399308
v 0.086429 -0.061760 -0.373728
v 0.138286 0.079414 -0.379271
v 0.130767 0.039688 -0.370647
v 0.354358 0.441911 -0.301776
v 0.374590 0.443229 -0.336328
v 0.371489 0.481385 -0.365163
v 0.409568 0.472587 -0.335824
v 0.406370 0.446542 -0.309207
v 0.429625 0.470805 -0.280711
v 0.426621 0.476269 -0.265673
v 0.433287 0.513399 -0.302716
v 0.444973 0.554927 -0.291776
v 0.429392 0.510201 -0.258493
v 0.395286 0.439624 -0.260547
v 0.440012 0.570043 -0.291234
v 0.426951 0.583453 -0.282804
v 0.428462 0.567175 -0.261836
v 0.421525 0.563958 -0.257621
v 0.426020 0.533184 -0.230506
v 0.408173 0.579732 -0.229639
v 0.393813 0.587639 -0.252874
v 0.368350 0.562679 -0.222590
v 0.404549 0.565896 -0.224997
v 0.375752 0.565392 -0.203303
v 0.410789 0.563493 -0.201491
v 0.425866 0.538339 -0.208245
v 0.436175 0.532797 -0.192872
v 0.444547 0.522604 -0.218031
v 0.425381 0.485261 -0.225007
v 0.433791 0.482936 -0.209257
v 0.410188 0.446853 -0.184153
v 0.398619 0.455883 -0.162408
v 0.420439 0.465282 -0.159427
v 0.416370 0.485726 -0.165135
v 0.417940 0.509155 -0.151925
v 0.443481 0.517759 -0.192785
v 0.420129 0.534774 -0.157210
v 0.373078 0.555199 -0.157781
v 0.408638 0.550160 -0.177041
v 0.357188 0.567950 -0.187039
v 0.329902 0.525394 -0.210279
v 0.357653 0.563493 -0.211210
v 0.352498 0.553338 -0.242511
v 0.327422 0.513263 -0.227051
v 0.343622 0.561749 -0.249686
v 0.376954 0.607986 -0.277979
v 0.369319 0.586011 -0.251827
v 0.400247 0.616203 -0.292445
v 0.371877 0.614459 -0.298414
v 0.335716 0.565469 -0.260480
v 0.333274 0.561284 -0.317831
v 0.320291 0.564539 -0.296883
v 0.308353 0.538068 -0.257282
v 0.316066 0.523883 -0.238030
v 0.302772 0.473614 -0.252815
v 0.312733 0.460844 -0.267282
v 0.307307 0.468305 -0.217629
v 0.301455 0.453693 -0.189358
v 0.283936 0.440147 -0.208792
v 0.277425 0.428036 -0.247816
v 0.257465 0.421583 -0.223282
v 0.286300 0.422862 -0.280585
v 0.321337 0.456271 -0.295972
v 0.300020 0.475843 -0.313655
v 0.321647 0.462433 -0.317976
v 0.316764 0.427358 -0.303936
v 0.330600 0.462549 -0.326871
v 0.336452 0.481443 -0.353439
v 0.318740 0.496055 -0.349544
v 0.305485 0.531130 -0.321319
v 0.330833 0.510841 -0.358846
v 0.320639 0.491598 -0.391964
v 0.316260 0.499834 -0.471571
v 0.291533 0.460146 -0.504031
v 0.257969 0.388193 -0.572592
v 0.276650 0.405363 -0.550113
v 0.299827 0.446601 -0.508759
v 0.285215 0.399782 -0.476494
v 0.300253 0.407184 -0.400568
v 0.326259 0.476347 -0.415470
v 0.290370 0.390596 -0.397758
v 0.258511 0.344969 -0.490388
v 0.278471 0.390654 -0.400258
v 0.238629 0.307995 -0.414327
v 0.309012 0.476424 -0.525076
v 0.359009 0.509000 -0.419579
v 0.350947 0.525704 -0.353090
v 0.372497 0.507973 -0.368051
v 0.379279 0.525491 -0.351153
v 0.401913 0.551207 -0.341056
v 0.415827 0.520995 -0.338363
v 0.424024 0.597057 -0.307463
v 0.408502 0.613373 -0.304198
v 0.355366 0.570159 -0.333305
v 0.293781 0.508089 -0.290788
v 0.294904 0.543533 -0.287746
v 0.294904 0.382380 -0.278919
v 0.272038 0.335047 -0.282290
v 0.425691 0.502334 -0.332491
v 0.432067 0.474157 -0.315738
v 0.385829 0.431195 -0.287697
v 0.072941 0.163590 0.176819
v 0.022634 0.083474 0.165386
v -0.024417 0.127173 0.159805
v -0.038525 0.114421 0.170657
v -0.044726 0.138354 0.162014
v -0.043253 0.089810 0.164921
v -0.062399 0.129513 0.168215
v -0.040618 0.144851 0.175269
v -0.077282 0.129600 0.175889
v -0.082088 0.116611 0.157324
v -0.074492 0.092058 0.163952
v -0.062244 0.101670 0.165812
v -0.058291 0.068455 0.142577
v -0.054648 0.068475 0.095099
v -0.074026 0.082146 0.106727
v -0.077360 0.077156 0.139864
v -0.105807 0.068184 0.107308
v -0.122396 0.058320 0.137074
v -0.151774 0.075664 0.128702
v -0.123248 0.052662 0.130504
v -0.102707 0.056973 0.154262
v -0.118985 0.069133 0.177207
v -0.109296 0.075596 0.164339
v -0.130690 0.085121 0.180928
v -0.151309 0.095343 0.165347
v -0.151696 0.105042 0.175579
v -0.168749 0.097252 0.145600
v -0.178129 0.083997 0.150833
v -0.143247 0.095082 0.195617
v -0.108753 0.082902 0.187865
v -0.117280 0.064676 0.195268
v -0.127744 0.033467 0.172323
v -0.137356 0.035095 0.152208
v -0.131930 0.023177 0.151588
v -0.173633 0.045792 0.127830
v -0.165649 0.053514 0.137112
v -0.151231 0.064948 0.121047
v -0.195337 0.091225 0.153720
v -0.189833 0.046993 0.139360
v -0.182935 0.081381 0.185346
v -0.184020 0.048660 0.152363
v -0.155649 0.014786 0.151782
v -0.135573 0.013740 0.182865
v -0.172548 0.031975 0.162789
v -0.129527 0.020929 0.199182
v -0.159370 0.008624 0.185695
v -0.126039 -0.001260 0.196275
v -0.115264 0.010174 0.216313
v -0.107048 -0.025405 0.209996
v -0.138906 -0.035715 0.216894
v -0.121388 -0.024979 0.228095
v -0.133945 0.006143 0.222863
v -0.133093 0.016995 0.217127
v -0.161850 0.016239 0.233986
v -0.144565 -0.005465 0.201236
v -0.161230 -0.012984 0.243017
v -0.151696 -0.070189 0.249373
v -0.183245 -0.067922 0.239180
v -0.166811 -0.035676 0.205577
v -0.186733 -0.046412 0.227708
v -0.180532 -0.003992 0.209453
v -0.184640 -0.006686 0.244180
v -0.214716 0.000407 0.215615
v -0.206809 0.018487 0.229839
v -0.203863 0.007500 0.244528
v -0.177664 0.015174 0.253714
v -0.164099 0.043311 0.220073
v -0.196810 0.031200 0.238754
v -0.187895 0.052148 0.203523
v -0.223320 0.021065 0.225421
v -0.221769 0.020173 0.202167
v -0.191229 0.057623 0.182245
v -0.177586 0.066217 0.200423
v -0.149913 0.077864 0.205035
v -0.171307 0.092126 0.203058
v -0.128907 0.075509 0.220150
v -0.151619 0.103124 0.202283
v -0.111389 0.043214 0.203562
v -0.118132 0.012868 0.183679
v -0.158827 0.060171 0.213755
v -0.136038 0.036451 0.220421
v -0.207972 0.011492 0.185772
v -0.178361 -0.022809 0.187013
v -0.202546 -0.030405 0.172982
v -0.210297 -0.036102 0.197438
v -0.185880 -0.034455 0.254760
v -0.173400 -0.042323 0.267434
v -0.181539 -0.063116 0.307354
v -0.194794 -0.096544 0.302199
v -0.153479 -0.108346 0.344328
v -0.154642 -0.084491 0.307083
v -0.158672 -0.109606 0.285495
v -0.145262 -0.078193 0.267628
v -0.091080 -0.032575 0.291890
v -0.166966 -0.056624 0.295378
v -0.067825 0.015987 0.286541
v -0.078522 -0.039571 0.315997
v -0.041393 -0.016336 0.285999
v -0.073871 -0.057458 0.345801
v -0.039765 -0.081371 0.384016
v -0.078212 -0.130883 0.433160
v -0.066120 -0.167625 0.460523
v -0.122551 -0.205181 0.484397
v -0.055035 -0.151270 0.480599
v -0.054028 -0.106854 0.469515
v 0.017286 -0.030192 0.406030
v 0.010620 -0.049803 0.386574
v -0.013720 -0.018739 0.358049
v -0.011860 -0.010503 0.305610
v -0.000542 0.045811 0.281386
v -0.031083 0.013720 0.329523
v -0.014573 -0.018778 0.398705
v -0.055345 -0.038757 0.374869
v -0.056353 0.060510 0.238288
v -0.127201 -0.003120 0.259062
v -0.090847 -0.018972 0.232320
v -0.033176 0.038292 0.221003
v -0.037982 -0.002616 0.268597
v -0.162161 -0.073910 0.230769
v -0.009302 -0.021336 0.275961
v -0.035502 0.066934 0.197322
v -0.065577 -0.086487 0.433044
v -0.160068 0.092921 0.145271
v -0.117590 0.110371 0.084402
v -0.120613 0.125148 0.080546
v -0.083018 0.103172 0.089228
v -0.068058 0.094151 0.073085
v -0.079995 0.137511 0.098297
v -0.065655 0.134362 0.080158
v -0.054803 0.142351 0.100332
v -0.061624 0.154380 0.132345
v -0.048679 0.150243 0.149922
v -0.075887 0.136261 0.142325
v -0.120690 0.150025 0.109692
v -0.136968 0.129711 0.125388
v -0.100071 0.131620 0.150271
v -0.050384 0.163130 0.159301
v -0.076817 0.142908 0.172478
v -0.044958 0.152161 0.173370
v -0.024107 0.153397 0.166665
v -0.028448 0.141256 0.141492
v -0.036199 0.148983 0.119323
v -0.034184 0.139100 0.108684
v -0.043718 0.129866 0.085759
v -0.078832 0.092950 0.156278
v -0.064027 -0.123558 0.023088
v -0.070228 -0.118791 0.026751
v -0.075732 -0.160882 0.040316
v -0.071856 -0.153479 0.050839
v -0.076739 -0.187508 0.058416
v -0.066275 -0.193089 0.053552
v -0.073561 -0.204522 0.046130
v -0.064337 -0.149565 0.029290
v -0.061081 -0.141387 -0.005689
v -0.066973 -0.184369 0.014426
v -0.068910 -0.197507 0.007934
v -0.067980 -0.209948 0.024329
v -0.037827 -0.207507 -0.013673
v -0.044726 -0.217235 -0.006483
v -0.027828 -0.229172 -0.005049
v -0.009069 -0.240489 0.012430
v -0.024882 -0.214250 -0.012927
v 0.001705 -0.188554 -0.030222
v 0.021627 -0.206654 0.000706
v 0.041083 -0.158866 -0.022248
v -0.009302 -0.182508 -0.036695
v -0.048214 -0.189756 -0.008509
v -0.024107 -0.233707 -0.040667
v -0.042711 -0.239830 -0.067003
v -0.071856 -0.270371 -0.092370
v -0.051780 -0.119644 0.004853
v -0.022014 -0.283277 0.080081
v -0.032634 -0.303664 0.019387
v -0.057671 -0.308276 0.003807
v -0.150689 -0.489544 -0.120672
v -0.071623 -0.308586 -0.242826
v -0.105187 -0.326143 -0.244730
v -0.090227 -0.282890 -0.248165
v -0.135418 -0.299865 -0.229856
v -0.132628 -0.282735 -0.195631
v -0.162858 -0.295563 -0.216558
v -0.129217 -0.283897 -0.158281
v 0.064725 -0.138674 -0.165330
v 0.025192 -0.121776 -0.171946
v 0.059299 -0.113985 -0.166289
v 0.085770 -0.126737 -0.160815
v 0.026665 -0.109645 -0.156700
v 0.012712 -0.108753 -0.161618
v 0.004263 -0.103501 -0.129087
v -0.105187 0.205732 0.009446
v -0.131387 0.276785 0.043765
v -0.167199 0.266243 0.005744
v -0.174486 0.302346 0.028146
v -0.157277 0.248560 0.005589
v 0.102513 -0.024243 -0.096245
v -0.089917 0.349261 0.100506
v -0.132395 0.398115 0.128198
v -0.155804 0.356286 0.125408
v -0.170377 0.470030 0.155038
v -0.173168 0.483595 0.125989
v -0.188206 0.515996 0.125059
v -0.189911 0.533262 0.157286
v -0.204096 0.499504 0.193524
v -0.209367 0.542796 0.164688
v -0.170610 0.499272 0.120660
v -0.142394 0.424955 0.099712
v -0.114799 0.388891 0.073957
v -0.202081 0.370927 0.133159
v -0.200065 0.341442 0.111281
v -0.220684 0.361674 0.122404
v -0.212003 0.340406 0.110854
v -0.230761 0.328866 0.087697
v -0.238435 0.342663 0.109130
v -0.254403 0.356509 0.083918
v -0.235722 0.331152 0.075333
v -0.238125 0.330067 0.049288
v -0.236420 0.332228 0.017624
v -0.244094 0.278244 -0.035367
v -0.141852 -0.076585 -0.272795
v -0.239520 0.445690 0.052873
v -0.231924 0.460030 0.069345
v -0.227196 0.482509 0.062931
v -0.249520 0.452046 0.033960
v -0.248047 0.509465 0.045451
v -0.260604 0.534696 0.065469
v -0.279595 0.539967 0.049966
v -0.323004 0.535471 0.047757
v -0.292540 0.570973 0.081282
v -0.229598 0.507082 0.079461
v -0.260449 0.537409 0.089790
v -0.303935 0.586902 0.100118
v -0.303237 0.579228 0.109420
v -0.309206 0.552214 0.154069
v -0.330290 0.554850 0.145813
v -0.329437 0.593413 0.115389
v -0.346491 0.531363 0.154030
v -0.313314 0.496423 0.162673
v -0.281146 0.451310 0.157130
v -0.268511 0.437338 0.145833
v -0.305718 0.463208 0.158913
v -0.310756 0.449895 0.158332
v -0.344165 0.472626 0.148119
v -0.341374 0.440593 0.142403
v -0.340134 0.487780 0.145910
v -0.365869 0.517294 0.117269
v -0.350134 0.579577 0.129206
v -0.316725 0.586476 0.086941
v -0.309671 0.520298 0.028340
v -0.283394 0.470630 0.019135
v -0.271999 0.485784 0.020143
v -0.275255 0.520395 0.025220
v -0.050850 0.268152 0.007740
v -0.041005 0.244551 0.005260
v -0.469351 0.247175 -0.195755
v -0.183549 -0.505373 -0.091902
v -0.181972 -0.505432 -0.093961
v -0.162496 -0.505811 -0.112404
v -0.186468 -0.505139 -0.085590
v -0.200664 -0.503323 -0.041353
v -0.184914 -0.505333 -0.090350
v -0.096821 -0.502713 -0.087062
v -0.096388 -0.502665 -0.086346
v -0.131496 -0.505216 -0.117794
v -0.142086 -0.497554 0.041395
v -0.132821 -0.497619 0.034939
v -0.130747 -0.497867 0.028811
v -0.126846 -0.499647 -0.008981
v -0.127100 -0.499204 0.000027
v -0.121899 -0.499741 -0.013608
v -0.107895 -0.499347 -0.013545
v -0.102349 -0.498953 -0.008750
v -0.086905 -0.497747 0.006772
v -0.075555 -0.496908 0.017214
v -0.066973 -0.496865 0.013294
v -0.066072 -0.496880 0.012491
v -0.077275 -0.499341 -0.030504
v -0.077753 -0.499413 -0.031674
v -0.077731 -0.499447 -0.032365
v -0.094682 -0.502417 -0.082341
v -0.144323 -0.497596 0.041815
v -0.147408 -0.497984 0.035768
v -0.157279 -0.500095 -0.000959
v -0.179788 -0.502087 -0.028249
v -0.166997 -0.502303 -0.039717
v -0.181878 -0.502028 -0.025919
v -0.200807 -0.503151 -0.037821
v -0.201250 -0.503204 -0.038633
v -0.201208 -0.503130 -0.037177
v -0.197814 -0.501033 0.002883
v -0.201575 -0.501253 0.000580
v -0.198408 -0.501942 -0.014967
v -0.191767 -0.502398 -0.027806
v -0.199457 -0.502826 -0.032075
v -0.203087 -0.502778 -0.029094
v -0.157234 -0.500395 -0.006997
v -0.158127 -0.500459 -0.007780
v -0.159291 -0.500590 -0.009737
v 0.179983 -0.496141 -0.109982
v 0.183825 -0.496081 -0.110926
v 0.210722 -0.495538 -0.115063
v 0.016197 -0.494219 0.019835
v 0.011190 -0.494941 0.008182
v 0.018280 -0.493538 0.032300
v 0.017106 -0.493540 0.032916
v 0.012488 -0.493574 0.034801
v -0.021037 -0.493964 0.045708
v -0.023153 -0.493857 0.049038
v -0.026445 -0.494054 0.046918
v -0.056658 -0.496377 0.017306
v -0.054394 -0.496351 0.016561
v -0.016457 -0.495850 0.005427
v -0.012533 -0.495805 0.004141
v -0.007707 -0.495734 0.002859
v -0.052924 -0.494965 0.043462
v -0.051431 -0.494641 0.049112
v -0.048621 -0.494569 0.048997
v 0.179015 -0.496117 -0.108953
v 0.162865 -0.495841 -0.094419
v 0.154415 -0.494818 -0.069252
v 0.154378 -0.494764 -0.068144
v 0.265094 -0.492885 -0.092297
v 0.268818 -0.492845 -0.093588
v 0.277831 -0.492187 -0.085446
v 0.278841 -0.491754 -0.077346
v 0.262712 -0.491718 -0.067623
v 0.257496 -0.491899 -0.068337
v 0.270888 -0.491460 -0.067027
v 0.279063 -0.491336 -0.069114
v 0.256409 -0.491565 -0.061048
v 0.263419 -0.490744 -0.048544
v 0.192231 -0.489946 0.007141
v 0.208348 -0.488579 0.025490
v 0.190458 -0.490232 0.002410
v 0.189765 -0.490270 0.002025
v 0.264341 -0.490493 -0.044029
v 0.269145 -0.490202 -0.040891
v 0.270574 -0.490033 -0.038310
v 0.272056 -0.489404 -0.026547
v 0.271271 -0.488684 -0.011691
v 0.275003 -0.488785 -0.015805
v 0.290618 -0.488161 -0.012022
v 0.291247 -0.488201 -0.013178
v 0.253546 -0.489322 -0.014588
v 0.243501 -0.489613 -0.014804
v 0.223561 -0.487662 0.035355
v 0.227268 -0.489263 0.001252
v 0.227306 -0.489592 -0.005344
v 0.226114 -0.489769 -0.008218
v 0.219531 -0.487740 0.036043
v 0.228025 -0.489775 -0.009407
v 0.233012 -0.489976 -0.016215
v 0.286813 -0.488627 -0.019226
v 0.290902 -0.488285 -0.014678
v 0.291333 -0.488215 -0.013514
v 0.170959 -0.492052 -0.023128
v 0.170591 -0.492136 -0.024608
v 0.169595 -0.492208 -0.025492
v 0.156235 -0.493917 -0.052222
v 0.167882 -0.492379 -0.027955
v 0.249758 -0.493815 -0.102367
v 0.254284 -0.493618 -0.100942
v 0.155757 -0.493997 -0.053566
v 0.217591 -0.495257 -0.113264
v -0.066400 -0.496874 0.012786
v -0.134287 -0.505325 -0.118428
v -0.160942 -0.505796 -0.112969
v -0.132162 -0.505256 -0.118227
vn 0.0279 -0.9984 0.0499
vn 0.0277 -0.9984 0.0499
vn 0.0280 -0.9984 0.0499
vn 0.0278 -0.9984 0.0499
vn 0.0280 -0.9984 0.0498
vn 0.0275 -0.9984 0.0497
vn 0.0275 -0.9984 0.0500
vn 0.0283 -0.9983 0.0500
vn -0.5816 0.3391 -0.7395
vn -0.8363 -0.3075 0.4540
vn -0.8620 -0.2316 0.4508
vn -0.9538 0.2976 -0.0418
vn -0.5446 0.5555 -0.6283
vn 0.3147 0.6127 -0.7249
vn 0.3801 0.1531 -0.9122
vn 0.8067 0.2500 -0.5355
vn 0.3904 0.5258 -0.7558
vn 0.5297 0.4820 -0.6979
vn 0.4219 0.4377 -0.7940
vn 0.4381 0.4621 -0.7711
vn 0.3834 0.5391 -0.7499
vn 0.3567 0.5072 -0.7845
vn 0.4540 0.4934 -0.7419
vn 0.4394 0.4710 -0.7649
vn 0.4242 0.4720 -0.7728
vn 0.4252 0.4709 -0.7730
vn 0.2840 0.5194 -0.8060
vn 0.7752 -0.6225 0.1078
vn 0.7848 -0.5530 -0.2796
vn -0.5351 -0.4729 0.7000
vn -0.5410 -0.3271 0.7748
vn -0.4827 -0.4862 0.7284
vn -0.5721 -0.3866 0.7234
vn -0.5932 -0.3725 0.7137
vn -0.5301 -0.3607 0.7674
vn -0.2441 -0.5244 0.8157
vn -0.3748 -0.5551 0.7426
vn 0.3098 -0.7905 0.5284
vn -0.4394 0.2947 -0.8486
vn -0.4464 -0.5405 0.7131
vn -0.5588 -0.4390 0.7036
vn 0.7229 0.0091 0.6909
vn -0.0874 -0.5137 0.8535
vn -0.4432 -0.4630 0.7676
vn -0.4034 -0.5572 0.7258
vn -0.3476 -0.5962 0.7237
vn 0.4254 -0.6911 0.5843
vn 0.2618 -0.7712 0.5803
vn -0.3005 -0.5296 0.7932
vn -0.3179 -0.5481 0.7737
vn -0.1506 -0.6104 0.7777
vn -0.4116 -0.5462 0.7296
vn -0.4314 -0.4503 0.7817
vn -0.3768 -0.4764 0.7944
vn -0.4219 -0.4977 0.7578
vn 0.1409 -0.5314 0.8353
vn 0.2303 -0.4968 0.8368
vn -0.3565 -0.4874 0.7971
vn -0.3368 -0.4990 0.7985
vn -0.3394 -0.4847 0.8062
vn 0.9118 -0.2777 0.3023
vn 0.7517 -0.3646 0.5496
vn 0.5581 -0.5479 0.6232
vn 0.5992 -0.7706 -0.2170
vn 0.4493 0.3541 -0.8202
vn 0.7683 0.3821 -0.5136
vn 0.5722 0.4879 -0.6592
vn 0.4351 0.4658 -0.7705
vn -0.2471 0.3749 -0.8935
vn -0.3659 0.2995 -0.8811
vn -0.9358 -0.1548 -0.3168
vn -0.9495 -0.1799 -0.2572
vn -0.2573 -0.5041 0.8244
vn 0.4852 0.4446 -0.7529
vn -0.2287 -0.4783 0.8479
vn -0.9705 -0.2303 -0.0717
vn -0.9758 -0.1257 -0.1790
vn 0.0762 -0.4838 0.8719
vn -0.3497 -0.5299 0.7726
vn 0.9260 -0.2694 0.2643
vn -0.3560 -0.5181 0.7777
vn -0.2537 -0.7082 0.6589
vn -0.3329 -0.6395 0.6930
vn -0.5228 -0.4927 0.6957
vn -0.7571 -0.2595 0.5996
vn -0.6665 -0.2943 0.6849
vn -0.8451 -0.0657 0.5305
vn -0.8717 0.4870 0.0551
vn -0.5084 0.8334 -0.2167
vn -0.6070 0.7900 0.0867
vn -0.6620 0.7196 0.2093
vn -0.8227 0.5668 -0.0437
vn -0.7067 0.7026 -0.0830
vn -0.8743 0.2576 -0.4114
vn -0.7823 0.2970 -0.5475
vn -0.7354 0.3875 -0.5559
vn -0.4591 0.0225 -0.8881
vn -0.4554 0.0291 -0.8898
vn 0.4973 0.4939 -0.7133
vn 0.6957 -0.6672 -0.2662
vn 0.7431 -0.2769 -0.6092
vn 0.3418 0.6422 -0.6861
vn -0.3570 -0.7595 -0.5437
vn 0.2066 -0.6934 -0.6903
vn 0.2624 0.7029 -0.6611
vn 0.2316 0.6264 -0.7443
vn 0.4189 0.6193 -0.6640
vn 0.3072 0.5968 -0.7413
vn 0.2902 0.5985 -0.7467
vn 0.4589 0.5280 -0.7146
vn -0.7407 0.6513 -0.1651
vn -0.5434 0.7794 -0.3117
vn 0.3983 0.6109 -0.6842
vn 0.3814 0.6276 -0.6787
vn 0.4152 0.5498 -0.7249
vn 0.4640 0.5340 -0.7068
vn 0.4407 0.5524 -0.7076
vn 0.9493 -0.3073 0.0661
vn 0.6083 -0.7521 0.2536
vn 0.4146 0.5408 -0.7319
vn 0.3467 0.6343 -0.6910
vn 0.4182 0.5409 -0.7297
vn 0.2091 0.6060 -0.7675
vn 0.4654 -0.1117 -0.8780
vn 0.8570 -0.4709 -0.2092
vn 0.0638 0.6751 -0.7349
vn 0.9209 -0.0412 -0.3875
vn 0.4214 0.6199 -0.6620
vn 0.3280 0.5431 -0.7730
vn 0.3045 0.5110 -0.8038
vn 0.2925 0.5401 -0.7891
vn 0.3161 0.5475 -0.7748
vn 0.2707 0.5984 -0.7541
vn 0.5218 -0.3862 -0.7607
vn -0.6481 0.7353 -0.1983
vn 0.4224 0.4627 -0.7794
vn 0.4133 0.5155 -0.7507
vn 0.3923 0.5184 -0.7598
vn 0.3971 0.4955 -0.7725
vn 0.2778 0.5541 -0.7848
vn 0.2892 0.5528 -0.7815
vn 0.7425 -0.6112 0.2741
vn 0.9829 -0.1767 -0.0512
vn 0.8068 -0.3477 0.4777
vn 0.3206 0.4693 -0.8228
vn 0.3557 0.5052 -0.7863
vn 0.9375 0.0556 0.3436
vn 0.5472 -0.7240 -0.4199
vn -0.4494 -0.6458 0.6173
vn -0.8589 -0.3456 -0.3779
vn -0.8407 -0.0902 -0.5340
vn 0.3322 0.4999 -0.7998
vn 0.3080 0.4676 -0.8286
vn -0.8950 -0.1183 -0.4301
vn -0.8366 0.0512 -0.5454
vn -0.2004 -0.4981 0.8436
vn -0.1380 -0.4752 0.8690
vn -0.1604 -0.5219 0.8378
vn -0.2421 -0.5048 0.8286
vn -0.2795 -0.6167 0.7359
vn 0.7254 -0.4708 0.5021
vn 0.4072 -0.9074 -0.1040
vn -0.4126 -0.5591 0.7192
vn -0.4403 -0.5614 0.7007
vn -0.3430 -0.6948 0.6321
vn -0.6968 -0.1953 -0.6901
vn -0.5148 -0.3894 0.7638
vn -0.3465 -0.5593 0.7531
vn 0.5349 0.2316 -0.8125
vn -0.2613 -0.6186 0.7409
vn -0.4531 -0.4883 0.7458
vn -0.5190 -0.4716 0.7129
vn -0.4168 -0.4328 0.7993
vn -0.4816 -0.3864 0.7866
vn -0.4393 -0.5145 0.7364
vn 0.6866 -0.7199 0.1013
vn -0.8212 -0.0169 -0.5705
vn -0.2669 0.2789 -0.9225
vn -0.4290 0.2350 -0.8722
vn -0.1300 0.4543 -0.8813
vn -0.8902 -0.3297 -0.3143
vn -0.8992 -0.1106 -0.4234
vn -0.9346 -0.2674 -0.2344
vn -0.7726 -0.4775 -0.4185
vn -0.7000 -0.6421 -0.3126
vn -0.3194 -0.6453 0.6939
vn 0.3729 -0.4214 0.8266
vn 0.4231 -0.3452 0.8377
vn 0.2528 -0.3520 0.9012
vn -0.4412 -0.5175 0.7332
vn -0.3902 -0.5280 0.7543
vn -0.8413 -0.4603 0.2836
vn -0.3638 -0.9292 0.0651
vn -0.9770 -0.1384 -0.1625
vn -0.8441 -0.0005 -0.5363
vn -0.5887 -0.5330 0.6077
vn -0.4928 -0.5669 0.6601
vn 0.4107 -0.3328 0.8489
vn 0.6698 -0.2471 0.7003
vn -0.3935 -0.5843 0.7098
vn -0.3824 -0.5785 0.7205
vn 0.7477 -0.2961 0.5943
vn 0.8018 -0.3486 0.4854
vn 0.7422 -0.4090 0.5309
vn 0.7092 -0.4189 0.5670
vn -0.3811 -0.4985 0.7786
vn -0.4634 -0.4981 0.7329
vn -0.9035 0.4160 -0.1034
vn -0.9432 0.3060 0.1293
vn -0.8725 0.4887 0.0017
vn -0.4202 -0.5510 0.7210
vn -0.6523 -0.4734 0.5919
vn -0.8104 -0.3310 0.4834
vn -0.4185 -0.5410 0.7295
vn -0.4110 -0.5508 0.7264
vn -0.1502 0.9877 0.0432
vn -0.4331 -0.5543 0.7108
vn -0.5065 -0.5335 0.6774
vn -0.5264 -0.5604 0.6394
vn -0.8882 0.4034 0.2198
vn -0.4416 -0.5525 0.7069
vn -0.4432 -0.5373 0.7176
vn 0.1652 -0.9538 0.2508
vn 0.4319 -0.8962 0.1012
vn 0.1098 -0.8783 0.4654
vn -0.6325 -0.5396 -0.5557
vn -0.8114 -0.5804 0.0694
vn -0.8783 -0.4403 0.1866
vn -0.8877 -0.4288 -0.1678
vn -0.5654 -0.5508 0.6139
vn -0.4717 -0.6565 0.5886
vn -0.3549 -0.8412 0.4079
vn -0.1197 -0.8922 0.4355
vn 0.3221 -0.9302 -0.1760
vn 0.3195 -0.8898 -0.3259
vn -0.7907 -0.3121 0.5266
vn -0.7938 -0.3099 0.5233
vn -0.7246 -0.2693 0.6343
vn -0.7272 -0.2255 0.6484
vn 0.0686 0.3573 0.9315
vn 0.0537 0.3438 0.9375
vn -0.0587 0.1616 0.9851
vn -0.6781 -0.6935 -0.2434
vn -0.2151 -0.7961 0.5656
vn -0.2985 -0.8737 0.3841
vn 0.1828 -0.4537 0.8722
vn 0.1853 -0.4642 0.8661
vn -0.0272 -0.3512 0.9359
vn -0.3613 -0.4869 0.7953
vn -0.8945 -0.2954 0.3354
vn -0.3687 0.6354 0.6785
vn -0.3631 0.1500 0.9196
vn -0.5474 0.7363 0.3976
vn -0.9203 -0.3559 0.1624
vn 0.0424 -0.5309 0.8464
vn -0.6193 -0.0242 0.7848
vn -0.0942 0.4230 0.9012
vn -0.2060 0.8635 0.4604
vn 0.5117 0.8587 -0.0285
vn 0.4107 0.9034 -0.1234
vn 0.0567 0.9916 -0.1158
vn -0.4614 0.8466 0.2655
vn -0.1303 0.5427 -0.8298
vn -0.1540 0.5363 -0.8299
vn 0.0950 0.5246 -0.8460
vn 0.1746 0.0409 -0.9838
vn 0.0032 -0.2079 -0.9781
vn -0.0304 -0.2857 -0.9578
vn -0.3279 -0.3356 -0.8831
vn -0.4922 -0.8017 -0.3392
vn -0.6297 -0.7423 -0.2291
vn -0.5692 -0.7899 -0.2282
vn 0.8289 -0.1689 0.5334
vn 0.9071 -0.2942 0.3010
vn -0.0368 0.7138 0.6994
vn 0.3328 0.8806 0.3373
vn 0.3502 0.8697 0.3478
vn -0.1292 0.2278 -0.9651
vn -0.1251 0.2012 -0.9715
vn 0.6232 0.7058 0.3368
vn 0.7728 0.6336 0.0374
vn 0.6106 0.6743 -0.4154
vn 0.8058 0.1304 -0.5776
vn 0.5652 0.4837 -0.6682
vn 0.9496 0.1662 -0.2657
vn 0.9688 -0.1427 -0.2025
vn -0.0915 0.6459 -0.7580
vn 0.5226 0.7680 -0.3703
vn 0.6951 0.6133 -0.3751
vn 0.7115 0.6050 -0.3575
vn 0.6580 0.4982 -0.5647
vn 0.5160 0.4522 -0.7275
vn 0.5186 0.4857 -0.7037
vn -0.2835 0.2881 -0.9147
vn 0.2589 0.0206 -0.9657
vn 0.3248 -0.5868 -0.7417
vn 0.6418 -0.7657 0.0424
vn 0.8404 -0.5045 -0.1981
vn 0.8385 -0.4911 -0.2362
vn 0.7277 -0.5847 -0.3586
vn 0.0063 0.2215 -0.9752
vn 0.3572 0.6692 -0.6515
vn 0.4117 0.3479 -0.8423
vn 0.1963 -0.0675 -0.9782
vn -0.0223 -0.0481 -0.9986
vn 0.3895 0.4729 -0.7903
vn -0.7975 0.2361 -0.5552
vn -0.5955 0.2327 -0.7689
vn -0.2086 -0.3259 -0.9221
vn -0.1509 -0.8642 -0.4799
vn -0.0619 -0.3649 -0.9290
vn -0.7925 0.3294 -0.5133
vn -0.6495 0.4268 -0.6292
vn -0.9588 0.2031 0.1987
vn -0.8536 0.1628 0.4948
vn -0.9036 0.1108 0.4137
vn -0.8901 -0.0371 0.4542
vn -0.9005 -0.1214 0.4175
vn -0.9370 -0.1387 0.3205
vn -0.9346 -0.1689 0.3130
vn -0.9280 -0.3610 -0.0924
vn -0.7707 -0.4104 -0.4875
vn -0.2646 -0.4195 -0.8683
vn -0.0586 -0.4187 -0.9062
vn -0.0903 0.0741 -0.9932
vn -0.3373 0.0422 -0.9404
vn -0.5629 0.1597 -0.8109
vn -0.6194 0.1356 -0.7732
vn -0.6423 0.2995 -0.7055
vn -0.6873 0.2574 -0.6792
vn -0.5155 0.3330 -0.7895
vn 0.3278 -0.3044 -0.8944
vn -0.4220 -0.8183 -0.3902
vn -0.4164 -0.9078 -0.0499
vn 0.2638 -0.1816 -0.9473
vn 0.2147 -0.3974 -0.8922
vn 0.4865 0.5397 -0.6870
vn 0.4850 0.5388 -0.6888
vn 0.5096 0.5066 -0.6955
vn -0.6812 0.4227 -0.5978
vn -0.6801 0.4981 -0.5380
vn 0.4282 0.4931 -0.7573
vn -0.4293 0.6759 0.5990
vn -0.0505 -0.4028 -0.9139
vn -0.0693 -0.4371 -0.8967
vn -0.0189 -0.4249 -0.9050
vn 0.4929 0.5141 -0.7019
vn 0.4738 0.5256 -0.7066
vn 0.5439 0.5636 -0.6217
vn 0.5344 0.5423 -0.6484
vn 0.5043 0.5903 -0.6303
vn 0.4854 0.5378 -0.6893
vn 0.5059 0.5227 -0.6862
vn 0.6050 0.5362 -0.5887
vn 0.9810 0.0490 -0.1879
vn 0.9837 0.0239 -0.1782
vn 0.9939 -0.0048 -0.1100
vn 0.5004 0.5265 -0.6873
vn 0.4183 0.4960 -0.7609
vn 0.3375 0.3203 -0.8851
vn -0.1666 -0.1591 -0.9731
vn -0.2903 -0.2254 -0.9300
vn -0.6565 -0.1083 -0.7465
vn -0.2788 0.1804 -0.9433
vn -0.5095 0.1714 -0.8432
vn -0.6354 0.1516 -0.7571
vn 0.4613 -0.8220 -0.3339
vn 0.7184 -0.6787 -0.1523
vn 0.2750 -0.7130 -0.6449
vn 0.4053 -0.0672 -0.9117
vn 0.2631 0.0856 -0.9610
vn 0.2685 0.1198 -0.9558
vn -0.3071 0.5188 -0.7979
vn 0.3216 0.9256 -0.1996
vn 0.0462 0.5694 -0.8208
vn -0.3185 0.0683 -0.9455
vn 0.8445 0.2178 -0.4892
vn 0.4316 0.5219 -0.7357
vn 0.4935 0.5769 -0.6509
vn 0.5775 0.4795 -0.6607
vn 0.3995 0.5642 -0.7226
vn 0.3982 0.5637 -0.7237
vn 0.4149 0.5542 -0.7216
vn -0.1970 0.9505 0.2402
vn -0.0002 0.9695 0.2450
vn -0.0831 0.8001 -0.5941
vn 0.5058 0.5977 -0.6220
vn 0.9482 0.1349 0.2875
vn 0.9880 0.0155 0.1537
vn 0.4529 0.5337 -0.7142
vn 0.9830 -0.0158 0.1830
vn 0.9954 -0.0111 0.0951
vn 0.9693 0.2010 0.1419
vn 0.6513 -0.7538 0.0870
vn 0.6508 -0.3475 -0.6751
vn -0.6102 0.2114 -0.7636
vn 0.3539 0.5776 -0.7356
vn 0.3425 0.5794 -0.7396
vn 0.6697 0.3009 -0.6789
vn 0.8542 -0.1216 -0.5056
vn 0.4330 0.3924 -0.8115
vn 0.4324 0.4667 -0.7715
vn 0.3665 0.3864 -0.8464
vn 0.3611 0.5402 -0.7601
vn -0.8155 -0.0324 -0.5778
vn 0.2051 0.5501 -0.8095
vn 0.2454 0.4823 -0.8409
vn 0.1235 0.7006 -0.7028
vn 0.1734 0.4351 -0.8835
vn 0.8941 0.4000 -0.2016
vn 0.8591 0.4550 -0.2341
vn 0.6495 0.4901 -0.5814
vn 0.4128 0.5757 -0.7058
vn 0.4239 0.5754 -0.6995
vn 0.9250 -0.2890 0.2466
vn 0.8426 -0.3564 0.4038
vn 0.7688 -0.4755 0.4277
vn 0.8962 -0.3921 0.2077
vn -0.5213 -0.5376 0.6628
vn -0.5415 -0.5315 0.6513
vn -0.5131 -0.5525 0.6569
vn -0.3926 -0.5246 0.7554
vn -0.1124 -0.6437 0.7569
vn -0.3421 -0.5946 0.7276
vn 0.3446 -0.3137 0.8848
vn -0.3504 -0.4895 0.7985
vn 0.4810 -0.2976 0.8247
vn 0.5702 -0.8205 0.0403
vn -0.4022 -0.5609 0.7236
vn -0.5637 0.0032 0.8260
vn -0.5166 -0.5152 0.6839
vn -0.5033 -0.5175 0.6920
vn -0.6198 -0.4670 0.6307
vn -0.7897 0.0579 -0.6108
vn -0.8686 0.0861 -0.4879
vn -0.8357 -0.3712 0.4046
vn -0.9514 -0.3056 0.0377
vn -0.5519 -0.4646 0.6925
vn -0.4075 -0.5038 0.7617
vn -0.4295 -0.5049 0.7487
vn 0.2165 -0.8471 -0.4853
vn 0.4715 -0.8708 -0.1389
vn 0.4006 -0.8651 -0.3018
vn 0.3313 -0.9362 -0.1169
vn 0.3611 -0.8345 0.4162
vn 0.6723 -0.6116 0.4171
vn -0.8130 -0.2718 0.5150
vn -0.8468 -0.1468 0.5113
vn -0.5115 -0.5111 0.6908
vn -0.1630 -0.3160 0.9346
vn -0.0613 -0.3013 0.9515
vn 0.4632 0.0345 0.8856
vn 0.3582 0.0077 0.9336
vn 0.7809 0.6146 0.1116
vn 0.2868 -0.8155 0.5027
vn 0.9298 -0.3639 0.0545
vn 0.3392 -0.0069 0.9407
vn 0.2981 -0.0213 0.9543
vn 0.7313 0.6820 0.0061
vn 0.3632 0.9316 -0.0115
vn 0.3849 0.9167 -0.1077
vn 0.8042 0.5917 0.0553
vn 0.8139 0.5749 0.0839
vn 0.8069 0.5509 0.2131
vn 0.5794 0.8141 -0.0382
vn 0.5351 0.7933 -0.2903
vn 0.9128 -0.1163 0.3915
vn 0.5650 0.7279 0.3886
vn 0.5618 0.7348 0.3800
vn -0.7836 0.6048 -0.1423
vn -0.7394 0.6542 -0.1590
vn -0.0647 0.9976 -0.0248
vn 0.0268 0.8988 -0.4375
vn -0.0759 0.8274 -0.5565
vn 0.0029 0.3175 -0.9482
vn 0.5284 0.7568 -0.3847
vn 0.4012 0.7717 -0.4935
vn -0.8739 0.3361 0.3512
vn -0.8515 0.3093 0.4235
vn -0.9897 0.0821 -0.1170
vn -0.9668 0.0925 -0.2382
vn -0.9632 0.1965 -0.1834
vn -0.6961 0.5880 0.4121
vn -0.7865 0.4229 0.4501
vn -0.6798 0.5656 0.4668
vn -0.6942 0.5676 0.4426
vn -0.7044 0.5565 0.4406
vn -0.8999 0.4329 0.0519
vn -0.4556 0.8845 0.1003
vn 0.1095 0.9704 -0.2153
vn 0.1331 0.9728 -0.1894
vn -0.8382 0.5315 0.1221
vn -0.7475 0.6400 0.1779
vn -0.7783 0.6239 0.0709
vn -0.9144 0.3915 0.1029
vn -0.3186 -0.9024 0.2902
vn -0.5336 -0.8115 0.2383
vn -0.9428 0.2489 0.2218
vn -0.9759 0.1356 0.1712
vn -0.9531 -0.2049 0.2228
vn -0.9827 -0.1623 0.0892
vn -0.9697 0.0748 0.2325
vn -0.9278 0.2571 0.2704
vn -0.9275 0.2577 0.2709
vn -0.9485 -0.2065 0.2401
vn -0.9808 -0.0024 0.1952
vn -0.6892 -0.7180 0.0974
vn -0.4671 -0.8841 -0.0154
vn -0.9242 -0.3509 0.1507
vn -0.9488 -0.1956 0.2482
vn -0.9103 -0.3068 0.2777
vn -0.9022 -0.1641 0.3989
vn -0.7548 -0.6543 0.0464
vn -0.9578 -0.2727 0.0910
vn -0.7269 0.5914 0.3490
vn -0.8158 0.5080 0.2763
vn -0.8701 0.3734 0.3218
vn -0.9241 0.2978 0.2395
vn -0.9532 0.1889 0.2361
vn -0.9742 0.1701 0.1485
vn -0.9673 -0.1614 -0.1955
vn -0.4882 -0.3236 -0.8105
vn 0.4999 -0.3529 -0.7910
vn 0.5390 -0.3369 -0.7720
vn 0.5534 -0.3408 -0.7600
vn 0.4866 -0.0835 -0.8696
vn 0.6365 -0.0623 -0.7687
vn 0.1409 0.2543 -0.9568
vn 0.0957 0.2891 -0.9525
vn -0.0191 0.4441 -0.8958
vn -0.0023 0.3973 -0.9177
vn -0.2168 0.2266 -0.9496
vn -0.2044 0.2322 -0.9510
vn -0.1639 -0.0592 -0.9847
vn 0.0526 -0.1794 -0.9824
vn 0.1989 -0.3213 -0.9258
vn 0.1955 -0.3139 -0.9291
vn 0.1747 0.3916 -0.9034
vn 0.3409 0.1302 -0.9311
vn 0.5565 0.0212 -0.8306
vn 0.6434 0.6014 -0.4737
vn 0.7385 0.4956 -0.4571
vn 0.3552 0.8975 -0.2612
vn 0.2915 0.7717 -0.5653
vn 0.6102 0.3033 -0.7319
vn 0.5944 0.2395 -0.7676
vn -0.0769 0.2222 -0.9720
vn -0.1733 -0.0221 -0.9846
vn -0.1368 0.0056 -0.9906
vn 0.8079 -0.0833 -0.5835
vn 0.9353 0.1605 -0.3155
vn 0.8642 -0.4241 -0.2707
vn -0.0841 -0.1599 -0.9835
vn -0.1224 -0.3297 -0.9361
vn -0.4221 -0.4862 -0.7651
vn -0.1834 -0.5453 -0.8179
vn 0.6986 -0.7131 -0.0594
vn 0.8020 -0.5101 -0.3107
vn 0.8901 -0.3852 -0.2437
vn 0.8558 -0.2778 -0.4364
vn 0.8606 -0.0911 -0.5011
vn 0.7621 -0.2519 -0.5964
vn 0.7559 -0.2492 -0.6055
vn 0.7433 -0.0835 -0.6637
vn 0.4370 0.0525 -0.8979
vn 0.3453 0.2238 -0.9114
vn 0.3732 0.6711 -0.6406
vn 0.3294 0.6507 -0.6841
vn 0.3742 -0.0588 -0.9255
vn 0.6473 0.4286 -0.6304
vn 0.6500 0.4239 -0.6307
vn 0.6053 -0.1632 -0.7791
vn 0.6317 -0.0891 0.7701
vn 0.5188 0.5214 -0.6775
vn 0.6820 0.3261 -0.6547
vn 0.1956 0.4734 -0.8589
vn 0.4419 0.6955 -0.5666
vn 0.2840 0.1248 -0.9507
vn 0.9200 -0.2509 0.3011
vn 0.5315 0.7763 -0.3389
vn -0.2258 0.5521 0.8026
vn -0.5618 0.6717 -0.4830
vn 0.1545 0.6939 -0.7033
vn 0.1154 0.9018 -0.4165
vn 0.6466 0.6451 -0.4071
vn 0.0262 0.9985 0.0481
vn -0.3302 0.6583 -0.6764
vn 0.7263 0.4006 0.5586
vn 0.7118 0.3526 0.6074
vn 0.9082 0.2987 0.2933
vn 0.7023 0.6550 -0.2786
vn 0.5524 0.2865 -0.7828
vn 0.8335 0.0112 -0.5525
vn 0.7509 0.4343 -0.4975
vn 0.4336 0.2805 -0.8563
vn 0.3655 0.0860 -0.9268
vn -0.3923 0.3286 -0.8592
vn -0.3098 0.6687 -0.6760
vn -0.0716 0.9104 -0.4075
vn -0.4548 0.8585 -0.2369
vn -0.1130 0.9919 -0.0577
vn -0.9941 0.0139 -0.1075
vn -0.9914 0.0422 -0.1239
vn -0.9098 0.2021 -0.3625
vn -0.8618 0.4667 -0.1986
vn -0.3527 0.4434 -0.8240
vn -0.8753 0.4680 -0.1217
vn -0.9197 0.3593 -0.1584
vn -0.3140 0.5198 -0.7945
vn -0.9387 0.3437 -0.0269
vn -0.9206 0.0977 0.3782
vn 0.1366 0.4699 0.8721
vn -0.9055 0.1987 0.3750
vn -0.8352 0.4989 0.2313
vn -0.0510 0.9125 0.4060
vn -0.1645 -0.0946 0.9818
vn -0.9299 0.2470 0.2724
vn -0.9738 0.0252 0.2261
vn -0.8272 0.0472 -0.5599
vn 0.2529 -0.9604 -0.1167
vn -0.9228 0.2544 -0.2895
vn -0.9294 0.1754 0.3246
vn -0.7382 0.5826 -0.3400
vn -0.6672 0.6574 -0.3503
vn -0.3005 0.9315 -0.2048
vn -0.1757 0.8538 -0.4901
vn -0.4444 0.5809 -0.6820
vn -0.1257 0.5182 -0.8459
vn -0.0032 0.1935 -0.9811
vn -0.8487 0.4702 0.2420
vn -0.7900 0.5806 0.1971
vn -0.8820 0.2168 0.4184
vn 0.2485 -0.7565 -0.6049
vn -0.9373 0.3142 0.1509
vn -0.2747 -0.1446 -0.9506
vn -0.9974 -0.0452 0.0564
vn -0.2607 0.8678 0.4231
vn -0.7837 0.0317 0.6204
vn -0.9820 0.1446 -0.1211
vn -0.9638 0.2640 0.0377
vn -0.1778 0.9652 0.1917
vn -0.6242 -0.2614 0.7363
vn -0.8640 0.2839 0.4159
vn -0.8839 0.2888 0.3677
vn -0.6509 -0.1077 0.7515
vn -0.8974 0.1018 0.4292
vn 0.0468 -0.5453 -0.8369
vn -0.2855 -0.1756 -0.9421
vn -0.1584 -0.1482 -0.9762
vn -0.5352 0.0140 -0.8446
vn -0.4139 0.0978 -0.9051
vn -0.5830 0.5649 -0.5840
vn -0.8394 0.2830 -0.4640
vn -0.8590 0.1089 -0.5002
vn -0.8194 0.2237 -0.5277
vn -0.7728 0.4225 -0.4736
vn -0.5229 0.6419 -0.5609
vn -0.9957 -0.0279 0.0885
vn -0.8328 0.0829 -0.5474
vn -0.7853 -0.1623 -0.5974
vn -0.9370 0.3436 -0.0626
vn -0.8021 0.5372 -0.2608
vn -0.9141 0.3453 0.2126
vn -0.7734 0.5980 0.2105
vn -0.7510 0.5664 0.3395
vn -0.9374 0.3370 0.0881
vn -0.9250 0.1741 0.3377
vn -0.8013 -0.4149 0.4311
vn -0.7688 -0.4026 0.4969
vn -0.7989 -0.1267 0.5879
vn -0.9600 -0.0000 0.2800
vn -0.9961 0.0059 0.0875
vn -0.9949 0.0987 -0.0216
vn -0.9799 0.0762 -0.1844
vn -0.8716 0.2962 -0.3905
vn -0.8722 0.2903 -0.3937
vn -0.9778 -0.1813 -0.1053
vn -0.9455 -0.3199 0.0606
vn -0.9366 0.2989 -0.1829
vn -0.8523 -0.3713 -0.3683
vn -0.9294 0.0598 -0.3643
vn -0.5160 -0.5419 0.6634
vn -0.5101 -0.5475 0.6634
vn -0.5231 -0.5489 0.6520
vn -0.4788 -0.5673 0.6700
vn -0.5145 -0.5028 0.6946
vn -0.3849 -0.5615 0.7325
vn 0.4296 -0.0485 0.9017
vn 0.6318 -0.0989 0.7688
vn 0.7128 -0.6864 0.1441
vn 0.9617 -0.2146 0.1705
vn 0.3899 -0.4487 -0.8041
vn 0.1708 -0.7224 -0.6701
vn 0.4942 0.5042 -0.7082
vn 0.5649 0.4781 -0.6725
vn 0.6428 -0.4521 -0.6184
vn 0.4405 0.4289 -0.7887
vn 0.8187 0.4286 -0.3823
vn -0.1007 0.8125 -0.5741
vn 0.9449 0.3270 -0.0147
vn 0.4197 0.4735 -0.7744
vn 0.3841 0.4768 -0.7906
vn -0.0454 0.3624 -0.9309
vn 0.3612 0.5556 -0.7489
vn 0.6522 0.3908 -0.6496
vn 0.5384 0.5248 -0.6593
vn 0.5311 0.5580 -0.6376
vn 0.4526 0.5489 -0.7027
vn 0.5338 0.5056 -0.6778
vn 0.4307 0.6114 -0.6639
vn 0.5017 0.6073 -0.6160
vn 0.3031 0.4080 -0.8612
vn 0.4727 0.4387 -0.7643
vn 0.3061 -0.8590 -0.4105
vn -0.4362 -0.6564 -0.6155
vn -0.9041 -0.3903 -0.1738
vn -0.8884 -0.3723 -0.2684
vn 0.4008 -0.8370 0.3726
vn 0.4357 -0.8618 0.2597
vn -0.6224 -0.4984 0.6035
vn -0.4201 -0.5360 0.7323
vn -0.6754 -0.3764 -0.6342
vn -0.8714 -0.0145 0.4903
vn -0.5585 -0.2439 0.7928
vn -0.7636 -0.3285 0.5559
vn -0.6155 -0.5244 0.5884
vn -0.4311 -0.5333 0.7278
vn 0.7947 -0.4394 -0.4188
vn -0.4922 -0.3426 -0.8002
vn 0.3593 0.8086 -0.4660
vn -0.7197 0.1780 -0.6710
vn -0.6482 0.3078 -0.6965
vn -0.3975 0.4055 -0.8231
vn 0.3887 0.5482 -0.7405
vn -0.2825 0.4922 -0.8233
vn 0.4272 0.5629 -0.7075
vn -0.1338 0.5078 -0.8510
vn -0.5573 -0.2251 -0.7992
vn -0.5579 -0.3192 -0.7660
vn 0.1606 0.5545 -0.8165
vn 0.3022 0.5726 -0.7621
vn 0.4629 0.6093 -0.6438
vn 0.4724 0.6153 -0.6310
vn 0.9908 0.1301 0.0365
vn 0.9895 0.1054 0.0992
vn 0.5189 0.5161 -0.6815
vn 0.4988 0.5529 -0.6674
vn 0.5093 0.5145 -0.6899
vn 0.5106 0.5128 -0.6901
vn 0.5093 0.5135 -0.6906
vn 0.4969 0.4837 -0.7205
vn 0.4865 0.4771 -0.7319
vn 0.4680 0.5924 -0.6558
vn 0.4045 0.9077 0.1117
vn 0.5066 0.5185 -0.6888
vn 0.4576 0.4840 -0.7459
vn 0.9547 0.2975 0.0019
vn 0.4756 0.4419 -0.7607
vn 0.8601 0.2029 0.4681
vn 0.8620 0.4749 -0.1773
vn 0.6395 0.6112 0.4663
vn 0.6656 0.7290 -0.1596
vn 0.7464 0.5303 -0.4021
vn 0.3796 -0.9191 -0.1054
vn -0.3363 -0.8887 0.3117
vn -0.0780 -0.2933 0.9528
vn -0.1267 -0.5664 0.8143
vn -0.5359 -0.5568 0.6347
vn 0.7074 0.0125 0.7067
vn 0.6232 -0.1273 0.7716
vn -0.4774 -0.5337 0.6981
vn -0.4760 -0.5481 0.6878
vn 0.6771 -0.3710 0.6355
vn 0.6360 -0.5341 0.5570
vn -0.4241 -0.5679 0.7054
vn -0.5451 -0.5839 0.6015
vn -0.6595 -0.6892 -0.3001
vn -0.6701 -0.2874 -0.6843
vn -0.8175 -0.5758 -0.0131
vn -0.9427 -0.3299 0.0501
vn -0.9442 -0.3293 0.0030
vn -0.4268 -0.9039 -0.0264
vn -0.3812 -0.8987 -0.2168
vn 0.1588 -0.7516 -0.6402
vn -0.5295 -0.4884 0.6936
vn -0.5027 -0.5114 0.6970
vn -0.1489 -0.9766 -0.1554
vn -0.3556 -0.9346 -0.0069
vn -0.1693 -0.8224 0.5431
vn 0.2451 -0.9062 -0.3447
vn -0.3509 -0.8893 0.2933
vn 0.6260 -0.7434 0.2355
vn 0.5314 -0.8468 -0.0249
vn -0.1355 -0.8392 0.5267
vn -0.4066 -0.9131 0.0294
vn -0.9133 -0.2223 0.3414
vn -0.9334 0.3514 0.0730
vn -0.1524 -0.0572 0.9867
vn -0.1341 -0.0465 0.9899
vn 0.2759 -0.0707 0.9586
vn 0.4931 -0.0007 0.8700
vn 0.4946 0.1751 0.8513
vn 0.2058 0.5048 0.8383
vn 0.0996 0.8349 0.5414
vn 0.8774 -0.1188 0.4649
vn 0.2794 0.6865 0.6713
vn 0.1023 0.3071 0.9462
vn -0.8022 0.5714 -0.1732
vn -0.1965 0.0100 0.9805
vn -0.3683 -0.3134 0.8753
vn -0.3888 -0.4285 0.8156
vn -0.7556 -0.3900 0.5263
vn -0.6883 -0.2499 0.6810
vn -0.3294 -0.4909 0.8065
vn -0.0683 -0.0703 0.9952
vn -0.1551 0.3516 0.9232
vn 0.6983 -0.3514 0.6236
vn 0.3306 0.1345 0.9341
vn -0.3112 0.4699 0.8261
vn -0.3756 0.7160 0.5885
vn -0.0366 0.9467 0.3200
vn -0.6100 0.0353 0.7916
vn -0.7909 0.6023 0.1080
vn 0.6444 0.6028 0.4705
vn 0.9297 0.2825 0.2364
vn 0.0527 0.3102 0.9492
vn -0.2639 0.8633 0.4302
vn -0.2969 0.7756 0.5570
vn -0.2047 0.6778 0.7062
vn -0.0090 0.7189 0.6950
vn 0.0576 0.7464 0.6630
vn -0.0918 0.7903 0.6058
vn 0.0421 0.8379 0.5442
vn -0.1374 0.9559 0.2597
vn -0.3412 0.5646 0.7515
vn 0.1148 0.4068 0.9063
vn 0.4095 0.3406 0.8464
vn 0.9059 0.3628 0.2183
vn 0.9468 0.2854 0.1487
vn 0.9341 0.1142 -0.3383
vn 0.9597 0.1118 -0.2578
vn 0.8691 -0.1075 -0.4828
vn 0.3658 -0.3426 -0.8653
vn -0.0591 -0.4742 -0.8784
vn 0.1381 -0.4548 -0.8798
vn 0.8629 -0.0010 -0.5054
vn 0.8598 0.0017 -0.5106
vn 0.8886 -0.1463 -0.4348
vn 0.8346 -0.0937 -0.5428
vn 0.8557 -0.3174 -0.4087
vn 0.6401 -0.6783 -0.3607
vn 0.0517 -0.9121 -0.4067
vn 0.3870 -0.8543 -0.3471
vn 0.2365 -0.6923 -0.6818
vn 0.8963 -0.3051 -0.3218
vn 0.9900 -0.0476 -0.1326
vn 0.9510 0.1716 -0.2573
vn 0.8993 0.4182 -0.1278
vn 0.8586 0.5119 -0.0289
vn 0.8727 0.4829 0.0720
vn 0.9391 0.3433 0.0128
vn 0.6121 0.6930 0.3810
vn 0.6637 0.5763 0.4768
vn -0.3951 0.7384 0.5465
vn -0.4386 0.5377 0.7201
vn 0.1092 0.9373 0.3311
vn 0.8922 0.4218 -0.1618
vn 0.9198 0.1868 -0.3451
vn 0.8882 0.2503 -0.3854
vn 0.8995 0.2634 -0.3485
vn 0.8642 0.3148 -0.3926
vn 0.8303 0.3157 -0.4593
vn 0.6007 0.6358 -0.4847
vn 0.6227 0.6171 -0.4811
vn 0.5311 0.6515 -0.5417
vn 0.8866 0.0846 -0.4547
vn 0.8783 0.1438 -0.4559
vn 0.7289 -0.6735 -0.1231
vn -0.1944 -0.9803 0.0340
vn -0.4344 -0.7967 0.4201
vn -0.6496 -0.6617 0.3743
vn 0.4509 -0.8782 0.1593
vn 0.4721 -0.8774 0.0851
vn 0.0817 -0.9760 0.2018
vn 0.2908 -0.9555 -0.0499
vn 0.8294 -0.4646 -0.3103
vn 0.8398 -0.4785 -0.2564
vn 0.8350 -0.4866 -0.2571
vn 0.1801 -0.9834 -0.0237
vn 0.1400 -0.9807 -0.1362
vn 0.6693 -0.6345 -0.3867
vn 0.2428 -0.9680 -0.0631
vn -0.8229 0.2308 -0.5192
vn -0.8361 0.5449 -0.0637
vn -0.7248 0.6762 -0.1320
vn 0.8674 0.0793 -0.4912
vn 0.7169 -0.6729 -0.1824
vn 0.6589 -0.6626 -0.3561
vn 0.8405 0.5124 -0.1761
vn 0.9145 -0.1775 -0.3637
vn 0.1459 -0.9797 -0.1378
vn 0.6323 -0.6973 -0.3376
vn 0.9082 -0.2850 -0.3065
vn 0.8305 -0.4423 -0.3385
vn 0.1037 -0.8899 -0.4443
vn 0.5475 -0.6704 -0.5008
vn 0.6509 -0.5262 -0.5473
vn 0.5943 -0.5818 -0.5553
vn -0.9351 -0.2507 -0.2506
vn -0.5597 -0.4323 -0.7070
vn 0.7371 -0.4411 -0.5120
vn 0.7891 -0.3480 -0.5061
vn -0.8010 -0.5682 -0.1885
vn 0.7910 -0.3360 -0.5112
vn 0.8554 -0.3133 -0.4124
vn 0.7358 -0.1995 -0.6472
vn 0.7304 -0.1987 -0.6535
vn -0.0496 -0.8321 -0.5524
vn 0.3249 -0.1620 -0.9318
vn 0.7032 -0.4980 -0.5075
vn -0.6113 0.7382 -0.2851
vn -0.7238 0.4444 -0.5279
vn -0.9973 0.0108 -0.0720
vn -0.3414 -0.5971 -0.7259
vn -0.7965 0.0368 -0.6035
vn -0.9851 0.0399 -0.1675
vn -0.9400 0.3341 0.0686
vn -0.6304 -0.6975 -0.3406
vn -0.6953 -0.6485 0.3099
vn -0.4120 -0.7639 0.4967
vn -0.7810 -0.5300 0.3304
vn -0.9548 0.0375 0.2948
vn -0.9752 0.2213 -0.0054
vn -0.6696 -0.2622 -0.6949
vn -0.8946 0.3104 -0.3214
vn -0.5097 0.2999 -0.8064
vn -0.3957 0.0125 -0.9183
vn -0.7943 -0.5814 -0.1764
vn -0.9050 0.4238 0.0372
vn -0.8840 0.4646 0.0518
vn -0.8788 0.4732 0.0615
vn -0.8825 0.4657 0.0655
vn -0.8803 0.4678 0.0793
vn -0.8792 0.4705 0.0754
vn -0.8615 0.4861 0.1470
vn -0.8488 0.5073 0.1490
vn -0.8946 0.4341 0.1062
vn -0.9203 0.3870 0.0567
vn -0.8240 0.5552 0.1131
vn -0.9024 0.4283 0.0469
vn -0.9012 0.4316 0.0408
vn -0.9019 0.4307 0.0319
vn -0.8851 0.4584 0.0803
vn -0.9036 0.4252 0.0524
vn -0.9210 0.3872 0.0427
vn -0.8996 0.4353 0.0345
vn -0.9812 -0.1595 -0.1090
vn -0.9915 -0.0340 -0.1259
vn -0.0126 -0.9335 -0.3585
vn -0.4927 -0.8317 -0.2560
vn 0.3221 -0.9110 -0.2573
vn 0.9162 -0.4001 -0.0212
vn 0.9013 -0.4294 -0.0570
vn 0.8947 -0.4431 -0.0572
vn 0.8937 -0.4448 -0.0586
vn 0.9665 -0.2523 0.0470
vn 0.9037 -0.4278 -0.0176
vn 0.1145 -0.1438 -0.9830
vn -0.0510 -0.9530 -0.2988
vn 0.1613 -0.9780 -0.1324
vn 0.0353 -0.9991 0.0252
vn 0.8932 -0.4368 -0.1064
vn 0.9332 -0.3589 -0.0163
vn 0.8933 -0.4371 -0.1047
vn 0.9028 -0.4198 -0.0935
vn 0.9017 -0.4216 -0.0955
vn 0.8988 -0.4272 -0.0982
vn 0.8985 -0.4277 -0.0988
vn 0.8498 -0.5167 -0.1041
vn -0.3281 -0.7674 -0.5508
vn -0.0863 -0.8629 -0.4979
vn -0.9798 -0.0692 -0.1877
vn -0.7957 -0.3830 -0.4692
vn 0.8764 -0.4548 -0.1580
vn 0.2280 0.0602 -0.9718
vn 0.3188 -0.0483 -0.9466
vn 0.2964 -0.2565 -0.9200
vn 0.4948 -0.0052 -0.8690
vn 0.5543 -0.2579 -0.7914
vn 0.4962 -0.2844 -0.8203
vn 0.9138 -0.2074 -0.3491
vn 0.7148 -0.4301 -0.5514
vn 0.4061 -0.7963 -0.4484
vn 0.7033 -0.6989 0.1301
vn 0.8866 -0.4624 0.0138
vn 0.5643 -0.4010 -0.7216
vn 0.5272 -0.6432 -0.5553
vn 0.9141 -0.3647 -0.1772
vn 0.8932 -0.2455 0.3767
vn 0.4631 -0.7270 -0.5070
vn 0.4254 -0.7087 -0.5628
vn 0.8957 -0.4401 0.0643
vn 0.6094 -0.7929 0.0053
vn 0.4632 -0.8364 -0.2930
vn 0.6121 -0.6249 -0.4846
vn 0.4899 -0.5395 -0.6849
vn 0.9808 -0.1877 0.0525
vn 0.8974 -0.0348 -0.4398
vn 0.6643 -0.6718 -0.3278
vn 0.9012 0.4205 0.1048
vn 0.9854 0.0627 0.1584
vn 0.7815 -0.6140 -0.1108
vn 0.7770 0.3050 0.5506
vn 0.9310 0.1748 0.3203
vn 0.9488 0.1169 0.2936
vn -0.2919 0.9462 -0.1394
vn 0.8206 0.5027 -0.2718
vn 0.6596 0.6582 0.3630
vn 0.9892 0.0093 0.1461
vn 0.8849 0.0797 -0.4589
vn 0.6947 0.3734 -0.6148
vn -0.7364 0.1259 -0.6648
vn 0.8240 0.0213 -0.5663
vn 0.5296 -0.0143 -0.8481
vn 0.5199 -0.0332 -0.8536
vn 0.0776 0.1411 -0.9870
vn 0.0361 -0.0509 -0.9981
vn -0.1165 -0.3330 -0.9357
vn 0.2953 -0.0551 -0.9538
vn 0.1997 -0.5674 -0.7989
vn 0.1557 -0.7302 -0.6652
vn -0.0282 -0.6429 -0.7654
vn -0.0770 -0.5226 -0.8491
vn -0.0396 -0.2070 -0.9775
vn 0.3886 -0.3579 -0.8491
vn 0.1010 -0.9673 -0.2327
vn -0.2441 -0.9184 -0.3114
vn -0.3028 -0.7875 -0.5367
vn -0.5274 -0.8296 -0.1832
vn -0.7323 -0.6806 -0.0247
vn -0.7517 -0.6586 -0.0340
vn -0.7926 -0.6041 -0.0830
vn -0.6909 -0.6472 -0.3222
vn -0.7744 -0.5502 -0.3125
vn -0.8838 -0.4543 0.1122
vn 0.1622 -0.9679 -0.1921
vn 0.1532 -0.9644 0.2157
vn 0.1673 -0.9653 0.2004
vn 0.3341 -0.8149 0.4736
vn -0.0603 -0.6630 0.7462
vn -0.4349 -0.6734 0.5978
vn -0.4266 -0.6806 0.5956
vn 0.9766 0.0689 0.2039
vn 0.9594 -0.2507 -0.1292
vn 0.9387 -0.2319 -0.2551
vn -0.6503 -0.7138 0.2600
vn -0.6740 -0.7219 0.1570
vn -0.4465 -0.8903 -0.0901
vn -0.3294 -0.9427 -0.0526
vn -0.0768 -0.7406 0.6676
vn -0.4775 -0.5503 0.6850
vn -0.3501 -0.3277 0.8775
vn -0.6710 -0.0298 0.7409
vn -0.3784 0.4961 0.7815
vn -0.3908 0.4953 0.7759
vn -0.8469 -0.2193 0.4844
vn -0.9724 0.2290 0.0444
vn -0.9829 0.1283 -0.1322
vn -0.9883 0.1256 -0.0870
vn -0.7707 0.4754 -0.4242
vn 0.2035 0.9713 -0.1233
vn 0.1583 0.9784 -0.1333
vn 0.1464 0.9842 -0.0998
vn -0.0072 0.1975 -0.9803
vn 0.1740 -0.0564 -0.9831
vn 0.3092 0.0129 -0.9509
vn 0.4667 -0.4274 -0.7743
vn 0.5902 0.0071 -0.8072
vn 0.9323 0.2719 -0.2384
vn 0.3476 0.4760 -0.8079
vn 0.0792 0.7078 -0.7020
vn 0.4789 0.7030 -0.5259
vn -0.1394 0.9595 -0.2449
vn -0.1295 0.3893 -0.9120
vn -0.4603 0.5879 -0.6652
vn -0.6198 0.5282 -0.5804
vn 0.3613 0.8698 -0.3361
vn 0.1948 0.9198 -0.3405
vn -0.0879 0.9934 -0.0733
vn -0.4758 0.8616 -0.1768
vn -0.3630 0.6366 0.6804
vn -0.5714 -0.3095 0.7601
vn -0.8118 0.1281 0.5697
vn -0.3860 0.3667 0.8465
vn -0.5360 -0.6197 0.5733
vn 0.3118 0.1907 0.9308
vn -0.4743 -0.8804 0.0038
vn 0.1424 -0.6838 0.7156
vn 0.0403 -0.6078 0.7930
vn 0.4627 -0.7120 0.5281
vn 0.3275 -0.8613 0.3884
vn 0.5474 -0.8051 0.2284
vn 0.3036 -0.8558 0.4188
vn 0.5020 -0.7293 0.4649
vn 0.7283 -0.6545 0.2030
vn 0.8250 -0.5544 0.1093
vn 0.5996 -0.7950 -0.0918
vn 0.7807 -0.6240 0.0322
vn 0.7711 -0.6354 -0.0404
vn 0.8191 -0.3123 -0.4813
vn 0.7262 -0.2386 -0.6447
vn 0.7639 -0.2054 -0.6118
vn 0.7218 -0.6057 0.3348
vn 0.6523 0.3959 -0.6464
vn 0.6380 -0.0435 -0.7688
vn 0.1853 -0.0276 -0.9823
vn 0.0321 0.1513 -0.9880
vn -0.5605 0.1061 -0.8213
vn -0.1617 0.4685 -0.8685
vn -0.6945 0.5979 -0.4003
vn 0.4893 0.7501 -0.4449
vn 0.2092 0.8628 -0.4603
vn -0.1905 0.9801 -0.0559
vn -0.5310 0.8416 -0.0986
vn -0.8169 0.5656 0.1127
vn -0.9259 0.3606 0.1125
vn -0.9529 0.1883 -0.2377
vn -0.3859 0.4453 0.8080
vn -0.6195 -0.1849 0.7629
vn -0.7323 0.2562 0.6310
vn -0.4970 -0.0544 0.8661
vn -0.5863 -0.2105 0.7823
vn -0.5011 -0.0351 0.8646
vn -0.1221 -0.4076 0.9049
vn 0.0145 -0.4386 0.8986
vn -0.0918 -0.5691 0.8172
vn 0.2404 -0.6503 0.7206
vn 0.4659 -0.6605 0.5888
vn 0.4120 -0.7187 0.5601
vn 0.5911 -0.7362 0.3296
vn 0.6879 -0.6966 0.2039
vn 0.7398 -0.6415 -0.2027
vn 0.7694 -0.5727 -0.2829
vn 0.0191 -0.9957 -0.0911
vn 0.9836 -0.0014 0.1804
vn 0.7207 -0.6593 -0.2144
vn 0.6634 -0.6363 -0.3937
vn 0.6491 -0.1952 -0.7352
vn 0.9557 -0.2089 -0.2075
vn 0.0036 0.3542 -0.9351
vn 0.1464 -0.0382 -0.9885
vn 0.3506 0.2986 -0.8876
vn -0.2191 0.0964 -0.9709
vn -0.3959 0.6702 -0.6277
vn -0.3895 -0.3063 -0.8686
vn 0.1053 0.4365 -0.8935
vn 0.1632 0.3706 -0.9143
vn -0.4547 0.7281 -0.5130
vn -0.1989 0.9675 -0.1564
vn -0.8563 0.4414 -0.2681
vn -0.7827 0.5379 0.3131
vn -0.0144 0.9146 -0.4041
vn -0.6005 0.7757 0.1940
vn -0.8497 0.3977 0.3462
vn -0.7337 -0.0047 0.6795
vn -0.3045 0.0292 0.9521
vn -0.1566 -0.2339 0.9595
vn 0.0409 -0.0412 0.9983
vn -0.1847 0.0508 0.9815
vn 0.0048 0.2383 0.9712
vn 0.1046 0.1410 0.9845
vn -0.1941 0.9596 0.2038
vn -0.6510 0.7479 0.1298
vn -0.0901 0.9190 -0.3837
vn -0.0625 0.7025 -0.7089
vn -0.7341 0.0714 -0.6752
vn -0.5250 -0.6387 -0.5626
vn -0.3019 -0.3539 -0.8852
vn -0.1993 0.0003 -0.9799
vn -0.2711 0.3876 -0.8811
vn -0.4183 -0.7286 -0.5423
vn -0.1937 -0.3314 -0.9234
vn -0.0878 -0.6143 -0.7842
vn 0.5017 -0.7220 -0.4765
vn 0.4972 -0.7194 -0.4852
vn 0.4635 -0.5839 -0.6665
vn 0.3706 -0.6967 -0.6142
vn 0.6023 -0.7291 -0.3251
vn 0.5456 -0.8330 -0.0918
vn 0.5436 -0.8356 -0.0795
vn 0.6092 -0.7873 -0.0951
vn 0.7137 -0.5071 0.4832
vn 0.6510 -0.5909 0.4765
vn -0.6709 0.0319 -0.7409
vn 0.2688 -0.1852 -0.9452
vn 0.2960 -0.2030 -0.9333
vn -0.3905 -0.5835 -0.7121
vn 0.5496 -0.6327 0.5455
vn 0.1757 -0.5095 0.8423
vn -0.3513 -0.1795 -0.9189
vn -0.7271 -0.0623 -0.6837
vn -0.4942 0.1509 -0.8562
vn -0.3845 0.1315 -0.9137
vn -0.6263 0.1481 -0.7654
vn -0.7940 -0.0321 -0.6070
vn -0.8870 -0.3714 -0.2743
vn -0.7506 -0.0442 -0.6593
vn -0.9289 0.2551 -0.2685
vn -0.7881 -0.6112 -0.0731
vn -0.6845 -0.2010 -0.7008
vn -0.7673 0.4117 -0.4917
vn -0.0124 0.3927 -0.9196
vn 0.0024 0.3954 -0.9185
vn -0.5018 0.6973 -0.5118
vn -0.8111 0.4974 -0.3078
vn -0.8171 0.3077 0.4876
vn -0.9664 0.0068 -0.2571
vn -0.9728 0.0097 -0.2314
vn -0.6669 -0.6646 -0.3371
vn -0.5788 0.2457 0.7776
vn -0.5950 0.5971 0.5380
vn -0.6767 0.4492 0.5833
vn -0.2735 0.9552 -0.1127
vn -0.3420 0.5142 0.7866
vn 0.5405 0.5736 0.6155
vn 0.5397 0.5700 0.6196
vn 0.5051 -0.0717 0.8601
vn 0.3671 -0.2660 0.8913
vn 0.2319 -0.0694 0.9703
vn -0.1971 0.0549 0.9788
vn 0.5727 -0.5195 0.6342
vn 0.3518 -0.9028 0.2473
vn -0.0721 -0.3046 0.9498
vn -0.4202 -0.0470 0.9062
vn -0.6819 -0.0288 0.7309
vn -0.6940 0.7011 -0.1638
vn 0.1317 0.9745 -0.1815
vn -0.8693 -0.1307 0.4767
vn -0.9214 -0.0816 0.3800
vn -0.8054 0.1746 0.5665
vn -0.6979 0.1540 0.6994
vn -0.9619 -0.1415 0.2339
vn -0.9656 0.0996 -0.2400
vn -0.9869 0.0939 -0.1308
vn -0.9621 0.2407 -0.1282
vn -0.9466 0.1021 -0.3059
vn -0.7450 -0.0469 -0.6654
vn -0.9245 0.0144 -0.3809
vn -0.9567 0.2119 0.1993
vn -0.4566 -0.4039 0.7927
vn -0.9645 0.2180 0.1490
vn -0.8375 0.5086 -0.1998
vn -0.8641 0.4962 0.0844
vn 0.4169 -0.0412 0.9080
vn 0.2366 -0.1358 0.9621
vn 0.3866 -0.2424 0.8898
vn 0.4373 -0.3494 0.8287
vn 0.6285 -0.6088 0.4840
vn 0.5107 -0.6882 0.5153
vn 0.3968 -0.4262 0.8130
vn 0.2357 -0.5450 0.8047
vn 0.6697 -0.6923 0.2689
vn 0.5154 -0.0320 0.8564
vn 0.0031 0.4343 0.9008
vn 0.0097 0.3439 0.9390
vn 0.2008 0.0414 0.9788
vn -0.6620 0.3207 0.6775
vn -0.6032 0.4699 0.6445
vn -0.7348 0.6782 -0.0142
vn -0.4949 -0.8545 0.1579
vn -0.5135 0.6104 -0.6030
vn -0.4778 0.7768 -0.4103
vn -0.1353 0.9548 -0.2647
vn -0.4964 0.4805 0.7230
vn 0.0711 -0.1338 0.9885
vn 0.5734 0.3598 0.7360
vn 0.0631 0.8625 0.5021
vn 0.3499 0.5846 0.7320
vn 0.3846 0.5585 0.7349
vn 0.5634 0.0966 0.8205
vn 0.7145 -0.2089 0.6677
vn 0.6178 -0.5130 0.5960
vn 0.3968 -0.9141 0.0829
vn 0.4308 -0.8957 0.1099
vn 0.2402 -0.9586 -0.1531
vn 0.4307 -0.5524 -0.7137
vn -0.3984 -0.2980 -0.8674
vn -0.3101 -0.5804 -0.7530
vn -0.4826 -0.6837 -0.5474
vn -0.3248 0.0240 -0.9455
vn 0.8916 -0.4202 -0.1685
vn 0.2492 -0.5825 -0.7737
vn 0.4525 -0.8188 -0.3532
vn -0.3060 -0.9280 -0.2127
vn -0.5396 -0.6728 -0.5062
vn -0.1106 -0.5320 -0.8395
vn 0.4008 -0.9160 0.0185
vn -0.0485 -0.9293 -0.3661
vn -0.0535 -0.9546 -0.2930
vn 0.1448 -0.9893 -0.0153
vn 0.3915 -0.8624 -0.3209
vn -0.4215 -0.8548 -0.3026
vn -0.1760 -0.9825 -0.0615
vn -0.4573 -0.3954 -0.7965
vn -0.8285 -0.5569 -0.0591
vn -0.8652 -0.4680 -0.1802
vn -0.7311 -0.1246 -0.6708
vn -0.2735 -0.5166 -0.8114
vn -0.6821 0.3308 -0.6521
vn -0.7672 -0.6392 -0.0524
vn -0.7256 -0.5401 -0.4264
vn -0.8077 0.4291 -0.4043
vn -0.1046 0.7709 0.6283
vn -0.4172 0.7276 -0.5446
vn 0.1517 0.9866 -0.0596
vn 0.0425 0.9986 -0.0307
vn -0.3584 0.6011 0.7143
vn 0.8602 -0.0940 0.5013
vn -0.0115 0.5882 0.8087
vn 0.2875 0.9576 0.0175
vn 0.8766 0.1275 0.4639
vn 0.5034 0.5901 0.6312
vn 0.3036 -0.2559 0.9178
vn 0.6381 0.6624 0.3925
vn 0.8395 0.1084 0.5324
vn 0.7096 0.0480 0.7030
vn 0.7593 -0.2284 0.6094
vn 0.8673 -0.2452 0.4332
vn 0.6216 -0.5599 0.5479
vn 0.0784 -0.9457 0.3155
vn 0.1623 -0.9706 0.1780
vn -0.1692 -0.9467 0.2740
vn -0.5457 -0.8361 -0.0560
vn -0.5337 -0.8267 -0.1783
vn -0.7746 -0.2716 -0.5711
vn -0.8570 0.0172 -0.5151
vn -0.7590 0.3190 -0.5675
vn -0.7217 0.2468 -0.6467
vn -0.2283 0.8375 -0.4965
vn -0.0242 0.8489 -0.5280
vn 0.2923 0.9326 -0.2115
vn 0.3165 0.6339 0.7056
vn 0.3957 0.1580 0.9047
vn 0.7131 0.6815 0.1646
vn 0.9910 -0.0965 -0.0925
vn 0.4287 0.1952 0.8821
vn 0.8960 0.4239 0.1326
vn 0.9565 -0.0331 0.2899
vn 0.6258 -0.5227 0.5789
vn 0.6504 -0.5483 0.5257
vn -0.7053 -0.5659 0.4270
vn -0.7050 -0.6753 0.2166
vn -0.7164 -0.6632 0.2167
vn -0.5973 -0.7150 0.3635
vn -0.9012 0.1905 0.3892
vn -0.9989 0.0178 0.0439
vn -0.7581 0.1829 -0.6260
vn -0.7818 0.2054 -0.5887
vn -0.7172 0.4838 -0.5015
vn 0.0094 0.7636 -0.6456
vn 0.4400 0.2952 0.8481
vn 0.4989 0.4442 0.7442
vn -0.1947 0.7053 -0.6816
vn -0.3169 0.6089 -0.7272
vn -0.3461 0.5397 -0.7674
vn 0.8342 0.5490 -0.0519
vn 0.5803 0.6079 0.5420
vn 0.2614 0.6814 -0.6837
vn 0.5387 0.6835 -0.4925
vn 0.9993 0.0369 0.0032
vn 0.9748 0.2230 0.0110
vn 0.9996 0.0267 -0.0126
vn 0.7348 -0.4550 0.5030
vn 0.4306 -0.3979 0.8101
vn -0.6730 -0.5023 0.5429
vn -0.9791 0.0463 0.1979
vn -0.8139 0.1931 0.5480
vn -0.8096 0.3555 0.4671
vn -0.3886 0.2719 -0.8804
vn -0.2072 0.7147 -0.6680
vn -0.1007 0.6802 -0.7261
vn 0.8628 0.0657 -0.5013
vn 0.8329 0.1066 -0.5430
vn 0.7227 -0.2295 0.6519
vn 0.1225 0.3834 0.9154
vn -0.9797 0.1841 -0.0794
vn -0.9657 0.1305 -0.2244
vn -0.9118 0.1909 -0.3635
vn 0.4299 -0.4331 0.7922
vn 0.9245 0.3630 -0.1162
vn 0.1024 -0.1965 0.9752
vn -0.7798 0.5810 -0.2331
vn -0.9271 0.1541 0.3416
vn -0.9904 0.0686 0.1199
vn -0.9959 0.0894 -0.0138
vn -0.8917 0.1322 -0.4329
vn -0.6568 -0.6187 -0.4310
vn -0.5414 -0.7740 0.3283
vn -0.6266 -0.6513 0.4279
vn 0.7342 -0.3941 0.5529
vn 0.9542 0.2761 0.1152
vn 0.4666 0.4313 0.7722
vn 0.6459 0.7212 -0.2503
vn 0.3131 0.6322 0.7087
vn 0.3005 0.4497 0.8411
vn 0.3746 0.5892 0.7159
vn -0.1708 0.7495 -0.6396
vn -0.5703 0.4707 -0.6732
vn -0.3219 0.5219 -0.7899
vn -0.7565 0.0060 -0.6540
vn -0.9133 -0.4046 -0.0458
vn -0.5751 0.4754 -0.6658
vn -0.7885 -0.4297 0.4400
vn -0.3264 0.9340 0.1456
vn 0.2597 0.5553 0.7900
vn -0.2363 0.7493 -0.6186
vn -0.7140 0.6193 0.3265
vn 0.1560 0.8090 0.5667
vn -0.9111 0.0839 -0.4035
vn -0.6123 -0.4155 0.6726
vn -0.9897 -0.1093 -0.0925
vn -0.2418 -0.9088 0.3400
vn 0.6092 -0.5510 0.5703
vn 0.8801 0.0162 0.4744
vn 0.7147 -0.5258 0.4612
vn 0.6806 -0.5364 0.4990
vn 0.9764 0.1188 0.1805
vn 0.2448 0.5226 0.8167
vn 0.4522 0.8919 -0.0104
vn 0.0406 0.4217 0.9058
vn -0.4214 0.7277 -0.5412
vn 0.0840 -0.3479 0.9337
vn -0.2913 0.9565 -0.0150
vn -0.3653 0.8537 -0.3712
vn -0.4257 0.6977 0.5761
vn -0.7370 -0.6612 -0.1404
vn -0.6037 0.6099 -0.5133
vn -0.5922 0.5903 -0.5485
vn -0.7071 0.3411 -0.6194
vn -0.9762 -0.2009 -0.0821
vn -0.7740 -0.0034 -0.6331
vn -0.9018 -0.4318 -0.0151
vn -0.3750 -0.9085 -0.1841
vn 0.3257 -0.9227 0.2063
vn 0.2083 -0.9743 -0.0858
vn -0.6115 -0.7841 -0.1058
vn -0.6752 -0.2849 -0.6804
vn -0.2113 -0.8349 -0.5082
vn -0.3705 -0.8555 -0.3617
vn 0.4073 -0.9032 0.1352
vn 0.7049 -0.4902 0.5127
vn 0.7012 0.1890 0.6875
vn 0.4303 0.7209 0.5433
vn 0.8760 -0.0399 0.4807
vn -0.4281 0.6204 0.6571
vn -0.6348 0.3194 -0.7036
vn -0.5764 0.2521 -0.7773
vn -0.5968 0.7530 -0.2772
vn -0.5480 0.7884 -0.2795
vn -0.4229 0.9023 -0.0838
vn -0.5288 0.8202 0.2183
vn -0.0374 0.7937 0.6071
vn 0.3175 0.4961 0.8081
vn -0.1410 0.4190 -0.8970
vn -0.8619 0.0436 -0.5052
vn -0.8412 0.1896 -0.5064
vn 0.0432 0.1628 -0.9857
vn 0.0302 0.1598 -0.9867
vn 0.5857 -0.3487 -0.7317
vn 0.9243 -0.0714 -0.3749
vn 0.6572 -0.3583 -0.6632
vn 0.7478 -0.5612 -0.3548
vn 0.8046 -0.4162 -0.4235
vn 0.4818 -0.5283 -0.6991
vn 0.5741 -0.4172 -0.7045
vn 0.3852 -0.1638 -0.9082
vn 0.8862 -0.1143 -0.4489
vn 0.8138 0.0005 -0.5812
vn 0.8491 0.0943 -0.5198
vn -0.8388 -0.4821 0.2531
vn -0.9999 -0.0148 -0.0066
vn 0.0957 -0.0420 -0.9945
vn -0.1643 0.0573 -0.9847
vn -0.1844 -0.3236 -0.9281
vn -0.3311 -0.2254 -0.9163
vn 0.8511 -0.2162 0.4784
vn -0.4941 0.4070 0.7682
vn -0.4560 -0.8883 -0.0535
vn -0.1756 -0.9829 -0.0559
vn -0.1483 -0.9213 0.3595
vn 0.2113 -0.9387 0.2723
vn -0.8784 0.0453 0.4757
vn -0.9561 -0.2175 -0.1964
vn -0.7351 0.1415 -0.6630
vn -0.8318 0.5540 -0.0328
vn -0.3577 0.9049 0.2309
vn -0.8410 0.5083 0.1856
vn 0.0050 0.8504 0.5261
vn -0.4344 -0.1490 0.8883
vn -0.4143 0.6736 0.6120
vn -0.5384 0.3217 0.7789
vn 0.3595 -0.0563 0.9314
vn 0.3558 -0.1549 0.9216
vn 0.6334 0.7346 0.2433
vn -0.3512 0.8411 0.4114
vn 0.2176 0.9746 -0.0525
vn 0.3823 0.9237 0.0251
vn 0.8743 0.4112 -0.2580
vn 0.8540 0.3800 -0.3554
vn 0.6403 -0.7519 0.1569
vn 0.9447 -0.0379 0.3258
vn 0.4182 0.1353 0.8982
vn 0.3931 0.6417 0.6585
vn 0.4378 0.7004 -0.5638
vn 0.8478 -0.3899 -0.3594
vn 0.9058 0.0602 -0.4193
vn 0.9391 0.3374 -0.0645
vn 0.5154 0.1979 -0.8338
vn 0.2704 0.6035 -0.7501
vn 0.2311 0.5886 -0.7747
vn 0.9684 0.0610 -0.2419
vn 0.7432 -0.3776 0.5524
vn 0.9463 -0.3222 -0.0253
vn 0.4886 -0.7631 0.4231
vn 0.5238 -0.6172 0.5871
vn 0.3098 -0.6806 0.6640
vn 0.7668 -0.3667 0.5268
vn 0.6510 -0.7355 0.1877
vn 0.6950 -0.7114 0.1038
vn 0.6792 -0.7077 0.1943
vn 0.2023 -0.8261 0.5259
vn -0.2086 -0.4565 0.8649
vn -0.9136 -0.3127 0.2599
vn -0.8904 -0.3775 0.2543
vn -0.0874 0.5736 -0.8145
vn -0.7509 0.6068 0.2607
vn -0.5802 0.8061 0.1168
vn -0.8421 -0.4423 0.3086
vn -0.2676 0.1360 0.9539
vn 0.3375 0.1664 0.9265
vn 0.2871 -0.2876 0.9137
vn -0.2279 -0.8563 0.4636
vn 0.4195 -0.2400 0.8755
vn 0.0309 -0.9928 0.1161
vn -0.3678 -0.8903 0.2685
vn -0.1894 -0.6076 0.7713
vn 0.2342 -0.5576 0.7964
vn 0.2287 -0.1013 0.9682
vn -0.2469 0.1333 0.9598
vn -0.2974 -0.4586 0.8374
vn -0.2924 -0.4683 0.8338
vn -0.7283 -0.1651 0.6651
vn -0.6788 0.5592 0.4759
vn -0.6705 0.4122 0.6169
vn -0.3895 0.3363 0.8575
vn -0.3909 0.5731 0.7202
vn -0.7019 0.6352 0.3223
vn -0.9484 -0.3120 0.0560
vn -0.9425 -0.1213 -0.3115
vn -0.9716 -0.1115 -0.2087
vn 0.4681 -0.7460 0.4736
vn -0.5794 -0.4535 -0.6772
vn -0.6237 0.2485 0.7411
vn -0.8817 -0.4319 0.1901
vn -0.9899 0.1393 -0.0264
vn -0.9901 0.1373 -0.0307
vn -0.9873 0.1576 -0.0202
vn -0.9078 0.2002 0.3685
vn -0.8051 0.5334 0.2594
vn -0.7438 0.6682 0.0166
vn -0.2520 0.9658 -0.0612
vn -0.0935 0.9842 -0.1504
vn -0.0414 0.8450 -0.5331
vn -0.7235 0.5072 -0.4682
vn -0.6573 0.4430 -0.6097
vn -0.1678 0.3657 -0.9155
vn -0.2167 0.5658 -0.7956
vn 0.2372 0.8781 -0.4155
vn 0.4099 0.6857 -0.6015
vn 0.8915 0.3044 -0.3355
vn 0.7048 0.2652 -0.6580
vn 0.7869 0.0382 -0.6159
vn 0.9847 -0.0767 -0.1564
vn 0.7601 0.0185 -0.6496
vn -0.4252 0.8849 -0.1903
vn -0.4754 0.8797 -0.0144
vn -0.6547 0.6861 -0.3171
vn -0.6233 0.7122 -0.3228
vn 0.7218 0.3158 -0.6159
vn 0.4628 0.1166 -0.8788
vn 0.9102 -0.2906 -0.2951
vn 0.6189 -0.1018 -0.7788
vn 0.7741 -0.5826 -0.2477
vn 0.7985 -0.4987 -0.3372
vn 0.7016 -0.6932 0.1651
vn 0.7859 -0.5784 0.2187
vn 0.9332 -0.3293 0.1439
vn 0.9616 -0.1681 0.2170
vn 0.9912 -0.1227 -0.0497
vn 0.6408 -0.6364 -0.4294
vn 0.7514 -0.6497 -0.1148
vn 0.7307 -0.6825 0.0172
vn 0.5808 -0.8139 -0.0153
vn 0.7454 -0.6624 0.0751
vn 0.5294 -0.8399 -0.1200
vn 0.6752 -0.5839 0.4508
vn 0.8724 0.2260 0.4335
vn 0.8794 0.2044 0.4300
vn 0.7296 0.1621 0.6644
vn 0.2279 -0.2522 0.9405
vn 0.1051 -0.4977 0.8610
vn 0.7530 0.5359 0.3818
vn 0.6581 0.5553 0.5085
vn -0.0556 0.7948 0.6044
vn -0.2057 0.1429 0.9681
vn 0.7047 -0.6118 0.3594
vn 0.6523 -0.3440 0.6754
vn 0.5547 -0.2446 0.7953
vn -0.3808 0.2035 0.9020
vn -0.5004 0.3300 0.8004
vn -0.6436 0.2404 0.7266
vn -0.4464 0.4501 0.7734
vn -0.6769 0.5236 0.5173
vn -0.5511 0.7095 0.4391
vn -0.8226 -0.5207 -0.2285
vn -0.7113 0.6729 0.2030
vn -0.6921 0.6507 0.3123
vn 0.4070 0.8829 -0.2342
vn -0.5967 0.7812 -0.1834
vn 0.6773 0.4706 0.5655
vn -0.3599 0.0554 0.9313
vn -0.7885 0.5921 0.1665
vn -0.8039 0.5897 0.0774
vn -0.4911 0.8711 -0.0029
vn -0.4387 0.8685 0.2306
vn -0.7322 0.2086 0.6484
vn -0.0266 0.9189 0.3935
vn 0.0894 0.8704 0.4842
vn -0.5197 -0.0555 0.8526
vn -0.4285 -0.1344 0.8935
vn -0.6310 -0.2315 0.7405
vn -0.4404 0.3432 0.8296
vn 0.2272 -0.9379 0.2621
vn -0.5803 0.7213 0.3782
vn -0.6264 0.7759 -0.0749
vn -0.5768 0.0486 0.8154
vn -0.2095 0.8979 0.3872
vn -0.5637 -0.4822 0.6706
vn -0.5719 -0.4856 0.6611
vn -0.5311 -0.1089 0.8403
vn -0.7165 -0.1476 0.6818
vn -0.9375 -0.0166 0.3476
vn -0.8893 0.0144 0.4570
vn -0.8259 -0.5208 0.2161
vn -0.8412 -0.5361 -0.0707
vn -0.7538 -0.6570 -0.0114
vn -0.8110 -0.5223 0.2636
vn -0.9134 -0.2253 0.3391
vn -0.6785 0.1870 0.7104
vn -0.9267 0.2258 0.3002
vn -0.7167 -0.6212 0.3169
vn -0.8744 -0.4705 -0.1186
vn -0.9702 -0.2166 -0.1084
vn 0.3016 -0.7623 0.5726
vn -0.1334 -0.9742 -0.1818
vn -0.0237 -0.8309 -0.5560
vn -0.7867 0.0186 0.6171
vn -0.9853 -0.1682 -0.0298
vn -0.8534 0.1192 0.5074
vn -0.7874 -0.5765 0.2185
vn -0.9119 -0.4097 -0.0242
vn -0.9585 -0.2816 0.0437
vn -0.6655 -0.3160 0.6762
vn -0.8614 -0.4414 0.2513
vn -0.4020 0.0791 0.9122
vn -0.9597 -0.2424 0.1424
vn -0.8759 -0.4515 0.1702
vn -0.9064 -0.4065 0.1152
vn -0.9928 -0.1038 0.0602
vn 0.2000 -0.7959 -0.5715
vn 0.2052 -0.5436 -0.8139
vn 0.0570 -0.8151 -0.5766
vn 0.0580 -0.8689 -0.4915
vn -0.3282 -0.8643 0.3812
vn 0.5320 -0.8009 0.2749
vn 0.5556 -0.8254 -0.1005
vn -0.6709 -0.7002 -0.2442
vn 0.5346 -0.3021 -0.7893
vn 0.9390 -0.1169 -0.3235
vn 0.9813 -0.0927 -0.1686
vn 0.3944 -0.5765 -0.7156
vn 0.1746 -0.3271 -0.9287
vn 0.1384 -0.4088 -0.9021
vn -0.9087 0.3708 -0.1918
vn -0.8546 0.4578 -0.2449
vn -0.7975 0.3254 0.5080
vn -0.9750 0.1808 -0.1289
vn -0.5290 -0.5414 0.6535
vn -0.5263 -0.4086 0.7457
vn -0.5162 -0.4891 0.7031
vn -0.4922 -0.5288 0.6915
vn -0.4634 -0.8860 0.0172
vn -0.6960 -0.7090 -0.1141
vn -0.6432 -0.6720 0.3670
vn -0.8377 -0.5461 0.0023
vn -0.9399 -0.3402 -0.0286
vn 0.1392 0.6616 -0.7368
vn -0.3700 0.7106 -0.5985
vn -0.4586 0.8847 0.0838
vn -0.2518 0.9576 0.1399
vn -0.4322 0.8992 0.0681
vn -0.5553 0.6937 0.4586
vn -0.4685 0.3846 0.7953
vn -0.3984 0.3616 0.8429
vn -0.4419 0.2878 0.8497
vn -0.4421 0.2727 0.8545
vn -0.1205 0.5084 0.8526
vn 0.2730 0.1175 0.9548
vn -0.5840 0.1159 0.8034
vn -0.3931 0.7319 0.5566
vn -0.7822 -0.6182 -0.0783
vn -0.5699 0.0239 0.8213
vn -0.3552 0.4528 0.8178
vn -0.6159 0.1551 0.7724
vn -0.0263 -0.2882 0.9572
vn -0.8644 0.1962 0.4630
vn 0.7640 -0.6447 -0.0237
vn -0.4818 -0.0650 0.8739
vn -0.8573 -0.2385 -0.4563
vn -0.2950 -0.6579 0.6930
vn -0.8852 0.2775 0.3734
vn 0.4913 0.4931 0.7180
vn -0.1619 -0.4041 0.9002
vn -0.1234 -0.5254 0.8418
vn -0.0893 -0.5210 0.8489
vn 0.3931 0.3481 0.8511
vn 0.4425 0.3630 0.8200
vn 0.3267 0.6159 0.7169
vn 0.3263 0.6292 0.7054
vn 0.2758 -0.7628 0.5849
vn -0.0655 -0.4817 0.8739
vn -0.6237 -0.6305 0.4621
vn 0.2223 -0.1291 0.9664
vn 0.5387 0.0524 0.8409
vn 0.5644 0.1301 0.8152
vn -0.1735 -0.4873 0.8558
vn -0.3664 0.4391 0.8203
vn -0.5972 -0.0022 0.8021
vn -0.3629 0.0108 0.9318
vn -0.3877 -0.0246 0.9215
vn -0.4683 0.8833 -0.0241
vn -0.0534 0.3272 0.9434
vn -0.0137 0.4611 0.8873
vn 0.8165 0.3895 0.4263
vn 0.2337 0.4959 0.8363
vn -0.3771 -0.1575 0.9127
vn -0.6255 0.1163 0.7715
vn -0.8870 -0.0151 0.4615
vn -0.8081 -0.0481 0.5871
vn -0.3224 0.7033 0.6335
vn -0.1529 0.7038 0.6938
vn -0.5233 0.8356 -0.1673
vn -0.7261 0.5050 -0.4667
vn -0.5960 0.7493 0.2887
vn 0.4996 0.5509 0.6685
vn 0.3890 0.3047 0.8694
vn 0.3844 0.3074 0.8705
vn 0.0879 -0.0622 0.9942
vn -0.2140 -0.0455 0.9758
vn -0.6719 -0.2462 0.6986
vn -0.9199 0.1830 0.3470
vn 0.0702 0.0957 0.9929
vn 0.3071 0.2098 0.9282
vn 0.9425 -0.3094 -0.1265
vn 0.9431 -0.1819 -0.2785
vn -0.0883 -0.3264 -0.9411
vn -0.2417 0.6664 0.7053
vn 0.1983 0.9726 0.1211
vn -0.1106 0.9079 0.4043
vn -0.2606 0.9447 0.1991
vn -0.0864 0.9544 0.2857
vn 0.7468 0.5807 -0.3243
vn -0.5609 -0.4585 -0.6893
vn -0.3914 0.9139 -0.1079
vn -0.2771 0.9526 -0.1254
vn 0.3165 0.9376 -0.1440
vn 0.0986 0.8890 -0.4472
vn 0.2267 0.9532 -0.1999
vn 0.3211 0.9159 -0.2410
vn 0.5572 0.8303 0.0090
vn 0.8370 0.3871 -0.3868
vn 0.7991 0.4179 -0.4323
vn -0.6023 -0.7465 -0.2829
vn 0.3201 0.4992 -0.8052
vn 0.3577 0.7243 -0.5894
vn 0.5588 0.6045 -0.5678
vn 0.6363 0.0338 -0.7707
vn 0.8916 0.3857 0.2373
vn 0.0462 0.6589 0.7508
vn 0.0679 0.5615 0.8247
vn 0.8034 0.3293 0.4961
vn 0.8831 -0.1135 0.4553
vn 0.9062 -0.1380 0.3996
vn 0.7658 0.4328 0.4756
vn 0.6572 0.5185 0.5470
vn 0.7408 0.6665 0.0840
vn 0.8005 0.2196 0.5577
vn 0.8009 -0.0268 0.5982
vn 0.7825 0.0791 0.6176
vn 0.8206 0.5433 0.1775
vn 0.8312 0.5231 0.1884
vn 0.2909 0.5912 -0.7523
vn 0.2786 0.5982 -0.7514
vn 0.1441 0.9740 0.1746
vn 0.0052 0.9782 0.2078
vn 0.3364 0.6653 -0.6665
vn 0.0248 0.7314 0.6815
vn -0.7579 0.4805 0.4413
vn -0.0137 0.7164 0.6976
vn -0.3959 -0.6554 0.6433
vn -0.3089 0.9511 -0.0071
vn -0.1424 0.8273 0.5434
vn -0.5900 0.7281 0.3489
vn -0.5330 0.4131 0.7384
vn -0.3322 0.6545 0.6792
vn -0.1447 0.9223 0.3583
vn -0.3826 0.8867 -0.2596
vn -0.2754 0.8806 0.3856
vn -0.2972 0.3832 0.8746
vn -0.7138 0.4376 0.5468
vn -0.8986 0.3068 0.3136
vn -0.8563 0.4116 -0.3119
vn -0.4531 -0.1910 -0.8707
vn -0.7032 -0.1570 -0.6934
vn -0.9373 0.2933 -0.1884
vn -0.9116 0.3943 -0.1161
vn -0.9244 0.3812 0.0107
vn 0.8172 -0.5614 -0.1305
vn -0.8968 0.4420 -0.0195
vn -0.8820 0.4591 0.1066
vn -0.8817 0.4595 0.1072
vn -0.8855 0.4618 0.0516
vn -0.8883 0.4558 0.0573
vn -0.0686 -0.2087 0.9756
vn -0.0884 0.1012 0.9909
vn -0.1779 0.1185 0.9769
vn -0.5998 0.3104 0.7374
vn -0.9438 0.3215 0.0763
vn -0.6214 0.3256 0.7126
vn -0.3688 -0.4370 0.8204
vn -0.3452 -0.9064 0.2435
vn -0.3435 -0.9048 0.2517
vn -0.9422 0.3278 -0.0694
vn -0.8672 0.2734 -0.4162
vn -0.2137 -0.4699 -0.8564
vn -0.2586 -0.3872 -0.8850
vn 0.5769 -0.3221 -0.7506
vn 0.8341 -0.3566 -0.4208
vn 0.8870 -0.4389 0.1432
vn 0.9272 -0.3747 0.0028
vn 0.7358 -0.2915 0.6113
vn 0.8780 -0.2585 0.4029
vn 0.9487 -0.2968 0.1093
vn 0.7167 -0.4915 0.4948
vn 0.4954 -0.3489 0.7955
vn -0.1489 -0.4546 0.8782
vn 0.9133 -0.4072 -0.0011
vn -0.4185 -0.8434 -0.3368
vn -0.2055 -0.8821 -0.4239
vn 0.2828 -0.8664 -0.4116
vn 0.4948 -0.6886 -0.5301
vn 0.4786 -0.5874 -0.6526
vn 0.8892 -0.2224 -0.3999
vn 0.8701 -0.1280 -0.4760
vn 0.8254 -0.0244 0.5641
vn 0.8934 -0.4490 0.0107
vn 0.9223 -0.3836 0.0475
vn 0.9710 -0.1770 -0.1606
vn 0.9909 0.1260 0.0481
vn 0.0709 -0.3472 0.9351
vn 0.0739 -0.3572 0.9311
vn 0.2803 0.2179 0.9349
vn 0.7235 -0.6774 0.1331
vn 0.2413 -0.3127 -0.9187
vn 0.0395 -0.8549 -0.5172
vn -0.3300 -0.3535 -0.8753
vn 0.0429 -0.2311 0.9720
vn 0.0166 -0.2323 0.9725
vn 0.1265 0.8451 0.5195
vn 0.5703 0.7853 0.2411
vn 0.7161 0.5158 0.4702
vn 0.1278 -0.6037 -0.7869
vn 0.0656 -0.4818 -0.8739
vn 0.4875 0.2224 0.8443
vn 0.8325 0.0799 0.5483
vn 0.4442 -0.4093 0.7970
vn 0.6265 -0.5416 0.5606
vn 0.8660 -0.3126 -0.3903
vn 0.7514 -0.3386 -0.5663
vn 0.6392 -0.2554 0.7254
vn 0.6361 -0.1810 0.7501
vn -0.3386 0.3131 0.8873
vn -0.4010 0.0795 0.9126
vn -0.5051 0.3163 0.8030
vn 0.6345 -0.3919 0.6662
vn -0.9440 0.1935 0.2672
vn -0.9917 0.0623 0.1128
vn -0.9145 0.3624 0.1797
vn -0.8504 -0.0078 -0.5261
vn -0.7401 0.6630 -0.1127
vn -0.2824 0.4374 0.8538
vn -0.2826 0.4967 0.8206
vn 0.1293 0.2407 0.9620
vn -0.5073 -0.6837 0.5245
vn 0.5440 -0.7516 0.3730
vn 0.8026 -0.3185 0.5044
vn 0.7976 -0.2308 0.5573
vn 0.9084 -0.2307 0.3487
vn 0.8792 -0.4759 0.0217
vn 0.7838 -0.2665 -0.5608
vn 0.4776 -0.7689 -0.4251
vn 0.3454 -0.7022 -0.6226
vn 0.8552 0.0164 -0.5180
vn 0.1768 -0.6980 -0.6940
vn 0.1427 -0.3343 -0.9316
vn 0.0230 -0.2578 -0.9659
vn 0.6228 -0.2489 -0.7417
vn 0.3629 -0.3148 -0.8771
vn 0.8614 -0.4764 -0.1763
vn 0.8419 -0.5019 -0.1982
vn 0.8932 -0.4494 0.0146
vn -0.9673 0.2335 0.0989
vn 0.8624 -0.4717 0.1838
vn 0.8964 -0.2370 0.3744
vn 0.9223 -0.3842 -0.0406
vn 0.8874 -0.4578 -0.0544
vn 0.8953 -0.4391 -0.0756
vn 0.0306 -0.6274 -0.7781
vn -0.5515 -0.8247 -0.1252
vn 0.3592 -0.8550 0.3740
vn 0.3123 -0.8657 0.3912
vn 0.5810 -0.3787 -0.7204
vn 0.8322 -0.5543 0.0124
vn 0.4614 0.3990 -0.7924
vn 0.6024 -0.6298 -0.4904
vn -0.6406 -0.7524 -0.1536
vn 0.3636 -0.9256 0.1055
vn 0.3581 -0.8329 0.4220
vn 0.7345 -0.6700 0.1078
vn 0.5579 -0.6983 -0.4486
vn 0.5485 -0.7040 -0.4511
vn 0.1536 -0.0353 -0.9875
vn 0.8905 -0.1918 -0.4125
vn 0.8829 -0.1718 -0.4371
vn 0.8515 -0.3617 -0.3797
vn 0.3216 -0.6062 -0.7274
vn 0.3351 -0.4888 -0.8055
vn -0.6178 0.7299 -0.2927
vn -0.2501 0.9563 -0.1518
vn -0.6695 0.2744 0.6903
vn -0.6787 0.2146 0.7023
vn -0.5227 0.8184 0.2388
vn -0.2727 0.8534 -0.4442
vn -0.5167 0.8198 -0.2469
vn 0.4961 0.8391 -0.2233
vn 0.3445 0.8344 0.4301
vn -0.3092 0.6705 -0.6744
vn -0.2078 0.9691 -0.1327
vn 0.4355 0.5287 0.7285
vn 0.6042 0.6349 -0.4815
vn 0.2443 0.9138 -0.3244
vn 0.7818 0.3581 0.5104
vn 0.9015 0.2610 0.3452
vn 0.9242 0.1666 0.3435
vn -0.4019 0.6817 0.6113
vn 0.3940 -0.0475 0.9179
vn 0.6662 -0.1678 0.7266
vn 0.9769 0.1650 -0.1361
vn 0.0365 0.6890 0.7239
vn -0.0280 0.8959 0.4434
vn 0.8316 0.2655 -0.4877
vn 0.6027 0.1131 -0.7899
vn 0.6202 0.4310 -0.6554
vn 0.2823 0.4843 -0.8281
vn 0.1244 0.8445 -0.5209
vn -0.3841 0.8453 -0.3714
vn -0.2740 0.4270 -0.8618
vn -0.1124 0.4729 -0.8739
vn -0.4196 0.5465 -0.7248
vn -0.7644 -0.6443 0.0226
vn -0.8888 -0.3581 0.2860
vn -0.7662 0.6425 -0.0124
vn -0.6015 -0.2737 -0.7506
vn -0.9673 -0.0444 0.2498
vn -0.5387 0.5544 -0.6343
vn 0.6289 -0.1206 -0.7681
vn -0.2585 0.9457 0.1968
vn -0.7172 0.0207 0.6965
vn -0.1595 0.8289 0.5361
vn 0.4011 0.6738 -0.6206
vn -0.5382 0.4083 -0.7373
vn -0.3436 0.6153 0.7095
vn -0.6957 -0.2898 -0.6573
vn -0.7986 -0.5838 -0.1462
vn -0.5955 0.4238 0.6824
vn -0.5176 -0.8476 -0.1168
vn -0.9429 -0.0764 -0.3241
vn -0.0699 -0.0609 -0.9957
vn -0.1573 0.7964 -0.5840
vn -0.1078 0.7586 -0.6426
vn -0.6336 0.7734 0.0207
vn 0.0475 0.9856 0.1620
vn -0.4551 -0.3282 -0.8278
vn -0.9859 -0.1475 -0.0792
vn 0.1219 0.0042 -0.9925
vn -0.5882 -0.4850 -0.6471
vn -0.9963 -0.0422 0.0748
vn -0.9763 -0.0468 0.2115
vn -0.8425 -0.1144 0.5265
vn -0.8304 -0.3525 -0.4314
vn -0.8330 -0.1288 -0.5381
vn 0.2482 -0.4207 -0.8726
vn 0.5202 0.2470 -0.8175
vn 0.2252 0.4893 -0.8425
vn 0.9596 -0.2033 0.1947
vn 0.2759 0.6779 -0.6814
vn 0.9213 -0.3748 -0.1034
vn 0.9092 -0.4011 -0.1117
vn 0.1268 -0.7589 -0.6387
vn 0.0156 -0.8348 -0.5504
vn -0.1334 -0.5942 -0.7932
vn -0.1870 0.2260 -0.9560
vn -0.8335 -0.0956 -0.5442
vn -0.6042 -0.4313 -0.6701
vn -0.4786 -0.7002 -0.5298
vn -0.6768 -0.6338 -0.3745
vn -0.5097 -0.3228 -0.7975
vn -0.4080 -0.6149 -0.6748
vn -0.5551 -0.7970 -0.2378
vn -0.0973 -0.9830 0.1558
vn 0.2542 -0.9648 0.0673
vn 0.6718 -0.5261 0.5214
vn 0.9821 -0.1694 0.0824
vn 0.9197 -0.3568 0.1637
vn 0.6776 -0.7272 -0.1096
vn 0.2435 -0.8503 -0.4666
vn -0.0379 -0.7400 -0.6716
vn 0.3219 -0.9451 0.0555
vn 0.8047 -0.5723 0.1582
vn 0.7976 -0.5885 0.1320
vn 0.3094 -0.8752 -0.3719
vn -0.0231 -0.9683 -0.2489
vn 0.2488 -0.9676 0.0426
vn 0.2034 -0.8848 -0.4191
vn -0.4154 -0.7352 0.5357
vn 0.9692 -0.1429 0.2007
vn 0.8670 -0.3011 0.3970
vn 0.2894 -0.6629 0.6905
vn 0.3015 -0.8995 0.3162
vn 0.1085 -0.9512 -0.2888
vn 0.0483 -0.8157 -0.5765
vn 0.0489 -0.8609 -0.5064
vn 0.4357 -0.6104 -0.6615
vn 0.4282 -0.7187 -0.5478
vn 0.6779 -0.6401 -0.3615
vn 0.0488 -0.9890 -0.1395
vn 0.1875 -0.5472 0.8158
vn 0.6270 -0.6824 0.3759
vn 0.5363 -0.7656 0.3554
vn 0.5801 -0.8019 -0.1433
vn 0.4719 -0.8720 -0.1297
vn 0.8717 -0.4092 0.2697
vn 0.6644 -0.6845 -0.3000
vn 0.4910 -0.8353 -0.2475
vn 0.9179 -0.3441 0.1977
vn 0.7922 -0.2791 0.5426
vn 0.8567 -0.3952 0.3315
vn 0.6014 -0.7977 -0.0459
vn 0.7443 -0.6371 -0.2002
vn 0.8999 -0.4353 -0.0250
vn 0.8354 0.0573 0.5466
vn 0.8708 -0.1284 0.4746
vn 0.1752 0.7038 0.6884
vn 0.5464 -0.5265 0.6513
vn 0.5813 -0.8136 -0.0124
vn 0.8025 -0.5924 0.0719
vn 0.8159 -0.5751 0.0595
vn 0.4638 0.1829 0.8669
vn 0.3901 -0.1865 0.9017
vn 0.4797 -0.7438 0.4655
vn 0.2852 -0.3651 0.8862
vn -0.6523 0.6800 0.3347
vn -0.7251 0.6553 0.2117
vn -0.8332 -0.0317 0.5520
vn -0.2158 0.5599 0.8000
vn 0.0346 0.5405 0.8407
vn 0.8094 0.5826 -0.0742
vn 0.7759 0.5820 0.2434
vn 0.9051 0.3964 0.1537
vn 0.7683 -0.0182 0.6398
vn 0.1804 0.7755 0.6051
vn 0.4051 0.8135 0.4172
vn 0.4367 0.8555 0.2783
vn 0.2017 0.7952 0.5718
vn -0.0162 0.0083 0.9998
vn 0.5480 0.7808 -0.3000
vn 0.6200 0.7077 -0.3388
vn 0.5990 0.3464 -0.7220
vn 0.5327 0.4095 -0.7406
vn 0.6427 0.2075 -0.7375
vn 0.5288 0.3724 -0.7627
vn 0.5247 0.3706 -0.7664
vn 0.5565 -0.2634 -0.7880
vn 0.5124 -0.3238 -0.7953
vn 0.6498 -0.6067 -0.4579
vn -0.3377 -0.7892 -0.5129
vn -0.0944 -0.4814 -0.8714
vn -0.2912 -0.5794 -0.7613
vn -0.3616 -0.3349 -0.8701
vn 0.1323 -0.2198 -0.9665
vn 0.4867 -0.1963 -0.8513
vn 0.8524 0.2168 -0.4758
vn 0.8410 0.0369 -0.5398
vn 0.8556 0.0483 -0.5154
vn 0.8425 -0.1146 -0.5263
vn 0.8698 -0.2728 -0.4112
vn 0.9543 0.1530 -0.2569
vn 0.9676 0.0948 -0.2338
vn 0.6663 -0.2869 -0.6883
vn 0.2203 0.2482 -0.9433
vn 0.4854 0.1632 -0.8589
vn 0.0376 0.0413 -0.9984
vn -0.5354 0.1468 -0.8318
vn -0.8019 -0.2359 -0.5490
vn -0.9354 0.0752 -0.3456
vn -0.0770 0.1916 -0.9784
vn -0.1708 -0.5077 -0.8444
vn -0.8283 -0.5306 -0.1798
vn -0.0466 -0.5588 0.8280
vn 0.5356 -0.4353 0.7236
vn -0.2270 -0.3325 -0.9154
vn -0.6807 -0.4969 -0.5383
vn -0.9649 -0.2200 -0.1437
vn -0.8132 -0.5787 -0.0608
vn -0.8741 -0.4821 0.0588
vn -0.7989 -0.4314 0.4191
vn -0.7013 -0.6812 0.2102
vn -0.6354 -0.6388 0.4339
vn -0.8438 -0.0431 0.5349
vn -0.9546 0.0809 0.2866
vn -0.9273 0.3705 -0.0536
vn -0.9992 0.0371 0.0143
vn -0.8133 0.2993 -0.4989
vn -0.8020 0.2881 -0.5232
vn 0.0139 0.2120 -0.9772
vn -0.0573 0.2840 -0.9571
vn 0.0040 0.7758 -0.6310
vn 0.6540 0.1224 -0.7465
vn -0.0215 0.7591 -0.6506
vn 0.2606 0.1787 -0.9488
vn 0.3044 0.2996 -0.9042
vn -0.2117 0.8708 -0.4437
vn 0.1875 0.9514 -0.2443
vn -0.3574 0.8517 -0.3832
vn -0.5118 0.7227 -0.4646
vn -0.9605 0.1213 -0.2507
vn -0.9334 0.3231 0.1558
vn -0.7127 0.6677 0.2150
vn -0.4900 0.6450 0.5864
vn -0.5486 0.3084 0.7771
vn -0.8265 -0.4910 0.2755
vn -0.4300 -0.9015 0.0481
vn -0.5596 -0.8010 0.2126
vn -0.4987 -0.4428 0.7451
vn -0.7669 -0.3763 0.5198
vn -0.7933 -0.4478 0.4125
vn 0.9879 -0.0205 0.1536
vn 0.9965 -0.0610 -0.0570
vn 0.9624 -0.2645 0.0623
vn 0.9578 -0.2871 0.0167
vn -0.1783 -0.0781 -0.9809
vn 0.0948 0.0106 -0.9954
vn -0.0884 0.0285 -0.9957
vn -0.2104 0.1131 -0.9711
vn -0.2214 0.1155 -0.9683
vn -0.3837 0.2988 -0.8738
vn -0.4017 0.3679 -0.8386
vn -0.4750 0.1680 -0.8638
vn 0.0317 -0.0997 -0.9945
vn 0.1626 0.1415 -0.9765
vn 0.0269 0.1007 -0.9946
vn -0.2874 0.1054 -0.9520
vn -0.3028 0.0981 -0.9480
vn -0.3238 0.1016 -0.9407
vn -0.9140 -0.2243 0.3380
vn -0.3014 0.0794 -0.9502
vn -0.3168 0.0679 -0.9461
vn -0.6441 0.2552 0.7211
vn 0.1101 -0.0779 -0.9909
vn 0.2077 -0.0640 -0.9761
vn -0.7653 0.1232 -0.6318
vn -0.9697 0.2168 -0.1128
vn 0.8650 -0.4950 0.0822
vn 0.6460 -0.3333 0.6867
vn 0.6315 -0.2668 0.7281
vn 0.9280 -0.0538 -0.3686
vn 0.9963 0.0627 0.0587
vn 0.9616 -0.0024 0.2743
vn 0.4289 0.0697 0.9007
vn 0.3323 -0.1257 0.9348
vn 0.2103 0.2336 0.9493
vn 0.1318 0.2365 0.9627
vn 0.3815 0.3944 0.8360
vn 0.4966 0.2703 0.8248
vn 0.9086 -0.3695 0.1949
vn 0.8443 0.0134 0.5357
vn 0.1733 0.8806 -0.4410
vn 0.4680 0.3853 0.7953
vn -0.0689 0.6536 0.7537
vn -0.3311 0.8227 -0.4621
vn -0.6625 0.0974 0.7427
vn -0.6699 0.0892 0.7371
vn -0.4307 0.7000 0.5697
vn -0.1077 0.7977 0.5934
vn -0.5337 0.8454 0.0228
vn 0.2649 0.9616 0.0724
vn -0.3850 0.3643 -0.8480
vn 0.0351 0.9878 0.1519
vn -0.9374 0.1821 0.2969
vn -0.7149 0.4264 0.5542
vn -0.6110 0.5325 -0.5858
vn -0.1246 0.6459 0.7532
vn -0.1283 0.4162 0.9002
vn -0.1863 0.6335 0.7510
vn -0.2839 0.6434 0.7109
vn 0.0978 0.4830 0.8701
vn -0.2890 0.0485 0.9561
vn 0.8106 -0.1163 0.5739
vn 0.9318 -0.2244 0.2852
vn -0.4381 -0.3212 0.8396
vn -0.8449 -0.3397 0.4133
vn -0.6725 0.1108 0.7318
vn -0.2622 -0.8931 0.3656
vn 0.1292 -0.8587 0.4959
vn 0.1760 -0.4737 0.8629
vn -0.7498 -0.0239 0.6612
vn -0.8310 -0.5563 0.0046
vn -0.6525 -0.7458 0.1343
vn -0.2244 -0.4976 0.8378
vn -0.0564 -0.0286 0.9980
vn -0.5057 -0.5999 0.6200
vn -0.7152 -0.3864 0.5824
vn -0.8582 -0.4469 0.2524
vn -0.7667 -0.2671 0.5837
vn -0.2957 0.0615 0.9533
vn -0.5478 -0.2949 0.7829
vn -0.6989 -0.3984 0.5940
vn -0.0086 -0.5710 0.8209
vn 0.1736 -0.4468 0.8777
vn -0.5060 -0.8429 -0.1831
vn -0.5365 -0.8401 0.0807
vn -0.9139 -0.0589 0.4016
vn -0.6162 -0.2653 0.7416
vn -0.9571 -0.2624 -0.1233
vn -0.9595 -0.2007 -0.1975
vn -0.9250 -0.3721 -0.0777
vn -0.7198 -0.6933 -0.0346
vn -0.3905 -0.6931 0.6059
vn -0.3469 -0.6134 0.7096
vn -0.6627 -0.6457 0.3793
vn -0.3599 -0.4051 0.8405
vn 0.0681 -0.4113 0.9089
vn 0.3834 0.3894 0.8375
vn -0.4624 0.5409 0.7025
vn 0.1952 -0.8892 0.4138
vn 0.3223 -0.9240 0.2057
vn -0.0903 -0.4296 0.8985
vn -0.0895 -0.4521 0.8875
vn -0.9186 0.3694 0.1406
vn -0.9280 0.3297 0.1735
vn -0.8877 -0.4568 -0.0572
vn -0.3720 -0.8706 0.3219
vn -0.0305 -0.5381 0.8423
vn 0.2623 -0.6107 0.7471
vn 0.3318 -0.5735 0.7490
vn 0.3822 -0.6423 0.6644
vn 0.8930 -0.3497 -0.2831
vn 0.8183 -0.5734 -0.0394
vn 0.6288 -0.7345 -0.2552
vn 0.5354 -0.7938 -0.2885
vn 0.5011 0.2088 0.8398
vn 0.8942 -0.0984 0.4366
vn 0.9647 -0.0428 0.2599
vn -0.3307 -0.8288 -0.4513
vn 0.6759 -0.4720 0.5660
vn 0.7418 -0.5225 0.4204
vn 0.8189 -0.3790 0.4309
vn 0.6278 -0.1974 0.7529
vn 0.5363 -0.7935 -0.2878
vn 0.8155 -0.2796 0.5068
vn 0.6807 0.5165 0.5195
vn 0.9648 -0.2416 0.1034
vn 0.8759 -0.4398 -0.1987
vn 0.5400 0.0468 0.8404
vn 0.6913 -0.7184 -0.0774
vn 0.6296 -0.7682 -0.1158
vn 0.8097 -0.4168 0.4131
vn 0.0394 -0.9664 -0.2539
vn 0.0975 -0.8943 0.4367
vn -0.6684 -0.7390 0.0844
vn -0.4445 -0.4348 0.7832
vn -0.8334 -0.5336 -0.1438
vn -0.8088 0.2945 0.5090
vn -0.8149 0.1478 0.5605
vn -0.9965 -0.0153 -0.0819
vn -0.4061 0.4783 0.7787
vn -0.3208 -0.6203 0.7157
vn 0.1745 -0.3776 0.9094
vn -0.3257 -0.4080 0.8529
vn -0.4809 0.1196 0.8686
vn -0.5292 0.1544 0.8343
vn -0.6930 -0.2815 0.6637
vn 0.5370 0.0239 0.8433
vn 0.3416 -0.4635 -0.8176
vn -0.2070 0.4673 0.8595
vn -0.0862 0.7178 0.6908
vn 0.0560 0.7959 0.6028
vn 0.2023 0.7118 0.6726
vn -0.7277 0.5897 0.3503
vn -0.2768 0.9529 -0.1236
vn -0.6205 0.0215 0.7839
vn -0.5845 -0.0183 0.8112
vn -0.5824 0.1030 0.8064
vn -0.8049 -0.1293 0.5792
vn -0.8367 -0.2855 0.4674
vn -0.7367 -0.5852 0.3389
vn -0.2616 0.7198 0.6430
vn 0.1923 0.6762 0.7112
vn 0.7761 0.6224 -0.1014
vn 0.9276 0.3495 -0.1317
vn 0.1432 -0.2786 -0.9497
vn 0.3200 -0.1446 -0.9363
vn 0.3666 0.7301 -0.5767
vn 0.4635 0.7767 -0.4264
vn 0.3672 0.9049 -0.2150
vn 0.3447 0.8384 -0.4222
vn -0.1209 0.9253 -0.3594
vn -0.6972 0.6814 0.2228
vn 0.3982 0.1470 -0.9055
vn 0.2983 0.3541 -0.8864
vn 0.5423 0.3884 -0.7450
vn 0.5747 0.0603 -0.8162
vn 0.5229 -0.0388 -0.8515
vn -0.6232 -0.3915 -0.6770
vn -0.6612 0.5249 -0.5359
vn 0.4572 0.0510 -0.8879
vn 0.5492 -0.2776 -0.7883
vn 0.0941 -0.7499 -0.6548
vn 0.5547 0.1075 -0.8250
vn 0.6590 0.7073 -0.2558
vn 0.0691 0.9947 -0.0760
vn -0.9278 -0.3654 -0.0748
vn 0.4517 0.8851 0.1124
vn 0.6137 0.7851 -0.0841
vn 0.9670 0.2434 -0.0759
vn 0.9452 0.3097 -0.1038
vn 0.5705 0.6659 -0.4808
vn 0.7082 0.0298 -0.7054
vn 0.4208 -0.0555 -0.9055
vn 0.4201 -0.0531 -0.9059
vn -0.0257 -0.3383 -0.9407
vn -0.2800 -0.8200 -0.4992
vn 0.0317 -0.8638 -0.5028
vn -0.2991 -0.8013 -0.5181
vn -0.2786 -0.8032 -0.5266
vn 0.2688 -0.8362 -0.4780
vn 0.2496 -0.9683 0.0111
vn -0.2004 -0.9431 -0.2653
vn -0.2724 -0.9573 -0.0972
vn -0.4630 -0.8563 -0.2287
vn -0.2583 -0.1107 0.9597
vn -0.2192 -0.1796 0.9590
vn 0.3155 0.5690 0.7594
vn -0.3930 0.8724 -0.2908
vn 0.2199 0.9749 0.0353
vn 0.3898 0.8473 0.3607
vn 0.2546 0.8256 0.5036
vn 0.0064 0.2923 0.9563
vn 0.0038 0.1904 0.9817
vn -0.2225 -0.1477 0.9637
vn -0.2005 -0.5612 0.8030
vn -0.4580 0.2586 0.8505
vn -0.5158 0.3161 0.7963
vn -0.5263 0.3791 0.7611
vn 0.2263 -0.0577 0.9723
vn -0.8256 0.2184 0.5202
vn -0.4616 0.8551 0.2360
vn -0.8834 0.0854 0.4608
vn -0.7892 -0.0112 0.6140
vn -0.1594 0.9562 0.2453
vn -0.1595 0.9562 0.2453
vn -0.0603 0.9571 0.2833
vn -0.4764 0.6606 0.5802
vn -0.3548 0.8455 0.3991
vn 0.1254 0.9414 0.3132
vn 0.0453 0.8612 0.5062
vn 0.2016 0.3520 0.9140
vn 0.2993 0.4111 0.8611
vn 0.5817 0.8115 -0.0552
vn 0.5574 0.8236 -0.1049
vn 0.3584 0.9295 -0.0872
vn 0.5564 0.6930 -0.4584
vn 0.9577 0.1560 -0.2417
vn 0.9295 0.3114 -0.1977
vn 0.8365 -0.1993 -0.5104
vn 0.5646 -0.0136 -0.8252
vn 0.6651 0.1892 -0.7224
vn 0.7031 0.0505 -0.7093
vn 0.9204 -0.1333 -0.3675
vn 0.7481 -0.6401 -0.1746
vn 0.2817 -0.5525 0.7844
vn 0.2281 -0.8828 0.4107
vn 0.3879 -0.8446 0.3690
vn 0.3904 -0.8335 0.3909
vn -0.3491 -0.9009 -0.2579
vn -0.0049 -0.9505 -0.3105
vn 0.0063 -0.7697 -0.6384
vn -0.2600 -0.1214 0.9580
vn -0.5430 0.2957 0.7859
vn -0.0626 0.5126 0.8564
vn -0.0264 0.6073 0.7940
vn 0.7100 0.6627 0.2382
vn 0.7847 0.6076 -0.1231
vn 0.8780 0.2712 -0.3944
vn 0.9553 -0.2368 -0.1771
vn 0.9521 -0.2982 0.0671
vn 0.5726 -0.7386 0.3557
vn -0.3288 -0.9442 -0.0202
vn 0.3897 -0.1294 0.9118
vn 0.5975 -0.7155 -0.3620
vn 0.8872 -0.3212 0.3311
vn 0.9458 -0.2745 0.1734
vn 0.3372 0.9391 -0.0661
vn 0.8723 -0.2149 -0.4392
vn 0.8751 -0.2554 -0.4110
vn 0.7324 -0.1320 0.6680
vn -0.7950 0.3819 0.4712
vn -0.7527 0.3030 0.5845
vn 0.5135 -0.3110 -0.7997
vn 0.4703 -0.8135 -0.3421
vn 0.8157 -0.1760 -0.5510
vn -0.3501 -0.9281 0.1263
vn 0.7159 0.6795 -0.1605
vn -0.0632 0.1164 -0.9912
vn 0.5330 0.7887 0.3063
vn 0.8914 0.3218 -0.3190
vn 0.9131 0.0179 -0.4073
vn 0.8453 0.0568 0.5312
vn 0.2986 -0.1086 0.9482
vn 0.0815 0.0856 0.9930
vn 0.3205 -0.0878 0.9432
vn -0.3362 -0.9415 -0.0206
vn -0.4495 -0.8474 -0.2827
vn 0.5467 0.7824 0.2984
vn 0.9127 -0.3968 -0.0979
vn 0.6396 -0.0071 -0.7687
vn 0.7259 0.0143 -0.6876
vn 0.7269 0.0602 -0.6841
vn 0.4523 0.2489 -0.8564
vn 0.5065 0.1699 -0.8453
vn 0.9747 -0.2009 -0.0980
vn 0.4184 0.0396 -0.9074
vn 0.8300 -0.2180 -0.5134
vn 0.9795 0.1164 -0.1646
vn 0.6131 0.6729 -0.4139
vn 0.7815 0.5963 0.1833
vn 0.2499 0.5745 0.7794
vn 0.2261 0.5594 0.7975
vn -0.2568 -0.3896 0.8845
vn -0.1841 0.8312 0.5245
vn -0.6618 0.2333 0.7124
vn -0.0075 0.6360 0.7716
vn -0.4704 -0.4148 0.7789
vn -0.6215 0.1425 0.7703
vn 0.9780 0.1645 -0.1282
vn 0.3887 0.8455 0.3660
vn 0.1465 0.9843 0.0982
vn 0.5479 0.7555 -0.3592
vn 0.6436 0.3819 0.6633
vn -0.2628 -0.1577 0.9519
vn -0.1840 -0.0327 0.9824
vn -0.3778 -0.8664 0.3264
vn -0.4623 -0.8515 0.2475
vn -0.5531 -0.0907 0.8281
vn 0.8838 0.1604 0.4395
vn 0.7224 -0.5898 -0.3609
vn -0.1461 -0.9817 -0.1221
vn -0.1575 -0.9783 -0.1348
vn -0.1703 -0.9843 -0.0471
vn 0.9057 -0.2236 -0.3602
vn 0.7523 -0.0301 -0.6581
vn -0.4767 0.0538 -0.8774
vn -0.2924 -0.9501 0.1086
vn 0.7735 -0.4933 -0.3980
vn -0.7299 0.2759 -0.6254
vn 0.4944 0.2776 -0.8237
vn 0.6991 0.0123 -0.7149
vn 0.9499 0.0131 -0.3123
vn 0.9557 -0.1523 -0.2518
vn 0.6037 0.2876 -0.7435
vn 0.9999 0.0122 0.0052
vn 0.6082 -0.3211 -0.7259
vn 0.9326 0.2827 -0.2246
vn 0.8775 0.2143 -0.4291
vn 0.7271 0.3622 -0.5833
vn 0.8962 0.3394 -0.2858
vn 0.8963 0.3520 -0.2697
vn -0.7804 -0.5543 0.2893
vn -0.0581 0.7829 -0.6194
vn 0.2945 -0.5395 0.7888
vn 0.7512 0.6583 -0.0483
vn 0.7300 0.3314 -0.5978
vn 0.2980 -0.5402 0.7870
vn 0.0837 0.4324 0.8978
vn -0.9770 -0.1575 -0.1437
vn 0.3546 0.9276 0.1176
vn 0.4552 0.6343 -0.6249
vn -0.9168 -0.3821 -0.1162
vn 0.1283 -0.1697 -0.9771
vn 0.3962 0.7638 -0.5095
vn 0.3521 0.9030 -0.2461
vn 0.2705 0.8544 -0.4437
vn 0.5404 0.4475 -0.7126
vn 0.5224 -0.0403 -0.8517
vn -0.1248 -0.7064 -0.6967
vn 0.9340 0.3563 0.0243
vn 0.7658 0.6084 -0.2082
vn 0.0450 0.9509 0.3062
vn -0.6903 -0.0469 0.7220
vn 0.1049 0.5637 0.8193
vn -0.8453 -0.0711 0.5296
vn -0.8215 0.5677 0.0532
vn -0.8075 -0.5119 0.2931
vn -0.8269 -0.0316 0.5615
vn -0.3049 0.8669 0.3944
vn 0.1162 0.1848 -0.9759
vn 0.1004 0.8946 0.4354
vn -0.6908 0.4349 -0.5777
vn -0.4274 0.7581 -0.4926
vn -0.0473 0.2247 0.9733
vn -0.4108 -0.5699 0.7116
vn 0.4142 -0.6015 0.6831
vn 0.0648 -0.4520 0.8896
vn -0.0251 0.2164 0.9760
vn -0.9906 -0.0558 -0.1246
vn -0.7838 0.2404 0.5726
vn -0.6026 0.2746 0.7493
vn -0.4642 -0.8783 0.1144
vn -0.0716 -0.9967 0.0388
vn -0.6695 -0.4707 0.5746
vn 0.3311 -0.9268 -0.1771
vn -0.4041 -0.9054 0.1301
vn 0.7751 -0.3140 -0.5482
vn 0.9797 0.0403 0.1963
vn 0.7758 -0.2505 0.5791
vn 0.4641 -0.6012 0.6505
vn 0.6645 -0.4786 0.5739
vn 0.3230 -0.6369 0.7000
vn 0.4365 -0.0878 0.8954
vn -0.0166 -0.2397 0.9707
vn 0.3276 -0.5312 0.7813
vn -0.0867 -0.5165 0.8519
vn -0.4625 0.5406 0.7028
vn -0.1406 -0.2684 0.9530
vn 0.3548 -0.0482 0.9337
vn 0.5309 -0.3313 0.7800
vn 0.5236 -0.2731 0.8070
vn 0.4091 -0.4686 0.7830
vn 0.1067 0.0660 0.9921
vn -0.0908 -0.3434 0.9348
vn -0.5751 0.1422 0.8057
vn 0.4062 -0.4858 0.7739
vn -0.0291 -0.0347 0.9990
vn -0.0298 -0.0872 0.9957
vn 0.3858 -0.8569 0.3419
vn 0.3932 0.1234 0.9111
vn 0.4161 0.0942 0.9044
vn 0.3497 0.0395 0.9360
vn 0.3707 -0.1164 0.9214
vn 0.4839 -0.2514 0.8382
vn 0.9674 -0.2398 0.0811
vn 0.8690 -0.2967 -0.3959
vn 0.9312 -0.2680 -0.2471
vn 0.3128 0.9115 0.2670
vn 0.9298 -0.1026 -0.3534
vn 0.9448 -0.0833 -0.3167
vn 0.4900 -0.0951 0.8665
vn 0.4084 -0.1042 0.9068
vn -0.8595 0.1894 0.4748
vn -0.0112 0.5660 0.8243
vn 0.2022 0.5120 0.8349
vn -0.0916 0.1414 0.9857
vn -0.1841 0.1567 0.9703
vn -0.6970 -0.5845 0.4154
vn -0.8060 0.2472 0.5378
vn -0.5548 0.3941 0.7327
vn -0.0528 0.3442 0.9374
vn 0.3402 0.3812 0.8596
vn -0.7609 -0.5883 0.2738
vn -0.7271 -0.4359 0.5304
vn -0.3536 -0.4814 0.8020
vn 0.1019 0.0050 0.9948
vn 0.1257 0.1128 0.9856
vn 0.7174 0.6778 0.1610
vn 0.3970 0.8430 0.3631
vn 0.2884 0.9226 0.2562
vn 0.8842 0.4671 0.0002
vn 0.7566 0.5115 -0.4074
vn 0.9794 0.0387 0.1980
vn 0.9942 0.0359 0.1010
vn 0.8974 0.3820 0.2207
vn 0.4783 0.6964 0.5350
vn 0.8540 0.4712 -0.2208
vn 0.7874 0.6043 -0.1220
vn 0.2958 -0.2741 -0.9151
vn 0.3007 -0.2612 -0.9173
vn 0.8682 0.1284 -0.4793
vn 0.6854 0.4409 -0.5795
vn 0.3023 0.8716 0.3859
vn 0.7303 0.6681 0.1425
vn 0.6411 0.6708 -0.3729
vn 0.7954 -0.4312 -0.4260
vn 0.4270 -0.2527 -0.8682
vn 0.9794 0.1749 -0.1007
vn 0.9842 0.1644 0.0656
vn 0.8472 0.4957 0.1910
vn 0.5430 -0.1243 -0.8304
vn 0.1517 -0.9691 -0.1944
vn 0.6164 -0.4555 0.6423
vn 0.8921 0.3848 0.2369
vn 0.9870 -0.1461 -0.0672
vn 0.8096 -0.3282 -0.4866
vn 0.9494 -0.3072 0.0652
vn 0.5578 -0.8300 0.0028
vn 0.4338 -0.8706 -0.2321
vn 0.4513 -0.6845 -0.5725
vn 0.9238 -0.2725 -0.2690
vn 0.7771 -0.5599 -0.2873
vn 0.2153 0.0159 -0.9764
vn 0.5570 -0.1704 -0.8128
vn 0.7889 -0.4488 -0.4198
vn 0.6955 0.1849 -0.6943
vn 0.3769 -0.7707 0.5138
vn -0.3148 -0.9452 0.0866
vn -0.5016 -0.5188 0.6922
vn -0.8985 -0.1222 0.4216
vn -0.8747 -0.4825 -0.0462
vn -0.7567 -0.6515 0.0540
vn -0.6768 0.6841 0.2720
vn -0.4355 -0.5739 0.6935
vn -0.5369 -0.3242 0.7788
vn -0.7284 -0.4477 0.5187
vn -0.5144 -0.6573 0.5507
vn -0.4720 -0.3118 0.8246
vn 0.1827 0.0565 0.9816
vn 0.3815 -0.1120 0.9176
vn 0.1971 0.2481 0.9485
vn 0.5240 -0.3127 0.7922
vn 0.4890 0.0179 0.8721
vn -0.4600 -0.7257 0.5116
vn 0.6413 -0.6608 0.3901
vn 0.8764 -0.2918 0.3832
vn 0.2089 0.3917 0.8961
vn -0.4504 0.5852 0.6743
vn -0.5136 0.8341 0.2013
vn -0.1929 0.7115 0.6756
vn -0.3248 0.7513 0.5745
vn -0.2590 0.5024 0.8249
vn -0.9880 -0.0419 0.1487
vn -0.1649 -0.8964 0.4115
vn -0.4135 -0.1435 0.8991
vn 0.2497 -0.2721 0.9293
vn 0.8572 0.2089 0.4707
vn -0.4917 -0.3038 0.8160
vn -0.6622 -0.5416 0.5178
vn -0.3273 -0.8503 0.4121
vn -0.2591 -0.8706 0.4183
vn -0.4227 -0.6132 0.6673
vn -0.3574 -0.6627 0.6581
vn -0.2801 -0.2940 0.9138
vn 0.1222 -0.6517 0.7485
vn 0.1745 -0.6712 0.7204
vn 0.3417 -0.6300 0.6974
vn 0.6539 0.1110 0.7484
vn 0.3011 0.3557 0.8848
vn 0.3459 0.3017 0.8885
vn 0.6527 0.0493 0.7560
vn 0.9920 0.0327 0.1222
vn 0.1441 -0.4489 0.8819
vn 0.8543 -0.1811 -0.4872
vn 0.7910 -0.4595 -0.4039
vn 0.9476 0.2366 -0.2147
vn 0.0749 0.4613 -0.8841
vn 0.0394 -0.2280 -0.9729
vn 0.5867 0.2230 -0.7785
vn -0.1380 0.6576 -0.7406
vn -0.7471 0.4068 -0.5257
vn 0.5168 -0.0350 -0.8554
vn 0.5029 -0.2012 -0.8406
vn 0.7817 0.1002 -0.6156
vn -0.6507 0.1878 -0.7357
vn -0.8542 -0.5196 0.0199
vn -0.2957 -0.2129 -0.9313
vn -0.2383 -0.0158 -0.9711
vn -0.2383 -0.0159 -0.9711
vn -0.6286 0.3821 0.6774
vn -0.7783 0.3571 0.5165
vn -0.8931 0.1661 0.4181
vn -0.9339 0.1521 0.3235
vn -0.9339 0.1521 0.3234
vn -0.6630 -0.1471 -0.7340
vn -0.9276 -0.2193 -0.3025
vn -0.9986 -0.0440 -0.0308
vn -0.9986 -0.0439 -0.0308
vn -0.9900 0.1376 -0.0306
vn -0.9955 -0.0087 0.0946
vn -0.9510 0.0994 0.2926
vn -0.7970 -0.3504 -0.4919
vn -0.9770 -0.0489 -0.2075
vn -0.5213 0.6789 -0.5170
vn -0.6307 -0.2698 0.7276
vn -0.7019 -0.2533 0.6657
vn -0.0820 -0.0430 0.9957
vn -0.7205 0.6616 0.2076
vn -0.7557 0.6263 0.1917
vn -0.8023 0.3229 0.5021
vn -0.4471 0.4573 0.7688
vn -0.6536 0.5602 0.5089
vn -0.0059 0.8013 0.5982
vn -0.2350 0.9451 0.2269
vn 0.1644 0.4425 0.8816
vn 0.0207 0.9627 -0.2697
vn 0.4788 0.8769 -0.0418
vn 0.7483 0.5700 -0.3393
vn 0.0104 0.8431 -0.5377
vn 0.6608 0.5561 -0.5041
vn 0.3134 0.4319 -0.8457
vn 0.5537 0.3838 -0.7390
vn 0.4720 0.3353 -0.8153
vn 0.7361 -0.1867 -0.6506
vn 0.4512 -0.7760 -0.4407
vn 0.2156 0.4367 -0.8734
vn 0.2508 0.0547 -0.9665
vn -0.7272 -0.2078 0.6542
vn -0.8923 0.3233 0.3150
vn -0.8923 0.3233 0.3151
vn -0.4713 0.3405 0.8136
vn -0.4714 0.3405 0.8135
vn -0.7827 0.2564 0.5671
vn -0.8467 0.4999 0.1822
vn -0.8467 0.4999 0.1823
vn -0.3060 0.8872 0.3454
vn -0.1206 0.9924 0.0236
vn 0.3572 0.0471 0.9328
vn 0.4417 0.2966 0.8467
vn 0.4494 0.0249 0.8930
vn 0.8131 0.2555 0.5230
vn 0.8024 -0.2166 0.5561
vn 0.5656 0.4765 0.6731
vn 0.7205 0.5983 -0.3505
vn 0.9953 -0.0912 -0.0318
vn 0.9788 -0.2046 0.0098
vn 0.4864 0.7569 -0.4365
vn 0.9129 0.1497 -0.3797
vn -0.2206 0.7803 -0.5852
vn 0.4254 0.8968 -0.1213
vn 0.1283 0.8840 0.4495
vn 0.8075 0.3808 0.4506
vn 0.5233 0.7724 0.3599
vn 0.8756 0.4142 0.2484
vn -0.2440 0.6599 0.7107
vn -0.2193 0.9478 -0.2316
vn -0.4506 0.6956 -0.5595
vn 0.7646 0.4583 -0.4533
vn 0.2220 0.4598 -0.8598
vn 0.3319 -0.0173 -0.9432
vn 0.3305 -0.0177 -0.9436
vn -0.1705 -0.8387 -0.5173
vn -0.0424 -0.5645 0.8244
vn -0.0985 -0.5152 0.8514
vn 0.9801 -0.1274 0.1520
vn 0.8623 -0.1856 -0.4712
vn 0.9402 0.2706 -0.2070
vn 0.5484 -0.1010 -0.8301
vn 0.7991 -0.4359 -0.4140
vn 0.7249 -0.6867 -0.0546
vn 0.1533 -0.9664 -0.2065
vn 0.6992 -0.3900 -0.5992
vn 0.8894 0.2980 -0.3467
vn 0.8196 0.5424 0.1847
vn 0.7501 0.5343 0.3897
vn 0.7500 0.5343 0.3898
vn -0.1206 -0.7713 0.6250
vn 0.2796 -0.9195 0.2763
vn -0.1306 -0.4293 0.8937
vn -0.1306 -0.4292 0.8937
vn -0.0120 -0.2964 0.9550
vn -0.1320 -0.0357 0.9906
vn 0.3018 -0.0472 -0.9522
vn 0.5201 0.1810 0.8347
vn 0.9169 0.1004 -0.3864
vn 0.9914 -0.1307 0.0122
vn 0.9369 -0.3292 0.1173
vn 0.1270 0.5742 0.8088
vn -0.6839 0.1589 0.7121
vn 0.3180 0.8024 0.5050
vn -0.3809 0.8699 0.3135
vn -0.0074 0.8942 -0.4477
vn 0.2677 0.5494 0.7915
vn 0.4600 0.7167 0.5242
vn 0.6769 0.4831 0.5554
vn 0.0713 0.4687 0.8805
vn 0.2125 0.4200 0.8823
vn 0.7006 0.5587 0.4439
vn 0.4560 0.8601 0.2287
vn 0.5419 0.8124 -0.2154
vn -0.1603 0.9558 0.2464
vn 0.2028 0.9766 -0.0709
vn 0.4150 0.7349 -0.5364
vn -0.2475 0.6241 0.7411
vn -0.5176 0.2439 0.8201
vn -0.2323 0.7682 0.5966
vn 0.6174 0.7347 0.2812
vn 0.9913 -0.1307 0.0122
vn 0.6715 0.7342 -0.1000
vn 0.8066 -0.0057 0.5911
vn 0.2055 0.4253 0.8814
vn -0.1710 -0.1712 0.9703
vn 0.2345 0.4829 0.8437
vn 0.8196 0.5424 0.1845
vn 0.6602 0.3729 -0.6520
vn 0.0462 0.2119 0.9762
vn -0.0512 0.1409 0.9887
vn 0.1644 -0.0800 0.9831
vn 0.1218 -0.8032 0.5832
vn 0.1065 -0.9940 -0.0236
vn 0.3698 -0.7555 -0.5408
vn 0.3098 -0.5508 -0.7750
vn 0.5551 0.1373 -0.8204
vn 0.3807 0.3732 -0.8460
vn 0.5526 -0.4666 -0.6906
vn 0.8711 0.2962 -0.3918
vn 0.8584 0.5121 -0.0306
vn 0.4731 0.8806 0.0269
vn 0.1565 0.7169 0.6794
vn 0.5201 -0.8539 -0.0192
vn 0.5201 -0.8539 -0.0193
vn 0.4830 -0.8750 0.0314
vn 0.4978 -0.7133 -0.4934
vn 0.2117 -0.5682 0.7952
vn 0.4246 0.3106 0.8504
vn 0.2116 -0.5682 0.7952
vn 0.5994 -0.3499 -0.7199
vn 0.2013 -0.1052 -0.9739
vn 0.2036 0.2470 -0.9474
vn 0.3600 0.8358 -0.4146
vn -0.1175 0.6064 0.7864
vn 0.8722 -0.1015 0.4784
vn 0.7836 0.5693 -0.2489
vn 0.7342 0.6648 0.1382
vn 0.4971 0.8578 -0.1306
vn 0.9757 -0.0813 0.2034
vn 0.3725 0.2372 0.8972
vn -0.1886 0.8632 0.4684
vn -0.1967 0.0941 0.9759
vn -0.2615 -0.2722 0.9260
vn -0.5905 -0.4154 0.6919
vn 0.3525 0.9168 0.1877
vn -0.3453 0.9078 0.2379
vn -0.8116 0.4005 0.4253
vn -0.6839 0.1588 0.7121
vn 0.3223 -0.0433 -0.9456
vn 0.2337 0.4573 -0.8581
vn 0.9751 0.0779 0.2078
vn 0.7103 0.6064 -0.3573
vn 0.2561 0.2797 0.9253
vn -0.2541 0.3177 0.9135
vn 0.2367 0.5954 0.7678
vn 0.0660 -0.5657 0.8220
vn 0.2407 0.8696 0.4312
vn -0.8646 0.2128 0.4551
vn -0.4674 -0.7769 0.4219
vn -0.1495 -0.0934 -0.9843
vn -0.7150 -0.2073 -0.6676
vn 0.0637 -0.5842 -0.8091
vn 0.2056 0.1379 -0.9689
vn 0.5590 0.4100 -0.7207
vn 0.9442 0.2859 -0.1635
vn 0.9327 0.2648 0.2447
vn 0.9913 0.1228 0.0468
vn 0.9593 -0.2729 0.0726
vn 0.5546 0.3920 -0.7340
vn 0.4665 0.8023 -0.3725
vn 0.4408 0.8813 -0.1705
vn 0.0132 0.9012 0.4332
vn -0.2548 0.3994 0.8807
vn -0.1568 -0.6776 0.7186
vn -0.1035 -0.1155 0.9879
vn -0.7296 -0.5258 0.4373
vn -0.8590 -0.3774 0.3458
vn -0.1746 -0.2031 0.9635
vn -0.0303 -0.8220 0.5686
vn -0.0678 -0.8007 0.5952
vn 0.3758 -0.8699 0.3195
vn -0.1946 -0.7101 0.6767
vn 0.1464 -0.7243 0.6737
vn 0.9231 -0.3835 -0.0292
vn 0.5385 -0.8388 0.0796
vn 0.3553 0.7071 -0.6114
vn -0.0617 -0.9566 -0.2848
vn 0.1776 -0.7617 0.6231
vn 0.5953 0.0422 0.8024
vn 0.6815 0.3881 0.6205
vn 0.7649 -0.1906 0.6153
vn 0.8494 0.5065 0.1482
vn 0.6115 0.3389 0.7150
vn -0.6293 0.7772 0.0037
vn 0.9113 -0.0077 0.4117
vn 0.0418 0.6522 0.7569
vn 0.3633 0.5922 0.7193
vn 0.4359 0.5390 0.7207
vn -0.6995 0.6511 0.2945
vn -0.4649 0.8301 0.3078
vn 0.4389 0.5630 0.7003
vn 0.0208 0.2353 0.9717
vn -0.3829 -0.5398 0.7497
vn -0.1955 0.5500 0.8120
vn 0.4095 -0.1285 0.9032
vn 0.9828 -0.1793 -0.0450
vn 0.9267 0.2330 -0.2947
vn 0.7883 0.4104 -0.4583
vn 0.8987 -0.2312 -0.3726
vn 0.7800 -0.4008 -0.4805
vn 0.7981 -0.5132 -0.3158
vn 0.6241 -0.5243 -0.5794
vn 0.0930 -0.0714 0.9931
vn 0.0938 -0.0201 0.9954
vn 0.1379 -0.0750 0.9876
vn 0.1864 -0.0142 0.9824
vn 0.1888 -0.0155 0.9819
vn 0.3473 -0.3136 0.8838
vn 0.4394 0.0546 0.8966
vn 0.4704 -0.8814 0.0440
vn -0.1345 0.1132 -0.9844
vn -0.6115 -0.4446 0.6546
vn -0.9485 -0.3169 0.0008
vn -0.9442 -0.2693 0.1895
vn -0.9685 -0.2125 0.1297
vn -0.0665 -0.0083 0.9978
vn 0.5432 -0.3554 0.7606
vn 0.5387 -0.3400 0.7709
vn 0.2121 -0.0365 0.9766
vn 0.0019 0.3999 -0.9166
vn 0.3766 0.0364 0.9256
vn 0.3774 0.0347 0.9254
vn 0.3774 0.0346 0.9254
vn 0.9830 0.0729 -0.1682
vn 0.4627 0.0820 0.8827
vn 0.2867 -0.0709 0.9554
vn 0.2863 -0.1309 0.9492
vn 0.2516 -0.0742 0.9650
vn -0.9312 -0.2201 0.2906
vn -0.2233 0.0698 0.9722
vn -0.1227 0.2700 0.9550
vn 0.4085 -0.1077 0.9064
vn 0.9976 0.0694 0.0080
vn 0.9029 0.4243 0.0683
vn -0.4392 0.8425 -0.3121
vn -0.3159 0.9488 -0.0021
vn -0.1360 0.0995 -0.9857
vn -0.3591 0.1117 -0.9266
vn -0.3525 0.1089 -0.9295
vn -0.1713 0.1673 -0.9709
vn -0.4135 0.2150 -0.8847
vn 0.1038 -0.9715 -0.2130
vn -0.8965 -0.4422 0.0280
vn -0.9566 -0.1621 0.2423
vn 0.3847 -0.8912 -0.2402
vn 0.4388 -0.8749 -0.2049
vn 0.2435 -0.1422 0.9594
vn -0.2472 0.0193 -0.9688
vn -0.3099 0.1685 -0.9357
vn -0.4377 0.4124 -0.7990
vn -0.1175 0.0818 -0.9897
vn -0.2797 0.1824 -0.9426
vn -0.2851 0.1965 -0.9381
vn -0.3123 0.0872 -0.9460
vn -0.3113 0.0888 -0.9461
vn -0.2567 0.0011 -0.9665
vn 0.1497 -0.9058 -0.3964
vn 0.6835 -0.6853 -0.2512
vn -0.4106 -0.5925 0.6931
vn 0.0958 -0.1553 0.9832
vn 0.0438 -0.1185 0.9920
vn -0.8326 -0.5339 0.1477
vn -0.3113 0.1204 -0.9426
vn -0.2746 0.0727 -0.9588
vn -0.2755 0.0606 -0.9594
vn -0.2966 0.0435 -0.9540
vn -0.1419 0.1126 -0.9835
vn -0.0802 -0.0895 -0.9927
vn -0.2242 0.1177 -0.9674
vn -0.2390 0.1009 -0.9658
vn -0.2133 0.0934 -0.9725
vn 0.7156 -0.5600 -0.4175
vn 0.9210 0.2342 -0.3115
vn 0.5653 0.0910 -0.8199
vn 0.1206 0.9679 0.2204
vn 0.6383 0.7625 -0.1061
vn 0.9727 -0.1653 0.1626
vn 0.9045 -0.1238 0.4081
vn 0.4607 -0.3931 0.7957
vn 0.3576 -0.7471 0.5603
vn 0.5721 -0.8190 -0.0445
vn 0.4843 -0.8490 -0.2112
vn 0.2147 -0.1649 0.9627
vn 0.2488 -0.1856 0.9506
vn -0.9476 0.1229 0.2949
vn 0.2271 -0.0912 0.9696
vn -0.7404 0.6274 0.2410
vn -0.7384 0.6301 0.2404
vn 0.2895 -0.1193 0.9497
vn 0.2524 -0.1187 0.9603
vn 0.2078 -0.0083 0.9781
vn 0.2157 -0.1640 0.9626
vn 0.1432 -0.0717 0.9871
vn -0.6577 0.6898 0.3026
vn -0.9294 0.3483 0.1221
vn -0.7209 0.4125 0.5569
vn -0.9427 0.2013 0.2661
vn -0.4250 0.0152 -0.9051
vn -0.4177 0.0575 -0.9068
vn -0.8572 0.4108 0.3107
vn -0.9558 0.0662 0.2864
vn -0.9284 0.1171 0.3526
vn -0.4105 0.8425 0.3489
vn -0.8422 0.2430 0.4813
vn 0.6601 0.2020 0.7235
vn 0.5313 -0.0962 0.8417
vn -0.1972 0.0722 0.9777
vn -0.0409 0.4956 0.8676
vn -0.9683 -0.0893 0.2332
vn -0.9172 -0.0386 0.3965
vn -0.7871 0.1659 0.5940
vn 0.1679 0.1006 0.9807
vn -0.1499 0.8747 0.4610
vn 0.7849 -0.3539 0.5086
vn 0.3059 -0.0996 0.9468
vn -0.3511 -0.6600 0.6642
vn -0.7844 0.1477 0.6024
vn -0.1745 0.8792 0.4433
vn 0.3748 0.8400 0.3924
vn -0.0774 0.4180 0.9051
vn 0.1372 -0.1433 0.9801
vn 0.1717 -0.1919 0.9663
vn 0.4425 0.5237 0.7280
vn 0.3671 0.3752 0.8512
vn 0.1120 -0.2144 0.9703
vn -0.0155 -0.9999 0.0022
vn 0.4899 0.0465 0.8705
vn 0.3422 -0.0508 0.9383
vn 0.4368 -0.0637 0.8973
vn 0.3131 0.0067 0.9497
vn 0.2347 0.0006 0.9721
vn 0.1973 -0.0795 0.9771
vn 0.1757 -0.0317 0.9839
vn 0.8982 -0.4118 -0.1537
vn 0.9110 -0.3236 -0.2557
vn 0.8991 -0.4112 -0.1500
vn 0.6623 -0.0492 0.7476
vn -0.2929 -0.2778 0.9149
vn 0.2531 -0.0802 0.9641
vn 0.2362 -0.0527 0.9703
vn 0.7813 -0.5228 -0.3411
vn 0.7718 -0.6191 -0.1451
vn 0.4940 -0.2197 0.8413
vn 0.2937 -0.1767 0.9394
vn 0.2953 -0.0277 0.9550
vn 0.3194 -0.0564 0.9459
vn -0.0196 -0.1657 0.9860
vn -0.4285 -0.4089 0.8057
vn -0.8883 -0.1717 -0.4259
vn -0.8004 -0.2769 0.5316
vn -0.8311 -0.2396 0.5019
vn -0.8824 -0.2405 0.4043
vn -0.8832 0.4642 0.0666
vn -0.7668 0.3749 0.5210
vn -0.9326 0.1727 0.3170
vn -0.9323 0.3058 0.1930
vn 0.3248 -0.0106 0.9457
vn 0.1809 0.0009 0.9835
vn 0.2687 -0.0558 0.9616
vn 0.7565 0.2119 0.6188
vn -0.2114 -0.9440 0.2533
vn 0.3261 -0.0505 0.9440
vn -0.0843 0.1912 0.9779
vn 0.2074 0.9571 0.2021
vn 0.3208 -0.0987 0.9420
vn 0.3266 -0.1045 0.9394
vn -0.9029 -0.0349 0.4283
vn 0.4500 0.4462 0.7736
vn 0.6941 -0.6328 0.3433
vn 0.2130 -0.5757 0.7894
vn 0.3202 -0.0898 0.9431
vn 0.4362 -0.1776 0.8821
vn -0.8604 -0.3808 0.3386
vn -0.1205 0.5496 0.8267
vn -0.9522 -0.2007 0.2302
vn -0.9312 -0.1974 0.3063
vn -0.8665 -0.1926 0.4606
vn -0.0440 -0.6575 0.7522
vn -0.1495 -0.9867 -0.0641
vn -0.0900 -0.9760 -0.1985
vn -0.1023 -0.9492 -0.2976
vn 0.5654 -0.4965 -0.6586
vn -0.3534 0.1880 -0.9164
vn -0.3323 -0.6273 -0.7043
vn 0.1993 0.0897 -0.9758
vn -0.2149 -0.0798 -0.9734
vn 0.2508 -0.1414 0.9577
vn 0.4050 -0.1003 0.9088
vn 0.3125 -0.0737 0.9470
vn -0.2432 -0.9342 0.2609
vn 0.6238 0.4523 0.6374
vn 0.5080 -0.4438 0.7382
vn 0.6783 0.6966 0.2337
vn 0.3171 -0.0696 0.9459
vn 0.2375 -0.0792 0.9681
vn -0.8177 0.5633 0.1187
vn -0.9876 -0.1527 -0.0374
vn -0.2006 0.1481 -0.9684
vn -0.7474 0.6231 0.2306
vn -0.9687 0.0756 0.2366
vn 0.3240 -0.9461 0.0023
vn -0.9556 0.0488 0.2905
vn 0.0897 -0.0932 0.9916
vn -0.4203 0.8646 0.2753
vn 0.0845 0.2825 0.9555
vn -0.3871 0.8636 0.3230
vn -0.3048 0.9129 0.2715
vn -0.9710 -0.1765 0.1612
vn -0.9492 0.0602 0.3088
vn -0.1970 0.0650 -0.9782
vn -0.3114 0.1205 -0.9426
vn -0.9017 -0.3467 0.2583
vn 0.1158 -0.0140 0.9932
vn -0.7013 0.7089 0.0744
vn -0.4632 -0.2916 0.8369
vn 0.3360 0.4541 0.8252
vn 0.7925 0.2771 0.5432
vn 0.6832 -0.5730 0.4527
vn -0.2567 0.0010 -0.9665
vn 0.9253 0.3330 -0.1816
vn -0.2814 0.1006 -0.9543
vn 0.7609 -0.5741 -0.3022
vn -0.2290 0.2097 -0.9506
vn 0.9398 -0.2627 -0.2184
vn -0.7320 0.5051 -0.4572
vn -0.4284 0.7959 0.4279
vn 0.9592 -0.2423 -0.1458
vn 0.4482 -0.1523 0.8809
vn 0.0954 -0.2893 0.9525
vn -0.9935 -0.0182 0.1122
vn -0.1298 0.0148 0.9914
vn 0.5219 -0.7514 -0.4038
vn 0.9831 0.0729 -0.1682
vn 0.3084 -0.1213 0.9435
vn 0.4628 0.0820 0.8827
vn 0.4913 0.0489 0.8696
vn 0.1909 0.3933 0.8994
vn 0.1052 -0.0863 0.9907
vn 0.0326 -0.0323 0.9989
vn -0.9676 -0.2241 0.1164
vn -0.8505 -0.2968 0.4341
vn -0.2985 -0.8817 -0.3655
vn -0.3024 0.1965 -0.9327
vn 0.3612 -0.9319 0.0338
vn 0.1258 -0.1337 0.9830
vn 0.4497 -0.3495 0.8219
vn 0.1599 -0.0271 0.9868
vn -0.4707 0.7456 0.4717
vn 0.2525 -0.1445 0.9567
vn 0.4415 -0.5352 -0.7202
vn 0.7728 -0.5110 -0.3765
vn 0.9477 -0.2509 -0.1971
vn 0.9513 0.2438 -0.1889
vn 0.6560 -0.0188 0.7545
vn 0.6663 -0.0285 0.7451
vn 0.8714 -0.4869 0.0601
vn 0.4380 -0.8877 -0.1417
vn 0.8818 -0.3958 0.2565
vn 0.0552 0.7046 0.7074
vn 0.3065 -0.0876 0.9478
vn 0.3938 0.0188 0.9190
vn 0.0115 -0.0874 0.9961
vn -0.9127 -0.3619 0.1897
vn -0.8382 -0.4600 0.2928
vn -0.7945 -0.2746 0.5417
vn -0.4775 0.3476 0.8070
vn -0.6631 0.1062 0.7410
vn -0.9379 -0.2334 0.2568
vn 0.2231 0.4847 0.8457
vn 0.9371 -0.1096 0.3314
vn 0.9807 -0.1297 -0.1462
vn 0.8199 -0.4957 0.2864
vn 0.9954 0.0937 0.0180
vn 0.8501 -0.5243 -0.0488
vn 0.6683 -0.2218 0.7101
vn 0.8718 -0.3430 0.3496
vn -0.9202 0.1073 0.3764
vn -0.8597 0.3415 -0.3798
vn -0.2176 -0.0583 -0.9743
vn -0.1669 0.1747 -0.9704
vn -0.2464 0.2673 -0.9316
vn -0.2240 0.1354 -0.9651
vn -0.2474 0.1622 -0.9552
vn -0.1000 0.1208 -0.9876
vn 0.8912 -0.4333 -0.1339
vn -0.2310 0.0696 -0.9704
vn 0.9192 -0.3913 0.0446
vn 0.6846 -0.1359 0.7161
vn 0.4829 -0.0900 0.8711
vn -0.7401 -0.1101 0.6634
vn -0.6358 -0.5689 0.5216
vn -0.6563 -0.5808 0.4815
vn -0.6291 -0.0778 0.7734
vn -0.8522 -0.0442 0.5214
vn -0.9599 0.1301 -0.2485
vn -0.1113 0.2719 -0.9559
vn -0.5737 0.8190 -0.0117
vn -0.2816 0.8270 -0.4865
vn -0.7458 -0.1893 -0.6387
vn -0.9804 -0.1066 -0.1656
vn -0.9062 0.3913 0.1603
vn -0.8773 0.4384 0.1953
vn -0.9754 -0.1016 0.1955
vn -0.7009 -0.0653 0.7103
vn 0.1219 -0.6623 0.7392
vn -0.9975 -0.0222 0.0675
vn -0.9234 -0.2989 0.2407
vn -0.9362 -0.1645 0.3107
vn -0.7150 -0.2073 -0.6677
vn -0.1483 -0.3473 -0.9259
vn -0.6457 -0.1170 0.7546
vn 0.8399 -0.2759 -0.4673
vn -0.9737 -0.2266 0.0217
vn -0.9493 -0.3132 -0.0247
vn -0.5771 0.5833 -0.5715
vn 0.0546 0.2370 -0.9700
vn 0.1809 0.8081 -0.5606
vn 0.3415 0.5958 -0.7269
vn 0.6902 0.1805 -0.7007
vn 0.3771 0.3713 -0.8485
vn 0.4449 0.5834 -0.6794
vn 0.8922 -0.3736 -0.2537
vn 0.5454 0.1157 -0.8302
vn 0.6344 0.3194 -0.7039
vn 0.6881 -0.6127 -0.3888
vn 0.6286 0.5831 -0.5145
vn -0.1923 -0.9715 -0.1387
vn 0.7599 -0.2752 -0.5889
vn 0.3882 -0.4099 -0.8254
vn 0.6205 -0.5652 -0.5437
vn 0.6095 -0.1336 -0.7815
vn 0.7182 -0.3981 -0.5707
vn 0.7846 -0.2553 -0.5650
vn 0.1080 0.5250 0.8442
vn 0.6320 -0.3394 -0.6966
vn 0.7705 0.6116 -0.1797
vn 0.4514 0.7732 0.4455
vn 0.6123 0.4703 0.6355
vn 0.5038 0.6937 0.5147
vn 0.3702 0.5265 0.7654
vn 0.7125 0.6968 0.0827
vn -0.0573 0.1635 0.9849
vn -0.7713 0.1260 0.6239
vn -0.1446 0.7610 0.6324
vn -0.9641 0.1466 0.2216
vn 0.1967 0.4442 0.8741
vn 0.6378 -0.7461 0.1910
vn 0.7919 -0.5667 0.2275
vn 0.8557 -0.0034 0.5175
vn 0.5280 0.5638 0.6351
vn 0.6200 -0.3681 0.6929
vn 0.5318 -0.8077 0.2548
vn 0.9263 -0.3163 0.2046
vn 0.5453 -0.3106 0.7786
vn 0.1964 -0.5363 0.8209
vn 0.5496 -0.7195 0.4246
vn 0.0941 -0.9482 -0.3033
vn -0.6696 -0.4658 -0.5785
vn -0.6901 -0.7225 0.0422
vn 0.5756 -0.7525 -0.3199
vn 0.4334 -0.2661 0.8610
vn 0.6019 -0.7762 -0.1877
vn 0.5156 -0.5098 0.6886
vn -0.2883 -0.9217 -0.2595
vn 0.8771 -0.3329 -0.3461
vn -0.2934 -0.8848 -0.3620
vn 0.6465 -0.7629 -0.0047
vn 0.9261 -0.3023 -0.2258
vn 0.8492 0.5212 -0.0855
vn 0.6491 -0.2698 0.7113
vn 0.5455 0.2300 0.8059
vn 0.2301 -0.5692 -0.7893
vn 0.9569 -0.0786 -0.2796
vn 0.9207 -0.3889 0.0319
vn 0.6733 0.2220 0.7052
vn 0.4752 0.8381 0.2680
vn 0.5417 0.7945 0.2746
vn 0.6760 0.0407 -0.7358
vn 0.0855 0.9947 -0.0571
vn 0.6588 0.7458 0.0988
vn 0.0775 0.3377 0.9380
vn 0.1782 0.3093 0.9341
vn 0.4946 -0.6025 0.6264
vn 0.5192 -0.6214 0.5868
vn -0.1529 -0.8404 0.5200
vn -0.1615 -0.7715 0.6154
vn -0.2333 -0.7992 0.5540
vn 0.4961 -0.5020 -0.7084
vn 0.9941 -0.0358 0.1022
vn -0.0003 -0.4042 0.9147
vn 0.8515 -0.4342 -0.2939
vn 0.7597 -0.6475 -0.0606
vn -0.0780 -0.9943 0.0731
vn -0.2095 -0.8583 -0.4685
vn 0.1739 -0.9167 -0.3598
vn 0.7478 -0.4112 0.5213
vn 0.7847 -0.5974 -0.1655
vn 0.7554 -0.6447 -0.1170
vn 0.0193 -0.9002 -0.4349
vn 0.9426 0.0324 0.3324
vn 0.9645 -0.0250 0.2628
vn 0.5666 -0.0394 0.8231
vn 0.4226 -0.5799 0.6966
vn 0.3543 -0.8979 -0.2611
vn -0.0329 -0.8856 -0.4634
vn 0.4239 -0.8494 -0.3143
vn 0.2929 -0.8825 0.3680
vn 0.3076 -0.8784 0.3657
vn 0.2164 -0.7094 0.6708
vn -0.9550 0.1838 0.2330
vn -0.8162 0.1332 0.5621
vn -0.4659 -0.8594 -0.2108
vn -0.5769 -0.8008 -0.1611
vn 0.1914 -0.8380 0.5109
vn -0.7494 0.0305 0.6614
vn 0.3611 -0.2977 0.8837
vn 0.5379 -0.5288 0.6566
vn 0.9228 -0.0495 -0.3822
vn 0.9873 -0.0445 0.1526
vn 0.9786 -0.1724 0.1123
vn 0.6084 0.0563 0.7916
vn 0.8482 0.3919 0.3563
vn 0.5044 0.8348 -0.2209
vn 0.7780 0.6247 -0.0668
vn 0.7773 0.0155 0.6290
vn 0.0332 -0.4435 -0.8957
vn 0.4907 -0.4193 -0.7638
vn 0.7516 -0.5456 -0.3708
vn 0.5109 -0.5084 -0.6932
vn 0.4352 -0.6398 -0.6334
vn 0.9887 -0.0051 -0.1501
vn 0.8771 -0.0520 -0.4775
vn -0.0255 -0.8914 -0.4525
vn 0.0259 -0.0217 -0.9994
vn -0.6175 0.6696 -0.4127
vn -0.6091 -0.3933 -0.6887
vn -0.8725 -0.3174 0.3715
vn -0.9603 -0.2789 0.0107
vn -0.0011 -0.8246 0.5657
vn -0.4282 -0.8855 0.1807
vn 0.9791 -0.1554 0.1314
vn 0.9668 -0.2317 0.1082
vn 0.8381 0.3297 -0.4345
vn -0.7641 -0.5100 -0.3951
vn -0.7664 -0.5243 -0.3712
vn -0.8059 -0.4820 -0.3437
vn -0.8267 -0.2448 -0.5066
vn -0.7754 -0.2274 -0.5891
vn -0.9168 -0.1215 -0.3804
vn -0.0313 -0.9265 0.3749
vn -0.6761 -0.6569 0.3338
vn -0.4880 -0.6115 0.6228
vn -0.9523 0.2290 0.2017
vn 0.0597 0.9671 0.2471
vn 0.5004 0.3479 0.7928
vn 0.8488 0.3957 0.3507
vn -0.6484 -0.4953 0.5781
vn -0.7231 -0.4680 0.5081
vn -0.7049 -0.2156 0.6758
vn -0.8146 -0.1495 0.5604
vn -0.8692 -0.4934 0.0325
vn -0.8683 -0.4945 0.0379
vn -0.4146 0.8103 0.4141
vn -0.4578 0.7932 -0.4016
vn -0.4322 0.8039 -0.4086
vn 0.8800 0.4721 -0.0523
vn 0.6872 0.7235 0.0655
vn 0.7052 0.6603 0.2582
vn 0.9208 0.3898 0.0131
vn 0.2567 -0.5038 0.8248
vn -0.6021 -0.3135 0.7343
vn -0.3165 -0.9486 -0.0036
vn -0.1152 0.9900 0.0809
vn -0.0122 0.9541 -0.2991
vn 0.0646 -0.4431 0.8941
vn -0.4513 0.1427 0.8809
vn -0.9559 -0.1467 0.2546
vn -0.9040 -0.4253 0.0438
vn 0.0043 -0.1258 -0.9920
vn 0.0489 -0.8588 -0.5100
vn -0.1032 -0.7602 0.6415
vn 0.6997 0.0660 -0.7114
vn 0.6975 0.7063 0.1208
vn 0.3412 -0.0186 0.9398
vn -0.6168 -0.6610 -0.4273
vn 0.3918 -0.2032 0.8973
vn -0.9422 -0.3313 -0.0500
vn 0.8088 0.5862 -0.0471
vn 0.0282 0.8353 0.5490
vn 0.5333 0.5006 0.6819
vn 0.8624 0.4986 -0.0877
vn 0.7709 0.5885 0.2435
vn 0.5670 -0.6856 0.4566
vn 0.6659 0.5607 -0.4921
vn 0.9078 0.4193 -0.0088
vn 0.9384 0.1096 0.3278
vn 0.3502 0.8869 0.3012
vn -0.8926 0.2991 0.3373
vn 0.7038 -0.0726 0.7067
vn 0.5791 -0.7096 0.4015
vn 0.6361 0.6552 -0.4075
vn 0.5837 0.5122 -0.6300
vn -0.8787 -0.4759 0.0369
vn 0.7526 0.3679 -0.5461
vn -0.8770 -0.4796 0.0277
vn 0.7537 0.3594 -0.5502
vn 0.8823 0.4695 -0.0326
vn 0.8658 -0.3095 0.3931
vn 0.6719 0.0893 0.7353
vn 0.5899 0.6289 -0.5064
vn 0.4484 0.1673 -0.8780
vn 0.7118 -0.2814 -0.6435
vn -0.4918 -0.8267 -0.2733
vn 0.6220 0.2462 0.7433
vn -0.3791 -0.9119 0.1572
vn -0.4775 -0.3716 0.7962
vn -0.9068 -0.4210 -0.0222
vn -0.7656 -0.3336 -0.5501
vn 0.6092 0.3677 -0.7026
vn -0.8625 -0.0355 0.5048
vn -0.7909 0.4593 -0.4044
vn 0.9109 0.2038 -0.3589
vn 0.4051 -0.6040 0.6864
vn 0.5371 -0.3704 0.7579
vn -0.8849 -0.3227 -0.3360
vn 0.9858 -0.0744 0.1505
vn 0.5705 0.0170 0.8211
vn 0.6151 0.0341 0.7877
vn 0.7176 0.6894 0.0986
vn 0.8246 -0.0610 0.5624
vn 0.7376 -0.2933 0.6083
vn 0.3647 -0.7226 -0.5872
vn 0.7241 -0.4602 0.5138
vn 0.0888 -0.8736 -0.4785
vn 0.4116 -0.7254 -0.5518
vn 0.0388 -0.9280 -0.3705
vn -0.8472 -0.1201 -0.5175
vn 0.5713 -0.0015 -0.8208
vn 0.5560 -0.2315 -0.7983
vn -0.7666 -0.2224 0.6024
vn -0.2953 -0.9219 -0.2507
vn 0.0571 -0.6458 -0.7613
vn -0.5110 -0.8040 -0.3041
vn -0.2479 -0.9267 0.2825
vn -0.2689 -0.9460 0.1812
vn -0.8924 -0.3657 -0.2645
vn -0.7009 0.4056 -0.5868
vn -0.3306 0.8034 0.4952
vn -0.4212 0.1456 -0.8952
vn -0.8800 -0.3708 0.2969
vn -0.9389 0.1862 -0.2895
vn -0.4403 -0.8383 0.3214
vn 0.6304 0.1390 -0.7637
vn 0.2907 0.9185 -0.2679
vn -0.3444 0.7466 -0.5692
vn 0.3274 0.4630 -0.8237
vn 0.7886 0.2467 -0.5633
vn 0.7162 0.0215 -0.6976
vn -0.5270 0.8003 0.2859
vn 0.9515 0.1115 -0.2866
vn 0.8673 -0.4929 0.0701
vn -0.3026 -0.3884 0.8704
vn -0.5322 -0.0303 0.8461
vn 0.6183 -0.2995 0.7266
vn 0.4513 0.7151 -0.5338
vn 0.4208 0.6442 0.6387
vn 0.7885 0.5860 -0.1865
vn 0.9842 0.1102 -0.1389
vn 0.3664 0.8337 0.4132
vn -0.2575 0.9548 -0.1485
vn -0.0607 0.9878 0.1431
vn -0.4828 0.6611 -0.5743
vn 0.2179 0.9367 0.2742
vn -0.3090 0.7917 -0.5270
vn -0.6653 0.4418 -0.6019
vn 0.1590 0.8370 0.5237
vn -0.5666 0.1130 0.8162
vn -0.7453 0.0791 0.6620
vn 0.0871 0.9824 0.1654
vn -0.7585 0.4641 -0.4575
vn 0.2468 -0.5101 -0.8239
vn 0.8241 -0.5658 -0.0263
vn 0.1615 -0.5272 -0.8342
vn 0.4741 -0.7193 -0.5078
vn 0.9923 -0.0609 0.1079
vn 0.9786 0.0959 0.1820
vn 0.9459 0.2800 0.1638
vn 0.4583 0.0626 0.8866
vn 0.8047 -0.0344 0.5927
vn 0.8937 0.3499 0.2807
vn 0.8895 0.3615 0.2795
vn 0.4372 0.6639 0.6068
vn 0.4312 0.6439 0.6320
vn 0.5470 0.6615 0.5130
vn 0.6306 0.5932 0.5004
vn 0.3212 -0.0476 0.9458
vn 0.8848 0.1675 0.4348
vn 0.8222 -0.3269 0.4660
vn 0.9035 -0.4163 -0.1014
vn 0.7104 -0.6739 -0.2028
vn 0.9424 0.1043 -0.3177
vn 0.6667 -0.0432 0.7441
vn 0.9137 -0.3985 -0.0790
vn 0.2372 0.3155 0.9188
vn -0.3747 0.4880 0.7883
vn 0.3915 0.8688 0.3034
vn 0.6883 -0.0914 0.7197
vn 0.8070 -0.1309 0.5759
vn -0.2169 -0.4046 0.8884
vn -0.3820 0.4931 0.7816
vn -0.4923 -0.6857 0.5362
vn -0.7969 0.0235 0.6036
vn -0.0832 0.3911 0.9166
vn -0.5957 0.3224 0.7357
vn -0.9116 0.2597 -0.3185
vn -0.6964 0.7176 -0.0090
vn -0.7991 0.5369 0.2705
vn -0.6721 0.6663 -0.3230
vn -0.8303 0.0331 -0.5563
vn -0.7578 0.0013 0.6525
vn -0.8438 0.0657 0.5326
vn -0.9851 0.0378 0.1679
vn -0.9510 -0.3014 -0.0684
vn -0.7980 -0.5954 -0.0931
vn -0.1728 -0.9032 -0.3930
vn -0.8630 0.4937 0.1078
vn -0.5847 -0.1711 0.7930
vn -0.5279 -0.2771 0.8028
vn -0.8716 0.4850 0.0712
vn -0.8747 0.4845 0.0118
vn -0.9330 0.3518 -0.0766
vn -0.5464 0.1939 -0.8147
vn -0.1111 0.1502 -0.9824
vn -0.8887 0.4549 -0.0566
vn -0.8932 0.4483 -0.0351
vn -0.8924 0.4510 0.0168
vn 0.1311 0.9907 0.0370
vn -0.8639 0.3111 0.3962
vn -0.8879 0.4069 0.2147
vn -0.9014 0.4328 -0.0115
vn -0.5653 0.0599 0.8227
vn -0.1546 -0.3154 0.9363
vn -0.8891 0.4556 0.0434
vn -0.8874 0.4555 0.0713
vn -0.8942 0.4438 0.0591
vn -0.9029 0.4295 -0.0169
vn -0.8422 0.4145 -0.3448
vn -0.1948 0.0142 -0.9807
vn -0.4451 -0.6783 0.5846
vn -0.9847 0.1640 0.0590
vn -0.9093 0.4144 0.0369
vn -0.9102 0.4133 -0.0260
vn -0.9642 0.2516 -0.0838
vn -0.8176 0.5440 -0.1884
vn -0.9239 0.3807 0.0394
vn -0.9295 0.3665 -0.0415
vn -0.9270 0.2624 0.2681
vn -0.9478 -0.0862 0.3069
vn -0.9318 0.3584 0.0575
vn -0.9296 0.3633 0.0622
vn -0.9188 0.3932 0.0338
vn -0.9331 0.3564 0.0487
vn -0.9299 0.3610 0.0708
vn -0.9500 0.3043 0.0699
vn -0.8942 0.2448 0.3747
vn -0.9285 0.2380 0.2849
vn -0.3020 -0.3165 0.8992
vn -0.2151 -0.3340 0.9177
vn 0.9245 -0.3631 0.1158
vn 0.9157 -0.4012 0.0221
vn -0.2325 -0.5956 0.7689
vn 0.0328 -0.8820 0.4702
vn -0.2331 -0.7935 0.5621
vn -0.6430 -0.5303 -0.5526
vn 0.9003 -0.4320 -0.0529
vn 0.9571 -0.2734 -0.0961
vn 0.9561 -0.2749 -0.1012
vn -0.7014 0.6922 -0.1698
vn 0.9919 -0.1186 -0.0455
vn -0.6251 -0.1357 0.7687
vn 0.9140 -0.3929 0.1007
vn 0.9048 -0.3973 0.1533
vn 0.9383 -0.3452 -0.0226
vn 0.9381 -0.3460 -0.0175
vn 0.8418 -0.1579 -0.5162
vn 0.0286 0.1407 -0.9896
vn -0.1127 0.3179 -0.9414
vn -0.6726 0.4480 -0.5890
vn -0.6762 0.4890 -0.5510
vn -0.9268 0.1299 0.3525
vn -0.9004 0.1378 0.4128
vn -0.9215 0.3785 0.0870
vn -0.9227 0.3715 0.1031
vn -0.9628 0.2458 0.1125
vn -0.8905 0.0859 0.4468
vn -0.5192 0.6648 -0.5372
vn -0.7904 0.5257 -0.3147
vn 0.1350 0.5781 -0.8047
vn 0.6997 0.0759 -0.7103
vn 0.7096 -0.0471 -0.7030
vn 0.6441 -0.0718 -0.7616
vn 0.9378 -0.3463 0.0239
vn 0.8169 -0.5356 0.2141
vn 0.8705 -0.4916 -0.0217
vn 0.8012 -0.5981 -0.0161
vn 0.9415 -0.1989 -0.2721
vn 0.9563 -0.1917 -0.2206
vn 0.8985 -0.4359 -0.0520
vn -0.0318 -0.9460 0.3226
vn 0.4823 -0.8694 0.1070
vn 0.9174 -0.3793 -0.1205
vn 0.9134 -0.3871 -0.1257
vn 0.9259 -0.3712 -0.0708
vn 0.9204 -0.3847 -0.0701
vn 0.9082 -0.4030 -0.1128
vn 0.9184 -0.3856 -0.0886
vn -0.7957 0.4406 -0.4155
vn 0.6465 -0.7310 -0.2185
vn -0.7729 -0.2130 0.5977
vn 0.9076 -0.4097 -0.0922
vn 0.9356 -0.3460 -0.0704
vn 0.9410 -0.3279 -0.0843
vn 0.9156 -0.2922 -0.2761
vn 0.8993 -0.3918 -0.1944
vn 0.8753 -0.4384 -0.2039
vn 0.9293 -0.3557 -0.0993
vn -0.6879 -0.7192 0.0978
vn 0.7720 -0.6209 0.1364
vn 0.6599 -0.7198 0.2154
vn 0.7936 -0.5832 0.1731
vn 0.5222 -0.4943 0.6949
vn 0.9371 -0.3386 0.0845
vn 0.9849 -0.1719 0.0223
vn 0.9348 -0.2246 -0.2751
vn 0.9395 -0.3152 -0.1343
vn -0.4141 -0.6801 0.6050
vn 0.2581 -0.5717 0.7788
vn -0.3997 -0.4446 0.8016
vn -0.9388 0.3443 0.0042
vn -0.7149 0.6814 -0.1568
vn -0.8564 0.4974 -0.1381
vn -0.8962 0.4420 -0.0384
vn -0.9059 0.4182 -0.0666
vn -0.9674 0.2368 -0.0893
vn -0.9061 0.4086 0.1099
vn -0.8905 0.4540 0.0291
vn -0.8840 0.4662 0.0360
vn -0.9096 0.4127 0.0481
vn -0.9109 0.3735 0.1753
vn 0.1438 -0.6216 0.7701
vn -0.7599 -0.6487 0.0418
vn -0.8943 0.4471 -0.0177
vn -0.8978 0.4398 -0.0230
vn -0.9276 0.3735 -0.0055
vn -0.9293 0.3683 -0.0276
vn -0.9369 0.3496 0.0033
vn -0.1711 0.1505 -0.9737
vn 0.0364 0.0032 -0.9993
vn 0.9327 -0.3584 0.0400
vn 0.9164 -0.3768 0.1348
vn 0.9225 -0.3607 0.1377
vn 0.7352 -0.5319 -0.4201
vn -0.3806 -0.9179 0.1120
vn -0.9270 0.3054 -0.2176
vn -0.9238 0.3826 -0.0117
vn -0.0132 0.0213 0.9997
vn 0.0023 -0.0222 -0.9998
vn -0.1013 0.2440 -0.9645
vn -0.9323 0.3602 -0.0341
vn -0.9378 0.3470 -0.0110
vn 0.2704 -0.2096 0.9397
vn -0.1121 -0.9196 0.3764
vn -0.2591 -0.9081 0.3290
vn 0.0463 0.1528 -0.9872
vn -0.0955 0.0404 -0.9946
vn -0.7700 0.2490 -0.5874
vn -0.6786 0.7236 -0.1265
vn -0.7593 -0.6218 0.1920
vn -0.6962 0.7103 -0.1035
vn 0.0431 0.1317 0.9903
vn -0.8877 0.3645 0.2811
vn -0.9030 0.3878 0.1851
vn -0.9213 0.3837 0.0631
vn -0.9319 0.3602 0.0419
vn -0.9024 0.4298 0.0296
vn -0.9278 0.3099 -0.2079
vn -0.9086 0.4166 0.0290
vn -0.9159 0.3981 0.0519
vn -0.9064 0.4200 0.0446
vn -0.2735 -0.6559 0.7036
vn -0.2433 -0.3994 0.8839
vn 0.9111 -0.4110 -0.0331
vn 0.8912 -0.4531 -0.0199
vn 0.9339 -0.3420 -0.1042
vn 0.9369 -0.3328 -0.1072
vn 0.9146 -0.4023 -0.0415
vn 0.8747 -0.4816 -0.0541
vn -0.0258 -0.2575 -0.9659
vn 0.3775 -0.7913 0.4810
vn 0.9876 -0.0116 0.1565
vn 0.9220 -0.3767 -0.0897
vn 0.9232 -0.3720 -0.0962
vn 0.8987 -0.4297 -0.0880
vn 0.8730 -0.4264 -0.2368
vn -0.1413 0.1977 -0.9700
vn 0.0954 0.1527 -0.9837
vn 0.7261 -0.3063 -0.6156
vn 0.8875 -0.4363 -0.1481
vn 0.8849 -0.4483 -0.1266
vn -0.0304 -0.4829 -0.8751
vn 0.1000 -0.5013 0.8595
vn 0.9293 -0.3485 -0.1224
vn 0.9309 -0.3611 -0.0545
vn 0.9042 -0.4182 -0.0867
vn 0.9081 -0.3868 -0.1601
vn 0.8937 -0.4327 -0.1183
vn 0.9277 -0.3316 -0.1715
vn 0.9078 -0.4157 -0.0559
vn 0.8294 -0.4629 -0.3129
vn 0.8614 -0.4961 -0.1085
vn 0.7749 -0.6257 -0.0894
vn -0.0345 -0.8439 0.5354
vn 0.9223 -0.3791 -0.0756
vn 0.8890 -0.4366 -0.1381
vn 0.8881 -0.4414 -0.1285
vn -0.0401 0.0296 -0.9988
vn 0.8217 -0.4853 -0.2988
vn 0.7656 -0.4037 -0.5009
vn 0.9125 -0.4052 -0.0559
vn 0.4318 -0.3162 0.8447
vn 0.3421 -0.3009 0.8902
vn 0.8997 -0.4303 -0.0735
vn 0.9250 -0.3705 -0.0843
vn 0.9107 -0.4127 -0.0189
vn 0.8981 -0.4314 -0.0850
vn 0.9013 -0.4216 -0.0993
vn 0.7409 -0.5045 0.4434
vn 0.8521 -0.5234 0.0004
vn 0.8829 -0.4526 -0.1247
vn 0.9133 -0.4073 0.0085
vn 0.5808 -0.2189 0.7841
vn 0.6476 -0.0100 0.7619
vn 0.4871 -0.1761 0.8554
vn 0.7181 -0.3525 0.6001
vn 0.8906 -0.4541 0.0256
vn 0.8784 -0.4163 -0.2346
vn 0.9004 -0.4342 0.0264
vn 0.9036 -0.4251 -0.0532
vn 0.5474 -0.5844 -0.5990
vn -0.2018 -0.1295 -0.9708
vn -0.1186 -0.1169 -0.9860
vn -0.8751 0.1427 -0.4624
vn -0.9387 0.3448 -0.0002
vn -0.6791 0.2762 0.6801
vn 0.0988 -0.0733 0.9924
vn 0.0419 -0.0407 0.9983
vn -0.6706 0.2764 0.6884
vn -0.9214 0.3860 0.0438
vn -0.9313 0.3588 -0.0627
vn -0.4331 -0.9007 -0.0328
vn 0.7366 -0.3095 0.6013
vn 0.6703 -0.3466 -0.6562
vn 0.9017 -0.4189 0.1069
vn 0.2823 -0.5205 0.8059
vn 0.4236 -0.8762 -0.2298
vn 0.9084 -0.4158 -0.0442
vn 0.8986 -0.4326 -0.0726
vn 0.9344 -0.3466 -0.0827
vn 0.4771 0.5137 -0.7130
vn 0.4627 0.7033 -0.5398
vn 0.8150 -0.4646 -0.3464
vn -0.3394 -0.9112 -0.2335
vn -0.4280 -0.6589 -0.6186
vn -0.1937 -0.6015 -0.7751
vn 0.4444 -0.5169 -0.7317
vn 0.5395 -0.6333 -0.5549
vn 0.8432 -0.4314 -0.3208
vn 0.4001 -0.8328 0.3826
vn 0.9815 0.0142 0.1909
vn 0.9649 -0.2510 -0.0779
vn 0.9545 -0.1343 0.2663
vn 0.8642 -0.1707 0.4732
vn 0.7231 -0.5622 0.4013
vn 0.7371 0.2190 0.6393
vn 0.6921 0.2480 0.6778
vn 0.9980 0.0126 -0.0621
vn 0.4979 0.0589 0.8652
vn 0.4982 0.0588 0.8650
vn 0.9916 0.0355 -0.1241
vn 0.9080 0.3437 0.2395
vn 0.6312 0.7647 -0.1299
vn -0.2796 0.8429 0.4596
vn 0.0357 0.3094 0.9503
vn -0.0948 0.9902 -0.1029
vn 0.0493 0.9948 0.0886
vn 0.8260 0.5392 -0.1642
vn 0.8199 0.5590 -0.1237
vn 0.6487 0.7424 -0.1674
vn 0.5618 0.8148 -0.1432
vn 0.5053 -0.1223 -0.8542
vn 0.3924 -0.0297 -0.9193
vn 0.8127 -0.3270 -0.4823
vn 0.5976 -0.6831 -0.4199
vn 0.4490 -0.7283 -0.5177
vn 0.4278 -0.8619 -0.2720
vn 0.7025 -0.4424 0.5575
vn 0.2863 -0.8213 0.4934
vn -0.2246 0.2203 0.9492
vn 0.4837 -0.2100 0.8497
vn 0.4820 -0.4546 0.7490
vn 0.8337 -0.3126 0.4553
vn 0.8379 -0.3416 0.4258
vn 0.8437 0.0383 0.5355
vn 0.2506 0.1750 0.9521
vn 0.1506 0.3725 0.9157
vn 0.3538 0.8271 0.4368
vn 0.2708 0.9276 0.2572
vn -0.6761 0.4664 0.5704
vn -0.6984 0.5202 0.4916
vn -0.8632 0.4924 0.1118
vn -0.8036 0.5823 -0.1228
vn -0.5061 0.3494 -0.7885
vn -0.6753 0.3320 -0.6585
vn -0.8105 0.2063 0.5482
vn 0.2323 0.2201 0.9474
vn -0.2358 0.4747 0.8480
vn -0.1101 0.5753 0.8105
vn -0.8586 0.4873 0.1588
vn 0.0237 0.2628 0.9646
vn -0.0238 0.7688 0.6391
vn 0.4378 0.8194 0.3701
vn 0.3228 0.4998 0.8037
vn -0.1266 0.9362 0.3280
vn -0.5844 0.7205 0.3734
vn -0.8077 0.5895 -0.0086
vn 0.1231 0.9894 -0.0775
vn -0.6667 0.6967 0.2647
vn -0.5094 0.5826 0.6333
vn -0.5466 0.5829 0.6013
vn -0.8930 0.1076 0.4370
vn -0.7054 -0.0219 0.7085
vn -0.3742 -0.3304 0.8665
vn -0.0447 -0.7640 0.6437
vn -0.6663 0.7233 -0.1815
vn -0.3814 0.8510 0.3609
vn 0.0551 0.7902 0.6103
vn -0.2521 0.5396 0.8033
vn -0.7591 0.5914 0.2721
vn -0.7247 0.6618 0.1920
vn -0.7839 0.5957 -0.1752
vn -0.7062 0.7009 -0.0997
vn -0.4965 0.8490 -0.1807
vn -0.6634 0.5489 0.5086
vn -0.7848 0.2071 -0.5841
vn -0.8850 0.3591 -0.2964
vn -0.7326 0.6133 -0.2953
vn -0.7238 0.6140 -0.3149
vn -0.6421 -0.7633 -0.0709
vn -0.5457 -0.8049 -0.2331
vn -0.8780 0.4639 0.1175
vn -0.3954 -0.1853 0.8996
vn -0.5204 -0.6676 -0.5325
vn -0.5221 -0.6365 -0.5677
vn -0.5806 -0.5417 -0.6079
vn -0.8922 0.0257 -0.4509
vn -0.7492 0.2197 -0.6248
vn -0.7997 0.5923 -0.0980
vn -0.9345 0.3451 0.0871
vn -0.8784 0.4681 0.0968
vn -0.8324 0.5526 -0.0415
vn -0.9416 0.3067 0.1391
vn -0.4275 -0.5111 0.7457
vn -0.4166 -0.5163 0.7483
vn -0.9109 0.3963 0.1153
vn -0.9068 0.4041 0.1201
vn -0.9126 0.3831 0.1427
vn -0.9124 0.3835 0.1433
vn -0.9165 0.3748 0.1402
vn -0.9203 0.3721 0.1207
vn -0.8015 -0.5706 0.1786
vn -0.8618 0.4938 -0.1161
vn -0.8554 0.5164 0.0398
vn 0.1026 0.8779 -0.4677
vn -0.3276 0.8700 -0.3685
vn 0.1491 0.7051 -0.6933
vn -0.8818 0.4685 0.0540
vn -0.8962 0.4427 0.0285
vn -0.9114 0.4071 0.0594
vn 0.9787 0.2035 -0.0253
vn -0.9037 0.4049 0.1395
vn -0.7356 0.1938 0.6491
vn -0.7197 -0.5760 0.3876
vn 0.1084 -0.8314 0.5449
vn -0.7000 0.6842 -0.2046
vn 0.2418 0.8765 -0.4162
vn 0.2943 0.8701 -0.3954
vn 0.0770 0.9691 -0.2342
vn 0.5727 0.8088 -0.1338
vn 0.9665 0.0490 -0.2520
vn 0.0550 0.6821 -0.7292
vn 0.9486 -0.0695 -0.3087
vn 0.9199 -0.0766 -0.3846
vn 0.1016 0.2849 -0.9532
vn 0.4330 0.1198 -0.8934
vn 0.6396 0.2292 -0.7338
vn 0.3091 0.4606 -0.8321
vn 0.0618 0.5042 -0.8614
vn -0.1015 0.6386 -0.7628
vn 0.7173 0.6179 0.3220
vn 0.7060 0.6173 0.3473
vn 0.7792 0.1620 -0.6055
vn -0.0046 0.3689 -0.9294
vn 0.0655 0.4003 -0.9140
vn -0.0420 0.4097 -0.9112
vn -0.6212 0.5123 -0.5930
vn 0.2068 0.6940 -0.6896
vn -0.5551 -0.7521 0.3553
vn -0.5940 0.8045 -0.0018
vn -0.5195 0.5540 -0.6505
vn -0.9443 0.0482 -0.3256
vn -0.9760 -0.2146 0.0363
vn -0.9060 0.4224 -0.0286
vn -0.4030 0.0909 -0.9107
vn -0.9152 -0.0056 0.4030
vn -0.6284 -0.7760 0.0534
vn -0.9057 0.4133 0.0944
vn -0.4813 0.7368 -0.4748
vn -0.6080 0.2988 -0.7356
vn -0.5953 -0.1043 -0.7967
vn -0.4854 -0.2328 -0.8427
vn -0.9003 0.4352 -0.0041
vn -0.7561 0.4021 -0.5165
vn -0.7268 0.4080 -0.5525
vn -0.8854 0.4532 0.1031
vn -0.7815 -0.6237 0.0125
vn -0.9427 0.1036 0.3173
vn -0.5118 0.7775 0.3654
vn -0.6170 0.6241 -0.4794
vn -0.6016 0.6205 -0.5031
vn -0.0092 0.9707 -0.2401
vn -0.4593 0.6805 0.5710
vn -0.3271 0.4873 0.8097
vn -0.0238 0.9831 -0.1817
vn 0.2894 0.9396 0.1826
vn 0.6110 0.7566 0.2330
vn 0.8400 0.4102 0.3552
vn 0.9047 0.0624 -0.4215
vn 0.8809 -0.3791 0.2833
vn 0.9646 -0.2637 -0.0099
vn 0.5018 -0.7263 -0.4698
vn 0.8926 0.4343 0.1210
vn 0.5171 0.8551 -0.0385
vn 0.8503 0.4270 0.3077
vn 0.0227 0.8769 0.4802
vn -0.0518 0.9915 -0.1196
vn -0.6151 0.7785 0.1244
vn 0.4744 0.1658 0.8646
vn 0.3959 0.2885 0.8718
vn 0.5333 0.6864 0.4944
vn 0.7496 0.6492 0.1288
vn 0.8807 0.3022 -0.3647
vn 0.8798 -0.1269 -0.4580
vn 0.8689 0.3487 -0.3513
vn 0.3685 -0.0961 -0.9246
vn 0.6511 -0.2736 -0.7079
vn 0.9578 0.2719 0.0928
vn 0.9674 -0.1768 -0.1811
vn 0.7631 -0.6410 0.0827
vn 0.6176 -0.7860 0.0289
vn -0.2098 -0.9107 0.3558
vn -0.4260 -0.8522 0.3036
vn 0.1441 -0.9860 -0.0843
vn 0.3488 -0.8878 -0.3003
vn 0.5888 -0.1181 -0.7996
vn -0.2443 -0.9530 -0.1794
vn 0.6116 -0.2430 -0.7530
vn 0.2867 -0.5227 0.8029
vn -0.1834 -0.3980 -0.8989
vn 0.8994 -0.4356 -0.0366
vn 0.8701 -0.4333 -0.2349
vn 0.8991 -0.4231 -0.1123
vn 0.9272 -0.3743 0.0124
vn 0.1360 -0.0733 -0.9880
vn 0.8550 -0.5180 -0.0250
vn 0.9169 -0.3990 -0.0036
vn 0.7580 -0.3398 0.5567
vn 0.0115 -0.4616 0.8870
vn -0.8690 0.4608 0.1803
vn -0.8978 0.4197 0.1333
vn -0.5418 0.1883 0.8191
vn -0.9271 0.3745 0.0171
vn -0.6696 0.2499 -0.6994
vn 0.5982 -0.3815 -0.7047
vn 0.9221 -0.2086 -0.3258
vn 0.9480 -0.3039 -0.0942
vn 0.9230 -0.3839 0.0265
vn 0.9095 -0.4115 -0.0594
vn 0.9097 -0.4134 0.0400
vn 0.9180 -0.3966 0.0065
vn 0.9176 -0.3925 -0.0626
vn 0.8693 -0.4752 -0.1358
vn 0.6788 -0.5831 -0.4464
vn 0.8811 -0.4384 -0.1772
vn 0.9039 -0.3854 -0.1855
vn 0.9398 -0.3196 -0.1208
vn 0.9177 -0.3323 -0.2175
vn 0.1817 -0.9762 0.1182
vn 0.8911 -0.4503 -0.0560
vn 0.9655 0.0519 -0.2550
vn 0.3201 -0.7515 0.5769
vn 0.9123 -0.4011 -0.0829
vn 0.2872 0.6403 -0.7124
vn -0.6139 0.7240 -0.3145
vn -0.7898 0.0122 -0.6133
vn -0.9317 0.2075 0.2980
vn -0.7528 0.4375 -0.4918
vn -0.8845 0.3571 -0.3004
vn -0.2302 0.1696 -0.9583
vn 0.6583 0.0545 -0.7508
vn 0.8247 -0.5651 0.0207
vn 0.8663 -0.4860 0.1153
vn 0.9221 -0.3787 -0.0802
vn 0.9156 -0.3803 -0.1309
vn 0.9263 -0.3587 -0.1156
vn 0.8616 -0.5072 -0.0189
vn 0.0629 0.2144 -0.9747
vn 0.9299 -0.3564 -0.0908
vn 0.9549 -0.2961 -0.0199
vn 0.9424 -0.3316 -0.0451
vn 0.2182 -0.1374 -0.9662
vn -0.8830 0.3503 -0.3124
vn -0.8892 0.1872 0.4175
vn 0.1203 -0.6100 0.7832
vn -0.9188 0.1847 0.3488
vn -0.9058 0.4199 -0.0574
vn -0.9002 0.4322 -0.0541
vn -0.4417 -0.2739 0.8543
vn 0.3216 -0.7342 0.5980
vn -0.9172 0.3765 0.1303
vn -0.9223 0.3860 -0.0205
vn -0.8689 0.4776 0.1298
vn 0.3888 -0.0699 0.9187
vn -0.9088 0.4072 0.0913
vn -0.9132 0.4060 -0.0349
vn -0.9811 0.1490 -0.1235
vn -0.8955 -0.0948 0.4349
vn -0.6127 0.3861 -0.6895
vn -0.9252 0.3794 -0.0052
vn -0.9362 0.0343 0.3498
vn -0.0669 -0.0168 0.9976
vn -0.8132 0.5447 -0.2049
vn -0.8780 0.4774 0.0348
vn -0.3076 -0.2683 0.9129
vn -0.0695 -0.0772 0.9946
vn -0.8295 0.5585 -0.0037
vn -0.9462 0.3067 0.1032
vn -0.8848 0.4651 -0.0270
vn -0.5690 0.8166 0.0968
vn -0.8487 0.5169 -0.1118
vn -0.3142 0.3132 -0.8962
vn -0.5625 -0.0531 -0.8251
vn -0.9293 -0.1779 -0.3236
vn -0.8818 0.1378 -0.4510
vn -0.9726 -0.0901 0.2143
vn -0.8168 0.5288 0.2307
vn -0.0504 0.1883 0.9808
vn -0.7778 0.5419 -0.3183
vn -0.7756 -0.0180 -0.6310
vn -0.7850 -0.3096 -0.5366
vn -0.9868 0.0855 -0.1376
vn -0.5588 0.8181 0.1363
vn -0.4883 0.3606 0.7947
vn 0.2416 0.0004 0.9704
vn -0.3928 0.3004 0.8692
vn 0.4802 -0.2163 0.8501
vn 0.8200 -0.1453 0.5536
vn 0.8645 -0.3170 -0.3902
vn 0.7677 -0.6216 0.1555
vn 0.0495 0.7910 0.6098
vn 0.0743 -0.2772 0.9579
vn -0.8298 -0.3563 -0.4296
vn -0.0062 -0.6900 -0.7238
vn 0.5138 -0.1236 -0.8490
vn 0.7598 -0.6009 0.2481
vn 0.5683 0.1205 0.8140
vn 0.0445 -0.3442 0.9378
vn 0.2641 -0.5224 0.8108
vn 0.8408 0.3642 0.4005
vn 0.8636 -0.2442 -0.4410
vn 0.9003 -0.2722 0.3397
vn 0.6253 -0.5763 0.5262
vn 0.4512 -0.8924 0.0107
vn 0.8988 -0.1780 -0.4006
vn 0.1831 -0.4804 -0.8578
vn 0.5106 -0.6872 -0.5167
vn 0.5474 -0.8366 -0.0205
vn -0.0786 -0.3415 -0.9366
vn -0.3716 -0.8252 0.4254
vn 0.9101 -0.4110 -0.0525
vn 0.2856 -0.6392 0.7141
vn 0.8927 -0.4489 -0.0409
vn 0.9064 -0.4160 -0.0733
vn 0.8769 -0.4801 0.0259
vn 0.8273 -0.5180 -0.2172
vn 0.8602 -0.4406 -0.2567
vn -0.0973 -0.6949 0.7125
vn -0.9455 0.2663 -0.1874
vn -0.2361 -0.9650 0.1139
vn -0.9387 0.3418 -0.0436
vn -0.0913 -0.1911 0.9773
vn -0.8786 0.4709 0.0789
vn -0.8991 0.4250 0.1047
vn -0.9639 0.2618 0.0478
vn -0.7288 -0.0581 -0.6823
vn -0.9590 -0.0734 -0.2739
vn -0.6709 0.4934 0.5536
vn -0.1051 0.4139 0.9043
vn 0.3681 0.7882 0.4932
vn 0.1776 0.3216 0.9301
vn 0.2140 0.9166 0.3377
vn 0.4081 0.6610 0.6297
vn 0.8316 0.3973 0.3880
vn 0.7049 0.3459 -0.6193
vn 0.3785 0.7111 -0.5926
vn 0.3262 0.8688 0.3726
vn -0.0064 0.4586 0.8886
vn 0.2756 0.5334 0.7997
vn 0.9544 0.2654 0.1369
vn 0.8716 -0.3225 0.3693
vn 0.8647 0.1637 -0.4748
vn 0.9805 0.0675 -0.1845
vn 0.9239 -0.2614 0.2794
vn 0.3745 0.1026 -0.9215
vn 0.6912 -0.2940 -0.6602
vn 0.5157 -0.3059 -0.8003
vn 0.9836 -0.0477 -0.1737
vn 0.8695 0.4160 0.2662
vn 0.3704 0.7334 -0.5701
vn 0.8868 0.2413 -0.3942
vn 0.5614 0.6227 -0.5450
vn 0.1183 0.9258 0.3589
vn 0.3566 0.9343 0.0015
vn 0.0559 0.9167 0.3956
vn -0.8783 0.3437 -0.3324
vn -0.3826 0.5877 0.7129
vn -0.1862 0.7577 0.6255
vn 0.1181 0.0545 0.9915
vn -0.9288 0.2365 -0.2851
vn -0.5688 -0.2465 0.7847
vn -0.8448 -0.3279 0.4229
vn -0.9686 0.1566 0.1931
vn -0.7568 0.3249 0.5671
vn -0.6989 0.4231 0.5767
vn 0.7204 -0.4659 -0.5138
vn -0.1959 0.5029 0.8419
vn -0.6296 0.7588 -0.1668
vn -0.2172 0.3829 0.8979
vn -0.8147 -0.2904 0.5019
vn -0.2273 -0.5944 0.7713
vn 0.4427 -0.6667 0.5996
vn 0.2518 0.5404 0.8028
vn 0.4446 0.1642 0.8806
vn 0.3200 -0.6287 0.7088
vn -0.0597 -0.4399 0.8961
vn 0.3949 0.3911 0.8313
vn -0.8837 0.2833 0.3726
vn -0.0051 0.1250 0.9921
vn -0.1246 0.6086 0.7836
vn -0.4509 -0.2069 0.8683
vn -0.3117 0.0565 0.9485
vn -0.3863 -0.0246 0.9221
vn -0.5887 -0.0071 0.8083
vn -0.5521 0.1090 0.8266
vn 0.4137 0.7575 0.5051
vn -0.9625 0.1205 0.2429
vn -0.8037 -0.5850 -0.1084
vn 0.0570 0.7581 0.6496
vn -0.2050 0.6677 0.7156
vn -0.4861 -0.3849 0.7845
vn -0.3520 -0.5071 0.7867
vn -0.0098 0.1587 0.9873
vn 0.0260 0.1077 0.9938
vn 0.5597 0.0825 0.8246
vn 0.3105 0.3930 0.8655
vn -0.7963 0.0121 0.6047
vn 0.3008 0.0661 0.9514
vn 0.5020 -0.8279 0.2502
vn 0.3121 -0.7254 0.6135
vn 0.2573 -0.8218 0.5084
vn -0.5176 0.0700 0.8528
vn -0.0832 -0.0861 0.9928
vn 0.2905 -0.5250 0.8000
vn -0.3194 -0.5684 0.7582
vn 0.3859 -0.7827 0.4883
vn 0.0398 -0.9992 0.0026
vn -0.5941 -0.8031 -0.0459
vn -0.3879 -0.9049 -0.1753
vn 0.3988 -0.9119 -0.0972
vn 0.3890 -0.9171 -0.0871
vn -0.3485 -0.8143 -0.4641
vn 0.5280 0.6084 -0.5925
vn 0.5510 0.5956 -0.5845
vn 0.2999 0.9144 -0.2719
vn 0.6708 -0.7284 0.1393
vn 0.8025 -0.4693 0.3686
vn 0.3952 0.0763 0.9154
vn -0.1458 0.7276 0.6704
vn 0.6583 0.5586 -0.5046
vn 0.6436 0.5675 -0.5136
vn -0.7379 0.6238 0.2576
vn -0.7748 0.3717 0.5115
vn 0.3751 0.8834 0.2810
vn 0.2925 0.2392 0.9259
vn 0.8909 -0.2678 0.3669
vn 0.7637 -0.5286 0.3707
vn 0.5203 -0.7946 -0.3129
vn 0.8387 0.4010 -0.3683
vn 0.5916 0.3081 -0.7451
vn 0.5913 0.2922 -0.7517
vn 0.3982 0.5071 -0.7644
vn -0.7431 -0.0031 -0.6691
vn 0.0761 0.5209 -0.8502
vn -0.5596 0.1921 -0.8062
vn -0.9304 -0.2127 0.2986
vn -0.8197 -0.3930 0.4168
vn -0.7025 -0.5951 0.3904
vn -0.6900 -0.5852 0.4260
vn 0.3151 -0.3376 -0.8870
vn -0.5858 -0.6389 0.4986
vn 0.5137 -0.4354 -0.7393
vn 0.3447 0.1750 -0.9223
vn 0.8110 0.1995 -0.5500
vn 0.7699 0.2796 -0.5736
vn -0.0224 -0.5072 -0.8615
vn 0.3519 -0.8868 0.2997
vn -0.5105 -0.0618 0.8577
vn 0.2679 0.2639 0.9266
vn 0.2097 0.4440 0.8712
vn 0.4588 0.3868 0.7999
vn -0.1056 -0.8537 0.5100
vn 0.9109 0.1394 0.3884
vn 0.8988 0.1935 0.3933
vn 0.2071 -0.5984 -0.7740
vn 0.7760 -0.5996 -0.1959
vn -0.5350 -0.4635 -0.7064
vn -0.6755 -0.2059 -0.7080
vn -0.6742 -0.2052 -0.7095
vn -0.9892 0.0975 -0.1095
vn -0.1436 -0.9852 -0.0934
vn -0.6982 -0.2284 0.6785
vn -0.5406 -0.7220 -0.4317
vn -0.2255 -0.3281 0.9173
vn 0.7046 -0.4604 0.5399
vn 0.7167 0.3649 0.5942
vn 0.1035 0.7420 0.6624
vn -0.0309 0.8625 0.5050
vn -0.8204 0.5581 0.1243
vn -0.1011 0.6474 0.7554
vn -0.6830 0.7267 -0.0734
vn -0.6645 0.6920 0.2821
vn -0.7463 0.6070 0.2731
vn -0.3592 0.9186 -0.1648
vn -0.5060 0.0644 0.8601
vn -0.4575 -0.5947 0.6611
vn -0.4890 -0.6534 0.5778
vn -0.1962 0.4138 0.8890
vn 0.7322 0.6724 0.1084
vn -0.4700 0.8565 0.2133
vn -0.5806 -0.2862 0.7622
vn 0.2131 -0.3525 0.9112
vn 0.8979 0.3498 0.2673
vn 0.5127 -0.5473 0.6615
vn 0.9229 0.0453 -0.3823
vn 0.3017 -0.8623 -0.4067
vn 0.5646 0.1182 0.8169
vn 0.7328 0.6365 -0.2405
vn 0.9700 0.1101 0.2169
vn -0.0549 -0.1748 0.9831
vn 0.0692 0.3310 0.9411
vn -0.4262 0.4312 0.7952
vn -0.3577 0.5516 0.7535
vn -0.6951 0.1995 -0.6907
vn -0.6001 0.1578 -0.7842
vn 0.0700 -0.7958 -0.6014
vn 0.6937 0.5836 -0.4222
vn 0.4005 0.3146 -0.8606
vn -0.9509 -0.0291 -0.3082
vn -0.9748 -0.0070 -0.2229
vn 0.4222 -0.3626 0.8309
vn 0.3528 -0.9298 -0.1048
vn -0.7676 -0.5245 -0.3683
vn -0.9300 -0.3645 -0.0480
vn -0.3859 0.4592 0.8001
vn -0.3965 0.3270 0.8578
vn -0.8312 0.3522 0.4301
vn -0.2958 -0.5074 0.8094
vn 0.0175 -0.7653 0.6434
vn -0.9988 0.0484 0.0101
vn 0.1395 0.3471 0.9274
vn -0.2661 0.6794 0.6838
vn 0.0738 0.8782 0.4725
vn -0.9124 0.3230 0.2513
vn -0.6819 0.1603 0.7137
vn 0.5635 0.7036 0.4330
vn 0.9926 -0.0856 -0.0858
vn 0.9375 -0.3008 0.1749
vn 0.6364 -0.7709 0.0282
vn -0.0711 0.3594 0.9305
vn 0.0130 0.1033 0.9946
vn -0.7513 0.4162 0.5121
vn 0.2450 -0.8895 -0.3857
vn 0.1058 -0.8453 -0.5238
vn 0.0359 -0.8325 -0.5529
vn 0.1728 -0.7582 -0.6287
vn -0.1709 -0.6241 -0.7625
vn 0.0481 -0.5864 -0.8086
vn 0.6100 -0.7449 0.2701
vn -0.1398 0.2427 0.9600
vn 0.5273 0.1945 0.8271
vn 0.8858 -0.4418 0.1418
vn 0.8436 0.2054 -0.4961
vn 0.7173 0.6840 0.1329
vn 0.9807 -0.1953 0.0041
vn 0.2703 0.7131 0.6469
vn 0.8746 0.4844 0.0188
vn -0.5918 0.6660 0.4541
vn -0.5398 0.6792 0.4973
vn -0.5403 0.6786 0.4976
vn -0.4728 0.7008 0.5342
vn -0.4893 0.2745 -0.8278
vn -0.4164 0.2464 -0.8751
vn 0.5536 -0.6584 -0.5100
vn 0.5226 -0.7364 -0.4296
vn 0.4777 -0.7302 -0.4885
vn 0.8591 -0.2826 -0.4267
vn 0.5344 -0.6669 -0.5193
vn 0.5730 0.7845 -0.2372
vn -0.0401 -0.9396 0.3398
vn -0.3074 -0.7170 -0.6256
vn -0.7688 -0.4434 -0.4608
vn 0.8578 -0.2844 -0.4282
vn 0.0995 0.9740 0.2034
vn -0.4796 0.2946 -0.8266
vn -0.3881 0.2691 -0.8815
vn -0.5147 0.7094 0.4815
vn -0.5906 0.6717 0.4472
vn -0.8491 0.4717 0.2377
vn -0.5210 0.6643 0.5360
vn -0.1457 0.8633 0.4831
vn 0.8426 -0.3466 -0.4122
vn 0.4692 -0.7362 -0.4876
vn 0.3356 0.9420 0.0079
vn 0.0394 0.6153 0.7873
vn -0.6657 0.5416 0.5133
vn 0.8345 -0.5509 -0.0119
vn -0.8815 0.2498 -0.4006
vn 0.4476 -0.6660 -0.5967
vn -0.9460 0.2697 0.1797
vn 0.4805 -0.7271 -0.4904
vn -0.8769 0.3394 0.3405
vn 0.1885 -0.7888 -0.5850
vn -0.8739 0.3481 0.3392
vn -0.4713 0.7076 0.5264
vn 0.5564 -0.7929 0.2484
vn 0.7376 -0.5431 -0.4013
vn -0.4114 -0.7752 -0.4794
vn -0.4771 -0.7640 -0.4344
vn 0.4055 0.5006 0.7648
vn -0.3197 -0.9463 0.0485
vn -0.9840 0.0053 -0.1779
vn -0.0186 0.8883 0.4589
vn -0.9898 -0.1164 0.0826
vn 0.4273 -0.4290 -0.7959
vn 0.1580 0.9474 -0.2784
vn 0.7634 0.1956 0.6156
vn 0.1265 0.2953 0.9470
vn 0.2932 -0.8949 0.3364
vn 0.4460 0.4382 0.7804
vn -0.9340 0.1565 -0.3213
vn 0.7826 0.0709 0.6184
vn 0.3550 0.8959 0.2670
vn -0.0094 -0.7453 -0.6667
vn -0.2486 -0.7461 -0.6176
vn -0.0649 -0.9041 0.4224
vn -0.8167 -0.5766 -0.0241
vn -0.0499 -0.9988 -0.0014
vn -0.8816 0.3492 -0.3174
vn -0.8720 0.2511 0.4201
vn -0.4506 -0.6946 -0.5608
vn 0.2781 0.8447 -0.4573
vn -0.1367 -0.7450 -0.6529
vn -0.1005 -0.7404 -0.6646
vn 0.1818 -0.5330 -0.8264
vn 0.4389 0.7664 -0.4690
vn 0.8772 0.0565 -0.4769
vn 0.7588 0.6472 0.0728
vn 0.3726 0.7906 -0.4859
vn -0.6667 0.1869 -0.7216
vn -0.0757 0.5770 -0.8132
vn 0.3424 0.7311 -0.5901
vn -0.8300 0.1233 -0.5439
vn -0.7365 -0.3079 -0.6023
vn 0.0862 -0.2350 -0.9682
vn -0.0282 -0.6465 -0.7624
vn -0.7274 -0.5953 -0.3415
vn -0.6372 0.2488 -0.7295
vn -0.7615 0.1562 -0.6291
vn 0.1625 0.1615 -0.9734
vn 0.3330 -0.5075 -0.7947
vn 0.7526 0.3638 -0.5489
vn -0.0252 0.9340 -0.3563
vn 0.5306 0.8245 -0.1967
vn -0.5000 0.6853 0.5295
vn -0.7582 0.6459 0.0891
vn 0.2938 0.9559 -0.0003
vn 0.0521 0.7596 -0.6483
vn -0.8442 0.4066 -0.3493
vn -0.4761 0.7439 0.4690
vn -0.7512 0.6091 0.2543
vn -0.3778 0.7558 0.5348
vn -0.0332 0.9037 0.4268
vn -0.3389 0.7110 -0.6162
vn -0.5491 0.8207 0.1579
vn -0.2283 0.7232 0.6518
vn 0.1373 0.8062 0.5755
vn 0.3698 0.9239 -0.0983
vn 0.2617 0.3853 0.8849
vn 0.3619 0.2143 0.9073
vn -0.1148 -0.7116 0.6932
vn -0.0861 0.2023 0.9755
vn -0.7252 0.1946 0.6605
vn -0.0720 0.5807 -0.8109
vn -0.0804 0.5796 -0.8109
vn 0.4524 0.8794 0.1483
vn 0.9057 0.3822 -0.1835
vn 0.5683 0.6538 -0.4997
vn 0.8002 0.3616 -0.4784
vn 0.2391 0.8197 -0.5205
vn 0.0442 0.9963 -0.0732
vn -0.0082 0.6264 -0.7794
vn -0.2150 0.9683 -0.1275
vn -0.5686 0.3590 -0.7401
vn -0.2216 0.9160 -0.3343
vn 0.3362 0.2127 -0.9175
vn -0.8665 0.3538 -0.3521
vn 0.4189 0.8616 -0.2867
vn 0.3072 0.0691 -0.9491
vn -0.0190 0.4065 0.9135
vn 0.3117 0.4259 -0.8494
vn 0.2595 -0.0070 0.9657
vn 0.5055 -0.5987 0.6214
vn -0.7870 -0.4783 0.3896
vn -0.3279 0.7185 -0.6134
vn 0.5212 -0.7967 -0.3060
vn 0.4708 0.5285 -0.7065
vn -0.4284 -0.5206 -0.7385
vn 0.3360 -0.8602 0.3836
vn 0.1736 -0.4320 -0.8850
vn -0.6713 -0.6523 -0.3519
vn -0.4156 -0.7505 0.5138
vn -0.8687 -0.1405 0.4750
vn -0.6540 -0.5298 0.5400
vn -0.0878 0.2502 0.9642
vn -0.0070 -0.0860 0.9963
vn -0.3756 -0.7809 0.4992
vn 0.0675 -0.2387 0.9687
vn -0.0296 0.0477 0.9984
vn -0.0316 0.4700 0.8821
vn 0.6147 0.5465 0.5687
vn 0.3120 0.8895 -0.3338
vn -0.2302 0.9564 0.1800
vn -0.0685 0.9374 -0.3413
vn -0.0961 0.6483 -0.7553
vn -0.5651 -0.7995 0.2038
vn -0.4857 -0.8406 -0.2396
vn -0.5479 -0.2104 -0.8097
vn 0.0146 0.5530 -0.8331
vn -0.1360 0.6042 -0.7851
vn 0.3460 0.1861 -0.9196
vn 0.8471 -0.3368 -0.4110
vn 0.0599 -0.8681 0.4928
vn -0.1327 -0.7596 0.6368
vn 0.1281 -0.8352 0.5349
vn 0.2305 -0.9132 -0.3360
vn 0.9791 -0.0815 -0.1865
vn 0.2659 -0.5500 -0.7917
vn 0.2183 -0.8365 -0.5026
vn -0.9442 0.2221 -0.2434
vn -0.4399 -0.1151 0.8906
vn -0.5983 -0.8000 -0.0465
vn 0.2410 -0.9219 -0.3035
vn -0.4581 -0.8888 -0.0108
vn -0.1301 -0.4797 0.8677
vn -0.6414 0.1668 0.7488
vn -0.6367 -0.1104 0.7632
vn -0.1073 -0.0918 0.9900
vn -0.9091 0.4142 -0.0445
vn -0.6292 -0.0765 0.7735
vn -0.8823 -0.4611 -0.0946
vn -0.4252 -0.8811 -0.2071
vn -0.9718 -0.2357 0.0071
vn -0.8608 -0.4555 0.2272
vn -0.7055 -0.2881 0.6475
vn -0.9077 -0.1451 0.3937
vn -0.8965 -0.2861 0.3383
vn -0.8535 -0.2831 0.4375
vn -0.3586 0.6608 0.6594
vn -0.0996 0.1020 0.9898
vn -0.0280 -0.9595 0.2804
vn -0.4655 0.1207 0.8768
vn -0.7846 -0.1674 0.5970
vn 0.3135 0.8701 0.3804
vn -0.5673 0.3333 0.7531
vn -0.3922 0.7914 0.4689
vn -0.8414 0.1982 0.5028
vn 0.6292 0.4090 0.6609
vn -0.5425 0.8124 -0.2136
vn -0.8019 0.4877 -0.3450
vn -0.4961 0.0215 -0.8680
vn -0.5967 -0.1744 -0.7833
vn -0.9569 0.1946 0.2156
vn -0.7173 0.4198 0.5561
vn -0.7943 0.6075 0.0021
vn -0.9572 0.1866 0.2213
vn -0.9554 0.1878 0.2279
vn -0.8301 0.3070 0.4655
vn -0.5625 -0.4502 -0.6935
vn -0.0721 0.5750 -0.8150
vn -0.2269 0.5419 -0.8092
vn -0.6190 -0.0763 -0.7816
vn -0.8630 0.2748 0.4240
vn -0.9873 0.1482 -0.0573
vn -0.9840 0.0558 -0.1691
vn -0.9788 0.1863 -0.0850
vn -0.9414 -0.2922 -0.1683
vn -0.8687 0.3806 -0.3171
vn -0.7655 0.2943 -0.5721
vn -0.7586 -0.5390 -0.3660
vn -0.6052 -0.4201 -0.6762
vn -0.7473 0.0398 -0.6633
vn -0.2490 -0.4552 -0.8549
vn 0.6917 0.0320 -0.7215
vn 0.6582 -0.0672 -0.7499
vn -0.3596 -0.7514 -0.5533
vn 0.1347 -0.6454 -0.7519
vn 0.4393 -0.6228 -0.6474
vn 0.4622 -0.6341 -0.6199
vn 0.7799 -0.5429 -0.3116
vn 0.7606 -0.5886 -0.2738
vn 0.6963 -0.5207 -0.4939
vn 0.5345 -0.5328 -0.6561
vn 0.4971 -0.4621 -0.7344
vn 0.6870 -0.3154 -0.6546
vn 0.2819 -0.4136 -0.8657
vn 0.1072 -0.6291 -0.7699
vn -0.2196 -0.5134 -0.8296
vn -0.5718 -0.0976 -0.8145
vn -0.5160 -0.3200 -0.7946
vn -0.7792 -0.2280 -0.5838
vn 0.5789 0.8143 -0.0432
vn 0.9293 0.3659 0.0505
vn 0.9045 0.1693 -0.3915
vn 0.6725 0.4578 -0.5815
vn 0.4553 0.7408 -0.4939
vn 0.4163 0.3121 -0.8540
vn 0.2449 0.4705 -0.8478
vn 0.4547 0.8781 -0.1489
vn -0.5915 -0.1139 -0.7982
vn -0.6566 0.4097 -0.6333
vn -0.8581 -0.1165 -0.5002
vn -0.7893 0.5062 -0.3476
vn -0.9204 0.3910 0.0057
vn -0.8107 -0.1266 -0.5716
vn -0.3564 -0.4428 -0.8228
vn -0.5848 -0.1815 -0.7906
vn -0.7995 0.3954 -0.4521
vn -0.5373 0.0794 -0.8397
vn 0.5881 0.4304 0.6848
vn -0.3120 0.6195 0.7204
vn -0.5722 0.7168 0.3984
vn -0.8260 0.3900 0.4071
vn -0.2901 0.5263 0.7993
vn -0.3834 0.1535 0.9107
vn 0.0276 0.3990 0.9165
vn 0.8392 -0.4837 0.2486
vn 0.2816 -0.5683 0.7731
vn 0.0048 0.1050 0.9945
vn 0.0722 -0.0544 0.9959
vn 0.5920 -0.5331 0.6044
vn 0.1737 -0.8164 0.5507
vn 0.7937 -0.1861 0.5791
vn 0.7737 -0.3804 0.5066
vn 0.2711 0.7869 -0.5543
vn 0.6503 -0.6568 -0.3817
vn 0.0547 -0.9739 -0.2204
vn 0.8153 -0.5619 -0.1396
vn 0.7249 -0.1587 -0.6704
vn 0.5554 -0.8258 -0.0984
vn 0.9354 0.3424 0.0881
vn 0.7892 -0.6103 0.0683
vn 0.8309 0.5466 -0.1038
vn 0.5188 -0.6366 -0.5705
vn 0.2833 -0.8946 0.3456
vn 0.3849 -0.5032 -0.7737
vn 0.4846 -0.7928 0.3697
vn 0.9548 -0.1189 -0.2724
vn 0.9107 0.0708 -0.4070
vn 0.8958 -0.4075 -0.1775
vn 0.5037 0.0505 -0.8624
vn -0.1391 0.3654 -0.9204
vn -0.4578 0.7687 -0.4466
vn 0.1196 0.7709 -0.6257
vn 0.1216 0.9853 -0.1201
vn -0.8557 0.4787 -0.1966
vn -0.4404 0.8387 0.3203
vn -0.9345 0.0977 0.3422
vn -0.9540 0.2739 -0.1220
vn -0.9098 -0.3444 -0.2314
vn -0.4532 0.8371 -0.3063
vn -0.7246 0.2408 0.6458
vn -0.3657 0.3712 0.8535
vn -0.6915 0.3795 0.6147
vn -0.2827 0.8769 0.3886
vn -0.3730 0.3737 0.8492
vn 0.0318 0.8279 0.5600
vn 0.5520 -0.6085 0.5701
vn -0.5804 0.0373 0.8135
vn 0.4993 -0.0168 0.8662
vn 0.2512 -0.5687 0.7833
vn -0.6017 -0.0192 0.7985
vn 0.2922 -0.9427 0.1612
vn 0.4996 -0.7164 0.4869
vn -0.7362 -0.6726 0.0752
vn -0.9160 -0.3849 0.1131
vn -0.8537 -0.4057 0.3264
vn -0.1165 -0.9027 0.4142
vn 0.8550 -0.4993 0.1400
vn 0.6670 -0.7208 0.1886
vn 0.9740 -0.0974 -0.2044
vn 0.7109 -0.7031 -0.0160
vn 0.6470 -0.1118 0.7543
vn 0.9590 0.2826 0.0186
vn 0.9858 0.1666 0.0226
vn -0.5734 -0.4284 0.6983
vn -0.0277 0.9265 0.3753
vn 0.6828 -0.0203 0.7303
vn 0.7458 0.0437 0.6647
vn -0.6620 0.0828 0.7449
vn 0.3718 0.3389 0.8642
vn 0.9341 0.3160 -0.1662
vn 0.5986 0.7975 0.0756
vn 0.1488 0.9883 0.0346
vn -0.2912 0.9407 0.1742
vn -0.3835 0.7256 0.5713
vn 0.1927 0.6350 0.7481
vn 0.1637 0.3809 0.9100
vn 0.5716 0.0285 0.8200
vn 0.9445 -0.0634 0.3222
vn 0.8597 -0.4936 0.1318
vn 0.9769 -0.2103 0.0380
vn 0.9699 0.1708 0.1738
vn -0.9007 0.2172 0.3764
vn -0.8903 0.0743 0.4493
vn -0.8461 0.5185 -0.1231
vn -0.5181 0.4496 0.7276
vn -0.5360 0.6764 0.5052
vn 0.1348 0.6473 0.7502
vn 0.7513 0.4934 0.4383
vn 0.9835 0.0388 0.1765
vn -0.5734 -0.4284 0.6984
vn 0.9112 0.1163 -0.3952
vn -0.6116 -0.4592 0.6442
vn -0.6648 -0.1404 0.7337
vn 0.3799 0.3959 0.8361
vn 0.5349 0.6026 0.5923
vn 0.5349 0.6025 0.5923
vn -0.4011 0.5176 0.7558
vn -0.7176 0.0460 0.6950
vn -0.9735 0.1498 0.1727
vn -0.5091 0.7225 0.4677
vn 0.5394 0.6029 0.5878
vn 0.9678 -0.0068 -0.2518
vn 0.9214 0.0755 -0.3811
vn 0.5393 0.6029 0.5879
vn 0.3018 0.9405 -0.1559
vn -0.6647 -0.1404 0.7338
vn 0.9214 0.0755 -0.3812
vn 0.9457 -0.0744 -0.3163
vn 0.8304 0.2721 -0.4862
vn 0.2528 0.9540 -0.1610
vn -0.1465 0.3508 0.9249
vn 0.4827 0.6773 0.5552
vn 0.1966 -0.0791 0.9773
vn -0.5674 0.7053 0.4250
vn 0.1598 0.7216 0.6737
vn -0.1171 -0.0546 0.9916
vn 0.7730 0.4794 0.4155
vn 0.6726 -0.4133 0.6138
vn 0.6149 -0.3764 0.6930
vn -0.8809 -0.4022 0.2494
vn -0.8590 -0.0130 0.5118
vn -0.6555 0.1877 0.7315
vn -0.8590 -0.0130 0.5117
vn -0.8831 0.2202 0.4144
vn -0.4350 0.7655 0.4741
vn -0.2243 0.8557 0.4663
vn -0.8376 0.1456 -0.5265
vn -0.9741 -0.0118 -0.2259
vn -0.8785 0.0453 0.4756
vn -0.8832 -0.3850 -0.2676
vn -0.5765 0.5218 0.6288
vn -0.3310 -0.2255 -0.9163
vn -0.9832 0.1533 0.0987
vn 0.5463 -0.0530 -0.8359
vn -0.8903 0.0742 0.4493
vn 0.6636 -0.1114 -0.7397
vn -0.5260 -0.2802 -0.8030
vn 0.9067 -0.0784 -0.4145
vn 0.8010 -0.3895 -0.4547
vn 0.4791 -0.7050 -0.5229
vn 0.9207 -0.0725 -0.3835
vn 0.1204 0.5019 -0.8565
vn 0.2390 0.4495 -0.8607
vn -0.8874 0.2977 -0.3520
vn -0.8734 0.4558 0.1713
vn -0.9552 0.1180 0.2713
vn -0.8978 -0.2004 0.3922
vn -0.7650 -0.1844 0.6170
vn -0.7599 -0.2807 0.5863
vn -0.2660 -0.8011 0.5361
vn 0.5459 -0.8356 -0.0613
vn 0.9266 0.3643 -0.0931
vn 0.9975 -0.0378 0.0589
vn 0.8002 0.2363 0.5513
vn 0.5566 0.4647 0.6887
vn -0.4396 -0.2490 0.8630
vn -0.6917 0.7071 0.1469
vn -0.8869 0.4615 -0.0181
vn -0.6904 0.7089 0.1442
vn 0.0675 0.7585 0.6481
vn 0.0547 -0.3277 0.9432
vn -0.5894 0.2143 0.7789
vn -0.4213 0.6232 -0.6589
vn -0.6986 0.5340 0.4763
vn -0.9221 0.2754 0.2718
vn -0.9042 0.3697 0.2139
vn -0.8411 0.5276 -0.1188
vn -0.9694 0.2387 0.0564
vn -0.9527 0.2226 -0.2067
vn -0.6654 -0.2669 -0.6972
vn 0.0408 -0.5195 -0.8535
vn -0.8622 0.2990 -0.4090
vn -0.3252 0.0783 -0.9424
vn -0.7251 -0.0709 -0.6850
vn -0.2875 -0.2544 -0.9234
vn -0.4189 -0.4487 0.7894
vn 0.6666 -0.5939 0.4505
vn -0.9101 -0.3105 -0.2746
vn 0.8407 -0.2613 -0.4742
vn 0.0259 0.3780 -0.9254
vn -0.9500 -0.0939 -0.2979
vn 0.4915 -0.3858 0.7807
vn 0.6258 -0.7758 -0.0807
vn 0.6289 -0.6072 0.4855
vn 0.6235 -0.7754 -0.1001
vn 0.6204 -0.7191 -0.3130
vn 0.7612 -0.1516 -0.6305
vn 0.3182 -0.5377 -0.7808
vn 0.5372 -0.1589 -0.8283
vn -0.1462 0.3787 -0.9139
vn 0.1183 -0.1192 -0.9858
vn -0.0443 -0.2339 -0.9713
vn -0.3952 0.0639 -0.9163
vn -0.4613 0.3478 -0.8162
vn -0.0577 0.4407 -0.8958
vn -0.6322 0.7122 -0.3049
vn -0.8469 0.4999 -0.1811
vn 0.2530 0.6180 -0.7443
vn -0.4288 0.9009 0.0672
vn -0.5736 0.8154 0.0778
vn 0.6892 -0.2374 0.6846
vn -0.8616 0.2337 0.4506
vn -0.9157 0.0374 0.4001
vn -0.0574 0.4530 -0.8897
vn -0.9240 0.1849 -0.3346
vn 0.4322 -0.1159 -0.8943
vn -0.1764 -0.7902 -0.5869
vn -0.3970 0.2606 -0.8801
vn -0.7227 0.1031 0.6835
vn -0.5361 0.5373 -0.6511
vn -0.7151 0.3656 0.5958
vn -0.4717 0.6617 -0.5828
vn -0.8558 0.1071 0.5061
vn -0.7045 0.3212 0.6329
vn -0.0032 0.3326 0.9430
vn 0.2373 -0.3491 0.9066
vn -0.3253 0.4823 0.8134
vn -0.7145 0.5681 0.4083
vn -0.8695 0.4782 -0.1234
vn -0.0843 0.8801 -0.4672
vn 0.1508 0.5119 -0.8457
vn 0.2421 -0.8361 -0.4923
vn 0.2441 -0.5052 -0.8277
vn 0.6777 -0.6294 -0.3803
vn 0.5767 -0.7751 0.2581
vn 0.5872 -0.7458 0.3145
vn 0.3445 -0.5610 0.7528
vn -0.0252 -0.2797 0.9598
vn -0.1098 0.3315 0.9371
vn -0.0883 0.4456 0.8909
vn -0.9839 0.1267 0.1262
vn -0.7785 0.4898 -0.3924
vn -0.7102 0.5713 -0.4113
vn -0.0903 0.9954 -0.0320
vn -0.5794 0.1579 -0.7996
vn -0.2012 0.3767 -0.9042
vn 0.1459 0.3332 -0.9315
vn 0.1224 -0.3236 -0.9383
vn 0.7473 -0.4814 -0.4580
vn 0.9908 -0.0514 0.1250
vn 0.5359 -0.6831 0.4961
vn 0.1848 -0.5945 0.7826
vn -0.2648 -0.2647 0.9273
vn -0.7775 0.2830 0.5615
vn -0.9991 0.0320 -0.0286
vn -0.8273 0.3142 -0.4656
vn 0.1649 0.9834 0.0757
vn 0.0673 -0.4712 -0.8795
vn 0.2445 -0.2557 -0.9353
vn 0.7428 -0.6534 -0.1463
vn 0.2150 0.5087 -0.8337
vn 0.3286 0.9331 -0.1458
vn 0.2482 0.6669 -0.7026
vn 0.9047 0.2933 -0.3090
vn 0.3426 0.4870 -0.8034
vn 0.1641 -0.0022 -0.9864
vn 0.2059 0.0072 -0.9786
vn 0.4966 -0.6642 -0.5588
vn 0.4417 0.6528 -0.6154
vn 0.0686 0.9757 -0.2081
vn 0.1005 0.9893 -0.1058
vn 0.1090 0.9854 -0.1308
vn 0.0229 0.9797 -0.1993
vn -0.8737 0.3256 -0.3615
vn -0.7166 0.6350 -0.2886
vn -0.9434 0.3220 0.0792
vn -0.0099 0.6155 -0.7880
vn -0.1848 0.4958 -0.8485
vn -0.3217 0.4410 -0.8379
vn 0.1617 0.9730 -0.1645
vn -0.6114 0.2200 -0.7601
vn -0.6410 0.6785 -0.3590
vn -0.9249 0.3759 0.0579
vn -0.8442 0.4219 0.3307
vn -0.3448 0.9370 0.0566
vn -0.7853 0.0239 0.6187
vn -0.2905 -0.4343 0.8526
vn -0.0685 -0.7481 0.6601
vn -0.6446 -0.7485 0.1557
vn 0.7385 -0.4465 -0.5052
vn 0.8571 -0.5031 -0.1108
vn -0.0246 0.0663 -0.9975
vn -0.4673 -0.7954 0.3860
vn -0.3088 0.0863 -0.9472
vn 0.3741 -0.7914 0.4835
vn -0.1118 -0.9735 0.1994
vn -0.9134 -0.0907 0.3968
vn 0.1867 -0.9657 -0.1806
vn -0.5758 -0.6862 -0.4446
vn -0.9053 -0.4217 0.0506
vn 0.7163 0.0866 -0.6924
vn -0.7246 -0.6548 0.2148
vn -0.3660 -0.9139 -0.1754
vn -0.4317 0.8988 -0.0758
vn 0.1099 -0.8801 -0.4619
vn 0.5537 0.1527 -0.8186
vn -0.3106 -0.8562 -0.4129
vn 0.1980 -0.8954 -0.3988
vn 0.4062 -0.3799 -0.8311
vn -0.3695 -0.3857 -0.8454
vn 0.2351 -0.2024 -0.9507
vn 0.8937 0.3520 -0.2781
vn -0.4051 0.0392 -0.9134
vn 0.0700 0.9020 0.4259
vn -0.0546 0.7388 -0.6718
vn -0.1681 0.9771 -0.1308
vn 0.9436 -0.0629 0.3250
vn 0.4593 0.1819 0.8695
vn 0.9911 0.0646 -0.1160
vn 0.8019 0.5973 -0.0170
vn 0.7326 0.5211 0.4379
vn 0.6065 -0.4935 0.6234
vn 0.6680 -0.1714 0.7241
vn 0.9616 -0.2685 0.0564
vn 0.5711 -0.7938 0.2089
vn 0.3885 -0.8289 -0.4025
vn 0.3729 -0.8981 -0.2332
vn 0.8826 -0.4648 0.0710
vn -0.6200 -0.3457 -0.7043
vn 0.9291 -0.1255 0.3480
vn -0.6827 -0.7218 -0.1135
vn 0.6272 -0.4193 -0.6564
vn 0.7006 -0.4072 -0.5860
vn 0.8353 -0.4812 -0.2659
vn 0.4943 -0.2625 -0.8287
vn 0.5640 0.0088 -0.8257
vn -0.3035 -0.1416 -0.9422
vn 0.9118 -0.3926 -0.1205
vn 0.8989 -0.4289 -0.0894
vn 0.0438 -0.9936 0.1039
vn 0.4141 -0.8916 -0.1830
vn 0.2088 -0.1178 -0.9708
vn 0.9290 -0.3676 -0.0433
vn 0.9389 -0.3427 -0.0324
vn 0.8876 -0.4543 -0.0758
vn 0.8947 -0.4428 -0.0582
vn 0.9033 -0.4243 -0.0630
vn 0.8697 -0.4854 0.0895
vn 0.2627 -0.5455 0.7959
vn -0.3283 -0.8391 -0.4338
vn -0.9561 -0.2037 -0.2107
vn -0.7887 -0.5582 -0.2577
vn -0.9125 0.4057 0.0519
vn -0.9139 0.4033 0.0463
vn -0.9223 0.3831 0.0509
vn -0.8505 0.4788 0.2177
vn -0.9530 0.3008 0.0369
vn -0.8980 0.4398 0.0121
vn -0.5714 0.1926 -0.7977
vn -0.4292 0.8829 -0.1906
vn -0.9054 0.4218 0.0482
vn -0.9003 0.2413 0.3623
vn -0.8628 -0.4885 -0.1303
vn -0.6069 -0.7908 -0.0790
vn -0.9391 -0.3136 0.1404
vn -0.8019 0.4542 0.3881
vn -0.9780 0.0061 -0.2087
vn -0.6333 0.2822 -0.7206
vn -0.3678 0.8977 -0.2427
vn 0.9578 0.1657 -0.2351
vn -0.0303 0.9426 0.3325
vn 0.6633 0.7483 0.0028
vn 0.9185 0.2793 0.2798
vn 0.1010 0.9041 -0.4151
vn -0.1973 0.9389 -0.2820
vn -0.1814 0.4460 0.8765
vn 0.3763 0.8334 0.4048
vn -0.7485 0.6056 -0.2702
vn -0.9691 -0.2459 -0.0176
vn 0.2249 0.6058 0.7631
vn -0.2586 0.6176 0.7427
vn 0.0239 0.9026 0.4298
vn -0.6994 0.5527 0.4532
vn 0.3284 0.5017 0.8003
vn -0.9940 -0.0951 0.0538
vn -0.0875 0.9642 0.2503
vn -0.6072 0.1276 0.7842
vn -0.6944 -0.1566 0.7024
vn -0.4910 -0.7632 0.4202
vn -0.3671 -0.3143 0.8755
vn 0.0053 0.1018 0.9948
vn -0.0421 0.2414 0.9695
vn -0.1396 0.3719 0.9177
vn -0.3453 -0.5413 0.7666
vn 0.0365 0.1157 0.9926
vn -0.7287 -0.6404 0.2424
vn 0.3574 -0.8911 0.2798
vn -0.4926 -0.5291 0.6909
vn -0.4929 -0.5310 0.6892
vn -0.5203 -0.5580 0.6464
vn -0.5079 -0.4611 0.7276
vn -0.5221 -0.4465 0.7267
vn -0.5082 -0.5303 0.6786
vn -0.5575 -0.4990 0.6635
vn -0.5460 -0.5185 0.6580
vn -0.5657 -0.6252 0.5377
vn -0.2627 -0.5465 0.7952
vn 0.1561 0.0790 0.9846
vn 0.8344 0.4707 -0.2868
vn -0.5798 -0.5422 0.6081
vn 0.4049 -0.9130 0.0504
vn -0.8623 -0.0532 -0.5037
vn -0.4047 -0.9142 0.0229
vn -0.3185 -0.5798 0.7500
vn -0.3358 -0.5311 0.7779
vn -0.8204 -0.3937 0.4146
vn -0.9152 -0.0954 -0.3916
vn -0.5560 -0.6127 0.5616
vn 0.8085 0.1752 -0.5618
vn -0.5768 -0.5758 0.5795
vn -0.5257 -0.5057 0.6840
vn -0.5096 -0.5307 0.6772
vn 0.8229 -0.2190 0.5243
vn -0.4081 -0.3902 0.8253
vn -0.5060 -0.5328 0.6782
vn -0.1315 -0.9504 -0.2817
vn -0.2313 -0.9661 -0.1142
vn -0.5152 -0.5013 0.6952
vn -0.9608 0.2656 -0.0795
vn -0.9549 -0.0548 0.2920
vn -0.9564 -0.2754 0.0975
vn -0.6013 -0.5069 0.6176
vn -0.9512 -0.2387 0.1954
vn -0.9103 0.0727 0.4075
vn -0.4366 0.8694 0.2311
vn -0.3345 0.9159 -0.2219
vn -0.9086 0.3736 -0.1868
vn -0.3762 0.3244 -0.8679
vn -0.6080 0.0716 -0.7907
vn -0.7108 0.5922 -0.3795
vn -0.3743 -0.1864 -0.9084
vn -0.4691 -0.1165 -0.8754
vn 0.0100 -0.2560 -0.9666
vn -0.5959 -0.3432 0.7260
vn -0.9391 -0.3435 -0.0042
vn -0.9740 0.1610 -0.1597
vn -0.2196 0.9628 0.1576
vn -0.8174 0.4619 0.3442
vn -0.1572 -0.0775 -0.9845
vn 0.1098 0.6284 -0.7701
vn -0.5173 0.5555 -0.6510
vn -0.4168 0.8946 -0.1610
vn -0.7674 0.6378 -0.0651
vn -0.8826 -0.2527 -0.3964
vn -0.8130 0.0742 -0.5775
vn -0.1257 0.8070 0.5770
vn -0.2741 0.7777 -0.5658
vn -0.1468 0.7705 -0.6204
vn -0.6486 0.5089 -0.5660
vn 0.0934 0.7810 -0.6175
vn -0.8829 0.4463 0.1460
vn -0.6576 -0.0847 0.7486
vn -0.6575 0.7522 -0.0428
vn -0.0134 0.7150 -0.6990
vn -0.2311 0.8640 -0.4474
vn -0.2322 0.8757 0.4234
vn -0.8819 0.2120 0.4210
vn -0.9574 0.2625 0.1207
vn -0.9971 0.0604 0.0460
vn -0.4469 0.8774 0.1746
vn -0.8569 0.4315 -0.2819
vn -0.1766 0.4656 -0.8672
vn -0.3564 0.2877 -0.8889
vn -0.3184 0.3697 -0.8729
vn -0.2335 0.4951 -0.8369
vn -0.0260 0.9996 -0.0126
vn 0.9351 -0.0546 -0.3501
vn 0.1476 0.4744 0.8678
vn -0.0565 0.7522 0.6565
vn 0.4578 0.7555 -0.4687
vn -0.1965 0.9349 0.2956
vn 0.0941 0.5275 -0.8443
vn 0.7305 0.6755 0.1000
vn 0.4440 0.3890 -0.8072
vn 0.4216 0.5832 -0.6943
vn 0.4366 -0.0648 -0.8973
vn 0.2544 0.8108 -0.5272
vn 0.1379 0.0400 -0.9896
vn 0.8938 0.4390 -0.0914
vn 0.5990 0.0474 -0.7994
vn 0.9179 -0.3223 -0.2314
vn 0.8362 -0.2835 -0.4695
vn 0.8702 -0.4743 -0.1332
vn 0.6599 -0.7511 -0.0198
vn -0.7588 -0.4762 -0.4443
vn -0.3920 -0.5618 -0.7285
vn -0.0012 -0.3719 -0.9283
vn 0.8090 -0.4901 -0.3245
vn 0.8356 0.1124 -0.5377
vn 0.7433 0.3729 -0.5554
vn -0.0820 -0.1585 -0.9840
vn 0.8189 -0.5491 -0.1670
vn 0.9772 -0.1575 -0.1423
vn -0.4015 0.7240 -0.5610
vn 0.8058 0.5908 -0.0404
vn 0.9376 0.3254 -0.1227
vn 0.3702 0.6989 -0.6119
vn 0.8410 0.1434 -0.5217
vn 0.4108 0.6639 -0.6248
vn 0.1538 0.3868 -0.9092
vn 0.5109 -0.3727 -0.7747
vn 0.3673 0.0229 -0.9298
vn -0.4944 -0.6969 -0.5195
vn -0.9168 0.3970 0.0433
vn -0.9005 0.4284 0.0747
vn -0.9086 0.4128 0.0637
vn -0.7652 0.1238 -0.6318
vn 0.0629 0.1673 -0.9839
vn 0.6702 -0.1287 -0.7309
vn 0.4950 -0.0557 -0.8671
vn 0.7223 -0.2033 -0.6610
vn 0.6426 -0.4921 -0.5873
vn -0.6205 -0.3684 -0.6923
vn -0.9754 0.2098 0.0673
vn -0.9403 0.3187 0.1193
vn -0.9363 0.3322 0.1138
vn -0.6756 -0.7344 -0.0650
vn -0.8161 0.5599 0.1434
vn -0.9232 0.3437 0.1720
vn 0.5531 -0.7707 -0.3164
vn 0.7997 -0.5584 -0.2205
vn -0.9558 0.0564 0.2886
vn -0.5291 -0.7303 0.4320
vn -0.9271 0.3659 0.0820
vn -0.7189 0.6951 -0.0069
vn -0.6160 -0.7336 0.2871
vn 0.6206 0.6561 -0.4294
vn 0.8066 0.5230 -0.2754
vn -0.3562 0.8728 0.3337
vn -0.8406 0.5302 0.1110
vn -0.2358 0.9485 0.2115
vn -0.2947 0.9171 0.2684
vn -0.3826 0.7410 0.5519
vn -0.5359 0.6238 0.5690
vn -0.9332 -0.0663 0.3532
vn -0.4584 0.5664 0.6849
vn -0.6319 0.4814 0.6074
vn -0.7738 0.4934 0.3971
vn 0.2964 0.8964 0.3297
vn 0.3005 0.1639 -0.9396
vn 0.0173 0.9944 0.1044
vn -0.7584 0.6421 0.1121
vn 0.4242 0.7127 0.5586
vn 0.4961 0.5293 -0.6882
vn 0.7344 0.5796 -0.3532
vn 0.1985 0.6584 0.7260
vn 0.8349 0.5195 0.1815
vn 0.5870 0.8056 -0.0799
vn 0.4488 0.8720 0.1955
vn 0.0155 0.8640 0.5032
vn 0.9708 0.2401 0.0005
vn -0.0620 -0.8795 -0.4719
vn 0.7681 0.3726 0.5208
vn 0.1533 -0.1068 0.9824
vn 0.0672 -0.1038 0.9923
vn -0.6139 -0.7592 0.2161
vn -0.7174 -0.5262 0.4566
vn 0.3453 -0.2535 0.9036
vn 0.3764 -0.1428 0.9154
vn 0.8911 0.4505 0.0539
vn 0.9411 0.3319 0.0646
vn 0.9003 0.4210 0.1101
vn 0.9487 0.2969 -0.1089
vn 0.8128 0.2321 0.5344
vn 0.5936 -0.2974 0.7478
vn 0.6983 0.3666 0.6148
vn 0.5258 0.6253 0.5766
vn 0.4645 0.8814 0.0856
vn 0.7143 0.6319 -0.3007
vn 0.4330 0.2260 0.8726
vn 0.5570 0.7026 -0.4429
vn 0.4238 -0.3527 -0.8342
vn 0.8722 0.4697 0.1364
vn 0.3995 0.3168 -0.8602
vn 0.8399 0.5100 0.1857
vn 0.0200 0.5911 -0.8063
vn 0.1132 0.6773 -0.7269
vn 0.7872 0.5973 0.1538
vn 0.8824 0.4368 -0.1750
vn 0.8034 0.5942 -0.0390
vn 0.3570 0.0050 0.9341
vn 0.1546 -0.6277 0.7629
vn -0.0891 -0.2522 0.9636
vn -0.5307 -0.8222 0.2056
vn -0.7030 -0.7106 -0.0293
vn -0.2702 -0.0984 0.9578
vn 0.2715 -0.4856 0.8309
vn 0.4200 -0.0448 0.9064
vn -0.0243 -0.5968 0.8020
vn -0.1592 -0.5953 0.7876
vn 0.0097 -0.4741 0.8804
vn 0.0649 -0.9131 0.4024
vn -0.1062 -0.8530 0.5111
vn -0.9211 -0.3799 -0.0853
vn -0.6585 -0.4845 0.5759
vn -0.7589 -0.6231 0.1893
vn -0.7172 -0.6295 0.2987
vn -0.7264 -0.6806 0.0954
vn -0.4383 -0.8955 0.0777
vn -0.7868 -0.5424 -0.2945
vn -0.6872 -0.4600 -0.5622
vn -0.5741 -0.0352 0.8181
vn 0.5801 -0.7271 -0.3672
vn -0.3702 -0.7289 0.5759
vn -0.0991 -0.5058 0.8569
vn -0.5363 0.1048 0.8375
vn -0.1846 -0.7629 0.6196
vn -0.3993 -0.8971 0.1890
vn -0.7075 -0.6815 -0.1871
vn -0.2305 -0.8880 -0.3978
vn 0.2464 -0.5840 0.7735
vn -0.3843 -0.5245 0.7598
vn -0.2712 -0.7557 -0.5962
vn -0.6546 -0.5574 0.5107
vn -0.6242 -0.5855 0.5173
vn -0.6257 -0.5492 0.5540
vn -0.4683 -0.5841 0.6629
vn -0.2996 -0.6463 0.7018
vn -0.5390 -0.5462 0.6412
vn -0.7472 -0.5830 0.3189
vn -0.6314 -0.5255 0.5702
vn -0.6449 -0.5398 0.5411
vn -0.4574 -0.5420 0.7050
vn -0.3975 -0.5631 0.7245
vn -0.2954 -0.6484 0.7017
vn -0.5135 -0.5470 0.6611
vn -0.3921 -0.5127 0.7638
vn -0.4075 -0.5249 0.7473
vn -0.5135 -0.5560 0.6536
vn 0.4342 -0.8170 0.3795
vn 0.4550 0.5491 -0.7011
vn 0.9346 0.2049 0.2909
vn 0.4233 0.5495 -0.7204
vn 0.4202 0.5969 -0.6834
vn 0.1449 0.5032 -0.8519
vn 0.4499 0.5390 -0.7121
vn 0.9264 0.3757 0.0258
vn 0.2126 0.5494 -0.8080
vn 0.3988 0.5511 -0.7330
vn 0.5328 0.5035 -0.6801
vn 0.7201 0.4717 -0.5088
vn 0.5245 0.5029 -0.6870
vn 0.3895 0.5470 -0.7410
vn 0.2061 0.5706 -0.7949
vn 0.6698 0.4888 -0.5589
vn 0.3629 0.5891 -0.7220
vn 0.3456 0.4966 -0.7962
vn 0.0483 0.6477 -0.7604
vn 0.1308 0.7171 -0.6846
vn 0.1711 0.7282 -0.6637
vn 0.3589 0.6958 -0.6221
vn 0.9430 -0.2583 -0.2100
vn 0.8527 -0.1486 -0.5008
vn 0.7229 0.1177 -0.6808
vn 0.8281 0.5378 -0.1584
vn 0.5744 0.6648 -0.4776
vn -0.1146 0.8893 0.4428
vn 0.2337 0.5540 -0.7990
vn 0.6982 0.6930 -0.1796
vn 0.7115 0.6988 0.0732
vn 0.6492 0.4521 0.6116
vn 0.8741 -0.0502 0.4831
vn 0.9230 -0.1239 0.3642
vn 0.8510 0.3565 -0.3856
vn 0.7327 0.6694 -0.1229
vn 0.7275 0.5550 0.4033
vn 0.6300 0.7460 -0.2161
vn 0.2175 0.8219 0.5264
vn -0.0912 0.8574 0.5066
vn 0.4555 0.5452 0.7038
vn -0.4562 0.5574 0.6937
vn 0.0597 0.2927 0.9543
vn 0.3528 0.3526 0.8667
vn 0.3342 0.1235 0.9344
vn 0.7687 0.2053 0.6058
vn 0.0196 -0.6179 0.7860
vn -0.1740 -0.4875 0.8556
vn 0.7945 -0.3231 0.5141
vn -0.2573 0.0553 0.9647
vn -0.5438 -0.4946 0.6780
vn -0.1093 -0.1839 0.9769
vn -0.7620 -0.1775 0.6227
vn -0.8474 0.2902 0.4447
vn -0.2198 0.1977 0.9553
vn -0.4705 -0.2048 0.8583
vn 0.0198 -0.1080 0.9940
vn -0.4625 -0.2271 0.8571
vn -0.7346 -0.2263 0.6396
vn -0.8653 -0.0942 0.4922
vn -0.8971 0.1468 0.4167
vn -0.9413 0.2752 -0.1952
vn -0.9967 0.0415 -0.0699
vn 0.2616 0.4574 0.8499
vn -0.6749 0.6364 -0.3735
vn -0.6076 0.6653 -0.4338
vn -0.4300 0.5827 -0.6896
vn 0.5458 0.8370 0.0398
vn -0.3737 -0.1021 0.9219
vn 0.4938 0.6886 0.5310
vn -0.2579 0.6552 -0.7101
vn 0.1892 0.5835 -0.7898
vn -0.0475 0.7710 -0.6351
vn -0.5077 0.4743 -0.7192
vn -0.1515 0.1020 -0.9832
vn -0.0915 0.1344 -0.9867
vn 0.7889 -0.5796 -0.2043
vn 0.6311 0.1704 -0.7567
vn -0.0898 0.1363 -0.9866
vn -0.0589 0.7779 -0.6256
vn 0.5940 0.6784 -0.4324
vn 0.6710 0.4579 -0.5832
vn 0.4688 0.1618 -0.8684
vn 0.3181 -0.1650 -0.9336
vn 0.3688 -0.8046 -0.4654
vn 0.9460 -0.1122 0.3042
vn -0.3190 0.0667 -0.9454
vn -0.1382 -0.9445 -0.2979
vn 0.5630 0.4481 -0.6944
vn 0.8451 -0.3335 0.4178
vn 0.3578 0.6102 0.7069
vn 0.5056 0.5172 -0.6906
vn 0.2895 0.4792 -0.8286
vn 0.4988 0.5854 -0.6391
vn 0.2914 0.9142 0.2815
vn 0.4768 0.6280 -0.6151
vn 0.5114 0.5783 -0.6357
vn 0.4217 0.8493 -0.3175
vn 0.4753 0.4950 -0.7274
vn 0.4842 0.5165 -0.7062
vn 0.5047 0.5296 -0.6818
vn 0.2919 -0.2852 -0.9130
vn -0.2335 -0.9453 -0.2276
vn -0.5132 -0.5465 0.6618
vn 0.3637 -0.0887 -0.9273
vn -0.8031 0.2549 -0.5386
vn -0.5891 0.2041 -0.7818
vn 0.4658 0.7974 -0.3837
vn -0.0193 0.0492 -0.9986
vn 0.4952 -0.0568 -0.8669
vn 0.1825 -0.1339 -0.9740
vn -0.9534 -0.1462 -0.2640
vn -0.6674 0.4688 -0.5786
vn -0.5557 0.2906 -0.7789
vn -0.9550 -0.1053 0.2773
vn -0.5980 0.4073 -0.6903
vn -0.9430 0.1324 0.3054
vn -0.8560 0.3671 0.3640
vn -0.9895 0.0459 -0.1368
vn -0.6906 0.5381 -0.4833
vn -0.7690 0.3913 -0.5055
vn 0.3901 0.1665 -0.9056
vn 0.0307 0.3352 -0.9416
vn -0.4794 0.7330 -0.4825
vn 0.0203 -0.3265 -0.9450
vn 0.4888 0.3055 -0.8172
vn 0.1377 -0.1095 -0.9844
vn 0.1382 -0.4582 -0.8780
vn 0.7263 0.1199 -0.6769
vn 0.5067 0.1843 -0.8422
vn 0.6433 0.3404 -0.6858
vn 0.0436 0.1224 -0.9915
vn 0.0199 0.8725 -0.4882
vn 0.5823 -0.5404 -0.6073
vn -0.0076 -0.7410 -0.6715
vn -0.1780 -0.9722 -0.1521
vn -0.4756 0.2487 -0.8438
vn -0.5353 0.6161 -0.5778
vn -0.0827 0.4810 -0.8728
vn 0.0218 0.8764 -0.4812
vn 0.7708 0.3605 0.5252
vn 0.2327 0.0236 -0.9723
vn 0.2580 0.1121 -0.9596
vn -0.0097 0.0334 -0.9994
vn 0.8042 -0.0809 -0.5888
vn 0.6732 0.0734 -0.7358
vn 0.7672 0.1758 -0.6168
vn 0.2943 0.7515 -0.5905
vn 0.9501 0.2850 0.1269
vn 0.4398 0.3514 -0.8265
vn 0.5029 0.8314 0.2365
vn 0.0398 0.9918 -0.1212
vn 0.9152 -0.0578 0.3988
vn 0.7946 -0.5615 0.2308
vn 0.9504 -0.0717 0.3026
vn -0.1279 0.2373 -0.9630
vn 0.7657 0.6103 -0.2032
vn 0.6622 0.5792 -0.4754
vn -0.1112 0.9542 0.2778
vn -0.4020 0.3782 -0.8339
vn 0.2467 0.9687 0.0268
vn -0.1222 0.8324 0.5405
vn 0.6241 0.3739 0.6861
vn -0.5640 0.4644 0.6829
vn 0.4930 0.7905 -0.3634
vn 0.6686 0.3518 0.6551
vn 0.6547 0.2167 0.7241
vn 0.5647 0.0880 0.8206
vn -0.6061 0.4277 0.6706
vn -0.1232 0.8331 0.5393
vn 0.0402 -0.1662 0.9853
vn -0.9557 -0.2837 0.0786
vn 0.0427 -0.2455 0.9685
vn 0.6013 -0.2259 0.7664
vn 0.5642 -0.1438 0.8130
vn -0.5026 -0.8162 0.2850
vn -0.6128 -0.4886 0.6211
vn -0.7133 -0.6574 -0.2428
vn 0.0281 0.6369 0.7705
vn 0.2254 -0.3063 0.9249
vn -0.1871 -0.1816 0.9654
vn -0.4905 -0.4609 0.7395
vn -0.7646 -0.3863 0.5159
vn -0.9203 -0.3611 0.1507
vn 0.1055 -0.8903 -0.4430
vn -0.0562 -0.8999 -0.4325
vn 0.7971 -0.5615 0.2223
vn 0.1032 -0.7578 0.6443
vn -0.3688 -0.6323 0.6813
vn 0.0567 -0.6610 -0.7483
vn -0.8544 0.3316 0.4001
vn -0.9965 -0.0595 0.0594
vn -0.4731 -0.8664 0.1594
vn -0.2173 -0.6959 -0.6844
vn -0.8902 -0.2562 0.3767
vn -0.5452 -0.3507 0.7614
vn -0.6543 -0.5625 0.5055
vn -0.4691 -0.5081 0.7223
vn -0.4815 -0.5729 0.6633
vn -0.7034 -0.4933 -0.5117
vn -0.4347 -0.5417 0.7195
vn -0.4201 -0.5424 0.7276
vn -0.2799 -0.5636 0.7772
vn -0.6038 0.1445 0.7840
vn -0.8716 0.0952 0.4809
vn 0.6442 -0.4048 0.6490
vn -0.6012 -0.5845 0.5448
vn -0.1634 -0.9109 0.3788
vn -0.2729 -0.4472 0.8518
vn 0.3456 -0.2861 0.8937
vn -0.3708 -0.5670 0.7355
vn 0.7342 -0.2430 0.6340
vn -0.2818 -0.7285 -0.6243
vn -0.5614 -0.5824 0.5879
vn -0.5912 0.1594 -0.7906
vn -0.1463 0.4412 -0.8854
vn 0.2867 0.5246 -0.8016
vn 0.8040 -0.5375 -0.2541
vn -0.9286 -0.3669 -0.0549
vn -0.4680 -0.4811 0.7413
vn -0.3028 -0.8041 0.5116
vn 0.8020 -0.5525 0.2272
vn 0.7253 -0.6325 0.2718
vn -0.4759 -0.6089 0.6347
vn 0.3956 -0.9137 -0.0930
vn -0.2748 -0.5149 0.8120
vn 0.3095 -0.4140 0.8560
vn -0.2140 -0.4721 0.8552
vn -0.2140 -0.4718 0.8554
vn -0.2659 -0.4913 0.8294
vn 0.1852 -0.2158 -0.9587
vn 0.3367 0.4999 -0.7979
vn 0.8982 0.0273 0.4388
vn -0.3476 -0.5071 0.7887
vn 0.7877 -0.5699 -0.2340
vn 0.2896 0.5524 -0.7817
vn 0.3286 0.4642 -0.8225
vn 0.3187 0.4677 -0.8245
vn 0.4348 0.5674 -0.6992
vn 0.3056 0.4679 -0.8293
vn 0.9740 0.0433 -0.2225
vn -0.8953 0.0230 -0.4449
vn 0.9030 -0.0066 -0.4296
vn 0.3711 0.5125 -0.7744
vn 0.3505 0.4823 -0.8028
vn 0.3585 0.5617 -0.7456
vn -0.3497 0.7224 -0.5966
vn 0.9719 -0.1274 0.1977
vn 0.0014 0.6864 -0.7272
vn 0.2013 -0.6980 -0.6873
vn 0.3940 0.5369 -0.7459
vn 0.8197 -0.4143 -0.3955
vn 0.3283 0.6403 -0.6944
vn -0.5147 -0.4047 -0.7559
vn -0.0232 0.3532 -0.9353
vn -0.5297 0.4738 -0.7035
vn -0.9345 0.2850 -0.2134
vn 0.0528 0.7380 -0.6727
vn -0.8420 -0.1349 0.5223
vn 0.1089 0.8616 -0.4957
vn 0.0811 0.7622 -0.6423
vn -0.8129 0.5457 -0.2038
vn -0.7717 0.0900 0.6296
vn -0.4776 -0.5020 0.7211
vn 0.8569 -0.5102 0.0740
vn 0.3503 -0.9025 0.2505
vn -0.4306 -0.5484 0.7169
vn -0.4368 -0.5282 0.7281
vn -0.8151 0.5727 0.0876
vn -0.4888 -0.5636 0.6659
vn -0.4544 -0.5277 0.7177
vn -0.9913 -0.0940 -0.0921
vn 0.8767 -0.4809 0.0022
vn 0.7052 -0.4247 0.5678
vn -0.0667 0.9528 -0.2962
vn -0.5722 -0.4643 0.6760
vn -0.4828 -0.5272 0.6992
vn -0.5966 -0.4650 0.6541
vn -0.4321 -0.4910 0.7565
vn -0.4565 -0.4511 0.7669
vn -0.9946 -0.0626 -0.0828
vn 0.8635 -0.5041 -0.0145
vn 0.2863 0.5579 -0.7790
vn 0.4855 0.4735 -0.7349
vn 0.7485 0.3296 -0.5755
vn 0.9464 -0.1489 0.2868
vn 0.3133 0.5188 -0.7954
vn 0.3080 0.5410 -0.7826
vn 0.3459 0.5175 -0.7827
vn 0.1425 0.5519 -0.8217
vn 0.4141 0.5801 -0.7014
vn 0.3816 0.5274 -0.7591
vn 0.8834 -0.4581 0.0988
vn 0.4062 0.4702 -0.7835
vn 0.5495 0.3825 -0.7428
vn 0.3436 0.6105 -0.7136
vn -0.9453 0.3251 -0.0273
vn -0.5150 -0.4891 0.7040
vn -0.9151 -0.1912 0.3551
vn -0.5979 0.3013 -0.7428
vn -0.4054 0.4676 -0.7855
vt 0.000000 0.000000
vt 0.610107 0.400879
vt 0.613037 0.390869
vt 0.616943 0.394775
vt 0.486572 0.987305
vt 0.495117 0.981445
vt 0.492676 0.985352
vt 0.512695 0.980713
vt 0.514160 0.987793
vt 0.605957 0.402344
vt 0.605957 0.416992
vt 0.604248 0.403564
vt 0.601807 0.398438
vt 0.600098 0.414795
vt 0.597656 0.397949
vt 0.594727 0.409424
vt 0.590820 0.411865
vt 0.580566 0.419922
vt 0.578125 0.405518
vt 0.586670 0.397217
vt 0.591797 0.397461
vt 0.589111 0.387451
vt 0.600830 0.384766
vt 0.601074 0.374756
vt 0.581055 0.384521
vt 0.585693 0.377930
vt 0.579102 0.379639
vt 0.600098 0.869385
vt 0.596680 0.871338
vt 0.593994 0.862061
vt 0.592041 0.852295
vt 0.598389 0.840820
vt 0.603760 0.854736
vt 0.605957 0.863525
vt 0.606201 0.871338
vt 0.612549 0.862549
vt 0.612305 0.852051
vt 0.613037 0.851563
vt 0.611328 0.849854
vt 0.520020 0.957764
vt 0.512451 0.968018
vt 0.502686 0.963867
vt 0.517334 0.953125
vt 0.518799 0.952881
vt 0.527832 0.957764
vt 0.520264 0.967529
vt 0.544189 0.960693
vt 0.532959 0.967041
vt 0.523438 0.970703
vt 0.515137 0.972656
vt 0.495361 0.976563
vt 0.517334 0.976074
vt 0.481689 0.985107
vt 0.473389 0.979248
vt 0.455811 0.981689
vt 0.466797 0.978271
vt 0.481201 0.975098
vt 0.606934 0.872803
vt 0.610107 0.886230
vt 0.601318 0.884766
vt 0.599121 0.368896
vt 0.613770 0.365234
vt 0.600098 0.372559
vt 0.619873 0.363281
vt 0.661377 0.992188
vt 0.655762 0.987793
vt 0.659180 0.986816
vt 0.656494 0.985352
vt 0.666504 0.979004
vt 0.615723 0.371094
vt 0.606689 0.377197
vt 0.622070 0.380127
vt 0.623047 0.364014
vt 0.630615 0.365234
vt 0.631348 0.371094
vt 0.660400 0.998047
vt 0.608643 0.363281
vt 0.624756 0.388184
vt 0.498291 0.971191
vt 0.614014 0.863770
vt 0.537109 0.968506
vt 0.542236 0.971436
vt 0.524658 0.979736
vt 0.542480 0.976807
vt 0.532715 0.982910
vt 0.552490 0.979492
vt 0.563477 0.972168
vt 0.562256 0.966309
vt 0.568115 0.965332
vt 0.569580 0.969971
vt 0.577637 0.968262
vt 0.570557 0.975342
vt 0.566650 0.976074
vt 0.572266 0.982666
vt 0.566406 0.980957
vt 0.544678 0.990234
vt 0.551025 0.992188
vt 0.566650 0.982666
vt 0.564697 0.457031
vt 0.582275 0.445313
vt 0.571045 0.460205
vt 0.573242 0.986572
vt 0.578125 0.989258
vt 0.181396 0.226807
vt 0.177734 0.225098
vt 0.179688 0.222412
vt 0.202637 0.217773
vt 0.565430 0.441162
vt 0.557861 0.426025
vt 0.562500 0.415771
vt 0.569336 0.410156
vt 0.571289 0.422607
vt 0.569580 0.432129
vt 0.576172 0.415039
vt 0.582275 0.427734
vt 0.595215 0.422607
vt 0.592773 0.434326
vt 0.526855 0.995117
vt 0.532959 0.991943
vt 0.537109 0.993652
vt 0.535156 0.986816
vt 0.522461 0.993896
vt 0.520752 0.996094
vt 0.571533 0.392822
vt 0.572266 0.387207
vt 0.576416 0.379150
vt 0.569824 0.378906
vt 0.566650 0.381348
vt 0.561035 0.375000
vt 0.554443 0.380127
vt 0.551270 0.370850
vt 0.549561 0.374023
vt 0.550781 0.385986
vt 0.561035 0.855225
vt 0.564209 0.860840
vt 0.559082 0.867920
vt 0.561523 0.881348
vt 0.528809 0.067139
vt 0.531738 0.064941
vt 0.523193 0.082764
vt 0.546143 0.363037
vt 0.541748 0.361572
vt 0.531494 0.054932
vt 0.539795 0.065430
vt 0.527344 0.049316
vt 0.532227 0.052734
vt 0.539795 0.051758
vt 0.535156 0.054443
vt 0.543457 0.062500
vt 0.552246 0.362793
vt 0.553467 0.059082
vt 0.562012 0.367432
vt 0.545410 0.049316
vt 0.567139 0.883301
vt 0.572510 0.876709
vt 0.576172 0.877686
vt 0.585693 0.863281
vt 0.593018 0.864258
vt 0.590332 0.852539
vt 0.588135 0.844238
vt 0.594238 0.835205
vt 0.580811 0.839111
vt 0.583984 0.846924
vt 0.587402 0.847412
vt 0.585938 0.854004
vt 0.578369 0.844482
vt 0.578613 0.853760
vt 0.568115 0.861572
vt 0.583252 0.859131
vt 0.563721 0.846924
vt 0.562988 0.849121
vt 0.555176 0.853516
vt 0.547852 0.388672
vt 0.548340 0.391602
vt 0.536133 0.390381
vt 0.518555 0.394287
vt 0.524658 0.391357
vt 0.529297 0.388428
vt 0.718750 0.009766
vt 0.715088 0.012451
vt 0.699951 0.007813
vt 0.005859 0.976318
vt 0.000000 0.993896
vt 0.003418 0.975586
vt 0.004395 0.970459
vt 0.009277 0.969971
vt 0.009033 0.987549
vt 0.011719 0.984131
vt 0.016113 0.992188
vt 0.540527 0.847412
vt 0.553467 0.844971
vt 0.537354 0.853271
vt 0.548828 0.854980
vt 0.561523 0.844727
vt 0.564697 0.844482
vt 0.576416 0.836426
vt 0.563477 0.841064
vt 0.576660 0.829346
vt 0.565430 0.835205
vt 0.563477 0.830566
vt 0.587891 0.818604
vt 0.589111 0.822266
vt 0.598145 0.807861
vt 0.598145 0.797119
vt 0.600098 0.794922
vt 0.608398 0.794434
vt 0.608398 0.809326
vt 0.556152 0.946289
vt 0.549072 0.946289
vt 0.542236 0.943604
vt 0.532715 0.945801
vt 0.526611 0.943604
vt 0.607178 0.824951
vt 0.593506 0.829834
vt 0.596680 0.820557
vt 0.591064 0.828857
vt 0.606201 0.835205
vt 0.554932 0.953369
vt 0.554199 0.960205
vt 0.560059 0.957764
vt 0.034424 0.346924
vt 0.038330 0.352783
vt 0.028320 0.356201
vt 0.039063 0.358887
vt 0.032471 0.364990
vt 0.035889 0.365234
vt 0.041260 0.366211
vt 0.044678 0.365234
vt 0.046631 0.357422
vt 0.050293 0.363525
vt 0.053955 0.362793
vt 0.050781 0.354492
vt 0.605713 0.791260
vt 0.595703 0.791016
vt 0.604492 0.783691
vt 0.595947 0.782715
vt 0.597412 0.774414
vt 0.605469 0.774658
vt 0.591797 0.771484
vt 0.590088 0.767822
vt 0.599365 0.769043
vt 0.598145 0.761963
vt 0.589355 0.764404
vt 0.599609 0.758545
vt 0.595947 0.756592
vt 0.598633 0.752686
vt 0.607178 0.750000
vt 0.604248 0.757324
vt 0.612549 0.750977
vt 0.604492 0.743652
vt 0.610107 0.745117
vt 0.046387 0.390625
vt 0.043457 0.386230
vt 0.045410 0.386475
vt 0.607910 0.760742
vt 0.613525 0.751709
vt 0.042969 0.380371
vt 0.051025 0.377197
vt 0.035156 0.388184
vt 0.038330 0.393555
vt 0.032471 0.394287
vt 0.038574 0.399414
vt 0.042725 0.394531
vt 0.043457 0.398682
vt 0.039307 0.401123
vt 0.154541 0.247070
vt 0.154053 0.256348
vt 0.151367 0.256348
vt 0.148438 0.253906
vt 0.149902 0.244873
vt 0.149658 0.235352
vt 0.158203 0.246338
vt 0.161377 0.237793
vt 0.162598 0.242188
vt 0.604004 0.769531
vt 0.606445 0.766357
vt 0.052979 0.370850
vt 0.055176 0.373779
vt 0.056396 0.372803
vt 0.606689 0.770264
vt 0.163330 0.230225
vt 0.165527 0.237549
vt 0.156494 0.232178
vt 0.150391 0.231445
vt 0.149902 0.223633
vt 0.157471 0.225098
vt 0.152588 0.218262
vt 0.157715 0.216797
vt 0.159668 0.209473
vt 0.153076 0.212402
vt 0.148438 0.215332
vt 0.152100 0.207520
vt 0.080078 0.494629
vt 0.084473 0.500488
vt 0.075195 0.502197
vt 0.073730 0.493164
vt 0.081299 0.487305
vt 0.081055 0.477783
vt 0.084961 0.478760
vt 0.088623 0.482910
vt 0.093018 0.476807
vt 0.097656 0.476318
vt 0.090576 0.470215
vt 0.098633 0.469482
vt 0.090088 0.467285
vt 0.085205 0.467529
vt 0.089844 0.464600
vt 0.094727 0.464844
vt 0.089600 0.461670
vt 0.084473 0.458740
vt 0.088135 0.455811
vt 0.091797 0.453125
vt 0.088379 0.448730
vt 0.083984 0.455078
vt 0.689941 0.188721
vt 0.687988 0.190918
vt 0.682861 0.189453
vt 0.684326 0.191162
vt 0.684082 0.195068
vt 0.682861 0.198975
vt 0.092773 0.443359
vt 0.086914 0.441895
vt 0.167725 0.079590
vt 0.170898 0.086182
vt 0.165039 0.086670
vt 0.161133 0.086426
vt 0.155518 0.086182
vt 0.156494 0.077148
vt 0.167480 0.071289
vt 0.171631 0.075684
vt 0.177246 0.069580
vt 0.172607 0.062500
vt 0.182617 0.064209
vt 0.183105 0.062256
vt 0.170410 0.060547
vt 0.185303 0.783447
vt 0.183594 0.778320
vt 0.187012 0.768555
vt 0.181885 0.766846
vt 0.190918 0.761719
vt 0.729004 0.894043
vt 0.727051 0.895020
vt 0.723633 0.885986
vt 0.189209 0.061279
vt 0.187256 0.063965
vt 0.889404 0.525635
vt 0.892090 0.529053
vt 0.888916 0.527344
vt 0.190430 0.064941
vt 0.184814 0.070313
vt 0.182129 0.071533
vt 0.117188 0.443848
vt 0.112793 0.438477
vt 0.115479 0.437744
vt 0.507324 0.795898
vt 0.519043 0.801758
vt 0.513184 0.800049
vt 0.521240 0.808594
vt 0.119629 0.453613
vt 0.116455 0.448242
vt 0.121094 0.460693
vt 0.111084 0.459717
vt 0.103760 0.441406
vt 0.176758 0.078369
vt 0.097412 0.447510
vt 0.093994 0.445313
vt 0.093750 0.452148
vt 0.100586 0.466064
vt 0.101074 0.477783
vt 0.104980 0.479248
vt 0.101807 0.489014
vt 0.091797 0.490723
vt 0.096191 0.499023
vt 0.103027 0.496338
vt 0.099365 0.499268
vt 0.091064 0.503418
vt 0.089111 0.502441
vt 0.091797 0.497070
vt 0.090332 0.489502
vt 0.086670 0.490479
vt 0.092529 0.482666
vt 0.154053 0.203369
vt 0.156494 0.205811
vt 0.156006 0.202881
vt 0.165039 0.204834
vt 0.165771 0.210938
vt 0.161865 0.215088
vt 0.166504 0.220459
vt 0.177979 0.215820
vt 0.098633 0.523682
vt 0.091309 0.528809
vt 0.092529 0.524902
vt 0.099854 0.512451
vt 0.109863 0.515137
vt 0.114014 0.508789
vt 0.118408 0.500000
vt 0.130371 0.499512
vt 0.124512 0.492676
vt 0.131592 0.499268
vt 0.131348 0.500732
vt 0.137695 0.499268
vt 0.128174 0.509277
vt 0.129639 0.512451
vt 0.115967 0.516602
vt 0.112793 0.522217
vt 0.139160 0.501709
vt 0.144531 0.501709
vt 0.143799 0.502686
vt 0.558838 0.402588
vt 0.547607 0.394287
vt 0.561279 0.390625
vt 0.561523 0.396240
vt 0.559814 0.404785
vt 0.569824 0.386963
vt 0.134766 0.513672
vt 0.557129 0.408447
vt 0.142578 0.497559
vt 0.148193 0.493408
vt 0.144775 0.492432
vt 0.154053 0.487549
vt 0.166260 0.489502
vt 0.706055 0.019287
vt 0.707520 0.014893
vt 0.715820 0.019531
vt 0.153564 0.484131
vt 0.166992 0.486084
vt 0.704102 0.022705
vt 0.705811 0.033203
vt 0.149902 0.481445
vt 0.163818 0.485107
vt 0.139648 0.481689
vt 0.539307 0.831543
vt 0.544189 0.826904
vt 0.539551 0.841797
vt 0.547607 0.831543
vt 0.546387 0.838379
vt 0.552734 0.836182
vt 0.551025 0.842529
vt 0.555908 0.833252
vt 0.560547 0.838867
vt 0.563965 0.835938
vt 0.560303 0.824707
vt 0.574951 0.813721
vt 0.567627 0.815674
vt 0.556152 0.821289
vt 0.564453 0.813965
vt 0.582031 0.803955
vt 0.572266 0.805664
vt 0.586426 0.798828
vt 0.581543 0.795166
vt 0.571289 0.799561
vt 0.578369 0.791016
vt 0.581543 0.789551
vt 0.577148 0.788574
vt 0.577637 0.783936
vt 0.581055 0.786133
vt 0.581787 0.779541
vt 0.581055 0.771973
vt 0.576172 0.775146
vt 0.573975 0.780273
vt 0.565186 0.775146
vt 0.575439 0.771240
vt 0.564209 0.771973
vt 0.570801 0.769043
vt 0.555176 0.768799
vt 0.072266 0.474121
vt 0.068848 0.485352
vt 0.062988 0.485596
vt 0.569092 0.764160
vt 0.572998 0.766846
vt 0.071777 0.487549
vt 0.065918 0.490234
vt 0.073242 0.478271
vt 0.077637 0.476807
vt 0.079590 0.471924
vt 0.084229 0.472168
vt 0.081299 0.468262
vt 0.077637 0.469238
vt 0.081543 0.460449
vt 0.078613 0.461182
vt 0.075195 0.458496
vt 0.073975 0.451660
vt 0.700928 0.185059
vt 0.698486 0.189941
vt 0.692871 0.191895
vt 0.696045 0.197021
vt 0.690186 0.197266
vt 0.691406 0.200928
vt 0.693848 0.206299
vt 0.689941 0.203125
vt 0.683594 0.200684
vt 0.160400 0.090088
vt 0.151367 0.091553
vt 0.892334 0.591553
vt 0.889404 0.576172
vt 0.895020 0.579346
vt 0.897705 0.591797
vt 0.903076 0.580322
vt 0.903564 0.600342
vt 0.912354 0.601074
vt 0.912842 0.620850
vt 0.903564 0.618408
vt 0.262939 0.404541
vt 0.243164 0.377930
vt 0.254150 0.384766
vt 0.263672 0.387451
vt 0.268799 0.408691
vt 0.259766 0.424072
vt 0.249023 0.400879
vt 0.107422 0.295166
vt 0.116211 0.285889
vt 0.122803 0.294678
vt 0.252686 0.454590
vt 0.253662 0.435059
vt 0.250000 0.454590
vt 0.248291 0.449463
vt 0.094238 0.295166
vt 0.112549 0.284912
vt 0.092529 0.291504
vt 0.245850 0.468262
vt 0.243408 0.448242
vt 0.080566 0.316162
vt 0.086426 0.291992
vt 0.093018 0.281250
vt 0.108887 0.273926
vt 0.111816 0.281494
vt 0.871338 0.615723
vt 0.891113 0.602051
vt 0.878906 0.629150
vt 0.895020 0.618652
vt 0.131836 0.277588
vt 0.897949 0.613281
vt 0.905518 0.633545
vt 0.900391 0.607666
vt 0.893555 0.595215
vt 0.889160 0.589844
vt 0.877686 0.600830
vt 0.870361 0.584229
vt 0.863037 0.596924
vt 0.163818 0.064697
vt 0.151367 0.065430
vt 0.156494 0.060059
vt 0.184326 0.801758
vt 0.182373 0.796631
vt 0.182129 0.785645
vt 0.170898 0.802002
vt 0.166504 0.785156
vt 0.170898 0.774902
vt 0.148193 0.785156
vt 0.146729 0.780273
vt 0.151123 0.773193
vt 0.156982 0.769531
vt 0.169189 0.762695
vt 0.172852 0.762451
vt 0.183838 0.759521
vt 0.133057 0.760254
vt 0.127441 0.767090
vt 0.123779 0.766357
vt 0.122559 0.762451
vt 0.127686 0.758301
vt 0.784180 0.397949
vt 0.784668 0.393066
vt 0.797119 0.398438
vt 0.789795 0.402344
vt 0.794189 0.408203
vt 0.781738 0.410400
vt 0.791748 0.412842
vt 0.784912 0.417480
vt 0.777344 0.416992
vt 0.781250 0.422363
vt 0.773193 0.422607
vt 0.768066 0.416260
vt 0.769043 0.426270
vt 0.761963 0.424805
vt 0.761475 0.413574
vt 0.825928 0.719727
vt 0.815430 0.720459
vt 0.826904 0.714111
vt 0.833252 0.713867
vt 0.763916 0.433594
vt 0.757568 0.428711
vt 0.758545 0.438232
vt 0.751953 0.437744
vt 0.753906 0.430664
vt 0.838135 0.712646
vt 0.841064 0.730225
vt 0.837646 0.733643
vt 0.847412 0.744629
vt 0.838135 0.744141
vt 0.833496 0.737549
vt 0.827881 0.731201
vt 0.818604 0.726074
vt 0.755371 0.943848
vt 0.749756 0.938477
vt 0.755615 0.934326
vt 0.743408 0.933105
vt 0.750977 0.929443
vt 0.757813 0.928711
vt 0.750244 0.925049
vt 0.759766 0.405518
vt 0.767334 0.406982
vt 0.764160 0.402344
vt 0.767578 0.403320
vt 0.770508 0.399414
vt 0.777588 0.403809
vt 0.774902 0.399170
vt 0.778564 0.401367
vt 0.780029 0.396729
vt 0.778564 0.394287
vt 0.776611 0.393311
vt 0.780029 0.388184
vt 0.776855 0.388672
vt 0.952881 0.904297
vt 0.949707 0.917236
vt 0.945313 0.917969
vt 0.951172 0.900879
vt 0.955078 0.901611
vt 0.978516 0.900391
vt 0.761230 0.395020
vt 0.772461 0.382080
vt 0.766602 0.396729
vt 0.744385 0.923340
vt 0.745361 0.916504
vt 0.742432 0.930908
vt 0.736084 0.929932
vt 0.736328 0.932861
vt 0.728271 0.928223
vt 0.726807 0.924316
vt 0.730225 0.920898
vt 0.735352 0.919678
vt 0.738281 0.919922
vt 0.743408 0.908936
vt 0.738037 0.907715
vt 0.970459 0.909180
vt 0.957520 0.903564
vt 0.971680 0.904785
vt 0.957275 0.908447
vt 0.731201 0.897461
vt 0.742188 0.890137
vt 0.730225 0.891113
vt 0.733887 0.909180
vt 0.729492 0.906738
vt 0.730225 0.908691
vt 0.727539 0.912842
vt 0.724609 0.905273
vt 0.728027 0.900391
vt 0.896973 0.795410
vt 0.901611 0.794434
vt 0.899902 0.797852
vt 0.892578 0.522217
vt 0.890625 0.521240
vt 0.894775 0.522217
vt 0.892334 0.524902
vt 0.893555 0.526367
vt 0.898193 0.530273
vt 0.899658 0.528809
vt 0.900635 0.789307
vt 0.909180 0.791748
vt 0.897217 0.790527
vt 0.894531 0.784424
vt 0.893066 0.789551
vt 0.721680 0.919434
vt 0.718994 0.915527
vt 0.725342 0.912354
vt 0.733643 0.915039
vt 0.729736 0.912598
vt 0.718262 0.922607
vt 0.722656 0.926514
vt 0.718994 0.930420
vt 0.728027 0.934326
vt 0.721191 0.935059
vt 0.718018 0.939941
vt 0.711914 0.937012
vt 0.714600 0.925293
vt 0.707764 0.938721
vt 0.709473 0.926025
vt 0.708252 0.921631
vt 0.715576 0.921875
vt 0.895264 0.773682
vt 0.891846 0.780518
vt 0.892090 0.772217
vt 0.898682 0.765381
vt 0.900879 0.774902
vt 0.895020 0.779297
vt 0.902832 0.778564
vt 0.897217 0.782227
vt 0.905518 0.783936
vt 0.903809 0.785889
vt 0.898682 0.784912
vt 0.903809 0.788330
vt 0.908691 0.788086
vt 0.912598 0.789063
vt 0.905273 0.528564
vt 0.902588 0.535645
vt 0.906494 0.541016
vt 0.900879 0.545410
vt 0.904785 0.548340
vt 0.500488 0.776855
vt 0.509521 0.778809
vt 0.502930 0.781006
vt 0.509521 0.781250
vt 0.499512 0.790039
vt 0.502930 0.791260
vt 0.895996 0.531738
vt 0.897461 0.536377
vt 0.895020 0.536621
vt 0.192139 0.067383
vt 0.192383 0.072754
vt 0.513672 0.790039
vt 0.511963 0.781738
vt 0.518311 0.786621
vt 0.531250 0.796387
vt 0.523926 0.809082
vt 0.540039 0.817383
vt 0.543945 0.810547
vt 0.548584 0.814941
vt 0.540771 0.819336
vt 0.538574 0.819580
vt 0.537354 0.822510
vt 0.128906 0.476807
vt 0.126465 0.475586
vt 0.128174 0.474854
vt 0.126221 0.467529
vt 0.119141 0.476563
vt 0.123047 0.480225
vt 0.120117 0.478271
vt 0.119141 0.483887
vt 0.121582 0.484375
vt 0.118164 0.484619
vt 0.113281 0.492920
vt 0.127197 0.484863
vt 0.118164 0.495117
vt 0.130859 0.489990
vt 0.135986 0.492188
vt 0.133545 0.485352
vt 0.143799 0.486084
vt 0.133545 0.480225
vt 0.542969 0.823975
vt 0.540039 0.827393
vt 0.549805 0.825195
vt 0.552002 0.822021
vt 0.552734 0.826172
vt 0.551025 0.828369
vt 0.556152 0.827881
vt 0.552246 0.818359
vt 0.131348 0.486328
vt 0.116455 0.498047
vt 0.105713 0.503418
vt 0.103027 0.507324
vt 0.094482 0.511230
vt 0.094238 0.513916
vt 0.169189 0.204102
vt 0.166748 0.203369
vt 0.107666 0.495605
vt 0.113037 0.489502
vt 0.106445 0.485596
vt 0.104736 0.464111
vt 0.101807 0.468262
vt 0.100098 0.456055
vt 0.102539 0.489746
vt 0.529785 0.817383
vt 0.561279 0.809570
vt 0.553223 0.811279
vt 0.561768 0.804443
vt 0.556885 0.801270
vt 0.568115 0.797852
vt 0.572021 0.790039
vt 0.561279 0.785156
vt 0.567871 0.782715
vt 0.558838 0.782959
vt 0.558350 0.778564
vt 0.550293 0.784424
vt 0.550049 0.789307
vt 0.544434 0.787842
vt 0.549072 0.793457
vt 0.541748 0.788574
vt 0.541992 0.793457
vt 0.537109 0.785645
vt 0.539307 0.784180
vt 0.542236 0.782471
vt 0.538818 0.780762
vt 0.537354 0.776367
vt 0.544678 0.773926
vt 0.543945 0.782471
vt 0.548096 0.780762
vt 0.550049 0.777100
vt 0.555176 0.773438
vt 0.550537 0.769287
vt 0.064453 0.463623
vt 0.067383 0.464600
vt 0.069336 0.469238
vt 0.072021 0.467285
vt 0.075439 0.470703
vt 0.068848 0.457764
vt 0.072510 0.456787
vt 0.069824 0.450684
vt 0.067139 0.458008
vt 0.528564 0.773193
vt 0.529541 0.771973
vt 0.521973 0.770752
vt 0.710693 0.190430
vt 0.706055 0.183838
vt 0.713135 0.186768
vt 0.716797 0.191162
vt 0.713135 0.194580
vt 0.704590 0.197998
vt 0.707275 0.191895
vt 0.702881 0.194580
vt 0.703125 0.186768
vt 0.700928 0.196045
vt 0.709473 0.202148
vt 0.713623 0.203857
vt 0.717529 0.197510
vt 0.723389 0.205078
vt 0.719727 0.207031
vt 0.708984 0.206299
vt 0.704102 0.204102
vt 0.693359 0.213867
vt 0.114014 0.235596
vt 0.130371 0.222412
vt 0.132324 0.231445
vt 0.130127 0.237793
vt 0.126953 0.246826
vt 0.110596 0.246826
vt 0.121826 0.253662
vt 0.115723 0.256348
vt 0.093994 0.249512
vt 0.113525 0.260986
vt 0.142578 0.806885
vt 0.138916 0.808838
vt 0.142578 0.786621
vt 0.144775 0.791992
vt 0.145996 0.808105
vt 0.149170 0.806152
vt 0.156738 0.811035
vt 0.146484 0.815186
vt 0.165527 0.820313
vt 0.157471 0.831543
vt 0.146973 0.829590
vt 0.143799 0.830322
vt 0.140381 0.816406
vt 0.070313 0.251465
vt 0.074463 0.248291
vt 0.083984 0.250977
vt 0.090332 0.239502
vt 0.071289 0.230713
vt 0.089355 0.230957
vt 0.105469 0.236084
vt 0.106934 0.231934
vt 0.105713 0.225586
vt 0.078613 0.224854
vt 0.057373 0.242432
vt 0.282959 0.396484
vt 0.273193 0.390381
vt 0.288818 0.374512
vt 0.291748 0.404297
vt 0.071289 0.290771
vt 0.065186 0.297363
vt 0.055908 0.292725
vt 0.070801 0.316406
vt 0.256348 0.455811
vt 0.264404 0.424805
vt 0.255127 0.451904
vt 0.251465 0.479248
vt 0.076416 0.314209
vt 0.072998 0.336182
vt 0.075928 0.337646
vt 0.078125 0.329346
vt 0.248047 0.479004
vt 0.248291 0.483643
vt 0.244873 0.480225
vt 0.077393 0.297852
vt 0.072754 0.283447
vt 0.084229 0.282715
vt 0.063232 0.262939
vt 0.062988 0.272217
vt 0.061768 0.272705
vt 0.049561 0.260254
vt 0.060303 0.273193
vt 0.049316 0.260986
vt 0.056152 0.231934
vt 0.057617 0.254883
vt 0.139404 0.844482
vt 0.154053 0.842773
vt 0.067383 0.257813
vt 0.175537 0.839844
vt 0.171875 0.816650
vt 0.098633 0.271240
vt 0.177979 0.819824
vt 0.183838 0.834473
vt 0.179443 0.807861
vt 0.181152 0.818604
vt 0.162354 0.800781
vt 0.120361 0.267822
vt 0.115479 0.268066
vt 0.114014 0.269775
vt 0.119141 0.270264
vt 0.139404 0.778076
vt 0.143311 0.773193
vt 0.734375 0.535645
vt 0.716553 0.548096
vt 0.716553 0.539795
vt 0.717041 0.534668
vt 0.736572 0.531250
vt 0.743896 0.545166
vt 0.744873 0.541016
vt 0.745605 0.535400
vt 0.744141 0.530762
vt 0.749756 0.529541
vt 0.754883 0.528076
vt 0.752441 0.538818
vt 0.760742 0.539063
vt 0.753174 0.546387
vt 0.760498 0.546875
vt 0.749268 0.548828
vt 0.742188 0.551758
vt 0.738037 0.543213
vt 0.733154 0.555176
vt 0.146240 0.767090
vt 0.138184 0.759033
vt 0.144287 0.743652
vt 0.743652 0.561768
vt 0.607178 0.581787
vt 0.608398 0.563965
vt 0.621094 0.590332
vt 0.620850 0.570557
vt 0.629883 0.567627
vt 0.147949 0.729736
vt 0.140381 0.721436
vt 0.470459 0.766113
vt 0.470215 0.758789
vt 0.472168 0.755859
vt 0.163330 0.739502
vt 0.147949 0.727295
vt 0.158203 0.730225
vt 0.142334 0.718994
vt 0.468994 0.767090
vt 0.467529 0.768066
vt 0.463379 0.754395
vt 0.461426 0.769775
vt 0.097168 0.794189
vt 0.116943 0.802734
vt 0.104248 0.819824
vt 0.084961 0.817871
vt 0.089355 0.800049
vt 0.085693 0.805664
vt 0.447021 0.773926
vt 0.433594 0.770752
vt 0.436523 0.766357
vt 0.728027 0.478027
vt 0.723633 0.483643
vt 0.721191 0.480713
vt 0.713135 0.487061
vt 0.718750 0.494385
vt 0.711914 0.494141
vt 0.083740 0.789551
vt 0.092285 0.790039
vt 0.085693 0.797607
vt 0.095703 0.779053
vt 0.098633 0.780762
vt 0.113525 0.767334
vt 0.120361 0.789307
vt 0.124268 0.779541
vt 0.172607 0.753418
vt 0.170166 0.743164
vt 0.165771 0.746582
vt 0.101807 0.767334
vt 0.103516 0.762939
vt 0.108398 0.758301
vt 0.113525 0.754883
vt 0.118164 0.749023
vt 0.111328 0.752686
vt 0.115479 0.745117
vt 0.110107 0.744629
vt 0.105957 0.745117
vt 0.109375 0.740967
vt 0.114502 0.738525
vt 0.110840 0.734375
vt 0.636230 0.287598
vt 0.642090 0.280518
vt 0.639893 0.289795
vt 0.644775 0.287109
vt 0.114990 0.740967
vt 0.118408 0.735352
vt 0.649414 0.288086
vt 0.643066 0.292236
vt 0.120117 0.738037
vt 0.650146 0.293213
vt 0.646240 0.297852
vt 0.656494 0.286377
vt 0.656738 0.297119
vt 0.649902 0.302734
vt 0.658936 0.309326
vt 0.661133 0.295654
vt 0.664307 0.301514
vt 0.663818 0.287354
vt 0.669678 0.295898
vt 0.668701 0.287109
vt 0.672607 0.284668
vt 0.675537 0.290527
vt 0.794434 0.418945
vt 0.798096 0.414795
vt 0.802734 0.420654
vt 0.795898 0.423340
vt 0.801514 0.423828
vt 0.798584 0.428223
vt 0.791504 0.427246
vt 0.790283 0.435303
vt 0.782715 0.431152
vt 0.783936 0.425537
vt 0.776123 0.435791
vt 0.769043 0.439697
vt 0.778320 0.449707
vt 0.774658 0.450439
vt 0.768799 0.451904
vt 0.776367 0.458008
vt 0.764404 0.455078
vt 0.756104 0.450195
vt 0.761475 0.457275
vt 0.770508 0.465576
vt 0.758301 0.460205
vt 0.748779 0.455078
vt 0.769043 0.662354
vt 0.761230 0.657715
vt 0.767822 0.654785
vt 0.758057 0.651367
vt 0.766602 0.645752
vt 0.768311 0.647217
vt 0.740234 0.453613
vt 0.747559 0.440918
vt 0.747314 0.433105
vt 0.742676 0.437256
vt 0.847900 0.701904
vt 0.843506 0.707275
vt 0.844238 0.701172
vt 0.844971 0.695801
vt 0.849609 0.691406
vt 0.847168 0.687012
vt 0.850586 0.684570
vt 0.854248 0.689941
vt 0.854736 0.681396
vt 0.858643 0.685547
vt 0.859863 0.689941
vt 0.857178 0.696045
vt 0.852539 0.697998
vt 0.856934 0.703369
vt 0.848877 0.707764
vt 0.859863 0.718750
vt 0.868652 0.716797
vt 0.873779 0.731201
vt 0.711426 0.942871
vt 0.701660 0.952148
vt 0.717041 0.945313
vt 0.715576 0.954590
vt 0.724121 0.951660
vt 0.721680 0.955078
vt 0.725830 0.963867
vt 0.732178 0.958740
vt 0.728516 0.951660
vt 0.739258 0.954834
vt 0.738525 0.958496
vt 0.731689 0.965820
vt 0.743652 0.964111
vt 0.748535 0.957520
vt 0.835693 0.751709
vt 0.832764 0.744629
vt 0.843262 0.749512
vt 0.841797 0.755859
vt 0.745117 0.972656
vt 0.735840 0.974854
vt 0.734375 0.970947
vt 0.732178 0.974609
vt 0.727295 0.971680
vt 0.721436 0.965576
vt 0.724365 0.974365
vt 0.719482 0.969482
vt 0.711914 0.958984
vt 0.709717 0.954102
vt 0.707275 0.963623
vt 0.702881 0.954102
vt 0.876221 0.732422
vt 0.867676 0.736328
vt 0.861084 0.736084
vt 0.865479 0.731689
vt 0.855225 0.720703
vt 0.848389 0.724609
vt 0.854980 0.739258
vt 0.849609 0.739746
vt 0.861572 0.749023
vt 0.853516 0.757813
vt 0.847656 0.760742
vt 0.754150 0.394531
vt 0.747314 0.388672
vt 0.756104 0.389404
vt 0.751221 0.386230
vt 0.738770 0.987061
vt 0.736328 0.981689
vt 0.741211 0.980957
vt 0.726563 0.985352
vt 0.726074 0.978271
vt 0.720215 0.978516
vt 0.745605 0.375488
vt 0.740479 0.370850
vt 0.746338 0.369873
vt 0.711670 0.975098
vt 0.715820 0.985107
vt 0.738281 0.371094
vt 0.740967 0.362305
vt 0.737793 0.363281
vt 0.708984 0.978516
vt 0.704102 0.968750
vt 0.714600 0.971191
vt 0.700684 0.963379
vt 0.698730 0.972412
vt 0.694824 0.972412
vt 0.695068 0.960449
vt 0.735596 0.422607
vt 0.736084 0.417236
vt 0.745117 0.419922
vt 0.737793 0.413086
vt 0.747803 0.413818
vt 0.875977 0.742432
vt 0.867188 0.745117
vt 0.739502 0.406982
vt 0.750732 0.406982
vt 0.743408 0.401367
vt 0.751465 0.400391
vt 0.742920 0.395020
vt 0.739258 0.401123
vt 0.730469 0.399902
vt 0.737549 0.392578
vt 0.743652 0.384033
vt 0.737061 0.387939
vt 0.736084 0.380371
vt 0.740967 0.375977
vt 0.725830 0.372314
vt 0.732910 0.370605
vt 0.726563 0.366455
vt 0.729736 0.364258
vt 0.729492 0.356934
vt 0.724854 0.356201
vt 0.720947 0.360107
vt 0.717285 0.355225
vt 0.727295 0.418213
vt 0.732910 0.424072
vt 0.728516 0.413086
vt 0.718018 0.414551
vt 0.709961 0.359131
vt 0.707031 0.353760
vt 0.697266 0.360596
vt 0.703857 0.362061
vt 0.710205 0.367920
vt 0.702148 0.373047
vt 0.699463 0.373535
vt 0.702637 0.381836
vt 0.694580 0.377441
vt 0.703857 0.389648
vt 0.709717 0.391602
vt 0.715332 0.386963
vt 0.708496 0.378418
vt 0.713623 0.379639
vt 0.722656 0.389160
vt 0.716309 0.393555
vt 0.726807 0.391846
vt 0.729004 0.396973
vt 0.717529 0.397949
vt 0.704590 0.398438
vt 0.717041 0.402832
vt 0.704346 0.406006
vt 0.693359 0.407715
vt 0.702148 0.411377
vt 0.704834 0.410156
vt 0.296875 0.550049
vt 0.301270 0.552490
vt 0.297363 0.555908
vt 0.291504 0.556641
vt 0.293213 0.547119
vt 0.294922 0.545654
vt 0.290283 0.541504
vt 0.297119 0.539063
vt 0.296387 0.533936
vt 0.302490 0.536621
vt 0.294434 0.519043
vt 0.302734 0.530029
vt 0.303223 0.519531
vt 0.297378 0.509945
vt 0.296849 0.510478
vt 0.299368 0.508507
vt 0.304443 0.509521
vt 0.298060 0.509521
vt 0.316895 0.514648
vt 0.309082 0.521240
vt 0.304932 0.526611
vt 0.309814 0.531982
vt 0.309570 0.536377
vt 0.314697 0.535889
vt 0.323242 0.540039
vt 0.322510 0.533203
vt 0.327393 0.539795
vt 0.325195 0.533447
vt 0.325928 0.532227
vt 0.319580 0.529541
vt 0.329102 0.528564
vt 0.314941 0.523926
vt 0.323730 0.523193
vt 0.332031 0.524658
vt 0.340332 0.526611
vt 0.339844 0.528809
vt 0.332764 0.530762
vt 0.338623 0.532959
vt 0.338623 0.536133
vt 0.335449 0.536865
vt 0.344238 0.538086
vt 0.341309 0.539307
vt 0.339355 0.541992
vt 0.336426 0.543457
vt 0.350098 0.542969
vt 0.347656 0.548828
vt 0.333740 0.548096
vt 0.323975 0.544922
vt 0.316650 0.543457
vt 0.323730 0.547119
vt 0.307129 0.547363
vt 0.302246 0.541260
vt 0.304932 0.547119
vt 0.298340 0.543945
vt 0.307617 0.552979
vt 0.303955 0.553711
vt 0.696777 0.356201
vt 0.692627 0.351074
vt 0.695557 0.351074
vt 0.706299 0.412354
vt 0.717773 0.409668
vt 0.728760 0.407959
vt 0.684814 0.357666
vt 0.689941 0.364014
vt 0.692139 0.364502
vt 0.690186 0.371094
vt 0.684814 0.377197
vt 0.687744 0.378662
vt 0.690674 0.387207
vt 0.674805 0.378174
vt 0.680420 0.373047
vt 0.684326 0.365479
vt 0.680908 0.365723
vt 0.684082 0.362305
vt 0.672119 0.361328
vt 0.674316 0.357178
vt 0.679932 0.419434
vt 0.679443 0.415283
vt 0.692383 0.416016
vt 0.677002 0.409912
vt 0.691650 0.402100
vt 0.674316 0.405273
vt 0.685303 0.395996
vt 0.691162 0.391602
vt 0.678467 0.388184
vt 0.696533 0.392822
vt 0.696045 0.396973
vt 0.678711 0.396973
vt 0.672119 0.395020
vt 0.668945 0.399658
vt 0.655762 0.399170
vt 0.660156 0.412109
vt 0.070313 0.988037
vt 0.076172 0.984863
vt 0.080566 0.988281
vt 0.080078 0.977539
vt 0.083740 0.980957
vt 0.090576 0.987061
vt 0.653564 0.386475
vt 0.660156 0.394775
vt 0.656250 0.385742
vt 0.665771 0.389160
vt 0.660889 0.376953
vt 0.666260 0.383301
vt 0.666748 0.373779
vt 0.670166 0.367188
vt 0.660400 0.368896
vt 0.666504 0.360840
vt 0.674805 0.364258
vt 0.664307 0.357422
vt 0.660645 0.364502
vt 0.108398 0.980957
vt 0.108398 0.972656
vt 0.112305 0.978271
vt 0.112061 0.971436
vt 0.659912 0.354980
vt 0.105713 0.967773
vt 0.108154 0.958252
vt 0.652588 0.427734
vt 0.662354 0.416992
vt 0.663086 0.421875
vt 0.648438 0.421875
vt 0.055908 0.967529
vt 0.062256 0.955811
vt 0.065674 0.970947
vt 0.068115 0.956543
vt 0.072998 0.971191
vt 0.075195 0.958740
vt 0.080078 0.967285
vt 0.085449 0.973877
vt 0.085205 0.963867
vt 0.093994 0.965576
vt 0.090576 0.955566
vt 0.096924 0.957764
vt 0.103516 0.959961
vt 0.100098 0.954834
vt 0.105225 0.946777
vt 0.102051 0.946045
vt 0.101318 0.940918
vt 0.051514 0.950439
vt 0.059082 0.939697
vt 0.057129 0.954590
vt 0.068604 0.941406
vt 0.065430 0.927490
vt 0.075684 0.934326
vt 0.078613 0.951172
vt 0.080322 0.954346
vt 0.087646 0.950439
vt 0.088135 0.938721
vt 0.079346 0.940918
vt 0.083008 0.935059
vt 0.086426 0.929443
vt 0.090576 0.941162
vt 0.097168 0.943115
vt 0.094238 0.932373
vt 0.098633 0.931152
vt 0.089355 0.923828
vt 0.094727 0.919922
vt 0.050537 0.930420
vt 0.057129 0.930664
vt 0.051514 0.938965
vt 0.055664 0.917969
vt 0.069580 0.915527
vt 0.075439 0.924072
vt 0.079346 0.908936
vt 0.069580 0.906006
vt 0.007324 0.794678
vt 0.018066 0.794678
vt 0.006104 0.802002
vt 0.010254 0.806152
vt 0.083740 0.920166
vt 0.088867 0.907959
vt 0.534668 0.007080
vt 0.532227 0.012695
vt 0.521973 0.012695
vt 0.061279 0.903320
vt 0.048096 0.917236
vt 0.534668 0.018066
vt 0.097900 0.970947
vt 0.101563 0.972900
vt 0.098389 0.978271
vt 0.091064 0.978760
vt 0.092041 0.971924
vt 0.651123 0.374512
vt 0.653564 0.376465
vt 0.671631 0.377197
vt 0.697510 0.364990
vt 0.289307 0.561035
vt 0.294678 0.558350
vt 0.286377 0.570313
vt 0.293213 0.566895
vt 0.287598 0.559570
vt 0.281982 0.567139
vt 0.286621 0.552002
vt 0.280273 0.559814
vt 0.277832 0.552734
vt 0.286377 0.541748
vt 0.290771 0.534668
vt 0.281738 0.530762
vt 0.279297 0.536865
vt 0.272461 0.525146
vt 0.268558 0.516169
vt 0.268372 0.516287
vt 0.336083 0.499164
vt 0.347768 0.501710
vt 0.340088 0.502441
vt 0.333984 0.507813
vt 0.334652 0.498914
vt 0.280245 0.516085
vt 0.279378 0.516154
vt 0.289795 0.519775
vt 0.292651 0.512746
vt 0.293109 0.512637
vt 0.321774 0.498369
vt 0.324241 0.493964
vt 0.324463 0.501953
vt 0.320068 0.499023
vt 0.321093 0.498340
vt 0.317871 0.496338
vt 0.319360 0.497033
vt 0.320285 0.495131
vt 0.316074 0.496549
vt 0.315487 0.497437
vt 0.314039 0.497249
vt 0.315674 0.505371
vt 0.313844 0.497365
vt 0.309570 0.503906
vt 0.321045 0.506592
vt 0.325195 0.508789
vt 0.322021 0.515625
vt 0.327148 0.515137
vt 0.332764 0.520752
vt 0.319824 0.518311
vt 0.339844 0.524414
vt 0.342285 0.520508
vt 0.343018 0.517578
vt 0.641113 0.353027
vt 0.645996 0.352051
vt 0.635986 0.357178
vt 0.644287 0.355713
vt 0.649170 0.353271
vt 0.650146 0.355225
vt 0.260498 0.521973
vt 0.262451 0.528320
vt 0.266846 0.531494
vt 0.263184 0.534424
vt 0.345215 0.525635
vt 0.346924 0.521240
vt 0.265625 0.539063
vt 0.273926 0.530762
vt 0.275391 0.539307
vt 0.270020 0.541504
vt 0.276611 0.542236
vt 0.267822 0.552734
vt 0.269043 0.553711
vt 0.271729 0.558105
vt 0.272949 0.562500
vt 0.265381 0.568604
vt 0.264160 0.560791
vt 0.266602 0.576416
vt 0.261719 0.577148
vt 0.263428 0.569092
vt 0.254150 0.582764
vt 0.256836 0.576660
vt 0.251953 0.580566
vt 0.252686 0.578613
vt 0.243408 0.586670
vt 0.006348 0.487793
vt 0.008789 0.489746
vt 0.000000 0.488281
vt 0.008301 0.482666
vt 0.007080 0.483154
vt 0.005859 0.481201
vt 0.005127 0.477539
vt 0.036621 0.174316
vt 0.035156 0.173584
vt 0.035889 0.170898
vt 0.246338 0.593018
vt 0.242920 0.594482
vt 0.037109 0.177979
vt 0.030029 0.174805
vt 0.027588 0.170654
vt 0.024658 0.175781
vt 0.026367 0.180176
vt 0.020508 0.182373
vt 0.016846 0.178711
vt 0.018555 0.184814
vt 0.014648 0.182617
vt 0.920166 0.750732
vt 0.924316 0.748291
vt 0.923828 0.751221
vt 0.922119 0.752930
vt 0.919189 0.753418
vt 0.916504 0.750244
vt 0.915283 0.754639
vt 0.913330 0.751465
vt 0.916504 0.746826
vt 0.921387 0.743896
vt 0.921387 0.746826
vt 0.922852 0.739990
vt 0.018066 0.482422
vt 0.011719 0.481934
vt 0.009033 0.477295
vt 0.018799 0.484619
vt 0.015381 0.489746
vt 0.012695 0.499756
vt 0.017822 0.497070
vt 0.979492 0.753174
vt 0.980225 0.758789
vt 0.974365 0.758057
vt 0.967773 0.757080
vt 0.973389 0.749512
vt 0.981689 0.745605
vt 0.269287 0.599365
vt 0.279297 0.591553
vt 0.268311 0.608887
vt 0.276611 0.583740
vt 0.273682 0.583008
vt 0.275879 0.578125
vt 0.282471 0.574707
vt 0.276611 0.568848
vt 0.271729 0.573486
vt 0.276611 0.561035
vt 0.283203 0.580566
vt 0.285400 0.583008
vt 0.262207 0.598145
vt 0.267578 0.580078
vt 0.261719 0.591309
vt 0.259277 0.591309
vt 0.252441 0.591309
vt 0.043457 0.183350
vt 0.043945 0.178711
vt 0.050781 0.180908
vt 0.809326 0.035889
vt 0.815186 0.040039
vt 0.810547 0.046631
vt 0.963379 0.744385
vt 0.960205 0.748291
vt 0.957520 0.746094
vt 0.037354 0.182129
vt 0.042236 0.186279
vt 0.036133 0.189209
vt 0.032471 0.189209
vt 0.032471 0.178711
vt 0.030518 0.185059
vt 0.030518 0.188477
vt 0.025146 0.186035
vt 0.028076 0.189941
vt 0.022949 0.187988
vt 0.020020 0.186523
vt 0.024658 0.183838
vt 0.017334 0.188232
vt 0.014160 0.186523
vt 0.013916 0.193115
vt 0.925537 0.759521
vt 0.925049 0.755127
vt 0.928223 0.762939
vt 0.928223 0.771240
vt 0.925537 0.765137
vt 0.922852 0.757813
vt 0.917969 0.763672
vt 0.918945 0.771973
vt 0.911621 0.770020
vt 0.911621 0.774902
vt 0.916504 0.774170
vt 0.910889 0.777832
vt 0.908691 0.776611
vt 0.906738 0.777344
vt 0.909668 0.779053
vt 0.912842 0.779053
vt 0.910889 0.783447
vt 0.909180 0.784668
vt 0.912354 0.787598
vt 0.915527 0.786621
vt 0.916504 0.784424
vt 0.920654 0.784912
vt 0.921143 0.781494
vt 0.922607 0.783936
vt 0.924805 0.786621
vt 0.924316 0.789795
vt 0.922363 0.788330
vt 0.920654 0.789063
vt 0.919189 0.786377
vt 0.910400 0.535889
vt 0.911865 0.530518
vt 0.914795 0.533203
vt 0.913818 0.537598
vt 0.908691 0.543457
vt 0.915039 0.541992
vt 0.914063 0.546387
vt 0.778076 0.046875
vt 0.772949 0.047852
vt 0.777588 0.044189
vt 0.781250 0.045166
vt 0.782227 0.040527
vt 0.784180 0.044189
vt 0.782471 0.048584
vt 0.786865 0.048096
vt 0.791016 0.047119
vt 0.749268 0.193115
vt 0.740723 0.192871
vt 0.750977 0.188721
vt 0.745361 0.187500
vt 0.738525 0.191895
vt 0.546387 0.145020
vt 0.545166 0.142334
vt 0.549316 0.143311
vt 0.546631 0.139893
vt 0.551270 0.139160
vt 0.750732 0.184570
vt 0.747314 0.182373
vt 0.507568 0.167725
vt 0.509033 0.167969
vt 0.505127 0.174561
vt 0.508789 0.172363
vt 0.507080 0.177002
vt 0.780029 0.050537
vt 0.782715 0.052246
vt 0.777832 0.054443
vt 0.775391 0.052734
vt 0.511719 0.166260
vt 0.509277 0.775879
vt 0.502441 0.774902
vt 0.511963 0.775879
vt 0.515381 0.777588
vt 0.505615 0.153076
vt 0.514404 0.159668
vt 0.511230 0.163574
vt 0.506836 0.164795
vt 0.500977 0.155518
vt 0.550537 0.136475
vt 0.545410 0.137207
vt 0.544434 0.132813
vt 0.537598 0.135010
vt 0.880859 0.987793
vt 0.883789 0.991943
vt 0.882080 0.992920
vt 0.498535 0.154053
vt 0.503906 0.150879
vt 0.505127 0.144775
vt 0.509277 0.148193
vt 0.507568 0.150391
vt 0.514160 0.152100
vt 0.518311 0.158203
vt 0.519287 0.777344
vt 0.516357 0.782227
vt 0.520752 0.781250
vt 0.520020 0.783936
vt 0.528320 0.789307
vt 0.526123 0.781738
vt 0.527832 0.776855
vt 0.524170 0.777344
vt 0.523438 0.772705
vt 0.520020 0.153564
vt 0.524414 0.153076
vt 0.522705 0.148682
vt 0.529297 0.147949
vt 0.527588 0.153320
vt 0.524902 0.144287
vt 0.527344 0.144043
vt 0.531738 0.142090
vt 0.537598 0.144775
vt 0.534912 0.139648
vt 0.540283 0.144775
vt 0.541260 0.150146
vt 0.730469 0.197510
vt 0.730469 0.191650
vt 0.540039 0.153320
vt 0.544922 0.152588
vt 0.722900 0.194580
vt 0.723877 0.191650
vt 0.733154 0.201416
vt 0.734131 0.198730
vt 0.739746 0.195313
vt 0.737549 0.197510
vt 0.736572 0.200439
vt 0.741211 0.199951
vt 0.739014 0.201660
vt 0.740479 0.203125
vt 0.742188 0.201416
vt 0.746582 0.204834
vt 0.746826 0.196777
vt 0.794678 0.045654
vt 0.794922 0.032471
vt 0.801758 0.039551
vt 0.801270 0.033203
vt 0.750244 0.210449
vt 0.747559 0.209717
vt 0.750488 0.216064
vt 0.841797 0.900635
vt 0.839844 0.904053
vt 0.833740 0.903564
vt 0.843750 0.902344
vt 0.842529 0.906494
vt 0.750488 0.217773
vt 0.737793 0.216309
vt 0.737061 0.213379
vt 0.743896 0.212891
vt 0.739258 0.207764
vt 0.737549 0.205566
vt 0.732910 0.207031
vt 0.730225 0.209473
vt 0.727539 0.200439
vt 0.729492 0.215820
vt 0.717285 0.211914
vt 0.711670 0.209961
vt 0.706787 0.213867
vt 0.711182 0.222168
vt 0.716797 0.218262
vt 0.714355 0.222900
vt 0.718018 0.223145
vt 0.714355 0.229004
vt 0.728760 0.221680
vt 0.977295 0.048828
vt 0.993652 0.057617
vt 0.973877 0.050781
vt 0.734863 0.220947
vt 0.740479 0.219482
vt 0.736328 0.225586
vt 0.985352 0.045410
vt 0.979980 0.043213
vt 0.989502 0.039307
vt 0.990479 0.044189
vt 0.996094 0.046631
vt 0.991455 0.046387
vt 0.989258 0.051025
vt 0.715820 0.235596
vt 0.704590 0.227051
vt 0.825195 0.880371
vt 0.832275 0.883301
vt 0.821045 0.888916
vt 0.699463 0.225830
vt 0.700928 0.219482
vt 0.705566 0.218018
vt 0.842041 0.874512
vt 0.838867 0.886719
vt 0.834961 0.868652
vt 0.840332 0.865967
vt 0.843018 0.856689
vt 0.850342 0.861328
vt 0.843506 0.868164
vt 0.843018 0.881104
vt 0.854980 0.864258
vt 0.852295 0.858154
vt 0.856689 0.853516
vt 0.858887 0.863525
vt 0.677490 0.531982
vt 0.687256 0.528809
vt 0.678955 0.533447
vt 0.705566 0.054199
vt 0.706055 0.056152
vt 0.690674 0.057617
vt 0.691406 0.054199
vt 0.683838 0.058350
vt 0.688965 0.047363
vt 0.694092 0.037842
vt 0.680420 0.525391
vt 0.663086 0.531006
vt 0.686279 0.522949
vt 0.692871 0.519775
vt 0.695068 0.522949
vt 0.696777 0.528320
vt 0.701416 0.519531
vt 0.704590 0.526367
vt 0.708740 0.523926
vt 0.710205 0.531006
vt 0.701904 0.534180
vt 0.122803 0.259277
vt 0.122314 0.264404
vt 0.714600 0.531738
vt 0.725342 0.528076
vt 0.718018 0.520996
vt 0.723633 0.524170
vt 0.726563 0.519775
vt 0.734863 0.521973
vt 0.743164 0.525146
vt 0.737793 0.517334
vt 0.746582 0.518066
vt 0.744873 0.513428
vt 0.753418 0.512695
vt 0.757813 0.515381
vt 0.574707 0.585449
vt 0.580811 0.578369
vt 0.585449 0.589600
vt 0.588379 0.581543
vt 0.582275 0.572266
vt 0.589355 0.578857
vt 0.595947 0.584473
vt 0.588379 0.566895
vt 0.590820 0.573242
vt 0.600586 0.570801
vt 0.606689 0.572266
vt 0.595947 0.564697
vt 0.608398 0.560303
vt 0.617432 0.563965
vt 0.631348 0.565674
vt 0.623535 0.565918
vt 0.472900 0.766846
vt 0.469238 0.769775
vt 0.475098 0.770264
vt 0.621826 0.558350
vt 0.633301 0.562500
vt 0.630859 0.560547
vt 0.476318 0.773438
vt 0.475586 0.775391
vt 0.472412 0.774414
vt 0.468506 0.781494
vt 0.461670 0.781006
vt 0.463867 0.775391
vt 0.458008 0.779297
vt 0.442871 0.788818
vt 0.437988 0.789063
vt 0.429932 0.796631
vt 0.434082 0.807129
vt 0.425781 0.800293
vt 0.430908 0.810303
vt 0.423828 0.807861
vt 0.423584 0.815674
vt 0.427979 0.822998
vt 0.415283 0.818359
vt 0.419189 0.812012
vt 0.416504 0.805664
vt 0.411621 0.808105
vt 0.408691 0.818848
vt 0.413330 0.829346
vt 0.407959 0.830078
vt 0.406006 0.836670
vt 0.403809 0.834229
vt 0.396729 0.844238
vt 0.153809 0.146729
vt 0.148926 0.149414
vt 0.144775 0.148193
vt 0.145020 0.153809
vt 0.136719 0.149414
vt 0.135742 0.145264
vt 0.400635 0.830078
vt 0.398438 0.832764
vt 0.507080 0.906494
vt 0.500977 0.911133
vt 0.502930 0.906982
vt 0.546387 0.548828
vt 0.550049 0.548340
vt 0.545166 0.553223
vt 0.402832 0.827637
vt 0.402832 0.815430
vt 0.397705 0.816895
vt 0.405029 0.805176
vt 0.406494 0.807861
vt 0.412842 0.799316
vt 0.408203 0.797363
vt 0.399414 0.806641
vt 0.397217 0.798828
vt 0.387695 0.804199
vt 0.543945 0.570068
vt 0.550781 0.579102
vt 0.538574 0.576904
vt 0.530029 0.573730
vt 0.534668 0.569336
vt 0.539551 0.568604
vt 0.541016 0.565186
vt 0.544189 0.564941
vt 0.554199 0.572510
vt 0.553467 0.566406
vt 0.561035 0.576416
vt 0.559326 0.585205
vt 0.761719 0.498291
vt 0.758057 0.493652
vt 0.772705 0.487549
vt 0.752930 0.496094
vt 0.755127 0.488525
vt 0.758789 0.483887
vt 0.413818 0.782227
vt 0.406738 0.790771
vt 0.735840 0.498047
vt 0.741943 0.488037
vt 0.735596 0.486572
vt 0.740967 0.477539
vt 0.420898 0.783691
vt 0.417480 0.792725
vt 0.422607 0.796143
vt 0.427002 0.780762
vt 0.424561 0.773926
vt 0.726318 0.486084
vt 0.734131 0.479004
vt 0.431641 0.785889
vt 0.428223 0.794922
vt 0.436035 0.786865
vt 0.439453 0.783447
vt 0.445801 0.777344
vt 0.728516 0.493408
vt 0.723877 0.491211
vt 0.723633 0.497559
vt 0.721436 0.504395
vt 0.716064 0.502930
vt 0.704346 0.513428
vt 0.698486 0.507324
vt 0.084229 0.763672
vt 0.086426 0.767822
vt 0.081299 0.764160
vt 0.699219 0.513428
vt 0.691406 0.513672
vt 0.087891 0.758545
vt 0.090820 0.760742
vt 0.091553 0.757568
vt 0.062744 0.140869
vt 0.069824 0.130615
vt 0.073242 0.134033
vt 0.067871 0.143311
vt 0.060059 0.142334
vt 0.068115 0.146240
vt 0.066162 0.149414
vt 0.057129 0.148682
vt 0.062988 0.152344
vt 0.072998 0.156982
vt 0.073975 0.147705
vt 0.075195 0.155518
vt 0.077881 0.145752
vt 0.079346 0.158936
vt 0.073242 0.163330
vt 0.075195 0.168457
vt 0.064697 0.168945
vt 0.065186 0.179199
vt 0.077148 0.175537
vt 0.865479 0.195068
vt 0.860352 0.186035
vt 0.878418 0.193848
vt 0.874023 0.201416
vt 0.865479 0.202637
vt 0.859863 0.196777
vt 0.858643 0.190918
vt 0.854736 0.196533
vt 0.856201 0.205322
vt 0.850342 0.200928
vt 0.842529 0.210205
vt 0.839355 0.208740
vt 0.044922 0.022217
vt 0.035156 0.017090
vt 0.039551 0.013916
vt 0.842285 0.230957
vt 0.835205 0.231445
vt 0.842773 0.239014
vt 0.835693 0.240967
vt 0.036621 0.024414
vt 0.044434 0.028809
vt 0.033203 0.027100
vt 0.029053 0.019775
vt 0.833252 0.204102
vt 0.840576 0.201172
vt 0.844971 0.190186
vt 0.848145 0.195068
vt 0.846680 0.183594
vt 0.053223 0.175537
vt 0.057617 0.167480
vt 0.044678 0.164307
vt 0.839111 0.187256
vt 0.834473 0.184082
vt 0.829590 0.199463
vt 0.827881 0.186768
vt 0.824463 0.184326
vt 0.036377 0.157471
vt 0.047363 0.154053
vt 0.054199 0.155762
vt 0.053955 0.151611
vt 0.063232 0.158936
vt 0.046387 0.146729
vt 0.053223 0.144043
vt 0.049805 0.138672
vt 0.056885 0.138428
vt 0.053223 0.135742
vt 0.084473 0.742676
vt 0.082275 0.744873
vt 0.095459 0.754883
vt 0.097168 0.761230
vt 0.095947 0.764648
vt 0.101807 0.764893
vt 0.090088 0.773926
vt 0.094971 0.744385
vt 0.089111 0.737061
vt 0.099609 0.740967
vt 0.101318 0.749023
vt 0.103760 0.739014
vt 0.106934 0.738525
vt 0.105713 0.735352
vt 0.102783 0.734619
vt 0.107178 0.140137
vt 0.104736 0.131592
vt 0.108398 0.135986
vt 0.672607 0.044434
vt 0.680420 0.054443
vt 0.666992 0.043213
vt 0.667725 0.058350
vt 0.664307 0.057861
vt 0.632324 0.276855
vt 0.638428 0.278809
vt 0.621826 0.280273
vt 0.115723 0.725830
vt 0.634033 0.267334
vt 0.644043 0.267334
vt 0.649902 0.272705
vt 0.645752 0.262207
vt 0.641113 0.264893
vt 0.643311 0.262207
vt 0.636963 0.254639
vt 0.645508 0.260498
vt 0.790283 0.025391
vt 0.789307 0.025879
vt 0.784912 0.020996
vt 0.779541 0.030518
vt 0.781738 0.022949
vt 0.777588 0.031494
vt 0.776123 0.031250
vt 0.779297 0.024170
vt 0.651367 0.261719
vt 0.648926 0.260498
vt 0.651123 0.266602
vt 0.656006 0.265625
vt 0.773193 0.031250
vt 0.775879 0.025146
vt 0.926025 0.543701
vt 0.931396 0.543213
vt 0.932129 0.545410
vt 0.661865 0.265137
vt 0.657715 0.270020
vt 0.654785 0.279785
vt 0.663574 0.268799
vt 0.656738 0.282227
vt 0.665527 0.278564
vt 0.668457 0.279541
vt 0.671143 0.267334
vt 0.675293 0.269287
vt 0.678711 0.269531
vt 0.678711 0.276855
vt 0.681885 0.271729
vt 0.680420 0.286621
vt 0.676758 0.283691
vt 0.680908 0.291260
vt 0.684814 0.283203
vt 0.688721 0.283936
vt 0.773682 0.618408
vt 0.769531 0.615967
vt 0.763672 0.606934
vt 0.764404 0.615723
vt 0.761230 0.614014
vt 0.753418 0.617432
vt 0.755127 0.609619
vt 0.746094 0.614014
vt 0.748535 0.608398
vt 0.757568 0.600830
vt 0.767334 0.604004
vt 0.744873 0.605225
vt 0.737793 0.598877
vt 0.750732 0.595703
vt 0.741699 0.593018
vt 0.760986 0.595215
vt 0.790527 0.439453
vt 0.800293 0.440674
vt 0.795898 0.447021
vt 0.781982 0.441406
vt 0.779297 0.437988
vt 0.783691 0.454834
vt 0.780762 0.458740
vt 0.778076 0.469971
vt 0.782471 0.471191
vt 0.782715 0.477051
vt 0.779053 0.477051
vt 0.780518 0.485840
vt 0.777344 0.483887
vt 0.771240 0.472412
vt 0.894531 0.059082
vt 0.889404 0.069336
vt 0.877197 0.063477
vt 0.888672 0.053711
vt 0.897705 0.050537
vt 0.897217 0.038086
vt 0.890869 0.037354
vt 0.126221 0.094238
vt 0.122803 0.084229
vt 0.130127 0.086426
vt 0.135986 0.103760
vt 0.127686 0.105957
vt 0.121094 0.094238
vt 0.118408 0.097900
vt 0.118164 0.104980
vt 0.111328 0.101074
vt 0.111816 0.112061
vt 0.119629 0.111572
vt 0.123535 0.111572
vt 0.122070 0.115967
vt 0.119385 0.116455
vt 0.120605 0.121582
vt 0.129883 0.116455
vt 0.125244 0.125977
vt 0.117432 0.126221
vt 0.112549 0.120850
vt 0.104980 0.111816
vt 0.103516 0.116943
vt 0.100586 0.109863
vt 0.097168 0.111084
vt 0.095947 0.094238
vt 0.101807 0.103271
vt 0.104736 0.092529
vt 0.097168 0.087891
vt 0.758545 0.689209
vt 0.756104 0.681396
vt 0.764893 0.684326
vt 0.111328 0.087646
vt 0.107910 0.082520
vt 0.907715 0.035156
vt 0.908447 0.044189
vt 0.901855 0.044922
vt 0.899658 0.036377
vt 0.120117 0.085449
vt 0.908936 0.053467
vt 0.900635 0.058838
vt 0.905029 0.066895
vt 0.771973 0.679199
vt 0.762695 0.669189
vt 0.765137 0.679688
vt 0.752686 0.672119
vt 0.754639 0.662354
vt 0.750000 0.652588
vt 0.740479 0.651367
vt 0.743408 0.646729
vt 0.754395 0.644775
vt 0.756592 0.639160
vt 0.767090 0.639893
vt 0.845215 0.812012
vt 0.859863 0.806641
vt 0.851563 0.813965
vt 0.863525 0.811279
vt 0.875732 0.808350
vt 0.874756 0.813477
vt 0.868164 0.818359
vt 0.883789 0.820557
vt 0.486084 0.287354
vt 0.464844 0.300293
vt 0.481445 0.274170
vt 0.622314 0.129883
vt 0.633545 0.138428
vt 0.612305 0.135010
vt 0.458740 0.301758
vt 0.461670 0.285156
vt 0.454102 0.295654
vt 0.452881 0.288574
vt 0.623047 0.121094
vt 0.638428 0.125488
vt 0.639404 0.119629
vt 0.650879 0.120361
vt 0.653564 0.125244
vt 0.658203 0.143799
vt 0.651611 0.146484
vt 0.734619 0.447998
vt 0.665283 0.131348
vt 0.669922 0.140625
vt 0.736816 0.439941
vt 0.728271 0.442627
vt 0.657715 0.123047
vt 0.666016 0.126221
vt 0.635010 0.114502
vt 0.651367 0.115479
vt 0.033203 0.199219
vt 0.029541 0.198730
vt 0.028076 0.195557
vt 0.024658 0.199219
vt 0.025635 0.196045
vt 0.019531 0.199951
vt 0.023193 0.194336
vt 0.019287 0.193359
vt 0.013916 0.200684
vt 0.015869 0.206787
vt 0.014893 0.207764
vt 0.929443 0.771729
vt 0.925293 0.780762
vt 0.924561 0.778564
vt 0.923584 0.778076
vt 0.921387 0.779297
vt 0.920166 0.780518
vt 0.912842 0.782959
vt 0.913818 0.779785
vt 0.919678 0.777588
vt 0.916016 0.776367
vt 0.920166 0.775146
vt 0.926514 0.771729
vt 0.926758 0.781250
vt 0.013916 0.211914
vt 0.012695 0.212158
vt 0.017334 0.210693
vt 0.873291 0.071533
vt 0.877930 0.070557
vt 0.880127 0.072754
vt 0.874512 0.074707
vt 0.872070 0.074463
vt 0.870361 0.073486
vt 0.869873 0.077148
vt 0.867920 0.076904
vt 0.869873 0.083496
vt 0.922852 0.534424
vt 0.917236 0.532471
vt 0.922607 0.532959
vt 0.929443 0.532715
vt 0.928711 0.535889
vt 0.921875 0.536133
vt 0.922607 0.538330
vt 0.917236 0.539795
vt 0.916748 0.534912
vt 0.922119 0.539795
vt 0.919434 0.544189
vt 0.924316 0.542236
vt 0.774414 0.038086
vt 0.777832 0.037354
vt 0.777832 0.041504
vt 0.916748 0.547363
vt 0.781982 0.039307
vt 0.779541 0.037109
vt 0.780762 0.034668
vt 0.781250 0.031006
vt 0.788086 0.036621
vt 0.789551 0.030762
vt 0.789307 0.036865
vt 0.790039 0.037598
vt 0.784180 0.041260
vt 0.785889 0.043457
vt 0.790283 0.032227
vt 0.799316 0.020752
vt 0.623535 0.261475
vt 0.620117 0.266357
vt 0.678223 0.074219
vt 0.675049 0.076904
vt 0.677246 0.066650
vt 0.678711 0.062256
vt 0.677979 0.058350
vt 0.669189 0.062500
vt 0.626465 0.272217
vt 0.631348 0.271973
vt 0.629395 0.277344
vt 0.686523 0.060791
vt 0.688232 0.069580
vt 0.855957 0.831543
vt 0.848877 0.838379
vt 0.858154 0.822510
vt 0.850098 0.830078
vt 0.850830 0.893799
vt 0.859863 0.894531
vt 0.856689 0.906494
vt 0.865234 0.897949
vt 0.859375 0.915771
vt 0.866699 0.914063
vt 0.866943 0.924316
vt 0.872070 0.921875
vt 0.863281 0.931152
vt 0.874268 0.932617
vt 0.868408 0.938721
vt 0.860596 0.936523
vt 0.855225 0.941162
vt 0.853027 0.928955
vt 0.852539 0.920166
vt 0.740967 0.223389
vt 0.747559 0.225098
vt 0.744629 0.227539
vt 0.742188 0.229980
vt 0.737061 0.229492
vt 0.990234 0.035156
vt 0.984863 0.034180
vt 0.185547 0.011230
vt 0.189453 0.001953
vt 0.189941 0.015625
vt 0.180908 0.013184
vt 0.180176 0.023193
vt 0.991943 0.038330
vt 0.993408 0.032227
vt 0.891846 0.479980
vt 0.882324 0.485840
vt 0.883057 0.474365
vt 0.884766 0.472412
vt 0.894775 0.468262
vt 0.902344 0.468750
vt 0.911377 0.473877
vt 0.898926 0.499268
vt 0.921875 0.497070
vt 0.920410 0.472412
vt 0.925049 0.489014
vt 0.927246 0.511719
vt 0.859863 0.142578
vt 0.838623 0.148926
vt 0.860107 0.135254
vt 0.873047 0.134521
vt 0.873047 0.144531
vt 0.589111 0.048584
vt 0.606201 0.039307
vt 0.589600 0.051514
vt 0.863525 0.151367
vt 0.896973 0.155273
vt 0.723389 0.027832
vt 0.727295 0.010742
vt 0.727783 0.032959
vt 0.722900 0.031250
vt 0.614990 0.042725
vt 0.613770 0.043701
vt 0.611572 0.041260
vt 0.613037 0.037842
vt 0.621338 0.043701
vt 0.809814 0.834229
vt 0.814209 0.837158
vt 0.806396 0.839844
vt 0.815918 0.841553
vt 0.817139 0.846680
vt 0.811768 0.850830
vt 0.817383 0.865234
vt 0.888184 0.493896
vt 0.898193 0.501953
vt 0.881104 0.505615
vt 0.879150 0.516357
vt 0.911133 0.503174
vt 0.910156 0.517090
vt 0.926514 0.516357
vt 0.839600 0.156250
vt 0.859131 0.149170
vt 0.846436 0.150879
vt 0.825439 0.867188
vt 0.826660 0.854248
vt 0.828125 0.844727
vt 0.826904 0.836914
vt 0.822266 0.833008
vt 0.829346 0.826416
vt 0.821289 0.821289
vt 0.939453 0.019775
vt 0.933838 0.015137
vt 0.938477 0.013184
vt 0.871826 0.904541
vt 0.874268 0.899170
vt 0.879395 0.903320
vt 0.874756 0.912598
vt 0.928467 0.017578
vt 0.927246 0.011719
vt 0.933594 0.017334
vt 0.929199 0.022705
vt 0.921631 0.020996
vt 0.922607 0.027832
vt 0.910400 0.027100
vt 0.916016 0.031982
vt 0.914551 0.037354
vt 0.989258 0.585938
vt 0.983643 0.582275
vt 0.989258 0.582520
vt 0.920166 0.037598
vt 0.917480 0.041016
vt 0.926270 0.037109
vt 0.989502 0.589844
vt 0.994629 0.584961
vt 0.991455 0.596191
vt 0.987793 0.594482
vt 0.981689 0.597168
vt 0.981934 0.600342
vt 0.988037 0.599609
vt 0.987549 0.603027
vt 0.983398 0.604736
vt 0.013428 0.783691
vt 0.021240 0.783936
vt 0.018799 0.787354
vt 0.015625 0.777344
vt 0.018066 0.778320
vt 0.857422 0.943848
vt 0.866699 0.943359
vt 0.864502 0.954346
vt 0.853027 0.954346
vt 0.877197 0.940674
vt 0.864502 0.958740
vt 0.012939 0.773193
vt 0.017090 0.772949
vt 0.008057 0.780029
vt 0.008545 0.774414
vt 0.014160 0.770020
vt 0.001953 0.781006
vt 0.004395 0.775635
vt 0.601807 0.037354
vt 0.586914 0.044922
vt 0.597168 0.036377
vt 0.600586 0.028076
vt 0.606201 0.033203
vt 0.605713 0.029785
vt 0.609619 0.030762
vt 0.604248 0.020752
vt 0.988525 0.637939
vt 0.984131 0.638428
vt 0.979004 0.634766
vt 0.978027 0.635742
vt 0.611572 0.030273
vt 0.616943 0.034180
vt 0.934814 0.025879
vt 0.939453 0.024170
vt 0.940186 0.028809
vt 0.935059 0.030518
vt 0.932617 0.029541
vt 0.988037 0.656250
vt 0.985107 0.655762
vt 0.985107 0.652100
vt 0.989258 0.652344
vt 0.997803 0.595215
vt 0.995361 0.599121
vt 0.992920 0.604492
vt 0.994873 0.643799
vt 0.999023 0.647949
vt 0.997070 0.645020
vt 0.999023 0.642334
vt 0.991455 0.608398
vt 0.994385 0.608887
vt 0.995605 0.639648
vt 0.999756 0.637451
vt 0.992676 0.632080
vt 0.991455 0.639648
vt 0.986572 0.642090
vt 0.990479 0.643311
vt 0.993408 0.642090
vt 0.986816 0.645020
vt 0.012451 0.296387
vt 0.017090 0.297363
vt 0.016113 0.299561
vt 0.012207 0.300537
vt 0.921387 0.034668
vt 0.927002 0.034912
vt 0.918945 0.032471
vt 0.011719 0.293701
vt 0.012695 0.291260
vt 0.017334 0.291504
vt 0.015381 0.294189
vt 0.980713 0.639893
vt 0.983154 0.642578
vt 0.986084 0.648438
vt 0.004150 0.291016
vt 0.004395 0.293701
vt 0.932861 0.023926
vt 0.935791 0.018311
vt 0.621826 0.035400
vt 0.615723 0.038086
vt 0.002686 0.787109
vt 0.010498 0.782471
vt 0.977051 0.600830
vt 0.907227 0.016846
vt 0.910400 0.017578
vt 0.914307 0.017334
vt 0.907227 0.012939
vt 0.920898 0.009766
vt 0.843262 0.829102
vt 0.839355 0.841064
vt 0.840332 0.850586
vt 0.844238 0.847656
vt 0.848145 0.849121
vt 0.831055 0.851074
vt 0.830078 0.848877
vt 0.831787 0.864502
vt 0.801270 0.840576
vt 0.871094 0.126709
vt 0.011475 0.763916
vt 0.008789 0.762451
vt 0.901123 0.463379
vt 0.747803 0.234375
vt 0.851807 0.941406
vt 0.883301 0.927246
vt 0.681152 0.079834
vt 0.804199 0.023926
vt 0.927490 0.539063
vt 0.668701 0.260254
vt 0.673340 0.259521
vt 0.678467 0.261230
vt 0.873535 0.085693
vt 0.872559 0.087891
vt 0.875244 0.088135
vt 0.684082 0.255127
vt 0.684570 0.263428
vt 0.687500 0.266602
vt 0.690430 0.263672
vt 0.700195 0.261230
vt 0.694092 0.265625
vt 0.685303 0.271240
vt 0.693848 0.272217
vt 0.830811 0.800293
vt 0.831787 0.801758
vt 0.828613 0.810791
vt 0.845459 0.798828
vt 0.847656 0.808594
vt 0.830566 0.814209
vt 0.764404 0.632324
vt 0.771729 0.626953
vt 0.759521 0.632324
vt 0.750488 0.635010
vt 0.755127 0.630127
vt 0.756104 0.618652
vt 0.752441 0.626221
vt 0.740723 0.626953
vt 0.745361 0.621094
vt 0.738770 0.625732
vt 0.736084 0.620605
vt 0.736084 0.617920
vt 0.732422 0.617920
vt 0.732422 0.621826
vt 0.724854 0.622070
vt 0.724121 0.617676
vt 0.732910 0.607666
vt 0.728760 0.600830
vt 0.734375 0.598877
vt 0.731445 0.593018
vt 0.725098 0.596924
vt 0.794189 0.450195
vt 0.797607 0.453857
vt 0.790771 0.462891
vt 0.785156 0.450439
vt 0.788330 0.466797
vt 0.790283 0.468750
vt 0.717529 0.611572
vt 0.720459 0.616699
vt 0.713623 0.628662
vt 0.789551 0.479736
vt 0.715088 0.630615
vt 0.710938 0.631348
vt 0.724365 0.625244
vt 0.721191 0.637451
vt 0.717041 0.642090
vt 0.710938 0.642822
vt 0.721680 0.641846
vt 0.722168 0.648193
vt 0.718262 0.649902
vt 0.710449 0.644531
vt 0.877930 0.057617
vt 0.869873 0.062012
vt 0.876953 0.046631
vt 0.880615 0.056396
vt 0.879883 0.046143
vt 0.880127 0.035400
vt 0.875000 0.036865
vt 0.953369 0.312988
vt 0.958496 0.316406
vt 0.952393 0.314941
vt 0.730469 0.666260
vt 0.729004 0.677490
vt 0.725830 0.676025
vt 0.728271 0.665527
vt 0.734131 0.659424
vt 0.736816 0.662842
vt 0.735840 0.653564
vt 0.747314 0.669189
vt 0.735107 0.645508
vt 0.728516 0.644287
vt 0.735352 0.639648
vt 0.727295 0.635010
vt 0.729736 0.628662
vt 0.736084 0.633789
vt 0.735840 0.626709
vt 0.730957 0.626465
vt 0.740234 0.631836
vt 0.739746 0.638184
vt 0.744873 0.636963
vt 0.742188 0.643311
vt 0.725098 0.652100
vt 0.739014 0.678955
vt 0.087402 0.105713
vt 0.092041 0.098389
vt 0.097412 0.114990
vt 0.958984 0.305176
vt 0.959961 0.311523
vt 0.962891 0.314209
vt 0.965576 0.310303
vt 0.965332 0.315430
vt 0.969971 0.307373
vt 0.971191 0.314697
vt 0.971924 0.319580
vt 0.141113 0.101807
vt 0.144531 0.097900
vt 0.141113 0.105469
vt 0.137451 0.108398
vt 0.137695 0.103271
vt 0.134766 0.093262
vt 0.134277 0.114502
vt 0.133789 0.119385
vt 0.130615 0.121338
vt 0.133545 0.123779
vt 0.131592 0.126709
vt 0.126362 0.131564
vt 0.127110 0.131404
vt 0.353172 0.879118
vt 0.350098 0.874512
vt 0.353383 0.878893
vt 0.355225 0.871338
vt 0.353917 0.878534
vt 0.358899 0.874796
vt 0.358154 0.867188
vt 0.359290 0.874681
vt 0.125778 0.131635
vt 0.120615 0.133268
vt 0.116754 0.134807
vt 0.116514 0.134869
vt 0.114258 0.127197
vt 0.109619 0.125000
vt 0.360636 0.872603
vt 0.358643 0.865479
vt 0.973633 0.292236
vt 0.965820 0.296875
vt 0.973877 0.289063
vt 0.967529 0.298584
vt 0.966309 0.303223
vt 0.968506 0.303467
vt 0.975098 0.297363
vt 0.972900 0.303711
vt 0.975830 0.302002
vt 0.976318 0.314453
vt 0.971924 0.305664
vt 0.974609 0.313232
vt 0.975830 0.316895
vt 0.980225 0.323730
vt 0.979004 0.326172
vt 0.981934 0.329102
vt 0.977539 0.330322
vt 0.983643 0.323242
vt 0.987061 0.325195
vt 0.628174 0.603271
vt 0.631592 0.600342
vt 0.634277 0.601318
vt 0.635742 0.603271
vt 0.628999 0.606367
vt 0.630191 0.606355
vt 0.346362 0.884965
vt 0.341171 0.888683
vt 0.344482 0.885254
vt 0.343262 0.878906
vt 0.347233 0.884201
vt 0.344971 0.878906
vt 0.347385 0.884173
vt 0.352981 0.879352
vt 0.345459 0.875488
vt 0.340820 0.877197
vt 0.339600 0.873535
vt 0.979004 0.302002
vt 0.981201 0.299561
vt 0.985107 0.305908
vt 0.984619 0.311035
vt 0.979980 0.310059
vt 0.982422 0.314941
vt 0.980469 0.314209
vt 0.985840 0.323242
vt 0.986816 0.318359
vt 0.636963 0.595215
vt 0.634033 0.598877
vt 0.637207 0.598633
vt 0.639404 0.596436
vt 0.970947 0.602783
vt 0.968750 0.608643
vt 0.968018 0.604004
vt 0.965088 0.604004
vt 0.965332 0.611084
vt 0.962158 0.609375
vt 0.960938 0.601318
vt 0.642090 0.597412
vt 0.641113 0.599609
vt 0.639160 0.598145
vt 0.637695 0.603027
vt 0.637939 0.605957
vt 0.639648 0.605713
vt 0.639440 0.606639
vt 0.639924 0.606127
vt 0.956879 0.612537
vt 0.955578 0.611125
vt 0.957031 0.610107
vt 0.960693 0.613037
vt 0.957931 0.613728
vt 0.958978 0.614581
vt 0.959169 0.619474
vt 0.959455 0.620738
vt 0.964600 0.619385
vt 0.960042 0.621572
vt 0.961914 0.621582
vt 0.960621 0.621859
vt 0.964117 0.623372
vt 0.965818 0.622469
vt 0.967092 0.622557
vt 0.969238 0.617920
vt 0.967346 0.622651
vt 0.970947 0.620117
vt 0.967395 0.622722
vt 0.968506 0.623779
vt 0.967491 0.622968
vt 0.966612 0.624468
vt 0.967996 0.625435
vt 0.973633 0.625000
vt 0.971317 0.625741
vt 0.975636 0.625286
vt 0.979004 0.622803
vt 0.978812 0.625109
vt 0.636148 0.607739
vt 0.636943 0.607522
vt 0.332198 0.882813
vt 0.337402 0.878662
vt 0.332578 0.883067
vt 0.336670 0.883057
vt 0.332643 0.883661
vt 0.337402 0.886963
vt 0.333262 0.884623
vt 0.337576 0.890789
vt 0.340576 0.885010
vt 0.338157 0.891056
vt 0.339355 0.881348
vt 0.336426 0.876709
vt 0.333740 0.879150
vt 0.976318 0.614990
vt 0.978516 0.617432
vt 0.976074 0.617676
vt 0.971436 0.612793
vt 0.974854 0.609375
vt 0.971680 0.623047
vt 0.980469 0.611572
vt 0.330664 0.881649
vt 0.956787 0.604004
vt 0.951172 0.602783
vt 0.953369 0.607422
vt 0.948486 0.606934
vt 0.948242 0.600830
vt 0.643799 0.603760
vt 0.643066 0.601563
vt 0.646729 0.600830
vt 0.645508 0.598877
vt 0.953125 0.597656
vt 0.955322 0.601074
vt 0.949171 0.609809
vt 0.951512 0.609774
vt 0.954009 0.609725
vt 0.642019 0.605676
vt 0.979492 0.295166
vt 0.133037 0.131455
vt 0.629395 0.597656
vt 0.981201 0.333740
vt 0.970703 0.323975
vt 0.141846 0.089111
vt 0.132568 0.086426
vt 0.887207 0.036377
vt 0.745605 0.680908
vt 0.822998 0.816895
vt 0.686523 0.279785
vt 0.692871 0.281982
vt 0.858398 0.802490
vt 0.863281 0.801758
vt 0.869629 0.805176
vt 0.887451 0.789307
vt 0.876953 0.806396
vt 0.885010 0.812500
vt 0.500977 0.289063
vt 0.493164 0.289307
vt 0.499512 0.277832
vt 0.503662 0.309082
vt 0.510254 0.303955
vt 0.510010 0.293457
vt 0.505859 0.288574
vt 0.507813 0.288330
vt 0.512695 0.288818
vt 0.513428 0.292725
vt 0.517578 0.285645
vt 0.520020 0.289551
vt 0.010010 0.964844
vt 0.015625 0.959229
vt 0.022217 0.964844
vt 0.524658 0.287354
vt 0.515137 0.309570
vt 0.513916 0.331299
vt 0.503662 0.325928
vt 0.508057 0.331299
vt 0.502930 0.331787
vt 0.491541 0.331882
vt 0.492529 0.332558
vt 0.487537 0.332587
vt 0.491699 0.330811
vt 0.490367 0.332143
vt 0.492432 0.328125
vt 0.500000 0.321289
vt 0.499756 0.317383
vt 0.498535 0.310791
vt 0.492188 0.292480
vt 0.491943 0.297119
vt 0.484863 0.292236
vt 0.471924 0.300537
vt 0.476807 0.299316
vt 0.481445 0.316895
vt 0.475586 0.319092
vt 0.471436 0.319092
vt 0.480225 0.327637
vt 0.478271 0.329346
vt 0.491943 0.324707
vt 0.483398 0.324219
vt 0.490479 0.318359
vt 0.465332 0.325928
vt 0.463135 0.335449
vt 0.480469 0.331299
vt 0.477943 0.336144
vt 0.478981 0.335550
vt 0.483643 0.332275
vt 0.480169 0.335055
vt 0.485482 0.333445
vt 0.663067 0.321826
vt 0.666504 0.324463
vt 0.663087 0.323257
vt 0.662037 0.331164
vt 0.672363 0.327637
vt 0.662068 0.332113
vt 0.662393 0.344410
vt 0.662246 0.334143
vt 0.666992 0.341064
vt 0.680664 0.343018
vt 0.677246 0.336914
vt 0.687744 0.333496
vt 0.695313 0.336426
vt 0.704834 0.346191
vt 0.692139 0.331055
vt 0.699707 0.329346
vt 0.718018 0.334229
vt 0.718750 0.342041
vt 0.717773 0.345459
vt 0.444824 0.290283
vt 0.452148 0.296631
vt 0.449219 0.289551
vt 0.624268 0.110352
vt 0.623047 0.112793
vt 0.620605 0.113037
vt 0.988770 0.572754
vt 0.982178 0.572266
vt 0.983887 0.571289
vt 0.527344 0.293213
vt 0.521484 0.309082
vt 0.524658 0.295166
vt 0.520264 0.312012
vt 0.686523 0.323242
vt 0.693604 0.309814
vt 0.693604 0.315918
vt 0.693115 0.323486
vt 0.703857 0.317627
vt 0.703369 0.322510
vt 0.721436 0.314941
vt 0.728271 0.337158
vt 0.709717 0.314209
vt 0.727783 0.309814
vt 0.702393 0.311768
vt 0.525146 0.310059
vt 0.981934 0.577637
vt 0.632324 0.109131
vt 0.637695 0.110107
vt 0.910400 0.078369
vt 0.903076 0.079102
vt 0.903564 0.075928
vt 0.894287 0.075928
vt 0.893555 0.084473
vt 0.885986 0.077148
vt 0.886230 0.084473
vt 0.884277 0.085205
vt 0.022461 0.204834
vt 0.024658 0.205078
vt 0.021240 0.210449
vt 0.020020 0.204102
vt 0.876953 0.079346
vt 0.879395 0.084229
vt 0.874756 0.081787
vt 0.878174 0.086670
vt 0.879639 0.088135
vt 0.876709 0.092773
vt 0.873291 0.080078
vt 0.880859 0.092041
vt 0.829346 0.792480
vt 0.819824 0.789307
vt 0.830566 0.790283
vt 0.886963 0.091064
vt 0.889160 0.087891
vt 0.831299 0.783203
vt 0.834961 0.798340
vt 0.849121 0.791260
vt 0.855469 0.794678
vt 0.856934 0.796143
vt 0.857910 0.788574
vt 0.869629 0.788086
vt 0.860352 0.797363
vt 0.856934 0.784912
vt 0.856934 0.782471
vt 0.873047 0.783447
vt 0.878662 0.784180
vt 0.521484 0.281982
vt 0.517578 0.282471
vt 0.523438 0.274658
vt 0.523682 0.280273
vt 0.522949 0.284668
vt 0.533447 0.274658
vt 0.863770 0.764404
vt 0.879395 0.765869
vt 0.873291 0.761719
vt 0.521484 0.286377
vt 0.528076 0.283447
vt 0.863770 0.762695
vt 0.878174 0.756592
vt 0.863770 0.760254
vt 0.903320 0.086182
vt 0.914551 0.085205
vt 0.911865 0.088379
vt 0.902100 0.087158
vt 0.901855 0.083496
vt 0.904053 0.081543
vt 0.897461 0.087158
vt 0.901855 0.090820
vt 0.900879 0.088379
vt 0.909912 0.089600
vt 0.858643 0.765137
vt 0.851074 0.774658
vt 0.848389 0.772949
vt 0.853516 0.785156
vt 0.852783 0.791748
vt 0.854004 0.773682
vt 0.912109 0.089844
vt 0.512451 0.286865
vt 0.508789 0.284912
vt 0.505615 0.285889
vt 0.883301 0.810059
vt 0.881836 0.808838
vt 0.883057 0.808350
vt 0.883301 0.782227
vt 0.675537 0.327393
vt 0.678223 0.320313
vt 0.672119 0.317139
vt 0.675049 0.335938
vt 0.662487 0.344882
vt 0.667969 0.319580
vt 0.665771 0.317383
vt 0.507813 0.334717
vt 0.505859 0.338867
vt 0.502734 0.334533
vt 0.503348 0.335969
vt 0.668169 0.347645
vt 0.673096 0.314941
vt 0.506836 0.279297
vt 0.697266 0.254639
vt 0.906250 0.072754
vt 0.485840 0.280029
vt 0.851318 0.816406
vt 0.885254 0.818115
vt 0.110596 0.094971
vt 0.680176 0.046631
vt 0.095703 0.130859
vt 0.098877 0.124268
vt 0.086182 0.130615
vt 0.689941 0.037354
vt 0.686768 0.045898
vt 0.084961 0.138916
vt 0.076660 0.139648
vt 0.080322 0.129883
vt 0.683594 0.520020
vt 0.677979 0.522705
vt 0.083252 0.143311
vt 0.081543 0.150146
vt 0.087158 0.146729
vt 0.089111 0.158936
vt 0.083008 0.159668
vt 0.082520 0.165771
vt 0.085205 0.169434
vt 0.090576 0.165527
vt 0.098389 0.163818
vt 0.093018 0.155029
vt 0.098389 0.155273
vt 0.090332 0.730713
vt 0.087158 0.732178
vt 0.045898 0.134277
vt 0.041504 0.141602
vt 0.097900 0.736328
vt 0.092041 0.147949
vt 0.102539 0.147217
vt 0.097412 0.140869
vt 0.091309 0.170410
vt 0.039551 0.151367
vt 0.085938 0.175049
vt 0.082520 0.181152
vt 0.877930 0.207764
vt 0.879639 0.201904
vt 0.025391 0.015625
vt 0.015869 0.015869
vt 0.016357 0.012695
vt 0.016602 0.020508
vt 0.870117 0.214600
vt 0.015625 0.032959
vt 0.939453 0.869385
vt 0.950195 0.867676
vt 0.947754 0.874512
vt 0.864014 0.215088
vt 0.854980 0.216309
vt 0.862793 0.223877
vt 0.857910 0.232422
vt 0.853516 0.231445
vt 0.850586 0.230469
vt 0.846680 0.228271
vt 0.849365 0.244141
vt 0.863525 0.239746
vt 0.863037 0.244629
vt 0.855957 0.249023
vt 0.854736 0.257080
vt 0.857910 0.259033
vt 0.782471 0.252441
vt 0.775146 0.254883
vt 0.766357 0.250488
vt 0.754150 0.260742
vt 0.755859 0.253174
vt 0.738525 0.259033
vt 0.750000 0.275146
vt 0.727539 0.278564
vt 0.750977 0.283936
vt 0.021729 0.474609
vt 0.039063 0.453613
vt 0.034668 0.466797
vt 0.042969 0.471924
vt 0.721680 0.280029
vt 0.717285 0.263916
vt 0.704346 0.284180
vt 0.707764 0.295410
vt 0.980713 0.971924
vt 0.964111 0.983887
vt 0.966309 0.973877
vt 0.975586 0.968750
vt 0.985107 0.960449
vt 0.985352 0.983398
vt 0.971436 0.990479
vt 0.971680 0.996094
vt 0.088135 0.080811
vt 0.094482 0.074951
vt 0.103271 0.076172
vt 0.090088 0.083252
vt 0.076904 0.113281
vt 0.008057 0.124023
vt 0.008057 0.091064
vt 0.014404 0.109375
vt 0.076904 0.067627
vt 0.088379 0.074463
vt 0.969971 0.783203
vt 0.958008 0.784424
vt 0.972656 0.763184
vt 0.958008 0.793213
vt 0.947266 0.790039
vt 0.707520 0.262939
vt 0.705811 0.244141
vt 0.911133 0.304688
vt 0.920166 0.311279
vt 0.911133 0.315186
vt 0.927979 0.348633
vt 0.033936 0.317627
vt 0.026855 0.313477
vt 0.055420 0.278320
vt 0.042480 0.313232
vt 0.040771 0.320801
vt 0.033447 0.324951
vt 0.917969 0.306885
vt 0.950928 0.306396
vt 0.019043 0.322510
vt 0.924561 0.843750
vt 0.909424 0.839600
vt 0.919189 0.838379
vt 0.922363 0.836670
vt 0.934082 0.839355
vt 0.943604 0.842285
vt 0.932861 0.846680
vt 0.926270 0.856689
vt 0.918213 0.850830
vt 0.914795 0.843506
vt 0.838135 0.247559
vt 0.944580 0.860107
vt 0.933350 0.857178
vt 0.932617 0.837402
vt 0.937012 0.833740
vt 0.949219 0.828125
vt 0.961670 0.800293
vt 0.029785 0.449463
vt 0.039551 0.419678
vt 0.278076 0.015381
vt 0.280273 0.014893
vt 0.280029 0.030762
vt 0.285156 0.007080
vt 0.119385 0.028076
vt 0.126953 0.041992
vt 0.119385 0.050293
vt 0.110840 0.049561
vt 0.107178 0.033936
vt 0.101807 0.080322
vt 0.106934 0.052246
vt 0.123779 0.018799
vt 0.126709 0.030762
vt 0.290771 0.015381
vt 0.064209 0.474121
vt 0.769043 0.275635
vt 0.765381 0.272461
vt 0.765137 0.262695
vt 0.758301 0.268066
vt 0.766113 0.246582
vt 0.951904 0.832031
vt 0.024414 0.035889
vt 0.821777 0.193115
vt 0.832031 0.247070
vt 0.711670 0.512451
vt 0.717041 0.514404
vt 0.731689 0.512451
vt 0.732178 0.507324
vt 0.729248 0.499756
vt 0.740479 0.503906
vt 0.746094 0.506836
vt 0.760010 0.502930
vt 0.753662 0.501221
vt 0.767822 0.504150
vt 0.565430 0.579346
vt 0.564697 0.572021
vt 0.573975 0.577881
vt 0.575684 0.570313
vt 0.563232 0.567627
vt 0.568359 0.564697
vt 0.574463 0.558594
vt 0.581055 0.555176
vt 0.581543 0.565674
vt 0.584229 0.552490
vt 0.593750 0.562744
vt 0.606445 0.551758
vt 0.615723 0.550049
vt 0.599365 0.545410
vt 0.616211 0.545410
vt 0.598389 0.539307
vt 0.617920 0.539307
vt 0.619629 0.537354
vt 0.593018 0.532471
vt 0.620361 0.532227
vt 0.446533 0.910889
vt 0.436523 0.904541
vt 0.460938 0.908203
vt 0.468750 0.912842
vt 0.459961 0.920410
vt 0.444824 0.921143
vt 0.434570 0.907471
vt 0.427490 0.909668
vt 0.434570 0.918701
vt 0.796387 0.472412
vt 0.808105 0.469238
vt 0.796875 0.475830
vt 0.224609 0.087402
vt 0.214844 0.085693
vt 0.214600 0.084229
vt 0.431641 0.928467
vt 0.427979 0.924805
vt 0.442139 0.931396
vt 0.441162 0.947266
vt 0.446045 0.940430
vt 0.450195 0.944824
vt 0.453125 0.956543
vt 0.444092 0.956299
vt 0.442383 0.961670
vt 0.435303 0.963379
vt 0.431396 0.954102
vt 0.416992 0.967529
vt 0.421387 0.957764
vt 0.406494 0.964600
vt 0.406250 0.972900
vt 0.392334 0.973877
vt 0.402832 0.977539
vt 0.387207 0.982666
vt 0.380371 0.982910
vt 0.393311 0.968262
vt 0.552979 0.870850
vt 0.531250 0.865234
vt 0.535889 0.860840
vt 0.527832 0.856445
vt 0.404541 0.961426
vt 0.413330 0.949951
vt 0.420410 0.949707
vt 0.263428 0.080322
vt 0.257813 0.079102
vt 0.262939 0.078613
vt 0.840576 0.464111
vt 0.843994 0.453613
vt 0.846191 0.454102
vt 0.499023 0.848633
vt 0.495605 0.836182
vt 0.507568 0.844971
vt 0.519287 0.860107
vt 0.508545 0.855713
vt 0.513672 0.860107
vt 0.502441 0.864014
vt 0.507813 0.868164
vt 0.513428 0.873047
vt 0.542480 0.871094
vt 0.528320 0.878418
vt 0.391113 0.993164
vt 0.405762 0.983643
vt 0.407959 0.986572
vt 0.425781 0.984863
vt 0.422363 0.979004
vt 0.434570 0.975830
vt 0.428223 0.970947
vt 0.447266 0.966797
vt 0.431641 0.966797
vt 0.454102 0.970215
vt 0.433350 0.982910
vt 0.452393 0.974854
vt 0.481934 0.881592
vt 0.486084 0.877686
vt 0.509521 0.881592
vt 0.502930 0.875244
vt 0.515381 0.876953
vt 0.485352 0.871338
vt 0.476563 0.869629
vt 0.460449 0.871582
vt 0.455811 0.876953
vt 0.442627 0.866699
vt 0.439209 0.858887
vt 0.459961 0.868408
vt 0.432129 0.849854
vt 0.455811 0.844482
vt 0.466553 0.857422
vt 0.482666 0.851074
vt 0.483398 0.866211
vt 0.489258 0.862305
vt 0.488525 0.864502
vt 0.475830 0.848877
vt 0.478760 0.838135
vt 0.488037 0.829590
vt 0.491455 0.830078
vt 0.838379 0.455811
vt 0.834473 0.468750
vt 0.833984 0.462158
vt 0.833496 0.450928
vt 0.828369 0.438477
vt 0.823242 0.447754
vt 0.819336 0.445313
vt 0.824219 0.460693
vt 0.817139 0.458008
vt 0.813477 0.449951
vt 0.818848 0.423340
vt 0.814941 0.426758
vt 0.247070 0.099854
vt 0.251953 0.114014
vt 0.234863 0.100098
vt 0.239014 0.098633
vt 0.228027 0.090088
vt 0.231934 0.084717
vt 0.235107 0.080566
vt 0.810303 0.465576
vt 0.802979 0.458984
vt 0.249512 0.088623
vt 0.427002 0.936279
vt 0.414795 0.942871
vt 0.423584 0.934326
vt 0.256592 0.097656
vt 0.257080 0.112793
vt 0.261230 0.098389
vt 0.260742 0.115234
vt 0.823975 0.420898
vt 0.831299 0.436279
vt 0.818115 0.412109
vt 0.821045 0.408447
vt 0.815430 0.411133
vt 0.258057 0.126709
vt 0.261719 0.126709
vt 0.814697 0.466553
vt 0.917725 0.694824
vt 0.916016 0.692627
vt 0.921631 0.693848
vt 0.914795 0.676758
vt 0.922852 0.687744
vt 0.927246 0.694824
vt 0.425781 0.906250
vt 0.431152 0.903564
vt 0.927490 0.688477
vt 0.932129 0.683350
vt 0.636230 0.541260
vt 0.625488 0.534180
vt 0.628906 0.543213
vt 0.622803 0.548584
vt 0.626221 0.554932
vt 0.637207 0.547852
vt 0.641113 0.552246
vt 0.487549 0.769043
vt 0.486816 0.774170
vt 0.497803 0.766846
vt 0.492188 0.778564
vt 0.483887 0.780518
vt 0.475342 0.781494
vt 0.480713 0.789307
vt 0.471680 0.789063
vt 0.472412 0.783447
vt 0.459961 0.787354
vt 0.463867 0.791260
vt 0.449707 0.798096
vt 0.447266 0.796631
vt 0.451416 0.788818
vt 0.435303 0.812744
vt 0.440918 0.810547
vt 0.434570 0.826416
vt 0.431885 0.828613
vt 0.450928 0.827881
vt 0.431152 0.838379
vt 0.453125 0.835205
vt 0.468506 0.828125
vt 0.455322 0.841797
vt 0.473389 0.828125
vt 0.477051 0.819336
vt 0.481689 0.821289
vt 0.491455 0.826172
vt 0.483398 0.820557
vt 0.826660 0.465820
vt 0.825195 0.475098
vt 0.489014 0.804932
vt 0.482178 0.803467
vt 0.468506 0.817383
vt 0.464111 0.813721
vt 0.475098 0.802979
vt 0.470459 0.799805
vt 0.480713 0.799316
vt 0.449707 0.814697
vt 0.455078 0.805176
vt 0.483398 0.802246
vt 0.901611 0.676758
vt 0.904785 0.673584
vt 0.907715 0.697021
vt 0.908691 0.675537
vt 0.912598 0.654053
vt 0.906494 0.648438
vt 0.371582 0.061523
vt 0.371094 0.057861
vt 0.380859 0.055420
vt 0.912598 0.648438
vt 0.920166 0.656982
vt 0.367920 0.059814
vt 0.363037 0.042236
vt 0.929688 0.669678
vt 0.927979 0.647949
vt 0.933105 0.663086
vt 0.497803 0.762695
vt 0.510986 0.746582
vt 0.357666 0.085938
vt 0.657227 0.545410
vt 0.902344 0.667480
vt 0.427246 0.832764
vt 0.426270 0.841309
vt 0.427002 0.851807
vt 0.419434 0.847656
vt 0.417480 0.841309
vt 0.408447 0.843994
vt 0.406006 0.841797
vt 0.406738 0.851563
vt 0.400391 0.855957
vt 0.399170 0.844482
vt 0.413818 0.833496
vt 0.397461 0.857422
vt 0.392578 0.857666
vt 0.392090 0.851563
vt 0.391113 0.849365
vt 0.162354 0.144531
vt 0.157227 0.152100
vt 0.167236 0.148438
vt 0.170898 0.144287
vt 0.174561 0.152832
vt 0.166260 0.151123
vt 0.172607 0.156738
vt 0.165771 0.156250
vt 0.159912 0.156250
vt 0.158691 0.160400
vt 0.154541 0.157227
vt 0.145508 0.156494
vt 0.146973 0.160400
vt 0.140137 0.168945
vt 0.136230 0.165039
vt 0.393799 0.818115
vt 0.392090 0.810791
vt 0.389893 0.812988
vt 0.385498 0.812256
vt 0.157715 0.170898
vt 0.158447 0.181885
vt 0.150879 0.171875
vt 0.154785 0.162109
vt 0.162109 0.167480
vt 0.166504 0.177979
vt 0.172363 0.168701
vt 0.165771 0.162598
vt 0.175537 0.160889
vt 0.188232 0.168457
vt 0.525146 0.567139
vt 0.185791 0.156982
vt 0.176270 0.155762
vt 0.188965 0.152588
vt 0.178711 0.149414
vt 0.519287 0.916260
vt 0.507568 0.910889
vt 0.518066 0.918945
vt 0.524658 0.931396
vt 0.384033 0.860840
vt 0.389160 0.869385
vt 0.378418 0.857910
vt 0.385742 0.855957
vt 0.394775 0.867188
vt 0.395508 0.872314
vt 0.522217 0.934814
vt 0.517090 0.922363
vt 0.510010 0.933350
vt 0.510254 0.928711
vt 0.509277 0.918213
vt 0.508789 0.914307
vt 0.498291 0.915283
vt 0.493652 0.915283
vt 0.559082 0.543457
vt 0.554932 0.554199
vt 0.555664 0.561523
vt 0.560791 0.559814
vt 0.566650 0.552002
vt 0.567871 0.558594
vt 0.571045 0.546631
vt 0.563965 0.537842
vt 0.493896 0.924072
vt 0.488281 0.918213
vt 0.487305 0.922607
vt 0.482422 0.912598
vt 0.487305 0.925537
vt 0.489258 0.932861
vt 0.494141 0.934082
vt 0.502441 0.930176
vt 0.496582 0.938232
vt 0.489014 0.941895
vt 0.482178 0.956787
vt 0.469971 0.958008
vt 0.450195 0.966309
vt 0.454590 0.961182
vt 0.466797 0.956299
vt 0.459717 0.946533
vt 0.468994 0.934082
vt 0.482910 0.943115
vt 0.466309 0.930176
vt 0.448486 0.941650
vt 0.463135 0.928467
vt 0.445068 0.924316
vt 0.474365 0.965332
vt 0.479492 0.969482
vt 0.495361 0.954590
vt 0.500977 0.940918
vt 0.503906 0.946533
vt 0.433350 0.867188
vt 0.425049 0.857178
vt 0.507568 0.945068
vt 0.419434 0.860840
vt 0.412354 0.862549
vt 0.413086 0.856445
vt 0.400391 0.863037
vt 0.398438 0.866699
vt 0.414307 0.871826
vt 0.510498 0.937500
vt 0.501709 0.922607
vt 0.507080 0.923584
vt 0.573975 0.540039
vt 0.581299 0.547852
vt 0.590820 0.547119
vt 0.413330 0.852783
vt 0.413574 0.847900
vt 0.419189 0.835205
vt 0.535889 0.558838
vt 0.400146 0.790283
vt 0.129395 0.143066
vt 0.132813 0.259033
vt 0.878906 0.494385
vt 0.720703 0.196533
vt 0.532227 0.154053
vt 0.541260 0.139648
vt 0.531250 0.135986
vt 0.533447 0.133057
vt 0.529541 0.131592
vt 0.537842 0.131592
vt 0.888916 0.981689
vt 0.886475 0.986572
vt 0.885498 0.982666
vt 0.885010 0.981445
vt 0.891357 0.979492
vt 0.895020 0.980713
vt 0.892090 0.984863
vt 0.889648 0.984619
vt 0.888672 0.989990
vt 0.492920 0.150879
vt 0.498779 0.146973
vt 0.494873 0.141357
vt 0.489990 0.145996
vt 0.916260 0.959229
vt 0.910645 0.952393
vt 0.921875 0.953857
vt 0.921143 0.965820
vt 0.916748 0.971436
vt 0.922119 0.966797
vt 0.961426 0.709961
vt 0.965576 0.713867
vt 0.963867 0.713379
vt 0.904785 0.988770
vt 0.905518 0.993896
vt 0.901123 0.994141
vt 0.901123 0.988037
vt 0.907471 0.985596
vt 0.910400 0.980713
vt 0.912109 0.982910
vt 0.914795 0.977783
vt 0.917969 0.979492
vt 0.913818 0.987549
vt 0.908936 0.989502
vt 0.911377 0.993896
vt 0.961182 0.703857
vt 0.966553 0.707520
vt 0.968750 0.710938
vt 0.969482 0.708740
vt 0.976074 0.715332
vt 0.973389 0.715820
vt 0.973877 0.720703
vt 0.922852 0.974365
vt 0.919434 0.971436
vt 0.920898 0.982422
vt 0.925781 0.977783
vt 0.979736 0.712646
vt 0.982666 0.719727
vt 0.923828 0.988037
vt 0.930420 0.983643
vt 0.981201 0.709961
vt 0.988281 0.710205
vt 0.973877 0.708496
vt 0.973877 0.702637
vt 0.980225 0.705566
vt 0.972168 0.698975
vt 0.322510 0.019531
vt 0.316650 0.023926
vt 0.319336 0.014648
vt 0.323486 0.012939
vt 0.319580 0.009766
vt 0.323242 0.006836
vt 0.959473 0.130615
vt 0.965088 0.133301
vt 0.955322 0.135010
vt 0.957275 0.128906
vt 0.962402 0.125000
vt 0.319336 0.004150
vt 0.316650 0.008545
vt 0.958496 0.126221
vt 0.960938 0.123779
vt 0.968262 0.122314
vt 0.965576 0.129150
vt 0.972656 0.125488
vt 0.979248 0.130859
vt 0.944824 0.168701
vt 0.952881 0.163574
vt 0.953857 0.173096
vt 0.330811 0.019531
vt 0.325439 0.015625
vt 0.339600 0.021240
vt 0.955322 0.160645
vt 0.959473 0.161377
vt 0.960693 0.156250
vt 0.325928 0.023926
vt 0.956543 0.154053
vt 0.122314 0.986572
vt 0.114746 0.985840
vt 0.118896 0.980957
vt 0.971924 0.111816
vt 0.975586 0.108643
vt 0.975830 0.118164
vt 0.972168 0.115234
vt 0.969971 0.118652
vt 0.962891 0.117432
vt 0.968750 0.113770
vt 0.962891 0.109619
vt 0.971680 0.109131
vt 0.970947 0.105713
vt 0.960205 0.105469
vt 0.959961 0.110107
vt 0.956299 0.112549
vt 0.920654 0.993652
vt 0.928223 0.991211
vt 0.920166 0.989258
vt 0.916260 0.994141
vt 0.916260 0.988037
vt 0.961426 0.696533
vt 0.964355 0.691650
vt 0.965332 0.701172
vt 0.970947 0.702637
vt 0.959229 0.114746
vt 0.956787 0.123779
vt 0.959961 0.120605
vt 0.972412 0.102295
vt 0.961426 0.098877
vt 0.106201 0.994385
vt 0.103760 0.985840
vt 0.115723 0.989990
vt 0.114746 0.993652
vt 0.118652 0.997070
vt 0.978271 0.103760
vt 0.952881 0.155518
vt 0.978027 0.121094
vt 0.618652 0.024414
vt 0.619873 0.020752
vt 0.621338 0.028076
vt 0.612549 0.017822
vt 0.940430 0.154297
vt 0.941895 0.147949
vt 0.928955 0.154785
vt 0.610596 0.013916
vt 0.602783 0.013672
vt 0.938232 0.160645
vt 0.933594 0.163574
vt 0.940430 0.167969
vt 0.932861 0.177246
vt 0.620117 0.003418
vt 0.615479 0.016357
vt 0.630371 0.002930
vt 0.403809 0.067627
vt 0.411377 0.057617
vt 0.408447 0.067383
vt 0.410645 0.074707
vt 0.398438 0.068604
vt 0.391602 0.075439
vt 0.378662 0.071533
vt 0.371094 0.074707
vt 0.590820 0.014404
vt 0.577881 0.007080
vt 0.596924 0.006836
vt 0.598389 0.019043
vt 0.588379 0.033936
vt 0.921631 0.462891
vt 0.926758 0.441406
vt 0.935303 0.440674
vt 0.925293 0.466309
vt 0.695313 0.982666
vt 0.704834 0.986084
vt 0.701904 0.987061
vt 0.687012 0.988281
vt 0.679199 0.980713
vt 0.690186 0.977051
vt 0.701904 0.981934
vt 0.912109 0.453613
vt 0.916504 0.459961
vt 0.902344 0.458496
vt 0.395752 0.061768
vt 0.403564 0.050781
vt 0.676025 0.968506
vt 0.687256 0.967285
vt 0.931396 0.808838
vt 0.948975 0.816406
vt 0.936279 0.819824
vt 0.952881 0.806641
vt 0.936523 0.796875
vt 0.946777 0.795898
vt 0.933594 0.188721
vt 0.943848 0.181152
vt 0.946533 0.165771
vt 0.671387 0.989746
vt 0.681152 0.993896
vt 0.936768 0.481934
vt 0.939453 0.486816
vt 0.931152 0.480469
vt 0.939697 0.478760
vt 0.931641 0.801514
vt 0.921875 0.798340
vt 0.960938 0.816895
vt 0.957764 0.822510
vt 0.627686 0.014648
vt 0.919922 0.442627
vt 0.383301 0.065186
vt 0.577148 0.017090
vt 0.941162 0.441650
vt 0.935791 0.462402
vt 0.414307 0.076172
vt 0.979004 0.124756
vt 0.985596 0.707764
vt 0.969971 0.717529
vt 0.913818 0.976563
vt 0.909180 0.961670
vt 0.906494 0.962158
vt 0.906006 0.953613
vt 0.500488 0.137451
vt 0.501465 0.141846
vt 0.506592 0.133301
vt 0.507568 0.138428
vt 0.511963 0.139893
vt 0.514648 0.134766
vt 0.519287 0.135986
vt 0.513916 0.129639
vt 0.902100 0.968018
vt 0.895020 0.970703
vt 0.897705 0.959961
vt 0.906006 0.971680
vt 0.896973 0.976318
vt 0.514404 0.124268
vt 0.521484 0.134033
vt 0.521240 0.126953
vt 0.524658 0.132813
vt 0.525879 0.137207
vt 0.526855 0.133545
vt 0.522461 0.124756
vt 0.521484 0.140625
vt 0.517090 0.142090
vt 0.517090 0.145020
vt 0.510986 0.144043
vt 0.893799 0.985107
vt 0.892822 0.988770
vt 0.866211 0.075195
vt 0.871826 0.070557
vt 0.908447 0.765869
vt 0.909912 0.766357
vt 0.911377 0.759766
vt 0.913574 0.760742
vt 0.913330 0.753906
vt 0.910645 0.753906
vt 0.908691 0.751221
vt 0.021484 0.485596
vt 0.023682 0.482178
vt 0.908447 0.760986
vt 0.902832 0.761963
vt 0.902344 0.754395
vt 0.901855 0.751953
vt 0.024414 0.491699
vt 0.020996 0.489746
vt 0.021484 0.493408
vt 0.026123 0.495361
vt 0.967529 0.753662
vt 0.965088 0.754395
vt 0.964355 0.751221
vt 0.959229 0.750732
vt 0.894043 0.753662
vt 0.891357 0.753906
vt 0.886230 0.750000
vt 0.887939 0.760010
vt 0.882813 0.756104
vt 0.040039 0.188721
vt 0.039551 0.197021
vt 0.863525 0.681152
vt 0.867676 0.683594
vt 0.864746 0.693115
vt 0.872314 0.686768
vt 0.865479 0.702637
vt 0.874268 0.688232
vt 0.889893 0.761475
vt 0.897217 0.755615
vt 0.969238 0.746338
vt 0.817383 0.029541
vt 0.822754 0.037109
vt 0.822754 0.029053
vt 0.974609 0.743652
vt 0.818604 0.017578
vt 0.982666 0.739990
vt 0.905273 0.767334
vt 0.031006 0.178711
vt 0.042236 0.177002
vt 0.249268 0.594727
vt 0.254883 0.584473
vt 0.810059 0.031494
vt 0.269775 0.591553
vt 0.990723 0.764648
vt 0.006836 0.501221
vt 0.019531 0.171875
vt 0.650879 0.353760
vt 0.654852 0.350295
vt 0.654908 0.350178
vt 0.648084 0.346112
vt 0.645752 0.347168
vt 0.647047 0.346261
vt 0.644614 0.346789
vt 0.349989 0.513485
vt 0.349609 0.515381
vt 0.346680 0.514404
vt 0.647949 0.346924
vt 0.339111 0.516113
vt 0.343994 0.511963
vt 0.342773 0.510498
vt 0.335449 0.514893
vt 0.339355 0.509277
vt 0.346436 0.504883
vt 0.348633 0.506836
vt 0.350082 0.502283
vt 0.352151 0.505181
vt 0.351816 0.506114
vt 0.350261 0.510589
vt 0.350098 0.508301
vt 0.349895 0.512047
vt 0.349837 0.501907
vt 0.329834 0.509766
vt 0.267385 0.516196
vt 0.652113 0.344195
vt 0.654930 0.342713
vt 0.656567 0.345232
vt 0.654297 0.345459
vt 0.656595 0.345317
vt 0.650879 0.349365
vt 0.649902 0.348633
vt 0.656617 0.345343
vt 0.655151 0.349843
vt 0.652588 0.349609
vt 0.256913 0.516818
vt 0.329834 0.502441
vt 0.324945 0.494364
vt 0.328546 0.496429
vt 0.333956 0.498732
vt 0.334369 0.498881
vt 0.321045 0.503662
vt 0.314123 0.497201
vt 0.313038 0.497991
vt 0.279173 0.516304
vt 0.353516 0.552490
vt 0.365967 0.549561
vt 0.351563 0.541748
vt 0.730713 0.387939
vt 0.722656 0.385254
vt 0.730713 0.379883
vt 0.720215 0.375488
vt 0.719482 0.367188
vt 0.713135 0.371338
vt 0.714844 0.361572
vt 0.727783 0.353760
vt 0.752441 0.380615
vt 0.020264 0.709717
vt 0.024902 0.711426
vt 0.015869 0.711670
vt 0.748779 0.948975
vt 0.828125 0.739502
vt 0.738281 0.946777
vt 0.744629 0.942383
vt 0.751465 0.943359
vt 0.735840 0.939209
vt 0.734131 0.943115
vt 0.727295 0.937988
vt 0.668457 0.123291
vt 0.841797 0.687256
vt 0.677490 0.293213
vt 0.121582 0.742432
vt 0.764160 0.533447
vt 0.837402 0.895020
vt 0.548584 0.796631
vt 0.562256 0.787354
vt 0.564453 0.796143
vt 0.569824 0.791992
vt 0.562256 0.798340
vt 0.887695 0.772217
vt 0.721191 0.907227
vt 0.768066 0.399414
vt 0.190918 0.806885
vt 0.863770 0.612305
vt 0.188232 0.824463
vt 0.056885 0.223389
vt 0.678223 0.204346
vt 0.142822 0.212158
vt 0.137939 0.213135
vt 0.134277 0.211426
vt 0.140381 0.226807
vt 0.581543 0.761719
vt 0.579834 0.770264
vt 0.592041 0.750732
vt 0.141357 0.237305
vt 0.145264 0.239990
vt 0.143066 0.245361
vt 0.137939 0.248047
vt 0.599121 0.738525
vt 0.600830 0.746582
vt 0.603760 0.736816
vt 0.140381 0.255859
vt 0.145264 0.242432
vt 0.147461 0.226807
vt 0.145020 0.216553
vt 0.588135 0.773438
vt 0.584473 0.779541
vt 0.589355 0.777832
vt 0.586182 0.781006
vt 0.587646 0.786865
vt 0.590088 0.782715
vt 0.593262 0.787598
vt 0.587158 0.789307
vt 0.586670 0.794434
vt 0.586670 0.802490
vt 0.581055 0.816162
vt 0.694580 0.014160
vt 0.693848 0.009766
vt 0.171387 0.227783
vt 0.168457 0.231445
vt 0.590088 0.988037
vt 0.588623 0.992432
vt 0.584961 0.990723
vt 0.581543 0.988037
vt 0.585938 0.983643
vt 0.589355 0.979736
vt 0.583252 0.977783
vt 0.580566 0.973633
vt 0.589844 0.972412
vt 0.594238 0.985596
vt 0.596191 0.980225
vt 0.599121 0.987793
vt 0.595947 0.992432
vt 0.032715 0.403564
vt 0.037354 0.409180
vt 0.590332 0.968750
vt 0.024658 0.394043
vt 0.026855 0.393311
vt 0.033447 0.386963
vt 0.029053 0.384766
vt 0.021240 0.388428
vt 0.028809 0.378906
vt 0.038574 0.378174
vt 0.046143 0.373535
vt 0.049316 0.372070
vt 0.041992 0.373291
vt 0.041992 0.370117
vt 0.037109 0.371094
vt 0.038574 0.366943
vt 0.035156 0.372803
vt 0.024170 0.370850
vt 0.018799 0.382813
vt 0.020264 0.363281
vt 0.584229 0.962158
vt 0.585693 0.964844
vt 0.585693 0.968994
vt 0.577637 0.976807
vt 0.577393 0.983154
vt 0.580078 0.982666
vt 0.581543 0.979980
vt 0.147461 0.085938
vt 0.087891 0.474854
vt 0.090820 0.472900
vt 0.598145 0.993164
vt 0.046387 0.399414
vt 0.044922 0.350586
vt 0.024414 0.350098
vt 0.021484 0.355713
vt 0.022461 0.994141
vt 0.690918 0.016602
vt 0.000000 0.047119
vt 0.003662 0.045654
vt 0.003662 0.056152
vt 0.001221 0.032715
vt 0.596680 0.397705
s 0
usemtl Mat_0.008
f 2728/1/1 2765/1/1 2727/1/1
f 2727/1/2 2765/1/2 2732/1/2
f 2732/1/3 2765/1/3 2730/1/3
f 2734/1/1 2741/1/1 2733/1/1
f 2741/1/4 2735/1/4 2733/1/4
f 2735/1/4 2741/1/4 2739/1/4
f 2735/1/4 2739/1/4 2736/1/4
f 2735/1/4 2736/1/4 2752/1/4
f 2735/1/1 2752/1/1 2753/1/1
f 2754/1/4 2735/1/4 2753/1/4
f 2754/1/1 2767/1/1 2837/1/1
f 2839/1/1 2754/1/1 2837/1/1
f 2838/1/2 2755/1/2 2729/1/2
f 2755/1/4 2728/1/4 2729/1/4
f 2728/1/1 2755/1/1 2757/1/1
f 2728/1/4 2757/1/4 2764/1/4
f 2761/1/4 2764/1/4 2757/1/4
f 2762/1/4 2763/1/4 2761/1/4
f 2766/1/4 2758/1/4 2765/1/4
f 2731/1/2 2765/1/2 2758/1/2
f 2759/1/3 2731/1/3 2758/1/3
f 2829/1/4 2770/1/4 2771/1/4
f 2829/1/1 2771/1/1 2828/1/1
f 2834/1/4 2790/1/4 2830/1/4
f 2830/1/4 2790/1/4 2789/1/4
f 2770/1/1 2830/1/1 2789/1/1
f 2791/1/5 2834/1/5 2792/1/5
f 2834/1/4 2791/1/4 2790/1/4
f 2803/1/4 2772/1/4 2835/1/4
f 2803/1/4 2835/1/4 2804/1/4
f 2771/1/1 2805/1/1 2806/1/1
f 2771/1/4 2806/1/4 2827/1/4
f 2805/1/4 2771/1/4 2772/1/4
f 2797/1/4 2793/1/4 2794/1/4
f 2797/1/4 2794/1/4 2799/1/4
f 2807/1/4 2815/1/4 2802/1/4
f 2808/1/4 2815/1/4 2807/1/4
f 2812/1/4 2810/1/4 2824/1/4
f 2825/1/4 2812/1/4 2824/1/4
f 2814/1/4 2825/1/4 2826/1/4
f 2815/1/4 2810/1/4 2811/1/4
f 2823/1/4 2833/1/4 2816/1/4
f 2833/1/4 2798/1/4 2816/1/4
f 2798/1/4 2833/1/4 2793/1/4
f 2833/1/4 2823/1/4 2832/1/4
f 2823/1/4 2835/1/4 2832/1/4
f 2835/1/4 2823/1/4 2822/1/4
f 2835/1/4 2822/1/4 2820/1/4
f 2821/1/4 2820/1/4 2819/1/4
f 2818/1/1 2821/1/1 2819/1/1
f 2821/1/4 2818/1/4 2817/1/4
f 2804/1/4 2820/1/4 2821/1/4
f 2816/1/4 2801/1/4 2815/1/4
f 2825/1/2 2814/1/2 2813/1/2
f 2812/1/4 2825/1/4 2813/1/4
f 2810/1/1 2812/1/1 2811/1/1
f 2810/1/4 2815/1/4 2809/1/4
f 2809/1/4 2815/1/4 2808/1/4
f 2815/1/4 2801/1/4 2802/1/4
f 2801/1/4 2816/1/4 2798/1/4
f 2796/1/4 2799/1/4 2795/1/4
f 2799/1/4 2796/1/4 2800/1/4
f 2799/1/4 2794/1/4 2795/1/4
f 2798/1/4 2793/1/4 2797/1/4
f 2835/1/4 2820/1/4 2804/1/4
f 2805/1/4 2772/1/4 2803/1/4
f 2830/1/4 2770/1/4 2831/1/4
f 2771/1/4 2827/1/4 2828/1/4
f 2770/1/4 2829/1/4 2831/1/4
f 2777/1/4 2773/1/4 2776/1/4
f 2776/1/1 2773/1/1 2775/1/1
f 2778/1/4 2783/1/4 2784/1/4
f 2785/1/4 2778/1/4 2784/1/4
f 2774/1/4 2778/1/4 2785/1/4
f 2778/1/4 2774/1/4 2777/1/4
f 2783/1/1 2778/1/1 2779/1/1
f 2780/1/4 2783/1/4 2779/1/4
f 2782/1/4 2788/1/4 2787/1/4
f 2782/1/1 2787/1/1 2786/1/1
f 2781/1/4 2782/1/4 2786/1/4
f 2782/1/4 2780/1/4 2788/1/4
f 2780/1/4 2782/1/4 2783/1/4
f 2777/1/4 2774/1/4 2773/1/4
f 2749/1/6 2744/1/6 2750/1/6
f 2744/1/4 2751/1/4 2750/1/4
f 2751/1/4 2744/1/4 2743/1/4
f 2742/1/4 2751/1/4 2743/1/4
f 2737/1/4 2740/1/4 2738/1/4
f 2736/1/4 2740/1/4 2737/1/4
f 2742/1/4 2734/1/4 2751/1/4
f 2744/1/4 2748/1/4 2745/1/4
f 2748/1/4 2746/1/4 2745/1/4
f 2836/1/7 2748/1/7 2747/1/7
f 2748/1/1 2836/1/1 2746/1/1
f 2748/1/1 2744/1/1 2749/1/1
f 2838/1/1 2768/1/1 2769/1/1
f 2838/1/4 2767/1/4 2768/1/4
f 2838/1/4 2769/1/4 2756/1/4
f 2758/1/8 2766/1/8 2760/1/8
f 2761/1/4 2763/1/4 2764/1/4
f 2755/1/4 2838/1/4 2756/1/4
f 2767/1/4 2838/1/4 2837/1/4
f 2735/1/4 2754/1/4 2839/1/4
f 2740/1/4 2736/1/4 2739/1/4
f 2741/1/4 2734/1/4 2742/1/4
f 2765/1/4 2731/1/4 2730/1/4
f 2765/1/4 2728/1/4 2764/1/4
f 1/2/9 2/3/9 3/4/9
f 3/5/10 4/6/10 1/7/10
f 1/7/11 4/6/11 5/8/11
f 1/7/12 5/8/12 6/9/12
f 7/10/13 1/2/13 6/11/13
f 7/10/14 6/11/14 8/12/14
f 9/13/15 7/10/15 8/12/15
f 8/12/16 10/14/16 9/13/16
f 11/15/17 9/13/17 10/14/17
f 12/16/18 11/15/18 10/14/18
f 13/17/19 12/16/19 10/14/19
f 13/17/20 10/14/20 14/18/20
f 13/17/21 14/18/21 15/19/21
f 15/19/22 16/20/22 13/17/22
f 17/21/23 13/17/23 16/20/23
f 18/22/24 17/21/24 16/20/24
f 19/23/25 17/21/25 18/22/25
f 20/24/26 19/23/26 18/22/26
f 20/24/27 18/22/27 21/25/27
f 22/26/28 20/24/28 21/25/28
f 22/26/29 21/25/29 23/27/29
f 24/28/30 22/29/30 23/30/30
f 24/28/31 23/30/31 25/31/31
f 24/28/32 25/31/32 26/32/32
f 26/32/33 27/33/33 24/28/33
f 27/33/34 28/34/34 24/28/34
f 29/35/35 24/28/35 28/34/35
f 30/36/36 29/35/36 28/34/36
f 30/36/37 28/34/37 31/37/37
f 32/38/38 30/36/38 31/37/38
f 32/38/39 31/37/39 33/39/39
f 34/40/40 32/41/40 33/42/40
f 34/40/41 33/42/41 35/43/41
f 34/40/42 35/43/42 36/44/42
f 34/40/43 36/44/43 37/45/43
f 38/46/44 34/40/44 37/45/44
f 38/46/45 37/45/45 39/47/45
f 39/47/46 40/48/46 38/46/46
f 40/48/47 41/49/47 38/46/47
f 41/49/48 42/50/48 38/46/48
f 42/50/49 32/41/49 38/46/49
f 43/51/50 32/41/50 42/50/50
f 43/51/51 42/50/51 44/52/51
f 44/52/52 4/6/52 43/51/52
f 4/6/53 45/53/53 43/51/53
f 46/54/54 43/51/54 45/53/54
f 46/54/55 45/53/55 47/55/55
f 46/54/56 47/55/56 48/56/56
f 46/54/57 48/56/57 49/57/57
f 24/28/58 49/58/58 48/59/58
f 24/28/59 48/59/59 50/60/59
f 48/61/60 51/62/60 50/63/60
f 50/63/61 51/62/61 20/24/61
f 52/64/62 20/24/62 51/62/62
f 51/65/63 53/66/63 52/67/63
f 52/67/64 53/66/64 54/68/64
f 52/67/65 54/68/65 55/69/65
f 55/70/66 56/71/66 52/64/66
f 55/70/67 2/3/67 56/71/67
f 2/3/68 9/13/68 56/71/68
f 55/70/69 57/72/69 2/3/69
f 54/73/70 57/72/70 55/70/70
f 53/74/71 57/72/71 54/73/71
f 47/75/72 57/72/72 53/74/72
f 47/76/73 53/66/73 51/65/73
f 20/24/74 52/64/74 56/71/74
f 48/61/75 47/77/75 51/62/75
f 45/78/76 57/72/76 47/75/76
f 3/4/77 57/72/77 45/78/77
f 46/54/78 49/57/78 43/51/78
f 43/51/79 49/57/79 58/79/79
f 30/36/80 58/80/80 49/58/80
f 43/51/81 58/79/81 32/41/81
f 44/52/82 42/50/82 41/49/82
f 44/52/83 41/49/83 59/81/83
f 44/52/84 59/81/84 60/82/84
f 60/82/85 61/83/85 44/52/85
f 61/83/86 5/8/86 44/52/86
f 60/82/87 62/84/87 61/83/87
f 63/85/88 61/83/88 62/84/88
f 64/86/89 63/85/89 62/84/89
f 65/87/90 64/86/90 62/84/90
f 65/87/91 62/84/91 66/88/91
f 65/87/92 66/88/92 67/89/92
f 68/90/93 65/87/93 67/89/93
f 68/90/94 67/89/94 69/91/94
f 68/90/95 69/91/95 70/92/95
f 71/93/96 68/90/96 70/92/96
f 71/93/97 70/92/97 72/94/97
f 72/94/98 73/95/98 71/93/98
f 74/96/99 71/93/99 73/95/99
f 75/97/100 74/96/100 73/95/100
f 75/97/101 73/95/101 76/98/101
f 77/99/102 75/100/102 76/101/102
f 76/98/103 72/94/103 77/102/103
f 77/102/104 72/94/104 78/103/104
f 77/104/105 78/105/105 79/106/105
f 77/104/106 79/106/106 80/107/106
f 81/108/107 77/99/107 80/109/107
f 81/108/108 80/109/108 82/110/108
f 81/108/109 82/110/109 83/111/109
f 83/111/110 84/112/110 81/108/110
f 85/113/111 81/108/111 84/112/111
f 86/114/112 85/113/112 84/112/112
f 86/114/113 14/18/113 85/113/113
f 14/18/114 87/115/114 85/113/114
f 85/113/115 87/115/115 75/100/115
f 87/115/116 88/116/116 75/100/116
f 75/100/117 88/116/117 89/117/117
f 88/118/118 90/119/118 89/120/118
f 89/120/119 90/119/119 74/96/119
f 74/96/120 90/119/120 91/121/120
f 91/121/121 64/86/121 74/96/121
f 90/119/122 92/122/122 91/121/122
f 6/9/123 91/121/123 92/122/123
f 6/9/124 92/122/124 10/123/124
f 10/123/125 92/122/125 88/118/125
f 6/9/126 63/85/126 91/121/126
f 88/118/127 92/122/127 90/119/127
f 14/18/128 88/116/128 87/115/128
f 86/114/129 84/112/129 83/111/129
f 86/114/130 83/111/130 15/19/130
f 15/19/131 83/111/131 93/124/131
f 15/19/132 93/124/132 21/25/132
f 21/25/133 93/124/133 94/125/133
f 21/25/134 94/125/134 95/126/134
f 96/127/135 95/126/135 94/125/135
f 96/127/136 94/125/136 97/128/136
f 98/129/137 96/127/137 97/128/137
f 97/128/138 99/130/138 98/129/138
f 100/131/139 98/129/139 99/130/139
f 101/132/140 100/131/140 99/130/140
f 101/132/141 99/130/141 102/133/141
f 102/134/142 103/135/142 101/136/142
f 101/136/143 103/135/143 104/137/143
f 104/138/144 105/139/144 101/140/144
f 106/141/145 101/132/145 105/142/145
f 107/143/146 106/144/146 105/139/146
f 107/143/147 105/139/147 108/145/147
f 109/146/148 107/143/148 108/145/148
f 108/145/149 110/147/149 109/146/149
f 109/146/150 110/147/150 111/148/150
f 110/147/151 112/149/151 111/148/151
f 111/148/152 112/149/152 106/144/152
f 112/150/153 98/129/153 106/141/153
f 110/147/154 113/151/154 112/149/154
f 113/152/155 96/127/155 112/150/155
f 113/151/156 110/147/156 114/153/156
f 114/154/157 115/155/157 113/156/157
f 113/156/158 115/155/158 116/157/158
f 116/157/159 95/158/159 113/156/159
f 25/31/160 95/158/160 116/157/160
f 116/157/161 117/159/161 25/31/161
f 25/31/162 117/159/162 118/160/162
f 119/161/163 25/31/163 118/160/163
f 120/162/164 119/161/164 118/160/164
f 121/163/165 120/162/165 118/160/165
f 122/164/166 121/163/166 118/160/166
f 123/165/167 121/163/167 122/164/167
f 117/159/168 123/165/168 122/164/168
f 123/165/169 124/166/169 121/163/169
f 123/165/170 125/167/170 124/166/170
f 126/168/171 124/166/171 125/167/171
f 126/168/172 125/167/172 127/169/172
f 115/155/173 126/168/173 127/169/173
f 103/135/174 126/168/174 115/155/174
f 103/135/175 128/170/175 126/168/175
f 129/171/176 128/170/176 103/135/176
f 130/172/177 128/170/177 129/171/177
f 129/173/178 131/174/178 130/175/178
f 130/175/179 131/174/179 132/176/179
f 130/175/180 132/176/180 133/177/180
f 130/175/181 133/177/181 134/178/181
f 134/179/182 133/180/182 135/181/182
f 136/182/183 134/183/183 135/184/183
f 136/182/184 135/184/184 137/185/184
f 136/182/185 137/185/185 138/186/185
f 136/182/186 138/186/186 139/187/186
f 139/187/187 138/186/187 140/188/187
f 139/187/188 140/188/188 141/189/188
f 141/190/189 142/191/189 139/192/189
f 139/192/190 142/191/190 134/193/190
f 134/193/191 142/191/191 143/194/191
f 134/193/192 143/194/192 128/170/192
f 143/194/193 144/195/193 128/170/193
f 128/170/194 144/195/194 124/166/194
f 144/195/195 120/162/195 124/166/195
f 145/196/196 120/162/196 144/195/196
f 145/196/197 144/195/197 146/197/197
f 147/198/198 145/196/198 146/197/198
f 147/198/199 146/197/199 148/199/199
f 147/198/200 148/199/200 149/200/200
f 147/198/201 149/200/201 150/201/201
f 151/202/202 147/198/202 150/201/202
f 152/203/203 151/202/203 150/201/203
f 150/201/204 153/204/204 152/203/204
f 152/203/205 153/204/205 154/205/205
f 154/205/206 155/206/206 152/203/206
f 156/207/207 152/203/207 155/206/207
f 155/208/208 157/209/208 156/210/208
f 157/209/209 158/211/209 156/210/209
f 158/211/210 159/212/210 156/210/210
f 159/213/211 160/214/211 156/207/211
f 156/207/212 160/214/212 161/215/212
f 161/215/213 160/214/213 162/216/213
f 161/215/214 162/216/214 151/202/214
f 151/202/215 162/216/215 145/196/215
f 162/216/216 160/214/216 119/161/216
f 159/213/217 119/161/217 160/214/217
f 35/217/218 119/161/218 159/213/218
f 35/217/219 26/32/219 119/161/219
f 158/211/220 36/44/220 159/212/220
f 157/209/221 39/47/221 158/211/221
f 157/209/222 163/218/222 39/47/222
f 163/218/223 164/219/223 39/47/223
f 59/81/224 39/47/224 164/219/224
f 165/220/225 164/219/225 163/218/225
f 163/221/226 166/222/226 165/223/226
f 165/223/227 166/222/227 167/224/227
f 168/225/228 165/223/228 167/224/228
f 169/226/229 168/225/229 167/224/229
f 170/227/230 169/226/230 167/224/230
f 171/228/231 170/227/231 167/224/231
f 172/229/232 171/228/232 167/224/232
f 173/230/233 171/228/233 172/229/233
f 174/231/234 173/230/234 172/229/234
f 174/231/235 172/229/235 175/232/235
f 175/233/236 176/234/236 174/235/236
f 174/235/237 176/234/237 177/236/237
f 177/236/238 178/237/238 174/235/238
f 174/235/239 178/237/239 179/238/239
f 179/238/240 178/237/240 180/239/240
f 179/238/241 180/239/241 181/240/241
f 182/241/242 179/238/242 181/240/242
f 183/242/243 182/241/243 181/240/243
f 183/242/244 181/240/244 184/243/244
f 185/244/245 183/242/245 184/243/245
f 185/244/246 184/243/246 186/245/246
f 186/245/247 187/246/247 185/244/247
f 185/244/248 187/246/248 188/247/248
f 188/247/249 189/248/249 185/244/249
f 190/249/250 189/248/250 188/247/250
f 190/249/251 188/247/251 191/250/251
f 190/249/252 191/250/252 192/251/252
f 192/252/253 193/253/253 190/254/253
f 194/255/254 190/249/254 193/256/254
f 195/257/255 194/258/255 193/253/255
f 196/259/256 195/257/256 193/253/256
f 197/260/257 196/259/257 193/253/257
f 198/261/258 196/259/258 197/260/258
f 199/262/259 198/261/259 197/260/259
f 199/262/260 197/260/260 200/263/260
f 199/262/261 200/263/261 201/264/261
f 199/262/262 201/264/262 202/265/262
f 203/266/263 199/267/263 202/268/263
f 203/266/264 202/268/264 204/269/264
f 203/266/265 204/269/265 205/270/265
f 203/266/266 205/270/266 206/271/266
f 206/271/267 207/272/267 203/266/267
f 206/271/268 208/273/268 207/272/268
f 209/274/269 207/272/269 208/273/269
f 208/275/270 183/242/270 209/276/270
f 209/276/271 183/242/271 189/248/271
f 209/276/272 189/248/272 194/255/272
f 194/258/273 179/277/273 209/278/273
f 209/278/274 179/277/274 210/279/274
f 208/275/275 210/280/275 179/238/275
f 211/281/276 210/282/276 208/273/276
f 212/283/277 211/281/277 208/273/277
f 212/283/278 208/273/278 213/284/278
f 212/283/279 213/284/279 214/285/279
f 215/286/280 212/283/280 214/285/280
f 214/285/281 216/287/281 215/286/281
f 217/288/282 215/286/282 216/287/282
f 218/289/283 217/288/283 216/287/283
f 219/290/284 218/289/284 216/287/284
f 219/290/285 216/287/285 220/291/285
f 221/292/286 219/290/286 220/291/286
f 222/293/287 221/294/287 220/295/287
f 222/293/288 220/295/288 223/296/288
f 224/297/289 222/293/289 223/296/289
f 224/297/290 223/296/290 225/298/290
f 224/297/291 225/298/291 226/299/291
f 227/300/292 224/297/292 226/299/292
f 227/300/293 226/299/293 228/301/293
f 229/302/294 227/300/294 228/301/294
f 229/302/295 228/301/295 230/303/295
f 231/304/296 229/302/296 230/303/296
f 232/305/297 231/304/297 230/303/297
f 232/305/298 230/303/298 233/306/298
f 233/306/299 234/307/299 232/305/299
f 234/307/300 235/308/300 232/305/300
f 236/309/301 235/308/301 234/307/301
f 236/309/302 234/307/302 237/310/302
f 237/310/303 238/311/303 236/309/303
f 238/311/304 239/312/304 236/309/304
f 240/313/305 239/312/305 238/311/305
f 240/313/306 238/311/306 241/314/306
f 241/315/307 242/316/307 240/317/307
f 240/317/308 242/316/308 243/318/308
f 240/317/309 243/318/309 244/319/309
f 240/317/310 244/319/310 245/320/310
f 246/321/311 240/313/311 245/322/311
f 247/323/312 246/324/312 245/325/312
f 247/323/313 245/325/313 248/326/313
f 248/326/314 249/327/314 247/323/314
f 247/323/315 249/327/315 250/328/315
f 247/323/316 250/328/316 251/329/316
f 252/330/317 247/323/317 251/329/317
f 253/331/318 252/330/318 251/329/318
f 253/331/319 251/329/319 254/332/319
f 255/333/320 253/331/320 254/332/320
f 256/334/321 255/333/321 254/332/321
f 256/334/322 254/332/322 257/335/322
f 257/336/323 258/337/323 256/338/323
f 256/338/324 258/337/324 259/339/324
f 256/338/325 259/339/325 260/340/325
f 260/341/326 261/342/326 256/343/326
f 261/344/327 262/345/327 256/334/327
f 261/346/328 263/347/328 262/348/328
f 263/349/329 264/350/329 262/345/329
f 262/345/330 264/350/330 265/351/330
f 262/345/331 265/351/331 255/333/331
f 266/352/332 265/353/332 264/354/332
f 264/355/333 267/356/333 266/357/333
f 266/357/334 267/356/334 268/358/334
f 268/359/335 269/360/335 266/352/335
f 268/359/336 270/361/336 269/360/336
f 269/360/337 270/361/337 271/362/337
f 269/360/338 271/362/338 272/363/338
f 265/353/339 269/360/339 272/363/339
f 252/330/340 265/351/340 272/364/340
f 252/330/341 272/364/341 246/324/341
f 272/363/342 273/365/342 246/321/342
f 273/365/343 274/366/343 246/321/343
f 274/366/344 275/367/344 246/321/344
f 246/321/345 275/367/345 239/312/345
f 239/312/346 275/367/346 235/308/346
f 275/367/347 276/368/347 235/308/347
f 231/304/348 235/308/348 276/368/348
f 231/304/349 276/368/349 277/369/349
f 276/368/350 278/370/350 277/369/350
f 278/370/351 279/371/351 277/369/351
f 280/372/352 277/369/352 279/371/352
f 281/373/353 280/372/353 279/371/353
f 281/373/354 279/371/354 282/374/354
f 282/374/355 283/375/355 281/373/355
f 283/375/356 284/376/356 281/373/356
f 281/373/357 284/376/357 285/377/357
f 281/373/358 285/377/358 286/378/358
f 286/378/359 285/377/359 287/379/359
f 280/372/360 286/378/360 287/379/360
f 287/379/361 285/377/361 221/294/361
f 288/380/362 287/379/362 221/294/362
f 289/381/363 287/379/363 288/380/363
f 227/300/364 289/381/364 288/380/364
f 289/381/365 277/369/365 287/379/365
f 229/302/366 277/369/366 289/381/366
f 285/382/367 290/383/367 221/292/367
f 284/384/368 290/383/368 285/382/368
f 284/384/369 291/385/369 290/383/369
f 290/383/370 291/385/370 218/289/370
f 218/289/371 291/385/371 292/386/371
f 218/289/372 292/386/372 293/387/372
f 293/387/373 292/386/373 294/388/373
f 217/288/374 293/387/374 294/388/374
f 79/106/375 294/388/375 292/386/375
f 79/106/376 292/386/376 295/389/376
f 296/390/377 79/391/377 295/392/377
f 296/390/378 295/392/378 297/393/378
f 298/394/379 296/390/379 297/393/379
f 299/395/380 298/394/380 297/393/380
f 299/395/381 297/393/381 300/396/381
f 299/395/382 300/396/382 301/397/382
f 301/397/383 300/396/383 302/398/383
f 301/397/384 302/398/384 303/399/384
f 304/400/385 301/397/385 303/399/385
f 304/400/386 303/399/386 305/401/386
f 306/402/387 304/400/387 305/401/387
f 305/401/388 307/403/388 306/402/388
f 307/403/389 308/404/389 306/402/389
f 306/402/390 308/404/390 298/394/390
f 80/405/391 308/404/391 307/403/391
f 80/405/392 296/390/392 308/404/392
f 309/406/393 307/403/393 305/401/393
f 309/406/394 305/401/394 131/407/394
f 310/408/395 309/406/395 131/407/395
f 311/409/396 310/410/396 131/174/396
f 102/133/397 311/409/397 131/174/397
f 102/133/398 312/411/398 311/409/398
f 312/411/399 313/412/399 311/409/399
f 313/412/400 314/413/400 311/409/400
f 93/124/401 314/413/401 313/412/401
f 93/124/402 313/412/402 312/411/402
f 315/414/403 93/124/403 312/411/403
f 99/130/404 315/414/404 312/411/404
f 311/409/405 314/413/405 310/410/405
f 310/408/406 314/415/406 307/403/406
f 82/110/407 307/416/407 314/413/407
f 305/401/408 316/417/408 131/407/408
f 316/417/409 317/418/409 131/407/409
f 318/419/410 317/418/410 316/417/410
f 318/419/411 319/420/411 317/418/411
f 317/418/412 319/420/412 132/421/412
f 320/422/413 132/423/413 319/424/413
f 319/420/414 321/425/414 320/426/414
f 140/427/415 320/422/415 321/428/415
f 321/425/416 322/429/416 140/430/416
f 321/425/417 323/431/417 322/429/417
f 323/432/418 324/433/418 322/434/418
f 322/434/419 324/433/419 325/435/419
f 326/436/420 322/434/420 325/435/420
f 326/436/421 325/435/421 327/437/421
f 326/436/422 327/437/422 328/438/422
f 327/437/423 329/439/423 328/438/423
f 329/439/424 330/440/424 328/438/424
f 142/191/425 328/438/425 330/440/425
f 329/439/426 331/441/426 330/440/426
f 331/441/427 146/197/427 330/440/427
f 146/197/428 143/194/428 330/440/428
f 329/439/429 332/442/429 331/441/429
f 149/200/430 331/441/430 332/442/430
f 333/443/431 149/200/431 332/442/431
f 334/444/432 333/443/432 332/442/432
f 334/444/433 332/442/433 335/445/433
f 334/444/434 335/445/434 336/446/434
f 337/447/435 334/444/435 336/446/435
f 337/447/436 336/446/436 338/448/436
f 339/449/437 337/447/437 338/448/437
f 340/450/438 339/449/438 338/448/438
f 338/448/439 341/451/439 340/450/439
f 340/450/440 341/451/440 342/452/440
f 343/453/441 340/450/441 342/452/441
f 344/454/442 343/453/442 342/452/442
f 344/454/443 345/455/443 343/453/443
f 346/456/444 343/453/444 345/455/444
f 347/457/445 346/456/445 345/455/445
f 348/458/446 347/457/446 345/455/446
f 349/459/447 348/458/447 345/455/447
f 349/459/448 345/455/448 350/460/448
f 349/459/449 350/460/449 351/461/449
f 352/462/450 349/459/450 351/461/450
f 352/462/451 351/461/451 353/463/451
f 354/464/452 352/462/452 353/463/452
f 354/464/453 353/463/453 355/465/453
f 355/466/454 356/467/454 354/468/454
f 354/464/455 356/469/455 357/470/455
f 358/471/456 357/472/456 356/467/456
f 358/471/457 356/467/457 359/473/457
f 358/471/458 359/473/458 360/474/458
f 225/298/459 358/471/459 360/474/459
f 225/298/460 360/474/460 361/475/460
f 362/476/461 225/298/461 361/475/461
f 362/476/462 361/475/462 233/306/462
f 363/477/463 233/306/463 361/475/463
f 361/475/464 364/478/464 363/477/464
f 365/479/465 363/477/465 364/478/465
f 365/479/466 364/478/466 366/480/466
f 367/481/467 365/479/467 366/480/467
f 241/314/468 365/479/468 367/481/468
f 241/314/469 367/481/469 368/482/469
f 368/483/470 369/484/470 241/315/470
f 370/485/471 241/315/471 369/484/471
f 370/485/472 369/484/472 371/486/472
f 370/485/473 371/486/473 372/487/473
f 370/485/474 372/487/474 242/316/474
f 244/319/475 242/316/475 372/487/475
f 373/488/476 372/487/476 371/486/476
f 373/488/477 371/486/477 374/489/477
f 373/488/478 374/489/478 375/490/478
f 373/488/479 375/490/479 376/491/479
f 249/327/480 373/492/480 376/493/480
f 377/494/481 249/495/481 376/496/481
f 378/497/482 377/494/482 376/496/482
f 378/497/483 376/496/483 379/498/483
f 380/499/484 378/497/484 379/498/484
f 380/499/485 379/498/485 381/500/485
f 380/499/486 381/500/486 382/501/486
f 383/502/487 380/499/487 382/501/487
f 384/503/488 383/504/488 382/505/488
f 384/503/489 382/505/489 385/506/489
f 384/503/490 385/506/490 386/507/490
f 386/507/491 387/508/491 384/503/491
f 384/503/492 387/508/492 388/509/492
f 389/510/493 388/511/493 387/512/493
f 387/508/494 390/513/494 389/514/494
f 389/514/495 390/513/495 391/515/495
f 389/514/496 391/515/496 392/516/496
f 392/517/497 393/518/497 389/510/497
f 394/519/498 393/518/498 392/517/498
f 392/516/499 395/520/499 394/521/499
f 395/522/500 396/523/500 394/519/500
f 396/523/501 397/524/501 394/519/501
f 394/519/502 397/524/502 398/525/502
f 394/519/503 398/525/503 399/526/503
f 398/527/504 400/528/504 399/529/504
f 399/529/505 400/528/505 401/530/505
f 393/518/506 399/526/506 401/531/506
f 393/518/507 401/531/507 388/511/507
f 401/530/508 402/532/508 388/533/508
f 388/533/509 402/532/509 383/502/509
f 383/502/510 402/532/510 403/534/510
f 403/534/511 402/532/511 404/535/511
f 404/535/512 378/497/512 403/534/512
f 402/532/513 400/528/513 404/535/513
f 404/535/514 400/528/514 377/494/514
f 400/528/515 405/536/515 377/494/515
f 400/528/516 406/537/516 405/536/516
f 406/537/517 250/538/517 405/536/517
f 406/537/518 407/539/518 250/538/518
f 408/540/519 250/328/519 407/541/519
f 408/540/520 407/541/520 409/542/520
f 408/540/521 409/542/521 257/335/521
f 257/336/522 409/543/522 410/544/522
f 410/544/523 411/545/523 257/336/523
f 410/544/524 412/546/524 411/545/524
f 411/545/525 412/546/525 413/547/525
f 414/548/526 411/545/526 413/547/526
f 413/547/527 415/549/527 414/548/527
f 414/548/528 415/549/528 416/550/528
f 414/548/529 416/550/529 417/551/529
f 417/551/530 418/552/530 414/548/530
f 414/548/531 418/552/531 419/553/531
f 414/548/532 419/553/532 420/554/532
f 420/554/533 259/339/533 414/548/533
f 421/555/534 259/339/534 420/554/534
f 421/556/535 420/557/535 422/558/535
f 421/556/536 422/558/536 423/559/536
f 421/556/537 423/559/537 424/560/537
f 425/561/538 421/562/538 424/563/538
f 426/564/539 425/561/539 424/563/539
f 426/564/540 424/563/540 427/565/540
f 428/566/541 426/564/541 427/565/541
f 428/566/542 427/565/542 429/567/542
f 428/566/543 429/567/543 430/568/543
f 431/569/544 428/566/544 430/568/544
f 431/569/545 430/568/545 432/570/545
f 431/569/546 432/570/546 433/571/546
f 434/572/547 431/569/547 433/571/547
f 434/572/548 433/571/548 435/573/548
f 434/572/549 435/573/549 436/574/549
f 437/575/550 434/572/550 436/574/550
f 438/576/551 437/577/551 436/578/551
f 439/579/552 438/576/552 436/578/552
f 436/574/553 440/580/553 439/581/553
f 440/580/554 441/582/554 439/581/554
f 439/581/555 441/582/555 442/583/555
f 439/581/556 442/583/556 443/584/556
f 443/585/557 444/586/557 439/579/557
f 444/586/558 445/587/558 439/579/558
f 444/586/559 446/588/559 445/587/559
f 446/588/560 447/589/560 445/587/560
f 447/589/561 448/590/561 445/587/561
f 448/590/562 449/591/562 445/587/562
f 445/587/563 449/591/563 438/576/563
f 438/576/564 449/591/564 450/592/564
f 449/593/565 451/594/565 450/595/565
f 451/594/566 452/596/566 450/595/566
f 452/596/567 453/597/567 450/595/567
f 450/595/568 453/597/568 437/598/568
f 453/597/569 454/599/569 437/598/569
f 454/600/570 455/601/570 437/575/570
f 454/600/571 456/602/571 455/601/571
f 456/602/572 457/603/572 455/601/572
f 457/603/573 458/604/573 455/601/573
f 455/601/574 458/604/574 459/605/574
f 455/601/575 459/605/575 434/572/575
f 459/605/576 428/566/576 434/572/576
f 458/604/577 460/606/577 459/605/577
f 460/606/578 461/607/578 459/605/578
f 459/605/579 461/607/579 425/561/579
f 461/607/580 462/608/580 425/561/580
f 462/608/581 463/609/581 425/561/581
f 460/606/582 463/609/582 462/608/582
f 460/606/583 462/608/583 461/607/583
f 458/604/584 463/609/584 460/606/584
f 458/604/585 464/610/585 463/609/585
f 464/610/586 260/611/586 463/609/586
f 463/609/587 260/611/587 421/562/587
f 465/612/588 260/611/588 464/610/588
f 466/613/589 465/614/589 464/615/589
f 466/613/590 464/615/590 467/616/590
f 468/617/591 466/613/591 467/616/591
f 469/618/592 468/617/592 467/616/592
f 469/619/593 467/620/593 470/621/593
f 469/619/594 470/621/594 454/600/594
f 471/622/595 469/623/595 454/599/595
f 472/624/596 471/622/596 454/599/596
f 473/625/597 471/622/597 472/624/597
f 473/625/598 472/624/598 452/596/598
f 452/596/599 474/626/599 473/625/599
f 473/625/600 474/626/600 475/627/600
f 475/627/601 476/628/601 473/625/601
f 476/628/602 477/629/602 473/625/602
f 473/625/603 477/629/603 478/630/603
f 478/630/604 479/631/604 473/625/604
f 478/630/605 480/632/605 479/631/605
f 479/631/606 480/632/606 469/623/606
f 478/630/607 481/633/607 480/632/607
f 481/634/608 482/635/608 480/636/608
f 482/635/609 468/617/609 480/636/609
f 483/637/610 482/635/610 481/634/610
f 481/633/611 484/638/611 483/639/611
f 483/639/612 484/638/612 465/640/612
f 481/633/613 485/641/613 484/638/613
f 486/642/614 484/638/614 485/641/614
f 485/641/615 487/643/615 486/642/615
f 487/643/616 488/644/616 486/642/616
f 488/644/617 489/645/617 486/642/617
f 486/642/618 489/645/618 490/646/618
f 489/647/619 491/648/619 490/649/619
f 492/650/620 490/651/620 491/652/620
f 493/653/621 492/650/621 491/652/621
f 494/654/622 493/653/622 491/652/622
f 495/655/623 494/654/623 491/652/623
f 496/656/624 495/655/624 491/652/624
f 497/657/625 496/658/625 491/648/625
f 491/648/626 498/659/626 497/657/626
f 499/660/627 497/657/627 498/659/627
f 499/660/628 498/659/628 500/661/628
f 501/662/629 499/663/629 500/664/629
f 477/629/630 501/662/630 500/664/630
f 477/629/631 500/664/631 488/644/631
f 477/629/632 488/644/632 502/665/632
f 502/665/633 488/644/633 503/666/633
f 503/666/634 487/643/634 502/665/634
f 504/667/635 499/663/635 501/662/635
f 476/628/636 504/667/636 501/662/636
f 476/628/637 505/668/637 504/667/637
f 506/669/638 504/667/638 505/668/638
f 506/669/639 505/668/639 475/627/639
f 475/627/640 507/670/640 506/669/640
f 507/670/641 508/671/641 506/669/641
f 506/669/642 508/671/642 509/672/642
f 506/669/643 509/672/643 510/673/643
f 510/673/644 511/674/644 506/669/644
f 510/673/645 512/675/645 511/674/645
f 511/674/646 512/675/646 513/676/646
f 511/674/647 513/676/647 514/677/647
f 511/674/648 514/677/648 515/678/648
f 511/674/649 515/678/649 504/667/649
f 516/679/650 515/680/650 514/681/650
f 516/679/651 514/681/651 517/682/651
f 516/679/652 517/682/652 518/683/652
f 519/684/653 516/679/653 518/683/653
f 519/684/654 518/683/654 520/685/654
f 521/686/655 519/684/655 520/685/655
f 520/685/656 522/687/656 521/686/656
f 522/687/657 523/688/657 521/686/657
f 521/686/658 523/688/658 524/689/658
f 524/689/659 499/660/659 521/686/659
f 521/686/660 499/660/660 515/680/660
f 523/688/661 525/690/661 524/689/661
f 524/689/662 525/690/662 497/657/662
f 523/688/663 526/691/663 525/690/663
f 526/691/664 496/658/664 525/690/664
f 526/691/665 527/692/665 496/658/665
f 527/693/666 528/694/666 496/656/666
f 528/694/667 527/693/667 529/695/667
f 530/696/668 528/694/668 529/695/668
f 530/696/669 529/695/669 531/697/669
f 531/698/670 532/699/670 530/700/670
f 530/700/671 532/699/671 533/701/671
f 530/700/672 533/701/672 534/702/672
f 534/702/673 533/701/673 535/703/673
f 536/704/674 534/705/674 535/706/674
f 264/350/675 536/707/675 535/708/675
f 535/703/676 537/709/676 264/355/676
f 495/655/677 534/705/677 536/704/677
f 495/655/678 528/694/678 534/705/678
f 533/701/679 537/709/679 535/703/679
f 533/701/680 538/710/680 537/709/680
f 537/709/681 538/710/681 539/711/681
f 267/356/682 537/709/682 539/711/682
f 267/356/683 539/711/683 540/712/683
f 267/356/684 540/712/684 541/713/684
f 542/714/685 541/713/685 540/712/685
f 540/712/686 543/715/686 542/714/686
f 542/714/687 543/715/687 544/716/687
f 542/714/688 544/716/688 545/717/688
f 546/718/689 542/714/689 545/717/689
f 546/718/690 545/717/690 547/719/690
f 547/720/691 548/721/691 546/722/691
f 546/722/692 548/721/692 549/723/692
f 549/723/693 548/721/693 270/361/693
f 270/361/694 548/721/694 550/724/694
f 548/721/695 551/725/695 550/724/695
f 552/726/696 550/724/696 551/725/696
f 553/727/697 552/726/697 551/725/697
f 551/725/698 554/728/698 553/727/698
f 554/728/699 555/729/699 553/727/699
f 556/730/700 555/729/700 554/728/700
f 556/730/701 554/728/701 557/731/701
f 558/732/702 556/730/702 557/731/702
f 302/398/703 558/732/703 557/731/703
f 302/398/704 557/731/704 559/733/704
f 302/398/705 559/733/705 560/734/705
f 559/733/706 561/735/706 560/734/706
f 561/735/707 562/736/707 560/734/707
f 560/734/708 562/736/708 318/419/708
f 560/734/709 318/419/709 305/401/709
f 561/735/710 323/431/710 562/736/710
f 561/735/711 563/737/711 323/431/711
f 561/735/712 557/731/712 563/737/712
f 563/737/713 557/731/713 547/720/713
f 547/719/714 564/738/714 563/739/714
f 563/739/715 564/738/715 324/433/715
f 324/433/716 564/738/716 565/740/716
f 565/740/717 564/738/717 566/741/717
f 566/741/718 567/742/718 565/740/718
f 565/740/719 567/742/719 568/743/719
f 565/740/720 568/743/720 325/435/720
f 568/743/721 569/744/721 325/435/721
f 568/743/722 567/742/722 569/744/722
f 567/742/723 335/445/723 569/744/723
f 566/741/724 335/445/724 567/742/724
f 566/741/725 570/745/725 335/445/725
f 564/738/726 570/745/726 566/741/726
f 545/717/727 570/745/727 564/738/727
f 561/735/728 571/746/728 557/731/728
f 559/733/729 571/746/729 561/735/729
f 559/733/730 557/731/730 571/746/730
f 302/398/731 572/747/731 558/732/731
f 558/732/732 572/747/732 573/748/732
f 574/749/733 573/748/733 572/747/733
f 300/396/734 574/749/734 572/747/734
f 574/749/735 575/750/735 573/748/735
f 573/748/736 575/750/736 284/376/736
f 574/749/737 576/751/737 575/750/737
f 576/752/738 291/385/738 575/753/738
f 295/389/739 291/385/739 576/752/739
f 574/749/740 297/393/740 576/751/740
f 558/732/741 573/748/741 556/730/741
f 577/754/742 556/730/742 573/748/742
f 577/754/743 573/748/743 283/375/743
f 577/754/744 578/755/744 556/730/744
f 578/755/745 577/754/745 282/374/745
f 578/755/746 282/374/746 579/756/746
f 579/756/747 278/370/747 578/755/747
f 555/729/748 578/755/748 278/370/748
f 550/724/749 555/729/749 278/370/749
f 580/757/750 550/724/750 278/370/750
f 580/757/751 278/370/751 581/758/751
f 580/757/752 581/758/752 582/759/752
f 580/757/753 582/759/753 273/365/753
f 582/759/754 581/758/754 276/368/754
f 271/362/755 550/724/755 580/757/755
f 282/374/756 583/760/756 579/756/756
f 579/756/757 583/760/757 279/371/757
f 557/731/758 554/728/758 547/720/758
f 556/730/759 578/755/759 555/729/759
f 547/720/760 554/728/760 551/725/760
f 553/727/761 555/729/761 552/726/761
f 552/726/762 555/729/762 550/724/762
f 547/720/763 551/725/763 548/721/763
f 547/719/764 545/717/764 564/738/764
f 549/761/765 542/714/765 546/718/765
f 545/717/766 544/716/766 570/745/766
f 570/745/767 544/716/767 584/762/767
f 336/446/768 570/745/768 584/762/768
f 544/716/769 585/763/769 584/762/769
f 586/764/770 584/762/770 585/763/770
f 586/764/771 585/763/771 587/765/771
f 586/764/772 587/765/772 588/766/772
f 586/764/773 588/766/773 341/451/773
f 344/454/774 341/451/774 588/766/774
f 588/766/775 589/767/775 344/454/775
f 344/454/776 589/767/776 590/768/776
f 591/769/777 344/454/777 590/768/777
f 591/769/778 590/768/778 592/770/778
f 593/771/779 591/769/779 592/770/779
f 594/772/780 593/771/780 592/770/780
f 595/773/781 594/772/781 592/770/781
f 596/774/782 594/772/782 595/773/782
f 595/773/783 597/775/783 596/774/783
f 598/776/784 596/774/784 597/775/784
f 598/776/785 597/775/785 599/777/785
f 598/776/786 599/777/786 600/778/786
f 600/778/787 601/779/787 598/776/787
f 602/780/788 598/776/788 601/779/788
f 602/780/789 601/779/789 603/781/789
f 602/780/790 603/781/790 604/782/790
f 604/782/791 605/783/791 602/780/791
f 605/783/792 606/784/792 602/780/792
f 606/784/793 596/774/793 602/780/793
f 605/783/794 607/785/794 606/784/794
f 606/784/795 607/785/795 594/772/795
f 607/785/796 608/786/796 594/772/796
f 609/787/797 594/772/797 608/786/797
f 609/787/798 608/786/798 605/783/798
f 610/788/799 609/787/799 605/783/799
f 605/789/800 611/790/800 610/791/800
f 611/790/801 612/792/801 610/791/801
f 612/792/802 613/793/802 610/791/802
f 613/793/803 355/466/803 610/791/803
f 360/474/804 355/466/804 613/793/804
f 612/792/805 364/478/805 613/793/805
f 367/481/806 364/478/806 612/792/806
f 367/481/807 612/792/807 614/794/807
f 614/794/808 615/795/808 367/481/808
f 616/796/809 615/795/809 614/794/809
f 616/796/810 614/794/810 604/797/810
f 604/782/811 617/798/811 616/799/811
f 616/799/812 617/798/812 618/800/812
f 619/801/813 616/802/813 618/803/813
f 619/801/814 618/803/814 620/804/814
f 619/801/815 620/804/815 621/805/815
f 619/801/816 621/805/816 622/806/816
f 623/807/817 619/801/817 622/806/817
f 623/807/818 622/806/818 624/808/818
f 625/809/819 623/807/819 624/808/819
f 625/809/820 624/808/820 369/484/820
f 369/484/821 624/808/821 626/810/821
f 625/809/822 616/802/822 623/807/822
f 616/802/823 625/809/823 368/483/823
f 626/810/824 624/808/824 622/806/824
f 371/486/825 626/810/825 622/806/825
f 627/811/826 622/806/826 621/805/826
f 628/812/827 627/811/827 621/805/827
f 628/812/828 621/805/828 629/813/828
f 629/813/829 630/814/829 628/812/829
f 628/812/830 630/814/830 631/815/830
f 628/812/831 631/815/831 632/816/831
f 633/817/832 628/812/832 632/816/832
f 633/817/833 632/816/833 634/818/833
f 374/489/834 633/817/834 634/818/834
f 635/819/835 374/820/835 634/821/835
f 635/819/836 634/821/836 636/822/836
f 635/819/837 636/822/837 637/823/837
f 638/824/838 635/819/838 637/823/838
f 638/824/839 637/823/839 639/825/839
f 638/824/840 639/825/840 640/826/840
f 641/827/841 638/824/841 640/826/841
f 641/827/842 640/826/842 642/828/842
f 643/829/843 641/830/843 642/831/843
f 643/829/844 642/831/844 644/832/844
f 645/833/845 643/829/845 644/832/845
f 644/832/846 646/834/846 645/833/846
f 646/834/847 647/835/847 645/833/847
f 645/833/848 647/835/848 648/836/848
f 647/835/849 649/837/849 648/836/849
f 648/836/850 649/837/850 650/838/850
f 650/838/851 651/839/851 648/836/851
f 648/836/852 651/839/852 652/840/852
f 648/836/853 652/840/853 653/841/853
f 643/829/854 648/836/854 653/841/854
f 652/842/855 654/843/855 653/844/855
f 654/843/856 655/845/856 653/844/856
f 653/844/857 655/845/857 641/827/857
f 654/843/858 656/846/858 655/845/858
f 655/845/859 656/846/859 657/847/859
f 655/845/860 657/847/860 658/848/860
f 658/848/861 638/824/861 655/845/861
f 658/848/862 657/847/862 659/849/862
f 659/849/863 635/819/863 658/848/863
f 657/847/864 379/850/864 659/849/864
f 659/849/865 379/850/865 374/820/865
f 656/846/866 381/851/866 657/847/866
f 660/852/867 656/846/867 654/843/867
f 661/853/868 660/854/868 654/855/868
f 386/507/869 660/854/869 661/853/869
f 386/507/870 661/853/870 662/856/870
f 662/857/871 663/858/871 386/859/871
f 662/857/872 664/860/872 663/858/872
f 664/861/873 387/508/873 663/862/873
f 664/861/874 665/863/874 387/508/874
f 666/864/875 665/863/875 664/861/875
f 667/865/876 666/866/876 664/860/876
f 668/867/877 666/866/877 667/865/877
f 668/867/878 667/865/878 669/868/878
f 670/869/879 668/870/879 669/871/879
f 670/869/880 669/871/880 391/515/880
f 391/515/881 669/871/881 395/520/881
f 669/868/882 667/865/882 395/522/882
f 667/865/883 671/872/883 395/522/883
f 667/865/884 662/857/884 671/872/884
f 671/872/885 662/857/885 672/873/885
f 673/874/886 671/872/886 672/873/886
f 673/874/887 672/873/887 650/875/887
f 650/875/888 672/873/888 674/876/888
f 675/877/889 674/876/889 672/873/889
f 674/876/890 675/877/890 651/878/890
f 396/523/891 671/872/891 673/874/891
f 675/877/892 672/873/892 662/857/892
f 670/869/893 666/864/893 668/870/893
f 670/869/894 390/513/894 666/864/894
f 666/864/895 390/513/895 665/863/895
f 667/865/896 664/860/896 662/857/896
f 675/877/897 662/857/897 661/879/897
f 675/877/898 661/879/898 652/880/898
f 385/881/899 656/846/899 660/852/899
f 652/842/900 661/882/900 654/843/900
f 652/840/901 651/839/901 675/883/901
f 674/884/902 651/839/902 650/838/902
f 673/874/903 650/875/903 649/885/903
f 673/886/904 649/837/904 676/887/904
f 397/524/905 673/874/905 676/888/905
f 677/889/906 397/890/906 676/887/906
f 677/889/907 676/887/907 412/546/907
f 678/891/908 677/889/908 412/546/908
f 678/891/909 679/892/909 677/889/909
f 678/891/910 409/543/910 679/892/910
f 680/893/911 412/546/911 676/887/911
f 680/893/912 676/887/912 647/835/912
f 677/889/913 679/892/913 397/890/913
f 647/835/914 676/887/914 649/837/914
f 680/893/915 647/835/915 646/834/915
f 680/893/916 646/834/916 413/547/916
f 413/547/917 646/834/917 644/832/917
f 643/829/918 645/833/918 648/836/918
f 644/832/919 642/831/919 415/549/919
f 643/829/920 653/841/920 641/830/920
f 640/826/921 681/894/921 642/828/921
f 642/828/922 681/894/922 682/895/922
f 642/828/923 682/895/923 416/896/923
f 682/895/924 683/897/924 416/896/924
f 683/898/925 684/899/925 416/550/925
f 685/900/926 684/901/926 683/902/926
f 685/900/927 683/902/927 681/903/927
f 685/900/928 681/903/928 686/904/928
f 687/905/929 685/900/929 686/904/929
f 688/906/930 687/905/930 686/904/930
f 689/907/931 688/906/931 686/904/931
f 689/907/932 686/904/932 690/908/932
f 689/907/933 690/908/933 691/909/933
f 689/907/934 691/909/934 692/910/934
f 689/907/935 692/910/935 693/911/935
f 693/911/936 692/910/936 694/912/936
f 693/911/937 694/912/937 695/913/937
f 693/911/938 695/913/938 688/906/938
f 695/913/939 694/912/939 696/914/939
f 695/913/940 696/914/940 697/915/940
f 695/913/941 697/915/941 687/905/941
f 697/915/942 698/916/942 687/905/942
f 698/916/943 699/917/943 687/905/943
f 698/916/944 700/918/944 699/917/944
f 699/917/945 700/918/945 684/901/945
f 701/919/946 684/899/946 700/920/946
f 418/552/947 701/919/947 700/920/947
f 418/552/948 700/920/948 702/921/948
f 417/551/949 684/899/949 701/919/949
f 698/916/950 702/922/950 700/918/950
f 697/915/951 702/922/951 698/916/951
f 697/915/952 696/914/952 702/922/952
f 696/923/953 703/924/953 702/925/953
f 702/925/954 703/924/954 704/926/954
f 702/925/955 704/926/955 705/927/955
f 706/928/956 702/921/956 705/929/956
f 705/930/957 707/931/957 706/932/957
f 708/933/958 706/928/958 707/934/958
f 709/935/959 708/933/959 707/934/959
f 709/935/960 707/934/960 710/936/960
f 710/937/961 711/938/961 709/939/961
f 709/939/962 711/938/962 712/940/962
f 713/941/963 709/942/963 712/943/963
f 713/941/964 712/943/964 714/944/964
f 715/945/965 713/941/965 714/944/965
f 716/946/966 715/945/966 714/944/966
f 714/947/967 717/948/967 716/949/967
f 717/950/968 718/951/968 716/952/968
f 716/952/969 718/951/969 719/953/969
f 718/951/970 720/954/970 719/953/970
f 719/953/971 720/954/971 721/955/971
f 721/956/972 722/957/972 719/958/972
f 719/958/973 722/957/973 715/945/973
f 721/956/974 723/959/974 722/957/974
f 723/959/975 724/960/975 722/957/975
f 724/960/976 713/941/976 722/957/976
f 724/960/977 725/961/977 713/941/977
f 713/941/978 725/961/978 726/962/978
f 725/961/979 422/558/979 726/962/979
f 422/558/980 727/963/980 726/962/980
f 727/964/981 708/933/981 726/965/981
f 727/964/982 728/966/982 708/933/982
f 420/554/983 728/966/983 727/964/983
f 724/960/984 729/967/984 725/961/984
f 729/967/985 730/968/985 725/961/985
f 725/961/986 730/968/986 731/969/986
f 731/969/987 732/970/987 725/961/987
f 732/970/988 423/559/988 725/961/988
f 733/971/989 423/559/989 732/970/989
f 733/971/990 732/970/990 734/972/990
f 735/973/991 733/971/991 734/972/991
f 736/974/992 735/973/992 734/972/992
f 736/974/993 734/972/993 737/975/993
f 736/974/994 737/975/994 738/976/994
f 739/977/995 736/974/995 738/976/995
f 739/977/996 738/976/996 740/978/996
f 740/979/997 741/980/997 739/981/997
f 739/981/998 741/980/998 742/982/998
f 743/983/999 739/977/999 742/984/999
f 742/982/1000 744/985/1000 743/986/1000
f 743/983/1001 744/987/1001 735/973/1001
f 745/988/1002 735/989/1002 744/985/1002
f 745/988/1003 744/985/1003 746/990/1003
f 745/988/1004 746/990/1004 747/991/1004
f 745/988/1005 747/991/1005 733/992/1005
f 733/992/1006 747/991/1006 424/993/1006
f 747/991/1007 746/990/1007 748/994/1007
f 747/991/1008 748/994/1008 427/995/1008
f 748/994/1009 749/996/1009 427/995/1009
f 427/995/1010 749/996/1010 750/997/1010
f 749/996/1011 751/998/1011 750/997/1011
f 751/998/1012 752/999/1012 750/997/1012
f 750/997/1013 752/999/1013 753/1000/1013
f 754/1001/1014 750/1002/1014 753/1003/1014
f 755/1004/1015 754/1001/1015 753/1003/1015
f 755/1004/1016 753/1003/1016 756/1005/1016
f 755/1004/1017 756/1005/1017 757/1006/1017
f 758/1007/1018 755/1004/1018 757/1006/1018
f 758/1007/1019 757/1006/1019 759/1008/1019
f 758/1007/1020 759/1008/1020 760/1009/1020
f 761/1010/1021 758/1007/1021 760/1009/1021
f 761/1010/1022 760/1009/1022 762/1011/1022
f 432/570/1023 761/1010/1023 762/1011/1023
f 432/570/1024 762/1011/1024 435/573/1024
f 763/1012/1025 435/573/1025 762/1011/1025
f 763/1012/1026 762/1011/1026 764/1013/1026
f 764/1013/1027 765/1014/1027 763/1012/1027
f 763/1012/1028 765/1014/1028 766/1015/1028
f 763/1012/1029 766/1015/1029 440/580/1029
f 766/1015/1030 765/1014/1030 767/1016/1030
f 766/1015/1031 767/1016/1031 768/1017/1031
f 766/1015/1032 768/1017/1032 769/1018/1032
f 766/1015/1033 769/1018/1033 441/582/1033
f 770/1019/1034 769/1018/1034 768/1017/1034
f 770/1019/1035 768/1017/1035 771/1020/1035
f 770/1019/1036 771/1020/1036 772/1021/1036
f 773/1022/1037 770/1019/1037 772/1021/1037
f 772/1023/1038 774/1024/1038 773/1025/1038
f 774/1024/1039 775/1026/1039 773/1025/1039
f 773/1025/1040 775/1026/1040 776/1027/1040
f 773/1025/1041 776/1027/1041 777/1028/1041
f 777/1029/1042 778/1030/1042 773/1022/1042
f 442/583/1043 773/1022/1043 778/1030/1043
f 779/1031/1044 442/583/1044 778/1030/1044
f 779/1031/1045 778/1030/1045 780/1032/1045
f 781/1033/1046 779/1034/1046 780/1035/1046
f 781/1033/1047 780/1035/1047 782/1036/1047
f 783/1037/1048 781/1033/1048 782/1036/1048
f 783/1037/1049 782/1036/1049 784/1038/1049
f 783/1037/1050 784/1038/1050 785/1039/1050
f 786/1040/1051 783/1037/1051 785/1039/1051
f 786/1040/1052 785/1039/1052 787/1041/1052
f 786/1040/1053 787/1041/1053 788/1042/1053
f 786/1040/1054 788/1042/1054 789/1043/1054
f 786/1040/1055 789/1043/1055 790/1044/1055
f 791/1045/1056 786/1040/1056 790/1044/1056
f 790/1044/1057 792/1046/1057 791/1045/1057
f 792/1046/1058 793/1047/1058 791/1045/1058
f 793/1047/1059 781/1033/1059 791/1045/1059
f 794/1048/1060 793/1047/1060 792/1046/1060
f 512/1049/1061 794/1048/1061 792/1046/1061
f 795/1050/1062 794/1048/1062 512/1049/1062
f 796/1051/1063 795/1052/1063 512/675/1063
f 796/1051/1064 512/675/1064 509/672/1064
f 796/1051/1065 509/672/1065 797/1053/1065
f 798/1054/1066 796/1051/1066 797/1053/1066
f 798/1054/1067 797/1053/1067 799/1055/1067
f 800/1056/1068 798/1054/1068 799/1055/1068
f 801/1057/1069 800/1056/1069 799/1055/1069
f 802/1058/1070 801/1057/1070 799/1055/1070
f 802/1058/1071 799/1055/1071 803/1059/1071
f 802/1058/1072 803/1059/1072 804/1060/1072
f 804/1060/1073 805/1061/1073 802/1058/1073
f 806/1062/1074 802/1058/1074 805/1061/1074
f 807/1063/1075 806/1062/1075 805/1061/1075
f 807/1063/1076 805/1061/1076 808/1064/1076
f 447/589/1077 807/1065/1077 808/1066/1077
f 447/589/1078 809/1067/1078 807/1065/1078
f 809/1067/1079 810/1068/1079 807/1065/1079
f 810/1069/1080 811/1070/1080 807/1063/1080
f 811/1070/1081 812/1071/1081 807/1063/1081
f 811/1070/1082 813/1072/1082 812/1071/1082
f 812/1071/1083 813/1072/1083 814/1073/1083
f 812/1071/1084 814/1073/1084 806/1062/1084
f 806/1062/1085 814/1073/1085 801/1057/1085
f 814/1073/1086 815/1074/1086 801/1057/1086
f 816/1075/1087 815/1074/1087 814/1073/1087
f 816/1075/1088 817/1076/1088 815/1074/1088
f 817/1076/1089 818/1077/1089 815/1074/1089
f 815/1074/1090 818/1077/1090 798/1054/1090
f 818/1077/1091 819/1078/1091 798/1054/1091
f 820/1079/1092 819/1078/1092 818/1077/1092
f 820/1079/1093 821/1080/1093 819/1078/1093
f 819/1078/1094 821/1080/1094 795/1052/1094
f 821/1081/1095 822/1082/1095 795/1050/1095
f 822/1082/1096 823/1083/1096 795/1050/1096
f 795/1050/1097 823/1083/1097 824/1084/1097
f 824/1084/1098 823/1083/1098 825/1085/1098
f 824/1084/1099 825/1085/1099 794/1048/1099
f 825/1085/1100 823/1083/1100 826/1086/1100
f 779/1034/1101 825/1085/1101 826/1086/1101
f 779/1034/1102 826/1086/1102 443/585/1102
f 793/1047/1103 825/1085/1103 779/1034/1103
f 823/1083/1104 827/1087/1104 826/1086/1104
f 826/1086/1105 827/1087/1105 828/1088/1105
f 826/1086/1106 828/1088/1106 444/586/1106
f 828/1088/1107 827/1087/1107 446/588/1107
f 827/1087/1108 829/1089/1108 446/588/1108
f 446/588/1109 829/1089/1109 830/1090/1109
f 446/588/1110 830/1090/1110 809/1067/1110
f 809/1067/1111 830/1090/1111 831/1091/1111
f 830/1092/1112 832/1093/1112 831/1094/1112
f 831/1094/1113 832/1093/1113 833/1095/1113
f 833/1096/1114 834/1097/1114 831/1098/1114
f 831/1098/1115 834/1097/1115 811/1070/1115
f 835/1099/1116 811/1070/1116 834/1097/1116
f 835/1099/1117 836/1100/1117 811/1070/1117
f 837/1101/1118 836/1100/1118 835/1099/1118
f 835/1102/1119 838/1103/1119 837/1104/1119
f 839/1105/1120 837/1101/1120 838/1106/1120
f 840/1107/1121 839/1108/1121 838/1103/1121
f 840/1107/1122 841/1109/1122 839/1108/1122
f 841/1110/1123 842/1111/1123 839/1105/1123
f 842/1111/1124 820/1079/1124 839/1105/1124
f 839/1105/1125 820/1079/1125 843/1112/1125
f 843/1112/1126 820/1079/1126 817/1076/1126
f 843/1112/1127 817/1076/1127 837/1101/1127
f 842/1111/1128 844/1113/1128 820/1079/1128
f 842/1111/1129 845/1114/1129 844/1113/1129
f 844/1113/1130 845/1114/1130 846/1115/1130
f 844/1113/1131 846/1115/1131 847/1116/1131
f 844/1113/1132 847/1116/1132 821/1080/1132
f 846/1117/1133 848/1118/1133 847/1119/1133
f 848/1118/1134 849/1120/1134 847/1119/1134
f 847/1119/1135 849/1120/1135 850/1121/1135
f 822/1082/1136 847/1122/1136 850/1123/1136
f 850/1121/1137 849/1120/1137 851/1124/1137
f 850/1121/1138 851/1124/1138 829/1125/1138
f 823/1083/1139 850/1123/1139 829/1089/1139
f 829/1125/1140 851/1124/1140 852/1126/1140
f 829/1125/1141 852/1126/1141 853/1127/1141
f 853/1127/1142 852/1126/1142 854/1128/1142
f 853/1127/1143 854/1128/1143 830/1092/1143
f 854/1128/1144 852/1126/1144 851/1124/1144
f 854/1128/1145 851/1124/1145 855/1129/1145
f 855/1129/1146 856/1130/1146 854/1128/1146
f 854/1128/1147 856/1130/1147 857/1131/1147
f 858/1132/1148 854/1128/1148 857/1131/1148
f 858/1132/1149 857/1131/1149 859/1133/1149
f 858/1132/1150 859/1133/1150 860/1134/1150
f 858/1132/1151 860/1134/1151 861/1135/1151
f 861/1135/1152 832/1093/1152 858/1132/1152
f 860/1134/1153 862/1136/1153 861/1135/1153
f 861/1135/1154 862/1136/1154 863/1137/1154
f 863/1137/1155 840/1107/1155 861/1135/1155
f 861/1135/1156 840/1107/1156 835/1102/1156
f 861/1135/1157 835/1102/1157 833/1095/1157
f 862/1136/1158 864/1138/1158 863/1137/1158
f 863/1137/1159 864/1138/1159 865/1139/1159
f 863/1137/1160 865/1139/1160 841/1109/1160
f 865/1139/1161 845/1140/1161 841/1109/1161
f 864/1138/1162 845/1140/1162 865/1139/1162
f 864/1138/1163 866/1141/1163 845/1140/1163
f 864/1138/1164 867/1142/1164 866/1141/1164
f 867/1142/1165 868/1143/1165 866/1141/1165
f 868/1144/1166 848/1118/1166 866/1145/1166
f 868/1144/1167 869/1146/1167 848/1118/1167
f 870/1147/1168 869/1146/1168 868/1144/1168
f 871/1148/1169 870/1149/1169 868/1143/1169
f 872/1150/1170 870/1149/1170 871/1148/1170
f 873/1151/1171 872/1150/1171 871/1148/1171
f 873/1151/1172 871/1148/1172 874/1152/1172
f 873/1151/1173 874/1152/1173 875/1153/1173
f 876/1154/1174 873/1151/1174 875/1153/1174
f 876/1154/1175 875/1153/1175 877/1155/1175
f 878/1156/1176 876/1154/1176 877/1155/1176
f 879/1157/1177 878/1156/1177 877/1155/1177
f 880/1158/1178 879/1157/1178 877/1155/1178
f 881/1159/1179 880/1158/1179 877/1155/1179
f 877/1155/1180 882/1160/1180 881/1159/1180
f 881/1159/1181 882/1160/1181 883/1161/1181
f 883/1161/1182 884/1162/1182 881/1159/1182
f 884/1162/1183 885/1163/1183 881/1159/1183
f 884/1162/1184 886/1164/1184 885/1163/1184
f 886/1164/1185 887/1165/1185 885/1163/1185
f 887/1165/1186 888/1166/1186 885/1163/1186
f 885/1163/1187 888/1166/1187 889/1167/1187
f 880/1158/1188 885/1163/1188 889/1167/1188
f 888/1166/1189 890/1168/1189 889/1167/1189
f 890/1168/1190 891/1169/1190 889/1167/1190
f 892/1170/1191 889/1167/1191 891/1169/1191
f 893/1171/1192 892/1170/1192 891/1169/1192
f 893/1171/1193 891/1169/1193 894/1172/1193
f 895/1173/1194 893/1174/1194 894/1175/1194
f 895/1173/1195 894/1175/1195 896/1176/1195
f 895/1173/1196 896/1176/1196 897/1177/1196
f 898/1178/1197 895/1173/1197 897/1177/1197
f 898/1178/1198 897/1177/1198 899/1179/1198
f 900/1180/1199 898/1178/1199 899/1179/1199
f 900/1180/1200 899/1179/1200 901/1181/1200
f 902/1182/1201 900/1180/1201 901/1181/1201
f 902/1182/1202 901/1181/1202 903/1183/1202
f 904/1184/1203 902/1182/1203 903/1183/1203
f 905/1185/1204 904/1184/1204 903/1183/1204
f 2727/1186/1205 905/1185/1205 903/1183/1205
f 2727/1186/1205 903/1183/1205 2728/1187/1205
f 2730/1188/1206 907/1189/1206 2732/1190/1206
f 2732/1190/1207 907/1189/1207 905/1185/1207
f 905/1185/1208 907/1189/1208 908/1191/1208
f 905/1185/1209 908/1191/1209 909/1192/1209
f 910/1193/1210 905/1185/1210 909/1192/1210
f 910/1193/1211 909/1192/1211 911/1194/1211
f 910/1193/1212 911/1194/1212 904/1184/1212
f 911/1194/1213 912/1195/1213 904/1184/1213
f 911/1194/1214 913/1196/1214 912/1195/1214
f 914/1197/1215 912/1195/1215 913/1196/1215
f 913/1196/1216 915/1198/1216 914/1197/1216
f 916/1199/1217 914/1197/1217 915/1198/1217
f 917/1200/1218 916/1199/1218 915/1198/1218
f 918/1201/1219 917/1200/1219 915/1198/1219
f 919/1202/1220 918/1201/1220 915/1198/1220
f 920/1203/1221 918/1201/1221 919/1202/1221
f 919/1202/1222 921/1204/1222 920/1203/1222
f 921/1204/1223 922/1205/1223 920/1203/1223
f 920/1203/1224 922/1205/1224 923/1206/1224
f 920/1203/1225 923/1206/1225 924/1207/1225
f 920/1203/1226 924/1207/1226 925/1208/1226
f 920/1203/1227 925/1208/1227 926/1209/1227
f 926/1209/1228 925/1208/1228 927/1210/1228
f 926/1209/1229 927/1210/1229 928/1211/1229
f 918/1201/1230 926/1209/1230 928/1211/1230
f 918/1201/1231 928/1211/1231 929/1212/1231
f 929/1212/1232 928/1211/1232 930/1213/1232
f 929/1212/1233 930/1213/1233 931/1214/1233
f 931/1214/1234 932/1215/1234 929/1212/1234
f 916/1199/1235 929/1212/1235 932/1215/1235
f 932/1215/1236 933/1216/1236 916/1199/1236
f 932/1215/1237 934/1217/1237 933/1216/1237
f 933/1216/1238 934/1217/1238 935/1218/1238
f 933/1216/1239 935/1218/1239 936/1219/1239
f 933/1216/1240 936/1219/1240 914/1197/1240
f 914/1197/1241 936/1219/1241 937/1220/1241
f 937/1220/1242 938/1221/1242 914/1197/1242
f 937/1220/1243 939/1222/1243 938/1221/1243
f 938/1221/1244 939/1222/1244 940/1223/1244
f 912/1195/1245 938/1221/1245 940/1223/1245
f 902/1182/1246 912/1195/1246 940/1223/1246
f 902/1182/1247 940/1223/1247 941/1224/1247
f 941/1224/1248 940/1223/1248 942/1225/1248
f 941/1224/1249 942/1225/1249 943/1226/1249
f 941/1224/1250 943/1226/1250 900/1180/1250
f 943/1226/1251 942/1225/1251 893/1174/1251
f 942/1225/1252 944/1227/1252 893/1174/1252
f 893/1174/1253 944/1227/1253 945/1228/1253
f 946/1229/1254 893/1230/1254 945/1231/1254
f 946/1229/1255 945/1231/1255 870/1149/1255
f 945/1232/1256 947/1233/1256 870/1147/1256
f 894/1172/1257 947/1233/1257 945/1232/1257
f 894/1172/1258 890/1168/1258 947/1233/1258
f 947/1233/1259 890/1168/1259 948/1234/1259
f 869/1146/1260 947/1233/1260 948/1234/1260
f 849/1120/1261 869/1146/1261 948/1234/1261
f 856/1130/1262 948/1234/1262 890/1168/1262
f 946/1229/1263 949/1235/1263 893/1230/1263
f 950/1236/1264 949/1235/1264 946/1229/1264
f 950/1236/1265 946/1229/1265 872/1150/1265
f 950/1236/1266 872/1150/1266 951/1237/1266
f 950/1236/1267 951/1237/1267 952/1238/1267
f 953/1239/1268 950/1236/1268 952/1238/1268
f 952/1238/1269 954/1240/1269 953/1239/1269
f 954/1240/1270 955/1241/1270 953/1239/1270
f 953/1239/1271 955/1241/1271 956/1242/1271
f 953/1239/1272 956/1242/1272 957/1243/1272
f 953/1239/1273 957/1243/1273 958/1244/1273
f 958/1244/1274 957/1243/1274 959/1245/1274
f 958/1244/1275 959/1245/1275 960/1246/1275
f 958/1244/1276 960/1246/1276 950/1236/1276
f 960/1246/1277 959/1245/1277 961/1247/1277
f 961/1247/1278 962/1248/1278 960/1246/1278
f 960/1246/1279 962/1248/1279 949/1235/1279
f 962/1249/1280 963/1250/1280 949/1251/1280
f 963/1250/1281 892/1170/1281 949/1251/1281
f 963/1250/1282 964/1252/1282 892/1170/1282
f 892/1170/1283 964/1252/1283 965/1253/1283
f 964/1252/1284 966/1254/1284 965/1253/1284
f 966/1254/1285 967/1255/1285 965/1253/1285
f 968/1256/1286 965/1253/1286 967/1255/1286
f 968/1256/1287 967/1255/1287 969/1257/1287
f 955/1241/1288 968/1256/1288 969/1257/1288
f 970/1258/1289 968/1256/1289 955/1241/1289
f 970/1258/1290 955/1241/1290 879/1157/1290
f 879/1157/1291 971/1259/1291 970/1258/1291
f 879/1157/1292 889/1167/1292 971/1259/1292
f 971/1259/1293 889/1167/1293 965/1253/1293
f 971/1259/1294 968/1256/1294 970/1258/1294
f 967/1255/1295 972/1260/1295 969/1257/1295
f 973/1261/1296 969/1257/1296 972/1260/1296
f 974/1262/1297 973/1261/1297 972/1260/1297
f 974/1262/1298 972/1260/1298 966/1254/1298
f 975/1263/1299 974/1262/1299 966/1254/1299
f 975/1263/1300 966/1254/1300 976/1264/1300
f 976/1265/1301 977/1266/1301 975/1267/1301
f 977/1266/1302 978/1268/1302 975/1267/1302
f 975/1267/1303 978/1268/1303 979/1269/1303
f 975/1267/1304 979/1269/1304 980/1270/1304
f 980/1271/1305 981/1272/1305 975/1263/1305
f 980/1271/1306 982/1273/1306 981/1272/1306
f 981/1272/1307 982/1273/1307 983/1274/1307
f 974/1262/1308 981/1272/1308 983/1274/1308
f 983/1274/1309 982/1273/1309 984/1275/1309
f 983/1274/1310 984/1275/1310 985/1276/1310
f 983/1274/1311 985/1276/1311 973/1261/1311
f 986/1277/1312 985/1276/1312 984/1275/1312
f 987/1278/1313 986/1277/1313 984/1275/1313
f 987/1278/1314 984/1275/1314 988/1279/1314
f 987/1278/1315 988/1279/1315 989/1280/1315
f 987/1278/1316 989/1280/1316 961/1247/1316
f 990/1281/1317 987/1278/1317 961/1247/1317
f 961/1247/1318 989/1280/1318 991/1282/1318
f 989/1280/1319 992/1283/1319 991/1282/1319
f 992/1284/1320 993/1285/1320 991/1286/1320
f 991/1286/1321 993/1285/1321 994/1287/1321
f 962/1248/1322 991/1282/1322 994/1288/1322
f 994/1287/1323 993/1285/1323 995/1289/1323
f 994/1287/1324 995/1289/1324 996/1290/1324
f 996/1291/1325 997/1292/1325 994/1293/1325
f 994/1293/1326 997/1292/1326 963/1250/1326
f 998/1294/1327 997/1292/1327 996/1291/1327
f 996/1295/1328 999/1296/1328 998/1297/1328
f 999/1296/1329 1000/1298/1329 998/1297/1329
f 998/1297/1330 1000/1298/1330 1001/1299/1330
f 998/1297/1331 1001/1299/1331 977/1266/1331
f 1001/1299/1332 1000/1298/1332 1002/1300/1332
f 1001/1299/1333 1002/1300/1333 1003/1301/1333
f 1001/1299/1334 1003/1301/1334 978/1268/1334
f 978/1268/1335 1003/1301/1335 1004/1302/1335
f 1004/1302/1336 1003/1301/1336 1005/1303/1336
f 1006/1304/1337 1004/1302/1337 1005/1303/1337
f 1006/1304/1338 1005/1303/1338 1007/1305/1338
f 1006/1304/1339 1007/1305/1339 1008/1306/1339
f 995/1289/1340 1006/1304/1340 1008/1306/1340
f 1009/1307/1341 995/1289/1341 1008/1306/1341
f 1009/1307/1342 1008/1306/1342 1010/1308/1342
f 1009/1307/1343 1010/1308/1343 996/1290/1343
f 996/1290/1344 1010/1308/1344 1011/1309/1344
f 1011/1309/1345 1010/1308/1345 1012/1310/1345
f 1011/1309/1346 1012/1310/1346 1013/1311/1346
f 1013/1312/1347 1014/1313/1347 1011/1314/1347
f 1011/1314/1348 1014/1313/1348 999/1296/1348
f 999/1296/1349 1014/1313/1349 1015/1315/1349
f 1014/1313/1350 1016/1316/1350 1015/1315/1350
f 1015/1315/1351 1016/1316/1351 1017/1317/1351
f 1015/1315/1352 1017/1317/1352 1018/1318/1352
f 1002/1300/1353 1015/1315/1353 1018/1318/1353
f 1019/1319/1354 1002/1300/1354 1018/1318/1354
f 1020/1320/1355 1019/1319/1355 1018/1318/1355
f 1021/1321/1356 1020/1320/1356 1018/1318/1356
f 1021/1321/1357 1018/1318/1357 1022/1322/1357
f 1022/1322/1358 1023/1323/1358 1021/1321/1358
f 1023/1323/1359 1024/1324/1359 1021/1321/1359
f 1021/1321/1360 1024/1324/1360 1013/1311/1360
f 1025/1325/1361 1021/1321/1361 1013/1311/1361
f 1026/1326/1362 1025/1325/1362 1013/1311/1362
f 1026/1326/1363 1010/1308/1363 1025/1325/1363
f 1025/1325/1364 1010/1308/1364 1020/1320/1364
f 1013/1311/1365 1024/1324/1365 1027/1327/1365
f 1013/1311/1366 1027/1327/1366 1028/1328/1366
f 1028/1328/1367 1027/1327/1367 1024/1324/1367
f 1024/1324/1368 1029/1329/1368 1028/1328/1368
f 1029/1329/1369 1030/1330/1369 1028/1328/1369
f 1030/1331/1370 1031/1332/1370 1028/1333/1370
f 1028/1333/1371 1031/1332/1371 1014/1313/1371
f 1030/1331/1372 1032/1334/1372 1031/1332/1372
f 1031/1332/1373 1032/1334/1373 1016/1316/1373
f 1032/1334/1374 1033/1335/1374 1016/1316/1374
f 1016/1316/1375 1033/1335/1375 1034/1336/1375
f 1035/1337/1376 1034/1336/1376 1033/1335/1376
f 1035/1337/1377 1033/1335/1377 1036/1338/1377
f 1036/1339/1378 1037/1340/1378 1035/1341/1378
f 1035/1341/1379 1037/1340/1379 1038/1342/1379
f 1039/1343/1380 1035/1337/1380 1038/1344/1380
f 1039/1343/1381 1038/1344/1381 1030/1330/1381
f 1037/1345/1382 1040/1346/1382 1038/1347/1382
f 1040/1348/1383 1032/1334/1383 1038/1349/1383
f 1036/1338/1384 1032/1334/1384 1040/1348/1384
f 1040/1346/1385 1037/1345/1385 1036/1350/1385
f 1039/1343/1386 1034/1336/1386 1035/1337/1386
f 1034/1336/1387 1039/1343/1387 1017/1317/1387
f 1039/1343/1388 1024/1324/1388 1017/1317/1388
f 1036/1338/1389 1033/1335/1389 1032/1334/1389
f 1038/1349/1390 1032/1334/1390 1030/1331/1390
f 1039/1343/1391 1030/1330/1391 1029/1329/1391
f 1039/1343/1392 1029/1329/1392 1024/1324/1392
f 1023/1323/1393 1017/1317/1393 1024/1324/1393
f 1022/1322/1394 1017/1317/1394 1023/1323/1394
f 1025/1325/1395 1020/1320/1395 1021/1321/1395
f 1005/1303/1396 1019/1319/1396 1020/1320/1396
f 1005/1303/1397 1002/1300/1397 1019/1319/1397
f 1022/1322/1398 1018/1318/1398 1017/1317/1398
f 1016/1316/1399 1034/1336/1399 1017/1317/1399
f 1014/1313/1400 1031/1332/1400 1016/1316/1400
f 1028/1333/1401 1014/1313/1401 1013/1312/1401
f 1012/1310/1402 1026/1326/1402 1013/1311/1402
f 1012/1310/1403 1010/1308/1403 1026/1326/1403
f 1010/1308/1404 1008/1306/1404 1020/1320/1404
f 1041/1351/1405 1006/1304/1405 995/1289/1405
f 1042/1352/1406 1041/1351/1406 995/1289/1406
f 1042/1352/1407 1043/1353/1407 1041/1351/1407
f 1043/1353/1408 1044/1354/1408 1041/1351/1408
f 1041/1351/1409 1044/1354/1409 1045/1355/1409
f 1044/1354/1410 979/1269/1410 1045/1355/1410
f 1045/1355/1411 979/1269/1411 1004/1302/1411
f 980/1270/1412 1044/1354/1412 1043/1353/1412
f 980/1271/1413 1043/1356/1413 1046/1357/1413
f 1046/1357/1414 1043/1356/1414 988/1279/1414
f 988/1279/1415 1043/1356/1415 992/1283/1415
f 1043/1353/1416 1042/1352/1416 992/1284/1416
f 1045/1355/1417 1006/1304/1417 1041/1351/1417
f 1008/1306/1418 1007/1305/1418 1020/1320/1418
f 1007/1305/1419 1005/1303/1419 1020/1320/1419
f 1045/1355/1420 1004/1302/1420 1006/1304/1420
f 1003/1301/1421 1002/1300/1421 1005/1303/1421
f 1000/1298/1422 1015/1315/1422 1002/1300/1422
f 999/1296/1423 1015/1315/1423 1000/1298/1423
f 1011/1314/1424 999/1296/1424 996/1295/1424
f 976/1264/1425 997/1292/1425 998/1294/1425
f 976/1264/1426 964/1252/1426 997/1292/1426
f 995/1289/1427 1009/1307/1427 996/1290/1427
f 993/1285/1428 1042/1352/1428 995/1289/1428
f 992/1284/1429 1042/1352/1429 993/1285/1429
f 988/1279/1430 992/1283/1430 989/1280/1430
f 1046/1357/1431 988/1279/1431 984/1275/1431
f 990/1281/1432 986/1277/1432 987/1278/1432
f 959/1245/1433 986/1277/1433 990/1281/1433
f 1047/1358/1434 986/1277/1434 959/1245/1434
f 959/1245/1435 956/1242/1435 1047/1358/1435
f 956/1242/1436 969/1257/1436 1047/1358/1436
f 1047/1358/1437 969/1257/1437 985/1276/1437
f 1047/1358/1438 985/1276/1438 986/1277/1438
f 1046/1357/1439 984/1275/1439 982/1273/1439
f 980/1271/1440 1046/1357/1440 982/1273/1440
f 980/1270/1441 979/1269/1441 1044/1354/1441
f 978/1268/1442 1004/1302/1442 979/1269/1442
f 977/1266/1443 1001/1299/1443 978/1268/1443
f 998/1297/1444 977/1266/1444 976/1265/1444
f 975/1263/1445 981/1272/1445 974/1262/1445
f 974/1262/1446 983/1274/1446 973/1261/1446
f 973/1261/1447 985/1276/1447 969/1257/1447
f 971/1259/1448 965/1253/1448 968/1256/1448
f 966/1254/1449 972/1260/1449 967/1255/1449
f 964/1252/1450 976/1264/1450 966/1254/1450
f 963/1250/1451 997/1292/1451 964/1252/1451
f 994/1293/1452 963/1250/1452 962/1249/1452
f 961/1247/1453 991/1282/1453 962/1248/1453
f 961/1247/1454 959/1245/1454 990/1281/1454
f 957/1243/1455 956/1242/1455 959/1245/1455
f 955/1241/1456 969/1257/1456 956/1242/1456
f 878/1156/1457 955/1241/1457 954/1240/1457
f 878/1156/1458 954/1240/1458 952/1238/1458
f 952/1238/1459 1048/1359/1459 878/1156/1459
f 953/1239/1460 958/1244/1460 950/1236/1460
f 952/1238/1461 951/1237/1461 1048/1359/1461
f 1048/1359/1462 951/1237/1462 872/1150/1462
f 960/1246/1463 949/1235/1463 950/1236/1463
f 944/1360/1464 894/1175/1464 945/1361/1464
f 942/1225/1465 940/1223/1465 944/1227/1465
f 1049/1362/1466 944/1360/1466 940/1363/1466
f 1050/1364/1467 944/1360/1467 1049/1362/1467
f 1050/1364/1468 1049/1362/1468 1051/1365/1468
f 1050/1364/1469 1051/1365/1469 1052/1366/1469
f 896/1176/1470 1050/1364/1470 1052/1366/1470
f 1051/1365/1471 1053/1367/1471 1052/1366/1471
f 1052/1366/1472 1053/1367/1472 1054/1368/1472
f 1054/1368/1473 1055/1369/1473 1052/1366/1473
f 1052/1366/1474 1055/1369/1474 899/1179/1474
f 899/1179/1475 1055/1369/1475 1056/1370/1475
f 1057/1371/1476 1056/1370/1476 1055/1369/1476
f 1057/1371/1477 1055/1369/1477 1058/1372/1477
f 1057/1371/1478 1058/1372/1478 1059/1373/1478
f 2733/1374/1479 1057/1371/1479 1059/1373/1479
f 2733/1374/1479 1059/1373/1479 2734/1375/1479
f 2754/1376/1480 2753/1377/1480 1084/1378/1480
f 2754/1376/1481 1084/1378/1481 1097/1379/1481
f 2754/1376/1481 1097/1379/1481 2767/1380/1481
f 2837/1381/1482 1056/1370/1482 2839/1382/1482
f 2837/1381/1482 2647/1383/1482 1056/1370/1482
f 901/1181/1483 1056/1370/1483 2647/1383/1483
f 2837/1381/1484 2838/1384/1484 2647/1383/1484
f 2729/1385/1485 2647/1383/1485 2838/1384/1485
f 2761/1386/1486 2757/1387/1486 1086/1388/1486
f 2761/1386/1487 1086/1388/1487 1095/1389/1487
f 2761/1386/1487 1095/1389/1487 2762/1390/1487
f 2762/1390/1488 1096/1391/1488 2763/1392/1488
f 2764/1393/1489 2763/1392/1489 1096/1391/1489
f 2765/1394/1490 2764/1393/1490 1096/1391/1490
f 2765/1394/1491 1096/1391/1491 1095/1389/1491
f 2765/1394/1491 1095/1389/1491 2766/1395/1491
f 2758/1396/1492 1093/1397/1492 2759/1398/1492
f 2759/1398/1493 1093/1397/1493 906/1399/1493
f 906/1399/1494 1093/1397/1494 908/1191/1494
f 1093/1397/1495 1092/1400/1495 908/1191/1495
f 908/1191/1496 1092/1400/1496 1087/1401/1496
f 1090/1402/1497 908/1191/1497 1087/1401/1497
f 1090/1402/1498 1087/1401/1498 1089/1403/1498
f 1090/1402/1499 1089/1403/1499 1077/1404/1499
f 1090/1402/1500 1077/1404/1500 1091/1405/1500
f 923/1206/1501 1091/1405/1501 1077/1404/1501
f 1073/1406/1502 923/1206/1502 1077/1404/1502
f 1074/1407/1503 1073/1406/1503 1077/1404/1503
f 1074/1407/1504 1077/1404/1504 1076/1408/1504
f 1076/1409/1505 1075/1410/1505 1074/1411/1505
f 1074/1411/1506 1075/1410/1506 1070/1412/1506
f 1070/1412/1507 1075/1410/1507 1069/1413/1507
f 1070/1412/1508 1069/1413/1508 1068/1414/1508
f 1068/1415/1509 1059/1373/1509 1070/1416/1509
f 1070/1416/1510 1059/1373/1510 1071/1417/1510
f 1070/1416/1511 1071/1417/1511 1072/1418/1511
f 1072/1419/1512 1073/1406/1512 1070/1420/1512
f 924/1207/1513 1073/1406/1513 1072/1419/1513
f 1072/1418/1514 1071/1417/1514 924/1421/1514
f 1059/1373/1515 1100/1422/1515 1071/1417/1515
f 1100/1422/1516 1101/1423/1516 1071/1417/1516
f 1071/1417/1517 1101/1423/1517 925/1424/1517
f 1058/1372/1518 1101/1423/1518 1100/1422/1518
f 1058/1372/1519 1102/1425/1519 1101/1423/1519
f 1101/1423/1520 1102/1425/1520 927/1426/1520
f 1102/1425/1521 1103/1427/1521 927/1426/1521
f 1104/1428/1522 1103/1427/1522 1102/1425/1522
f 1104/1428/1523 1102/1425/1523 1054/1368/1523
f 1054/1368/1524 1105/1429/1524 1104/1428/1524
f 1105/1429/1525 1106/1430/1525 1104/1428/1525
f 1104/1428/1526 1106/1430/1526 928/1431/1526
f 1105/1429/1527 1107/1432/1527 1106/1430/1527
f 1107/1432/1528 1108/1433/1528 1106/1430/1528
f 1106/1430/1529 1108/1433/1529 930/1434/1529
f 930/1434/1530 1108/1433/1530 1109/1435/1530
f 930/1434/1531 1109/1435/1531 1110/1436/1531
f 1109/1435/1532 1111/1437/1532 1110/1436/1532
f 1110/1436/1533 1111/1437/1533 934/1438/1533
f 1111/1437/1534 1112/1439/1534 934/1438/1534
f 1112/1440/1535 1113/1441/1535 934/1442/1535
f 1114/1443/1536 1113/1441/1536 1112/1440/1536
f 1115/1444/1537 1114/1443/1537 1112/1440/1537
f 1115/1444/1538 1112/1440/1538 1116/1445/1538
f 1116/1445/1539 1114/1443/1539 1115/1444/1539
f 1117/1446/1540 1114/1443/1540 1116/1445/1540
f 1118/1447/1541 1117/1448/1541 1116/1449/1541
f 1111/1437/1542 1118/1450/1542 1116/1451/1542
f 1117/1448/1543 1118/1447/1543 1119/1452/1543
f 1117/1448/1544 1119/1452/1544 1120/1453/1544
f 1120/1453/1545 1121/1454/1545 1117/1448/1545
f 1122/1455/1546 1121/1454/1546 1120/1453/1546
f 1120/1453/1547 1123/1456/1547 1122/1455/1547
f 1122/1455/1548 1123/1456/1548 1124/1457/1548
f 1125/1458/1549 1122/1455/1549 1124/1457/1549
f 1124/1457/1550 1126/1459/1550 1125/1458/1550
f 1125/1458/1551 1126/1459/1551 1127/1460/1551
f 1128/1461/1552 1125/1462/1552 1127/1463/1552
f 1128/1461/1553 1127/1463/1553 1129/1464/1553
f 1128/1461/1554 1129/1464/1554 1130/1465/1554
f 1131/1466/1555 1128/1461/1555 1130/1465/1555
f 1131/1466/1556 1130/1465/1556 1132/1467/1556
f 1131/1466/1557 1132/1467/1557 1133/1468/1557
f 1131/1466/1558 1133/1468/1558 1134/1469/1558
f 1134/1469/1559 1135/1470/1559 1131/1466/1559
f 1131/1466/1560 1135/1470/1560 1136/1471/1560
f 1136/1471/1561 1135/1470/1561 1125/1462/1561
f 1121/1472/1562 1135/1470/1562 1134/1469/1562
f 1134/1473/1563 1137/1474/1563 1121/1475/1563
f 1121/1475/1564 1137/1474/1564 1114/1443/1564
f 1138/1476/1565 1137/1474/1565 1134/1473/1565
f 1138/1476/1566 1139/1477/1566 1137/1474/1566
f 1137/1474/1567 1139/1477/1567 1113/1441/1567
f 1140/1478/1568 1113/1441/1568 1139/1477/1568
f 1140/1478/1569 1139/1477/1569 1141/1479/1569
f 1142/1480/1570 1140/1481/1570 1141/1482/1570
f 1142/1480/1571 1141/1482/1571 1143/1483/1571
f 1142/1480/1572 1143/1483/1572 1144/1484/1572
f 1142/1480/1573 1144/1484/1573 1145/1485/1573
f 1145/1486/1574 936/1487/1574 1142/1488/1574
f 1146/1489/1575 936/1487/1575 1145/1486/1575
f 1146/1489/1576 1145/1486/1576 1147/1490/1576
f 1146/1489/1577 1147/1490/1577 1148/1491/1577
f 1149/1492/1578 1146/1489/1578 1148/1491/1578
f 1149/1492/1579 1148/1491/1579 1051/1365/1579
f 1051/1365/1580 1148/1491/1580 1150/1493/1580
f 1150/1493/1581 1148/1491/1581 1151/1494/1581
f 1152/1495/1582 1150/1493/1582 1151/1494/1582
f 1105/1429/1583 1152/1495/1583 1151/1494/1583
f 1053/1367/1584 1150/1493/1584 1152/1495/1584
f 1149/1492/1585 1153/1496/1585 1146/1489/1585
f 1153/1496/1586 939/1497/1586 1146/1489/1586
f 1049/1362/1587 939/1497/1587 1153/1496/1587
f 1049/1362/1588 1153/1496/1588 1149/1492/1588
f 1148/1491/1589 1147/1490/1589 1151/1494/1589
f 1151/1494/1590 1147/1490/1590 1154/1498/1590
f 1155/1499/1591 1151/1494/1591 1154/1498/1591
f 1155/1499/1592 1154/1498/1592 1156/1500/1592
f 1155/1499/1593 1156/1500/1593 1157/1501/1593
f 1155/1499/1594 1157/1501/1594 1107/1432/1594
f 1107/1432/1595 1157/1501/1595 1158/1502/1595
f 1159/1503/1596 1158/1504/1596 1157/1505/1596
f 1157/1506/1597 1160/1507/1597 1159/1508/1597
f 1160/1509/1598 1161/1510/1598 1159/1511/1598
f 1162/1512/1599 1159/1503/1599 1161/1513/1599
f 1162/1512/1600 1161/1513/1600 1163/1514/1600
f 1162/1512/1601 1163/1514/1601 1164/1515/1601
f 1162/1512/1602 1164/1515/1602 1165/1516/1602
f 1165/1516/1603 1119/1452/1603 1162/1512/1603
f 1166/1517/1604 1165/1516/1604 1164/1515/1604
f 1166/1517/1605 1164/1515/1605 1167/1518/1605
f 1168/1519/1606 1166/1517/1606 1167/1518/1606
f 1167/1518/1607 1169/1520/1607 1168/1519/1607
f 1169/1520/1608 1170/1521/1608 1168/1519/1608
f 1168/1519/1609 1170/1521/1609 1171/1522/1609
f 1168/1519/1610 1171/1522/1610 1124/1457/1610
f 1172/1523/1611 1168/1519/1611 1124/1457/1611
f 1171/1522/1612 1170/1521/1612 1173/1524/1612
f 1173/1524/1613 1126/1459/1613 1171/1522/1613
f 1173/1524/1614 1174/1525/1614 1126/1459/1614
f 1173/1524/1615 1175/1526/1615 1174/1525/1615
f 1176/1527/1616 1174/1528/1616 1175/1529/1616
f 1176/1527/1617 1175/1529/1617 1177/1530/1617
f 1176/1527/1618 1177/1530/1618 1178/1531/1618
f 1179/1532/1619 1176/1527/1619 1178/1531/1619
f 1179/1532/1620 1178/1531/1620 1180/1533/1620
f 1130/1465/1621 1179/1532/1621 1180/1533/1621
f 1178/1531/1622 1181/1534/1622 1180/1533/1622
f 1182/1535/1623 1180/1533/1623 1181/1534/1623
f 1183/1536/1624 1182/1535/1624 1181/1534/1624
f 1183/1536/1625 1181/1534/1625 1184/1537/1625
f 1183/1536/1626 1184/1537/1626 1185/1538/1626
f 1186/1539/1627 1183/1536/1627 1185/1538/1627
f 1187/1540/1628 1186/1539/1628 1185/1538/1628
f 1188/1541/1629 1187/1540/1629 1185/1538/1629
f 1185/1538/1630 1189/1542/1630 1188/1541/1630
f 1188/1541/1631 1189/1542/1631 1190/1543/1631
f 1190/1543/1632 1191/1544/1632 1188/1541/1632
f 1191/1544/1633 522/687/1633 1188/1541/1633
f 1191/1544/1634 526/691/1634 522/687/1634
f 1192/1545/1635 526/691/1635 1191/1544/1635
f 1193/1546/1636 1192/1545/1636 1191/1544/1636
f 1193/1546/1637 1191/1544/1637 1194/1547/1637
f 1195/1548/1638 1193/1546/1638 1194/1547/1638
f 1195/1548/1639 1194/1547/1639 1196/1549/1639
f 1196/1549/1640 1197/1550/1640 1195/1548/1640
f 1195/1548/1641 1197/1550/1641 1198/1551/1641
f 1195/1548/1642 1198/1551/1642 1199/1552/1642
f 1195/1548/1643 1199/1552/1643 1200/1553/1643
f 1200/1553/1644 1201/1554/1644 1195/1548/1644
f 1195/1548/1645 1201/1554/1645 1202/1555/1645
f 1202/1555/1646 1201/1554/1646 1193/1546/1646
f 1200/1553/1647 1199/1552/1647 1201/1554/1647
f 1203/1556/1648 1201/1557/1648 1199/1558/1648
f 1203/1556/1649 1199/1558/1649 1204/1559/1649
f 1204/1559/1650 529/695/1650 1203/1556/1650
f 1204/1559/1651 1205/1560/1651 529/695/1651
f 1205/1560/1652 1204/1559/1652 1206/1561/1652
f 1205/1560/1653 1206/1561/1653 1207/1562/1653
f 1208/1563/1654 1205/1564/1654 1207/1565/1654
f 1209/1566/1655 1208/1563/1655 1207/1565/1655
f 1209/1566/1656 1207/1565/1656 1210/1567/1656
f 1209/1566/1657 1210/1567/1657 1211/1568/1657
f 1211/1568/1658 1212/1569/1658 1209/1566/1658
f 1213/1570/1659 1212/1569/1659 1211/1568/1659
f 1213/1570/1660 1211/1568/1660 1214/1571/1660
f 1214/1572/1661 1215/1573/1661 1213/1574/1661
f 1216/1575/1662 1213/1574/1662 1215/1573/1662
f 1216/1575/1663 1215/1573/1663 1217/1576/1663
f 1217/1577/1664 1218/1578/1664 1216/1579/1664
f 1216/1579/1665 1218/1578/1665 1219/1580/1665
f 1216/1579/1666 1219/1580/1666 1220/1581/1666
f 1221/1582/1667 1216/1575/1667 1220/1583/1667
f 1220/1584/1668 1222/1585/1668 1221/1586/1668
f 1222/1585/1669 1223/1587/1669 1221/1586/1669
f 1221/1586/1670 1223/1587/1670 1224/1588/1670
f 1224/1589/1671 1212/1569/1671 1221/1590/1671
f 1224/1589/1672 1208/1563/1672 1212/1569/1672
f 1223/1591/1673 1208/1563/1673 1224/1589/1673
f 1223/1591/1674 531/1592/1674 1208/1563/1674
f 1222/1585/1675 1225/1593/1675 1223/1587/1675
f 1225/1594/1676 532/699/1676 1223/1595/1676
f 1226/1596/1677 532/699/1677 1225/1594/1677
f 1226/1596/1678 538/710/1678 532/699/1678
f 1227/1597/1679 538/710/1679 1226/1596/1679
f 1228/1598/1680 1227/1599/1680 1226/1600/1680
f 1228/1598/1681 1226/1600/1681 1229/1601/1681
f 1230/1602/1682 1228/1598/1682 1229/1601/1682
f 1229/1603/1683 1231/1604/1683 1230/1605/1683
f 1231/1604/1684 1232/1606/1684 1230/1605/1684
f 1232/1607/1685 1233/1608/1685 1230/1609/1685
f 1233/1610/1686 1234/1611/1686 1230/1602/1686
f 1233/1610/1687 1235/1612/1687 1234/1611/1687
f 1235/1612/1688 1236/1613/1688 1234/1611/1688
f 1234/1611/1689 1236/1613/1689 1237/1614/1689
f 1234/1611/1690 1237/1614/1690 1228/1598/1690
f 1236/1613/1691 1238/1615/1691 1237/1614/1691
f 1237/1614/1692 1238/1615/1692 1227/1599/1692
f 1227/1599/1693 1238/1615/1693 1239/1616/1693
f 1239/1617/1694 1240/1618/1694 1227/1597/1694
f 1239/1617/1695 1241/1619/1695 1240/1618/1695
f 1241/1619/1696 1242/1620/1696 1240/1618/1696
f 1242/1620/1697 539/711/1697 1240/1618/1697
f 1242/1620/1698 1243/1621/1698 539/711/1698
f 1241/1619/1699 1243/1621/1699 1242/1620/1699
f 1241/1619/1700 1244/1622/1700 1243/1621/1700
f 1244/1622/1701 600/778/1701 1243/1621/1701
f 1245/1623/1702 600/778/1702 1244/1622/1702
f 1246/1624/1703 1245/1623/1703 1244/1622/1703
f 617/798/1704 1245/1623/1704 1246/1624/1704
f 617/798/1705 1246/1624/1705 1247/1625/1705
f 1247/1625/1706 1246/1624/1706 1239/1617/1706
f 1239/1616/1707 1248/1626/1707 1247/1627/1707
f 1248/1626/1708 1249/1628/1708 1247/1627/1708
f 1249/1628/1709 1250/1629/1709 1247/1627/1709
f 1247/1627/1710 1250/1629/1710 618/1630/1710
f 1249/1628/1711 1251/1631/1711 1250/1629/1711
f 1251/1631/1712 1252/1632/1712 1250/1629/1712
f 1250/1629/1713 1252/1632/1713 1253/1633/1713
f 1254/1634/1714 1250/1629/1714 1253/1633/1714
f 1254/1634/1715 1253/1633/1715 1255/1635/1715
f 1254/1634/1716 1255/1635/1716 1256/1636/1716
f 1257/1637/1717 1254/1634/1717 1256/1636/1717
f 1257/1637/1718 1256/1636/1718 1217/1577/1718
f 1217/1576/1719 1258/1638/1719 1257/1639/1719
f 1259/1640/1720 1257/1637/1720 1258/1641/1720
f 1260/1642/1721 1259/1643/1721 1258/1638/1721
f 1261/1644/1722 1260/1642/1722 1258/1638/1722
f 1262/1645/1723 1261/1644/1723 1258/1638/1723
f 1262/1645/1724 1258/1638/1724 1215/1573/1724
f 1263/1646/1725 1262/1645/1725 1215/1573/1725
f 1264/1647/1726 1262/1645/1726 1263/1646/1726
f 1263/1646/1727 1265/1648/1727 1264/1647/1727
f 1263/1646/1728 1266/1649/1728 1265/1648/1728
f 1267/1650/1729 1265/1648/1729 1266/1649/1729
f 1268/1651/1730 1267/1650/1730 1266/1649/1730
f 1266/1649/1731 1269/1652/1731 1268/1651/1731
f 1270/1653/1732 1268/1651/1732 1269/1652/1732
f 1270/1653/1733 1269/1652/1733 1271/1654/1733
f 1271/1655/1734 1272/1656/1734 1270/1657/1734
f 1270/1657/1735 1272/1656/1735 1273/1658/1735
f 1273/1659/1736 1274/1660/1736 1270/1653/1736
f 1275/1661/1737 1274/1660/1737 1273/1659/1737
f 1276/1662/1738 1275/1663/1738 1273/1664/1738
f 1275/1663/1739 1276/1662/1739 1277/1665/1739
f 1275/1663/1740 1277/1665/1740 1278/1666/1740
f 1275/1661/1741 1278/1667/1741 1279/1668/1741
f 1275/1661/1742 1279/1668/1742 1280/1669/1742
f 1275/1661/1743 1280/1669/1743 1281/1670/1743
f 1281/1670/1744 1280/1669/1744 1282/1671/1744
f 1274/1660/1745 1281/1670/1745 1282/1671/1745
f 1274/1660/1746 1282/1671/1746 1268/1651/1746
f 1282/1671/1747 1283/1672/1747 1268/1651/1747
f 1282/1671/1748 1284/1673/1748 1283/1672/1748
f 1283/1672/1749 1284/1673/1749 1261/1644/1749
f 1265/1648/1750 1283/1672/1750 1261/1644/1750
f 1284/1673/1751 1285/1674/1751 1261/1644/1751
f 1285/1674/1752 1286/1675/1752 1261/1644/1752
f 630/814/1753 1286/1675/1753 1285/1674/1753
f 1282/1671/1754 1285/1674/1754 1284/1673/1754
f 1282/1671/1755 1280/1669/1755 1285/1674/1755
f 1287/1676/1756 1285/1674/1756 1280/1669/1756
f 1287/1676/1757 1288/1677/1757 1285/1674/1757
f 1288/1677/1758 631/815/1758 1285/1674/1758
f 1289/1678/1759 631/815/1759 1288/1677/1759
f 1290/1679/1760 1289/1678/1760 1288/1677/1760
f 1291/1680/1761 1290/1679/1761 1288/1677/1761
f 1292/1681/1762 1291/1680/1762 1288/1677/1762
f 1293/1682/1763 1291/1680/1763 1292/1681/1763
f 1293/1682/1764 1292/1681/1764 1294/1683/1764
f 1295/1684/1765 1293/1682/1765 1294/1683/1765
f 1295/1684/1766 1294/1683/1766 1296/1685/1766
f 1297/1686/1767 1295/1687/1767 1296/1688/1767
f 1296/1685/1768 1279/1668/1768 1297/1689/1768
f 1297/1689/1769 1279/1668/1769 1298/1690/1769
f 1297/1689/1770 1298/1690/1770 1299/1691/1770
f 1300/1692/1771 1297/1686/1771 1299/1693/1771
f 1300/1692/1772 1299/1693/1772 1301/1694/1772
f 1302/1695/1773 1300/1692/1773 1301/1694/1773
f 1302/1695/1774 1301/1694/1774 1303/1696/1774
f 1304/1697/1775 1302/1695/1775 1303/1696/1775
f 1305/1698/1776 1304/1697/1776 1303/1696/1776
f 1295/1687/1777 1305/1698/1777 1303/1696/1777
f 1303/1699/1778 1291/1680/1778 1295/1684/1778
f 1303/1699/1779 1306/1700/1779 1291/1680/1779
f 1306/1701/1780 1307/1702/1780 1291/1703/1780
f 1307/1704/1781 1308/1705/1781 1291/1680/1781
f 1291/1680/1782 1308/1705/1782 1309/1706/1782
f 1308/1705/1783 1290/1679/1783 1309/1706/1783
f 634/818/1784 1290/1679/1784 1308/1705/1784
f 634/818/1785 1308/1705/1785 1307/1704/1785
f 1307/1702/1786 1306/1701/1786 1310/1707/1786
f 636/1708/1787 1307/1702/1787 1310/1707/1787
f 1310/1707/1788 1306/1701/1788 1311/1709/1788
f 1312/1710/1789 1310/1707/1789 1311/1709/1789
f 1312/1710/1790 1311/1709/1790 1313/1711/1790
f 1312/1710/1791 1313/1711/1791 1314/1712/1791
f 1315/1713/1792 1312/1710/1792 1314/1712/1792
f 1314/1712/1793 1310/1707/1793 1315/1713/1793
f 637/1714/1794 1310/1707/1794 1314/1712/1794
f 1316/1715/1795 637/1714/1795 1314/1712/1795
f 1316/1715/1796 1314/1712/1796 1317/1716/1796
f 1316/1715/1797 1317/1716/1797 1318/1717/1797
f 1319/1718/1798 1316/1715/1798 1318/1717/1798
f 1320/1719/1799 1319/1720/1799 1318/1721/1799
f 1320/1722/1800 1318/1723/1800 1321/1724/1800
f 1320/1722/1801 1321/1724/1801 1322/1725/1801
f 1322/1725/1802 1321/1724/1802 1323/1726/1802
f 1322/1725/1803 1323/1726/1803 1324/1727/1803
f 1322/1725/1804 1324/1727/1804 1325/1728/1804
f 1325/1729/1805 1319/1720/1805 1322/1730/1805
f 1325/1729/1806 1326/1731/1806 1319/1720/1806
f 1326/1731/1807 1327/1732/1807 1319/1720/1807
f 1327/1732/1808 1328/1733/1808 1319/1720/1808
f 1329/1734/1809 1319/1720/1809 1328/1733/1809
f 1329/1734/1810 1328/1733/1810 1330/1735/1810
f 1331/1736/1811 1329/1734/1811 1330/1735/1811
f 1331/1736/1812 1330/1735/1812 1332/1737/1812
f 1332/1737/1813 1333/1738/1813 1331/1736/1813
f 1331/1736/1814 1333/1738/1814 1334/1739/1814
f 640/826/1815 1334/1740/1815 1333/1741/1815
f 1335/1742/1816 1333/1738/1816 1332/1737/1816
f 1335/1742/1817 1332/1737/1817 1336/1743/1817
f 1336/1743/1818 681/903/1818 1335/1742/1818
f 1332/1737/1819 1337/1744/1819 1336/1743/1819
f 1336/1743/1820 1337/1744/1820 1338/1745/1820
f 1338/1745/1821 1339/1746/1821 1336/1743/1821
f 1336/1743/1822 1339/1746/1822 1340/1747/1822
f 1336/1743/1823 1340/1747/1823 686/904/1823
f 686/904/1824 1340/1747/1824 1341/1748/1824
f 1341/1748/1825 1340/1747/1825 1342/1749/1825
f 1341/1748/1826 1342/1749/1826 1343/1750/1826
f 691/909/1827 1341/1748/1827 1343/1750/1827
f 1343/1750/1828 1342/1749/1828 1344/1751/1828
f 1343/1750/1829 1344/1751/1829 1345/1752/1829
f 1343/1750/1830 1345/1752/1830 1346/1753/1830
f 1346/1753/1831 692/910/1831 1343/1750/1831
f 1346/1754/1832 1347/1755/1832 692/1756/1832
f 692/1756/1833 1347/1755/1833 1348/1757/1833
f 1348/1757/1834 1347/1755/1834 1349/1758/1834
f 1348/1757/1835 1349/1758/1835 1350/1759/1835
f 1348/1757/1836 1350/1759/1836 694/1760/1836
f 1349/1758/1837 1351/1761/1837 1350/1759/1837
f 1350/1759/1838 1351/1761/1838 1352/1762/1838
f 1350/1759/1839 1352/1762/1839 696/923/1839
f 696/923/1840 1352/1762/1840 1353/1763/1840
f 696/923/1841 1353/1763/1841 1354/1764/1841
f 1353/1763/1842 703/924/1842 1354/1764/1842
f 1353/1763/1843 1355/1765/1843 703/924/1843
f 703/924/1844 1355/1765/1844 1356/1766/1844
f 703/924/1845 1356/1766/1845 1357/1767/1845
f 1357/1767/1846 1356/1766/1846 1358/1768/1846
f 1357/1767/1847 1358/1768/1847 1359/1769/1847
f 1357/1767/1848 1359/1769/1848 704/926/1848
f 1359/1769/1849 1358/1768/1849 705/927/1849
f 1358/1770/1850 710/937/1850 705/930/1850
f 1358/1770/1851 1360/1771/1851 710/937/1851
f 1361/1772/1852 1360/1771/1852 1358/1770/1852
f 1362/1773/1853 1361/1774/1853 1358/1768/1853
f 1362/1773/1854 1363/1775/1854 1361/1774/1854
f 1363/1776/1855 1364/1777/1855 1361/1772/1855
f 1361/1772/1856 1364/1777/1856 1365/1778/1856
f 1364/1777/1857 1366/1779/1857 1365/1778/1857
f 1366/1779/1858 1367/1780/1858 1365/1778/1858
f 1365/1778/1859 1367/1780/1859 1368/1781/1859
f 1365/1778/1860 1368/1781/1860 1360/1771/1860
f 711/938/1861 1360/1771/1861 1368/1781/1861
f 1368/1781/1862 1367/1780/1862 1369/1782/1862
f 712/940/1863 1368/1781/1863 1369/1782/1863
f 1367/1780/1864 1370/1783/1864 1369/1782/1864
f 1371/1784/1865 1369/1782/1865 1370/1783/1865
f 1372/1785/1866 1371/1784/1866 1370/1783/1866
f 1372/1785/1867 1370/1783/1867 1373/1786/1867
f 1374/1787/1868 1372/1785/1868 1373/1786/1868
f 1374/1787/1869 1373/1786/1869 1375/1788/1869
f 1376/1789/1870 1374/1787/1870 1375/1788/1870
f 1377/1790/1871 1376/1789/1871 1375/1788/1871
f 1377/1790/1872 1375/1788/1872 1378/1791/1872
f 1377/1790/1873 1378/1791/1873 1379/1792/1873
f 1380/1793/1874 1377/1790/1874 1379/1792/1874
f 1381/1794/1875 1380/1793/1875 1379/1792/1875
f 1382/1795/1876 1381/1794/1876 1379/1792/1876
f 1383/1796/1877 1382/1795/1877 1379/1792/1877
f 1383/1796/1878 1379/1792/1878 1384/1797/1878
f 1385/1798/1879 1383/1796/1879 1384/1797/1879
f 1385/1798/1880 1384/1797/1880 1386/1799/1880
f 1387/1800/1881 1385/1798/1881 1386/1799/1881
f 1387/1800/1882 1386/1799/1882 1388/1801/1882
f 1388/1802/1883 1389/1803/1883 1387/1804/1883
f 1389/1803/1884 1390/1805/1884 1387/1804/1884
f 1387/1804/1885 1390/1805/1885 1391/1806/1885
f 1387/1804/1886 1391/1806/1886 1392/1807/1886
f 1393/1808/1887 1387/1800/1887 1392/1809/1887
f 1392/1810/1888 1394/1811/1888 1393/1812/1888
f 1393/1813/1889 1394/1814/1889 1391/1815/1889
f 1391/1816/1890 1385/1798/1890 1393/1808/1890
f 1391/1816/1891 1395/1817/1891 1385/1798/1891
f 1396/1818/1892 1395/1817/1892 1391/1816/1892
f 1396/1818/1893 1397/1819/1893 1395/1817/1893
f 1395/1817/1894 1397/1819/1894 1398/1820/1894
f 1395/1817/1895 1398/1820/1895 1383/1796/1895
f 1398/1820/1896 1397/1819/1896 1399/1821/1896
f 1382/1795/1897 1398/1820/1897 1399/1821/1897
f 1400/1822/1898 1399/1821/1898 1397/1819/1898
f 1400/1822/1899 1397/1819/1899 1401/1823/1899
f 1402/1824/1900 1400/1822/1900 1401/1823/1900
f 1402/1824/1901 1401/1823/1901 1403/1825/1901
f 1404/1826/1902 1402/1827/1902 1403/1828/1902
f 1404/1826/1903 1403/1828/1903 1405/1829/1903
f 1404/1826/1904 1405/1829/1904 1406/1830/1904
f 1406/1830/1905 1407/1831/1905 1404/1826/1905
f 1407/1831/1906 1408/1832/1906 1404/1826/1906
f 1408/1832/1907 1409/1833/1907 1404/1826/1907
f 1404/1826/1908 1409/1833/1908 1410/1834/1908
f 1409/1833/1909 1411/1835/1909 1410/1834/1909
f 1410/1834/1910 1411/1835/1910 1412/1836/1910
f 1410/1834/1911 1412/1836/1911 1402/1827/1911
f 1402/1827/1912 1412/1836/1912 1413/1837/1912
f 1413/1838/1913 1414/1839/1913 1402/1840/1913
f 1413/1838/1914 1415/1841/1914 1414/1839/1914
f 1414/1839/1915 1415/1841/1915 1416/1842/1915
f 1414/1839/1916 1416/1842/1916 1400/1843/1916
f 1417/1844/1917 1400/1822/1917 1416/1845/1917
f 1416/1842/1918 1418/1846/1918 1417/1847/1918
f 1417/1847/1919 1418/1846/1919 1419/1848/1919
f 1417/1847/1920 1419/1848/1920 1420/1849/1920
f 1420/1850/1921 1421/1851/1921 1417/1844/1921
f 1420/1850/1922 1422/1852/1922 1421/1851/1922
f 1400/1822/1923 1421/1851/1923 1422/1852/1923
f 1423/1853/1924 1422/1852/1924 1420/1850/1924
f 1424/1854/1925 1423/1853/1925 1420/1850/1925
f 1420/1849/1926 1425/1855/1926 1424/1856/1926
f 718/951/1927 1424/1856/1927 1425/1855/1927
f 717/948/1928 1423/1853/1928 1424/1854/1928
f 1423/1853/1929 717/948/1929 1426/1857/1929
f 1423/1853/1930 1426/1857/1930 1427/1858/1930
f 1426/1857/1931 1371/1784/1931 1427/1858/1931
f 1426/1857/1932 1428/1859/1932 1371/1784/1932
f 1429/1860/1933 1371/1784/1933 1428/1859/1933
f 1429/1860/1934 1430/1861/1934 1371/1784/1934
f 717/948/1935 1430/1861/1935 1429/1860/1935
f 1429/1860/1936 1428/1859/1936 1426/1857/1936
f 717/948/1937 1429/1860/1937 1426/1857/1937
f 1423/1853/1938 1427/1858/1938 1422/1852/1938
f 1427/1858/1939 1374/1787/1939 1422/1852/1939
f 1399/1821/1940 1422/1852/1940 1374/1787/1940
f 1381/1794/1941 1399/1821/1941 1374/1787/1941
f 1420/1849/1942 1419/1848/1942 1425/1855/1942
f 1425/1855/1943 1419/1848/1943 1418/1846/1943
f 1418/1846/1944 1431/1862/1944 1425/1855/1944
f 1425/1855/1945 1431/1862/1945 1432/1863/1945
f 1432/1863/1946 720/954/1946 1425/1855/1946
f 1432/1863/1947 1433/1864/1947 720/954/1947
f 720/954/1948 1433/1864/1948 1434/1865/1948
f 720/954/1949 1434/1865/1949 1435/1866/1949
f 1435/1866/1950 1434/1865/1950 1436/1867/1950
f 1437/1868/1951 1435/1866/1951 1436/1867/1951
f 1438/1869/1952 1437/1870/1952 1436/1871/1952
f 1330/1735/1953 1438/1872/1953 1436/1867/1953
f 1330/1735/1954 1327/1732/1954 1438/1872/1954
f 1438/1872/1955 1327/1732/1955 1439/1873/1955
f 1439/1874/1956 1440/1875/1956 1438/1869/1956
f 1441/1876/1957 1440/1875/1957 1439/1874/1957
f 1442/1877/1958 1441/1878/1958 1439/1879/1958
f 1442/1877/1959 1439/1879/1959 1443/1880/1959
f 1444/1881/1960 1442/1877/1960 1443/1880/1960
f 1444/1881/1961 1443/1880/1961 1445/1882/1961
f 1444/1881/1962 1445/1882/1962 1446/1883/1962
f 1447/1884/1963 1444/1881/1963 1446/1883/1963
f 1448/1885/1964 1447/1884/1964 1446/1883/1964
f 1449/1886/1965 1448/1885/1965 1446/1883/1965
f 1449/1886/1966 1446/1883/1966 1450/1887/1966
f 1451/1888/1967 1449/1886/1967 1450/1887/1967
f 1451/1888/1968 1450/1887/1968 1452/1889/1968
f 1451/1888/1969 1452/1889/1969 1453/1890/1969
f 1454/1891/1970 1451/1888/1970 1453/1890/1970
f 1454/1891/1971 1453/1890/1971 1455/1892/1971
f 1456/1893/1972 1454/1891/1972 1455/1892/1972
f 1457/1894/1973 1456/1893/1973 1455/1892/1973
f 1457/1894/1974 1455/1892/1974 1458/1895/1974
f 1459/1896/1975 1457/1897/1975 1458/1898/1975
f 1459/1896/1976 1458/1898/1976 1460/1899/1976
f 1459/1896/1977 1460/1899/1977 1461/1900/1977
f 1461/1900/1978 1462/1901/1978 1459/1896/1978
f 1463/1902/1979 1459/1896/1979 1462/1901/1979
f 1464/1903/1980 1463/1902/1980 1462/1901/1980
f 1464/1903/1981 1462/1901/1981 1465/1904/1981
f 1466/1905/1982 1464/1903/1982 1465/1904/1982
f 1466/1905/1983 1465/1904/1983 1467/1906/1983
f 1468/1907/1984 1466/1905/1984 1467/1906/1984
f 1469/1908/1985 1468/1909/1985 1467/1910/1985
f 1467/1906/1986 1470/1911/1986 1469/1912/1986
f 1470/1911/1987 1471/1913/1987 1469/1912/1987
f 1469/1912/1988 1471/1913/1988 1472/1914/1988
f 1473/1915/1989 1469/1908/1989 1472/1916/1989
f 1473/1915/1990 1472/1916/1990 1474/1917/1990
f 1473/1915/1991 1474/1917/1991 1475/1918/1991
f 1475/1918/1992 1468/1909/1992 1473/1915/1992
f 1475/1919/1993 1476/1920/1993 1468/1907/1993
f 1475/1919/1994 1477/1921/1994 1476/1920/1994
f 1476/1920/1995 1477/1921/1995 1478/1922/1995
f 1476/1920/1996 1478/1922/1996 1466/1905/1996
f 1478/1922/1997 1477/1921/1997 1463/1902/1997
f 1463/1902/1998 1477/1921/1998 1457/1897/1998
f 1477/1921/1999 1479/1923/1999 1457/1897/1999
f 1479/1924/2000 1480/1925/2000 1457/1894/2000
f 1481/1926/2001 1480/1925/2001 1479/1924/2001
f 1479/1923/2002 1482/1927/2002 1481/1928/2002
f 1481/1928/2003 1482/1927/2003 1483/1929/2003
f 1481/1928/2004 1483/1929/2004 1484/1930/2004
f 1481/1928/2005 1484/1930/2005 1485/1931/2005
f 1485/1932/2006 1486/1933/2006 1481/1926/2006
f 1481/1926/2007 1486/1933/2007 1487/1934/2007
f 1487/1934/2008 1486/1933/2008 1488/1935/2008
f 1489/1936/2009 1487/1934/2009 1488/1935/2009
f 1489/1936/2010 1488/1935/2010 1448/1885/2010
f 1480/1925/2011 1487/1934/2011 1489/1936/2011
f 1456/1893/2012 1480/1925/2012 1489/1936/2012
f 1486/1933/2013 1490/1937/2013 1488/1935/2013
f 1488/1935/2014 1490/1937/2014 1447/1884/2014
f 1491/1938/2015 1447/1884/2015 1490/1937/2015
f 1490/1937/2016 1492/1939/2016 1491/1938/2016
f 1492/1939/2017 1444/1881/2017 1491/1938/2017
f 1492/1939/2018 1493/1940/2018 1444/1881/2018
f 1493/1940/2019 1492/1939/2019 1494/1941/2019
f 1494/1942/2020 1441/1876/2020 1493/1943/2020
f 1494/1942/2021 1495/1944/2021 1441/1876/2021
f 1441/1876/2022 1495/1944/2022 1496/1945/2022
f 1496/1945/2023 1495/1944/2023 730/968/2023
f 1497/1946/2024 1496/1945/2024 730/968/2024
f 1497/1946/2025 730/968/2025 1498/1947/2025
f 1498/1947/2026 729/967/2026 1497/1946/2026
f 723/959/2027 1497/1946/2027 729/967/2027
f 1499/1948/2028 1497/1946/2028 723/959/2028
f 1437/1870/2029 1497/1946/2029 1499/1948/2029
f 1437/1870/2030 1499/1948/2030 721/956/2030
f 1437/1870/2031 1440/1875/2031 1497/1946/2031
f 1440/1875/2032 1496/1945/2032 1497/1946/2032
f 1500/1949/2033 1495/1944/2033 1494/1942/2033
f 1501/1950/2034 1500/1949/2034 1494/1942/2034
f 1501/1950/2035 1502/1951/2035 1500/1949/2035
f 1500/1949/2036 1502/1951/2036 1503/1952/2036
f 737/975/2037 1503/1952/2037 1502/1951/2037
f 1502/1951/2038 1504/1953/2038 737/975/2038
f 1504/1953/2039 1505/1954/2039 737/975/2039
f 1506/1955/2040 1505/1954/2040 1504/1953/2040
f 1506/1955/2041 1504/1953/2041 1507/1956/2041
f 1507/1957/2042 1508/1958/2042 1506/1959/2042
f 1508/1960/2043 1509/1961/2043 1506/1962/2043
f 1506/1962/2044 1509/1961/2044 1510/1963/2044
f 1506/1962/2045 1510/1963/2045 1511/1964/2045
f 1511/1965/2046 1512/1966/2046 1506/1967/2046
f 740/978/2047 1506/1955/2047 1512/1968/2047
f 1511/1965/2048 1513/1969/2048 1512/1966/2048
f 1512/1966/2049 1513/1969/2049 1514/1970/2049
f 1512/1966/2050 1514/1970/2050 741/980/2050
f 741/980/2051 1514/1970/2051 1515/1971/2051
f 1516/1972/2052 1515/1971/2052 1514/1970/2052
f 1516/1972/2053 1514/1970/2053 1517/1973/2053
f 1517/1973/2054 1518/1974/2054 1516/1972/2054
f 1519/1975/2055 1516/1972/2055 1518/1974/2055
f 1520/1976/2056 1516/1972/2056 1519/1975/2056
f 1519/1977/2057 1521/1978/2057 1520/1979/2057
f 1520/1979/2058 1521/1978/2058 1522/1980/2058
f 1520/1979/2059 1522/1980/2059 1523/1981/2059
f 1522/1980/2060 1524/1982/2060 1523/1981/2060
f 1524/1982/2061 1525/1983/2061 1523/1981/2061
f 1523/1981/2062 1525/1983/2062 1526/1984/2062
f 1526/1985/2063 1516/1972/2063 1523/1986/2063
f 1526/1985/2064 1527/1987/2064 1516/1972/2064
f 1528/1988/2065 1527/1987/2065 1526/1985/2065
f 1526/1984/2066 1529/1989/2066 1528/1990/2066
f 1529/1991/2067 1530/1992/2067 1528/1993/2067
f 1530/1994/2068 1531/1995/2068 1528/1988/2068
f 1528/1988/2069 1531/1995/2069 1515/1971/2069
f 1515/1971/2070 1531/1995/2070 1532/1996/2070
f 742/982/2071 1515/1971/2071 1532/1996/2071
f 1531/1995/2072 1533/1997/2072 1532/1996/2072
f 1532/1996/2073 1533/1997/2073 1534/1998/2073
f 744/985/2074 1532/1996/2074 1534/1998/2074
f 1533/1997/2075 1535/1999/2075 1534/1998/2075
f 746/990/2076 1534/1998/2076 1535/1999/2076
f 746/990/2077 1535/1999/2077 749/996/2077
f 749/996/2078 1535/1999/2078 1536/2000/2078
f 1537/2001/2079 1536/2000/2079 1535/1999/2079
f 1537/2001/2080 1538/2002/2080 1536/2000/2080
f 1538/2002/2081 752/999/2081 1536/2000/2081
f 1538/2002/2082 1539/2003/2082 752/999/2082
f 1540/2004/2083 752/999/2083 1539/2003/2083
f 1540/2004/2084 1539/2003/2084 1541/2005/2084
f 1540/2004/2085 1541/2005/2085 1542/2006/2085
f 1542/2006/2086 1543/2007/2086 1540/2004/2086
f 753/1000/2087 1543/2007/2087 1542/2006/2087
f 753/1000/2088 1542/2006/2088 1544/2008/2088
f 1544/2008/2089 1542/2006/2089 1545/2009/2089
f 1544/2008/2090 1545/2009/2090 1546/2010/2090
f 1546/2011/2091 1547/2012/2091 1544/2013/2091
f 1547/2012/2092 1548/2014/2092 1544/2013/2092
f 1549/2015/2093 1544/2013/2093 1548/2014/2093
f 1548/2014/2094 1550/2016/2094 1549/2015/2094
f 1549/2015/2095 1550/2016/2095 1551/2017/2095
f 1551/2017/2096 1550/2016/2096 1552/2018/2096
f 1551/2017/2097 1552/2018/2097 1553/2019/2097
f 1551/2017/2098 1553/2019/2098 1554/2020/2098
f 1544/2013/2099 1551/2017/2099 1554/2020/2099
f 1544/2013/2100 1554/2020/2100 756/2021/2100
f 1554/2020/2101 1553/2019/2101 1555/2022/2101
f 1554/2020/2102 1555/2022/2102 1556/2023/2102
f 1557/2024/2103 1554/2020/2103 1556/2023/2103
f 1557/2024/2104 1556/2023/2104 1558/2025/2104
f 757/2026/2105 1557/2024/2105 1558/2025/2105
f 1559/2027/2106 757/1006/2106 1558/2028/2106
f 1559/2027/2107 1558/2028/2107 1560/2029/2107
f 1559/2027/2108 1560/2029/2108 1561/2030/2108
f 1559/2027/2109 1561/2030/2109 1562/2031/2109
f 760/1009/2110 1559/2027/2110 1562/2031/2110
f 764/1013/2111 1562/2031/2111 1561/2030/2111
f 1561/2030/2112 1563/2032/2112 764/1013/2112
f 764/1013/2113 1563/2032/2113 1564/2033/2113
f 764/1013/2114 1564/2033/2114 767/1016/2114
f 767/1016/2115 1564/2033/2115 1565/2034/2115
f 1564/2033/2116 1566/2035/2116 1565/2034/2116
f 1565/2034/2117 1566/2035/2117 1567/2036/2117
f 1568/2037/2118 1565/2034/2118 1567/2036/2118
f 1568/2037/2119 1567/2036/2119 1569/2038/2119
f 1568/2037/2120 1569/2038/2120 1570/2039/2120
f 1571/2040/2121 1568/2037/2121 1570/2039/2121
f 1572/2041/2122 1571/2042/2122 1570/2043/2122
f 1572/2041/2123 1570/2043/2123 1573/2044/2123
f 1574/2045/2124 1572/2041/2124 1573/2044/2124
f 1575/2046/2125 1574/2045/2125 1573/2044/2125
f 1575/2046/2126 1573/2044/2126 1576/2047/2126
f 1577/2048/2127 1575/2049/2127 1576/2050/2127
f 1577/2048/2128 1576/2050/2128 1578/2051/2128
f 1577/2048/2129 1578/2051/2129 1579/2052/2129
f 1580/2053/2130 1577/2048/2130 1579/2052/2130
f 1581/2054/2131 1580/2053/2131 1579/2052/2131
f 1581/2054/2132 1579/2052/2132 1582/2055/2132
f 1583/2056/2133 1581/2054/2133 1582/2055/2133
f 1584/2057/2134 1583/2056/2134 1582/2055/2134
f 1585/2058/2135 1584/2057/2135 1582/2055/2135
f 1585/2058/2136 1582/2055/2136 1586/2059/2136
f 1585/2058/2137 1586/2059/2137 1587/2060/2137
f 1587/2060/2138 1588/2061/2138 1585/2058/2138
f 1589/2062/2139 1588/2061/2139 1587/2060/2139
f 1589/2062/2140 1587/2060/2140 1590/2063/2140
f 1590/2063/2141 1591/2064/2141 1589/2062/2141
f 1591/2064/2142 1592/2065/2142 1589/2062/2142
f 1592/2065/2143 1593/2066/2143 1589/2062/2143
f 1593/2066/2144 1584/2057/2144 1589/2062/2144
f 1593/2066/2145 1594/2067/2145 1584/2057/2145
f 1593/2066/2146 1595/2068/2146 1594/2067/2146
f 1596/2069/2147 1594/2067/2147 1595/2068/2147
f 1595/2068/2148 1597/2070/2148 1596/2069/2148
f 1596/2069/2149 1597/2070/2149 1598/2071/2149
f 1599/2072/2150 1596/2069/2150 1598/2071/2150
f 1600/2073/2151 1599/2072/2151 1598/2071/2151
f 1600/2073/2152 1598/2071/2152 1601/2074/2152
f 1600/2075/2153 1601/2076/2153 1602/2077/2153
f 1603/2078/2154 1600/2073/2154 1602/2079/2154
f 1603/2080/2155 1602/2081/2155 1604/2082/2155
f 1603/2080/2156 1604/2082/2156 1605/2083/2156
f 1580/2053/2157 1603/2078/2157 1605/2084/2157
f 1605/2083/2158 1604/2082/2158 1575/2046/2158
f 1604/2082/2159 1602/2081/2159 1574/2045/2159
f 1574/2045/2160 1602/2081/2160 1606/2085/2160
f 1574/2045/2161 1606/2085/2161 1607/2086/2161
f 1607/2086/2162 1606/2085/2162 772/2087/2162
f 1607/2086/2163 772/2087/2163 1571/2042/2163
f 1606/2088/2164 1608/2089/2164 772/1023/2164
f 1606/2088/2165 1609/2090/2165 1608/2089/2165
f 1608/2089/2166 1609/2090/2166 1610/2091/2166
f 1608/2089/2167 1610/2091/2167 1611/2092/2167
f 1608/2089/2168 1611/2092/2168 774/1024/2168
f 1611/2092/2169 1612/2093/2169 774/1024/2169
f 1611/2092/2170 1613/2094/2170 1612/2093/2170
f 1612/2093/2171 1613/2094/2171 1614/2095/2171
f 775/1026/2172 1612/2093/2172 1614/2095/2172
f 1615/2096/2173 775/1026/2173 1614/2095/2173
f 1615/2096/2174 1614/2095/2174 1616/2097/2174
f 1615/2096/2175 1616/2097/2175 1617/2098/2175
f 776/1027/2176 1615/2096/2176 1617/2098/2176
f 1617/2099/2177 1618/2100/2177 776/2101/2177
f 1619/2102/2178 776/2101/2178 1618/2100/2178
f 1619/2102/2179 1618/2100/2179 1620/2103/2179
f 1619/2102/2180 1620/2103/2180 1621/2104/2180
f 1622/2105/2181 1619/2102/2181 1621/2104/2181
f 1622/2105/2182 1621/2104/2182 1623/2106/2182
f 1623/2107/2183 1624/2108/2183 1622/2109/2183
f 1625/2110/2184 1622/2111/2184 1624/2112/2184
f 1624/2108/2185 1626/2113/2185 1625/2114/2185
f 1625/2114/2186 1626/2113/2186 1627/2115/2186
f 1625/2114/2187 1627/2115/2187 1628/2116/2187
f 1628/2117/2188 1629/2118/2188 1625/2110/2188
f 1628/2117/2189 1630/2119/2189 1629/2118/2189
f 1629/2118/2190 1630/2119/2190 1631/2120/2190
f 1629/2118/2191 1631/2120/2191 1632/2121/2191
f 1622/2111/2192 1629/2118/2192 1632/2121/2192
f 1622/2111/2193 1632/2121/2193 1633/2122/2193
f 1622/2111/2194 1633/2122/2194 777/2123/2194
f 780/1032/2195 777/1029/2195 1633/2124/2195
f 1632/2121/2196 784/2125/2196 1633/2122/2196
f 1633/2122/2197 784/2125/2197 1634/2126/2197
f 782/2127/2198 1633/2124/2198 1634/2128/2198
f 1632/2121/2199 1631/2120/2199 788/2129/2199
f 1632/2121/2200 788/2129/2200 785/2130/2200
f 1630/2119/2201 1635/2131/2201 1631/2120/2201
f 1631/2120/2202 1635/2131/2202 1636/2132/2202
f 1164/1515/2203 1631/2133/2203 1636/2134/2203
f 1637/2135/2204 1164/1515/2204 1636/2134/2204
f 1637/2135/2205 1636/2134/2205 1638/2136/2205
f 1639/2137/2206 1637/2135/2206 1638/2136/2206
f 1639/2137/2207 1638/2136/2207 1640/2138/2207
f 1641/2139/2208 1639/2137/2208 1640/2138/2208
f 1640/2138/2209 1642/2140/2209 1641/2139/2209
f 1170/1521/2210 1641/2139/2210 1642/2140/2210
f 1640/2138/2211 1643/2141/2211 1642/2140/2211
f 1642/2140/2212 1643/2141/2212 1175/1526/2212
f 1640/2138/2213 1644/2142/2213 1643/2141/2213
f 1643/2141/2214 1644/2142/2214 1645/2143/2214
f 1177/1530/2215 1643/2144/2215 1645/2145/2215
f 1646/2146/2216 1177/1530/2216 1645/2145/2216
f 1647/2147/2217 1646/2146/2217 1645/2145/2217
f 1647/2147/2218 1645/2145/2218 1196/1549/2218
f 1648/2148/2219 1647/2147/2219 1196/1549/2219
f 1649/2149/2220 1648/2148/2220 1196/1549/2220
f 1650/2150/2221 1649/2149/2221 1196/1549/2221
f 1650/2150/2222 1651/2151/2222 1649/2149/2222
f 1649/2149/2223 1651/2151/2223 1652/2152/2223
f 1653/2153/2224 1652/2152/2224 1651/2151/2224
f 1651/2151/2225 1189/1542/2225 1653/2153/2225
f 1653/2153/2226 1654/2154/2226 1652/2152/2226
f 1652/2152/2227 1654/2154/2227 1648/2148/2227
f 1653/2153/2228 1184/1537/2228 1654/2154/2228
f 1190/1543/2229 1651/2151/2229 1650/2150/2229
f 1194/1547/2230 1190/1543/2230 1650/2150/2230
f 1652/2152/2231 1648/2148/2231 1649/2149/2231
f 1648/2148/2232 1654/2154/2232 1647/2147/2232
f 1654/2154/2233 1181/1534/2233 1647/2147/2233
f 1655/2155/2234 1647/2147/2234 1181/1534/2234
f 1655/2155/2235 1646/2146/2235 1647/2147/2235
f 1655/2155/2236 1177/1530/2236 1646/2146/2236
f 1644/2156/2237 1197/1550/2237 1645/2145/2237
f 1644/2142/2238 1656/2157/2238 1197/2158/2238
f 1644/2142/2239 1657/2159/2239 1656/2157/2239
f 1656/2160/2240 1657/2161/2240 1658/2162/2240
f 1656/2160/2241 1658/2162/2241 1659/2163/2241
f 1656/2160/2242 1659/2163/2242 1660/2164/2242
f 1660/2164/2243 1198/2165/2243 1656/2160/2243
f 1660/2164/2244 1661/2166/2244 1198/2165/2244
f 1198/2165/2245 1661/2166/2245 1662/2167/2245
f 1661/2166/2246 1663/2168/2246 1662/2167/2246
f 1664/2169/2247 1662/2170/2247 1663/2171/2247
f 1664/2169/2248 1663/2171/2248 1665/2172/2248
f 1664/2169/2249 1665/2172/2249 1666/2173/2249
f 1667/2174/2250 1664/2169/2250 1666/2173/2250
f 1667/2174/2251 1666/2173/2251 1668/2175/2251
f 1667/2174/2252 1668/2175/2252 1669/2176/2252
f 1204/1559/2253 1667/2174/2253 1669/2176/2253
f 1670/2177/2254 1667/2174/2254 1204/1559/2254
f 1669/2176/2255 1668/2175/2255 1671/2178/2255
f 1669/2176/2256 1671/2178/2256 1206/1561/2256
f 1206/1561/2257 1671/2178/2257 1672/2179/2257
f 1672/2179/2258 1671/2178/2258 1673/2180/2258
f 1672/2179/2259 1673/2180/2259 1529/1991/2259
f 1525/1983/2260 1672/2181/2260 1529/1989/2260
f 1674/2182/2261 1672/2181/2261 1525/1983/2261
f 1674/2182/2262 1675/2183/2262 1672/2181/2262
f 1207/1562/2263 1672/2179/2263 1675/2184/2263
f 1674/2182/2264 1210/1567/2264 1675/2183/2264
f 1676/2185/2265 1210/1567/2265 1674/2182/2265
f 1677/2186/2266 1676/2185/2266 1674/2182/2266
f 1524/1982/2267 1677/2186/2267 1674/2182/2267
f 1678/2187/2268 1676/2185/2268 1677/2186/2268
f 1678/2187/2269 1677/2186/2269 1522/1980/2269
f 1679/2188/2270 1678/2187/2270 1522/1980/2270
f 1679/2188/2271 1680/2189/2271 1678/2187/2271
f 1679/2188/2272 1681/2190/2272 1680/2189/2272
f 1681/2190/2273 1682/2191/2273 1680/2189/2273
f 1680/2189/2274 1682/2191/2274 1210/1567/2274
f 1682/2191/2275 1683/2192/2275 1210/1567/2275
f 1683/2192/2276 1684/2193/2276 1210/1567/2276
f 1685/2194/2277 1684/2193/2277 1683/2192/2277
f 1685/2194/2278 1683/2192/2278 1271/1655/2278
f 1214/1571/2279 1685/2194/2279 1271/1655/2279
f 1271/1654/2280 1266/1649/2280 1214/1572/2280
f 1685/2194/2281 1211/1568/2281 1684/2193/2281
f 1686/2195/2282 1683/2192/2282 1682/2191/2282
f 1272/1656/2283 1683/2192/2283 1686/2195/2283
f 1272/1656/2284 1686/2195/2284 1519/1977/2284
f 1687/2196/2285 1272/1656/2285 1519/1977/2285
f 1519/1975/2286 1517/1973/2286 1687/2197/2286
f 1687/2197/2287 1517/1973/2287 1513/1969/2287
f 1687/2197/2288 1513/1969/2288 1688/2198/2288
f 1689/2199/2289 1687/2200/2289 1688/2201/2289
f 1323/1726/2290 1689/2199/2290 1688/2201/2290
f 1323/1726/2291 1688/2201/2291 1690/2202/2291
f 1690/2202/2292 1691/2203/2292 1323/1726/2292
f 1323/1726/2293 1691/2203/2293 1509/1961/2293
f 1690/2202/2294 1688/2201/2294 1691/2203/2294
f 1691/2203/2295 1688/2201/2295 1692/2204/2295
f 1691/2203/2296 1692/2204/2296 1510/1963/2296
f 1692/2205/2297 1693/2206/2297 1510/2207/2297
f 1692/2205/2298 1513/1969/2298 1693/2206/2298
f 1694/2208/2299 1689/2199/2299 1323/1726/2299
f 1695/2209/2300 1689/2199/2300 1694/2208/2300
f 1695/2209/2301 1694/2208/2301 1321/1724/2301
f 1321/2210/2302 1696/2211/2302 1695/2212/2302
f 1695/2212/2303 1696/2211/2303 1697/2213/2303
f 1277/1665/2304 1695/2214/2304 1697/2215/2304
f 1698/2216/2305 1277/1665/2305 1697/2215/2305
f 1698/2216/2306 1697/2215/2306 1699/2217/2306
f 1700/2218/2307 1698/2216/2307 1699/2217/2307
f 1700/2218/2308 1699/2217/2308 1701/2219/2308
f 1702/2220/2309 1700/2218/2309 1701/2219/2309
f 1701/2219/2310 1703/2221/2310 1702/2220/2310
f 1702/2220/2311 1703/2221/2311 1704/2222/2311
f 1703/2221/2312 1705/2223/2312 1704/2222/2312
f 1704/2222/2313 1705/2223/2313 1706/2224/2313
f 1704/2222/2314 1706/2224/2314 1707/2225/2314
f 1707/2225/2315 1708/2226/2315 1704/2222/2315
f 1704/2222/2316 1708/2226/2316 1709/2227/2316
f 1709/2227/2317 1700/2218/2317 1704/2222/2317
f 1710/2228/2318 1700/2218/2318 1709/2227/2318
f 1711/2229/2319 1710/2230/2319 1709/2231/2319
f 1711/2229/2320 1709/2231/2320 1712/2232/2320
f 1301/2233/2321 1711/2229/2321 1712/2232/2321
f 1713/2234/2322 1301/1694/2322 1712/2235/2322
f 1714/2236/2323 1713/2237/2323 1712/2238/2323
f 1714/2236/2324 1712/2238/2324 1715/2239/2324
f 1715/2239/2325 1712/2238/2325 1716/2240/2325
f 1303/1696/2326 1715/2241/2326 1716/2242/2326
f 1717/2243/2327 1303/2244/2327 1716/2245/2327
f 1717/2243/2328 1716/2245/2328 1708/2246/2328
f 1717/2243/2329 1708/2246/2329 1718/2247/2329
f 1717/2243/2330 1718/2247/2330 1719/2248/2330
f 1717/2243/2331 1719/2248/2331 1720/2249/2331
f 1721/2250/2332 1717/2243/2332 1720/2249/2332
f 1722/2251/2333 1721/2250/2333 1720/2249/2333
f 1722/2251/2334 1720/2249/2334 1723/2252/2334
f 1722/2251/2335 1723/2252/2335 1724/2253/2335
f 1725/2254/2336 1722/2251/2336 1724/2253/2336
f 1726/2255/2337 1725/2256/2337 1724/2257/2337
f 1727/2258/2338 1726/2255/2338 1724/2257/2338
f 1728/2259/2339 1726/2255/2339 1727/2258/2339
f 1727/2260/2340 1729/2261/2340 1728/2262/2340
f 1730/2263/2341 1728/2259/2341 1729/2264/2341
f 1731/2265/2342 1730/2266/2342 1729/2267/2342
f 1731/2265/2343 1729/2267/2343 1732/2268/2343
f 1733/2269/2344 1731/2270/2344 1732/2271/2344
f 1733/2269/2345 1732/2271/2345 1734/2272/2345
f 1733/2269/2346 1734/2272/2346 1735/2273/2346
f 1735/2274/2347 1736/2275/2347 1733/2276/2347
f 1733/2276/2348 1736/2275/2348 1737/2277/2348
f 1733/2276/2349 1737/2277/2349 1738/2278/2349
f 1733/2276/2350 1738/2278/2350 1739/2279/2350
f 1738/2278/2351 1740/2280/2351 1739/2279/2351
f 1740/2281/2352 1741/2282/2352 1739/2283/2352
f 1739/2283/2353 1741/2282/2353 1731/2284/2353
f 1740/2281/2354 1721/2250/2354 1741/2282/2354
f 1742/2285/2355 1741/2282/2355 1721/2250/2355
f 1730/2286/2356 1741/2282/2356 1742/2285/2356
f 1730/2286/2357 1742/2285/2357 1743/2287/2357
f 1743/2288/2358 1744/2289/2358 1730/2263/2358
f 1743/2288/2359 1745/2290/2359 1744/2289/2359
f 1745/2290/2360 1726/2255/2360 1744/2289/2360
f 1745/2290/2361 1743/2288/2361 1725/2256/2361
f 1743/2287/2362 1742/2285/2362 1725/2254/2362
f 1746/2291/2363 1740/2280/2363 1738/2278/2363
f 1747/2292/2364 1746/2291/2364 1738/2278/2364
f 1748/2293/2365 1747/2292/2365 1738/2278/2365
f 1749/2294/2366 1748/2293/2366 1738/2278/2366
f 1750/2295/2367 1749/2294/2367 1738/2278/2367
f 1751/2296/2368 1749/2294/2368 1750/2295/2368
f 1751/2296/2369 1750/2295/2369 1752/2297/2369
f 1752/2298/2370 1753/2299/2370 1751/2300/2370
f 1754/2301/2371 1751/2302/2371 1753/2303/2371
f 1754/2301/2372 1753/2303/2372 1755/2304/2372
f 1754/2301/2373 1755/2304/2373 1701/2219/2373
f 1756/2305/2374 1755/2306/2374 1753/2299/2374
f 1756/2305/2375 1753/2299/2375 1757/2307/2375
f 1756/2305/2376 1757/2307/2376 1758/2308/2376
f 1759/2309/2377 1756/2305/2377 1758/2308/2377
f 1759/2309/2378 1758/2308/2378 1760/2310/2378
f 1761/2311/2379 1759/2309/2379 1760/2310/2379
f 1761/2311/2380 1760/2310/2380 1762/2312/2380
f 1761/2311/2381 1762/2312/2381 1763/2313/2381
f 1764/2314/2382 1761/2315/2382 1763/2316/2382
f 1763/2313/2383 1765/2317/2383 1764/2318/2383
f 1764/2318/2384 1765/2317/2384 1766/2319/2384
f 1767/2320/2385 1764/2314/2385 1766/2321/2385
f 1767/2320/2386 1766/2321/2386 1768/2322/2386
f 1767/2320/2387 1768/2322/2387 1769/2323/2387
f 1769/2323/2388 1770/2324/2388 1767/2320/2388
f 1771/2325/2389 1770/2324/2389 1769/2323/2389
f 1769/2323/2390 1772/2326/2390 1771/2325/2390
f 1771/2325/2391 1772/2326/2391 1773/2327/2391
f 1771/2325/2392 1773/2327/2392 1774/2328/2392
f 1774/2329/2393 1775/2330/2393 1771/2331/2393
f 1775/2330/2394 1774/2329/2394 1776/2332/2394
f 1775/2330/2395 1776/2332/2395 1777/2333/2395
f 1778/2334/2396 1775/2335/2396 1777/2336/2396
f 1778/2334/2397 1777/2336/2397 1718/2337/2397
f 1706/2224/2398 1775/2335/2398 1778/2334/2398
f 1706/2224/2399 1770/2338/2399 1775/2335/2399
f 1718/2337/2400 1777/2336/2400 1776/2339/2400
f 1776/2332/2401 1779/2340/2401 1718/2341/2401
f 1776/2332/2402 1780/2342/2402 1779/2340/2402
f 1780/2342/2403 1781/2343/2403 1779/2340/2403
f 1779/2340/2404 1781/2343/2404 1719/2344/2404
f 1780/2342/2405 1782/2345/2405 1781/2343/2405
f 1781/2343/2406 1782/2345/2406 1783/2346/2406
f 1783/2347/2407 1723/2348/2407 1781/2349/2407
f 1783/2347/2408 1727/2260/2408 1723/2348/2408
f 1782/2350/2409 1784/2351/2409 1783/2347/2409
f 1783/2347/2410 1784/2351/2410 1729/2261/2410
f 1782/2350/2411 1785/2352/2411 1784/2351/2411
f 1786/2353/2412 1784/2351/2412 1785/2352/2412
f 1786/2353/2413 1785/2352/2413 1787/2354/2413
f 1787/2355/2414 1788/2356/2414 1786/2357/2414
f 1786/2357/2415 1788/2356/2415 1789/2358/2415
f 1789/2359/2416 1734/2272/2416 1786/2353/2416
f 1790/2360/2417 1734/2272/2417 1789/2359/2417
f 1791/2361/2418 1790/2362/2418 1789/2363/2418
f 1791/2361/2419 1789/2363/2419 1792/2364/2419
f 1793/2365/2420 1791/2361/2420 1792/2364/2420
f 1794/2366/2421 1793/2367/2421 1792/2368/2421
f 1794/2366/2422 1792/2368/2422 1795/2369/2422
f 1768/2322/2423 1794/2370/2423 1795/2371/2423
f 1772/2326/2424 1768/2322/2424 1795/2371/2424
f 1772/2326/2425 1795/2371/2425 1796/2372/2425
f 1795/2369/2426 1797/2373/2426 1796/2374/2426
f 1796/2374/2427 1797/2373/2427 1798/2375/2427
f 1796/2374/2428 1798/2375/2428 1799/2376/2428
f 1800/2377/2429 1796/2372/2429 1799/2378/2429
f 1799/2376/2430 1801/2379/2430 1800/2380/2430
f 1800/2380/2431 1801/2379/2431 1782/2381/2431
f 1782/2381/2432 1801/2379/2432 1802/2382/2432
f 1782/2381/2433 1802/2382/2433 1787/2355/2433
f 1802/2382/2434 1803/2383/2434 1787/2355/2434
f 1804/2384/2435 1803/2383/2435 1802/2382/2435
f 1805/2385/2436 1804/2384/2436 1802/2382/2436
f 1805/2385/2437 1797/2373/2437 1804/2384/2437
f 1804/2384/2438 1797/2373/2438 1806/2386/2438
f 1801/2379/2439 1797/2373/2439 1805/2385/2439
f 1804/2384/2440 1806/2386/2440 1803/2383/2440
f 1807/2387/2441 1803/2388/2441 1806/2389/2441
f 1807/2387/2442 1806/2389/2442 1766/2390/2442
f 1766/2319/2443 1808/2391/2443 1807/2392/2443
f 1807/2392/2444 1808/2391/2444 1760/2310/2444
f 1809/2393/2445 1760/2310/2445 1808/2391/2445
f 1809/2393/2446 1808/2391/2446 1763/2313/2446
f 1810/2394/2447 1766/2395/2447 1806/2396/2447
f 1810/2394/2448 1806/2396/2448 1811/2397/2448
f 1810/2394/2449 1811/2397/2449 1803/2388/2449
f 1792/2398/2450 1803/2383/2450 1811/2399/2450
f 1792/2398/2451 1788/2356/2451 1803/2383/2451
f 1795/2369/2452 1811/2400/2452 1806/2386/2452
f 1810/2394/2453 1794/2401/2453 1766/2395/2453
f 1810/2394/2454 1803/2388/2454 1807/2387/2454
f 1793/2402/2455 1810/2394/2455 1807/2387/2455
f 1807/2392/2456 1812/2403/2456 1793/2365/2456
f 1807/2392/2457 1758/2308/2457 1812/2403/2457
f 1802/2382/2458 1801/2379/2458 1805/2385/2458
f 1799/2376/2459 1797/2373/2459 1801/2379/2459
f 1800/2377/2460 1773/2327/2460 1796/2372/2460
f 1799/2376/2461 1798/2375/2461 1797/2373/2461
f 1795/2369/2462 1806/2386/2462 1797/2373/2462
f 1795/2369/2463 1792/2368/2463 1811/2400/2463
f 1810/2394/2464 1793/2402/2464 1794/2401/2464
f 1793/2365/2465 1812/2403/2465 1791/2361/2465
f 1791/2361/2466 1812/2403/2466 1790/2362/2466
f 1813/2404/2467 1790/2362/2467 1812/2403/2467
f 1812/2403/2468 1757/2307/2468 1813/2404/2468
f 1813/2404/2469 1752/2298/2469 1790/2362/2469
f 1752/2405/2470 1734/2272/2470 1790/2360/2470
f 1752/2405/2471 1814/2406/2471 1734/2272/2471
f 1735/2273/2472 1814/2406/2472 1752/2405/2472
f 1789/2358/2473 1788/2356/2473 1792/2398/2473
f 1787/2355/2474 1803/2383/2474 1788/2356/2474
f 1734/2272/2475 1784/2351/2475 1786/2353/2475
f 1787/2354/2476 1785/2352/2476 1782/2350/2476
f 1780/2342/2477 1800/2407/2477 1782/2345/2477
f 1815/2408/2478 1800/2407/2478 1780/2342/2478
f 1815/2408/2479 1774/2329/2479 1800/2407/2479
f 1815/2408/2480 1780/2342/2480 1776/2332/2480
f 1776/2332/2481 1774/2329/2481 1815/2408/2481
f 1774/2328/2482 1773/2327/2482 1800/2377/2482
f 1773/2327/2483 1772/2326/2483 1796/2372/2483
f 1770/2324/2484 1771/2325/2484 1775/2409/2484
f 1769/2323/2485 1768/2322/2485 1772/2326/2485
f 1768/2322/2486 1766/2321/2486 1794/2370/2486
f 1767/2320/2487 1770/2324/2487 1764/2314/2487
f 1766/2319/2488 1765/2317/2488 1808/2391/2488
f 1763/2313/2489 1808/2391/2489 1765/2317/2489
f 1764/2314/2490 1770/2324/2490 1761/2315/2490
f 1770/2410/2491 1816/2411/2491 1761/2311/2491
f 1761/2311/2492 1816/2411/2492 1817/2412/2492
f 1816/2411/2493 1705/2413/2493 1817/2412/2493
f 1816/2411/2494 1770/2410/2494 1705/2413/2494
f 1762/2312/2495 1809/2393/2495 1763/2313/2495
f 1762/2312/2496 1760/2310/2496 1809/2393/2496
f 1761/2311/2497 1817/2412/2497 1759/2309/2497
f 1759/2309/2498 1817/2412/2498 1703/2414/2498
f 1759/2309/2499 1703/2414/2499 1755/2306/2499
f 1807/2392/2500 1760/2310/2500 1758/2308/2500
f 1812/2403/2501 1758/2308/2501 1757/2307/2501
f 1813/2404/2502 1757/2307/2502 1753/2299/2502
f 1759/2309/2503 1755/2306/2503 1756/2305/2503
f 1754/2301/2504 1699/2217/2504 1751/2302/2504
f 1813/2404/2505 1753/2299/2505 1752/2298/2505
f 1752/2297/2506 1750/2295/2506 1736/2275/2506
f 1699/2415/2507 1749/2294/2507 1751/2296/2507
f 1749/2294/2508 1699/2415/2508 1818/2416/2508
f 1749/2294/2509 1818/2416/2509 1748/2293/2509
f 1819/2417/2510 1748/2293/2510 1818/2416/2510
f 1820/2418/2511 1819/2417/2511 1818/2416/2511
f 1821/2419/2512 1820/2418/2512 1818/2416/2512
f 1818/2416/2513 1696/2211/2513 1821/2419/2513
f 1318/1717/2514 1821/2419/2514 1696/2211/2514
f 1821/2419/2515 1313/1711/2515 1820/2418/2515
f 1820/2418/2516 1313/1711/2516 1819/2417/2516
f 1819/2417/2517 1313/1711/2517 1747/2292/2517
f 1819/2417/2518 1747/2292/2518 1822/2420/2518
f 1819/2417/2519 1822/2420/2519 1823/2421/2519
f 1823/2421/2520 1822/2420/2520 1747/2292/2520
f 1824/2422/2521 1747/2292/2521 1313/1711/2521
f 1819/2417/2522 1823/2421/2522 1748/2293/2522
f 1748/2293/2523 1823/2421/2523 1747/2292/2523
f 1824/2422/2524 1746/2291/2524 1747/2292/2524
f 1311/1709/2525 1746/2291/2525 1824/2422/2525
f 1746/2291/2526 1306/1701/2526 1740/2280/2526
f 1750/2295/2527 1738/2278/2527 1737/2277/2527
f 1736/2275/2528 1750/2295/2528 1737/2277/2528
f 1752/2297/2529 1736/2275/2529 1735/2274/2529
f 1735/2273/2530 1734/2272/2530 1814/2406/2530
f 1784/2351/2531 1734/2272/2531 1732/2271/2531
f 1733/2276/2532 1739/2279/2532 1731/2423/2532
f 1784/2351/2533 1732/2271/2533 1729/2261/2533
f 1731/2284/2534 1741/2282/2534 1730/2286/2534
f 1730/2263/2535 1744/2289/2535 1728/2259/2535
f 1783/2347/2536 1729/2261/2536 1727/2260/2536
f 1728/2259/2537 1744/2289/2537 1726/2255/2537
f 1745/2290/2538 1725/2256/2538 1726/2255/2538
f 1742/2285/2539 1722/2251/2539 1725/2254/2539
f 1727/2258/2540 1724/2257/2540 1723/2424/2540
f 1720/2425/2541 1781/2343/2541 1723/2426/2541
f 1742/2285/2542 1721/2250/2542 1722/2251/2542
f 1740/2281/2543 1717/2243/2543 1721/2250/2543
f 1719/2344/2544 1781/2343/2544 1720/2425/2544
f 1719/2248/2545 1718/2247/2545 1779/2427/2545
f 1778/2334/2546 1718/2337/2546 1708/2226/2546
f 1740/2281/2547 1303/2244/2547 1717/2243/2547
f 1713/2237/2548 1714/2236/2548 1715/2239/2548
f 1715/2241/2549 1301/1694/2549 1713/2234/2549
f 1712/2232/2550 1709/2231/2550 1716/2428/2550
f 1711/2229/2551 1278/1667/2551 1710/2230/2551
f 1278/1666/2552 1698/2216/2552 1710/2228/2552
f 1711/2229/2553 1298/1690/2553 1278/1667/2553
f 1709/2227/2554 1708/2226/2554 1716/2429/2554
f 1778/2334/2555 1708/2226/2555 1707/2225/2555
f 1706/2224/2556 1778/2334/2556 1707/2225/2556
f 1706/2224/2557 1705/2223/2557 1770/2338/2557
f 1817/2430/2558 1705/2223/2558 1703/2221/2558
f 1701/2219/2559 1755/2304/2559 1703/2221/2559
f 1704/2222/2560 1700/2218/2560 1702/2220/2560
f 1701/2219/2561 1699/2217/2561 1754/2301/2561
f 1710/2228/2562 1698/2216/2562 1700/2218/2562
f 1697/2213/2563 1818/2416/2563 1699/2415/2563
f 1697/2213/2564 1696/2211/2564 1818/2416/2564
f 1276/2431/2565 1689/2199/2565 1695/2209/2565
f 1687/2200/2566 1689/2199/2566 1276/2431/2566
f 1688/2198/2567 1513/1969/2567 1692/2205/2567
f 1276/2432/2568 1272/1656/2568 1687/2196/2568
f 1519/1977/2569 1686/2195/2569 1681/2190/2569
f 1681/2190/2570 1686/2195/2570 1682/2191/2570
f 1521/1978/2571 1681/2190/2571 1679/2188/2571
f 1680/2189/2572 1676/2185/2572 1678/2187/2572
f 1680/2189/2573 1210/1567/2573 1676/2185/2573
f 1671/2178/2574 1825/2433/2574 1673/2180/2574
f 1673/2180/2575 1825/2433/2575 1530/1992/2575
f 1825/2434/2576 1533/1997/2576 1530/1994/2576
f 1825/2434/2577 1537/2001/2577 1533/1997/2577
f 1666/2435/2578 1537/2001/2578 1825/2434/2578
f 1671/2178/2579 1668/2175/2579 1825/2433/2579
f 1668/2175/2580 1666/2173/2580 1825/2433/2580
f 1670/2177/2581 1664/2169/2581 1667/2174/2581
f 1665/2436/2582 1537/2001/2582 1666/2435/2582
f 1826/2437/2583 1665/2438/2583 1663/2168/2583
f 1826/2437/2584 1827/2439/2584 1665/2438/2584
f 1827/2440/2585 1539/2003/2585 1665/2436/2585
f 1827/2440/2586 1828/2441/2586 1539/2003/2586
f 1539/2003/2587 1828/2441/2587 1829/2442/2587
f 1830/2443/2588 1829/2442/2588 1828/2441/2588
f 1830/2443/2589 1831/2444/2589 1829/2442/2589
f 1829/2442/2590 1831/2444/2590 1832/2445/2590
f 1829/2442/2591 1832/2445/2591 1541/2005/2591
f 1833/2446/2592 1541/2005/2592 1832/2445/2592
f 1834/2447/2593 1833/2446/2593 1832/2445/2593
f 1832/2448/2594 1835/2449/2594 1834/2450/2594
f 1834/2450/2595 1835/2449/2595 1836/2451/2595
f 1834/2450/2596 1836/2451/2596 1837/2452/2596
f 1834/2450/2597 1837/2452/2597 1617/2099/2597
f 1838/2453/2598 1834/2450/2598 1617/2099/2598
f 1617/2098/2599 1839/2454/2599 1838/2455/2599
f 1838/2455/2600 1839/2454/2600 1547/2012/2600
f 1839/2454/2601 1840/2456/2601 1547/2012/2601
f 1839/2454/2602 1616/2097/2602 1840/2456/2602
f 1840/2456/2603 1616/2097/2603 1841/2457/2603
f 1840/2456/2604 1841/2457/2604 1842/2458/2604
f 1840/2456/2605 1842/2458/2605 1548/2014/2605
f 1843/2459/2606 1548/2014/2606 1842/2458/2606
f 1843/2459/2607 1842/2458/2607 1844/2460/2607
f 1844/2460/2608 1845/2461/2608 1843/2459/2608
f 1843/2459/2609 1845/2461/2609 1846/2462/2609
f 1550/2016/2610 1843/2459/2610 1846/2462/2610
f 1846/2462/2611 1845/2461/2611 1847/2463/2611
f 1846/2462/2612 1847/2463/2612 1848/2464/2612
f 1552/2018/2613 1846/2462/2613 1848/2464/2613
f 1849/2465/2614 1552/2018/2614 1848/2464/2614
f 1850/2466/2615 1849/2465/2615 1848/2464/2615
f 1850/2466/2616 1848/2464/2616 1851/2467/2616
f 1850/2466/2617 1851/2467/2617 1852/2468/2617
f 1850/2466/2618 1852/2468/2618 1853/2469/2618
f 1854/2470/2619 1850/2466/2619 1853/2469/2619
f 1854/2470/2620 1853/2469/2620 1855/2471/2620
f 1855/2471/2621 1856/2472/2621 1854/2470/2621
f 1856/2472/2622 1556/2023/2622 1854/2470/2622
f 1560/2473/2623 1856/2472/2623 1855/2471/2623
f 1560/2473/2624 1855/2471/2624 1857/2474/2624
f 1858/2475/2625 1560/2029/2625 1857/2476/2625
f 1858/2475/2626 1857/2476/2626 1859/2477/2626
f 1858/2475/2627 1859/2477/2627 1860/2478/2627
f 1561/2030/2628 1858/2475/2628 1860/2478/2628
f 1563/2032/2629 1860/2478/2629 1859/2477/2629
f 1859/2477/2630 1861/2479/2630 1563/2032/2630
f 1859/2477/2631 1862/2480/2631 1861/2479/2631
f 1566/2035/2632 1861/2479/2632 1862/2480/2632
f 1859/2477/2633 1857/2476/2633 1862/2480/2633
f 1857/2474/2634 1855/2471/2634 1862/2481/2634
f 1855/2471/2635 1863/2482/2635 1862/2481/2635
f 1862/2481/2636 1863/2482/2636 1864/2483/2636
f 1567/2036/2637 1862/2480/2637 1864/2484/2637
f 1864/2483/2638 1865/2485/2638 1567/2486/2638
f 1864/2483/2639 1866/2487/2639 1865/2485/2639
f 1865/2485/2640 1866/2487/2640 1867/2488/2640
f 1865/2485/2641 1867/2488/2641 1868/2489/2641
f 1569/2490/2642 1865/2485/2642 1868/2489/2642
f 1867/2488/2643 1869/2491/2643 1868/2489/2643
f 1869/2491/2644 1870/2492/2644 1868/2489/2644
f 1868/2489/2645 1870/2492/2645 1871/2493/2645
f 1570/2494/2646 1868/2489/2646 1871/2493/2646
f 1872/2495/2647 1570/2043/2647 1871/2496/2647
f 1872/2495/2648 1871/2496/2648 1873/2497/2648
f 1874/2498/2649 1872/2495/2649 1873/2497/2649
f 1873/2497/2650 1875/2499/2650 1874/2498/2650
f 1875/2499/2651 1573/2044/2651 1874/2498/2651
f 1876/2500/2652 1875/2499/2652 1873/2497/2652
f 1876/2500/2653 1873/2497/2653 1877/2501/2653
f 1878/2502/2654 1876/2503/2654 1877/2504/2654
f 1879/2505/2655 1878/2506/2655 1877/2507/2655
f 1879/2505/2656 1877/2507/2656 1880/2508/2656
f 1879/2505/2657 1880/2508/2657 1881/2509/2657
f 1882/2510/2658 1879/2505/2658 1881/2509/2658
f 1882/2510/2659 1881/2509/2659 1883/2511/2659
f 1884/2512/2660 1882/2510/2660 1883/2511/2660
f 1613/2094/2661 1884/2512/2661 1883/2511/2661
f 1613/2094/2662 1883/2511/2662 1885/2513/2662
f 1885/2513/2663 1883/2511/2663 1886/2514/2663
f 1887/2515/2664 1885/2513/2664 1886/2514/2664
f 1888/2516/2665 1887/2515/2665 1886/2514/2665
f 1869/2491/2666 1888/2516/2666 1886/2514/2666
f 1888/2516/2667 1889/2517/2667 1887/2515/2667
f 1890/2518/2668 1887/2515/2668 1889/2517/2668
f 1891/2519/2669 1890/2518/2669 1889/2517/2669
f 1892/2520/2670 1891/2519/2670 1889/2517/2670
f 1866/2487/2671 1892/2520/2671 1889/2517/2671
f 1852/2468/2672 1892/2520/2672 1866/2487/2672
f 1851/2467/2673 1891/2519/2673 1892/2520/2673
f 1893/2521/2674 1890/2518/2674 1891/2519/2674
f 1847/2463/2675 1893/2521/2675 1891/2519/2675
f 1894/2522/2676 1890/2518/2676 1893/2521/2676
f 1895/2523/2677 1894/2522/2677 1893/2521/2677
f 1841/2457/2678 1895/2523/2678 1893/2521/2678
f 1894/2522/2679 1895/2523/2679 1896/2524/2679
f 1894/2522/2680 1896/2524/2680 1887/2515/2680
f 1616/2097/2681 1896/2524/2681 1895/2523/2681
f 1894/2522/2682 1887/2515/2682 1890/2518/2682
f 1888/2516/2683 1866/2487/2683 1889/2517/2683
f 1896/2524/2684 1885/2513/2684 1887/2515/2684
f 1896/2524/2685 1614/2095/2685 1885/2513/2685
f 1883/2511/2686 1897/2525/2686 1886/2514/2686
f 1870/2492/2687 1886/2514/2687 1897/2525/2687
f 1884/2512/2688 1898/2526/2688 1882/2510/2688
f 1882/2510/2689 1898/2526/2689 1878/2506/2689
f 1597/2070/2690 1878/2527/2690 1898/2528/2690
f 1597/2070/2691 1899/2529/2691 1878/2527/2691
f 1899/2530/2692 1900/2531/2692 1878/2502/2692
f 1900/2531/2693 1901/2532/2693 1878/2502/2693
f 1900/2531/2694 1902/2533/2694 1901/2532/2694
f 1903/2534/2695 1901/2532/2695 1902/2533/2695
f 1902/2533/2696 1904/2535/2696 1903/2534/2696
f 1903/2534/2697 1904/2535/2697 1905/2536/2697
f 1903/2534/2698 1905/2536/2698 1906/2537/2698
f 1907/2538/2699 1903/2539/2699 1906/2540/2699
f 1907/2538/2700 1906/2540/2700 1908/2541/2700
f 1907/2538/2701 1908/2541/2701 1909/2542/2701
f 1910/2543/2702 1907/2538/2702 1909/2542/2702
f 1578/2051/2703 1910/2543/2703 1909/2542/2703
f 1909/2542/2704 1908/2541/2704 1578/2051/2704
f 1578/2051/2705 1908/2541/2705 1911/2544/2705
f 1911/2544/2706 1908/2541/2706 1912/2545/2706
f 1911/2544/2707 1912/2545/2707 1913/2546/2707
f 1911/2544/2708 1913/2546/2708 1590/2063/2708
f 1579/2052/2709 1911/2544/2709 1590/2063/2709
f 1586/2059/2710 1579/2052/2710 1590/2063/2710
f 1913/2546/2711 1912/2545/2711 1914/2547/2711
f 1913/2546/2712 1914/2547/2712 1915/2548/2712
f 1913/2546/2713 1915/2548/2713 1591/2064/2713
f 2770/2549/2714 1591/2064/2714 1915/2548/2714
f 2770/2549/2715 1915/2548/2715 2771/2550/2715
f 2828/2551/2716 2041/2552/2716 2829/2553/2716
f 2829/2553/2717 2041/2552/2717 2039/2554/2717
f 2829/2553/2717 2039/2554/2717 2831/2555/2717
f 2830/2556/2718 2831/2555/2718 2039/2554/2718
f 2830/2556/2719 2039/2554/2719 2037/2557/2719
f 2830/2556/2720 2037/2557/2720 2834/2558/2720
f 2789/2559/2721 2790/2560/2721 1592/2065/2721
f 2790/2560/2722 2791/2561/2722 1592/2065/2722
f 2792/2562/2723 1592/2065/2723 2791/2561/2723
f 2792/2562/2724 2037/2563/2724 1592/2065/2724
f 1592/2065/2725 2037/2563/2725 2038/2564/2725
f 2792/2565/2726 2834/2558/2726 2037/2557/2726
f 2037/2557/2727 2039/2554/2727 2038/2566/2727
f 2040/2567/2728 2038/2568/2728 2039/2569/2728
f 2040/2567/2729 2043/2570/2729 2038/2568/2729
f 2038/2568/2730 2043/2570/2730 2108/2571/2730
f 2038/2568/2731 2108/2571/2731 1899/2530/2731
f 1595/2068/2732 2038/2564/2732 1899/2529/2732
f 1899/2530/2733 2108/2571/2733 1902/2533/2733
f 1902/2533/2734 2108/2571/2734 2044/2572/2734
f 2108/2571/2735 2043/2570/2735 2044/2572/2735
f 2044/2572/2736 2043/2570/2736 2042/2573/2736
f 2045/2574/2737 2044/2572/2737 2042/2573/2737
f 2045/2574/2738 2042/2573/2738 2046/2575/2738
f 2045/2574/2739 2046/2575/2739 2047/2576/2739
f 2048/2577/2740 2045/2574/2740 2047/2576/2740
f 2049/2578/2741 2048/2577/2741 2047/2576/2741
f 2049/2578/2742 2047/2576/2742 2050/2579/2742
f 1905/2536/2743 2049/2578/2743 2050/2579/2743
f 2047/2576/2744 2051/2580/2744 2050/2579/2744
f 2050/2579/2745 2051/2580/2745 2052/2581/2745
f 2050/2579/2746 2052/2581/2746 1906/2537/2746
f 2052/2581/2747 2051/2580/2747 2053/2582/2747
f 1912/2583/2748 2052/2581/2748 2053/2582/2748
f 2051/2580/2749 2054/2584/2749 2053/2582/2749
f 2054/2584/2750 2055/2585/2750 2053/2582/2750
f 1915/2586/2751 2053/2587/2751 2055/2588/2751
f 1915/2586/2752 2055/2588/2752 2056/2589/2752
f 2772/2590/2753 1915/2586/2753 2056/2589/2753
f 2772/2590/2753 2056/2589/2753 2835/2591/2753
f 2803/2592/2754 2804/2593/2754 2088/2594/2754
f 2803/2592/2755 2088/2594/2755 2089/2595/2755
f 2803/2592/2756 2089/2595/2756 2805/2596/2756
f 2805/2596/2757 2089/2595/2757 2090/2597/2757
f 2805/2596/2758 2090/2597/2758 2806/2598/2758
f 2827/2599/2759 2806/2598/2759 2090/2597/2759
f 2827/2599/2760 2090/2597/2760 2107/2600/2760
f 2827/2599/2761 2107/2600/2761 2828/2551/2761
f 2107/2600/2762 2090/2597/2762 2091/2601/2762
f 2107/2600/2763 2091/2601/2763 2065/2602/2763
f 2064/2603/2764 2107/2604/2764 2065/2605/2764
f 2064/2603/2765 2065/2605/2765 2063/2606/2765
f 2062/2607/2766 2064/2603/2766 2063/2606/2766
f 2062/2607/2767 2063/2606/2767 2060/2608/2767
f 2062/2607/2768 2060/2608/2768 2061/2609/2768
f 2062/2607/2769 2061/2609/2769 2047/2576/2769
f 2061/2609/2770 2054/2584/2770 2047/2576/2770
f 2060/2608/2771 2054/2584/2771 2061/2609/2771
f 2060/2608/2772 2059/2610/2772 2054/2584/2772
f 2060/2608/2773 2058/2611/2773 2059/2610/2773
f 2058/2612/2774 2055/2588/2774 2059/2613/2774
f 2058/2612/2775 2057/2614/2775 2055/2588/2775
f 2069/2615/2776 2057/2614/2776 2058/2612/2776
f 2058/2616/2777 2068/2617/2777 2069/2618/2777
f 2069/2618/2778 2068/2617/2778 2070/2619/2778
f 2068/2617/2779 2085/2620/2779 2070/2619/2779
f 2085/2620/2780 2084/2621/2780 2070/2619/2780
f 2070/2619/2781 2084/2621/2781 2082/2622/2781
f 2082/2623/2782 2072/2624/2782 2070/2625/2782
f 2070/2625/2783 2072/2624/2783 2071/2626/2783
f 2070/2625/2784 2071/2626/2784 2057/2614/2784
f 2057/2614/2785 2071/2626/2785 2056/2589/2785
f 2075/2627/2786 2056/2589/2786 2071/2626/2786
f 2075/2627/2787 2071/2626/2787 2074/2628/2787
f 2793/2629/2788 2075/2627/2788 2074/2628/2788
f 2793/2629/2788 2074/2628/2788 2794/2630/2788
f 2797/2631/2789 2799/2632/2789 2087/2633/2789
f 2797/2631/2790 2087/2633/2790 2086/2634/2790
f 2797/2631/2790 2086/2634/2790 2798/2635/2790
f 2801/2636/2791 2798/2635/2791 2086/2634/2791
f 2802/2637/2792 2801/2636/2792 2086/2634/2792
f 2802/2637/2793 2086/2634/2793 2085/2620/2793
f 2802/2637/2793 2085/2620/2793 2807/2638/2793
f 2807/2638/2794 2100/2639/2794 2808/2640/2794
f 2808/2640/2795 2100/2639/2795 2101/2641/2795
f 2808/2640/2795 2101/2641/2795 2809/2642/2795
f 2810/2643/2796 2809/2642/2796 2101/2641/2796
f 2824/2644/2797 2810/2643/2797 2101/2641/2797
f 2824/2644/2798 2100/2639/2798 2825/2645/2798
f 2825/2645/2799 2100/2639/2799 2099/2646/2799
f 2825/2645/2799 2099/2646/2799 2826/2647/2799
f 2826/2647/2800 2098/2648/2800 2814/2649/2800
f 2814/2649/2801 2098/2648/2801 2102/2650/2801
f 2814/2649/2802 2102/2650/2802 2813/2651/2802
f 2812/2652/2803 2813/2651/2803 2102/2650/2803
f 2811/2653/2804 2812/2652/2804 2102/2650/2804
f 2811/2653/2805 2102/2650/2805 2096/2654/2805
f 2811/2653/2806 2096/2654/2806 2815/2655/2806
f 2816/2656/2807 2815/2655/2807 2096/2654/2807
f 2816/2656/2808 2096/2654/2808 2094/2657/2808
f 2816/2656/2808 2094/2657/2808 2823/2658/2808
f 2832/2659/2809 2075/2627/2809 2833/2660/2809
f 2822/2661/2810 2092/2662/2810 2820/2663/2810
f 2820/2663/2811 2092/2662/2811 2104/2664/2811
f 2820/2663/2811 2104/2664/2811 2819/2665/2811
f 2819/2665/2812 2103/2666/2812 2818/2667/2812
f 2817/2668/2813 2818/2667/2813 2103/2666/2813
f 2817/2668/2814 2103/2666/2814 2106/2669/2814
f 2817/2668/2814 2106/2669/2814 2821/2670/2814
f 2821/2670/2815 2106/2669/2815 2088/2594/2815
f 2103/2666/2816 2105/2671/2816 2106/2669/2816
f 2106/2669/2817 2105/2671/2817 2089/2595/2817
f 2092/2662/2818 2089/2595/2818 2105/2671/2818
f 2091/2601/2819 2089/2595/2819 2092/2662/2819
f 2093/2672/2820 2091/2601/2820 2092/2662/2820
f 2093/2672/2821 2092/2662/2821 2094/2673/2821
f 2066/2674/2822 2093/2675/2822 2094/2657/2822
f 2066/2674/2823 2094/2657/2823 2095/2676/2823
f 2066/2674/2824 2095/2676/2824 2067/2677/2824
f 2063/2678/2825 2066/2674/2825 2067/2677/2825
f 2067/2677/2826 2068/2617/2826 2063/2678/2826
f 2095/2676/2827 2098/2648/2827 2067/2677/2827
f 2098/2648/2828 2099/2646/2828 2067/2677/2828
f 2099/2646/2829 2085/2620/2829 2067/2677/2829
f 2095/2676/2830 2097/2679/2830 2098/2648/2830
f 2095/2676/2831 2096/2654/2831 2097/2679/2831
f 2066/2674/2832 2065/2680/2832 2093/2675/2832
f 2104/2664/2833 2105/2671/2833 2103/2666/2833
f 2819/2665/2834 2104/2664/2834 2103/2666/2834
f 2092/2662/2835 2105/2671/2835 2104/2664/2835
f 2822/2661/2810 2094/2673/2810 2092/2662/2810
f 2822/2661/2836 2823/2681/2836 2094/2673/2836
f 2095/2676/2837 2094/2657/2837 2096/2654/2837
f 2096/2654/2838 2102/2650/2838 2097/2679/2838
f 2098/2648/2839 2097/2679/2839 2102/2650/2839
f 2826/2647/2840 2099/2646/2840 2098/2648/2840
f 2099/2646/2841 2100/2639/2841 2085/2620/2841
f 2824/2644/2798 2101/2641/2798 2100/2639/2798
f 2807/2638/2794 2085/2620/2794 2100/2639/2794
f 2084/2621/2842 2086/2634/2842 2087/2633/2842
f 2083/2682/2843 2084/2621/2843 2087/2633/2843
f 2078/2683/2844 2083/2682/2844 2087/2633/2844
f 2078/2683/2845 2087/2633/2845 2077/2684/2845
f 2078/2683/2846 2077/2684/2846 2076/2685/2846
f 2079/2686/2847 2078/2683/2847 2076/2685/2847
f 2076/2687/2848 2073/2688/2848 2079/2689/2848
f 2079/2689/2849 2073/2688/2849 2080/2690/2849
f 2080/2690/2850 2073/2688/2850 2072/2624/2850
f 2076/2687/2851 2074/2628/2851 2073/2688/2851
f 2080/2691/2852 2078/2683/2852 2079/2686/2852
f 2081/2692/2853 2078/2683/2853 2080/2691/2853
f 2082/2622/2854 2081/2692/2854 2080/2691/2854
f 2082/2622/2855 2083/2682/2855 2081/2692/2855
f 2795/2693/2856 2076/2685/2856 2077/2684/2856
f 2795/2693/2857 2077/2684/2857 2796/2694/2857
f 2800/2695/2858 2796/2694/2858 2077/2684/2858
f 2794/2630/2859 2076/2687/2859 2795/2696/2859
f 2800/2695/2860 2077/2684/2860 2087/2633/2860
f 2081/2692/2861 2083/2682/2861 2078/2683/2861
f 2800/2695/2862 2087/2633/2862 2799/2632/2862
f 2794/2630/2859 2074/2628/2859 2076/2687/2859
f 2793/2629/2863 2833/2660/2863 2075/2627/2863
f 2073/2688/2864 2074/2628/2864 2071/2626/2864
f 2832/2659/2809 2056/2589/2809 2075/2627/2809
f 2072/2624/2865 2073/2688/2865 2071/2626/2865
f 2080/2690/2866 2072/2624/2866 2082/2623/2866
f 2084/2621/2867 2083/2682/2867 2082/2622/2867
f 2085/2620/2868 2086/2634/2868 2084/2621/2868
f 2068/2617/2869 2067/2677/2869 2085/2620/2869
f 2063/2678/2870 2068/2617/2870 2058/2616/2870
f 2070/2625/2871 2057/2614/2871 2069/2615/2871
f 2060/2608/2872 2063/2606/2872 2058/2611/2872
f 2046/2575/2873 2064/2603/2873 2062/2607/2873
f 2065/2680/2874 2066/2674/2874 2063/2678/2874
f 2064/2603/2875 2042/2573/2875 2107/2604/2875
f 2042/2573/2876 2041/2697/2876 2107/2604/2876
f 2040/2567/2877 2041/2697/2877 2042/2573/2877
f 2065/2602/2878 2091/2601/2878 2093/2672/2878
f 2091/2601/2879 2090/2597/2879 2089/2595/2879
f 2106/2669/2880 2089/2595/2880 2088/2594/2880
f 2821/2670/2881 2088/2594/2881 2804/2593/2881
f 2832/2659/2882 2835/2591/2882 2056/2589/2882
f 2057/2614/2883 2056/2589/2883 2055/2588/2883
f 2054/2584/2884 2059/2610/2884 2055/2585/2884
f 2047/2576/2885 2054/2584/2885 2051/2580/2885
f 2049/2578/2886 1904/2535/2886 2048/2577/2886
f 1904/2535/2887 2044/2572/2887 2048/2577/2887
f 2046/2575/2888 2062/2607/2888 2047/2576/2888
f 2046/2575/2889 2042/2573/2889 2064/2603/2889
f 2048/2577/2890 2044/2572/2890 2045/2574/2890
f 2040/2567/2891 2042/2573/2891 2043/2570/2891
f 2040/2567/2892 2039/2569/2892 2041/2697/2892
f 2828/2551/2716 2107/2600/2716 2041/2552/2716
f 2772/2698/2893 2771/2550/2893 1915/2548/2893
f 2789/2559/2894 1591/2064/2894 2770/2549/2894
f 1914/2699/2895 2053/2587/2895 1915/2586/2895
f 1912/2583/2896 2053/2582/2896 1914/2700/2896
f 1908/2701/2897 2052/2581/2897 1912/2583/2897
f 1906/2537/2898 2052/2581/2898 1908/2701/2898
f 1910/2543/2899 1903/2539/2899 1907/2538/2899
f 1910/2543/2900 1876/2702/2900 1903/2539/2900
f 1910/2543/2901 2109/2703/2901 1876/2702/2901
f 1910/2543/2902 1576/2050/2902 2109/2703/2902
f 1576/2047/2903 1875/2499/2903 2109/2704/2903
f 1905/2536/2904 2050/2579/2904 1906/2537/2904
f 1905/2536/2905 1904/2535/2905 2049/2578/2905
f 1904/2535/2906 1902/2533/2906 2044/2572/2906
f 1876/2503/2907 1901/2532/2907 1903/2534/2907
f 1899/2530/2908 1902/2533/2908 1900/2531/2908
f 1884/2512/2909 1598/2705/2909 1898/2526/2909
f 1610/2091/2910 1598/2705/2910 1884/2512/2910
f 1881/2509/2911 1897/2525/2911 1883/2511/2911
f 1880/2508/2912 1897/2525/2912 1881/2509/2912
f 1880/2508/2913 1877/2507/2913 1897/2525/2913
f 1897/2525/2914 1877/2507/2914 1871/2493/2914
f 1882/2510/2915 1878/2506/2915 1879/2505/2915
f 1878/2502/2916 1901/2532/2916 1876/2503/2916
f 2109/2704/2917 1875/2499/2917 1876/2500/2917
f 1877/2501/2918 1873/2497/2918 1871/2496/2918
f 1874/2498/2919 1570/2043/2919 1872/2495/2919
f 1870/2492/2920 1897/2525/2920 1871/2493/2920
f 1869/2491/2921 1886/2514/2921 1870/2492/2921
f 1867/2488/2922 1888/2516/2922 1869/2491/2922
f 1866/2487/2923 1888/2516/2923 1867/2488/2923
f 1852/2468/2924 1866/2487/2924 1864/2483/2924
f 1864/2483/2925 1863/2482/2925 1852/2468/2925
f 1855/2471/2926 1853/2469/2926 1863/2482/2926
f 1863/2482/2927 1853/2469/2927 1852/2468/2927
f 1851/2467/2928 1892/2520/2928 1852/2468/2928
f 1851/2467/2929 1848/2464/2929 1891/2519/2929
f 1849/2465/2930 1850/2466/2930 1854/2470/2930
f 1854/2470/2931 1555/2022/2931 1849/2465/2931
f 1848/2464/2932 1847/2463/2932 1891/2519/2932
f 1845/2461/2933 1893/2521/2933 1847/2463/2933
f 1844/2460/2934 1893/2521/2934 1845/2461/2934
f 1844/2460/2935 1842/2458/2935 1893/2521/2935
f 1841/2457/2936 1893/2521/2936 1842/2458/2936
f 1841/2457/2937 1616/2097/2937 1895/2523/2937
f 2110/2706/2938 1834/2450/2938 1838/2453/2938
f 1546/2010/2939 2110/2707/2939 1838/2708/2939
f 1618/2100/2940 1837/2452/2940 1836/2451/2940
f 1836/2451/2941 1992/2709/2941 1618/2100/2941
f 1992/2709/2942 1994/2710/2942 1618/2100/2942
f 1994/2710/2943 1995/2711/2943 1618/2100/2943
f 1994/2710/2944 1996/2712/2944 1995/2711/2944
f 1995/2711/2945 1996/2712/2945 1997/2713/2945
f 1620/2103/2946 1995/2711/2946 1997/2713/2946
f 1620/2103/2947 1997/2713/2947 1998/2714/2947
f 1998/2715/2948 1999/2716/2948 1620/2717/2948
f 1945/2718/2949 1999/2716/2949 1998/2715/2949
f 1947/2719/2950 1945/2718/2950 1998/2715/2950
f 1950/2720/2951 1947/2719/2951 1998/2715/2951
f 1950/2720/2952 1998/2715/2952 2009/2721/2952
f 2009/2721/2953 2010/2722/2953 1950/2720/2953
f 1950/2720/2954 2010/2722/2954 1951/2723/2954
f 1950/2720/2955 1951/2723/2955 1949/2724/2955
f 1949/2724/2956 1951/2723/2956 1952/2725/2956
f 1949/2724/2957 1952/2725/2957 1953/2726/2957
f 1949/2727/2958 1953/2728/2958 1954/2729/2958
f 1954/2730/2959 1948/2731/2959 1949/2724/2959
f 1949/2724/2960 1948/2731/2960 1947/2719/2960
f 1947/2719/2961 1948/2731/2961 1926/2732/2961
f 1947/2719/2962 1926/2732/2962 1918/2733/2962
f 1918/2733/2963 1926/2732/2963 1920/2734/2963
f 1918/2733/2964 1920/2734/2964 1919/2735/2964
f 2776/2736/2965 1918/2733/2965 1919/2735/2965
f 2776/2736/2966 1919/2735/2966 2777/2737/2966
f 2773/2738/2967 1917/2739/2967 2775/2740/2967
f 2775/2740/2968 1917/2739/2968 1918/2733/2968
f 1917/2739/2969 1937/2741/2969 1918/2733/2969
f 1918/2733/2970 1937/2741/2970 1946/2742/2970
f 1918/2733/2971 1946/2742/2971 1945/2718/2971
f 1946/2742/2972 1943/2743/2972 1945/2718/2972
f 1943/2743/2973 1944/2744/2973 1945/2718/2973
f 1944/2744/2974 2000/2745/2974 1945/2718/2974
f 1944/2744/2975 2007/2746/2975 2000/2745/2975
f 2000/2745/2976 2007/2746/2976 2001/2747/2976
f 1623/2107/2977 2000/2745/2977 2001/2747/2977
f 1623/2107/2978 2001/2747/2978 2002/2748/2978
f 2003/2749/2979 2002/2748/2979 2001/2747/2979
f 2003/2749/2980 2001/2747/2980 1941/2750/2980
f 1941/2750/2981 2004/2751/2981 2003/2749/2981
f 2004/2751/2982 2005/2752/2982 2003/2749/2982
f 1938/2753/2983 2005/2752/2983 2004/2751/2983
f 1936/2754/2984 2005/2752/2984 1938/2753/2984
f 1936/2754/2985 1938/2753/2985 1937/2741/2985
f 1939/2755/2986 1937/2741/2986 1938/2753/2986
f 1939/2755/2987 1938/2753/2987 1940/2756/2987
f 1940/2756/2988 1941/2750/2988 1939/2755/2988
f 1939/2755/2989 1941/2750/2989 1942/2757/2989
f 1943/2743/2990 1939/2755/2990 1942/2757/2990
f 1940/2756/2991 1938/2753/2991 1941/2750/2991
f 2005/2752/2992 1936/2754/2992 2006/2758/2992
f 2005/2752/2993 2006/2758/2993 2002/2748/2993
f 2006/2758/2994 1624/2108/2994 2002/2748/2994
f 1932/2759/2995 1624/2108/2995 2006/2758/2995
f 1932/2759/2996 2006/2758/2996 1936/2754/2996
f 1932/2759/2997 1936/2754/2997 1935/2760/2997
f 2783/2761/2998 1932/2759/2998 1935/2760/2998
f 2783/2761/2998 1935/2760/2998 2784/2762/2998
f 2784/2762/2999 1916/2763/2999 2785/2764/2999
f 2774/2765/3000 2785/2764/3000 1916/2763/3000
f 2773/2738/3001 2774/2765/3001 1916/2763/3001
f 2779/2766/3002 1923/2767/3002 2780/2768/3002
f 2788/2769/3003 2780/2768/3003 1923/2767/3003
f 2788/2769/3004 1923/2767/3004 1925/2770/3004
f 2788/2769/3004 1925/2770/3004 2787/2771/3004
f 2781/2772/3005 2786/2773/3005 1934/2774/3005
f 2781/2772/3006 1934/2774/3006 1932/2775/3006
f 1934/2774/3007 1933/2776/3007 1932/2775/3007
f 1933/2776/3008 1929/2777/3008 1932/2775/3008
f 1932/2775/3009 1929/2777/3009 1931/2778/3009
f 1932/2775/3010 1931/2778/3010 1626/2779/3010
f 1929/2777/3011 1930/2780/3011 1931/2778/3011
f 1930/2780/3012 1967/2781/3012 1931/2778/3012
f 1931/2778/3013 1967/2781/3013 1968/2782/3013
f 1931/2778/3014 1968/2782/3014 1971/2783/3014
f 1627/2784/3015 1931/2778/3015 1971/2783/3015
f 1970/2785/3016 1627/2115/3016 1971/2786/3016
f 1972/2787/3017 1627/2115/3017 1970/2785/3017
f 1961/2788/3018 1972/2789/3018 1970/2790/3018
f 1970/2791/3019 1973/2792/3019 1961/2793/3019
f 1973/2794/3020 1962/2795/3020 1961/2796/3020
f 1961/2796/3021 1962/2795/3021 1948/2731/3021
f 1948/2731/3022 1962/2795/3022 1963/2797/3022
f 1928/2798/3023 1948/2799/3023 1963/2800/3023
f 1928/2798/3024 1963/2800/3024 1964/2801/3024
f 1928/2798/3025 1964/2801/3025 1930/2780/3025
f 1964/2801/3026 1963/2800/3026 1965/2802/3026
f 1964/2801/3027 1965/2802/3027 1966/2803/3027
f 1964/2801/3028 1966/2803/3028 1967/2781/3028
f 1965/2802/3029 1969/2804/3029 1966/2803/3029
f 1968/2782/3030 1966/2803/3030 1969/2804/3030
f 1968/2782/3031 1969/2804/3031 1970/2805/3031
f 1965/2802/3032 1974/2806/3032 1969/2804/3032
f 1969/2804/3033 1974/2806/3033 1973/2807/3033
f 1965/2802/3034 1962/2808/3034 1974/2806/3034
f 1965/2802/3035 1963/2800/3035 1962/2808/3035
f 1973/2794/3036 1974/2809/3036 1962/2795/3036
f 1973/2792/3037 1970/2791/3037 1969/2810/3037
f 1972/2789/3038 1961/2788/3038 1635/2131/3038
f 1635/2131/3039 1961/2788/3039 1954/2811/3039
f 1635/2131/3040 1954/2811/3040 1960/2812/3040
f 1954/2813/3041 1958/2814/3041 1960/2815/3041
f 1960/2815/3042 1958/2814/3042 1636/2816/3042
f 1958/2814/3043 1959/2817/3043 1636/2816/3043
f 1636/2816/3044 1959/2817/3044 1975/2818/3044
f 1959/2817/3045 1976/2819/3045 1975/2818/3045
f 1976/2819/3046 1977/2820/3046 1975/2818/3046
f 1975/2818/3047 1977/2820/3047 1658/2162/3047
f 1978/2821/3048 1975/2822/3048 1658/2823/3048
f 1638/2136/3049 1975/2822/3049 1978/2821/3049
f 1638/2136/3050 1978/2821/3050 1979/2824/3050
f 1979/2824/3051 1978/2821/3051 1657/2159/3051
f 1658/2162/3052 1977/2820/3052 1980/2825/3052
f 1980/2825/3053 1977/2820/3053 1981/2826/3053
f 1982/2827/3054 1980/2825/3054 1981/2826/3054
f 1981/2826/3055 1827/2439/3055 1982/2827/3055
f 1981/2826/3056 1983/2828/3056 1827/2439/3056
f 1827/2439/3057 1983/2828/3057 1984/2829/3057
f 1827/2439/3058 1984/2829/3058 1830/2830/3058
f 1981/2826/3059 1984/2829/3059 1983/2828/3059
f 1659/2163/3060 1980/2825/3060 1982/2827/3060
f 1985/2831/3061 1659/2163/3061 1982/2827/3061
f 1982/2827/3062 1826/2437/3062 1985/2831/3062
f 1985/2831/3063 1826/2437/3063 1661/2166/3063
f 1981/2826/3064 1977/2820/3064 1984/2829/3064
f 1984/2829/3065 1977/2820/3065 1831/2832/3065
f 1831/2833/3066 1977/2834/3066 1986/2835/3066
f 1976/2819/3067 1986/2836/3067 1977/2820/3067
f 1976/2819/3068 1987/2837/3068 1986/2836/3068
f 1987/2838/3069 1988/2839/3069 1986/2835/3069
f 1832/2448/3070 1986/2835/3070 1988/2839/3070
f 1988/2839/3071 1987/2838/3071 1989/2840/3071
f 1988/2839/3072 1989/2840/3072 1836/2451/3072
f 1989/2840/3073 1990/2841/3073 1836/2451/3073
f 1836/2451/3074 1990/2841/3074 1991/2842/3074
f 1990/2841/3075 2027/2843/3075 1991/2842/3075
f 2027/2843/3076 2030/2844/3076 1991/2842/3076
f 1991/2842/3077 2030/2844/3077 1993/2845/3077
f 1992/2709/3078 1991/2842/3078 1993/2845/3078
f 1994/2710/3079 1993/2845/3079 2030/2844/3079
f 2027/2843/3080 2029/2846/3080 2030/2844/3080
f 2029/2846/3081 2031/2847/3081 2030/2844/3081
f 2031/2847/3082 2032/2848/3082 2030/2844/3082
f 2032/2848/3083 2033/2849/3083 2030/2844/3083
f 2030/2844/3084 2033/2849/3084 1996/2712/3084
f 2013/2850/3085 1996/2851/3085 2033/2852/3085
f 2013/2850/3086 2033/2852/3086 2034/2853/3086
f 2015/2854/3087 2013/2850/3087 2034/2853/3087
f 2015/2854/3088 2034/2853/3088 2032/2855/3088
f 2018/2856/3089 2015/2857/3089 2032/2848/3089
f 2018/2856/3090 2016/2858/3090 2015/2857/3090
f 2014/2859/3091 2015/2854/3091 2016/2860/3091
f 2016/2858/3092 2017/2861/3092 2014/2862/3092
f 2014/2862/3093 2017/2861/3093 1953/2863/3093
f 1956/2864/3094 1953/2865/3094 2017/2866/3094
f 1956/2864/3095 2017/2866/3095 2023/2867/3095
f 1956/2864/3096 2023/2867/3096 1959/2817/3096
f 1959/2817/3097 1957/2868/3097 1956/2864/3097
f 1955/2869/3098 1956/2864/3098 1957/2868/3098
f 1958/2814/3099 1955/2869/3099 1957/2868/3099
f 2023/2867/3100 2025/2870/3100 1959/2817/3100
f 2025/2870/3101 1987/2837/3101 1959/2817/3101
f 2025/2870/3102 2022/2871/3102 1987/2837/3102
f 2024/2872/3103 2022/2871/3103 2025/2870/3103
f 2023/2867/3104 2022/2871/3104 2024/2872/3104
f 2023/2867/3105 2019/2873/3105 2022/2871/3105
f 2019/2874/3106 2021/2875/3106 2022/2876/3106
f 2022/2876/3107 2021/2875/3107 2026/2877/3107
f 2022/2876/3108 2026/2877/3108 1989/2840/3108
f 2026/2877/3109 2027/2843/3109 1989/2840/3109
f 1989/2840/3110 2027/2843/3110 2028/2878/3110
f 2026/2877/3111 2021/2875/3111 2029/2846/3111
f 2019/2874/3112 2020/2879/3112 2021/2875/3112
f 2021/2875/3113 2020/2879/3113 2031/2847/3113
f 2018/2856/3114 2031/2847/3114 2020/2879/3114
f 2018/2856/3115 2020/2879/3115 2019/2874/3115
f 2019/2873/3116 2017/2866/3116 2018/2880/3116
f 2024/2872/3117 2025/2870/3117 2023/2867/3117
f 2017/2866/3118 2019/2873/3118 2023/2867/3118
f 1955/2869/3119 1953/2865/3119 1956/2864/3119
f 2018/2856/3120 2017/2861/3120 2016/2858/3120
f 2014/2859/3121 2013/2850/3121 2015/2854/3121
f 1952/2725/3122 2013/2850/3122 2014/2859/3122
f 1952/2725/3123 1996/2851/3123 2013/2850/3123
f 2012/2881/3124 1996/2851/3124 1952/2725/3124
f 2012/2881/3125 2011/2882/3125 1996/2851/3125
f 2010/2722/3126 2011/2882/3126 2012/2881/3126
f 2010/2722/3127 2008/2883/3127 2011/2882/3127
f 2008/2884/3128 2035/2885/3128 2011/2886/3128
f 2011/2886/3129 2035/2885/3129 1997/2713/3129
f 2008/2884/3130 1997/2713/3130 2035/2885/3130
f 2034/2887/3131 2033/2849/3131 2032/2848/3131
f 2018/2856/3132 2032/2848/3132 2031/2847/3132
f 2021/2875/3133 2031/2847/3133 2029/2846/3133
f 2026/2877/3134 2029/2846/3134 2027/2843/3134
f 2028/2878/3135 2027/2843/3135 1990/2841/3135
f 2028/2878/3136 1990/2841/3136 1989/2840/3136
f 2022/2876/3137 1989/2840/3137 1987/2838/3137
f 1959/2817/3138 1987/2837/3138 1976/2819/3138
f 1958/2814/3139 1957/2868/3139 1959/2817/3139
f 1954/2813/3140 1955/2869/3140 1958/2814/3140
f 1968/2782/3141 1970/2805/3141 1971/2783/3141
f 1968/2782/3142 1967/2781/3142 1966/2803/3142
f 1930/2780/3143 1964/2801/3143 1967/2781/3143
f 1929/2777/3144 1928/2798/3144 1930/2780/3144
f 1929/2777/3145 1927/2888/3145 1928/2798/3145
f 1927/2888/3146 1926/2889/3146 1928/2798/3146
f 1927/2888/3147 1925/2770/3147 1926/2889/3147
f 1925/2770/3148 1921/2890/3148 1926/2889/3148
f 2036/2891/3149 1925/2770/3149 1927/2888/3149
f 2036/2891/3150 1927/2888/3150 1933/2776/3150
f 1934/2774/3151 1925/2770/3151 2036/2891/3151
f 1933/2776/3152 1927/2888/3152 1929/2777/3152
f 1934/2774/3153 2036/2891/3153 1933/2776/3153
f 2781/2772/3154 1932/2775/3154 2782/2892/3154
f 2787/2771/3155 1934/2774/3155 2786/2773/3155
f 2787/2771/3155 1925/2770/3155 1934/2774/3155
f 1925/2770/3156 1923/2767/3156 1921/2890/3156
f 1924/2893/3157 1921/2890/3157 1923/2767/3157
f 1923/2767/3158 1922/2894/3158 1924/2893/3158
f 1924/2893/3159 1922/2894/3159 1921/2890/3159
f 1919/2735/3160 1921/2895/3160 1922/2896/3160
f 2778/2897/3161 1919/2735/3161 1922/2896/3161
f 2779/2766/3002 1922/2894/3002 1923/2767/3002
f 2778/2897/3161 1922/2896/3161 2779/2898/3161
f 2784/2762/3162 1935/2760/3162 1916/2763/3162
f 1916/2763/3163 1935/2760/3163 1917/2739/3163
f 2783/2899/3164 2782/2892/3164 1932/2775/3164
f 1917/2739/3165 1935/2760/3165 1936/2754/3165
f 1938/2753/3166 2004/2751/3166 1941/2750/3166
f 1942/2757/3167 1941/2750/3167 2001/2747/3167
f 2003/2749/3168 2005/2752/3168 2002/2748/3168
f 1999/2716/3169 2000/2745/3169 1623/2107/3169
f 1942/2757/3170 2001/2747/3170 2007/2746/3170
f 1944/2744/3171 1942/2757/3171 2007/2746/3171
f 1943/2743/3172 1942/2757/3172 1944/2744/3172
f 1943/2743/3173 1946/2742/3173 1939/2755/3173
f 1946/2742/3174 1937/2741/3174 1939/2755/3174
f 1917/2739/3175 1936/2754/3175 1937/2741/3175
f 2773/2738/3176 1916/2763/3176 1917/2739/3176
f 2778/2897/3177 2777/2737/3177 1919/2735/3177
f 2775/2740/3178 1918/2733/3178 2776/2736/3178
f 1919/2735/3179 1920/2734/3179 1921/2895/3179
f 1926/2889/3180 1921/2890/3180 1920/2900/3180
f 1928/2798/3181 1926/2889/3181 1948/2799/3181
f 1961/2796/3182 1948/2731/3182 1954/2730/3182
f 1955/2869/3183 1954/2813/3183 1953/2865/3183
f 1953/2726/3184 1952/2725/3184 2014/2859/3184
f 1952/2725/3185 1951/2723/3185 2012/2881/3185
f 2010/2722/3186 2012/2881/3186 1951/2723/3186
f 2009/2721/3187 2008/2883/3187 2010/2722/3187
f 2009/2721/3188 1998/2715/3188 2008/2883/3188
f 1949/2724/3189 1947/2719/3189 1950/2720/3189
f 1945/2718/3190 1947/2719/3190 1918/2733/3190
f 1945/2718/3191 2000/2745/3191 1999/2716/3191
f 1998/2714/3192 1997/2713/3192 2008/2884/3192
f 1996/2851/3193 2011/2882/3193 1997/2901/3193
f 1994/2710/3194 2030/2844/3194 1996/2712/3194
f 1992/2709/3195 1993/2845/3195 1994/2710/3195
f 1992/2709/3196 1836/2451/3196 1991/2842/3196
f 1835/2449/3197 1988/2839/3197 1836/2451/3197
f 1832/2448/3198 1988/2839/3198 1835/2449/3198
f 2110/2707/3199 1833/2446/3199 1834/2447/3199
f 1545/2009/3200 1833/2446/3200 2110/2707/3200
f 1545/2009/3201 1541/2005/3201 1833/2446/3201
f 1831/2833/3202 1986/2835/3202 1832/2448/3202
f 1831/2444/3203 1830/2443/3203 1984/2902/3203
f 1830/2443/3204 1828/2441/3204 1827/2440/3204
f 1982/2827/3205 1827/2439/3205 1826/2437/3205
f 1670/2177/3206 1662/2170/3206 1664/2169/3206
f 1670/2177/3207 1199/1558/3207 1662/2170/3207
f 1661/2166/3208 1826/2437/3208 1663/2168/3208
f 1985/2831/3209 1661/2166/3209 1660/2164/3209
f 1659/2163/3210 1985/2831/3210 1660/2164/3210
f 1658/2162/3211 1980/2825/3211 1659/2163/3211
f 1978/2821/3212 1658/2823/3212 1657/2159/3212
f 1979/2824/3213 1657/2159/3213 1644/2142/3213
f 1979/2824/3214 1644/2142/3214 1640/2138/3214
f 1641/2139/3215 1169/1520/3215 1639/2137/3215
f 1640/2138/3216 1638/2136/3216 1979/2824/3216
f 1169/1520/3217 1637/2135/3217 1639/2137/3217
f 1638/2136/3218 1636/2134/3218 1975/2822/3218
f 1164/1515/3219 1637/2135/3219 1169/1520/3219
f 1960/2815/3220 1636/2816/3220 1635/2903/3220
f 1972/2789/3221 1635/2131/3221 1630/2119/3221
f 1972/2789/3222 1630/2119/3222 1628/2117/3222
f 1628/2116/3223 1627/2115/3223 1972/2787/3223
f 1626/2779/3224 1931/2778/3224 1627/2784/3224
f 1932/2759/3225 1626/2113/3225 1624/2108/3225
f 1625/2110/3226 1629/2118/3226 1622/2111/3226
f 1623/2107/3227 2002/2748/3227 1624/2108/3227
f 1999/2716/3228 1623/2107/3228 1621/2904/3228
f 777/2905/3229 1619/2102/3229 1622/2105/3229
f 1621/2104/3230 1620/2103/3230 1999/2906/3230
f 1620/2103/3231 1618/2100/3231 1995/2711/3231
f 1617/2099/3232 1837/2452/3232 1618/2100/3232
f 1617/2098/3233 1616/2097/3233 1839/2454/3233
f 1614/2095/3234 1896/2524/3234 1616/2097/3234
f 1614/2095/3235 1613/2094/3235 1885/2513/3235
f 1884/2512/3236 1613/2094/3236 1611/2092/3236
f 1611/2092/3237 1610/2091/3237 1884/2512/3237
f 1609/2090/3238 1601/2076/3238 1610/2091/3238
f 1602/2077/3239 1609/2090/3239 1606/2088/3239
f 2111/2907/3240 1600/2073/3240 1603/2078/3240
f 2111/2907/3241 1603/2078/3241 1581/2054/3241
f 1602/2077/3242 1601/2076/3242 1609/2090/3242
f 1598/2705/3243 1610/2091/3243 1601/2076/3243
f 2111/2907/3244 1599/2072/3244 1600/2073/3244
f 1583/2056/3245 1599/2072/3245 2111/2907/3245
f 1583/2056/3246 1594/2067/3246 1599/2072/3246
f 1598/2071/3247 1597/2070/3247 1898/2528/3247
f 1595/2068/3248 1899/2529/3248 1597/2070/3248
f 1599/2072/3249 1594/2067/3249 1596/2069/3249
f 1593/2066/3250 2038/2564/3250 1595/2068/3250
f 1592/2065/3251 2038/2564/3251 1593/2066/3251
f 2789/2559/3252 1592/2065/3252 1591/2064/3252
f 1913/2546/3253 1591/2064/3253 1590/2063/3253
f 1589/2062/3254 1584/2057/3254 1588/2061/3254
f 1587/2060/3255 1586/2059/3255 1590/2063/3255
f 1588/2061/3256 1584/2057/3256 1585/2058/3256
f 1594/2067/3257 1583/2056/3257 1584/2057/3257
f 1583/2056/3258 2111/2907/3258 1581/2054/3258
f 1586/2059/3259 1582/2055/3259 1579/2052/3259
f 1581/2054/3260 1603/2078/3260 1580/2053/3260
f 1580/2053/3261 1605/2084/3261 1577/2048/3261
f 1578/2051/3262 1911/2544/3262 1579/2052/3262
f 1578/2051/3263 1576/2050/3263 1910/2543/3263
f 1577/2048/3264 1605/2084/3264 1575/2049/3264
f 1875/2499/3265 1576/2047/3265 1573/2044/3265
f 1604/2082/3266 1574/2045/3266 1575/2046/3266
f 1574/2045/3267 1607/2086/3267 1572/2041/3267
f 1874/2498/3268 1573/2044/3268 1570/2043/3268
f 1572/2041/3269 1607/2086/3269 1571/2042/3269
f 1569/2490/3270 1868/2489/3270 1570/2494/3270
f 1567/2486/3271 1865/2485/3271 1569/2490/3271
f 1571/2040/3272 1565/2034/3272 1568/2037/3272
f 1571/2040/3273 771/1020/3273 1565/2034/3273
f 1566/2035/3274 1862/2480/3274 1567/2036/3274
f 1564/2033/3275 1861/2479/3275 1566/2035/3275
f 1564/2033/3276 1563/2032/3276 1861/2479/3276
f 1561/2030/3277 1860/2478/3277 1563/2032/3277
f 1858/2475/3278 1561/2030/3278 1560/2029/3278
f 1558/2025/3279 1856/2472/3279 1560/2473/3279
f 1856/2472/3280 1558/2025/3280 1556/2023/3280
f 757/2026/3281 1554/2020/3281 1557/2024/3281
f 1556/2023/3282 1555/2022/3282 1854/2470/3282
f 1553/2019/3283 1849/2465/3283 1555/2022/3283
f 1849/2465/3284 1553/2019/3284 1552/2018/3284
f 1550/2016/3285 1846/2462/3285 1552/2018/3285
f 1550/2016/3286 1548/2014/3286 1843/2459/3286
f 1549/2015/3287 1551/2017/3287 1544/2013/3287
f 1547/2012/3288 1840/2456/3288 1548/2014/3288
f 1838/2455/3289 1547/2012/3289 1546/2011/3289
f 1546/2010/3290 1545/2009/3290 2110/2707/3290
f 1545/2009/3291 1542/2006/3291 1541/2005/3291
f 1829/2442/3292 1541/2005/3292 1539/2003/3292
f 1543/2007/3293 752/999/3293 1540/2004/3293
f 1665/2436/3294 1539/2003/3294 1538/2002/3294
f 1665/2436/3295 1538/2002/3295 1537/2001/3295
f 1537/2001/3296 1535/1999/3296 1533/1997/3296
f 1530/1994/3297 1533/1997/3297 1531/1995/3297
f 1529/1991/3298 1673/2180/3298 1530/1992/3298
f 1528/1988/3299 1515/1971/3299 1527/1987/3299
f 1526/1984/3300 1525/1983/3300 1529/1989/3300
f 1674/2182/3301 1525/1983/3301 1524/1982/3301
f 1522/1980/3302 1677/2186/3302 1524/1982/3302
f 1522/1980/3303 1521/1978/3303 1679/2188/3303
f 1519/1977/3304 1681/2190/3304 1521/1978/3304
f 1523/1986/3305 1516/1972/3305 1520/1976/3305
f 1519/1975/3306 1518/1974/3306 1517/1973/3306
f 1516/1972/3307 1527/1987/3307 1515/1971/3307
f 1513/1969/3308 1517/1973/3308 1514/1970/3308
f 1511/1965/3309 1693/2206/3309 1513/1969/3309
f 1510/2207/3310 1693/2206/3310 1511/1965/3310
f 1509/1961/3311 1691/2203/3311 1510/1963/3311
f 2112/2908/3312 1509/1961/3312 1508/1960/3312
f 1508/1958/3313 2113/2909/3313 2112/2910/3313
f 2112/2910/3314 2113/2909/3314 2114/2911/3314
f 2114/2912/3315 2115/2913/3315 2112/2908/3315
f 2114/2912/3316 1324/1727/3316 2115/2913/3316
f 2115/2913/3317 1324/1727/3317 1509/1961/3317
f 2113/2909/3318 2116/2914/3318 2114/2911/3318
f 2114/2911/3319 2116/2914/3319 2117/2915/3319
f 2117/2915/3320 2118/2916/3320 2114/2911/3320
f 2118/2917/3321 1326/1731/3321 2114/2918/3321
f 2117/2915/3322 1439/1879/3322 2118/2916/3322
f 2116/2914/3323 2119/2919/3323 2117/2915/3323
f 2117/2915/3324 2119/2919/3324 1452/1889/3324
f 1452/1889/3325 2119/2919/3325 2120/2920/3325
f 2119/2919/3326 2121/2921/3326 2120/2920/3326
f 2121/2921/3327 2122/2922/3327 2120/2920/3327
f 2123/2923/3328 2120/2920/3328 2122/2922/3328
f 2124/2924/3329 2123/2923/3329 2122/2922/3329
f 2124/2924/3330 2122/2922/3330 2125/2925/3330
f 1455/1892/3331 2124/2924/3331 2125/2925/3331
f 2126/2926/3332 2125/2925/3332 2122/2922/3332
f 2127/2927/3333 2126/2926/3333 2122/2922/3333
f 2127/2927/3334 2122/2922/3334 2128/2928/3334
f 2127/2927/3335 2128/2928/3335 2129/2929/3335
f 2129/2930/3336 1501/1950/3336 2127/2931/3336
f 1501/2932/3337 1492/1939/3337 2127/2933/3337
f 2130/2934/3338 1501/1950/3338 2129/2930/3338
f 2129/2929/3339 2131/2935/3339 2130/2936/3339
f 2130/2936/3340 2131/2935/3340 2132/2937/3340
f 2130/2936/3341 2132/2937/3341 1507/1957/3341
f 1507/1956/3342 1502/1951/3342 2130/2934/3342
f 2132/2937/3343 2131/2935/3343 2121/2921/3343
f 2116/2914/3344 2132/2937/3344 2121/2921/3344
f 2131/2935/3345 2128/2928/3345 2121/2921/3345
f 2129/2929/3346 2128/2928/3346 2131/2935/3346
f 2133/2938/3347 2126/2926/3347 2127/2927/3347
f 2127/2933/3348 1490/1937/3348 2133/2939/3348
f 2133/2938/3349 2125/2925/3349 2126/2926/3349
f 1485/2940/3350 2125/2925/3350 2133/2938/3350
f 1458/1895/3351 2125/2925/3351 1485/2940/3351
f 1458/1895/3352 1485/2940/3352 2134/2941/3352
f 2135/2942/3353 1458/1898/3353 2134/2943/3353
f 1483/2944/3354 2135/2945/3354 2134/2946/3354
f 1475/1918/3355 2135/2945/3355 1483/2944/3355
f 1475/1918/3356 2136/2947/3356 2135/2945/3356
f 1460/1899/3357 2135/2942/3357 2136/2948/3357
f 1475/1918/3358 2137/2949/3358 2136/2947/3358
f 2137/2950/3359 2138/2951/3359 2136/2952/3359
f 1461/1900/3360 2136/2948/3360 2138/2953/3360
f 1465/1904/3361 1461/1900/3361 2138/2953/3361
f 1465/1904/3362 2138/2953/3362 2139/2954/3362
f 2139/2954/3363 2138/2953/3363 2140/2955/3363
f 2139/2954/3364 2140/2955/3364 2141/2956/3364
f 2139/2954/3365 2141/2956/3365 2142/2957/3365
f 2139/2954/3366 2142/2957/3366 2143/2958/3366
f 2139/2954/3367 2143/2958/3367 1467/1906/3367
f 1467/1906/3368 2143/2958/3368 2144/2959/3368
f 1470/1911/3369 2144/2959/3369 2143/2958/3369
f 2143/2958/3370 2142/2957/3370 2145/2960/3370
f 1471/1913/3371 2143/2958/3371 2145/2960/3371
f 2141/2956/3372 2145/2960/3372 2142/2957/3372
f 2141/2956/3373 2146/2961/3373 2145/2960/3373
f 2145/2960/3374 2146/2961/3374 2147/2962/3374
f 2148/2963/3375 2145/2960/3375 2147/2962/3375
f 2148/2963/3376 2147/2962/3376 2149/2964/3376
f 2150/2965/3377 2149/2964/3377 2147/2962/3377
f 2147/2966/3378 2151/2967/3378 2150/2968/3378
f 2151/2967/3379 2152/2969/3379 2150/2968/3379
f 2152/2969/3380 2153/2970/3380 2150/2968/3380
f 2154/2971/3381 2153/2970/3381 2152/2969/3381
f 2154/2971/3382 2152/2969/3382 2155/2972/3382
f 2156/2973/3383 2154/2971/3383 2155/2972/3383
f 2156/2973/3384 2155/2972/3384 2157/2974/3384
f 2157/2975/3385 2158/2976/3385 2156/2977/3385
f 2156/2977/3386 2158/2976/3386 2159/2978/3386
f 2159/2979/3387 2160/2980/3387 2156/2973/3387
f 2161/2981/3388 2160/2980/3388 2159/2979/3388
f 2161/2981/3389 2159/2979/3389 2162/2982/3389
f 2163/2983/3390 2161/2984/3390 2162/2985/3390
f 2163/2983/3391 2162/2985/3391 2164/2986/3391
f 2163/2983/3392 2164/2986/3392 2165/2987/3392
f 2163/2983/3393 2165/2987/3393 2166/2988/3393
f 2163/2983/3394 2166/2988/3394 2167/2989/3394
f 2167/2989/3395 2166/2988/3395 2168/2990/3395
f 2169/2991/3396 2167/2992/3396 2168/2993/3396
f 2169/2991/3397 2168/2993/3397 2170/2994/3397
f 2169/2991/3398 2170/2994/3398 2171/2995/3398
f 2169/2996/3399 2171/2997/3399 2172/2998/3399
f 2169/2991/3400 2172/2999/3400 2161/3000/3400
f 2172/3001/3401 2173/3002/3401 2161/3003/3401
f 2174/3004/3402 2173/3002/3402 2172/3001/3402
f 2174/3004/3403 2175/3005/3403 2173/3002/3403
f 2173/3006/3404 2175/3007/3404 2160/2980/3404
f 2160/2980/3405 2175/3007/3405 2154/2971/3405
f 2174/3008/3406 2176/3009/3406 2175/3010/3406
f 2175/3010/3407 2176/3009/3407 2153/3011/3407
f 2177/3012/3408 2153/3013/3408 2176/3014/3408
f 2177/3012/3409 2176/3014/3409 2157/3015/3409
f 2177/3012/3410 2157/3015/3410 2178/3016/3410
f 2177/3012/3411 2178/3016/3411 2147/3017/3411
f 2176/3009/3412 2171/3018/3412 2157/3019/3412
f 2153/3013/3413 2177/3012/3413 2179/3020/3413
f 2180/3021/3414 2153/3022/3414 2179/3023/3414
f 2180/3021/3415 2179/3023/3415 2137/3024/3415
f 2180/3021/3416 2137/3024/3416 2181/3025/3416
f 2180/3021/3417 2181/3025/3417 2146/3026/3417
f 2180/3021/3418 2146/3026/3418 2182/3027/3418
f 1474/3028/3419 2180/3021/3419 2182/3027/3419
f 2180/3021/3420 1474/3028/3420 2183/3029/3420
f 2180/3021/3421 2183/3029/3421 2149/3030/3421
f 2183/3031/3422 2145/2960/3422 2149/2964/3422
f 1472/1914/3423 2145/2960/3423 2183/3031/3423
f 2182/3027/3424 2146/3026/3424 2140/3032/3424
f 2182/3027/3425 2140/3032/3425 2179/3033/3425
f 2181/3025/3426 2182/3034/3426 2179/3035/3426
f 2146/3026/3427 2181/3025/3427 2177/3036/3427
f 2181/3025/3428 2137/3024/3428 2182/3034/3428
f 2179/3033/3429 2140/3032/3429 2137/2950/3429
f 2180/3021/3430 2149/3030/3430 2153/3022/3430
f 2181/3025/3431 2179/3035/3431 2177/3036/3431
f 2176/3009/3432 2174/3008/3432 2171/3018/3432
f 2174/3004/3433 2172/3001/3433 2171/3037/3433
f 2158/2976/3434 2171/3038/3434 2170/3039/3434
f 2170/3040/3435 2184/3041/3435 2158/3042/3435
f 2162/3043/3436 2184/3041/3436 2170/3040/3436
f 2185/3044/3437 2162/3045/3437 2170/3046/3437
f 2185/3044/3438 2170/3046/3438 2186/3047/3438
f 2166/3048/3439 2185/3044/3439 2186/3047/3439
f 2170/2994/3440 2168/2993/3440 2186/3049/3440
f 2169/2991/3441 2161/3000/3441 2167/2992/3441
f 2166/3048/3442 2186/3047/3442 2168/3050/3442
f 2165/3051/3443 2185/3044/3443 2166/3048/3443
f 2164/3052/3444 2185/3044/3444 2165/3051/3444
f 2164/3052/3445 2162/3045/3445 2185/3044/3445
f 2163/2983/3446 2167/2989/3446 2161/2984/3446
f 2162/3043/3447 2159/3053/3447 2184/3041/3447
f 2173/3006/3448 2160/2980/3448 2161/2981/3448
f 2159/2978/3449 2158/2976/3449 2184/3054/3449
f 2158/2976/3450 2157/2975/3450 2171/3038/3450
f 2157/2974/3451 2155/2972/3451 2178/3055/3451
f 2155/2972/3452 2187/3056/3452 2178/3055/3452
f 2178/3055/3453 2187/3056/3453 2151/2967/3453
f 2151/2967/3454 2187/3056/3454 2188/3057/3454
f 2187/3056/3455 2189/3058/3455 2188/3057/3455
f 2189/3058/3456 2152/2969/3456 2188/3057/3456
f 2155/2972/3457 2189/3058/3457 2187/3056/3457
f 2160/2980/3458 2154/2971/3458 2156/2973/3458
f 2155/2972/3459 2152/2969/3459 2189/3058/3459
f 2154/2971/3460 2175/3007/3460 2153/2970/3460
f 2151/2967/3461 2188/3057/3461 2152/2969/3461
f 2178/3055/3462 2151/2967/3462 2147/2966/3462
f 2150/2968/3463 2153/2970/3463 2149/3059/3463
f 2149/2964/3464 2145/2960/3464 2148/2963/3464
f 2146/3026/3465 2177/3036/3465 2147/3060/3465
f 2141/2956/3466 2140/2955/3466 2146/2961/3466
f 2137/2950/3467 2140/3032/3467 2138/2951/3467
f 1475/1918/3468 2182/3061/3468 2137/2949/3468
f 2124/2924/3469 1453/1890/3469 2123/2923/3469
f 2123/2923/3470 1453/1890/3470 2120/2920/3470
f 2122/2922/3471 2121/2921/3471 2128/2928/3471
f 2116/2914/3472 2121/2921/3472 2119/2919/3472
f 2113/2909/3473 2132/2937/3473 2116/2914/3473
f 1508/1958/3474 2132/2937/3474 2113/2909/3474
f 2112/2908/3475 2115/2913/3475 1509/1961/3475
f 1507/1957/3476 2132/2937/3476 1508/1958/3476
f 740/978/3477 1505/1954/3477 1506/1955/3477
f 1507/1956/3478 1504/1953/3478 1502/1951/3478
f 2130/2934/3479 1502/1951/3479 1501/1950/3479
f 1500/1949/3480 1503/1952/3480 1495/1944/3480
f 1495/1944/3481 1503/1952/3481 731/969/3481
f 1503/1952/3482 734/972/3482 731/969/3482
f 1494/1941/3483 1492/1939/3483 1501/2932/3483
f 2127/2933/3484 1492/1939/3484 1490/1937/3484
f 2133/2939/3485 1490/1937/3485 1486/1933/3485
f 2133/2939/3486 1486/1933/3486 1485/1932/3486
f 1485/1931/3487 1484/1930/3487 2134/3062/3487
f 2134/3062/3488 1484/1930/3488 1483/1929/3488
f 1483/1929/3489 1482/1927/3489 1475/1919/3489
f 1481/1926/3490 1487/1934/3490 1480/1925/3490
f 1482/1927/3491 1479/1923/3491 1477/1921/3491
f 1482/1927/3492 1477/1921/3492 1475/1919/3492
f 1475/1918/3493 1474/1917/3493 2182/3061/3493
f 1472/1914/3494 2183/3031/3494 1474/3063/3494
f 1472/1914/3495 1471/1913/3495 2145/2960/3495
f 1470/1911/3496 2143/2958/3496 1471/1913/3496
f 1467/1906/3497 2144/2959/3497 1470/1911/3497
f 1473/1915/3498 1468/1909/3498 1469/1908/3498
f 1468/1907/3499 1476/1920/3499 1466/1905/3499
f 1465/1904/3500 2139/2954/3500 1467/1906/3500
f 1466/1905/3501 1478/1922/3501 1464/1903/3501
f 1464/1903/3502 1478/1922/3502 1463/1902/3502
f 1465/1904/3503 1462/1901/3503 1461/1900/3503
f 1460/1899/3504 2136/2948/3504 1461/1900/3504
f 1460/1899/3505 1458/1898/3505 2135/2942/3505
f 1463/1902/3506 1457/1897/3506 1459/1896/3506
f 1455/1892/3507 2125/2925/3507 1458/1895/3507
f 1457/1894/3508 1480/1925/3508 1456/1893/3508
f 1456/1893/3509 1489/1936/3509 1454/1891/3509
f 1489/1936/3510 1449/1886/3510 1454/1891/3510
f 1455/1892/3511 1453/1890/3511 2124/2924/3511
f 2120/2920/3512 1453/1890/3512 1452/1889/3512
f 1452/1889/3513 1450/1887/3513 2117/2915/3513
f 1450/1887/3514 1443/1880/3514 2117/2915/3514
f 1454/1891/3515 1449/1886/3515 1451/1888/3515
f 1489/1936/3516 1448/1885/3516 1449/1886/3516
f 1448/1885/3517 1488/1935/3517 1447/1884/3517
f 1491/1938/3518 1444/1881/3518 1447/1884/3518
f 1446/1883/3519 1445/1882/3519 1450/1887/3519
f 1445/1882/3520 1443/1880/3520 1450/1887/3520
f 1493/1940/3521 1442/1877/3521 1444/1881/3521
f 1443/1880/3522 1439/1879/3522 2117/2915/3522
f 1441/1878/3523 1442/1877/3523 1493/1940/3523
f 1441/1876/3524 1496/1945/3524 1440/1875/3524
f 1439/1873/3525 1327/1732/3525 2118/2917/3525
f 1438/1869/3526 1440/1875/3526 1437/1870/3526
f 721/955/3527 1435/1866/3527 1437/1868/3527
f 2190/3064/3528 1436/1867/3528 1434/1865/3528
f 2191/3065/3529 2190/3064/3529 1434/1865/3529
f 2192/3066/3530 2191/3065/3530 1434/1865/3530
f 2193/3067/3531 2192/3066/3531 1434/1865/3531
f 2194/3068/3532 2193/3067/3532 1434/1865/3532
f 1418/1846/3533 2193/3067/3533 2194/3068/3533
f 1418/1846/3534 2195/3069/3534 2193/3067/3534
f 1342/1749/3535 2193/3067/3535 2195/3069/3535
f 1342/1749/3536 2192/3066/3536 2193/3067/3536
f 1337/1744/3537 2191/3065/3537 2192/3066/3537
f 1339/1746/3538 1337/1744/3538 2192/3066/3538
f 1337/1744/3539 2190/3064/3539 2191/3065/3539
f 2190/3064/3540 1332/1737/3540 1436/1867/3540
f 2194/3068/3541 1434/1865/3541 1433/1864/3541
f 2194/3068/3542 1433/1864/3542 1431/1862/3542
f 1432/1863/3543 1431/1862/3543 1433/1864/3543
f 1418/1846/3544 2194/3068/3544 1431/1862/3544
f 1416/1842/3545 2195/3069/3545 1418/1846/3545
f 1417/1844/3546 1421/1851/3546 1400/1822/3546
f 1416/1842/3547 1415/1841/3547 2195/3069/3547
f 1415/1841/3548 2196/3070/3548 2195/3069/3548
f 2196/3070/3549 1344/1751/3549 2195/3069/3549
f 2197/3071/3550 1344/1751/3550 2196/3070/3550
f 2197/3071/3551 2196/3070/3551 2198/3072/3551
f 2197/3071/3552 2198/3072/3552 1415/1841/3552
f 1415/1841/3553 2198/3072/3553 2196/3070/3553
f 2197/3071/3554 1415/1841/3554 1413/1838/3554
f 2199/3073/3555 2197/3071/3555 1413/1838/3555
f 2199/3073/3556 1345/1752/3556 2197/3071/3556
f 1413/1837/3557 1412/1836/3557 2199/3074/3557
f 2199/3074/3558 1412/1836/3558 2200/3075/3558
f 2199/3074/3559 2200/3075/3559 2201/3076/3559
f 2199/3074/3560 2201/3076/3560 1346/1754/3560
f 2201/3076/3561 2200/3075/3561 2202/3077/3561
f 1347/1755/3562 2201/3076/3562 2202/3077/3562
f 2200/3075/3563 2203/3078/3563 2202/3077/3563
f 2203/3078/3564 2204/3079/3564 2202/3077/3564
f 2204/3079/3565 2205/3080/3565 2202/3077/3565
f 2202/3077/3566 2205/3080/3566 2206/3081/3566
f 2207/3082/3567 2202/3077/3567 2206/3081/3567
f 2207/3082/3568 2206/3081/3568 2208/3083/3568
f 2207/3082/3569 2208/3083/3569 2209/3084/3569
f 1351/1761/3570 2207/3082/3570 2209/3084/3570
f 1351/1761/3571 2209/3084/3571 1355/1765/3571
f 2209/3084/3572 2208/3083/3572 1356/1766/3572
f 2208/3083/3573 2210/3085/3573 1356/1766/3573
f 2210/3085/3574 1362/1773/3574 1356/1766/3574
f 2211/3086/3575 1362/1773/3575 2210/3085/3575
f 2212/3087/3576 2211/3086/3576 2210/3085/3576
f 2213/3088/3577 2211/3086/3577 2212/3087/3577
f 2213/3088/3578 2212/3087/3578 2214/3089/3578
f 2214/3089/3579 2215/3090/3579 2213/3088/3579
f 2216/3091/3580 2213/3088/3580 2215/3090/3580
f 2216/3091/3581 2215/3090/3581 2214/3089/3581
f 2216/3091/3582 2214/3089/3582 2217/3092/3582
f 2218/3093/3583 2216/3091/3583 2217/3092/3583
f 2219/3094/3584 2218/3095/3584 2217/3096/3584
f 2219/3094/3585 2217/3096/3585 2220/3097/3585
f 2219/3094/3586 2220/3097/3586 2221/3098/3586
f 2219/3094/3587 2221/3098/3587 2222/3099/3587
f 2223/3100/3588 2219/3094/3588 2222/3099/3588
f 2224/3101/3589 2223/3100/3589 2222/3099/3589
f 2222/3099/3590 2225/3102/3590 2224/3101/3590
f 2226/3103/3591 2224/3104/3591 2225/3105/3591
f 2227/3106/3592 2226/3107/3592 2225/3108/3592
f 2228/3109/3593 2227/3110/3593 2225/3102/3593
f 2229/3111/3594 2228/3109/3594 2225/3102/3594
f 2230/3112/3595 2228/3109/3595 2229/3111/3595
f 2229/3111/3596 2231/3113/3596 2230/3112/3596
f 2230/3112/3597 2231/3113/3597 2232/3114/3597
f 2230/3112/3598 2232/3114/3598 2233/3115/3598
f 2234/3116/3599 2230/3112/3599 2233/3115/3599
f 2233/3115/3600 2235/3117/3600 2234/3116/3600
f 2235/3117/3601 2236/3118/3601 2234/3116/3601
f 2234/3116/3602 2236/3118/3602 2237/3119/3602
f 2236/3118/3603 2238/3120/3603 2237/3119/3603
f 2239/3121/3604 2237/3119/3604 2238/3120/3604
f 2240/3122/3605 2239/3121/3605 2238/3120/3605
f 2238/3120/3606 2241/3123/3606 2240/3122/3606
f 2242/3124/3607 2240/3122/3607 2241/3123/3607
f 2241/3123/3608 2243/3125/3608 2242/3124/3608
f 2242/3124/3609 2243/3125/3609 2244/3126/3609
f 2242/3124/3610 2244/3126/3610 2245/3127/3610
f 2242/3124/3611 2245/3127/3611 2246/3128/3611
f 2245/3129/3612 2247/3130/3612 2246/3131/3612
f 2246/3131/3613 2247/3130/3613 2248/3132/3613
f 2240/3122/3614 2246/3128/3614 2248/3133/3614
f 2240/3122/3615 2248/3133/3615 2249/3134/3615
f 2240/3122/3616 2249/3134/3616 2250/3135/3616
f 2251/3136/3617 2250/3137/3617 2249/3138/3617
f 2252/3139/3618 2251/3140/3618 2249/3141/3618
f 2253/3142/3619 2252/3143/3619 2249/3144/3619
f 2253/3142/3620 2249/3144/3620 2254/3145/3620
f 2255/3146/3621 2253/3142/3621 2254/3145/3621
f 2256/3147/3622 2255/3146/3622 2254/3145/3622
f 2256/3147/3623 2254/3145/3623 2257/3148/3623
f 2258/3149/3624 2257/3148/3624 2254/3145/3624
f 2247/3130/3625 2258/3149/3625 2254/3145/3625
f 2259/3150/3626 2258/3149/3626 2247/3130/3626
f 2259/3150/3627 2247/3130/3627 2260/3151/3627
f 2261/3152/3628 2259/3150/3628 2260/3151/3628
f 2260/3153/3629 2262/3154/3629 2261/3155/3629
f 2261/3155/3630 2262/3154/3630 2263/3156/3630
f 2262/3154/3631 2264/3157/3631 2263/3156/3631
f 2265/3158/3632 2263/3156/3632 2264/3157/3632
f 2264/3157/3633 2266/3159/3633 2265/3158/3633
f 2267/3160/3634 2265/3158/3634 2266/3159/3634
f 2266/3159/3635 2268/3161/3635 2267/3160/3635
f 2268/3161/3636 2235/3117/3636 2267/3160/3636
f 2268/3161/3637 2266/3159/3637 2238/3120/3637
f 2265/3158/3638 2267/3160/3638 2269/3162/3638
f 2269/3162/3639 2270/3163/3639 2265/3158/3639
f 2270/3163/3640 2269/3162/3640 2271/3164/3640
f 2271/3165/3641 2272/3166/3641 2270/3167/3641
f 2272/3166/3642 2273/3168/3642 2270/3167/3642
f 2270/3167/3643 2273/3168/3643 2259/3150/3643
f 2270/3167/3644 2259/3150/3644 2263/3169/3644
f 2272/3166/3645 2274/3170/3645 2273/3168/3645
f 2274/3170/3646 2258/3149/3646 2273/3168/3646
f 2275/3171/3647 2274/3170/3647 2272/3166/3647
f 2276/3172/3648 2275/3171/3648 2272/3166/3648
f 2277/3173/3649 2276/3172/3649 2272/3166/3649
f 2277/3173/3650 2278/3174/3650 2276/3172/3650
f 2276/3172/3651 2278/3174/3651 2279/3175/3651
f 2276/3172/3652 2279/3175/3652 2280/3176/3652
f 2280/3176/3653 2279/3175/3653 2281/3177/3653
f 2280/3176/3654 2281/3177/3654 2282/3178/3654
f 2280/3176/3655 2282/3178/3655 2283/3179/3655
f 2280/3176/3656 2283/3179/3656 2275/3171/3656
f 2275/3171/3657 2283/3179/3657 2284/3180/3657
f 2284/3180/3658 2285/3181/3658 2275/3171/3658
f 2284/3180/3659 2253/3142/3659 2285/3181/3659
f 2285/3181/3660 2253/3142/3660 2286/3182/3660
f 2285/3181/3661 2286/3182/3661 2287/3183/3661
f 2287/3183/3662 2257/3148/3662 2285/3181/3662
f 2274/3170/3663 2285/3181/3663 2257/3148/3663
f 2287/3183/3664 2286/3182/3664 2257/3148/3664
f 2257/3148/3665 2286/3182/3665 2253/3142/3665
f 2284/3180/3666 2283/3179/3666 2288/3184/3666
f 2288/3184/3667 2289/3185/3667 2284/3180/3667
f 2289/3185/3668 2290/3186/3668 2284/3180/3668
f 2290/3186/3669 2252/3143/3669 2284/3180/3669
f 2290/3186/3670 2291/3187/3670 2252/3143/3670
f 2292/3188/3671 2252/3139/3671 2291/3189/3671
f 2292/3188/3672 2291/3189/3672 2293/3190/3672
f 2292/3188/3673 2293/3190/3673 2294/3191/3673
f 2295/3192/3674 2292/3188/3674 2294/3191/3674
f 2295/3192/3675 2294/3191/3675 2296/3193/3675
f 2297/3194/3676 2295/3192/3676 2296/3193/3676
f 2296/3193/3677 2298/3195/3677 2297/3194/3677
f 2297/3194/3678 2298/3195/3678 2299/3196/3678
f 2297/3194/3679 2299/3196/3679 2300/3197/3679
f 2300/3197/3680 2301/3198/3680 2297/3194/3680
f 2302/3199/3681 2301/3198/3681 2300/3197/3681
f 2303/3200/3682 2302/3201/3682 2300/3202/3682
f 2304/3203/3683 2303/3200/3683 2300/3202/3683
f 2304/3203/3684 2300/3202/3684 2305/3204/3684
f 2306/3205/3685 2304/3203/3685 2305/3204/3685
f 2227/3106/3686 2306/3205/3686 2305/3204/3686
f 2307/3206/3687 2306/3205/3687 2227/3106/3687
f 2307/3206/3688 2304/3203/3688 2306/3205/3688
f 2300/3197/3689 2308/3207/3689 2305/3208/3689
f 2305/3208/3690 2308/3207/3690 2226/3103/3690
f 2303/3200/3691 2304/3203/3691 2307/3206/3691
f 2309/3209/3692 2303/3200/3692 2307/3206/3692
f 2310/3210/3693 2309/3211/3693 2307/3212/3693
f 2228/3109/3694 2310/3210/3694 2307/3212/3694
f 2237/3119/3695 2310/3210/3695 2228/3109/3695
f 2310/3210/3696 2237/3119/3696 2250/3135/3696
f 2310/3210/3697 2250/3135/3697 2309/3211/3697
f 2250/3137/3698 2311/3213/3698 2309/3209/3698
f 2309/3209/3699 2311/3213/3699 2312/3214/3699
f 2313/3215/3700 2312/3214/3700 2311/3213/3700
f 2314/3216/3701 2312/3214/3701 2313/3215/3701
f 2295/3192/3702 2314/3217/3702 2313/3218/3702
f 2301/3198/3703 2314/3217/3703 2295/3192/3703
f 2301/3198/3704 2315/3219/3704 2314/3217/3704
f 2315/3219/3705 2316/3220/3705 2314/3217/3705
f 2316/3220/3706 2315/3219/3706 2317/3221/3706
f 2317/3222/3707 2312/3214/3707 2316/3223/3707
f 2312/3214/3708 2317/3222/3708 2302/3201/3708
f 2317/3221/3709 2315/3219/3709 2301/3198/3709
f 2316/3223/3710 2312/3214/3710 2314/3216/3710
f 2313/3215/3711 2311/3213/3711 2250/3137/3711
f 2309/3209/3712 2312/3214/3712 2303/3200/3712
f 2312/3214/3713 2302/3201/3713 2303/3200/3713
f 2317/3221/3714 2301/3198/3714 2302/3199/3714
f 2299/3196/3715 2308/3207/3715 2300/3197/3715
f 2299/3196/3716 2318/3224/3716 2308/3207/3716
f 2318/3225/3717 2319/3226/3717 2308/3227/3717
f 2308/3227/3718 2319/3226/3718 2320/3228/3718
f 2308/3227/3719 2320/3228/3719 2321/3229/3719
f 2308/3227/3720 2321/3229/3720 2322/3230/3720
f 2308/3231/3721 2322/3232/3721 2224/3101/3721
f 2322/3230/3722 2321/3229/3722 2323/3233/3722
f 2322/3230/3723 2323/3233/3723 2324/3234/3723
f 2324/3235/3724 2216/3091/3724 2322/3236/3724
f 2324/3235/3725 2325/3237/3725 2216/3091/3725
f 2216/3091/3726 2325/3237/3726 2326/3238/3726
f 2326/3238/3727 2211/3086/3727 2216/3091/3727
f 2325/3237/3728 2327/3239/3728 2326/3238/3728
f 2326/3238/3729 2327/3239/3729 1362/1773/3729
f 2328/3240/3730 2327/3239/3730 2325/3237/3730
f 2328/3240/3731 1363/1775/3731 2327/3239/3731
f 2328/3240/3732 2329/3241/3732 1363/1775/3732
f 2329/3242/3733 2330/3243/3733 1363/1776/3733
f 2329/3242/3734 2331/3244/3734 2330/3243/3734
f 2330/3243/3735 2331/3244/3735 2332/3245/3735
f 1364/1777/3736 2330/3243/3736 2332/3245/3736
f 1364/1777/3737 2332/3245/3737 2333/3246/3737
f 2333/3246/3738 2334/3247/3738 1364/1777/3738
f 2333/3246/3739 2335/3248/3739 2334/3247/3739
f 2334/3247/3740 2335/3248/3740 2336/3249/3740
f 2334/3247/3741 2336/3249/3741 2337/3250/3741
f 2334/3247/3742 2337/3250/3742 1366/1779/3742
f 1366/1779/3743 2337/3250/3743 2336/3249/3743
f 2338/3251/3744 1366/1779/3744 2336/3249/3744
f 2336/3249/3745 2339/3252/3745 2338/3251/3745
f 2338/3251/3746 2339/3252/3746 2340/3253/3746
f 2338/3251/3747 2340/3253/3747 2341/3254/3747
f 2338/3251/3748 2341/3254/3748 2342/3255/3748
f 2341/3254/3749 1373/1786/3749 2342/3255/3749
f 2341/3254/3750 2343/3256/3750 1373/1786/3750
f 2341/3254/3751 2344/3257/3751 2343/3256/3751
f 2343/3256/3752 2344/3257/3752 2345/3258/3752
f 2346/3259/3753 2343/3256/3753 2345/3258/3753
f 2346/3259/3754 2345/3258/3754 2347/3260/3754
f 2348/3261/3755 2346/3259/3755 2347/3260/3755
f 2349/3262/3756 2348/3261/3756 2347/3260/3756
f 2349/3262/3757 2347/3260/3757 2350/3263/3757
f 2349/3262/3758 2350/3263/3758 2289/3185/3758
f 2351/3264/3759 2349/3262/3759 2289/3185/3759
f 2289/3185/3760 2350/3263/3760 2352/3265/3760
f 2352/3265/3761 2350/3263/3761 2353/3266/3761
f 2352/3265/3762 2353/3266/3762 2354/3267/3762
f 2352/3265/3763 2354/3267/3763 2290/3186/3763
f 2354/3267/3764 2355/3268/3764 2290/3186/3764
f 2354/3267/3765 2356/3269/3765 2355/3268/3765
f 2318/3224/3766 2355/3270/3766 2356/3271/3766
f 2298/3195/3767 2355/3270/3767 2318/3224/3767
f 2298/3195/3768 2293/3190/3768 2355/3270/3768
f 2354/3267/3769 2318/3272/3769 2356/3269/3769
f 2354/3267/3770 2353/3266/3770 2318/3272/3770
f 2357/3273/3771 2318/3272/3771 2353/3266/3771
f 2358/3274/3772 2357/3273/3772 2353/3266/3772
f 2358/3274/3773 2359/3275/3773 2357/3273/3773
f 2360/3276/3774 2357/3273/3774 2359/3275/3774
f 2360/3276/3775 2359/3275/3775 2361/3277/3775
f 2362/3278/3776 2360/3276/3776 2361/3277/3776
f 2361/3277/3777 2336/3249/3777 2362/3278/3777
f 2363/3279/3778 2361/3277/3778 2359/3275/3778
f 2345/3258/3779 2363/3279/3779 2359/3275/3779
f 2364/3280/3780 2361/3277/3780 2363/3279/3780
f 2344/3257/3781 2364/3280/3781 2363/3279/3781
f 2340/3253/3782 2364/3280/3782 2344/3257/3782
f 2339/3252/3783 2361/3277/3783 2364/3280/3783
f 2362/3278/3784 2357/3273/3784 2360/3276/3784
f 2357/3273/3785 2362/3278/3785 2365/3281/3785
f 2362/3278/3786 2332/3245/3786 2365/3281/3786
f 2332/3282/3787 2366/3283/3787 2365/3284/3787
f 2365/3284/3788 2366/3283/3788 2367/3285/3788
f 2365/3284/3789 2367/3285/3789 2319/3226/3789
f 2368/3286/3790 2367/3285/3790 2366/3283/3790
f 2368/3286/3791 2366/3283/3791 2369/3287/3791
f 2369/3288/3792 2370/3289/3792 2368/3290/3792
f 2370/3291/3793 2371/3292/3793 2368/3286/3793
f 2368/3286/3794 2371/3292/3794 2320/3228/3794
f 2370/3289/3795 2372/3293/3795 2371/3294/3795
f 2373/3295/3796 2371/3292/3796 2372/3296/3796
f 2374/3297/3797 2373/3295/3797 2372/3296/3797
f 2331/3244/3798 2374/3298/3798 2372/3299/3798
f 2372/3293/3799 2369/3288/3799 2331/3300/3799
f 2324/3234/3800 2373/3295/3800 2374/3297/3800
f 2374/3301/3801 2329/3241/3801 2324/3235/3801
f 2321/3229/3802 2371/3292/3802 2373/3295/3802
f 2372/3293/3803 2370/3289/3803 2369/3288/3803
f 2369/3287/3804 2366/3283/3804 2331/3302/3804
f 2368/3286/3805 2320/3228/3805 2367/3285/3805
f 2335/3248/3806 2332/3245/3806 2362/3278/3806
f 2347/3260/3807 2359/3275/3807 2358/3274/3807
f 2357/3273/3808 2365/3281/3808 2318/3272/3808
f 2350/3263/3809 2358/3274/3809 2353/3266/3809
f 2350/3263/3810 2347/3260/3810 2358/3274/3810
f 2351/3264/3811 2348/3261/3811 2349/3262/3811
f 2282/3178/3812 2348/3261/3812 2351/3264/3812
f 2288/3184/3813 2282/3178/3813 2351/3264/3813
f 2375/3303/3814 2346/3259/3814 2348/3261/3814
f 2376/3304/3815 2375/3303/3815 2348/3261/3815
f 2281/3177/3816 2376/3304/3816 2348/3261/3816
f 2281/3177/3817 2377/3305/3817 2376/3304/3817
f 2377/3305/3818 2378/3306/3818 2376/3304/3818
f 2379/3307/3819 2376/3304/3819 2378/3306/3819
f 2379/3307/3820 2378/3306/3820 2380/3308/3820
f 2381/3309/3821 2379/3307/3821 2380/3308/3821
f 2381/3309/3822 2380/3308/3822 2382/3310/3822
f 2381/3309/3823 2382/3310/3823 2383/3311/3823
f 2381/3309/3824 2383/3311/3824 2384/3312/3824
f 1386/1799/3825 2381/3309/3825 2384/3312/3825
f 1386/1799/3826 2385/3313/3826 2381/3309/3826
f 2383/3311/3827 2386/3314/3827 2384/3312/3827
f 2386/3314/3828 2387/3315/3828 2384/3312/3828
f 2384/3312/3829 2387/3315/3829 2388/3316/3829
f 2384/3312/3830 2388/3316/3830 1388/1801/3830
f 1388/1801/3831 2388/3316/3831 2389/3317/3831
f 2389/3318/3832 2390/3319/3832 1388/1802/3832
f 2391/3320/3833 2390/3319/3833 2389/3318/3833
f 2392/3321/3834 2391/3320/3834 2389/3318/3834
f 2392/3321/3835 2393/3322/3835 2391/3320/3835
f 2393/3322/3836 2394/3323/3836 2391/3320/3836
f 2393/3322/3837 2395/3324/3837 2394/3323/3837
f 2394/3323/3838 2395/3324/3838 2396/3325/3838
f 2394/3323/3839 2396/3325/3839 2397/3326/3839
f 2394/3323/3840 2397/3326/3840 2390/3319/3840
f 2397/3326/3841 2398/3327/3841 2390/3319/3841
f 2390/3319/3842 2398/3327/3842 2399/3328/3842
f 2390/3319/3843 2399/3328/3843 1390/1805/3843
f 2400/3329/3844 1390/1805/3844 2399/3328/3844
f 2400/3329/3845 2399/3328/3845 2401/3330/3845
f 2400/3329/3846 2401/3330/3846 2402/3331/3846
f 1396/3332/3847 2400/3329/3847 2402/3331/3847
f 2402/3333/3848 1401/1823/3848 1396/1818/3848
f 2402/3333/3849 2403/3334/3849 1401/1823/3849
f 2402/3333/3850 2404/3335/3850 2403/3334/3850
f 2405/3336/3851 2403/3334/3851 2404/3335/3851
f 1403/1825/3852 2403/3334/3852 2405/3336/3852
f 2406/3337/3853 1403/3338/3853 2405/3339/3853
f 2407/3340/3854 2406/3337/3854 2405/3339/3854
f 2402/3331/3855 2407/3340/3855 2405/3339/3855
f 2407/3340/3856 2408/3341/3856 2406/3337/3856
f 2406/3337/3857 2408/3341/3857 1405/3342/3857
f 2408/3341/3858 2409/3343/3858 1405/3342/3858
f 2408/3341/3859 2410/3344/3859 2409/3343/3859
f 2410/3344/3860 2411/3345/3860 2409/3343/3860
f 2411/3345/3861 1408/3346/3861 2409/3343/3861
f 1406/1830/3862 2409/3347/3862 1408/1832/3862
f 1408/3346/3863 2411/3345/3863 2412/3348/3863
f 2412/3348/3864 2411/3345/3864 2413/3349/3864
f 2412/3348/3865 2413/3349/3865 1392/3350/3865
f 1392/3350/3866 2413/3349/3866 2393/3322/3866
f 1392/3350/3867 2393/3322/3867 2414/3351/3867
f 2414/3352/3868 2415/3353/3868 1392/1810/3868
f 2416/3354/3869 2415/3353/3869 2414/3352/3869
f 2417/3355/3870 2416/3354/3870 2414/3352/3870
f 2418/3356/3871 2417/3357/3871 2414/3358/3871
f 2418/3356/3872 2414/3358/3872 2392/3359/3872
f 2392/3359/3873 2417/3357/3873 2418/3356/3873
f 2392/3359/3874 2387/3315/3874 2417/3357/3874
f 2387/3315/3875 2419/3360/3875 2417/3357/3875
f 2419/3360/3876 2420/3361/3876 2417/3357/3876
f 2420/3362/3877 2421/3363/3877 2417/3355/3877
f 2420/3362/3878 2422/3364/3878 2421/3363/3878
f 2422/3364/3879 2423/3365/3879 2421/3363/3879
f 2423/3365/3880 2424/3366/3880 2421/3363/3880
f 2421/3363/3881 2424/3366/3881 2425/3367/3881
f 2416/3354/3882 2421/3363/3882 2425/3367/3882
f 2425/3367/3883 2424/3366/3883 2426/3368/3883
f 2425/3367/3884 2426/3368/3884 2415/3353/3884
f 2415/3353/3885 2426/3368/3885 1394/1811/3885
f 2426/3368/3886 2427/3369/3886 1394/1811/3886
f 2427/3370/3887 2428/3371/3887 1394/1814/3887
f 2428/3371/3888 2429/3372/3888 1394/1814/3888
f 1394/1814/3889 2429/3372/3889 1411/1835/3889
f 1411/1835/3890 2429/3372/3890 2203/3078/3890
f 2429/3372/3891 2430/3373/3891 2203/3078/3891
f 2428/3371/3892 2430/3373/3892 2429/3372/3892
f 2427/3370/3893 2430/3373/3893 2428/3371/3893
f 2427/3370/3894 2431/3374/3894 2430/3373/3894
f 2430/3373/3895 2431/3374/3895 2432/3375/3895
f 2432/3375/3896 2204/3079/3896 2430/3373/3896
f 2431/3374/3897 2205/3080/3897 2432/3375/3897
f 2431/3374/3898 2433/3376/3898 2205/3080/3898
f 2427/3370/3899 2433/3376/3899 2431/3374/3899
f 2434/3377/3900 2433/3376/3900 2427/3370/3900
f 2435/3378/3901 2434/3379/3901 2427/3369/3901
f 2435/3378/3902 2436/3380/3902 2434/3379/3902
f 2220/3097/3903 2434/3379/3903 2436/3380/3903
f 2220/3097/3904 2437/3381/3904 2434/3379/3904
f 2438/3382/3905 2436/3380/3905 2435/3378/3905
f 2439/3383/3906 2438/3382/3906 2435/3378/3906
f 2440/3384/3907 2439/3383/3907 2435/3378/3907
f 2440/3384/3908 2435/3378/3908 2441/3385/3908
f 2440/3384/3909 2441/3385/3909 2442/3386/3909
f 2443/3387/3910 2440/3384/3910 2442/3386/3910
f 2443/3387/3911 2442/3386/3911 2444/3388/3911
f 2445/3389/3912 2443/3387/3912 2444/3388/3912
f 2445/3389/3913 2444/3388/3913 2269/3162/3913
f 2269/3162/3914 2446/3390/3914 2445/3389/3914
f 2446/3390/3915 2447/3391/3915 2445/3389/3915
f 2448/3392/3916 2445/3389/3916 2447/3391/3916
f 2233/3115/3917 2448/3392/3917 2447/3391/3917
f 2233/3115/3918 2447/3391/3918 2267/3160/3918
f 2449/3393/3919 2448/3392/3919 2233/3115/3919
f 2449/3393/3920 2450/3394/3920 2448/3392/3920
f 2450/3394/3921 2451/3395/3921 2448/3392/3921
f 2450/3394/3922 2439/3383/3922 2451/3395/3922
f 2443/3387/3923 2451/3395/3923 2439/3383/3923
f 2450/3394/3924 2452/3396/3924 2439/3383/3924
f 2453/3397/3925 2452/3396/3925 2450/3394/3925
f 2454/3398/3926 2452/3396/3926 2453/3397/3926
f 2231/3113/3927 2454/3398/3927 2453/3397/3927
f 2452/3396/3928 2454/3398/3928 2436/3380/3928
f 2454/3398/3929 2221/3098/3929 2436/3380/3929
f 2229/3111/3930 2221/3098/3930 2454/3398/3930
f 2229/3111/3931 2455/3399/3931 2221/3098/3931
f 2222/3099/3932 2455/3399/3932 2229/3111/3932
f 2449/3393/3933 2453/3397/3933 2450/3394/3933
f 2449/3393/3934 2232/3114/3934 2453/3397/3934
f 2448/3392/3935 2451/3395/3935 2445/3389/3935
f 2267/3160/3936 2447/3391/3936 2446/3390/3936
f 2269/3162/3937 2444/3388/3937 2456/3400/3937
f 2277/3401/3938 2456/3400/3938 2444/3388/3938
f 2277/3401/3939 2444/3388/3939 2457/3402/3939
f 2457/3402/3940 2444/3388/3940 2458/3403/3940
f 2457/3402/3941 2458/3403/3941 2459/3404/3941
f 2278/3174/3942 2457/3405/3942 2459/3406/3942
f 2459/3404/3943 2458/3403/3943 2460/3407/3943
f 2460/3408/3944 2377/3305/3944 2459/3406/3944
f 2279/3175/3945 2459/3406/3945 2377/3305/3945
f 2460/3408/3946 2461/3409/3946 2377/3305/3946
f 2461/3409/3947 2462/3410/3947 2377/3305/3947
f 2463/3411/3948 2462/3410/3948 2461/3409/3948
f 2464/3412/3949 2463/3411/3949 2461/3409/3949
f 2464/3412/3950 2461/3409/3950 2465/3413/3950
f 2464/3412/3951 2465/3413/3951 2420/3361/3951
f 2386/3314/3952 2463/3411/3952 2464/3412/3952
f 2464/3412/3953 2419/3360/3953 2386/3314/3953
f 2383/3311/3954 2462/3410/3954 2463/3411/3954
f 2465/3413/3955 2461/3409/3955 2460/3408/3955
f 2460/3407/3956 2458/3403/3956 2465/3414/3956
f 2465/3414/3957 2458/3403/3957 2442/3386/3957
f 2465/3414/3958 2442/3386/3958 2422/3364/3958
f 2271/3164/3959 2456/3400/3959 2277/3401/3959
f 2451/3395/3960 2443/3387/3960 2445/3389/3960
f 2458/3403/3961 2444/3388/3961 2442/3386/3961
f 2422/3364/3962 2442/3386/3962 2441/3385/3962
f 2466/3415/3963 2441/3385/3963 2435/3378/3963
f 2466/3415/3964 2435/3378/3964 2426/3368/3964
f 2423/3365/3965 2441/3385/3965 2466/3415/3965
f 2423/3365/3966 2466/3415/3966 2467/3416/3966
f 2467/3416/3967 2466/3415/3967 2424/3366/3967
f 2443/3387/3968 2439/3383/3968 2440/3384/3968
f 2452/3396/3969 2438/3382/3969 2439/3383/3969
f 2452/3396/3970 2436/3380/3970 2438/3382/3970
f 2437/3417/3971 2433/3376/3971 2434/3377/3971
f 2437/3417/3972 2206/3081/3972 2433/3376/3972
f 2437/3417/3973 2468/3418/3973 2206/3081/3973
f 2437/3417/3974 2469/3419/3974 2468/3418/3974
f 2468/3418/3975 2469/3419/3975 2208/3083/3975
f 2212/3087/3976 2208/3083/3976 2469/3419/3976
f 2217/3092/3977 2469/3419/3977 2437/3417/3977
f 2426/3368/3978 2435/3378/3978 2427/3369/3978
f 2424/3366/3979 2466/3415/3979 2426/3368/3979
f 2467/3416/3980 2424/3366/3980 2423/3365/3980
f 2422/3364/3981 2441/3385/3981 2423/3365/3981
f 2465/3414/3982 2422/3364/3982 2420/3362/3982
f 2464/3412/3983 2420/3361/3983 2419/3360/3983
f 2416/3354/3984 2417/3355/3984 2421/3363/3984
f 2425/3367/3985 2415/3353/3985 2416/3354/3985
f 2395/3324/3986 2413/3349/3986 2411/3345/3986
f 2395/3324/3987 2411/3345/3987 2410/3344/3987
f 2408/3341/3988 2398/3327/3988 2410/3344/3988
f 2407/3340/3989 2398/3327/3989 2408/3341/3989
f 2405/3336/3990 2404/3335/3990 2402/3333/3990
f 2401/3330/3991 2407/3340/3991 2402/3331/3991
f 2401/3330/3992 2399/3328/3992 2407/3340/3992
f 1396/3332/3993 1390/1805/3993 2400/3329/3993
f 2407/3340/3994 2399/3328/3994 2398/3327/3994
f 2397/3326/3995 2410/3344/3995 2398/3327/3995
f 2397/3326/3996 2396/3325/3996 2410/3344/3996
f 2396/3325/3997 2395/3324/3997 2410/3344/3997
f 2393/3322/3998 2413/3349/3998 2395/3324/3998
f 2414/3351/3999 2393/3322/3999 2392/3321/3999
f 2391/3320/4000 2394/3323/4000 2390/3319/4000
f 2389/3317/4001 2388/3316/4001 2392/3359/4001
f 2392/3359/4002 2388/3316/4002 2387/3315/4002
f 2386/3314/4003 2419/3360/4003 2387/3315/4003
f 2383/3311/4004 2463/3411/4004 2386/3314/4004
f 2382/3310/4005 2462/3410/4005 2383/3311/4005
f 2382/3310/4006 2470/3420/4006 2462/3410/4006
f 2462/3410/4007 2470/3420/4007 2378/3306/4007
f 2471/3421/4008 2378/3306/4008 2470/3420/4008
f 2470/3420/4009 2380/3308/4009 2471/3421/4009
f 2382/3310/4010 2380/3308/4010 2470/3420/4010
f 2381/3309/4011 2385/3313/4011 2379/3307/4011
f 2385/3313/4012 2472/3422/4012 2379/3307/4012
f 1384/1797/4013 2472/3422/4013 2385/3313/4013
f 2472/3422/4014 1384/1797/4014 2375/3303/4014
f 2471/3421/4015 2380/3308/4015 2378/3306/4015
f 2379/3307/4016 2472/3422/4016 2376/3304/4016
f 2462/3410/4017 2378/3306/4017 2377/3305/4017
f 2472/3422/4018 2375/3303/4018 2376/3304/4018
f 2375/3303/4019 1378/1791/4019 2346/3259/4019
f 2347/3260/4020 2345/3258/4020 2359/3275/4020
f 2346/3259/4021 1375/1788/4021 2343/3256/4021
f 2344/3257/4022 2363/3279/4022 2345/3258/4022
f 2341/3254/4023 2340/3253/4023 2344/3257/4023
f 2340/3253/4024 2339/3252/4024 2364/3280/4024
f 2339/3252/4025 2336/3249/4025 2361/3277/4025
f 2338/3251/4026 2342/3255/4026 1366/1779/4026
f 2336/3249/4027 2335/3248/4027 2362/3278/4027
f 2333/3246/4028 2332/3245/4028 2335/3248/4028
f 2331/3302/4029 2366/3283/4029 2332/3282/4029
f 2374/3298/4030 2331/3244/4030 2329/3242/4030
f 2324/3235/4031 2329/3241/4031 2328/3240/4031
f 2324/3235/4032 2328/3240/4032 2325/3237/4032
f 2323/3233/4033 2373/3295/4033 2324/3234/4033
f 2321/3229/4034 2373/3295/4034 2323/3233/4034
f 2321/3229/4035 2320/3228/4035 2371/3292/4035
f 2319/3226/4036 2367/3285/4036 2320/3228/4036
f 2365/3284/4037 2319/3226/4037 2318/3225/4037
f 2299/3196/4038 2298/3195/4038 2318/3224/4038
f 2297/3194/4039 2301/3198/4039 2295/3192/4039
f 2296/3193/4040 2294/3191/4040 2298/3195/4040
f 2295/3192/4041 2313/3218/4041 2292/3188/4041
f 2292/3188/4042 2313/3218/4042 2251/3140/4042
f 2298/3195/4043 2294/3191/4043 2293/3190/4043
f 2293/3190/4044 2291/3189/4044 2355/3270/4044
f 2290/3186/4045 2355/3268/4045 2291/3187/4045
f 2289/3185/4046 2352/3265/4046 2290/3186/4046
f 2288/3184/4047 2351/3264/4047 2289/3185/4047
f 2283/3179/4048 2282/3178/4048 2288/3184/4048
f 2282/3178/4049 2281/3177/4049 2348/3261/4049
f 2279/3175/4050 2377/3305/4050 2281/3177/4050
f 2278/3174/4051 2459/3406/4051 2279/3175/4051
f 2457/3405/4052 2278/3174/4052 2277/3173/4052
f 2276/3172/4053 2280/3176/4053 2275/3171/4053
f 2274/3170/4054 2275/3171/4054 2285/3181/4054
f 2277/3173/4055 2272/3166/4055 2271/3165/4055
f 2269/3162/4056 2456/3400/4056 2271/3164/4056
f 2267/3160/4057 2446/3390/4057 2269/3162/4057
f 2266/3159/4058 2264/3157/4058 2241/3123/4058
f 2263/3156/4059 2265/3158/4059 2270/3163/4059
f 2262/3154/4060 2243/3125/4060 2264/3157/4060
f 2260/3153/4061 2244/3126/4061 2262/3154/4061
f 2263/3169/4062 2259/3150/4062 2261/3152/4062
f 2259/3150/4063 2273/3168/4063 2258/3149/4063
f 2258/3149/4064 2274/3170/4064 2257/3148/4064
f 2257/3148/4065 2255/3146/4065 2256/3147/4065
f 2257/3148/4066 2253/3142/4066 2255/3146/4066
f 2284/3180/4067 2252/3143/4067 2253/3142/4067
f 2251/3140/4068 2252/3139/4068 2292/3188/4068
f 2313/3215/4069 2250/3137/4069 2251/3136/4069
f 2254/3145/4070 2249/3144/4070 2248/3132/4070
f 2247/3130/4071 2254/3145/4071 2248/3132/4071
f 2260/3151/4072 2247/3130/4072 2245/3129/4072
f 2245/3127/4073 2244/3126/4073 2260/3153/4073
f 2262/3154/4074 2244/3126/4074 2243/3125/4074
f 2243/3125/4075 2241/3123/4075 2264/3157/4075
f 2240/3122/4076 2242/3124/4076 2246/3128/4076
f 2241/3123/4077 2238/3120/4077 2266/3159/4077
f 2239/3121/4078 2240/3122/4078 2250/3135/4078
f 2239/3121/4079 2250/3135/4079 2237/3119/4079
f 2268/3161/4080 2238/3120/4080 2236/3118/4080
f 2268/3161/4081 2236/3118/4081 2235/3117/4081
f 2267/3160/4082 2235/3117/4082 2233/3115/4082
f 2234/3116/4083 2237/3119/4083 2230/3112/4083
f 2232/3114/4084 2449/3393/4084 2233/3115/4084
f 2231/3113/4085 2453/3397/4085 2232/3114/4085
f 2229/3111/4086 2454/3398/4086 2231/3113/4086
f 2237/3119/4087 2228/3109/4087 2230/3112/4087
f 2228/3109/4088 2307/3212/4088 2227/3110/4088
f 2227/3106/4089 2305/3204/4089 2226/3107/4089
f 2226/3103/4090 2308/3207/4090 2224/3104/4090
f 2229/3111/4091 2225/3102/4091 2222/3099/4091
f 2224/3101/4092 2322/3232/4092 2223/3100/4092
f 2223/3100/4093 2322/3232/4093 2218/3095/4093
f 2222/3099/4094 2221/3098/4094 2455/3399/4094
f 2220/3097/4095 2436/3380/4095 2221/3098/4095
f 2220/3097/4096 2217/3096/4096 2437/3381/4096
f 2223/3100/4097 2218/3095/4097 2219/3094/4097
f 2322/3236/4098 2216/3091/4098 2218/3093/4098
f 2217/3092/4099 2214/3089/4099 2469/3419/4099
f 2469/3419/4100 2214/3089/4100 2212/3087/4100
f 2216/3091/4101 2211/3086/4101 2213/3088/4101
f 2326/3238/4102 1362/1773/4102 2211/3086/4102
f 2212/3087/4103 2210/3085/4103 2208/3083/4103
f 2206/3081/4104 2468/3418/4104 2208/3083/4104
f 1349/1758/4105 2202/3077/4105 2207/3082/4105
f 2433/3376/4106 2206/3081/4106 2205/3080/4106
f 2432/3375/4107 2205/3080/4107 2204/3079/4107
f 2430/3373/4108 2204/3079/4108 2203/3078/4108
f 1411/1835/4109 2203/3078/4109 2200/3075/4109
f 1412/1836/4110 1411/1835/4110 2200/3075/4110
f 1391/1815/4111 1411/1835/4111 1409/1833/4111
f 1391/1815/4112 1409/1833/4112 2412/3423/4112
f 2412/3423/4113 1409/1833/4113 1408/1832/4113
f 1408/1832/4114 1407/1831/4114 1406/1830/4114
f 1406/1830/4115 1405/1829/4115 2409/3347/4115
f 2406/3337/4116 1405/3342/4116 1403/3338/4116
f 1410/1834/4117 1402/1827/4117 1404/1826/4117
f 1403/1825/4118 1401/1823/4118 2403/3334/4118
f 1402/1824/4119 1414/3424/4119 1400/1822/4119
f 1422/1852/4120 1399/1821/4120 1400/1822/4120
f 1396/1818/4121 1401/1823/4121 1397/1819/4121
f 1391/1815/4122 1394/1814/4122 1411/1835/4122
f 1392/1810/4123 2415/3353/4123 1394/1811/4123
f 1392/1807/4124 1391/1806/4124 2412/3425/4124
f 1391/1806/4125 1390/1805/4125 1396/3332/4125
f 1389/1803/4126 2390/3319/4126 1390/1805/4126
f 1388/1802/4127 2390/3319/4127 1389/1803/4127
f 1386/1799/4128 2384/3312/4128 1388/1801/4128
f 1393/1808/4129 1385/1798/4129 1387/1800/4129
f 1384/1797/4130 2385/3313/4130 1386/1799/4130
f 1395/1817/4131 1383/1796/4131 1385/1798/4131
f 1379/1792/4132 2375/3303/4132 1384/1797/4132
f 1382/1795/4133 1383/1796/4133 1398/1820/4133
f 1382/1795/4134 1399/1821/4134 1381/1794/4134
f 1381/1794/4135 1376/1789/4135 1380/1793/4135
f 1379/1792/4136 1378/1791/4136 2375/3303/4136
f 1378/1791/4137 1375/1788/4137 2346/3259/4137
f 1380/1793/4138 1376/1789/4138 1377/1790/4138
f 1381/1794/4139 1374/1787/4139 1376/1789/4139
f 1375/1788/4140 1373/1786/4140 2343/3256/4140
f 1427/1858/4141 1372/1785/4141 1374/1787/4141
f 1370/1783/4142 2342/3255/4142 1373/1786/4142
f 1427/1858/4143 1371/1784/4143 1372/1785/4143
f 1430/1861/4144 1369/1782/4144 1371/1784/4144
f 714/947/4145 1369/1782/4145 1430/1861/4145
f 1367/1780/4146 2342/3255/4146 1370/1783/4146
f 1366/1779/4147 2342/3255/4147 1367/1780/4147
f 1364/1777/4148 2334/3247/4148 1366/1779/4148
f 1363/1776/4149 2330/3243/4149 1364/1777/4149
f 2327/3239/4150 1363/1775/4150 1362/1773/4150
f 1365/1778/4151 1360/1771/4151 1361/1772/4151
f 1362/1773/4152 1358/1768/4152 1356/1766/4152
f 1355/1765/4153 2209/3084/4153 1356/1766/4153
f 1353/1763/4154 1352/1762/4154 1355/1765/4154
f 1351/1761/4155 1355/1765/4155 1352/1762/4155
f 1349/1758/4156 2207/3082/4156 1351/1761/4156
f 1349/1758/4157 1347/1755/4157 2202/3077/4157
f 1346/1754/4158 2201/3076/4158 1347/1755/4158
f 1346/1753/4159 1345/1752/4159 2199/3073/4159
f 2197/3071/4160 1345/1752/4160 1344/1751/4160
f 1342/1749/4161 2195/3069/4161 1344/1751/4161
f 1342/1749/4162 1340/1747/4162 2192/3066/4162
f 1340/1747/4163 1339/1746/4163 2192/3066/4163
f 1338/1745/4164 1337/1744/4164 1339/1746/4164
f 1332/1737/4165 2190/3064/4165 1337/1744/4165
f 1335/1742/4166 681/903/4166 1333/1738/4166
f 1330/1735/4167 1436/1867/4167 1332/1737/4167
f 1331/1736/4168 1334/1739/4168 1329/1734/4168
f 1329/1734/4169 1334/1739/4169 1319/1720/4169
f 639/825/4170 1319/3426/4170 1334/1740/4170
f 1330/1735/4171 1328/1733/4171 1327/1732/4171
f 2118/2917/4172 1327/1732/4172 1326/1731/4172
f 2114/2918/4173 1326/1731/4173 1325/1729/4173
f 1325/1728/4174 1324/1727/4174 2114/2912/4174
f 1324/1727/4175 1323/1726/4175 1509/1961/4175
f 1694/2208/4176 1323/1726/4176 1321/1724/4176
f 1318/1717/4177 1696/2211/4177 1321/2210/4177
f 1322/1730/4178 1319/1720/4178 1320/1719/4178
f 1317/1716/4179 1821/2419/4179 1318/1717/4179
f 1317/1716/4180 1314/1712/4180 1821/2419/4180
f 637/1714/4181 1316/1715/4181 1319/1718/4181
f 1821/2419/4182 1314/1712/4182 1313/1711/4182
f 1311/1709/4183 1824/2422/4183 1313/1711/4183
f 1315/1713/4184 1310/1707/4184 1312/1710/4184
f 1311/1709/4185 1306/1701/4185 1746/2291/4185
f 1303/2244/4186 1740/2281/4186 1306/3427/4186
f 1305/1698/4187 1300/1692/4187 1304/1697/4187
f 1303/1696/4188 1301/1694/4188 1715/2241/4188
f 1304/1697/4189 1300/1692/4189 1302/1695/4189
f 1299/1691/4190 1711/2229/4190 1301/2233/4190
f 1305/1698/4191 1297/1686/4191 1300/1692/4191
f 1299/1691/4192 1298/1690/4192 1711/2229/4192
f 1296/1685/4193 1287/1676/4193 1279/1668/4193
f 1292/1681/4194 1287/1676/4194 1296/1685/4194
f 1295/1687/4195 1297/1686/4195 1305/1698/4195
f 1296/1685/4196 1294/1683/4196 1292/1681/4196
f 1295/1684/4197 1291/1680/4197 1293/1682/4197
f 1291/1680/4198 1309/1706/4198 1290/1679/4198
f 634/818/4199 1289/1678/4199 1290/1679/4199
f 1292/1681/4200 1288/1677/4200 1287/1676/4200
f 1287/1676/4201 1280/1669/4201 1279/1668/4201
f 1298/1690/4202 1279/1668/4202 1278/1667/4202
f 1278/1666/4203 1277/1665/4203 1698/2216/4203
f 1277/1665/4204 1276/1662/4204 1695/2214/4204
f 1275/1661/4205 1281/1670/4205 1274/1660/4205
f 1273/1658/4206 1272/1656/4206 1276/2432/4206
f 1271/1655/4207 1683/2192/4207 1272/1656/4207
f 1274/1660/4208 1268/1651/4208 1270/1653/4208
f 1271/1654/4209 1269/1652/4209 1266/1649/4209
f 1268/1651/4210 1283/1672/4210 1267/1650/4210
f 1267/1650/4211 1283/1672/4211 1265/1648/4211
f 1214/1572/4212 1266/1649/4212 1263/1646/4212
f 1265/1648/4213 1262/1645/4213 1264/1647/4213
f 1265/1648/4214 1261/1644/4214 1262/1645/4214
f 1286/1675/4215 1260/1642/4215 1261/1644/4215
f 2473/3428/4216 1260/1642/4216 1286/1675/4216
f 2473/3428/4217 1286/1675/4217 629/813/4217
f 2473/3428/4218 621/805/4218 1260/1642/4218
f 1260/1642/4219 620/804/4219 1259/1643/4219
f 620/3429/4220 1250/1629/4220 1259/1640/4220
f 1259/1640/4221 1254/1634/4221 1257/1637/4221
f 1256/1636/4222 1255/1635/4222 2474/3430/4222
f 1256/1636/4223 2474/3430/4223 1218/1578/4223
f 1255/1635/4224 1232/1606/4224 2474/3430/4224
f 2475/3431/4225 1232/1606/4225 1255/1635/4225
f 2476/3432/4226 1232/1606/4226 2475/3431/4226
f 2475/3431/4227 2477/3433/4227 2476/3432/4227
f 2476/3432/4228 2477/3433/4228 2478/3434/4228
f 2479/3435/4229 2478/3436/4229 2477/3437/4229
f 2479/3435/4230 2477/3437/4230 2480/3438/4230
f 2479/3435/4231 2480/3438/4231 2481/3439/4231
f 2479/3435/4232 2481/3439/4232 2482/3440/4232
f 2482/3440/4233 2483/3441/4233 2479/3435/4233
f 2479/3435/4234 2483/3441/4234 2484/3442/4234
f 2483/3441/4235 2485/3443/4235 2484/3442/4235
f 2484/3442/4236 2485/3443/4236 2478/3436/4236
f 2478/3436/4237 2485/3443/4237 1233/1608/4237
f 2485/3444/4238 2486/3445/4238 1233/1610/4238
f 2487/3446/4239 2486/3445/4239 2485/3444/4239
f 2487/3446/4240 2485/3444/4240 2488/3447/4240
f 2489/3448/4241 2487/3449/4241 2488/3450/4241
f 2489/3448/4242 2488/3450/4242 2490/3451/4242
f 2491/3452/4243 2489/3448/4243 2490/3451/4243
f 2492/3453/4244 2491/3452/4244 2490/3451/4244
f 2493/3454/4245 2492/3455/4245 2490/3456/4245
f 2494/3457/4246 2493/3458/4246 2490/3459/4246
f 2494/3457/4247 2490/3459/4247 2495/3460/4247
f 2494/3457/4248 2495/3460/4248 2482/3440/4248
f 2496/3461/4249 2494/3457/4249 2482/3440/4249
f 2496/3461/4250 2482/3440/4250 2497/3462/4250
f 2498/3463/4251 2496/3461/4251 2497/3462/4251
f 2498/3463/4252 2497/3462/4252 2499/3464/4252
f 2499/3464/4253 2500/3465/4253 2498/3463/4253
f 2500/3465/4254 2501/3466/4254 2498/3463/4254
f 2498/3463/4255 2501/3466/4255 2502/3467/4255
f 2501/3466/4256 2503/3468/4256 2502/3467/4256
f 2502/3467/4257 2503/3468/4257 2493/3458/4257
f 2503/3469/4258 2504/3470/4258 2493/3454/4258
f 2504/3470/4259 2505/3471/4259 2493/3454/4259
f 2504/3470/4260 2506/3472/4260 2505/3471/4260
f 2505/3471/4261 2506/3472/4261 2507/3473/4261
f 2508/3474/4262 2505/3471/4262 2507/3473/4262
f 2508/3474/4263 2507/3473/4263 2500/3475/4263
f 2508/3476/4264 2500/3465/4264 2509/3477/4264
f 2510/3478/4265 2500/3465/4265 2507/3479/4265
f 2507/3473/4266 2511/3480/4266 2510/3481/4266
f 2512/3482/4267 2510/3478/4267 2511/3483/4267
f 2513/3484/4268 2512/3485/4268 2511/3480/4268
f 2513/3484/4269 2511/3480/4269 2514/3486/4269
f 2513/3484/4270 2514/3486/4270 2515/3487/4270
f 2516/3488/4271 2513/3484/4271 2515/3487/4271
f 2516/3488/4272 2515/3487/4272 2517/3489/4272
f 2518/3490/4273 2516/3491/4273 2517/3492/4273
f 2519/3493/4274 2518/3490/4274 2517/3492/4274
f 2519/3493/4275 2517/3492/4275 2520/3494/4275
f 2519/3493/4276 2520/3494/4276 2521/3495/4276
f 2522/3496/4277 2519/3497/4277 2521/3498/4277
f 2522/3496/4278 2521/3498/4278 2523/3499/4278
f 2524/3500/4279 2522/3496/4279 2523/3499/4279
f 2523/3501/4280 2520/3494/4280 2524/3502/4280
f 2520/3503/4281 2525/3504/4281 2524/3500/4281
f 2525/3504/4282 2526/3505/4282 2524/3500/4282
f 2527/3506/4283 2524/3500/4283 2526/3505/4283
f 2526/3505/4284 2528/3507/4284 2527/3506/4284
f 2527/3506/4285 2528/3507/4285 2529/3508/4285
f 2529/3509/4286 2530/3510/4286 2527/3511/4286
f 2531/3512/4287 2527/3513/4287 2530/3514/4287
f 2530/3510/4288 2532/3515/4288 2531/3516/4288
f 2532/3515/4289 2533/3517/4289 2531/3516/4289
f 2533/3518/4290 2518/3490/4290 2531/3512/4290
f 2532/3515/4291 2534/3519/4291 2533/3517/4291
f 2535/3520/4292 2533/3521/4292 2534/3522/4292
f 2536/3523/4293 2535/3524/4293 2534/3525/4293
f 2537/3526/4294 2536/3523/4294 2534/3525/4294
f 2538/3527/4295 2537/3526/4295 2534/3525/4295
f 2526/3505/4296 2538/3527/4296 2534/3525/4296
f 2539/3528/4297 2538/3527/4297 2526/3505/4297
f 2539/3528/4298 2540/3529/4298 2538/3527/4298
f 2540/3529/4299 2539/3528/4299 2541/3530/4299
f 2540/3529/4300 2541/3530/4300 2536/3523/4300
f 2542/3531/4301 2536/3523/4301 2541/3530/4301
f 2543/3532/4302 2542/3531/4302 2541/3530/4302
f 2544/3533/4303 2543/3532/4303 2541/3530/4303
f 2544/3533/4304 2541/3530/4304 2545/3534/4304
f 2544/3533/4305 2545/3534/4305 2546/3535/4305
f 2546/3536/4306 2512/3482/4306 2544/3537/4306
f 2512/3482/4307 2546/3536/4307 2547/3538/4307
f 2547/3538/4308 2546/3536/4308 2548/3539/4308
f 2549/3540/4309 2547/3538/4309 2548/3539/4309
f 2549/3540/4310 2548/3539/4310 2501/3466/4310
f 2510/3478/4311 2547/3538/4311 2549/3540/4311
f 2548/3541/4312 2546/3542/4312 2517/3489/4312
f 2548/3541/4313 2517/3489/4313 2550/3543/4313
f 2548/3541/4314 2550/3543/4314 2503/3469/4314
f 2550/3543/4315 2517/3489/4315 2551/3544/4315
f 2551/3544/4316 2506/3472/4316 2550/3543/4316
f 2551/3544/4317 2514/3486/4317 2506/3472/4317
f 2546/3535/4318 2552/3545/4318 2517/3546/4318
f 2517/3546/4319 2552/3545/4319 2553/3547/4319
f 2517/3546/4320 2553/3547/4320 2525/3504/4320
f 2525/3504/4321 2553/3547/4321 2539/3528/4321
f 2553/3547/4322 2552/3545/4322 2539/3528/4322
f 2545/3534/4323 2539/3528/4323 2552/3545/4323
f 2546/3535/4324 2545/3534/4324 2552/3545/4324
f 2554/3548/4325 2543/3532/4325 2544/3533/4325
f 2554/3548/4326 2544/3533/4326 2516/3549/4326
f 2533/3521/4327 2554/3550/4327 2516/3551/4327
f 2555/3552/4328 2554/3550/4328 2533/3521/4328
f 2555/3552/4329 2556/3553/4329 2554/3550/4329
f 2557/3554/4330 2554/3550/4330 2556/3553/4330
f 2535/3524/4331 2554/3548/4331 2557/3555/4331
f 2557/3554/4332 2555/3552/4332 2535/3520/4332
f 2557/3554/4333 2556/3553/4333 2555/3552/4333
f 2535/3524/4334 2543/3532/4334 2554/3548/4334
f 2535/3524/4335 2542/3531/4335 2543/3532/4335
f 2545/3534/4336 2541/3530/4336 2539/3528/4336
f 2538/3527/4337 2540/3529/4337 2537/3526/4337
f 2540/3529/4338 2536/3523/4338 2537/3526/4338
f 2542/3531/4339 2535/3524/4339 2536/3523/4339
f 2555/3552/4340 2533/3521/4340 2535/3520/4340
f 2532/3515/4341 2558/3556/4341 2534/3519/4341
f 2528/3507/4342 2534/3525/4342 2558/3557/4342
f 2558/3558/4343 2559/3559/4343 2528/3560/4343
f 2560/3561/4344 2559/3559/4344 2558/3558/4344
f 2558/3556/4345 2561/3562/4345 2560/3563/4345
f 2560/3563/4346 2561/3562/4346 2562/3564/4346
f 2563/3565/4347 2560/3561/4347 2562/3566/4347
f 2562/3564/4348 2564/3567/4348 2563/3568/4348
f 2563/3568/4349 2564/3567/4349 2565/3569/4349
f 2563/3568/4350 2565/3569/4350 2566/3570/4350
f 2566/3571/4351 2567/3572/4351 2563/3565/4351
f 2568/3573/4352 2567/3572/4352 2566/3571/4352
f 2569/3574/4353 2568/3575/4353 2566/3576/4353
f 2569/3574/4354 2566/3576/4354 2570/3577/4354
f 2571/3578/4355 2569/3574/4355 2570/3577/4355
f 2571/3578/4356 2570/3577/4356 2572/3579/4356
f 2573/3580/4357 2571/3578/4357 2572/3579/4357
f 2573/3580/4358 2572/3579/4358 2574/3581/4358
f 2575/3582/4359 2573/3583/4359 2574/3584/4359
f 2575/3582/4360 2574/3584/4360 2576/3585/4360
f 2577/3586/4361 2575/3582/4361 2576/3585/4361
f 2578/3587/4362 2577/3588/4362 2576/3589/4362
f 2578/3587/4363 2576/3589/4363 2579/3590/4363
f 2580/3591/4364 2578/3592/4364 2579/3593/4364
f 2580/3591/4365 2579/3593/4365 2581/3594/4365
f 2580/3591/4366 2581/3594/4366 2582/3595/4366
f 2582/3595/4367 2583/3596/4367 2580/3591/4367
f 2580/3591/4368 2583/3596/4368 2584/3597/4368
f 2585/3598/4369 2584/3599/4369 2583/3600/4369
f 2568/3575/4370 2585/3601/4370 2583/3602/4370
f 2583/3596/4371 2586/3603/4371 2568/3604/4371
f 2586/3605/4372 2587/3606/4372 2568/3607/4372
f 2588/3608/4373 2587/3606/4373 2586/3605/4373
f 2588/3608/4374 2586/3605/4374 2589/3609/4374
f 2588/3608/4375 2589/3609/4375 2590/3610/4375
f 2590/3611/4376 2565/3569/4376 2588/3612/4376
f 2588/3612/4377 2565/3569/4377 2529/3509/4377
f 2565/3569/4378 2591/3613/4378 2529/3509/4378
f 2589/3614/4379 2581/3594/4379 2590/3615/4379
f 2592/3616/4380 2590/3617/4380 2581/3618/4380
f 2581/3618/4381 2570/3619/4381 2592/3616/4381
f 2592/3616/4382 2570/3619/4382 2590/3617/4382
f 2589/3609/4383 2586/3605/4383 2593/3620/4383
f 2593/3620/4384 2582/3621/4384 2589/3609/4384
f 2593/3620/4385 2586/3605/4385 2582/3621/4385
f 2529/3622/4386 2587/3606/4386 2588/3608/4386
f 2559/3623/4387 2587/3606/4387 2529/3622/4387
f 2559/3559/4388 2567/3572/4388 2587/3624/4388
f 2594/3625/4389 2584/3599/4389 2585/3598/4389
f 2585/3601/4390 2571/3578/4390 2594/3626/4390
f 2577/3588/4391 2584/3599/4391 2594/3625/4391
f 2586/3603/4392 2583/3596/4392 2582/3595/4392
f 2582/3595/4393 2581/3594/4393 2589/3614/4393
f 2579/3590/4394 2570/3619/4394 2581/3618/4394
f 2580/3591/4395 2584/3597/4395 2578/3592/4395
f 2584/3599/4396 2577/3588/4396 2578/3587/4396
f 2594/3627/4397 2575/3582/4397 2577/3586/4397
f 2579/3590/4398 2576/3589/4398 2574/3628/4398
f 2573/3583/4399 2575/3582/4399 2594/3627/4399
f 2579/3590/4400 2574/3628/4400 2572/3629/4400
f 2594/3626/4401 2571/3578/4401 2573/3580/4401
f 2579/3590/4402 2572/3629/4402 2570/3619/4402
f 2585/3601/4403 2569/3574/4403 2571/3578/4403
f 2570/3577/4404 2566/3576/4404 2590/3630/4404
f 2568/3575/4405 2569/3574/4405 2585/3601/4405
f 2587/3624/4406 2567/3572/4406 2568/3573/4406
f 2566/3570/4407 2565/3569/4407 2590/3611/4407
f 2565/3569/4408 2564/3567/4408 2591/3613/4408
f 2591/3613/4409 2564/3567/4409 2530/3510/4409
f 2564/3567/4410 2561/3562/4410 2530/3510/4410
f 2563/3565/4411 2567/3572/4411 2560/3561/4411
f 2562/3564/4412 2561/3562/4412 2564/3567/4412
f 2561/3562/4413 2558/3556/4413 2530/3510/4413
f 2559/3559/4414 2560/3561/4414 2567/3572/4414
f 2532/3515/4415 2530/3510/4415 2558/3556/4415
f 2531/3512/4416 2518/3490/4416 2527/3513/4416
f 2591/3613/4417 2530/3510/4417 2529/3509/4417
f 2529/3508/4418 2528/3507/4418 2559/3631/4418
f 2526/3505/4419 2534/3525/4419 2528/3507/4419
f 2524/3500/4420 2527/3506/4420 2519/3497/4420
f 2525/3504/4421 2539/3528/4421 2526/3505/4421
f 2524/3500/4422 2519/3497/4422 2522/3496/4422
f 2521/3495/4423 2520/3494/4423 2523/3501/4423
f 2517/3546/4424 2525/3504/4424 2520/3503/4424
f 2527/3513/4425 2518/3490/4425 2519/3493/4425
f 2518/3490/4426 2533/3518/4426 2516/3491/4426
f 2517/3489/4427 2515/3487/4427 2551/3544/4427
f 2544/3632/4428 2513/3484/4428 2516/3488/4428
f 2551/3544/4429 2515/3487/4429 2514/3486/4429
f 2513/3484/4430 2544/3632/4430 2512/3485/4430
f 2512/3482/4431 2547/3538/4431 2510/3478/4431
f 2507/3473/4432 2514/3486/4432 2511/3480/4432
f 2510/3478/4433 2549/3540/4433 2500/3465/4433
f 2509/3633/4434 2505/3471/4434 2508/3474/4434
f 2492/3455/4435 2505/3471/4435 2509/3633/4435
f 2506/3472/4436 2514/3486/4436 2507/3473/4436
f 2504/3470/4437 2550/3543/4437 2506/3472/4437
f 2503/3469/4438 2550/3543/4438 2504/3470/4438
f 2501/3466/4439 2548/3539/4439 2503/3468/4439
f 2549/3540/4440 2501/3466/4440 2500/3465/4440
f 2509/3477/4441 2500/3465/4441 2499/3464/4441
f 2509/3477/4442 2499/3464/4442 2491/3452/4442
f 2499/3464/4443 2595/3634/4443 2491/3452/4443
f 2595/3634/4444 2596/3635/4444 2491/3452/4444
f 2595/3634/4445 2597/3636/4445 2596/3635/4445
f 2596/3635/4446 2597/3636/4446 2598/3637/4446
f 2596/3635/4447 2598/3637/4447 2487/3449/4447
f 2598/3638/4448 2599/3639/4448 2487/3446/4448
f 2600/3640/4449 2599/3639/4449 2598/3638/4449
f 2600/3640/4450 2601/3641/4450 2599/3639/4450
f 2599/3639/4451 2601/3641/4451 1235/1612/4451
f 2486/3445/4452 2599/3639/4452 1235/1612/4452
f 2602/3642/4453 1235/1612/4453 2601/3641/4453
f 2603/3643/4454 2602/3642/4454 2601/3641/4454
f 2604/3644/4455 2602/3642/4455 2603/3643/4455
f 2605/3645/4456 2604/3644/4456 2603/3643/4456
f 2605/3645/4457 2603/3643/4457 2600/3640/4457
f 2606/3646/4458 2605/3647/4458 2600/3648/4458
f 2606/3646/4459 2600/3648/4459 2597/3636/4459
f 2606/3646/4460 2597/3636/4460 2607/3649/4460
f 2497/3462/4461 2606/3646/4461 2607/3649/4461
f 2497/3462/4462 2607/3649/4462 2595/3634/4462
f 2497/3462/4463 2608/3650/4463 2606/3646/4463
f 2606/3646/4464 2608/3650/4464 2605/3647/4464
f 2608/3651/4465 2609/3652/4465 2605/3645/4465
f 2608/3651/4466 2610/3653/4466 2609/3652/4466
f 2610/3653/4467 2611/3654/4467 2609/3652/4467
f 2611/3654/4468 2612/3655/4468 2609/3652/4468
f 2609/3652/4469 2612/3655/4469 1252/1632/4469
f 2611/3654/4470 2480/3656/4470 2612/3655/4470
f 2612/3655/4471 2480/3656/4471 1253/1633/4471
f 2475/3431/4472 1253/1633/4472 2480/3656/4472
f 2610/3653/4473 2480/3656/4473 2611/3654/4473
f 2481/3657/4474 2610/3653/4474 2608/3651/4474
f 2604/3644/4475 2605/3645/4475 2609/3652/4475
f 2604/3644/4476 2609/3652/4476 2613/3658/4476
f 2604/3644/4477 2613/3658/4477 2614/3659/4477
f 2614/3659/4478 2613/3658/4478 2615/3660/4478
f 2616/3661/4479 2614/3659/4479 2615/3660/4479
f 1236/1613/4480 2616/3661/4480 2615/3660/4480
f 2602/3642/4481 2614/3659/4481 2616/3661/4481
f 2613/3658/4482 1251/1631/4482 2615/3660/4482
f 2613/3658/4483 2609/3652/4483 1251/1631/4483
f 2604/3644/4484 2614/3659/4484 2602/3642/4484
f 2602/3642/4485 2616/3661/4485 1235/1612/4485
f 2603/3643/4486 2601/3641/4486 2600/3640/4486
f 2597/3636/4487 2600/3648/4487 2598/3637/4487
f 2595/3634/4488 2607/3649/4488 2597/3636/4488
f 2497/3462/4489 2595/3634/4489 2499/3464/4489
f 2498/3463/4490 2502/3467/4490 2496/3461/4490
f 2482/3440/4491 2608/3650/4491 2497/3462/4491
f 2496/3461/4492 2502/3467/4492 2494/3457/4492
f 2495/3460/4493 2617/3662/4493 2482/3440/4493
f 2495/3460/4494 2488/3663/4494 2617/3662/4494
f 2617/3662/4495 2488/3663/4495 2483/3441/4495
f 2502/3467/4496 2493/3458/4496 2494/3457/4496
f 2493/3454/4497 2505/3471/4497 2492/3455/4497
f 2509/3477/4498 2491/3452/4498 2492/3453/4498
f 2491/3452/4499 2596/3635/4499 2489/3448/4499
f 2495/3460/4500 2490/3459/4500 2488/3663/4500
f 2489/3448/4501 2596/3635/4501 2487/3449/4501
f 2487/3446/4502 2599/3639/4502 2486/3445/4502
f 2483/3441/4503 2488/3663/4503 2485/3443/4503
f 2617/3662/4504 2483/3441/4504 2482/3440/4504
f 2482/3440/4505 2481/3439/4505 2608/3650/4505
f 2610/3653/4506 2481/3657/4506 2480/3656/4506
f 2484/3442/4507 2478/3436/4507 2479/3435/4507
f 2475/3431/4508 2480/3656/4508 2477/3433/4508
f 2476/3432/4509 2478/3434/4509 1232/1606/4509
f 1255/1635/4510 1253/1633/4510 2475/3431/4510
f 1259/1640/4511 1250/1629/4511 1254/1634/4511
f 1252/1632/4512 2612/3655/4512 1253/1633/4512
f 2609/3652/4513 1252/1632/4513 1251/1631/4513
f 1249/1628/4514 2615/3660/4514 1251/1631/4514
f 1248/1626/4515 2615/3660/4515 1249/1628/4515
f 1248/1626/4516 1238/1615/4516 2615/3660/4516
f 604/782/4517 600/778/4517 1245/1623/4517
f 1246/1624/4518 1244/1622/4518 1241/1619/4518
f 1246/1624/4519 1241/1619/4519 1239/1617/4519
f 1248/1626/4520 1239/1616/4520 1238/1615/4520
f 1236/1613/4521 2615/3660/4521 1238/1615/4521
f 1236/1613/4522 1235/1612/4522 2616/3661/4522
f 1233/1610/4523 2486/3445/4523 1235/1612/4523
f 2478/3436/4524 1233/1608/4524 1232/1607/4524
f 1231/1604/4525 2474/3430/4525 1232/1606/4525
f 1231/1604/4526 1219/1580/4526 2474/3430/4526
f 1220/1581/4527 1231/1604/4527 1229/1603/4527
f 1230/1602/4528 1234/1611/4528 1228/1598/4528
f 1229/1601/4529 1226/1600/4529 1220/1584/4529
f 1237/1614/4530 1227/1599/4530 1228/1598/4530
f 1227/1597/4531 1240/1618/4531 538/710/4531
f 1222/1585/4532 1226/1600/4532 1225/1593/4532
f 1220/1584/4533 1226/1600/4533 1222/1585/4533
f 1219/1580/4534 1231/1604/4534 1220/1581/4534
f 1219/1580/4535 1218/1578/4535 2474/3430/4535
f 1217/1577/4536 1256/1636/4536 1218/1578/4536
f 1217/1576/4537 1215/1573/4537 1258/1638/4537
f 1213/1574/4538 1216/1575/4538 1221/1582/4538
f 1214/1572/4539 1263/1646/4539 1215/1573/4539
f 1214/1571/4540 1211/1568/4540 1685/2194/4540
f 1221/1590/4541 1212/1569/4541 1213/1570/4541
f 1684/2193/4542 1211/1568/4542 1210/1567/4542
f 1210/1567/4543 1207/1565/4543 1675/2183/4543
f 1212/1569/4544 1208/1563/4544 1209/1566/4544
f 1208/1563/4545 531/1592/4545 1205/1564/4545
f 1206/1561/4546 1672/2179/4546 1207/1562/4546
f 1206/1561/4547 1204/1559/4547 1669/2176/4547
f 1204/1559/4548 1199/1558/4548 1670/2177/4548
f 1203/1556/4549 527/693/4549 1201/1557/4549
f 1192/1545/4550 1201/1554/4550 527/692/4550
f 1198/2165/4551 1662/2167/4551 1199/3664/4551
f 1656/2160/4552 1198/2165/4552 1197/3665/4552
f 1196/1549/4553 1645/2145/4553 1197/1550/4553
f 1196/1549/4554 1194/1547/4554 1650/2150/4554
f 1202/1555/4555 1193/1546/4555 1195/1548/4555
f 1193/1546/4556 1201/1554/4556 1192/1545/4556
f 1194/1547/4557 1191/1544/4557 1190/1543/4557
f 1190/1543/4558 1189/1542/4558 1651/2151/4558
f 1185/1538/4559 1653/2153/4559 1189/1542/4559
f 1187/1540/4560 1188/1541/4560 520/685/4560
f 520/685/4561 2618/3666/4561 1187/1540/4561
f 1187/1540/4562 2618/3666/4562 2619/3667/4562
f 2618/3666/4563 2620/3668/4563 2619/3667/4563
f 2619/3667/4564 2620/3668/4564 2621/3669/4564
f 2621/3669/4565 1182/1535/4565 2619/3667/4565
f 2619/3667/4566 1182/1535/4566 1186/1539/4566
f 2620/3668/4567 2622/3670/4567 2621/3669/4567
f 2622/3670/4568 1132/1467/4568 2621/3669/4568
f 2621/3669/4569 1132/1467/4569 1180/1533/4569
f 2620/3668/4570 2623/3671/4570 2622/3670/4570
f 2622/3670/4571 2623/3671/4571 2624/3672/4571
f 2622/3670/4572 2624/3672/4572 1133/1468/4572
f 2624/3673/4573 1138/1476/4573 1133/3674/4573
f 2623/3671/4574 2625/3675/4574 2624/3672/4574
f 2624/3672/4575 2625/3675/4575 2626/3676/4575
f 2624/3672/4576 2626/3676/4576 2627/3677/4576
f 2624/3672/4577 2627/3677/4577 2628/3678/4577
f 2628/3679/4578 2629/3680/4578 2624/3673/4578
f 2624/3673/4579 2629/3680/4579 1139/1477/4579
f 2629/3680/4580 1143/3681/4580 1139/1477/4580
f 2628/3679/4581 1143/3681/4581 2629/3680/4581
f 2628/3679/4582 2630/3682/4582 1143/3681/4582
f 2631/3683/4583 1143/1483/4583 2630/3684/4583
f 2632/3685/4584 2631/3683/4584 2630/3684/4584
f 2632/3685/4585 2630/3684/4585 2633/3686/4585
f 2632/3685/4586 2633/3686/4586 1161/1510/4586
f 2630/3687/4587 2634/3688/4587 2633/3689/4587
f 2633/3689/4588 2634/3688/4588 2635/3690/4588
f 2633/3689/4589 2635/3690/4589 2636/3691/4589
f 1163/1514/4590 2633/3692/4590 2636/3693/4590
f 1163/1514/4591 2636/3693/4591 1631/2133/4591
f 789/1043/4592 1631/3694/4592 2636/3695/4592
f 2637/3696/4593 789/1043/4593 2636/3695/4593
f 2637/3696/4594 2636/3695/4594 2635/3697/4594
f 2637/3696/4595 2635/3697/4595 513/3698/4595
f 790/1044/4596 2637/3696/4596 513/3698/4596
f 513/3698/4597 2635/3697/4597 2638/3699/4597
f 2634/3688/4598 2638/3700/4598 2635/3690/4598
f 2630/3687/4599 2638/3700/4599 2634/3688/4599
f 2638/3700/4600 2630/3687/4600 2639/3701/4600
f 2638/3700/4601 2639/3701/4601 517/682/4601
f 2639/3701/4602 2627/3677/4602 517/682/4602
f 2640/3702/4603 2631/3683/4603 2632/3685/4603
f 2640/3702/4604 2632/3685/4604 1160/1509/4604
f 1154/3703/4605 2640/3704/4605 1160/1507/4605
f 1154/3703/4606 2641/3705/4606 2640/3704/4606
f 2641/3706/4607 1144/1484/4607 2640/3702/4607
f 2642/3707/4608 2641/3705/4608 1154/3703/4608
f 1145/1485/4609 2641/3706/4609 2642/3708/4609
f 1144/1484/4610 2631/3683/4610 2640/3702/4610
f 2628/3678/4611 2639/3701/4611 2630/3687/4611
f 2628/3678/4612 2627/3677/4612 2639/3701/4612
f 2627/3677/4613 2626/3676/4613 517/682/4613
f 2626/3676/4614 2643/3709/4614 517/682/4614
f 2625/3675/4615 2643/3709/4615 2626/3676/4615
f 2618/3666/4616 2643/3709/4616 2625/3675/4616
f 2620/3668/4617 2625/3675/4617 2623/3671/4617
f 2618/3666/4618 2625/3675/4618 2620/3668/4618
f 520/685/4619 2643/3709/4619 2618/3666/4619
f 1187/1540/4620 2619/3667/4620 1186/1539/4620
f 1185/1538/4621 1184/1537/4621 1653/2153/4621
f 1184/1537/4622 1181/1534/4622 1654/2154/4622
f 1186/1539/4623 1182/1535/4623 1183/1536/4623
f 2621/3669/4624 1180/1533/4624 1182/1535/4624
f 1178/1531/4625 1655/2155/4625 1181/1534/4625
f 1179/1532/4626 1129/1464/4626 1176/1527/4626
f 1178/1531/4627 1177/1530/4627 1655/2155/4627
f 1177/1530/4628 1175/1529/4628 1643/2144/4628
f 1129/1464/4629 1174/1528/4629 1176/1527/4629
f 1642/2140/4630 1175/1526/4630 1173/1524/4630
f 1642/2140/4631 1173/1524/4631 1170/1521/4631
f 1170/1521/4632 1169/1520/4632 1641/2139/4632
f 1172/1523/4633 1166/1517/4633 1168/1519/4633
f 1123/1456/4634 1166/1517/4634 1172/1523/4634
f 1123/1456/4635 2644/3710/4635 1166/1517/4635
f 1167/1518/4636 1164/1515/4636 1169/1520/4636
f 1166/1517/4637 2644/3710/4637 1165/1516/4637
f 1120/1453/4638 1165/1516/4638 2644/3710/4638
f 1164/1515/4639 1163/1514/4639 1631/2133/4639
f 1163/1514/4640 1161/1513/4640 2633/3692/4640
f 1119/1452/4641 1159/1503/4641 1162/1512/4641
f 2632/3685/4642 1161/1510/4642 1160/1509/4642
f 1119/1452/4643 1158/1504/4643 1159/1503/4643
f 1119/1452/4644 2645/3711/4644 1158/1504/4644
f 1109/1435/4645 1158/1502/4645 2645/3712/4645
f 1109/1435/4646 2645/3712/4646 1118/1450/4646
f 2646/3713/4647 1158/1502/4647 1109/1435/4647
f 1108/1433/4648 1158/1502/4648 2646/3713/4648
f 1156/3714/4649 1160/1507/4649 1157/1506/4649
f 1154/3703/4650 1160/1507/4650 1156/3714/4650
f 1155/1499/4651 1107/1432/4651 1151/1494/4651
f 1147/1490/4652 2642/3715/4652 1154/1498/4652
f 1147/1490/4653 1145/1486/4653 2642/3715/4653
f 1146/1489/4654 939/1497/4654 936/1487/4654
f 1145/1485/4655 1144/1484/4655 2641/3706/4655
f 1144/1484/4656 1143/1483/4656 2631/3683/4656
f 1140/1481/4657 1142/1480/4657 936/3716/4657
f 1141/1479/4658 1139/1477/4658 1143/3681/4658
f 935/3717/4659 1113/1441/4659 1140/1478/4659
f 2624/3673/4660 1139/1477/4660 1138/1476/4660
f 1133/3674/4661 1138/1476/4661 1134/1473/4661
f 2622/3670/4662 1133/1468/4662 1132/1467/4662
f 1132/1467/4663 1130/1465/4663 1180/1533/4663
f 1136/1471/4664 1128/1461/4664 1131/1466/4664
f 1130/1465/4665 1129/1464/4665 1179/1532/4665
f 1129/1464/4666 1127/1463/4666 1174/1528/4666
f 1136/1471/4667 1125/1462/4667 1128/1461/4667
f 1126/1459/4668 1174/1525/4668 1127/1460/4668
f 1171/1522/4669 1126/1459/4669 1124/1457/4669
f 1135/3718/4670 1122/1455/4670 1125/1458/4670
f 1123/1456/4671 1172/1523/4671 1124/1457/4671
f 1123/1456/4672 1120/1453/4672 2644/3710/4672
f 1122/1455/4673 1135/3718/4673 1121/1454/4673
f 1120/1453/4674 1119/1452/4674 1165/1516/4674
f 1119/1452/4675 1118/1447/4675 2645/3711/4675
f 1121/1475/4676 1114/1443/4676 1117/1446/4676
f 1114/1443/4677 1137/1474/4677 1113/1441/4677
f 1111/1437/4678 1116/1451/4678 1112/1439/4678
f 1109/1435/4679 1118/1450/4679 1111/1437/4679
f 2646/3713/4680 1109/1435/4680 1108/1433/4680
f 1107/1432/4681 1158/1502/4681 1108/1433/4681
f 1105/1429/4682 1151/1494/4682 1107/1432/4682
f 1152/1495/4683 1105/1429/4683 1054/1368/4683
f 1103/1427/4684 1104/1428/4684 928/1431/4684
f 1068/1414/4685 1069/1413/4685 1067/3719/4685
f 2750/3720/4686 1068/1414/4686 1067/3719/4686
f 2750/3720/4686 1067/3719/4686 2749/3721/4686
f 2743/3722/4687 1063/3723/4687 2742/3724/4687
f 2741/3725/4688 2742/3724/4688 1063/3723/4688
f 2741/3726/4689 1063/3727/4689 1062/3728/4689
f 1076/1408/4690 1062/3728/4690 1063/3727/4690
f 1063/3723/4691 1064/3729/4691 1076/1409/4691
f 1078/3730/4692 1062/3728/4692 1076/1408/4692
f 1079/3731/4693 1062/3728/4693 1078/3730/4693
f 1080/3732/4694 1079/3731/4694 1078/3730/4694
f 1078/3730/4695 1081/3733/4695 1080/3732/4695
f 1081/3733/4696 1082/3734/4696 1080/3732/4696
f 1080/3732/4697 1082/3734/4697 1083/3735/4697
f 1083/3735/4698 1060/3736/4698 1080/3732/4698
f 2736/3737/4699 1060/3736/4699 1083/3735/4699
f 2736/3737/4700 2737/3738/4700 1060/3736/4700
f 2738/3739/4701 1060/3736/4701 2737/3738/4701
f 2738/3739/4702 2740/3740/4702 1061/3741/4702
f 2739/3742/4703 1061/3741/4703 2740/3740/4703
f 2739/3742/4703 1062/3728/4703 1061/3741/4703
f 1062/3728/4704 1060/3736/4704 1061/3741/4704
f 2738/3739/4701 1061/3741/4701 1060/3736/4701
f 1082/3734/4705 1084/1378/4705 1083/3735/4705
f 2752/3743/4706 1083/3735/4706 1084/1378/4706
f 1081/3733/4707 1097/1379/4707 1082/3734/4707
f 1088/3744/4708 1097/1379/4708 1081/3733/4708
f 1088/3744/4709 1081/3733/4709 1077/1404/4709
f 1078/3730/4710 1077/1404/4710 1081/3733/4710
f 1080/3732/4711 1060/3736/4711 1079/3731/4711
f 1079/3731/4712 1060/3736/4712 1062/3728/4712
f 2743/3722/4713 1064/3729/4713 1063/3723/4713
f 2734/1375/4714 1068/1415/4714 2751/3745/4714
f 2743/3722/4715 2744/3746/4715 1064/3729/4715
f 2745/3747/4716 1064/3729/4716 2744/3746/4716
f 2745/3747/4717 2746/3748/4717 1065/3749/4717
f 2836/3750/4718 1065/3749/4718 2746/3748/4718
f 2836/3750/4719 1099/3751/4719 1065/3749/4719
f 1099/3751/4720 1098/3752/4720 1065/3749/4720
f 1065/3749/4721 1098/3752/4721 1064/3729/4721
f 1075/1410/4722 1064/3729/4722 1098/3752/4722
f 1099/3751/4723 1075/1410/4723 1098/3752/4723
f 2747/3753/4724 1099/3751/4724 2836/3750/4724
f 2747/3753/4725 2748/3754/4725 1066/3755/4725
f 2749/3721/4726 1066/3755/4726 2748/3754/4726
f 2747/3753/4727 1066/3755/4727 1099/3751/4727
f 1066/3755/4728 1069/1413/4728 1099/3751/4728
f 2745/3747/4729 1065/3749/4729 1064/3729/4729
f 2749/3721/4730 1067/3719/4730 1066/3755/4730
f 2750/3756/4731 2751/3745/4731 1068/1415/4731
f 1067/3719/4732 1069/1413/4732 1066/3755/4732
f 1069/1413/4733 1075/1410/4733 1099/3751/4733
f 1076/1409/4734 1064/3729/4734 1075/1410/4734
f 1077/1404/4735 1078/3730/4735 1076/1408/4735
f 1070/1420/4736 1073/1406/4736 1074/1407/4736
f 1077/1404/4737 1089/1403/4737 1088/3744/4737
f 1087/1401/4738 1088/3744/4738 1089/1403/4738
f 1085/3757/4739 1088/3744/4739 1087/1401/4739
f 1087/1401/4740 1086/1388/4740 1085/3757/4740
f 2755/3758/4741 1085/3757/4741 1086/1388/4741
f 2755/3758/4742 2756/3759/4742 1085/3757/4742
f 2756/3759/4743 2769/3760/4743 1085/3757/4743
f 2768/3761/4744 1085/3757/4744 2769/3760/4744
f 2767/1380/4745 1088/3744/4745 2768/3761/4745
f 2768/3761/4746 1088/3744/4746 1085/3757/4746
f 908/1191/4747 1090/1402/4747 1091/1405/4747
f 1092/1400/4748 1086/1388/4748 1087/1401/4748
f 1092/1400/4749 1094/3762/4749 1086/1388/4749
f 2760/3763/4750 1094/3762/4750 1092/1400/4750
f 2760/3763/4750 1092/1400/4750 2758/1396/4750
f 2766/1395/4751 1094/3762/4751 2760/3763/4751
f 2758/1396/4752 1092/1400/4752 1093/1397/4752
f 2759/1398/1493 906/1399/1493 2731/3764/1493
f 2730/1188/4753 2731/3764/4753 906/1399/4753
f 2766/1395/4751 1095/1389/4751 1094/3762/4751
f 2762/1390/1488 1095/1389/1488 1096/1391/1488
f 1095/1389/4754 1086/1388/4754 1094/3762/4754
f 2755/3758/4741 1086/1388/4741 2757/1387/4741
f 2729/1385/4755 903/1183/4755 2647/1383/4755
f 2767/1380/4745 1097/1379/4745 1088/3744/4745
f 1084/1378/4756 1082/3734/4756 1097/1379/4756
f 2839/1382/4757 1057/1371/4757 2735/3765/4757
f 2752/3743/4758 1084/1378/4758 2753/1377/4758
f 2736/3737/4699 1083/3735/4699 2752/3743/4699
f 2741/3726/4689 1062/3728/4689 2739/3742/4689
f 2734/1375/4714 1059/1373/4714 1068/1415/4714
f 2733/1374/4759 2735/3765/4759 1057/1371/4759
f 1059/1373/4760 1058/1372/4760 1100/1422/4760
f 1058/1372/4761 1055/1369/4761 1102/1425/4761
f 2839/1382/4757 1056/1370/4757 1057/1371/4757
f 1054/1368/4762 1102/1425/4762 1055/1369/4762
f 1054/1368/4763 1053/1367/4763 1152/1495/4763
f 1051/1365/4764 1150/1493/4764 1053/1367/4764
f 1049/1362/4765 1149/1492/4765 1051/1365/4765
f 896/1176/4766 944/1360/4766 1050/1364/4766
f 1049/1362/4767 940/1363/4767 939/1497/4767
f 937/1220/4768 936/1219/4768 939/1222/4768
f 936/1219/4769 935/1218/4769 1140/3766/4769
f 935/1218/4770 934/1217/4770 1113/3767/4770
f 932/1215/4771 1110/3768/4771 934/1217/4771
f 931/1214/4772 1110/3768/4772 932/1215/4772
f 931/1214/4773 930/1213/4773 1110/3768/4773
f 1106/1430/4774 930/1434/4774 928/1431/4774
f 1103/1427/4775 928/1431/4775 927/1426/4775
f 1101/1423/4776 927/1426/4776 925/1424/4776
f 924/1421/4777 1071/1417/4777 925/1424/4777
f 924/1207/4778 923/1206/4778 1073/1406/4778
f 922/1205/4779 1091/1405/4779 923/1206/4779
f 921/1204/4780 1091/1405/4780 922/1205/4780
f 921/1204/4781 909/1192/4781 1091/1405/4781
f 911/1194/4782 921/1204/4782 919/1202/4782
f 920/1203/4783 926/1209/4783 918/1201/4783
f 918/1201/4784 929/1212/4784 917/1200/4784
f 917/1200/4785 929/1212/4785 916/1199/4785
f 916/1199/4786 933/1216/4786 914/1197/4786
f 915/1198/4787 913/1196/4787 919/1202/4787
f 914/1197/4788 938/1221/4788 912/1195/4788
f 919/1202/4789 913/1196/4789 911/1194/4789
f 909/1192/4790 921/1204/4790 911/1194/4790
f 908/1191/4791 1091/1405/4791 909/1192/4791
f 907/1189/4792 906/1399/4792 908/1191/4792
f 2730/1188/1206 906/1399/1206 907/1189/1206
f 2729/1385/4793 2728/1187/4793 903/1183/4793
f 2732/1190/1207 905/1185/1207 2727/1186/1207
f 905/1185/4794 910/1193/4794 904/1184/4794
f 904/1184/4795 912/1195/4795 902/1182/4795
f 901/1181/4796 2647/1383/4796 903/1183/4796
f 902/1182/4797 941/1224/4797 900/1180/4797
f 899/1179/4798 1056/1370/4798 901/1181/4798
f 900/1180/4799 943/1226/4799 898/1178/4799
f 897/1177/4800 1052/1366/4800 899/1179/4800
f 943/1226/4801 895/1173/4801 898/1178/4801
f 897/1177/4802 896/1176/4802 1052/1366/4802
f 896/1176/4803 894/1175/4803 944/1360/4803
f 943/1226/4804 893/1174/4804 895/1173/4804
f 949/1251/4805 892/1170/4805 893/1171/4805
f 892/1170/4806 965/1253/4806 889/1167/4806
f 894/1172/4807 891/1169/4807 890/1168/4807
f 856/1130/4808 890/1168/4808 888/1166/4808
f 856/1130/4809 888/1166/4809 887/1165/4809
f 2648/3769/4810 887/1165/4810 886/1164/4810
f 857/1131/4811 887/1165/4811 2648/3769/4811
f 2648/3769/4812 886/1164/4812 884/1162/4812
f 2648/3769/4813 884/1162/4813 2649/3770/4813
f 2648/3769/4814 2649/3770/4814 2650/3771/4814
f 2650/3771/4815 859/1133/4815 2648/3769/4815
f 2650/3771/4816 2649/3770/4816 2651/3772/4816
f 862/1136/4817 2650/3771/4817 2651/3772/4817
f 2651/3772/4818 2649/3770/4818 883/1161/4818
f 883/1161/4819 2652/3773/4819 2651/3772/4819
f 2652/3773/4820 864/1138/4820 2651/3772/4820
f 883/1161/4821 2653/3774/4821 2652/3773/4821
f 2652/3773/4822 2653/3774/4822 2654/3775/4822
f 2654/3775/4823 867/1142/4823 2652/3773/4823
f 2654/3775/4824 871/1148/4824 867/1142/4824
f 874/1152/4825 2654/3775/4825 2653/3774/4825
f 882/1160/4826 874/1152/4826 2653/3774/4826
f 2649/3770/4827 884/1162/4827 883/1161/4827
f 882/1160/4828 2653/3774/4828 883/1161/4828
f 880/1158/4829 881/1159/4829 885/1163/4829
f 880/1158/4830 889/1167/4830 879/1157/4830
f 879/1157/4831 955/1241/4831 878/1156/4831
f 878/1156/4832 1048/1359/4832 876/1154/4832
f 877/1155/4833 875/1153/4833 882/1160/4833
f 876/1154/4834 1048/1359/4834 873/1151/4834
f 882/1160/4835 875/1153/4835 874/1152/4835
f 2654/3775/4836 874/1152/4836 871/1148/4836
f 1048/1359/4837 872/1150/4837 873/1151/4837
f 872/1150/4838 946/1229/4838 870/1149/4838
f 870/1147/4839 947/1233/4839 869/1146/4839
f 867/1142/4840 871/1148/4840 868/1143/4840
f 2652/3773/4841 867/1142/4841 864/1138/4841
f 2651/3772/4842 864/1138/4842 862/1136/4842
f 862/1136/4843 860/1134/4843 2650/3771/4843
f 860/1134/4844 859/1133/4844 2650/3771/4844
f 859/1133/4845 857/1131/4845 2648/3769/4845
f 832/1093/4846 854/1128/4846 858/1132/4846
f 856/1130/4847 887/1165/4847 857/1131/4847
f 855/1129/4848 948/1234/4848 856/1130/4848
f 851/1124/4849 948/1234/4849 855/1129/4849
f 851/1124/4850 849/1120/4850 948/1234/4850
f 848/1118/4851 869/1146/4851 849/1120/4851
f 866/1145/4852 848/1118/4852 846/1117/4852
f 845/1140/4853 866/1141/4853 846/3776/4853
f 845/1114/4854 842/1111/4854 841/1110/4854
f 863/1137/4855 841/1109/4855 840/1107/4855
f 839/1105/4856 843/1112/4856 837/1101/4856
f 835/1102/4857 840/1107/4857 838/1103/4857
f 837/1101/4858 816/1075/4858 836/1100/4858
f 816/1075/4859 813/1072/4859 836/1100/4859
f 833/1095/4860 835/1102/4860 834/3777/4860
f 833/1095/4861 832/1093/4861 861/1135/4861
f 830/1092/4862 854/1128/4862 832/1093/4862
f 853/3778/4863 830/3779/4863 829/3780/4863
f 827/1087/4864 823/1083/4864 829/1089/4864
f 822/1082/4865 850/1123/4865 823/1083/4865
f 822/1082/4866 821/1081/4866 847/1122/4866
f 820/1079/4867 844/1113/4867 821/1080/4867
f 820/1079/4868 818/1077/4868 817/1076/4868
f 817/1076/4869 816/1075/4869 837/1101/4869
f 816/1075/4870 814/1073/4870 813/1072/4870
f 811/1070/4871 836/1100/4871 813/1072/4871
f 831/1098/4872 811/1070/4872 810/1069/4872
f 809/1067/4873 831/1091/4873 810/1068/4873
f 812/1071/4874 806/1062/4874 807/1063/4874
f 808/1064/4875 805/1061/4875 804/1060/4875
f 808/1064/4876 804/1060/4876 2655/3781/4876
f 448/590/4877 808/1066/4877 2655/3782/4877
f 2655/3781/4878 804/1060/4878 2656/3783/4878
f 2656/3783/4879 2657/3784/4879 2655/3781/4879
f 2655/3781/4880 2657/3784/4880 2658/3785/4880
f 2655/3781/4881 2658/3785/4881 449/593/4881
f 2658/3785/4882 2657/3784/4882 451/594/4882
f 451/594/4883 2657/3784/4883 2659/3786/4883
f 2657/3784/4884 2660/3787/4884 2659/3786/4884
f 2659/3786/4885 2660/3787/4885 2661/3788/4885
f 507/670/4886 2659/3786/4886 2661/3788/4886
f 2659/3786/4887 507/670/4887 474/626/4887
f 2660/3787/4888 803/1059/4888 2661/3788/4888
f 2661/3788/4889 803/1059/4889 509/672/4889
f 2656/3783/4890 2660/3787/4890 2657/3784/4890
f 804/1060/4891 2660/3787/4891 2656/3783/4891
f 804/1060/4892 803/1059/4892 2660/3787/4892
f 803/1059/4893 799/1055/4893 509/672/4893
f 806/1062/4894 801/1057/4894 802/1058/4894
f 815/1074/4895 800/1056/4895 801/1057/4895
f 815/1074/4896 798/1054/4896 800/1056/4896
f 798/1054/4897 819/1078/4897 796/1051/4897
f 799/1055/4898 797/1053/4898 509/672/4898
f 819/1078/4899 795/1052/4899 796/1051/4899
f 795/1050/4900 824/1084/4900 794/1048/4900
f 794/1048/4901 825/1085/4901 793/1047/4901
f 513/3698/4902 792/1046/4902 790/1044/4902
f 790/1044/4903 789/1043/4903 2637/3696/4903
f 789/1043/4904 788/1042/4904 1631/3694/4904
f 785/2130/4905 788/2129/4905 787/3789/4905
f 791/1045/4906 783/1037/4906 786/1040/4906
f 1632/2121/4907 785/2130/4907 784/2125/4907
f 784/1038/4908 782/1036/4908 1634/3790/4908
f 791/1045/4909 781/1033/4909 783/1037/4909
f 780/1032/4910 1633/2124/4910 782/2127/4910
f 793/1047/4911 779/1034/4911 781/1033/4911
f 442/583/4912 769/1018/4912 773/1022/4912
f 780/1032/4913 778/1030/4913 777/1029/4913
f 776/2101/4914 1619/2102/4914 777/2905/4914
f 776/1027/4915 775/1026/4915 1615/2096/4915
f 774/1024/4916 1612/2093/4916 775/1026/4916
f 772/1023/4917 1608/2089/4917 774/1024/4917
f 772/1021/4918 771/1020/4918 1571/2040/4918
f 771/1020/4919 768/1017/4919 1565/2034/4919
f 773/1022/4920 769/1018/4920 770/1019/4920
f 768/1017/4921 767/1016/4921 1565/2034/4921
f 764/1013/4922 767/1016/4922 765/1014/4922
f 762/1011/4923 1562/2031/4923 764/1013/4923
f 435/573/4924 763/1012/4924 440/580/4924
f 432/570/4925 754/1001/4925 761/1010/4925
f 760/1009/4926 1562/2031/4926 762/1011/4926
f 759/1008/4927 1559/2027/4927 760/1009/4927
f 759/1008/4928 757/1006/4928 1559/2027/4928
f 761/1010/4929 755/1004/4929 758/1007/4929
f 756/2021/4930 1554/2020/4930 757/2026/4930
f 753/1000/4931 1544/2008/4931 756/3791/4931
f 761/1010/4932 754/1001/4932 755/1004/4932
f 429/567/4933 750/1002/4933 754/1001/4933
f 753/1000/4934 752/999/4934 1543/2007/4934
f 751/998/4935 1536/2000/4935 752/999/4935
f 751/998/4936 749/996/4936 1536/2000/4936
f 748/994/4937 746/990/4937 749/996/4937
f 744/985/4938 1534/1998/4938 746/990/4938
f 742/982/4939 1532/1996/4939 744/985/4939
f 742/982/4940 741/980/4940 1515/1971/4940
f 1512/1966/4941 741/980/4941 740/979/4941
f 740/978/4942 738/976/4942 1505/1954/4942
f 743/983/4943 736/974/4943 739/977/4943
f 1505/1954/4944 738/976/4944 737/975/4944
f 1503/1952/4945 737/975/4945 734/972/4945
f 743/983/4946 735/973/4946 736/974/4946
f 735/973/4947 745/3792/4947 733/971/4947
f 731/969/4948 734/972/4948 732/970/4948
f 1495/1944/4949 731/969/4949 730/968/4949
f 1498/1947/4950 730/968/4950 729/967/4950
f 723/959/4951 729/967/4951 724/960/4951
f 1499/1948/4952 723/959/4952 721/956/4952
f 720/954/4953 1435/1866/4953 721/955/4953
f 1425/1855/4954 720/954/4954 718/951/4954
f 1424/1856/4955 718/951/4955 717/950/4955
f 714/947/4956 1430/1861/4956 717/948/4956
f 719/958/4957 715/945/4957 716/946/4957
f 715/945/4958 722/957/4958 713/941/4958
f 712/940/4959 1369/1782/4959 714/947/4959
f 713/941/4960 726/962/4960 709/942/4960
f 712/940/4961 711/938/4961 1368/1781/4961
f 710/937/4962 1360/1771/4962 711/938/4962
f 726/965/4963 708/933/4963 709/935/4963
f 708/933/4964 728/966/4964 706/928/4964
f 705/930/4965 710/937/4965 707/931/4965
f 728/966/4966 702/921/4966 706/928/4966
f 728/966/4967 419/553/4967 702/921/4967
f 1359/1769/4968 705/927/4968 704/926/4968
f 704/926/4969 703/924/4969 1357/1767/4969
f 1354/1764/4970 703/924/4970 696/923/4970
f 694/1760/4971 1350/1759/4971 696/923/4971
f 694/912/4972 692/910/4972 1348/3793/4972
f 691/909/4973 1343/1750/4973 692/910/4973
f 691/909/4974 690/908/4974 1341/1748/4974
f 1341/1748/4975 690/908/4975 686/904/4975
f 689/907/4976 693/911/4976 688/906/4976
f 688/906/4977 695/913/4977 687/905/4977
f 687/905/4978 699/917/4978 685/900/4978
f 686/904/4979 681/903/4979 1336/1743/4979
f 685/900/4980 699/917/4980 684/901/4980
f 682/895/4981 681/894/4981 683/897/4981
f 640/826/4982 1333/1741/4982 681/894/4982
f 655/845/4983 638/824/4983 641/827/4983
f 639/825/4984 1334/1740/4984 640/826/4984
f 639/825/4985 637/823/4985 1319/3426/4985
f 658/848/4986 635/819/4986 638/824/4986
f 636/1708/4987 1310/1707/4987 637/1714/4987
f 1307/1702/4988 636/1708/4988 634/3794/4988
f 659/849/4989 374/820/4989 635/819/4989
f 374/489/4990 622/806/4990 633/817/4990
f 632/816/4991 1289/1678/4991 634/818/4991
f 632/816/4992 631/815/4992 1289/1678/4992
f 631/815/4993 630/814/4993 1285/1674/4993
f 629/813/4994 1286/1675/4994 630/814/4994
f 629/813/4995 621/805/4995 2473/3428/4995
f 633/817/4996 627/811/4996 628/812/4996
f 633/817/4997 622/806/4997 627/811/4997
f 1260/1642/4998 621/805/4998 620/804/4998
f 618/1630/4999 1250/1629/4999 620/3429/4999
f 623/807/5000 616/802/5000 619/801/5000
f 618/800/5001 617/798/5001 1247/1625/5001
f 604/782/5002 1245/1623/5002 617/798/5002
f 614/794/5003 611/790/5003 604/797/5003
f 368/482/5004 615/795/5004 616/796/5004
f 614/794/5005 612/792/5005 611/790/5005
f 355/465/5006 609/787/5006 610/788/5006
f 605/783/5007 608/786/5007 607/785/5007
f 604/797/5008 611/790/5008 605/789/5008
f 603/781/5009 600/778/5009 604/782/5009
f 603/781/5010 601/779/5010 600/778/5010
f 600/778/5011 599/777/5011 1243/1621/5011
f 540/712/5012 1243/1621/5012 599/777/5012
f 540/712/5013 599/777/5013 2662/3795/5013
f 599/777/5014 597/775/5014 2662/3795/5014
f 587/765/5015 2662/3795/5015 597/775/5015
f 587/765/5016 597/775/5016 2663/3796/5016
f 2664/3797/5017 587/765/5017 2663/3796/5017
f 2665/3798/5018 2664/3797/5018 2663/3796/5018
f 589/767/5019 2665/3798/5019 2663/3796/5019
f 588/766/5020 2664/3797/5020 2665/3798/5020
f 2666/3799/5021 2664/3797/5021 588/766/5021
f 2666/3799/5022 587/765/5022 2664/3797/5022
f 2663/3796/5023 597/775/5023 590/768/5023
f 602/780/5024 596/774/5024 598/776/5024
f 595/773/5025 590/768/5025 597/775/5025
f 606/784/5026 594/772/5026 596/774/5026
f 593/771/5027 594/772/5027 609/787/5027
f 351/461/5028 593/771/5028 609/787/5028
f 351/461/5029 591/769/5029 593/771/5029
f 595/773/5030 592/770/5030 590/768/5030
f 589/767/5031 2663/3796/5031 590/768/5031
f 588/766/5032 2665/3798/5032 589/767/5032
f 588/766/5033 587/765/5033 2666/3799/5033
f 587/765/5034 585/763/5034 2662/3795/5034
f 585/763/5035 543/715/5035 2662/3795/5035
f 586/764/5036 341/451/5036 584/762/5036
f 544/716/5037 543/715/5037 585/763/5037
f 540/712/5038 2662/3795/5038 543/715/5038
f 549/761/5039 541/713/5039 542/714/5039
f 268/358/5040 541/713/5040 549/761/5040
f 540/712/5041 539/711/5041 1243/1621/5041
f 538/710/5042 1240/1618/5042 539/711/5042
f 533/701/5043 532/699/5043 538/710/5043
f 1223/1595/5044 532/699/5044 531/698/5044
f 531/697/5045 529/695/5045 1205/1560/5045
f 534/705/5046 528/694/5046 530/696/5046
f 1203/1556/5047 529/695/5047 527/693/5047
f 1192/1545/5048 527/692/5048 526/691/5048
f 522/687/5049 526/691/5049 523/688/5049
f 522/687/5050 520/685/5050 1188/1541/5050
f 521/686/5051 515/680/5051 519/684/5051
f 520/685/5052 518/683/5052 2643/3709/5052
f 2643/3709/5053 518/683/5053 517/682/5053
f 2638/3700/5054 517/682/5054 514/681/5054
f 519/684/5055 515/680/5055 516/679/5055
f 2638/3700/5056 514/681/5056 513/3800/5056
f 512/1049/5057 792/1046/5057 513/3698/5057
f 510/673/5058 509/672/5058 512/675/5058
f 508/671/5059 2661/3788/5059 509/672/5059
f 507/670/5060 2661/3788/5060 508/671/5060
f 511/674/5061 504/667/5061 506/669/5061
f 504/667/5062 515/678/5062 499/663/5062
f 498/3801/5063 489/645/5063 500/664/5063
f 524/689/5064 497/657/5064 499/660/5064
f 525/690/5065 496/658/5065 497/657/5065
f 496/656/5066 528/694/5066 495/655/5066
f 495/655/5067 536/704/5067 494/654/5067
f 494/654/5068 536/704/5068 263/347/5068
f 494/654/5069 261/346/5069 493/653/5069
f 493/653/5070 261/346/5070 490/651/5070
f 484/638/5071 490/646/5071 261/342/5071
f 490/651/5072 492/650/5072 493/653/5072
f 491/648/5073 489/647/5073 498/659/5073
f 488/644/5074 500/664/5074 489/645/5074
f 503/666/5075 488/644/5075 487/643/5075
f 502/665/5076 487/643/5076 485/641/5076
f 502/665/5077 485/641/5077 478/630/5077
f 484/638/5078 486/642/5078 490/646/5078
f 482/635/5079 483/637/5079 466/613/5079
f 478/630/5080 485/641/5080 481/633/5080
f 477/629/5081 502/665/5081 478/630/5081
f 476/628/5082 501/662/5082 477/629/5082
f 475/627/5083 505/668/5083 476/628/5083
f 474/626/5084 507/670/5084 475/627/5084
f 2659/3786/5085 474/626/5085 452/596/5085
f 479/631/5086 471/622/5086 473/625/5086
f 479/631/5087 469/623/5087 471/622/5087
f 480/636/5088 468/617/5088 469/618/5088
f 482/635/5089 466/613/5089 468/617/5089
f 470/621/5090 467/620/5090 464/610/5090
f 466/613/5091 483/637/5091 465/614/5091
f 465/640/5092 484/638/5092 260/341/5092
f 458/604/5093 470/621/5093 464/610/5093
f 458/604/5094 2667/3802/5094 470/621/5094
f 456/602/5095 470/621/5095 2667/3802/5095
f 457/603/5096 2667/3802/5096 458/604/5096
f 456/602/5097 2667/3802/5097 457/603/5097
f 454/600/5098 470/621/5098 456/602/5098
f 472/624/5099 454/599/5099 453/597/5099
f 472/624/5100 453/597/5100 452/596/5100
f 451/594/5101 2659/3786/5101 452/596/5101
f 2658/3785/5102 451/594/5102 449/593/5102
f 448/590/5103 2655/3782/5103 449/591/5103
f 447/589/5104 808/1066/5104 448/590/5104
f 446/588/5105 809/1067/5105 447/589/5105
f 444/586/5106 828/1088/5106 446/588/5106
f 826/1086/5107 444/586/5107 443/585/5107
f 443/584/5108 442/583/5108 779/1031/5108
f 442/583/5109 441/582/5109 769/1018/5109
f 440/580/5110 766/1015/5110 441/582/5110
f 445/587/5111 438/576/5111 439/579/5111
f 438/576/5112 450/592/5112 437/577/5112
f 437/575/5113 455/601/5113 434/572/5113
f 435/573/5114 440/580/5114 436/574/5114
f 435/573/5115 433/571/5115 432/570/5115
f 432/570/5116 430/568/5116 754/1001/5116
f 434/572/5117 428/566/5117 431/569/5117
f 430/568/5118 429/567/5118 754/1001/5118
f 429/567/5119 427/565/5119 750/1002/5119
f 459/605/5120 426/564/5120 428/566/5120
f 424/993/5121 747/991/5121 427/995/5121
f 425/561/5122 426/564/5122 459/605/5122
f 463/609/5123 421/562/5123 425/561/5123
f 424/560/5124 423/559/5124 733/971/5124
f 423/559/5125 422/558/5125 725/961/5125
f 422/558/5126 420/557/5126 727/963/5126
f 420/554/5127 419/553/5127 728/966/5127
f 419/553/5128 418/552/5128 702/921/5128
f 417/551/5129 701/919/5129 418/552/5129
f 417/551/5130 416/550/5130 684/899/5130
f 415/549/5131 642/831/5131 416/550/5131
f 644/832/5132 415/549/5132 413/547/5132
f 258/337/5133 411/545/5133 414/548/5133
f 412/546/5134 680/893/5134 413/547/5134
f 410/544/5135 678/891/5135 412/546/5135
f 410/544/5136 409/543/5136 678/891/5136
f 679/892/5137 409/543/5137 407/3803/5137
f 407/539/5138 406/537/5138 679/3804/5138
f 679/3804/5139 406/537/5139 398/527/5139
f 401/530/5140 400/528/5140 402/532/5140
f 398/527/5141 406/537/5141 400/528/5141
f 397/890/5142 679/892/5142 398/3805/5142
f 396/523/5143 673/874/5143 397/524/5143
f 395/522/5144 671/872/5144 396/523/5144
f 394/519/5145 399/526/5145 393/518/5145
f 392/516/5146 391/515/5146 395/520/5146
f 670/869/5147 391/515/5147 390/513/5147
f 387/508/5148 665/863/5148 390/513/5148
f 393/518/5149 388/511/5149 389/510/5149
f 386/507/5150 663/862/5150 387/508/5150
f 386/507/5151 385/506/5151 660/854/5151
f 656/846/5152 385/881/5152 382/3806/5152
f 384/503/5153 388/509/5153 383/504/5153
f 383/502/5154 403/534/5154 380/499/5154
f 656/846/5155 382/3806/5155 381/851/5155
f 657/847/5156 381/851/5156 379/850/5156
f 380/499/5157 403/534/5157 378/497/5157
f 404/535/5158 377/494/5158 378/497/5158
f 377/494/5159 405/536/5159 249/495/5159
f 376/491/5160 375/490/5160 379/3807/5160
f 379/3807/5161 375/490/5161 374/489/5161
f 374/489/5162 371/486/5162 622/806/5162
f 245/320/5163 372/487/5163 373/488/5163
f 369/484/5164 626/810/5164 371/486/5164
f 368/483/5165 625/809/5165 369/484/5165
f 368/482/5166 367/481/5166 615/795/5166
f 237/310/5167 365/479/5167 241/314/5167
f 233/306/5168 365/479/5168 237/310/5168
f 367/481/5169 366/480/5169 364/478/5169
f 361/475/5170 613/793/5170 364/478/5170
f 233/306/5171 363/477/5171 365/479/5171
f 360/474/5172 613/793/5172 361/475/5172
f 359/473/5173 355/466/5173 360/474/5173
f 358/471/5174 223/296/5174 357/472/5174
f 223/3808/5175 2668/3809/5175 357/3810/5175
f 357/3810/5176 2668/3809/5176 2669/3811/5176
f 2669/3812/5177 352/462/5177 357/470/5177
f 352/462/5178 2669/3812/5178 2670/3813/5178
f 352/462/5179 2670/3813/5179 348/458/5179
f 181/240/5180 348/458/5180 2670/3813/5180
f 184/243/5181 2670/3813/5181 2669/3812/5181
f 2671/3814/5182 184/243/5182 2669/3812/5182
f 2669/3811/5183 206/271/5183 2671/3815/5183
f 2672/3816/5184 2671/3815/5184 206/271/5184
f 2671/3815/5185 2672/3816/5185 2673/3817/5185
f 2673/3817/5186 2674/3818/5186 2671/3815/5186
f 2674/3819/5187 2675/3820/5187 2671/3814/5187
f 187/246/5188 2671/3814/5188 2675/3820/5188
f 2674/3819/5189 191/250/5189 2675/3820/5189
f 2676/3821/5190 191/250/5190 2674/3819/5190
f 204/269/5191 2676/3822/5191 2674/3818/5191
f 204/269/5192 2674/3818/5192 2673/3817/5192
f 2672/3816/5193 2677/3823/5193 2673/3817/5193
f 205/270/5194 2673/3817/5194 2677/3823/5194
f 2672/3816/5195 205/270/5195 2677/3823/5195
f 2669/3811/5196 2678/3824/5196 206/271/5196
f 206/271/5197 2678/3824/5197 213/284/5197
f 2679/3825/5198 2678/3824/5198 2669/3811/5198
f 2679/3825/5199 214/285/5199 2678/3824/5199
f 2679/3825/5200 220/291/5200 214/285/5200
f 2669/3811/5201 2668/3809/5201 2679/3825/5201
f 223/3808/5202 2679/3825/5202 2668/3809/5202
f 359/473/5203 356/467/5203 355/466/5203
f 355/465/5204 353/463/5204 609/787/5204
f 354/464/5205 357/470/5205 352/462/5205
f 609/787/5206 353/463/5206 351/461/5206
f 350/460/5207 591/769/5207 351/461/5207
f 350/460/5208 345/455/5208 591/769/5208
f 352/462/5209 348/458/5209 349/459/5209
f 2680/3826/5210 347/457/5210 348/458/5210
f 180/239/5211 2680/3826/5211 348/458/5211
f 2681/3827/5212 347/457/5212 2680/3826/5212
f 2680/3826/5213 2682/3828/5213 2681/3827/5213
f 2682/3828/5214 2683/3829/5214 2681/3827/5214
f 2684/3830/5215 2681/3827/5215 2683/3829/5215
f 2684/3830/5216 2683/3829/5216 2685/3831/5216
f 2684/3830/5217 2685/3831/5217 177/236/5217
f 2686/3832/5218 2684/3830/5218 177/236/5218
f 2686/3832/5219 2687/3833/5219 2684/3830/5219
f 176/234/5220 2687/3833/5220 2686/3832/5220
f 176/234/5221 2688/3834/5221 2687/3833/5221
f 2687/3833/5222 2688/3834/5222 343/453/5222
f 154/205/5223 2688/3834/5223 176/234/5223
f 339/449/5224 2688/3834/5224 154/205/5224
f 2685/3831/5225 2682/3828/5225 177/236/5225
f 2684/3830/5226 2687/3833/5226 2681/3827/5226
f 2681/3827/5227 2687/3833/5227 346/456/5227
f 2685/3831/5228 2683/3829/5228 2682/3828/5228
f 177/236/5229 2682/3828/5229 2680/3826/5229
f 347/457/5230 2681/3827/5230 346/456/5230
f 2687/3833/5231 343/453/5231 346/456/5231
f 344/454/5232 591/769/5232 345/455/5232
f 2688/3834/5233 340/450/5233 343/453/5233
f 344/454/5234 342/452/5234 341/451/5234
f 338/448/5235 584/762/5235 341/451/5235
f 339/449/5236 340/450/5236 2688/3834/5236
f 2689/3835/5237 337/447/5237 339/449/5237
f 153/204/5238 2689/3835/5238 339/449/5238
f 2689/3835/5239 333/443/5239 337/447/5239
f 2690/3836/5240 333/443/5240 2689/3835/5240
f 2690/3836/5241 2689/3835/5241 150/201/5241
f 338/448/5242 336/446/5242 584/762/5242
f 336/446/5243 335/445/5243 570/745/5243
f 335/445/5244 332/442/5244 569/744/5244
f 337/447/5245 333/443/5245 334/444/5245
f 2690/3836/5246 149/200/5246 333/443/5246
f 329/439/5247 569/744/5247 332/442/5247
f 327/437/5248 569/744/5248 329/439/5248
f 327/437/5249 325/435/5249 569/744/5249
f 322/434/5250 326/436/5250 328/438/5250
f 322/434/5251 328/438/5251 141/190/5251
f 325/435/5252 324/433/5252 565/740/5252
f 563/739/5253 324/433/5253 323/432/5253
f 562/736/5254 323/431/5254 321/425/5254
f 2691/3837/5255 320/422/5255 140/427/5255
f 562/736/5256 321/425/5256 319/420/5256
f 2691/3837/5257 132/423/5257 320/422/5257
f 137/3838/5258 132/423/5258 2691/3837/5258
f 318/419/5259 562/736/5259 319/420/5259
f 305/401/5260 318/419/5260 316/417/5260
f 310/408/5261 307/403/5261 309/406/5261
f 306/402/5262 298/394/5262 304/400/5262
f 560/734/5263 305/401/5263 303/399/5263
f 298/394/5264 301/397/5264 304/400/5264
f 560/734/5265 303/399/5265 302/398/5265
f 300/396/5266 572/747/5266 302/398/5266
f 300/396/5267 297/393/5267 574/749/5267
f 298/394/5268 299/395/5268 301/397/5268
f 308/404/5269 296/390/5269 298/394/5269
f 297/393/5270 295/392/5270 576/751/5270
f 79/106/5271 2692/3839/5271 294/388/5271
f 294/388/5272 2692/3839/5272 2693/3840/5272
f 211/281/5273 294/388/5273 2693/3840/5273
f 215/286/5274 294/388/5274 211/281/5274
f 2694/3841/5275 2693/3842/5275 2692/3843/5275
f 2694/3841/5276 2692/3843/5276 2695/3844/5276
f 2694/3841/5277 2695/3844/5277 2696/3845/5277
f 2697/3846/5278 2694/3841/5278 2696/3845/5278
f 2697/3846/5279 2696/3845/5279 2698/3847/5279
f 2697/3846/5280 2698/3847/5280 2699/3848/5280
f 2699/3848/5281 2700/3849/5281 2697/3846/5281
f 2697/3846/5282 2700/3849/5282 2701/3850/5282
f 2700/3849/5283 2702/3851/5283 2701/3850/5283
f 2701/3850/5284 2702/3851/5284 207/3852/5284
f 2701/3850/5285 207/3852/5285 210/3853/5285
f 2701/3850/5286 210/3853/5286 2693/3842/5286
f 2702/3854/5287 199/262/5287 207/3855/5287
f 2700/3849/5288 2703/3856/5288 2702/3851/5288
f 2703/3857/5289 2704/3858/5289 2702/3854/5289
f 2704/3858/5290 198/261/5290 2702/3854/5290
f 2705/3859/5291 198/261/5291 2704/3858/5291
f 2706/3860/5292 2705/3859/5292 2704/3858/5292
f 2707/3861/5293 2706/3860/5293 2704/3858/5293
f 2707/3861/5294 2708/3862/5294 2706/3860/5294
f 2706/3860/5295 2708/3862/5295 2709/3863/5295
f 2709/3863/5296 195/257/5296 2706/3860/5296
f 2709/3863/5297 2710/3864/5297 195/257/5297
f 2710/3864/5298 2711/3865/5298 195/257/5298
f 2710/3864/5299 171/228/5299 2711/3865/5299
f 2710/3864/5300 2712/3866/5300 171/228/5300
f 2713/3867/5301 171/228/5301 2712/3866/5301
f 2712/3866/5302 2714/3868/5302 2713/3867/5302
f 2714/3868/5303 170/227/5303 2713/3867/5303
f 2715/3869/5304 170/227/5304 2714/3868/5304
f 2714/3868/5305 169/226/5305 2715/3869/5305
f 2716/3870/5306 169/226/5306 2714/3868/5306
f 2716/3870/5307 2714/3868/5307 2712/3866/5307
f 2709/3863/5308 2716/3870/5308 2712/3866/5308
f 2710/3864/5309 2709/3863/5309 2712/3866/5309
f 2709/3863/5310 2708/3862/5310 2716/3870/5310
f 2708/3862/5311 168/225/5311 2716/3870/5311
f 2717/3871/5312 168/225/5312 2708/3862/5312
f 2718/3872/5313 2717/3871/5313 2708/3862/5313
f 67/3873/5314 2717/3871/5314 2718/3872/5314
f 67/3873/5315 165/223/5315 2717/3871/5315
f 2718/3872/5316 2708/3862/5316 2707/3861/5316
f 69/91/5317 2718/3874/5317 2707/3875/5317
f 69/91/5318 2707/3875/5318 2719/3876/5318
f 2699/3848/5319 69/91/5319 2719/3876/5319
f 2719/3876/5320 2707/3875/5320 2700/3849/5320
f 2706/3860/5321 195/257/5321 2705/3859/5321
f 2707/3861/5322 2704/3858/5322 2703/3857/5322
f 2700/3849/5323 2707/3875/5323 2703/3856/5323
f 2719/3876/5324 2700/3849/5324 2699/3848/5324
f 2699/3848/5325 2698/3847/5325 2720/3877/5325
f 2699/3848/5326 2720/3877/5326 70/92/5326
f 70/92/5327 2720/3877/5327 2721/3878/5327
f 2720/3877/5328 2722/3879/5328 2721/3878/5328
f 2696/3845/5329 2721/3878/5329 2722/3879/5329
f 2723/3880/5330 2696/3845/5330 2722/3879/5330
f 2720/3877/5331 2723/3880/5331 2722/3879/5331
f 2720/3877/5332 2698/3847/5332 2723/3880/5332
f 2698/3847/5333 2696/3845/5333 2723/3880/5333
f 2701/3850/5334 2694/3841/5334 2697/3846/5334
f 2695/3844/5335 2721/3878/5335 2696/3845/5335
f 2695/3844/5336 72/94/5336 2721/3878/5336
f 2695/3844/5337 2692/3843/5337 78/103/5337
f 2701/3850/5338 2693/3842/5338 2694/3841/5338
f 295/389/5339 292/386/5339 291/385/5339
f 575/753/5340 291/385/5340 284/384/5340
f 283/375/5341 573/748/5341 284/376/5341
f 577/754/5342 283/375/5342 282/374/5342
f 282/374/5343 279/371/5343 583/760/5343
f 281/373/5344 286/378/5344 280/372/5344
f 280/372/5345 287/379/5345 277/369/5345
f 579/756/5346 279/371/5346 278/370/5346
f 581/758/5347 278/370/5347 276/368/5347
f 275/367/5348 582/759/5348 276/368/5348
f 274/366/5349 582/759/5349 275/367/5349
f 273/365/5350 582/759/5350 274/366/5350
f 272/363/5351 580/757/5351 273/365/5351
f 271/362/5352 580/757/5352 272/363/5352
f 271/362/5353 270/361/5353 550/724/5353
f 549/723/5354 270/361/5354 268/359/5354
f 268/358/5355 267/356/5355 541/713/5355
f 264/355/5356 537/709/5356 267/356/5356
f 266/352/5357 269/360/5357 265/353/5357
f 263/349/5358 536/707/5358 264/350/5358
f 494/654/5359 263/347/5359 261/346/5359
f 260/341/5360 484/638/5360 261/342/5360
f 260/340/5361 259/339/5361 421/555/5361
f 259/339/5362 258/337/5362 414/548/5362
f 257/336/5363 411/545/5363 258/337/5363
f 254/332/5364 408/540/5364 257/335/5364
f 262/345/5365 255/333/5365 256/334/5365
f 255/333/5366 265/351/5366 253/331/5366
f 251/329/5367 408/540/5367 254/332/5367
f 253/331/5368 265/351/5368 252/330/5368
f 251/329/5369 250/328/5369 408/540/5369
f 250/328/5370 249/327/5370 405/3881/5370
f 248/326/5371 373/492/5371 249/327/5371
f 248/326/5372 245/325/5372 373/492/5372
f 252/330/5373 246/324/5373 247/323/5373
f 245/320/5374 244/319/5374 372/487/5374
f 244/319/5375 243/318/5375 242/316/5375
f 241/315/5376 370/485/5376 242/316/5376
f 246/321/5377 239/312/5377 240/313/5377
f 241/314/5378 238/311/5378 237/310/5378
f 236/309/5379 239/312/5379 235/308/5379
f 237/310/5380 234/307/5380 233/306/5380
f 230/303/5381 362/476/5381 233/306/5381
f 2724/3882/5382 362/476/5382 230/303/5382
f 2725/3883/5383 2724/3882/5383 230/303/5383
f 2725/3883/5384 228/301/5384 2724/3882/5384
f 2724/3882/5385 226/299/5385 362/476/5385
f 232/305/5386 235/308/5386 231/304/5386
f 231/304/5387 277/369/5387 229/302/5387
f 230/303/5388 228/301/5388 2725/3883/5388
f 229/302/5389 289/381/5389 227/300/5389
f 2724/3882/5390 228/301/5390 226/299/5390
f 288/380/5391 224/297/5391 227/300/5391
f 362/476/5392 226/299/5392 225/298/5392
f 358/471/5393 225/298/5393 223/296/5393
f 288/380/5394 222/293/5394 224/297/5394
f 220/291/5395 2679/3825/5395 223/3808/5395
f 288/380/5396 221/294/5396 222/293/5396
f 221/292/5397 290/383/5397 219/290/5397
f 219/290/5398 290/383/5398 218/289/5398
f 218/289/5399 293/387/5399 217/288/5399
f 217/288/5400 294/388/5400 215/286/5400
f 220/291/5401 216/287/5401 214/285/5401
f 2678/3824/5402 214/285/5402 213/284/5402
f 215/286/5403 211/281/5403 212/283/5403
f 211/281/5404 2693/3840/5404 210/282/5404
f 194/258/5405 2711/3865/5405 179/277/5405
f 179/277/5406 2711/3865/5406 173/230/5406
f 210/3853/5407 207/3852/5407 209/3884/5407
f 206/271/5408 213/284/5408 208/273/5408
f 2672/3816/5409 206/271/5409 205/270/5409
f 204/269/5410 2673/3817/5410 205/270/5410
f 204/269/5411 202/268/5411 2676/3822/5411
f 203/266/5412 207/272/5412 199/267/5412
f 201/264/5413 2676/3885/5413 202/265/5413
f 201/264/5414 192/252/5414 2676/3885/5414
f 201/264/5415 200/263/5415 192/252/5415
f 197/260/5416 192/252/5416 200/263/5416
f 2702/3854/5417 198/261/5417 199/262/5417
f 2705/3859/5418 196/259/5418 198/261/5418
f 195/257/5419 196/259/5419 2705/3859/5419
f 195/257/5420 2711/3865/5420 194/258/5420
f 197/260/5421 193/253/5421 192/252/5421
f 192/251/5422 191/250/5422 2676/3821/5422
f 2675/3820/5423 191/250/5423 188/247/5423
f 194/255/5424 189/248/5424 190/249/5424
f 187/246/5425 2675/3820/5425 188/247/5425
f 186/245/5426 2671/3814/5426 187/246/5426
f 184/243/5427 2671/3814/5427 186/245/5427
f 189/248/5428 183/242/5428 185/244/5428
f 184/243/5429 181/240/5429 2670/3813/5429
f 208/275/5430 182/241/5430 183/242/5430
f 208/275/5431 179/238/5431 182/241/5431
f 181/240/5432 180/239/5432 348/458/5432
f 178/237/5433 2680/3826/5433 180/239/5433
f 177/236/5434 2680/3826/5434 178/237/5434
f 176/234/5435 2686/3832/5435 177/236/5435
f 154/205/5436 176/234/5436 175/233/5436
f 175/232/5437 172/229/5437 155/3886/5437
f 155/3886/5438 172/229/5438 166/222/5438
f 179/277/5439 173/230/5439 174/231/5439
f 2711/3865/5440 171/228/5440 173/230/5440
f 2713/3867/5441 170/227/5441 171/228/5441
f 2715/3869/5442 169/226/5442 170/227/5442
f 2716/3870/5443 168/225/5443 169/226/5443
f 2717/3871/5444 165/223/5444 168/225/5444
f 166/222/5445 172/229/5445 167/224/5445
f 155/3886/5446 166/222/5446 163/221/5446
f 164/3887/5447 165/223/5447 66/3888/5447
f 66/88/5448 60/82/5448 164/219/5448
f 163/218/5449 157/209/5449 155/208/5449
f 156/207/5450 161/215/5450 152/203/5450
f 155/206/5451 154/205/5451 175/233/5451
f 153/204/5452 339/449/5452 154/205/5452
f 150/201/5453 2689/3835/5453 153/204/5453
f 161/215/5454 151/202/5454 152/203/5454
f 150/201/5455 149/200/5455 2690/3836/5455
f 148/199/5456 331/441/5456 149/200/5456
f 148/199/5457 146/197/5457 331/441/5457
f 151/202/5458 145/196/5458 147/198/5458
f 145/196/5459 162/216/5459 120/162/5459
f 143/194/5460 146/197/5460 144/195/5460
f 142/191/5461 330/440/5461 143/194/5461
f 141/190/5462 328/438/5462 142/191/5462
f 141/189/5463 140/188/5463 322/3889/5463
f 138/3890/5464 2691/3837/5464 140/427/5464
f 137/3838/5465 2691/3837/5465 138/3890/5465
f 139/187/5466 134/183/5466 136/182/5466
f 135/181/5467 133/180/5467 137/3838/5467
f 137/3838/5468 133/180/5468 132/423/5468
f 317/418/5469 132/421/5469 131/407/5469
f 102/133/5470 131/174/5470 129/173/5470
f 134/193/5471 128/170/5471 130/172/5471
f 126/168/5472 128/170/5472 124/166/5472
f 127/169/5473 125/167/5473 123/165/5473
f 127/169/5474 123/165/5474 116/157/5474
f 121/163/5475 124/166/5475 120/162/5475
f 162/216/5476 119/161/5476 120/162/5476
f 117/159/5477 122/164/5477 118/160/5477
f 116/157/5478 123/165/5478 117/159/5478
f 115/155/5479 127/169/5479 116/157/5479
f 114/3891/5480 104/3892/5480 115/3893/5480
f 104/3892/5481 114/3891/5481 108/3894/5481
f 114/153/5482 110/147/5482 108/145/5482
f 111/148/5483 107/143/5483 109/146/5483
f 111/148/5484 106/144/5484 107/143/5484
f 108/145/5485 105/139/5485 104/138/5485
f 104/137/5486 103/135/5486 115/155/5486
f 129/171/5487 103/135/5487 102/134/5487
f 102/133/5488 99/130/5488 312/411/5488
f 106/141/5489 100/131/5489 101/132/5489
f 106/141/5490 98/129/5490 100/131/5490
f 99/130/5491 97/128/5491 315/414/5491
f 112/150/5492 96/127/5492 98/129/5492
f 94/125/5493 315/414/5493 97/128/5493
f 95/126/5494 96/127/5494 113/152/5494
f 94/125/5495 93/124/5495 315/414/5495
f 93/124/5496 83/111/5496 314/413/5496
f 82/110/5497 314/413/5497 83/111/5497
f 82/110/5498 80/109/5498 307/416/5498
f 85/113/5499 77/99/5499 81/108/5499
f 79/391/5500 296/390/5500 80/405/5500
f 79/106/5501 78/105/5501 2692/3839/5501
f 2695/3844/5502 78/103/5502 72/94/5502
f 85/113/5503 75/100/5503 77/99/5503
f 89/120/5504 74/96/5504 75/97/5504
f 74/96/5505 64/86/5505 71/93/5505
f 76/98/5506 73/95/5506 72/94/5506
f 2721/3878/5507 72/94/5507 70/92/5507
f 70/92/5508 69/91/5508 2699/3848/5508
f 69/91/5509 67/89/5509 2718/3874/5509
f 71/93/5510 65/87/5510 68/90/5510
f 66/3888/5511 165/223/5511 67/3873/5511
f 64/86/5512 65/87/5512 71/93/5512
f 64/86/5513 91/121/5513 63/85/5513
f 6/9/5514 61/83/5514 63/85/5514
f 66/88/5515 62/84/5515 60/82/5515
f 60/82/5516 59/81/5516 164/219/5516
f 59/81/5517 41/49/5517 40/48/5517
f 59/81/5518 40/48/5518 39/47/5518
f 37/45/5519 158/211/5519 39/47/5519
f 37/45/5520 36/44/5520 158/211/5520
f 36/44/5521 35/43/5521 159/212/5521
f 33/39/5522 26/32/5522 35/217/5522
f 34/40/5523 38/46/5523 32/41/5523
f 31/37/5524 27/33/5524 33/39/5524
f 58/80/5525 30/36/5525 32/38/5525
f 30/36/5526 49/58/5526 29/35/5526
f 29/35/5527 49/58/5527 24/28/5527
f 31/37/5528 28/34/5528 27/33/5528
f 33/39/5529 27/33/5529 26/32/5529
f 119/161/5530 26/32/5530 25/31/5530
f 25/31/5531 23/30/5531 95/158/5531
f 24/28/5532 50/60/5532 22/29/5532
f 95/126/5533 23/27/5533 21/25/5533
f 50/63/5534 20/24/5534 22/26/5534
f 18/22/5535 15/19/5535 21/25/5535
f 56/71/5536 19/23/5536 20/24/5536
f 56/71/5537 11/15/5537 19/23/5537
f 19/23/5538 11/15/5538 2726/3895/5538
f 19/23/5539 2726/3895/5539 17/21/5539
f 2726/3895/5540 12/16/5540 17/21/5540
f 18/22/5541 16/20/5541 15/19/5541
f 15/19/5542 14/18/5542 86/114/5542
f 14/18/5543 10/14/5543 88/116/5543
f 17/21/5544 12/16/5544 13/17/5544
f 2726/3895/5545 11/15/5545 12/16/5545
f 56/71/5546 9/13/5546 11/15/5546
f 2/3/5547 7/10/5547 9/13/5547
f 8/12/5548 6/11/5548 10/14/5548
f 6/9/5549 5/8/5549 61/83/5549
f 5/8/5550 4/6/5550 44/52/5550
f 4/6/5551 3/5/5551 45/53/5551
f 3/4/5552 2/3/5552 57/72/5552
f 7/10/5553 2/3/5553 1/2/5553
o Object.2
v 0.116156 -0.471328 0.165851
v 0.104490 -0.456290 0.147654
v 0.116001 -0.450554 0.128780
v 0.101544 -0.448383 0.126338
v 0.099064 -0.461948 0.159262
v 0.083483 -0.454895 0.140387
v 0.078445 -0.449159 0.114187
v 0.071469 -0.454662 0.127675
v 0.070771 -0.455592 0.081321
v 0.076430 -0.455205 0.070585
v 0.080460 -0.475436 0.033766
v 0.065733 -0.459623 0.073647
v 0.063950 -0.473498 0.049017
v 0.066663 -0.485125 0.033630
v 0.051392 -0.469312 0.068124
v 0.054105 -0.464584 0.090177
v 0.058911 -0.462026 0.075411
v 0.062865 -0.457840 0.109750
v 0.065965 -0.453112 0.107657
v 0.066818 -0.465514 0.148023
v 0.075422 -0.469933 0.160813
v 0.084879 -0.462956 0.154495
v 0.093405 -0.476056 0.170657
v 0.054570 -0.477839 0.151705
v 0.062399 -0.477141 0.154418
v 0.064105 -0.474428 0.159882
v 0.056741 -0.464972 0.129768
v 0.061082 -0.461483 0.132888
v 0.048447 -0.468537 0.125582
v 0.047749 -0.465979 0.107134
v 0.045501 -0.471560 0.102153
v 0.049067 -0.474041 0.070915
v 0.043951 -0.478149 0.064288
v 0.040385 -0.484195 0.071768
v 0.035967 -0.488071 0.073783
v 0.033021 -0.487141 0.115796
v 0.032634 -0.481560 0.109246
v 0.040618 -0.486366 0.136492
v 0.038990 -0.480087 0.119652
v 0.044106 -0.477064 0.136357
v 0.039300 -0.472568 0.111862
v 0.054415 -0.483653 0.150929
v 0.167083 -0.482335 0.108083
v 0.169912 -0.486133 0.074345
v 0.130419 -0.474351 0.035956
v 0.145224 -0.481870 0.034347
v 0.153440 -0.479312 0.049095
v 0.159642 -0.479777 0.057311
v 0.146115 -0.467607 0.065218
v 0.150107 -0.465204 0.096069
v 0.158983 -0.471328 0.108199
v 0.160068 -0.480319 0.143604
v 0.155688 -0.469157 0.132326
v 0.147317 -0.467375 0.137868
v 0.144022 -0.460941 0.117753
v 0.140883 -0.462646 0.072446
v 0.131039 -0.457375 0.080934
v 0.136813 -0.456677 0.126939
v 0.124566 -0.451252 0.107056
v 0.118481 -0.455670 0.072233
v 0.106505 -0.447066 0.097968
v 0.108831 -0.458771 0.056652
v 0.092087 -0.446213 0.095216
v 0.104451 -0.471870 0.033475
v 0.089840 -0.456755 0.061012
v 0.093289 -0.477064 0.029057
v 0.119101 -0.475436 0.031363
v 0.082941 -0.448616 0.091941
v 0.119101 -0.465282 0.049579
v 0.129953 -0.462956 0.149747
v 0.142666 -0.477762 0.160890
v 0.141271 -0.473808 0.047060
v 0.113415 -0.483705 0.175967
v 0.126343 -0.483448 0.173902
v 0.111284 -0.483802 0.175216
v 0.084918 -0.492323 0.019440
v 0.087069 -0.492355 0.017590
v 0.082027 -0.492366 0.020200
v 0.058069 -0.492248 0.035924
v 0.059554 -0.492294 0.034178
v 0.056817 -0.492207 0.037428
v 0.089442 -0.484425 0.174935
v 0.086940 -0.484495 0.174927
v 0.091455 -0.484309 0.176134
v 0.110110 -0.483784 0.176217
v 0.105566 -0.483899 0.176464
v 0.081430 -0.484805 0.171789
v 0.053091 -0.486460 0.154485
v 0.062664 -0.485831 0.161733
v 0.065391 -0.485703 0.162773
v 0.066101 -0.485574 0.164956
v 0.080220 -0.484923 0.170118
v 0.077662 -0.484967 0.170668
v 0.055461 -0.492187 0.038590
v 0.056412 -0.492164 0.038531
v 0.044346 -0.491649 0.055545
v 0.043387 -0.491527 0.058533
v 0.040666 -0.491391 0.062779
v 0.033962 -0.490808 0.078168
v 0.032607 -0.489599 0.103111
v 0.031850 -0.488837 0.118777
v 0.035385 -0.488530 0.122955
v 0.037865 -0.488176 0.128647
v 0.040598 -0.487682 0.137018
v 0.049855 -0.486772 0.150051
v 0.043293 -0.487411 0.140935
v 0.053590 -0.486526 0.152901
v 0.168688 -0.485136 0.116511
v 0.170448 -0.486110 0.096036
v 0.170909 -0.487130 0.075376
v 0.169702 -0.487522 0.068200
v 0.140679 -0.490665 0.021506
v 0.123798 -0.491440 0.015427
v 0.143595 -0.490501 0.023165
v 0.145673 -0.490278 0.026462
v 0.164875 -0.488641 0.048497
v 0.166308 -0.488482 0.050893
v 0.089035 -0.492325 0.017108
v 0.090289 -0.492286 0.017183
v 0.120111 -0.491588 0.014512
v 0.121988 -0.491522 0.014791
v 0.129693 -0.483439 0.172198
v 0.128214 -0.483515 0.171508
v 0.130545 -0.483512 0.170273
v 0.135029 -0.483398 0.170049
v 0.150122 -0.483401 0.161579
v 0.158557 -0.483671 0.151473
v 0.165095 -0.484268 0.135872
vn 0.0278 -0.9984 0.0499
vn 0.0277 -0.9984 0.0499
vn 0.0279 -0.9984 0.0499
vn 0.0284 -0.9983 0.0500
vn 0.3426 0.8202 0.4582
vn 0.5477 0.7309 0.4073
vn 0.7197 0.4949 -0.4869
vn 0.5276 0.6792 -0.5102
vn 0.5700 0.7236 -0.3892
vn 0.5700 0.7236 -0.3893
vn 0.3909 0.6019 0.6963
vn 0.0048 0.8499 0.5270
vn 0.8490 0.3854 0.3614
vn -0.3313 0.6989 0.6339
vn 0.4998 0.8493 0.1698
vn -0.1635 0.9819 -0.0960
vn 0.5000 0.8642 -0.0563
vn 0.1366 0.9882 0.0698
vn 0.0485 0.9973 0.0548
vn -0.0829 0.9921 0.0944
vn -0.1585 0.9577 0.2402
vn -0.2492 0.9349 0.2526
vn -0.6267 0.7792 -0.0062
vn -0.2896 0.9498 -0.1183
vn -0.7538 0.5376 -0.3779
vn -0.1140 0.9084 -0.4023
vn -0.3159 0.8363 -0.4482
vn -0.5851 0.4292 -0.6880
vn -0.5852 0.4292 -0.6880
vn -0.1928 0.6377 -0.7458
vn 0.0287 0.6113 -0.7909
vn 0.0286 0.6113 -0.7909
vn -0.9501 -0.0287 0.3107
vn -0.3079 0.6072 0.7324
vn -0.3079 0.6072 0.7325
vn -0.5821 0.3383 0.7394
vn -0.9509 0.0657 -0.3024
vn -0.9509 0.0656 -0.3024
vn -0.5179 0.5801 0.6287
vn -0.8094 0.2281 0.5411
vn -0.9444 0.1340 0.3004
vn -0.9443 0.1341 0.3004
vn -0.6242 0.5694 -0.5350
vn -0.6177 0.5712 -0.5406
vn -0.6176 0.5712 -0.5406
vn -0.4793 0.4162 -0.7727
vn -0.1725 0.7710 -0.6130
vn 0.0058 0.9776 -0.2103
vn -0.9401 0.2081 -0.2699
vn -0.5561 0.8303 -0.0372
vn -0.3483 0.9345 -0.0738
vn -0.8510 0.5168 -0.0931
vn -0.7764 0.5976 0.2000
vn -0.6524 0.7205 0.2352
vn -0.1843 0.8841 0.4294
vn -0.3345 0.8401 0.4270
vn -0.0216 0.6870 0.7264
vn 0.1184 0.7805 0.6138
vn -0.4344 0.3076 0.8466
vn 0.1185 0.7805 0.6138
vn -0.5702 0.7140 0.4063
vn -0.7279 0.5829 0.3610
vn -0.9622 0.0802 0.2604
vn -0.6543 0.7532 0.0682
vn -0.8091 0.1004 0.5790
vn 0.0766 0.7221 -0.6875
vn 0.2005 0.7202 -0.6642
vn 0.2063 0.7183 -0.6644
vn 0.3054 0.7318 -0.6093
vn 0.3774 0.8306 -0.4094
vn 0.4158 0.8210 -0.3913
vn 0.4421 0.8093 -0.3867
vn 0.3041 0.8738 -0.3795
vn 0.5751 0.8065 -0.1372
vn 0.6158 0.7754 -0.1401
vn 0.6650 0.7381 -0.1139
vn 0.8019 0.5910 -0.0878
vn 0.7998 0.5872 0.1246
vn 0.7046 0.7026 0.0993
vn 0.7165 0.6974 -0.0184
vn 0.7164 0.6974 -0.0184
vn 0.7771 0.6076 -0.1639
vn 0.7137 0.6775 -0.1775
vn 0.8453 0.4134 0.3384
vn 0.5234 0.7431 0.4170
vn 0.5379 0.7224 0.4346
vn 0.4887 0.7075 0.5105
vn 0.2500 0.9659 0.0668
vn 0.7553 0.6499 0.0842
vn 0.6307 0.7631 0.1408
vn 0.4413 0.8947 -0.0690
vn 0.5050 0.8597 -0.0764
vn 0.4279 0.9016 -0.0636
vn 0.1904 0.9176 -0.3489
vn 0.3038 0.8900 -0.3401
vn 0.3633 0.8612 -0.3555
vn 0.3063 0.8793 -0.3647
vn 0.2134 0.8533 -0.4757
vn 0.1342 0.8516 -0.5067
vn -0.3261 0.8481 -0.4177
vn 0.3575 0.8856 -0.2965
vn -0.1479 0.9478 -0.2824
vn -0.0824 0.9591 -0.2708
vn 0.8079 0.5878 0.0415
vn 0.8962 0.4357 0.0832
vn 0.5769 0.8157 -0.0435
vn 0.5652 0.8250 0.0030
vn 0.4128 0.9086 -0.0628
vn 0.3398 0.8629 -0.3742
vn -0.0357 0.5584 0.8288
vn -0.4458 0.5657 0.6937
vn -0.2791 0.6686 0.6892
vn -0.2274 0.8356 0.5000
vn 0.0270 0.6215 0.7829
vn 0.0270 0.6216 0.7829
vn 0.4837 0.6762 0.5557
vn -0.1761 0.9148 0.3636
vn -0.2803 0.6439 0.7119
vn 0.1131 0.8679 -0.4838
vn 0.0766 0.7221 -0.6876
vn -0.4719 0.3921 0.7897
vn -0.4457 0.5657 0.6937
vn 0.2289 0.9587 0.1686
vn -0.6801 0.7312 0.0524
vn -0.1620 0.9866 0.0204
vn -0.4496 0.8823 0.1393
vn -0.5232 0.7567 0.3921
vn -0.9471 0.3110 0.0789
vn -0.8705 0.4728 -0.1369
vn -0.9169 0.3812 -0.1182
vn -0.9073 0.2441 -0.3424
vn -0.0522 0.8664 -0.4967
vn -0.7882 0.3181 -0.5268
vn -0.9360 0.1717 -0.3074
vn -0.6945 0.5510 -0.4628
vn -0.6944 0.5510 -0.4628
vn -0.6953 0.6925 -0.1925
vn -0.0864 0.9924 -0.0877
vn -0.9995 0.0101 -0.0300
vn -0.9171 0.3755 -0.1337
vn -0.3744 0.9160 -0.1441
vn 0.0938 0.9823 0.1619
vn -0.9307 0.2810 0.2342
vn -0.9130 0.3455 0.2171
vn -0.9871 -0.1460 -0.0660
vn -0.8558 0.5124 -0.0713
vn -0.8715 0.4860 -0.0657
vn -0.4380 0.8444 0.3085
vn -0.8646 0.3560 0.3546
vn -0.9160 0.0298 -0.4001
vn -0.0523 0.8664 -0.4967
vn -0.5166 0.8469 -0.1262
vn -0.8663 0.4975 0.0447
vn -0.5082 0.8528 -0.1203
vn -0.8646 0.3561 0.3546
vn -0.6713 0.6709 0.3150
vn -0.7837 0.3018 0.5430
vn -0.7837 0.3018 0.5429
vn -0.2462 0.8058 0.5385
vn -0.9739 -0.0043 0.2268
vn -0.2396 0.8476 0.4735
vn -0.0825 0.6560 -0.7503
vn -0.1688 0.8235 -0.5416
vn -0.0926 0.8358 -0.5412
vn -0.1726 0.7710 -0.6131
vn -0.3967 0.8117 -0.4286
vn -0.4507 0.8773 -0.1649
vn -0.2510 0.8365 -0.4871
vn -0.5467 0.8325 -0.0902
vn 0.3512 0.9360 -0.0241
vn -0.4829 0.7388 0.4700
vn -0.0393 0.9249 0.3781
vn -0.2453 0.9691 -0.0259
vn 0.1073 0.9581 -0.2654
vn 0.1194 0.9570 -0.2644
vn 0.2433 0.9560 -0.1638
vn -0.0025 0.9643 0.2647
vn 0.3703 0.8164 0.4431
vn 0.5108 0.7892 -0.3409
vn 0.7197 0.4950 -0.4868
vn 0.1126 0.6138 0.7814
vn -0.3313 0.6989 0.6338
vn 0.0840 0.9380 0.3363
vt 0.000000 0.000000
vt 0.363281 0.916260
vt 0.364258 0.920898
vt 0.360107 0.924316
vt 0.356506 0.925002
vt 0.356788 0.925607
vt 0.358179 0.888866
vt 0.354980 0.894775
vt 0.357499 0.889558
vt 0.351576 0.894059
vt 0.353027 0.896484
vt 0.351119 0.894576
vt 0.355006 0.924107
vt 0.351899 0.921519
vt 0.354004 0.921387
vt 0.357910 0.913574
vt 0.355989 0.924459
vt 0.358643 0.919189
vt 0.356185 0.924924
vt 0.361328 0.910400
vt 0.363037 0.901855
vt 0.365723 0.908936
vt 0.366211 0.916016
vt 0.368896 0.908936
vt 0.371094 0.914307
vt 0.369141 0.920166
vt 0.372314 0.918457
vt 0.374756 0.908203
vt 0.373535 0.906006
vt 0.374512 0.898682
vt 0.375977 0.907471
vt 0.378174 0.904297
vt 0.375009 0.894380
vt 0.374512 0.893686
vt 0.371582 0.895752
vt 0.374037 0.893297
vt 0.368408 0.895020
vt 0.373731 0.893103
vt 0.371546 0.929691
vt 0.373291 0.927002
vt 0.371992 0.929439
vt 0.375000 0.927002
vt 0.372595 0.929407
vt 0.375804 0.928608
vt 0.375977 0.927490
vt 0.376073 0.928260
vt 0.379395 0.922363
vt 0.377174 0.927317
vt 0.380557 0.924687
vt 0.379423 0.925488
vt 0.380371 0.924316
vt 0.382813 0.919189
vt 0.381682 0.923551
vt 0.380548 0.901791
vt 0.380353 0.901464
vt 0.378174 0.900146
vt 0.380040 0.900893
vt 0.375563 0.894924
vt 0.379883 0.908447
vt 0.378662 0.912109
vt 0.377441 0.908936
vt 0.375732 0.915283
vt 0.374512 0.914551
vt 0.372559 0.924072
vt 0.369385 0.925781
vt 0.367920 0.923828
vt 0.364883 0.929294
vt 0.365438 0.929353
vt 0.367780 0.929249
vt 0.372070 0.927246
vt 0.368267 0.929493
vt 0.374756 0.920898
vt 0.376221 0.920898
vt 0.367324 0.929341
vt 0.365240 0.888893
vt 0.364746 0.892578
vt 0.364746 0.888696
vt 0.361328 0.892334
vt 0.364204 0.888636
vt 0.358919 0.888520
vt 0.357666 0.891602
vt 0.358398 0.894775
vt 0.356689 0.898682
vt 0.357910 0.900635
vt 0.355225 0.906006
vt 0.352539 0.908447
vt 0.349365 0.907959
vt 0.350586 0.916748
vt 0.348719 0.910003
vt 0.349319 0.914791
vt 0.349229 0.900045
vt 0.348641 0.904857
vt 0.349609 0.899902
vt 0.349782 0.898463
vt 0.350379 0.918818
vt 0.354492 0.915527
vt 0.353027 0.913818
vt 0.356445 0.911133
vt 0.360107 0.903076
vt 0.363770 0.896729
vt 0.365967 0.899170
vt 0.370850 0.902588
vt 0.370850 0.909424
vt 0.364345 0.929294
vt 0.361219 0.928028
vt 0.364502 0.927246
vt 0.364746 0.923584
vt 0.360296 0.927630
vt 0.360062 0.927403
vt 0.359573 0.927342
vt 0.378906 0.916016
vt 0.377930 0.920898
vt 0.380127 0.915283
vt 0.380859 0.909180
vt 0.380643 0.902045
vt 0.380823 0.902195
vt 0.383325 0.906410
vt 0.382080 0.908691
vt 0.383420 0.907190
vt 0.383762 0.908498
vt 0.383057 0.910645
vt 0.384033 0.911621
vt 0.381592 0.919434
vt 0.380859 0.916748
vt 0.383545 0.920898
vt 0.384105 0.918286
vt 0.384519 0.912836
vt 0.383771 0.921876
vt 0.382778 0.922433
s 0
usemtl Mat_0.008
f 2954/3896/5554 2962/3896/5554 2913/3896/5554
f 2912/3896/5554 2954/3896/5554 2913/3896/5554
f 2954/3896/5554 2912/3896/5554 2953/3896/5554
f 2956/3896/5554 2964/3896/5554 2955/3896/5554
f 2964/3896/5554 2956/3896/5554 2965/3896/5554
f 2954/3896/5554 2964/3896/5554 2963/3896/5554
f 2954/3896/5555 2963/3896/5555 2961/3896/5555
f 2928/3896/5554 2915/3896/5554 2916/3896/5554
f 2957/3896/5554 2928/3896/5554 2916/3896/5554
f 2929/3896/5556 2957/3896/5556 2958/3896/5556
f 2929/3896/5554 2958/3896/5554 2930/3896/5554
f 2919/3896/5554 2946/3896/5554 2944/3896/5554
f 2919/3896/5554 2944/3896/5554 2945/3896/5554
f 2943/3896/5554 2919/3896/5554 2945/3896/5554
f 2942/3896/5554 2920/3896/5554 2943/3896/5554
f 2943/3896/5554 2920/3896/5554 2918/3896/5554
f 2958/3896/5556 2921/3896/5556 2922/3896/5556
f 2958/3896/5554 2922/3896/5554 2926/3896/5554
f 2958/3896/5556 2926/3896/5556 2931/3896/5556
f 2958/3896/5556 2931/3896/5556 2932/3896/5556
f 2958/3896/5554 2923/3896/5554 2921/3896/5554
f 2923/3896/5554 2958/3896/5554 2959/3896/5554
f 2960/3896/5556 2923/3896/5556 2959/3896/5556
f 2967/3896/5556 2948/3896/5556 2947/3896/5556
f 2966/3896/5554 2948/3896/5554 2967/3896/5554
f 2966/3896/5554 2949/3896/5554 2948/3896/5554
f 2949/3896/5554 2965/3896/5554 2950/3896/5554
f 2965/3896/5554 2949/3896/5554 2966/3896/5554
f 2912/3896/5554 2952/3896/5554 2951/3896/5554
f 2952/3896/5554 2912/3896/5554 2914/3896/5554
f 2952/3896/5554 2914/3896/5554 2924/3896/5554
f 2952/3896/5554 2924/3896/5554 2925/3896/5554
f 2923/3896/5554 2952/3896/5554 2925/3896/5554
f 2952/3896/5554 2923/3896/5554 2960/3896/5554
f 2934/3896/5554 2942/3896/5554 2933/3896/5554
f 2942/3896/5554 2935/3896/5554 2933/3896/5554
f 2935/3896/5556 2940/3896/5556 2936/3896/5556
f 2940/3896/5556 2937/3896/5556 2936/3896/5556
f 2939/3896/5554 2938/3896/5554 2937/3896/5554
f 2939/3896/5554 2937/3896/5554 2940/3896/5554
f 2940/3896/5554 2935/3896/5554 2941/3896/5554
f 2935/3896/5556 2942/3896/5556 2941/3896/5556
f 2920/3896/5557 2942/3896/5557 2934/3896/5557
f 2919/3896/5554 2943/3896/5554 2918/3896/5554
f 2946/3896/5554 2919/3896/5554 2917/3896/5554
f 2915/3896/5556 2946/3896/5556 2917/3896/5556
f 2927/3896/5554 2946/3896/5554 2928/3896/5554
f 2958/3896/5554 2932/3896/5554 2930/3896/5554
f 2928/3896/5556 2957/3896/5556 2929/3896/5556
f 2946/3896/5554 2915/3896/5554 2928/3896/5554
f 2965/3896/5554 2956/3896/5554 2950/3896/5554
f 2964/3896/5554 2954/3896/5554 2955/3896/5554
f 2953/3896/5556 2912/3896/5556 2951/3896/5556
f 2954/3896/5556 2961/3896/5556 2962/3896/5556
f 2842/3897/5558 2841/3898/5558 2840/3899/5558
f 2962/3900/5559 2842/3897/5559 2840/3899/5559
f 2962/3900/5559 2840/3899/5559 2913/3901/5559
f 2953/3902/5560 2886/3903/5560 2954/3904/5560
f 2955/3905/5561 2954/3904/5561 2886/3903/5561
f 2955/3905/5562 2886/3903/5562 2887/3906/5562
f 2955/3905/5563 2887/3906/5563 2956/3907/5563
f 2964/3908/5564 2965/3909/5564 2910/3910/5564
f 2964/3908/5565 2910/3910/5565 2897/3911/5565
f 2964/3908/5565 2897/3911/5565 2963/3912/5565
f 2963/3912/5566 2909/3913/5566 2961/3914/5566
f 2961/3914/5567 2909/3913/5567 2842/3897/5567
f 2842/3897/5568 2909/3913/5568 2898/3915/5568
f 2842/3897/5569 2898/3915/5569 2899/3916/5569
f 2842/3897/5570 2899/3916/5570 2900/3917/5570
f 2842/3897/5571 2900/3917/5571 2843/3918/5571
f 2843/3918/5572 2900/3917/5572 2902/3919/5572
f 2843/3918/5573 2902/3919/5573 2846/3920/5573
f 2845/3921/5574 2843/3918/5574 2846/3920/5574
f 2847/3922/5575 2845/3921/5575 2846/3920/5575
f 2848/3923/5576 2847/3922/5576 2846/3920/5576
f 2846/3920/5577 2849/3924/5577 2848/3923/5577
f 2848/3923/5578 2849/3924/5578 2850/3925/5578
f 2851/3926/5579 2848/3923/5579 2850/3925/5579
f 2852/3927/5580 2851/3926/5580 2850/3925/5580
f 2915/3928/5581 2852/3927/5581 2850/3925/5581
f 2915/3928/5582 2850/3925/5582 2916/3929/5582
f 2916/3929/5583 2905/3930/5583 2957/3931/5583
f 2957/3931/5584 2905/3930/5584 2903/3932/5584
f 2957/3931/5585 2903/3932/5585 2958/3933/5585
f 2930/3934/5586 2864/3935/5586 2929/3936/5586
f 2929/3936/5587 2864/3935/5587 2863/3937/5587
f 2929/3936/5588 2863/3937/5588 2928/3938/5588
f 2927/3939/5589 2928/3938/5589 2863/3937/5589
f 2927/3939/5590 2863/3937/5590 2881/3940/5590
f 2927/3939/5591 2881/3940/5591 2946/3941/5591
f 2946/3941/5592 2881/3940/5592 2879/3942/5592
f 2946/3941/5592 2879/3942/5592 2944/3943/5592
f 2943/3944/5593 2945/3945/5593 2877/3946/5593
f 2943/3944/5594 2877/3946/5594 2876/3947/5594
f 2943/3944/5595 2876/3947/5595 2942/3948/5595
f 2920/3949/5596 2852/3927/5596 2918/3950/5596
f 2918/3950/5597 2852/3927/5597 2853/3951/5597
f 2918/3950/5598 2853/3951/5598 2919/3952/5598
f 2917/3953/5599 2919/3952/5599 2853/3951/5599
f 2917/3953/5600 2853/3951/5600 2852/3927/5600
f 2920/3949/5596 2854/3954/5596 2852/3927/5596
f 2852/3927/5601 2854/3954/5601 2855/3955/5601
f 2852/3927/5602 2855/3955/5602 2856/3956/5602
f 2855/3955/5603 2857/3957/5603 2856/3956/5603
f 2851/3926/5604 2856/3956/5604 2857/3957/5604
f 2857/3957/5605 2858/3958/5605 2851/3926/5605
f 2857/3957/5606 2859/3959/5606 2858/3958/5606
f 2858/3958/5607 2859/3959/5607 2847/3922/5607
f 2847/3922/5608 2859/3959/5608 2860/3960/5608
f 2847/3922/5609 2860/3960/5609 2861/3961/5609
f 2921/3962/5610 2861/3961/5610 2860/3960/5610
f 2921/3962/5610 2860/3960/5610 2922/3963/5610
f 2931/3964/5611 2865/3965/5611 2932/3966/5611
f 2930/3934/5612 2932/3966/5612 2865/3965/5612
f 2931/3964/5613 2859/3959/5613 2865/3965/5613
f 2867/3967/5614 2865/3965/5614 2859/3959/5614
f 2867/3967/5615 2866/3968/5615 2865/3965/5615
f 2865/3965/5616 2866/3968/5616 2864/3935/5616
f 2857/3957/5617 2866/3968/5617 2867/3967/5617
f 2926/3969/5618 2859/3959/5618 2931/3964/5618
f 2959/3970/5619 2906/3971/5619 2960/3972/5619
f 2960/3972/5620 2906/3971/5620 2884/3973/5620
f 2960/3972/5620 2884/3973/5620 2952/3974/5620
f 2951/3975/5621 2952/3974/5621 2884/3973/5621
f 2951/3975/5622 2884/3973/5622 2885/3976/5622
f 2951/3975/5622 2885/3976/5622 2953/3902/5622
f 2884/3973/5623 2911/3977/5623 2885/3976/5623
f 2911/3977/5624 2888/3978/5624 2885/3976/5624
f 2886/3903/5625 2885/3976/5625 2888/3978/5625
f 2911/3977/5626 2895/3979/5626 2888/3978/5626
f 2895/3979/5627 2889/3980/5627 2888/3978/5627
f 2887/3906/5628 2888/3978/5628 2889/3980/5628
f 2887/3906/5629 2889/3980/5629 2890/3981/5629
f 2882/3982/5630 2887/3906/5630 2890/3981/5630
f 2882/3982/5631 2890/3981/5631 2891/3983/5631
f 2947/3984/5632 2882/3982/5632 2891/3983/5632
f 2947/3984/5632 2891/3983/5632 2967/3985/5632
f 2949/3986/5633 2882/3982/5633 2948/3987/5633
f 2949/3986/5634 2883/3988/5634 2882/3982/5634
f 2949/3986/5635 2950/3989/5635 2883/3988/5635
f 2956/3907/5636 2883/3988/5636 2950/3989/5636
f 2966/3990/5637 2967/3985/5637 2891/3983/5637
f 2966/3990/5638 2891/3983/5638 2910/3910/5638
f 2893/3991/5639 2910/3910/5639 2891/3983/5639
f 2893/3991/5640 2891/3983/5640 2892/3992/5640
f 2889/3980/5641 2893/3991/5641 2892/3992/5641
f 2894/3993/5642 2893/3991/5642 2889/3980/5642
f 2894/3993/5643 2897/3911/5643 2893/3991/5643
f 2894/3993/5644 2896/3994/5644 2897/3911/5644
f 2898/3915/5645 2897/3911/5645 2896/3994/5645
f 2895/3979/5646 2896/3994/5646 2894/3993/5646
f 2895/3979/5647 2884/3973/5647 2896/3994/5647
f 2884/3973/5648 2908/3995/5648 2896/3994/5648
f 2908/3995/5649 2899/3916/5649 2896/3994/5649
f 2901/3996/5650 2899/3916/5650 2908/3995/5650
f 2906/3971/5651 2901/3996/5651 2908/3995/5651
f 2906/3971/5652 2903/3932/5652 2901/3996/5652
f 2902/3919/5653 2901/3996/5653 2903/3932/5653
f 2904/3997/5654 2902/3919/5654 2903/3932/5654
f 2904/3997/5655 2907/3998/5655 2902/3919/5655
f 2849/3924/5656 2907/3998/5656 2904/3997/5656
f 2947/3984/5657 2948/3987/5657 2882/3982/5657
f 2890/3981/5658 2892/3992/5658 2891/3983/5658
f 2883/3988/5659 2887/3906/5659 2882/3982/5659
f 2889/3980/5660 2892/3992/5660 2890/3981/5660
f 2895/3979/5661 2894/3993/5661 2889/3980/5661
f 2884/3973/5662 2895/3979/5662 2911/3977/5662
f 2923/3999/5663 2925/4000/5663 2862/4001/5663
f 2923/3999/5664 2862/4001/5664 2861/3961/5664
f 2861/3961/5665 2862/4001/5665 2844/4002/5665
f 2861/3961/5666 2844/4002/5666 2845/3921/5666
f 2924/4003/5667 2844/4002/5667 2862/4001/5667
f 2924/4003/5668 2862/4001/5668 2925/4000/5668
f 2914/4004/5669 2844/4002/5669 2924/4003/5669
f 2914/4004/5669 2841/3898/5669 2844/4002/5669
f 2844/4002/5670 2841/3898/5670 2843/3918/5670
f 2912/4005/5671 2841/3898/5671 2914/4004/5671
f 2906/3971/5672 2908/3995/5672 2884/3973/5672
f 2959/3970/5673 2903/3932/5673 2906/3971/5673
f 2926/3969/5674 2922/3963/5674 2860/3960/5674
f 2923/3999/5675 2861/3961/5675 2921/3962/5675
f 2926/3969/5618 2860/3960/5618 2859/3959/5618
f 2867/3967/5676 2859/3959/5676 2857/3957/5676
f 2857/3957/5677 2855/3955/5677 2866/3968/5677
f 2855/3955/5678 2869/4006/5678 2866/3968/5678
f 2869/4006/5679 2868/4007/5679 2866/3968/5679
f 2868/4007/5680 2863/3937/5680 2866/3968/5680
f 2870/4008/5681 2868/4007/5681 2869/4006/5681
f 2871/4009/5682 2870/4008/5682 2869/4006/5682
f 2871/4009/5683 2869/4006/5683 2854/3954/5683
f 2934/4010/5684 2871/4009/5684 2854/3954/5684
f 2933/4011/5685 2871/4009/5685 2934/4010/5685
f 2933/4011/5686 2935/4012/5686 2872/4013/5686
f 2936/4014/5687 2872/4013/5687 2935/4012/5687
f 2937/4015/5688 2873/4016/5688 2936/4014/5688
f 2937/4015/5689 2874/4017/5689 2873/4016/5689
f 2874/4017/5690 2876/3947/5690 2873/4016/5690
f 2873/4016/5691 2876/3947/5691 2878/4018/5691
f 2873/4016/5692 2878/4018/5692 2880/4019/5692
f 2872/4013/5693 2873/4016/5693 2880/4019/5693
f 2872/4013/5694 2880/4019/5694 2870/4008/5694
f 2880/4019/5695 2879/3942/5695 2870/4008/5695
f 2880/4019/5696 2878/4018/5696 2879/3942/5696
f 2878/4018/5697 2877/3946/5697 2879/3942/5697
f 2875/4020/5698 2876/3947/5698 2874/4017/5698
f 2939/4021/5699 2875/4020/5699 2874/4017/5699
f 2939/4021/5699 2874/4017/5699 2938/4022/5699
f 2939/4021/5700 2940/4023/5700 2875/4020/5700
f 2940/4023/5701 2941/4024/5701 2875/4020/5701
f 2942/3948/5702 2875/4020/5702 2941/4024/5702
f 2937/4015/5703 2938/4022/5703 2874/4017/5703
f 2936/4014/5687 2873/4016/5687 2872/4013/5687
f 2933/4011/5704 2872/4013/5704 2871/4009/5704
f 2872/4013/5705 2870/4008/5705 2871/4009/5705
f 2870/4008/5706 2879/3942/5706 2868/4007/5706
f 2854/3954/5707 2869/4006/5707 2855/3955/5707
f 2934/4010/5684 2854/3954/5684 2920/3949/5684
f 2942/3948/5708 2876/3947/5708 2875/4020/5708
f 2878/4018/5709 2876/3947/5709 2877/3946/5709
f 2944/3943/5710 2877/3946/5710 2945/3945/5710
f 2944/3943/5711 2879/3942/5711 2877/3946/5711
f 2879/3942/5712 2881/3940/5712 2868/4007/5712
f 2868/4007/5713 2881/3940/5713 2863/3937/5713
f 2866/3968/5714 2863/3937/5714 2864/3935/5714
f 2930/3934/5586 2865/3965/5586 2864/3935/5586
f 2959/3970/5715 2958/3933/5715 2903/3932/5715
f 2905/3930/5716 2904/3997/5716 2903/3932/5716
f 2850/3925/5717 2904/3997/5717 2905/3930/5717
f 2916/3929/5583 2850/3925/5583 2905/3930/5583
f 2917/3953/5718 2852/3927/5718 2915/3928/5718
f 2852/3927/5719 2856/3956/5719 2851/3926/5719
f 2851/3926/5720 2858/3958/5720 2848/3923/5720
f 2849/3924/5721 2904/3997/5721 2850/3925/5721
f 2846/3920/5722 2907/3998/5722 2849/3924/5722
f 2848/3923/5723 2858/3958/5723 2847/3922/5723
f 2847/3922/5724 2861/3961/5724 2845/3921/5724
f 2845/3921/5725 2844/4002/5725 2843/3918/5725
f 2846/3920/5726 2902/3919/5726 2907/3998/5726
f 2900/3917/5727 2901/3996/5727 2902/3919/5727
f 2900/3917/5728 2899/3916/5728 2901/3996/5728
f 2898/3915/5729 2896/3994/5729 2899/3916/5729
f 2898/3915/5730 2909/3913/5730 2897/3911/5730
f 2963/3912/5566 2897/3911/5566 2909/3913/5566
f 2893/3991/5731 2897/3911/5731 2910/3910/5731
f 2966/3990/5638 2910/3910/5638 2965/3909/5638
f 2956/3907/5636 2887/3906/5636 2883/3988/5636
f 2886/3903/5732 2888/3978/5732 2887/3906/5732
f 2953/3902/5733 2885/3976/5733 2886/3903/5733
f 2912/4005/5734 2913/3901/5734 2840/3899/5734
f 2961/3914/5735 2842/3897/5735 2962/3900/5735
f 2912/4005/5671 2840/3899/5671 2841/3898/5671
f 2841/3898/5736 2842/3897/5736 2843/3918/5736
