# Blender 5.2.1 LTS
# www.blender.org
mtllib Vallyx Collider.mtl
o Object.1
v -0.483730 0.686043 -0.035618
v -0.511170 0.715344 -0.064342
v -0.612249 0.742164 -0.158634
v -0.550587 0.737668 -0.122357
v -0.486017 0.682400 -0.068290
v -0.445205 0.634806 -0.011380
v -0.484544 0.662014 -0.057904
v -0.508845 0.702399 -0.096748
v -0.543494 0.711468 -0.133974
v -0.507140 0.651937 -0.082204
v -0.545548 0.725498 -0.142782
v -0.583879 0.728987 -0.126659
v -0.581088 0.745884 -0.170145
v -0.566554 0.702864 -0.162355
v -0.535161 0.674494 -0.137899
v -0.483808 0.633992 -0.093725
v -0.523650 0.673563 -0.156008
v -0.508457 0.676044 -0.156144
v -0.467530 0.642945 -0.108143
v -0.504930 0.657983 -0.197507
v -0.509155 0.660309 -0.208980
v -0.520743 0.642790 -0.199852
v -0.521984 0.759217 -0.210491
v -0.514193 0.742319 -0.151241
v -0.482335 0.726816 -0.168052
v -0.494311 0.742552 -0.166327
v -0.453965 0.712011 -0.128054
v -0.457336 0.716507 -0.117289
v -0.417726 0.674416 -0.075238
v -0.444818 0.679609 -0.120187
v -0.497799 0.717747 -0.191306
v -0.487141 0.689377 -0.162800
v -0.448461 0.659378 -0.112290
v -0.489854 0.676432 -0.219386
v -0.485048 0.672013 -0.195977
v -0.468188 0.681703 -0.201112
v -0.440477 0.670463 -0.151813
v -0.468111 0.684493 -0.221789
v -0.445167 0.646743 -0.241013
v -0.355947 -0.954787 -0.069613
v -0.438229 -0.958042 -0.062927
v -0.421990 -0.953934 -0.081293
v -0.374163 -0.951996 -0.102891
v -0.418502 -0.945175 -0.134459
v -0.452220 -0.946803 -0.132841
v -0.423656 -0.945020 -0.188302
v -0.399123 -0.938819 -0.221924
v -0.497256 -0.187779 -0.043762
v -0.481443 -0.168187 -0.045860
v -0.537952 -0.118888 -0.080334
v -0.486017 -0.124343 -0.069303
v -0.489854 -0.101525 -0.058412
v -0.519619 -0.079050 -0.065669
v -0.437609 -0.059250 -0.082030
v -0.504116 -0.053587 -0.077805
v -0.525084 -0.076686 -0.104180
v -0.518806 -0.076357 -0.135786
v -0.522681 -0.000410 -0.182470
v -0.498535 0.020391 -0.137870
v -0.477413 0.020817 -0.207138
v -0.513651 0.033857 -0.073024
v -0.573725 0.816810 -0.146503
v -0.565586 0.794641 -0.121146
v -0.550470 0.796424 -0.128975
v -0.531324 0.790533 -0.084791
v -0.459623 0.737668 -0.011676
v -0.504310 0.754799 -0.092029
v -0.417765 0.689222 0.026563
v -0.437609 0.714646 0.004848
v -0.463305 0.722708 -0.046979
v -0.425323 0.683718 -0.020299
v -0.438888 0.672013 -0.024788
v -0.484311 0.740304 -0.066600
v -0.465941 0.705810 -0.043370
v -0.448848 0.678990 -0.053165
v -0.488614 0.728444 -0.062564
v -0.495667 0.735575 -0.070660
v -0.483304 0.712631 -0.096079
v -0.490203 0.716352 -0.102542
v -0.472800 0.712166 -0.096448
v -0.410905 0.650774 -0.021481
v -0.402844 0.656510 -0.043205
v -0.527642 0.753171 -0.119489
v -0.528068 0.741079 -0.150737
v -0.538765 0.755109 -0.135922
v -0.556788 0.762318 -0.175823
v -0.531673 0.767201 -0.140941
v -0.556788 0.773170 -0.191442
v -0.558881 0.782704 -0.178594
v -0.561981 0.793168 -0.162994
v -0.575469 0.808594 -0.162064
v -0.568841 0.818981 -0.181346
v -0.556943 0.800067 -0.192798
v -0.453499 -0.187644 -0.009504
v -0.361063 -0.055055 0.077083
v -0.344087 -0.061740 0.050288
v -0.307113 -0.051857 0.070645
v -0.341026 -0.040015 0.017230
v -0.298334 -0.038418 0.046242
v -0.317384 0.012990 0.006176
v -0.354048 -0.083163 0.029116
v -0.363815 -0.015296 -0.005378
v -0.349552 0.055045 0.018640
v -0.359707 -0.008424 -0.035800
v -0.371799 -0.091768 0.021845
v -0.361722 -0.054202 -0.019449
v -0.371450 -0.114518 0.033273
v -0.374783 -0.111737 0.008651
v -0.376489 -0.074094 -0.030243
v -0.389201 -0.127192 -0.025631
v -0.368737 -0.062622 -0.051504
v -0.367187 0.042357 -0.069226
v -0.351451 0.057133 -0.014907
v -0.405750 -0.026777 -0.079850
v -0.395325 -0.109024 -0.052196
v -0.419509 -0.100285 -0.050084
v -0.408618 -0.146677 0.024749
v -0.448306 -0.126213 -0.029361
v -0.429625 -0.148373 0.006936
v -0.454468 -0.147288 -0.031854
v -0.357110 -0.944012 -0.296978
v -0.357924 -0.945485 -0.216808
v -0.368078 -0.945950 -0.187275
v -0.370055 -0.949438 -0.134556
v -0.388193 0.485358 -0.284847
v -0.373853 0.470630 -0.266534
v -0.332112 0.390247 -0.319167
v -0.334049 0.378543 -0.307094
v -0.306299 0.318159 -0.324166
v -0.315872 0.366102 -0.302792
v -0.366722 0.436097 -0.263007
v -0.345095 0.429818 -0.254306
v -0.361606 0.440206 -0.249307
v -0.378736 0.452065 -0.235412
v -0.355095 0.447608 -0.229133
v -0.313876 0.382496 -0.260721
v -0.293083 0.343390 -0.257659
v -0.283471 0.344165 -0.243280
v -0.303450 0.363079 -0.259752
v -0.331104 0.414703 -0.234908
v -0.350754 0.445942 -0.204348
v -0.361993 0.435826 -0.213010
v -0.384046 0.448461 -0.195182
v -0.340754 0.436291 -0.188961
v -0.316919 0.397689 -0.187644
v -0.292075 0.367381 -0.149012
v -0.315484 0.362575 -0.151522
v -0.378388 0.380597 -0.145253
v -0.335135 0.427997 -0.180512
v -0.362536 0.421098 -0.157190
v -0.407688 0.490823 -0.132056
v -0.408308 0.452375 -0.204503
v -0.433268 0.504969 -0.179543
v -0.451678 0.537719 -0.174137
v -0.426098 0.477645 -0.244946
v -0.438772 0.472064 -0.187043
v -0.427920 0.474428 -0.218979
v -0.443423 0.505163 -0.213437
v -0.453732 0.525200 -0.225122
v -0.453538 0.566748 -0.157035
v -0.455631 0.581902 -0.242253
v -0.446368 0.585197 -0.162083
v -0.448306 0.596669 -0.126155
v -0.473227 0.611590 -0.204619
v -0.471638 0.613722 -0.214192
v -0.486443 0.602173 -0.189775
v -0.479661 0.602870 -0.117251
v -0.369977 0.508457 -0.296164
v -0.369551 0.499427 -0.297385
v -0.476056 0.086516 -0.128529
v -0.493032 0.076085 -0.091642
v -0.455592 0.116737 -0.052705
v -0.473769 0.105013 -0.123345
v -0.437531 0.079540 -0.058998
v -0.416447 0.162374 -0.069439
v -0.399859 0.188147 -0.081739
v -0.391449 0.180280 -0.132104
v -0.406526 0.208495 -0.110303
v -0.391526 0.172548 -0.042502
v -0.376256 0.214308 -0.118375
v -0.398890 0.203980 -0.068479
v -0.384279 0.190434 -0.030563
v -0.366412 0.195628 -0.040061
v -0.346413 0.219618 -0.043389
v -0.350366 0.209290 -0.131426
v -0.321376 0.194194 -0.126407
v -0.335135 0.172548 -0.032447
v -0.305621 0.185589 -0.054716
v -0.317054 0.153314 -0.104432
v -0.312868 0.140476 -0.076633
v -0.337886 0.132434 -0.127299
v -0.330561 0.144109 -0.021656
v -0.355017 0.076347 -0.114431
v -0.343894 0.138606 -0.032920
v -0.332344 0.123752 -0.046955
v -0.358970 0.059769 -0.080518
v -0.372032 0.031238 -0.102465
v -0.370753 0.111243 -0.052710
v -0.382884 0.064303 -0.073460
v -0.387767 0.113879 -0.032745
v -0.407107 0.137831 -0.026212
v -0.405944 0.127550 -0.056072
v -0.436291 0.106999 -0.058126
v -0.364280 0.092892 -0.021493
v -0.405208 0.102029 -0.015893
v -0.387961 0.118665 0.008858
v -0.320523 0.120332 0.026854
v -0.385170 0.076783 0.066774
v -0.380132 -0.929439 0.051073
v -0.376023 -0.930370 0.018868
v -0.403541 -0.887426 0.053035
v -0.497140 0.041829 -0.154148
v -0.471483 0.022055 -0.186035
v -0.453073 0.097833 -0.154700
v -0.434741 0.113772 -0.159816
v -0.419703 0.089733 -0.181191
v -0.431447 0.002096 -0.168788
v -0.395518 0.092049 -0.170532
v -0.380132 0.045603 -0.140718
v -0.386294 0.151289 -0.146997
v -0.312345 0.152927 -0.136096
v -0.474196 -0.028504 -0.210995
v -0.465592 0.011624 -0.185299
v -0.430206 -0.034409 -0.124179
v -0.486211 0.619342 -0.105013
v -0.475940 0.617753 -0.076420
v -0.437996 0.574577 -0.037975
v -0.472568 0.584344 -0.119305
v -0.441756 0.574887 -0.025389
v -0.447105 0.587948 -0.004018
v -0.458693 0.615583 -0.017757
v -0.453073 0.610350 0.002170
v -0.433191 0.572252 -0.020791
v -0.420595 0.560392 0.018232
v -0.418579 0.585546 -0.037701
v -0.401410 0.573143 0.011372
v -0.390480 0.566671 0.044837
v -0.389782 0.534231 -0.063620
v -0.390248 0.522022 -0.109276
v -0.389705 0.546905 -0.029485
v -0.384744 0.527099 -0.066033
v -0.372574 0.495939 -0.115264
v -0.349824 0.473692 -0.064497
v -0.354358 0.471909 -0.090828
v -0.377690 0.454275 -0.098463
v -0.337886 0.459894 -0.046867
v -0.320794 0.453577 0.020090
v -0.331336 0.479699 0.061188
v -0.321337 0.462104 0.057913
v -0.334127 0.492683 0.084326
v -0.361179 0.531750 0.074288
v -0.383775 0.503690 -0.124963
v -0.403851 0.513302 -0.111776
v -0.368970 0.510705 0.087892
v -0.351878 0.475591 0.090644
v -0.167955 0.109325 -0.378504
v -0.266243 0.307481 -0.356490
v -0.307481 0.398231 -0.332305
v -0.223203 0.227021 -0.356645
v -0.199368 0.200918 -0.328507
v -0.222041 0.197798 -0.377806
v -0.198709 0.191926 -0.323817
v -0.215956 0.195705 -0.381876
v -0.198592 0.193031 -0.338662
v -0.169350 0.116107 -0.380907
v -0.176016 0.167393 -0.320213
v -0.143402 0.108811 -0.316531
v -0.141484 0.100478 -0.312152
v -0.182353 0.170803 -0.314419
v -0.143121 0.125971 -0.282599
v -0.158847 0.157587 -0.273181
v -0.137056 0.111970 -0.293916
v -0.115477 0.093173 -0.250198
v -0.186171 0.185415 -0.315349
v -0.199697 0.211925 -0.307927
v -0.170358 0.200492 -0.222661
v -0.136135 0.130380 -0.243551
v -0.152103 0.152762 -0.242524
v -0.135486 0.137908 -0.233435
v -0.110119 0.106088 -0.198670
v -0.087301 0.070146 -0.184272
v -0.096758 0.098114 -0.158130
v -0.114402 0.138431 -0.129382
v -0.150853 0.195182 -0.150194
v -0.144536 0.207584 -0.141552
v -0.166153 0.213727 -0.224037
v -0.170804 0.223300 -0.215898
v -0.142821 0.211499 -0.101195
v -0.190105 0.221517 -0.298858
v -0.185938 0.226168 -0.263782
v -0.181752 0.224134 -0.215297
v -0.153944 0.213863 -0.101166
v -0.175377 0.243784 -0.105691
v -0.185996 0.262717 -0.094306
v -0.194562 0.268918 -0.124605
v -0.210220 0.235354 -0.348351
v -0.205956 0.239753 -0.332770
v -0.215607 0.252504 -0.341258
v -0.220471 0.253783 -0.355211
v -0.202003 0.231187 -0.278937
v -0.228397 0.249771 -0.333313
v -0.235431 0.282463 -0.342925
v -0.257833 0.320562 -0.350095
v -0.264325 0.336375 -0.337499
v -0.275506 0.362652 -0.340638
v -0.270526 0.356296 -0.268511
v -0.282018 0.353040 -0.325252
v -0.292036 0.397999 -0.313217
v -0.298993 0.412184 -0.317888
v -0.314496 0.451755 -0.283742
v -0.314186 0.455282 -0.268802
v -0.340716 0.468963 -0.280041
v -0.304071 0.404278 -0.296319
v -0.290893 0.384783 -0.282134
v -0.325678 0.450864 -0.254190
v -0.313837 0.436175 -0.240005
v -0.321570 0.458732 -0.257698
v -0.327189 0.457801 -0.231304
v -0.315523 0.430865 -0.231905
v -0.314768 0.446562 -0.189601
v -0.297482 0.390209 -0.265837
v -0.272115 0.353467 -0.252911
v -0.304633 0.419005 -0.242175
v -0.281087 0.376178 -0.259015
v -0.237970 0.315988 -0.212526
v -0.213747 0.271088 -0.233029
v -0.226130 0.290292 -0.219638
v -0.244055 0.339708 -0.158285
v -0.252252 0.346878 -0.172741
v -0.210782 0.357536 -0.146910
v -0.187392 0.316182 -0.133035
v -0.245314 0.344940 -0.141920
v -0.274983 0.385170 -0.173459
v -0.271921 0.383581 -0.156803
v -0.220723 0.363854 -0.134769
v -0.246186 0.400906 -0.148983
v -0.240509 0.407107 -0.156153
v -0.299536 0.422804 -0.196965
v -0.260100 0.460282 -0.171269
v -0.236769 0.435865 -0.146755
v -0.297462 0.455011 -0.179621
v -0.295873 0.466522 -0.170862
v -0.271844 0.504969 -0.120894
v -0.320562 0.494660 -0.209232
v -0.341529 0.528030 -0.161289
v -0.324050 0.459662 -0.205705
v -0.328778 0.529231 -0.183981
v -0.313566 0.461561 -0.217894
v -0.317267 0.475281 -0.239985
v -0.315136 0.503457 -0.223223
v -0.339243 0.545354 -0.168439
v -0.343351 0.544812 -0.268278
v -0.324476 0.471405 -0.265313
v -0.328856 0.481637 -0.255798
v -0.347847 0.482800 -0.268181
v -0.354940 0.519387 -0.293916
v -0.371528 0.589692 -0.248706
v -0.373427 0.594847 -0.193341
v -0.393464 0.598142 -0.165843
v -0.417455 0.608064 -0.179330
v -0.422803 0.604033 -0.169854
v -0.427338 0.603296 -0.253861
v -0.434276 0.602288 -0.238203
v -0.454701 0.631473 -0.219618
v -0.420168 0.612753 -0.123287
v -0.435245 0.600661 -0.251089
v -0.254849 -0.965251 0.191868
v -0.214386 -0.715189 0.218766
v -0.206964 -0.706972 0.230432
v -0.211344 -0.648604 0.190337
v -0.245024 -0.639612 0.187663
v -0.268685 -0.667207 0.176482
v -0.259732 -0.639457 0.135651
v -0.284595 -0.624264 0.155785
v -0.318430 -0.633295 0.131116
v -0.308954 -0.603141 0.141736
v -0.312927 -0.638295 0.100197
v -0.272386 -0.615389 0.151367
v -0.275971 -0.605855 0.129139
v -0.331181 -0.622288 0.100226
v -0.330173 -0.622636 0.077084
v -0.357536 -0.615970 0.090973
v -0.297986 -0.605661 0.127870
v -0.303276 -0.607250 0.077854
v -0.280118 -0.591011 0.113743
v -0.253221 -0.610002 0.104228
v -0.317442 -0.592212 0.086419
v -0.286397 -0.575779 0.122948
v -0.280409 -0.566787 0.103017
v -0.248744 -0.594886 0.115429
v -0.424121 0.641085 -0.179001
v -0.403812 0.627559 -0.122812
v -0.393736 0.645658 -0.014241
v -0.381256 0.623993 -0.042430
v -0.419509 0.657596 -0.091748
v -0.380907 0.613102 -0.045206
v -0.401565 0.606203 -0.068116
v -0.377845 0.591049 0.001372
v -0.378078 0.624264 -0.019749
v -0.368892 0.608102 -0.020541
v -0.375907 0.587445 0.011736
v -0.346025 0.596475 0.048645
v -0.367148 0.585042 0.040203
v -0.358040 0.610815 0.012176
v -0.367264 0.644108 -0.013185
v -0.318740 0.558260 0.072549
v -0.326685 0.530161 0.077791
v -0.281766 0.520433 0.073130
v -0.311454 0.504233 0.076938
v -0.304807 0.491443 0.066338
v -0.237175 0.538455 0.065161
v -0.262872 0.540975 0.088347
v -0.232931 0.565431 0.100730
v -0.281281 0.572174 0.093938
v -0.260159 0.559462 0.126388
v -0.230877 0.575352 0.136513
v -0.338468 0.628799 0.071473
v -0.313469 0.621512 0.096612
v -0.273995 0.575391 0.174699
v -0.348506 0.628993 0.062021
v -0.342033 0.627016 0.087902
v -0.278723 0.585895 0.140592
v -0.252911 0.590855 0.189872
v -0.331879 0.636822 0.113636
v -0.342692 0.665192 0.106108
v -0.341568 0.655348 0.053533
v -0.348273 0.650852 0.030206
v -0.346258 0.685035 0.075925
v -0.344126 0.673486 0.044430
v -0.362691 0.697671 0.047657
v -0.364009 0.679145 0.021651
v -0.374008 0.663797 -0.002440
v -0.381527 0.701856 0.027893
v -0.376682 0.708135 0.076168
v -0.388581 0.699298 0.031606
v -0.406332 0.658758 -0.004589
v -0.420943 0.647441 -0.012408
v -0.235625 0.540858 0.210065
v -0.225878 0.568376 0.203243
v -0.389821 -0.752939 -0.004318
v -0.391023 -0.718600 0.055883
v -0.365055 -0.732552 -0.023497
v -0.344242 -0.746582 -0.055510
v -0.338041 -0.698291 0.003508
v -0.344940 -0.796812 -0.061362
v -0.347149 -0.688059 0.046620
v -0.311124 -0.693795 0.000164
v -0.382573 -0.804641 -0.011442
v -0.348157 -0.892542 -0.042463
v -0.374124 -0.886109 -0.002463
v -0.368427 -0.633256 0.073765
v -0.351490 -0.642790 0.057676
v -0.332111 -0.668293 0.023114
v -0.327112 -0.660851 0.008346
v -0.342692 -0.631473 0.056600
v -0.336917 -0.639922 0.028169
v -0.303295 -0.637287 -0.012660
v -0.338351 -0.613800 0.051232
v -0.327383 -0.606552 0.037122
v -0.300253 -0.570004 -0.014298
v -0.302830 -0.558183 0.010138
v -0.338119 -0.562059 0.026142
v -0.351839 -0.611784 0.045026
v -0.326298 -0.605390 0.071042
v -0.352537 -0.599421 0.050099
v -0.346684 -0.574112 0.050535
v -0.349397 -0.586437 0.079428
v -0.336065 -0.557640 0.075097
v -0.339979 -0.586747 0.093047
v -0.307520 -0.581515 0.079947
v -0.303702 -0.580624 0.061716
v -0.259907 -0.024347 0.196073
v -0.211518 -0.018459 0.186985
v -0.254810 -0.043743 0.158488
v -0.218107 -0.023172 0.156163
v -0.238745 -0.024022 0.124324
v -0.235916 -0.047037 0.124430
v -0.279227 -0.069531 0.164699
v -0.258221 -0.059371 0.128413
v -0.227699 -0.033985 0.091545
v -0.285215 -0.054071 0.134052
v -0.275565 -0.029705 0.110168
v -0.257988 -0.044232 0.093851
v -0.267484 -0.023669 0.091729
v -0.244055 -0.020900 0.069879
v -0.252329 -0.006733 0.064100
v -0.300330 -0.006706 0.020876
v -0.266321 0.041412 0.026929
v -0.295389 0.046407 0.009293
v -0.360753 0.088551 0.068906
v -0.339669 0.110381 0.101709
v -0.314419 0.124091 0.093919
v -0.357459 0.113995 0.076604
v -0.344940 0.121805 0.086855
v -0.315058 0.128888 0.080155
v -0.285079 0.126068 0.078580
v -0.302075 0.118035 0.060771
v -0.320794 0.124614 0.057119
v -0.324554 0.095808 0.048781
v -0.331763 0.110807 0.044082
v -0.290680 0.112861 0.039220
v -0.282056 0.103201 0.053189
v -0.254829 0.108598 0.062821
v -0.284924 0.086332 0.027254
v -0.246264 0.071890 0.041131
v -0.217351 0.053190 0.053039
v -0.227292 0.028693 0.053064
v -0.246245 0.049396 0.027266
v -0.275991 0.061324 0.027816
v -0.330484 0.134556 0.005177
v -0.321104 0.185609 0.003547
v -0.359242 0.162897 0.020876
v -0.370908 0.193205 0.036647
v -0.318081 0.199406 0.127928
v -0.326918 0.235393 0.082805
v -0.291649 0.167199 0.078949
v -0.301009 0.208960 0.044755
v -0.367652 0.540820 -0.116379
v -0.364978 0.551672 -0.068673
v -0.357343 0.519929 -0.132376
v -0.353854 0.509736 -0.117842
v -0.366295 0.548532 -0.060442
v -0.345677 0.506093 -0.115952
v -0.326569 0.490319 -0.070882
v -0.313605 0.495977 -0.121688
v -0.330522 0.489544 -0.098570
v -0.296261 0.516286 -0.106428
v -0.301435 0.503690 -0.078057
v -0.312791 0.475049 -0.054105
v -0.267038 0.481909 -0.082708
v -0.288277 0.493923 -0.083793
v -0.297094 0.468654 0.031570
v -0.286165 0.476289 -0.012377
v -0.279343 0.488032 -0.066425
v -0.241226 0.422726 -0.015440
v -0.283665 0.471909 0.016586
v -0.275584 0.480009 0.034974
v -0.245217 0.438810 0.046828
v -0.258027 0.508031 0.064589
v -0.205530 0.463537 0.067966
v -0.207100 0.436369 0.060897
v -0.230451 0.457259 0.053747
v -0.218301 0.427183 0.011826
v -0.210569 0.416409 0.007682
v -0.217196 0.392728 0.031265
v -0.228300 0.432260 -0.036560
v -0.226692 0.395286 -0.058155
v -0.229385 0.455709 -0.075969
v -0.217041 0.435904 -0.074128
v -0.242543 0.421912 -0.104412
v -0.219696 0.388542 -0.088667
v -0.332383 0.376837 0.106524
v -0.320678 0.368350 0.134924
v -0.303993 0.356296 0.106989
v -0.293451 0.365365 0.148121
v -0.247078 0.359048 0.121223
v -0.267426 0.354281 0.056978
v -0.234579 0.359435 0.032568
v -0.213495 0.384046 0.112677
v -0.229850 0.377961 0.148595
v -0.220355 0.460941 0.197081
v -0.233668 0.520240 0.215762
v -0.202778 0.443771 0.122832
v -0.215840 0.492605 0.171017
v -0.201887 0.491327 0.151115
v -0.207739 0.512876 0.129052
v -0.216750 0.538262 0.136794
v -0.211421 0.558183 0.132395
v -0.191403 0.447841 0.098754
v -0.199484 0.434314 0.081051
v -0.374435 0.427183 -0.060665
v -0.395480 0.435129 -0.094665
v -0.393154 0.414936 -0.083571
v -0.378349 0.455786 -0.061542
v -0.352071 0.357498 -0.113201
v -0.370249 0.395441 -0.059212
v -0.329205 0.442415 0.019442
v -0.314109 0.372651 -0.008213
v -0.333507 0.442802 0.048626
v -0.375093 0.370443 -0.083512
v -0.297753 0.384163 0.036664
v -0.350134 0.443345 0.078571
v -0.311260 0.405557 0.064899
v -0.313605 0.384511 0.073377
v -0.307423 0.370946 0.088822
v -0.306745 0.353234 0.037892
v -0.260720 0.360327 0.041698
v -0.242039 0.381372 -0.036454
v -0.254170 0.369783 -0.029226
v -0.293587 0.347769 -0.045172
v -0.337460 0.350172 -0.026583
v -0.345715 0.359861 -0.077234
v -0.331801 0.360055 -0.077486
v -0.239423 0.305078 -0.000033
v -0.222389 0.321569 0.000705
v -0.226149 0.301416 0.003424
v -0.253143 0.266360 -0.008006
v -0.324166 0.353622 -0.117725
v -0.263434 0.273801 -0.015553
v -0.261186 0.237582 -0.037336
v -0.284653 0.309032 -0.031423
v -0.291494 0.320756 -0.118171
v -0.268511 0.330057 -0.135573
v -0.265429 0.317888 -0.149284
v -0.306609 0.326492 -0.073310
v -0.302714 0.329050 -0.050457
v -0.303199 0.304264 -0.118142
v -0.316957 0.310156 -0.084026
v -0.303896 0.307636 -0.054062
v -0.298625 0.286707 -0.029410
v -0.310950 0.277638 -0.048330
v -0.279867 0.273065 -0.033162
v -0.297714 0.269887 -0.068053
v -0.272677 0.250566 -0.038728
v -0.293936 0.263492 -0.085237
v -0.273782 0.235703 -0.065534
v -0.254694 0.235490 -0.074211
v -0.243725 0.226304 -0.067317
v -0.212797 0.252853 -0.103288
v -0.205685 0.241361 -0.092243
v -0.250430 0.234598 -0.099451
v -0.213185 0.253027 -0.114441
v -0.238028 0.285700 -0.137608
v -0.267561 0.253686 -0.110168
v 0.069380 -0.898666 -0.502024
v 0.036933 -0.905100 -0.391798
v -0.072040 -0.929982 -0.461987
v -0.046911 -0.920525 -0.400247
v -0.026931 -0.925641 -0.306842
v -0.083784 -0.908278 -0.283529
v -0.041131 -0.865877 -0.255915
v -0.097320 -0.843708 -0.211169
v -0.144051 -0.872466 -0.225393
v -0.176636 -0.834949 -0.180318
v -0.197236 -0.853630 -0.184620
v -0.179504 -0.900992 -0.209541
v -0.226595 -0.886729 -0.164544
v -0.228164 -0.947190 -0.194562
v -0.080489 -0.928974 -0.311938
v -0.236109 -0.945175 -0.234307
v -0.279556 -0.942074 -0.197372
v -0.283471 -0.947733 -0.145117
v -0.302404 -0.942617 -0.173303
v -0.054711 -0.926261 -0.350211
v -0.328895 -0.944787 -0.215646
v -0.335018 -0.942539 -0.167180
v -0.333545 -0.946958 -0.133461
v -0.335096 -0.942927 -0.273278
v -0.238319 -0.942152 -0.257019
v -0.258337 -0.941919 -0.303218
v -0.203049 -0.942229 -0.272638
v -0.108995 -0.913084 -0.321414
v -0.222099 -0.920448 -0.315969
v -0.254287 -0.908821 -0.360831
v -0.222273 -0.899984 -0.366954
v -0.138189 -0.890837 -0.395015
v -0.089994 -0.911068 -0.335445
v -0.074569 -0.905487 -0.383736
v -0.100566 -0.897426 -0.417959
v -0.162548 0.090091 -0.340289
v -0.162199 0.082572 -0.406177
v -0.181462 0.103085 -0.375171
v -0.147714 0.101312 -0.340599
v -0.173400 0.109024 -0.407223
v -0.153508 0.092514 -0.317655
v -0.155165 0.096913 -0.305059
v -0.199464 0.143034 -0.339786
v -0.198573 0.167373 -0.292153
v -0.219250 0.181035 -0.326414
v -0.212216 0.185648 -0.315426
v -0.222661 0.191015 -0.318430
v -0.220607 0.197333 -0.299594
v -0.242912 0.212836 -0.342072
v -0.266960 0.236284 -0.335290
v -0.279518 0.288354 -0.327616
v -0.249888 0.281746 -0.224502
v -0.246070 0.234443 -0.320484
v -0.252988 0.216053 -0.323624
v -0.228688 0.200899 -0.290447
v -0.224172 0.207545 -0.267290
v -0.205608 0.211169 -0.220549
v -0.194969 0.186384 -0.191752
v -0.189058 0.185899 -0.213320
v -0.161812 0.174040 -0.097097
v -0.201247 0.196422 -0.188148
v -0.177450 0.183845 -0.094820
v -0.177664 0.199988 -0.105265
v -0.221169 0.239753 -0.211538
v -0.262464 0.308915 -0.210007
v -0.263027 0.312752 -0.198748
v -0.327848 -0.951531 -0.097475
v -0.298896 -0.953081 -0.099451
v -0.278995 -0.953701 -0.123180
v -0.264344 -0.918122 -0.139323
v -0.292114 -0.865877 -0.113665
v -0.322383 -0.907348 -0.070989
v -0.318197 -0.951841 -0.073770
v -0.325135 0.162975 0.125390
v -0.285215 0.142840 0.077960
v -0.280332 0.170164 0.096486
v -0.280719 0.192333 0.160823
v -0.234191 0.193012 0.178361
v -0.244617 0.188458 0.127124
v -0.265429 0.159777 0.085266
v -0.222448 0.200162 0.120642
v -0.200220 0.232408 0.187992
v -0.183167 0.242834 0.129062
v -0.133209 0.274654 0.100003
v -0.166908 0.292036 0.072912
v -0.187663 0.337072 0.010489
v -0.223591 0.243202 0.080722
v -0.243590 0.182489 0.081410
v -0.248027 0.159060 0.065878
v -0.187644 0.262813 0.097804
v -0.213727 0.314632 0.039380
v -0.212061 0.326414 0.020034
v -0.190066 0.323972 -0.014316
v -0.235451 0.297908 0.041359
v -0.261379 0.274421 0.016744
v -0.246090 0.230548 0.053877
v -0.274363 0.244520 0.001355
v -0.252756 0.185202 0.030805
v -0.265507 0.217584 -0.040710
v -0.259790 0.205588 0.007456
v -0.242059 0.126649 0.049609
v -0.244617 0.152878 0.000350
v -0.231536 0.206518 -0.088677
v -0.230238 0.163013 -0.050307
v -0.231342 0.113375 0.010230
v -0.217816 0.082689 0.037483
v -0.201073 0.025284 0.044488
v -0.212855 0.084171 0.011155
v -0.187120 0.016564 -0.020328
v -0.201712 0.107997 -0.033818
v -0.209599 0.144662 -0.061208
v -0.188923 0.073009 -0.053689
v -0.171540 -0.001205 -0.072898
v -0.173807 0.130176 -0.078048
v -0.168807 0.092058 -0.089510
v -0.158014 0.054502 -0.107629
v -0.148169 0.047759 -0.115390
v -0.153963 0.089491 -0.105129
v -0.153469 0.117270 -0.105934
v -0.132482 0.122221 -0.120913
v -0.146202 0.152878 -0.098918
v -0.163885 0.161560 -0.172431
v -0.196945 0.229715 -0.103889
v -0.351529 -0.327538 0.102659
v -0.355598 -0.348700 0.086167
v -0.320833 -0.350831 0.090266
v -0.319399 -0.340367 0.104732
v -0.323662 -0.329554 0.108327
v -0.328739 -0.449042 0.112949
v -0.290099 -0.479428 0.129730
v -0.256748 -0.469739 0.148256
v -0.227486 -0.426834 0.181539
v -0.197992 -0.354048 0.195918
v -0.213863 -0.365520 0.204212
v -0.225393 -0.340638 0.180977
v -0.236943 -0.307636 0.170959
v -0.258376 -0.299982 0.179330
v -0.241826 -0.279247 0.165901
v -0.239540 -0.270313 0.145127
v -0.251612 -0.239172 0.109470
v -0.249500 -0.286068 0.165533
v -0.258647 -0.240974 0.119373
v -0.287870 -0.263705 0.166114
v -0.302830 -0.299439 0.134905
v -0.271534 -0.253027 0.108927
v -0.257620 -0.221091 0.069913
v -0.310911 -0.296436 0.127589
v -0.282560 -0.236129 0.049919
v -0.306667 -0.304187 0.112445
v -0.320562 -0.339786 0.123084
v -0.310059 -0.289110 0.056184
v -0.296804 -0.260973 0.074768
v -0.285331 -0.244695 0.018940
v -0.288916 -0.255934 -0.008300
v -0.293335 -0.230509 0.036320
v -0.267348 -0.215026 0.023395
v -0.328585 -0.397379 0.101903
v -0.319670 -0.433152 0.095411
v -0.282676 -0.463576 0.113569
v -0.236071 -0.451252 0.140389
v -0.254287 -0.449624 0.129856
v -0.287754 -0.448771 0.111175
v -0.251826 -0.449663 0.104131
v -0.275797 -0.443306 0.091932
v -0.293548 -0.406642 0.083231
v -0.262736 -0.463925 0.052507
v -0.284440 -0.364745 0.044353
v -0.276727 -0.423657 0.023480
v -0.273569 -0.346684 0.026745
v -0.283394 -0.325484 0.051969
v -0.313876 -0.311105 0.071406
v -0.309496 -0.303354 0.007302
v -0.305369 -0.311202 -0.009635
v -0.339747 -0.562989 0.052826
v -0.329282 -0.524154 0.061469
v -0.321724 -0.518844 0.067971
v -0.329902 -0.519930 0.020071
v -0.325561 -0.520899 0.031972
v -0.296726 -0.525743 0.061261
v -0.288490 -0.533611 0.049919
v -0.270119 -0.543417 0.087330
v -0.296590 -0.526828 0.021302
v -0.320911 -0.489273 0.011086
v -0.293412 -0.467956 0.002252
v -0.318546 -0.432261 0.006215
v -0.330212 -0.551517 0.007617
v -0.326879 -0.494350 0.004836
v -0.325484 -0.475824 -0.000058
v -0.329941 -0.465398 -0.019522
v -0.301861 -0.422726 -0.045506
v -0.329592 -0.495977 -0.015950
v -0.341801 -0.528301 -0.044648
v -0.334011 -0.523030 -0.023070
v -0.347498 -0.532371 -0.028690
v -0.335948 -0.546246 -0.023734
v -0.336956 -0.577368 -0.023996
v -0.337886 -0.559617 -0.054972
v -0.331104 -0.557834 -0.009755
v -0.302055 -0.561322 -0.015749
v -0.306047 -0.578841 -0.026408
v -0.311686 -0.488497 -0.070572
v -0.321066 -0.539386 -0.074855
v -0.284052 -0.499621 -0.056465
v -0.296745 -0.546207 -0.063722
v -0.293625 -0.534890 -0.041761
v -0.287831 -0.516829 -0.045365
v -0.276863 -0.536867 -0.059507
v -0.263433 -0.472607 -0.074860
v -0.271689 -0.506481 -0.082950
v -0.273956 -0.530549 -0.074700
v -0.238823 -0.532836 -0.098540
v -0.249772 -0.504194 -0.099025
v -0.254597 -0.552718 -0.075567
v -0.218688 -0.541246 -0.112522
v -0.229211 -0.487800 -0.133432
v -0.290370 -0.575508 -0.035298
v -0.244714 -0.593336 -0.089374
v -0.227157 -0.582135 -0.091593
v -0.193535 -0.564888 -0.100788
v -0.192663 -0.511132 -0.138509
v -0.205937 -0.589538 -0.088318
v -0.185357 -0.584926 -0.076139
v -0.160261 -0.527100 -0.107891
v -0.177179 -0.577290 -0.066207
v -0.196190 -0.606591 -0.087669
v -0.157907 -0.590003 -0.046145
v -0.155436 -0.538339 -0.009413
v -0.162839 -0.549850 0.001928
v -0.159409 -0.572562 0.016232
v -0.158168 -0.593530 -0.017837
v -0.175144 -0.585274 0.030294
v -0.175144 -0.592716 0.005685
v -0.164409 -0.604421 -0.054226
v -0.168071 -0.609381 -0.028075
v -0.198011 -0.621706 -0.079075
v -0.220858 -0.616164 -0.085528
v -0.193922 -0.641395 -0.065146
v -0.234075 -0.637752 -0.082417
v -0.255934 -0.592289 -0.069773
v -0.260158 -0.609730 -0.075804
v -0.292308 -0.600196 -0.044832
v -0.274227 -0.621629 -0.059710
v -0.295583 -0.605855 -0.025674
v -0.250043 -0.641860 -0.056552
v -0.234424 -0.646356 -0.064822
v -0.212293 -0.646356 -0.050501
v -0.223184 -0.658681 -0.055689
v -0.238416 -0.701314 -0.021011
v -0.196732 -0.664572 -0.013864
v -0.189581 -0.645736 -0.013547
v -0.166269 -0.628140 -0.026120
v -0.167567 -0.624652 -0.001619
v -0.181500 -0.629574 0.012183
v -0.319787 -0.824175 -0.090527
v -0.297269 -0.814175 -0.110691
v -0.271883 -0.839832 -0.127182
v -0.292191 -0.756194 -0.103763
v -0.303722 -0.735730 -0.064667
v -0.266825 -0.710616 -0.050709
v -0.253764 -0.819524 -0.140447
v -0.272561 -0.759993 -0.107629
v -0.235470 -0.787355 -0.137172
v -0.158488 -0.802083 -0.150650
v -0.259054 -0.766271 -0.120477
v -0.212506 -0.728056 -0.066168
v -0.268937 -0.698291 -0.023618
v -0.286048 -0.681935 -0.026016
v -0.305020 -0.677982 -0.014443
v -0.241710 -0.030642 0.213960
v -0.193728 -0.012434 0.227060
v -0.183477 -0.028349 0.208882
v -0.183942 -0.041795 0.234230
v -0.174427 -0.044082 0.272658
v -0.144778 -0.036488 0.292153
v -0.153314 0.005843 0.288858
v -0.176191 0.025093 0.268801
v -0.280487 -0.428540 -0.036090
v -0.295195 -0.434160 0.003017
v -0.283025 -0.471057 -0.036560
v -0.273413 -0.467026 -0.035032
v -0.279169 -0.478847 -0.016446
v -0.251322 -0.436136 -0.054551
v -0.264267 -0.426990 -0.017490
v -0.271669 -0.464972 -0.001974
v -0.269867 -0.465786 0.018801
v -0.283955 -0.474080 0.053001
v -0.241846 -0.469312 0.068726
v -0.270662 -0.476831 0.097552
v -0.232699 -0.482568 0.085605
v -0.277541 -0.423463 0.011167
v -0.261631 -0.387651 -0.001670
v -0.240625 -0.376373 -0.015021
v -0.243183 -0.394317 -0.028840
v -0.217215 -0.377884 -0.031226
v -0.236536 -0.418502 -0.050152
v -0.221479 -0.400634 -0.056557
v -0.195162 -0.381062 -0.028128
v -0.203205 -0.394743 -0.054493
v -0.211712 -0.427067 -0.105614
v -0.251225 -0.446988 -0.074932
v -0.239772 -0.450283 -0.098918
v -0.216634 -0.463460 -0.138325
v -0.250004 -0.484815 -0.104955
v -0.266108 -0.246070 -0.042614
v -0.257213 -0.227854 -0.047129
v -0.222215 -0.228261 -0.110672
v -0.234366 -0.250508 -0.096041
v -0.186578 -0.224715 -0.147103
v -0.225199 -0.202391 -0.060205
v -0.179311 -0.200414 -0.157258
v -0.156609 -0.192450 -0.194407
v -0.155068 -0.245198 -0.198980
v -0.210782 -0.202740 -0.082960
v -0.220645 -0.189426 0.039586
v -0.191461 -0.170552 -0.009239
v -0.216053 -0.178303 -0.030507
v -0.198496 -0.171676 -0.050007
v -0.208262 -0.181675 -0.074559
v -0.181539 -0.165688 -0.074525
v -0.159060 -0.164002 -0.162781
v -0.175067 -0.172897 -0.098618
v -0.136474 -0.149545 -0.091806
v -0.132657 -0.138577 -0.152394
v -0.134498 -0.150398 -0.181888
v -0.139778 -0.152113 -0.071604
v -0.140912 -0.132211 -0.049585
v -0.128955 -0.159399 -0.038748
v -0.131513 -0.130603 -0.034918
v -0.144720 -0.104044 -0.089442
v -0.132501 -0.148208 -0.013721
v -0.093589 -0.194407 -0.012067
v -0.104044 -0.193864 -0.022809
v -0.110168 -0.190144 -0.008361
v -0.150059 -0.166075 -0.017564
v -0.153760 -0.169873 -0.001676
v -0.121146 -0.190744 0.009066
v -0.139187 -0.086061 -0.089733
v -0.158672 -0.075964 -0.036001
v -0.155020 -0.047061 -0.083842
v -0.137094 -0.105623 -0.105129
v -0.142230 -0.049794 -0.103676
v -0.133412 -0.037738 -0.126843
v -0.156124 -0.020753 -0.078096
v -0.137782 -0.055539 -0.122841
v -0.163614 -0.005813 -0.082786
v -0.123781 -0.025437 -0.149187
v -0.135389 -0.108656 -0.119954
v -0.179427 -0.103221 -0.118869
v -0.131746 -0.119528 -0.163478
v -0.170067 -0.047110 -0.126174
v -0.106825 0.032474 -0.166734
v -0.108617 -0.008968 -0.178652
v -0.175861 -0.028409 -0.152752
v -0.165164 -0.008176 -0.195201
v -0.221886 -0.033806 -0.164777
v -0.097911 -0.012450 -0.198108
v -0.213592 -0.065267 -0.131862
v -0.208805 -0.006034 -0.231982
v -0.157364 -0.017431 -0.236691
v -0.224463 -0.096486 -0.145146
v -0.229792 -0.062089 -0.146328
v -0.221634 -0.024468 -0.200046
v -0.155640 -0.026764 -0.260682
v -0.053243 -0.002693 -0.239985
v -0.068823 -0.015484 -0.266340
v -0.183322 -0.024175 -0.260236
v -0.186810 -0.045070 -0.268143
v -0.113414 -0.029163 -0.256515
v -0.075262 -0.029921 -0.259306
v -0.060956 -0.033775 -0.279944
v -0.057608 -0.014919 -0.301648
v -0.032171 -0.024168 -0.293238
v -0.116805 -0.052284 -0.257000
v -0.080790 -0.044484 -0.272735
v -0.057991 -0.044983 -0.304323
v -0.029899 -0.046863 -0.336840
v -0.030827 -0.006467 -0.311435
v -0.024126 -0.017844 -0.366334
v -0.008566 -0.046993 -0.372148
v -0.056203 -0.072128 -0.386217
v -0.054013 -0.054498 -0.310039
v -0.061658 -0.072268 -0.323236
v -0.060452 -0.093211 -0.347769
v -0.092242 -0.076885 -0.302191
v -0.112658 -0.063441 -0.275255
v -0.096632 -0.084385 -0.297850
v -0.162800 -0.052725 -0.262755
v -0.158663 -0.073077 -0.297637
v -0.180144 -0.052298 -0.276785
v -0.159138 -0.102445 -0.326840
v -0.106350 -0.108027 -0.319360
v -0.040981 -0.088396 -0.399239
v -0.044198 -0.098463 -0.368001
v -0.042425 -0.111069 -0.378969
v -0.098996 -0.130021 -0.350909
v -0.061580 -0.142627 -0.384163
v -0.128674 -0.121824 -0.321531
v -0.120816 -0.135321 -0.331298
v -0.096234 -0.180706 -0.399627
v -0.173168 -0.118404 -0.323934
v -0.139836 -0.170920 -0.350018
v -0.132482 -0.207332 -0.393736
v -0.140641 -0.219328 -0.376450
v -0.150592 -0.205123 -0.358583
v -0.140253 -0.241671 -0.393542
v -0.158585 -0.192682 -0.331336
v -0.156676 -0.245043 -0.384240
v -0.160397 -0.283452 -0.358583
v -0.143586 -0.258841 -0.382031
v -0.156076 -0.231304 -0.318585
v -0.147791 -0.293723 -0.358738
v -0.145117 -0.319360 -0.375869
v -0.149080 -0.284285 -0.312268
v -0.138935 -0.328352 -0.341917
v -0.131106 -0.334631 -0.346607
v -0.138054 -0.292482 -0.311338
v -0.132095 -0.311570 -0.321298
v -0.121456 -0.369822 -0.329437
v -0.124518 -0.325058 -0.294342
v -0.140418 -0.264151 -0.295215
v -0.150165 -0.259170 -0.301513
v -0.137453 -0.249113 -0.291978
v -0.125351 -0.287599 -0.262581
v -0.104044 -0.375442 -0.308179
v -0.103472 -0.424819 -0.365172
v -0.082970 -0.414510 -0.295176
v -0.084346 -0.471250 -0.348971
v -0.084927 -0.384938 -0.269867
v -0.110633 -0.334941 -0.287386
v -0.093386 -0.328507 -0.239695
v -0.110914 -0.322810 -0.258395
v -0.070340 -0.353157 -0.220956
v -0.064356 -0.329476 -0.167684
v -0.084132 -0.312578 -0.200802
v -0.102135 -0.289420 -0.227893
v -0.122396 -0.271011 -0.255973
v -0.120739 -0.245218 -0.226827
v -0.128790 -0.233552 -0.225258
v -0.140951 -0.247834 -0.277464
v -0.135302 -0.191054 -0.215181
v -0.140302 -0.193225 -0.242136
v -0.141018 -0.198612 -0.250857
v -0.153411 -0.239172 -0.279576
v -0.171210 -0.195046 -0.250993
v -0.136920 -0.124925 -0.182625
v -0.179233 -0.158295 -0.217661
v -0.194135 -0.124566 -0.187179
v -0.173110 -0.200608 -0.262348
v -0.208534 -0.123423 -0.197430
v -0.179543 -0.187993 -0.253318
v -0.163091 -0.212274 -0.312481
v -0.177993 -0.185667 -0.267968
v -0.192353 -0.158750 -0.239017
v -0.187954 -0.160242 -0.258647
v -0.189368 -0.180629 -0.278782
v -0.161269 -0.174176 -0.340251
v -0.198302 -0.167897 -0.280681
v -0.189330 -0.149264 -0.282057
v -0.181268 -0.159428 -0.303877
v -0.174427 -0.136610 -0.321841
v -0.193980 -0.143722 -0.314148
v -0.185958 -0.130893 -0.300021
v -0.191636 -0.105672 -0.280816
v -0.199910 -0.077161 -0.261263
v -0.189581 -0.100556 -0.261554
v -0.202972 -0.106728 -0.246884
v -0.199464 -0.085867 -0.248648
v -0.209251 -0.022094 -0.236265
v -0.208805 -0.108928 -0.220878
v -0.216983 -0.115923 -0.235974
v -0.208863 -0.131504 -0.236381
v -0.223824 -0.083852 -0.168226
v -0.219386 -0.064982 -0.196577
v -0.225703 -0.050147 -0.178458
v -0.236923 -0.068882 -0.173633
v -0.285157 -0.321143 0.005857
v -0.265216 -0.299246 0.024960
v -0.260391 -0.297870 -0.014346
v -0.251477 -0.312462 -0.049934
v -0.264868 -0.271282 -0.030216
v -0.237563 -0.253628 -0.045719
v -0.248182 -0.275545 -0.014868
v -0.247524 -0.297191 -0.050094
v -0.209483 -0.242136 -0.083260
v -0.213030 -0.249093 -0.101302
v -0.230703 -0.279014 -0.088551
v -0.182411 -0.251961 -0.167780
v -0.195492 -0.294207 -0.143451
v -0.214386 -0.298025 -0.116301
v -0.250605 -0.349242 -0.039513
v -0.211886 -0.347537 -0.082766
v -0.162161 -0.353816 -0.115681
v -0.153150 -0.294091 -0.188923
v -0.125642 -0.286959 -0.217467
v -0.122444 -0.315775 -0.195085
v -0.144507 -0.324786 -0.169544
v -0.098201 -0.341646 -0.168032
v -0.131097 -0.340910 -0.159254
v -0.087466 -0.346839 -0.136222
v -0.055084 -0.326647 -0.125089
v -0.099790 -0.354629 -0.124169
v -0.082553 -0.346956 -0.096622
v -0.048350 -0.320291 -0.094248
v -0.097610 -0.346374 -0.043268
v -0.128829 -0.361993 -0.075989
v -0.183051 -0.381915 0.012554
v -0.112445 -0.351141 -0.002186
v -0.089539 -0.338933 -0.017713
v -0.156211 -0.346258 0.076677
v -0.167412 -0.365288 0.073038
v -0.187004 -0.378465 0.049120
v -0.184814 -0.366993 0.121000
v -0.205162 -0.390751 0.125254
v -0.162587 -0.949361 0.205336
v -0.212971 -0.948508 0.203883
v -0.131736 -0.943315 0.204658
v -0.161444 -0.921068 0.224075
v -0.172354 -0.941067 0.211693
v -0.186965 -0.895411 0.250741
v -0.192817 -0.870761 0.264247
v -0.218552 -0.440981 0.086245
v -0.220219 -0.418502 0.114954
v -0.219328 -0.472025 0.061183
v -0.220800 -0.414355 0.163130
v -0.186151 -0.477762 0.055772
v -0.187876 -0.421021 0.050830
v -0.175745 -0.474622 0.027147
v -0.195007 -0.535936 0.066948
v -0.174059 -0.407727 0.014440
v -0.167451 -0.495590 0.078159
v -0.184233 -0.535122 0.094452
v -0.178225 -0.563260 0.081613
v -0.136988 -0.509775 0.059623
v -0.151309 -0.551090 0.065379
v -0.174931 -0.414393 -0.019551
v -0.164486 -0.437532 -0.023213
v -0.175125 -0.424393 -0.074947
v -0.158498 -0.472956 0.013353
v -0.158033 -0.459313 -0.043592
v -0.151086 -0.498962 -0.046611
v -0.157471 -0.438694 -0.082786
v -0.180454 -0.429354 -0.106873
v -0.147462 -0.470126 -0.085547
v -0.157965 -0.453577 -0.109674
v -0.199484 -0.461445 -0.137191
v -0.148441 -0.491637 -0.110555
v -0.213223 -0.496985 -0.141299
v -0.173110 -0.514000 -0.131077
v -0.152781 -0.522681 -0.088008
v -0.157665 -0.519503 -0.072646
v -0.152045 -0.507256 0.003759
v -0.157810 -0.534774 0.013108
v -0.144448 -0.553145 0.002842
v -0.118520 -0.552292 0.016664
v -0.122240 -0.491753 0.020147
v -0.125380 -0.572213 0.041732
v -0.158178 -0.438268 0.025258
v -0.181810 -0.448810 0.059420
v -0.160785 -0.446988 0.077989
v -0.137307 -0.437260 0.035206
v -0.127066 -0.536479 0.044663
v -0.126649 -0.562097 0.061653
v -0.239656 -0.622326 0.123461
v -0.227564 -0.617792 0.166075
v -0.205511 -0.629651 0.166579
v -0.217797 -0.626435 0.119043
v -0.201267 -0.663952 0.109761
v -0.223727 -0.610079 0.119692
v -0.207739 -0.631551 0.100575
v -0.230819 -0.592134 0.142356
v -0.200046 -0.673564 0.172141
v -0.206887 -0.696896 0.171366
v -0.204600 -0.690307 0.116640
v -0.191946 -0.689144 0.066067
v -0.179466 -0.691857 0.082321
v -0.144148 -0.724336 0.110284
v -0.132453 -0.772085 0.155901
v -0.159990 -0.809834 0.200627
v -0.110885 -0.751931 0.094985
v -0.135166 -0.727591 0.057002
v -0.080664 -0.763791 -0.003207
v -0.150059 -0.715654 0.012909
v -0.131319 -0.735885 -0.045801
v -0.100798 -0.759140 -0.055205
v -0.187372 -0.697826 0.051305
v -0.155494 -0.731312 -0.064400
v -0.111340 -0.764876 -0.080664
v -0.208379 -0.702864 0.005934
v -0.182954 -0.656975 0.063921
v -0.196558 -0.744645 -0.080654
v -0.141639 -0.771232 -0.105158
v -0.084365 -0.804408 -0.138441
v -0.179776 -0.568841 0.046867
v -0.190938 -0.630814 0.085809
v -0.149497 -0.589034 0.055888
v -0.198069 -0.579151 0.077544
v -0.192566 -0.618606 0.113104
v -0.210413 -0.589964 0.126775
v -0.211634 -0.564229 0.121911
v -0.218010 -0.529968 0.117948
v -0.231652 -0.538223 0.081419
v -0.235373 -0.586786 0.092911
v -0.196771 -0.061857 0.243377
v -0.185861 -0.083483 0.250508
v -0.173187 -0.096971 0.276669
v -0.146280 -0.089229 0.301629
v -0.116805 -0.007099 0.329205
v -0.221052 -0.228377 0.106641
v -0.216072 -0.263686 0.142559
v -0.191325 -0.214658 0.087214
v -0.204716 -0.334708 0.171656
v -0.194523 -0.230529 0.104461
v -0.157888 -0.278336 0.103094
v -0.176520 -0.221498 0.103094
v -0.165804 -0.238629 0.085722
v -0.186113 -0.187043 0.047424
v -0.183865 -0.197759 0.055127
v -0.136309 -0.196093 0.010476
v -0.138063 -0.215316 0.043399
v -0.097475 -0.219502 0.015347
v -0.149438 -0.236807 0.082572
v -0.124391 -0.232660 0.049992
v -0.089481 -0.247543 0.011609
v -0.125060 -0.245256 0.031415
v -0.140020 -0.264984 0.065892
v -0.153208 -0.261573 0.038307
v -0.164796 -0.300059 0.072733
v -0.138800 -0.301765 0.094316
v -0.154351 -0.279305 0.106331
v -0.191209 -0.305815 0.102290
v -0.168575 -0.291920 0.119595
v -0.202701 -0.291979 0.148925
v -0.201364 -0.302598 0.162006
v -0.191926 -0.302307 0.148838
v -0.212002 -0.322538 0.135728
v -0.211227 -0.346297 0.152200
v -0.199910 -0.335484 0.140553
v -0.167742 -0.323430 0.090847
v -0.129217 -0.281902 0.036713
v -0.201422 -0.368234 0.157190
v -0.185415 -0.374590 0.176888
v -0.229715 -0.011266 0.065136
v -0.225064 0.001026 0.082456
v -0.202197 0.018594 0.082194
v -0.209018 -0.000679 0.096525
v -0.206906 -0.011146 0.137840
v -0.189601 -0.025270 0.091613
v -0.199038 -0.034172 0.160591
v -0.195647 -0.031473 0.117008
v -0.191791 -0.020335 0.138373
v -0.191849 -0.063131 0.129556
v -0.162626 -0.107910 0.157655
v -0.182353 -0.074753 0.095595
v -0.176016 -0.123529 0.128626
v -0.184485 -0.094665 0.076691
v -0.170280 -0.104567 0.179098
v -0.151735 -0.125041 0.110536
v -0.113026 -0.169001 0.122822
v -0.108317 -0.180493 0.106321
v -0.165649 -0.132986 0.073324
v -0.135709 -0.148537 0.157142
v -0.164757 -0.145786 0.170726
v -0.139604 -0.142084 0.184194
v -0.153653 -0.148789 0.205627
v -0.162839 -0.102455 0.220549
v -0.176733 -0.084152 0.219560
v -0.161308 -0.069274 0.239811
v -0.218882 0.384550 -0.034773
v -0.210859 0.366683 -0.032425
v -0.206809 0.390092 -0.061595
v -0.186384 0.335638 -0.019088
v -0.161482 0.318624 -0.048151
v -0.207759 0.392030 -0.095130
v -0.174272 0.345987 -0.102164
v -0.202953 0.376489 -0.124295
v -0.152316 0.322228 -0.039683
v -0.166521 0.290157 -0.101583
v -0.154370 0.303567 -0.072845
v -0.156667 0.279421 -0.088541
v -0.113472 0.290215 -0.039300
v -0.138548 0.279808 -0.090547
v -0.156337 0.258666 -0.106951
v -0.100740 0.245043 -0.074070
v -0.118965 0.220471 -0.092339
v -0.142201 0.191403 -0.100527
v -0.086729 0.216440 -0.092979
v -0.121872 0.157074 -0.107368
v -0.088996 0.144875 -0.136358
v -0.068920 0.199600 -0.122357
v -0.083163 0.270914 -0.039620
v -0.073997 0.227699 -0.094946
v -0.035015 0.197023 -0.142259
v -0.052550 0.215045 -0.136261
v -0.034906 0.228920 -0.137182
v -0.061503 0.266379 -0.073968
v -0.042367 0.302288 -0.103598
v -0.089655 0.284459 0.009808
v -0.071032 0.283394 -0.033576
v -0.075523 0.293587 0.026660
v -0.153925 0.328933 -0.009941
v -0.103298 0.285273 0.056595
v -0.059095 0.310853 0.030248
v -0.052429 0.320949 0.017894
v -0.055442 0.327499 0.065616
v -0.071609 0.305059 0.055500
v -0.073004 0.302230 0.140582
v -0.063431 0.307094 0.109741
v -0.060573 0.312384 0.154235
v -0.153111 0.246632 0.227234
v -0.128180 0.060171 0.291726
v -0.118772 0.058078 0.331530
v -0.190240 0.196248 0.257601
v -0.143160 0.256302 0.240334
v -0.162897 0.243939 0.272677
v -0.113559 0.289343 0.254616
v -0.123820 0.285719 0.233900
v -0.067767 0.293432 0.166618
v -0.051441 0.315000 0.191073
v -0.091642 0.288490 0.156890
v -0.049096 0.322228 0.163846
v -0.027334 0.318314 0.146289
v -0.028147 0.355017 0.145427
v -0.037091 0.334825 0.177256
v -0.016250 0.365133 0.157539
v -0.023632 0.314593 0.193554
v -0.020970 0.312210 0.183768
v -0.041504 0.300796 0.205317
v -0.032876 0.306609 0.216731
v -0.026743 0.407339 0.219250
v -0.027530 0.381837 0.265798
v -0.109509 0.268026 0.264286
v -0.034310 0.286785 0.271727
v -0.036730 0.311415 0.295641
v -0.028707 0.439043 0.251516
v -0.052366 0.275778 0.307597
v -0.043476 0.292695 0.238474
v -0.064395 0.273510 0.263898
v -0.060161 0.279925 0.229424
v -0.080761 0.243299 0.347343
v -0.105090 0.254674 0.280118
v -0.099577 0.247097 0.323313
v -0.135418 0.224870 0.296707
v -0.172393 0.152045 -0.238474
v -0.163633 0.122425 -0.272445
v -0.136678 0.087456 -0.256322
v -0.162451 0.130157 -0.249093
v -0.115526 0.070582 -0.203941
v -0.162374 0.147811 -0.234172
v -0.153460 0.157219 -0.158750
v -0.150640 0.124769 -0.235141
v -0.156018 0.145485 -0.194291
v -0.163478 0.137065 -0.237331
v -0.126911 0.090692 -0.195531
v -0.103666 0.059468 -0.169641
v -0.125428 0.051833 -0.149526
v -0.099829 0.053534 -0.172916
v -0.081594 0.060490 -0.187992
v -0.067258 0.103036 -0.172199
v -0.064109 0.062932 -0.203263
v -0.067850 0.111030 -0.217390
v -0.062501 0.079869 -0.214658
v -0.052259 0.084617 -0.216169
v -0.039002 0.134207 -0.221537
v -0.053286 0.044605 -0.235179
v -0.039818 0.064870 -0.227641
v -0.035855 0.013435 -0.260004
v -0.052419 0.017747 -0.246807
v -0.170842 -0.844406 0.233978
v -0.124304 -0.897271 0.186772
v -0.081933 -0.864792 0.141280
v -0.102871 -0.952694 0.187489
v -0.073222 -0.899984 0.142346
v -0.065277 -0.953624 0.152268
v -0.028588 -0.919285 0.083997
v -0.037011 -0.886961 0.082476
v 0.020973 -0.885721 0.016203
v -0.050452 -0.844251 0.058257
v 0.091555 -0.928509 -0.017993
v 0.040676 -0.872466 -0.021346
v 0.120526 -0.912154 -0.053606
v -0.060602 -0.810222 0.047066
v 0.190008 -0.948741 -0.119392
v 0.116844 -0.881380 -0.086458
v -0.106990 -0.801618 0.145388
v -0.055830 -0.793246 0.016578
v 0.195918 -0.947655 -0.160068
v 0.172974 -0.931687 -0.221052
v 0.161889 -0.901534 -0.190240
v -0.021748 -0.800533 -0.062637
v -0.003352 -0.822392 -0.029938
v 0.028249 -0.823244 -0.076536
v -0.023075 -0.800920 -0.083716
v 0.058824 -0.830453 -0.112115
v -0.059798 -0.791773 -0.102755
v 0.004031 -0.820066 -0.162897
v -0.055152 -0.819369 -0.163188
v 0.054919 -0.846499 -0.224947
v 0.080557 -0.845569 -0.201402
v 0.081216 -0.839057 -0.158886
v 0.118055 -0.863009 -0.136019
v 0.150175 -0.885566 -0.167238
v 0.156086 -0.901379 -0.127211
v -0.188050 -0.007863 0.063983
v -0.196810 -0.030131 0.077510
v -0.182566 -0.016234 0.046722
v -0.180570 -0.001361 0.022535
v -0.175997 -0.084239 0.045288
v -0.190608 -0.033087 0.030504
v -0.176559 -0.011612 -0.012652
v -0.162005 -0.031752 -0.002276
v -0.182353 -0.080421 0.033898
v -0.165281 -0.115778 0.029017
v -0.147568 -0.097678 -0.015719
v -0.169272 -0.049498 -0.020779
v -0.170862 -0.035049 -0.029877
v -0.156986 -0.136842 0.241109
v -0.115807 -0.130254 0.275797
v -0.129478 -0.092126 0.287308
v -0.140427 -0.157626 0.227389
v -0.102571 -0.148363 0.258473
v -0.083774 -0.145999 0.274034
v -0.152074 -0.170145 0.217041
v -0.067845 -0.149797 0.286339
v -0.098163 -0.159554 0.267387
v -0.070873 -0.187023 0.252116
v -0.055505 -0.188109 0.246574
v -0.040913 -0.177605 0.279886
v -0.160668 -0.167645 0.166656
v -0.089035 -0.181210 0.260023
v -0.131949 -0.210665 0.170222
v -0.126397 -0.205453 0.124653
v -0.066987 -0.211247 0.240295
v -0.034656 -0.209270 0.249830
v -0.091409 -0.204232 0.205821
v -0.008450 -0.219134 0.260565
v -0.006914 -0.237331 0.251729
v 0.052177 -0.208883 0.240993
v 0.032743 -0.207700 0.248648
v -0.008419 -0.248570 0.160901
v 0.040351 -0.187624 0.246962
v 0.051930 -0.183845 0.255605
v 0.076187 -0.201461 0.206576
v 0.128849 -0.183283 0.207022
v 0.148315 -0.161599 0.172179
v 0.150892 -0.143518 0.171443
v 0.115352 -0.210297 0.148537
v 0.040351 -0.214483 0.165533
v 0.112164 -0.184369 0.121921
v 0.120264 -0.138063 0.170610
v 0.129120 -0.139333 0.196015
v 0.053485 -0.220006 0.149448
v 0.116485 -0.159574 0.142327
v 0.168517 -0.110391 0.128015
v 0.152791 -0.091816 0.156163
v 0.187179 -0.002281 0.133063
v 0.097610 -0.168265 0.121262
v 0.174989 -0.012086 0.089994
v 0.205646 0.006618 0.128606
v 0.192760 0.033855 0.079632
v 0.165726 -0.077481 0.096738
v 0.173478 -0.001259 0.055733
v 0.168033 -0.098017 0.075635
v 0.159952 -0.082950 0.050084
v 0.132395 -0.148315 0.080136
v 0.064100 -0.184524 0.058698
v 0.080984 -0.214444 0.082989
v 0.063984 -0.222661 0.091022
v 0.049178 -0.221653 0.064017
v 0.025573 -0.246845 0.120758
v 0.035112 -0.245896 0.090527
v -0.011565 -0.258163 0.072370
v 0.113133 -0.146978 0.071367
v -0.011835 -0.241148 0.121243
v -0.035906 -0.252872 0.116708
v -0.058301 -0.217390 0.167567
v -0.077587 -0.223649 0.090876
v -0.054997 -0.244617 0.093909
v -0.077020 -0.240450 0.098715
v -0.043544 -0.241206 0.061300
v -0.009510 -0.238028 0.035960
v -0.070509 -0.222525 0.068852
v -0.096012 -0.220238 0.091923
v -0.045724 -0.203592 0.042870
v -0.083115 -0.200763 0.060544
v -0.091496 -0.188283 0.075005
v -0.077195 -0.184214 0.057327
v -0.054217 -0.186772 0.037013
v -0.009504 -0.223649 0.032963
v 0.027896 -0.199775 0.042158
v 0.012306 -0.225413 0.012351
v -0.018699 -0.243299 -0.003226
v -0.010113 -0.275952 -0.025306
v 0.020798 -0.234230 -0.007496
v 0.045966 -0.218107 0.005572
v 0.031183 -0.260585 -0.008484
v 0.042740 -0.260914 0.006548
v 0.051266 -0.278355 -0.016197
v 0.083542 -0.222273 0.008299
v 0.063911 -0.236962 -0.031573
v 0.076904 -0.192450 -0.011122
v 0.116107 -0.196073 -0.001891
v 0.095469 -0.173788 0.001340
v 0.060742 -0.193477 0.021416
v 0.100866 -0.198186 0.020149
v 0.073988 -0.170629 0.006053
v 0.090092 -0.145369 0.002624
v 0.055961 -0.176792 0.032571
v 0.079937 -0.167064 0.030090
v 0.120351 -0.140854 0.035892
v 0.132424 -0.095731 -0.015336
v 0.130263 -0.122812 0.030381
v 0.155591 -0.107222 0.027954
v 0.145602 -0.036463 -0.002212
v 0.176927 -0.031054 0.032568
v 0.167490 0.003243 0.024720
v -0.112105 -0.057632 0.300253
v -0.122095 -0.061799 0.332576
v -0.122425 -0.075746 0.276146
v -0.124149 -0.026924 0.297269
v -0.054183 -0.078973 0.312578
v -0.110904 0.005471 0.305136
v -0.052584 -0.102193 0.316085
v -0.052095 -0.109489 0.302811
v -0.007288 -0.149099 0.303508
v -0.068838 -0.111728 0.283180
v -0.003038 -0.167858 0.296513
v -0.102542 -0.119479 0.270235
v -0.079995 0.011565 0.326569
v -0.120603 0.048156 0.282773
v -0.148789 -0.113607 0.057598
v -0.144729 -0.126921 0.029380
v -0.132792 -0.146125 0.068940
v -0.123956 -0.167800 0.080591
v -0.107629 -0.158159 0.067709
v -0.127134 -0.154845 0.045540
v -0.098163 -0.165533 0.026488
v -0.080605 -0.173633 0.035732
v -0.071144 -0.199193 0.027791
v -0.110943 -0.138383 -0.004920
v -0.038752 -0.207642 0.031105
v -0.034041 -0.223669 0.007100
v -0.133596 -0.131233 -0.023666
v -0.059231 -0.204794 0.005689
v -0.094529 -0.168633 0.004646
v -0.060553 -0.227525 -0.006289
v -0.037592 -0.238241 -0.008074
v -0.072374 -0.197139 0.018324
v -0.105749 -0.198302 0.022034
v -0.107048 -0.180028 -0.002295
v -0.125390 -0.243706 -0.002936
v -0.088744 -0.242253 -0.024839
v -0.078803 -0.274247 -0.026970
v -0.113481 -0.290389 0.032956
v -0.107009 -0.311570 0.031825
v -0.063877 -0.268550 0.004876
v -0.053776 -0.262445 -0.010026
v -0.063140 -0.278956 -0.017033
v -0.078086 -0.303722 -0.019027
v -0.016370 -0.301609 -0.014016
v -0.010512 -0.333623 -0.017738
v -0.040036 -0.308625 -0.030257
v -0.035649 -0.346607 -0.035981
v -0.052521 -0.335251 -0.045433
v -0.068751 -0.353738 -0.017217
v -0.040560 -0.378775 -0.035955
v -0.071483 -0.373776 -0.034375
v -0.076856 -0.321686 -0.030962
v -0.081061 -0.347111 -0.065883
v -0.139478 -0.279189 -0.404471
v -0.135457 -0.308528 -0.389976
v -0.124866 -0.257639 -0.411758
v -0.087756 -0.248725 -0.450399
v -0.033445 -0.243977 -0.480668
v -0.093880 -0.213572 -0.424625
v -0.058136 -0.233203 -0.457647
v -0.050123 -0.195279 -0.447453
v -0.032173 -0.222545 -0.489738
v -0.037222 -0.152694 -0.434160
v -0.049367 -0.105430 -0.430051
v -0.054653 -0.184718 -0.424587
v -0.021123 -0.083919 -0.428036
v -0.125603 -0.317268 -0.427532
v -0.127802 -0.331065 -0.401875
v -0.119179 -0.386643 -0.380248
v -0.115671 -0.380946 -0.420478
v -0.115342 -0.423540 -0.402650
v -0.093105 -0.449430 -0.452763
v -0.087349 -0.477800 -0.377496
v -0.089471 -0.474700 -0.442880
v -0.059793 -0.527642 -0.393464
v -0.051945 -0.453344 -0.326143
v -0.033673 -0.495551 -0.348932
v -0.007273 -0.500125 -0.321337
v -0.016672 -0.445438 -0.274092
v -0.017139 -0.555276 -0.395131
v 0.016775 -0.502876 -0.315717
v 0.024936 -0.563183 -0.366606
v 0.025054 -0.433152 -0.275642
v 0.042187 -0.433462 -0.310388
v 0.048321 -0.392069 -0.275797
v 0.068102 -0.388310 -0.276572
v 0.036786 -0.371799 -0.234346
v 0.080218 -0.455205 -0.336801
v 0.048592 -0.484467 -0.343196
v 0.092746 -0.501907 -0.375132
v 0.066561 -0.537022 -0.387845
v 0.072379 -0.539618 -0.386023
v 0.047836 -0.558919 -0.372884
v 0.024187 -0.586205 -0.378543
v 0.069545 -0.592328 -0.411021
v 0.087194 -0.608413 -0.412882
v 0.034317 -0.627365 -0.402805
v -0.007402 -0.590933 -0.434780
v 0.068727 -0.638139 -0.411758
v 0.102940 -0.648139 -0.421021
v 0.093221 -0.682555 -0.421718
v 0.090324 -0.716584 -0.432105
v 0.013942 -0.618838 -0.421176
v 0.054779 -0.671626 -0.477374
v 0.002184 -0.609498 -0.445942
v -0.020016 -0.598374 -0.457259
v 0.015578 -0.647286 -0.479971
v 0.058601 -0.685191 -0.498109
v 0.053432 -0.681238 -0.520007
v -0.066299 -0.521635 -0.455786
v 0.099849 -0.722165 -0.520162
v 0.132124 -0.638915 -0.569035
v 0.129837 -0.655735 -0.560043
v 0.173439 -0.656898 -0.526053
v 0.194717 -0.629884 -0.600506
v 0.177140 -0.645581 -0.567601
v 0.206267 -0.611048 -0.611668
v 0.209212 -0.588336 -0.616125
v 0.258182 -0.607831 -0.596785
v 0.240218 -0.540238 -0.612598
v 0.290409 -0.567059 -0.600506
v -0.081410 0.121475 -0.166250
v -0.083813 0.153556 -0.150902
v -0.063693 0.120768 -0.172296
v -0.049135 0.147249 -0.168381
v -0.032072 0.188671 -0.153624
v -0.030780 0.163381 -0.166986
v -0.030245 0.219948 -0.178109
v -0.026188 0.181326 -0.217390
v -0.029477 0.301203 -0.180667
v -0.047977 0.156240 -0.219405
v -0.040661 0.151677 -0.226479
v 0.002320 0.149245 -0.226033
v -0.025883 0.175086 -0.239482
v 0.001067 0.188981 -0.242369
v -0.015471 0.189252 -0.237214
v -0.024485 0.247601 -0.252097
v -0.005467 0.244132 -0.274053
v 0.004576 0.253531 -0.274344
v -0.021740 0.268007 -0.279169
v -0.005601 0.268627 -0.310388
v -0.017381 0.280739 -0.324554
v -0.024810 0.326530 -0.293587
v 0.008564 0.288025 -0.324205
v 0.000393 0.292695 -0.398309
v -0.012330 0.290176 -0.385054
v -0.014562 0.301726 -0.451872
v -0.020883 0.299710 -0.347188
v -0.017627 0.322810 -0.454275
v -0.022424 0.325251 -0.487877
v -0.025456 0.344049 -0.431175
v -0.006004 0.364823 -0.403735
v -0.027237 0.357614 -0.332848
v 0.007017 0.353195 -0.438268
v 0.012043 0.361412 -0.307636
v -0.006500 0.370675 -0.298412
v -0.017621 0.359939 -0.205860
v 0.010577 0.355482 -0.202875
v -0.035470 0.333119 -0.210762
v -0.038866 0.312985 -0.141658
v -0.080276 0.307539 -0.078261
v -0.080373 0.282560 -0.075223
v -0.062453 0.299749 -0.099897
v -0.059177 0.321725 -0.090140
v -0.047797 0.324670 -0.081991
v -0.029424 0.318236 -0.091845
v -0.006513 0.341491 -0.133975
v 0.000882 0.319670 -0.085809
v -0.013452 0.345367 -0.085789
v -0.029199 0.342615 -0.070296
v -0.008507 0.394433 -0.074065
v -0.054972 0.291378 -0.053921
v -0.057865 0.302016 -0.014311
v -0.031694 0.313585 -0.036582
v -0.058732 0.318779 -0.013174
v -0.031984 0.332770 -0.011360
v -0.027452 0.394317 -0.049973
v -0.023346 0.471599 -0.084840
v -0.035930 0.335135 0.063678
v -0.028043 0.391720 0.041780
v -0.023492 0.475358 -0.027777
v -0.043544 0.331763 0.094258
v -0.031224 0.418889 0.036783
v -0.019109 0.531053 -0.114140
v 0.000645 0.530394 -0.123839
v -0.025783 0.507837 -0.052967
v -0.019291 0.576748 -0.157132
v -0.000274 0.565431 -0.169001
v -0.022855 0.518030 -0.044794
v -0.003912 0.589499 -0.160262
v -0.028901 0.427803 0.056702
v -0.007325 0.452841 0.059938
v -0.031183 0.367109 0.105730
v -0.038762 0.323585 0.131465
v -0.008072 0.346917 0.136387
v -0.056692 -0.371295 -0.239191
v -0.040080 -0.345289 -0.162587
v -0.032113 -0.415866 -0.240276
v -0.033465 -0.389860 -0.218087
v -0.004810 -0.418734 -0.227990
v -0.006890 -0.397960 -0.178943
v 0.024131 -0.388387 -0.218979
v 0.073436 -0.345561 -0.251593
v 0.040710 -0.358544 -0.207778
v 0.074928 -0.374047 -0.229540
v 0.029272 -0.342421 -0.166443
v 0.057220 -0.389085 -0.184543
v 0.070243 -0.398038 -0.187004
v 0.169156 -0.467452 -0.204949
v 0.159603 -0.487025 -0.182334
v 0.041267 -0.362962 -0.168963
v 0.090954 -0.428230 -0.173458
v 0.072893 -0.417727 -0.160417
v 0.147501 -0.492606 -0.151086
v 0.179795 -0.545897 -0.151977
v 0.127948 -0.473459 -0.133102
v 0.178691 -0.544347 -0.131901
v 0.200182 -0.561710 -0.118849
v 0.052875 -0.372070 -0.140641
v 0.100091 -0.428656 -0.116630
v 0.162665 -0.481250 -0.113850
v 0.188148 -0.531402 -0.110672
v 0.208127 -0.541130 -0.105827
v 0.227389 -0.553881 -0.093434
v 0.203379 -0.534308 -0.078387
v 0.197934 -0.495009 -0.101660
v 0.174931 -0.483033 -0.067510
v 0.121340 -0.428927 -0.109073
v 0.176346 -0.478227 -0.092368
v 0.134662 -0.464468 -0.072055
v 0.150786 -0.428966 -0.096186
v 0.130748 -0.460902 -0.094839
v 0.137608 -0.403309 -0.073426
v 0.139943 -0.405557 -0.055176
v 0.092485 -0.355521 -0.073731
v 0.075616 -0.310659 -0.069850
v 0.086729 -0.335018 -0.093570
v 0.070877 -0.319671 -0.096632
v 0.126320 -0.359087 -0.095672
v 0.109150 -0.382457 -0.101244
v 0.073794 -0.362032 -0.113181
v 0.057598 -0.305427 -0.099558
v 0.035041 -0.332577 -0.137152
v -0.008253 -0.356567 -0.092979
v -0.006545 -0.359164 -0.132269
v -0.005070 -0.375946 -0.161541
v -0.053214 -0.374861 -0.088473
v -0.044692 -0.370946 -0.098734
v -0.028157 -0.404820 -0.113394
v 0.018444 -0.349436 -0.089752
v 0.031008 -0.368078 -0.101147
v -0.009772 -0.417300 -0.132540
v -0.013129 -0.445360 -0.115545
v 0.006596 -0.434857 -0.117338
v 0.040187 -0.363544 -0.092359
v 0.068373 -0.315756 -0.071880
v 0.025282 -0.392379 -0.086487
v 0.061266 -0.306997 -0.058402
v 0.047318 -0.348700 -0.064289
v -0.011185 -0.438152 -0.095779
v -0.056939 -0.365327 -0.065277
v -0.006993 -0.381256 -0.051702
v 0.009560 -0.364590 -0.025846
v 0.032348 -0.374667 -0.058412
v 0.077151 -0.361722 -0.047492
v 0.036335 -0.366877 -0.028642
v 0.076497 -0.340173 -0.026503
v -0.018226 -0.370055 -0.019609
v 0.064158 -0.314496 -0.037820
v 0.022857 -0.338390 -0.037253
v 0.039535 -0.331336 -0.045608
v 0.022198 -0.306144 -0.031234
v 0.008000 -0.318294 -0.019265
v -0.053945 0.005906 -0.298567
v -0.029935 0.021006 -0.316105
v -0.034022 0.020570 -0.282580
v -0.033515 0.047734 -0.280429
v -0.030207 0.053141 -0.311066
v -0.025076 0.076807 -0.382264
v -0.029744 0.103104 -0.310194
v -0.034230 0.087291 -0.264306
v -0.025059 0.119179 -0.415905
v -0.034421 0.119460 -0.327073
v -0.042575 0.111776 -0.252078
v -0.038413 0.130263 -0.271728
v -0.022528 0.150650 -0.255818
v 0.008326 0.152655 -0.255275
v -0.005955 0.160048 -0.292366
v -0.024705 0.155310 -0.330794
v -0.031246 0.142181 -0.377768
v -0.030071 0.132191 -0.445050
v -0.021573 0.155872 -0.445515
v -0.001332 0.164912 -0.390635
v 0.019162 0.151405 -0.344359
v -0.004547 0.154399 -0.504310
v 0.012216 0.154477 -0.444740
v 0.020721 0.132453 -0.438113
v -0.060466 0.227641 -0.106486
v -0.043699 0.279130 -0.110943
v -0.036960 0.259383 -0.109160
v -0.036815 0.229308 -0.115817
v -0.054255 -0.206305 0.298858
v -0.053127 -0.189485 0.315213
v -0.028348 -0.065834 -0.411487
v 0.007509 -0.062927 -0.414587
v 0.010227 -0.048403 -0.359474
v 0.002190 -0.008633 -0.384008
v 0.045855 -0.072714 -0.383969
v 0.016340 -0.043626 -0.331569
v 0.050215 -0.064575 -0.320097
v 0.039116 -0.091322 -0.391720
v 0.048771 -0.101050 -0.347808
v 0.086594 -0.086070 -0.299226
v -0.003186 -0.091012 -0.388504
v 0.035918 -0.100808 -0.364590
v 0.019472 -0.086226 -0.428191
v 0.014524 -0.087640 -0.434625
v 0.048418 -0.134323 -0.380287
v 0.039583 -0.120681 -0.431214
v 0.098928 -0.105914 -0.318430
v 0.147433 -0.064885 -0.290157
v 0.101225 -0.124847 -0.340910
v 0.147888 -0.105837 -0.328391
v 0.179194 -0.047129 -0.269906
v 0.114102 -0.137249 -0.333429
v 0.159428 -0.125467 -0.325407
v 0.078169 -0.179040 -0.405440
v 0.043035 -0.180609 -0.422455
v 0.130312 -0.174311 -0.350831
v 0.082795 -0.206945 -0.426563
v 0.148615 -0.186907 -0.341879
v 0.037660 -0.162800 -0.433617
v 0.023378 -0.153779 -0.436020
v 0.040579 -0.198748 -0.441872
v 0.033712 -0.224037 -0.482102
v 0.016449 -0.221634 -0.489738
v 0.045690 -0.239617 -0.458344
v 0.018204 -0.241245 -0.479816
v 0.078014 -0.248434 -0.452453
v 0.127473 -0.240935 -0.401526
v 0.128529 -0.215316 -0.383504
v 0.145970 -0.282812 -0.360598
v 0.134982 -0.288141 -0.363660
v 0.123617 -0.295060 -0.315930
v 0.134149 -0.285874 -0.311686
v 0.127047 -0.250682 -0.292385
v 0.146290 -0.202371 -0.327848
v 0.130050 -0.249733 -0.282618
v 0.110061 -0.278665 -0.259926
v 0.123568 -0.221188 -0.236749
v 0.128064 -0.200937 -0.250605
v 0.153799 -0.197488 -0.251709
v 0.163885 -0.188903 -0.262096
v 0.182663 -0.172567 -0.279944
v 0.190996 -0.133790 -0.240237
v 0.174272 -0.159700 -0.292114
v 0.182295 -0.144730 -0.312016
v 0.178303 -0.114509 -0.286940
v 0.190357 -0.093241 -0.244908
v 0.014154 -0.887892 -0.286610
v 0.085295 -0.904790 -0.287114
v 0.021685 -0.918122 -0.313721
v 0.091458 -0.865412 -0.242505
v 0.128326 -0.892620 -0.255643
v 0.203883 -0.901534 -0.227389
v 0.073431 -0.885566 -0.360249
v 0.181249 -0.876264 -0.279014
v 0.127405 -0.869753 -0.328740
v 0.091768 -0.857506 -0.406022
v 0.097087 -0.864715 -0.465553
v 0.241303 -0.862544 -0.253066
v 0.244210 -0.872776 -0.233280
v 0.320058 -0.891845 -0.203883
v 0.199833 -0.843166 -0.340561
v 0.222312 -0.837197 -0.278607
v 0.201267 -0.821772 -0.312403
v 0.182663 -0.801773 -0.359862
v 0.157762 -0.832469 -0.386876
v 0.177470 -0.779371 -0.349862
v 0.174505 -0.843553 -0.382302
v 0.138935 -0.846886 -0.399627
v 0.162955 -0.853940 -0.468886
v 0.167722 -0.842391 -0.436291
v 0.138141 -0.857118 -0.482180
v 0.152462 -0.815338 -0.413153
v 0.207352 -0.842933 -0.468382
v 0.096380 -0.892698 -0.514232
v 0.108453 -0.895643 -0.519464
v 0.237272 -0.849057 -0.497450
v 0.118946 -0.887892 -0.525743
v 0.168691 -0.857196 -0.509853
v 0.150146 -0.882543 -0.541401
v 0.208863 -0.914634 -0.587173
v 0.205259 -0.877737 -0.560818
v 0.242369 -0.858669 -0.541905
v 0.321996 -0.864405 -0.519116
v 0.234579 -0.885489 -0.577484
v 0.294226 -0.909363 -0.582833
v 0.276127 -0.893163 -0.576748
v 0.306280 -0.888279 -0.556206
v 0.385015 -0.885876 -0.479196
v 0.415207 -0.888977 -0.388658
v 0.396177 -0.880760 -0.407029
v 0.304807 -0.855646 -0.482684
v 0.344708 -0.857118 -0.421641
v 0.302133 -0.843476 -0.443035
v 0.278549 -0.842856 -0.467801
v 0.254345 -0.841460 -0.488962
v 0.218029 -0.844018 -0.491055
v 0.174447 -0.782782 -0.508690
v 0.179989 -0.815183 -0.493923
v 0.206421 -0.774953 -0.503535
v 0.161017 -0.820144 -0.471793
v 0.145466 -0.833476 -0.444391
v 0.146687 -0.787588 -0.460592
v 0.158692 -0.772705 -0.522216
v 0.164234 -0.740846 -0.543339
v 0.143199 -0.779371 -0.423540
v 0.120768 -0.781386 -0.480978
v 0.114731 -0.723948 -0.533068
v 0.109238 -0.754489 -0.505706
v 0.102504 -0.742397 -0.462259
v 0.097291 -0.727281 -0.487335
v 0.110517 -0.737901 -0.434043
v 0.132986 -0.698988 -0.547331
v 0.179272 -0.719065 -0.536905
v 0.124304 -0.696973 -0.423928
v 0.109247 -0.666742 -0.401603
v 0.141367 -0.734258 -0.409742
v 0.146551 -0.722398 -0.365210
v 0.151396 -0.765806 -0.413386
v 0.143674 -0.773868 -0.399239
v 0.165552 -0.723948 -0.349436
v 0.165319 -0.736660 -0.327112
v 0.139604 -0.696585 -0.364086
v 0.093899 -0.627249 -0.348080
v 0.089781 -0.678524 -0.384434
v 0.122163 -0.714646 -0.340018
v 0.155931 -0.693795 -0.305853
v 0.125671 -0.714026 -0.380093
v 0.067472 -0.692012 -0.360443
v 0.133364 -0.659766 -0.294187
v 0.111708 -0.731932 -0.354203
v 0.093105 -0.683796 -0.321570
v 0.124915 -0.627714 -0.263627
v -0.042207 -0.113239 -0.438423
v -0.011955 -0.069754 -0.497101
v -0.031086 -0.120371 -0.483963
v -0.031483 -0.169176 -0.489001
v 0.014148 -0.268860 -0.495590
v 0.017590 -0.119441 -0.494582
v 0.027171 -0.102726 -0.466948
v -0.021600 0.408967 0.287637
v 0.055418 0.277386 0.251651
v 0.016622 0.409083 0.277754
v 0.022312 0.298606 0.234617
v 0.046199 0.293277 0.218766
v 0.022576 0.287812 0.272115
v 0.073576 0.299148 0.235799
v 0.024829 0.319864 0.186539
v 0.021472 0.303664 0.211344
v 0.002918 0.475514 0.209289
v -0.006372 0.367032 0.202836
v -0.023363 0.458073 0.209832
v 0.003812 0.510008 0.198573
v -0.012871 0.510240 0.220452
v -0.024705 0.505899 0.197798
v 0.014585 0.360017 0.149603
v 0.019442 0.328933 0.142007
v -0.001640 0.360559 0.168846
v 0.039910 0.317384 0.159845
v 0.037796 0.327306 0.117599
v 0.038634 0.316647 0.176152
v -0.005240 0.323740 0.165842
v 0.012715 0.316880 0.195143
v 0.056281 0.293742 0.165145
v 0.105750 0.273084 0.207836
v 0.056058 0.303567 0.146473
v 0.088628 0.292773 0.133761
v 0.130990 0.276282 0.116931
v 0.042231 0.329244 0.058741
v 0.023848 0.338506 0.074511
v 0.022632 0.329244 0.003596
v 0.014132 0.390209 -0.054435
v 0.048083 0.312520 0.032214
v 0.049702 0.322461 -0.003872
v 0.066120 0.293936 0.012448
v 0.085848 0.299284 0.058073
v 0.145950 0.359590 -0.010329
v 0.166017 0.359746 0.013208
v 0.190802 0.359668 0.019955
v 0.174137 0.322190 0.060112
v 0.225858 0.331298 0.035703
v 0.034075 -0.287269 -0.503380
v 0.043282 -0.302675 -0.503109
v 0.056566 -0.330445 -0.527565
v 0.103734 -0.319787 -0.470785
v 0.095033 -0.286901 -0.454856
v 0.076299 -0.272929 -0.470863
v 0.124343 -0.269829 -0.409239
v 0.119654 -0.305679 -0.393891
v 0.116941 -0.327189 -0.411022
v 0.121708 -0.349862 -0.461483
v 0.102281 -0.345909 -0.498225
v 0.131523 -0.377148 -0.468072
v 0.103162 -0.369396 -0.525511
v 0.154516 -0.428462 -0.504814
v 0.151909 -0.456329 -0.460437
v 0.110119 -0.397495 -0.550470
v -0.021324 0.038299 -0.400673
v -0.009601 -0.010701 -0.385635
v -0.021072 0.071609 -0.448577
v -0.013888 0.044077 -0.420052
v -0.002992 0.050365 -0.430516
v 0.010027 0.059454 -0.416603
v 0.012594 0.012127 -0.373039
v 0.014401 0.118956 -0.416525
v -0.002436 0.531595 -0.044993
v 0.020026 0.441020 0.059977
v 0.016156 0.378155 0.112803
v 0.030388 0.366877 0.087136
v 0.023141 0.443422 0.023087
v 0.012252 0.530549 -0.083309
v 0.010701 0.492296 -0.049745
v 0.010394 0.323469 -0.489273
v -0.002794 0.297792 -0.500939
v 0.004129 0.311512 -0.505202
v 0.009494 0.332538 -0.368350
v 0.007655 0.296862 -0.369202
v 0.009299 0.469467 -0.084210
v 0.014366 0.346180 -0.073319
v 0.018441 0.317771 -0.038510
v 0.066232 0.279654 -0.030291
v 0.035015 0.323236 -0.083028
v 0.041693 0.292909 -0.056460
v 0.021925 0.316260 -0.099975
v 0.065544 0.310969 -0.073019
v 0.069487 0.269325 -0.051625
v 0.068513 0.291765 -0.085014
v 0.052947 0.316240 -0.098153
v 0.018794 0.347847 -0.236052
v 0.011644 0.276805 -0.269150
v 0.017455 0.299594 -0.175920
v 0.013800 0.181811 -0.216557
v 0.040061 0.148266 -0.224463
v 0.035114 0.161463 -0.206538
v 0.018370 0.165184 -0.166928
v 0.052293 0.123180 -0.171307
v 0.074560 0.133945 -0.164544
v 0.017750 0.215026 -0.181132
v 0.021423 0.199775 -0.145621
v 0.022007 0.229017 -0.136959
v 0.060680 0.194891 -0.131814
v 0.075897 0.159254 -0.127715
v 0.038329 0.217002 -0.137327
v 0.049382 0.202255 -0.122648
v 0.079772 0.208611 -0.096816
v 0.104238 0.153130 -0.117929
v 0.060694 0.225742 -0.099035
v 0.025098 0.235470 -0.109625
v 0.044353 0.272716 -0.076870
v 0.031532 0.283297 -0.111563
v 0.032118 0.300214 -0.103734
v 0.025670 0.310582 -0.153954
v 0.019318 0.330174 -0.245780
v 0.017884 0.346917 -0.313605
v 0.013762 0.337034 -0.360521
v 0.014441 0.349707 -0.386837
v 0.026287 0.136891 -0.269654
v 0.031730 0.127521 -0.221053
v 0.037844 0.088512 -0.218262
v 0.024373 0.120981 -0.323973
v 0.019525 0.101864 -0.300447
v 0.017179 -0.021162 -0.304943
v 0.018089 0.029819 -0.314458
v 0.048243 -0.015826 -0.300214
v 0.059938 -0.016301 -0.264577
v 0.021731 0.043781 -0.282967
v 0.027292 0.062525 -0.228378
v 0.023116 0.015158 -0.262174
v 0.035601 0.000060 -0.246419
v 0.083028 -0.018303 -0.217816
v 0.042037 0.017539 -0.248047
v 0.052347 0.009761 -0.225432
v 0.096467 -0.009224 -0.175958
v 0.199271 -0.007443 -0.232098
v 0.171869 -0.023807 -0.163071
v 0.090159 0.042575 -0.169718
v 0.107939 -0.024252 -0.151929
v 0.052594 0.061973 -0.205201
v 0.089781 0.061978 -0.172470
v 0.075877 0.079191 -0.178419
v 0.058969 0.108656 -0.212255
v 0.055069 0.101602 -0.172548
v 0.083968 0.099829 -0.158227
v 0.075243 0.107697 -0.157384
v 0.066701 -0.047827 -0.283549
v 0.024373 -0.026963 -0.293858
v 0.062022 -0.033513 -0.262523
v 0.081323 -0.077311 -0.303140
v 0.105585 -0.051043 -0.257484
v 0.107959 -0.031745 -0.256942
v 0.186113 -0.029359 -0.263279
v 0.151221 -0.055108 -0.260294
v 0.151057 -0.452957 -0.577833
v 0.138024 -0.417804 -0.532332
v 0.186965 -0.478188 -0.585739
v 0.173788 -0.453422 -0.544037
v 0.180377 -0.459894 -0.511946
v 0.217429 -0.480203 -0.521712
v 0.234753 -0.483769 -0.543416
v 0.224521 -0.504814 -0.596010
v 0.177896 -0.496520 -0.454391
v 0.131320 -0.500163 -0.428385
v 0.154119 -0.529774 -0.440361
v 0.184330 -0.546207 -0.440206
v 0.279130 -0.515356 -0.575663
v 0.294711 -0.499931 -0.511519
v 0.259286 -0.496559 -0.503264
v 0.332887 -0.506868 -0.494776
v 0.373117 -0.502838 -0.460205
v 0.306512 -0.507023 -0.471987
v 0.376256 -0.501016 -0.412145
v 0.307074 -0.518844 -0.440361
v 0.361800 -0.510899 -0.387961
v 0.338855 -0.539269 -0.369706
v 0.314942 -0.542409 -0.401836
v 0.273685 -0.541595 -0.433462
v 0.270759 -0.511752 -0.463615
v 0.235509 -0.512450 -0.462607
v 0.235935 -0.546672 -0.445709
v 0.268084 -0.580197 -0.429586
v 0.209348 -0.492644 -0.482180
v 0.203050 -0.523185 -0.450128
v 0.209638 -0.570043 -0.445826
v 0.210142 -0.592096 -0.450942
v 0.214096 -0.591980 -0.436446
v 0.201364 -0.550044 -0.403037
v 0.209890 -0.531712 -0.379706
v 0.234249 -0.517798 -0.387263
v 0.263899 -0.549269 -0.357924
v 0.231246 -0.555741 -0.357459
v 0.219638 -0.575973 -0.389937
v 0.231032 -0.573143 -0.369474
v 0.263182 -0.603607 -0.390713
v 0.066701 -0.253357 -0.038685
v 0.069695 -0.252543 -0.055844
v 0.092543 -0.212952 -0.054788
v 0.087495 -0.307946 -0.072137
v 0.118181 -0.257853 -0.074700
v 0.138945 -0.217971 -0.088192
v 0.120719 -0.273414 -0.059047
v 0.117280 -0.342654 -0.057705
v 0.165998 -0.266961 -0.068344
v 0.136978 -0.292637 -0.053989
v 0.122560 -0.315543 -0.062196
v 0.167761 -0.296590 -0.057933
v 0.140011 -0.319283 -0.049304
v 0.160940 -0.419161 -0.052536
v 0.192566 -0.388775 -0.048171
v 0.204348 -0.349010 -0.048452
v 0.204813 -0.428850 -0.046867
v 0.194891 -0.417843 -0.037948
v 0.240954 -0.426369 -0.055670
v 0.224986 -0.477878 -0.057962
v 0.244714 -0.501094 -0.069443
v 0.252775 -0.519116 -0.069012
v 0.273898 -0.531944 -0.080848
v 0.296028 -0.503341 -0.067956
v 0.299149 -0.530510 -0.085392
v 0.304633 -0.510705 -0.112503
v 0.265371 -0.438578 -0.073116
v 0.305156 -0.488497 -0.116117
v 0.285215 -0.458925 -0.100614
v 0.294691 -0.408580 -0.123103
v 0.273104 -0.354513 -0.103172
v 0.296610 -0.370055 -0.127502
v 0.282928 -0.375365 -0.144797
v 0.258337 -0.325135 -0.161948
v 0.250915 -0.316609 -0.098851
v 0.221983 -0.282308 -0.116224
v 0.230064 -0.280390 -0.107474
v 0.213514 -0.268666 -0.180919
v 0.214464 -0.259500 -0.113036
v 0.242912 -0.324903 -0.178923
v 0.190473 -0.235199 -0.111747
v 0.198244 -0.256961 -0.119373
v 0.180784 -0.236633 -0.130699
v 0.149816 -0.186132 -0.141716
v 0.101447 -0.184039 -0.062961
v 0.113956 -0.170184 -0.096554
v 0.122173 -0.162393 -0.151851
v 0.120826 -0.105594 -0.103191
v 0.120729 -0.109189 -0.119256
v 0.144613 -0.194387 -0.194426
v 0.210627 -0.284808 -0.196151
v 0.180454 -0.272270 -0.191287
v 0.208708 -0.318411 -0.169544
v 0.203554 -0.322228 -0.209832
v 0.153295 -0.244365 -0.220064
v 0.124663 -0.184117 -0.203205
v 0.145776 -0.279266 -0.244384
v 0.119353 -0.123365 -0.163420
v 0.125874 -0.125070 -0.181753
v 0.185531 -0.108889 -0.144565
v 0.181268 -0.126291 -0.188923
v 0.192023 -0.129353 -0.214115
v 0.209677 -0.091264 -0.143373
v 0.208786 -0.082059 -0.168749
v 0.205220 -0.121524 -0.238997
v 0.204387 -0.072428 -0.196209
v 0.225374 -0.069259 -0.180454
v 0.215723 -0.055326 -0.153973
v 0.214677 -0.028765 -0.184659
v 0.104722 0.305892 -0.057778
v 0.134759 0.343119 -0.039702
v 0.096109 0.248124 -0.081933
v 0.126368 0.310814 -0.083144
v 0.155310 0.340987 -0.035885
v 0.137879 0.311260 -0.082127
v 0.193399 0.337925 -0.003464
v 0.138645 0.281669 -0.104073
v 0.148508 0.330135 -0.090828
v 0.153527 0.349979 -0.052744
v 0.237040 0.300505 0.003651
v 0.230548 0.327306 -0.000923
v 0.172509 0.277580 -0.094084
v 0.156405 0.311318 -0.098453
v 0.145621 0.230277 -0.101205
v 0.181578 0.286320 -0.115119
v 0.176520 0.345754 -0.133480
v 0.169699 0.388813 -0.105827
v 0.158072 0.235528 -0.161463
v 0.230955 0.359590 -0.156715
v 0.195453 0.390751 -0.143189
v 0.193360 0.418695 -0.066765
v 0.172625 0.366373 -0.022792
v 0.210724 0.353699 0.001562
v 0.246458 0.326995 0.000703
v 0.214522 0.409161 -0.032690
v 0.246632 0.393774 -0.026496
v 0.274906 0.376527 -0.034976
v 0.218456 0.417106 -0.053650
v 0.241575 0.402650 0.033241
v 0.211111 0.410518 -0.108288
v 0.234889 0.368621 -0.140486
v 0.229405 0.446484 -0.100353
v 0.235664 0.425827 -0.150010
v 0.205472 0.464158 -0.064250
v 0.201247 0.447298 0.009727
v 0.209755 0.454468 0.009799
v 0.223165 0.452492 -0.148974
v 0.261593 0.407688 -0.168788
v 0.249810 0.488265 -0.173342
v 0.287483 0.445903 -0.196500
v 0.259984 0.533146 -0.122880
v 0.231188 0.471444 -0.052681
v 0.232660 0.456445 -0.022688
v 0.273956 0.523263 -0.089181
v 0.275545 0.504388 0.010647
v 0.304303 0.506326 -0.057763
v 0.292502 0.536556 -0.083377
v 0.284014 0.544385 -0.112610
v 0.319515 0.521092 -0.085983
v 0.303005 0.526518 -0.122386
v 0.337266 0.537370 -0.121398
v 0.321259 0.547796 -0.008587
v 0.289285 0.502062 0.020284
v 0.350056 0.579151 -0.060263
v 0.087223 -0.201267 -0.038690
v 0.114586 -0.158207 -0.045215
v 0.114760 -0.131387 -0.022414
v 0.127415 -0.108782 -0.086119
v 0.121214 -0.130409 -0.046649
v 0.122531 -0.084636 -0.090431
v 0.120816 -0.053829 -0.122832
v 0.128481 -0.109712 -0.022736
v 0.140989 -0.053766 -0.078532
v 0.156318 -0.038709 -0.017830
v 0.165319 -0.004039 -0.018584
v 0.159467 -0.007303 -0.065040
v 0.146009 -0.017489 -0.071212
v 0.150049 -0.003238 -0.079850
v 0.124741 -0.027157 -0.120371
v 0.159855 -0.050777 -0.123694
v 0.165552 -0.102504 -0.117096
v 0.187527 -0.052962 -0.130554
v 0.085450 -0.389162 -0.309148
v 0.095837 -0.311435 -0.264674
v 0.098725 -0.455321 -0.367109
v 0.123297 -0.488962 -0.408696
v 0.124866 -0.458150 -0.381992
v 0.112183 -0.323663 -0.295408
v 0.133519 -0.455631 -0.417726
v 0.138848 -0.431447 -0.437454
v 0.125002 -0.385558 -0.409820
v 0.120196 -0.355986 -0.409587
v 0.121165 -0.362808 -0.386294
v 0.113637 -0.398154 -0.351141
v 0.120865 -0.331957 -0.371063
v 0.114063 -0.363621 -0.321647
v 0.122560 -0.332344 -0.337189
v 0.131697 -0.315233 -0.379318
v 0.088057 -0.594382 -0.288238
v 0.146542 -0.632791 -0.303780
v 0.142191 -0.613877 -0.286707
v 0.114305 -0.590313 -0.309923
v 0.133345 -0.618334 -0.318353
v 0.208166 -0.613025 -0.314380
v 0.198379 -0.601204 -0.254054
v 0.080247 -0.587910 -0.364435
v 0.121679 -0.545006 -0.302675
v 0.172877 -0.589576 -0.258124
v 0.203922 -0.589189 -0.205860
v 0.144575 -0.551672 -0.264674
v 0.164816 -0.540548 -0.217099
v 0.184718 -0.566128 -0.178361
v 0.212158 -0.603839 -0.149477
v 0.181791 -0.511713 -0.182179
v 0.152491 -0.518186 -0.237292
v 0.192120 -0.483808 -0.202449
v 0.156706 -0.497993 -0.271379
v 0.194155 -0.474855 -0.244559
v 0.222506 -0.472413 -0.215820
v 0.236730 -0.482257 -0.251322
v 0.172780 -0.491094 -0.306067
v 0.140941 -0.499543 -0.311725
v 0.098453 -0.535200 -0.339204
v 0.118229 -0.494505 -0.351296
v 0.151212 -0.496443 -0.404123
v 0.181539 -0.516868 -0.380287
v 0.206732 -0.527138 -0.334941
v 0.209948 -0.498497 -0.293044
v 0.212177 -0.574035 -0.358079
v 0.232195 -0.551323 -0.322577
v 0.246787 -0.583840 -0.269674
v 0.234753 -0.547641 -0.303547
v 0.266709 -0.550044 -0.253415
v 0.258376 -0.517023 -0.254674
v 0.273724 -0.502101 -0.216847
v 0.106641 0.124343 -0.211983
v 0.120564 0.097310 -0.236381
v 0.126223 0.118219 -0.300524
v 0.143606 0.108608 -0.303741
v 0.133548 0.141551 -0.278723
v 0.133064 0.116068 -0.310970
v 0.154496 0.102581 -0.359668
v 0.149274 0.103976 -0.382923
v 0.144255 0.121223 -0.360404
v 0.159932 0.127928 -0.377070
v 0.133567 0.124605 -0.312016
v 0.167354 0.138722 -0.396488
v 0.164893 0.184504 -0.312287
v 0.130661 0.150262 -0.250314
v 0.150194 0.174970 -0.272425
v 0.129866 0.149516 -0.236652
v 0.162393 0.220200 -0.226498
v 0.168672 0.190667 -0.306803
v 0.159738 0.218204 -0.214832
v 0.146047 0.213204 -0.166928
v 0.157297 0.229831 -0.230916
v 0.187469 0.229734 -0.303644
v 0.129982 0.205569 -0.096254
v 0.146832 0.232001 -0.172703
v 0.127260 0.215103 -0.096244
v 0.130932 0.218378 -0.129411
v 0.133471 0.227409 -0.098221
v 0.157432 0.239598 -0.218340
v 0.178574 0.244423 -0.291959
v 0.173148 0.242291 -0.212041
v 0.216111 0.319709 -0.209328
v 0.175784 0.243532 -0.224192
v 0.223998 0.320019 -0.214251
v 0.211615 0.305272 -0.229540
v 0.240741 0.371411 -0.166482
v 0.229734 0.340948 -0.204736
v 0.269751 0.396952 -0.258763
v 0.296242 0.452337 -0.230161
v 0.308605 0.474118 -0.194426
v 0.290079 0.423850 -0.260779
v 0.261825 0.377768 -0.250644
v 0.265236 0.386565 -0.270546
v 0.244307 0.324050 -0.333236
v 0.279014 0.395906 -0.314923
v 0.244539 0.339747 -0.346374
v 0.215161 0.263937 -0.328546
v 0.222855 0.301067 -0.346491
v 0.252368 0.323507 -0.356645
v 0.197585 0.264015 -0.336491
v 0.201150 0.261263 -0.352382
v 0.211557 0.244694 -0.357847
v 0.243163 0.283510 -0.379744
v 0.238900 0.270429 -0.391488
v 0.211266 0.228358 -0.376450
v 0.187082 0.212138 -0.320950
v 0.217816 0.223940 -0.386876
v 0.215258 0.224289 -0.394085
v 0.238919 0.229443 -0.440555
v 0.191926 0.212991 -0.347770
v 0.109170 0.052579 -0.153828
v 0.132560 0.052371 -0.117619
v 0.142201 0.092717 -0.102077
v 0.146619 0.059962 -0.104635
v 0.177489 0.069424 -0.043747
v 0.150049 0.104897 -0.097213
v 0.119256 0.128907 -0.117425
v 0.190667 0.037004 0.047468
v 0.200240 0.099907 -0.001587
v 0.115691 0.102542 -0.181501
v 0.132986 0.159196 -0.096574
v 0.162258 0.137056 -0.076439
v 0.147084 0.157529 -0.189678
v 0.150223 0.141920 -0.243803
v 0.153905 0.152655 -0.228048
v 0.131814 0.128374 -0.217564
v 0.145088 0.167993 -0.178652
v 0.157122 0.166056 -0.234114
v 0.152617 0.187818 -0.094616
v 0.163362 0.172024 -0.225258
v 0.178478 0.178923 -0.275545
v 0.190570 0.192062 -0.282793
v 0.210607 0.216750 -0.300544
v 0.157306 0.142326 -0.271534
v 0.201189 0.207545 -0.311745
v 0.207158 0.200472 -0.321337
v 0.194407 0.162703 -0.347653
v 0.148751 0.112212 -0.312404
v 0.199135 0.134129 -0.408541
v 0.241148 0.216479 -0.385946
v 0.222099 0.202061 -0.360908
v 0.232447 0.216188 -0.372536
v 0.254229 0.251612 -0.382845
v 0.257756 0.255101 -0.372536
v 0.274441 0.309652 -0.350328
v 0.240451 0.242660 -0.348700
v 0.257349 0.261186 -0.335018
v 0.243377 0.233804 -0.323120
v 0.249268 0.276010 -0.327112
v 0.277774 0.336491 -0.320833
v 0.241342 0.307423 -0.221556
v 0.233571 0.252465 -0.317810
v 0.282289 0.368737 -0.252078
v 0.215529 0.222816 -0.263627
v 0.261321 0.345250 -0.211421
v 0.205976 0.211305 -0.251593
v 0.194077 0.229521 -0.216731
v 0.189291 0.210336 -0.177199
v 0.178342 0.203224 -0.207352
v 0.183187 0.201170 -0.181985
v 0.168711 0.200937 -0.094665
v 0.187586 0.182586 -0.077558
v 0.191887 0.231090 -0.207371
v 0.166463 0.215336 -0.099975
v 0.214716 0.177819 -0.053970
v 0.229870 0.223358 -0.080073
v 0.227234 0.170939 -0.020084
v 0.219657 0.113142 0.039801
v 0.241303 0.201693 0.004177
v 0.251225 0.235354 -0.041349
v 0.262503 0.260914 -0.001749
v 0.185725 0.245159 -0.103027
v 0.252310 0.253783 -0.035039
v 0.251186 0.290544 0.020317
v 0.231653 0.245159 -0.069478
v 0.193438 0.261457 -0.090973
v 0.237796 0.253357 -0.080548
v 0.261670 0.273956 -0.031544
v 0.204561 0.272425 -0.118036
v 0.253202 0.345909 -0.151057
v 0.261961 0.254132 -0.065907
v 0.251225 0.249810 -0.086642
v 0.233939 0.265623 -0.110265
v 0.295738 0.326337 -0.116737
v 0.284518 0.289924 -0.066542
v 0.272115 0.304710 -0.028380
v 0.293955 0.330522 -0.052017
v 0.299342 0.302637 -0.039697
v 0.305970 0.349281 -0.058732
v 0.291862 0.340522 -0.109712
v 0.296746 0.356722 -0.061808
v 0.285157 0.374628 -0.044217
v 0.297307 0.387690 0.037921
v 0.314031 0.384240 -0.004182
v 0.336762 0.393968 -0.035662
v 0.328081 0.386101 -0.084966
v 0.313915 0.380093 -0.114916
v 0.256360 0.354203 -0.138470
v 0.324670 0.376682 -0.129847
v 0.345367 0.402805 -0.064284
v 0.351296 0.396914 -0.111563
v 0.368388 0.426990 -0.087786
v 0.382109 0.442608 -0.084549
v 0.367420 0.396255 -0.084656
v 0.371993 0.407882 -0.142491
v 0.283723 0.392185 -0.152346
v 0.308508 0.425633 -0.189233
v 0.351684 0.447880 -0.159661
v 0.310194 0.417843 -0.242001
v 0.326531 0.456019 -0.179233
v 0.374977 0.476095 -0.196616
v 0.339747 0.470126 -0.199077
v 0.321492 0.449197 -0.222428
v 0.314864 0.423579 -0.254248
v 0.301706 0.409277 -0.256302
v 0.283684 0.374783 -0.237873
v 0.275661 0.373078 -0.242350
v 0.253647 0.335793 -0.199775
v 0.246962 0.327538 -0.211828
v 0.122803 -0.392263 -0.242156
v 0.176656 -0.375132 -0.246516
v 0.191926 -0.441911 -0.230470
v 0.268569 -0.477955 -0.195666
v 0.219153 -0.436097 -0.228591
v 0.249655 -0.448151 -0.200550
v 0.219444 -0.389589 -0.228726
v 0.179679 -0.309167 -0.231653
v 0.223358 -0.369202 -0.203941
v 0.248628 -0.411099 -0.182276
v 0.266612 -0.453848 -0.176482
v 0.248434 -0.358234 -0.183807
v 0.254965 -0.399084 -0.211072
v 0.277619 -0.396526 -0.212254
v 0.276030 -0.356374 -0.164234
v 0.284673 -0.394278 -0.194174
v 0.301609 -0.454158 -0.167122
v 0.301203 -0.497411 -0.175396
v 0.305233 -0.499272 -0.165978
v 0.301706 -0.509039 -0.141813
v 0.335871 -0.490513 -0.169486
v 0.321686 -0.515473 -0.114528
v 0.320407 -0.499815 -0.210200
v 0.328120 -0.561439 -0.209638
v 0.304265 -0.513108 -0.194019
v 0.312578 -0.549618 -0.213475
v 0.298025 -0.559772 -0.209096
v 0.167974 0.253880 0.125806
v 0.212952 0.210297 0.123258
v 0.200065 0.277425 0.081768
v 0.231536 0.227254 0.158924
v 0.286843 0.176443 0.090925
v 0.240644 0.202681 0.105875
v 0.243396 0.167897 0.072365
v 0.232486 0.208243 0.082805
v 0.232912 0.140689 0.049173
v 0.246535 0.233261 0.023826
v 0.226537 0.245624 0.071609
v 0.154060 -0.106311 0.179059
v 0.189756 -0.017019 0.159748
v 0.182159 -0.007480 0.189019
v 0.250993 -0.016537 0.146008
v 0.221440 0.015049 0.084113
v 0.230296 -0.020150 0.116253
v 0.227292 -0.008931 0.079850
v 0.267503 -0.042899 0.137608
v 0.269538 -0.033181 0.113103
v 0.242621 0.006072 0.061561
v 0.272561 -0.002772 0.104054
v 0.248493 0.019546 0.058683
v 0.300873 -0.008401 0.046029
v 0.317074 -0.016973 0.087485
v 0.348428 -0.021677 0.052017
v 0.343119 -0.011391 0.022280
v 0.303354 0.024075 0.021462
v 0.367962 -0.051131 0.034506
v 0.376062 -0.073450 0.037788
v 0.395984 -0.078338 0.031415
v 0.370869 -0.056155 0.012353
v 0.364009 0.049387 -0.014193
v 0.401913 -0.098802 0.051194
v 0.361102 -0.019754 -0.016927
v 0.392495 -0.083542 -0.023586
v 0.370016 -0.026709 -0.036129
v 0.391875 -0.011225 -0.069967
v 0.418618 -0.048137 -0.063281
v 0.122841 0.031459 -0.541479
v 0.143315 0.042400 -0.515124
v 0.140476 0.054168 -0.546284
v 0.139982 0.013787 -0.522022
v 0.132017 0.001269 -0.550780
v 0.162568 0.024187 -0.585895
v 0.152200 0.052535 -0.573299
v 0.155911 0.051431 -0.534386
v 0.154448 0.062438 -0.565586
v 0.175765 0.072432 -0.595933
v 0.184795 0.063974 -0.577368
v 0.310485 0.205549 -0.575236
v 0.285738 0.223106 -0.543106
v 0.293315 0.231323 -0.528650
v 0.256729 0.169815 -0.557214
v 0.278956 0.251574 -0.497179
v 0.287153 0.280913 -0.473537
v 0.278064 0.303935 -0.446601
v 0.288761 0.331414 -0.426757
v 0.204367 0.104063 -0.549308
v 0.234521 0.179156 -0.496908
v 0.215820 0.157132 -0.486676
v 0.189388 0.144284 -0.445981
v 0.214502 0.148033 -0.488420
v 0.188283 0.135273 -0.446330
v 0.212526 0.147355 -0.493923
v 0.185899 0.108772 -0.497838
v 0.184834 0.102678 -0.492296
v 0.177431 0.100246 -0.490668
v 0.160068 0.093134 -0.460127
v 0.154651 0.085469 -0.451058
v 0.155427 0.024676 -0.513883
v 0.159951 0.000898 -0.533533
v 0.179892 0.019642 -0.568686
v 0.185783 0.019790 -0.540742
v 0.261883 0.061469 -0.638953
v 0.211673 0.035061 -0.575430
v 0.179757 0.038670 -0.540471
v 0.166928 0.036161 -0.522333
v 0.232350 0.096738 -0.553261
v 0.283471 0.189853 -0.518534
v 0.206673 0.097542 -0.490862
v 0.250876 0.144381 -0.517178
v 0.203670 0.133383 -0.427610
v 0.202623 0.101651 -0.482916
v 0.192721 0.081090 -0.488226
v 0.203786 0.125448 -0.432919
v 0.172761 0.085683 -0.431524
v 0.166986 0.066764 -0.460592
v 0.247311 0.163129 -0.481134
v 0.270856 0.242582 -0.422920
v 0.305776 0.208456 -0.540936
v 0.302637 0.254054 -0.482025
v 0.300854 0.313469 -0.423153
v 0.157762 -0.675036 -0.327771
v 0.234385 -0.632675 -0.291804
v 0.189930 -0.688601 -0.337731
v 0.239811 -0.661316 -0.369784
v 0.233009 -0.676897 -0.335638
v 0.239772 -0.632365 -0.394511
v 0.248047 -0.708445 -0.345638
v 0.272794 -0.640155 -0.354203
v 0.273375 -0.626667 -0.386759
v 0.289110 -0.683796 -0.368543
v 0.283064 -0.660851 -0.394937
v 0.273743 -0.649999 -0.415246
v 0.296048 -0.677982 -0.385209
v 0.307249 -0.710383 -0.382651
v 0.281843 -0.720150 -0.385209
v 0.300931 -0.702632 -0.438268
v 0.269344 -0.729142 -0.335173
v 0.226905 -0.753404 -0.342692
v 0.260197 -0.734490 -0.365869
v 0.275836 -0.721545 -0.421486
v 0.204968 -0.688834 -0.320562
v 0.194853 -0.697283 -0.292095
v 0.196616 -0.745807 -0.307888
v 0.217157 -0.764953 -0.307481
v 0.177489 -0.776813 -0.334592
v 0.208301 -0.771387 -0.337189
v 0.220917 -0.786037 -0.295098
v 0.228533 -0.806656 -0.283471
v 0.244404 -0.776968 -0.322616
v 0.237079 -0.856266 -0.242543
v 0.263724 -0.853088 -0.227079
v 0.269538 -0.795649 -0.234288
v 0.257562 -0.797199 -0.295176
v 0.297540 -0.828128 -0.244501
v 0.296842 -0.799447 -0.260662
v 0.303625 -0.821229 -0.287056
v 0.276921 -0.823787 -0.319787
v 0.248842 -0.782084 -0.354319
v 0.235024 -0.752629 -0.362652
v 0.311318 -0.843243 -0.218882
v 0.318275 -0.859831 -0.254829
v 0.300234 -0.857041 -0.292715
v 0.313857 -0.877195 -0.260798
v 0.332305 -0.891690 -0.217874
v 0.330988 -0.874482 -0.287870
v 0.324321 -0.855180 -0.280836
v 0.373504 -0.899441 -0.267755
v 0.374512 -0.905177 -0.237466
v 0.364086 -0.905332 -0.228610
v 0.415750 -0.923083 -0.283994
v 0.400480 -0.919673 -0.246613
v 0.439043 -0.938121 -0.317733
v 0.426680 -0.911689 -0.354436
v 0.420827 -0.906185 -0.344863
v 0.433656 -0.899596 -0.354630
v 0.404704 -0.866885 -0.406991
v 0.415866 -0.889287 -0.345173
v 0.389201 -0.906728 -0.279634
v 0.420711 -0.855491 -0.367458
v 0.390519 -0.895721 -0.268162
v 0.356529 -0.872931 -0.344863
v 0.381101 -0.874947 -0.316725
v 0.382535 -0.848282 -0.279770
v 0.355444 -0.830996 -0.357381
v 0.349707 -0.863009 -0.365753
v 0.379086 -0.849599 -0.361218
v 0.403619 -0.837275 -0.385635
v 0.377225 -0.805571 -0.366993
v 0.404471 -0.811850 -0.409006
v 0.394666 -0.828903 -0.424315
v 0.340134 -0.795107 -0.406293
v 0.338894 -0.853320 -0.441678
v 0.348080 -0.803788 -0.426641
v 0.357343 -0.829911 -0.436369
v 0.320601 -0.793789 -0.452492
v 0.310020 -0.771465 -0.447260
v 0.321221 -0.778984 -0.401836
v 0.323081 -0.802858 -0.391216
v 0.300369 -0.803323 -0.394433
v 0.304226 -0.764023 -0.420168
v 0.240935 -0.771620 -0.476599
v 0.274731 -0.757900 -0.464817
v 0.291726 -0.738908 -0.441252
v 0.264383 -0.733715 -0.459429
v 0.223010 -0.723250 -0.482878
v 0.228920 -0.637829 -0.438500
v 0.204077 -0.696430 -0.510550
v 0.185706 -0.650774 -0.487761
v 0.217080 -0.616629 -0.456290
v 0.261399 -0.706120 -0.438578
v 0.246187 -0.662479 -0.417494
v 0.264131 -0.631589 -0.428113
v 0.262542 -0.640852 -0.456445
v 0.261980 -0.734878 -0.401758
v 0.289905 -0.774798 -0.408967
v 0.285409 -0.770922 -0.385442
v 0.272425 -0.763481 -0.360714
v 0.305330 -0.764178 -0.359862
v 0.276882 -0.775650 -0.334088
v 0.292482 -0.780921 -0.340754
v 0.307791 -0.790533 -0.372109
v 0.321570 -0.797355 -0.347886
v 0.299362 -0.799370 -0.319709
v 0.362032 -0.808594 -0.331840
v 0.340212 -0.789603 -0.298838
v 0.366644 -0.826888 -0.300718
v 0.353041 -0.833089 -0.284421
v 0.207739 -0.657441 -0.538262
v 0.236090 -0.660851 -0.508341
v 0.250993 -0.644806 -0.571632
v 0.265236 -0.626512 -0.589925
v 0.271088 -0.654107 -0.541982
v 0.318895 -0.635233 -0.557912
v 0.320291 -0.656278 -0.502489
v 0.376915 -0.641705 -0.485513
v 0.380907 -0.646434 -0.442454
v 0.273956 -0.656743 -0.473886
v 0.236420 -0.641783 -0.469002
v 0.306629 -0.626706 -0.429082
v 0.409781 -0.634613 -0.402030
v 0.374279 -0.633721 -0.389472
v 0.434702 -0.614304 -0.342615
v 0.484040 -0.580275 -0.298877
v 0.387341 -0.600971 -0.338429
v 0.443539 -0.574422 -0.237815
v 0.467103 -0.575895 -0.242330
v 0.503109 -0.557137 -0.253027
v 0.514775 -0.537060 -0.288626
v 0.534502 -0.501055 -0.242505
v 0.517139 -0.485125 -0.277813
v 0.511635 -0.465824 -0.236982
v 0.509698 -0.475320 -0.286281
v 0.459817 -0.458848 -0.278026
v 0.468770 -0.451368 -0.240140
v 0.457957 -0.470243 -0.325988
v 0.433423 -0.466367 -0.269615
v 0.444430 -0.457298 -0.217661
v 0.390480 -0.504272 -0.248725
v 0.384434 -0.505706 -0.295583
v 0.421525 -0.477607 -0.322151
v 0.378775 -0.505396 -0.341568
v 0.443655 -0.480668 -0.362226
v 0.432454 -0.487373 -0.389395
v 0.402960 -0.491288 -0.366451
v 0.417571 -0.499117 -0.427377
v 0.209386 0.065539 0.053034
v 0.223552 0.054745 0.046087
v 0.245470 0.066852 0.022348
v 0.266689 0.083212 0.021941
v 0.243163 0.097746 0.034678
v 0.237311 0.116999 0.051479
v 0.283297 0.143034 0.057758
v 0.263162 0.151841 0.076497
v 0.320601 0.156735 0.084035
v 0.303954 0.151735 0.098715
v 0.189194 0.465669 0.106524
v 0.190221 0.500590 0.116398
v 0.178303 0.487451 0.096593
v 0.193108 0.500512 0.070717
v 0.226885 0.576825 0.059938
v 0.222196 0.603955 0.094732
v 0.190395 0.453809 0.064066
v 0.205898 0.573763 0.112445
v 0.205860 0.597289 0.125554
v 0.221421 0.617210 0.137743
v 0.196752 0.540587 0.138829
v 0.190628 0.482684 0.150543
v 0.209406 0.402340 0.119111
v 0.220219 0.394743 0.128597
v 0.223688 0.397999 0.035172
v 0.208883 0.424470 0.035657
v 0.262600 0.392418 0.061527
v 0.269809 0.390364 0.086371
v 0.177160 -0.576322 -0.099490
v 0.181191 -0.565314 -0.115836
v 0.198883 -0.572678 -0.080790
v 0.206654 -0.613451 -0.117832
v 0.274189 -0.545238 -0.075286
v 0.219289 -0.593491 -0.089956
v 0.196616 0.467607 0.058475
v 0.248434 0.546129 0.061139
v 0.216402 0.487839 0.052395
v 0.235509 0.475397 0.046853
v 0.302540 0.535549 0.061014
v 0.267038 0.515938 0.029833
v 0.234540 0.458460 0.019995
v 0.294149 0.523069 0.061377
v 0.324786 0.575895 0.072287
v 0.302075 0.545432 0.074598
v 0.361180 0.622442 0.019567
v 0.367071 0.616086 0.000832
v 0.218766 -0.902929 -0.205065
v 0.241206 -0.886961 -0.198205
v 0.284692 -0.892852 -0.183942
v 0.293723 -0.936261 -0.161114
v 0.319748 -0.898976 -0.194852
v 0.215568 -0.625388 -0.186500
v 0.248667 -0.621784 -0.220219
v 0.253318 -0.612094 -0.222583
v 0.228455 -0.646046 -0.182566
v 0.268220 -0.643333 -0.227544
v 0.241807 -0.629884 -0.142172
v 0.276340 -0.642248 -0.154845
v 0.265604 -0.637984 -0.136610
v 0.283626 -0.594576 -0.104025
v 0.306803 -0.598529 -0.126988
v 0.329709 -0.564229 -0.166753
v 0.309729 -0.621125 -0.186597
v 0.323042 -0.568415 -0.177354
v 0.291319 -0.638527 -0.201984
v 0.305388 -0.602909 -0.237466
v 0.231517 -0.601785 -0.248822
v 0.275448 -0.596398 -0.226091
v 0.291978 -0.584771 -0.241245
v 0.253628 0.592328 0.101534
v 0.270546 0.561981 0.071522
v 0.304478 0.596398 0.068033
v 0.271379 0.608529 0.088686
v 0.303877 0.660541 0.090140
v 0.344669 0.636667 0.027152
v 0.329244 0.660696 0.061285
v 0.266670 0.624186 0.138489
v 0.332732 0.665967 0.082659
v 0.367536 0.624458 -0.002063
v 0.355754 0.641395 -0.022029
v 0.340910 0.678524 0.054459
v 0.350831 0.647131 -0.003359
v 0.371218 0.662789 -0.031033
v 0.333352 0.689686 0.044125
v 0.356916 0.676277 -0.023959
v 0.364241 0.710460 -0.009089
v 0.388116 0.684648 -0.023068
v 0.347769 0.700926 0.013031
v 0.397844 0.698213 -0.016655
v 0.412068 0.683408 -0.021646
v 0.355250 0.721778 0.015458
v 0.336569 0.706197 0.029211
v 0.340289 0.712553 0.081536
v 0.334980 0.721545 0.058165
v 0.368466 0.740691 0.017650
v 0.408270 0.727514 0.012540
v 0.420129 0.723948 -0.035541
v 0.348583 0.737281 0.044149
v 0.370171 0.748597 0.064298
v 0.422377 0.751233 0.032263
v 0.325717 0.673486 0.100265
v 0.314826 0.405285 0.104276
v 0.298819 0.407068 0.090614
v 0.341258 0.480552 0.076192
v 0.322229 0.515472 0.059473
v 0.313314 0.501752 0.059231
v 0.311473 0.485668 0.013307
v 0.330251 0.493497 -0.052962
v 0.318973 0.469545 0.021757
v 0.333352 0.470863 -0.013375
v 0.318043 0.439353 0.074690
v 0.288335 0.415595 0.032280
v 0.295815 0.431912 0.063421
v 0.305427 0.406448 -0.008174
v 0.298838 0.407688 0.061527
v 0.384395 0.109732 0.050011
v 0.329050 0.104412 0.030931
v 0.357963 0.083803 0.006209
v 0.335406 0.133974 0.058523
v 0.336026 0.158130 0.075557
v 0.285525 0.141920 0.034540
v 0.279828 0.108743 0.029441
v 0.283878 0.071260 0.008138
v 0.265274 0.266922 -0.379783
v 0.308625 0.352537 -0.396216
v 0.300699 0.376256 -0.403813
v 0.318236 0.379860 -0.387186
v 0.320562 0.434121 -0.374125
v 0.302753 0.371799 -0.341336
v 0.340212 0.448887 -0.356335
v 0.331840 0.456716 -0.365521
v 0.340754 0.442415 -0.338390
v 0.352769 0.441601 -0.373156
v 0.292831 0.332732 -0.337538
v 0.352304 0.458499 -0.340871
v 0.351296 0.475436 -0.279789
v 0.303257 0.361373 -0.314051
v 0.323662 0.402999 -0.303741
v 0.310059 0.403192 -0.290874
v 0.326027 0.414315 -0.284692
v 0.342537 0.466561 -0.244210
v 0.344902 0.471560 -0.229947
v 0.360133 0.471948 -0.257988
v 0.368117 0.483459 -0.245257
v 0.350017 0.462065 -0.215220
v 0.377380 0.510860 -0.287347
v 0.413541 0.502605 -0.246962
v 0.399433 0.481909 -0.207836
v 0.392534 0.508612 -0.282580
v 0.378543 0.514000 -0.294750
v 0.369474 0.492799 -0.325911
v 0.408308 0.558648 -0.291610
v 0.443151 0.552951 -0.234191
v 0.400712 0.513186 -0.373737
v 0.361993 0.412417 -0.446058
v 0.337886 0.382612 -0.434276
v 0.368776 0.388813 -0.459313
v 0.334592 0.447996 -0.383116
v 0.318624 0.382806 -0.453926
v 0.332383 0.461445 -0.381760
v 0.316512 0.389356 -0.459197
v 0.337266 0.424160 -0.454856
v 0.382845 0.482955 -0.471871
v 0.416757 0.507643 -0.412882
v 0.413347 0.517410 -0.394705
v 0.404549 0.542758 -0.336685
v 0.412494 0.550509 -0.326802
v 0.457143 0.607482 -0.329786
v 0.460980 0.614303 -0.351180
v 0.432997 0.592871 -0.273956
v 0.460437 0.623528 -0.314729
v 0.463886 0.620970 -0.296901
v 0.476638 0.642015 -0.277425
v 0.446446 0.593336 -0.258105
v 0.443500 0.614032 -0.248377
v 0.461639 0.640232 -0.214348
v 0.443229 0.610234 -0.240954
v 0.435090 0.614420 -0.167471
v 0.442996 0.598529 -0.162413
v 0.393891 0.545897 -0.116543
v 0.379822 0.552214 -0.113162
v 0.393077 0.516480 -0.141348
v 0.427183 0.538611 -0.178478
v 0.402921 0.515434 -0.145263
v 0.410246 0.513341 -0.176365
v 0.437532 0.519348 -0.195182
v 0.425672 0.496365 -0.196713
v 0.426059 0.522642 -0.226401
v 0.286165 0.360210 -0.407223
v 0.327344 0.466793 -0.352537
v 0.281650 0.382883 -0.360327
v 0.275448 0.371993 -0.350831
v 0.291978 0.414432 -0.334437
v 0.274286 0.396720 -0.337925
v 0.276146 0.415944 -0.318392
v 0.296901 0.439469 -0.283859
v 0.299129 0.477877 -0.273569
v 0.293664 0.442531 -0.256671
v 0.316841 0.483497 -0.247466
v 0.306706 0.476870 -0.214193
v 0.335018 0.509155 -0.270488
v 0.309574 0.491520 -0.248667
v 0.305698 0.534851 -0.229540
v 0.307733 0.514309 -0.213941
v 0.280836 0.488497 -0.175338
v 0.331065 0.557524 -0.164661
v 0.324593 0.568763 -0.178478
v 0.348971 0.551788 -0.135825
v 0.342692 0.545393 -0.297036
v 0.334088 0.572872 -0.273956
v 0.355560 0.566826 -0.123743
v 0.354358 0.580934 -0.074492
v 0.355288 0.577251 -0.070558
v 0.388504 0.636976 -0.059837
v 0.384356 0.603064 -0.149943
v 0.356994 0.583143 -0.134701
v 0.361683 0.622326 -0.199949
v 0.382419 0.626706 -0.171191
v 0.416370 0.638682 -0.182625
v 0.411448 0.645115 -0.134905
v 0.359552 0.614265 -0.256419
v 0.441213 0.658836 -0.222080
v 0.389279 0.612831 -0.281281
v 0.411486 0.630814 -0.256225
v 0.425013 0.630930 -0.247853
v 0.444314 0.661316 -0.234579
v 0.427338 0.670618 -0.216518
v 0.422804 0.628062 -0.260449
v 0.390209 0.657208 -0.117503
v 0.417959 0.677129 -0.184950
v 0.415401 0.693795 -0.107755
v 0.369978 0.651162 -0.051857
v 0.419471 0.718367 -0.103831
v 0.392495 0.689919 -0.049944
v 0.400789 0.686198 -0.032590
v 0.447492 0.720382 -0.074724
v 0.394356 0.578879 -0.300311
v 0.458925 0.654185 -0.327383
v 0.361063 0.537293 -0.301241
v 0.395053 0.572058 -0.332499
v 0.409781 0.568880 -0.385713
v 0.391643 0.563222 -0.335832
v 0.388232 0.540471 -0.387418
v 0.388542 0.529658 -0.389318
v 0.396720 0.532332 -0.416680
v 0.379667 0.535122 -0.372536
v 0.353932 0.529541 -0.293703
v 0.349862 0.502721 -0.334011
v 0.350172 0.509039 -0.339708
v 0.347847 0.423152 -0.484350
v 0.392806 0.533688 -0.443190
v 0.436563 0.591204 -0.406487
v 0.427571 0.599925 -0.413580
v 0.303722 -0.585662 -0.412417
v 0.361683 -0.544928 -0.328081
v 0.393464 -0.557098 -0.275623
v 0.415091 -0.547641 -0.205259
v 0.296339 0.190899 0.086719
v 0.291688 0.220432 0.107668
v 0.279789 0.214561 0.061241
v 0.315485 0.265236 0.105943
v 0.309826 0.164564 0.024705
v 0.356102 0.159389 0.067743
v 0.307288 0.224676 0.006598
v 0.295118 0.257639 0.044857
v 0.353118 0.235490 0.027663
v 0.293064 0.219754 -0.055719
v 0.306609 0.180163 -0.105304
v 0.300098 0.183012 -0.055055
v 0.328236 0.213126 -0.040526
v 0.333313 0.257891 -0.051092
v 0.330794 0.191481 -0.021748
v 0.338894 0.180183 -0.036003
v 0.348971 0.235838 -0.045729
v 0.361683 0.218456 -0.026513
v 0.380558 0.243105 -0.054677
v 0.381140 0.221847 -0.053015
v 0.377535 0.241807 -0.089016
v 0.399821 0.211034 -0.061687
v 0.396836 0.188768 -0.029591
v 0.420866 0.181249 -0.048689
v 0.432648 0.187489 -0.095760
v 0.386256 0.220645 -0.127027
v 0.468809 0.148159 -0.137133
v 0.430323 0.147317 -0.170125
v 0.389007 0.248512 -0.112600
v 0.341103 0.247155 -0.130632
v 0.373156 0.242873 -0.134188
v 0.394937 0.130661 -0.175997
v 0.306222 0.223591 -0.127996
v 0.330096 0.205685 -0.143034
v 0.330639 0.170920 -0.138906
v 0.298180 0.192953 -0.133296
v 0.311842 0.167083 -0.086458
v 0.328236 0.140098 -0.096971
v 0.330019 0.057511 0.003977
v 0.351645 0.056527 -0.037052
v 0.349591 0.108569 -0.026755
v 0.370946 0.062201 -0.076352
v 0.354901 0.100430 -0.055777
v 0.335484 0.151483 -0.012995
v 0.381140 0.165261 0.011691
v 0.395015 0.030059 -0.081991
v 0.438190 -0.011240 -0.084956
v 0.351839 0.107513 -0.078774
v 0.364939 0.137356 -0.025638
v 0.394278 0.149468 -0.022433
v 0.395092 0.133170 -0.057875
v 0.425904 0.128277 -0.062293
v 0.381721 0.096699 -0.079705
v 0.367109 0.130215 -0.077118
v 0.383930 0.150669 -0.062288
v 0.404820 0.170377 -0.062448
v 0.451833 0.118907 -0.054197
v 0.339979 0.148373 -0.046189
v 0.351258 0.163692 -0.045099
v 0.379551 0.156454 -0.031091
v 0.461018 0.146706 -0.051770
v 0.423928 -0.559191 0.015603
v 0.456716 -0.563338 0.014316
v 0.490241 -0.547680 -0.009086
v 0.316783 0.349940 -0.507372
v 0.324515 0.388658 -0.481289
v 0.335096 0.367691 -0.523611
v 0.333701 0.343855 -0.485707
v 0.360366 0.388775 -0.484273
v 0.355327 0.349862 -0.516674
v 0.373504 0.397417 -0.490629
v 0.365249 0.457995 -0.061847
v 0.363582 0.480281 -0.059120
v 0.381605 0.478614 -0.083348
v 0.343041 0.500744 -0.090712
v 0.367536 0.480746 -0.102843
v 0.360172 0.522991 -0.110342
v 0.376062 0.563454 -0.062235
v 0.363854 0.530123 -0.115400
v 0.381721 0.574655 -0.054924
v 0.390131 0.608645 0.005790
v 0.430439 0.624962 -0.113559
v 0.407650 0.619420 -0.038956
v 0.420943 0.605738 -0.022758
v 0.428811 0.608374 -0.034875
v 0.430865 0.614846 -0.007526
v 0.471134 0.626473 -0.174466
v 0.481288 0.633954 -0.224056
v 0.478265 0.641007 -0.146338
v 0.461522 0.614652 -0.125962
v 0.463731 0.647906 -0.079782
v 0.496443 0.661006 -0.166482
v 0.471444 0.657518 -0.069260
v 0.491365 0.678834 -0.112367
v 0.450128 0.644263 -0.025667
v 0.496753 0.688911 -0.087456
v 0.452608 0.666044 -0.034286
v 0.435167 0.664959 -0.012588
v 0.445593 0.682245 -0.037152
v 0.462724 0.708988 -0.037827
v 0.323159 0.416757 -0.477180
v 0.347459 0.414665 -0.497102
v 0.351994 0.203224 0.020106
v 0.386062 0.189543 0.059725
v 0.334708 0.544308 0.083347
v 0.344979 0.511829 0.089607
v 0.386139 0.607637 0.028763
v 0.395092 0.590003 0.054052
v 0.411758 0.601010 0.039937
v 0.451406 0.619187 0.002166
v 0.444043 0.640775 -0.005609
v 0.449856 0.655425 0.000545
v 0.499737 0.708522 -0.034698
v 0.390093 -0.529154 0.026423
v 0.394899 -0.500977 0.029337
v 0.407378 -0.482800 -0.016038
v 0.445477 -0.456988 -0.008053
v 0.426602 -0.463886 -0.053916
v 0.446019 -0.450438 -0.060835
v 0.479622 -0.444198 -0.076890
v 0.478304 -0.450128 -0.027142
v 0.522720 -0.462763 -0.071047
v 0.517914 -0.470514 -0.019120
v 0.535898 -0.483847 -0.074448
v 0.527875 -0.491482 -0.020621
v 0.515085 -0.525046 -0.026016
v 0.519930 -0.517023 -0.055365
v 0.372342 0.092097 -0.137540
v 0.428423 0.123006 -0.185803
v 0.432454 0.047633 -0.172722
v 0.395790 0.056057 -0.136872
v 0.435167 0.016594 -0.137259
v 0.476328 0.021365 -0.218688
v 0.467878 0.070185 -0.191054
v 0.483653 0.092572 -0.310524
v 0.508109 0.014922 -0.219386
v 0.510124 -0.033063 -0.117881
v 0.509310 -0.014506 -0.078949
v 0.523146 -0.028627 -0.108065
v 0.611048 0.969437 -0.070103
v 0.587522 0.941997 -0.092747
v 0.607676 0.943082 -0.084927
v 0.610312 0.926881 -0.083522
v 0.611358 0.902464 -0.136804
v 0.598491 0.897813 -0.150815
v 0.567717 0.816346 -0.224967
v 0.549308 0.803168 -0.210666
v 0.581205 0.842855 -0.206286
v 0.554385 0.814408 -0.203728
v 0.544114 0.817663 -0.174369
v 0.522488 0.797897 -0.160785
v 0.551245 0.843631 -0.202604
v 0.568531 0.846266 -0.174021
v 0.544579 0.837662 -0.178730
v 0.543572 0.832624 -0.147530
v 0.494388 0.788208 -0.106748
v 0.576554 0.868358 -0.155485
v 0.583647 0.891070 -0.129595
v 0.591398 0.866807 -0.146348
v 0.579422 0.898976 -0.081071
v 0.436446 0.762628 -0.011936
v 0.463731 0.766504 -0.069260
v 0.556788 0.828205 -0.138267
v 0.423579 0.751310 0.003740
v 0.450515 0.744567 0.020982
v 0.458964 0.744800 0.010372
v 0.482684 0.780224 0.000625
v 0.464700 0.760457 -0.006753
v 0.474273 0.796269 -0.002703
v 0.488149 0.820066 0.003268
v 0.467878 0.783091 -0.023584
v 0.495396 0.815260 -0.056586
v 0.492838 0.790921 -0.029674
v 0.507837 0.807121 -0.047710
v 0.535587 0.844096 -0.037830
v 0.544579 0.854250 -0.045632
v 0.584305 0.889984 -0.080073
v 0.558261 0.919905 -0.045361
v 0.401875 -0.522565 -0.022901
v 0.428927 -0.547757 -0.064536
v 0.400867 -0.505822 -0.067782
v 0.437609 -0.551904 -0.134149
v 0.420285 -0.468886 -0.119954
v 0.402844 -0.502334 -0.120797
v 0.400712 -0.522371 -0.174854
v 0.395906 -0.507450 -0.207507
v 0.404898 -0.490978 -0.166618
v 0.419664 -0.469933 -0.171094
v 0.439159 -0.457414 -0.184485
v 0.465553 -0.442957 -0.122415
v 0.491365 -0.449120 -0.188516
v 0.527914 -0.462104 -0.125089
v 0.536905 -0.483033 -0.125709
v 0.536983 -0.474041 -0.162606
v 0.536285 -0.471793 -0.192391
v 0.537913 -0.497760 -0.185977
v 0.542409 -0.468886 -0.181888
v 0.533611 -0.397495 -0.156531
v 0.545471 -0.420246 -0.179233
v 0.527681 -0.365443 -0.176927
v 0.553920 -0.428540 -0.204116
v 0.417688 -0.104257 0.039799
v 0.440206 -0.102562 -0.004337
v 0.445322 0.744722 -0.126543
v 0.481870 0.760845 -0.140922
v 0.489466 0.773945 -0.188380
v 0.513573 0.782472 -0.235257
v 0.450515 0.721080 -0.150340
v 0.520433 0.766271 -0.245237
v 0.519193 0.751156 -0.235839
v 0.492954 0.707205 -0.277445
v 0.482606 0.722010 -0.179854
v 0.479273 0.702864 -0.219851
v 0.477413 0.719452 -0.171889
v 0.479428 0.712863 -0.280991
v 0.441678 0.688446 -0.123588
v 0.462181 0.709840 -0.213921
v 0.457763 0.711390 -0.232331
v 0.428268 0.700616 -0.151067
v 0.484157 0.704880 -0.334631
v 0.459274 0.685113 -0.304691
v 0.441872 0.673796 -0.272019
v 0.448887 0.670618 -0.311067
v 0.510589 -0.046116 -0.067641
v 0.525123 -0.015788 -0.065534
v 0.562989 -0.024202 -0.065238
v 0.451174 -0.073716 -0.039479
v 0.470088 -0.083222 -0.057443
v 0.541983 -0.050205 -0.081158
v 0.507178 -0.069032 -0.078551
v 0.582445 -0.046489 -0.056518
v 0.457569 -0.112445 -0.008782
v 0.539502 -0.086972 -0.061426
v 0.460708 -0.134653 -0.024533
v 0.492761 -0.106641 -0.050719
v 0.499660 -0.138984 -0.044876
v 0.559230 -0.111389 -0.072399
v 0.597987 -0.073315 -0.063300
v 0.465824 0.752473 -0.063267
v 0.480319 0.747280 -0.115051
v 0.480785 0.759605 -0.075252
v 0.504194 0.778906 -0.106767
v 0.519813 0.771542 -0.166114
v 0.530549 0.786657 -0.159080
v 0.443306 0.143673 -0.006900
v 0.476289 0.117977 -0.031285
v 0.529231 0.082049 -0.024180
v 0.491017 0.115380 -0.091826
v 0.473925 0.134827 -0.129169
v 0.494776 0.092291 -0.152210
v 0.579848 0.002418 -0.054474
v 0.511791 0.064793 -0.045012
v 0.485319 0.092737 -0.030267
v 0.526402 0.023094 -0.079085
v 0.474583 0.071982 -0.033801
v 0.526557 0.051092 -0.152375
v 0.510202 0.079704 -0.087650
v 0.498458 0.070373 -0.129992
v 0.515046 0.052400 -0.208456
v 0.475514 -0.554540 -0.098269
v 0.494621 -0.558764 -0.181384
v 0.492606 -0.548959 -0.055263
v 0.510822 -0.535820 -0.097417
v 0.510395 -0.541556 -0.155301
v 0.535626 -0.495784 -0.159331
v 0.529968 -0.516170 -0.175338
v 0.559811 -0.510628 -0.148315
v 0.522371 -0.523340 -0.201654
v 0.539657 -0.551788 -0.151842
v 0.562291 -0.571942 -0.139187
v 0.587445 -0.579422 -0.127899
v 0.590003 -0.633876 -0.078871
v 0.585546 -0.519464 -0.143082
v 0.577717 -0.497838 -0.165436
v 0.475824 0.735885 0.009150
v 0.521596 0.785185 -0.026915
v 0.548726 0.777433 -0.036987
v 0.530898 0.738986 -0.067060
v 0.583027 0.811229 -0.132860
v 0.613567 0.844871 -0.136949
v 0.602211 0.797044 -0.137821
v 0.634690 0.845258 -0.126262
v 0.645232 0.869831 -0.113559
v 0.562175 0.756349 -0.116573
v 0.611397 0.799990 -0.152607
v 0.597212 0.775263 -0.163459
v 0.539618 0.770767 -0.131262
v 0.537138 0.757822 -0.155194
v 0.541789 -0.139061 -0.038762
v 0.544192 -0.168362 -0.034991
v 0.537060 -0.212177 -0.072258
v 0.473459 0.642247 -0.296881
v 0.494621 0.633062 -0.278859
v 0.516209 0.656975 -0.282851
v 0.523805 0.672091 -0.261903
v 0.516325 0.689454 -0.281185
v 0.494621 0.743792 -0.066697
v 0.497218 0.733250 -0.102872
v 0.502217 0.719452 -0.100401
v 0.530704 0.713716 -0.136426
v 0.575818 0.741544 -0.206383
v 0.521674 0.702476 -0.145195
v 0.494660 0.688524 -0.134711
v 0.559888 0.732862 -0.224308
v 0.526712 0.724955 -0.207875
v 0.498574 0.705810 -0.167296
v 0.500280 0.688601 -0.222487
v 0.461018 0.673099 -0.116059
v 0.509775 0.671393 -0.212371
v 0.512488 -0.295718 -0.147094
v 0.523030 -0.245024 -0.102184
v 0.519116 -0.266321 -0.151318
v 0.533223 -0.304652 -0.127173
v 0.534037 -0.249016 -0.066760
v 0.541905 -0.299206 -0.167897
v 0.547137 -0.226226 -0.078736
v 0.542215 -0.230839 -0.117444
v 0.560043 -0.239734 -0.106854
v 0.569578 -0.281475 -0.150534
v 0.581166 -0.241729 -0.083338
v 0.577717 -0.278452 -0.112503
v 0.570779 -0.341568 -0.162103
v 0.572523 -0.353544 -0.142259
v 0.575740 -0.311260 -0.102504
v 0.593258 -0.265720 -0.080518
v 0.588879 -0.226769 -0.085324
v 0.517914 -0.335677 -0.191132
v 0.547060 -0.333313 -0.133238
v 0.555703 -0.391836 -0.145263
v 0.547176 -0.361490 -0.197662
v 0.570740 -0.385868 -0.195201
v 0.575314 -0.310756 -0.177450
v 0.578182 -0.383543 -0.173885
v 0.516131 -0.251535 -0.041960
v 0.524542 -0.275100 -0.044135
v 0.521131 -0.301028 -0.088725
v 0.544347 -0.315465 -0.088386
v 0.553997 -0.287056 -0.049764
v 0.551517 -0.446988 -0.146445
v 0.579693 -0.432105 -0.153334
v 0.588453 -0.415246 -0.148702
v 0.593530 -0.405751 -0.172509
v 0.588491 -0.468072 -0.178633
v 0.581282 -0.442531 -0.196035
v 0.573919 -0.508806 -0.199096
v 0.597522 -0.548688 -0.158789
v 0.599111 -0.557524 -0.179737
v 0.612095 -0.624032 -0.116941
v 0.585352 -0.564307 -0.181210
v 0.613257 -0.621009 -0.145669
v 0.542951 -0.503380 -0.206267
v 0.561012 -0.532642 -0.200240
v 0.546672 -0.561555 -0.173458
v 0.561322 -0.598762 -0.176578
v 0.559540 -0.623024 -0.139924
v 0.590119 -0.630310 -0.157374
v 0.561981 -0.617288 -0.113297
v 0.573066 -0.659921 -0.127240
v 0.559036 -0.647364 -0.113288
v 0.598374 -0.661859 -0.111834
v 0.583182 -0.684726 -0.101525
v 0.624109 -0.670308 -0.092882
v 0.559656 -0.659146 -0.057007
v 0.377977 -0.949021 -0.215789
v 0.377687 -0.949037 -0.215537
v 0.388256 -0.948901 -0.217748
v 0.394551 -0.948607 -0.222560
v 0.418078 -0.946704 -0.253676
v 0.413276 -0.947612 -0.238833
v 0.425164 -0.945241 -0.277600
v 0.437512 -0.943399 -0.307709
v 0.325464 -0.952133 -0.164916
v 0.313802 -0.952447 -0.159777
v 0.349025 -0.951181 -0.180470
v 0.356922 -0.950740 -0.187684
v 0.373639 -0.949739 -0.204060
v 0.440325 -0.942544 -0.321694
v 0.032066 -0.933623 -0.467556
v 0.033529 -0.933125 -0.475687
v 0.063507 -0.930586 -0.517200
v -0.044603 -0.933860 -0.463680
v -0.150755 -0.946047 -0.264419
v -0.155906 -0.946037 -0.264583
v -0.149614 -0.946019 -0.264876
v -0.045853 -0.940063 -0.362246
v -0.048106 -0.940827 -0.349766
v -0.041569 -0.937193 -0.409181
v 0.037160 -0.938812 -0.382712
v 0.072476 -0.941228 -0.343209
v 0.031418 -0.938453 -0.388577
v 0.020107 -0.936595 -0.418953
v -0.045991 -0.935133 -0.442867
v -0.043530 -0.934682 -0.450238
v 0.026058 -0.934665 -0.450509
v 0.123975 -0.943389 -0.307877
v 0.111154 -0.942848 -0.316714
v 0.134851 -0.943989 -0.298065
v 0.169106 -0.946207 -0.261799
v 0.161634 -0.945413 -0.274782
v 0.193060 -0.948859 -0.218442
v 0.202532 -0.949609 -0.206184
v 0.196941 -0.952054 -0.166206
v 0.194446 -0.951724 -0.171602
v 0.180722 -0.948879 -0.218112
v 0.197156 -0.952962 -0.151357
v 0.192969 -0.954958 -0.118727
v 0.184956 -0.955818 -0.104657
v 0.310627 -0.926745 -0.579994
v 0.312099 -0.926827 -0.578668
v 0.295452 -0.926417 -0.585372
v 0.234775 -0.926264 -0.587865
v 0.099912 -0.929091 -0.541644
v 0.102521 -0.928890 -0.544940
v 0.095763 -0.929153 -0.540628
v 0.070623 -0.930342 -0.521192
v -0.356828 -0.944032 -0.297353
v -0.357148 -0.944021 -0.297548
v -0.357565 -0.944041 -0.297212
v -0.358745 -0.944070 -0.296733
v -0.239832 -0.952139 -0.164812
v -0.240478 -0.952184 -0.164081
v -0.205318 -0.949679 -0.205036
v -0.210910 -0.948484 -0.224570
v -0.160409 -0.946281 -0.260592
v -0.157355 -0.946115 -0.263306
v -0.331293 -0.944103 -0.296199
v -0.275176 -0.943075 -0.313001
v -0.269309 -0.942527 -0.321961
v -0.281535 -0.940983 -0.347207
v -0.145538 -0.947297 -0.243973
v -0.184467 -0.949119 -0.214193
v -0.111848 -0.945826 -0.268025
v -0.098628 -0.945217 -0.277992
v -0.089327 -0.944764 -0.285398
v -0.094402 -0.944553 -0.288838
v -0.086951 -0.944172 -0.295079
v -0.055581 -0.941501 -0.338744
v -0.071146 -0.944347 -0.292206
v -0.020497 -0.943223 -0.310594
v -0.001760 -0.943035 -0.313660
v 0.039629 -0.942891 -0.316018
v 0.063283 -0.943381 -0.307996
v 0.116994 -0.944544 -0.288984
v 0.170650 -0.947693 -0.237504
v 0.131234 -0.945039 -0.280895
v 0.175015 -0.948071 -0.231327
v 0.174543 -0.956590 -0.092035
v 0.147849 -0.958933 -0.053725
v 0.140044 -0.959390 -0.046255
v -0.110936 -0.974071 0.193771
v -0.111190 -0.974081 0.193928
v -0.093101 -0.973473 0.183988
v -0.074438 -0.972377 0.166075
v -0.037687 -0.970238 0.131105
v -0.053600 -0.971454 0.150991
v 0.001054 -0.967209 0.081574
v 0.044433 -0.964536 0.037883
v 0.064167 -0.963307 0.017779
v 0.219040 -0.926227 -0.588466
v 0.193146 -0.926261 -0.587915
v 0.158085 -0.927145 -0.573467
v 0.110778 -0.928587 -0.549884
v -0.449605 -0.947182 -0.245859
v -0.456827 -0.948493 -0.224428
v -0.456865 -0.948901 -0.217755
v -0.332548 -0.958159 -0.066386
v -0.347965 -0.958786 -0.056136
v -0.314490 -0.957691 -0.074036
v -0.328900 -0.958976 -0.053023
v -0.335754 -0.959763 -0.040164
v -0.337608 -0.959908 -0.037789
v -0.242166 -0.952309 -0.162034
v -0.240082 -0.952174 -0.164233
v -0.240032 -0.952172 -0.164273
v -0.239973 -0.952169 -0.164326
v -0.177482 -0.973783 0.189072
v -0.235494 -0.973664 0.187121
v -0.111522 -0.974082 0.193954
v -0.448488 -0.950601 -0.189954
v -0.457646 -0.951563 -0.174228
v -0.471912 -0.952921 -0.152022
v -0.469919 -0.954532 -0.125693
v -0.442267 -0.957985 -0.069225
v -0.440626 -0.958297 -0.064133
v -0.439600 -0.958476 -0.061208
v -0.409431 -0.959197 -0.049421
v -0.385566 -0.959745 -0.040459
v -0.379810 -0.959799 -0.039569
v -0.352229 -0.961677 -0.008871
v -0.355530 -0.963737 0.024806
v -0.350739 -0.961518 -0.011473
v -0.349555 -0.961396 -0.013459
v -0.355858 -0.964021 0.029455
v -0.348682 -0.965836 0.059138
v -0.348998 -0.966031 0.062314
v -0.345948 -0.966352 0.067573
v -0.324445 -0.968866 0.108670
v -0.313890 -0.970059 0.128181
v -0.288870 -0.972160 0.162524
v -0.274339 -0.972808 0.173131
v -0.248255 -0.973665 0.187140
v -0.285809 -0.972519 0.168404
v 0.081766 -0.962477 0.004218
v 0.207438 -0.950058 -0.198830
v 0.227144 -0.951112 -0.181606
v 0.233064 -0.951327 -0.178087
v 0.264929 -0.952063 -0.166063
v 0.294426 -0.952837 -0.153401
v -0.053641 -0.935807 -0.431838
v -0.611098 0.845477 -0.162834
v -0.562924 0.781549 -0.190097
v -0.564605 0.783676 -0.189145
v -0.557640 0.799194 -0.193087
v -0.586063 0.813463 -0.177001
v -0.577248 0.817585 -0.181991
v -0.587277 0.815670 -0.176315
v -0.591409 0.821226 -0.173976
v -0.599516 0.833366 -0.169388
v -0.606212 0.844201 -0.165598
v -0.558152 0.773044 -0.192798
v -0.565152 0.764814 -0.188836
v -0.560542 0.759689 -0.191445
v -0.546455 0.760536 -0.199417
v -0.557110 0.756798 -0.193387
v -0.524332 0.760002 -0.211937
v -0.523626 0.760020 -0.212337
v -0.522988 0.759559 -0.212698
v -0.520183 0.721177 -0.214286
v -0.521779 0.717551 -0.213382
v -0.518435 0.725583 -0.215275
v -0.500851 0.687724 -0.225226
v -0.508893 0.699552 -0.220675
v -0.492755 0.676878 -0.229808
v -0.448493 0.646357 -0.254858
v -0.454041 0.654317 -0.251718
v -0.453849 0.640950 -0.251827
v -0.460890 0.632835 -0.247841
v -0.445966 0.612664 -0.256288
v -0.406010 0.582002 -0.278900
v -0.401523 0.579148 -0.281440
v -0.421143 0.586112 -0.270336
v -0.426126 0.585896 -0.267516
v -0.516820 0.739261 -0.216189
v -0.518098 0.752172 -0.215466
v -0.565436 0.697513 -0.188676
v -0.555644 0.694324 -0.194217
v -0.544459 0.698110 -0.200547
v -0.541853 0.699442 -0.202022
v -0.525617 0.678217 -0.211211
v -0.572818 0.699664 -0.184498
v -0.577648 0.707363 -0.181764
v -0.578183 0.713126 -0.181461
v -0.577064 0.723226 -0.182095
v -0.575843 0.731504 -0.182785
v -0.575220 0.734010 -0.183138
v -0.582124 0.742452 -0.179231
v -0.587383 0.747823 -0.176255
v -0.590460 0.745135 -0.174513
v -0.599628 0.741398 -0.169325
v -0.606190 0.737832 -0.165611
v -0.612965 0.742239 -0.161777
v -0.400262 0.577316 -0.282153
v -0.396722 0.571267 -0.284157
v -0.378138 0.533989 -0.294674
v -0.375734 0.515771 -0.296034
v -0.371403 0.509515 -0.298486
v -0.369243 0.506301 -0.299708
v -0.521690 0.647160 -0.213433
v -0.523602 0.642823 -0.212350
v -0.514865 0.632074 -0.217295
v -0.495265 0.605562 -0.228387
v -0.354274 0.481576 -0.308179
v -0.351593 0.477167 -0.309697
v -0.341472 0.458439 -0.315425
v -0.368131 0.497385 -0.300337
v -0.368916 0.497763 -0.299893
v -0.367944 0.504235 -0.300443
v -0.369057 0.498398 -0.299813
v -0.461672 0.587866 -0.247399
v -0.451609 0.575523 -0.253094
v -0.478825 0.614142 -0.237692
v -0.487739 0.608835 -0.232647
v -0.457417 0.563909 -0.249807
v -0.456179 0.557688 -0.250508
v -0.422453 0.507750 -0.269595
v -0.406038 0.484695 -0.278884
v -0.402037 0.483980 -0.281149
v -0.400548 0.484276 -0.281992
v -0.396791 0.485535 -0.284118
v -0.389908 0.487516 -0.288013
v -0.359670 0.438863 -0.305126
v -0.380842 0.472444 -0.293144
v -0.333878 0.393050 -0.319722
v -0.457492 0.560155 -0.249765
v -0.457564 0.561265 -0.249724
v -0.457599 0.561653 -0.249704
v -0.020915 0.334388 -0.496840
v -0.016816 0.337134 -0.499160
v -0.004092 0.342066 -0.506360
v 0.009448 0.316765 -0.514023
v 0.009419 0.322019 -0.514007
v 0.007171 0.314356 -0.512735
v 0.003849 0.310020 -0.510855
v -0.003485 0.297420 -0.506704
v -0.012339 0.298154 -0.501693
v -0.014155 0.310085 -0.500666
v -0.020825 0.321306 -0.496891
v -0.021833 0.322583 -0.496320
v -0.021598 0.326718 -0.496453
v -0.002201 0.297981 -0.507431
v -0.017150 0.082530 -0.498970
v -0.017183 0.083729 -0.498951
v -0.016689 0.082194 -0.499231
v -0.303437 0.387379 -0.336950
v -0.286882 0.360016 -0.346319
v -0.305616 0.393329 -0.335717
v -0.309851 0.401702 -0.333320
v -0.332007 0.389335 -0.320782
v -0.329300 0.383795 -0.322313
v -0.325162 0.370169 -0.324655
v -0.313689 0.332808 -0.331148
v -0.306911 0.318102 -0.334984
v -0.478372 0.027020 -0.237948
v -0.472730 0.025191 -0.241141
v -0.476127 -0.007025 -0.239219
v -0.491031 -0.022946 -0.230784
v -0.512431 0.013212 -0.218672
v -0.508541 -0.012855 -0.220874
v -0.480951 0.028164 -0.236488
v -0.503878 -0.029672 -0.223513
v 0.007587 0.331372 -0.512970
v 0.009420 0.326745 -0.514007
v 0.241833 0.095729 -0.645538
v 0.189062 0.075677 -0.615673
v 0.186209 0.059761 -0.614059
v 0.193710 0.081703 -0.618304
v 0.208886 0.084996 -0.626892
v 0.186091 0.046394 -0.613992
v 0.195678 0.043295 -0.619417
v 0.193286 0.042362 -0.618064
v 0.234724 0.054821 -0.641515
v 0.253135 0.062718 -0.651934
v -0.030170 -0.085081 -0.491602
v -0.016145 -0.072919 -0.499539
v -0.012287 -0.069642 -0.501723
v 0.015218 -0.130638 -0.517289
v 0.016507 -0.115243 -0.518018
v 0.018167 -0.111050 -0.518958
v -0.010488 -0.069579 -0.502741
v -0.011753 -0.069320 -0.502025
v 0.024059 -0.095007 -0.522292
v 0.020969 -0.087327 -0.520543
v 0.013582 -0.076821 -0.516363
v 0.015103 -0.154096 -0.517224
v 0.014219 -0.197561 -0.516723
v 0.012992 -0.235235 -0.516029
v 0.033021 -0.316726 -0.527364
v 0.043663 -0.327808 -0.533387
v 0.042072 -0.330348 -0.532487
v -0.033106 -0.262499 -0.489940
v -0.045152 -0.268822 -0.483123
v -0.031777 -0.235427 -0.490692
v -0.032035 -0.222086 -0.490547
v -0.031168 -0.170275 -0.491037
v -0.030065 -0.131141 -0.491662
v -0.030849 -0.118521 -0.491218
v -0.037888 -0.106100 -0.487234
v 0.084056 -0.383791 -0.556247
v 0.092016 -0.393759 -0.560751
v 0.070733 -0.359817 -0.548707
v 0.067231 -0.355050 -0.546725
v 0.058546 -0.343642 -0.541810
v 0.030065 -0.309488 -0.525691
v 0.025526 -0.291805 -0.523122
v 0.016447 -0.298188 -0.517985
v 0.004096 -0.288601 -0.510994
v 0.000704 -0.284577 -0.509075
v 0.007408 -0.251297 -0.512869
v -0.093540 -0.449467 -0.455739
v -0.091536 -0.451689 -0.456872
v -0.093927 -0.445829 -0.455520
v -0.109127 -0.396007 -0.446918
v -0.116234 -0.368650 -0.442895
v -0.111746 -0.325926 -0.445435
v -0.119544 -0.353667 -0.441022
v -0.117262 -0.319816 -0.442313
v -0.106522 -0.293368 -0.448391
v -0.103390 -0.288144 -0.450164
v -0.105047 -0.286054 -0.449226
v -0.063681 -0.518186 -0.472637
v -0.079394 -0.486440 -0.463744
v -0.059082 -0.532679 -0.475239
v 0.072522 -0.684999 -0.549719
v 0.095304 -0.670013 -0.562612
v 0.034843 -0.660915 -0.528395
v 0.056414 -0.675890 -0.540603
v 0.068029 -0.683599 -0.547176
v 0.011680 -0.638657 -0.515286
v -0.002542 -0.619026 -0.507238
v -0.037555 -0.567821 -0.487423
v 0.103230 -0.656691 -0.567098
v 0.114898 -0.633857 -0.573701
v 0.099859 -0.661698 -0.565190
v 0.097808 -0.667560 -0.564029
v 0.200116 -0.537350 -0.621929
v 0.197230 -0.568601 -0.620296
v 0.192137 -0.525979 -0.617414
v 0.191184 -0.513054 -0.616874
v 0.181114 -0.611191 -0.611176
v 0.188108 -0.595061 -0.615133
v 0.170735 -0.620984 -0.605301
v 0.137511 -0.627316 -0.586499
v 0.192456 -0.582301 -0.617594
v 0.179097 -0.500726 -0.610034
v 0.159579 -0.481110 -0.598988
v 0.143287 -0.463187 -0.589768
v 0.136510 -0.453164 -0.585932
v 0.110179 -0.420506 -0.571031
v 0.098773 -0.409238 -0.564575
v -0.085110 -0.474576 -0.460509
v -0.101748 -0.276124 -0.451093
v -0.097667 -0.270624 -0.453403
v -0.088080 -0.261646 -0.458829
v -0.061160 -0.259639 -0.474064
v -0.156490 -0.936524 -0.420113
v -0.266655 -0.940338 -0.357766
v -0.281019 -0.940835 -0.349638
v -0.279847 -0.939468 -0.350301
v -0.069682 -0.930194 -0.469241
v -0.076416 -0.929799 -0.465429
v -0.067753 -0.930307 -0.470333
v -0.047896 -0.932765 -0.481570
v -0.394512 -0.944763 -0.285408
v -0.403563 -0.945076 -0.280285
v -0.394659 -0.944762 -0.285324
v -0.400449 -0.944734 -0.282048
v -0.407897 -0.945226 -0.277832
v -0.223846 -0.902081 -0.381994
v -0.192604 -0.899580 -0.399674
v -0.249953 -0.908227 -0.367219
v -0.139986 -0.898824 -0.429453
v -0.124702 -0.901344 -0.438103
v -0.102362 -0.908096 -0.450746
v -0.094420 -0.914044 -0.455240
v -0.080818 -0.925150 -0.462938
v -0.137341 -0.935861 -0.430950
v -0.255067 -0.910565 -0.364324
v -0.035437 -0.093483 -0.488621
v -0.237845 0.182215 -0.374071
v -0.239095 0.184537 -0.373363
v -0.239004 0.184798 -0.373415
v -0.278121 0.272603 -0.351277
v -0.280939 0.274288 -0.349682
v -0.300978 0.305549 -0.338342
v -0.247138 0.200816 -0.368812
v -0.248767 0.204718 -0.367890
v -0.257634 0.226096 -0.362872
v -0.240281 0.195814 -0.372693
v -0.239526 0.195371 -0.373119
v -0.200722 0.111958 -0.395080
v -0.206130 0.121941 -0.392020
v -0.226962 0.159820 -0.380230
v -0.194583 0.107657 -0.398555
v -0.194399 0.104681 -0.398659
v -0.197937 0.110057 -0.396657
v -0.194477 0.101011 -0.398614
v -0.281220 0.346091 -0.349524
v -0.271407 0.317456 -0.355077
v -0.264510 0.302412 -0.358981
v -0.239817 0.246033 -0.372955
v -0.223736 0.209313 -0.382056
v -0.223572 0.208922 -0.382149
v -0.223580 0.208866 -0.382144
v -0.223601 0.208028 -0.382132
v -0.224601 0.201782 -0.381566
v -0.219284 0.199643 -0.384575
v -0.214635 0.190007 -0.387206
v -0.179815 0.112219 -0.406913
v -0.180304 0.114844 -0.406636
v -0.174785 0.109443 -0.409759
v -0.172315 0.105511 -0.411157
v -0.163740 0.090136 -0.416010
v -0.164038 0.084677 -0.415841
v -0.167367 0.075991 -0.413957
v -0.169621 0.073151 -0.412682
v -0.162331 0.079446 -0.416807
v -0.178350 0.077086 -0.407742
v -0.171107 0.072156 -0.411840
v -0.180475 0.118782 -0.406539
v -0.265423 0.303902 -0.358464
v -0.265514 0.304677 -0.358412
v -0.268446 0.311794 -0.356753
v 0.009160 0.110434 -0.513860
v 0.007674 0.089656 -0.513019
v 0.011996 0.116303 -0.515465
v 0.016513 0.122041 -0.518022
v -0.004574 0.153998 -0.506088
v -0.006034 0.153584 -0.505261
v -0.003841 0.153501 -0.506502
v 0.013126 0.140162 -0.516105
v -0.020992 0.148180 -0.496796
v -0.023352 0.141820 -0.495460
v -0.027973 0.126529 -0.492846
v -0.024666 0.122688 -0.494717
v 0.016167 0.131611 -0.517826
v -0.003029 0.078608 -0.506962
v -0.003500 0.077994 -0.506695
v -0.021421 0.115419 -0.496553
v -0.001140 0.340759 -0.508031
v -0.386060 0.480863 -0.290191
v -0.387436 0.483537 -0.289412
v -0.512018 0.660914 -0.218907
v -0.479822 0.685799 -0.237128
v -0.477080 0.686186 -0.238679
v -0.473624 0.684473 -0.240635
v -0.488176 0.680654 -0.232399
v -0.516446 0.732682 -0.216400
v -0.558187 0.756463 -0.192778
v -0.569844 0.817052 -0.186180
v -0.557658 0.799979 -0.193077
v -0.557825 0.800842 -0.192983
v -0.557842 0.773661 -0.192973
v -0.617172 0.845845 -0.159396
v -0.610916 0.853840 -0.153140
v -0.617172 0.837162 -0.159396
v -0.280853 0.585322 0.176923
v -0.278889 0.582883 0.178887
v -0.290534 0.600658 0.167242
v -0.310850 0.573750 0.146926
v -0.332878 0.634449 0.124898
v -0.326428 0.622191 0.131348
v -0.344296 0.645566 0.113480
v -0.355414 0.681542 0.102362
v -0.347534 0.674400 0.110242
v -0.361756 0.688982 0.096020
v -0.361192 0.691102 0.096584
v -0.363520 0.692697 0.094256
v -0.370679 0.700760 0.087097
v -0.380946 0.707508 0.076830
v -0.400560 0.701163 0.057216
v -0.375642 0.707615 0.082134
v -0.416190 0.692963 0.041585
v -0.417399 0.693081 0.040376
v -0.432394 0.712748 0.025382
v -0.439636 0.716534 0.018140
v -0.593414 0.846134 -0.135638
v -0.598022 0.823961 -0.140246
v -0.595844 0.847532 -0.138068
v -0.617172 0.806246 -0.159396
v -0.617172 0.795998 -0.159396
v -0.617172 0.819484 -0.159396
v -0.617172 0.828728 -0.159396
v -0.617172 0.790631 -0.159396
v -0.609603 0.742094 -0.151827
v -0.612293 0.744327 -0.154517
v -0.614984 0.746547 -0.157208
v -0.615484 0.742440 -0.157708
v -0.617172 0.758178 -0.159396
v -0.617172 0.778772 -0.159396
v -0.617172 0.782865 -0.159396
v -0.617172 0.757271 -0.159396
v -0.617172 0.755349 -0.159396
v -0.617172 0.753648 -0.159396
v -0.603910 0.738133 -0.146134
v -0.583248 0.728669 -0.125473
v -0.553744 0.725165 -0.095969
v -0.525400 0.715271 -0.067625
v -0.474400 0.656910 -0.016624
v -0.455722 0.623243 0.002054
v -0.492933 0.686196 -0.035157
v -0.513874 0.707618 -0.056099
v -0.454431 0.611386 0.003345
v -0.454313 0.609693 0.003463
v -0.454179 0.605409 0.003597
v -0.237115 0.525232 0.220661
v -0.235936 0.519141 0.221840
v -0.240298 0.546007 0.217478
v -0.241695 0.551367 0.216081
v -0.247606 0.567740 0.210170
v -0.248328 0.574702 0.209448
v -0.348244 0.610068 0.109532
v -0.337849 0.624779 0.119927
v -0.329338 0.588854 0.128438
v -0.501388 0.773682 -0.043612
v -0.514552 0.783515 -0.056776
v -0.476806 0.752846 -0.019031
v -0.461405 0.735242 -0.003629
v -0.461107 0.734897 -0.003331
v -0.529258 0.786484 -0.071482
v -0.552833 0.788819 -0.095057
v -0.597622 0.823482 -0.139847
v -0.597894 0.823831 -0.140119
v -0.563497 0.797604 -0.105721
v -0.573681 0.806780 -0.115905
v -0.453857 0.582923 0.003918
v -0.443437 0.570609 0.014339
v -0.424795 0.561633 0.032981
v -0.420994 0.562727 0.036782
v -0.409620 0.556162 0.048156
v -0.370103 0.511930 0.087673
v -0.373984 0.516649 0.083792
v -0.369657 0.511232 0.088119
v -0.369079 0.509498 0.088697
v -0.358690 0.472977 0.099086
v -0.362240 0.464389 0.095536
v -0.367140 0.452484 0.090636
v -0.366545 0.440502 0.091231
v -0.350902 0.396912 0.106875
v -0.335329 0.380816 0.122447
v -0.321769 0.369439 0.136007
v -0.307485 0.372300 0.150291
v -0.293891 0.372248 0.163885
v -0.236648 0.516032 0.221128
v -0.237826 0.515999 0.219950
v -0.239543 0.466569 0.218233
v -0.367656 0.107424 0.090121
v -0.371125 0.089591 0.086651
v -0.371490 0.084387 0.086286
v -0.346726 0.104633 0.111050
v -0.344768 0.101106 0.113009
v -0.349318 0.109018 0.108458
v -0.363020 0.105451 0.094756
v -0.361331 0.110653 0.096445
v -0.355002 0.114555 0.102774
v -0.122944 -0.057497 0.334832
v -0.120761 -0.007661 0.337015
v -0.125389 -0.060270 0.332387
v -0.148451 -0.077995 0.309325
v -0.148386 -0.086437 0.309391
v -0.180305 -0.043569 0.277472
v -0.184466 -0.035720 0.273310
v -0.177885 -0.048452 0.279891
v -0.172793 -0.089817 0.284983
v -0.180179 -0.095671 0.277597
v -0.152301 -0.082608 0.305475
v -0.187331 -0.091102 0.270445
v -0.181842 -0.071611 0.275934
v -0.239219 -0.027495 0.218558
v -0.213351 -0.007105 0.244426
v -0.242043 -0.030655 0.215733
v -0.242602 -0.030602 0.215174
v -0.153632 -0.015120 0.304144
v -0.125919 0.010102 0.331857
v -0.176359 -0.029458 0.281417
v -0.123328 0.001636 0.334449
v -0.328449 0.159528 0.129327
v -0.316243 0.168458 0.141534
v -0.283937 0.189528 0.173839
v -0.331474 0.152977 0.126302
v -0.340700 0.118753 0.117076
v -0.338423 0.098998 0.119353
v -0.239580 0.181735 0.218196
v -0.242385 0.178727 0.215391
v -0.208605 0.195583 0.249171
v -0.208009 0.195713 0.249767
v -0.140135 0.190987 0.317641
v -0.105910 0.196537 0.351867
v -0.149223 0.220338 0.308553
v -0.141596 0.190558 0.316180
v -0.101665 0.220165 0.356111
v -0.159681 0.230039 0.298095
v -0.149783 0.222709 0.307994
v -0.169201 0.221292 0.288575
v -0.166522 0.229667 0.291255
v -0.168793 0.194497 0.288983
v -0.207016 0.195157 0.250760
v -0.191730 0.181886 0.266046
v -0.174851 0.189373 0.282925
v -0.168539 0.190040 0.289237
v -0.164965 0.084062 0.292811
v -0.174953 0.052227 0.282824
v -0.176137 0.050154 0.281640
v -0.180409 0.032852 0.277367
v -0.175174 0.051960 0.282602
v -0.195583 0.008541 0.262193
v -0.195400 0.006071 0.262377
v -0.193882 -0.027853 0.263894
v -0.195211 0.007143 0.262566
v -0.195104 0.007951 0.262672
v -0.211033 -0.015106 0.246744
v -0.146685 0.081721 0.311091
v -0.138249 0.082718 0.319528
v -0.124803 0.067197 0.332973
v -0.120984 0.054101 0.336792
v -0.098533 0.007666 0.359243
v -0.112535 0.031274 0.345242
v -0.149483 0.221896 0.308293
v -0.270316 0.188081 0.187460
v -0.260761 -0.024458 0.197015
v -0.261322 -0.023995 0.196455
v -0.243528 -0.030487 0.214249
v -0.261517 -0.024400 0.196260
v -0.264616 -0.028771 0.193161
v -0.272579 -0.039335 0.185198
v -0.278131 -0.048645 0.179645
v -0.287599 -0.066835 0.170178
v -0.291431 -0.065518 0.166345
v -0.293095 -0.062244 0.164682
v -0.299965 -0.054629 0.157811
v -0.302326 -0.053689 0.155451
v -0.325394 -0.065790 0.132382
v -0.327076 -0.065648 0.130700
v -0.381733 0.094227 0.076043
v -0.368876 0.130505 0.088900
v -0.350378 0.155250 0.107398
v -0.345007 0.161289 0.112769
v -0.334307 0.199431 0.123470
v -0.354645 0.211889 0.103131
v -0.333726 0.182633 0.124050
v -0.395510 0.148720 0.062266
v -0.369826 0.197377 0.087950
v -0.395771 0.140690 0.062005
v -0.403462 0.122125 0.054314
v -0.410654 0.108846 0.047122
v -0.438913 0.087029 0.018863
v -0.388624 0.073895 0.069152
v -0.376841 0.076829 0.080936
v -0.366296 0.079068 0.091481
v -0.355317 -0.058021 0.102459
v -0.373982 -0.053271 0.083794
v -0.378750 -0.054362 0.079027
v -0.374699 -0.079661 0.083078
v -0.379069 -0.086652 0.078707
v -0.390623 -0.098202 0.067154
v -0.392048 -0.098936 0.065729
v -0.391535 -0.101806 0.066242
v -0.401052 -0.117382 0.056725
v -0.399219 -0.117579 0.058558
v -0.401140 -0.134850 0.056637
v -0.404482 -0.138219 0.053295
v -0.446325 -0.169007 0.011452
v -0.441454 -0.167310 0.016322
v -0.452847 -0.171811 0.004929
v -0.522824 -0.106251 -0.065048
v -0.538024 -0.118760 -0.080247
v -0.517530 -0.097019 -0.059753
v -0.523027 -0.080267 -0.065250
v -0.455134 0.083194 0.002642
v -0.473570 0.071516 -0.015794
v -0.448275 0.078856 0.009502
v -0.487762 0.062641 -0.029986
v -0.407849 -0.142925 0.049928
v -0.417806 -0.147008 0.039970
v -0.427039 -0.147778 0.030738
v -0.428092 -0.156497 0.029684
v -0.501661 -0.190202 -0.043884
v -0.505623 -0.179410 -0.047847
v -0.497113 -0.189978 -0.039337
v -0.493488 -0.190394 -0.035712
v -0.479404 -0.186532 -0.021627
v -0.464063 -0.193592 -0.006286
v -0.511854 -0.161678 -0.054077
v -0.523732 -0.145134 -0.065955
v -0.537955 -0.119268 -0.080178
v -0.538053 -0.118858 -0.080277
v -0.538043 -0.118832 -0.080267
v -0.452055 -0.187337 0.005722
v -0.447556 -0.177404 0.010220
v -0.522576 -0.078279 -0.064799
v -0.521892 -0.077443 -0.064116
v -0.522420 -0.056070 -0.064644
v -0.510882 -0.001067 -0.053106
v -0.523251 -0.012205 -0.065475
v -0.523362 -0.003077 -0.065585
v -0.512937 0.019164 -0.055161
v -0.524804 -0.008562 -0.067028
v -0.524867 -0.013270 -0.067091
v -0.509937 0.031011 -0.052161
v -0.509903 0.029661 -0.052127
v -0.488331 0.062661 -0.030555
v -0.487799 0.063245 -0.030023
v -0.511861 0.028652 -0.054084
v -0.275416 -0.041365 0.182360
v -0.309031 -0.331393 0.148745
v -0.309565 -0.332182 0.148212
v -0.309129 -0.330711 0.148648
v -0.308185 -0.306621 0.149592
v -0.304893 -0.307991 0.152884
v -0.291914 -0.274696 0.165863
v -0.288251 -0.275966 0.169525
v -0.277750 -0.317986 0.180026
v -0.267089 -0.320389 0.190688
v -0.279614 -0.311956 0.178162
v -0.278138 -0.308240 0.179639
v -0.280977 -0.307272 0.176799
v -0.312245 -0.319167 0.145532
v -0.342010 -0.324636 0.115766
v -0.349610 -0.325878 0.108167
v -0.351175 -0.327638 0.106602
v -0.351602 -0.332233 0.106175
v -0.259105 -0.331588 0.198671
v -0.254834 -0.370741 0.202943
v -0.260245 -0.411376 0.197532
v -0.260743 -0.412038 0.197034
v -0.261505 -0.415115 0.196271
v -0.284045 -0.451230 0.173731
v -0.283035 -0.450645 0.174742
v -0.263055 -0.417141 0.194722
v -0.308957 -0.460477 0.148820
v -0.332516 -0.425249 0.125260
v -0.348674 -0.353085 0.109103
v -0.350542 -0.335638 0.107235
v -0.352310 -0.347354 0.105466
v -0.337406 -0.425532 0.120370
v -0.345460 -0.412385 0.112317
v -0.348496 -0.399884 0.109281
v -0.348148 -0.394321 0.109629
v -0.262322 -0.322733 0.195455
v -0.354630 -0.378084 0.103147
v -0.219023 -0.644032 0.238754
v -0.219326 -0.643089 0.238451
v -0.217832 -0.652862 0.239945
v -0.366556 -0.633475 0.091220
v -0.372418 -0.643527 0.085358
v -0.359367 -0.622052 0.098410
v -0.352069 -0.626071 0.105708
v -0.324942 -0.646224 0.132835
v -0.320812 -0.636533 0.136965
v -0.328679 -0.656195 0.129098
v -0.331562 -0.650495 0.126215
v -0.317287 -0.633025 0.140490
v -0.296637 -0.627536 0.161140
v -0.290040 -0.629918 0.167736
v -0.273462 -0.662317 0.184315
v -0.271378 -0.667268 0.186399
v -0.265084 -0.658203 0.192693
v -0.202301 -0.826759 0.255476
v -0.196183 -0.857691 0.261594
v -0.204329 -0.820267 0.253448
v -0.206212 -0.800198 0.251565
v -0.227476 -0.723697 0.230301
v -0.223439 -0.730674 0.234338
v -0.220346 -0.716564 0.237431
v -0.215160 -0.708307 0.242617
v -0.222119 -0.737476 0.235658
v -0.221289 -0.741546 0.236488
v -0.403521 -0.888197 0.054256
v -0.389161 -0.923307 0.068616
v -0.384699 -0.928144 0.073078
v -0.403907 -0.887286 0.053870
v -0.404095 -0.886775 0.053682
v -0.405317 -0.880040 0.052460
v -0.414488 -0.827073 0.043289
v -0.416183 -0.806117 0.041594
v -0.413731 -0.834196 0.044046
v -0.417070 -0.778551 0.040706
v -0.416715 -0.763605 0.041062
v -0.397690 -0.724286 0.060087
v -0.395189 -0.719527 0.062588
v -0.405962 -0.739071 0.051815
v -0.408795 -0.744530 0.048982
v -0.390225 -0.713799 0.067552
v -0.372348 -0.693588 0.085428
v -0.373384 -0.675496 0.084393
v -0.371413 -0.653346 0.086363
v -0.253874 -0.952258 0.203903
v -0.261043 -0.959702 0.196734
v -0.236545 -0.932082 0.221232
v -0.230869 -0.926695 0.226908
v -0.215058 -0.906803 0.242719
v -0.196445 -0.886668 0.261332
v -0.193208 -0.870720 0.264569
v -0.372410 -0.943939 0.085367
v -0.370514 -0.944564 0.087264
v -0.343406 -0.953496 0.114372
v -0.334321 -0.957154 0.123456
v -0.326428 -0.960194 0.131349
v -0.301867 -0.966214 0.155910
v -0.294407 -0.968745 0.163370
v -0.288218 -0.970844 0.169559
v -0.282535 -0.968475 0.175242
v -0.267201 -0.962084 0.190576
v -0.280571 -0.652432 0.177206
v -0.339951 -0.634369 0.117825
v -0.238752 -0.639460 0.219025
v -0.249417 -0.637194 0.208360
v -0.313251 -0.326453 0.144526
v -0.288227 0.375413 0.169549
v -0.285127 0.377828 0.172649
v -0.246633 0.423418 0.211143
v -0.241692 0.440302 0.216084
v -0.402951 0.557302 0.054824
v -0.396824 0.550033 0.060952
v -0.251401 0.578364 0.206375
v -0.258807 0.600762 0.198969
v -0.617172 0.742593 -0.159396
v -0.597090 0.848374 -0.139315
v -0.608715 0.856223 -0.150939
v -0.350811 0.647709 0.106964
v -0.347512 0.656746 0.110264
v -0.335396 0.660961 0.122380
v -0.265404 0.598206 0.192372
v -0.262505 0.608453 0.195271
v -0.097954 0.141908 0.359822
v -0.097954 0.140712 0.359822
v -0.097954 0.150112 0.359822
v -0.097954 0.150790 0.359822
v -0.097954 0.159320 0.359822
v -0.097954 0.185877 0.359822
v -0.097954 0.188521 0.359822
v -0.097954 0.188734 0.359822
v -0.079956 0.242249 0.348931
v -0.079937 0.242268 0.348920
v -0.080716 0.241497 0.349391
v -0.097954 0.197542 0.359822
v -0.097954 0.202722 0.359822
v -0.097954 0.210964 0.359822
v -0.097954 0.220209 0.359822
v 0.262190 0.399082 0.141891
v 0.269724 0.398721 0.137332
v 0.294349 0.402822 0.122432
v 0.310571 0.401351 0.112615
v 0.315879 0.406763 0.109403
v 0.236254 0.408432 0.157586
v 0.220066 0.415745 0.167382
v 0.216232 0.421489 0.169701
v -0.000585 -0.210857 0.300903
v 0.009821 -0.208439 0.294605
v -0.008186 -0.213719 0.305502
v -0.014224 -0.209404 0.309156
v -0.025167 -0.203638 0.315778
v -0.037566 -0.200486 0.323281
v -0.046682 -0.201287 0.328797
v -0.048423 -0.191715 0.329850
v -0.097954 0.123589 0.359822
v -0.097954 0.116730 0.359822
v -0.097954 0.123955 0.359822
v -0.097954 0.132522 0.359822
v -0.097954 0.130292 0.359822
v -0.097954 0.134340 0.359822
v -0.097954 0.124142 0.359822
v -0.078151 0.242421 0.347839
v -0.077518 0.243538 0.347456
v -0.074405 0.245141 0.345573
v -0.049277 0.258675 0.330367
v -0.039229 0.276323 0.324286
v -0.049850 0.254848 0.330714
v -0.083188 0.238664 0.350887
v -0.094039 0.225102 0.357453
v 0.006093 0.374306 0.296861
v -0.011220 0.361531 0.307338
v 0.017263 0.374704 0.290102
v 0.020192 0.344582 0.288330
v 0.020390 0.336448 0.288210
v 0.020860 0.331987 0.287925
v 0.020904 0.331399 0.287899
v 0.021077 0.326742 0.287794
v 0.033200 0.285547 0.280458
v 0.028883 0.284739 0.283071
v 0.047473 0.278813 0.271821
v 0.075638 0.272764 0.254778
v 0.067174 0.271882 0.259900
v 0.082588 0.274992 0.250573
v 0.086214 0.288438 0.248378
v 0.466152 0.639552 0.018470
v 0.466180 0.643517 0.018453
v 0.466193 0.633529 0.018445
v 0.444137 0.609506 0.031791
v 0.443290 0.609103 0.032304
v 0.439911 0.607980 0.034348
v 0.419551 0.603667 0.046669
v 0.415067 0.604089 0.049382
v 0.412271 0.603254 0.051074
v 0.399511 0.594318 0.058795
v 0.378817 0.569753 0.071318
v 0.370384 0.562440 0.076421
v 0.360196 0.553771 0.082586
v 0.352388 0.526047 0.087311
v 0.358371 0.487652 0.083690
v 0.347867 0.508214 0.090047
v 0.356743 0.478298 0.084675
v 0.328216 0.421318 0.101937
v 0.320538 0.411186 0.106584
v 0.224807 0.605371 0.164513
v 0.225780 0.610671 0.163924
v 0.231344 0.625458 0.160557
v 0.245146 0.617167 0.152205
v 0.266933 0.624345 0.139021
v 0.267441 0.624023 0.138714
v 0.266590 0.623980 0.139229
v 0.260506 0.608845 0.142911
v 0.327722 0.669113 0.102236
v 0.337888 0.652072 0.096085
v 0.324632 0.672414 0.104107
v 0.322909 0.649213 0.105149
v 0.341591 0.684158 0.093844
v 0.327382 0.674978 0.102442
v 0.333893 0.706091 0.098502
v 0.333279 0.707387 0.098874
v 0.334757 0.709375 0.097979
v 0.342400 0.720118 0.093355
v 0.412156 0.747226 0.051144
v 0.416861 0.750463 0.048297
v 0.422812 0.748758 0.044696
v 0.447633 0.743831 0.029676
v 0.407435 0.745287 0.054000
v 0.404012 0.740014 0.056072
v 0.397231 0.743094 0.060175
v 0.386924 0.746011 0.066412
v 0.351528 0.731028 0.087831
v 0.343840 0.724746 0.092483
v 0.367214 0.748645 0.078339
v 0.342276 0.723045 0.093429
v 0.586459 0.911005 -0.054331
v 0.610841 0.969537 -0.069085
v 0.593011 0.956587 -0.058296
v 0.584985 0.948340 -0.053439
v 0.611778 0.970008 -0.069652
v 0.611792 0.969026 -0.069660
v 0.617189 0.951789 -0.072926
v 0.649936 0.979746 -0.092742
v 0.650137 0.979922 -0.092864
v 0.502874 0.720427 -0.003752
v 0.508900 0.726993 -0.007398
v 0.491661 0.707577 0.003033
v 0.479007 0.692726 0.010690
v 0.463086 0.675449 0.020325
v 0.476227 0.737508 0.012373
v 0.473384 0.734491 0.014093
v 0.479629 0.741538 0.010314
v 0.487612 0.739116 0.005483
v 0.482755 0.733013 0.008423
v 0.534139 0.764445 -0.022671
v 0.533398 0.759257 -0.022223
v 0.516825 0.761587 -0.012194
v 0.522776 0.788953 -0.015795
v 0.545318 0.812499 -0.029436
v 0.346606 0.513032 0.090810
v 0.346081 0.511484 0.091127
v 0.638179 0.892490 -0.085628
v 0.630872 0.880529 -0.081207
v 0.634982 0.874707 -0.083693
v 0.628806 0.868815 -0.079956
v 0.621791 0.861328 -0.075711
v 0.609879 0.866282 -0.068503
v 0.600377 0.864294 -0.062753
v 0.559480 0.825631 -0.038006
v 0.488228 0.820668 0.005111
v 0.488979 0.820638 0.004656
v 0.486952 0.819213 0.005883
v 0.475389 0.803965 0.012880
v 0.586437 0.910987 -0.054318
v 0.574830 0.906607 -0.047294
v 0.586389 0.911006 -0.054289
v 0.570013 0.910752 -0.044379
v 0.586438 0.911002 -0.054318
v 0.545196 0.908626 -0.029362
v 0.561521 0.925041 -0.039240
v 0.527863 0.841059 -0.018873
v 0.544558 0.857606 -0.028976
v 0.498894 0.809537 -0.001343
v 0.549804 0.863809 -0.032150
v 0.566212 0.879727 -0.042079
v 0.563577 0.882350 -0.040484
v 0.556283 0.885474 -0.036071
v 0.480902 0.781223 0.009544
v 0.460523 0.752558 0.021876
v 0.483691 0.784195 0.007856
v 0.459500 0.750924 0.022495
v 0.478759 0.797866 0.010841
v 0.476748 0.732783 0.012058
v 0.604570 0.867987 -0.065291
v 0.650226 0.979968 -0.092918
v 0.201066 0.470390 0.178879
v 0.202612 0.466176 0.177943
v 0.205429 0.455019 0.176239
v 0.202657 0.498410 0.177916
v 0.206554 0.538774 0.175558
v 0.207524 0.545790 0.174971
v 0.213205 0.563930 0.171533
v 0.165034 0.252407 0.200683
v 0.158600 0.254766 0.204576
v 0.171236 0.248876 0.196930
v 0.329137 0.142372 0.101380
v 0.315381 0.140831 0.109704
v 0.332153 0.147223 0.099555
v 0.344002 0.148612 0.092385
v 0.253862 -0.035424 0.146931
v 0.267049 -0.042703 0.138951
v 0.252624 -0.020330 0.147680
v 0.252560 -0.017119 0.147719
v 0.243521 -0.014518 0.153189
v 0.186120 -0.007432 0.187923
v 0.183110 -0.007812 0.189745
v 0.182410 -0.007513 0.190168
v 0.180646 -0.009267 0.191235
v 0.180595 -0.013780 0.191266
v 0.172454 -0.061365 0.196192
v 0.159459 -0.093907 0.204057
v 0.150230 -0.106252 0.209641
v 0.138805 -0.114755 0.216555
v 0.148997 -0.120066 0.210387
v 0.129556 -0.153516 0.222151
v 0.131704 -0.154524 0.220852
v 0.208792 -0.009799 0.174204
v 0.214208 -0.004732 0.170926
v 0.130860 -0.170237 0.221362
v 0.133727 -0.164996 0.219627
v 0.134103 -0.162634 0.219400
v 0.103342 -0.168551 0.238014
v 0.062555 -0.169932 0.262695
v 0.061017 -0.161330 0.263626
v 0.066490 -0.178633 0.260314
v 0.074096 -0.179176 0.255712
v 0.060704 -0.154765 0.263815
v 0.045239 -0.163694 0.273173
v 0.018403 -0.174180 0.289413
v 0.027058 -0.152637 0.284175
v 0.004919 -0.171337 0.297572
v 0.032121 -0.178970 0.281111
v 0.040653 -0.187340 0.275948
v 0.037219 -0.196424 0.278026
v 0.038359 -0.203868 0.277337
v 0.029745 -0.204273 0.282549
v 0.025181 -0.203271 0.285311
v -0.048717 -0.185753 0.330028
v -0.045956 -0.185104 0.328358
v -0.049099 -0.185843 0.330259
v -0.003342 -0.167507 0.302571
v -0.030094 -0.172453 0.318759
v -0.002029 -0.145606 0.301776
v 0.012834 -0.151539 0.292783
v -0.003849 -0.146555 0.302877
v -0.005595 -0.147280 0.303934
v 0.122489 0.261643 0.226428
v 0.126361 0.256143 0.224084
v 0.143370 0.258529 0.213792
v 0.230808 0.226597 0.160882
v 0.232074 0.226683 0.160116
v 0.232988 0.226645 0.159562
v 0.253724 0.217134 0.147014
v 0.297345 0.195973 0.120618
v 0.299913 0.193958 0.119064
v 0.314580 0.158574 0.110189
v 0.357182 0.130046 0.084410
v 0.357731 0.115098 0.084078
v 0.351533 0.146156 0.087828
v 0.358364 0.112657 0.083694
v 0.284172 -0.017165 0.128590
v 0.309189 -0.022988 0.113452
v 0.280870 -0.032931 0.130588
v 0.268395 -0.042583 0.138137
v 0.268170 -0.042770 0.138273
v 0.364556 0.112504 0.079947
v 0.395229 0.103382 0.061386
v 0.373074 0.141934 0.074793
v 0.422029 -0.100408 0.045170
v 0.435416 -0.094797 0.037069
v 0.437386 -0.117580 0.035877
v 0.409186 -0.096914 0.052941
v 0.403276 -0.091091 0.056517
v 0.402942 -0.068984 0.056720
v 0.394223 -0.057853 0.061996
v 0.395485 -0.066300 0.061232
v 0.384621 -0.052335 0.067806
v 0.375069 -0.039312 0.073586
v 0.370606 -0.020715 0.076287
v 0.345947 -0.018143 0.091208
v 0.326706 -0.023882 0.102851
v 0.580471 0.004022 -0.050707
v 0.581816 0.003837 -0.051521
v 0.582979 0.001529 -0.052225
v 0.582397 -0.016283 -0.051873
v 0.566776 -0.138696 -0.042420
v 0.568119 -0.138133 -0.043233
v 0.591786 -0.108959 -0.057554
v 0.591281 -0.099194 -0.057248
v 0.565870 -0.141665 -0.041872
v 0.557205 -0.173645 -0.036629
v 0.577615 -0.193903 -0.048979
v 0.540140 -0.172562 -0.026302
v 0.528520 -0.197002 -0.019271
v 0.520525 -0.217217 -0.014433
v 0.576187 -0.295546 -0.048115
v 0.577020 -0.295472 -0.048619
v 0.574809 -0.294227 -0.047281
v 0.557307 -0.294616 -0.036690
v 0.546939 -0.292354 -0.030416
v 0.534514 -0.276315 -0.022898
v 0.518612 -0.255043 -0.013275
v 0.517787 -0.252697 -0.012776
v 0.524663 -0.241657 -0.016936
v 0.534212 -0.146521 -0.022715
v 0.496775 -0.149567 -0.000061
v 0.536181 -0.154961 -0.023907
v 0.591672 -0.643792 -0.057485
v 0.594033 -0.640870 -0.058914
v 0.578006 -0.660372 -0.049215
v 0.572370 -0.664555 -0.045805
v 0.571338 -0.685323 -0.045180
v 0.573494 -0.689504 -0.046485
v 0.603706 -0.694537 -0.064767
v 0.607145 -0.689563 -0.066849
v 0.575274 -0.691614 -0.047562
v 0.597446 -0.643538 -0.060979
v 0.606145 -0.650570 -0.066243
v 0.619912 -0.653526 -0.074574
v 0.527417 -0.491316 -0.018603
v 0.517838 -0.472932 -0.012807
v 0.527206 -0.492611 -0.018475
v 0.497536 -0.537515 -0.000521
v 0.489024 -0.549252 0.004629
v 0.464760 -0.560409 0.019312
v 0.433700 -0.567712 0.038107
v 0.455816 -0.566526 0.024725
v 0.417662 -0.570715 0.047812
v 0.384917 -0.549355 0.067627
v 0.383283 -0.548197 0.068615
v 0.421558 -0.475589 0.045454
v 0.417452 -0.480090 0.047939
v 0.427116 -0.471637 0.042091
v 0.439958 -0.466971 0.034320
v 0.468566 -0.458163 0.017009
v 0.383521 -0.546932 0.068471
v 0.385781 -0.506992 0.067104
v 0.475026 -0.459690 0.013100
v 0.469285 -0.458010 0.016574
v 0.624079 -0.669826 -0.077095
v 0.616471 -0.684564 -0.072491
v 0.600541 -0.229793 -0.062852
v 0.610037 -0.269120 -0.068598
v 0.610286 -0.222738 -0.068749
v 0.590620 -0.201633 -0.056849
v 0.609928 -0.272319 -0.068532
v 0.578171 -0.292989 -0.049316
v 0.599071 -0.073030 -0.061963
v 0.599538 -0.073540 -0.062245
v 0.598977 -0.072186 -0.061906
v 0.585710 -0.045810 -0.053877
v 0.585008 -0.043800 -0.053453
v 0.579657 -0.021127 -0.050215
v 0.479516 -0.151747 0.010383
v 0.460612 -0.136588 0.021822
v 0.482702 -0.152013 0.008455
v 0.459174 -0.126056 0.022692
v 0.452008 -0.122973 0.027029
v 0.562178 0.003602 -0.039638
v 0.536538 0.073320 -0.024122
v 0.531371 0.082819 -0.020996
v 0.523451 0.088181 -0.016203
v 0.375820 0.208038 0.073131
v 0.394616 0.176687 0.061758
v 0.359913 0.234747 0.082757
v 0.327486 0.257180 0.102379
v 0.319273 0.257641 0.107349
v 0.316097 0.257415 0.109271
v 0.305145 0.221277 0.115898
v 0.491882 0.115493 0.002899
v 0.480536 0.124011 0.009765
v 0.465767 0.118549 0.018703
v 0.464235 0.117014 0.019629
v 0.409874 0.149517 0.052525
v 0.406146 0.152788 0.054780
v 0.324804 0.196313 0.104002
v 0.338643 0.192038 0.095628
v 0.354982 0.176652 0.085741
v 0.311518 0.211957 0.112042
v 0.359321 0.170172 0.083115
v 0.220428 0.217193 0.167163
v 0.212903 0.225802 0.171716
v 0.117596 0.272117 0.229388
v 0.112545 0.285361 0.232445
v 0.109362 0.290458 0.234371
v 0.107600 0.292724 0.235437
v 0.100444 0.293302 0.239768
v -0.055418 -0.016474 0.334083
v -0.072002 -0.008472 0.344118
v -0.052996 -0.026848 0.332618
v -0.047725 -0.048173 0.329428
v -0.047519 -0.051550 0.329303
v -0.044382 -0.059365 0.327405
v -0.048209 -0.076107 0.329721
v -0.028326 -0.100289 0.317689
v -0.032418 -0.082733 0.320165
v -0.030393 -0.109977 0.318940
v -0.018170 -0.140552 0.311544
v -0.014112 -0.146057 0.309088
v -0.007370 -0.149816 0.305008
v -0.097954 0.089756 0.359823
v -0.097954 0.074169 0.359823
v -0.097954 0.072580 0.359823
v -0.097954 0.008044 0.359823
v -0.097954 0.008722 0.359823
v -0.097954 0.007186 0.359823
v -0.097954 0.007069 0.359823
v -0.097326 0.006323 0.359443
v -0.089209 0.001581 0.354531
v -0.097954 0.033734 0.359823
v -0.097954 0.038789 0.359823
v -0.097954 0.049095 0.359823
v -0.097954 0.056748 0.359823
v -0.097954 0.059334 0.359823
v -0.097954 0.071517 0.359823
v -0.097954 0.112590 0.359822
v -0.097954 0.114756 0.359822
v -0.097954 0.094157 0.359823
v -0.097954 0.101361 0.359823
v -0.097954 0.090132 0.359823
v 0.090520 -0.178224 0.245773
v 0.316665 0.148175 0.108928
v 0.451722 0.748293 0.027201
v 0.057228 0.272935 0.265918
v 0.048465 0.272127 0.271221
v 0.049586 0.276215 0.270543
v -0.023104 0.274702 0.314529
v -0.022622 0.313907 0.314238
v -0.016240 0.327425 0.310376
v -0.097954 0.194984 0.359822
v -0.097954 0.194182 0.359822
v -0.097954 0.154607 0.359822
v 0.276094 0.147900 -0.632085
v 0.278018 0.151798 -0.629402
v 0.269917 0.134731 -0.640697
v 0.259339 0.112177 -0.655446
v 0.259339 0.097435 -0.655446
v 0.259339 0.090555 -0.655446
v 0.259339 0.074151 -0.655446
v 0.266128 0.082107 -0.645980
v 0.266505 0.071155 -0.645454
v 0.265886 0.085076 -0.646318
v 0.268949 0.091334 -0.642047
v 0.307735 0.175837 -0.587969
v 0.296081 0.147874 -0.604218
v 0.295804 0.147208 -0.604605
v 0.307904 0.176260 -0.587734
v 0.312155 0.186877 -0.581807
v 0.316368 0.198277 -0.575934
v 0.312860 0.203071 -0.580824
v 0.311623 0.204533 -0.582548
v 0.310268 0.203763 -0.584438
v 0.301074 0.205221 -0.597256
v 0.285846 0.170475 -0.618488
v 0.281192 0.158966 -0.624977
v 0.259339 0.072204 -0.655446
v 0.259339 0.071696 -0.655446
v 0.259339 0.069021 -0.655446
v 0.259339 0.065063 -0.655446
v 0.267041 0.064138 -0.644707
v 0.266863 0.066472 -0.644956
v 0.283497 0.119949 -0.621763
v 0.283860 0.120752 -0.621257
v 0.394515 0.446648 -0.466977
v 0.394265 0.446124 -0.467325
v 0.393162 0.443657 -0.468863
v 0.384702 0.421975 -0.480658
v 0.354725 0.345807 -0.522454
v 0.343944 0.324978 -0.537485
v 0.346870 0.343693 -0.533405
v 0.330347 0.341145 -0.556443
v 0.327946 0.336918 -0.559790
v 0.389216 0.441989 -0.474365
v 0.391527 0.458364 -0.471143
v 0.393175 0.481891 -0.468845
v 0.396095 0.450434 -0.464774
v 0.412964 0.487377 -0.441255
v 0.416739 0.494373 -0.435991
v 0.576013 0.765487 -0.213924
v 0.578151 0.745415 -0.210942
v 0.583405 0.777250 -0.203617
v 0.585271 0.780077 -0.201016
v 0.553724 0.797289 -0.245000
v 0.555488 0.796743 -0.242540
v 0.551815 0.797697 -0.247661
v 0.539925 0.798766 -0.264239
v 0.539054 0.797547 -0.265453
v 0.593011 -0.479008 -0.190224
v 0.592532 -0.485178 -0.190891
v 0.588893 -0.490464 -0.195965
v 0.592309 -0.504440 -0.191202
v 0.595367 -0.497456 -0.186939
v 0.598149 -0.541076 -0.183059
v 0.522682 -0.502130 -0.288280
v 0.524187 -0.503890 -0.286182
v 0.527777 -0.508427 -0.281176
v 0.524455 -0.513913 -0.285808
v 0.522326 -0.519475 -0.288776
v 0.513405 -0.536869 -0.301214
v 0.495828 -0.492085 -0.325721
v 0.477540 -0.491669 -0.351218
v 0.465811 -0.493844 -0.367572
v 0.453653 -0.495511 -0.384523
v 0.443253 -0.937814 -0.399024
v 0.442039 -0.937711 -0.400716
v 0.443218 -0.937660 -0.399073
v 0.441369 -0.929480 -0.401650
v 0.390722 -0.933335 -0.472265
v 0.398288 -0.933980 -0.461715
v 0.388819 -0.933172 -0.474918
v 0.386036 -0.886532 -0.478798
v 0.385529 -0.886739 -0.479505
v 0.410800 -0.897934 -0.444272
v 0.311295 -0.603550 -0.583006
v 0.311284 -0.603501 -0.583022
v 0.311491 -0.603814 -0.582732
v 0.330140 -0.624798 -0.556732
v 0.338796 -0.632872 -0.544662
v 0.353710 -0.635333 -0.523869
v 0.373019 -0.638672 -0.496947
v 0.378920 -0.637835 -0.488720
v 0.382177 -0.638743 -0.484178
v 0.398915 -0.632489 -0.460842
v 0.416364 -0.626290 -0.436513
v 0.425365 -0.500229 -0.423964
v 0.421311 -0.503716 -0.429617
v 0.420680 -0.501144 -0.430495
v 0.445972 -0.499123 -0.395232
v 0.446160 -0.494433 -0.394971
v 0.486276 -0.575438 -0.339038
v 0.498994 -0.554465 -0.321307
v 0.471613 -0.593332 -0.359482
v 0.464458 -0.598597 -0.369459
v 0.457864 -0.603400 -0.378652
v 0.436221 -0.610323 -0.408828
v 0.429961 -0.620713 -0.417556
v 0.388473 -0.512893 -0.475401
v 0.360916 -0.518007 -0.513821
v 0.358900 -0.518558 -0.516633
v 0.358319 -0.518568 -0.517442
v 0.353687 -0.903021 -0.523901
v 0.360822 -0.899695 -0.513953
v 0.383812 -0.887670 -0.481899
v 0.385474 -0.886769 -0.479582
v 0.340754 -0.929073 -0.541933
v 0.356560 -0.930421 -0.519895
v 0.339661 -0.928980 -0.543457
v 0.316676 -0.927020 -0.575504
v 0.332337 -0.911760 -0.553668
v 0.383550 -0.932723 -0.482264
v 0.382820 -0.932661 -0.483282
v 0.384285 -0.932786 -0.481240
v 0.386118 -0.932942 -0.478685
v 0.423139 -0.936099 -0.427068
v 0.421071 -0.935923 -0.429950
v 0.420431 -0.935868 -0.430843
v 0.303586 -0.562121 -0.593754
v 0.310593 -0.548211 -0.583985
v 0.311149 -0.603028 -0.583210
v 0.330608 -0.533695 -0.556079
v 0.356240 -0.518901 -0.520342
v 0.401479 -0.508070 -0.457266
v 0.417636 -0.900266 -0.434740
v 0.431108 -0.910724 -0.415956
v 0.436994 -0.921159 -0.407750
v 0.428327 -0.936541 -0.419834
v 0.441989 -0.937706 -0.400785
v 0.511206 -0.487527 -0.304280
v 0.390637 0.492611 -0.472383
v 0.403542 0.519410 -0.454392
v 0.405707 0.525363 -0.451372
v 0.422033 0.505566 -0.428610
v 0.424585 0.511353 -0.425052
v 0.425621 0.506867 -0.423607
v 0.427861 0.512050 -0.420484
v 0.426260 0.514481 -0.422716
v 0.428415 0.520399 -0.419711
v 0.442174 0.555657 -0.400527
v 0.447486 0.566987 -0.393123
v 0.453646 0.578812 -0.384533
v 0.529304 0.669237 -0.279047
v 0.520392 0.656691 -0.291474
v 0.526196 0.673478 -0.283380
v 0.564313 0.735323 -0.230236
v 0.566480 0.735943 -0.227215
v 0.563432 0.733627 -0.231465
v 0.560760 0.737904 -0.235190
v 0.554049 0.742171 -0.244547
v 0.535266 0.713286 -0.270734
v 0.519282 0.687474 -0.293020
v 0.574636 0.736744 -0.215843
v 0.578091 0.742426 -0.211026
v 0.578402 0.743435 -0.210592
v 0.569843 0.803328 -0.222526
v 0.564289 0.794047 -0.230270
v 0.567198 0.805401 -0.226214
v 0.567932 0.816142 -0.225190
v 0.568491 0.817236 -0.224411
v 0.581531 0.843014 -0.206230
v 0.597988 0.868829 -0.183284
v 0.603349 0.872244 -0.175810
v 0.628811 0.921084 -0.140309
v 0.643879 0.948723 -0.119301
v 0.643115 0.956219 -0.120366
v 0.642015 0.878581 -0.121900
v 0.642309 0.877925 -0.121490
v 0.642607 0.880255 -0.121074
v 0.658105 0.909832 -0.099467
v 0.658996 0.911532 -0.098225
v 0.658996 0.927257 -0.098225
v 0.658996 0.982189 -0.098225
v 0.656762 0.983893 -0.101339
v 0.653368 0.983015 -0.106071
v 0.653324 0.983004 -0.106132
v 0.640725 0.972570 -0.123698
v 0.639664 0.961752 -0.125178
v 0.599257 0.770385 -0.181515
v 0.610716 0.773419 -0.165538
v 0.616326 0.790416 -0.157717
v 0.597232 0.767130 -0.184339
v 0.596011 0.768243 -0.186041
v 0.634145 0.840345 -0.132873
v 0.615537 0.801031 -0.158817
v 0.635209 0.842919 -0.131389
v 0.644795 0.866382 -0.118024
v 0.644507 0.873019 -0.118425
v 0.562975 0.791780 -0.232101
v 0.535664 0.794336 -0.270180
v 0.535929 0.784670 -0.269810
v 0.536012 0.778126 -0.269695
v 0.495991 0.704130 -0.325493
v 0.502224 0.701784 -0.316804
v 0.510923 0.715852 -0.304675
v 0.430496 0.602291 -0.416811
v 0.419397 0.583446 -0.432285
v 0.435787 0.611028 -0.409433
v 0.458821 0.652171 -0.377318
v 0.463906 0.641337 -0.370228
v 0.452608 0.620694 -0.385980
v 0.415227 0.544670 -0.438099
v 0.419080 0.553178 -0.432727
v 0.435024 0.586855 -0.410498
v 0.425720 0.584111 -0.423469
v 0.438424 0.610348 -0.405756
v 0.439248 0.595381 -0.404607
v 0.406728 0.546792 -0.449949
v 0.405206 0.545867 -0.452071
v 0.402137 0.543744 -0.456350
v 0.405461 0.525501 -0.451715
v 0.458141 0.653194 -0.378266
v 0.458844 0.654403 -0.377286
v 0.478151 0.687587 -0.350368
v 0.501498 0.623178 -0.317816
v 0.505968 0.630650 -0.311583
v 0.517257 0.651875 -0.295844
v 0.532918 0.772075 -0.274008
v 0.537056 0.767273 -0.268239
v 0.465669 0.604688 -0.367770
v 0.478037 0.631092 -0.350526
v 0.466160 0.599134 -0.367086
v 0.478137 0.631230 -0.350386
v 0.491862 0.626555 -0.331251
v 0.485994 0.704374 -0.339432
v 0.483318 0.699011 -0.343163
v 0.486704 0.703943 -0.338442
v 0.526171 0.741901 -0.283415
v 0.538185 0.761202 -0.266665
v 0.329137 0.332129 -0.558130
v 0.326800 0.332916 -0.561388
v 0.327384 0.335227 -0.560574
vn -0.0020 -0.9982 -0.0601
vn -0.0000 -0.9981 -0.0610
vn -0.0000 -0.9981 -0.0611
vn 0.0170 -0.9997 -0.0199
vn -0.0003 -0.9981 -0.0612
vn 0.0003 -0.9982 -0.0608
vn -0.0001 -0.9981 -0.0614
vn -0.0000 -0.9981 -0.0609
vn 0.0004 -0.9980 -0.0625
vn -0.0001 -0.9982 -0.0607
vn 0.0001 -0.9981 -0.0609
vn 0.0003 -0.9981 -0.0610
vn 0.0002 -0.9981 -0.0611
vn 0.0001 -0.9981 -0.0613
vn -0.0002 -0.9981 -0.0613
vn -0.0001 -0.9981 -0.0616
vn 0.0001 -0.9982 -0.0607
vn -0.0000 -0.9981 -0.0612
vn 0.0006 -0.9983 -0.0580
vn 0.0001 -0.9981 -0.0608
vn 0.0001 -0.9981 -0.0611
vn -0.0156 -0.9966 -0.0809
vn -0.0000 -0.9982 -0.0608
vn -0.4925 -0.0000 -0.8703
vn -0.4926 0.0001 -0.8703
vn -0.4924 -0.0000 -0.8704
vn -0.4926 -0.0000 -0.8703
vn -0.4923 -0.0000 -0.8704
vn -0.4926 0.0001 -0.8702
vn -0.4927 0.0001 -0.8702
vn -0.4937 -0.0004 -0.8696
vn -0.4924 -0.0000 -0.8703
vn -0.4926 -0.0017 -0.8703
vn -0.4926 -0.0003 -0.8702
vn -0.4923 -0.0001 -0.8704
vn -0.4925 -0.0003 -0.8703
vn -0.4921 -0.0005 -0.8705
vn -0.4925 -0.0001 -0.8703
vn -0.4923 -0.0002 -0.8704
vn -0.4940 0.0011 -0.8695
vn -0.4928 0.0001 -0.8701
vn -0.4922 -0.0001 -0.8705
vn -0.4924 -0.0001 -0.8704
vn -0.4922 -0.0000 -0.8705
vn -0.4926 -0.0000 -0.8702
vn -0.4925 -0.0002 -0.8703
vn -0.4927 0.0003 -0.8702
vn -0.7071 -0.0000 0.7071
vn -0.7071 0.0001 0.7071
vn -0.7064 -0.0013 0.7078
vn -0.7071 -0.0001 0.7071
vn -0.7072 -0.0000 0.7071
vn -0.7071 -0.0003 0.7071
vn -0.7072 -0.0002 0.7070
vn -0.7070 -0.0000 0.7072
vn -0.7071 -0.0001 0.7072
vn -0.7071 0.0002 0.7071
vn -0.7072 -0.0034 0.7070
vn -0.7071 0.0011 0.7071
vn -0.7070 -0.0040 0.7072
vn -0.7071 -0.0000 0.7072
vn -0.7072 0.0004 0.7070
vn -0.7072 -0.0000 0.7070
vn -0.7070 -0.0001 0.7072
vn -0.7072 0.0001 0.7070
vn -0.7070 -0.0006 0.7072
vn 0.5179 -0.0000 0.8555
vn 0.5176 -0.0000 0.8556
vn 0.5177 -0.0000 0.8555
vn 0.5177 -0.0000 0.8556
vn 0.5182 -0.0000 0.8553
vn 0.5170 0.0001 0.8560
vn 0.5178 -0.0000 0.8555
vn 0.5183 -0.0004 0.8552
vn 0.5182 0.0002 0.8553
vn 0.5180 -0.0000 0.8554
vn 0.5169 -0.0001 0.8561
vn 0.5170 -0.0001 0.8560
vn -0.5192 -0.0000 -0.8547
vn 0.5181 -0.0001 0.8553
vn 0.5174 0.0001 0.8557
vn 0.5223 -0.0000 0.8527
vn 0.5178 -0.0001 0.8555
vn 0.5175 0.0001 0.8557
vn 0.5173 -0.0000 0.8558
vn 0.5172 -0.0000 0.8559
vn 0.8126 -0.0000 -0.5828
vn 0.8126 0.0001 -0.5828
vn 0.8126 -0.0002 -0.5828
vn 0.8125 0.0005 -0.5830
vn 0.8126 -0.0001 -0.5828
vn 0.8126 -0.0002 -0.5829
vn 0.8129 -0.0001 -0.5824
vn 0.8127 -0.0000 -0.5827
vn 0.8120 0.0004 -0.5836
vn 0.8126 -0.0001 -0.5829
vn 0.8127 -0.0002 -0.5826
vn 0.8125 0.0002 -0.5829
vn 0.8126 -0.0000 -0.5829
vn 0.8125 0.0012 -0.5830
vn 0.8127 -0.0001 -0.5827
vn 0.8132 0.0002 -0.5820
vn 0.8125 -0.0000 -0.5830
vn -0.7093 0.3152 0.6305
vn 0.8128 0.0001 -0.5826
vn 0.8126 0.0004 -0.5828
vn 0.8125 0.0001 -0.5829
vn 0.3675 0.9168 -0.1561
vn -0.3777 0.9223 -0.0821
vn -0.1665 0.9747 -0.1488
vn 0.8388 0.5352 -0.0997
vn 0.7050 0.7038 0.0877
vn 0.4913 0.8651 0.1011
vn 0.7700 0.6141 -0.1731
vn 0.6791 0.5811 -0.4484
vn 0.7601 0.2402 -0.6038
vn 0.8408 0.3404 -0.4209
vn 0.6082 0.5306 -0.5905
vn 0.5456 0.5856 -0.5995
vn 0.0636 0.4948 -0.8667
vn -0.0345 0.5711 -0.8201
vn -0.0571 0.6787 -0.7322
vn -0.1142 0.6890 -0.7157
vn 0.8446 0.5034 -0.1823
vn 0.8411 0.5147 -0.1661
vn 0.8412 0.5147 -0.1661
vn -0.0466 -0.7212 -0.6912
vn -0.0507 -0.5568 -0.8291
vn -0.3100 -0.5869 -0.7479
vn 0.7961 0.5977 -0.0949
vn 0.7067 -0.3515 0.6141
vn 0.9700 -0.2345 0.0646
vn 0.9570 -0.2782 -0.0816
vn 0.9600 -0.1204 -0.2527
vn 0.9536 0.1739 -0.2458
vn 0.9492 -0.0045 -0.3145
vn 0.6174 -0.7167 -0.3245
vn 0.5332 -0.8133 -0.2327
vn 0.8003 0.5658 -0.1985
vn 0.7221 0.6523 -0.2305
vn 0.8252 0.5415 -0.1603
vn 0.7955 0.5918 -0.1302
vn -0.6049 0.7938 0.0641
vn -0.3726 0.8715 0.3190
vn 0.5739 0.7045 0.4175
vn 0.0047 0.7914 -0.6112
vn 0.1247 0.7565 -0.6420
vn 0.8336 0.4951 -0.2449
vn 0.8097 0.5376 -0.2352
vn 0.7706 0.1052 -0.6286
vn 0.9844 -0.1552 0.0831
vn 0.8223 -0.5377 0.1862
vn 0.5957 -0.7777 -0.2009
vn 0.5282 -0.1745 -0.8310
vn 0.8667 0.4793 -0.1380
vn 0.8135 0.5647 -0.1391
vn 0.2765 0.4418 -0.8534
vn 0.1305 0.4636 -0.8764
vn 0.5724 -0.2498 -0.7810
vn 0.8052 -0.1384 -0.5767
vn 0.7589 -0.0100 0.6511
vn 0.9095 0.0858 0.4067
vn 0.9380 -0.0293 0.3453
vn 0.8659 -0.1440 0.4790
vn 0.8664 0.0885 0.4915
vn 0.8627 0.0914 0.4974
vn 0.3682 0.8233 0.4320
vn 0.3407 0.8337 0.4346
vn 0.7953 0.6018 -0.0737
vn 0.2462 0.8203 0.5162
vn 0.9574 0.2872 -0.0284
vn 0.9827 0.0527 0.1774
vn 0.9856 0.0247 0.1672
vn 0.8190 0.5511 -0.1594
vn 0.6328 -0.6829 -0.3649
vn 0.4959 -0.7718 -0.3980
vn 0.8221 0.4821 -0.3028
vn 0.9880 0.0671 -0.1392
vn 0.7867 0.6060 -0.1175
vn 0.8325 0.5513 -0.0552
vn 0.1517 0.9403 0.3046
vn 0.3911 0.8436 0.3679
vn 0.1587 0.8241 0.5438
vn 0.1896 0.8350 0.5165
vn 0.8341 0.5269 -0.1633
vn 0.8097 0.5688 -0.1444
vn 0.7958 0.5757 -0.1876
vn 0.7650 0.6207 -0.1717
vn 0.6294 0.7365 -0.2478
vn 0.0553 0.8897 0.4532
vn 0.0580 0.8925 0.4473
vn -0.0597 0.8683 0.4924
vn 0.7342 0.6298 -0.2537
vn 0.7342 0.6297 -0.2538
vn 0.7271 -0.3376 -0.5978
vn 0.4747 -0.5502 -0.6870
vn 0.4575 -0.4307 -0.7780
vn 0.4039 -0.4226 -0.8114
vn 0.7653 0.5601 -0.3172
vn 0.7883 0.5327 -0.3080
vn 0.7777 0.5526 -0.2996
vn 0.4409 -0.1732 -0.8807
vn 0.5385 0.7664 0.3503
vn 0.5382 0.7666 0.3503
vn 0.1007 -0.9037 -0.4161
vn 0.1534 -0.7456 -0.6485
vn -0.7046 -0.6749 0.2190
vn -0.7059 -0.6714 0.2259
vn -0.6297 -0.7258 0.2771
vn -0.6487 -0.6845 0.3326
vn 0.7394 0.5927 -0.3194
vn 0.6371 -0.4891 -0.5958
vn 0.5406 -0.6909 -0.4800
vn 0.6412 0.7166 -0.2747
vn 0.7167 0.6388 -0.2797
vn -0.7893 0.1657 0.5912
vn -0.7472 0.2714 0.6066
vn -0.7894 0.1657 0.5912
vn -0.7835 0.0595 0.6186
vn -0.7501 0.1091 0.6522
vn -0.7531 0.1370 0.6434
vn -0.6695 0.2361 0.7042
vn -0.6238 0.3186 0.7137
vn -0.6149 0.3223 0.7197
vn -0.8174 0.4572 0.3506
vn -0.9357 -0.3004 0.1850
vn -0.7551 -0.0202 -0.6553
vn -0.6928 -0.0981 -0.7144
vn -0.7104 -0.1522 -0.6871
vn 0.5524 0.7792 -0.2961
vn 0.9225 -0.2914 -0.2530
vn -0.0684 0.9933 0.0930
vn 0.1466 0.9795 0.1381
vn -0.0540 0.7547 0.6539
vn -0.1272 0.7020 0.7007
vn -0.4026 -0.9146 -0.0377
vn -0.2166 -0.7309 -0.6471
vn 0.1554 -0.9797 0.1267
vn -0.5646 -0.8203 0.0911
vn 0.4249 -0.8616 -0.2776
vn 0.4249 -0.8616 -0.2777
vn -0.0749 -0.6789 -0.7304
vn 0.0299 -0.5504 -0.8344
vn 0.0298 -0.5504 -0.8343
vn 0.3633 0.7586 0.5409
vn 0.9108 0.3650 0.1929
vn 0.8848 0.4602 0.0723
vn -0.0276 0.2794 -0.9598
vn 0.1693 0.5629 -0.8090
vn 0.8275 0.5586 0.0573
vn 0.8308 0.5538 0.0554
vn -0.3361 0.8616 -0.3803
vn -0.4044 0.8871 -0.2227
vn 0.9207 0.3592 -0.1524
vn 0.9203 0.3199 -0.2251
vn 0.8613 0.3500 -0.3682
vn -0.3986 0.7530 -0.5235
vn -0.3981 0.7536 -0.5230
vn 0.3266 0.3500 -0.8780
vn 0.7931 0.5237 -0.3111
vn 0.7898 0.5318 -0.3057
vn 0.3658 0.3443 -0.8647
vn 0.4599 0.1152 -0.8804
vn 0.7959 0.2139 -0.5664
vn -0.1332 -0.1452 -0.9804
vn -0.1100 -0.0319 -0.9934
vn 0.8589 0.5069 -0.0731
vn 0.8398 0.5203 -0.1548
vn 0.8566 0.5019 -0.1195
vn -0.2222 0.9684 0.1130
vn -0.0662 0.9857 0.1548
vn 0.7666 0.6414 0.0308
vn 0.7521 0.6179 0.2292
vn 0.7080 0.6424 0.2935
vn 0.4902 0.8705 0.0431
vn -0.4814 -0.8240 0.2987
vn 0.5878 0.3690 0.7200
vn 0.3304 0.7679 0.5488
vn 0.4562 0.7702 0.4457
vn -0.4757 0.7501 0.4594
vn 0.8446 0.5320 0.0600
vn 0.9490 -0.2814 -0.1421
vn 0.7867 -0.3787 -0.4876
vn 0.8110 0.5823 0.0572
vn 0.8494 0.4571 -0.2637
vn -0.4542 0.7896 -0.4127
vn -0.2972 0.8215 -0.4867
vn -0.2138 0.7839 -0.5829
vn -0.3434 0.6881 -0.6392
vn 0.3560 -0.1122 -0.9277
vn 0.3565 -0.1109 -0.9277
vn 0.8406 0.5185 -0.1566
vn 0.8557 0.5059 -0.1090
vn 0.8552 0.5055 -0.1141
vn 0.8448 0.5248 -0.1042
vn 0.8284 0.1852 -0.5286
vn 0.2675 -0.1501 -0.9518
vn 0.6776 0.5600 -0.4767
vn -0.0515 0.6264 -0.7778
vn 0.9334 0.1375 0.3316
vn 0.9373 0.1682 0.3053
vn 0.9747 -0.2146 0.0622
vn 0.8286 0.5511 -0.0983
vn 0.8243 0.5546 -0.1137
vn 0.9026 -0.3918 0.1784
vn 0.8910 -0.4189 0.1750
vn 0.9584 0.0512 -0.2806
vn 0.7415 0.5988 -0.3027
vn 0.8185 0.0753 -0.5696
vn 0.8983 0.1725 -0.4042
vn 0.8650 0.1014 -0.4915
vn 0.4682 0.5125 -0.7198
vn -0.7771 -0.3397 -0.5299
vn -0.7862 -0.3317 -0.5214
vn -0.8631 -0.3497 -0.3643
vn -0.9961 -0.0672 0.0566
vn -0.9945 -0.0924 0.0487
vn -0.9945 -0.0923 0.0487
vn -0.9958 0.0824 0.0391
vn -0.7445 -0.6583 0.1111
vn -0.7752 -0.5897 0.2265
vn 0.6951 -0.6945 -0.1859
vn 0.7676 0.6258 -0.1381
vn 0.7675 0.6263 -0.1369
vn -0.4328 0.5377 -0.7236
vn 0.2486 0.8321 -0.4958
vn 0.4925 0.5887 -0.6410
vn 0.8389 0.5430 -0.0375
vn 0.8281 0.5600 -0.0237
vn 0.6502 0.6484 0.3961
vn 0.6466 0.6440 0.4089
vn 0.0301 0.6608 0.7500
vn 0.1176 0.8882 0.4442
vn -0.5232 0.8496 0.0661
vn 0.7651 0.6275 -0.1444
vn 0.7743 0.6126 -0.1585
vn 0.6319 -0.6865 -0.3599
vn 0.6411 -0.6979 -0.3192
vn 0.8140 0.5650 -0.1350
vn 0.8004 0.5790 -0.1554
vn 0.7992 0.5825 -0.1486
vn 0.7756 0.6033 -0.1853
vn 0.1608 0.9780 0.1326
vn -0.0642 0.9890 0.1332
vn -0.5584 0.8075 0.1900
vn -0.4109 0.8814 0.2330
vn -0.4236 0.8703 0.2512
vn 0.9285 0.3499 -0.1246
vn 0.7644 0.6195 -0.1784
vn 0.1325 -0.8406 -0.5252
vn 0.0184 -0.8720 -0.4892
vn -0.3892 -0.9060 -0.1664
vn -0.3722 -0.9085 -0.1899
vn -0.7573 -0.5810 0.2982
vn -0.8737 -0.1061 0.4748
vn 0.1647 0.9540 0.2504
vn 0.1396 0.9475 0.2878
vn 0.5381 0.8349 -0.1156
vn 0.7602 0.5982 -0.2535
vn 0.8213 0.1126 -0.5593
vn 0.8191 0.0649 -0.5700
vn 0.6738 -0.2961 -0.6770
vn 0.6264 -0.3988 -0.6697
vn 0.6120 -0.4342 -0.6610
vn 0.5733 -0.4635 -0.6756
vn 0.6109 -0.3809 -0.6940
vn 0.5166 -0.3905 -0.7620
vn 0.8178 0.3567 -0.4517
vn 0.8564 0.1198 -0.5023
vn 0.8287 0.1002 -0.5507
vn 0.7483 0.6621 -0.0421
vn 0.6764 0.7305 0.0941
vn 0.6608 0.7434 -0.1035
vn 0.2291 0.9206 0.3162
vn 0.1773 0.9523 0.2483
vn 0.6913 0.7028 -0.1680
vn 0.8414 0.3305 -0.4275
vn 0.8177 0.0706 -0.5713
vn 0.7969 0.4558 -0.3965
vn -0.0903 0.9100 0.4046
vn -0.0682 0.9201 0.3856
vn -0.4593 -0.8529 -0.2481
vn 0.1252 -0.7992 -0.5879
vn -0.0289 -0.8342 -0.5506
vn -0.1512 -0.7542 -0.6390
vn -0.6719 -0.6675 -0.3210
vn -0.7400 -0.6724 0.0179
vn -0.8389 -0.5319 0.1151
vn -0.4523 -0.8069 0.3800
vn -0.7321 -0.6805 0.0295
vn 0.3491 -0.8593 -0.3738
vn 0.4244 -0.8314 -0.3586
vn -0.8270 -0.5411 0.1526
vn -0.6602 -0.7036 0.2627
vn -0.7975 -0.5851 0.1473
vn -0.8433 -0.5215 0.1299
vn -0.8325 -0.5347 0.1452
vn -0.8245 -0.5429 0.1593
vn -0.8311 -0.5406 0.1305
vn -0.8277 -0.5261 0.1954
vn -0.8284 -0.5204 0.2071
vn -0.7041 0.5796 -0.4102
vn -0.7448 0.4921 -0.4508
vn -0.7448 0.4920 -0.4508
vn -0.6018 -0.0693 -0.7957
vn -0.4971 -0.4456 -0.7445
vn 0.7917 -0.3732 0.4837
vn 0.7203 -0.1149 0.6840
vn 0.7332 -0.0490 0.6782
vn 0.9157 -0.2765 0.2918
vn 0.8927 0.2458 0.3777
vn 0.8855 0.1999 0.4193
vn 0.8938 0.3976 0.2074
vn 0.2978 0.1290 0.9459
vn 0.2072 -0.3039 -0.9299
vn 0.8809 0.4041 0.2464
vn 0.9106 0.3485 0.2222
vn 0.3100 0.1252 0.9425
vn 0.6453 -0.0039 0.7639
vn 0.9463 0.3178 0.0594
vn -0.6633 -0.6157 -0.4254
vn 0.9757 0.0509 0.2129
vn 0.9744 0.0428 0.2208
vn 0.9382 -0.2145 0.2717
vn 0.9733 -0.1952 0.1209
vn 0.9470 -0.3120 -0.0763
vn 0.8814 -0.4637 -0.0895
vn -0.3228 0.1319 -0.9372
vn 0.5832 -0.8086 -0.0783
vn 0.5993 -0.7958 -0.0864
vn 0.6793 -0.7330 -0.0350
vn -0.1416 0.6264 0.7665
vn -0.1409 0.9872 0.0752
vn -0.2733 0.9590 0.0752
vn 0.7945 0.4150 0.4433
vn 0.4962 0.6422 0.5843
vn 0.7659 0.5488 0.3350
vn 0.8352 0.5444 0.0780
vn 0.9050 0.4254 0.0012
vn 0.5251 0.7854 -0.3277
vn 0.5758 0.6992 -0.4237
vn 0.7021 0.5480 -0.4548
vn 0.3928 0.6279 -0.6719
vn 0.5291 0.8335 -0.1589
vn -0.6159 0.7355 -0.2824
vn -0.7424 0.5130 0.4308
vn -0.3584 0.7883 0.5001
vn -0.4228 0.8623 0.2788
vn -0.6368 0.3902 -0.6650
vn -0.7824 -0.0722 -0.6186
vn -0.4337 -0.5605 -0.7055
vn -0.0675 -0.6134 -0.7869
vn -0.9172 0.3726 -0.1408
vn -0.7408 0.2414 -0.6269
vn -0.9945 0.0792 -0.0692
vn -0.9744 -0.0578 -0.2171
vn -0.8979 -0.3325 -0.2884
vn 0.0056 -0.0880 -0.9961
vn -0.3718 0.1989 -0.9068
vn -0.0802 0.9965 -0.0252
vn -0.5680 0.6929 -0.4441
vn -0.1729 0.1554 -0.9726
vn -0.9928 0.0222 -0.1179
vn -0.9934 0.0058 -0.1144
vn -0.9972 0.0071 -0.0750
vn -0.9961 0.0209 -0.0853
vn -0.9962 -0.0660 -0.0560
vn -0.9972 -0.0626 -0.0417
vn -0.9973 -0.0597 -0.0432
vn -0.9495 -0.3117 -0.0352
vn -0.9963 -0.0857 -0.0062
vn -0.6440 0.7562 -0.1160
vn -0.6094 0.7773 -0.1565
vn -0.9948 0.0537 -0.0865
vn -0.9931 0.0844 -0.0811
vn -0.7405 -0.6540 0.1549
vn -0.8443 -0.5295 0.0820
vn 0.6603 0.7222 -0.2060
vn 0.9161 0.3867 -0.1060
vn -0.0433 -0.9966 0.0695
vn -0.9885 -0.1475 -0.0335
vn -0.4320 -0.9013 -0.0313
vn 0.0171 -0.9851 -0.1709
vn -0.8519 -0.5201 -0.0615
vn -0.9362 -0.3269 -0.1292
vn -0.5980 -0.7828 -0.1720
vn -0.5058 -0.8167 -0.2777
vn -0.7222 -0.5747 -0.3848
vn -0.4168 -0.4530 -0.7881
vn -0.2646 -0.5038 -0.8223
vn 0.3764 -0.4276 -0.8219
vn 0.8255 -0.2859 -0.4866
vn 0.7210 0.6720 -0.1690
vn 0.6279 0.7536 0.1946
vn 0.7631 0.5884 0.2673
vn 0.9114 0.4114 0.0027
vn 0.9857 0.1200 0.1181
vn 0.5730 0.1203 -0.8107
vn 0.4031 0.5272 -0.7481
vn 0.3956 0.5584 -0.7292
vn -0.8646 0.4811 -0.1453
vn -0.8748 0.4301 -0.2232
vn -0.8521 0.4743 -0.2213
vn -0.5672 0.6503 -0.5054
vn -0.9981 0.0554 -0.0288
vn -0.8629 0.4502 -0.2297
vn -0.8544 0.4456 -0.2673
vn -0.9252 -0.0422 -0.3771
vn -0.9006 -0.1278 -0.4153
vn -0.9226 0.1272 -0.3642
vn -0.4843 0.8685 -0.1061
vn -0.3851 0.9228 0.0091
vn -0.9754 0.0039 -0.2204
vn -0.9842 -0.1307 -0.1192
vn -0.8918 0.4139 -0.1828
vn -0.7320 -0.6699 0.1242
vn -0.8037 -0.5851 0.1082
vn -0.5598 -0.6384 0.5282
vn -0.7226 -0.4576 0.5181
vn -0.3566 -0.1795 0.9169
vn 0.0380 -0.6323 0.7738
vn 0.5400 -0.4727 0.6964
vn 0.6506 -0.0975 0.7531
vn 0.7653 -0.6054 0.2188
vn 0.9045 -0.3925 -0.1670
vn 0.8609 -0.4668 0.2022
vn 0.7543 -0.5775 0.3123
vn 0.6870 -0.6639 0.2956
vn 0.7509 -0.5744 0.3259
vn 0.8322 -0.2999 0.4664
vn 0.6984 -0.6892 0.1931
vn 0.7132 -0.6649 0.2222
vn 0.8025 -0.5138 0.3034
vn 0.7976 -0.5532 0.2406
vn 0.8422 -0.4556 0.2885
vn 0.8266 -0.4818 0.2910
vn 0.8481 -0.0029 0.5298
vn 0.8940 0.2813 0.3488
vn 0.8644 -0.3028 0.4014
vn 0.5703 -0.8016 0.1793
vn 0.7445 -0.6627 -0.0814
vn 0.8275 -0.5206 0.2100
vn 0.8282 -0.5190 0.2114
vn 0.8626 -0.4888 0.1300
vn 0.5504 -0.8223 0.1447
vn 0.8213 -0.5674 0.0603
vn 0.4258 -0.2323 -0.8745
vn 0.6588 0.2155 -0.7208
vn 0.6463 0.2117 -0.7331
vn 0.8623 -0.4868 0.1393
vn 0.8683 -0.4739 0.1467
vn 0.8620 -0.4606 0.2117
vn 0.9846 0.0039 0.1746
vn 0.9673 -0.1351 0.2146
vn 0.0283 -0.4178 -0.9081
vn 0.8358 -0.3929 0.3836
vn 0.8652 -0.3791 0.3282
vn 0.7748 -0.5947 0.2147
vn 0.4732 0.6022 0.6429
vn 0.8357 -0.5348 0.1252
vn 0.8312 -0.5198 0.1971
vn 0.8243 -0.5286 0.2028
vn -0.5034 -0.8074 -0.3076
vn 0.8485 -0.5143 0.1244
vn -0.5152 -0.6205 -0.5912
vn 0.6371 0.2645 -0.7240
vn 0.6578 -0.0932 -0.7474
vn 0.6667 -0.0919 -0.7397
vn 0.6782 -0.5875 -0.4415
vn 0.7717 0.0363 -0.6349
vn 0.9257 0.1543 -0.3454
vn 0.0812 0.8620 0.5004
vn 0.1361 0.9505 0.2794
vn 0.2673 0.9084 0.3215
vn 0.9371 -0.0791 -0.3399
vn 0.9322 -0.1304 -0.3377
vn 0.9660 -0.1782 -0.1872
vn 0.1717 0.8962 -0.4090
vn 0.7214 -0.4689 0.5096
vn 0.9752 -0.1950 -0.1050
vn 0.9661 -0.2299 -0.1173
vn 0.9677 -0.1454 -0.2060
vn 0.9657 -0.1412 -0.2179
vn 0.7039 0.4794 0.5242
vn 0.6444 -0.7577 0.1034
vn 0.8898 -0.4544 0.0422
vn 0.7809 -0.5209 0.3448
vn 0.8947 0.2110 -0.3938
vn 0.9579 -0.0531 -0.2823
vn 0.9632 -0.0157 -0.2683
vn 0.9501 0.0646 -0.3051
vn 0.8183 -0.1080 -0.5646
vn -0.0863 0.3775 -0.9220
vn -0.2329 -0.2985 -0.9256
vn -0.0583 0.0352 -0.9977
vn 0.1201 0.0131 -0.9927
vn 0.3765 0.8026 -0.4626
vn 0.4815 0.7706 -0.4174
vn 0.3887 0.8956 0.2164
vn 0.2224 -0.7971 -0.5615
vn 0.1787 -0.1836 -0.9666
vn 0.8400 0.4709 -0.2694
vn 0.9476 0.0777 -0.3099
vn 0.8962 0.0559 -0.4401
vn 0.4497 0.8739 -0.1847
vn 0.5824 0.4537 -0.6744
vn 0.6772 0.6434 -0.3570
vn 0.8053 -0.3417 -0.4846
vn 0.9182 0.1393 -0.3707
vn 0.8514 0.2449 -0.4638
vn 0.4337 -0.1922 -0.8803
vn 0.3671 -0.1095 -0.9237
vn -0.1633 -0.0958 -0.9819
vn 0.0363 -0.1763 -0.9837
vn 0.0286 -0.3793 -0.9248
vn 0.0951 -0.3760 -0.9217
vn -0.0179 -0.4769 -0.8788
vn -0.0055 -0.2727 -0.9621
vn -0.2988 0.9085 0.2921
vn -0.0663 0.9926 0.1021
vn -0.0671 0.9732 0.2198
vn -0.3738 0.9250 0.0684
vn -0.3072 0.9511 0.0326
vn -0.3936 0.9192 -0.0062
vn -0.8627 0.5052 -0.0211
vn -0.9396 0.3359 -0.0663
vn -0.9967 0.0755 -0.0286
vn -0.8478 -0.5230 -0.0877
vn -0.9262 -0.3644 -0.0965
vn -0.9980 -0.0395 -0.0502
vn -0.9974 -0.0446 -0.0567
vn -0.9962 -0.0263 -0.0832
vn 0.9370 0.3446 -0.0572
vn 0.9977 0.0373 -0.0574
vn 0.7932 -0.6078 0.0374
vn 0.8993 -0.4373 -0.0101
vn -0.4408 -0.8448 -0.3035
vn -0.6499 -0.7307 -0.2089
vn -0.2055 -0.7295 -0.6524
vn -0.6518 -0.6210 -0.4352
vn -0.8436 -0.3315 -0.4225
vn 0.2047 -0.5092 -0.8359
vn 0.1866 -0.3376 -0.9226
vn 0.4973 -0.3805 -0.7797
vn 0.8426 -0.1489 -0.5175
vn 0.9763 -0.0829 -0.1997
vn 0.4274 0.8709 -0.2427
vn 0.5550 0.8196 -0.1423
vn 0.9975 0.0136 -0.0698
vn 0.9379 -0.2323 -0.2577
vn 0.6353 0.0895 -0.7671
vn 0.0542 -0.5890 -0.8063
vn -0.0395 -0.4595 -0.8873
vn -0.1076 0.9167 -0.3849
vn -0.4027 0.8878 -0.2227
vn -0.3958 0.8858 -0.2424
vn -0.4776 0.8589 -0.1850
vn -0.8940 0.4414 -0.0765
vn -0.4969 0.6450 -0.5806
vn -0.5432 -0.1592 -0.8244
vn -0.7723 0.0878 -0.6292
vn -0.3635 0.6937 -0.6218
vn -0.3973 0.7401 -0.5426
vn -0.4083 0.6978 -0.5886
vn -0.0723 0.0315 -0.9969
vn 0.0985 0.0064 -0.9951
vn 0.0831 0.9520 -0.2945
vn 0.1491 0.9251 -0.3492
vn 0.1726 0.9221 -0.3463
vn 0.1973 0.9641 -0.1780
vn -0.2348 0.9136 0.3318
vn -0.6084 0.7683 0.1991
vn -0.9427 0.1102 -0.3151
vn -0.9431 -0.0627 -0.3265
vn -0.9575 -0.0769 -0.2778
vn -0.9684 -0.1092 -0.2242
vn -0.5383 -0.6602 -0.5237
vn -0.0672 0.2864 0.9558
vn -0.9810 -0.1044 -0.1636
vn -0.9813 -0.1559 -0.1125
vn -0.6725 -0.0789 0.7358
vn -0.5156 -0.1772 0.8383
vn -0.3329 -0.8772 0.3458
vn -0.3219 -0.8780 0.3542
vn -0.9518 -0.2656 -0.1532
vn -1.0000 -0.0038 0.0092
vn -0.7213 -0.3908 0.5719
vn -0.5807 0.8118 -0.0616
vn -0.9679 0.1454 -0.2048
vn -0.7514 0.0709 -0.6561
vn -0.5514 0.8190 -0.1587
vn -0.8952 -0.3977 0.2011
vn -0.9188 0.0040 -0.3947
vn -0.7921 0.2968 -0.5333
vn -0.6120 0.4154 -0.6730
vn -0.0061 0.7052 -0.7090
vn 0.3717 0.8204 -0.4346
vn 0.3598 0.8334 -0.4195
vn 0.2238 0.0161 -0.9745
vn 0.0178 0.3512 -0.9361
vn -0.5566 0.3737 -0.7420
vn 0.0609 0.8653 -0.4976
vn 0.1249 0.6986 -0.7045
vn 0.1739 0.6226 -0.7629
vn 0.1337 -0.0608 -0.9892
vn -0.3837 0.7132 -0.5866
vn -0.6799 0.1268 -0.7222
vn 0.0897 0.6176 -0.7814
vn 0.0222 0.4560 -0.8897
vn -0.4298 0.1679 -0.8872
vn -0.8218 -0.0086 -0.5697
vn -0.8833 0.0072 -0.4687
vn -0.4552 0.7724 -0.4429
vn -0.7573 -0.2081 0.6190
vn -0.9480 -0.1158 -0.2963
vn -0.9725 -0.0449 -0.2285
vn -0.9425 -0.0336 -0.3326
vn 0.0632 -0.1037 -0.9926
vn -0.7411 -0.4450 0.5027
vn -0.7085 -0.4704 0.5261
vn -0.9380 -0.3129 -0.1489
vn -0.9302 -0.3173 -0.1843
vn -0.8759 -0.4546 -0.1617
vn -0.8500 -0.4987 -0.1696
vn -0.9122 0.0442 -0.4073
vn -0.7154 -0.5339 0.4509
vn -0.5895 -0.7142 0.3774
vn -0.6374 -0.5893 0.4964
vn -0.1640 -0.6821 0.7126
vn -0.1019 -0.8426 0.5289
vn -0.0701 -0.5621 0.8241
vn -0.4327 -0.4292 0.7928
vn -0.9546 -0.1426 0.2614
vn -0.8615 -0.4017 0.3106
vn -0.6739 -0.5339 0.5108
vn -0.8517 -0.3675 0.3736
vn -0.6118 -0.2393 -0.7540
vn -0.3909 0.1281 -0.9115
vn -0.3773 -0.5938 -0.7106
vn -0.5234 -0.5582 -0.6438
vn -0.5222 -0.5555 -0.6471
vn -0.3948 -0.7046 -0.5896
vn -0.4510 -0.7156 -0.5335
vn -0.6191 -0.5885 -0.5201
vn -0.4995 -0.5794 -0.6441
vn -0.7186 -0.4145 -0.5584
vn -0.8231 0.1076 -0.5577
vn -0.8464 -0.0436 -0.5308
vn -0.7217 -0.1638 -0.6725
vn -0.7235 -0.1662 -0.6701
vn -0.7446 0.3275 -0.5816
vn -0.8509 0.0207 -0.5250
vn -0.7153 0.0396 -0.6977
vn -0.6988 0.0619 -0.7126
vn -0.9618 -0.1933 0.1940
vn -0.9719 -0.1375 0.1913
vn -0.9834 -0.0890 0.1580
vn -0.9559 -0.0828 0.2817
vn -0.0282 -0.9601 0.2782
vn -0.0621 -0.6842 0.7267
vn -0.9971 0.0680 0.0350
vn -0.6147 0.7446 -0.2601
vn -0.6781 0.7319 -0.0677
vn -0.5293 0.8401 0.1187
vn -0.9970 -0.0351 -0.0692
vn -0.9915 0.0425 -0.1228
vn -0.9933 -0.0504 -0.1039
vn 0.0315 0.0557 0.9980
vn -0.1135 -0.9661 0.2318
vn -0.0656 0.1396 0.9880
vn 0.0859 0.6332 0.7692
vn -0.0861 0.8059 0.5858
vn -0.2449 0.7670 0.5931
vn -0.3533 0.6302 0.6914
vn -0.0817 0.8873 0.4539
vn -0.1061 0.9077 0.4059
vn 0.0565 0.9877 -0.1457
vn -0.8512 0.1654 -0.4980
vn -0.6717 0.2471 -0.6984
vn -0.6569 0.2458 -0.7128
vn -0.6898 0.2632 -0.6745
vn -0.3891 0.8979 -0.2058
vn -0.8962 0.2090 -0.3913
vn -0.8121 0.0805 -0.5780
vn -0.9368 -0.1795 -0.3004
vn -0.0545 -0.7496 -0.6596
vn -0.4552 0.7867 -0.4170
vn -0.5440 0.7353 -0.4042
vn -0.8107 0.0128 -0.5853
vn -0.4468 0.7838 -0.4313
vn -0.9981 0.0146 -0.0596
vn -0.9892 0.0612 -0.1334
vn -0.9923 0.0112 -0.1234
vn -0.9951 -0.0260 -0.0950
vn -0.9905 -0.0325 -0.1339
vn -0.9975 0.0027 -0.0710
vn -0.9926 0.0106 -0.1209
vn -0.9944 0.0267 -0.1027
vn -0.9944 0.0110 -0.1054
vn -0.9957 0.0190 -0.0908
vn -0.9909 0.0350 -0.1297
vn -0.8714 -0.3481 -0.3457
vn -0.9249 -0.1384 -0.3541
vn -0.9565 -0.2607 -0.1307
vn -0.9880 0.1215 -0.0950
vn -0.9809 0.1925 -0.0266
vn -0.9655 0.2504 -0.0710
vn -0.0719 -0.0883 -0.9935
vn -0.0980 -0.1036 -0.9898
vn -0.3176 0.4136 -0.8533
vn -0.9579 -0.0920 -0.2720
vn -0.8936 -0.1891 -0.4072
vn -0.9970 -0.0777 -0.0007
vn -0.9792 0.1972 0.0477
vn -0.9155 0.4023 -0.0025
vn -0.5990 0.2291 -0.7673
vn -0.8785 0.4736 0.0635
vn -0.7553 0.6482 0.0971
vn -0.7328 0.6521 -0.1943
vn -0.7785 0.6011 -0.1805
vn -0.8017 -0.2610 -0.5377
vn -0.6554 0.7284 0.1996
vn -0.9955 -0.0091 -0.0939
vn -0.9965 -0.0069 -0.0832
vn -0.3144 0.4309 -0.8459
vn -0.3403 0.4368 -0.8327
vn -0.3601 0.3805 -0.8518
vn -0.9522 0.0708 -0.2971
vn -0.9237 0.3670 -0.1101
vn -0.5251 0.3866 -0.7582
vn -0.5830 0.5003 -0.6402
vn -0.5618 0.5234 -0.6406
vn -0.3634 0.6161 -0.6989
vn -0.3051 0.7280 -0.6140
vn -0.5985 0.5803 -0.5524
vn 0.0355 0.2155 -0.9759
vn 0.0135 0.2611 -0.9652
vn 0.0549 0.5692 -0.8204
vn 0.5354 0.2110 -0.8178
vn 0.2626 -0.1097 -0.9586
vn 0.0331 -0.1262 -0.9914
vn 0.8145 0.5610 -0.1480
vn 0.8226 0.5494 -0.1464
vn -0.0969 0.4724 -0.8760
vn 0.4346 -0.5060 -0.7450
vn 0.8570 0.2211 -0.4655
vn 0.7268 -0.6030 -0.3289
vn 0.7148 -0.2264 -0.6617
vn 0.8691 0.1157 -0.4810
vn 0.7809 0.2495 -0.5727
vn 0.3698 -0.1008 -0.9236
vn 0.3224 -0.2134 -0.9222
vn 0.8435 0.5111 -0.1652
vn 0.8183 0.5403 -0.1961
vn 0.8254 0.5437 -0.1519
vn 0.8310 0.5556 -0.0283
vn 0.8747 0.2971 0.3828
vn 0.8487 0.5142 -0.1233
vn 0.8517 0.4834 -0.2022
vn 0.8418 0.4814 -0.2441
vn 0.8628 0.4637 -0.2013
vn 0.8397 0.5052 -0.1991
vn 0.7530 0.6297 0.1909
vn 0.8687 0.4671 -0.1650
vn 0.8193 0.0293 0.5726
vn 0.4828 -0.1244 0.8668
vn 0.9174 0.3955 0.0432
vn 0.9001 0.4353 -0.0186
vn 0.9054 0.4160 -0.0851
vn 0.8822 0.4539 -0.1255
vn 0.5162 0.8311 -0.2069
vn 0.4507 0.8924 0.0225
vn 0.3357 0.6567 -0.6753
vn 0.8362 0.5205 -0.1727
vn 0.8212 0.5508 -0.1488
vn 0.4146 0.7059 -0.5742
vn 0.8234 0.5476 -0.1491
vn -0.8962 0.0176 -0.4433
vn 0.9814 0.0205 0.1910
vn 0.7690 0.6088 -0.1949
vn 0.0863 0.0855 -0.9926
vn 0.0862 0.0855 -0.9926
vn 0.4462 -0.4554 -0.7704
vn -0.0668 -0.8024 -0.5930
vn -0.1281 -0.8428 -0.5228
vn -0.3737 -0.8392 -0.3952
vn -0.3860 -0.8491 -0.3607
vn -0.6942 -0.7068 -0.1363
vn -0.8951 -0.4305 -0.1161
vn -0.8672 -0.3792 -0.3228
vn -0.9535 0.0942 0.2862
vn -0.9110 -0.3106 0.2712
vn -0.8494 -0.5035 0.1579
vn -0.8137 -0.5049 0.2879
vn -0.8090 -0.3116 0.4984
vn 0.1500 -0.6763 0.7212
vn -0.4450 0.3801 0.8109
vn -0.8156 -0.5680 0.1104
vn -0.8266 -0.5589 0.0655
vn -0.3076 -0.8394 0.4481
vn -0.2677 -0.9108 0.3143
vn 0.1313 -0.7249 0.6762
vn -0.1859 -0.8822 -0.4326
vn -0.1156 -0.7462 -0.6556
vn -0.8505 -0.5234 0.0519
vn -0.5387 -0.1278 -0.8327
vn -0.6525 0.0322 -0.7571
vn -0.8508 0.1884 -0.4906
vn -0.9742 -0.1840 -0.1308
vn -0.7584 -0.6296 0.1689
vn -0.2893 -0.8734 -0.3919
vn -0.1782 -0.9389 -0.2945
vn 0.2174 -0.9559 -0.1974
vn -0.4960 -0.4833 -0.7213
vn -0.7024 -0.6963 -0.1476
vn -0.7953 -0.6037 -0.0544
vn -0.7954 -0.5722 0.1996
vn -0.8676 0.4884 0.0932
vn -0.9171 -0.0164 0.3984
vn -0.8884 -0.2803 0.3637
vn -0.8967 -0.4415 -0.0329
vn -0.8199 -0.5716 0.0324
vn -0.5946 -0.7051 -0.3864
vn -0.5949 -0.7267 -0.3435
vn -0.1315 -0.5724 -0.8094
vn -0.0302 -0.5933 -0.8044
vn -0.8217 -0.5633 0.0867
vn -0.7664 -0.6417 0.0294
vn -0.9754 -0.2192 -0.0246
vn -0.8544 -0.5153 0.0670
vn -0.8343 -0.5408 0.1067
vn -0.8313 -0.5455 0.1066
vn -0.4742 -0.8072 -0.3517
vn 0.7772 0.3927 -0.4917
vn -0.8811 -0.4730 0.0021
vn -0.8710 -0.4891 0.0469
vn -0.8153 -0.5586 0.1528
vn -0.7929 -0.6005 0.1040
vn -0.8000 -0.5916 0.1003
vn -0.3863 -0.8186 0.4251
vn -0.2726 -0.8715 0.4078
vn 0.0040 -0.8082 -0.5889
vn -0.3996 -0.8263 0.3970
vn -0.4335 -0.6900 0.5796
vn -0.9011 -0.2300 -0.3676
vn -0.9007 -0.2240 -0.3722
vn -0.8506 -0.5141 0.1105
vn -0.8443 -0.4882 0.2211
vn -0.8531 -0.4760 0.2136
vn -0.9022 -0.2091 -0.3773
vn -0.9088 -0.2171 -0.3564
vn 0.3054 0.4686 -0.8289
vn 0.3545 0.3442 -0.8694
vn -0.8973 -0.4383 0.0531
vn -0.9016 -0.4294 0.0533
vn -0.9015 -0.4294 0.0533
vn -0.4785 -0.4355 0.7625
vn -0.3838 -0.4389 0.8125
vn -0.8562 -0.4693 0.2160
vn -0.8482 -0.4991 0.1772
vn -0.8692 -0.4454 0.2148
vn -0.8490 -0.4936 0.1885
vn -0.8317 0.0277 0.5545
vn -0.8356 -0.5038 0.2192
vn -0.8499 -0.5103 0.1315
vn -0.8368 -0.5145 0.1871
vn -0.8321 -0.5099 0.2182
vn -0.9285 -0.0230 0.3706
vn -0.8538 0.4209 0.3065
vn -0.9267 0.2790 0.2517
vn -0.9515 0.1582 0.2639
vn -0.6731 -0.4080 -0.6168
vn -0.8346 -0.5450 0.0802
vn -0.8337 -0.5338 0.1415
vn -0.8246 -0.5654 0.0198
vn -0.8244 -0.5633 -0.0553
vn -0.1470 -0.7312 -0.6661
vn -0.6075 0.3793 -0.6980
vn -0.7888 0.1560 -0.5946
vn -0.7869 0.2641 -0.5576
vn -0.6168 -0.7845 -0.0641
vn -0.7407 -0.6655 -0.0926
vn 0.2033 -0.8598 0.4684
vn -0.5845 -0.4445 0.6788
vn -0.7116 -0.3940 0.5817
vn -0.6652 0.6160 -0.4220
vn -0.7754 0.5206 -0.3574
vn -0.8607 0.1190 0.4950
vn -0.8767 -0.2653 0.4014
vn -0.9585 -0.0042 0.2851
vn -0.9821 0.0524 0.1807
vn -0.9812 0.0657 0.1813
vn -0.6316 0.5079 -0.5857
vn -0.7260 0.1970 -0.6589
vn -0.7835 0.1062 -0.6122
vn -0.0048 0.4008 -0.9162
vn -0.4781 -0.0363 -0.8775
vn 0.0861 0.7454 -0.6610
vn 0.1868 0.5317 -0.8261
vn 0.5880 0.5087 -0.6288
vn 0.3073 -0.1256 -0.9433
vn 0.8660 0.2629 -0.4253
vn 0.1911 0.5152 -0.8355
vn -0.0008 0.0441 -0.9990
vn 0.5322 0.2938 -0.7940
vn 0.1683 0.6742 -0.7191
vn -0.5041 -0.1990 -0.8404
vn -0.5055 -0.4697 -0.7238
vn -0.7038 -0.4972 -0.5074
vn -0.5087 0.3090 -0.8036
vn -0.8274 0.2580 -0.4988
vn -0.9313 0.3426 -0.1241
vn -0.5487 0.8354 0.0336
vn -0.3784 0.8985 -0.2224
vn 0.2635 0.9166 0.3006
vn 0.3392 0.9396 -0.0462
vn -0.1163 0.7291 -0.6744
vn 0.6241 0.7677 0.1456
vn -0.3098 0.7260 -0.6140
vn 0.0595 0.8875 -0.4570
vn 0.1054 0.9406 0.3229
vn -0.1466 0.9320 0.3316
vn -0.2038 0.7398 0.6413
vn -0.2694 0.8004 0.5354
vn -0.4114 0.6798 0.6071
vn -0.5270 0.6729 0.5191
vn -0.5270 0.6729 0.5190
vn -0.6574 0.3562 -0.6640
vn -0.6201 0.3832 -0.6846
vn -0.5152 0.5421 -0.6638
vn -0.3412 0.8881 -0.3081
vn -0.1996 0.9261 -0.3203
vn 0.1048 0.7953 -0.5971
vn -0.5123 0.8057 -0.2973
vn -0.4633 0.8861 0.0155
vn -0.7469 0.6612 -0.0701
vn -0.7241 0.6840 -0.0885
vn -0.6626 0.4998 0.5579
vn -0.8900 0.2971 0.3458
vn -0.5855 0.6424 0.4945
vn -0.5621 0.3993 0.7243
vn -0.7965 0.2297 0.5593
vn -0.3931 0.5937 0.7021
vn -0.5341 0.7417 0.4057
vn -0.7244 0.6799 0.1143
vn -0.6471 0.6400 -0.4144
vn -0.6217 0.6453 -0.4439
vn 0.4183 0.0443 0.9072
vn -0.2047 0.1682 0.9643
vn -0.2762 -0.0990 0.9560
vn -0.3469 0.3189 0.8820
vn 0.1011 0.5720 0.8140
vn -0.4852 0.2653 0.8332
vn -0.5529 0.1625 0.8172
vn -0.6596 0.1117 0.7433
vn -0.5683 0.0282 0.8224
vn -0.7223 -0.1290 0.6794
vn 0.1795 -0.0237 0.9835
vn -0.3927 -0.7031 0.5928
vn -0.2419 -0.9473 0.2100
vn -0.8127 -0.3709 0.4495
vn -0.8600 0.2833 0.4244
vn -0.6837 0.4777 0.5517
vn 0.3946 0.2384 0.8874
vn -0.4896 0.7897 -0.3696
vn -0.2509 0.8658 -0.4329
vn 0.1052 0.9713 -0.2133
vn 0.3840 0.8785 0.2842
vn 0.2995 0.8584 0.4164
vn -0.5268 0.8350 -0.1587
vn -0.4291 0.9030 0.0230
vn -0.3897 0.9206 0.0242
vn -0.5930 0.8032 -0.0574
vn -0.7884 0.5171 0.3333
vn -0.8729 0.4518 0.1843
vn -0.7042 0.6990 0.1249
vn -0.2682 0.8147 -0.5141
vn -0.0726 0.9207 0.3834
vn -0.5363 0.5750 0.6179
vn -0.4966 0.5042 0.7065
vn -0.4883 0.5130 0.7060
vn -0.6547 0.4897 0.5758
vn -0.9351 0.2434 0.2577
vn -0.9853 0.1661 0.0406
vn -0.8631 -0.1873 -0.4689
vn -0.9706 0.0436 -0.2368
vn -0.9916 0.1166 -0.0558
vn -0.5580 0.8280 -0.0554
vn -0.3731 0.9157 -0.1492
vn -0.8886 0.4436 -0.1170
vn -0.7410 0.6338 -0.2218
vn -0.7317 0.6652 0.1488
vn -0.7432 0.6608 0.1046
vn -0.9166 -0.0203 -0.3993
vn -0.6525 0.0176 -0.7576
vn -0.5628 0.7871 -0.2525
vn -0.6584 0.7135 -0.2397
vn -0.7709 0.5098 0.3819
vn -0.9984 0.0385 -0.0408
vn -0.9980 0.0490 -0.0390
vn -0.7596 0.2600 -0.5961
vn -0.7026 0.2316 -0.6729
vn 0.3985 0.1750 -0.9003
vn 0.3140 0.5955 -0.7394
vn 0.0766 0.0435 -0.9961
vn 0.1894 0.1064 -0.9761
vn -0.3277 0.3854 -0.8626
vn -0.1271 0.8960 0.4254
vn 0.3671 0.8672 0.3365
vn 0.4272 0.8595 0.2805
vn 0.1284 0.9652 0.2279
vn 0.1413 0.9813 0.1308
vn 0.4685 0.8816 0.0565
vn 0.4271 0.9029 -0.0482
vn 0.5487 0.8328 -0.0735
vn 0.2991 0.9327 -0.2013
vn 0.7743 0.6310 0.0466
vn 0.9252 0.3792 -0.0154
vn 0.9230 0.3838 -0.0288
vn 0.9854 -0.1617 -0.0525
vn 0.9880 -0.1441 -0.0564
vn 0.7849 -0.6151 -0.0748
vn 0.6691 -0.7407 0.0605
vn 0.8592 -0.5097 0.0446
vn 0.9982 -0.0507 -0.0313
vn 0.9983 -0.0507 -0.0301
vn 0.9958 -0.0743 -0.0539
vn 0.9982 -0.0142 -0.0587
vn 0.9577 -0.2667 -0.1079
vn 0.5373 -0.7131 -0.4504
vn 0.7573 -0.6412 -0.1239
vn 0.9973 0.0264 -0.0686
vn 0.9936 0.0018 -0.1128
vn 0.9595 -0.1390 -0.2451
vn 0.9467 -0.1950 -0.2564
vn 0.9098 -0.3886 -0.1458
vn 0.9966 0.0604 -0.0560
vn 0.9637 0.2640 0.0391
vn 0.9629 0.2670 0.0387
vn 0.2969 0.3926 -0.8705
vn 0.7572 0.2525 -0.6024
vn 0.9331 0.3541 -0.0625
vn 0.2391 -0.6220 -0.7456
vn 0.4167 -0.7488 -0.5154
vn 0.9913 0.1207 0.0522
vn 0.8630 0.3569 -0.3577
vn 0.3702 0.9289 0.0093
vn 0.1300 0.8007 0.5848
vn -0.4781 0.5168 0.7101
vn 0.6313 0.7453 -0.2145
vn 0.6300 0.7371 -0.2447
vn -0.6580 0.7137 -0.2402
vn -0.6934 0.6013 -0.3970
vn -0.5375 0.3923 -0.7465
vn -0.4696 0.4746 -0.7445
vn 0.5665 0.5516 -0.6122
vn 0.5100 0.4752 -0.7170
vn 0.5364 0.4172 -0.7337
vn 0.3771 0.4700 -0.7981
vn 0.3770 0.4584 -0.8049
vn 0.9989 0.0136 -0.0456
vn 0.8955 0.3509 -0.2737
vn 0.3417 0.5039 -0.7933
vn 0.2503 0.8817 -0.3998
vn 0.6265 -0.2613 -0.7343
vn 0.1818 0.2759 -0.9438
vn 0.5176 0.7175 -0.4661
vn 0.9951 0.0094 -0.0989
vn 0.9936 -0.0193 -0.1111
vn 0.3021 0.4805 -0.8233
vn 0.0327 0.3680 -0.9292
vn 0.0115 0.0043 -0.9999
vn -0.9531 -0.2721 -0.1324
vn -0.8949 0.4428 -0.0554
vn -0.7983 0.5928 -0.1067
vn -0.9285 -0.0731 -0.3640
vn -0.9842 -0.0131 -0.1764
vn -0.9525 0.2455 -0.1804
vn -0.3622 0.9294 0.0706
vn -0.1965 0.9778 0.0722
vn -0.1914 0.9798 0.0585
vn -0.2083 0.9781 0.0043
vn -0.4769 0.8789 -0.0081
vn -0.1511 0.9270 0.3433
vn -0.9173 0.3030 -0.2583
vn -0.8258 -0.3818 -0.4150
vn -0.8790 -0.1816 -0.4408
vn -0.8952 -0.2469 -0.3711
vn -0.7696 -0.5534 -0.3185
vn -0.7926 -0.5449 -0.2736
vn -0.8935 0.4298 -0.1298
vn -0.8727 0.4440 -0.2031
vn -0.8633 0.4561 -0.2163
vn -0.8692 0.4626 -0.1746
vn -0.9064 0.4214 -0.0297
vn -0.7379 0.6749 -0.0061
vn -0.8534 0.4664 -0.2327
vn -0.8530 0.4683 -0.2303
vn -0.8603 0.4584 -0.2230
vn -0.8607 0.4355 -0.2638
vn -0.7818 0.6068 -0.1432
vn -0.7924 0.5971 -0.1249
vn -0.7924 0.5973 -0.1241
vn -0.4576 0.8875 -0.0544
vn -0.2203 0.9674 0.1250
vn -0.8282 0.4721 -0.3020
vn -0.8094 0.4633 -0.3608
vn -0.8189 0.4403 -0.3681
vn -0.8417 0.4142 -0.3463
vn -0.8471 0.3811 -0.3703
vn 0.0751 0.5644 -0.8221
vn -0.3835 0.6341 -0.6714
vn 0.7687 0.4213 -0.4813
vn 0.5864 0.2398 -0.7737
vn 0.8751 0.1445 -0.4620
vn 0.6883 -0.0024 -0.7255
vn 0.8910 -0.3902 0.2323
vn 0.8579 -0.4703 0.2070
vn 0.8733 -0.4746 0.1103
vn 0.9193 -0.2503 -0.3036
vn 0.9145 -0.3874 0.1167
vn 0.8581 -0.3227 -0.3994
vn 0.8995 -0.1875 -0.3946
vn 0.5871 -0.7484 0.3085
vn 0.4449 -0.8656 0.2297
vn 0.8337 -0.5495 0.0544
vn 0.8165 -0.5668 0.1100
vn 0.1248 -0.7854 0.6063
vn 0.6488 -0.6530 0.3906
vn -0.4658 0.3095 0.8290
vn 0.8507 -0.4987 0.1660
vn 0.8533 -0.4914 0.1744
vn 0.8566 -0.4865 0.1719
vn 0.8555 -0.4937 0.1560
vn 0.5743 -0.4809 0.6625
vn 0.7705 -0.4388 0.4623
vn 0.8407 -0.4967 0.2157
vn 0.8498 -0.4844 0.2080
vn 0.4952 0.0130 0.8687
vn 0.8371 0.3120 0.4494
vn 0.8670 -0.3660 0.3382
vn 0.4281 -0.9018 -0.0598
vn 0.2376 -0.9092 -0.3419
vn 0.8027 -0.5291 -0.2750
vn 0.8026 -0.4176 -0.4259
vn 0.8099 -0.4162 -0.4134
vn 0.8893 -0.4362 0.1372
vn -0.1098 -0.1552 0.9818
vn 0.3749 -0.2688 0.8872
vn 0.8621 -0.4697 0.1901
vn 0.7440 -0.2492 -0.6200
vn 0.8264 -0.4099 0.3860
vn 0.9475 -0.1831 -0.2622
vn 0.5836 -0.5420 0.6047
vn 0.8751 -0.3875 0.2898
vn -0.3046 0.0294 0.9520
vn 0.7923 -0.3397 0.5067
vn 0.8261 -0.4384 0.3542
vn 0.8727 -0.3682 0.3207
vn 0.8495 -0.3582 0.3873
vn 0.8320 -0.4163 0.3666
vn 0.6774 0.5987 -0.4273
vn 0.7264 0.5493 -0.4130
vn -0.4687 0.6299 -0.6192
vn 0.0653 0.8524 -0.5187
vn -0.8040 0.4450 -0.3945
vn -0.7760 0.4995 -0.3851
vn -0.7850 0.4914 -0.3772
vn -0.7952 0.4856 -0.3632
vn -0.8486 0.2155 -0.4831
vn -0.6631 0.2324 -0.7116
vn -0.7937 0.5691 0.2149
vn -0.3981 0.9169 0.0300
vn -0.7835 0.5666 -0.2552
vn -0.9888 0.1462 -0.0294
vn -0.3676 0.7714 -0.5194
vn -0.3653 0.7052 -0.6076
vn -0.7524 0.5914 -0.2900
vn -0.7945 0.5474 -0.2629
vn -0.1133 0.9260 0.3600
vn -0.0920 0.9377 0.3351
vn 0.0798 0.9412 0.3283
vn -0.7398 0.5889 -0.3253
vn -0.7405 0.5911 -0.3198
vn -0.7383 0.5897 -0.3275
vn -0.7383 0.5896 -0.3275
vn -0.7390 0.5756 -0.3502
vn -0.1101 0.9330 0.3425
vn 0.0293 0.9149 0.4026
vn -0.7878 0.4051 -0.4641
vn -0.7835 0.4827 -0.3914
vn -0.7721 0.0744 -0.6311
vn -0.7681 0.0036 -0.6403
vn -0.7431 0.0254 -0.6688
vn -0.7470 -0.0223 -0.6645
vn 0.1840 -0.8887 -0.4199
vn 0.1401 -0.9134 -0.3823
vn 0.1400 -0.9134 -0.3823
vn 0.7082 0.1280 0.6943
vn 0.7083 0.1280 0.6943
vn 0.2213 -0.9452 -0.2401
vn 0.2526 -0.9320 -0.2600
vn 0.4302 -0.9021 -0.0350
vn 0.7716 0.0570 0.6336
vn 0.4205 -0.9034 -0.0839
vn 0.7311 0.2241 0.6444
vn 0.7386 0.1353 0.6604
vn 0.7334 -0.5897 0.3382
vn 0.7227 -0.6047 0.3347
vn 0.7420 -0.5636 0.3631
vn 0.7420 -0.5635 0.3631
vn 0.7721 -0.5462 0.3248
vn 0.7375 -0.5994 0.3112
vn 0.6708 -0.6327 0.3869
vn 0.7718 -0.5368 0.3408
vn 0.0927 -0.8644 0.4942
vn 0.7805 -0.5197 0.3475
vn 0.7647 -0.5376 0.3553
vn 0.7640 -0.5405 0.3524
vn 0.8004 -0.4994 0.3317
vn 0.7593 -0.5332 0.3730
vn 0.7703 -0.5169 0.3735
vn 0.7870 -0.4864 0.3796
vn 0.7789 0.6248 0.0540
vn 0.7487 0.6624 0.0245
vn -0.2896 0.9409 -0.1758
vn 0.3988 0.8984 -0.1838
vn -0.7305 0.5595 -0.3917
vn -0.7748 0.5178 -0.3626
vn -0.7505 0.5544 -0.3597
vn 0.7702 -0.5170 0.3735
vn 0.7594 -0.5331 0.3730
vn 0.7386 0.1354 0.6604
vn 0.0346 -0.9099 -0.4134
vn 0.2122 -0.9072 -0.3633
vn -0.8376 -0.3765 0.3959
vn -0.7709 0.5212 -0.3661
vn -0.5939 -0.3101 -0.7424
vn -0.7500 0.5537 -0.3619
vn 0.0980 0.9227 0.3728
vn -0.7975 0.4729 -0.3747
vn -0.7212 0.6238 0.3013
vn -0.9149 0.3472 0.2059
vn -0.7627 0.5593 -0.3248
vn -0.7990 0.5252 -0.2928
vn -0.7737 0.5178 -0.3651
vn -0.0148 0.8726 -0.4882
vn 0.8934 0.4410 0.0853
vn 0.7862 -0.4914 0.3747
vn 0.8256 -0.4409 0.3521
vn 0.8339 -0.5424 -0.1018
vn 0.7975 -0.5187 0.3083
vn 0.8418 -0.5082 0.1822
vn 0.7783 -0.6054 0.1667
vn 0.7927 -0.5957 0.1298
vn 0.9283 0.2641 0.2616
vn 0.9359 0.2409 0.2569
vn 0.8394 -0.5298 0.1210
vn 0.8465 -0.5187 0.1199
vn 0.8514 -0.5115 0.1159
vn 0.1215 -0.4726 -0.8729
vn 0.3999 -0.4896 -0.7748
vn 0.6754 0.4671 -0.5707
vn 0.6419 0.5563 -0.5277
vn 0.8611 -0.4963 0.1109
vn 0.8402 -0.5285 0.1215
vn 0.4237 -0.7786 -0.4628
vn 0.4842 -0.5955 -0.6410
vn 0.8305 -0.5282 -0.1765
vn 0.8224 -0.5647 -0.0694
vn 0.8576 -0.4960 -0.1360
vn 0.8500 -0.5110 0.1278
vn 0.8226 -0.5627 0.0818
vn 0.8503 -0.5161 0.1034
vn 0.0665 -0.7610 -0.6454
vn -0.3395 -0.9401 -0.0298
vn -0.0228 -0.9781 0.2070
vn 0.5399 -0.8311 0.1334
vn 0.5644 -0.8210 0.0865
vn 0.7238 -0.6402 0.2573
vn 0.9828 0.0199 -0.1835
vn 0.8631 0.2498 -0.4390
vn 0.7375 0.4747 -0.4803
vn 0.5174 0.8068 -0.2852
vn 0.4285 0.8493 0.3082
vn 0.8530 -0.4837 0.1961
vn 0.8350 -0.5248 0.1656
vn 0.8352 -0.5254 0.1623
vn 0.8169 -0.5523 0.1662
vn 0.7499 0.5979 0.2831
vn 0.7738 0.5365 0.3368
vn 0.8468 -0.4163 0.3310
vn 0.8406 -0.3297 0.4297
vn 0.7644 -0.2846 0.5786
vn 0.6621 0.0119 0.7493
vn 0.7714 -0.0853 0.6306
vn 0.7982 -0.0140 0.6023
vn 0.1382 -0.1101 0.9843
vn 0.7475 -0.6635 0.0332
vn 0.7277 -0.6859 0.0070
vn 0.6860 0.0523 0.7258
vn 0.8542 -0.0792 -0.5138
vn -0.2006 -0.9749 0.0963
vn 0.7008 -0.7133 -0.0096
vn 0.3363 -0.9374 0.0904
vn 0.3554 -0.9342 -0.0320
vn 0.1387 -0.9810 0.1355
vn 0.8807 0.3481 0.3213
vn 0.9316 0.2453 -0.2682
vn 0.9972 -0.0752 -0.0009
vn 0.1044 -0.9344 0.3406
vn 0.5108 -0.8319 -0.2170
vn -0.1261 -0.9910 -0.0453
vn 0.0507 -0.9855 0.1617
vn 0.0506 -0.9855 0.1617
vn 0.2539 -0.9544 0.1569
vn -0.3993 -0.7336 -0.5499
vn 0.7271 -0.6848 0.0479
vn 0.7057 -0.7061 0.0584
vn 0.7412 -0.6458 -0.1835
vn 0.3821 -0.4378 -0.8138
vn 0.3821 -0.4379 -0.8138
vn 0.0367 -0.1779 -0.9834
vn 0.2571 -0.7422 -0.6189
vn 0.2772 0.9303 -0.2401
vn 0.1713 0.9703 -0.1707
vn 0.1491 0.9884 0.0281
vn -0.7792 0.6043 -0.1661
vn -0.5677 0.8087 0.1540
vn -0.9778 -0.0464 0.2043
vn -0.8365 0.5170 -0.1815
vn -0.8261 0.5359 -0.1743
vn -0.8769 -0.4578 0.1469
vn -0.9371 -0.3428 0.0652
vn -0.5838 0.8051 -0.1051
vn -0.5838 0.8051 -0.1050
vn -0.7739 -0.5187 -0.3633
vn -0.8719 -0.4667 -0.1481
vn 0.2541 0.7192 0.6467
vn -0.0037 0.8027 0.5964
vn -0.0037 0.8028 0.5962
vn -0.6855 0.7169 0.1269
vn -0.9274 0.3741 0.0048
vn -0.9274 0.3740 0.0049
vn 0.2419 0.8866 -0.3941
vn -0.9059 -0.3409 0.2513
vn -0.7188 -0.6125 0.3288
vn -0.7188 -0.6125 0.3289
vn -0.1088 -0.8743 0.4730
vn -0.5448 -0.8371 -0.0494
vn -0.8793 -0.4594 -0.1259
vn -0.8714 -0.4862 -0.0650
vn -0.0978 -0.0365 -0.9945
vn 0.1790 -0.8751 -0.4496
vn -0.5159 -0.8534 0.0747
vn -0.5883 -0.8083 0.0221
vn 0.5462 0.8254 0.1424
vn 0.4524 0.3354 0.8263
vn 0.7398 0.0580 0.6704
vn 0.5669 -0.0693 0.8208
vn 0.6370 0.7693 -0.0493
vn 0.5972 -0.3312 0.7305
vn 0.6576 0.6908 -0.3007
vn 0.8752 -0.4782 0.0725
vn 0.8123 -0.3545 0.4631
vn 0.9413 -0.3358 -0.0332
vn 0.8280 -0.5253 -0.1960
vn 0.7759 -0.5631 -0.2844
vn -0.1310 -0.9548 0.2668
vn -0.2642 -0.8364 0.4803
vn 0.8884 -0.3637 -0.2800
vn 0.6385 -0.7441 -0.1967
vn -0.0061 -0.8020 -0.5973
vn -0.0728 -0.9135 -0.4002
vn 0.5649 0.3229 -0.7594
vn 0.5544 0.3091 -0.7727
vn 0.8357 0.1832 -0.5177
vn 0.8423 -0.4237 -0.3332
vn 0.7846 -0.4835 -0.3880
vn 0.4906 -0.5505 -0.6755
vn 0.5817 -0.3417 -0.7381
vn 0.6408 -0.5068 -0.5767
vn 0.3204 -0.3856 -0.8653
vn 0.8233 -0.4140 -0.3882
vn 0.8711 -0.4038 -0.2795
vn 0.8821 -0.3658 -0.2969
vn 0.9405 -0.2860 -0.1832
vn 0.9159 -0.2573 -0.3082
vn 0.8850 -0.0168 -0.4654
vn 0.8915 0.0068 -0.4530
vn 0.8939 -0.0880 -0.4395
vn 0.8079 -0.1766 -0.5622
vn 0.6486 -0.5205 -0.5553
vn 0.8603 -0.4195 -0.2897
vn 0.8637 -0.0676 -0.4995
vn 0.9202 -0.1005 -0.3784
vn 0.8762 -0.0851 -0.4743
vn -0.0382 0.6923 0.7206
vn 0.0119 0.1278 0.9917
vn 0.2490 0.1495 0.9569
vn 0.2088 0.7760 0.5952
vn 0.5103 0.0073 0.8600
vn 0.4875 -0.7029 0.5180
vn 0.1256 -0.9423 0.3104
vn 0.1032 -0.9620 0.2529
vn 0.0264 -0.9315 0.3629
vn 0.4399 -0.8496 0.2910
vn 0.7052 -0.6021 0.3743
vn 0.0799 -0.6765 0.7321
vn 0.1208 -0.6652 0.7368
vn 0.1084 -0.5422 0.8332
vn 0.7815 -0.5401 0.3125
vn 0.8846 -0.4428 -0.1460
vn 0.9326 -0.3092 -0.1862
vn -0.0912 -0.6616 -0.7443
vn 0.6391 0.5377 -0.5499
vn 0.1085 0.2396 -0.9648
vn 0.8968 -0.0397 -0.4407
vn -0.2368 -0.7282 -0.6432
vn 0.7111 0.5022 -0.4920
vn 0.0417 0.4477 -0.8932
vn 0.7465 0.5445 -0.3823
vn 0.5802 0.1163 -0.8061
vn 0.3796 0.6442 -0.6641
vn 0.6903 0.5016 -0.5214
vn 0.5376 0.5137 -0.6687
vn 0.5501 0.7318 0.4023
vn 0.0566 0.9869 0.1514
vn 0.0539 0.9658 -0.2538
vn 0.1409 0.9660 0.2168
vn -0.6286 0.7740 0.0753
vn -0.9811 0.1840 -0.0599
vn -0.8248 0.5551 0.1072
vn -0.3425 0.5228 -0.7806
vn -0.6048 0.7784 0.1681
vn -0.8545 0.4907 0.1703
vn -0.5128 0.4332 -0.7412
vn -0.5090 0.5867 -0.6299
vn -0.6322 0.4560 -0.6263
vn -0.4514 0.5487 -0.7036
vn 0.0207 -0.9522 -0.3047
vn -0.6097 -0.7339 -0.2993
vn -0.8073 -0.4753 -0.3499
vn -0.9745 0.0499 -0.2189
vn -0.9750 0.0501 -0.2163
vn 0.3675 0.1739 -0.9136
vn -0.7256 0.3956 -0.5631
vn -0.9940 0.0144 -0.1083
vn -0.9869 0.0150 -0.1606
vn 0.9277 0.3732 -0.0001
vn 0.9267 -0.3616 -0.1026
vn 0.9267 -0.3617 -0.1026
vn 0.9152 -0.3873 -0.1116
vn 0.9944 -0.0862 -0.0614
vn 0.9948 -0.0052 -0.1014
vn 0.9946 -0.0214 -0.1013
vn 0.9930 -0.0344 -0.1128
vn -0.5940 0.3514 -0.7237
vn -0.9910 0.0451 -0.1264
vn -0.9838 -0.0170 -0.1782
vn -0.7158 -0.2357 -0.6574
vn -0.4501 0.5199 -0.7260
vn -0.4558 0.4943 -0.7402
vn -0.7490 0.3098 -0.5858
vn -0.7055 0.3996 -0.5854
vn -0.7279 0.0761 -0.6815
vn -0.6608 0.3655 -0.6555
vn -0.6688 0.4444 -0.5961
vn -0.5864 -0.5090 -0.6300
vn -0.5457 0.3629 -0.7553
vn -0.5404 0.3230 -0.7770
vn -0.9321 0.1854 -0.3112
vn -0.6542 0.3708 -0.6592
vn -0.8347 0.3656 -0.4118
vn -0.8173 0.3945 -0.4199
vn -0.9981 -0.0578 0.0212
vn -0.8889 -0.1947 -0.4147
vn -0.9564 -0.0560 -0.2867
vn -0.9327 -0.3448 -0.1062
vn -0.9019 -0.4243 -0.0815
vn -0.9424 -0.2100 0.2605
vn -0.9388 -0.3444 -0.0053
vn -0.5907 -0.7978 -0.1206
vn -0.7019 0.2579 0.6639
vn -0.9810 -0.1106 0.1592
vn -0.9670 -0.0997 0.2345
vn -0.6245 -0.7686 0.1388
vn -0.5982 -0.7884 0.1435
vn -0.4186 -0.4753 0.7738
vn -0.9290 -0.2385 0.2828
vn -0.9354 -0.2405 0.2591
vn -0.8838 0.0749 0.4618
vn -0.9207 0.0086 0.3902
vn -0.6980 -0.1542 0.6993
vn -0.7440 -0.2305 0.6271
vn -0.9217 -0.3610 0.1421
vn -0.5769 -0.7555 0.3105
vn -0.8750 -0.3237 0.3601
vn -0.7925 -0.3757 0.4805
vn -0.8009 -0.5086 0.3160
vn -0.8734 -0.3411 0.3475
vn -0.8925 -0.3011 0.3357
vn 0.2843 -0.7746 -0.5650
vn 0.3292 -0.9080 -0.2593
vn -0.0598 -0.9882 -0.1412
vn 0.1179 -0.8846 -0.4512
vn 0.5305 -0.8477 -0.0055
vn 0.5268 -0.8447 -0.0943
vn 0.2816 -0.9553 0.0899
vn 0.3739 -0.9236 0.0842
vn 0.4087 -0.9116 0.0452
vn 0.4064 -0.9128 0.0408
vn 0.4198 -0.8971 0.1381
vn 0.4380 -0.8894 0.1312
vn 0.9939 -0.0160 0.1090
vn 0.8390 0.3242 0.4370
vn 0.9427 0.3220 -0.0873
vn 0.8555 0.4562 -0.2451
vn 0.8120 0.3786 -0.4442
vn -0.2430 0.8893 -0.3874
vn -0.2152 0.8412 -0.4961
vn -0.6281 0.6259 -0.4623
vn -0.6852 0.6022 -0.4099
vn -0.7834 0.5854 -0.2086
vn -0.6929 0.3600 -0.6247
vn -0.7649 0.2946 -0.5729
vn -0.6559 0.6470 -0.3888
vn -0.8482 0.3628 -0.3858
vn -0.8556 0.4489 -0.2580
vn -0.8457 0.4449 -0.2946
vn -0.8269 0.3131 -0.4671
vn -0.9102 -0.0550 -0.4106
vn -0.9541 -0.1637 -0.2506
vn -0.8626 -0.1265 -0.4898
vn -0.7186 0.0930 -0.6892
vn 0.9532 -0.3018 0.0201
vn 0.9626 -0.2710 0.0029
vn 0.9657 -0.2537 0.0552
vn 0.1087 -0.5347 0.8380
vn 0.0343 -0.5954 0.8027
vn -0.0798 -0.8659 -0.4938
vn -0.9930 -0.1127 -0.0347
vn -0.7378 0.1264 -0.6631
vn -0.8382 0.1973 -0.5084
vn 0.4520 -0.0083 -0.8920
vn 0.4221 0.0261 -0.9062
vn 0.5109 0.2131 -0.8328
vn 0.9976 -0.0599 0.0346
vn 0.9371 -0.0598 0.3439
vn 0.9659 0.0452 0.2549
vn 0.7067 0.6948 0.1336
vn -0.4079 0.8223 0.3967
vn -0.2231 0.7588 -0.6119
vn -0.9357 0.2734 0.2228
vn -0.9071 0.0049 -0.4208
vn -0.9853 -0.1592 0.0626
vn -0.9028 0.4249 0.0664
vn -0.8010 0.1479 -0.5801
vn -0.6391 0.5244 -0.5626
vn -0.4346 0.5876 -0.6826
vn -0.3935 -0.7738 -0.4963
vn -0.5442 -0.6636 -0.5133
vn -0.8069 -0.5308 -0.2592
vn -0.8095 -0.0799 -0.5817
vn -0.7946 -0.1048 -0.5981
vn -0.7739 0.3030 -0.5561
vn -0.9489 -0.0748 -0.3067
vn -0.8949 0.3816 -0.2315
vn -0.9535 -0.2736 -0.1266
vn -0.9162 0.2338 -0.3254
vn -0.9263 0.2367 -0.2933
vn -0.8509 0.5085 -0.1318
vn -0.8651 0.5011 -0.0232
vn 0.1435 -0.9325 0.3314
vn -0.0655 -0.8647 -0.4980
vn -0.7093 -0.0736 -0.7010
vn -0.7086 -0.0810 -0.7010
vn -0.7202 0.6324 -0.2853
vn -0.8419 0.4161 -0.3436
vn -0.8198 0.3927 -0.4168
vn -0.6021 0.6955 -0.3921
vn -0.6201 0.6730 -0.4032
vn -0.9222 -0.0430 0.3843
vn -0.2287 0.3841 -0.8945
vn -0.6858 0.6258 -0.3715
vn -0.5079 0.8493 -0.1438
vn -0.2999 0.9536 0.0255
vn -0.3105 0.9503 0.0236
vn -0.0619 0.9699 0.2355
vn -0.9504 -0.1224 0.2859
vn -0.9915 -0.0738 -0.1075
vn -0.9667 -0.1729 -0.1887
vn -0.1497 0.4926 0.8573
vn -0.4539 -0.0435 0.8900
vn -0.7593 -0.6431 -0.0994
vn -0.0545 0.5259 -0.8488
vn -0.7412 0.4983 -0.4497
vn 0.4392 0.8448 0.3058
vn 0.4402 0.8447 0.3045
vn -0.0614 0.9739 0.2185
vn -0.0744 0.9556 0.2851
vn 0.5987 0.5465 0.5856
vn 0.5255 0.6199 0.5828
vn 0.4184 0.7745 0.4745
vn 0.4094 0.7782 0.4762
vn -0.3491 -0.4031 0.8460
vn -0.1958 0.7282 0.6568
vn -0.3486 0.5685 0.7452
vn 0.0803 0.4812 0.8729
vn -0.7793 -0.6253 -0.0409
vn -0.8665 -0.4936 -0.0741
vn -0.6612 -0.6794 -0.3182
vn -0.6534 -0.4211 0.6290
vn -0.9143 -0.3983 0.0742
vn -0.9367 -0.2542 0.2407
vn -0.4098 -0.5725 0.7101
vn -0.9425 -0.2494 -0.2226
vn -0.9063 -0.3276 -0.2671
vn -0.8273 -0.2607 -0.4976
vn -0.9720 -0.1509 -0.1803
vn -0.9471 0.1715 -0.2712
vn -0.8141 -0.3269 -0.4800
vn -0.8970 0.0580 -0.4382
vn -0.8423 -0.4916 -0.2211
vn -0.8472 -0.0758 -0.5258
vn -0.8939 -0.0956 -0.4380
vn -0.7733 0.0346 -0.6330
vn -0.7882 -0.2628 -0.5565
vn -0.6748 0.0075 -0.7380
vn -0.6733 -0.0276 -0.7389
vn -0.8117 -0.5765 0.0938
vn 0.3991 -0.7032 -0.5884
vn 0.2801 -0.8627 -0.4210
vn 0.8614 0.4643 -0.2060
vn 0.8615 0.4702 -0.1914
vn -0.4352 0.5319 -0.7264
vn -0.4255 -0.0348 -0.9043
vn -0.0143 0.3522 -0.9358
vn 0.8580 0.4777 -0.1888
vn 0.8502 0.4967 -0.1748
vn -0.3401 0.4427 -0.8296
vn 0.8563 0.4855 -0.1760
vn 0.8554 0.5005 -0.1335
vn 0.8433 0.5026 -0.1902
vn 0.9211 -0.2820 -0.2686
vn 0.9219 -0.3397 -0.1864
vn 0.9985 0.0293 -0.0453
vn 0.7009 0.7064 -0.0983
vn 0.0801 0.9934 0.0827
vn 0.0778 0.9964 0.0351
vn 0.2847 0.9585 0.0156
vn 0.1701 0.9751 0.1426
vn 0.8751 0.4552 -0.1643
vn 0.7501 0.6380 -0.1737
vn 0.8932 -0.3169 -0.3189
vn 0.8062 -0.4827 -0.3421
vn 0.8080 -0.3935 -0.4384
vn 0.6707 -0.5525 -0.4948
vn 0.2667 0.4387 -0.8582
vn 0.8445 0.4085 -0.3464
vn 0.2828 0.6706 0.6858
vn 0.4430 0.3393 0.8298
vn 0.7319 0.3324 0.5949
vn 0.8640 0.4787 -0.1557
vn 0.8658 0.4916 -0.0932
vn 0.3144 0.2461 -0.9168
vn 0.0807 0.0451 -0.9957
vn 0.8327 0.4460 -0.3282
vn 0.9695 0.0987 0.2242
vn 0.8597 0.4215 -0.2885
vn 0.8894 0.4561 0.0302
vn 0.2758 0.2732 -0.9216
vn -0.8472 -0.4298 -0.3121
vn -0.6301 -0.4668 -0.6205
vn -0.7099 -0.6486 -0.2746
vn -0.5721 0.0758 0.8167
vn -0.5741 -0.2532 0.7786
vn -0.4410 -0.8935 -0.0851
vn -0.7706 -0.5568 0.3101
vn -0.9131 -0.3085 0.2666
vn -0.4014 -0.9159 0.0024
vn -0.2353 -0.9710 -0.0427
vn -0.2376 -0.9704 -0.0433
vn -0.5223 -0.8497 0.0721
vn -0.1679 -0.0391 -0.9850
vn -0.4080 -0.2974 -0.8632
vn -0.5008 -0.2890 -0.8159
vn -0.5270 -0.5785 -0.6226
vn -0.8447 -0.0048 -0.5353
vn -0.9345 -0.1615 -0.3171
vn -0.7502 -0.4890 -0.4450
vn -0.8432 -0.5353 -0.0490
vn -0.9283 -0.3460 -0.1360
vn -0.8703 -0.3729 -0.3217
vn -0.8189 -0.4718 -0.3268
vn -0.9585 -0.2818 0.0436
vn -0.9791 -0.1961 -0.0536
vn -0.8809 -0.4333 -0.1904
vn -0.9354 -0.2964 -0.1929
vn -0.7896 -0.2959 -0.5375
vn -0.8728 -0.4753 -0.1104
vn -0.9045 -0.4145 -0.1005
vn -0.8533 -0.4691 -0.2276
vn -0.9572 -0.2047 -0.2048
vn -0.9213 0.1426 -0.3618
vn -0.8666 -0.1595 -0.4729
vn -0.8527 -0.1691 0.4942
vn -0.9638 -0.1221 0.2372
vn -0.8106 -0.3552 0.4656
vn -0.8101 -0.4329 0.3953
vn -0.8500 -0.3864 -0.3580
vn -0.1824 -0.5190 -0.8351
vn -0.2890 -0.4389 -0.8508
vn -0.3218 -0.5467 -0.7730
vn -0.6421 -0.7665 0.0122
vn -0.5420 -0.8363 -0.0831
vn -0.8856 -0.0612 -0.4604
vn -0.7850 0.1648 -0.5972
vn 0.1898 -0.2523 -0.9488
vn -0.5822 -0.5617 -0.5879
vn -0.1870 -0.9762 -0.1099
vn -0.5970 -0.7683 -0.2311
vn -0.5104 -0.4374 -0.7404
vn -0.2772 -0.8341 -0.4769
vn 0.4245 -0.8023 -0.4197
vn 0.3961 -0.7725 -0.4963
vn 0.2377 -0.9703 0.0445
vn 0.0855 -0.9827 0.1642
vn -0.3273 -0.9425 -0.0672
vn -0.2181 -0.9618 -0.1656
vn -0.2682 -0.4147 -0.8695
vn -0.2631 0.4006 0.8777
vn -0.6484 -0.7281 0.2225
vn -0.0868 -0.9909 0.1027
vn -0.0783 -0.9616 0.2630
vn -0.2002 -0.8986 0.3904
vn -0.4510 -0.7616 0.4653
vn -0.5525 -0.4675 0.6900
vn 0.3481 -0.1670 0.9225
vn 0.0282 -0.4641 0.8853
vn 0.2903 -0.3783 0.8790
vn 0.2896 -0.3819 0.8777
vn -0.7931 -0.3651 0.4875
vn -0.4195 -0.9006 0.1139
vn -0.4144 -0.9024 0.1185
vn 0.4466 -0.8889 0.1026
vn 0.3419 -0.3870 0.8563
vn 0.3374 -0.2779 0.8994
vn 0.3011 -0.9440 0.1350
vn 0.3374 0.0922 0.9368
vn 0.3544 0.8940 0.2742
vn 0.4041 0.9141 -0.0328
vn -0.2208 0.9730 -0.0675
vn -0.1821 -0.9772 0.1096
vn -0.3969 -0.9079 0.1346
vn -0.3969 -0.9079 0.1347
vn -0.5358 -0.8379 0.1041
vn -0.2880 0.2430 0.9263
vn 0.1608 -0.9792 0.1235
vn -0.6759 -0.7009 -0.2278
vn -0.9988 0.0327 0.0353
vn -0.6388 0.7684 0.0375
vn -0.5796 -0.6692 0.4649
vn 0.6905 0.7056 -0.1592
vn -0.0056 0.4641 0.8858
vn -0.4133 -0.8708 0.2663
vn -0.3481 -0.7683 0.5372
vn -0.3365 -0.7677 0.5453
vn -0.3481 -0.6936 0.6306
vn -0.6480 0.3017 0.6993
vn -0.7175 -0.6778 0.1608
vn -0.7792 0.2497 0.5749
vn -0.9462 0.0953 0.3092
vn -0.9656 -0.2094 0.1543
vn -0.6769 0.0104 -0.7360
vn -0.6594 0.2056 -0.7231
vn -0.8143 -0.5571 -0.1629
vn -0.5670 -0.8077 -0.1615
vn -0.8485 0.2890 -0.4434
vn -0.7622 -0.6127 0.2092
vn -0.4974 -0.6103 -0.6166
vn -0.5760 -0.8110 0.1029
vn -0.6851 -0.4610 0.5641
vn -0.8326 -0.2260 0.5057
vn -0.7806 -0.1251 0.6124
vn -0.9796 -0.0393 0.1973
vn -0.9598 -0.1951 -0.2016
vn -0.4697 -0.7452 0.4733
vn -0.4102 -0.7081 -0.5748
vn -0.2683 -0.7219 -0.6378
vn -0.5262 -0.8166 0.2373
vn 0.4901 -0.8712 0.0285
vn 0.4570 -0.8463 -0.2736
vn 0.8736 0.1096 0.4741
vn 0.9513 0.1183 0.2846
vn 0.4379 -0.8678 -0.2350
vn 0.2693 -0.8828 -0.3849
vn 0.2097 -0.7588 -0.6166
vn -0.6144 -0.3563 -0.7039
vn -0.5255 -0.5661 -0.6352
vn -0.0373 -0.3961 -0.9174
vn -0.0897 -0.6249 -0.7756
vn 0.6255 -0.3547 -0.6949
vn 0.5856 -0.4836 -0.6506
vn -0.0519 -0.6258 -0.7783
vn 0.4697 -0.2296 -0.8525
vn -0.1389 0.1822 -0.9734
vn 0.0442 0.3148 -0.9481
vn 0.9712 -0.2244 0.0805
vn 0.9925 -0.1050 -0.0627
vn 0.9146 -0.3970 -0.0765
vn 0.6565 -0.3743 0.6549
vn 0.6684 -0.4475 0.5942
vn -0.7662 0.4897 -0.4161
vn -0.7597 0.5755 -0.3028
vn -0.5394 0.8354 -0.1055
vn -0.5438 0.8212 -0.1730
vn -0.4910 0.8228 0.2862
vn -0.4378 0.8622 0.2547
vn -0.3925 -0.8096 -0.4364
vn -0.3234 0.7058 0.6303
vn 0.2039 0.8648 0.4588
vn -0.0586 0.3533 0.9337
vn -0.0801 0.8204 0.5661
vn -0.1869 0.9348 0.3019
vn -0.6360 -0.6362 -0.4368
vn -0.5977 -0.6498 -0.4696
vn -0.5215 -0.2375 0.8196
vn -0.2301 0.0101 0.9731
vn 0.0545 0.9957 -0.0754
vn -0.6639 0.5519 0.5046
vn -0.9530 0.1657 0.2537
vn -0.5876 0.8001 0.1203
vn -0.6290 0.7745 0.0668
vn -0.3754 0.9184 0.1248
vn -0.3428 0.9168 0.2046
vn -0.6237 0.7525 0.2116
vn -0.6951 0.4454 0.5643
vn 0.5472 0.3364 0.7664
vn 0.5900 0.2277 0.7746
vn 0.3840 0.4410 0.8112
vn -0.2049 0.6774 0.7065
vn -0.5025 0.7302 0.4629
vn -0.9553 0.2932 0.0388
vn -0.9193 -0.0200 -0.3930
vn -0.8373 -0.0786 -0.5410
vn -0.6538 0.7493 0.1056
vn -0.5707 0.8204 0.0357
vn -0.0857 0.9781 0.1896
vn -0.0389 0.9351 0.3521
vn -0.7644 0.6401 0.0778
vn -0.6401 0.6938 0.3299
vn -0.5415 0.7510 0.3778
vn -0.4129 0.8945 0.1715
vn -0.4340 0.8954 0.0994
vn -0.3022 0.9117 0.2785
vn -0.5635 0.8087 -0.1689
vn -0.7369 0.3592 -0.5727
vn -0.7656 0.6331 0.1143
vn -0.3224 0.6515 0.6868
vn -0.3545 0.5011 0.7895
vn -0.7306 0.4009 0.5528
vn -0.5899 0.6135 0.5250
vn -0.5899 0.6134 0.5250
vn -0.8219 0.4700 -0.3219
vn -0.6297 0.7558 0.1797
vn -0.3656 0.9306 0.0183
vn 0.2727 0.7696 0.5773
vn 0.4592 0.4379 0.7729
vn 0.4132 0.5055 0.7574
vn -0.0545 0.6877 0.7239
vn -0.5940 0.8034 0.0398
vn -0.9344 0.0657 -0.3501
vn -0.2575 0.2500 -0.9334
vn -0.7173 -0.0807 -0.6921
vn -0.0635 0.0647 -0.9959
vn 0.1772 -0.2962 -0.9386
vn 0.0612 -0.2419 -0.9684
vn -0.1385 0.9835 -0.1161
vn 0.6922 0.4978 0.5225
vn 0.2112 0.5277 0.8228
vn 0.2265 0.4154 0.8810
vn -0.6565 0.1623 0.7366
vn -0.7276 0.4828 0.4873
vn -0.8911 0.2681 -0.3663
vn -0.9850 0.0602 -0.1617
vn -0.7432 -0.1764 -0.6454
vn -0.9865 -0.0585 -0.1532
vn -0.9975 0.0711 -0.0004
vn -0.4969 0.8204 0.2828
vn -0.9300 0.1709 0.3253
vn 0.4854 0.3035 0.8199
vn 0.9793 0.0844 0.1841
vn 0.9848 0.0264 -0.1715
vn 0.9938 0.1069 -0.0316
vn 0.9970 0.0750 -0.0198
vn 0.9970 0.0749 -0.0197
vn 0.3316 0.9243 0.1889
vn 0.3967 0.8652 0.3069
vn 0.1457 0.9062 0.3970
vn -0.5497 0.2769 0.7881
vn -0.5409 0.4366 0.7189
vn 0.2988 0.9487 0.1033
vn 0.1845 0.9670 0.1756
vn -0.1644 -0.9827 0.0848
vn 0.1129 -0.9875 0.1098
vn 0.9631 0.1670 -0.2109
vn 0.9349 -0.3548 -0.0063
vn 0.6958 0.7181 -0.0143
vn 0.7945 -0.5149 0.3220
vn 0.6352 -0.6257 0.4528
vn -0.5866 -0.0512 0.8083
vn -0.1795 -0.3344 0.9252
vn 0.1859 -0.8918 0.4124
vn 0.2953 -0.8653 0.4050
vn 0.6539 -0.3150 0.6879
vn 0.3255 -0.7217 0.6109
vn 0.8826 -0.4026 0.2425
vn 0.8827 -0.4026 0.2425
vn 0.9509 -0.1240 0.2835
vn 0.8987 0.1956 0.3926
vn 0.5724 0.7247 0.3837
vn 0.7681 -0.5573 -0.3153
vn -0.1045 0.6617 -0.7425
vn 0.6904 -0.6044 0.3976
vn 0.8185 -0.5650 0.1036
vn 0.9274 -0.3739 -0.0147
vn 0.9481 -0.1323 0.2892
vn 0.9481 -0.1323 0.2891
vn 0.8279 -0.0055 0.5609
vn 0.6445 -0.7471 -0.1625
vn -0.3653 -0.9294 0.0528
vn -0.0793 -0.9416 -0.3273
vn 0.1032 -0.9375 0.3323
vn 0.5378 -0.7807 -0.3182
vn -0.3990 -0.9026 -0.1614
vn -0.3024 -0.9520 -0.0470
vn -0.7410 -0.0229 0.6711
vn -0.8118 -0.0952 0.5762
vn -0.5028 -0.8633 -0.0435
vn 0.0357 -0.9870 0.1566
vn 0.4800 -0.8161 -0.3218
vn 0.4686 -0.8338 -0.2918
vn -0.3938 -0.8620 -0.3193
vn -0.2188 -0.9339 -0.2828
vn 0.0173 -0.9078 -0.4190
vn -0.0514 -0.9949 0.0865
vn -0.6898 -0.6487 0.3216
vn -0.4101 -0.8955 0.1728
vn -0.7330 -0.1691 0.6589
vn 0.4854 -0.8474 0.2151
vn -0.9918 -0.0806 -0.0996
vn -0.4974 -0.8007 -0.3339
vn -0.5291 -0.7883 -0.3139
vn 0.5203 0.8355 -0.1766
vn 0.1106 0.7562 0.6450
vn -0.1672 0.6264 0.7614
vn 0.4665 0.8791 -0.0976
vn 0.6097 0.7824 -0.1274
vn 0.8094 0.4865 -0.3289
vn 0.8355 0.5392 -0.1056
vn 0.8395 0.5347 -0.0963
vn -0.4348 -0.7660 0.4734
vn -0.5764 -0.6074 0.5467
vn -0.5763 -0.6074 0.5467
vn -0.7141 -0.4940 0.4960
vn -0.7342 -0.5570 0.3883
vn 0.3690 0.9156 0.1597
vn -0.0518 0.9907 -0.1260
vn 0.8166 0.2902 -0.4990
vn 0.7677 0.0424 -0.6394
vn 0.7361 0.3774 -0.5619
vn 0.4435 0.8538 0.2727
vn 0.1555 0.8896 0.4294
vn 0.2406 0.8024 0.5461
vn 0.5834 -0.1856 -0.7907
vn 0.6477 0.2184 -0.7299
vn 0.6854 0.4313 -0.5868
vn 0.2447 0.7681 -0.5917
vn 0.2059 0.9009 -0.3820
vn 0.3993 0.9162 -0.0346
vn 0.2381 0.9135 0.3300
vn 0.1597 0.9165 0.3668
vn -0.6720 0.7405 -0.0019
vn 0.6714 0.7061 -0.2252
vn 0.5015 0.8643 0.0378
vn 0.5112 0.8587 0.0370
vn 0.3951 0.9132 0.0997
vn 0.3321 0.9278 0.1699
vn 0.2227 0.8022 0.5540
vn 0.7294 0.6286 -0.2699
vn 0.7784 0.4784 -0.4064
vn 0.8082 0.4066 -0.4260
vn 0.6550 0.5882 -0.4743
vn 0.6550 0.5883 -0.4743
vn 0.6031 0.6715 -0.4306
vn 0.8093 0.5805 0.0896
vn 0.8466 0.5245 0.0900
vn 0.6009 0.6324 0.4888
vn 0.1967 0.9706 0.1385
vn -0.3188 0.6611 0.6792
vn 0.0178 0.2883 0.9574
vn 0.7845 -0.1262 0.6072
vn -0.5680 -0.0116 0.8230
vn -0.0538 0.9644 0.2588
vn 0.1947 0.8090 0.5547
vn 0.9085 0.3743 -0.1858
vn 0.2788 0.2484 -0.9277
vn -0.2468 0.8990 0.3617
vn 0.8019 0.5929 0.0738
vn -0.7435 0.6392 0.1966
vn -0.7916 0.5916 0.1529
vn -0.0306 0.7817 -0.6229
vn -0.0175 0.7250 -0.6885
vn 0.3613 0.2743 -0.8912
vn 0.1620 0.5115 0.8439
vn 0.7537 0.3719 0.5419
vn 0.8655 0.3971 0.3054
vn 0.8882 0.2623 0.3772
vn 0.2631 0.6111 0.7465
vn 0.3232 0.7496 0.5777
vn 0.7947 0.5332 0.2901
vn 0.9660 0.2394 0.0972
vn 0.8315 -0.3850 -0.4004
vn 0.9647 -0.1107 -0.2390
vn 0.9975 0.0363 -0.0606
vn 0.9936 0.1088 -0.0312
vn 0.9935 0.0353 -0.1085
vn 0.1618 0.9479 -0.2744
vn 0.3026 0.9153 0.2657
vn 0.7987 0.5700 0.1928
vn 0.4963 0.8110 -0.3097
vn -0.5976 0.7843 0.1664
vn -0.6541 0.7382 -0.1648
vn 0.1847 0.8255 -0.5333
vn 0.1900 0.7917 -0.5806
vn -0.8693 0.4942 0.0100
vn -0.6610 0.0265 -0.7499
vn -0.6105 -0.3813 -0.6941
vn 0.2947 0.5742 -0.7639
vn 0.2812 -0.0154 -0.9595
vn -0.3932 -0.1044 -0.9135
vn -0.6071 0.2787 -0.7442
vn -0.2821 0.2246 -0.9327
vn -0.8530 0.5048 -0.1323
vn -0.8405 0.5218 -0.1456
vn -0.8538 0.5062 -0.1218
vn -0.8510 0.5054 -0.1430
vn -0.3452 0.7923 -0.5032
vn -0.8357 0.4944 -0.2390
vn -0.9702 0.2179 0.1057
vn -0.7121 -0.1194 0.6919
vn -0.8262 0.5446 0.1439
vn -0.8541 0.5088 -0.1080
vn -0.8607 0.4741 -0.1855
vn -0.8571 0.4816 -0.1830
vn -0.8691 0.4637 -0.1722
vn -0.8692 0.3249 0.3727
vn -0.7593 0.4242 0.4934
vn -0.7540 0.4059 0.5165
vn -0.4960 0.2806 -0.8217
vn -0.4878 0.2653 -0.8316
vn -0.8063 0.4238 -0.4126
vn -0.8106 0.4462 -0.3792
vn -0.7064 0.3726 -0.6017
vn -0.9088 0.4006 -0.1163
vn -0.9566 0.0549 0.2861
vn -0.4479 0.3136 -0.8373
vn -0.5077 0.3798 -0.7733
vn -0.2671 0.4360 -0.8594
vn -0.9060 0.4029 -0.1295
vn -0.8402 0.4808 -0.2507
vn -0.8227 0.4768 -0.3097
vn -0.5359 0.5400 -0.6489
vn -0.5885 0.5272 -0.6129
vn 0.7015 -0.0806 -0.7081
vn -0.6087 -0.7851 -0.1144
vn 0.1085 -0.8801 0.4622
vn 0.7624 -0.5687 0.3086
vn 0.7625 -0.5687 0.3087
vn 0.7787 -0.5058 0.3713
vn 0.3615 0.2045 -0.9097
vn 0.4383 0.3515 -0.8272
vn -0.7921 0.4445 -0.4183
vn -0.5461 0.6883 -0.4775
vn -0.6052 -0.7789 0.1643
vn -0.5175 -0.8390 0.1684
vn -0.5175 -0.8389 0.1684
vn -0.9066 0.3241 -0.2703
vn -0.9066 0.3241 -0.2702
vn -0.8449 0.4289 -0.3196
vn -0.9401 0.0044 -0.3407
vn -0.3061 0.1232 -0.9440
vn -0.2849 0.9490 -0.1346
vn -0.8110 0.4975 -0.3079
vn -0.7887 0.5275 -0.3158
vn -0.7842 0.5272 -0.3271
vn 0.4135 0.1193 -0.9027
vn 0.7468 -0.5647 0.3514
vn 0.7966 -0.5158 0.3151
vn 0.7965 -0.5275 0.2954
vn 0.7699 -0.5859 0.2531
vn 0.8193 -0.5560 0.1399
vn 0.9266 -0.3759 -0.0139
vn -0.0131 -0.9198 -0.3921
vn 0.0444 -0.8417 -0.5382
vn 0.3520 -0.8666 -0.3538
vn 0.3435 -0.8503 -0.3987
vn 0.3938 -0.8636 -0.3148
vn 0.8403 -0.5418 0.0164
vn 0.8658 -0.4988 -0.0410
vn 0.8775 -0.4607 0.1329
vn 0.9352 -0.2981 0.1913
vn 0.9975 -0.0582 0.0391
vn 0.7794 -0.3651 -0.5092
vn 0.7883 -0.3410 -0.5122
vn 0.7477 -0.2154 -0.6281
vn 0.6987 0.3834 -0.6040
vn 0.9911 0.1000 0.0874
vn 0.9002 -0.4000 -0.1718
vn 0.7941 -0.5954 0.1219
vn 0.8837 0.4625 0.0715
vn 0.3256 0.4300 0.8420
vn 0.3785 0.3947 0.8372
vn -0.1041 -0.6395 0.7618
vn 0.2277 -0.6314 0.7413
vn 0.8526 -0.2017 0.4820
vn 0.8175 -0.5288 0.2281
vn 0.5841 -0.3295 0.7418
vn 0.5828 -0.3496 0.7335
vn 0.8410 -0.4105 -0.3524
vn 0.1078 -0.7217 0.6838
vn 0.8266 -0.5139 0.2293
vn 0.3873 -0.8215 0.4185
vn 0.1338 -0.8205 0.5558
vn 0.8360 -0.5359 0.1178
vn 0.1505 -0.8292 -0.5383
vn 0.1788 -0.8542 -0.4882
vn 0.1107 -0.8592 0.4995
vn 0.5936 -0.0889 -0.7998
vn 0.4815 -0.4257 0.7661
vn 0.7842 -0.5872 0.2007
vn 0.8065 -0.5601 0.1895
vn 0.8125 -0.5447 0.2077
vn -0.4240 -0.8844 -0.1952
vn -0.3790 -0.9039 -0.1984
vn 0.8541 -0.4405 0.2764
vn 0.7646 -0.6439 0.0277
vn 0.7620 -0.6468 0.0323
vn 0.6289 -0.7721 -0.0912
vn 0.7070 -0.6898 0.1560
vn 0.6974 -0.6954 0.1731
vn 0.8103 0.1254 0.5724
vn 0.8115 0.1695 0.5593
vn 0.8115 0.1695 0.5592
vn -0.5989 0.7933 -0.1093
vn -0.6766 0.7027 -0.2201
vn -0.6766 0.7026 -0.2201
vn -0.1832 0.9638 0.1935
vn -0.1343 0.9605 0.2436
vn -0.1342 0.9605 0.2437
vn 0.1140 0.9265 0.3587
vn -0.7190 0.6385 -0.2745
vn -0.0931 -0.9638 0.2498
vn 0.7034 -0.6621 0.2585
vn 0.7034 -0.6621 0.2586
vn -0.3521 -0.8788 -0.3220
vn -0.4006 -0.8366 -0.3738
vn 0.6302 -0.7084 0.3179
vn 0.7322 -0.6279 0.2638
vn 0.6544 0.3565 0.6668
vn 0.5950 0.3456 0.7256
vn 0.7267 0.1537 0.6695
vn 0.7880 0.1153 0.6048
vn 0.7155 0.1851 0.6736
vn 0.7655 0.1595 0.6233
vn 0.8517 0.4076 0.3293
vn 0.6797 0.0380 -0.7325
vn 0.7364 -0.0080 -0.6765
vn 0.7223 -0.6899 -0.0482
vn 0.7368 0.0078 -0.6761
vn 0.4490 -0.1632 -0.8785
vn 0.3031 -0.9253 -0.2280
vn 0.1978 -0.9596 -0.2001
vn -0.8630 0.4653 -0.1969
vn -0.4925 0.7854 -0.3750
vn -0.7757 0.5963 -0.2067
vn 0.2935 0.9395 0.1768
vn 0.6196 -0.7745 0.1275
vn 0.3736 -0.9125 0.1666
vn 0.0814 -0.9556 0.2831
vn 0.2553 -0.9631 0.0847
vn 0.6195 -0.7745 0.1275
vn 0.5313 -0.8466 -0.0329
vn 0.6297 -0.7750 0.0532
vn 0.5245 -0.8365 0.1586
vn -0.3637 -0.8809 -0.3029
vn -0.4154 -0.8339 -0.3634
vn -0.7678 -0.6202 -0.1606
vn 0.8732 -0.4693 0.1312
vn 0.8223 -0.5375 0.1870
vn 0.7407 -0.6666 -0.0836
vn 0.2719 -0.7415 -0.6134
vn -0.8555 0.4695 -0.2185
vn -0.8541 0.4590 -0.2447
vn -0.8141 0.5288 -0.2400
vn -0.4964 -0.1915 -0.8467
vn -0.3987 -0.2254 -0.8890
vn -0.8257 0.5353 -0.1782
vn -0.2246 0.8635 0.4516
vn -0.2974 0.8756 0.3807
vn -0.1660 0.8774 0.4501
vn 0.0609 0.8825 0.4664
vn -0.7330 0.6242 -0.2704
vn -0.7608 0.6225 -0.1839
vn -0.5666 0.7890 -0.2377
vn -0.2530 -0.6593 -0.7080
vn -0.5891 -0.3901 -0.7076
vn -0.7827 0.5232 -0.3372
vn -0.7779 0.5321 -0.3343
vn -0.7671 0.5569 -0.3185
vn -0.7632 0.5755 -0.2937
vn -0.6189 -0.6515 -0.4387
vn -0.6986 -0.5672 -0.4360
vn -0.6988 -0.5673 -0.4357
vn -0.2037 -0.9085 -0.3648
vn -0.6599 0.1158 -0.7424
vn -0.1842 0.6305 -0.7540
vn -0.1707 0.6242 -0.7624
vn -0.1708 0.6244 -0.7622
vn 0.7151 -0.5880 0.3781
vn 0.8168 0.1192 0.5645
vn 0.0781 -0.4379 0.8956
vn 0.7406 -0.5764 0.3453
vn 0.7387 -0.5800 0.3434
vn -0.4509 0.0909 0.8879
vn 0.2037 -0.0662 0.9768
vn 0.6035 0.6594 0.4483
vn 0.7535 -0.5928 0.2844
vn 0.7669 -0.5764 0.2823
vn -0.2486 -0.8542 -0.4566
vn -0.1215 -0.8829 -0.4536
vn -0.0969 -0.6764 -0.7301
vn 0.7699 -0.6179 0.1597
vn 0.8223 -0.5344 0.1958
vn 0.7189 -0.0428 0.6938
vn 0.4187 0.4182 0.8061
vn 0.9759 -0.2162 -0.0303
vn 0.7541 -0.6422 0.1376
vn 0.7380 -0.6154 0.2766
vn -0.7879 0.6035 -0.1226
vn -0.7486 0.6308 -0.2040
vn -0.7763 0.5901 -0.2218
vn 0.3726 -0.4212 0.8269
vn 0.2143 0.2802 0.9357
vn 0.3533 0.6936 0.6277
vn 0.6103 0.6309 0.4791
vn 0.7683 -0.6051 0.2085
vn 0.7640 -0.6322 0.1289
vn 0.7899 -0.5935 0.1542
vn 0.0606 -0.5909 -0.8045
vn -0.7706 0.5978 -0.2210
vn -0.8372 0.4992 -0.2232
vn -0.7597 0.5862 0.2814
vn -0.0640 0.7471 0.6616
vn 0.3554 0.8715 0.3378
vn -0.6783 0.7343 -0.0266
vn -0.3870 0.9220 -0.0138
vn -0.6293 0.7560 -0.1802
vn -0.0990 0.6027 0.7918
vn -0.3351 0.7990 0.4994
vn -0.0708 0.7431 0.6654
vn 0.0063 0.7414 0.6711
vn 0.3086 0.8760 0.3708
vn 0.1398 0.9563 0.2567
vn -0.3778 0.5016 0.7783
vn -0.7418 0.6043 -0.2907
vn -0.8798 -0.4701 0.0702
vn -0.9592 -0.2803 -0.0378
vn -0.4642 -0.5989 0.6526
vn -0.7337 0.5977 -0.3233
vn -0.6099 0.7714 -0.1815
vn -0.7516 0.6418 -0.1521
vn -0.7414 0.6533 -0.1533
vn -0.3872 -0.5745 -0.7212
vn -0.4081 -0.5980 -0.6898
vn -0.7026 0.6543 -0.2795
vn -0.1819 0.9710 -0.1553
vn 0.4187 0.6743 -0.6083
vn 0.8038 -0.5063 0.3124
vn 0.7996 -0.5116 0.3144
vn 0.7738 -0.5194 0.3626
vn 0.8387 0.5043 0.2055
vn 0.8386 0.5045 0.2055
vn 0.7364 -0.6058 0.3011
vn 0.8640 -0.4327 0.2573
vn -0.6532 0.7569 0.0203
vn -0.6577 0.7528 -0.0249
vn 0.6101 0.3277 -0.7214
vn -0.5299 0.8267 -0.1890
vn -0.6534 0.7289 -0.2045
vn -0.4726 0.8436 -0.2548
vn -0.7890 0.5674 -0.2355
vn -0.5770 -0.6517 -0.4922
vn -0.7475 -0.4592 -0.4800
vn -0.7382 0.6513 -0.1757
vn -0.1292 -0.9484 0.2897
vn 0.7255 -0.6231 0.2921
vn 0.5167 0.0138 -0.8561
vn 0.3048 0.4370 -0.8462
vn 0.3627 -0.0218 -0.9317
vn -0.2498 -0.7502 -0.6122
vn -0.6642 -0.1712 -0.7277
vn 0.0483 0.8904 0.4525
vn -0.3972 0.9104 0.1160
vn -0.3982 0.9100 0.1159
vn -0.3986 0.9097 0.1161
vn -0.6532 0.7569 0.0189
vn -0.8074 0.1570 -0.5688
vn -0.3304 -0.7283 -0.6004
vn -0.7236 0.6220 -0.2992
vn 0.7364 -0.6058 0.3012
vn 0.7488 -0.5635 0.3490
vn -0.2485 -0.9396 0.2353
vn 0.9916 0.0355 -0.1244
vn -0.7194 0.6128 -0.3270
vn -0.2405 0.7260 -0.6443
vn -0.7493 0.5963 -0.2880
vn -0.2501 -0.7528 -0.6089
vn -0.4068 -0.7051 -0.5807
vn -0.7446 0.6506 -0.1494
vn -0.4073 -0.7052 -0.5803
vn -0.6533 0.7290 -0.2047
vn -0.7055 0.5881 -0.3956
vn -0.7204 0.5803 -0.3799
vn -0.7091 0.6097 -0.3542
vn -0.2611 0.2114 0.9419
vn -0.9599 -0.0382 -0.2776
vn -0.9432 -0.0890 -0.3201
vn -0.7674 0.5500 -0.3295
vn -0.7181 0.5705 -0.3987
vn -0.1213 0.0251 -0.9923
vn 0.0135 0.9949 -0.0999
vn -0.3579 0.9245 0.1312
vn -0.7331 0.5834 -0.3496
vn -0.6234 0.7613 -0.1783
vn -0.7619 0.5903 -0.2664
vn -0.4013 0.5358 0.7429
vn -0.7540 0.5997 -0.2680
vn -0.7824 0.6144 -0.1020
vn -0.3675 0.6699 -0.6451
vn -0.8553 0.5144 -0.0627
vn -0.8228 0.5307 -0.2032
vn -0.1447 0.9425 -0.3013
vn 0.4477 0.7003 -0.5560
vn -0.7793 -0.5380 0.3215
vn -0.8623 -0.3834 0.3308
vn -0.7830 0.6005 -0.1622
vn -0.9602 0.2406 0.1422
vn -0.3754 -0.0045 0.9269
vn 0.7959 -0.5749 0.1899
vn 0.4477 0.7004 -0.5559
vn -0.7829 0.6142 -0.0994
vn 0.7433 -0.6089 0.2770
vn 0.7832 -0.6028 0.1525
vn 0.0545 -0.6666 -0.7434
vn 0.8030 -0.5542 0.2191
vn 0.8199 -0.5192 0.2412
vn 0.8416 -0.5397 -0.0226
vn 0.3915 0.8149 0.4273
vn -0.2406 0.7260 -0.6443
vn -0.6906 0.6171 -0.3772
vn -0.6597 0.1159 -0.7425
vn -0.7417 0.5795 -0.3376
vn -0.7418 0.5793 -0.3379
vn -0.7490 0.5994 -0.2823
vn -0.4983 -0.5238 -0.6909
vn -0.3382 0.8739 0.3490
vn 0.0280 0.9800 0.1968
vn -0.8630 0.5035 -0.0419
vn -0.8500 0.5018 -0.1606
vn -0.7041 0.7098 0.0223
vn -0.8009 0.4941 -0.3382
vn -0.8323 0.2192 -0.5092
vn -0.8172 0.2204 -0.5326
vn -0.5264 -0.4492 -0.7219
vn 0.3315 0.9119 0.2421
vn -0.8073 0.5707 -0.1500
vn -0.7944 0.5878 -0.1532
vn -0.9244 0.2107 -0.3181
vn -0.9576 -0.1281 -0.2581
vn -0.6309 -0.7475 -0.2080
vn -0.6845 -0.6637 -0.3015
vn -0.6843 -0.6474 -0.3355
vn -0.7646 0.6236 -0.1629
vn -0.7727 0.6102 -0.1749
vn 0.0596 0.9921 -0.1100
vn -0.2605 0.9617 -0.0855
vn -0.3082 0.9481 0.0779
vn -0.6423 0.6765 0.3601
vn -0.7126 0.6229 0.3228
vn -0.8316 0.5522 -0.0589
vn -0.8317 0.5521 -0.0590
vn -0.8786 0.1144 -0.4637
vn -0.8781 0.1253 -0.4617
vn -0.9939 -0.0441 -0.1014
vn -0.9863 0.0260 0.1628
vn -0.9947 0.0266 0.0993
vn -0.6464 -0.3446 -0.6808
vn -0.7882 0.5968 -0.1502
vn -0.9047 0.0027 0.4260
vn -0.8135 0.2019 0.5453
vn -0.8705 -0.0139 0.4920
vn -0.8477 0.5041 -0.1651
vn -0.8282 0.5331 -0.1729
vn -0.8220 0.5445 -0.1671
vn -0.7961 0.5775 -0.1807
vn -0.6349 -0.7230 -0.2724
vn -0.6557 -0.7061 -0.2671
vn -0.6521 -0.5715 -0.4981
vn -0.8321 0.5039 -0.2318
vn -0.8224 0.4456 -0.3537
vn -0.6547 -0.3403 -0.6749
vn -0.0638 0.4096 -0.9100
vn -0.0949 0.4048 -0.9095
vn -0.0374 0.4489 -0.8928
vn 0.0696 0.6554 -0.7520
vn -0.6832 0.5350 -0.4969
vn -0.8177 0.3468 -0.4594
vn -0.7225 0.3299 -0.6076
vn -0.7437 0.5005 -0.4432
vn -0.8367 0.4636 -0.2916
vn -0.9505 -0.2931 0.1032
vn -0.8300 -0.2761 -0.4846
vn -0.9150 0.1926 -0.3546
vn -0.8146 0.3692 -0.4474
vn -0.9464 -0.0298 -0.3217
vn -0.9625 -0.1290 -0.2387
vn -0.8948 -0.2976 0.3330
vn -0.7760 0.2942 -0.5578
vn -0.8365 0.5479 0.0014
vn -0.2304 0.9529 -0.1974
vn -0.6760 0.4389 -0.5919
vn -0.7582 0.4859 -0.4348
vn -0.7088 0.2552 -0.6576
vn -0.4137 0.3215 -0.8518
vn 0.0290 -0.1290 -0.9912
vn 0.0749 -0.1309 -0.9886
vn -0.7465 0.5256 -0.4080
vn -0.8502 0.5077 -0.1393
vn -0.8371 0.5271 -0.1466
vn -0.8477 0.5036 -0.1668
vn -0.5223 0.7510 -0.4040
vn -0.4370 0.8184 -0.3731
vn -0.9811 -0.0473 0.1877
vn -0.9879 0.0969 0.1215
vn -0.9573 -0.0456 -0.2856
vn -0.6283 -0.7356 -0.2532
vn -0.6930 -0.6859 -0.2221
vn -0.6142 -0.3310 -0.7163
vn -0.3741 0.8361 -0.4013
vn -0.9556 0.0656 0.2873
vn -0.8263 0.5379 -0.1670
vn -0.2977 0.9152 0.2715
vn -0.2637 0.7808 0.5664
vn 0.6270 0.7600 -0.1711
vn 0.3276 0.6971 -0.6377
vn -0.0483 0.7470 -0.6631
vn -0.0721 0.7525 -0.6547
vn -0.5168 0.7775 0.3583
vn -0.6095 0.6560 0.4451
vn -0.5304 0.4179 0.7376
vn 0.4429 0.6739 0.5914
vn 0.3407 0.9248 0.1694
vn 0.1143 0.9905 0.0761
vn -0.8502 0.5087 -0.1358
vn 0.3862 0.8559 -0.3440
vn 0.3186 0.8282 -0.4611
vn -0.8185 0.5450 -0.1817
vn -0.0071 -0.0243 -0.9997
vn -0.0116 -0.0472 -0.9988
vn 0.3959 0.7105 -0.5818
vn -0.0884 -0.1008 -0.9910
vn -0.8663 0.3305 -0.3745
vn 0.3926 0.7502 -0.5320
vn -0.9033 0.3202 -0.2853
vn -0.8795 0.2305 -0.4163
vn -0.6976 0.6811 -0.2225
vn -0.0608 -0.4859 0.8719
vn -0.9501 0.3067 0.0563
vn -0.9208 0.3000 0.2491
vn -0.9268 0.0653 0.3698
vn -0.9114 -0.3730 0.1739
vn -0.9469 -0.2665 0.1798
vn -0.9995 0.0227 0.0238
vn -0.8049 -0.1394 0.5768
vn -0.5658 -0.5592 -0.6060
vn -0.9968 0.0645 -0.0462
vn -0.8058 0.1291 -0.5779
vn -0.7046 0.7081 -0.0457
vn -0.9900 0.1198 0.0746
vn -0.9528 0.1537 0.2619
vn -0.9317 0.1102 0.3462
vn -0.9167 0.3298 0.2257
vn -0.9574 0.1991 0.2092
vn -0.8877 0.3898 0.2452
vn -0.9755 0.2046 -0.0809
vn -0.9766 0.2059 -0.0621
vn -0.3868 0.2850 -0.8770
vn -0.6478 0.4484 -0.6159
vn -0.5517 0.4120 -0.7252
vn -0.3478 -0.1199 -0.9299
vn -0.8106 0.5081 -0.2912
vn 0.0840 0.8415 -0.5337
vn -0.1427 0.9889 -0.0404
vn 0.4661 0.8003 0.3773
vn -0.5529 0.7341 0.3942
vn -0.3282 0.9340 0.1412
vn -0.6391 0.7570 0.1360
vn -0.6006 0.7162 -0.3554
vn -0.9574 -0.2875 0.0288
vn -0.9208 -0.3841 -0.0670
vn -0.9497 -0.2891 -0.1201
vn -0.8535 -0.3269 -0.4058
vn -0.6124 -0.7903 -0.0191
vn -0.8499 0.4682 -0.2419
vn -0.5979 -0.0967 -0.7957
vn -0.5970 -0.1648 -0.7851
vn -0.6875 -0.2965 -0.6629
vn -0.6354 -0.1184 -0.7630
vn -0.8621 0.4865 -0.1419
vn -0.8626 0.4871 -0.1363
vn -0.8645 0.4838 -0.1361
vn -0.7582 0.5464 -0.3557
vn 0.6136 -0.5090 -0.6036
vn -0.8634 0.1533 -0.4806
vn -0.8396 0.5352 0.0927
vn -0.0865 -0.1981 0.9764
vn -0.9727 0.1472 0.1797
vn -0.8421 0.5156 -0.1583
vn -0.8452 0.5114 -0.1556
vn -0.8119 -0.1066 0.5739
vn -0.6561 -0.5111 0.5552
vn -0.6434 0.7522 -0.1423
vn -0.4971 0.6292 -0.5975
vn -0.5301 0.6174 -0.5812
vn -0.8199 -0.1033 0.5631
vn -0.8477 -0.0296 0.5297
vn -0.8643 0.4779 -0.1567
vn 0.7933 0.3579 -0.4926
vn -0.7939 0.6011 -0.0917
vn -0.8469 -0.0762 -0.5263
vn -0.8200 0.4844 -0.3049
vn 0.4276 0.6908 -0.5831
vn 0.4460 0.7318 -0.5153
vn -0.3843 -0.0374 -0.9225
vn -0.8081 0.2223 -0.5455
vn -0.5075 0.8047 -0.3081
vn -0.8483 0.5160 0.1191
vn -0.8191 0.5229 0.2360
vn -0.5458 0.6552 0.5223
vn -0.1149 0.9358 0.3332
vn 0.1334 0.9816 -0.1363
vn -0.3355 0.5115 0.7911
vn 0.0848 0.5193 0.8503
vn -0.5782 -0.5018 0.6433
vn -0.5804 -0.4967 0.6453
vn -0.1035 -0.1700 0.9800
vn -0.0961 -0.5371 0.8380
vn 0.6023 -0.2814 0.7470
vn 0.8521 -0.3311 0.4052
vn 0.0901 -0.9184 0.3852
vn 0.3737 0.4343 0.8196
vn 0.8729 0.2797 0.3999
vn -0.0208 0.1633 0.9864
vn 0.6310 0.6576 -0.4116
vn 0.6741 0.5771 -0.4610
vn 0.2191 0.6663 0.7128
vn -0.1701 0.7546 0.6337
vn 0.0064 0.9999 -0.0121
vn -0.0061 0.7801 0.6257
vn -0.2962 0.7905 0.5361
vn 0.3844 0.9209 0.0651
vn 0.3378 0.9387 0.0683
vn 0.4284 0.8017 0.4168
vn 0.2153 0.6732 0.7074
vn 0.3909 0.4829 0.7836
vn 0.6360 0.3026 0.7099
vn 0.7664 0.2535 0.5903
vn 0.9166 -0.0501 0.3966
vn 0.8664 -0.0398 0.4978
vn 0.7581 0.5502 -0.3500
vn 0.7749 0.5337 -0.3387
vn 0.9522 0.0472 -0.3017
vn 0.9389 -0.3409 -0.0474
vn 0.9203 -0.3050 0.2449
vn 0.9625 -0.2391 0.1279
vn 0.9920 -0.0512 0.1155
vn 0.8978 -0.3346 -0.2862
vn 0.5485 0.0205 -0.8359
vn 0.6594 0.0494 -0.7502
vn 0.5093 0.4361 -0.7419
vn 0.3519 0.1978 -0.9149
vn -0.3038 0.6941 -0.6527
vn -0.0185 0.8971 -0.4415
vn -0.1099 0.9723 0.2065
vn -0.2339 0.5980 -0.7667
vn -0.7182 0.6884 -0.1020
vn -0.1921 0.1812 -0.9645
vn -0.2430 0.3864 -0.8897
vn -0.2779 0.3381 -0.8991
vn -0.7675 0.1874 -0.6130
vn -0.4570 -0.0275 -0.8891
vn -0.6579 -0.5024 -0.5610
vn -0.9502 -0.1877 -0.2487
vn -0.9712 -0.2382 0.0067
vn -0.4030 -0.8834 -0.2390
vn -0.4849 -0.4318 -0.7606
vn 0.0340 -0.7865 -0.6167
vn 0.7655 -0.2523 -0.5919
vn 0.6952 -0.4265 -0.5786
vn -0.4943 -0.8548 -0.1582
vn -0.3260 -0.9430 -0.0676
vn -0.4513 -0.5162 -0.7279
vn -0.4468 -0.5178 -0.7296
vn -0.2411 -0.2917 -0.9256
vn -0.5048 -0.3100 -0.8057
vn -0.6319 -0.2274 -0.7409
vn -0.9382 0.0258 0.3450
vn -0.8845 -0.4126 -0.2179
vn -0.8767 -0.4043 -0.2606
vn -0.6735 -0.4031 -0.6196
vn -0.4750 -0.4780 -0.7389
vn 0.4262 -0.7961 -0.4296
vn -0.6620 -0.6557 -0.3630
vn -0.1134 -0.7503 -0.6513
vn -0.7288 -0.3999 -0.5557
vn -0.5333 0.3734 -0.7591
vn -0.5650 0.4217 -0.7092
vn 0.0412 -0.8612 -0.5066
vn -0.7378 -0.1954 -0.6462
vn 0.0773 -0.6121 -0.7870
vn -0.1361 -0.2042 -0.9694
vn -0.4378 0.0497 -0.8977
vn 0.0865 -0.7909 -0.6058
vn -0.0856 -0.7472 -0.6591
vn 0.5437 0.3509 -0.7624
vn 0.6217 0.2526 -0.7414
vn 0.5765 -0.0350 -0.8164
vn 0.5955 0.4934 -0.6339
vn -0.1004 0.9213 -0.3757
vn -0.2317 0.9082 -0.3485
vn -0.8724 -0.1321 -0.4707
vn -0.9007 0.3571 -0.2474
vn -0.9032 -0.1922 0.3838
vn -0.8349 0.5460 0.0691
vn -0.9399 -0.3391 0.0398
vn -0.6986 -0.6538 0.2907
vn -0.6884 -0.6669 0.2851
vn -0.4093 -0.8309 -0.3769
vn 0.0435 0.7477 -0.6626
vn -0.2451 -0.0023 -0.9695
vn 0.0973 0.4734 -0.8755
vn -0.6054 -0.0687 -0.7929
vn -0.8096 -0.0211 -0.5867
vn -0.7506 0.5889 0.2996
vn -0.6037 0.7970 -0.0182
vn 0.5174 0.8395 -0.1658
vn 0.6121 0.4677 -0.6376
vn -0.0260 0.7199 -0.6936
vn 0.5629 -0.8247 -0.0549
vn 0.6977 0.3937 -0.5985
vn 0.3713 0.3696 0.8518
vn 0.9221 0.0551 0.3830
vn 0.9854 0.1694 0.0156
vn 0.7803 0.5175 -0.3512
vn 0.7857 0.5225 -0.3313
vn 0.7605 0.1508 -0.6316
vn 0.3165 0.0728 -0.9458
vn 0.2205 0.1154 -0.9685
vn 0.5011 0.4073 -0.7635
vn 0.1886 0.4364 -0.8798
vn -0.3791 0.6616 -0.6470
vn -0.5764 0.0125 -0.8171
vn -0.9759 0.2176 -0.0166
vn -0.7217 -0.3689 0.5858
vn -0.7187 -0.4000 0.5687
vn -0.9805 -0.0630 0.1861
vn -0.2039 -0.2959 0.9332
vn -0.8825 -0.4529 0.1268
vn 0.2846 -0.8847 0.3693
vn 0.2450 -0.9320 0.2672
vn 0.2450 -0.9320 0.2673
vn 0.4148 -0.8482 -0.3294
vn 0.8689 0.2704 -0.4146
vn 0.5739 -0.0364 -0.8181
vn 0.1341 -0.7774 -0.6145
vn 0.9130 -0.3969 0.0946
vn 0.9113 -0.1693 -0.3754
vn 0.7875 0.3362 -0.5165
vn 0.9979 -0.0640 -0.0127
vn -0.3219 -0.7225 0.6119
vn -0.4278 -0.6738 0.6025
vn -0.2639 -0.6500 0.7127
vn 0.2085 -0.1672 0.9636
vn 0.0371 -0.0943 0.9949
vn -0.0646 -0.2330 0.9703
vn 0.8868 -0.4621 0.0048
vn 0.8732 -0.1135 0.4740
vn 0.8815 -0.1162 0.4576
vn 0.8826 -0.1177 0.4551
vn 0.8826 -0.1177 0.4552
vn 0.7186 0.3579 0.5963
vn 0.9966 0.0678 0.0470
vn 0.9966 0.0677 0.0470
vn 0.1936 -0.1834 -0.9638
vn 0.4258 -0.1969 -0.8831
vn -0.4988 0.5249 -0.6897
vn 0.8771 -0.0756 -0.4742
vn 0.4355 -0.1936 -0.8791
vn 0.2871 -0.3215 -0.9023
vn 0.2686 -0.3100 -0.9120
vn -0.2040 -0.6381 -0.7424
vn 0.2947 -0.7597 -0.5797
vn -0.3261 -0.8420 0.4298
vn -0.8001 -0.4352 -0.4128
vn -0.9928 0.0973 0.0701
vn -0.9947 0.0974 0.0314
vn -0.2399 0.7837 0.5729
vn -0.6092 0.3963 0.6869
vn -0.1358 0.6594 0.7394
vn 0.6824 0.5065 0.5270
vn 0.4419 0.7724 0.4562
vn 0.6575 0.7426 0.1274
vn -0.6276 0.6865 0.3673
vn -0.6179 0.6938 0.3699
vn -0.7962 -0.5744 -0.1900
vn -0.1916 -0.9697 -0.1519
vn 0.5993 -0.6242 -0.5012
vn 0.5993 -0.6242 -0.5013
vn 0.1220 -0.8343 -0.5376
vn 0.8904 -0.4548 0.0156
vn 0.9686 0.2485 -0.0057
vn 0.5030 -0.2922 -0.8134
vn 0.9402 -0.3407 0.0022
vn 0.9728 0.2231 0.0628
vn -0.1856 -0.5858 -0.7889
vn 0.2908 -0.4013 -0.8686
vn -0.8959 -0.4367 -0.0815
vn -0.6468 0.0550 0.7607
vn -0.2053 0.7696 0.6046
vn 0.6669 0.7354 0.1197
vn 0.5730 0.4798 0.6644
vn 0.8937 0.1365 0.4274
vn -0.1134 0.2405 0.9640
vn 0.1159 0.7338 0.6694
vn 0.9302 0.3660 0.0283
vn -0.3761 0.1215 0.9186
vn -0.4018 0.1189 0.9080
vn -0.3622 0.0979 0.9270
vn -0.3258 0.1607 0.9317
vn -0.6444 -0.1062 0.7573
vn 0.2364 0.0023 0.9717
vn -0.6627 -0.0882 0.7436
vn -0.9610 -0.0204 -0.2759
vn -0.8473 0.0820 -0.5248
vn -0.9359 0.0777 -0.3437
vn -0.9619 0.1476 -0.2302
vn -0.9401 0.1868 -0.2852
vn -0.2158 -0.9535 0.2105
vn 0.2247 -0.0049 -0.9744
vn -0.9308 -0.2930 -0.2184
vn -0.9583 0.1806 -0.2214
vn 0.6187 0.5636 -0.5473
vn 0.5336 0.8347 -0.1366
vn 0.2944 0.9553 0.0259
vn -0.1667 0.9736 -0.1559
vn -0.5272 0.8493 0.0264
vn -0.6515 0.6989 -0.2951
vn -0.8224 0.5669 -0.0475
vn -0.9798 0.0829 0.1821
vn -0.8991 -0.4328 -0.0655
vn -0.9010 -0.4253 0.0858
vn -0.9259 -0.2117 0.3130
vn -0.9839 -0.1221 0.1307
vn -0.6441 0.7626 0.0598
vn -0.6166 0.7868 -0.0287
vn -0.5673 0.8201 0.0753
vn -0.8973 0.4266 0.1133
vn -0.7397 0.4805 0.4710
vn -0.7064 0.6853 0.1772
vn -0.5326 0.7185 0.4473
vn -0.7022 0.5345 0.4704
vn -0.8035 0.0637 0.5918
vn -0.4930 -0.3571 0.7934
vn -0.4490 -0.3633 0.8163
vn -0.4165 -0.3360 0.8448
vn 0.9965 -0.0775 -0.0305
vn 0.0779 -0.9489 0.3059
vn 0.3245 -0.4222 -0.8464
vn 0.9193 0.3259 -0.2205
vn 0.8961 0.3490 -0.2743
vn -0.2344 0.0627 0.9701
vn 0.2721 -0.3404 0.9001
vn 0.0749 -0.5159 0.8534
vn 0.9942 -0.0651 0.0862
vn 0.7549 0.6170 -0.2222
vn -0.3226 0.1408 0.9360
vn -0.3308 0.4145 0.8478
vn 0.1935 0.4363 0.8787
vn -0.0760 0.0806 0.9938
vn -0.6090 0.6872 -0.3961
vn -0.5449 0.7454 -0.3840
vn -0.1123 0.6189 0.7774
vn -0.1118 0.6198 0.7768
vn -0.8218 -0.2618 0.5061
vn -0.8095 -0.3228 0.4904
vn -0.8043 -0.3309 0.4936
vn -0.0971 0.9918 -0.0831
vn 0.3086 0.7613 0.5702
vn 0.9946 0.0989 0.0329
vn 0.9801 -0.1543 0.1249
vn 0.8898 0.3215 0.3239
vn 0.7520 0.3999 0.5240
vn 0.5930 0.7536 0.2836
vn 0.5426 -0.8398 -0.0154
vn 0.5182 -0.8536 -0.0530
vn 0.7241 -0.6883 0.0434
vn 0.8306 0.5558 0.0353
vn 0.8231 0.5642 0.0644
vn 0.9137 0.3913 0.1101
vn 0.6351 0.4645 -0.6171
vn 0.8479 0.2865 -0.4460
vn 0.8712 0.2410 -0.4277
vn 0.6024 0.7097 -0.3654
vn -0.1132 0.7080 0.6971
vn -0.3149 0.5596 0.7666
vn 0.2624 0.1364 0.9553
vn -0.0369 -0.2466 0.9684
vn 0.9362 -0.0781 -0.3428
vn 0.7351 -0.1764 -0.6546
vn 0.9190 0.3020 -0.2535
vn 0.9821 0.1326 -0.1338
vn -0.0451 0.2303 0.9721
vn -0.0317 0.2507 0.9675
vn -0.5835 -0.4483 0.6771
vn -0.3728 -0.4287 0.8230
vn -0.4338 -0.1004 0.8954
vn 0.9860 -0.1128 0.1227
vn 0.9808 0.1132 0.1586
vn 0.6701 0.3767 0.6395
vn 0.4143 0.0719 0.9073
vn -0.2597 0.7641 0.5905
vn 0.8165 0.5679 -0.1041
vn 0.9176 0.3974 -0.0058
vn 0.9044 -0.0865 -0.4179
vn 0.4256 0.8969 0.1200
vn 0.2802 0.8956 0.3456
vn 0.5915 0.3944 0.7032
vn 0.5913 0.3944 0.7034
vn 0.8337 0.4649 0.2982
vn 0.5712 0.4523 0.6849
vn 0.5179 0.4816 0.7070
vn 0.5188 0.8442 0.1349
vn 0.5243 0.8397 0.1416
vn 0.5376 0.8168 0.2093
vn 0.5369 0.8003 0.2670
vn 0.4477 0.8656 0.2243
vn 0.7445 0.6247 0.2355
vn 0.7975 0.5839 0.1519
vn 0.6759 -0.3798 0.6316
vn 0.5387 0.1733 0.8245
vn -0.3242 -0.0779 0.9428
vn 0.5963 0.3806 0.7068
vn 0.1981 0.5196 0.8311
vn 0.1993 0.7795 0.5938
vn 0.8312 0.3449 -0.4360
vn 0.9991 0.0058 0.0427
vn 0.7969 0.3942 0.4579
vn 0.2526 0.9674 0.0192
vn 0.2277 0.9245 -0.3056
vn 0.6358 0.7678 -0.0793
vn 0.6588 0.7514 -0.0381
vn 0.6901 0.7219 -0.0507
vn -0.3542 0.5364 0.7661
vn 0.8748 0.4814 0.0549
vn 0.8165 0.5510 0.1723
vn 0.4281 0.3125 0.8480
vn 0.4148 0.8225 -0.3890
vn 0.8469 0.3758 -0.3762
vn 0.0682 -0.7113 -0.6996
vn -0.0271 0.3888 -0.9209
vn 0.8476 0.5067 -0.1574
vn 0.8123 0.5799 -0.0629
vn 0.5540 0.6870 0.4703
vn 0.8286 0.3226 0.4575
vn 0.0737 -0.4277 0.9009
vn 0.3685 -0.9141 -0.1693
vn 0.9417 0.3290 0.0703
vn -0.1917 -0.3703 0.9089
vn -0.6129 0.5127 0.6012
vn 0.9624 0.2445 0.1185
vn 0.9448 0.3217 -0.0625
vn -0.1078 0.4018 -0.9094
vn 0.8784 0.4180 -0.2315
vn 0.8265 0.3935 -0.4025
vn 0.5272 0.3627 -0.7684
vn 0.6757 0.3025 -0.6723
vn 0.7614 -0.1108 -0.6388
vn -0.8164 -0.5632 -0.1277
vn -0.1985 -0.5594 0.8048
vn -0.0018 -0.8998 0.4362
vn -0.1160 -0.9743 0.1930
vn 0.8037 0.4911 -0.3360
vn 0.6089 0.1678 -0.7753
vn 0.5407 -0.4526 -0.7091
vn -0.1325 -0.9533 -0.2715
vn -0.1114 -0.9563 -0.2704
vn 0.0420 -0.9103 -0.4118
vn -0.0390 -0.9167 -0.3977
vn 0.0312 -0.9475 -0.3184
vn 0.0429 -0.9873 -0.1532
vn 0.0630 -0.9891 -0.1328
vn 0.0497 -0.9967 0.0643
vn 0.0681 -0.9932 0.0941
vn -0.1013 -0.7906 0.6039
vn -0.2173 -0.9550 0.2020
vn -0.4053 -0.7188 0.5649
vn -0.6213 -0.4080 0.6690
vn -0.8090 -0.4419 0.3876
vn -0.5947 -0.6307 0.4986
vn -0.2226 -0.9048 0.3631
vn 0.0096 -0.9348 0.3549
vn -0.0206 -0.9772 0.2111
vn -0.5898 -0.7955 0.1391
vn 0.0793 -0.9684 0.2364
vn -0.0961 -0.9950 0.0285
vn -0.1118 -0.9927 0.0452
vn -0.8266 -0.5585 -0.0698
vn -0.8253 -0.5606 -0.0677
vn -0.7589 -0.6003 0.2524
vn -0.8867 0.4624 -0.0026
vn -0.8850 0.4596 0.0742
vn -0.8578 0.5121 0.0433
vn -0.5712 0.8208 -0.0075
vn -0.5674 0.8234 -0.0100
vn -0.5428 0.8341 0.0979
vn -0.1251 0.9847 0.1209
vn -0.1484 0.9863 0.0727
vn -0.1395 0.9837 0.1136
vn 0.3791 0.9176 0.1194
vn 0.3896 0.9197 0.0487
vn 0.9158 0.3907 0.0928
vn 0.8495 0.5269 0.0251
vn 0.8987 -0.4384 0.0107
vn 0.9034 -0.4273 0.0357
vn 0.8719 -0.4679 0.1443
vn 0.8536 -0.4470 0.2675
vn 0.7715 -0.6342 -0.0499
vn 0.8807 -0.4553 -0.1302
vn -0.5418 -0.2329 -0.8076
vn -0.9267 -0.3471 -0.1439
vn -0.9407 -0.2916 -0.1735
vn -0.9046 -0.3339 -0.2650
vn -0.7358 -0.2263 -0.6383
vn 0.7846 -0.1019 -0.6116
vn 0.9512 -0.2801 0.1297
vn 0.7608 0.5483 -0.3472
vn 0.4387 0.8902 -0.1233
vn 0.0300 0.9488 -0.3145
vn 0.2465 0.8374 0.4878
vn -0.3192 0.9427 -0.0969
vn -0.3057 0.9452 -0.1144
vn -0.3283 0.9218 -0.2063
vn 0.2701 0.9344 -0.2325
vn 0.3414 0.7492 0.5676
vn 0.8633 0.4369 -0.2527
vn 0.8758 -0.4788 -0.0610
vn 0.9163 -0.3928 0.0788
vn 0.3972 0.8283 -0.3951
vn 0.4740 0.8178 -0.3266
vn -0.2138 0.9580 -0.1912
vn -0.2281 0.9531 -0.1988
vn -0.2364 0.9615 -0.1398
vn -0.2001 0.9756 -0.0908
vn -0.1342 0.9604 -0.2443
vn -0.0584 0.9977 -0.0340
vn -0.0567 0.9978 -0.0341
vn -0.3601 0.8717 0.3322
vn -0.0417 0.9356 0.3505
vn -0.3089 0.6608 0.6840
vn -0.0370 0.9295 0.3669
vn -0.0082 0.9330 0.3599
vn 0.2693 0.8331 0.4831
vn 0.2124 0.9188 0.3326
vn 0.5195 0.7789 0.3513
vn 0.3565 0.7812 0.5125
vn 0.5005 0.5755 0.6467
vn 0.1460 0.2890 0.9461
vn 0.1526 0.2895 0.9449
vn 0.4440 0.8127 -0.3773
vn 0.7328 0.6240 -0.2714
vn 0.7353 0.6228 -0.2674
vn 0.9738 0.1810 -0.1376
vn 0.6740 0.3883 -0.6285
vn 0.8883 -0.3802 -0.2577
vn 0.8084 -0.3751 -0.4535
vn 0.6831 -0.7205 -0.1198
vn 0.2442 -0.8162 -0.5236
vn 0.4445 -0.7396 -0.5054
vn 0.0214 -0.2467 -0.9689
vn -0.3459 -0.0624 -0.9362
vn -0.3308 -0.9060 0.2639
vn -0.4347 -0.8608 0.2646
vn -0.7450 -0.4959 0.4462
vn -0.7557 -0.4889 0.4358
vn -0.6715 -0.3928 0.6283
vn -0.8501 -0.2359 0.4708
vn 0.1622 -0.1816 0.9699
vn -0.8459 0.0528 0.5308
vn -0.8472 -0.0753 0.5260
vn -0.9418 -0.3354 -0.0207
vn -0.9405 -0.3392 -0.0194
vn -0.7984 -0.5706 0.1921
vn 0.4754 0.4831 -0.7353
vn -0.7715 0.4080 -0.4881
vn -0.4451 -0.5376 -0.7162
vn -0.4503 -0.6021 -0.6593
vn -0.4579 -0.3819 0.8028
vn -0.4820 -0.7372 0.4736
vn -0.7812 -0.2563 0.5693
vn -0.6969 -0.2847 0.6582
vn 0.2479 0.7378 0.6279
vn 0.2819 0.8217 0.4954
vn 0.8408 -0.2431 0.4836
vn 0.8353 0.4616 -0.2985
vn -0.0866 0.6669 0.7401
vn 0.0587 -0.9778 0.2011
vn -0.0985 0.6911 0.7160
vn -0.1152 -0.5135 0.8503
vn -0.0214 -0.6243 0.7809
vn 0.4614 0.6546 0.5988
vn 0.0229 0.9826 0.1845
vn -0.3417 -0.3021 0.8900
vn -0.3021 -0.3049 0.9032
vn 0.9167 0.2275 0.3284
vn 0.9089 0.1798 0.3763
vn 0.6808 0.4336 -0.5904
vn 0.1352 0.0013 0.9908
vn 0.6869 -0.7252 -0.0477
vn 0.3660 -0.0953 0.9257
vn 0.8075 0.4770 0.3470
vn 0.5891 -0.7805 0.2093
vn -0.0550 0.2478 0.9672
vn 0.0955 0.2132 0.9723
vn -0.4847 0.7620 0.4294
vn 0.0086 0.9100 0.4145
vn 0.4767 0.4769 0.7385
vn -0.1130 -0.8909 0.4399
vn -0.2308 0.6930 0.6830
vn 0.5195 0.7195 0.4609
vn -0.1922 0.9780 -0.0815
vn 0.3575 0.8919 -0.2769
vn 0.8027 0.5585 0.2093
vn 0.6199 0.4056 0.6718
vn 0.3108 0.7727 0.5534
vn 0.0267 0.3217 0.9465
vn 0.9794 -0.0734 -0.1883
vn -0.4457 0.7159 0.5374
vn -0.6463 0.5924 0.4810
vn 0.4745 0.7587 -0.4464
vn 0.8202 0.5714 0.0280
vn 0.8205 0.5712 0.0227
vn 0.2547 0.8326 0.4918
vn 0.0152 0.9457 0.3246
vn -0.8782 0.3042 0.3691
vn -0.7485 0.0937 0.6565
vn -0.7664 0.2503 0.5915
vn -0.8436 0.2477 0.4764
vn -0.7599 0.3307 0.5596
vn -0.2971 0.9542 0.0341
vn -0.8111 -0.5844 0.0231
vn -0.1610 -0.8746 0.4572
vn -0.5874 -0.4520 0.6713
vn 0.0481 0.8901 0.4532
vn 0.1307 0.9511 0.2798
vn 0.3144 0.7397 0.5949
vn 0.5818 0.6285 0.5163
vn 0.3359 0.4922 0.8031
vn 0.3406 0.4889 0.8031
vn 0.5980 0.4825 0.6400
vn 0.5691 0.4992 0.6534
vn 0.5691 0.4992 0.6535
vn 0.2768 0.4150 0.8667
vn -0.3561 0.3817 0.8529
vn -0.3281 0.3194 0.8890
vn -0.4761 0.3167 0.8204
vn -0.6298 0.2487 0.7358
vn -0.7950 0.2634 0.5465
vn 0.5098 0.4893 -0.7076
vn 0.5752 0.5754 -0.5815
vn 0.5802 0.5505 -0.6002
vn 0.5738 0.5413 -0.6146
vn 0.8585 0.5071 0.0760
vn 0.9705 0.2354 0.0511
vn 0.9706 0.2354 0.0511
vn 0.9741 0.1012 0.2021
vn 0.5872 0.5596 -0.5848
vn 0.5744 0.8055 -0.1459
vn 0.5283 0.8307 -0.1757
vn 0.8447 0.5308 0.0691
vn 0.7151 0.6867 -0.1305
vn 0.5692 -0.3477 -0.7451
vn 0.4455 -0.2714 -0.8531
vn 0.3950 -0.2801 -0.8749
vn 0.3079 -0.0269 -0.9510
vn 0.2689 0.4184 -0.8675
vn 0.6925 0.4543 -0.5604
vn 0.3749 -0.0322 -0.9265
vn 0.6174 -0.3026 -0.7261
vn 0.2580 0.3347 -0.9063
vn 0.3798 0.2315 -0.8956
vn 0.5809 0.2487 -0.7751
vn 0.6034 0.1213 -0.7882
vn 0.7081 0.0541 -0.7041
vn 0.7242 -0.3195 -0.6111
vn 0.7686 -0.1081 -0.6306
vn 0.2610 0.1033 -0.9598
vn 0.0966 -0.2742 -0.9568
vn 0.2136 -0.2611 -0.9414
vn 0.1499 -0.3446 -0.9267
vn -0.0858 -0.8175 -0.5695
vn -0.1781 -0.7935 -0.5819
vn 0.2306 0.4946 -0.8380
vn 0.2212 -0.0713 -0.9726
vn 0.0145 -0.1983 -0.9800
vn 0.0159 -0.1945 -0.9808
vn -0.0141 -0.5034 -0.8640
vn 0.1485 -0.5700 -0.8081
vn 0.2813 -0.2354 -0.9303
vn 0.2619 -0.2440 -0.9337
vn 0.2610 -0.2420 -0.9345
vn 0.2621 -0.2915 -0.9200
vn 0.4906 -0.1313 -0.8614
vn 0.2602 0.4637 -0.8469
vn 0.5049 -0.8561 -0.1103
vn 0.5071 -0.8492 -0.1474
vn 0.5125 -0.8471 -0.1405
vn 0.6418 -0.6583 -0.3933
vn 0.3297 -0.8786 -0.3454
vn 0.3320 -0.8790 -0.3421
vn 0.5032 -0.4595 -0.7318
vn 0.3742 -0.5190 -0.7685
vn 0.1650 -0.8460 -0.5071
vn 0.5237 -0.4852 -0.7002
vn 0.5167 -0.6889 -0.5084
vn 0.6862 -0.6636 0.2978
vn 0.6131 -0.7427 -0.2693
vn 0.5172 -0.8526 0.0745
vn 0.5189 -0.8514 0.0770
vn 0.7896 -0.6129 -0.0298
vn 0.8600 -0.5100 -0.0135
vn 0.8218 -0.5613 -0.0979
vn 0.4069 0.7366 -0.5403
vn 0.3467 -0.0660 0.9356
vn 0.2937 0.8747 -0.3855
vn 0.3836 0.6374 -0.6683
vn 0.7671 0.3677 0.5258
vn 0.2058 0.9015 -0.3808
vn 0.2059 0.8989 -0.3867
vn 0.2772 0.9061 -0.3194
vn 0.1667 0.9382 -0.3034
vn 0.2586 0.9455 -0.1979
vn 0.1232 0.9842 0.1268
vn 0.0679 0.9912 -0.1137
vn 0.8117 0.4704 -0.3461
vn 0.4522 0.7943 -0.4058
vn 0.1517 0.9876 -0.0411
vn 0.5983 0.7576 -0.2608
vn 0.4957 0.8065 -0.3223
vn 0.2829 0.6294 -0.7237
vn 0.3757 0.6180 -0.6906
vn 0.6835 0.6592 -0.3135
vn 0.6137 0.7870 -0.0630
vn 0.6789 0.7233 -0.1267
vn 0.7687 0.6390 -0.0289
vn 0.7547 0.5347 0.3801
vn 0.9393 0.2631 0.2204
vn 0.9330 0.2638 0.2446
vn 0.9681 0.2087 0.1385
vn 0.9785 0.1580 0.1323
vn 0.9870 0.1604 0.0059
vn 0.9824 -0.0254 0.1848
vn 0.9870 -0.0633 0.1477
vn 0.9930 -0.0834 0.0833
vn 0.9570 -0.2854 -0.0512
vn 0.8274 -0.5596 -0.0478
vn 0.9792 -0.1208 0.1633
vn 0.9448 -0.1821 0.2725
vn 0.9480 -0.2032 0.2449
vn 0.0564 -0.4713 0.8801
vn 0.9046 -0.0496 0.4233
vn 0.9688 -0.0967 0.2281
vn 0.9354 0.1301 -0.3288
vn 0.9498 0.1528 -0.2729
vn 0.4522 -0.5132 -0.7295
vn 0.9693 -0.0403 -0.2424
vn 0.7048 0.1107 -0.7008
vn 0.6460 0.3491 -0.6788
vn 0.3803 0.4577 -0.8037
vn 0.3666 0.6563 -0.6595
vn 0.3252 0.6044 -0.7273
vn 0.5793 0.5508 -0.6008
vn 0.6534 0.4542 -0.6057
vn 0.3204 0.6173 -0.7185
vn 0.9862 0.0331 -0.1622
vn 0.8914 -0.0149 -0.4530
vn 0.1945 0.0470 -0.9798
vn 0.8238 -0.3372 -0.4556
vn 0.7950 0.6059 0.0283
vn 0.8282 0.5568 0.0642
vn 0.3473 0.9302 0.1191
vn 0.2516 0.9631 0.0952
vn -0.4929 0.8683 0.0563
vn -0.9970 -0.0603 -0.0479
vn -0.8801 -0.4525 -0.1441
vn -0.9662 -0.1451 -0.2132
vn -0.9858 0.0252 -0.1659
vn 0.4569 0.5339 -0.7115
vn 0.4018 0.5428 -0.7375
vn 0.1532 -0.7892 -0.5948
vn 0.5950 -0.3198 -0.7374
vn 0.4469 0.6440 -0.6209
vn 0.2941 0.5610 -0.7738
vn 0.3588 0.4227 -0.8322
vn 0.2820 -0.5346 -0.7967
vn 0.7411 0.3137 -0.5936
vn 0.8500 -0.2974 -0.4349
vn 0.8984 0.3598 -0.2520
vn 0.5453 0.4779 -0.6887
vn 0.5140 0.2930 -0.8062
vn 0.4813 0.6976 -0.5307
vn 0.4062 0.7056 -0.5806
vn 0.8549 0.2827 -0.4351
vn -0.5554 0.8301 0.0498
vn 0.1467 0.6992 -0.6998
vn 0.1836 0.5449 -0.8181
vn 0.8085 -0.2248 -0.5439
vn -0.9829 -0.1133 0.1451
vn -0.9572 -0.2785 -0.0783
vn -0.9662 -0.2356 -0.1050
vn -0.9750 -0.2044 -0.0877
vn -0.7774 -0.5238 -0.3483
vn -0.8325 0.2213 -0.5079
vn -0.8566 0.4054 -0.3191
vn -0.7636 -0.3671 -0.5312
vn -0.5584 -0.4277 -0.7108
vn 0.1766 -0.8354 -0.5205
vn -0.6526 -0.7534 -0.0807
vn -0.1913 -0.7292 0.6570
vn -0.6032 -0.5088 0.6142
vn -0.9701 -0.1970 0.1416
vn -0.9647 -0.2001 0.1711
vn -0.7482 -0.4403 0.4964
vn -0.7201 -0.5280 0.4502
vn -0.9234 -0.2946 0.2460
vn -0.8613 -0.3385 0.3790
vn -0.1320 -0.6803 0.7209
vn -0.2614 -0.5438 0.7975
vn -0.6429 -0.5603 0.5222
vn -0.6433 -0.5608 0.5212
vn -0.6293 -0.5821 0.5149
vn -0.8752 -0.4832 0.0229
vn -0.7707 -0.4363 0.4644
vn -0.7682 -0.4816 0.4218
vn -0.7373 -0.5748 0.3550
vn -0.5210 -0.7675 0.3735
vn -0.4769 -0.5205 0.7083
vn -0.6190 -0.6944 0.3669
vn -0.4142 -0.9092 0.0421
vn -0.6028 -0.7840 0.1486
vn -0.5630 -0.8075 0.1762
vn -0.6477 -0.7058 0.2869
vn 0.1182 0.0961 -0.9883
vn -0.0099 0.3931 -0.9194
vn -0.7509 -0.0829 -0.6552
vn -0.4454 -0.6485 -0.6173
vn -0.6932 -0.7201 0.0300
vn -0.5909 -0.7751 0.2237
vn -0.5319 -0.7192 -0.4470
vn -0.5903 -0.6957 -0.4093
vn -0.7257 -0.5643 0.3935
vn -0.4149 -0.5585 0.7183
vn -0.0652 -0.6439 0.7623
vn 0.5041 -0.0762 0.8603
vn -0.6116 0.0940 0.7855
vn -0.0579 0.5422 0.8382
vn 0.1340 -0.8853 0.4454
vn -0.5126 -0.1855 0.8383
vn 0.4048 -0.0904 0.9099
vn -0.6453 -0.4376 0.6261
vn 0.4446 -0.3352 0.8307
vn 0.1920 -0.5339 0.8234
vn 0.6269 0.4355 0.6460
vn 0.8591 -0.2411 0.4514
vn 0.8481 -0.2766 0.4519
vn 0.7550 -0.4239 0.5004
vn 0.6245 -0.6775 0.3885
vn 0.7028 -0.0835 0.7064
vn 0.8239 0.0667 0.5629
vn 0.8052 -0.5262 0.2734
vn 0.7567 -0.6028 0.2531
vn 0.7467 -0.5817 0.3227
vn 0.9182 -0.3664 0.1508
vn 0.8694 -0.4913 0.0528
vn 0.8529 -0.5078 0.1215
vn 0.6894 -0.7210 0.0704
vn 0.6888 -0.7219 0.0670
vn -0.0250 -0.9997 -0.0009
vn -0.0864 -0.9430 -0.3215
vn -0.4039 -0.8434 0.3543
vn 0.4681 -0.7101 0.5260
vn 0.1809 -0.6205 0.7631
vn 0.4915 -0.5544 0.6716
vn 0.1956 0.9646 0.1769
vn -0.0125 0.9944 0.1045
vn -0.8321 0.1904 -0.5209
vn -0.7550 0.0307 0.6550
vn -0.6636 0.0936 0.7422
vn -0.1888 0.9749 0.1181
vn 0.8462 0.1734 0.5038
vn 0.9051 0.1392 0.4017
vn 0.3904 0.3440 -0.8540
vn 0.3255 0.3042 -0.8953
vn 0.3284 0.3112 -0.8918
vn 0.9840 0.1720 0.0471
vn 0.9791 0.2006 0.0340
vn 0.9773 0.1608 0.1376
vn 0.9668 0.1539 0.2039
vn 0.9728 -0.2199 -0.0723
vn 0.9764 -0.1953 -0.0926
vn 0.9347 -0.3303 -0.1313
vn 0.8538 -0.5198 0.0297
vn 0.7504 0.5432 -0.3767
vn 0.7418 0.0726 -0.6666
vn 0.7369 -0.0087 -0.6759
vn 0.4573 0.2287 -0.8594
vn 0.0293 -0.0213 -0.9993
vn 0.0529 -0.2732 -0.9605
vn -0.2759 0.2485 -0.9285
vn -0.4943 0.1696 -0.8526
vn -0.8493 -0.2330 -0.4737
vn -0.7357 -0.1557 -0.6591
vn -0.5503 0.3888 -0.7389
vn -0.6031 0.3281 -0.7270
vn -0.8505 0.2462 -0.4648
vn -0.9097 -0.1354 -0.3926
vn -0.9799 -0.0681 -0.1876
vn -0.8138 0.0768 -0.5761
vn -0.9117 0.3272 -0.2485
vn -0.9124 0.3224 -0.2522
vn -0.9790 -0.2040 -0.0046
vn -0.2446 -0.9634 0.1095
vn -0.1525 -0.8296 -0.5372
vn -0.9368 0.1363 -0.3223
vn -0.9927 0.0526 -0.1087
vn -0.9902 0.0638 0.1243
vn -0.9713 0.1021 0.2150
vn -0.9785 0.0762 0.1918
vn -0.9617 -0.2381 0.1359
vn -0.3882 0.0061 0.9216
vn -0.6315 -0.6669 -0.3955
vn -0.5709 0.8210 0.0056
vn -0.9436 0.0689 0.3238
vn -0.9320 0.0315 0.3610
vn -0.9728 0.0159 0.2313
vn -0.9539 0.1118 0.2784
vn -0.8698 0.4523 -0.1972
vn -0.8503 0.2935 -0.4369
vn 0.1082 0.9708 0.2139
vn -0.8871 0.0757 0.4554
vn -0.7871 0.2123 0.5792
vn 0.2541 0.0719 0.9645
vn 0.0698 0.3037 0.9502
vn -0.9739 0.1158 0.1954
vn -0.1972 0.9683 0.1536
vn -0.1715 0.9713 0.1649
vn -0.3360 -0.9338 0.1226
vn -0.8131 -0.5458 0.2022
vn -0.9634 -0.1309 -0.2339
vn -0.9645 -0.0334 -0.2620
vn -0.8925 -0.4468 -0.0620
vn -0.5107 -0.4247 -0.7476
vn -0.4932 -0.1328 -0.8597
vn 0.0976 -0.2566 -0.9616
vn 0.1300 0.5938 -0.7940
vn 0.1964 0.6496 -0.7345
vn 0.1300 0.9440 -0.3034
vn -0.7343 -0.3995 -0.5488
vn -0.9942 -0.1030 0.0321
vn -0.5847 0.1364 0.7997
vn -0.9846 0.0620 0.1634
vn -0.3867 -0.4709 -0.7929
vn -0.3552 0.0805 -0.9313
vn -0.8863 -0.4003 0.2329
vn -0.6240 -0.4350 0.6492
vn 0.2912 -0.2976 0.9092
vn 0.6542 -0.7025 0.2801
vn -0.0141 -0.1301 0.9914
vn -0.0440 0.1036 0.9936
vn 0.1854 0.3942 0.9001
vn -0.9684 -0.1652 -0.1869
vn -0.8723 0.4169 0.2556
vn 0.8538 0.2586 -0.4519
vn 0.9588 -0.0954 -0.2676
vn -0.1397 0.7997 0.5839
vn -0.9647 -0.0145 -0.2630
vn -0.9893 0.1364 -0.0511
vn -0.9245 0.3629 -0.1164
vn -0.8969 0.2753 -0.3462
vn -0.7516 -0.6491 0.1176
vn -0.3959 -0.9156 -0.0710
vn 0.1479 -0.7334 -0.6636
vn 0.0592 -0.5043 -0.8615
vn 0.5885 -0.3390 -0.7340
vn 0.2502 -0.8279 -0.5020
vn -0.5673 -0.5665 -0.5977
vn -0.2114 -0.4397 -0.8729
vn -0.2630 -0.9618 -0.0763
vn -0.0201 -0.4420 -0.8968
vn -0.8369 0.2607 -0.4813
vn -0.8333 0.2903 -0.4705
vn -0.8365 0.2938 -0.4626
vn -0.7576 0.6324 -0.1612
vn -0.8207 0.5296 -0.2143
vn -0.6612 0.7156 -0.2252
vn -0.7344 0.6198 -0.2766
vn -0.4368 0.8805 0.1842
vn -0.4915 0.8698 0.0425
vn -0.5260 0.8223 0.2172
vn -0.3548 0.8288 0.4327
vn -0.5263 0.7403 0.4183
vn -0.6633 0.6774 0.3179
vn -0.6486 0.6910 0.3191
vn -0.8865 0.4603 -0.0480
vn -0.6779 -0.6908 0.2516
vn -0.2300 0.8215 0.5217
vn -0.8901 0.4529 -0.0509
vn -0.7346 0.5333 0.4194
vn -0.7478 0.4822 -0.4564
vn -0.7182 0.6901 0.0897
vn -0.4513 0.5315 0.7168
vn -0.0482 0.9041 0.4245
vn -0.6497 0.2224 0.7269
vn -0.9374 0.3436 0.0559
vn 0.1657 0.2596 0.9514
vn 0.4119 0.6913 0.5937
vn -0.5242 0.5549 0.6460
vn -0.6419 0.7060 0.2990
vn -0.3094 0.7618 0.5691
vn 0.1924 -0.4274 0.8834
vn 0.1249 0.3280 0.9364
vn 0.2916 0.3699 0.8821
vn 0.4047 -0.8388 0.3642
vn 0.8345 0.4465 0.3230
vn 0.5538 0.7648 -0.3292
vn 0.6553 0.6887 -0.3103
vn 0.5413 -0.3686 0.7557
vn 0.7637 -0.6282 -0.1485
vn 0.9107 -0.4096 0.0531
vn 0.6966 -0.6714 0.2531
vn 0.1009 -0.6519 0.7516
vn -0.0593 -0.8367 0.5444
vn 0.4830 -0.7257 -0.4900
vn -0.2499 -0.7993 0.5466
vn 0.2940 -0.6128 0.7335
vn 0.4734 -0.7356 -0.4845
vn 0.5001 -0.0067 -0.8659
vn 0.9610 -0.1356 -0.2408
vn 0.2791 0.5533 0.7849
vn 0.7425 -0.0584 0.6673
vn 0.4543 0.6510 0.6081
vn 0.6561 0.5168 0.5499
vn 0.6333 0.4226 0.6483
vn 0.0545 -0.9881 -0.1437
vn 0.1421 -0.8543 0.5000
vn 0.4805 -0.8739 0.0733
vn 0.7869 -0.3616 0.5000
vn 0.7888 -0.2542 0.5597
vn 0.8085 0.0903 0.5815
vn -0.9565 0.1710 0.2366
vn 0.4665 0.3982 0.7898
vn 0.5785 0.4294 0.6935
vn 0.5791 0.4239 0.6964
vn 0.5759 0.4213 0.7005
vn 0.1264 0.4187 0.8993
vn -0.5274 0.4602 0.7142
vn 0.7823 0.2326 0.5778
vn 0.9578 0.1951 0.2113
vn 0.7951 -0.0894 0.5999
vn 0.7941 -0.0256 0.6072
vn 0.7582 0.1310 0.6388
vn 0.1961 -0.0744 0.9778
vn 0.5264 0.1833 0.8303
vn 0.3535 -0.5019 0.7894
vn 0.4829 -0.4300 0.7628
vn -0.3602 -0.4184 0.8338
vn -0.2566 -0.6664 0.7000
vn -0.4087 -0.6086 0.6801
vn -0.2254 -0.5857 0.7785
vn -0.6531 -0.6828 0.3277
vn -0.4371 -0.7392 0.5124
vn 0.3025 -0.8678 0.3943
vn 0.3867 -0.7894 0.4767
vn 0.2808 -0.7953 0.5372
vn 0.4875 -0.6601 0.5715
vn 0.5471 -0.3512 0.7598
vn 0.5022 -0.7741 -0.3855
vn 0.5013 -0.3168 -0.8052
vn 0.5377 -0.3274 -0.7770
vn 0.8675 0.0927 -0.4887
vn 0.4745 -0.8799 -0.0255
vn 0.3928 -0.2110 -0.8951
vn 0.3282 -0.5053 -0.7981
vn 0.6733 -0.5238 -0.5218
vn 0.9217 -0.1273 -0.3665
vn 0.9148 -0.1766 0.3634
vn 0.9613 0.2297 -0.1523
vn 0.8678 -0.4398 -0.2314
vn 0.8993 -0.4256 -0.1002
vn 0.9074 -0.3876 -0.1625
vn 0.8008 -0.4085 -0.4379
vn -0.4824 -0.8133 -0.3254
vn -0.3440 -0.8926 -0.2913
vn 0.4477 -0.8910 0.0762
vn 0.9593 -0.1546 -0.2363
vn 0.9534 -0.1613 -0.2548
vn 0.9692 -0.1148 0.2177
vn 0.7522 -0.4293 0.5000
vn 0.5215 -0.5642 -0.6401
vn 0.6257 -0.7366 -0.2567
vn 0.5518 0.4705 -0.6886
vn 0.3757 0.5490 -0.7466
vn 0.8328 -0.1405 -0.5354
vn 0.8287 -0.3481 -0.4383
vn 0.8446 -0.3294 -0.4220
vn 0.3767 -0.9158 -0.1396
vn 0.1557 -0.9851 0.0727
vn 0.6048 -0.7832 0.1443
vn 0.2714 -0.8203 0.5033
vn -0.1121 -0.7874 0.6061
vn 0.5741 -0.7945 -0.1981
vn -0.5374 -0.8361 -0.1102
vn 0.5705 -0.7823 -0.2499
vn -0.0147 -0.9493 0.3140
vn 0.1537 -0.9561 0.2493
vn 0.3042 -0.8896 0.3407
vn 0.1549 0.7763 -0.6111
vn 0.6887 -0.6185 0.3784
vn 0.7233 -0.3171 0.6134
vn 0.6747 -0.6061 -0.4211
vn 0.8590 -0.4098 -0.3070
vn 0.8584 -0.4094 -0.3090
vn 0.8101 -0.1661 0.5622
vn 0.8408 -0.5308 -0.1067
vn 0.7383 0.0492 -0.6726
vn 0.8628 -0.5038 0.0415
vn 0.7956 -0.1941 0.5738
vn 0.9622 -0.2521 -0.1035
vn 0.7670 -0.2965 0.5690
vn 0.8689 -0.0852 -0.4876
vn 0.4389 -0.7820 -0.4425
vn 0.4549 -0.6432 0.6158
vn 0.8053 -0.5260 -0.2735
vn 0.5932 -0.6683 -0.4489
vn 0.7466 -0.4644 0.4763
vn 0.7444 -0.4641 0.4801
vn 0.7950 -0.5082 -0.3313
vn 0.9244 -0.3523 -0.1460
vn 0.9707 -0.0893 -0.2230
vn 0.8728 -0.4430 -0.2048
vn 0.8496 -0.3591 -0.3864
vn 0.9961 -0.0310 -0.0822
vn 1.0000 -0.0019 -0.0056
vn 0.9993 0.0357 -0.0140
vn 0.9971 0.0574 -0.0495
vn 0.9969 0.0767 0.0159
vn 0.9281 -0.1438 0.3435
vn 0.5387 0.7850 -0.3059
vn 0.6779 0.7131 -0.1786
vn 0.5957 0.7783 0.1982
vn 0.7755 0.4271 0.4649
vn 0.8541 -0.5087 0.1082
vn 0.9746 -0.2203 0.0394
vn 0.9727 -0.2305 0.0265
vn 0.9463 -0.2130 0.2434
vn 0.9215 -0.2551 0.2930
vn 0.6934 -0.7192 0.0440
vn 0.2452 0.3578 -0.9010
vn 0.6658 0.5423 0.5124
vn 0.2539 0.6251 0.7381
vn 0.0879 0.5202 0.8495
vn -0.0218 -0.4286 0.9032
vn 0.8215 -0.5573 -0.1206
vn 0.8289 -0.5453 -0.1243
vn 0.2138 -0.0037 0.9769
vn 0.6486 -0.6562 0.3856
vn 0.1509 -0.5156 -0.8434
vn 0.9051 -0.0716 -0.4192
vn 0.7587 -0.4415 0.4790
vn 0.9210 -0.0996 0.3766
vn 0.8969 -0.1597 0.4123
vn 0.5870 0.0477 0.8082
vn 0.5820 -0.0281 0.8127
vn -0.5975 0.5181 0.6120
vn 0.1224 0.4300 0.8945
vn 0.4924 0.5464 0.6775
vn 0.2318 0.9539 -0.1907
vn 0.7077 0.5347 0.4618
vn 0.8187 0.5429 0.1873
vn 0.4179 0.8646 -0.2791
vn 0.9445 0.2734 0.1823
vn 0.3863 0.4248 -0.8187
vn 0.2041 0.9698 -0.1338
vn 0.9458 0.3197 -0.0564
vn 0.7779 0.6277 0.0305
vn 0.6977 0.3424 -0.6293
vn 0.7536 0.3748 -0.5400
vn -0.3640 -0.5994 -0.7129
vn -0.2129 -0.1370 -0.9674
vn -0.3163 -0.5559 -0.7687
vn 0.8734 0.4615 -0.1555
vn 0.8193 0.4896 -0.2984
vn 0.8213 0.4776 -0.3120
vn 0.6830 0.4789 -0.5516
vn 0.9834 -0.1368 0.1191
vn 0.6469 0.3373 -0.6840
vn 0.5943 0.3697 -0.7143
vn 0.4760 0.1725 -0.8624
vn 0.4288 0.1798 -0.8853
vn 0.3824 -0.0051 -0.9240
vn 0.6754 -0.0064 -0.7374
vn 0.2091 -0.7951 -0.5692
vn 0.4677 0.1542 -0.8703
vn 0.3961 -0.0435 -0.9172
vn 0.3673 0.6564 -0.6589
vn 0.5005 0.8648 -0.0393
vn 0.1341 0.9675 -0.2145
vn 0.1187 0.9491 -0.2918
vn 0.3388 0.7827 -0.5221
vn 0.6523 0.4640 -0.5993
vn 0.6530 0.4584 -0.6028
vn 0.8320 0.1901 -0.5212
vn 0.8166 -0.2257 -0.5313
vn 0.8763 0.2045 -0.4362
vn 0.8128 0.2734 -0.5144
vn 0.7779 -0.2037 -0.5944
vn -0.7268 0.6017 -0.3312
vn -0.6011 0.6817 -0.4170
vn -0.4744 0.3274 -0.8172
vn -0.7617 0.1610 -0.6276
vn 0.2563 0.0233 -0.9663
vn 0.9202 0.1118 -0.3751
vn 0.9780 -0.1728 0.1165
vn 0.9032 -0.4262 0.0499
vn 0.8962 -0.4360 -0.0823
vn 0.5478 0.2379 -0.8020
vn -0.0218 -0.2193 -0.9754
vn -0.3999 -0.0518 -0.9151
vn -0.6742 -0.4009 -0.6203
vn 0.0753 -0.9971 0.0065
vn -0.1685 -0.8947 0.4137
vn -0.1399 -0.9025 0.4073
vn 0.0176 -0.8167 0.5768
vn -0.3830 -0.6601 0.6462
vn -0.4298 -0.6507 0.6260
vn -0.8138 -0.5013 -0.2938
vn -0.9854 0.0910 -0.1437
vn -0.5440 0.7024 -0.4590
vn -0.8502 -0.3151 -0.4218
vn -0.2300 0.5286 -0.8171
vn -0.8386 -0.4555 0.2987
vn -0.6372 -0.7703 0.0244
vn -0.6321 -0.2251 0.7414
vn -0.6289 -0.2276 0.7434
vn -0.5918 -0.8003 0.0965
vn -0.9719 -0.2042 -0.1174
vn -0.8260 -0.3676 -0.4274
vn -0.6508 -0.7377 -0.1797
vn -0.5919 -0.3629 -0.7197
vn -0.3773 -0.3407 0.8611
vn -0.4382 -0.4187 0.7954
vn -0.3685 -0.1289 0.9207
vn -0.7576 -0.3500 0.5509
vn -0.5131 -0.3540 0.7819
vn -0.4954 -0.5540 0.6691
vn -0.7478 -0.5823 0.3191
vn -0.7855 -0.5015 0.3627
vn -0.8613 -0.4657 0.2032
vn -0.8055 -0.5118 -0.2987
vn -0.6599 -0.6337 -0.4035
vn -0.6041 -0.6321 -0.4853
vn -0.6321 -0.6826 -0.3667
vn -0.7346 -0.6736 -0.0816
vn -0.7902 -0.4723 -0.3904
vn -0.5763 -0.5219 -0.6288
vn -0.9887 -0.0627 -0.1363
vn -0.8938 -0.0166 0.4482
vn -0.8788 -0.0565 0.4738
vn -0.7697 0.5364 0.3462
vn -0.7538 0.6020 0.2634
vn -0.5912 0.7942 0.1403
vn -0.9751 0.2217 0.0108
vn -0.4503 -0.4096 -0.7934
vn -0.3670 -0.6211 -0.6925
vn -0.2928 -0.5325 -0.7942
vn -0.2642 -0.5537 -0.7897
vn -0.0041 -0.2345 -0.9721
vn 0.0067 -0.2663 -0.9639
vn -0.1004 -0.2980 -0.9493
vn 0.8168 -0.3649 0.4469
vn 0.7264 -0.4119 0.5502
vn 0.7346 -0.3984 0.5492
vn 0.3981 -0.0400 -0.9165
vn 0.6423 -0.3994 0.6542
vn 0.8186 -0.3624 0.4455
vn 0.6234 -0.4510 0.6387
vn 0.1824 -0.8623 0.4724
vn 0.8698 -0.3023 0.3899
vn 0.8440 -0.5193 0.1344
vn 0.7197 -0.5559 0.4160
vn -0.8645 -0.5007 -0.0439
vn -0.8651 -0.4992 -0.0489
vn -0.5912 -0.6659 -0.4552
vn -0.5617 -0.6926 -0.4525
vn -0.5660 -0.6898 -0.4514
vn -0.6145 -0.5028 -0.6079
vn 0.7145 -0.5597 0.4198
vn 0.6347 -0.7015 0.3240
vn 0.5286 -0.6619 0.5315
vn 0.2697 -0.8617 0.4298
vn 0.1804 -0.5062 0.8434
vn 0.8421 -0.3404 0.4183
vn 0.7989 -0.4509 0.3980
vn 0.7178 -0.3106 0.6231
vn 0.2891 -0.4919 0.8212
vn 0.1500 -0.6464 0.7481
vn 0.3433 -0.5391 0.7691
vn 0.8367 -0.1955 0.5116
vn 0.7618 -0.2037 0.6149
vn 0.3330 -0.6272 0.7041
vn 0.3574 -0.5739 0.7369
vn 0.8073 -0.1433 0.5725
vn 0.9488 -0.2332 0.2133
vn 0.9665 0.0903 0.2404
vn 0.8828 -0.1501 0.4451
vn 0.9087 -0.1391 0.3936
vn 0.4237 0.3965 0.8144
vn 0.2969 0.8769 -0.3779
vn 0.5440 0.6389 -0.5440
vn 0.1544 0.8665 0.4747
vn -0.1582 0.9782 -0.1347
vn -0.0211 0.9985 -0.0498
vn 0.6437 0.7433 -0.1821
vn -0.2928 0.9129 0.2843
vn -0.2671 0.9613 0.0674
vn -0.8495 0.4228 0.3157
vn -0.7134 0.4147 0.5649
vn -0.7250 0.4947 0.4791
vn -0.6670 0.4907 0.5607
vn -0.8384 0.3269 0.4361
vn -0.3341 -0.0905 0.9382
vn -0.0049 0.5669 0.8237
vn 0.6430 -0.3561 0.6780
vn -0.2726 -0.4003 0.8749
vn -0.9804 -0.1872 -0.0614
vn 0.1639 0.0660 0.9843
vn 0.2209 -0.1006 0.9701
vn 0.2307 -0.1067 0.9672
vn 0.2367 -0.0865 0.9677
vn -0.1211 -0.2803 0.9522
vn -0.0648 -0.2863 0.9560
vn -0.2521 -0.6530 0.7142
vn -0.8566 -0.5049 0.1059
vn -0.9176 -0.3444 0.1985
vn -0.9285 -0.3174 0.1926
vn -0.9013 0.2729 -0.3365
vn -0.9350 -0.1578 0.3177
vn -0.7112 -0.2048 0.6725
vn -0.6391 -0.1432 0.7557
vn -0.6352 -0.2034 0.7451
vn -0.5338 -0.7324 -0.4226
vn -0.1702 -0.7250 -0.6674
vn 0.7544 -0.6540 0.0559
vn -0.4651 -0.4730 0.7483
vn -0.4185 -0.5303 0.7373
vn -0.9698 -0.2075 -0.1283
vn -0.9531 -0.2984 0.0512
vn 0.1844 -0.9694 0.1621
vn -0.2409 -0.4416 0.8643
vn -0.5618 -0.3129 0.7658
vn -0.3432 -0.4480 0.8255
vn -0.7393 0.0073 0.6733
vn -0.5814 -0.7299 0.3596
vn -0.4096 -0.7998 -0.4388
vn -0.9825 -0.0203 0.1850
vn -0.7691 -0.0135 0.6390
vn -0.9409 -0.1554 0.3009
vn -0.4738 -0.7113 0.5191
vn -0.1574 -0.8499 -0.5029
vn -0.8186 -0.1717 -0.5481
vn -0.8406 -0.1964 -0.5048
vn -0.3332 -0.8997 -0.2822
vn -0.0414 -0.9693 -0.2422
vn -0.4444 -0.7021 -0.5565
vn -0.4400 -0.5540 -0.7067
vn -0.3324 -0.4803 -0.8117
vn -0.9186 -0.1590 -0.3619
vn -0.2600 -0.9508 -0.1684
vn -0.4930 -0.7340 -0.4671
vn -0.4930 -0.7340 -0.4672
vn 0.5159 0.0737 -0.8535
vn 0.2755 0.6586 -0.7002
vn -0.6356 -0.7198 -0.2789
vn -0.6490 -0.7083 -0.2779
vn -0.7161 -0.6922 -0.0901
vn -0.6565 -0.7541 0.0188
vn -0.6612 -0.7499 0.0207
vn -0.5011 -0.7636 0.4072
vn -0.7427 -0.6148 0.2653
vn -0.7930 -0.6089 0.0179
vn -0.7876 -0.6162 0.0065
vn -0.7352 -0.6710 0.0960
vn -0.5700 -0.7001 0.4300
vn -0.5801 -0.6183 0.5302
vn -0.4952 -0.7029 0.5106
vn -0.4489 -0.7244 0.5233
vn -0.8553 -0.5166 0.0395
vn -0.8563 -0.5160 -0.0247
vn 0.5545 0.6475 -0.5228
vn 0.5649 0.6343 -0.5278
vn 0.5928 0.5222 -0.6131
vn 0.4729 0.6477 -0.5973
vn 0.4729 0.6477 -0.5974
vn 0.5129 0.4102 -0.7541
vn 0.8283 0.4376 -0.3499
vn 0.8294 0.3940 -0.3961
vn 0.8355 0.3752 -0.4014
vn 0.8683 0.4779 -0.1327
vn 0.9925 0.1143 0.0424
vn 0.2241 0.7303 -0.6454
vn -0.8976 -0.3832 -0.2179
vn -0.9436 -0.2634 -0.2005
vn -0.8355 -0.5455 -0.0667
vn -0.8901 -0.4530 0.0493
vn -0.8744 -0.4852 0.0054
vn -0.8265 -0.5234 0.2072
vn -0.9909 -0.1324 0.0259
vn -0.9583 -0.2838 -0.0337
vn -0.5794 -0.8000 0.1562
vn -0.9212 -0.2674 0.2826
vn -0.9334 -0.3196 0.1632
vn -0.9945 -0.0468 -0.0933
vn -0.9448 -0.2279 -0.2353
vn -0.3813 -0.6293 0.6772
vn -0.5207 -0.6079 0.5995
vn -0.5686 -0.3640 0.7377
vn 0.3129 -0.4452 0.8390
vn -0.6460 -0.6397 0.4166
vn -0.7572 -0.4598 0.4640
vn -0.7012 -0.2032 0.6834
vn -0.8222 -0.5374 0.1877
vn -0.9214 -0.3864 -0.0414
vn -0.6789 -0.6703 0.2996
vn -0.7835 -0.5394 0.3085
vn -0.5784 -0.2600 0.7732
vn -0.7865 -0.5248 0.3256
vn -0.4272 -0.6175 0.6604
vn -0.8184 -0.5725 -0.0496
vn -0.1406 -0.5141 -0.8461
vn -0.7054 -0.6900 -0.1625
vn -0.9240 -0.3805 -0.0373
vn -0.9100 -0.4139 -0.0259
vn -0.3541 -0.9195 0.1706
vn 0.2680 -0.5965 -0.7565
vn -0.6473 -0.4050 -0.6457
vn -0.2666 -0.4371 -0.8590
vn 0.0720 -0.2283 -0.9709
vn 0.0655 -0.9948 0.0785
vn 0.0404 -0.9970 0.0667
vn -0.2267 0.9280 -0.2957
vn -0.2153 0.8870 -0.4085
vn 0.0006 0.9786 -0.2055
vn 0.1815 0.8810 -0.4369
vn 0.1328 0.9761 -0.1720
vn 0.1261 0.9725 -0.1958
vn 0.2202 0.7915 -0.5702
vn 0.1536 0.7726 -0.6160
vn 0.0978 0.4438 -0.8908
vn 0.0307 0.2909 -0.9563
vn -0.3072 0.5331 -0.7883
vn -0.3227 0.5291 -0.7848
vn -0.3390 0.5087 -0.7914
vn -0.4526 0.5204 -0.7241
vn -0.3634 0.8189 -0.4443
vn -0.3766 0.8267 -0.4181
vn -0.0974 0.9891 -0.1103
vn -0.6606 0.7188 -0.2167
vn -0.6871 0.5152 -0.5123
vn -0.2024 0.5766 -0.7916
vn -0.5451 0.4977 -0.6746
vn -0.4486 0.4498 -0.7723
vn -0.7581 0.3885 -0.5237
vn -0.7232 0.6850 -0.0883
vn -0.7232 0.6850 -0.0882
vn -0.3837 0.8030 -0.4560
vn -0.3396 0.8176 -0.4650
vn -0.1582 0.9856 0.0597
vn -0.1666 0.9770 -0.1332
vn -0.6699 0.7276 -0.1480
vn -0.7083 0.6744 -0.2084
vn -0.8276 0.5478 -0.1226
vn -0.9171 0.1857 0.3529
vn -0.6970 0.1822 0.6935
vn 0.3327 0.1622 -0.9290
vn 0.6061 0.4668 -0.6440
vn 0.6062 0.4667 -0.6440
vn 0.0410 0.1500 -0.9878
vn 0.0381 0.1436 -0.9889
vn -0.7217 0.2139 0.6583
vn -0.6044 0.7639 0.2262
vn -0.4396 0.8334 0.3348
vn -0.2456 0.9335 0.2612
vn -0.2181 0.9386 0.2673
vn -0.1102 0.9933 0.0352
vn -0.5419 0.2524 0.8016
vn -0.6437 0.2362 0.7279
vn -0.2589 0.8811 0.3957
vn -0.3524 0.8645 0.3585
vn -0.4019 0.7405 0.5387
vn -0.8286 0.2652 0.4931
vn -0.8327 0.2807 0.4772
vn -0.1951 0.9666 -0.1661
vn -0.1112 0.7341 -0.6699
vn -0.0213 0.0923 -0.9955
vn -0.4016 0.4864 -0.7760
vn -0.2519 0.8213 -0.5118
vn -0.1929 0.8543 -0.4827
vn 0.3540 0.6486 -0.6738
vn -0.1175 0.8052 -0.5812
vn -0.0758 0.9728 -0.2190
vn 0.2988 0.9178 -0.2615
vn -0.2598 -0.9394 0.2239
vn -0.2534 -0.9612 -0.1087
vn 0.4047 0.8815 -0.2433
vn 0.4656 0.8381 -0.2841
vn -0.0912 0.9936 -0.0673
vn -0.4423 0.8638 -0.2414
vn -0.5166 -0.7266 -0.4530
vn -0.3190 -0.8291 -0.4593
vn -0.9957 -0.0061 -0.0924
vn -0.8312 -0.5481 0.0926
vn -0.3127 0.9324 0.1811
vn -0.9299 -0.2685 0.2514
vn -0.7525 -0.3041 -0.5841
vn -0.5457 -0.2653 0.7949
vn -0.6198 0.0149 0.7846
vn -0.1183 -0.2005 0.9725
vn -0.2661 -0.3100 0.9127
vn -0.3179 -0.9442 -0.0856
vn 0.5179 -0.3362 0.7866
vn 0.4435 -0.5337 0.7200
vn 0.1524 0.4653 0.8719
vn 0.6007 -0.3883 0.6989
vn -0.8743 0.0722 0.4801
vn 0.8201 -0.2751 0.5018
vn 0.3452 -0.5363 0.7702
vn 0.7207 -0.3875 0.5748
vn -0.2432 -0.6446 0.7249
vn 0.8078 -0.4561 0.3735
vn 0.1522 -0.6470 0.7472
vn 0.6406 -0.7207 0.2649
vn 0.8495 -0.2596 0.4592
vn -0.4056 -0.5727 -0.7124
vn -0.4087 -0.5946 -0.6924
vn -0.5008 -0.5385 -0.6776
vn -0.2815 -0.6125 0.7387
vn -0.8398 -0.5124 0.1794
vn -0.8566 -0.4140 0.3079
vn 0.7023 -0.7050 0.0986
vn -0.6735 -0.3611 0.6450
vn -0.6704 -0.3494 0.6546
vn 0.6142 -0.7670 0.1854
vn 0.2122 -0.3885 -0.8967
vn -0.4594 0.2168 -0.8613
vn -0.1069 0.4651 -0.8788
vn -0.2704 0.6669 -0.6944
vn -0.7753 -0.2568 -0.5771
vn 0.2044 -0.5249 -0.8263
vn 0.4034 -0.6472 0.6468
vn 0.7566 -0.6347 0.1571
vn -0.7848 -0.5534 0.2790
vn 0.5192 -0.5470 0.6567
vn 0.2239 -0.8487 0.4791
vn 0.2196 -0.8780 0.4253
vn 0.1533 -0.8724 0.4642
vn -0.2125 -0.9277 -0.3068
vn -0.0552 -0.9641 0.2597
vn 0.1296 0.4176 0.8993
vn -0.5163 0.4064 0.7538
vn 0.0647 -0.4952 0.8663
vn 0.5474 -0.4956 0.6744
vn -0.3102 -0.1806 0.9334
vn -0.0441 -0.4393 0.8972
vn 0.7663 -0.4015 0.5015
vn -0.1833 -0.1089 0.9770
vn 0.1064 -0.1537 0.9824
vn 0.1528 -0.0865 0.9845
vn -0.0185 -0.1188 0.9927
vn 0.0130 -0.0890 0.9959
vn -0.7969 0.3954 0.4569
vn 0.5615 -0.6399 0.5246
vn -0.3619 -0.1769 0.9153
vn -0.7899 0.0734 0.6089
vn -0.0693 0.0280 0.9972
vn 0.5170 -0.5746 0.6344
vn 0.6362 -0.7710 -0.0281
vn -0.5237 -0.7594 0.3860
vn 0.9403 0.3403 -0.0081
vn 0.9021 -0.2265 0.3674
vn 0.8586 -0.0739 0.5072
vn 0.9803 0.0908 0.1753
vn 0.9509 0.2532 0.1779
vn 0.3422 -0.1622 0.9255
vn 0.2642 -0.4288 0.8639
vn 0.0731 0.4358 0.8971
vn -0.2264 0.2019 0.9529
vn -0.5433 0.2391 0.8048
vn -0.3430 0.6698 0.6586
vn 0.0702 -0.3753 0.9242
vn 0.1620 0.3357 0.9279
vn -0.4186 0.7552 0.5045
vn 0.2432 0.3344 0.9105
vn 0.5147 0.4216 0.7466
vn 0.5294 0.4725 0.7046
vn 0.5147 0.5577 0.6512
vn 0.6885 0.2328 -0.6869
vn 0.7972 0.5045 -0.3316
vn 0.6122 0.2738 0.7417
vn 0.6180 0.2221 0.7542
vn 0.3721 0.0899 0.9238
vn -0.6616 0.2011 0.7224
vn -0.7887 -0.2592 -0.5575
vn -0.1297 -0.0074 0.9915
vn -0.1863 -0.2956 0.9370
vn -0.1894 -0.2902 0.9380
vn 0.2426 -0.1181 0.9629
vn 0.3576 -0.1519 0.9214
vn 0.5337 -0.1273 0.8360
vn -0.0260 0.0672 0.9974
vn 0.8960 0.4322 0.1016
vn 0.7777 0.0831 0.6231
vn 0.8555 0.4137 0.3112
vn 0.8366 0.0843 0.5413
vn 0.8220 0.1232 0.5561
vn 0.7316 0.0413 0.6805
vn 0.1693 0.8966 -0.4092
vn 0.8991 0.4378 -0.0071
vn 0.8639 0.4776 0.1600
vn 0.9588 0.2751 -0.0715
vn 0.7984 0.4747 -0.3705
vn 0.9236 0.0932 -0.3719
vn 0.2119 -0.5464 -0.8103
vn 0.0158 -0.5316 -0.8469
vn -0.8440 -0.4030 -0.3539
vn 0.8156 0.2740 -0.5097
vn 0.8393 0.2590 -0.4780
vn 0.8813 0.4115 -0.2322
vn -0.3628 -0.0283 -0.9314
vn -0.9757 -0.0099 -0.2188
vn -0.1046 0.5405 -0.8348
vn -0.0640 0.5632 -0.8238
vn 0.2557 0.1793 -0.9500
vn 0.6522 0.5038 -0.5665
vn 0.6440 0.6339 -0.4284
vn 0.9220 0.0644 -0.3819
vn -0.2334 0.9301 0.2836
vn -0.2229 0.9147 0.3371
vn -0.4154 0.9049 0.0929
vn 0.2894 0.8412 0.4567
vn 0.9732 -0.0733 0.2179
vn 0.9149 -0.2152 0.3414
vn 0.9038 -0.3836 0.1898
vn 0.8618 -0.1317 -0.4899
vn 0.6914 -0.6637 0.2855
vn 0.6185 -0.7740 0.1354
vn 0.4530 -0.6817 0.5745
vn 0.6006 -0.6243 0.4995
vn 0.1551 -0.6335 0.7581
vn 0.1811 -0.4689 0.8645
vn 0.5223 -0.3524 0.7765
vn 0.1423 0.3847 0.9120
vn 0.1800 -0.5166 0.8371
vn -0.3941 0.3474 0.8509
vn 0.0732 -0.6085 0.7902
vn 0.5941 0.2838 0.7527
vn -0.5134 -0.2097 0.8322
vn -0.3326 0.8190 0.4677
vn -0.3895 0.8419 0.3735
vn 0.6272 -0.3538 0.6939
vn 0.8235 -0.2257 0.5205
vn 0.2804 0.7472 0.6026
vn 0.9864 0.0391 0.1598
vn 0.9941 0.0817 0.0717
vn 0.9682 0.2334 -0.0895
vn 0.9546 0.2880 -0.0766
vn 0.7953 0.4778 -0.3732
vn 0.7955 -0.1077 -0.5962
vn 0.9260 -0.0057 0.3775
vn 0.5008 0.6420 -0.5805
vn 0.9940 -0.0399 -0.1015
vn 0.9815 -0.0100 0.1912
vn -0.0435 -0.3823 0.9230
vn 0.0993 -0.3721 0.9229
vn -0.1723 -0.1348 0.9758
vn -0.2739 -0.2421 0.9308
vn -0.9898 0.0507 0.1329
vn -0.7271 -0.6865 0.0085
vn -0.6487 -0.6154 -0.4478
vn -0.3408 -0.4905 -0.8021
vn -0.0622 -0.1880 0.9802
vn -0.0688 -0.1833 0.9807
vn -0.4405 -0.2603 0.8592
vn -0.3317 -0.1789 0.9263
vn -0.4768 -0.3554 0.8040
vn -0.4898 -0.3463 0.8001
vn -0.6876 -0.6427 0.3379
vn 0.5305 -0.8274 0.1845
vn 0.3215 -0.7075 0.6293
vn 0.8533 0.5074 0.1202
vn 0.9856 0.1324 -0.1052
vn 0.3881 -0.6370 0.6661
vn 0.3119 -0.3981 -0.8627
vn 0.8475 -0.5270 0.0634
vn 0.8895 -0.4566 0.0155
vn 0.3215 -0.3815 -0.8667
vn 0.8152 -0.5537 0.1701
vn 0.7061 -0.5387 -0.4595
vn 0.7119 -0.0914 -0.6963
vn -0.9300 -0.3243 -0.1728
vn -0.5935 0.3416 -0.7287
vn -0.9350 -0.3443 -0.0845
vn -0.5975 -0.2894 0.7479
vn -0.9829 0.0513 0.1769
vn -0.3498 -0.9329 -0.0859
vn -0.1290 -0.0066 0.9916
vn -0.1300 -0.0072 0.9915
vn -0.0735 0.0854 0.9936
vn 0.2391 -0.4721 0.8485
vn 0.6353 0.2075 0.7439
vn -0.1719 0.0579 0.9834
vn 0.6577 -0.7197 0.2225
vn -0.2995 -0.1491 0.9424
vn -0.3378 -0.0840 0.9375
vn 0.5323 -0.3391 0.7757
vn 0.8943 0.4460 0.0368
vn -0.2429 0.2911 0.9253
vn 0.3658 0.2092 0.9069
vn 0.2212 -0.9503 0.2190
vn 0.8714 -0.4830 0.0854
vn -0.3778 -0.5495 0.7452
vn 0.8920 -0.4460 0.0738
vn 0.6485 -0.0530 -0.7594
vn 0.1675 -0.0461 -0.9848
vn -0.5344 -0.3392 0.7741
vn -0.6986 -0.3092 0.6452
vn -0.6194 -0.7402 -0.2617
vn -0.7851 -0.5663 -0.2508
vn -0.3197 -0.3335 0.8869
vn -0.3968 -0.1456 0.9063
vn 0.0307 -0.0614 -0.9976
vn -0.3922 -0.8987 -0.1961
vn -0.1513 -0.2847 0.9466
vn -0.3021 -0.1518 0.9411
vn 0.1765 -0.4547 0.8730
vn -0.4627 -0.6502 0.6026
vn -0.8553 -0.5182 -0.0070
vn -0.8589 -0.4711 0.2010
vn -0.7921 -0.6089 -0.0425
vn -0.1991 0.9761 -0.0875
vn -0.4797 0.7780 0.4056
vn 0.0601 -0.3524 0.9339
vn -0.3785 -0.8279 0.4138
vn -0.8468 -0.5316 -0.0175
vn -0.3279 -0.9443 0.0277
vn 0.2135 -0.9769 -0.0093
vn -0.5944 -0.4920 -0.6361
vn 0.6111 -0.6666 -0.4269
vn 0.6603 -0.0352 -0.7502
vn 0.8588 -0.0905 -0.5043
vn -0.1665 0.9731 -0.1591
vn -0.7920 0.3964 -0.4644
vn 0.4720 0.3593 -0.8050
vn 0.6276 0.1621 -0.7615
vn 0.8549 0.4757 -0.2070
vn 0.3438 0.7627 -0.5478
vn -0.4949 0.8671 -0.0569
vn -0.2715 0.9440 0.1876
vn 0.7195 0.4950 -0.4872
vn 0.6082 0.5929 -0.5278
vn -0.1551 -0.5497 -0.8208
vn 0.7846 0.4238 -0.4525
vn 0.8862 0.2793 -0.3697
vn 0.8632 0.3144 -0.3949
vn 0.1115 -0.2080 -0.9718
vn 0.7290 0.3388 -0.5948
vn 0.3065 0.1197 -0.9443
vn 0.3885 0.2646 -0.8826
vn 0.8773 -0.3420 0.3368
vn 0.7454 -0.6455 -0.1665
vn 0.7280 0.3964 -0.5593
vn 0.9174 0.3677 -0.1522
vn -0.2453 0.1006 -0.9642
vn 0.6290 0.4710 -0.6184
vn 0.7241 0.2159 -0.6550
vn 0.8050 0.5863 0.0908
vn 0.6623 0.3134 -0.6805
vn 0.5437 0.5011 0.6733
vn 0.2424 -0.5390 0.8066
vn -0.6920 0.4527 0.5623
vn 0.3331 -0.2167 0.9176
vn 0.7590 -0.4505 0.4701
vn 0.8784 -0.3773 -0.2934
vn 0.7886 -0.4353 0.4344
vn 0.9311 0.2377 0.2765
vn 0.9154 -0.1363 -0.3787
vn 0.8457 -0.5180 0.1279
vn 0.7467 0.4939 0.4455
vn 0.7375 0.6523 -0.1750
vn 0.4734 0.1831 -0.8616
vn 0.9868 -0.0912 0.1338
vn 0.9330 0.1287 -0.3360
vn 0.9402 0.2209 0.2593
vn 0.6816 0.0962 0.7253
vn 0.5398 -0.7461 -0.3898
vn 0.5472 -0.8364 -0.0330
vn 0.3845 -0.9132 0.1352
vn 0.8847 -0.4550 0.1015
vn 0.9038 -0.3693 0.2161
vn 0.7452 -0.1697 -0.6448
vn 0.9550 -0.2743 0.1127
vn 0.9954 -0.0696 -0.0659
vn 0.8050 -0.5931 -0.0132
vn 0.7640 -0.5054 0.4010
vn 0.5114 0.4317 -0.7431
vn 0.3384 -0.9150 -0.2197
vn 0.6208 -0.6778 -0.3940
vn 0.2797 -0.4769 0.8333
vn -0.1168 -0.4868 0.8657
vn 0.2778 -0.8282 0.4868
vn 0.3478 -0.1914 -0.9178
vn -0.3558 -0.1905 -0.9149
vn -0.4808 -0.8766 0.0169
vn -0.2650 -0.9492 0.1698
vn -0.2314 -0.9565 -0.1775
vn -0.5037 0.0460 0.8626
vn -0.5990 -0.5157 -0.6126
vn -0.4038 -0.8451 -0.3503
vn -0.6771 -0.6974 -0.2348
vn -0.3402 -0.9265 0.1608
vn -0.3864 -0.9195 -0.0718
vn -0.5678 -0.4285 0.7029
vn -0.5702 -0.6500 -0.5024
vn -0.8448 -0.5351 -0.0049
vn -0.4108 -0.8824 0.2295
vn -0.2252 -0.3641 0.9037
vn -0.0796 -0.5727 0.8159
vn 0.6697 0.1562 0.7260
vn 0.0304 -0.1005 0.9945
vn -0.5690 -0.7311 0.3765
vn -0.3562 -0.9160 0.1844
vn 0.8058 0.0938 0.5847
vn 0.7728 -0.5628 0.2933
vn -0.4727 -0.8020 0.3651
vn -0.5241 -0.7612 0.3819
vn -0.9543 -0.2924 -0.0617
vn -0.1436 -0.9790 -0.1450
vn 0.0126 -0.9989 -0.0452
vn 0.3703 0.6509 0.6628
vn 0.5342 0.5824 0.6127
vn 0.4744 0.5032 0.7223
vn 0.7059 -0.5784 -0.4090
vn 0.4201 -0.8542 -0.3064
vn 0.4930 -0.8689 -0.0439
vn 0.7577 0.1939 0.6231
vn 0.5022 0.7169 0.4837
vn 0.8345 0.1622 0.5266
vn 0.2437 0.0227 0.9696
vn 0.2475 -0.8060 0.5376
vn 0.9170 -0.3447 0.2007
vn -0.0053 0.8774 0.4798
vn 0.3374 -0.5579 0.7582
vn 0.6444 0.7046 -0.2973
vn 0.6173 0.6278 0.4742
vn -0.3181 0.7263 0.6094
vn 0.1146 0.7203 0.6841
vn -0.0709 0.8627 0.5007
vn -0.1802 0.8190 0.5448
vn 0.1146 0.7163 0.6883
vn -0.1205 0.6995 0.7044
vn -0.0694 0.5645 0.8225
vn 0.9610 0.1994 0.1915
vn 0.6563 0.6642 0.3579
vn -0.1869 0.7077 0.6814
vn 0.0008 0.9582 0.2860
vn 0.3129 0.7528 0.5792
vn 0.6562 0.0517 0.7528
vn 0.5306 -0.5072 -0.6791
vn 0.4766 0.5003 0.7229
vn 0.6869 -0.7238 0.0651
vn 0.7684 -0.5425 -0.3396
vn 0.3196 0.4025 0.8578
vn 0.3927 0.8998 -0.1900
vn 0.4377 0.8991 0.0043
vn 0.4240 0.2290 0.8762
vn 0.4550 0.7614 0.4618
vn -0.9899 0.0334 0.1381
vn -0.8042 0.5446 -0.2380
vn -0.5491 0.7991 -0.2447
vn -0.2510 0.8377 0.4851
vn -0.6305 0.7418 0.2286
vn -0.6000 0.4618 -0.6532
vn -0.8941 0.4431 -0.0652
vn -0.4930 -0.8591 -0.1376
vn -0.6189 -0.5365 -0.5737
vn -0.9032 -0.2371 -0.3579
vn -0.9267 0.3550 0.1234
vn -0.8752 0.4156 0.2475
vn -0.9684 -0.1651 -0.1868
vn -0.7724 -0.6171 -0.1504
vn -0.1963 -0.6534 -0.7311
vn -0.2023 -0.6714 -0.7129
vn 0.4461 0.0083 -0.8949
vn -0.6874 -0.3247 -0.6497
vn 0.5312 0.2776 -0.8004
vn -0.9923 0.0838 0.0912
vn -0.7814 0.6181 0.0859
vn 0.1947 0.9183 -0.3447
vn 0.7975 0.4486 -0.4035
vn -0.1507 0.9829 0.1057
vn 0.2800 0.8229 0.4945
vn 0.2773 -0.1436 0.9500
vn 0.1608 -0.0710 0.9844
vn 0.1191 0.2200 0.9682
vn 0.3667 0.4018 0.8391
vn -0.8000 0.5348 0.2720
vn -0.4441 0.8946 -0.0493
vn 0.9476 -0.2600 0.1857
vn 0.8195 0.0331 0.5721
vn 0.6778 0.7350 -0.0177
vn 0.1913 0.9812 -0.0260
vn 0.2448 0.9662 -0.0812
vn -0.5839 0.8116 0.0159
vn -0.0586 0.9930 0.1022
vn -0.8682 0.3560 0.3457
vn -0.7428 0.3984 0.5381
vn 0.3278 0.2485 0.9115
vn 0.3281 0.2473 0.9117
vn 0.1857 -0.3484 0.9188
vn -0.4017 -0.7087 0.5799
vn -0.4643 -0.5904 0.6602
vn -0.6079 0.7761 0.1675
vn 0.4717 0.7420 0.4764
vn -0.1122 -0.5474 0.8293
vn -0.1141 -0.5695 0.8141
vn 0.6154 0.6437 0.4549
vn 0.6967 0.4456 0.5621
vn -0.2382 0.7327 0.6375
vn -0.3482 0.6583 0.6674
vn 0.2044 0.0353 0.9783
vn 0.8702 0.3000 0.3908
vn -0.4782 -0.7552 0.4483
vn -0.5219 -0.7407 0.4231
vn -0.7940 0.3568 0.4921
vn -0.8816 0.4082 0.2370
vn -0.0036 0.9757 -0.2192
vn -0.0640 0.9979 -0.0044
vn -0.8233 0.4766 0.3084
vn 0.8020 -0.0976 0.5892
vn 0.5069 -0.0367 0.8612
vn 0.5381 -0.0695 0.8400
vn 0.6908 -0.1407 0.7092
vn 0.3504 0.5216 0.7779
vn -0.3185 -0.8532 0.4130
vn 0.5845 -0.1705 0.7932
vn 0.3319 -0.8389 -0.4314
vn 0.3873 -0.7705 -0.5063
vn 0.9548 0.0417 0.2945
vn 0.9707 0.0262 0.2389
vn 0.4669 0.0794 -0.8807
vn 0.3537 -0.7002 -0.6202
vn -0.6398 -0.0364 -0.7676
vn 0.9407 -0.0673 -0.3324
vn -0.6888 -0.0997 -0.7181
vn 0.9785 -0.1613 0.1287
vn 0.3036 -0.8506 -0.4292
vn 0.7596 -0.5412 0.3607
vn 0.3347 -0.9020 0.2728
vn 0.5952 -0.6641 0.4525
vn 0.8433 -0.5372 0.0162
vn 0.9191 -0.3919 -0.0403
vn 0.5081 -0.8564 -0.0913
vn 0.8679 -0.1539 -0.4723
vn 0.3010 -0.5083 -0.8069
vn 0.1060 -0.8941 -0.4351
vn 0.1181 -0.9761 -0.1825
vn 0.5390 -0.1256 -0.8329
vn -0.0447 -0.6207 -0.7827
vn 0.0050 -0.6236 -0.7818
vn -0.3154 -0.4523 -0.8342
vn -0.5018 -0.1918 -0.8434
vn -0.6367 -0.0154 -0.7709
vn -0.6361 -0.1567 -0.7555
vn -0.6377 -0.7691 -0.0436
vn -0.5392 -0.7142 -0.4463
vn -0.5634 -0.3476 -0.7495
vn -0.2392 0.0065 -0.9710
vn -0.5108 0.0592 -0.8576
vn -0.6934 0.0608 -0.7179
vn -0.7595 0.2229 -0.6111
vn -0.9279 -0.0929 -0.3610
vn -0.9779 -0.1375 -0.1577
vn -0.9567 0.1614 -0.2423
vn -0.8623 0.3288 0.3852
vn -0.8623 0.3287 0.3851
vn -0.3628 -0.7577 0.5424
vn 0.0580 -0.9056 -0.4201
vn -0.2386 -0.2866 -0.9279
vn -0.9165 0.1065 -0.3855
vn -0.9489 0.2233 -0.2229
vn -0.8450 0.5338 -0.0329
vn -0.9616 0.2701 -0.0492
vn -0.9660 0.2374 0.1027
vn -0.8497 0.5271 0.0139
vn -0.8972 0.4303 0.0993
vn -0.7412 0.4217 0.5222
vn -0.6867 -0.5611 0.4622
vn -0.9743 0.2252 0.0046
vn -0.9801 -0.1202 0.1581
vn -0.3044 -0.8117 0.4984
vn -0.2363 0.3681 0.8993
vn -0.3721 0.6156 0.6947
vn -0.9317 0.3525 0.0874
vn -0.5098 0.6801 -0.5268
vn 0.0182 0.9862 -0.1648
vn 0.2110 0.9102 0.3564
vn -0.0569 0.5066 0.8603
vn 0.4978 -0.2753 0.8224
vn 0.7085 0.5017 0.4963
vn -0.7828 0.5808 0.2231
vn -0.6659 0.7213 0.1905
vn 0.1142 0.6510 0.7504
vn 0.3547 0.6865 0.6347
vn 0.4738 0.8784 -0.0630
vn 0.8781 0.4358 -0.1975
vn 0.9821 -0.1197 0.1456
vn 0.9213 0.3867 0.0416
vn 0.9339 0.3380 0.1162
vn 0.9340 0.3380 0.1162
vn -0.7364 0.6475 -0.1961
vn 0.8564 0.4596 0.2354
vn 0.7783 0.6219 0.0864
vn -0.8820 0.4145 -0.2240
vn 0.5091 0.5795 0.6364
vn 0.4855 0.5888 0.6462
vn -0.0009 0.8246 0.5657
vn -0.0010 0.8246 0.5657
vn -0.8772 0.4542 0.1555
vn -0.8838 0.4569 0.1004
vn -0.8838 0.4569 0.1005
vn -0.8938 -0.1353 -0.4276
vn -0.8938 -0.1352 -0.4276
vn -0.7953 0.1236 -0.5935
vn -0.8309 -0.0791 -0.5508
vn -0.5878 0.7615 -0.2731
vn -0.5878 0.7615 -0.2732
vn -0.7424 0.5688 -0.3540
vn -0.7990 0.4814 -0.3604
vn -0.8631 0.0325 -0.5039
vn -0.8433 -0.0444 -0.5356
vn -0.8551 -0.2412 -0.4590
vn -0.8433 -0.2401 -0.4808
vn -0.8529 -0.4258 -0.3021
vn -0.8329 -0.4742 -0.2852
vn -0.8453 -0.4582 -0.2749
vn 0.6233 0.3065 0.7194
vn 0.6417 0.2690 0.7182
vn 0.6597 0.4041 0.6336
vn 0.7464 0.1312 0.6525
vn 0.7275 0.3402 0.5958
vn 0.6961 0.2770 0.6624
vn 0.6959 0.2645 0.6676
vn 0.2766 0.5962 0.7537
vn 0.6249 -0.7675 0.1430
vn 0.6615 -0.6502 0.3737
vn 0.8245 0.0668 0.5619
vn 0.9659 0.1579 0.2052
vn 0.9590 -0.2796 -0.0464
vn 0.9595 -0.2815 0.0062
vn 0.2313 0.9647 0.1258
vn 0.1398 0.9885 0.0577
vn 0.9687 -0.0596 0.2410
vn 0.9726 0.2175 0.0821
vn 0.7577 -0.1698 0.6301
vn 0.8873 -0.2210 0.4049
vn 0.9947 -0.0999 -0.0250
vn 0.9912 -0.1263 -0.0390
vn 0.9667 0.0146 0.2556
vn 0.9489 0.0266 0.3143
vn 0.8105 0.2000 0.5505
vn 0.6095 -0.7865 0.0991
vn 0.5484 -0.5163 -0.6578
vn 0.7576 0.1633 0.6320
vn 0.7473 0.1575 0.6456
vn 0.6069 -0.0012 0.7947
vn 0.5853 0.1773 0.7912
vn 0.7591 -0.3742 -0.5327
vn -0.5796 -0.8001 0.1544
vn 0.6408 0.2067 0.7394
vn 0.9420 -0.2242 -0.2497
vn 0.9329 -0.3530 -0.0713
vn 0.5691 -0.7649 0.3017
vn 0.7030 0.0042 0.7112
vn 0.6438 -0.7521 0.1412
vn 0.9943 0.0995 0.0385
vn 0.5577 -0.8219 -0.1161
vn 0.7896 -0.2907 -0.5403
vn 0.8365 -0.4300 -0.3396
vn 0.5603 -0.5085 -0.6538
vn 0.2350 0.9496 -0.2074
vn 0.0648 0.8745 -0.4807
vn 0.1617 0.8870 -0.4325
vn 0.0761 0.7836 -0.6166
vn 0.1655 0.7342 -0.6585
vn 0.1045 0.7959 -0.5963
vn -0.0239 0.6040 -0.7966
vn -0.3616 0.2957 -0.8842
vn -0.6157 0.2223 -0.7559
vn -0.6964 0.1651 -0.6984
vn -0.6149 0.0339 -0.7879
vn -0.6017 0.0538 -0.7969
vn -0.5965 0.0753 -0.7991
vn -0.7306 -0.0541 -0.6806
vn -0.7983 -0.0359 -0.6011
vn -0.7444 -0.1306 -0.6549
vn -0.6613 -0.0228 -0.7498
vn -0.6917 0.1227 -0.7117
vn -0.6996 0.0923 -0.7086
vn -0.6579 0.1459 -0.7388
vn -0.4324 0.1442 -0.8901
vn -0.3283 0.7936 -0.5122
vn -0.3419 0.7874 -0.5130
vn 0.0168 0.7544 -0.6562
vn -0.3292 0.7797 -0.5327
vn -0.3241 0.7708 -0.5485
vn -0.3289 0.7308 -0.5981
vn -0.2016 0.8640 -0.4613
vn -0.1908 0.9453 -0.2647
vn -0.7919 -0.1115 -0.6003
vn -0.8576 0.0429 -0.5125
vn -0.1406 0.8970 -0.4190
vn -0.6011 0.7301 -0.3250
vn -0.7253 0.5973 -0.3423
vn -0.7286 0.3112 -0.6101
vn -0.7494 0.0869 -0.6564
vn -0.7950 -0.0917 -0.5996
vn -0.7879 -0.0937 -0.6087
vn -0.8404 -0.1447 -0.5223
vn -0.8364 -0.1983 -0.5111
vn -0.8364 -0.1983 -0.5110
vn -0.8372 -0.5346 -0.1148
vn -0.8445 -0.2027 -0.4957
vn -0.8663 -0.1862 -0.4636
vn -0.8411 -0.5330 -0.0919
vn -0.7643 -0.6280 0.1464
vn -0.7390 -0.6639 -0.1143
vn 0.0977 -0.7228 0.6841
vn 0.5931 -0.2740 0.7571
vn 0.5930 -0.2740 0.7571
vn 0.8420 -0.0914 0.5317
vn 0.7220 -0.0009 0.6919
vn 0.7099 -0.0039 0.7043
vn 0.6327 0.1896 0.7508
vn 0.5509 0.2234 0.8041
vn 0.6418 0.2576 0.7223
vn 0.6506 0.1834 0.7369
vn 0.6650 0.1556 0.7305
vn 0.6857 0.2270 0.6916
vn 0.8675 0.3193 0.3814
vn 0.8382 0.4101 0.3596
vn 0.8302 0.4278 0.3575
vn 0.7536 0.4963 0.4310
vn 0.6849 0.5840 0.4357
vn 0.6545 0.7533 0.0643
vn 0.6481 0.7589 0.0629
vn 0.6275 0.7787 -0.0011
vn 0.2103 0.9487 -0.2362
vn 0.5741 0.8183 0.0277
vn 0.5491 0.8285 -0.1102
vn 0.3350 0.9186 -0.2096
vn 0.4670 0.7808 -0.4150
vn 0.4697 0.7994 -0.3746
vn 0.3323 0.7278 -0.5999
vn 0.2118 0.8498 -0.4826
vn 0.2428 0.8497 -0.4680
vn 0.1215 0.9064 -0.4046
vn 0.0414 0.8759 -0.4807
vn 0.1075 0.8665 -0.4874
vn -0.1845 0.7128 -0.6767
vn -0.2008 0.6767 -0.7084
vn -0.3631 0.5701 -0.7370
vn -0.3071 0.5219 -0.7959
vn -0.5420 0.2234 -0.8102
vn -0.6616 0.1400 -0.7367
vn -0.6633 0.1331 -0.7364
vn -0.6639 0.1333 -0.7358
vn -0.6010 0.1232 -0.7897
vn -0.6213 0.1339 -0.7721
vn -0.3509 0.1010 -0.9310
vn -0.3509 0.1010 -0.9309
vn -0.3418 0.0748 -0.9368
vn -0.1611 0.1492 -0.9756
vn -0.0144 0.9880 0.1535
vn -0.0450 0.9826 0.1800
vn 0.1202 0.9924 0.0263
vn 0.2137 0.9466 0.2413
vn 0.2032 0.9499 0.2377
vn 0.2031 0.9499 0.2377
vn -0.7254 -0.0135 -0.6881
vn -0.7255 -0.0135 -0.6881
vn 0.1962 0.9556 0.2198
vn 0.1960 0.9556 0.2200
vn 0.0727 0.9660 0.2480
vn 0.1101 0.9917 0.0664
vn 0.0610 0.9913 0.1163
vn 0.0670 0.9737 0.2177
vn -0.8799 -0.0532 -0.4722
vn -0.7287 -0.4379 -0.5265
vn -0.8799 -0.0533 -0.4722
vn -0.7727 -0.1636 -0.6133
vn 0.1089 0.9687 0.2230
vn -0.0211 0.9953 0.0950
vn -0.0021 0.9964 0.0847
vn 0.0344 0.9857 0.1647
vn -0.0399 0.9863 0.1599
vn -0.0479 0.9988 0.0075
vn -0.2213 0.9717 -0.0827
vn -0.0354 0.9977 -0.0571
vn -0.0753 0.9971 0.0117
vn -0.6363 0.6874 0.3502
vn -0.2830 0.9535 -0.1034
vn -0.1473 0.9816 -0.1215
vn -0.1367 0.9665 -0.2170
vn 0.0318 0.9733 -0.2274
vn 0.1419 0.9893 0.0344
vn 0.0516 0.9986 -0.0124
vn 0.4511 0.7141 -0.5354
vn 0.4831 0.8144 -0.3214
vn 0.7927 0.4652 -0.3939
vn -0.1603 0.9807 0.1116
vn -0.3179 0.9241 0.2122
vn 0.1427 0.9885 0.0491
vn 0.1212 0.9875 0.1009
vn -0.1629 0.9797 0.1171
vn 0.7612 0.3616 0.5383
vn 0.7645 0.3050 0.5679
vn 0.5345 0.5157 0.6697
vn 0.2597 0.7209 0.6426
vn 0.2242 0.7634 0.6058
vn 0.2241 0.7634 0.6058
vn -0.0140 0.8700 0.4929
vn -0.0140 0.8701 0.4927
vn 0.0583 0.9902 0.1268
vn 0.0688 0.9852 0.1567
vn 0.0583 0.9903 0.1262
vn 0.0583 0.9903 0.1261
vn -0.0306 0.9904 0.1348
vn -0.0095 0.9999 0.0092
vn 0.0381 0.9985 -0.0391
vn 0.0973 0.9948 0.0310
vn -0.0695 0.9968 0.0396
vn -0.0254 0.9991 0.0350
vn -0.0243 0.9997 0.0074
vn 0.1512 0.9862 0.0675
vn 0.0129 0.9816 0.1905
vn -0.1676 0.9841 0.0592
vn -0.1676 0.9841 0.0593
vn -0.0499 0.9941 -0.0967
vn -0.0499 0.9940 -0.0972
vn -0.0419 0.9982 -0.0428
vn -0.0582 0.9982 -0.0107
vn 0.0479 0.9987 -0.0181
vn 0.0050 0.9987 -0.0501
vn 0.0050 0.9987 -0.0504
vn -0.1189 0.9884 -0.0946
vn -0.0494 0.9940 -0.0976
vn -0.1655 0.9862 0.0045
vn -0.2256 0.9659 0.1270
vn 0.1573 0.9874 0.0197
vn -0.0694 0.9961 -0.0550
vn -0.1829 0.9737 0.1356
vn 0.0265 0.9913 0.1287
vn -0.0695 0.9956 0.0633
vn 0.0876 0.9938 0.0690
vn -0.0065 0.9989 -0.0472
vn -0.0682 0.9975 0.0176
vn -0.0468 0.9987 -0.0219
vn 0.0970 0.9887 0.1143
vn 0.0037 1.0000 0.0034
vn -0.2876 0.7990 0.5281
vn -0.0355 0.8866 0.4613
vn -0.0424 0.9272 0.3723
vn -0.1817 0.9124 0.3668
vn 0.2863 0.8145 0.5047
vn 0.4969 0.7754 0.3897
vn 0.4688 0.8479 0.2477
vn 0.1918 0.9661 0.1729
vn 0.5504 0.8154 0.1793
vn 0.4234 0.8993 -0.1098
vn 0.4587 0.8373 -0.2976
vn 0.8927 0.4105 0.1862
vn 0.0872 0.9626 0.2564
vn 0.9620 0.2529 0.1033
vn 0.0999 0.9865 0.1296
vn 0.1080 0.9436 -0.3130
vn 0.2124 0.9748 0.0683
vn -0.0067 0.9565 0.2918
vn -0.5265 0.8018 -0.2827
vn -0.7829 0.6086 -0.1290
vn -0.3314 0.8280 0.4524
vn -0.2147 0.9745 -0.0654
vn -0.3699 0.9252 0.0846
vn 0.0167 0.9999 0.0013
vn 0.0875 0.9920 0.0915
vn -0.0191 0.9968 0.0780
vn -0.7287 -0.4378 -0.5266
vn -0.0712 0.9880 0.1368
vn 0.0493 0.9880 0.1462
vn 0.0922 0.9892 0.1140
vn -0.0556 0.9778 0.2021
vn -0.0571 0.9839 0.1696
vn -0.0144 0.9881 0.1534
vn 0.0907 0.9681 0.2336
vn -0.0570 0.0512 -0.9971
vn 0.3112 0.3088 -0.8988
vn 0.3240 0.3006 -0.8970
vn 0.4621 0.4056 -0.7887
vn -0.5643 -0.7878 0.2471
vn -0.5281 -0.7794 0.3371
vn -0.4912 -0.8468 0.2039
vn -0.4912 -0.8468 0.2040
vn -0.2600 -0.7842 0.5634
vn -0.0305 -0.6780 0.7344
vn 0.0628 -0.6807 0.7298
vn 0.0007 -0.7257 0.6880
vn -0.5210 -0.8154 0.2523
vn 0.0415 -0.6417 0.7658
vn -0.0330 -0.6322 0.7741
vn 0.0709 -0.5528 0.8303
vn -0.0334 -0.5262 0.8497
vn -0.0294 -0.5416 0.8401
vn 0.8879 0.4380 0.1407
vn 0.7772 0.4203 0.4683
vn 0.5657 0.6507 0.5065
vn 0.7302 0.4252 0.5348
vn 0.6978 0.4151 0.5838
vn 0.8085 0.2207 0.5455
vn 0.8079 0.2359 0.5400
vn 0.7319 0.2211 0.6445
vn 0.6370 0.5221 0.5671
vn 0.7756 0.4779 0.4123
vn 0.6371 0.5584 0.5314
vn 0.6149 0.6235 0.4829
vn 0.6427 0.6379 0.4242
vn 0.4623 0.8351 0.2982
vn 0.5976 0.7801 0.1853
vn 0.6671 0.7113 0.2216
vn 0.4545 0.8854 -0.0968
vn 0.4601 0.8867 -0.0453
vn 0.4035 0.9140 -0.0422
vn 0.3784 0.9150 0.1398
vn 0.2972 0.9463 -0.1271
vn 0.3006 0.9454 -0.1257
vn 0.2415 0.9684 -0.0625
vn 0.5059 0.8585 0.0843
vn 0.5567 0.8303 -0.0271
vn 0.6773 0.7130 0.1817
vn 0.7984 0.5909 0.1156
vn 0.7115 0.5760 0.4024
vn 0.7909 0.5978 0.1309
vn 0.8052 0.5930 -0.0016
vn 0.8449 0.5013 -0.1866
vn 0.7499 0.5871 -0.3048
vn 0.7555 0.4131 -0.5086
vn 0.8992 0.3637 -0.2431
vn 0.7402 0.5988 -0.3057
vn 0.9740 0.2268 -0.0002
vn -0.2587 -0.7721 0.5805
vn -0.3725 -0.6591 0.6533
vn 0.8731 0.3324 -0.3567
vn 0.5742 0.7973 -0.1860
vn 0.5742 0.8079 -0.1326
vn 0.5118 0.8189 -0.2596
vn 0.2912 0.8895 -0.3522
vn 0.1923 0.9498 -0.2469
vn 0.0128 0.9237 -0.3830
vn -0.0340 0.8913 -0.4522
vn 0.0154 0.8254 -0.5643
vn -0.1835 0.6120 -0.7693
vn 0.1760 0.7595 -0.6262
vn 0.0652 0.7436 -0.6654
vn 0.6495 0.7076 0.2782
vn 0.5077 0.8070 -0.3016
vn 0.5499 0.7787 0.3021
vn 0.2436 0.9581 -0.1505
vn 0.5455 0.7782 0.3111
vn 0.5125 0.6949 0.5044
vn 0.5393 0.6439 0.5427
vn 0.5294 0.5207 0.6698
vn 0.7152 0.4859 0.5024
vn 0.6124 0.5876 0.5288
vn 0.5662 0.3306 0.7551
vn 0.6155 0.2993 0.7290
vn 0.6318 0.3673 0.6826
vn 0.6499 0.3753 0.6609
vn 0.5497 0.3043 0.7780
vn 0.6730 0.1963 0.7131
vn 0.5230 0.0527 0.8507
vn 0.0764 -0.2825 0.9562
vn 0.0762 -0.2827 0.9562
vn 0.4775 0.0771 0.8752
vn 0.7069 0.4080 0.5778
vn 0.6486 0.3675 0.6665
vn 0.6499 0.3752 0.6609
vn 0.7075 0.5536 0.4393
vn 0.0013 -0.4891 0.8722
vn -0.0652 -0.5253 0.8484
vn -0.5578 -0.7903 0.2534
vn 0.7067 0.3385 -0.6213
vn 0.2823 0.6995 -0.6565
vn 0.1566 0.6807 -0.7156
vn -0.2033 0.6251 -0.7536
vn -0.1243 0.6263 -0.7696
vn -0.2586 0.6962 -0.6696
vn -0.5775 0.1701 -0.7985
vn -0.6058 0.1382 -0.7835
vn -0.6660 0.1395 -0.7328
vn -0.6206 0.1242 -0.7742
vn -0.5726 0.2845 -0.7689
vn -0.2292 0.7046 -0.6716
vn -0.0049 0.8936 -0.4489
vn 0.0128 0.9099 -0.4145
vn 0.3575 0.8974 -0.2585
vn 0.1219 0.7999 -0.5876
vn 0.0400 0.7206 -0.6922
vn 0.3454 0.8747 -0.3401
vn 0.5700 0.8081 -0.1484
vn 0.6236 0.7755 0.0983
vn 0.7116 0.5686 0.4128
vn 0.6461 0.6722 0.3616
vn 0.7108 0.6902 0.1354
vn 0.8641 0.3700 0.3412
vn 0.8290 0.3817 0.4088
vn 0.8135 0.2177 0.5394
vn 0.6684 0.2299 0.7074
vn 0.5231 0.0527 0.8506
vn 0.1262 -0.5513 0.8247
vn 0.2114 -0.5953 0.7752
vn -0.8807 -0.1686 -0.4427
vn -0.8275 -0.1456 -0.5422
vn -0.7674 -0.1238 -0.6291
vn -0.7997 -0.0378 -0.5992
vn -0.7657 0.0236 -0.6428
vn -0.5495 -0.0067 -0.8355
vn -0.5981 0.0451 -0.8002
vn -0.1440 0.2342 -0.9615
vn -0.3873 0.3087 -0.8687
vn -0.0016 0.6706 -0.7419
vn 0.1245 0.7992 -0.5881
vn -0.2448 0.7445 -0.6212
vn 0.0618 0.6895 -0.7216
vn 0.2332 0.9497 -0.2088
vn 0.2336 0.9486 -0.2135
vn 0.6189 -0.3843 0.6850
vn 0.5490 0.7836 -0.2908
vn 0.5614 0.7983 0.2181
vn 0.8042 -0.5860 -0.0989
vn 0.6577 0.3252 0.6794
vn 0.8146 0.2495 0.5237
vn 0.6234 0.3067 0.7193
vn -0.6840 -0.7227 -0.0994
vn -0.8713 -0.4810 -0.0973
vn -0.8381 -0.1110 -0.5342
vn -0.7961 -0.0283 -0.6046
vn -0.7269 0.5774 -0.3719
vn -0.6004 0.7532 -0.2689
vn -0.5868 0.7512 -0.3023
vn -0.6467 0.1219 -0.7530
vn -0.1831 0.7491 -0.6366
vn -0.6965 0.4918 -0.5226
vn -0.1678 0.7830 0.5990
vn 0.2346 0.9721 -0.0044
vn -0.8928 0.4332 -0.1237
vn -0.7383 0.6707 0.0707
vn -0.2606 0.9654 0.0040
vn -0.0703 0.9137 0.4002
vn 0.6664 0.5093 0.5446
vn -0.6920 0.6853 -0.2269
vn 0.2618 0.9634 -0.0570
vn 0.2497 0.9658 -0.0693
vn 0.9899 -0.1357 -0.0403
vn 0.2617 0.9635 -0.0570
vn -0.5663 -0.1097 0.8169
vn -0.9059 0.3621 -0.2198
vn 0.6592 0.7518 0.0174
vn 0.0172 0.9142 -0.4049
vn -0.6224 0.4212 -0.6597
vn -0.8465 -0.3018 -0.4387
vn -0.7802 -0.2346 -0.5800
vn -0.5309 -0.4553 -0.7148
vn -0.4487 -0.5703 -0.6881
vn 0.1242 0.9068 -0.4029
vn 0.6245 -0.6149 -0.4816
vn 0.7536 -0.4743 -0.4552
vn 0.1860 -0.9777 -0.0979
vn -0.4431 -0.8019 -0.4009
vn 0.2034 -0.2605 -0.9438
vn 0.1203 -0.5016 -0.8567
vn 0.8130 0.0175 -0.5820
vn 0.6693 -0.4266 -0.6084
vn 0.9729 0.2077 0.1013
vn 0.9857 -0.1614 0.0488
vn 0.9992 0.0367 0.0138
vn -0.5805 -0.6535 0.4857
vn 0.9982 0.0437 0.0414
vn 0.5652 -0.1747 0.8062
vn 0.7653 -0.1247 0.6315
vn 0.5799 0.1993 0.7899
vn 0.5655 0.1978 0.8007
vn 0.0365 -0.7168 0.6964
vn 0.8725 0.2865 0.3958
vn 0.1538 0.9770 -0.1476
vn -0.6139 0.7841 0.0908
vn 0.8960 0.4417 0.0450
vn -0.0340 0.7149 0.6984
vn -0.4133 -0.4600 0.7859
vn -0.6145 0.7879 0.0400
vn -0.2262 -0.8081 0.5439
vn -0.9064 0.3033 0.2941
vn 0.3141 0.2464 0.9169
vn -0.6233 0.7367 0.2621
vn -0.7884 0.3771 0.4860
vn -0.8920 0.0447 0.4498
vn 0.4411 0.7286 0.5240
vn -0.8488 -0.0593 -0.5254
vn 0.3700 -0.0628 0.9269
vn 0.5319 0.0810 0.8429
vn -0.9579 -0.0512 0.2827
vn -0.9569 0.0582 0.2846
vn 0.3882 0.4674 0.7942
vn -0.9870 0.1062 0.1205
vn -0.8034 0.3719 0.4651
vn -0.9800 0.1961 0.0347
vn -0.3653 -0.3052 -0.8794
vn -0.8176 0.3552 -0.4531
vn -0.7674 -0.0753 -0.6368
vn -0.8210 -0.4939 -0.2862
vn -0.7064 -0.1105 -0.6992
vn -0.1685 0.3584 -0.9182
vn -0.6272 -0.7095 -0.3212
vn -0.6781 -0.2575 -0.6884
vn -0.6207 -0.2515 -0.7426
vn -0.0109 -0.4538 -0.8910
vn -0.1540 -0.5659 -0.8100
vn 0.2203 -0.5627 -0.7968
vn 0.5272 -0.5808 -0.6203
vn 0.5152 -0.5734 -0.6370
vn 0.7550 -0.2956 -0.5854
vn 0.9073 -0.3227 -0.2696
vn 0.8558 -0.4693 -0.2177
vn 0.9935 -0.1029 0.0496
vn 0.9395 0.2408 -0.2438
vn 0.5261 0.1510 -0.8369
vn 0.4200 0.4791 -0.7707
vn 0.6577 0.6539 -0.3740
vn 0.5543 0.8034 -0.2174
vn 0.6786 0.6460 0.3496
vn 0.0654 0.9843 -0.1639
vn 0.0202 0.6802 -0.7327
vn -0.0298 0.6704 -0.7414
vn 0.0547 0.0938 -0.9941
vn -0.4240 0.0372 -0.9049
vn -0.7793 0.2911 -0.5549
vn -0.7479 0.3230 -0.5799
vn -0.8030 -0.1832 -0.5671
vn -0.7507 -0.2970 -0.5901
vn -0.5603 -0.2277 -0.7964
vn -0.9239 -0.1221 -0.3627
vn -0.8074 0.3253 -0.4922
vn -0.5779 -0.3935 -0.7150
vn 0.1674 0.0491 -0.9847
vn 0.9305 0.3130 -0.1904
vn 0.5336 0.1714 -0.8282
vn 0.3638 0.0746 -0.9285
vn -0.2377 -0.5087 -0.8275
vn -0.6295 -0.3874 -0.6735
vn -0.5258 -0.4305 -0.7336
vn -0.0169 -0.4446 -0.8956
vn -0.0150 -0.1813 -0.9833
vn 0.5076 -0.5784 -0.6386
vn 0.7215 0.0612 -0.6897
vn 0.8146 -0.5076 -0.2806
vn 0.9900 0.1399 -0.0153
vn 0.8945 -0.4173 0.1604
vn 0.9013 -0.2663 0.3416
vn 0.9404 -0.1103 0.3217
vn 0.9440 0.2862 0.1641
vn 0.9257 0.3655 -0.0975
vn 0.9038 0.4205 -0.0791
vn 0.9941 -0.1089 0.0010
vn 0.4430 0.0912 -0.8919
vn 0.9114 0.1178 0.3942
vn -0.1424 0.9693 0.2006
vn 0.4964 -0.0651 0.8656
vn -0.6439 0.2377 0.7272
vn -0.8340 0.1860 -0.5195
vn 0.4121 0.6872 0.5983
vn 0.9726 0.0195 0.2318
vn 0.2254 0.8435 0.4875
vn 0.7788 -0.0975 0.6196
vn 0.7811 -0.4688 0.4124
vn 0.2671 0.8229 0.5015
vn -0.4463 -0.8452 0.2941
vn -0.6075 -0.5805 -0.5423
vn 0.4877 0.0262 -0.8726
vn 0.4773 -0.6782 0.5587
vn 0.4978 0.2964 -0.8151
vn 0.6625 -0.3628 -0.6554
vn 0.8065 0.4482 0.3855
vn 0.8320 0.0560 0.5520
vn 0.6181 0.3464 0.7056
vn 0.8311 0.2269 0.5077
vn -0.4752 0.2181 0.8524
vn 0.0146 -0.3976 0.9174
vn -0.6469 -0.4592 0.6088
vn 0.4829 -0.1511 0.8626
vn 0.1438 0.3328 0.9320
vn 0.2309 -0.9536 0.1932
vn 0.1788 0.7727 0.6091
vn 0.2919 0.4384 0.8501
vn -0.1671 -0.9282 -0.3324
vn -0.8239 -0.5583 0.0972
vn -0.8241 -0.2793 -0.4928
vn 0.0081 0.3868 -0.9221
vn 0.0003 0.0882 -0.9961
vn 0.5435 -0.8357 0.0789
vn 0.5190 -0.7300 0.4447
vn 0.5997 -0.5262 0.6029
vn -0.6319 -0.7229 0.2794
vn -0.3770 -0.6124 0.6948
vn -0.3228 -0.7806 0.5352
vn -0.3531 -0.6900 0.6318
vn -0.2420 -0.6578 0.7133
vn -0.6027 -0.6451 0.4697
vn -0.3213 -0.6688 0.6704
vn -0.0603 -0.6513 0.7564
vn -0.8690 -0.3536 0.3460
vn -0.9305 -0.3232 0.1722
vn -0.6309 -0.4331 0.6438
vn -0.9577 -0.2843 -0.0444
vn -0.9740 -0.1870 0.1278
vn -0.9861 0.0080 -0.1660
vn -0.9780 -0.2071 -0.0265
vn -0.9557 -0.2231 -0.1922
vn -0.9827 0.0060 -0.1853
vn -0.7917 0.3734 -0.4835
vn -0.9551 -0.2190 -0.1996
vn -0.9252 0.2097 -0.3163
vn -0.9743 -0.1950 -0.1126
vn -0.9301 -0.1479 -0.3363
vn -0.7087 -0.6965 0.1123
vn -0.9003 -0.3723 -0.2253
vn 0.2806 -0.4719 -0.8358
vn 0.7214 0.4215 -0.5494
vn 0.5698 0.5799 -0.5822
vn 0.7215 0.4215 -0.5494
vn 0.9766 0.0443 -0.2103
vn 0.9868 0.0046 -0.1620
vn 0.5715 -0.3850 -0.7247
vn 0.4372 0.7080 -0.5546
vn 0.9210 0.2391 -0.3075
vn 0.9592 0.1350 -0.2486
vn 0.9596 0.1347 -0.2472
vn 0.2668 0.3888 -0.8819
vn 0.7183 0.3852 -0.5794
vn 0.9747 0.0108 -0.2232
vn 0.4418 -0.8968 -0.0248
vn 0.6635 0.4120 -0.6246
vn 0.6296 -0.7699 0.1040
vn 0.9285 -0.2020 0.3117
vn 0.9541 -0.2279 0.1942
vn 0.3819 -0.5960 -0.7063
vn 0.9559 -0.1285 0.2641
vn 0.6752 -0.4839 0.5568
vn 0.9994 0.0229 -0.0267
vn 0.9756 0.0769 0.2055
vn 0.9937 0.1119 -0.0086
vn 0.9439 0.3237 0.0657
vn 0.9358 0.0749 0.3446
vn 0.9128 0.1179 0.3911
vn 0.7691 0.5622 -0.3039
vn 0.7596 0.5268 -0.3813
vn 0.2304 0.6487 -0.7253
vn 0.2683 0.6614 -0.7005
vn 0.4000 0.5508 -0.7325
vn 0.5855 0.7140 -0.3839
vn 0.2841 0.9142 -0.2889
vn 0.2454 0.9273 -0.2826
vn 0.3843 0.5257 -0.7590
vn 0.4612 0.6528 -0.6010
vn 0.0795 -0.9530 0.2924
vn 0.4622 0.6065 -0.6470
vn 0.4345 0.4653 -0.7712
vn 0.2622 -0.2912 -0.9200
vn 0.2523 -0.2839 -0.9251
vn 0.3741 -0.5190 -0.7685
vn -0.0177 -0.2310 -0.9728
vn 0.2814 -0.2198 -0.9341
vn 0.2036 -0.0596 -0.9772
vn -0.1781 -0.7935 -0.5820
vn -0.0190 -0.4856 -0.8740
vn -0.0189 -0.4856 -0.8740
vn 0.2406 -0.4828 -0.8420
vn -0.2920 -0.3045 -0.9066
vn 0.2778 -0.5639 -0.7777
vn 0.1790 -0.0858 -0.9801
vn 0.3855 -0.1708 -0.9068
vn 0.2052 0.2956 -0.9330
vn 0.0016 -0.9977 -0.0677
vn 0.3820 -0.0925 -0.9195
vn -0.4036 -0.9132 -0.0560
vn 0.8827 0.0304 -0.4690
vn 0.3547 0.9272 -0.1206
vn 0.5595 0.5542 -0.6163
vn 0.5590 0.5543 -0.6167
vn 0.3543 0.9334 -0.0573
vn 0.2894 0.7444 -0.6018
vn -0.5392 0.2550 0.8027
vn -0.6324 0.2248 0.7413
vn 0.9705 0.2355 0.0511
vn -0.7501 0.2844 0.5970
vn -0.6055 0.6598 0.4449
vn -0.5304 0.8008 0.2784
vn 0.8157 0.4511 0.3621
vn 0.8521 0.4426 0.2794
vn -0.4761 0.3166 0.8204
vn 0.4729 0.4704 0.7450
vn -0.2325 0.4144 0.8799
vn 0.0026 0.9270 0.3751
vn -0.4705 0.7537 0.4589
vn -0.8841 -0.3091 0.3506
vn -0.8489 -0.3991 0.3465
vn -0.8167 0.3425 0.4645
vn 0.1631 0.5296 0.8324
vn -0.4263 0.3892 0.8166
vn 0.2019 0.9709 -0.1284
vn 0.1840 -0.9706 0.1553
vn -0.4177 -0.4311 0.7998
vn -0.5582 -0.4635 0.6882
vn -0.2194 0.9538 0.2051
vn 0.8181 0.4013 0.4119
vn 0.7656 -0.1517 0.6252
vn 0.8419 -0.2393 0.4837
vn -0.0684 -0.6978 0.7130
vn -0.1600 -0.6133 0.7735
vn 0.8298 -0.5544 0.0640
vn -0.8586 0.4093 -0.3086
vn 0.4630 0.3695 -0.8057
vn -0.8400 -0.2471 0.4831
vn -0.8409 0.2275 0.4911
vn -0.9276 -0.3727 0.0247
vn -0.4915 0.7422 -0.4556
vn -0.8397 0.0305 0.5421
vn 0.7476 0.5961 -0.2929
vn -0.8095 0.2493 0.5315
vn -0.9022 -0.1244 0.4129
vn -0.7775 -0.6287 -0.0157
vn -0.4096 -0.6891 0.5979
vn -0.6087 -0.7850 -0.1150
vn -0.6952 0.6784 -0.2378
vn 0.7941 -0.1905 -0.5771
vn 0.0469 -0.9158 -0.3988
vn -0.0464 -0.9817 0.1848
vn 0.9718 0.1700 -0.1635
vn 0.7231 0.5431 -0.4268
vn 0.6373 0.7482 -0.1846
vn 0.8065 0.4983 -0.3182
vn -0.9697 -0.2310 -0.0795
vn -0.9613 -0.0829 0.2628
vn 0.0035 -0.2259 0.9741
vn 0.8245 0.5174 -0.2290
vn 0.7136 0.5432 -0.4424
vn 0.4862 0.0210 0.8736
vn 0.7507 0.5422 0.3774
vn 0.4941 0.8663 0.0733
vn 0.3224 0.9410 0.1028
vn 0.1207 0.9819 0.1463
vn -0.0530 0.9971 -0.0546
vn -0.4638 0.8820 0.0832
vn 0.4060 0.8342 -0.3732
vn 0.9134 -0.3931 -0.1054
vn 0.8197 -0.5704 -0.0531
vn 0.5007 -0.8385 0.2149
vn 0.8616 -0.4994 0.0907
vn 0.8713 0.4315 -0.2338
vn 0.4414 0.7594 -0.4780
vn 0.8704 0.4383 -0.2243
vn 0.3915 0.8512 -0.3496
vn 0.3258 0.9099 -0.2567
vn 0.8180 0.5548 -0.1520
vn 0.7389 -0.6590 -0.1401
vn 0.7724 -0.6333 -0.0493
vn 0.4652 -0.8812 0.0839
vn 0.4686 -0.8805 -0.0720
vn 0.7541 -0.6448 0.1249
vn 0.7587 -0.6493 -0.0522
vn 0.9301 -0.3632 0.0543
vn 0.9154 -0.3943 0.0805
vn 0.8919 0.4100 0.1911
vn 0.8949 0.4130 0.1690
vn 0.8267 -0.5614 -0.0379
vn 0.8105 -0.5857 0.0048
vn 0.3804 -0.9220 -0.0719
vn 0.4537 -0.8623 -0.2248
vn -0.1313 -0.9446 -0.3007
vn -0.0311 -0.9392 -0.3421
vn -0.6534 -0.6635 -0.3645
vn -0.6779 -0.6229 -0.3905
vn -0.9813 0.1755 -0.0791
vn -0.9813 0.1756 -0.0791
vn -0.9641 0.1842 -0.1914
vn -0.9635 0.1692 -0.2076
vn -0.6863 -0.6812 -0.2549
vn -0.7791 -0.6120 -0.1359
vn -0.9898 0.1251 0.0689
vn -0.7131 0.6962 0.0828
vn -0.6609 0.7494 -0.0402
vn -0.5654 0.8241 0.0337
vn -0.2286 0.9538 0.1950
vn -0.9727 0.0473 -0.2273
vn -0.1729 0.9635 0.2045
vn -0.1161 0.9814 0.1530
vn -0.1287 -0.9868 -0.0986
vn 0.4231 -0.9061 -0.0002
vn 0.4047 0.8817 0.2425
vn 0.4528 0.8308 0.3237
vn 0.9639 -0.1346 0.2295
vn 0.7294 -0.3704 0.5752
vn 0.6928 -0.7190 0.0554
vn 0.2217 -0.9744 0.0383
vn 0.9008 -0.4342 -0.0010
vn 0.8489 0.5057 0.1540
vn 0.4230 0.8896 0.1720
vn -0.5735 0.8112 0.1140
vn -0.8221 0.5514 -0.1419
vn -0.8092 -0.5561 -0.1893
vn -0.2493 -0.9564 -0.1520
vn 0.5804 -0.7956 0.1739
vn 0.4701 -0.8819 0.0356
vn 0.4319 -0.8800 0.1975
vn -0.1774 -0.8070 0.5632
vn 0.0606 -0.9689 0.2401
vn 0.2836 -0.9500 -0.1306
vn 0.2409 -0.9053 -0.3498
vn 0.3699 -0.7850 -0.4970
vn 0.1330 -0.7507 -0.6471
vn -0.1139 -0.8717 -0.4767
vn 0.6184 0.2056 -0.7585
vn -0.0420 -0.9964 -0.0738
vn -0.2884 -0.8607 0.4196
vn -0.2421 -0.7908 0.5621
vn 0.8802 0.4413 -0.1745
vn 0.5061 0.0760 -0.8591
vn 0.5588 0.4008 -0.7260
vn 0.5294 0.4322 -0.7301
vn 0.6917 0.4586 -0.5579
vn 0.5081 0.3828 0.7715
vn 0.3216 0.5234 -0.7890
vn 0.8498 -0.0157 -0.5268
vn 0.9016 0.1462 -0.4072
vn 0.7307 -0.4300 -0.5303
vn 0.8337 0.4649 0.2981
vn 0.8692 0.3690 0.3292
vn 0.1624 0.4476 0.8794
vn 0.3614 0.9183 0.1619
vn 0.4784 0.7278 0.4913
vn 0.8977 -0.0795 -0.4334
vn 0.7109 0.3210 0.6258
vn -0.2147 0.2525 0.9435
vn -0.5097 0.1577 0.8458
vn 0.0957 0.9944 -0.0441
vn 0.4699 0.7363 -0.4869
vn 0.7455 0.5891 -0.3116
vn -0.0108 0.1738 0.9847
vn 0.4199 0.8375 0.3496
vn 0.3637 0.8756 0.3179
vn 0.1736 -0.7205 0.6714
vn -0.0433 0.2146 0.9757
vn 0.9844 0.0561 -0.1669
vn 0.8710 0.4466 -0.2046
vn 0.6243 -0.5206 -0.5824
vn 0.4433 0.8571 0.2623
vn -0.2281 0.1758 0.9576
vn 0.6678 0.1245 0.7338
vn -0.1110 0.9293 0.3522
vn -0.1368 0.3937 0.9090
vn 0.4320 0.6199 -0.6551
vn 0.4860 0.8734 -0.0305
vn 0.8732 -0.1360 0.4680
vn 0.0275 0.9611 -0.2748
vn 0.2563 0.5118 0.8200
vn 0.8507 0.4160 0.3215
vn 0.6513 0.3324 0.6821
vn 0.5732 -0.8169 -0.0635
vn 0.4958 -0.8684 0.0036
vn -0.2764 0.1917 0.9417
vn -0.1944 -0.3764 0.9058
vn 0.0318 -0.2882 0.9570
vn 0.1556 -0.6978 0.6991
vn -0.0130 0.7467 0.6650
vn 0.7733 0.6175 0.1435
vn -0.4424 0.7766 -0.4485
vn 0.3321 0.1324 0.9339
vn 0.0278 0.7210 0.6924
vn 0.0060 0.7110 0.7031
vn 0.8086 0.5365 -0.2417
vn 0.1236 -0.5648 0.8159
vn 0.9887 0.0980 0.1132
vn -0.2373 0.8989 0.3682
vn 0.9144 0.3188 -0.2493
vn 0.2907 -0.4944 -0.8192
vn -0.0237 -0.9922 0.1228
vn 0.9940 -0.0741 0.0807
vn -0.1348 -0.7748 0.6177
vn -0.4104 0.1499 0.8995
vn -0.6084 -0.0361 0.7928
vn -0.3966 0.7448 0.5366
vn -0.3170 0.9292 0.1902
vn -0.4552 0.8883 0.0612
vn -0.8770 -0.0031 0.4805
vn -0.5324 0.8456 -0.0380
vn -0.2116 0.9644 -0.1584
vn -0.6594 0.7517 0.0085
vn -0.6216 0.7774 -0.0960
vn -0.8482 0.0555 0.5268
vn -0.4859 -0.8340 0.2614
vn -0.7343 -0.6507 0.1935
vn -0.9908 0.1350 -0.0110
vn -0.8188 0.5741 -0.0018
vn -0.7810 0.6063 0.1496
vn -0.4722 0.8805 -0.0428
vn -0.1585 0.9871 -0.0217
vn 0.2904 0.9548 -0.0637
vn 0.9155 0.3904 0.0971
vn 0.2063 0.2468 0.9469
vn -0.4575 0.0157 0.8891
vn 0.9978 -0.0643 -0.0136
vn -0.9345 -0.0197 0.3555
vn -0.0437 0.4956 0.8675
vn -0.9595 -0.2443 0.1406
vn -0.0965 -0.3551 -0.9298
vn -0.8487 -0.4211 -0.3200
vn 0.9850 0.0089 -0.1724
vn -0.7297 -0.2334 -0.6427
vn -0.2816 0.1975 -0.9390
vn 0.9776 0.2101 -0.0145
vn 0.7186 0.3578 0.5962
vn 0.7357 -0.1440 0.6618
vn 0.2573 -0.0402 0.9655
vn -0.5253 -0.8466 -0.0854
vn -0.8835 0.3505 -0.3109
vn -0.9579 0.2740 -0.0861
vn -0.3915 -0.2403 0.8882
vn -0.9357 -0.2956 -0.1926
vn -0.9588 -0.2589 0.1168
vn -0.5825 -0.4978 -0.6426
vn -0.7279 -0.0072 -0.6857
vn 0.2889 0.0121 -0.9573
vn 0.9060 -0.0318 -0.4220
vn 0.9352 0.2118 0.2839
vn 0.9432 0.0209 -0.3315
vn -0.1906 0.2368 -0.9527
vn 0.9942 -0.0275 -0.1040
vn 0.9735 0.0790 -0.2146
vn 0.5973 0.6409 -0.4821
vn 0.2606 0.5725 -0.7774
vn -0.6932 0.6799 -0.2395
vn -0.9284 -0.2670 0.2584
vn 0.3714 0.8919 -0.2579
vn -0.0148 -0.1241 -0.9922
vn 0.3581 0.6890 -0.6301
vn 0.1574 0.6248 -0.7647
vn -0.1697 -0.1145 -0.9788
vn -0.1415 -0.1378 -0.9803
vn -0.2457 -0.8648 -0.4379
vn -0.2414 -0.8308 0.5015
vn -0.7792 -0.2241 -0.5854
vn -0.9215 0.3078 -0.2367
vn -0.8700 -0.1360 -0.4740
vn -0.2337 -0.8349 -0.4984
vn 0.0313 -0.9732 -0.2278
vn -0.2620 -0.9150 -0.3068
vn -0.6375 -0.7697 -0.0335
vn -0.9909 -0.1346 -0.0077
vn 0.3203 0.8489 -0.4204
vn 0.5684 0.7978 -0.2013
vn 0.1397 0.0101 -0.9901
vn 0.2338 0.0445 -0.9713
vn 0.2768 -0.0627 0.9589
vn 0.8389 0.5130 0.1821
vn 0.8128 0.5560 0.1739
vn 0.7721 0.6297 0.0858
vn 0.6416 0.7229 0.2564
vn 0.7287 0.6310 0.2661
vn 0.5820 0.8132 -0.0012
vn 0.8454 0.5250 -0.0983
vn 0.5853 0.7325 0.3475
vn 0.9959 0.0203 -0.0884
vn 0.8000 0.0685 0.5961
vn 0.7117 -0.5363 0.4538
vn 0.5333 -0.4888 0.6904
vn -0.2974 -0.8233 0.4835
vn -0.2445 -0.8986 0.3644
vn -0.6427 -0.5838 0.4962
vn -0.9643 -0.1100 0.2409
vn 0.2951 -0.2822 0.9128
vn -0.4604 -0.6678 0.5849
vn -0.1120 0.0138 0.9936
vn -0.1816 0.8158 0.5491
vn 0.5268 -0.3184 0.7881
vn 0.5298 -0.8466 0.0510
vn -0.4866 -0.3137 0.8154
vn -0.3496 -0.1717 0.9210
vn 0.4212 0.8055 -0.4169
vn 0.3939 0.8462 -0.3589
vn 0.0028 0.0051 1.0000
vn -0.1585 -0.2973 0.9415
vn -0.4421 -0.2590 0.8587
vn 0.0038 -0.0753 0.9972
vn 0.5457 -0.4200 0.7252
vn 0.0593 0.0782 0.9952
vn -0.5513 -0.2746 -0.7878
vn -0.8448 -0.4807 0.2350
vn -0.8101 -0.5267 -0.2576
vn -0.8066 -0.5297 -0.2623
vn -0.6710 -0.6664 -0.3252
vn -0.6663 -0.6736 -0.3199
vn -0.2985 -0.2459 -0.9222
vn -0.6035 -0.7178 -0.3471
vn -0.4074 -0.8537 -0.3243
vn -0.0775 -0.9006 0.4276
vn 0.0641 -0.3338 -0.9405
vn 0.6160 -0.2431 -0.7493
vn 0.0210 0.0593 -0.9980
vn -0.2330 0.6377 -0.7342
vn 0.6344 0.2782 -0.7212
vn 0.5938 0.3008 -0.7463
vn 0.6796 -0.3065 0.6665
vn 0.9616 0.2555 0.0997
vn 0.9356 0.3426 0.0850
vn 0.3685 0.8811 -0.2964
vn 0.4286 0.8769 -0.2174
vn 0.3371 0.9403 -0.0473
vn 0.4142 0.8831 0.2202
vn -0.9853 -0.0876 -0.1465
vn -0.1700 -0.7722 -0.6123
vn 0.9433 -0.0807 -0.3219
vn 0.9718 -0.1209 -0.2023
vn 0.9711 -0.1463 -0.1884
vn 0.5367 -0.7586 -0.3693
vn 0.8561 -0.2899 -0.4278
vn 0.5821 0.4645 -0.6674
vn 0.4943 0.4435 -0.7476
vn -0.1186 0.5447 -0.8302
vn -0.0133 0.3575 -0.9338
vn -0.1171 0.3129 -0.9425
vn -0.3007 0.3456 -0.8889
vn -0.5607 0.8115 -0.1644
vn -0.6801 0.7281 -0.0852
vn -0.3432 0.2525 0.9047
vn -0.0085 0.2306 0.9730
vn 0.6420 0.5783 0.5034
vn 0.3341 0.9425 -0.0102
vn -0.4072 0.9113 0.0610
vn 0.7501 0.2441 -0.6146
vn -0.1523 -0.3832 -0.9110
vn -0.4362 0.5597 0.7046
vn -0.4055 -0.0612 0.9121
vn -0.9752 -0.1888 -0.1157
vn -0.9774 -0.1046 -0.1835
vn -0.9166 0.1787 0.3577
vn -0.5737 -0.7965 -0.1911
vn -0.6686 -0.6849 -0.2897
vn -0.2464 -0.1181 -0.9620
vn 0.1182 0.9855 -0.1214
vn -0.3731 0.2524 -0.8928
vn -0.5463 -0.1072 -0.8307
vn -0.6207 -0.3406 -0.7062
vn -0.6430 -0.3180 -0.6967
vn 0.4242 0.6346 -0.6460
vn 0.4911 0.6415 -0.5893
vn 0.6405 -0.1976 -0.7421
vn 0.9262 0.1483 -0.3467
vn 0.8765 0.4519 -0.1658
vn 0.8668 0.4858 -0.1124
vn -0.3139 -0.1786 -0.9325
vn -0.3604 -0.1782 -0.9156
vn 0.1309 -0.7410 -0.6586
vn 0.6382 0.5844 -0.5012
vn 0.9647 -0.0892 -0.2479
vn 0.9984 -0.0527 -0.0180
vn 0.7700 -0.3481 0.5347
vn -0.0303 -0.4943 -0.8688
vn -0.0166 -0.9027 0.4299
vn -0.1894 -0.8892 -0.4166
vn -0.8905 0.0974 -0.4444
vn -0.6197 -0.6135 -0.4895
vn -0.6750 -0.4500 -0.5846
vn -0.8185 -0.4395 -0.3699
vn -0.4813 -0.2112 -0.8507
vn -0.6499 0.1302 -0.7488
vn -0.5001 0.5723 -0.6498
vn -0.5330 0.6172 -0.5787
vn -0.8418 0.4598 -0.2829
vn -0.9838 -0.0034 -0.1790
vn -0.9786 -0.0764 0.1911
vn -0.8642 -0.4824 -0.1429
vn -0.8387 -0.1043 -0.5346
vn -0.8411 -0.1883 -0.5071
vn 0.3544 0.3668 -0.8602
vn 0.1036 0.7745 -0.6240
vn 0.4651 0.5164 -0.7190
vn 0.3699 0.1996 -0.9074
vn 0.1075 0.7699 -0.6291
vn 0.2927 0.9321 -0.2135
vn -0.8563 0.4636 0.2278
vn -0.5111 0.3024 0.8046
vn -0.4020 -0.5710 0.7158
vn -0.3118 -0.6302 0.7110
vn -0.0552 -0.9233 0.3801
vn -0.8411 -0.5389 0.0459
vn -0.9013 -0.3359 0.2735
vn 0.4927 0.3898 0.7780
vn 0.5449 0.8366 -0.0560
vn 0.4595 0.3780 0.8037
vn -0.9025 0.3903 0.1819
vn -0.8935 0.1580 -0.4204
vn -0.8655 -0.1776 -0.4684
vn -0.5827 -0.4949 0.6446
vn -0.8627 -0.3613 0.3538
vn -0.8871 -0.1911 0.4201
vn -0.8685 -0.1967 -0.4549
vn -0.3046 0.1985 -0.9315
vn -0.3113 0.8607 -0.4029
vn 0.0844 0.9060 -0.4147
vn -0.8829 -0.1273 -0.4520
vn 0.1334 -0.6513 0.7470
vn -0.0389 0.5237 -0.8510
vn 0.6695 -0.7078 0.2252
vn -0.3064 -0.9427 0.1318
vn 0.5298 -0.4416 0.7240
vn -0.8451 -0.4611 0.2706
vn -0.8574 -0.3901 -0.3358
vn -0.8757 -0.4750 -0.0865
vn -0.7218 0.4029 0.5628
vn -0.3692 0.5545 0.7458
vn 0.0165 0.7469 0.6647
vn -0.2287 0.9734 -0.0167
vn 0.4036 -0.0359 0.9142
vn 0.8933 -0.2730 0.3569
vn 0.6412 0.7517 -0.1542
vn 0.5926 0.6350 0.4956
vn 0.0013 -0.0874 0.9962
vn 0.7729 0.6298 0.0768
vn -0.6718 0.1588 0.7235
vn 0.8658 0.4815 0.1361
vn -0.2278 0.2768 -0.9335
vn 0.2549 0.6290 -0.7344
vn 0.6385 0.5307 -0.5574
vn 0.4127 0.3399 -0.8451
vn 0.0805 0.3294 -0.9407
vn 0.6151 -0.5434 -0.5712
vn 0.5095 0.1109 -0.8533
vn 0.4969 -0.4362 -0.7502
vn -0.0783 0.2015 -0.9764
vn 0.4935 0.4708 -0.7313
vn 0.7572 0.1273 -0.6406
vn 0.4614 0.7147 -0.5257
vn 0.5014 -0.3181 -0.8046
vn 0.4113 0.0498 -0.9102
vn 0.3606 -0.6301 -0.6877
vn -0.1079 0.3337 -0.9365
vn -0.4698 -0.2530 -0.8457
vn 0.1921 -0.4741 -0.8592
vn -0.7491 0.3096 -0.5857
vn -0.3043 0.4460 -0.8417
vn -0.0189 -0.6939 -0.7199
vn -0.4083 -0.9031 -0.1329
vn 0.0915 -0.8429 0.5302
vn -0.2864 -0.3678 -0.8847
vn -0.7495 -0.2663 -0.6061
vn -0.7986 -0.6015 -0.0222
vn 0.0895 0.7055 0.7031
vn -0.9624 -0.0170 0.2709
vn -0.3503 -0.8062 -0.4767
vn -0.8979 0.0550 -0.4368
vn -0.8491 -0.5282 0.0084
vn -0.8425 -0.5376 -0.0355
vn -0.3418 0.4341 -0.8335
vn -0.3662 0.4580 -0.8101
vn 0.0705 0.4981 -0.8642
vn -0.1222 0.6700 -0.7323
vn -0.6944 -0.2004 -0.6912
vn -0.1836 -0.3366 -0.9236
vn -0.2248 -0.9326 -0.2825
vn -0.4863 -0.4175 -0.7676
vn 0.6732 -0.4229 -0.6066
vn -0.2351 -0.5496 -0.8017
vn -0.5372 -0.4394 -0.7200
vn 0.4031 -0.5411 -0.7381
vn 0.0518 0.2568 -0.9651
vn 0.0813 0.6707 -0.7373
vn 0.4405 0.0620 -0.8956
vn -0.2525 0.9650 -0.0705
vn -0.6830 0.3513 -0.6404
vn 0.5698 -0.3319 -0.7518
vn 0.6287 0.3497 -0.6945
vn 0.9168 0.3123 -0.2489
vn 0.3274 0.9384 0.1104
vn 0.8743 0.2616 0.4089
vn 0.9158 0.2418 0.3207
vn 0.7364 0.4523 0.5031
vn 0.5202 0.6539 -0.5494
vn -0.3351 0.8162 0.4707
vn 0.7576 0.5822 -0.2951
vn 0.2740 0.9616 0.0135
vn -0.9433 0.3287 -0.0469
vn -0.8512 0.1815 -0.4925
vn -0.3670 0.8704 -0.3283
vn -0.8623 0.4893 -0.1309
vn -0.9027 -0.4256 0.0633
vn -0.8952 0.4405 0.0672
vn -0.4340 0.7575 0.4877
vn -0.7458 0.6662 0.0014
vn 0.2957 0.7291 -0.6173
vn -0.7194 0.5968 -0.3553
vn 0.3899 0.7676 -0.5086
vn -0.6630 0.4741 -0.5794
vn -0.7817 0.6104 0.1278
vn -0.5221 0.7353 0.4321
vn -0.8508 0.4659 -0.2428
vn -0.0610 0.4364 -0.8977
vn 0.5012 0.8611 0.0851
vn -0.8280 0.5355 -0.1661
vn -0.8544 0.4973 -0.1507
vn -0.8508 0.5066 -0.1397
vn -0.3276 -0.4919 -0.8066
vn 0.4363 0.7347 -0.5195
vn 0.3957 0.7478 -0.5331
vn -0.4994 0.1021 -0.8603
vn -0.8026 0.2524 -0.5404
vn -0.9695 -0.0919 -0.2273
vn -0.5162 -0.7789 -0.3561
vn -0.8187 0.5456 -0.1789
vn 0.0604 0.5529 0.8311
vn -0.8414 0.5130 -0.1699
vn -0.3539 0.8506 0.3889
vn -0.7981 0.5952 -0.0932
vn -0.3957 0.3584 -0.8456
vn -0.9726 0.1986 0.1211
vn -0.6724 -0.6594 -0.3362
vn -0.3256 -0.5129 -0.7943
vn -0.4355 -0.4702 -0.7677
vn -0.8211 0.5348 -0.1993
vn -0.7077 0.6191 -0.3405
vn -0.8640 0.3599 0.3521
vn -0.8230 0.5165 -0.2364
vn -0.7917 0.5431 -0.2798
vn -0.7740 0.5385 -0.3331
vn 0.8395 0.4561 0.2955
vn -0.9585 0.0224 -0.2843
vn -0.9954 -0.0435 0.0850
vn -0.9117 0.3948 -0.1139
vn -0.7648 0.5950 -0.2472
vn -0.7577 0.6046 -0.2458
vn -0.7428 0.6126 -0.2701
vn 0.6827 -0.7014 0.2048
vn 0.5873 -0.6171 0.5237
vn 0.9713 0.1117 0.2098
vn 0.7668 -0.5874 0.2586
vn 0.7869 -0.5507 0.2783
vn -0.7599 0.5564 -0.3361
vn -0.7435 0.5761 -0.3395
vn -0.7489 -0.2861 0.5977
vn -0.7729 -0.2689 0.5747
vn -0.7496 0.6236 -0.2218
vn -0.7458 0.6314 -0.2127
vn -0.7386 0.3262 0.5900
vn -0.6021 0.0281 0.7979
vn -0.7367 0.6074 -0.2970
vn -0.2299 0.9159 0.3289
vn -0.6440 0.7533 0.1337
vn -0.6586 0.7454 0.1026
vn -0.6579 -0.2959 -0.6926
vn -0.5263 -0.8496 0.0346
vn 0.6030 -0.5864 0.5408
vn -0.7328 -0.3561 -0.5798
vn 0.7716 -0.5435 0.3306
vn 0.7520 -0.5718 0.3278
vn 0.6746 -0.6403 0.3672
vn 0.8019 -0.4504 0.3925
vn 0.7645 -0.5401 0.3519
vn 0.7722 -0.4879 0.4070
vn 0.7722 -0.4878 0.4070
vn -0.7423 0.5813 -0.3334
vn -0.8331 0.4593 -0.3081
vn -0.7422 0.5813 -0.3334
vn 0.2484 -0.2501 -0.9358
vn 0.1697 0.7247 0.6679
vn -0.5264 -0.8495 0.0343
vn -0.6440 0.7532 0.1336
vn 0.7609 -0.5131 0.3972
vn 0.3102 -0.8530 0.4197
vn 0.4976 -0.8303 0.2512
vn 0.7788 -0.6010 0.1796
vn 0.7190 -0.6823 0.1324
vn 0.7385 -0.6410 0.2092
vn 0.9116 -0.3435 -0.2257
vn 0.8724 -0.4657 -0.1481
vn -0.4409 -0.8955 0.0613
vn -0.4497 -0.8881 -0.0950
vn -0.3513 -0.9298 -0.1098
vn -0.3921 -0.8944 -0.2152
vn 0.8216 -0.5640 0.0831
vn 0.8589 -0.5102 0.0459
vn 0.7796 -0.6202 0.0866
vn 0.7494 -0.6319 0.1977
vn 0.7364 -0.6465 0.1995
vn 0.5985 -0.7368 0.3146
vn 0.4403 0.8948 0.0744
vn 0.1632 0.9778 -0.1311
vn 0.1632 0.9778 -0.1312
vn 0.3933 0.9188 -0.0339
vn -0.7069 0.6589 -0.2572
vn -0.7182 0.6411 -0.2704
vn -0.7222 0.6514 -0.2326
vn -0.7695 -0.2905 -0.5687
vn -0.4483 -0.8184 -0.3596
vn -0.7910 0.5674 -0.2288
vn -0.8388 -0.0201 -0.5440
vn -0.8092 0.0190 -0.5872
vn -0.6640 -0.3548 -0.6582
vn -0.5744 -0.5095 -0.6406
vn -0.4690 -0.7048 -0.5322
vn -0.7120 0.6546 -0.2540
vn -0.7944 0.5638 -0.2258
vn 0.4480 0.8418 0.3011
vn 0.4173 0.8967 0.1477
vn 0.0783 0.9948 0.0650
vn -0.0795 0.9915 0.1026
vn 0.3472 0.9254 0.1522
vn -0.7865 0.5800 -0.2121
vn 0.8486 -0.4069 0.3382
vn 0.7292 -0.6427 0.2349
vn 0.3481 -0.9191 -0.1849
vn 0.3887 -0.9169 -0.0904
vn 0.7389 -0.6027 0.3014
vn -0.6041 -0.7035 -0.3744
vn 0.0083 -0.9076 -0.4198
vn 0.7142 -0.6643 0.2205
vn 0.6863 -0.6698 0.2835
vn 0.8515 0.5086 0.1277
vn 0.7814 0.5832 0.2221
vn 0.7536 -0.6271 0.1969
vn 0.7450 -0.6299 0.2194
vn 0.7871 -0.5816 0.2056
vn 0.7082 0.6129 0.3505
vn 0.7209 0.6008 0.3454
vn 0.7170 0.5965 0.3606
vn 0.8250 -0.5147 0.2335
vn 0.0577 -0.8180 -0.5724
vn 0.1550 -0.8803 -0.4484
vn -0.0896 -0.8754 -0.4751
vn -0.0095 -0.8935 -0.4491
vn 0.4074 -0.9010 -0.1492
vn -0.7855 0.6026 -0.1412
vn -0.4418 0.8808 -0.1701
vn -0.7808 0.5776 -0.2382
vn -0.7549 0.6182 -0.2192
vn -0.7865 0.5422 -0.2957
vn -0.7865 0.5422 -0.2956
vn -0.7244 0.6364 -0.2649
vn -0.7249 0.6359 -0.2647
vn -0.8426 -0.5381 0.0235
vn -0.8426 -0.5380 0.0235
vn -0.8921 -0.4390 -0.1067
vn -0.7629 0.6243 -0.1681
vn -0.7779 0.6003 -0.1855
vn 0.2811 0.5009 -0.8186
vn -0.0152 0.8187 -0.5741
vn -0.2790 0.8800 -0.3843
vn -0.5054 0.5812 -0.6378
vn -0.3283 0.4240 -0.8441
vn -0.1580 0.1484 -0.9762
vn -0.7605 0.6136 -0.2124
vn -0.7626 0.6092 -0.2175
vn -0.8494 0.5269 0.0290
vn -0.4877 -0.8629 0.1328
vn -0.4837 -0.8646 0.1358
vn 0.6954 -0.6576 0.2896
vn 0.7326 -0.6114 0.2991
vn -0.7577 0.6252 -0.1870
vn -0.7250 0.5987 -0.3405
vn 0.6278 -0.7060 0.3278
vn 0.7352 0.6662 0.1249
vn 0.7879 0.5707 0.2312
vn 0.7787 -0.6216 0.0855
vn -0.3235 -0.9156 -0.2389
vn 0.7442 -0.6399 0.1915
vn 0.7182 -0.6719 0.1807
vn 0.9810 -0.0206 -0.1928
vn 0.6653 -0.6780 0.3126
vn 0.9577 -0.2754 0.0839
vn 0.6827 -0.7016 0.2042
vn -0.9097 -0.4148 0.0186
vn -0.7764 0.6129 -0.1467
vn -0.9143 0.3917 -0.1028
vn -0.7289 0.5752 -0.3714
vn -0.4040 0.7852 -0.4693
vn -0.7720 0.5965 -0.2196
vn -0.9733 0.1782 0.1447
vn -0.8224 0.5084 -0.2552
vn -0.3804 -0.4407 -0.8131
vn -0.4516 0.4867 -0.7478
vn -0.9541 0.1154 0.2764
vn -0.8423 0.5372 -0.0449
vn -0.7983 0.3826 0.4652
vn -0.0684 0.6638 0.7448
vn 0.0142 0.6690 0.7431
vn -0.3009 0.9456 -0.1236
vn 0.1424 0.9594 -0.2434
vn -0.8027 0.5744 -0.1602
vn -0.8218 0.5623 -0.0923
vn -0.8556 -0.5052 -0.1126
vn -0.8058 0.5404 -0.2420
vn -0.6594 -0.6714 -0.3382
vn -0.7629 0.6164 -0.1952
vn 0.2659 0.9228 0.2789
vn -0.5843 -0.4140 -0.6980
vn -0.8306 0.0938 -0.5489
vn -0.7850 0.5905 -0.1875
vn -0.6888 0.6497 -0.3217
vn -0.1875 0.8555 0.4828
vn 0.0381 0.9770 0.2098
vn -0.7889 0.5492 -0.2759
vn -0.2707 -0.4120 -0.8700
vn 0.0745 0.3821 -0.9211
vn 0.1307 0.6760 -0.7252
vn -0.8062 0.5164 -0.2889
vn 0.3650 0.9154 0.1695
vn 0.3260 0.9031 0.2794
vn 0.7702 0.1114 -0.6280
vn 0.2777 -0.6027 -0.7481
vn 0.8705 -0.4561 0.1848
vn 0.8716 -0.3789 0.3110
vn 0.7018 0.4073 0.5845
vn 0.8191 -0.5198 0.2425
vn 0.5653 0.3748 0.7349
vn 0.7284 -0.6420 0.2394
vn 0.7532 -0.5664 0.3344
vn -0.7106 0.6500 -0.2693
vn -0.7217 0.6378 -0.2691
vn -0.0874 0.9575 0.2749
vn -0.3275 0.9229 0.2023
vn -0.7929 0.5230 -0.3126
vn -0.8375 -0.0439 -0.5447
vn 0.7914 0.2025 0.5769
vn 0.6393 -0.6933 0.3327
vn 0.7874 0.1406 0.6002
vn 0.7293 -0.6426 0.2350
vn 0.3264 -0.8838 -0.3351
vn 0.8191 -0.4688 0.3305
vn 0.5733 -0.7792 -0.2534
vn 0.7819 -0.6172 0.0873
vn 0.8924 -0.3854 0.2348
vn -0.4039 -0.8672 -0.2914
vn -0.3572 -0.8373 -0.4140
vn 0.8186 -0.5420 0.1900
vn 0.8502 -0.5113 0.1253
vn 0.6936 0.1427 0.7061
vn 0.6904 0.2414 0.6820
vn 0.8080 -0.5612 0.1794
vn 0.8279 -0.5327 0.1756
vn 0.7112 -0.6868 0.1497
vn 0.7363 -0.6380 0.2254
vn 0.7264 -0.6456 0.2357
vn 0.9867 0.1606 0.0268
vn 0.8105 -0.3415 0.4759
vn 0.7679 0.6021 -0.2186
vn 0.5701 -0.6189 -0.5404
vn 0.3294 -0.9117 0.2456
vn 0.7873 -0.3311 -0.5202
vn 0.5516 -0.3134 -0.7730
vn 0.9967 -0.0451 -0.0672
vn 0.8879 -0.4588 0.0328
vn 0.8130 -0.5583 0.1653
vn 0.6746 -0.6404 0.3672
vn 0.2873 0.0732 -0.9550
vn -0.7752 0.5550 -0.3016
vn -0.7971 0.5147 -0.3158
vn -0.9572 -0.0862 0.2764
vn -0.9072 -0.1870 0.3768
vn -0.6198 -0.5027 0.6026
vn -0.5484 -0.6457 0.5313
vn 0.8145 -0.4933 0.3054
vn 0.1565 -0.9863 -0.0512
vn 0.6403 -0.2279 0.7335
vn 0.7955 -0.5211 0.3093
vn 0.8634 0.4118 -0.2916
vn 0.6302 -0.6720 0.3889
vn 0.6275 -0.5446 0.5565
vn 0.7646 -0.4680 0.4432
vn 0.6937 -0.6216 0.3639
vn 0.5460 0.6580 -0.5186
vn 0.6557 0.5379 -0.5298
vn -0.5430 -0.5343 0.6479
vn -0.9850 -0.1540 -0.0777
vn -0.8174 0.4413 0.3702
vn -0.9699 -0.1912 0.1510
vn -0.7083 -0.5902 0.3873
vn -0.8449 0.4290 -0.3197
vn -0.7985 0.5120 -0.3166
vn 0.5079 0.2563 -0.8224
vn 0.7786 -0.5058 0.3713
vn 0.7770 -0.5443 0.3162
vn 0.7770 -0.5444 0.3162
vn 0.7967 -0.5158 0.3151
vn 0.7716 -0.5905 -0.2363
vn -0.4697 -0.8180 0.3320
vn 0.5911 0.1647 -0.7896
vn -0.9534 -0.2795 -0.1132
vn -0.4015 0.5234 -0.7516
vn -0.8673 0.4102 -0.2818
vn -0.8429 0.5062 -0.1825
vn -0.5205 0.6328 -0.5732
vn -0.7921 0.4711 -0.3882
vn -0.8957 0.4365 -0.0843
vn -0.6955 0.0248 0.7181
vn -0.8639 0.4747 -0.1683
vn -0.5443 0.7978 0.2594
vn -0.8638 0.4847 -0.1374
vn -0.8115 0.5716 -0.1213
vn -0.5118 0.3121 -0.8004
vn -0.3074 -0.3047 -0.9015
vn -0.7010 -0.2643 -0.6624
vn 0.0478 0.5958 -0.8017
vn -0.7538 -0.4247 -0.5014
vn -0.8122 -0.1086 -0.5732
vn -0.9927 0.0245 0.1181
vn 0.0220 0.8002 -0.5993
vn -0.6142 0.6855 -0.3911
vn 0.3211 0.8177 -0.4777
vn -0.4262 0.8308 0.3579
vn 0.2972 0.9533 0.0540
vn 0.9248 0.3789 -0.0349
vn 0.7422 0.6656 0.0778
vn 0.4934 0.8673 0.0657
vn 0.7041 0.6983 0.1288
vn 0.7141 0.6524 -0.2538
vn 0.9957 0.0410 -0.0832
vn 0.3573 0.9253 -0.1270
vn 0.9972 0.0365 -0.0647
vn 0.9924 0.0802 -0.0935
vn -0.0196 -0.5471 -0.8368
vn 0.0102 -0.1364 -0.9906
vn -0.4183 -0.3774 -0.8262
vn -0.3094 -0.7544 -0.5789
vn 0.9138 -0.3118 -0.2605
vn 0.9820 0.1747 -0.0724
vn -0.3950 0.2602 -0.8810
vn -0.5454 0.7498 0.3746
vn -0.5064 0.7680 0.3922
vn -0.9733 0.2145 0.0812
vn -0.9756 0.1826 0.1218
vn -0.7964 -0.4047 -0.4494
vn -0.9598 -0.2111 -0.1848
vn -0.9726 -0.1613 -0.1674
vn -0.6531 -0.5203 -0.5502
vn -0.9977 0.0677 -0.0070
vn -0.9987 0.0504 -0.0059
vn -0.9987 0.0502 -0.0050
vn 0.6083 -0.2464 -0.7545
vn 0.9630 -0.1133 -0.2444
vn 0.9261 -0.2694 -0.2642
vn 0.7690 0.5751 0.2791
vn -0.4707 0.7161 0.5155
vn 0.9807 0.1715 0.0940
vn 0.9431 -0.0731 -0.3243
vn 0.3449 0.9175 0.1982
vn 0.7146 0.2694 -0.6456
vn 0.7514 0.5876 0.3002
vn 0.2242 0.9535 0.2016
vn 0.2983 0.7342 0.6099
vn 0.5374 0.5156 0.6673
vn -0.0160 0.9062 -0.4225
vn 0.1647 0.6910 -0.7038
vn 0.4777 0.0544 -0.8768
vn -0.4708 0.5517 0.6885
vn -0.2025 0.9563 -0.2111
vn 0.4373 0.5108 -0.7402
vn 0.1123 0.8239 -0.5555
vn -0.6011 -0.5496 0.5802
vn 0.5449 0.8366 -0.0559
vn 0.7728 0.1191 -0.6234
vn 0.6904 0.6146 -0.3815
vn -0.2861 0.8229 -0.4910
vn 0.2113 0.9226 -0.3228
vn -0.5173 -0.6684 -0.5345
vn -0.0528 -0.5610 0.8261
vn -0.1078 -0.9225 0.3707
vn -0.9370 -0.3466 -0.0443
vn -0.7066 -0.2649 0.6562
vn -0.2560 -0.9616 -0.0988
vn 0.8167 -0.2377 -0.5259
vn -0.2212 -0.9001 -0.3753
vn -0.8042 0.2776 0.5256
vn 0.2820 -0.8280 -0.4846
vn 0.6939 -0.6654 -0.2751
vn 0.1757 0.9844 -0.0121
vn 0.8055 -0.5865 0.0850
vn 0.8136 -0.2871 0.5057
vn -0.3863 -0.1673 0.9071
vn -0.4309 -0.4580 0.7775
vn 0.5626 0.6090 0.5591
vn 0.0862 0.7996 0.5942
vn 0.4368 -0.2258 0.8708
vn -0.4971 -0.3998 0.7701
vn -0.5589 -0.6226 0.5477
vn -0.5217 -0.6749 0.5219
vn -0.2941 -0.2581 0.9203
vn 0.6637 0.2045 0.7195
vn 0.9342 -0.3475 0.0804
vn 0.7578 -0.6345 0.1524
vn 0.9554 -0.0748 0.2856
vn 0.8922 -0.0587 0.4478
vn 0.4659 0.3708 -0.8034
vn 0.3754 0.5670 -0.7332
vn 0.3764 0.5122 -0.7720
vn -0.9254 0.2118 -0.3144
vn -0.9643 0.2632 0.0295
vn -0.3112 -0.5773 0.7549
vn 0.9659 0.0095 0.2586
vn -0.7239 -0.6881 0.0512
vn -0.3711 -0.6951 0.6157
vn -0.2166 -0.9065 -0.3624
vn -0.0539 -0.7557 0.6527
vn -0.3711 -0.6952 0.6157
vn 0.0463 -0.9671 0.2500
vn 0.2196 -0.8197 -0.5290
vn -0.5411 -0.4149 0.7315
vn -0.7376 -0.1554 0.6572
vn -0.8941 -0.4478 0.0099
vn -0.3435 0.2255 -0.9117
vn -0.5680 -0.0120 -0.8229
vn 0.6214 0.3717 -0.6897
vn -0.6867 -0.6368 -0.3504
vn -0.8015 0.0175 0.5977
vn -0.9484 -0.0549 0.3122
vn -0.9285 -0.3693 0.0382
vn -0.8729 -0.4213 -0.2459
vn -0.7517 -0.6376 -0.1689
vn -0.7741 -0.6098 0.1700
vn -0.7891 -0.5898 0.1717
vn -0.9125 -0.3541 -0.2046
vn -0.5457 -0.7585 0.3563
vn 0.3593 -0.9330 -0.0192
vn 0.1933 -0.8552 0.4808
vn 0.1165 -0.4765 0.8714
vn -0.3200 -0.8625 -0.3920
vn -0.1178 -0.9681 -0.2210
vn -0.1177 -0.9681 -0.2210
vn -0.0734 -0.9971 -0.0207
vn -0.0902 -0.9954 -0.0331
vn 0.1100 -0.6255 0.7724
vn 0.2141 -0.6858 0.6956
vn -0.2092 0.2611 -0.9424
vn -0.0050 -0.3132 -0.9497
vn -0.0050 -0.3133 -0.9497
vn 0.1153 0.4436 -0.8888
vn 0.2241 0.6306 -0.7431
vn 0.2244 0.6303 -0.7432
vn 0.5642 -0.7933 0.2289
vn 0.7060 -0.6361 0.3115
vn 0.6499 0.2205 0.7273
vn -0.0123 -0.9720 0.2347
vn -0.1746 -0.9818 -0.0752
vn -0.1937 -0.9785 -0.0705
vn 0.2756 -0.8947 -0.3514
vn 0.2756 -0.8947 -0.3515
vn 0.2639 -0.9373 0.2278
vn -0.2224 -0.9616 -0.1606
vn -0.2223 -0.9617 -0.1606
vn 0.2948 -0.8918 0.3433
vn 0.6462 -0.4663 0.6042
vn 0.3181 -0.5627 0.7630
vn -0.3138 -0.9494 -0.0124
vn -0.2856 -0.5455 -0.7879
vn -0.4128 -0.7866 -0.4592
vn -0.4127 -0.7866 -0.4592
vn 0.4266 -0.7136 -0.5557
vn -0.7654 -0.2697 -0.5844
vn 0.1037 -0.9006 0.4220
vn 0.5832 -0.8122 -0.0103
vn 0.6333 -0.7513 -0.1859
vn 0.2906 -0.8785 -0.3793
vn 0.4564 -0.7624 -0.4588
vn 0.0916 -0.9510 0.2953
vn 0.9405 -0.3173 -0.1214
vn 0.4322 -0.3584 -0.8275
vn 0.4922 -0.3371 -0.8026
vn 0.9762 -0.0253 0.2152
vn 0.9795 -0.1901 0.0661
vn 0.8243 -0.3883 -0.4120
vn 0.7657 -0.2460 -0.5943
vn 0.9484 -0.2233 0.2253
vn 0.9472 -0.0669 -0.3137
vn 0.5048 -0.1509 -0.8500
vn 0.8702 -0.4912 0.0375
vn 0.9066 -0.4220 0.0090
vn 0.3284 0.4000 0.8557
vn 0.7448 0.4351 -0.5060
vn 0.1041 0.8552 -0.5077
vn 0.1160 0.8423 -0.5264
vn -0.4020 0.9001 -0.1682
vn 0.2447 -0.0418 0.9687
vn 0.0920 -0.2326 0.9682
vn -0.2438 -0.3387 0.9088
vn -0.3932 -0.8934 -0.2172
vn -0.7366 -0.6478 0.1943
vn 0.1060 -0.1811 0.9777
vn 0.0925 0.3886 0.9167
vn -0.8236 0.4975 0.2725
vn 0.1130 -0.3028 0.9463
vn -0.6476 0.6809 0.3420
vn -0.6774 0.6228 0.3915
vn -0.7795 0.5951 0.1957
vn -0.6707 0.7076 -0.2225
vn -0.6104 0.6086 -0.5070
vn -0.1045 0.4397 -0.8921
vn -0.1571 0.4290 -0.8895
vn -0.3373 0.4333 -0.8357
vn 0.2286 0.1178 -0.9664
vn 0.0567 0.3610 -0.9308
vn 0.6639 -0.1670 -0.7290
vn 0.6801 -0.2230 -0.6984
vn 0.4017 -0.3967 -0.8254
vn 0.0242 0.9641 -0.2644
vn -0.4941 0.4320 -0.7545
vn 0.3150 -0.1742 -0.9329
vn 0.4720 0.2060 -0.8572
vn 0.8475 0.4599 -0.2651
vn -0.1099 0.9936 -0.0274
vn -0.4826 0.8643 -0.1418
vn -0.3058 0.9155 -0.2614
vn -0.9737 -0.0941 -0.2074
vn -0.8663 0.4826 -0.1289
vn -0.7250 0.5666 -0.3917
vn -0.7785 0.2567 -0.5727
vn -0.9091 0.2128 -0.3582
vn -0.9043 -0.0337 -0.4257
vn -0.9043 -0.0337 -0.4256
vn -0.9878 0.0984 0.1204
vn -0.9130 0.2965 0.2803
vn -0.9671 0.2543 0.0002
vn -0.9998 0.0136 -0.0174
vn -0.4697 -0.4445 0.7628
vn -0.4143 -0.4305 0.8019
vn -0.5850 0.2822 -0.7603
vn -0.5804 -0.0344 -0.8136
vn -0.0910 -0.3828 -0.9194
vn -0.0209 -0.7438 0.6681
vn 0.1888 -0.9816 0.0273
vn 0.3919 -0.8637 -0.3171
vn 0.5709 -0.7472 -0.3401
vn 0.6964 -0.6651 -0.2697
vn 0.3301 -0.2630 -0.9066
vn -0.3000 -0.6649 -0.6841
vn 0.1058 -0.5814 -0.8067
vn 0.0975 -0.6852 -0.7218
vn 0.6734 0.4076 -0.6167
vn 0.7180 -0.1291 -0.6840
vn 0.6195 -0.3189 -0.7173
vn 0.6819 -0.5944 -0.4263
vn 0.9211 -0.3810 -0.0797
vn 0.8223 0.3645 -0.4370
vn 0.2472 -0.7624 -0.5980
vn 0.6508 -0.5780 -0.4923
vn 0.3320 -0.8404 -0.4283
vn 0.4485 -0.7946 -0.4093
vn 0.1802 -0.2800 -0.9429
vn 0.1991 -0.2618 -0.9443
vn 0.7881 -0.6119 0.0671
vn 0.6927 -0.7204 0.0335
vn 0.8779 -0.0068 0.4789
vn 0.0065 -0.9936 -0.1131
vn 0.8678 0.2336 0.4386
vn 0.2257 -0.3712 -0.9007
vn 0.1163 -0.5228 -0.8445
vn -0.5359 -0.3160 -0.7829
vn 0.5877 -0.5674 0.5768
vn 0.9337 -0.1564 -0.3222
vn -0.3583 -0.8159 -0.4537
vn 0.2576 -0.9568 0.1347
vn 0.0654 -0.9977 0.0178
vn 0.5703 -0.5371 -0.6215
vn 0.9887 -0.1068 -0.1048
vn 0.7529 -0.6020 -0.2657
vn 0.6512 -0.6222 -0.4345
vn 0.4839 -0.8747 -0.0283
vn 0.8263 -0.1784 -0.5342
vn 0.3220 -0.7830 -0.5323
vn -0.3352 -0.8119 -0.4780
vn 0.8199 -0.0864 -0.5660
vn 0.8906 0.0939 -0.4449
vn 0.9818 -0.1126 -0.1529
vn 0.4743 0.8658 0.1596
vn -0.2872 0.9205 0.2650
vn -0.9437 -0.1146 -0.3103
vn -0.9368 -0.2167 -0.2747
vn 0.2158 -0.8767 -0.4298
vn 0.4317 -0.7033 -0.5648
vn 0.3897 0.9051 0.1701
vn -0.0453 -0.6153 0.7870
vn -0.1385 -0.2566 0.9565
vn -0.4926 -0.7763 0.3932
vn -0.3957 -0.7781 0.4878
vn -0.8110 -0.5621 0.1621
vn -0.7525 -0.6427 0.1441
vn -0.6353 -0.4637 -0.6176
vn -0.0454 -0.6151 0.7871
vn -0.8922 -0.3513 -0.2836
vn -0.3288 0.3786 0.8652
vn -0.3578 -0.0797 0.9304
vn -0.4009 -0.0581 0.9143
vn -0.4580 -0.3791 0.8041
vn -0.9264 0.2506 0.2809
vn -0.2468 -0.9382 0.2428
vn -0.3541 -0.2111 0.9111
vn -0.0765 0.1438 0.9866
vn -0.0765 0.1438 0.9867
vn -0.0124 0.9609 0.2767
vn 0.8715 0.2117 -0.4423
vn 0.9993 0.0370 0.0036
vn 0.4865 0.8639 0.1305
vn -0.6820 -0.6512 0.3328
vn -0.6820 -0.6513 0.3328
vn 0.8077 0.5181 0.2815
vn 0.9376 -0.2112 0.2764
vn 0.0855 0.9542 0.2868
vn 0.5723 -0.6495 0.5005
vn 0.7367 -0.6248 -0.2586
vn -0.6127 -0.6995 -0.3679
vn -0.2288 -0.3143 0.9213
vn -0.1577 0.1369 0.9780
vn -0.2026 0.0157 0.9791
vn -0.2407 -0.0001 0.9706
vn -0.2514 0.0246 0.9676
vn -0.5320 -0.0415 0.8457
vn -0.3943 0.0235 0.9187
vn -0.6675 -0.7346 0.1216
vn -0.6689 -0.3791 -0.6395
vn -0.5032 0.2606 0.8239
vn 0.2946 -0.6315 0.7172
vn 0.6939 -0.3295 0.6402
vn -0.0346 -0.4556 0.8895
vn -0.5032 0.2606 0.8240
vn -0.5391 -0.0530 0.8406
vn -0.3793 0.4123 0.8283
vn -0.4697 -0.4445 0.7627
vn -0.9665 -0.1684 -0.1938
vn -0.6351 0.7274 0.2599
vn -0.8641 0.4735 0.1706
vn -0.8051 0.5633 0.1858
vn 0.4771 0.0837 0.8749
vn 0.4771 0.0837 0.8748
vn -0.8050 0.5635 0.1858
vn -0.7765 0.6227 0.0964
vn -0.8254 -0.3063 -0.4742
vn 0.0910 -0.7695 -0.6322
vn 0.7071 -0.5375 -0.4595
vn 0.7534 -0.5470 -0.3649
vn 0.8495 -0.4089 -0.3334
vn -0.5547 0.4295 -0.7126
vn -0.2656 -0.0040 -0.9641
vn 0.5903 -0.1901 -0.7845
vn 0.8471 -0.3504 -0.3995
vn 0.8614 -0.3480 -0.3701
vn 0.7761 -0.6082 0.1665
vn 0.9329 -0.3544 -0.0645
vn 0.0214 -0.4714 0.8817
vn 0.0957 -0.6433 0.7596
vn 0.8110 0.0834 0.5791
vn 0.2672 -0.9521 0.1489
vn 0.9252 0.2554 0.2809
vn 0.6578 -0.4120 0.6305
vn 0.4833 0.3064 0.8201
vn -0.0851 0.2062 0.9748
vn 0.2422 0.5839 0.7749
vn -0.0777 0.9290 0.3618
vn -0.9371 -0.1886 0.2937
vn -0.8830 0.3320 -0.3318
vn -0.0016 0.8143 0.5804
vn 0.0529 0.9728 0.2254
vn -0.7279 0.6407 0.2443
vn 0.6323 0.7733 -0.0461
vn 0.9763 -0.0130 -0.2161
vn 0.9734 0.1795 0.1426
vn 0.6441 -0.7577 0.1051
vn 0.9811 -0.0701 -0.1801
vn 0.1709 0.3735 0.9118
vn -0.4831 -0.4115 0.7728
vn 0.8246 -0.4560 -0.3348
vn -0.4097 0.1226 -0.9039
vn 0.4751 0.8712 -0.1235
vn 0.1296 0.9841 -0.1213
vn -0.3106 0.4717 -0.8253
vn -0.0453 0.3749 -0.9259
vn -0.6320 0.5524 -0.5436
vn -0.9048 -0.4171 -0.0859
vn -0.9405 0.1958 0.2776
vn -0.7418 0.6658 0.0804
vn -0.4313 -0.3734 0.8213
vn 0.4344 -0.7674 0.4715
vn 0.5218 -0.8001 0.2958
vn 0.2505 -0.0420 0.9672
vn 0.9051 0.2632 -0.3338
vn 0.5751 0.0560 -0.8162
vn -0.2258 0.6485 -0.7269
vn 0.1778 -0.4359 0.8822
vn 0.9267 -0.3687 -0.0722
vn 0.7590 -0.5663 -0.3212
vn -0.3353 -0.7726 -0.5391
vn 0.9035 -0.2875 -0.3178
vn 0.9886 -0.0552 -0.1401
vn 0.4204 -0.9062 0.0460
vn -0.3421 0.4370 -0.8318
vn -0.4097 0.3430 -0.8452
vn 0.1389 -0.4556 -0.8793
vn -0.0838 -0.4050 -0.9104
vn -0.0503 0.6562 -0.7529
vn 0.6825 -0.7204 0.1234
vn 0.0433 -0.9278 -0.3706
vn -0.5691 -0.3930 0.7223
vn -0.8377 0.0098 -0.5461
vn -0.7705 0.5959 0.2262
vn -0.5485 -0.5733 -0.6087
vn -0.5378 -0.5994 -0.5928
vn -0.5391 -0.0531 0.8406
vn 0.8324 0.3786 0.4047
vn 0.8252 0.3501 0.4432
vn -0.2742 -0.4885 0.8284
vn 0.4859 0.4681 -0.7381
vn -0.5635 -0.5264 0.6367
vn 0.2859 -0.8170 0.5007
vn -0.5151 -0.7590 0.3982
vn 0.5955 -0.7132 0.3697
vn 0.2550 0.9318 0.2583
vn 0.0141 0.8737 0.4862
vn 0.1751 0.8133 0.5549
vn -0.7920 0.3834 0.4751
vn -0.8547 0.3552 0.3784
vn -0.9853 -0.0671 -0.1570
vn 0.9449 -0.1192 -0.3048
vn 0.3461 0.0262 -0.9378
vn -0.9973 0.0705 0.0217
vn -0.8801 0.3470 -0.3240
vn -0.9980 0.0604 0.0162
vn -0.6723 0.7274 0.1377
vn -0.0623 0.6006 0.7971
vn 0.3841 0.4410 0.8112
vn -0.6734 0.4257 0.6044
vn -0.9839 0.1638 0.0719
vn -0.3089 0.6828 0.6621
vn 0.2295 0.7747 0.5893
vn -0.6495 0.7467 0.1438
vn -0.1597 0.9634 0.2153
vn -0.7277 0.4828 0.4873
vn -0.5260 -0.2516 0.8125
vn -0.5724 0.0202 0.8197
vn -0.7470 -0.6616 0.0652
vn -0.7146 -0.3797 -0.5875
vn -0.1869 0.9349 0.3018
vn -0.3989 0.9020 -0.1652
vn -0.0834 0.8025 0.5908
vn 0.0952 0.7942 -0.6002
vn -0.1565 0.3523 -0.9227
vn -0.4386 0.0519 -0.8972
vn -0.5136 0.2322 -0.8260
vn -0.2275 0.8170 -0.5299
vn 0.0927 0.8462 -0.5247
vn 0.9165 -0.1097 -0.3848
vn 0.9123 -0.1305 -0.3882
vn 0.3937 -0.7812 0.4846
vn 0.4765 -0.5943 0.6479
vn -0.2649 0.0242 0.9640
vn -0.1732 0.7532 0.6346
vn -0.6655 0.7449 -0.0465
vn -0.8798 0.4750 -0.0201
vn 0.8776 0.4436 0.1819
vn 0.8574 0.4272 0.2870
vn -0.7590 0.0458 -0.6494
vn 0.8476 -0.1717 -0.5021
vn 0.4792 -0.7265 0.4926
vn 0.7273 -0.4283 0.5363
vn -0.3143 0.7561 -0.5740
vn 0.8726 -0.1131 -0.4752
vn 0.9624 -0.0354 -0.2692
vn 0.9909 0.0045 0.1348
vn 0.4273 -0.3633 -0.8279
vn 0.5270 -0.3923 -0.7539
vn 0.6000 -0.7854 -0.1523
vn -0.7791 -0.4088 -0.4753
vn 0.2717 -0.7192 -0.6395
vn 0.9768 -0.1196 -0.1774
vn 0.9768 -0.1140 -0.1814
vn -0.2551 -0.8850 -0.3894
vn 0.4889 -0.8715 0.0390
vn 0.9486 0.0107 0.3164
vn 0.2801 -0.8614 -0.4238
vn 0.4500 -0.8599 -0.2409
vn 0.4748 -0.6272 -0.6175
vn -0.6009 -0.3290 -0.7285
vn -0.7739 -0.5476 -0.3180
vn 0.7018 -0.5577 0.4433
vn -0.4951 -0.8292 0.2595
vn 0.4584 -0.8453 -0.2746
vn -0.8992 -0.4328 -0.0637
vn -0.7899 -0.3706 -0.4885
vn -0.9519 -0.2467 -0.1817
vn -0.8335 -0.5524 0.0117
vn -0.0175 0.9720 -0.2344
vn -0.2064 0.7744 -0.5981
vn -0.2241 0.9623 0.1541
vn -0.8705 -0.4854 0.0817
vn -0.5436 -0.4220 0.7255
vn 0.4551 -0.1038 0.8844
vn -0.3162 -0.1806 0.9314
vn -0.9411 -0.2011 0.2718
vn -0.9496 -0.1293 0.2855
vn -0.3087 0.9401 -0.1449
vn -0.3086 0.9401 -0.1449
vn -0.5995 0.7980 0.0611
vn -0.3518 -0.1949 0.9156
vn 0.4815 -0.2783 0.8311
vn 0.4159 -0.8887 0.1931
vn 0.4064 -0.9074 0.1070
vn 0.3627 -0.0594 0.9300
vn 0.4366 -0.8927 0.1121
vn -0.3465 -0.4333 0.8320
vn -0.2738 -0.1230 0.9539
vn -0.5415 -0.6831 0.4901
vn -0.6279 0.3183 0.7102
vn -0.6860 0.0375 0.7267
vn -0.8306 -0.5450 0.1146
vn -0.1210 -0.9117 0.3926
vn -0.5386 -0.8224 -0.1832
vn 0.2436 -0.7418 0.6248
vn -0.0334 -0.3002 0.9533
vn 0.6160 -0.7691 0.1702
vn 0.5907 -0.7266 -0.3510
vn 0.4811 -0.3395 -0.8082
vn -0.3922 -0.8904 -0.2309
vn -0.5119 -0.3842 -0.7683
vn -0.6282 -0.7196 -0.2959
vn -0.1798 -0.9830 0.0376
vn -0.7587 -0.3660 -0.5390
vn -0.5533 -0.3270 -0.7661
vn -0.6232 -0.4828 -0.6153
vn -0.8191 0.1978 -0.5385
vn -0.4013 -0.4129 -0.8176
vn -0.2983 -0.5434 -0.7847
vn -0.9044 -0.4210 0.0685
vn -0.7584 -0.6248 0.1857
vn -0.2936 -0.5152 0.8052
vn -0.4123 -0.7760 -0.4772
vn -0.8225 -0.3336 -0.4606
vn -0.8363 -0.4475 0.3167
vn -0.8835 -0.1217 0.4523
vn -0.7383 -0.1754 -0.6513
vn -0.7529 0.0740 -0.6539
vn -0.8252 -0.5606 0.0692
vn -0.8384 -0.4401 0.3216
vn -0.9813 -0.1584 -0.1091
vn -0.7731 -0.5044 -0.3846
vn -0.9136 -0.3811 -0.1419
vn -0.9594 -0.1656 -0.2284
vn -0.8544 -0.0668 -0.5153
vn -0.9006 -0.0505 -0.4318
vn -0.6989 -0.2484 -0.6707
vn -0.5609 0.1234 -0.8187
vn -0.7077 0.1315 -0.6942
vn -0.7254 -0.0070 -0.6883
vn -0.5788 -0.0133 -0.8153
vn -0.7377 0.1689 -0.6537
vn -0.8488 -0.5068 0.1508
vn -0.8741 -0.4673 0.1322
vn -0.8684 -0.4794 0.1265
vn -0.9865 -0.1208 0.1109
vn -0.9658 -0.2173 0.1413
vn -0.9856 0.0542 0.1602
vn 0.3707 0.2267 -0.9007
vn -0.6523 -0.7221 -0.2305
vn -0.6495 0.3389 0.6807
vn -0.8325 -0.5299 0.1620
vn -0.8283 -0.5365 0.1616
vn -0.8190 -0.5311 0.2173
vn -0.8504 -0.4851 0.2037
vn -0.8145 -0.5247 0.2475
vn -0.8144 -0.5404 0.2113
vn -0.7900 -0.5399 0.2907
vn -0.8075 -0.5190 0.2803
vn -0.7993 -0.5213 0.2990
vn -0.8447 0.3721 0.3848
vn -0.9061 -0.0565 0.4194
vn -0.4729 -0.8778 0.0759
vn -0.4730 -0.8778 0.0760
vn -0.8425 -0.4288 0.3259
vn -0.8439 -0.4264 0.3255
vn -0.8426 -0.4288 0.3259
vn -0.8311 -0.4937 0.2562
vn -0.5470 -0.8307 0.1041
vn -0.5044 -0.8005 0.3235
vn -0.8066 -0.5910 0.0087
vn 0.9164 -0.0291 -0.3992
vn 0.7168 -0.1760 -0.6747
vn 0.5325 0.7363 0.4175
vn 0.5325 0.7363 0.4176
vn 0.8202 0.4804 -0.3104
vn 0.8228 0.4780 -0.3072
vn -0.7869 -0.5307 0.3147
vn -0.7916 -0.5248 0.3129
vn -0.5133 -0.8501 0.1177
vn -0.6432 -0.7452 0.1757
vn -0.8857 -0.2638 0.3820
vn -0.8750 0.0246 0.4836
vn 0.8096 0.5307 -0.2507
vn 0.9782 -0.0595 -0.1991
vn 0.6315 -0.7459 0.2116
vn 0.6001 -0.7899 0.1262
vn -0.4341 -0.8602 0.2675
vn 0.7842 -0.6205 0.0041
vn 0.9391 0.3263 -0.1076
vn 0.5382 0.8355 -0.1108
vn 0.4987 0.8627 -0.0840
vn 0.5935 -0.7902 -0.1531
vn 0.9296 0.0205 -0.3681
vn 0.9798 0.1749 -0.0965
vn 0.5163 0.6624 -0.5428
vn 0.9093 0.2151 -0.3563
vn 0.3170 -0.9172 -0.2412
vn 0.1288 -0.9632 -0.2358
vn 0.8413 0.5026 -0.1991
vn 0.8256 0.5250 -0.2070
vn 0.7920 0.5745 -0.2066
vn 0.7199 0.5339 -0.4436
vn 0.8746 0.4703 -0.1184
vn 0.9052 0.4027 -0.1357
vn 0.8430 0.4892 -0.2234
vn 0.8773 0.2015 -0.4355
vn 0.4795 0.8775 0.0079
vn 0.6280 0.7356 0.2538
vn 0.8124 0.5029 -0.2953
vn 0.7781 0.6259 0.0527
vn 0.0776 0.9942 0.0746
vn 0.5933 0.1042 -0.7982
vn 0.6481 0.4931 -0.5803
vn 0.9978 0.0637 -0.0181
vn 0.8913 -0.1566 -0.4255
vn 0.8493 0.4847 -0.2090
vn 0.8545 0.4606 -0.2400
vn 0.8440 0.4517 -0.2890
vn 0.9281 0.0608 -0.3672
vn 0.4403 0.8931 -0.0928
vn 0.7501 0.5824 -0.3133
vn 0.9101 0.2074 -0.3588
vn 0.9181 0.0495 -0.3933
vn -0.8757 -0.0710 0.4775
vn -0.7385 -0.6086 0.2903
vn 0.5941 -0.7897 -0.1528
vn 0.4015 -0.8469 0.3486
vn -0.5268 -0.8398 0.1314
vn 0.8213 0.4771 -0.3129
vn 0.2901 0.9553 -0.0575
vn 0.9164 -0.0290 -0.3992
vn 0.8914 -0.1564 -0.4255
vn 0.8454 0.4297 -0.3173
vn 0.8453 0.4299 -0.3173
vn -0.8448 0.3717 0.3848
vn -0.8035 -0.4853 0.3448
vn -0.8488 0.0381 0.5274
vn -0.8094 -0.5352 0.2419
vn -0.5149 -0.5520 0.6558
vn -0.4486 -0.8746 0.1838
vn -0.8210 -0.5406 0.1836
vn -0.8187 -0.5358 0.2066
vn -0.7678 -0.4116 0.4910
vn -0.5580 -0.8128 0.1673
vn -0.3567 -0.9339 -0.0245
vn -0.8555 -0.4598 0.2382
vn -0.6008 0.2708 -0.7522
vn -0.7872 0.0806 -0.6114
vn -0.9128 -0.3817 -0.1451
vn -0.8501 -0.0931 0.5183
vn -0.7102 -0.5857 0.3906
vn -0.5304 -0.5215 -0.6684
vn -0.9506 -0.1606 -0.2656
vn -0.9542 -0.0861 -0.2865
vn -0.8347 0.4858 0.2592
vn -0.9367 0.3275 0.1241
vn -0.7431 -0.6605 0.1077
vn -0.9148 -0.3166 -0.2508
vn 0.3729 -0.4970 -0.7836
vn -0.9449 -0.2827 -0.1654
vn -0.7396 -0.5138 -0.4348
vn -0.9283 -0.2107 -0.3064
vn -0.8780 0.0285 -0.4778
vn -0.7105 -0.5128 -0.4819
vn -0.7039 -0.4815 -0.5221
vn -0.2926 -0.4729 -0.8311
vn -0.7128 0.2728 -0.6461
vn -0.7939 -0.5960 0.1206
vn -0.7853 -0.6070 0.1222
vn -0.8010 -0.5571 0.2191
vn -0.4710 -0.8790 -0.0735
vn -0.8394 -0.4469 0.3093
vn 0.8327 0.4460 -0.3283
vn 0.4044 0.5109 -0.7586
vn 0.8163 0.5270 -0.2363
vn 0.9392 -0.0780 -0.3345
vn 0.8339 0.4921 -0.2499
vn 0.8414 0.4919 -0.2236
vn 0.9238 0.2183 -0.3144
vn 0.7930 0.5694 -0.2165
vn 0.8194 0.5461 -0.1741
vn 0.0097 0.0335 0.9994
vn 0.9114 -0.3169 -0.2625
vn 0.7114 0.4841 -0.5095
vn 0.8797 0.3528 -0.3190
vn 0.8375 0.5031 -0.2132
vn 0.3462 -0.8431 -0.4114
vn -0.8415 -0.5267 0.1203
vn -0.7031 0.2515 -0.6652
vn -0.8332 0.0202 -0.5526
vn -0.8017 -0.1246 -0.5846
vn -0.7705 -0.5074 -0.3859
vn -0.9579 0.0223 -0.2862
vn -0.8690 -0.4366 -0.2331
vn -0.8927 0.2803 0.3528
vn -0.7520 0.5023 0.4268
vn -0.9838 -0.1767 -0.0309
vn -0.9833 0.1069 -0.1472
vn -0.8587 0.2570 -0.4433
vn -0.9438 -0.2441 -0.2227
vn -0.9518 0.0815 0.2957
vn -0.8279 -0.0678 -0.5568
vn -0.5972 -0.6896 -0.4096
vn -0.7787 -0.6264 -0.0347
vn 0.1156 -0.2575 0.9593
vn 0.4391 0.7278 0.5268
vn 0.4132 0.6557 0.6320
vn 0.7732 0.4690 0.4268
vn -0.1309 0.9485 0.2884
vn -0.0524 0.3910 0.9189
vn 0.5168 0.8561 -0.0014
vn 0.4484 0.6213 0.6426
vn -0.7075 -0.1975 0.6786
vn 0.2126 0.9642 -0.1582
vn -0.6449 0.7596 -0.0838
vn -0.6551 -0.1195 0.7460
vn -0.8782 -0.4402 -0.1872
vn -0.7561 -0.6306 0.1749
vn -0.6591 -0.5745 0.4853
vn -0.0541 0.9665 0.2507
vn -0.3128 0.9473 0.0692
vn -0.3239 0.9456 0.0298
vn -0.6458 0.6780 -0.3510
vn -0.6661 0.6470 -0.3710
vn -0.8484 0.1250 -0.5144
vn 0.3357 -0.9412 -0.0370
vn -0.8604 0.4268 -0.2784
vn -0.8414 0.4533 -0.2943
vn 0.7101 -0.7013 0.0626
vn 0.7737 -0.6273 -0.0886
vn -0.7415 0.5764 -0.3434
vn -0.7875 -0.3185 -0.5277
vn -0.9401 -0.1134 -0.3215
vn -0.8455 -0.1640 -0.5082
vn -0.6394 0.5134 -0.5724
vn -0.8853 0.0480 -0.4626
vn -0.9825 -0.1687 0.0786
vn -0.1263 0.9907 0.0498
vn 0.1344 -0.0153 0.9908
vn 0.1725 0.9638 0.2034
vn 0.4475 0.2593 -0.8558
vn -0.8288 0.3352 -0.4480
vn -0.9560 0.0285 0.2920
vn 0.1315 -0.7483 -0.6502
vn -0.9373 0.0274 0.3476
vn -0.0418 -0.9383 0.3434
vn -0.8125 -0.2562 -0.5236
vn 0.0818 -0.7602 -0.6445
vn -0.7261 -0.1644 -0.6676
vn 0.9653 -0.2531 -0.0637
vn -0.7030 -0.5989 -0.3835
vn -0.5574 -0.2218 -0.8001
vn -0.5817 0.3203 -0.7476
vn -0.8794 0.4184 -0.2270
vn -0.1100 0.5709 -0.8136
vn -0.9545 0.2718 -0.1227
vn -0.8202 0.3810 -0.4268
vn -0.4857 0.6894 -0.5374
vn -0.6729 0.6516 -0.3501
vn -0.8111 0.3853 -0.4402
vn -0.6068 0.5752 -0.5486
vn 0.3956 0.7451 -0.5370
vn 0.1973 0.7126 -0.6732
vn -0.0897 -0.9409 -0.3266
vn 0.0830 -0.9600 -0.2675
vn 0.6718 0.7286 -0.1339
vn 0.8999 0.4230 -0.1061
vn 0.9281 0.0468 0.3695
vn 0.8929 -0.0002 0.4503
vn 0.5586 -0.8294 -0.0006
vn 0.7347 -0.5165 0.4397
vn 0.5136 -0.8537 0.0864
vn 0.2180 -0.9722 -0.0853
vn -0.0363 -0.9844 -0.1723
vn -0.0481 -0.9988 -0.0027
vn 0.6133 -0.7893 0.0287
vn 0.5435 -0.8370 -0.0627
vn -0.0386 -0.7392 -0.6723
vn -0.5588 -0.7327 0.3885
vn -0.2552 -0.7742 0.5792
vn -0.8758 -0.3254 0.3564
vn -0.6457 -0.5022 0.5753
vn -0.9357 -0.3405 0.0927
vn -0.9678 -0.1490 0.2027
vn -0.3974 -0.4760 -0.7845
vn -0.4502 -0.4353 -0.7796
vn -0.3481 -0.4972 -0.7948
vn -0.6254 -0.3298 0.7071
vn -0.5650 -0.0656 0.8225
vn -0.9959 0.0900 -0.0097
vn -0.4991 0.5211 -0.6924
vn -0.5377 0.6012 -0.5912
vn -0.4372 0.4191 -0.7957
vn -0.4994 0.5209 -0.6923
vn -0.8266 -0.1938 -0.5284
vn -0.7741 0.1411 -0.6172
vn -0.4378 0.4808 -0.7597
vn -0.3595 0.2580 -0.8968
vn 0.6828 -0.3622 -0.6345
vn 0.9765 -0.0210 -0.2143
vn 0.9569 -0.1991 -0.2113
vn -0.9838 -0.0171 -0.1782
vn -0.9938 0.0194 -0.1098
vn -0.7869 0.3097 -0.5337
vn -0.4087 0.7951 -0.4482
vn -0.3618 0.6141 -0.7014
vn -0.4548 0.6577 -0.6005
vn -0.8197 -0.1629 -0.5491
vn -0.8800 -0.4525 -0.1440
vn -0.6249 0.7781 0.0636
vn 0.6626 0.4399 -0.6062
vn -0.3673 0.8722 0.3231
vn 0.8630 0.5050 -0.0144
vn -0.0322 -0.9423 -0.3333
vn 0.4613 0.6479 -0.6062
vn 0.4012 0.7204 -0.5657
vn 0.3848 0.7542 -0.5321
vn -0.1157 0.6527 -0.7487
vn -0.1483 0.6740 -0.7237
vn 0.0837 0.6805 -0.7279
vn 0.6826 0.2999 -0.6664
vn -0.1898 0.7929 -0.5790
vn 0.7977 0.2312 -0.5569
vn 0.4288 -0.1408 -0.8924
vn -0.1923 -0.2570 -0.9471
vn 0.5849 0.5400 -0.6052
vn 0.9088 0.2351 -0.3447
vn 0.8445 -0.4919 -0.2119
vn 0.9777 -0.0859 0.1916
vn 0.9945 -0.0532 0.0902
vn 0.4912 -0.8337 0.2523
vn -0.0576 0.0644 0.9963
vn 0.9093 -0.0423 -0.4140
vn 0.6627 -0.6432 -0.3836
vn 0.7230 -0.2178 -0.6556
vn 0.6281 0.1444 -0.7646
vn 0.3783 0.1227 -0.9175
vn 0.9740 -0.1986 -0.1088
vn 0.8039 -0.5918 0.0592
vn 0.6915 -0.3281 -0.6436
vn 0.9399 -0.2974 -0.1681
vn 0.9270 -0.3685 -0.0704
vn 0.8347 0.1338 -0.5342
vn 0.5860 -0.3945 0.7077
vn -0.3273 -0.9273 -0.1816
vn 0.8099 -0.5051 0.2983
vn 0.8821 -0.0371 -0.4696
vn 0.7434 -0.0167 0.6686
vn 0.2906 0.3603 0.8864
vn 0.3362 0.8580 0.3883
vn -0.5547 -0.8320 0.0091
vn -0.7816 0.1031 -0.6152
vn -0.9543 -0.2936 0.0550
vn 0.2617 0.8656 -0.4268
vn 0.3845 0.8841 -0.2655
vn -0.8047 0.5596 -0.1984
vn 0.3007 0.8632 -0.4056
vn 0.0068 0.7967 0.6043
vn -0.6772 0.7357 0.0140
vn -0.9388 -0.1167 -0.3242
vn -0.8769 -0.4578 0.1468
vn -0.9730 0.2271 0.0416
vn -0.6988 0.7061 0.1145
vn -0.0144 0.8783 -0.4779
vn -0.8141 0.5767 -0.0680
vn 0.2719 -0.7415 -0.6133
vn 0.8353 -0.5168 0.1875
vn 0.7983 0.1395 -0.5858
vn 0.7141 0.5123 -0.4772
vn 0.7359 0.5378 -0.4114
vn 0.4541 -0.1711 -0.8743
vn 0.7222 -0.4598 -0.5167
vn 0.7128 -0.3646 -0.5992
vn 0.3737 -0.2269 -0.8994
vn 0.6958 0.5933 -0.4048
vn 0.8470 -0.4681 -0.2521
vn 0.4749 -0.7680 -0.4297
vn 0.4159 0.1224 -0.9011
vn 0.8692 -0.4917 0.0524
vn 0.5484 -0.4545 -0.7019
vn -0.0500 -0.8922 0.4489
vn -0.1160 -0.9925 -0.0389
vn 0.4578 -0.6376 -0.6196
vn -0.0262 -0.9869 0.1592
vn 0.8569 -0.5154 -0.0104
vn 0.9432 0.1412 -0.3006
vn -0.0364 -0.9861 0.1622
vn 0.7020 -0.2132 0.6795
vn 0.6910 0.3784 0.6159
vn 0.8764 0.3903 0.2821
vn 0.8724 -0.4866 0.0454
vn 0.9244 0.3469 -0.1585
vn 0.7154 0.6292 0.3037
vn 0.8270 -0.5401 0.1560
vn 0.8354 -0.5251 0.1625
vn 0.9034 -0.4247 0.0588
vn 0.3953 0.8885 0.2329
vn 0.5808 0.2394 0.7781
vn 0.8457 -0.5290 0.0700
vn 0.5825 -0.0524 -0.8111
vn 0.8020 -0.0087 0.5972
vn 0.6652 -0.6576 0.3536
vn 0.5707 -0.8030 0.1716
vn 0.6208 -0.7716 -0.1389
vn 0.2863 -0.6996 -0.6546
vn 0.8397 -0.5327 0.1055
vn 0.9508 -0.3033 -0.0630
vn 0.5189 -0.5973 -0.6115
vn 0.4910 -0.3769 -0.7854
vn 0.8683 0.3894 -0.3072
vn 0.4609 -0.5439 -0.7013
vn -0.0573 -0.8485 -0.5261
vn 0.8521 -0.5109 0.1139
vn 0.8494 -0.5079 0.1433
vn 0.3200 -0.2987 -0.8991
vn 0.5293 -0.2196 -0.8196
vn 0.3445 -0.4257 -0.8367
vn 0.9659 0.1670 0.1980
vn 0.6287 -0.7709 0.1022
vn 0.1230 -0.9870 -0.1034
vn 0.8357 0.4474 0.3183
vn 0.6757 -0.0246 0.7368
vn 0.9058 0.1633 0.3910
vn 0.8403 -0.4672 0.2749
vn -0.7635 0.6144 0.1988
vn 0.8460 0.1368 0.5153
vn 0.8792 -0.4346 0.1954
vn 0.2691 -0.5000 0.8232
vn -0.0011 -0.4846 0.8747
vn 0.1484 -0.6346 0.7585
vn 0.7287 -0.2841 0.6232
vn 0.8562 0.0139 -0.5165
vn 0.7429 -0.6692 0.0190
vn -0.7491 -0.6440 -0.1550
vn 0.7994 -0.5634 0.2087
vn 0.0590 -0.8295 -0.5553
vn 0.7599 -0.6084 -0.2288
vn 0.5989 -0.6001 0.5302
vn 0.8676 -0.4674 0.1700
vn 0.9192 -0.2620 -0.2938
vn 0.8105 -0.5605 0.1700
vn 0.9602 -0.2521 -0.1200
vn 0.8686 -0.4311 0.2442
vn 0.6643 0.1479 -0.7327
vn 0.8721 -0.3832 0.3042
vn 0.6525 0.5432 -0.5284
vn -0.3636 0.6440 -0.6731
vn -0.3670 0.4993 -0.7849
vn -0.8679 0.4070 -0.2846
vn -0.8159 0.3944 -0.4227
vn -0.8499 0.4174 0.3218
vn -0.8649 -0.2325 -0.4448
vn -0.9003 0.3151 -0.3002
vn -0.8081 0.4220 -0.4110
vn -0.8871 0.3536 -0.2966
vn -0.1492 0.2239 -0.9631
vn -0.8277 0.4914 -0.2708
vn -0.3629 0.4654 0.8073
vn -0.8783 0.4062 -0.2520
vn -0.8618 0.4883 -0.1371
vn -0.8555 0.4814 -0.1906
vn -0.3153 0.9488 0.0175
vn -0.9148 0.3237 -0.2415
vn -0.7833 -0.5542 -0.2817
vn -0.2251 0.9741 0.0197
vn -0.3792 0.0429 -0.9243
vn -0.7900 -0.5640 -0.2405
vn -0.8634 0.4834 -0.1440
vn 0.7190 0.3744 0.5855
vn 0.8459 0.1159 -0.5205
vn -0.0389 0.3663 -0.9297
vn -0.7453 0.3488 -0.5683
vn -0.6854 0.6798 -0.2610
vn 0.7390 0.0406 -0.6725
vn 0.7968 0.4878 0.3565
vn 0.0238 0.9178 -0.3963
vn 0.9870 0.1368 0.0844
vn 0.4058 -0.2183 -0.8875
vn 0.6472 0.4976 -0.5775
vn 0.0567 0.2618 -0.9635
vn 0.2656 -0.0747 -0.9612
vn 0.3242 0.9118 -0.2519
vn 0.9958 -0.0264 -0.0876
vn 0.9959 -0.0256 -0.0870
vn 0.8222 -0.5552 -0.1257
vn 0.7435 -0.6626 -0.0907
vn 0.8116 -0.5735 0.1112
vn 0.9992 0.0057 -0.0397
vn 0.9992 -0.0003 -0.0394
vn 0.8992 -0.4321 0.0696
vn 0.8991 -0.4321 0.0696
vn 0.7564 -0.6381 0.1439
vn 0.9657 -0.2465 -0.0822
vn 0.9960 -0.0881 -0.0168
vn 0.9993 0.0363 -0.0122
vn -0.5653 0.8244 0.0277
vn -0.8358 0.5465 0.0533
vn -0.8365 0.5357 0.1150
vn -0.8445 0.5253 0.1047
vn 0.8589 0.5029 0.0970
vn -0.3734 0.8830 0.2843
vn -0.0712 0.9405 -0.3322
vn 0.7650 0.5399 0.3511
vn 0.6563 0.3004 -0.6922
vn -0.5080 0.7735 -0.3789
vn -0.7643 -0.2310 -0.6021
vn -0.7534 0.5112 0.4137
vn -0.3503 0.7435 -0.5696
vn -0.7145 0.6792 -0.1682
vn -0.6245 0.6756 -0.3918
vn -0.4168 0.8986 -0.1372
vn -0.4650 0.8847 0.0325
vn -0.9975 0.0707 -0.0044
vn -0.3633 0.9316 0.0123
vn -0.5561 0.8240 0.1084
vn -0.9545 -0.1582 -0.2527
vn -0.9898 0.1305 0.0570
vn -0.7054 0.5501 0.4470
vn 0.0350 0.5847 0.8105
vn -0.9452 0.2717 0.1812
vn -0.4207 -0.0306 -0.9067
vn -0.2360 0.9423 0.2374
vn -0.6311 -0.0322 -0.7751
vn -0.7714 0.6284 0.1004
vn -0.5196 0.7825 -0.3432
vn -0.3278 0.8731 0.3610
vn -0.9213 0.3887 0.0130
vn -0.8287 0.5500 0.1043
vn -0.4954 0.8549 0.1541
vn -0.5301 0.8452 -0.0688
vn -0.0699 0.7978 0.5988
vn -0.0360 0.8047 0.5926
vn -0.1168 0.7635 0.6352
vn 0.5337 0.8338 0.1411
vn 0.6307 0.7636 -0.1380
vn -0.1327 0.9556 -0.2631
vn -0.1742 0.8476 0.5012
vn -0.1577 0.7028 0.6937
vn -0.4066 0.7422 0.5327
vn -0.5403 0.8414 -0.0075
vn 0.0204 0.9955 -0.0926
vn -0.5707 0.8203 0.0357
vn -0.8265 0.5005 -0.2575
vn -0.1946 0.9339 0.3000
vn -0.3197 0.7079 0.6299
vn 0.4093 0.6060 0.6821
vn -0.6340 -0.1602 -0.7565
vn 0.2568 0.8080 0.5303
vn 0.3848 0.6276 0.6768
vn -0.8569 0.0957 -0.5065
vn -0.0313 0.9080 0.4178
vn -0.4515 0.6927 -0.5624
vn -0.4566 0.7751 -0.4367
vn -0.1274 0.3847 -0.9142
vn 0.4454 0.4466 -0.7760
vn -0.0394 0.6096 -0.7917
vn 0.4758 -0.2294 -0.8491
vn 0.2043 -0.4777 -0.8544
vn 0.3726 0.1124 -0.9211
vn 0.6729 -0.2510 -0.6958
vn 0.8528 -0.3465 -0.3908
vn -0.6833 -0.3490 -0.6413
vn 0.6730 0.7339 0.0920
vn 0.3039 0.7256 -0.6173
vn -0.4611 -0.0365 -0.8866
vn -0.1981 0.5741 -0.7945
vn -0.6198 -0.1282 -0.7742
vn -0.7131 0.6976 0.0700
vn -0.9836 -0.1803 -0.0017
vn -0.7968 0.2686 0.5412
vn -0.9585 -0.2817 0.0428
vn -0.9375 -0.3470 0.0248
vn -0.7720 0.2319 0.5919
vn -0.6465 0.6355 -0.4221
vn -0.5744 0.0351 0.8178
vn -0.6705 -0.3729 0.6413
vn -0.9007 0.2541 -0.3523
vn -0.7820 -0.4253 -0.4557
vn -0.1735 -0.7152 -0.6770
vn 0.4427 -0.8904 0.1062
vn -0.5593 0.3375 -0.7572
vn -0.2232 -0.2795 -0.9338
vn -0.8181 -0.5595 0.1332
vn -0.8113 -0.5634 0.1558
vn -0.8493 0.2392 0.4706
vn -0.8461 -0.5097 0.1557
vn -0.8429 -0.4951 0.2105
vn -0.0475 -0.1568 0.9865
vn 0.9405 0.3387 0.0277
vn -0.5645 -0.6480 0.5113
vn -0.9109 -0.1488 0.3848
vn -0.7911 -0.5563 0.2543
vn -0.7648 -0.3651 0.5309
vn -0.8944 -0.4351 0.1037
vn -0.6429 0.4954 -0.5842
vn -0.6570 0.4652 -0.5933
vn -0.4665 -0.4489 -0.7622
vn -0.8483 -0.5109 0.1396
vn 0.4338 -0.9005 -0.0292
vn -0.2325 -0.5004 -0.8340
vn -0.6721 -0.5515 -0.4941
vn 0.0053 -0.9993 0.0362
vn -0.7860 -0.5264 0.3243
vn -0.8647 -0.4194 -0.2763
vn -0.8126 0.0808 -0.5771
vn -0.7582 -0.0673 0.6486
vn -0.6510 0.6592 -0.3764
vn -0.6268 0.0870 0.7743
vn -0.1394 -0.9691 -0.2036
vn -0.0288 -0.9977 0.0611
vn 0.1446 -0.9856 0.0878
vn 0.1694 -0.9396 -0.2975
vn -0.1323 -0.9367 0.3240
vn -0.6139 -0.6671 -0.4220
vn 0.0323 -0.9974 0.0638
vn 0.1692 -0.9854 0.0195
vn -0.0071 -0.9761 0.2170
vn 0.1082 -0.9100 0.4003
vn -0.3251 -0.8104 0.4874
vn -0.6754 -0.7351 0.0586
vn -0.6754 -0.7351 0.0587
vn -0.5862 -0.8102 -0.0005
vn 0.2048 -0.8608 0.4659
vn 0.2683 -0.7436 0.6124
vn 0.6145 -0.7748 0.1486
vn -0.3669 -0.8563 0.3636
vn -0.2313 -0.9359 0.2657
vn -0.5091 -0.7144 -0.4800
vn -0.9430 -0.3181 0.0981
vn -0.8896 0.2433 -0.3864
vn -0.9231 0.2789 0.2649
vn -0.8513 -0.3420 0.3980
vn -0.8583 -0.4989 -0.1199
vn -0.8103 0.5720 -0.1270
vn -0.6825 0.6180 -0.3902
vn -0.5171 -0.1366 -0.8449
vn -0.7845 -0.4493 -0.4274
vn 0.0445 -0.3776 -0.9249
vn -0.7859 0.6007 -0.1467
vn -0.8552 -0.5180 -0.0166
vn -0.7771 -0.3700 0.5091
vn -0.6839 -0.0569 0.7274
vn -0.6559 0.0669 0.7519
vn -0.8175 -0.5754 0.0232
vn -0.3695 -0.6099 0.7011
vn -0.3596 -0.9248 0.1243
vn 0.0150 -0.9979 0.0629
vn -0.4105 0.6752 -0.6128
vn -0.7539 -0.0695 0.6533
vn -0.6967 0.6659 0.2668
vn -0.3393 -0.0176 0.9405
vn -0.8563 -0.1017 0.5063
vn -0.7360 0.6758 -0.0408
vn -0.5344 0.8441 -0.0441
vn -0.6130 0.7884 0.0522
vn -0.5306 0.3722 0.7615
vn -0.8635 -0.4709 0.1806
vn -0.8310 -0.5394 0.1360
vn -0.7686 -0.6091 0.1956
vn -0.7990 -0.5788 0.1629
vn -0.7249 -0.5774 0.3757
vn -0.9168 -0.0571 -0.3953
vn -0.8485 -0.5167 -0.1142
vn -0.7776 0.5254 0.3455
vn 0.0102 -0.9818 -0.1895
vn -0.7703 0.5461 -0.3293
vn -0.3754 -0.5146 -0.7709
vn 0.2163 -0.6958 -0.6849
vn -0.1147 -0.9841 0.1356
vn -0.7475 -0.6351 0.1947
vn -0.8090 0.2088 0.5495
vn -0.2660 -0.6965 -0.6665
vn -0.8487 -0.5209 0.0915
vn -0.7810 -0.6122 0.1236
vn 0.7290 -0.6625 -0.1722
vn -0.2061 -0.8456 -0.4923
vn -0.6870 0.5424 -0.4837
vn -0.4397 0.3818 0.8129
vn 0.2314 -0.5841 0.7780
vn -0.3883 0.3630 0.8470
vn -0.3694 0.3761 0.8497
vn -0.8056 -0.5639 0.1816
vn -0.7415 -0.6498 0.1675
vn -0.8479 -0.5165 0.1192
vn -0.7737 -0.6205 0.1277
vn 0.3317 -0.9018 -0.2769
vn 0.4912 -0.8640 -0.1109
vn 0.3651 -0.8829 -0.2953
vn 0.3757 -0.8876 -0.2663
vn -0.8704 -0.3693 0.3256
vn -0.8278 -0.4985 0.2572
vn -0.8132 -0.5190 0.2633
vn -0.8547 -0.4824 0.1919
vn -0.7712 -0.6318 0.0782
vn -0.7730 -0.6225 0.1220
vn -0.7270 -0.6666 0.1645
vn -0.8766 0.4368 0.2017
vn -0.7416 0.6218 0.2518
vn -0.7358 -0.6549 0.1722
vn -0.7334 -0.6488 0.2029
vn -0.8023 -0.5691 0.1801
vn -0.6703 0.6395 0.3765
vn -0.6681 0.6357 0.3866
vn 0.3188 -0.9351 -0.1549
vn 0.4413 -0.8846 -0.1508
vn 0.7763 0.5878 -0.2277
vn 0.7647 0.6123 -0.2008
vn 0.6635 -0.7351 -0.1389
vn -0.6919 0.6007 0.4005
vn -0.9267 -0.3648 0.0902
vn 0.4770 -0.8378 -0.2657
vn -0.8083 -0.5171 0.2814
vn 0.3461 -0.2631 0.9005
vn -0.6264 -0.7323 -0.2671
vn -0.3714 -0.8613 -0.3467
vn -0.7236 -0.5369 -0.4338
vn -0.8043 -0.5687 0.1725
vn -0.8043 -0.5686 0.1725
vn -0.8185 -0.5568 0.1416
vn -0.0630 -0.8401 -0.5387
vn -0.8340 -0.5460 0.0795
vn -0.8836 -0.4665 0.0396
vn 0.9729 0.2019 0.1126
vn 0.7751 0.5983 -0.2034
vn 0.1046 0.8408 -0.5312
vn -0.8506 -0.5141 0.1106
vn 0.8317 0.4935 -0.2544
vn 0.8445 0.5081 -0.1692
vn 0.1239 0.6756 -0.7268
vn 0.3967 0.5318 -0.7482
vn 0.9207 0.3900 -0.0151
vn 0.7688 -0.1788 0.6140
vn 0.7988 -0.1552 0.5813
vn 0.7276 0.3309 0.6009
vn 0.4027 0.9081 0.1149
vn 0.8430 0.4938 -0.2135
vn 0.8471 0.5142 -0.1342
vn 0.2079 0.9774 0.0373
vn -0.4916 0.5735 -0.6553
vn -0.0966 0.6596 -0.7454
vn 0.2274 0.0913 -0.9695
vn 0.8459 0.5224 -0.1076
vn -0.3500 0.6529 -0.6717
vn -0.7995 0.3575 -0.4827
vn -0.4253 0.5723 -0.7012
vn -0.2977 0.2977 -0.9071
vn -0.3203 0.0592 -0.9455
vn -0.1441 0.4277 -0.8924
vn -0.2848 0.4947 -0.8211
vn -0.5379 0.3202 -0.7798
vn -0.6422 -0.2192 -0.7345
vn -0.9955 0.0087 -0.0943
vn -0.9930 -0.0024 -0.1178
vn -0.9970 0.0244 -0.0733
vn -0.6703 0.7215 0.1736
vn -0.6681 0.7239 0.1721
vn -0.5613 0.8256 -0.0577
vn -0.6624 0.2223 -0.7154
vn -0.2970 -0.1506 -0.9429
vn -0.0293 -0.7154 -0.6981
vn -0.9333 0.2075 -0.2931
vn -0.6622 0.7488 0.0281
vn -0.9405 0.0335 -0.3382
vn -0.6228 0.4480 -0.6415
vn -0.6208 -0.0659 -0.7812
vn -0.8832 0.1645 -0.4391
vn -0.9107 0.1501 -0.3848
vn -0.9354 0.1586 -0.3159
vn -0.9958 -0.0425 -0.0814
vn -0.8959 -0.1405 -0.4214
vn -0.4345 0.8241 -0.3633
vn -0.6552 0.7531 -0.0590
vn -0.6857 0.5140 -0.5155
vn -0.9965 -0.0008 -0.0832
vn -0.6194 0.5047 -0.6014
vn -0.8565 0.0411 -0.5146
vn -0.8903 0.1810 -0.4179
vn -0.8519 0.3299 -0.4066
vn -0.8700 -0.0281 -0.4923
vn -0.6587 -0.4445 -0.6071
vn -0.4218 -0.7616 -0.4920
vn -0.0559 -0.9458 -0.3200
vn -0.1759 -0.7854 -0.5934
vn -0.6167 -0.5370 -0.5756
vn -0.0309 -0.7698 -0.6375
vn -0.6875 -0.1721 -0.7055
vn -0.8556 -0.3155 0.4105
vn -0.5983 -0.3137 -0.7373
vn -0.7215 -0.6830 -0.1137
vn -0.5625 -0.8244 -0.0629
vn -0.7358 -0.5515 0.3931
vn -0.9614 -0.1917 0.1975
vn -0.1102 -0.6498 0.7520
vn -0.6038 -0.7749 -0.1869
vn -0.3907 -0.9203 -0.0178
vn -0.8465 -0.3256 -0.4212
vn -0.8638 0.4348 0.2547
vn -0.8910 -0.1618 -0.4243
vn -0.0957 -0.5979 -0.7959
vn -0.8876 -0.0895 -0.4517
vn -0.3133 -0.4486 -0.8370
vn -0.5390 0.5993 -0.5919
vn -0.6667 -0.0128 -0.7452
vn -0.5475 0.6212 -0.5607
vn -0.5322 0.6789 -0.5058
vn 0.0366 -0.2101 -0.9770
vn -0.7193 0.1481 -0.6787
vn -0.8523 0.4159 0.3171
vn -0.8230 -0.0160 -0.5678
vn -0.8999 0.1173 -0.4201
vn -0.9473 -0.0411 -0.3178
vn -0.8897 -0.3898 -0.2376
vn -0.4956 -0.2365 -0.8357
vn -0.8445 -0.5229 0.1156
vn -0.4503 -0.7000 0.5544
vn -0.0393 -0.9513 0.3057
vn -0.1926 0.1582 0.9684
vn -0.4827 0.5691 0.6656
vn -0.9923 0.0743 -0.0987
vn -0.7769 0.3266 -0.5383
vn -0.9575 -0.2409 -0.1584
vn -0.9593 -0.0765 -0.2718
vn -0.9264 -0.0703 -0.3700
vn -0.7304 0.1948 -0.6546
vn -0.9462 0.3144 0.0765
vn -0.2048 0.9026 0.3786
vn 0.0733 0.8680 -0.4912
vn 0.0531 0.9767 -0.2079
vn 0.1236 0.0451 -0.9913
vn -0.0010 0.9615 -0.2749
vn -0.5450 0.6708 -0.5030
vn 0.0558 0.8575 -0.5114
vn 0.1389 0.7735 -0.6184
vn -0.5967 0.5956 -0.5378
vn -0.5047 0.6716 -0.5425
vn -0.9953 0.0435 -0.0861
vn -0.7521 0.0787 -0.6543
vn -0.8073 -0.3339 -0.4865
vn -0.6679 -0.0297 -0.7436
vn -0.0201 -0.9854 -0.1694
vn 0.3411 -0.8992 -0.2742
vn 0.6298 0.4539 -0.6303
vn 0.5598 0.5824 -0.5895
vn 0.5613 0.6328 -0.5334
vn 0.4223 0.8712 -0.2504
vn 0.9982 0.0268 -0.0541
vn 0.8994 -0.2686 -0.3448
vn 0.9879 -0.0724 -0.1369
vn 0.9981 -0.0370 -0.0495
vn 0.9957 -0.0018 -0.0929
vn 0.9932 0.0028 -0.1161
vn 0.9943 -0.0268 -0.1031
vn 0.6914 0.7102 0.1327
vn 0.9953 -0.0204 -0.0944
vn 0.4857 0.4789 -0.7312
vn 0.9946 0.0066 -0.1036
vn 0.9269 -0.2783 -0.2518
vn 0.8047 -0.5310 -0.2656
vn 0.9853 0.1514 -0.0791
vn 0.9900 0.1222 -0.0707
vn 0.9872 0.1586 -0.0157
vn 0.9369 0.3455 -0.0543
vn 0.5730 0.8194 -0.0146
vn 0.3374 0.9365 -0.0961
vn 0.5540 0.8176 -0.1569
vn 0.5539 0.8176 -0.1569
vn -0.3700 0.9074 -0.1993
vn -0.4056 0.9032 -0.1401
vn -0.9399 0.3361 -0.0611
vn -0.9580 0.2767 -0.0748
vn -0.7459 -0.6645 0.0460
vn -0.9150 -0.4028 -0.0225
vn 0.4695 0.8597 -0.2013
vn 0.6906 0.7194 0.0739
vn 0.6863 0.7246 0.0628
vn 0.9320 -0.3505 -0.0928
vn 0.7872 -0.3377 -0.5160
vn 0.7160 -0.6548 -0.2422
vn 0.6247 -0.7407 -0.2473
vn 0.9962 -0.0732 -0.0472
vn 0.2443 0.9346 -0.2584
vn -0.7235 -0.2585 -0.6401
vn -0.6770 -0.3591 -0.6424
vn -0.3471 -0.5992 -0.7215
vn 0.7159 -0.6548 -0.2423
vn 0.8476 -0.5246 -0.0799
vn -0.9908 -0.1296 -0.0387
vn -0.6499 -0.7308 -0.2089
vn -0.9960 -0.0710 -0.0546
vn -0.9976 0.0104 -0.0684
vn -0.8295 -0.4980 -0.2527
vn -0.9975 -0.0147 -0.0691
vn -0.8844 0.4667 -0.0073
vn -0.2068 0.9747 -0.0843
vn 0.4425 0.8944 0.0651
vn -0.8095 0.5841 0.0598
vn 0.3878 0.9211 0.0343
vn -0.7644 0.6420 -0.0594
vn 0.0746 -0.2649 -0.9614
vn -0.6855 0.0287 -0.7275
vn 0.5580 0.8032 0.2083
vn 0.9855 0.1486 -0.0817
vn -0.0602 0.3832 -0.9217
vn 0.5958 -0.2892 -0.7493
vn 0.6331 0.7557 0.1676
vn 0.9960 -0.0333 -0.0834
vn 0.5678 0.6203 -0.5412
vn 0.2597 -0.8342 -0.4864
vn 0.4644 0.6383 -0.6140
vn 0.0028 0.9463 -0.3233
vn -0.1336 0.9080 -0.3971
vn 0.0647 0.9459 -0.3179
vn -0.3446 0.9042 -0.2523
vn 0.8806 0.1052 -0.4620
vn 0.9486 -0.1182 0.2935
vn 0.8632 0.0936 -0.4962
vn 0.5771 -0.8061 -0.1306
vn 0.7695 -0.5796 0.2682
vn 0.1799 -0.1097 -0.9775
vn 0.5565 -0.7815 0.2819
vn 0.6404 0.1162 0.7592
vn 0.3975 -0.8441 -0.3598
vn 0.5133 0.6575 0.5516
vn 0.9624 -0.0141 -0.2713
vn -0.0702 0.8298 -0.5536
vn 0.3540 0.7746 0.5241
vn -0.1130 0.9779 -0.1759
vn 0.0959 0.8074 0.5822
vn 0.7669 0.1680 -0.6194
vn 0.8779 -0.0699 -0.4738
vn 0.8400 0.0083 -0.5426
vn 0.7301 0.2292 -0.6438
vn 0.7423 0.1993 -0.6398
vn 0.7295 0.2441 -0.6389
vn 0.6797 -0.7053 -0.2013
vn 0.8476 -0.5056 0.1609
vn 0.5415 -0.0132 -0.8406
vn 0.8842 -0.0347 -0.4659
vn 0.3959 -0.2420 -0.8858
vn 0.9883 0.0314 0.1491
vn 0.5633 -0.8124 0.1506
vn 0.1310 -0.9858 -0.1048
vn 0.1329 -0.9864 -0.0972
vn 0.6548 -0.7543 0.0470
vn 0.8360 -0.4845 0.2574
vn 0.8287 -0.1675 0.5341
vn 0.8158 -0.4527 0.3599
vn 0.6952 -0.7081 -0.1237
vn 0.8257 -0.4825 0.2924
vn 0.8559 -0.4719 0.2117
vn 0.7961 -0.5547 0.2420
vn 0.8152 -0.4973 0.2967
vn 0.7768 -0.5919 0.2151
vn -0.5675 -0.8231 -0.0218
vn 0.7038 -0.6833 0.1941
vn 0.9980 0.0442 -0.0443
vn 0.5096 -0.6303 0.5857
vn 0.7767 0.2396 0.5825
vn 0.5653 -0.8168 -0.1149
vn -0.2879 -0.8463 0.4481
vn -0.7758 -0.0610 0.6280
vn 0.7076 -0.6211 0.3370
vn 0.6392 -0.6964 0.3262
vn -0.8812 0.4496 -0.1463
vn -0.7492 0.5969 -0.2869
vn -0.4516 -0.8909 0.0480
vn -0.7502 0.5957 -0.2870
vn -0.8587 0.1245 -0.4972
vn -0.8140 0.4930 -0.3070
vn -0.8446 0.4596 -0.2746
vn -0.8600 0.4671 -0.2054
vn -0.9269 0.0087 -0.3752
vn -0.4996 -0.8529 -0.1516
vn -0.8588 0.4588 -0.2280
vn -0.0186 -0.9501 -0.3114
vn -0.7356 0.6774 -0.0014
vn 0.4068 0.5656 -0.7173
vn 0.3513 0.4760 -0.8063
vn 0.3843 -0.2337 -0.8932
vn 0.9895 -0.1238 0.0752
vn 0.9076 0.4161 -0.0559
vn 0.1740 0.2401 -0.9550
vn 0.9952 -0.0152 -0.0967
vn 0.7517 0.6128 -0.2437
vn 0.9051 -0.1900 -0.3803
vn -0.2741 0.3451 -0.8976
vn 0.6043 -0.6596 -0.4469
vn -0.0900 -0.9590 -0.2687
vn 0.8853 -0.4624 -0.0504
vn 0.4054 -0.9141 0.0104
vn 0.7752 0.6279 -0.0693
vn -0.4510 0.8696 -0.2012
vn -0.9931 0.0845 -0.0811
vn -0.4700 0.8812 -0.0512
vn -0.9712 -0.2124 -0.1081
vn -0.8954 -0.4347 0.0962
vn -0.9866 -0.1506 -0.0625
vn -0.8939 -0.4019 -0.1986
vn -0.9561 -0.2749 -0.1012
vn -0.9438 -0.2107 -0.2545
vn -0.9962 -0.0187 -0.0845
vn -0.9782 -0.0896 -0.1874
vn -0.7343 -0.6543 -0.1808
vn -0.3751 0.8137 -0.4440
vn -0.9959 0.0149 -0.0892
vn -0.9955 0.0187 -0.0933
vn -0.9429 -0.3044 -0.1350
vn -0.8050 0.5863 0.0908
vn 0.0216 0.5817 -0.8131
vn -0.6418 0.1438 -0.7533
vn -0.7003 0.5016 -0.5079
vn -0.6121 -0.7362 -0.2888
vn -0.2156 0.4229 -0.8801
vn 0.0801 0.8964 -0.4359
vn 0.6248 0.4202 0.6581
vn -0.9968 -0.0059 -0.0800
vn -0.3713 0.9105 -0.1818
vn 0.5983 0.7761 -0.1992
vn 0.3852 0.6328 -0.6717
vn 0.5339 0.1901 -0.8239
vn -0.1036 0.5490 -0.8294
vn 0.4492 0.5365 -0.7145
vn 0.8932 0.1195 -0.4334
vn 0.8095 0.5870 0.0110
vn 0.7654 0.0215 0.6432
vn 0.2367 0.5351 0.8110
vn 0.0845 0.1670 0.9823
vn 0.5072 -0.8591 -0.0677
vn -0.1801 -0.8851 -0.4292
vn 0.6085 -0.7893 0.0823
vn 0.9360 0.0221 -0.3514
vn 0.9695 -0.2434 0.0281
vn 0.7244 0.6287 -0.2830
vn 0.6862 0.6705 -0.2821
vn 0.6140 0.4690 -0.6348
vn 0.2550 0.2296 -0.9393
vn 0.5250 0.4406 -0.7282
vn 0.3957 0.0275 -0.9180
vn 0.7551 0.4092 -0.5121
vn -0.2958 0.7752 -0.5582
vn -0.0580 0.0585 -0.9966
vn -0.5035 0.6262 -0.5952
vn 0.1011 0.9648 -0.2427
vn 0.9360 0.0370 -0.3499
vn 0.9092 0.0017 -0.4163
vn 0.3272 0.8941 0.3057
vn 0.6928 -0.6897 0.2107
vn 0.8848 -0.3064 0.3510
vn 0.7370 -0.4031 0.5426
vn 0.9082 0.3552 0.2214
vn -0.6622 -0.3732 -0.6498
vn -0.5597 -0.4240 -0.7120
vn -0.6370 -0.6606 -0.3974
vn 0.8859 0.3187 0.3371
vn 0.9121 0.1873 0.3646
vn 0.4238 -0.8120 -0.4014
vn 0.9453 0.1162 0.3049
vn -0.7343 -0.6780 0.0335
vn -0.5860 -0.4419 -0.6792
vn -0.7452 0.4935 -0.4485
vn -0.1850 -0.1659 -0.9686
vn -0.8567 -0.5058 0.1017
vn -0.7797 0.5728 0.2531
vn -0.3209 0.6281 0.7089
vn -0.8260 -0.5349 0.1778
vn -0.7568 -0.6122 0.2290
vn -0.8267 -0.5413 0.1532
vn 0.4791 -0.8420 -0.2479
vn -0.2662 -0.9623 -0.0558
vn -0.6554 -0.7341 -0.1776
vn -0.7294 0.6166 0.2963
vn -0.7514 -0.6258 0.2092
vn -0.6131 -0.7899 -0.0114
vn 0.1326 -0.8406 -0.5252
vn 0.7549 0.6079 -0.2460
vn 0.7771 0.5765 -0.2527
vn -0.4025 0.8627 0.3062
vn 0.7498 0.6363 -0.1814
vn 0.3884 0.9144 -0.1146
vn -0.4110 0.8814 0.2330
vn -0.0662 0.9641 0.2570
vn 0.7832 0.5843 -0.2125
vn 0.5980 -0.7541 -0.2717
vn -0.1156 0.9622 0.2465
vn 0.7098 -0.5820 -0.3967
vn -0.2175 0.9755 -0.0336
vn 0.2440 0.9652 -0.0941
vn 0.8051 0.5731 -0.1529
vn 0.8001 0.5646 -0.2027
vn 0.3205 0.9395 0.1210
vn 0.2630 0.9614 -0.0805
vn -0.2515 0.6210 -0.7423
vn -0.3438 0.9345 -0.0922
vn 0.7686 0.6250 -0.1367
vn 0.4414 -0.8846 -0.1508
vn -0.9354 -0.2789 -0.2174
vn -0.8334 0.2822 -0.4753
vn -0.9196 0.3822 0.0906
vn -0.8061 -0.3379 0.4859
vn -0.8735 -0.4833 -0.0582
vn 0.2705 0.3839 -0.8828
vn 0.4698 -0.4451 -0.7623
vn 0.4154 0.7084 -0.5706
vn 0.6695 -0.2637 -0.6944
vn 0.6387 -0.6011 -0.4803
vn 0.7988 -0.1584 0.5803
vn 0.8364 0.5264 -0.1531
vn 0.8624 0.4899 -0.1279
vn 0.7956 0.5930 0.1242
vn 0.6063 0.7693 0.2013
vn 0.9084 0.4182 0.0014
vn 0.7775 0.6139 -0.1364
vn -0.3650 0.8783 -0.3089
vn 0.7713 0.3305 -0.5440
vn 0.7802 0.5963 -0.1892
vn -0.2484 0.9666 0.0629
vn 0.8359 -0.4634 0.2941
vn 0.9240 -0.3667 -0.1086
vn 0.7898 0.6052 -0.0997
vn -0.3838 0.9068 0.1745
vn 0.1819 0.9559 0.2306
vn 0.7052 0.6961 -0.1346
vn -0.4331 0.8795 -0.1971
vn -0.4027 0.8858 0.2306
vn 0.8107 0.5657 -0.1510
vn -0.3120 0.7614 -0.5683
vn -0.3624 0.4758 -0.8014
vn 0.4214 -0.2801 -0.8625
vn -0.3323 0.4573 -0.8249
vn 0.0507 -0.0160 -0.9986
vn 0.9970 0.0737 -0.0235
vn -0.1557 0.0601 -0.9860
vn -0.5021 0.7913 -0.3488
vn 0.8100 0.5795 -0.0901
vn -0.3450 0.8535 -0.3905
vn 0.3632 0.7586 0.5409
vn -0.7188 -0.6857 -0.1149
vn -0.3103 -0.4324 -0.8466
vn 0.4476 -0.8394 -0.3085
vn 0.1957 0.7439 0.6390
vn -0.3863 0.7236 -0.5721
vn 0.7808 0.6131 -0.1204
vn 0.6881 0.4785 -0.5455
vn 0.8537 -0.4998 -0.1464
vn 0.5047 -0.5829 -0.6368
vn 0.8260 0.5322 0.1854
vn 0.8900 -0.4029 0.2134
vn 0.6606 -0.5994 -0.4521
vn 0.8160 0.5313 -0.2277
vn 0.5601 0.7992 0.2181
vn -0.2166 -0.7309 -0.6472
vn -0.7097 -0.0442 -0.7032
vn -0.8120 -0.0515 0.5814
vn -0.6748 0.2587 0.6911
vn -0.6941 -0.7175 0.0586
vn -0.8160 0.1258 0.5642
vn 0.6816 0.7094 -0.1797
vn 0.6961 -0.5825 -0.4197
vn 0.6392 -0.5831 -0.5014
vn 0.6896 -0.5948 -0.4132
vn 0.7550 0.5794 -0.3070
vn 0.7327 0.6236 -0.2727
vn 0.9842 0.0324 0.1739
vn 0.8806 0.4068 0.2430
vn 0.6585 0.5444 0.5196
vn -0.1799 0.8905 0.4179
vn -0.1799 0.8905 0.4178
vn -0.0862 -0.9963 -0.0042
vn -0.0862 -0.9963 -0.0043
vn 0.2605 -0.1479 0.9541
vn -0.7655 -0.5728 0.2930
vn -0.7668 -0.5715 0.2922
vn -0.7181 -0.6403 0.2726
vn -0.3767 -0.9251 -0.0470
vn -0.3766 -0.9252 -0.0471
vn 0.2791 -0.8803 -0.3837
vn 0.2787 -0.8897 -0.3617
vn 0.6759 0.6709 -0.3049
vn 0.3283 -0.7488 -0.5758
vn 0.7629 -0.4583 -0.4561
vn 0.3613 0.0199 -0.9322
vn 0.3405 0.1674 -0.9252
vn 0.6515 0.6484 -0.3939
vn 0.2123 -0.9314 -0.2957
vn -0.5048 -0.8580 0.0943
vn -0.5049 -0.8580 0.0943
vn 0.6723 0.7388 -0.0460
vn 0.7432 0.6008 -0.2944
vn -0.2240 0.9222 0.3153
vn 0.7426 0.6319 -0.2219
vn 0.7651 0.6052 -0.2199
vn 0.7290 0.6155 -0.2996
vn 0.2561 0.7099 0.6561
vn 0.2561 0.7100 0.6560
vn 0.6829 0.6491 -0.3352
vn 0.7623 0.5331 -0.3669
vn 0.7544 0.5418 -0.3706
vn 0.7083 0.6083 -0.3582
vn 0.7382 0.5779 -0.3479
vn 0.7382 0.5779 -0.3480
vn -0.1680 0.7480 -0.6421
vn -0.3062 0.7236 -0.6185
vn 0.1768 -0.2353 0.9557
vn 0.3582 0.8088 0.4664
vn 0.3581 0.8091 0.4659
vn -0.0395 0.9881 0.1488
vn 0.7496 0.6158 -0.2427
vn 0.7552 0.5968 -0.2711
vn -0.1145 0.9453 0.3053
vn 0.7379 0.6144 -0.2794
vn -0.1280 0.9300 -0.3445
vn 0.7089 0.6379 -0.3009
vn 0.6515 0.6484 -0.3938
vn 0.7629 -0.4582 -0.4561
vn 0.7381 0.6006 -0.3072
vn -0.5669 -0.7472 0.3469
vn -0.6477 0.3348 0.6844
vn -0.7695 -0.6101 0.1885
vn -0.7816 -0.6115 0.1229
vn 0.5314 0.7713 0.3502
vn 0.6543 0.7562 -0.0076
vn 0.7926 0.5116 -0.3317
vn 0.6334 -0.5877 -0.5034
vn 0.5775 0.7587 -0.3015
vn -0.0683 0.9201 0.3856
vn 0.2090 0.9148 0.3456
vn 0.8013 0.5631 -0.2022
vn 0.4649 -0.2537 -0.8483
vn 0.3215 -0.2455 -0.9145
vn 0.4207 -0.1440 -0.8957
vn 0.5374 -0.1168 -0.8352
vn -0.5037 0.8257 -0.2539
vn 0.0564 0.8072 0.5875
vn 0.3409 0.8373 0.4274
vn 0.8314 0.5501 -0.0788
vn 0.8302 0.1625 -0.5332
vn 0.5722 -0.7693 -0.2843
vn 0.8174 0.5502 -0.1710
vn 0.8266 0.5370 -0.1685
vn 0.8738 0.0620 0.4822
vn 0.8216 0.5688 -0.0369
vn 0.7956 0.6016 -0.0708
vn 0.8494 0.5254 -0.0497
vn 0.9878 0.0173 -0.1547
vn 0.2262 -0.9731 0.0430
vn 0.8812 0.4513 -0.1409
vn 0.8841 0.1995 -0.4226
vn 0.5615 0.7725 -0.2967
vn 0.8508 0.5128 -0.1146
vn 0.5867 -0.7888 -0.1831
vn 0.8373 0.4651 -0.2876
vn 0.6200 -0.7664 -0.1680
vn 0.5636 -0.0270 -0.8256
vn 0.8358 0.4998 -0.2273
vn 0.4694 0.7807 0.4124
vn 0.0946 0.5945 -0.7985
vn -0.3603 0.7372 -0.5715
vn 0.5299 0.7538 0.3886
vn -0.1473 0.6682 0.7292
vn -0.6306 0.7321 -0.2577
vn 0.3408 0.8112 0.4752
vn 0.8403 0.5238 -0.1397
vn 0.4484 0.7826 -0.4318
vn 0.9390 0.3390 -0.0577
vn 0.4593 -0.2117 -0.8627
vn 0.5455 -0.7547 -0.3644
vn 0.8194 0.4810 -0.3117
vn 0.7776 -0.2302 -0.5851
vn 0.6503 0.3309 -0.6838
vn 0.7860 0.5446 -0.2925
vn -0.8199 -0.5598 0.1198
vn 0.4991 0.8653 -0.0468
vn 0.3487 0.9002 -0.2608
vn -0.2881 0.9359 -0.2029
vn 0.8374 0.5043 -0.2111
vn 0.4299 0.7658 -0.4783
vn 0.0549 0.2865 -0.9565
vn 0.9177 -0.0462 -0.3945
vn 0.9612 -0.0028 -0.2757
vn 0.9892 0.1462 0.0133
vn 0.7066 -0.3515 0.6141
vn -0.1282 0.9858 0.1083
vn -0.5384 0.4576 -0.7076
vn 0.6312 0.6163 -0.4710
vt 0.000000 0.000000
vt 0.115723 0.443359
vt 0.110596 0.445313
vt 0.108154 0.442139
vt 0.108398 0.440674
vt 0.115811 0.442652
vt 0.112521 0.439050
vt 0.116676 0.443687
vt 0.117406 0.445379
vt 0.118428 0.447488
vt 0.118633 0.447959
vt 0.114014 0.449219
vt 0.108643 0.450195
vt 0.105225 0.446289
vt 0.104736 0.451904
vt 0.097412 0.448486
vt 0.100342 0.445801
vt 0.095459 0.444824
vt 0.098633 0.440918
vt 0.106934 0.436035
vt 0.102783 0.431152
vt 0.178908 0.606384
vt 0.179443 0.603760
vt 0.190186 0.604004
vt 0.186989 0.606845
vt 0.582444 0.128541
vt 0.589355 0.134033
vt 0.586958 0.134393
vt 0.590999 0.140301
vt 0.097928 0.042854
vt 0.103271 0.044189
vt 0.093994 0.044678
vt 0.091796 0.042323
vt 0.118906 0.450339
vt 0.108643 0.454346
vt 0.118476 0.448311
vt 0.118164 0.454346
vt 0.107910 0.459961
vt 0.098389 0.454346
vt 0.100098 0.458984
vt 0.093018 0.452637
vt 0.093750 0.458252
vt 0.096680 0.459717
vt 0.058838 0.456299
vt 0.070557 0.449707
vt 0.072266 0.453369
vt 0.052979 0.465332
vt 0.059326 0.471436
vt 0.054688 0.469971
vt 0.052734 0.476807
vt 0.057617 0.476318
vt 0.051758 0.481934
vt 0.043701 0.477051
vt 0.690918 0.588379
vt 0.697266 0.585938
vt 0.695068 0.596436
vt 0.059814 0.490479
vt 0.046631 0.491943
vt 0.050781 0.496582
vt 0.682129 0.584229
vt 0.684082 0.589111
vt 0.056641 0.498779
vt 0.049561 0.501221
vt 0.050781 0.502441
vt 0.680420 0.583008
vt 0.682861 0.576660
vt 0.691650 0.578125
vt 0.696289 0.570801
vt 0.697021 0.580322
vt 0.695801 0.583496
vt 0.705811 0.583984
vt 0.701416 0.579834
vt 0.704102 0.578857
vt 0.708496 0.582520
vt 0.709229 0.591064
vt 0.707764 0.594727
vt 0.710693 0.595215
vt 0.042969 0.466309
vt 0.050049 0.462158
vt 0.046631 0.465576
vt 0.050537 0.472900
vt 0.052490 0.463379
vt 0.057129 0.455566
vt 0.068359 0.449219
vt 0.055908 0.445557
vt 0.084473 0.448486
vt 0.089111 0.449219
vt 0.092529 0.456543
vt 0.093750 0.449463
vt 0.090332 0.447754
vt 0.090088 0.441895
vt 0.095459 0.441895
vt 0.080078 0.430908
vt 0.209229 0.582764
vt 0.197266 0.584473
vt 0.187500 0.583252
vt 0.095703 0.439941
vt 0.088135 0.435791
vt 0.094238 0.435547
vt 0.199951 0.591309
vt 0.192627 0.592773
vt 0.208984 0.584717
vt 0.207520 0.590820
vt 0.212646 0.584229
vt 0.223877 0.579102
vt 0.226074 0.582031
vt 0.222900 0.589111
vt 0.210449 0.591064
vt 0.216553 0.593018
vt 0.208740 0.593750
vt 0.201660 0.594482
vt 0.200195 0.601807
vt 0.190186 0.596680
vt 0.197887 0.604485
vt 0.198046 0.604433
vt 0.575310 0.117471
vt 0.583496 0.125977
vt 0.580262 0.124975
vt 0.577881 0.110840
vt 0.588623 0.118164
vt 0.582764 0.106201
vt 0.573730 0.098877
vt 0.576345 0.096195
vt 0.573999 0.096822
vt 0.240691 0.587048
vt 0.239258 0.585205
vt 0.239678 0.585091
vt 0.239653 0.584941
vt 0.235107 0.584229
vt 0.238782 0.582906
vt 0.237473 0.581526
vt 0.237057 0.580524
vt 0.578703 0.094129
vt 0.587158 0.106934
vt 0.576999 0.095993
vt 0.585205 0.095459
vt 0.603516 0.115723
vt 0.598633 0.125000
vt 0.446289 0.024414
vt 0.438721 0.033691
vt 0.440430 0.024658
vt 0.435791 0.031982
vt 0.601318 0.132813
vt 0.592773 0.125732
vt 0.436523 0.035889
vt 0.438232 0.038330
vt 0.089677 0.043739
vt 0.090576 0.043701
vt 0.086914 0.046875
vt 0.085788 0.045374
vt 0.090340 0.043515
vt 0.090576 0.043272
vt 0.117415 0.459467
vt 0.116454 0.458466
vt 0.116943 0.461670
vt 0.110352 0.465576
vt 0.106934 0.463379
vt 0.110596 0.469727
vt 0.117920 0.477295
vt 0.118098 0.473737
vt 0.115511 0.470091
vt 0.078600 0.045735
vt 0.082644 0.045811
vt 0.079834 0.048340
vt 0.077624 0.046130
vt 0.075175 0.046476
vt 0.430657 0.043945
vt 0.434570 0.043945
vt 0.430420 0.046875
vt 0.429646 0.044553
vt 0.073832 0.046405
vt 0.067871 0.053223
vt 0.072509 0.047426
vt 0.063965 0.051514
vt 0.065280 0.050758
vt 0.134554 0.482739
vt 0.127441 0.482910
vt 0.133388 0.482514
vt 0.130138 0.480470
vt 0.130102 0.478565
vt 0.128044 0.479779
vt 0.123779 0.479004
vt 0.124789 0.477549
vt 0.124429 0.476765
vt 0.123078 0.473544
vt 0.115234 0.481689
vt 0.118652 0.486816
vt 0.113770 0.487549
vt 0.662598 0.043945
vt 0.653809 0.033447
vt 0.663330 0.037109
vt 0.654297 0.021729
vt 0.663330 0.029785
vt 0.106934 0.488037
vt 0.108154 0.482666
vt 0.103271 0.482422
vt 0.108154 0.476563
vt 0.101563 0.471924
vt 0.097900 0.475342
vt 0.097900 0.480957
vt 0.082031 0.472656
vt 0.082031 0.464844
vt 0.083984 0.469727
vt 0.076172 0.475830
vt 0.062744 0.474365
vt 0.069580 0.478516
vt 0.074219 0.478516
vt 0.071045 0.489746
vt 0.061035 0.480713
vt 0.058594 0.483643
vt 0.058594 0.479492
vt 0.067383 0.491455
vt 0.074707 0.495361
vt 0.061035 0.493896
vt 0.064209 0.499756
vt 0.061279 0.503418
vt 0.055664 0.508789
vt 0.426758 0.902588
vt 0.429443 0.903076
vt 0.429688 0.911133
vt 0.431885 0.906982
vt 0.432861 0.911133
vt 0.426758 0.915527
vt 0.673340 0.573730
vt 0.680420 0.577637
vt 0.672852 0.580566
vt 0.676758 0.570557
vt 0.690430 0.563721
vt 0.675537 0.561523
vt 0.686768 0.561035
vt 0.694824 0.563965
vt 0.698975 0.572510
vt 0.695313 0.560303
vt 0.700684 0.572021
vt 0.703613 0.575684
vt 0.704834 0.571533
vt 0.706543 0.572021
vt 0.707275 0.576416
vt 0.709229 0.572754
vt 0.710205 0.575439
vt 0.718018 0.583496
vt 0.718994 0.577393
vt 0.726676 0.587474
vt 0.726038 0.586358
vt 0.763005 0.491961
vt 0.769176 0.491825
vt 0.766602 0.498047
vt 0.750772 0.492926
vt 0.755371 0.499512
vt 0.750212 0.492946
vt 0.750732 0.507080
vt 0.750010 0.492874
vt 0.744385 0.507568
vt 0.749936 0.492847
vt 0.745605 0.492676
vt 0.749499 0.492676
vt 0.744585 0.491124
vt 0.747845 0.491144
vt 0.737305 0.493652
vt 0.738424 0.489685
vt 0.890161 0.029130
vt 0.890625 0.023438
vt 0.891679 0.028706
vt 0.737874 0.600297
vt 0.734863 0.603760
vt 0.732910 0.595947
vt 0.735395 0.596746
vt 0.731759 0.591448
vt 0.731689 0.595703
vt 0.731011 0.590952
vt 0.727669 0.588721
vt 0.722900 0.592773
vt 0.726891 0.587844
vt 0.719482 0.600342
vt 0.718994 0.606201
vt 0.040527 0.452393
vt 0.049805 0.458252
vt 0.041016 0.449219
vt 0.724121 0.607178
vt 0.724121 0.609863
vt 0.731689 0.598389
vt 0.726563 0.617920
vt 0.061768 0.437500
vt 0.077393 0.442627
vt 0.076172 0.444336
vt 0.081543 0.440186
vt 0.070557 0.435547
vt 0.068115 0.438721
vt 0.887207 0.015869
vt 0.880127 0.024658
vt 0.878174 0.013916
vt 0.212891 0.547119
vt 0.203125 0.550781
vt 0.216064 0.543945
vt 0.220500 0.542157
vt 0.220254 0.541787
vt 0.221978 0.544081
vt 0.222440 0.545308
vt 0.220703 0.546631
vt 0.215332 0.550781
vt 0.214844 0.557617
vt 0.225910 0.557200
vt 0.224270 0.551920
vt 0.590144 0.085624
vt 0.597168 0.094727
vt 0.589752 0.086013
vt 0.586270 0.087859
vt 0.583662 0.088117
vt 0.595215 0.098145
vt 0.581925 0.088873
vt 0.580868 0.090736
vt 0.580618 0.092213
vt 0.235301 0.576817
vt 0.231689 0.566895
vt 0.232302 0.567233
vt 0.232340 0.567044
vt 0.232154 0.566747
vt 0.218750 0.565674
vt 0.231521 0.565333
vt 0.231183 0.562566
vt 0.222412 0.561279
vt 0.230206 0.561279
vt 0.227919 0.559608
vt 0.226441 0.558166
vt 0.206543 0.564941
vt 0.202637 0.562012
vt 0.079346 0.435059
vt 0.076660 0.436279
vt 0.084229 0.438721
vt 0.210693 0.570313
vt 0.197754 0.566650
vt 0.209473 0.573486
vt 0.075684 0.431396
vt 0.222412 0.571533
vt 0.236969 0.580193
vt 0.607910 0.113770
vt 0.600098 0.094238
vt 0.611328 0.109619
vt 0.451416 0.025879
vt 0.447998 0.031006
vt 0.448975 0.027100
vt 0.441895 0.039795
vt 0.441162 0.041260
vt 0.444092 0.043701
vt 0.436523 0.046631
vt 0.446777 0.053467
vt 0.441895 0.051514
vt 0.445557 0.064941
vt 0.442139 0.068115
vt 0.430908 0.070068
vt 0.424316 0.063721
vt 0.419434 0.059082
vt 0.422852 0.051758
vt 0.057373 0.055420
vt 0.061279 0.056641
vt 0.058594 0.060303
vt 0.055327 0.055843
vt 0.053324 0.058133
vt 0.820243 0.039830
vt 0.815186 0.041992
vt 0.817743 0.039647
vt 0.807861 0.033691
vt 0.812273 0.034672
vt 0.633013 0.035071
vt 0.640381 0.036865
vt 0.634920 0.037218
vt 0.637258 0.040326
vt 0.643066 0.047607
vt 0.641911 0.047535
vt 0.642178 0.048215
vt 0.641962 0.047824
vt 0.642766 0.048634
vt 0.645996 0.050781
vt 0.645307 0.051936
vt 0.134929 0.484275
vt 0.136481 0.488936
vt 0.135498 0.490723
vt 0.132813 0.485352
vt 0.655518 0.051514
vt 0.655762 0.041260
vt 0.657715 0.040283
vt 0.649658 0.038086
vt 0.646484 0.038086
vt 0.645996 0.026611
vt 0.638916 0.019531
vt 0.648193 0.019287
vt 0.645020 0.008057
vt 0.637207 0.007324
vt 0.794678 0.031738
vt 0.793701 0.036133
vt 0.792236 0.030029
vt 0.781738 0.039551
vt 0.781982 0.035400
vt 0.782471 0.041504
vt 0.423340 0.891846
vt 0.427490 0.895020
vt 0.423096 0.893799
vt 0.430176 0.897705
vt 0.430176 0.893311
vt 0.439209 0.889404
vt 0.446045 0.892334
vt 0.439941 0.902344
vt 0.449219 0.896729
vt 0.457031 0.888672
vt 0.455322 0.899414
vt 0.466064 0.895508
vt 0.464355 0.886719
vt 0.458496 0.878906
vt 0.465088 0.884033
vt 0.168213 0.916016
vt 0.164307 0.923828
vt 0.162842 0.921143
vt 0.166748 0.911133
vt 0.168701 0.912354
vt 0.171143 0.914551
vt 0.169922 0.918701
vt 0.174805 0.918945
vt 0.172119 0.912109
vt 0.474609 0.896484
vt 0.471924 0.888916
vt 0.480225 0.889160
vt 0.482178 0.891357
vt 0.485840 0.886963
vt 0.494385 0.893311
vt 0.482666 0.893799
vt 0.477783 0.896729
vt 0.481934 0.896484
vt 0.484619 0.898193
vt 0.482178 0.899658
vt 0.485352 0.903320
vt 0.076172 0.837402
vt 0.069336 0.836914
vt 0.071777 0.831299
vt 0.084961 0.826416
vt 0.088135 0.842529
vt 0.093750 0.843262
vt 0.102051 0.836182
vt 0.106201 0.845459
vt 0.124023 0.849121
vt 0.123535 0.843750
vt 0.110596 0.834717
vt 0.123535 0.836182
vt 0.131947 0.848762
vt 0.132893 0.847929
vt 0.182851 0.952128
vt 0.182533 0.949723
vt 0.183105 0.949707
vt 0.131401 0.850225
vt 0.130127 0.850098
vt 0.182149 0.948936
vt 0.130069 0.852468
vt 0.131084 0.850931
vt 0.138973 0.846302
vt 0.136899 0.845752
vt 0.130371 0.836426
vt 0.555294 0.980522
vt 0.575684 0.979248
vt 0.588623 0.983643
vt 0.554754 0.981771
vt 0.155739 0.945143
vt 0.138428 0.943848
vt 0.155655 0.943734
vt 0.129324 0.854335
vt 0.122070 0.852295
vt 0.153564 0.945313
vt 0.133057 0.947998
vt 0.111816 0.852783
vt 0.109863 0.850342
vt 0.100830 0.845947
vt 0.096680 0.847412
vt 0.090820 0.847656
vt 0.080322 0.848633
vt 0.081299 0.851074
vt 0.092285 0.849609
vt 0.587646 0.879150
vt 0.603516 0.879639
vt 0.600342 0.883301
vt 0.608887 0.881104
vt 0.610352 0.873779
vt 0.617676 0.878174
vt 0.248779 0.912354
vt 0.245605 0.922607
vt 0.239990 0.913574
vt 0.241699 0.909912
vt 0.236816 0.909668
vt 0.236572 0.907471
vt 0.241699 0.904297
vt 0.243408 0.429932
vt 0.245605 0.433594
vt 0.231934 0.431641
vt 0.222900 0.419678
vt 0.221680 0.426025
vt 0.220459 0.417236
vt 0.219482 0.418213
vt 0.210938 0.426758
vt 0.205811 0.403320
vt 0.210693 0.405518
vt 0.475342 0.260498
vt 0.488037 0.256592
vt 0.472168 0.265869
vt 0.488770 0.260254
vt 0.465820 0.272461
vt 0.215088 0.408447
vt 0.216064 0.403320
vt 0.492676 0.277832
vt 0.469238 0.275879
vt 0.491699 0.282471
vt 0.340820 0.448486
vt 0.327881 0.427979
vt 0.333008 0.431885
vt 0.337891 0.454834
vt 0.348633 0.467529
vt 0.344482 0.470947
vt 0.350830 0.471924
vt 0.347900 0.478027
vt 0.341553 0.482422
vt 0.339600 0.472168
vt 0.330322 0.462158
vt 0.324219 0.460938
vt 0.318848 0.448975
vt 0.331787 0.447510
vt 0.315918 0.448486
vt 0.315186 0.442139
vt 0.739258 0.340820
vt 0.731201 0.341309
vt 0.723389 0.327881
vt 0.734863 0.326172
vt 0.746582 0.336426
vt 0.747070 0.328369
vt 0.741455 0.319336
vt 0.743408 0.318848
vt 0.735107 0.316406
vt 0.735107 0.312256
vt 0.746094 0.316650
vt 0.747314 0.324219
vt 0.757080 0.331055
vt 0.761475 0.324219
vt 0.780273 0.332275
vt 0.765625 0.336426
vt 0.779785 0.338623
vt 0.787842 0.340088
vt 0.784424 0.346924
vt 0.776367 0.344971
vt 0.763672 0.339600
vt 0.760742 0.348389
vt 0.757080 0.336670
vt 0.755371 0.333252
vt 0.756104 0.342285
vt 0.751465 0.338623
vt 0.751465 0.349121
vt 0.741211 0.342041
vt 0.235352 0.419678
vt 0.222900 0.416504
vt 0.763184 0.359131
vt 0.249023 0.425781
vt 0.241455 0.900391
vt 0.250244 0.903809
vt 0.242676 0.896973
vt 0.765625 0.361816
vt 0.770264 0.359131
vt 0.779297 0.357910
vt 0.772705 0.371826
vt 0.245605 0.885742
vt 0.242432 0.883789
vt 0.014404 0.036865
vt 0.016357 0.047363
vt 0.011963 0.038574
vt 0.243896 0.866455
vt 0.239014 0.873291
vt 0.017334 0.055908
vt 0.013184 0.059814
vt 0.981934 0.417725
vt 0.977539 0.423584
vt 0.967773 0.423096
vt 0.273682 0.283691
vt 0.284424 0.294434
vt 0.273926 0.293457
vt 0.021240 0.052490
vt 0.019531 0.060303
vt 0.269531 0.286133
vt 0.271240 0.291748
vt 0.026367 0.054932
vt 0.023193 0.056885
vt 0.027588 0.050049
vt 0.262939 0.278564
vt 0.274902 0.272217
vt 0.268066 0.281494
vt 0.280029 0.283203
vt 0.279785 0.275391
vt 0.282471 0.272705
vt 0.285400 0.260742
vt 0.940674 0.196289
vt 0.944092 0.191406
vt 0.952148 0.195313
vt 0.945068 0.188477
vt 0.953125 0.185303
vt 0.959473 0.190186
vt 0.961426 0.180664
vt 0.285645 0.291260
vt 0.157471 0.970947
vt 0.172119 0.976074
vt 0.169678 0.979980
vt 0.163574 0.978760
vt 0.155273 0.974854
vt 0.147705 0.969482
vt 0.145020 0.974609
vt 0.137939 0.969971
vt 0.134277 0.969971
vt 0.139404 0.965332
vt 0.277100 0.890137
vt 0.273193 0.899170
vt 0.270996 0.889160
vt 0.263428 0.887695
vt 0.145752 0.966064
vt 0.154541 0.961670
vt 0.259766 0.893555
vt 0.253662 0.885254
vt 0.254395 0.893555
vt 0.258057 0.896973
vt 0.254150 0.910400
vt 0.250000 0.920166
vt 0.253174 0.916992
vt 0.254150 0.923340
vt 0.605469 0.888184
vt 0.608887 0.884521
vt 0.077637 0.857178
vt 0.077148 0.850830
vt 0.072754 0.852539
vt 0.071289 0.854736
vt 0.841064 0.464111
vt 0.837402 0.457764
vt 0.843750 0.458252
vt 0.846191 0.462646
vt 0.846680 0.468994
vt 0.842773 0.475830
vt 0.846924 0.487305
vt 0.842041 0.493896
vt 0.838867 0.483398
vt 0.836426 0.494141
vt 0.833740 0.475586
vt 0.833252 0.489502
vt 0.829590 0.473633
vt 0.824951 0.484863
vt 0.823242 0.495361
vt 0.825126 0.503368
vt 0.825373 0.503350
vt 0.699883 0.010131
vt 0.679443 0.007324
vt 0.700346 0.007799
vt 0.855338 0.520815
vt 0.853054 0.516542
vt 0.859863 0.517334
vt 0.856590 0.521797
vt 0.864431 0.989116
vt 0.843750 0.991943
vt 0.838623 0.987305
vt 0.864224 0.987305
vt 0.825024 0.503447
vt 0.822749 0.503920
vt 0.817627 0.494141
vt 0.817383 0.490967
vt 0.817627 0.486816
vt 0.810303 0.484619
vt 0.809082 0.487305
vt 0.805664 0.483154
vt 0.951904 0.147217
vt 0.952637 0.142334
vt 0.956787 0.140625
vt 0.804932 0.490479
vt 0.800537 0.485352
vt 0.288330 0.889648
vt 0.285400 0.898682
vt 0.283203 0.887939
vt 0.942139 0.152100
vt 0.952881 0.150635
vt 0.948242 0.157471
vt 0.939697 0.158691
vt 0.938965 0.151123
vt 0.944336 0.145508
vt 0.940186 0.140869
vt 0.943848 0.141357
vt 0.943115 0.136230
vt 0.704346 0.704590
vt 0.705322 0.711914
vt 0.694336 0.719971
vt 0.699951 0.701172
vt 0.694824 0.706055
vt 0.692627 0.700439
vt 0.688232 0.701172
vt 0.692627 0.695068
vt 0.701904 0.690674
vt 0.698975 0.687744
vt 0.708008 0.681885
vt 0.705078 0.678223
vt 0.698486 0.680664
vt 0.715820 0.658691
vt 0.702148 0.671631
vt 0.695068 0.671631
vt 0.704834 0.659912
vt 0.692383 0.656982
vt 0.691406 0.664795
vt 0.690674 0.673828
vt 0.672363 0.665039
vt 0.682373 0.662598
vt 0.680664 0.654785
vt 0.683350 0.658447
vt 0.687012 0.659424
vt 0.686279 0.652344
vt 0.678467 0.649902
vt 0.687500 0.647949
vt 0.677490 0.641602
vt 0.666992 0.654053
vt 0.669189 0.658447
vt 0.666016 0.666504
vt 0.669922 0.667725
vt 0.672119 0.672119
vt 0.677979 0.674805
vt 0.674316 0.676758
vt 0.672607 0.680176
vt 0.680176 0.678467
vt 0.667969 0.688965
vt 0.687012 0.685059
vt 0.672852 0.692627
vt 0.683105 0.691406
vt 0.691162 0.687012
vt 0.689453 0.682617
vt 0.694092 0.678955
vt 0.678223 0.701172
vt 0.671387 0.698486
vt 0.671387 0.706543
vt 0.667725 0.699707
vt 0.656006 0.693848
vt 0.654297 0.687988
vt 0.663086 0.686768
vt 0.665527 0.681396
vt 0.662354 0.683105
vt 0.658203 0.681396
vt 0.661621 0.676270
vt 0.654541 0.674561
vt 0.657227 0.673828
vt 0.657715 0.668945
vt 0.651611 0.669922
vt 0.651611 0.665527
vt 0.658447 0.665039
vt 0.657959 0.658203
vt 0.649414 0.663574
vt 0.645996 0.655762
vt 0.644775 0.657959
vt 0.639893 0.669189
vt 0.636963 0.667480
vt 0.636963 0.653076
vt 0.630615 0.663330
vt 0.634033 0.654297
vt 0.625244 0.658203
vt 0.634033 0.644043
vt 0.903564 0.635498
vt 0.907715 0.624756
vt 0.905762 0.640625
vt 0.896484 0.637207
vt 0.897949 0.629395
vt 0.890625 0.632568
vt 0.886963 0.635986
vt 0.877197 0.629395
vt 0.890137 0.618896
vt 0.872803 0.616943
vt 0.885254 0.613770
vt 0.885498 0.605713
vt 0.901123 0.618164
vt 0.904297 0.611816
vt 0.639404 0.628662
vt 0.645264 0.641602
vt 0.646240 0.648926
vt 0.655518 0.641602
vt 0.660645 0.643311
vt 0.664063 0.640137
vt 0.662842 0.635986
vt 0.653564 0.634766
vt 0.659912 0.621094
vt 0.670654 0.625000
vt 0.677979 0.633301
vt 0.674805 0.635254
vt 0.691895 0.638672
vt 0.693115 0.643799
vt 0.703857 0.645508
vt 0.698730 0.651611
vt 0.713379 0.651611
vt 0.928223 0.632080
vt 0.922363 0.638916
vt 0.926025 0.626221
vt 0.919678 0.633301
vt 0.918457 0.628174
vt 0.921143 0.618164
vt 0.717285 0.672607
vt 0.709961 0.682373
vt 0.706055 0.689453
vt 0.711914 0.687012
vt 0.709961 0.692627
vt 0.702393 0.697510
vt 0.713379 0.696777
vt 0.711426 0.709717
vt 0.812256 0.472656
vt 0.816406 0.473389
vt 0.811768 0.480469
vt 0.821533 0.472900
vt 0.817383 0.467773
vt 0.821533 0.467773
vt 0.828613 0.465576
vt 0.825195 0.459229
vt 0.829102 0.456787
vt 0.833252 0.463135
vt 0.836426 0.466553
vt 0.915527 0.625977
vt 0.912109 0.625977
vt 0.913330 0.619141
vt 0.916016 0.626709
vt 0.917725 0.622314
vt 0.915771 0.633301
vt 0.059570 0.850342
vt 0.061768 0.848145
vt 0.063965 0.853027
vt 0.072021 0.850586
vt 0.065430 0.845459
vt 0.076172 0.847168
vt 0.069092 0.842773
vt 0.069092 0.838867
vt 0.060059 0.843262
vt 0.058838 0.847656
vt 0.057129 0.843018
vt 0.062988 0.836670
vt 0.483398 0.912109
vt 0.475830 0.910889
vt 0.479004 0.901611
vt 0.472412 0.898926
vt 0.468750 0.908691
vt 0.467285 0.902344
vt 0.457031 0.904785
vt 0.464355 0.908691
vt 0.456787 0.909180
vt 0.642578 0.559082
vt 0.659424 0.549561
vt 0.649902 0.562988
vt 0.651611 0.567383
vt 0.452393 0.908203
vt 0.452637 0.901611
vt 0.449219 0.903320
vt 0.447998 0.911133
vt 0.442383 0.908936
vt 0.671387 0.576904
vt 0.666992 0.578613
vt 0.671387 0.571777
vt 0.436035 0.918457
vt 0.657715 0.565674
vt 0.671387 0.557861
vt 0.670166 0.553711
vt 0.688232 0.558350
vt 0.670654 0.541504
vt 0.681152 0.536865
vt 0.696533 0.550537
vt 0.700928 0.560303
vt 0.702393 0.556396
vt 0.695801 0.545654
vt 0.701172 0.548096
vt 0.705322 0.557129
vt 0.707031 0.569092
vt 0.708008 0.566650
vt 0.712158 0.570068
vt 0.707520 0.553467
vt 0.714733 0.564533
vt 0.708170 0.553884
vt 0.717166 0.569104
vt 0.716616 0.568252
vt 0.713135 0.573486
vt 0.719989 0.573370
vt 0.720703 0.572590
vt 0.720215 0.574463
vt 0.720947 0.573242
vt 0.273796 0.818415
vt 0.272949 0.818848
vt 0.273193 0.816406
vt 0.273776 0.816234
vt 0.273410 0.819120
vt 0.272993 0.820747
vt 0.722258 0.579931
vt 0.721187 0.575921
vt 0.770476 0.490757
vt 0.774902 0.494873
vt 0.770028 0.491328
vt 0.774414 0.501465
vt 0.769777 0.491494
vt 0.768555 0.508789
vt 0.765137 0.502441
vt 0.758789 0.502197
vt 0.762939 0.506592
vt 0.758545 0.509277
vt 0.763428 0.520264
vt 0.458252 0.060791
vt 0.456299 0.056641
vt 0.467285 0.050781
vt 0.454590 0.059814
vt 0.450684 0.069580
vt 0.791748 0.082275
vt 0.802246 0.076416
vt 0.805908 0.085938
vt 0.773926 0.510254
vt 0.777344 0.517334
vt 0.776855 0.506592
vt 0.779297 0.508545
vt 0.781494 0.511719
vt 0.782227 0.513916
vt 0.788330 0.516846
vt 0.781250 0.524902
vt 0.786621 0.074951
vt 0.798584 0.073730
vt 0.795898 0.070068
vt 0.783936 0.066162
vt 0.777832 0.070313
vt 0.779785 0.064453
vt 0.774658 0.070068
vt 0.772949 0.061523
vt 0.778076 0.055176
vt 0.784180 0.058594
vt 0.779785 0.050781
vt 0.774414 0.054932
vt 0.775391 0.051025
vt 0.768066 0.051270
vt 0.766113 0.053223
vt 0.761475 0.050049
vt 0.757080 0.054199
vt 0.761230 0.056641
vt 0.759033 0.063232
vt 0.751465 0.059326
vt 0.109863 0.637695
vt 0.093018 0.642334
vt 0.096191 0.639160
vt 0.104004 0.632813
vt 0.102783 0.630371
vt 0.105713 0.626221
vt 0.122070 0.629150
vt 0.794434 0.509521
vt 0.793945 0.524658
vt 0.118652 0.633057
vt 0.791504 0.506592
vt 0.798096 0.510742
vt 0.785889 0.507080
vt 0.782715 0.502197
vt 0.778809 0.504150
vt 0.778809 0.500488
vt 0.780029 0.498535
vt 0.790283 0.497314
vt 0.789551 0.493896
vt 0.789057 0.493467
vt 0.789716 0.493771
vt 0.790614 0.494187
vt 0.792200 0.495323
vt 0.796931 0.498607
vt 0.706582 0.551391
vt 0.703106 0.546645
vt 0.694824 0.541504
vt 0.701041 0.544449
vt 0.134112 0.646514
vt 0.133789 0.643799
vt 0.134686 0.644337
vt 0.799137 0.499477
vt 0.799316 0.500732
vt 0.793457 0.500732
vt 0.130371 0.649170
vt 0.130371 0.635498
vt 0.113037 0.643799
vt 0.122314 0.634277
vt 0.797363 0.508545
vt 0.111816 0.638672
vt 0.108154 0.649170
vt 0.107666 0.655762
vt 0.124268 0.658203
vt 0.114990 0.659668
vt 0.103760 0.656738
vt 0.092773 0.648926
vt 0.888428 0.492432
vt 0.892578 0.502197
vt 0.886230 0.491943
vt 0.893311 0.488525
vt 0.897705 0.487549
vt 0.896729 0.486816
vt 0.895020 0.484863
vt 0.755859 0.048096
vt 0.750244 0.057861
vt 0.749023 0.054688
vt 0.889160 0.482178
vt 0.891846 0.477051
vt 0.887939 0.472412
vt 0.891113 0.470947
vt 0.761963 0.045410
vt 0.757813 0.049805
vt 0.764648 0.046631
vt 0.768555 0.044189
vt 0.766846 0.042969
vt 0.892578 0.460449
vt 0.894775 0.464844
vt 0.888672 0.464844
vt 0.882080 0.458008
vt 0.881592 0.466553
vt 0.876465 0.464844
vt 0.872314 0.458008
vt 0.869629 0.462158
vt 0.866943 0.458740
vt 0.866211 0.467773
vt 0.862305 0.466553
vt 0.862061 0.458984
vt 0.860352 0.460693
vt 0.045166 0.904297
vt 0.040527 0.907227
vt 0.041992 0.899902
vt 0.049072 0.897705
vt 0.047607 0.891602
vt 0.050537 0.889893
vt 0.053467 0.896973
vt 0.054199 0.902588
vt 0.056641 0.899658
vt 0.058105 0.906738
vt 0.053223 0.914795
vt 0.051514 0.905518
vt 0.049805 0.913574
vt 0.046387 0.918945
vt 0.050293 0.923340
vt 0.045308 0.921822
vt 0.047786 0.925119
vt 0.044437 0.921923
vt 0.043936 0.921396
vt 0.041906 0.920500
vt 0.042725 0.916992
vt 0.045898 0.912109
vt 0.043945 0.908691
vt 0.047363 0.906738
vt 0.041016 0.912842
vt 0.038330 0.916016
vt 0.039063 0.921387
vt 0.036501 0.922770
vt 0.037848 0.923361
vt 0.904112 0.545086
vt 0.904401 0.545673
vt 0.904297 0.546143
vt 0.900146 0.548096
vt 0.902796 0.542189
vt 0.855868 0.451453
vt 0.854004 0.459229
vt 0.851475 0.453697
vt 0.857422 0.451660
vt 0.864502 0.455322
vt 0.862549 0.446289
vt 0.869141 0.450928
vt 0.873291 0.450439
vt 0.867676 0.443359
vt 0.874268 0.439453
vt 0.882080 0.443848
vt 0.882568 0.452148
vt 0.887207 0.445557
vt 0.894043 0.453857
vt 0.897705 0.451416
vt 0.900879 0.453125
vt 0.899414 0.458740
vt 0.906738 0.454590
vt 0.439941 0.886719
vt 0.433594 0.886719
vt 0.433105 0.886475
vt 0.772705 0.038086
vt 0.771240 0.040527
vt 0.770508 0.039795
vt 0.783203 0.048340
vt 0.775146 0.046387
vt 0.769531 0.046631
vt 0.772705 0.047852
vt 0.770996 0.049561
vt 0.905029 0.450684
vt 0.447021 0.889648
vt 0.440186 0.881348
vt 0.446533 0.884033
vt 0.453857 0.870850
vt 0.450439 0.861816
vt 0.458252 0.865723
vt 0.453857 0.849854
vt 0.456543 0.855469
vt 0.455566 0.848633
vt 0.883545 0.576416
vt 0.885742 0.572754
vt 0.887451 0.575928
vt 0.892822 0.572021
vt 0.891113 0.575928
vt 0.889160 0.579834
vt 0.133057 0.924561
vt 0.131348 0.929199
vt 0.130127 0.925781
vt 0.128174 0.922363
vt 0.133057 0.917480
vt 0.118408 0.984619
vt 0.112793 0.966553
vt 0.120117 0.979492
vt 0.132080 0.901611
vt 0.136230 0.905273
vt 0.138672 0.921387
vt 0.140137 0.904541
vt 0.141602 0.908691
vt 0.142578 0.918213
vt 0.153564 0.912598
vt 0.150146 0.918701
vt 0.142822 0.921631
vt 0.461914 0.868896
vt 0.459961 0.869141
vt 0.460693 0.862061
vt 0.459961 0.874268
vt 0.155029 0.917236
vt 0.153320 0.922852
vt 0.157471 0.918701
vt 0.158203 0.913818
vt 0.162842 0.916504
vt 0.163330 0.907715
vt 0.156006 0.901123
vt 0.161377 0.899170
vt 0.167236 0.906494
vt 0.802002 0.811768
vt 0.792969 0.802734
vt 0.800293 0.799805
vt 0.789063 0.794189
vt 0.797119 0.791504
vt 0.171875 0.905273
vt 0.171875 0.909424
vt 0.177490 0.909668
vt 0.792236 0.787354
vt 0.800049 0.777344
vt 0.802979 0.759766
vt 0.806152 0.759521
vt 0.109375 0.828857
vt 0.095215 0.818604
vt 0.097656 0.814697
vt 0.810547 0.733643
vt 0.812256 0.734863
vt 0.112305 0.826172
vt 0.136078 0.846335
vt 0.804199 0.751465
vt 0.576904 0.852783
vt 0.567871 0.867188
vt 0.565674 0.863281
vt 0.559814 0.877930
vt 0.565186 0.876953
vt 0.577637 0.859863
vt 0.565430 0.878662
vt 0.550293 0.888916
vt 0.156006 0.948730
vt 0.156494 0.951904
vt 0.133789 0.960205
vt 0.129395 0.950195
vt 0.578369 0.880127
vt 0.570557 0.883057
vt 0.590088 0.859131
vt 0.585938 0.875000
vt 0.581055 0.882813
vt 0.098145 0.851563
vt 0.605469 0.862549
vt 0.606201 0.857910
vt 0.601318 0.851563
vt 0.591309 0.854004
vt 0.597412 0.847168
vt 0.600342 0.848633
vt 0.612061 0.855713
vt 0.607178 0.847900
vt 0.606934 0.842285
vt 0.612061 0.844727
vt 0.778809 0.792480
vt 0.764160 0.794189
vt 0.776855 0.789795
vt 0.787109 0.790527
vt 0.766113 0.797119
vt 0.778564 0.797119
vt 0.782227 0.802002
vt 0.758057 0.803467
vt 0.251465 0.476318
vt 0.254883 0.484131
vt 0.242432 0.480225
vt 0.247559 0.474854
vt 0.243652 0.468018
vt 0.247803 0.460693
vt 0.616455 0.855957
vt 0.612793 0.861328
vt 0.621094 0.863037
vt 0.624512 0.861816
vt 0.228271 0.916748
vt 0.225830 0.914795
vt 0.235840 0.914307
vt 0.620361 0.873291
vt 0.614746 0.863281
vt 0.608643 0.866943
vt 0.608887 0.862549
vt 0.602783 0.870605
vt 0.239258 0.458252
vt 0.244873 0.447998
vt 0.238770 0.459961
vt 0.232910 0.457031
vt 0.236572 0.461914
vt 0.224365 0.455566
vt 0.227783 0.451172
vt 0.216309 0.446533
vt 0.216553 0.449951
vt 0.224365 0.458496
vt 0.214844 0.453125
vt 0.212646 0.451660
vt 0.205078 0.440674
vt 0.194336 0.441406
vt 0.194580 0.438232
vt 0.193115 0.436035
vt 0.193115 0.432617
vt 0.204590 0.435791
vt 0.217041 0.444336
vt 0.219482 0.445801
vt 0.226074 0.434082
vt 0.224365 0.432129
vt 0.217529 0.432373
vt 0.210449 0.428955
vt 0.204102 0.430420
vt 0.201416 0.426270
vt 0.193115 0.427246
vt 0.192139 0.426025
vt 0.474854 0.235596
vt 0.486572 0.234131
vt 0.182861 0.432373
vt 0.183838 0.418945
vt 0.483887 0.215576
vt 0.472656 0.226318
vt 0.242432 0.750000
vt 0.262695 0.746094
vt 0.253418 0.753418
vt 0.258789 0.750732
vt 0.493408 0.216064
vt 0.477295 0.209961
vt 0.262695 0.437012
vt 0.264648 0.451904
vt 0.258057 0.435547
vt 0.747314 0.596924
vt 0.747070 0.606689
vt 0.744385 0.604980
vt 0.749512 0.599121
vt 0.751465 0.592529
vt 0.758789 0.593018
vt 0.755127 0.577393
vt 0.766602 0.574463
vt 0.766113 0.589600
vt 0.769775 0.586670
vt 0.771973 0.574463
vt 0.774170 0.569824
vt 0.777588 0.574463
vt 0.775391 0.576172
vt 0.776123 0.585938
vt 0.783203 0.574707
vt 0.774414 0.264404
vt 0.770264 0.269043
vt 0.763184 0.271973
vt 0.763672 0.275635
vt 0.761475 0.284424
vt 0.777344 0.596436
vt 0.770264 0.590088
vt 0.766846 0.604980
vt 0.762939 0.296875
vt 0.745605 0.285400
vt 0.765381 0.291504
vt 0.767334 0.294678
vt 0.764404 0.312256
vt 0.746338 0.305176
vt 0.744385 0.299561
vt 0.744141 0.308838
vt 0.754150 0.313477
vt 0.754883 0.317383
vt 0.739746 0.307617
vt 0.741455 0.301514
vt 0.735107 0.298340
vt 0.755127 0.605957
vt 0.759033 0.601563
vt 0.757568 0.614746
vt 0.765137 0.597900
vt 0.733643 0.306152
vt 0.731689 0.306885
vt 0.753662 0.620850
vt 0.753174 0.616943
vt 0.753418 0.628906
vt 0.731689 0.312012
vt 0.748779 0.623291
vt 0.278320 0.442627
vt 0.271484 0.455811
vt 0.279053 0.471680
vt 0.274170 0.468506
vt 0.510986 0.224609
vt 0.500977 0.223145
vt 0.514404 0.228027
vt 0.502441 0.246094
vt 0.499023 0.252197
vt 0.499756 0.254639
vt 0.501465 0.255615
vt 0.503174 0.267822
vt 0.501709 0.269775
vt 0.500732 0.271973
vt 0.514648 0.282959
vt 0.510498 0.288574
vt 0.518066 0.287109
vt 0.524170 0.283936
vt 0.529541 0.276123
vt 0.518799 0.265625
vt 0.539685 0.245030
vt 0.538654 0.244005
vt 0.542698 0.249261
vt 0.547857 0.256508
vt 0.546088 0.262571
vt 0.543583 0.272932
vt 0.540321 0.276444
vt 0.539340 0.278458
vt 0.533447 0.279785
vt 0.526123 0.286621
vt 0.540140 0.283276
vt 0.540357 0.286185
vt 0.531006 0.292236
vt 0.516846 0.293457
vt 0.520996 0.300293
vt 0.343262 0.491943
vt 0.354492 0.480225
vt 0.347900 0.492188
vt 0.343734 0.504698
vt 0.344111 0.504003
vt 0.321309 0.509196
vt 0.319555 0.508384
vt 0.323486 0.508057
vt 0.322183 0.509601
vt 0.326751 0.512099
vt 0.325025 0.512957
vt 0.331493 0.509988
vt 0.334717 0.491943
vt 0.315187 0.506487
vt 0.337891 0.479248
vt 0.314430 0.505997
vt 0.312676 0.504720
vt 0.303345 0.496533
vt 0.317627 0.481201
vt 0.303101 0.496357
vt 0.295079 0.490546
vt 0.303711 0.469238
vt 0.324219 0.463623
vt 0.300537 0.459717
vt 0.287109 0.467773
vt 0.290771 0.434570
vt 0.286148 0.485339
vt 0.294871 0.490425
vt 0.285875 0.485338
vt 0.279012 0.485317
vt 0.276827 0.482385
vt 0.274140 0.483027
vt 0.274170 0.481201
vt 0.525516 0.222021
vt 0.525828 0.222607
vt 0.523926 0.222168
vt 0.526260 0.223137
vt 0.529034 0.227709
vt 0.535362 0.238894
vt 0.537281 0.242052
vt 0.519043 0.243896
vt 0.510010 0.296631
vt 0.544604 0.288224
vt 0.768066 0.319824
vt 0.766602 0.322998
vt 0.781250 0.327637
vt 0.766846 0.312500
vt 0.781982 0.324219
vt 0.784180 0.318848
vt 0.784180 0.311768
vt 0.781006 0.294434
vt 0.789063 0.309570
vt 0.791748 0.294434
vt 0.791992 0.291748
vt 0.782227 0.291748
vt 0.770508 0.293457
vt 0.766602 0.283447
vt 0.765137 0.284424
vt 0.767090 0.273926
vt 0.782227 0.283203
vt 0.777832 0.274414
vt 0.791016 0.280273
vt 0.792236 0.283447
vt 0.798096 0.281250
vt 0.796631 0.273926
vt 0.792480 0.271240
vt 0.802002 0.266846
vt 0.684570 0.866455
vt 0.691895 0.867920
vt 0.696533 0.878174
vt 0.686768 0.878418
vt 0.681641 0.868896
vt 0.677490 0.862305
vt 0.680664 0.854004
vt 0.672119 0.866211
vt 0.664307 0.854980
vt 0.683350 0.838623
vt 0.909912 0.586426
vt 0.906006 0.591797
vt 0.897949 0.589355
vt 0.690186 0.854980
vt 0.692383 0.849854
vt 0.907471 0.593506
vt 0.902832 0.594971
vt 0.912109 0.599365
vt 0.908447 0.601563
vt 0.702637 0.852539
vt 0.691162 0.861328
vt 0.703369 0.858643
vt 0.685791 0.860596
vt 0.807373 0.275879
vt 0.801514 0.270264
vt 0.802002 0.275879
vt 0.800049 0.273682
vt 0.805664 0.287598
vt 0.810547 0.282227
vt 0.817871 0.281738
vt 0.909668 0.603516
vt 0.914551 0.602295
vt 0.916260 0.599121
vt 0.919189 0.597900
vt 0.918945 0.604492
vt 0.920166 0.601807
vt 0.975342 0.107666
vt 0.966553 0.109619
vt 0.967773 0.106689
vt 0.927846 0.600914
vt 0.928467 0.605469
vt 0.926827 0.600303
vt 0.921387 0.596191
vt 0.924268 0.597964
vt 0.922661 0.596404
vt 0.922054 0.595858
vt 0.921539 0.595198
vt 0.920665 0.593805
vt 0.914307 0.589600
vt 0.916169 0.587737
vt 0.248909 0.949797
vt 0.249512 0.947998
vt 0.252464 0.949105
vt 0.258789 0.943115
vt 0.254011 0.948762
vt 0.967052 0.365831
vt 0.962158 0.361572
vt 0.967884 0.365049
vt 0.968018 0.361084
vt 0.968519 0.363465
vt 0.969576 0.360639
vt 0.970556 0.357023
vt 0.965576 0.358643
vt 0.971029 0.355589
vt 0.971004 0.355342
vt 0.967529 0.354248
vt 0.970464 0.354939
vt 0.969262 0.352900
vt 0.962158 0.352295
vt 0.969270 0.352524
vt 0.962646 0.350098
vt 0.969153 0.352341
vt 0.966367 0.348953
vt 0.966797 0.346680
vt 0.967021 0.346829
vt 0.966841 0.346259
vt 0.967323 0.346182
vt 0.962158 0.344482
vt 0.963907 0.343650
vt 0.964137 0.342091
vt 0.965820 0.335693
vt 0.965866 0.335729
vt 0.965985 0.335607
vt 0.965958 0.335674
vt 0.960938 0.333008
vt 0.967928 0.332845
vt 0.968018 0.327637
vt 0.969924 0.330496
vt 0.981133 0.105897
vt 0.984929 0.108570
vt 0.976074 0.109375
vt 0.980170 0.105597
vt 0.931615 0.602727
vt 0.933847 0.604089
vt 0.968018 0.115479
vt 0.976318 0.118408
vt 0.970459 0.118408
vt 0.965332 0.115479
vt 0.916992 0.608398
vt 0.910156 0.610596
vt 0.216064 0.506836
vt 0.225830 0.514648
vt 0.217285 0.519531
vt 0.224121 0.510254
vt 0.239746 0.509277
vt 0.815430 0.300293
vt 0.806152 0.296875
vt 0.807861 0.288574
vt 0.802734 0.292969
vt 0.801758 0.290283
vt 0.801025 0.302979
vt 0.798828 0.309814
vt 0.794434 0.311035
vt 0.794922 0.313965
vt 0.805420 0.309814
vt 0.803467 0.314697
vt 0.795410 0.316650
vt 0.787354 0.316406
vt 0.793945 0.321777
vt 0.801270 0.318115
vt 0.801758 0.331543
vt 0.795410 0.330566
vt 0.787842 0.330566
vt 0.803223 0.345215
vt 0.810303 0.343506
vt 0.978271 0.146484
vt 0.972412 0.146240
vt 0.975830 0.136719
vt 0.811279 0.358398
vt 0.801025 0.365479
vt 0.795654 0.352295
vt 0.783203 0.355713
vt 0.791504 0.366943
vt 0.787598 0.366455
vt 0.007813 0.022705
vt 0.011719 0.024658
vt 0.008301 0.025146
vt 0.015625 0.032715
vt 0.779541 0.371582
vt 0.020508 0.033936
vt 0.020996 0.041748
vt 0.027832 0.040771
vt 0.021729 0.046143
vt 0.030518 0.046143
vt 0.029785 0.032715
vt 0.253662 0.260010
vt 0.264160 0.258057
vt 0.261719 0.272705
vt 0.269531 0.269775
vt 0.283691 0.257080
vt 0.280762 0.252197
vt 0.939453 0.203125
vt 0.931641 0.197021
vt 0.940186 0.199463
vt 0.933105 0.185791
vt 0.935059 0.182861
vt 0.933838 0.178223
vt 0.940674 0.173096
vt 0.946289 0.179688
vt 0.947266 0.184814
vt 0.945801 0.168701
vt 0.940430 0.169189
vt 0.931396 0.159668
vt 0.936279 0.155273
vt 0.935303 0.147461
vt 0.929199 0.147461
vt 0.931396 0.142334
vt 0.928223 0.146484
vt 0.531006 0.025879
vt 0.526123 0.038574
vt 0.525391 0.026855
vt 0.588625 0.045119
vt 0.595703 0.040527
vt 0.592773 0.052002
vt 0.591539 0.050866
vt 0.587166 0.042914
vt 0.584096 0.040088
vt 0.588379 0.034424
vt 0.589355 0.032959
vt 0.288086 0.089355
vt 0.288330 0.083496
vt 0.294678 0.087891
vt 0.282715 0.083740
vt 0.680664 0.718262
vt 0.670166 0.715576
vt 0.686768 0.709717
vt 0.684326 0.716064
vt 0.938721 0.140381
vt 0.937256 0.140381
vt 0.688232 0.722168
vt 0.940674 0.131348
vt 0.277588 0.092529
vt 0.275879 0.096680
vt 0.282715 0.094971
vt 0.273438 0.104492
vt 0.583984 0.029297
vt 0.576172 0.032959
vt 0.573486 0.027100
vt 0.573346 0.027211
vt 0.575712 0.032990
vt 0.538137 0.038191
vt 0.536342 0.038756
vt 0.536133 0.029541
vt 0.541016 0.032715
vt 0.540956 0.036802
vt 0.541879 0.036300
vt 0.544860 0.034990
vt 0.540039 0.020996
vt 0.548171 0.032810
vt 0.552734 0.023193
vt 0.552822 0.029127
vt 0.560547 0.019531
vt 0.558326 0.025478
vt 0.267147 0.108308
vt 0.264587 0.107246
vt 0.270020 0.106201
vt 0.572025 0.025846
vt 0.571859 0.022159
vt 0.573486 0.024170
vt 0.269287 0.100342
vt 0.264160 0.098145
vt 0.262362 0.099943
vt 0.265219 0.103986
vt 0.258713 0.098874
vt 0.258545 0.091064
vt 0.260002 0.099080
vt 0.259521 0.086670
vt 0.268799 0.092773
vt 0.263184 0.083740
vt 0.266602 0.085938
vt 0.649170 0.701660
vt 0.646973 0.696777
vt 0.648926 0.692383
vt 0.649902 0.684814
vt 0.640137 0.694824
vt 0.641357 0.678955
vt 0.645508 0.678467
vt 0.648682 0.666748
vt 0.636230 0.671143
vt 0.635010 0.675537
vt 0.630371 0.678955
vt 0.630615 0.690186
vt 0.627441 0.689941
vt 0.627441 0.678223
vt 0.633301 0.673340
vt 0.620850 0.675293
vt 0.627686 0.666504
vt 0.616943 0.665283
vt 0.619873 0.668213
vt 0.617676 0.673828
vt 0.607666 0.674316
vt 0.609131 0.666748
vt 0.609375 0.659912
vt 0.614990 0.659180
vt 0.888672 0.642578
vt 0.898438 0.645264
vt 0.889404 0.649414
vt 0.881592 0.645264
vt 0.878662 0.642578
vt 0.880127 0.653564
vt 0.873291 0.647705
vt 0.863525 0.644043
vt 0.868896 0.635498
vt 0.850830 0.624512
vt 0.853760 0.639160
vt 0.839111 0.632568
vt 0.842773 0.626221
vt 0.781250 0.404785
vt 0.789063 0.399414
vt 0.788086 0.410400
vt 0.792969 0.407471
vt 0.797852 0.413818
vt 0.791016 0.419678
vt 0.794434 0.425781
vt 0.050781 0.553223
vt 0.057373 0.546875
vt 0.054932 0.552979
vt 0.056396 0.564453
vt 0.048340 0.565918
vt 0.043945 0.561523
vt 0.045410 0.554199
vt 0.046143 0.547119
vt 0.036865 0.548340
vt 0.041016 0.556885
vt 0.030518 0.556885
vt 0.031250 0.564941
vt 0.041504 0.566650
vt 0.050781 0.940430
vt 0.054932 0.941650
vt 0.051758 0.944580
vt 0.056885 0.944336
vt 0.056641 0.946777
vt 0.053467 0.947021
vt 0.054199 0.949707
vt 0.050781 0.949463
vt 0.051514 0.954590
vt 0.054443 0.955566
vt 0.051758 0.957520
vt 0.014648 0.862793
vt 0.014648 0.867188
vt 0.010742 0.867676
vt 0.045654 0.952881
vt 0.047607 0.956787
vt 0.023193 0.868164
vt 0.018555 0.871826
vt 0.042969 0.949219
vt 0.045166 0.942383
vt 0.047363 0.948975
vt 0.024902 0.572754
vt 0.019531 0.562012
vt 0.027344 0.559082
vt 0.017578 0.555176
vt 0.022705 0.549805
vt 0.027100 0.552979
vt 0.027100 0.548096
vt 0.034668 0.541748
vt 0.033691 0.539063
vt 0.043457 0.540771
vt 0.048584 0.542236
vt 0.052979 0.546143
vt 0.859619 0.608887
vt 0.859863 0.615234
vt 0.867676 0.605957
vt 0.859863 0.596191
vt 0.856689 0.594238
vt 0.068604 0.070557
vt 0.078857 0.079346
vt 0.063477 0.073730
vt 0.066650 0.081787
vt 0.860596 0.583496
vt 0.874268 0.599854
vt 0.870117 0.588623
vt 0.876953 0.591797
vt 0.878174 0.599365
vt 0.891602 0.600830
vt 0.894287 0.604736
vt 0.896729 0.599609
vt 0.638428 0.611816
vt 0.642822 0.616211
vt 0.644775 0.631348
vt 0.651611 0.613770
vt 0.652344 0.607666
vt 0.661621 0.608887
vt 0.657715 0.612793
vt 0.663574 0.616211
vt 0.667236 0.600098
vt 0.672607 0.620361
vt 0.676270 0.613525
vt 0.681396 0.617920
vt 0.682861 0.613525
vt 0.764893 0.968018
vt 0.765625 0.966309
vt 0.767334 0.970459
vt 0.767578 0.977539
vt 0.770020 0.975098
vt 0.771973 0.972900
vt 0.772217 0.974365
vt 0.772705 0.975830
vt 0.679199 0.603760
vt 0.673340 0.605469
vt 0.678955 0.600586
vt 0.778564 0.974365
vt 0.778564 0.972900
vt 0.675537 0.603027
vt 0.937988 0.077393
vt 0.939941 0.085938
vt 0.932617 0.081299
vt 0.939453 0.087891
vt 0.928955 0.088867
vt 0.933594 0.093750
vt 0.926514 0.095703
vt 0.774414 0.982666
vt 0.772217 0.979736
vt 0.775146 0.976563
vt 0.769531 0.984131
vt 0.763672 0.979736
vt 0.764160 0.972900
vt 0.758057 0.965576
vt 0.757568 0.960449
vt 0.229004 0.080811
vt 0.232910 0.070801
vt 0.234131 0.079590
vt 0.235107 0.074707
vt 0.241455 0.080811
vt 0.684326 0.631104
vt 0.691895 0.624268
vt 0.694336 0.634033
vt 0.693359 0.636719
vt 0.698486 0.640381
vt 0.700439 0.634277
vt 0.703613 0.634521
vt 0.713623 0.640869
vt 0.936768 0.639893
vt 0.926025 0.637939
vt 0.930664 0.631104
vt 0.929199 0.640869
vt 0.922607 0.641113
vt 0.916260 0.645020
vt 0.918213 0.636963
vt 0.906982 0.649902
vt 0.643311 0.526123
vt 0.637695 0.532959
vt 0.630615 0.531006
vt 0.629883 0.535889
vt 0.914551 0.634521
vt 0.054443 0.851074
vt 0.647461 0.533447
vt 0.632080 0.544189
vt 0.052979 0.843750
vt 0.644043 0.547607
vt 0.471191 0.916992
vt 0.480225 0.915039
vt 0.656738 0.541992
vt 0.643555 0.552246
vt 0.468750 0.916016
vt 0.465332 0.910156
vt 0.657715 0.547852
vt 0.640869 0.557129
vt 0.666504 0.541504
vt 0.677979 0.533691
vt 0.670410 0.535400
vt 0.658203 0.544434
vt 0.670410 0.532227
vt 0.679199 0.531006
vt 0.681396 0.528076
vt 0.681396 0.534424
vt 0.687256 0.538330
vt 0.683594 0.533447
vt 0.695557 0.538330
vt 0.695074 0.537340
vt 0.687440 0.528235
vt 0.695303 0.537616
vt 0.695407 0.537720
vt 0.696375 0.538821
vt 0.697222 0.539805
vt 0.134165 0.654061
vt 0.129150 0.657471
vt 0.134245 0.654956
vt 0.128174 0.664795
vt 0.125000 0.661865
vt 0.119141 0.665527
vt 0.104248 0.658203
vt 0.119873 0.667725
vt 0.106201 0.661133
vt 0.091553 0.653320
vt 0.885010 0.494873
vt 0.892334 0.503662
vt 0.882568 0.497559
vt 0.877441 0.492188
vt 0.878418 0.484863
vt 0.871094 0.484131
vt 0.867920 0.490967
vt 0.864258 0.479004
vt 0.868408 0.475098
vt 0.874512 0.472656
vt 0.879883 0.479980
vt 0.862305 0.475342
vt 0.855957 0.481445
vt 0.857910 0.476074
vt 0.227539 0.053955
vt 0.234863 0.052490
vt 0.232666 0.057129
vt 0.226563 0.059082
vt 0.232422 0.063477
vt 0.227783 0.062500
vt 0.222656 0.059814
vt 0.216064 0.067627
vt 0.221436 0.057373
vt 0.215332 0.063232
vt 0.206543 0.068115
vt 0.211426 0.072510
vt 0.220459 0.071533
vt 0.745850 0.971680
vt 0.749756 0.975830
vt 0.747070 0.978760
vt 0.752686 0.980713
vt 0.752441 0.984619
vt 0.751221 0.989014
vt 0.757813 0.988037
vt 0.225098 0.800293
vt 0.229736 0.806885
vt 0.225342 0.802734
vt 0.222900 0.799805
vt 0.225830 0.797119
vt 0.231445 0.800537
vt 0.230957 0.797852
vt 0.224609 0.792480
vt 0.219238 0.788330
vt 0.225830 0.786133
vt 0.221680 0.777588
vt 0.227051 0.779785
vt 0.232178 0.780762
vt 0.234619 0.789551
vt 0.229004 0.791992
vt 0.230957 0.794189
vt 0.244385 0.793457
vt 0.245361 0.804443
vt 0.252930 0.795898
vt 0.260742 0.796875
vt 0.253906 0.808594
vt 0.263428 0.799072
vt 0.260498 0.793945
vt 0.266113 0.797119
vt 0.261719 0.791504
vt 0.258057 0.791260
vt 0.241699 0.784668
vt 0.255615 0.780273
vt 0.251465 0.771484
vt 0.258545 0.778076
vt 0.253906 0.772461
vt 0.005628 0.448531
vt 0.000977 0.454346
vt 0.004883 0.436768
vt 0.006314 0.444280
vt 0.108269 0.947931
vt 0.110483 0.944957
vt 0.110107 0.949463
vt 0.109180 0.949816
vt 0.036080 0.466267
vt 0.036533 0.463109
vt 0.036621 0.467041
vt 0.022705 0.468506
vt 0.024316 0.463754
vt 0.009129 0.456829
vt 0.011521 0.458359
vt 0.005127 0.466064
vt 0.006411 0.452829
vt 0.005656 0.451434
vt 0.260010 0.785156
vt 0.014033 0.459264
vt 0.013428 0.463867
vt 0.013916 0.472900
vt 0.017822 0.463135
vt 0.268066 0.794922
vt 0.267090 0.789795
vt 0.814697 0.939941
vt 0.819336 0.927979
vt 0.819580 0.936523
vt 0.822266 0.927979
vt 0.268311 0.802002
vt 0.264160 0.801025
vt 0.260498 0.810547
vt 0.257568 0.807617
vt 0.253174 0.812256
vt 0.246094 0.814209
vt 0.245361 0.811523
vt 0.233154 0.809326
vt 0.236084 0.805420
vt 0.197510 0.071289
vt 0.197754 0.074707
vt 0.205566 0.063721
vt 0.196777 0.063965
vt 0.202881 0.058594
vt 0.212891 0.057373
vt 0.215820 0.051758
vt 0.217773 0.054932
vt 0.217773 0.050049
vt 0.212158 0.049316
vt 0.214844 0.047363
vt 0.211182 0.043945
vt 0.847412 0.583740
vt 0.836914 0.576172
vt 0.847656 0.577637
vt 0.845947 0.571045
vt 0.840332 0.568359
vt 0.225586 0.044678
vt 0.221191 0.045898
vt 0.222412 0.042480
vt 0.832520 0.566895
vt 0.842529 0.561279
vt 0.832764 0.558350
vt 0.228516 0.044434
vt 0.227783 0.040039
vt 0.829590 0.554199
vt 0.834717 0.550537
vt 0.833252 0.547363
vt 0.230225 0.043701
vt 0.229248 0.046143
vt 0.236816 0.042236
vt 0.826416 0.536377
vt 0.835938 0.533447
vt 0.821777 0.544189
vt 0.826660 0.529785
vt 0.832764 0.526855
vt 0.062744 0.916260
vt 0.062500 0.907471
vt 0.389648 0.817383
vt 0.391846 0.808350
vt 0.400146 0.820313
vt 0.397705 0.807373
vt 0.066650 0.910889
vt 0.067871 0.918701
vt 0.068359 0.928467
vt 0.054932 0.925781
vt 0.545210 0.826240
vt 0.544434 0.827637
vt 0.535645 0.826172
vt 0.545732 0.823540
vt 0.988926 0.964092
vt 0.984468 0.961692
vt 0.989258 0.944824
vt 0.092133 0.922557
vt 0.083496 0.925049
vt 0.084961 0.918945
vt 0.091986 0.920473
vt 0.572650 0.822831
vt 0.562583 0.819006
vt 0.572510 0.812744
vt 0.578125 0.815186
vt 0.574892 0.824297
vt 0.054818 0.926333
vt 0.051580 0.927630
vt 0.048309 0.928497
vt 0.048034 0.925818
vt 0.904489 0.545843
vt 0.904492 0.545847
vt 0.904727 0.545920
vt 0.259551 0.079020
vt 0.259718 0.078969
vt 0.259521 0.079346
vt 0.904650 0.546276
vt 0.904964 0.546953
vt 0.906995 0.551186
vt 0.791856 0.907406
vt 0.797852 0.907715
vt 0.793971 0.910930
vt 0.795755 0.914755
vt 0.804199 0.906738
vt 0.796231 0.916898
vt 0.225546 0.959712
vt 0.222102 0.962730
vt 0.222412 0.957764
vt 0.225686 0.957764
vt 0.907589 0.551929
vt 0.909191 0.555331
vt 0.907227 0.556641
vt 0.900635 0.559082
vt 0.900879 0.565674
vt 0.897461 0.563477
vt 0.895264 0.553223
vt 0.891357 0.546875
vt 0.891506 0.540389
vt 0.891127 0.540437
vt 0.889048 0.544986
vt 0.892822 0.555664
vt 0.888869 0.545199
vt 0.889893 0.558350
vt 0.888726 0.545287
vt 0.885881 0.546516
vt 0.883057 0.550293
vt 0.884097 0.546910
vt 0.882690 0.546258
vt 0.878388 0.542865
vt 0.880859 0.556396
vt 0.877822 0.542378
vt 0.856619 0.451012
vt 0.857895 0.449353
vt 0.861225 0.444558
vt 0.862147 0.442546
vt 0.864102 0.437893
vt 0.863570 0.548801
vt 0.861572 0.554932
vt 0.862834 0.548835
vt 0.870337 0.547273
vt 0.868652 0.557861
vt 0.870459 0.547242
vt 0.877930 0.556641
vt 0.881592 0.572510
vt 0.871582 0.576904
vt 0.885742 0.559814
vt 0.873291 0.546631
vt 0.870633 0.547074
vt 0.872722 0.544185
vt 0.876580 0.542976
vt 0.896729 0.569824
vt 0.897461 0.573242
vt 0.899658 0.569824
vt 0.907715 0.581055
vt 0.024414 0.655762
vt 0.027344 0.656250
vt 0.023193 0.661377
vt 0.019775 0.666260
vt 0.216553 0.982422
vt 0.221436 0.988037
vt 0.208252 0.985840
vt 0.213623 0.981445
vt 0.211182 0.981201
vt 0.211914 0.978760
vt 0.220215 0.973389
vt 0.214600 0.970459
vt 0.221025 0.969684
vt 0.219345 0.967295
vt 0.218506 0.958984
vt 0.220754 0.963320
vt 0.909424 0.563721
vt 0.905273 0.563477
vt 0.912109 0.573486
vt 0.916504 0.578857
vt 0.207031 0.976074
vt 0.200928 0.968750
vt 0.222647 0.971038
vt 0.227238 0.970703
vt 0.228214 0.970523
vt 0.228667 0.970582
vt 0.233643 0.982666
vt 0.228743 0.970504
vt 0.233887 0.977051
vt 0.236816 0.979980
vt 0.238037 0.972900
vt 0.278049 0.064125
vt 0.281738 0.069092
vt 0.276367 0.067139
vt 0.276090 0.065268
vt 0.281712 0.061877
vt 0.279103 0.063188
vt 0.283447 0.063721
vt 0.241943 0.979004
vt 0.237549 0.983643
vt 0.029053 0.646240
vt 0.028564 0.649414
vt 0.021484 0.647217
vt 0.020033 0.644480
vt 0.019907 0.645324
vt 0.009987 0.437171
vt 0.007488 0.438265
vt 0.102506 0.948773
vt 0.101294 0.949410
vt 0.101563 0.945313
vt 0.103432 0.948651
vt 0.104248 0.944824
vt 0.104631 0.948273
vt 0.106865 0.946787
vt 0.107432 0.942914
vt 0.106487 0.938797
vt 0.256505 0.764825
vt 0.255127 0.770508
vt 0.253906 0.768555
vt 0.255576 0.765344
vt 0.253419 0.766279
vt 0.254777 0.765726
vt 0.244385 0.768799
vt 0.252082 0.765591
vt 0.242676 0.760254
vt 0.249985 0.763654
vt 0.249011 0.761193
vt 0.244645 0.758105
vt 0.235352 0.757324
vt 0.244083 0.757324
vt 0.233887 0.754639
vt 0.243868 0.756975
vt 0.105212 0.923284
vt 0.103347 0.922811
vt 0.100586 0.916016
vt 0.104248 0.918945
vt 0.105516 0.923384
vt 0.109155 0.918291
vt 0.108699 0.916183
vt 0.838897 0.760756
vt 0.839243 0.757945
vt 0.842773 0.756104
vt 0.842041 0.763672
vt 0.838545 0.763513
vt 0.836426 0.777832
vt 0.836580 0.768737
vt 0.832031 0.775635
vt 0.832398 0.774671
vt 0.831938 0.775113
vt 0.831867 0.775525
vt 0.831854 0.775675
vt 0.831888 0.776292
vt 0.832349 0.780314
vt 0.839844 0.783936
vt 0.832356 0.781709
vt 0.833252 0.788574
vt 0.832731 0.787011
vt 0.832880 0.788718
vt 0.832821 0.789241
vt 0.838135 0.792480
vt 0.832354 0.792667
vt 0.832031 0.795654
vt 0.831927 0.795445
vt 0.831901 0.795672
vt 0.831897 0.795744
vt 0.835205 0.798096
vt 0.832037 0.798300
vt 0.832687 0.800731
vt 0.833252 0.809814
vt 0.831088 0.805487
vt 0.830223 0.808704
vt 0.829156 0.812253
vt 0.833984 0.817627
vt 0.828031 0.816701
vt 0.827830 0.819952
vt 0.833496 0.824219
vt 0.827255 0.822767
vt 0.827012 0.824377
vt 0.831543 0.826904
vt 0.826719 0.825443
vt 0.038054 0.504849
vt 0.041016 0.508545
vt 0.037003 0.505656
vt 0.035498 0.508141
vt 0.517520 0.820566
vt 0.519653 0.821997
vt 0.514404 0.822266
vt 0.511475 0.820068
vt 0.515939 0.819674
vt 0.842475 0.282521
vt 0.833008 0.284180
vt 0.839568 0.281064
vt 0.836608 0.279944
vt 0.822510 0.284912
vt 0.836188 0.279669
vt 0.970283 0.198947
vt 0.966955 0.192498
vt 0.976074 0.190674
vt 0.975586 0.195313
vt 0.970554 0.199376
vt 0.974609 0.201660
vt 0.972884 0.201268
vt 0.976012 0.204165
vt 0.982178 0.202148
vt 0.978645 0.206927
vt 0.979904 0.312052
vt 0.983914 0.311245
vt 0.977783 0.322021
vt 0.976318 0.313965
vt 0.978525 0.312034
vt 0.966689 0.210229
vt 0.970480 0.209877
vt 0.969238 0.211670
vt 0.962158 0.212891
vt 0.961191 0.211126
vt 0.403076 0.926440
vt 0.405011 0.929680
vt 0.403076 0.930420
vt 0.395508 0.930176
vt 0.402663 0.925790
vt 0.396484 0.926025
vt 0.402454 0.925583
vt 0.399805 0.923854
vt 0.395752 0.922607
vt 0.398429 0.922330
vt 0.397694 0.921227
vt 0.394043 0.920898
vt 0.396414 0.919845
vt 0.396368 0.918936
vt 0.392822 0.918213
vt 0.395100 0.917228
vt 0.394391 0.916561
vt 0.957821 0.157575
vt 0.959473 0.156006
vt 0.961914 0.156250
vt 0.958199 0.158479
vt 0.409318 0.949891
vt 0.410479 0.945380
vt 0.413574 0.949219
vt 0.412598 0.957031
vt 0.409162 0.950389
vt 0.405518 0.959229
vt 0.406608 0.956269
vt 0.405429 0.959038
vt 0.405362 0.959148
vt 0.405269 0.959374
vt 0.410645 0.960938
vt 0.404621 0.960938
vt 0.409424 0.968262
vt 0.403837 0.962276
vt 0.400606 0.968449
vt 0.410645 0.973389
vt 0.400162 0.969357
vt 0.019121 0.632949
vt 0.029053 0.636230
vt 0.019243 0.633982
vt 0.022217 0.640137
vt 0.019453 0.636406
vt 0.390869 0.972085
vt 0.394876 0.971049
vt 0.390869 0.974365
vt 0.389743 0.972727
vt 0.389302 0.974104
vt 0.019927 0.643131
vt 0.020040 0.641704
vt 0.028564 0.641846
vt 0.019982 0.644046
vt 0.031250 0.644043
vt 0.032959 0.648926
vt 0.031982 0.652100
vt 0.033203 0.652832
vt 0.028809 0.656738
vt 0.027832 0.655029
vt 0.029053 0.652588
vt 0.026611 0.652100
vt 0.025391 0.651123
vt 0.894287 0.576416
vt 0.897461 0.574951
vt 0.892334 0.581787
vt 0.894531 0.582275
vt 0.034668 0.652344
vt 0.035400 0.649170
vt 0.034912 0.645752
vt 0.114502 0.978760
vt 0.117676 0.987793
vt 0.114990 0.986084
vt 0.111084 0.977783
vt 0.108398 0.966553
vt 0.123291 0.949951
vt 0.162354 0.072998
vt 0.166504 0.080078
vt 0.169678 0.115723
vt 0.102783 0.967041
vt 0.085449 0.963379
vt 0.151367 0.067627
vt 0.128174 0.059570
vt 0.110352 0.981934
vt 0.095703 0.965820
vt 0.795410 0.818604
vt 0.810059 0.834229
vt 0.793457 0.843018
vt 0.043213 0.639893
vt 0.049805 0.632568
vt 0.062256 0.634033
vt 0.777344 0.808350
vt 0.770264 0.805176
vt 0.043701 0.632324
vt 0.048096 0.629639
vt 0.043213 0.627686
vt 0.037109 0.629639
vt 0.037354 0.614990
vt 0.239502 0.488037
vt 0.243408 0.492676
vt 0.236816 0.491699
vt 0.233643 0.480713
vt 0.229492 0.483154
vt 0.229004 0.478760
vt 0.229736 0.471436
vt 0.234863 0.473145
vt 0.234863 0.463135
vt 0.236084 0.479980
vt 0.225098 0.471680
vt 0.206787 0.480469
vt 0.204346 0.467529
vt 0.202637 0.467285
vt 0.202393 0.480957
vt 0.198975 0.471436
vt 0.202393 0.461914
vt 0.182129 0.469971
vt 0.184326 0.449951
vt 0.174805 0.461426
vt 0.180176 0.448975
vt 0.186035 0.443115
vt 0.179199 0.445068
vt 0.182617 0.435303
vt 0.193604 0.429443
vt 0.260010 0.737305
vt 0.250977 0.741699
vt 0.252686 0.737793
vt 0.262695 0.733398
vt 0.267578 0.732422
vt 0.262695 0.738037
vt 0.281738 0.734375
vt 0.277588 0.739746
vt 0.281738 0.737305
vt 0.751465 0.577881
vt 0.749268 0.582275
vt 0.749512 0.577881
vt 0.745850 0.572998
vt 0.753174 0.573486
vt 0.729475 0.557845
vt 0.729365 0.557927
vt 0.011730 0.374694
vt 0.016602 0.356689
vt 0.014516 0.366013
vt 0.028076 0.359863
vt 0.027588 0.342041
vt 0.037842 0.353027
vt 0.949807 0.453749
vt 0.967529 0.460449
vt 0.957031 0.462158
vt 0.950287 0.455587
vt 0.025543 0.316716
vt 0.015305 0.330413
vt 0.008545 0.330566
vt 0.949019 0.451166
vt 0.958252 0.440674
vt 0.958496 0.448975
vt 0.949015 0.452346
vt 0.970703 0.454590
vt 0.949476 0.453026
vt 0.047363 0.355225
vt 0.039551 0.360596
vt 0.031982 0.363525
vt 0.043945 0.367676
vt 0.289795 0.756836
vt 0.286133 0.752441
vt 0.284424 0.739746
vt 0.302002 0.751953
vt 0.020752 0.385010
vt 0.014576 0.373152
vt 0.015185 0.378460
vt 0.730060 0.557282
vt 0.735554 0.552918
vt 0.749756 0.555908
vt 0.757813 0.566162
vt 0.767090 0.552490
vt 0.765137 0.562744
vt 0.766113 0.564209
vt 0.769043 0.561768
vt 0.777344 0.560791
vt 0.780518 0.572510
vt 0.785400 0.564453
vt 0.782471 0.556152
vt 0.781250 0.550293
vt 0.791748 0.551758
vt 0.794434 0.541260
vt 0.776367 0.543701
vt 0.772217 0.544434
vt 0.778809 0.539795
vt 0.780273 0.540283
vt 0.785400 0.533691
vt 0.795166 0.536865
vt 0.804443 0.554199
vt 0.808105 0.555176
vt 0.800293 0.561279
vt 0.799072 0.560059
vt 0.793457 0.559082
vt 0.788818 0.555664
vt 0.788086 0.559326
vt 0.786377 0.568604
vt 0.672363 0.873779
vt 0.680420 0.881836
vt 0.783447 0.265869
vt 0.777832 0.268066
vt 0.778320 0.258057
vt 0.670166 0.867188
vt 0.665039 0.869385
vt 0.661865 0.854492
vt 0.647705 0.866943
vt 0.651367 0.852783
vt 0.646729 0.851074
vt 0.640137 0.867188
vt 0.635254 0.857178
vt 0.634521 0.853271
vt 0.627441 0.854492
vt 0.367188 0.272705
vt 0.369629 0.252197
vt 0.374023 0.262451
vt 0.371826 0.272705
vt 0.371338 0.293213
vt 0.359863 0.282227
vt 0.364864 0.298265
vt 0.370711 0.294885
vt 0.872927 0.070238
vt 0.873452 0.071424
vt 0.865479 0.074707
vt 0.855713 0.075439
vt 0.872848 0.069656
vt 0.873584 0.064218
vt 0.844727 0.074219
vt 0.873151 0.063587
vt 0.867691 0.061569
vt 0.872513 0.063079
vt 0.851807 0.067139
vt 0.851563 0.061768
vt 0.867487 0.060747
vt 0.353416 0.299195
vt 0.349235 0.299120
vt 0.349121 0.296387
vt 0.345703 0.283447
vt 0.354698 0.299189
vt 0.353271 0.281006
vt 0.355316 0.299176
vt 0.359945 0.299611
vt 0.361040 0.299290
vt 0.355469 0.266602
vt 0.358887 0.265137
vt 0.350830 0.245605
vt 0.363037 0.259277
vt 0.636475 0.845459
vt 0.627930 0.851563
vt 0.630859 0.843750
vt 0.632568 0.841553
vt 0.271240 0.941162
vt 0.270996 0.938965
vt 0.273682 0.938721
vt 0.273193 0.941650
vt 0.271625 0.945015
vt 0.272117 0.944880
vt 0.270826 0.945143
vt 0.266714 0.946093
vt 0.268555 0.942871
vt 0.266113 0.941406
vt 0.266586 0.946135
vt 0.266110 0.946318
vt 0.213171 0.370261
vt 0.213542 0.370322
vt 0.212158 0.373047
vt 0.210449 0.371094
vt 0.211240 0.369614
vt 0.210068 0.369103
vt 0.204346 0.371338
vt 0.204847 0.367964
vt 0.260484 0.947969
vt 0.262451 0.946533
vt 0.262290 0.947987
vt 0.262780 0.947783
vt 0.263278 0.947412
vt 0.260010 0.947021
vt 0.264893 0.938721
vt 0.647949 0.847900
vt 0.644775 0.844971
vt 0.260010 0.940430
vt 0.653320 0.845215
vt 0.255371 0.930908
vt 0.255986 0.948512
vt 0.200770 0.370856
vt 0.202637 0.380127
vt 0.199784 0.371378
vt 0.207031 0.377686
vt 0.205811 0.386963
vt 0.954102 0.363037
vt 0.960205 0.366211
vt 0.953857 0.367920
vt 0.011963 0.525635
vt 0.013184 0.521973
vt 0.019775 0.524414
vt 0.813477 0.072510
vt 0.819824 0.067627
vt 0.830322 0.069824
vt 0.829102 0.076904
vt 0.311035 0.654297
vt 0.309570 0.651123
vt 0.316162 0.643066
vt 0.822510 0.086914
vt 0.839844 0.072998
vt 0.840820 0.064941
vt 0.834229 0.068604
vt 0.839355 0.062988
vt 0.830811 0.066895
vt 0.212646 0.380859
vt 0.229004 0.399658
vt 0.218018 0.394287
vt 0.248779 0.401367
vt 0.241455 0.409180
vt 0.849365 0.058594
vt 0.861328 0.053711
vt 0.866766 0.058321
vt 0.866680 0.056158
vt 0.255411 0.420201
vt 0.257568 0.417969
vt 0.257579 0.418041
vt 0.257814 0.417767
vt 0.262695 0.411621
vt 0.262782 0.411592
vt 0.336677 0.311198
vt 0.343018 0.301758
vt 0.344362 0.303317
vt 0.345136 0.301921
vt 0.341064 0.297607
vt 0.334961 0.311523
vt 0.333496 0.305908
vt 0.334717 0.296875
vt 0.328125 0.274658
vt 0.340088 0.269775
vt 0.346191 0.264404
vt 0.336914 0.257813
vt 0.328418 0.257628
vt 0.328358 0.259835
vt 0.327290 0.268816
vt 0.325581 0.269672
vt 0.320801 0.274170
vt 0.321541 0.267211
vt 0.317911 0.273964
vt 0.316467 0.282837
vt 0.315666 0.288030
vt 0.249753 0.374516
vt 0.244141 0.376953
vt 0.247630 0.374477
vt 0.242396 0.373334
vt 0.229248 0.377930
vt 0.232954 0.371390
vt 0.319835 0.257144
vt 0.318013 0.255689
vt 0.318848 0.254639
vt 0.320536 0.255362
vt 0.319185 0.253963
vt 0.318573 0.253541
vt 0.318011 0.254701
vt 0.276411 0.944707
vt 0.282959 0.938721
vt 0.279563 0.943985
vt 0.329018 0.252764
vt 0.328594 0.248473
vt 0.343262 0.252686
vt 0.337891 0.242432
vt 0.221046 0.369060
vt 0.221886 0.369123
vt 0.221191 0.370605
vt 0.217041 0.375488
vt 0.201541 0.370063
vt 0.969344 0.367356
vt 0.969969 0.367928
vt 0.969727 0.369141
vt 0.222656 0.378662
vt 0.232666 0.384277
vt 0.234863 0.381348
vt 0.250732 0.397461
vt 0.262207 0.395508
vt 0.260986 0.381836
vt 0.263184 0.380615
vt 0.266113 0.391113
vt 0.262695 0.398682
vt 0.270508 0.393799
vt 0.265138 0.375491
vt 0.272521 0.367253
vt 0.275281 0.368416
vt 0.274414 0.375244
vt 0.264160 0.368408
vt 0.264977 0.366774
vt 0.262914 0.371611
vt 0.259609 0.366006
vt 0.265135 0.375476
vt 0.265145 0.375492
vt 0.273682 0.391846
vt 0.265138 0.375492
vt 0.268399 0.403892
vt 0.269823 0.402564
vt 0.329897 0.315716
vt 0.336140 0.311711
vt 0.328613 0.315918
vt 0.319640 0.308253
vt 0.319851 0.310772
vt 0.328929 0.318767
vt 0.318917 0.313815
vt 0.320611 0.312975
vt 0.328956 0.318582
vt 0.329161 0.317196
vt 0.328606 0.319158
vt 0.319705 0.324705
vt 0.319116 0.318007
vt 0.287606 0.380385
vt 0.277588 0.378174
vt 0.287555 0.380362
vt 0.280608 0.375637
vt 0.280273 0.370850
vt 0.280434 0.370953
vt 0.280201 0.370646
vt 0.280433 0.370709
vt 0.262516 0.373494
vt 0.265136 0.375491
vt 0.256438 0.372697
vt 0.255725 0.374744
vt 0.255250 0.375496
vt 0.247803 0.377441
vt 0.316536 0.304047
vt 0.318168 0.305417
vt 0.316217 0.302829
vt 0.274170 0.379883
vt 0.265140 0.375488
vt 0.282184 0.387764
vt 0.283808 0.387098
vt 0.300446 0.342702
vt 0.299652 0.343292
vt 0.299322 0.340861
vt 0.298714 0.344104
vt 0.298702 0.344115
vt 0.299312 0.340842
vt 0.286733 0.384889
vt 0.288882 0.382493
vt 0.285175 0.386279
vt 0.278062 0.392552
vt 0.319194 0.325024
vt 0.258301 0.404541
vt 0.250000 0.409912
vt 0.254150 0.408936
vt 0.256348 0.411621
vt 0.253906 0.415771
vt 0.250977 0.418213
vt 0.265137 0.375491
vt 0.230957 0.368408
vt 0.225586 0.370605
vt 0.230681 0.367881
vt 0.226919 0.366970
vt 0.231131 0.368002
vt 0.231257 0.368175
vt 0.225346 0.368051
vt 0.347412 0.246094
vt 0.628906 0.840820
vt 0.625000 0.835693
vt 0.827637 0.092041
vt 0.310547 0.657715
vt 0.306641 0.653320
vt 0.303223 0.661133
vt 0.319092 0.665527
vt 0.843994 0.082764
vt 0.841309 0.090088
vt 0.316650 0.669189
vt 0.853516 0.092041
vt 0.841553 0.100342
vt 0.851318 0.099854
vt 0.852783 0.104004
vt 0.853271 0.110596
vt 0.319336 0.685303
vt 0.309814 0.673584
vt 0.317383 0.691406
vt 0.860352 0.123291
vt 0.855225 0.116211
vt 0.855469 0.119629
vt 0.853760 0.119141
vt 0.315430 0.694336
vt 0.307617 0.678955
vt 0.308594 0.687500
vt 0.311523 0.700684
vt 0.309570 0.702637
vt 0.298584 0.693115
vt 0.300537 0.687012
vt 0.289551 0.682617
vt 0.284912 0.692871
vt 0.292236 0.709717
vt 0.281250 0.704590
vt 0.290771 0.717041
vt 0.276611 0.712646
vt 0.271240 0.707520
vt 0.277344 0.702393
vt 0.269775 0.704346
vt 0.270752 0.696777
vt 0.282227 0.690430
vt 0.283447 0.683594
vt 0.286621 0.680664
vt 0.287109 0.670410
vt 0.297119 0.681641
vt 0.300537 0.665039
vt 0.299805 0.656006
vt 0.303467 0.655762
vt 0.951660 0.353760
vt 0.953857 0.352783
vt 0.950928 0.356689
vt 0.954102 0.356689
vt 0.957275 0.359619
vt 0.952393 0.360596
vt 0.961182 0.358887
vt 0.959717 0.356445
vt 0.961914 0.355469
vt 0.966064 0.356201
vt 0.956299 0.349365
vt 0.959961 0.346436
vt 0.961670 0.341797
vt 0.958740 0.336670
vt 0.955566 0.333252
vt 0.955566 0.340576
vt 0.952637 0.335449
vt 0.952881 0.340332
vt 0.292236 0.015137
vt 0.294678 0.020020
vt 0.292969 0.019287
vt 0.301758 0.016846
vt 0.304199 0.008789
vt 0.175293 0.527344
vt 0.183105 0.538818
vt 0.176514 0.540039
vt 0.286133 0.669678
vt 0.279785 0.680908
vt 0.285889 0.667969
vt 0.291260 0.655273
vt 0.292725 0.655273
vt 0.951172 0.350830
vt 0.953369 0.349854
vt 0.950928 0.351807
vt 0.293945 0.005615
vt 0.297119 0.004883
vt 0.184814 0.527344
vt 0.182373 0.523193
vt 0.274902 0.683838
vt 0.184814 0.518555
vt 0.271973 0.682373
vt 0.266113 0.694824
vt 0.268555 0.682861
vt 0.187988 0.514404
vt 0.187744 0.522217
vt 0.191162 0.519531
vt 0.189941 0.528076
vt 0.202393 0.532959
vt 0.300781 0.027344
vt 0.300293 0.023926
vt 0.306641 0.026611
vt 0.184814 0.541260
vt 0.297852 0.026611
vt 0.295410 0.022705
vt 0.291260 0.027832
vt 0.286133 0.028076
vt 0.957275 0.327393
vt 0.951904 0.333740
vt 0.291992 0.035400
vt 0.985840 0.129883
vt 0.980713 0.121582
vt 0.989746 0.129150
vt 0.961426 0.327881
vt 0.989258 0.124268
vt 0.991455 0.126709
vt 0.994141 0.127686
vt 0.990479 0.118896
vt 0.723877 0.893946
vt 0.722900 0.896484
vt 0.714111 0.888672
vt 0.719687 0.889399
vt 0.986509 0.109690
vt 0.989019 0.111658
vt 0.985596 0.113525
vt 0.980713 0.115723
vt 0.986036 0.109335
vt 0.985107 0.117920
vt 0.982178 0.118408
vt 0.294678 0.039551
vt 0.295898 0.037109
vt 0.993998 0.115377
vt 0.993337 0.114816
vt 0.718951 0.888012
vt 0.724244 0.894544
vt 0.724875 0.895867
vt 0.296143 0.033936
vt 0.298340 0.032959
vt 0.301514 0.033936
vt 0.302246 0.038086
vt 0.305664 0.033936
vt 0.204346 0.516357
vt 0.213623 0.519287
vt 0.208008 0.520508
vt 0.207520 0.510498
vt 0.216064 0.517578
vt 0.302002 0.038818
vt 0.299316 0.042725
vt 0.305908 0.046387
vt 0.206299 0.502197
vt 0.198242 0.498779
vt 0.188232 0.501221
vt 0.186768 0.488525
vt 0.196289 0.487549
vt 0.200195 0.493652
vt 0.205811 0.484375
vt 0.185791 0.474121
vt 0.181885 0.483887
vt 0.181885 0.476318
vt 0.187012 0.471680
vt 0.265137 0.714844
vt 0.257324 0.718018
vt 0.262207 0.714600
vt 0.266357 0.720215
vt 0.274170 0.712891
vt 0.273193 0.718506
vt 0.282471 0.717285
vt 0.264648 0.729492
vt 0.260986 0.729492
vt 0.179688 0.489746
vt 0.210938 0.495605
vt 0.213135 0.487793
vt 0.219238 0.481445
vt 0.220703 0.490234
vt 0.218262 0.499756
vt 0.232910 0.491455
vt 0.230469 0.498291
vt 0.221191 0.505371
vt 0.233887 0.504150
vt 0.239502 0.506348
vt 0.816162 0.302979
vt 0.808838 0.302246
vt 0.805420 0.300781
vt 0.812500 0.308594
vt 0.244629 0.508057
vt 0.241699 0.499023
vt 0.426514 0.969971
vt 0.429688 0.967773
vt 0.432861 0.972656
vt 0.431152 0.973877
vt 0.028320 0.618652
vt 0.024902 0.611572
vt 0.031006 0.611572
vt 0.033691 0.614502
vt 0.027588 0.630127
vt 0.031494 0.640625
vt 0.417236 0.967773
vt 0.417969 0.963379
vt 0.426758 0.965332
vt 0.423584 0.960449
vt 0.428467 0.961670
vt 0.808594 0.315918
vt 0.813965 0.311035
vt 0.807373 0.325928
vt 0.424805 0.957275
vt 0.415527 0.958740
vt 0.420410 0.951904
vt 0.969971 0.149902
vt 0.977051 0.156738
vt 0.969482 0.146729
vt 0.964844 0.152100
vt 0.966797 0.153564
vt 0.963135 0.150391
vt 0.958008 0.155029
vt 0.968018 0.143311
vt 0.389648 0.925293
vt 0.390625 0.927734
vt 0.385498 0.932617
vt 0.390381 0.931885
vt 0.389160 0.935547
vt 0.964844 0.140381
vt 0.967285 0.136230
vt 0.970703 0.135742
vt 0.972412 0.138184
vt 0.972900 0.130615
vt 0.970947 0.127197
vt 0.845215 0.791016
vt 0.843750 0.795166
vt 0.968506 0.128418
vt 0.845947 0.799805
vt 0.837402 0.802734
vt 0.845947 0.802490
vt 0.840332 0.812012
vt 0.990234 0.156250
vt 0.986328 0.149414
vt 0.991211 0.149170
vt 0.838623 0.819824
vt 0.844238 0.817139
vt 0.183105 0.937500
vt 0.188721 0.933350
vt 0.185303 0.943359
vt 0.197754 0.940186
vt 0.835449 0.828125
vt 0.845215 0.828613
vt 0.841797 0.834229
vt 0.836182 0.835205
vt 0.841797 0.836426
vt 0.843750 0.841064
vt 0.840576 0.844238
vt 0.039307 0.505127
vt 0.047852 0.510986
vt 0.051270 0.517578
vt 0.521240 0.822510
vt 0.513672 0.829590
vt 0.510254 0.824951
vt 0.507324 0.823486
vt 0.500244 0.826416
vt 0.500488 0.822754
vt 0.503906 0.818359
vt 0.495361 0.818115
vt 0.503174 0.815186
vt 0.492920 0.813721
vt 0.742188 0.927979
vt 0.744141 0.922119
vt 0.748535 0.925781
vt 0.980126 0.864061
vt 0.978516 0.860840
vt 0.983887 0.860107
vt 0.980297 0.864175
vt 0.488672 0.823619
vt 0.488625 0.823309
vt 0.489258 0.823242
vt 0.491943 0.826416
vt 0.488729 0.826828
vt 0.877827 0.271145
vt 0.874512 0.272461
vt 0.874753 0.271657
vt 0.874227 0.271913
vt 0.873883 0.272222
vt 0.873535 0.284424
vt 0.870963 0.275801
vt 0.739709 0.928985
vt 0.741211 0.930908
vt 0.739831 0.930957
vt 0.744629 0.937012
vt 0.737864 0.933146
vt 0.736087 0.939273
vt 0.736571 0.935873
vt 0.739258 0.941650
vt 0.735486 0.940985
vt 0.737793 0.945313
vt 0.735376 0.941357
vt 0.734588 0.945313
vt 0.310074 0.920718
vt 0.312674 0.925079
vt 0.309326 0.927002
vt 0.306396 0.924561
vt 0.308333 0.920915
vt 0.972613 0.871236
vt 0.966064 0.864746
vt 0.973146 0.868922
vt 0.967285 0.872803
vt 0.964844 0.873047
vt 0.964355 0.866943
vt 0.962646 0.863037
vt 0.743164 0.943115
vt 0.958252 0.864502
vt 0.958984 0.867676
vt 0.961426 0.869629
vt 0.948975 0.871582
vt 0.956055 0.873047
vt 0.958496 0.875977
vt 0.947510 0.876953
vt 0.480225 0.012207
vt 0.477783 0.004639
vt 0.484131 0.013428
vt 0.481689 0.020264
vt 0.486328 0.016357
vt 0.311035 0.017334
vt 0.317383 0.020020
vt 0.314697 0.021240
vt 0.315186 0.024902
vt 0.321777 0.023682
vt 0.320068 0.028320
vt 0.312256 0.028076
vt 0.471924 0.018555
vt 0.475098 0.021240
vt 0.470947 0.011963
vt 0.471191 0.001953
vt 0.948975 0.864258
vt 0.951660 0.866699
vt 0.950684 0.860352
vt 0.466064 0.015625
vt 0.467285 0.000977
vt 0.459717 0.014648
vt 0.461670 0.002930
vt 0.303467 0.931641
vt 0.303467 0.940674
vt 0.300293 0.939453
vt 0.300293 0.932129
vt 0.303942 0.923323
vt 0.303849 0.923357
vt 0.970539 0.874249
vt 0.970006 0.875419
vt 0.966394 0.879043
vt 0.966032 0.879362
vt 0.963867 0.877197
vt 0.962958 0.884245
vt 0.962721 0.884638
vt 0.957031 0.880371
vt 0.948730 0.880127
vt 0.304193 0.923239
vt 0.305176 0.932617
vt 0.296875 0.942383
vt 0.456055 0.011230
vt 0.456543 0.002930
vt 0.314941 0.013916
vt 0.317383 0.016846
vt 0.319824 0.016113
vt 0.327637 0.017334
vt 0.324463 0.020508
vt 0.326572 0.021386
vt 0.327425 0.021152
vt 0.334473 0.017578
vt 0.328928 0.020828
vt 0.335205 0.021240
vt 0.333475 0.021348
vt 0.335693 0.023438
vt 0.329561 0.022175
vt 0.328125 0.026367
vt 0.327599 0.023036
vt 0.331543 0.027588
vt 0.339844 0.028076
vt 0.343506 0.023926
vt 0.347656 0.025635
vt 0.349365 0.020264
vt 0.349121 0.027588
vt 0.344727 0.029053
vt 0.346924 0.031494
vt 0.354736 0.029297
vt 0.352783 0.032715
vt 0.341553 0.035156
vt 0.023682 0.816895
vt 0.026367 0.821045
vt 0.014893 0.814453
vt 0.345215 0.015869
vt 0.339355 0.014160
vt 0.348389 0.012695
vt 0.351610 0.015070
vt 0.351516 0.013622
vt 0.350745 0.011871
vt 0.350964 0.012361
vt 0.356030 0.032199
vt 0.355434 0.032950
vt 0.357633 0.029886
vt 0.358732 0.025300
vt 0.352539 0.022705
vt 0.358738 0.024919
vt 0.356710 0.019861
vt 0.356033 0.019311
vt 0.351807 0.017578
vt 0.355023 0.018350
vt 0.353040 0.016440
vt 0.343018 0.019043
vt 0.358396 0.026022
vt 0.357869 0.029297
vt 0.331787 0.014893
vt 0.031738 0.821289
vt 0.029053 0.817871
vt 0.033203 0.818359
vt 0.030273 0.823730
vt 0.037354 0.822998
vt 0.037354 0.820557
vt 0.319580 0.012695
vt 0.321289 0.010986
vt 0.327148 0.011719
vt 0.314209 0.011719
vt 0.018555 0.917480
vt 0.019287 0.914551
vt 0.017822 0.925049
vt 0.017090 0.923828
vt 0.016357 0.923096
vt 0.327148 0.030273
vt 0.325195 0.033691
vt 0.328857 0.032471
vt 0.014648 0.929443
vt 0.014893 0.916016
vt 0.015381 0.906738
vt 0.024902 0.911865
vt 0.024658 0.902344
vt 0.015137 0.898682
vt 0.017090 0.895020
vt 0.011230 0.889404
vt 0.017334 0.890869
vt 0.015381 0.886475
vt 0.010742 0.882813
vt 0.005371 0.889648
vt 0.821777 0.714111
vt 0.817139 0.725342
vt 0.812500 0.716553
vt 0.813965 0.709717
vt 0.875244 0.746582
vt 0.865479 0.744141
vt 0.877197 0.738525
vt 0.869629 0.735107
vt 0.878662 0.730225
vt 0.814209 0.702637
vt 0.820557 0.703125
vt 0.819092 0.694824
vt 0.813232 0.695557
vt 0.176025 0.810303
vt 0.184814 0.820068
vt 0.173340 0.816650
vt 0.177734 0.821777
vt 0.820313 0.687988
vt 0.827393 0.685303
vt 0.834229 0.684326
vt 0.827881 0.678223
vt 0.837158 0.675537
vt 0.744141 0.783447
vt 0.750488 0.774414
vt 0.752197 0.778320
vt 0.835938 0.668701
vt 0.833008 0.670654
vt 0.750244 0.770508
vt 0.759521 0.774902
vt 0.741699 0.775879
vt 0.742188 0.772461
vt 0.735352 0.772949
vt 0.731445 0.781982
vt 0.168701 0.841797
vt 0.165039 0.847656
vt 0.155273 0.848145
vt 0.735107 0.787598
vt 0.181885 0.838867
vt 0.174072 0.831299
vt 0.180908 0.834473
vt 0.192383 0.833740
vt 0.191406 0.840576
vt 0.181396 0.843018
vt 0.174561 0.843994
vt 0.174561 0.842285
vt 0.168213 0.846191
vt 0.174805 0.846436
vt 0.167480 0.852051
vt 0.911133 0.810303
vt 0.905518 0.812500
vt 0.907471 0.809082
vt 0.727051 0.784912
vt 0.718750 0.771973
vt 0.730225 0.765381
vt 0.725586 0.762939
vt 0.732422 0.756104
vt 0.742920 0.753662
vt 0.735840 0.751709
vt 0.740967 0.747803
vt 0.753418 0.754150
vt 0.749023 0.749756
vt 0.748779 0.741699
vt 0.753662 0.742432
vt 0.753418 0.736084
vt 0.745361 0.736572
vt 0.748535 0.733398
vt 0.746582 0.728516
vt 0.752197 0.720459
vt 0.755859 0.732910
vt 0.759766 0.724121
vt 0.760010 0.714844
vt 0.756104 0.712402
vt 0.755127 0.708740
vt 0.751709 0.706055
vt 0.746338 0.708008
vt 0.747803 0.698730
vt 0.739014 0.707520
vt 0.745117 0.697021
vt 0.737793 0.704834
vt 0.735840 0.710693
vt 0.735596 0.720947
vt 0.730469 0.714355
vt 0.730469 0.720215
vt 0.724854 0.717773
vt 0.717041 0.709717
vt 0.488281 0.425049
vt 0.487793 0.427979
vt 0.485840 0.425537
vt 0.728027 0.708984
vt 0.731445 0.706543
vt 0.489014 0.434326
vt 0.485840 0.428467
vt 0.733643 0.703125
vt 0.729980 0.697998
vt 0.486816 0.438477
vt 0.485352 0.430420
vt 0.742188 0.692139
vt 0.739990 0.691650
vt 0.487711 0.442300
vt 0.484863 0.439453
vt 0.487766 0.442274
vt 0.753522 0.685125
vt 0.748535 0.689209
vt 0.751326 0.683463
vt 0.486555 0.444143
vt 0.485284 0.446399
vt 0.483643 0.443115
vt 0.487162 0.443475
vt 0.754883 0.692383
vt 0.750732 0.697021
vt 0.762207 0.700684
vt 0.762207 0.691895
vt 0.765625 0.700195
vt 0.765625 0.702637
vt 0.762207 0.705078
vt 0.766357 0.711426
vt 0.766357 0.717285
vt 0.774658 0.714600
vt 0.767578 0.723145
vt 0.760742 0.733887
vt 0.765137 0.733643
vt 0.758301 0.738037
vt 0.762695 0.745117
vt 0.757324 0.744141
vt 0.758545 0.750977
vt 0.761475 0.756836
vt 0.757813 0.760742
vt 0.751709 0.758545
vt 0.744385 0.763672
vt 0.746094 0.767578
vt 0.740723 0.761475
vt 0.744141 0.758057
vt 0.738770 0.768066
vt 0.755615 0.769531
vt 0.769043 0.764648
vt 0.770264 0.779541
vt 0.761475 0.779053
vt 0.834961 0.664795
vt 0.839844 0.668945
vt 0.838135 0.660400
vt 0.844971 0.667236
vt 0.845215 0.656982
vt 0.773926 0.772705
vt 0.775391 0.779541
vt 0.783447 0.785645
vt 0.198975 0.163818
vt 0.202148 0.165039
vt 0.196045 0.170898
vt 0.850098 0.648438
vt 0.851563 0.655029
vt 0.849121 0.661377
vt 0.860840 0.656494
vt 0.858398 0.666016
vt 0.853516 0.669922
vt 0.849365 0.679199
vt 0.841797 0.675537
vt 0.844971 0.692139
vt 0.837402 0.697754
vt 0.830322 0.705322
vt 0.825439 0.724365
vt 0.836914 0.710449
vt 0.828613 0.727539
vt 0.041748 0.843994
vt 0.052002 0.832764
vt 0.044678 0.845703
vt 0.007080 0.876221
vt 0.021240 0.879395
vt 0.043457 0.832764
vt 0.052002 0.826172
vt 0.058594 0.827881
vt 0.032715 0.879395
vt 0.031982 0.886963
vt 0.023682 0.887695
vt 0.024902 0.894043
vt 0.034424 0.894775
vt 0.033447 0.898438
vt 0.321045 0.890381
vt 0.321533 0.883545
vt 0.324219 0.890381
vt 0.329346 0.890137
vt 0.031738 0.903809
vt 0.326416 0.883789
vt 0.334473 0.886230
vt 0.032715 0.910400
vt 0.025391 0.915039
vt 0.032715 0.913818
vt 0.048096 0.816162
vt 0.049072 0.822510
vt 0.041016 0.819824
vt 0.042236 0.827881
vt 0.036865 0.826172
vt 0.038086 0.831787
vt 0.035400 0.827881
vt 0.336182 0.031006
vt 0.331787 0.034668
vt 0.337158 0.033691
vt 0.033447 0.831299
vt 0.034424 0.836426
vt 0.029541 0.837891
vt 0.007813 0.908447
vt 0.012207 0.913086
vt 0.010498 0.900146
vt 0.007080 0.902344
vt 0.857178 0.749023
vt 0.861816 0.752441
vt 0.860107 0.743408
vt 0.863037 0.734863
vt 0.851563 0.739502
vt 0.848633 0.740234
vt 0.847019 0.736662
vt 0.846413 0.736905
vt 0.844934 0.736892
vt 0.834473 0.732178
vt 0.844747 0.735528
vt 0.842041 0.731934
vt 0.844411 0.734462
vt 0.862311 0.726717
vt 0.859758 0.729566
vt 0.855141 0.733015
vt 0.866455 0.728271
vt 0.874023 0.726318
vt 0.868652 0.723389
vt 0.877686 0.717285
vt 0.872314 0.715088
vt 0.880615 0.708252
vt 0.185791 0.805664
vt 0.190674 0.818848
vt 0.179199 0.807861
vt 0.189941 0.827148
vt 0.199951 0.825928
vt 0.199463 0.836182
vt 0.206787 0.833008
vt 0.209717 0.840088
vt 0.198242 0.843750
vt 0.189209 0.844971
vt 0.191895 0.848633
vt 0.920410 0.822998
vt 0.909912 0.824463
vt 0.918213 0.816650
vt 0.912354 0.815674
vt 0.902100 0.821533
vt 0.900635 0.814941
vt 0.904541 0.802979
vt 0.896484 0.806396
vt 0.986084 0.993408
vt 0.975586 0.999512
vt 0.981445 0.989502
vt 0.991211 0.989990
vt 0.988770 0.985107
vt 0.992676 0.990479
vt 0.502686 0.975586
vt 0.499023 0.980713
vt 0.501709 0.975098
vt 0.985352 0.999756
vt 0.992432 0.999512
vt 0.883301 0.853027
vt 0.878662 0.855957
vt 0.872070 0.852539
vt 0.879395 0.843506
vt 0.889893 0.846924
vt 0.895264 0.859619
vt 0.899902 0.849609
vt 0.902344 0.858398
vt 0.911865 0.859375
vt 0.908203 0.865723
vt 0.920654 0.869385
vt 0.917725 0.873047
vt 0.566650 0.303955
vt 0.559814 0.303223
vt 0.572266 0.295410
vt 0.565430 0.295654
vt 0.914063 0.874756
vt 0.915283 0.871338
vt 0.560547 0.298584
vt 0.565674 0.290771
vt 0.559570 0.296387
vt 0.556152 0.296875
vt 0.563477 0.289551
vt 0.902588 0.867432
vt 0.908691 0.881592
vt 0.897705 0.869385
vt 0.897217 0.863770
vt 0.894287 0.864014
vt 0.882324 0.866699
vt 0.706299 0.766357
vt 0.715576 0.776855
vt 0.711426 0.758789
vt 0.720459 0.758545
vt 0.707031 0.754150
vt 0.717773 0.752686
vt 0.716797 0.747803
vt 0.725098 0.746582
vt 0.730225 0.748535
vt 0.720459 0.755127
vt 0.727783 0.742676
vt 0.735596 0.739502
vt 0.735107 0.746094
vt 0.741943 0.741943
vt 0.740723 0.736328
vt 0.741699 0.732178
vt 0.739990 0.727783
vt 0.742188 0.720459
vt 0.747803 0.719971
vt 0.745850 0.713867
vt 0.742676 0.712158
vt 0.734375 0.728760
vt 0.728516 0.728760
vt 0.730957 0.736328
vt 0.726074 0.733887
vt 0.720703 0.735107
vt 0.723877 0.729736
vt 0.718750 0.728516
vt 0.717773 0.719727
vt 0.716309 0.719727
vt 0.490234 0.433350
vt 0.488281 0.422119
vt 0.504883 0.303467
vt 0.500488 0.300537
vt 0.500732 0.291748
vt 0.488770 0.423828
vt 0.491211 0.430664
vt 0.490723 0.434326
vt 0.493652 0.434082
vt 0.493367 0.438598
vt 0.493801 0.437361
vt 0.490529 0.440430
vt 0.488665 0.441557
vt 0.491329 0.439780
vt 0.494919 0.434926
vt 0.494543 0.431633
vt 0.490723 0.425781
vt 0.494466 0.428028
vt 0.492188 0.424072
vt 0.494610 0.427360
vt 0.494806 0.424236
vt 0.492188 0.420654
vt 0.494807 0.423110
vt 0.535340 0.404377
vt 0.535889 0.395264
vt 0.538268 0.401641
vt 0.542055 0.400161
vt 0.538330 0.385254
vt 0.543060 0.398655
vt 0.545898 0.395020
vt 0.545761 0.395571
vt 0.774009 0.698261
vt 0.773721 0.695733
vt 0.773606 0.693705
vt 0.762896 0.690910
vt 0.761171 0.690150
vt 0.546058 0.395281
vt 0.545958 0.395279
vt 0.551758 0.390625
vt 0.551449 0.398970
vt 0.554443 0.391846
vt 0.552549 0.398986
vt 0.776203 0.701501
vt 0.773193 0.707520
vt 0.556020 0.401017
vt 0.777344 0.714355
vt 0.771240 0.725098
vt 0.776611 0.730713
vt 0.770996 0.731201
vt 0.766602 0.740967
vt 0.779297 0.741699
vt 0.780762 0.747803
vt 0.770996 0.756348
vt 0.777100 0.761963
vt 0.782471 0.770752
vt 0.779053 0.772949
vt 0.559326 0.336182
vt 0.572021 0.329834
vt 0.562988 0.337891
vt 0.581543 0.329346
vt 0.582136 0.324799
vt 0.581001 0.324489
vt 0.200174 0.159476
vt 0.203869 0.162347
vt 0.204721 0.166891
vt 0.205340 0.173611
vt 0.226549 0.821854
vt 0.221680 0.814209
vt 0.227278 0.819029
vt 0.217665 0.180591
vt 0.215332 0.187744
vt 0.208984 0.181641
vt 0.212738 0.179718
vt 0.210582 0.178865
vt 0.205811 0.179688
vt 0.208915 0.177262
vt 0.206811 0.175485
vt 0.202637 0.177490
vt 0.864014 0.667725
vt 0.866699 0.658691
vt 0.867920 0.666992
vt 0.868153 0.675760
vt 0.868163 0.675760
vt 0.875488 0.674072
vt 0.868257 0.675760
vt 0.875946 0.676816
vt 0.214380 0.802713
vt 0.216553 0.804199
vt 0.210693 0.813477
vt 0.211668 0.803538
vt 0.847313 0.702744
vt 0.848337 0.698613
vt 0.850169 0.693871
vt 0.851807 0.688721
vt 0.852189 0.689659
vt 0.853596 0.687634
vt 0.852797 0.688996
vt 0.856793 0.683499
vt 0.860352 0.676758
vt 0.859563 0.680362
vt 0.868084 0.675791
vt 0.862028 0.678944
vt 0.842773 0.700928
vt 0.847288 0.705198
vt 0.844763 0.710878
vt 0.844164 0.712795
vt 0.843806 0.715090
vt 0.837646 0.723633
vt 0.843707 0.720357
vt 0.843955 0.725497
vt 0.843690 0.730601
vt 0.864653 0.723797
vt 0.866177 0.721857
vt 0.866945 0.721682
vt 0.871073 0.715635
vt 0.871378 0.714559
vt 0.871838 0.714463
vt 0.875666 0.708945
vt 0.877033 0.705529
vt 0.879931 0.698446
vt 0.194040 0.805487
vt 0.193545 0.805208
vt 0.194215 0.805520
vt 0.192871 0.812500
vt 0.198730 0.818115
vt 0.218018 0.822021
vt 0.208740 0.827881
vt 0.220703 0.830811
vt 0.216309 0.838379
vt 0.224609 0.838135
vt 0.227531 0.837029
vt 0.226616 0.832596
vt 0.230477 0.845900
vt 0.227831 0.839005
vt 0.228271 0.849609
vt 0.220947 0.846191
vt 0.214355 0.845947
vt 0.204834 0.849365
vt 0.980225 0.691162
vt 0.980225 0.679199
vt 0.988770 0.691162
vt 0.949951 0.638916
vt 0.949951 0.645264
vt 0.942383 0.635498
vt 0.948486 0.629395
vt 0.944580 0.626221
vt 0.947998 0.623779
vt 0.956543 0.624023
vt 0.946533 0.618164
vt 0.956299 0.616699
vt 0.950928 0.614258
vt 0.943359 0.616211
vt 0.949707 0.607178
vt 0.956299 0.609131
vt 0.952881 0.599365
vt 0.921143 0.198975
vt 0.923584 0.196777
vt 0.930420 0.196533
vt 0.917969 0.190918
vt 0.923828 0.179688
vt 0.917969 0.180664
vt 0.915527 0.191406
vt 0.941895 0.611084
vt 0.933105 0.614746
vt 0.932129 0.610596
vt 0.924072 0.610352
vt 0.908936 0.170410
vt 0.918701 0.169678
vt 0.915039 0.162354
vt 0.920410 0.162109
vt 0.924561 0.167969
vt 0.925537 0.153320
vt 0.919434 0.158447
vt 0.918701 0.155518
vt 0.534424 0.021973
vt 0.533924 0.038948
vt 0.526748 0.039315
vt 0.526526 0.039266
vt 0.592264 0.052420
vt 0.592272 0.052242
vt 0.580839 0.038560
vt 0.578986 0.037037
vt 0.581299 0.037598
vt 0.906738 0.161133
vt 0.904297 0.158936
vt 0.907227 0.165283
vt 0.902832 0.161865
vt 0.975830 0.658203
vt 0.968018 0.651123
vt 0.975342 0.651123
vt 0.982666 0.653564
vt 0.964844 0.655762
vt 0.978271 0.662109
vt 0.986084 0.658691
vt 0.988281 0.664063
vt 0.976074 0.668945
vt 0.964844 0.661133
vt 0.965332 0.664551
vt 0.963135 0.670898
vt 0.960454 0.666754
vt 0.960762 0.669604
vt 0.960616 0.665215
vt 0.961759 0.661295
vt 0.962157 0.659413
vt 0.962475 0.656001
vt 0.962548 0.654996
vt 0.563608 0.019531
vt 0.560726 0.023559
vt 0.229861 0.110941
vt 0.229286 0.111263
vt 0.229004 0.110840
vt 0.238281 0.100342
vt 0.237844 0.105485
vt 0.242217 0.103333
vt 0.245117 0.093750
vt 0.244580 0.101988
vt 0.249524 0.101716
vt 0.249512 0.097412
vt 0.250290 0.100525
vt 0.255641 0.100094
vt 0.247803 0.090088
vt 0.256737 0.100168
vt 0.253662 0.090576
vt 0.246826 0.087402
vt 0.240479 0.085693
vt 0.620361 0.685791
vt 0.622314 0.692627
vt 0.617920 0.686279
vt 0.622803 0.680664
vt 0.610596 0.683594
vt 0.608887 0.679932
vt 0.596924 0.690918
vt 0.225586 0.094727
vt 0.217285 0.093994
vt 0.223389 0.086426
vt 0.599121 0.679443
vt 0.586182 0.689941
vt 0.210205 0.091064
vt 0.211182 0.083496
vt 0.206787 0.098389
vt 0.200684 0.094971
vt 0.201660 0.083984
vt 0.386963 0.726318
vt 0.376465 0.705566
vt 0.389404 0.709961
vt 0.392822 0.718262
vt 0.394531 0.725098
vt 0.404297 0.727783
vt 0.399170 0.739990
vt 0.385742 0.733643
vt 0.407227 0.732666
vt 0.408691 0.740479
vt 0.409424 0.748535
vt 0.397217 0.749756
vt 0.394287 0.743164
vt 0.399902 0.755859
vt 0.044922 0.205566
vt 0.042236 0.198975
vt 0.057617 0.203857
vt 0.054199 0.208740
vt 0.040283 0.208252
vt 0.030762 0.204346
vt 0.032715 0.214844
vt 0.036865 0.219482
vt 0.031494 0.228027
vt 0.619629 0.947754
vt 0.612305 0.947510
vt 0.616699 0.942627
vt 0.613037 0.951416
vt 0.617188 0.952148
vt 0.623779 0.949951
vt 0.622803 0.957520
vt 0.038818 0.229736
vt 0.042236 0.237305
vt 0.036865 0.240479
vt 0.051758 0.246094
vt 0.041748 0.249512
vt 0.629395 0.967041
vt 0.620361 0.965576
vt 0.613770 0.970215
vt 0.618164 0.958496
vt 0.609863 0.962891
vt 0.612305 0.958252
vt 0.597900 0.957031
vt 0.587158 0.948242
vt 0.857422 0.644531
vt 0.837891 0.636719
vt 0.580322 0.953125
vt 0.940430 0.113770
vt 0.946045 0.122559
vt 0.937988 0.118896
vt 0.827637 0.635986
vt 0.827393 0.630859
vt 0.952881 0.119629
vt 0.948486 0.124756
vt 0.954590 0.126953
vt 0.767090 0.382324
vt 0.776855 0.388428
vt 0.769775 0.390137
vt 0.775391 0.378662
vt 0.781250 0.381592
vt 0.092773 0.052490
vt 0.089844 0.059326
vt 0.087402 0.053711
vt 0.084473 0.058105
vt 0.781250 0.376953
vt 0.789551 0.384277
vt 0.785645 0.389404
vt 0.793701 0.387695
vt 0.803467 0.396973
vt 0.800049 0.389160
vt 0.808350 0.400879
vt 0.804688 0.389404
vt 0.808105 0.379395
vt 0.809082 0.386230
vt 0.812988 0.391357
vt 0.819580 0.379883
vt 0.820801 0.392578
vt 0.810303 0.394531
vt 0.819824 0.400635
vt 0.817383 0.412842
vt 0.803223 0.411865
vt 0.809082 0.415771
vt 0.815186 0.424561
vt 0.823242 0.418945
vt 0.824951 0.403809
vt 0.835205 0.417725
vt 0.083984 0.936768
vt 0.084961 0.937988
vt 0.075195 0.941162
vt 0.079346 0.942627
vt 0.073242 0.942139
vt 0.072754 0.945801
vt 0.070313 0.944092
vt 0.066406 0.947510
vt 0.067139 0.944580
vt 0.060791 0.945313
vt 0.064209 0.950195
vt 0.058105 0.954102
vt 0.065918 0.952637
vt 0.061279 0.956543
vt 0.055420 0.956543
vt 0.060547 0.959473
vt 0.058105 0.968262
vt 0.104736 0.235107
vt 0.105225 0.224854
vt 0.115479 0.215576
vt 0.109863 0.213623
vt 0.053467 0.958252
vt 0.051270 0.958008
vt 0.012451 0.855713
vt 0.015137 0.857666
vt 0.012451 0.861084
vt 0.021973 0.851074
vt 0.028320 0.854736
vt 0.029053 0.859619
vt 0.023438 0.862793
vt 0.019043 0.865723
vt 0.021973 0.865723
vt 0.036377 0.859619
vt 0.032959 0.856201
vt 0.041748 0.855713
vt 0.048096 0.861816
vt 0.012207 0.576416
vt 0.014160 0.565674
vt 0.013428 0.553711
vt 0.030273 0.853271
vt 0.035889 0.849121
vt 0.024902 0.522217
vt 0.022949 0.516602
vt 0.027588 0.513916
vt 0.031738 0.520996
vt 0.024658 0.543213
vt 0.015381 0.540039
vt 0.015625 0.532715
vt 0.020996 0.536133
vt 0.029053 0.526855
vt 0.078125 0.062988
vt 0.068115 0.061279
vt 0.083008 0.053467
vt 0.085938 0.071533
vt 0.085449 0.082764
vt 0.196777 0.896484
vt 0.196533 0.892090
vt 0.201172 0.894531
vt 0.202881 0.888916
vt 0.201117 0.880417
vt 0.197304 0.888700
vt 0.194701 0.892284
vt 0.195434 0.891983
vt 0.191145 0.893619
vt 0.192786 0.894073
vt 0.188429 0.897929
vt 0.088981 0.077948
vt 0.089678 0.074525
vt 0.092041 0.066406
vt 0.091020 0.073964
vt 0.176030 0.897637
vt 0.179748 0.898598
vt 0.171387 0.898438
vt 0.161865 0.886475
vt 0.175445 0.895261
vt 0.172673 0.865290
vt 0.186279 0.853271
vt 0.173392 0.865221
vt 0.185547 0.859131
vt 0.173654 0.865306
vt 0.184267 0.865657
vt 0.191907 0.865491
vt 0.193176 0.864943
vt 0.203548 0.880309
vt 0.209961 0.882813
vt 0.203476 0.880411
vt 0.204346 0.886230
vt 0.203411 0.880623
vt 0.202221 0.880981
vt 0.212402 0.894043
vt 0.070801 0.087891
vt 0.078125 0.085205
vt 0.067627 0.092773
vt 0.059570 0.091064
vt 0.056396 0.101807
vt 0.055664 0.090576
vt 0.876709 0.581543
vt 0.872559 0.584961
vt 0.882324 0.587158
vt 0.881348 0.591553
vt 0.887451 0.593262
vt 0.886963 0.586426
vt 0.643311 0.589355
vt 0.642578 0.598389
vt 0.636963 0.581299
vt 0.646484 0.600586
vt 0.646484 0.584229
vt 0.653320 0.586426
vt 0.660156 0.603271
vt 0.666260 0.588867
vt 0.658691 0.578613
vt 0.955566 0.092773
vt 0.945801 0.082520
vt 0.955078 0.086182
vt 0.218506 0.874756
vt 0.220703 0.869873
vt 0.227783 0.873291
vt 0.227295 0.883057
vt 0.219482 0.885498
vt 0.227051 0.891357
vt 0.229248 0.886719
vt 0.233887 0.885498
vt 0.208984 0.878418
vt 0.218750 0.870117
vt 0.207275 0.876709
vt 0.203042 0.876271
vt 0.203811 0.876981
vt 0.205720 0.871404
vt 0.205269 0.870056
vt 0.207275 0.870117
vt 0.200868 0.868533
vt 0.207031 0.863525
vt 0.208008 0.862061
vt 0.202881 0.863770
vt 0.200548 0.867657
vt 0.199765 0.867641
vt 0.198108 0.867562
vt 0.202148 0.857910
vt 0.193115 0.857178
vt 0.955811 0.111328
vt 0.960693 0.106201
vt 0.959473 0.112305
vt 0.952881 0.115967
vt 0.961426 0.116943
vt 0.957275 0.120605
vt 0.959473 0.129395
vt 0.957764 0.133789
vt 0.021240 0.621338
vt 0.019043 0.626709
vt 0.009277 0.625244
vt 0.172191 0.866100
vt 0.159180 0.873535
vt 0.169434 0.857422
vt 0.167731 0.875916
vt 0.167720 0.875433
vt 0.098145 0.055908
vt 0.093262 0.057617
vt 0.099121 0.050781
vt 0.168087 0.885503
vt 0.095459 0.049072
vt 0.949707 0.114014
vt 0.948486 0.116943
vt 0.944336 0.112061
vt 0.937500 0.109863
vt 0.940674 0.107178
vt 0.946045 0.107178
vt 0.950195 0.108887
vt 0.944336 0.104980
vt 0.951904 0.107422
vt 0.952393 0.104980
vt 0.953369 0.100342
vt 0.944336 0.104004
vt 0.946533 0.095215
vt 0.939941 0.097168
vt 0.937012 0.101074
vt 0.935303 0.104004
vt 0.931641 0.099365
vt 0.923828 0.097168
vt 0.604736 0.979004
vt 0.611328 0.975098
vt 0.603760 0.985107
vt 0.615967 0.982422
vt 0.775146 0.987793
vt 0.771729 0.987061
vt 0.773682 0.991211
vt 0.776367 0.991211
vt 0.618408 0.979736
vt 0.627930 0.977539
vt 0.620605 0.984375
vt 0.625977 0.982910
vt 0.775391 0.994873
vt 0.770264 0.990234
vt 0.770752 0.994629
vt 0.213623 0.786621
vt 0.217285 0.788330
vt 0.212891 0.790771
vt 0.216553 0.780273
vt 0.209961 0.782715
vt 0.211426 0.777832
vt 0.213623 0.775391
vt 0.217285 0.772949
vt 0.224365 0.771973
vt 0.224365 0.762451
vt 0.215576 0.760742
vt 0.213623 0.764160
vt 0.207520 0.753906
vt 0.212158 0.752197
vt 0.203125 0.742188
vt 0.201416 0.748047
vt 0.197998 0.743896
vt 0.979248 0.132080
vt 0.981201 0.133789
vt 0.975098 0.133789
vt 0.204590 0.734375
vt 0.209473 0.739746
vt 0.213623 0.731689
vt 0.975586 0.126221
vt 0.215576 0.733643
vt 0.221191 0.749512
vt 0.214844 0.748535
vt 0.227051 0.758545
vt 0.227539 0.763428
vt 0.233643 0.765381
vt 0.226074 0.774658
vt 0.235596 0.774414
vt 0.239258 0.775635
vt 0.235596 0.785889
vt 0.229248 0.753662
vt 0.225098 0.745605
vt 0.845459 0.757324
vt 0.843506 0.767334
vt 0.840332 0.780762
vt 0.195068 0.753662
vt 0.013184 0.013184
vt 0.006836 0.014893
vt 0.004150 0.008057
vt 0.013428 0.016113
vt 0.025146 0.012695
vt 0.205078 0.758301
vt 0.199707 0.762695
vt 0.207031 0.762451
vt 0.208984 0.765137
vt 0.206299 0.770996
vt 0.033691 0.010498
vt 0.031250 0.015625
vt 0.026367 0.014893
vt 0.018555 0.025879
vt 0.025391 0.027832
vt 0.029541 0.029785
vt 0.251953 0.258545
vt 0.259766 0.249268
vt 0.260986 0.257324
vt 0.270020 0.248047
vt 0.270020 0.242676
vt 0.258789 0.239746
vt 0.249268 0.244873
vt 0.243408 0.240234
vt 0.036865 0.017334
vt 0.043213 0.018799
vt 0.039551 0.023438
vt 0.029785 0.026855
vt 0.031982 0.019531
vt 0.037842 0.009766
vt 0.042969 0.010010
vt 0.203857 0.777100
vt 0.198975 0.775635
vt 0.204834 0.774414
vt 0.206543 0.777588
vt 0.208496 0.773926
vt 0.203369 0.781738
vt 0.211426 0.771973
vt 0.198975 0.785645
vt 0.050537 0.008301
vt 0.045898 0.013184
vt 0.043457 0.013672
vt 0.051270 0.013672
vt 0.230469 0.231445
vt 0.236328 0.224121
vt 0.246582 0.230713
vt 0.237305 0.219971
vt 0.246582 0.217041
vt 0.255859 0.223877
vt 0.259521 0.227051
vt 0.273438 0.221680
vt 0.259766 0.219971
vt 0.259277 0.216553
vt 0.263428 0.211670
vt 0.279297 0.205078
vt 0.281738 0.209229
vt 0.278320 0.221191
vt 0.280518 0.227783
vt 0.285889 0.215332
vt 0.289795 0.220703
vt 0.283203 0.238037
vt 0.280029 0.245850
vt 0.287109 0.241699
vt 0.936768 0.407471
vt 0.937012 0.398682
vt 0.943359 0.397461
vt 0.926025 0.412598
vt 0.929199 0.420410
vt 0.922852 0.425537
vt 0.925781 0.432861
vt 0.918457 0.423340
vt 0.922852 0.438477
vt 0.916016 0.431152
vt 0.917480 0.441162
vt 0.912842 0.435303
vt 0.885742 0.830811
vt 0.879883 0.827148
vt 0.886230 0.822998
vt 0.898193 0.832520
vt 0.895020 0.825195
vt 0.889893 0.816406
vt 0.897949 0.814453
vt 0.890137 0.810059
vt 0.884521 0.814209
vt 0.917969 0.453369
vt 0.912842 0.448242
vt 0.978760 0.982422
vt 0.987549 0.977783
vt 0.990723 0.980713
vt 0.012939 0.659912
vt 0.018311 0.653076
vt 0.015381 0.658691
vt 0.015625 0.666260
vt 0.920654 0.446777
vt 0.922363 0.449463
vt 0.918701 0.452148
vt 0.012939 0.657471
vt 0.004395 0.658203
vt 0.925049 0.451660
vt 0.918213 0.460449
vt 0.531006 0.975098
vt 0.521240 0.974854
vt 0.520508 0.970459
vt 0.511230 0.974609
vt 0.512695 0.969482
vt 0.995605 0.979492
vt 0.997070 0.973633
vt 0.997803 0.988770
vt 0.505615 0.980957
vt 0.506592 0.973145
vt 0.511719 0.980957
vt 0.508789 0.985352
vt 0.505615 0.989990
vt 0.511719 0.991943
vt 0.510498 0.994629
vt 0.971924 0.166016
vt 0.967529 0.171387
vt 0.960693 0.164063
vt 0.503906 0.995117
vt 0.500977 0.986084
vt 0.503418 0.981934
vt 0.968750 0.186279
vt 0.971191 0.174072
vt 0.974609 0.176270
vt 0.864990 0.841309
vt 0.861572 0.851318
vt 0.857422 0.843750
vt 0.470703 0.714844
vt 0.469727 0.711182
vt 0.476318 0.714111
vt 0.477051 0.719727
vt 0.482422 0.718994
vt 0.479980 0.724609
vt 0.469482 0.727539
vt 0.472412 0.736816
vt 0.467041 0.733154
vt 0.456299 0.735596
vt 0.449219 0.732178
vt 0.460938 0.725342
vt 0.471924 0.719727
vt 0.452393 0.720703
vt 0.444580 0.729980
vt 0.434814 0.723633
vt 0.427979 0.732422
vt 0.423340 0.725342
vt 0.429199 0.718506
vt 0.437256 0.718750
vt 0.454590 0.709717
vt 0.456787 0.715576
vt 0.906738 0.422852
vt 0.905518 0.427490
vt 0.898193 0.427246
vt 0.869385 0.845947
vt 0.873047 0.837891
vt 0.885010 0.840820
vt 0.877441 0.832764
vt 0.892334 0.837402
vt 0.911133 0.427734
vt 0.910889 0.423096
vt 0.917480 0.407959
vt 0.925537 0.394287
vt 0.918701 0.396484
vt 0.968018 0.607666
vt 0.962891 0.618896
vt 0.961182 0.604248
vt 0.959717 0.600098
vt 0.933350 0.393066
vt 0.968262 0.615479
vt 0.409668 0.708008
vt 0.416504 0.710693
vt 0.411377 0.714111
vt 0.187988 0.075928
vt 0.184814 0.076172
vt 0.182861 0.069336
vt 0.408691 0.718018
vt 0.404053 0.708496
vt 0.416992 0.719238
vt 0.418213 0.729736
vt 0.425049 0.720215
vt 0.422607 0.712891
vt 0.449707 0.704590
vt 0.399658 0.717529
vt 0.396484 0.708252
vt 0.196289 0.093994
vt 0.194092 0.081299
vt 0.189209 0.083984
vt 0.188721 0.092773
vt 0.182617 0.087891
vt 0.180908 0.096436
vt 0.963867 0.633545
vt 0.968994 0.629883
vt 0.968262 0.640625
vt 0.959717 0.642334
vt 0.959229 0.635986
vt 0.954834 0.639404
vt 0.958008 0.645752
vt 0.196533 0.851318
vt 0.917480 0.833984
vt 0.914551 0.829834
vt 0.919434 0.830322
vt 0.912842 0.842285
vt 0.907471 0.839355
vt 0.899902 0.838623
vt 0.906494 0.847900
vt 0.915039 0.850586
vt 0.185547 0.102539
vt 0.184814 0.103027
vt 0.189941 0.106201
vt 0.184082 0.112549
vt 0.180664 0.115234
vt 0.918701 0.863281
vt 0.189941 0.119385
vt 0.184082 0.120605
vt 0.178223 0.120361
vt 0.176270 0.125732
vt 0.175049 0.131348
vt 0.559082 0.315918
vt 0.558594 0.311768
vt 0.566406 0.312500
vt 0.549316 0.310303
vt 0.548584 0.316650
vt 0.540283 0.323486
vt 0.538574 0.321533
vt 0.524658 0.326416
vt 0.535156 0.314941
vt 0.546143 0.308105
vt 0.542236 0.305908
vt 0.550537 0.294434
vt 0.557129 0.288574
vt 0.720703 0.743896
vt 0.711426 0.742676
vt 0.721680 0.742676
vt 0.718994 0.739990
vt 0.527344 0.318604
vt 0.515869 0.319824
vt 0.521484 0.328125
vt 0.528564 0.330322
vt 0.540039 0.326904
vt 0.531006 0.336670
vt 0.525879 0.342285
vt 0.535400 0.340088
vt 0.541504 0.333008
vt 0.545410 0.341553
vt 0.551514 0.337891
vt 0.549805 0.330078
vt 0.558594 0.327637
vt 0.567627 0.326660
vt 0.563232 0.321533
vt 0.568604 0.324219
vt 0.578996 0.321709
vt 0.579509 0.321022
vt 0.225478 0.824402
vt 0.225744 0.827870
vt 0.195942 0.150559
vt 0.193848 0.145264
vt 0.196417 0.148261
vt 0.198744 0.143836
vt 0.196777 0.134277
vt 0.190186 0.141846
vt 0.574951 0.314209
vt 0.579102 0.316162
vt 0.189209 0.137207
vt 0.575195 0.310791
vt 0.193848 0.122559
vt 0.198486 0.125000
vt 0.203369 0.125000
vt 0.200195 0.120850
vt 0.202148 0.111328
vt 0.210693 0.108154
vt 0.217285 0.117676
vt 0.211804 0.126994
vt 0.217093 0.121802
vt 0.961912 0.674566
vt 0.972412 0.674561
vt 0.962577 0.677634
vt 0.970215 0.680420
vt 0.962974 0.678749
vt 0.965681 0.683610
vt 0.969727 0.687256
vt 0.966546 0.686111
vt 0.967074 0.689024
vt 0.979980 0.674072
vt 0.985352 0.668701
vt 0.938965 0.631348
vt 0.940918 0.623047
vt 0.960561 0.670715
vt 0.219195 0.120222
vt 0.224121 0.111572
vt 0.223806 0.116066
vt 0.204695 0.135165
vt 0.218262 0.100342
vt 0.230469 0.100586
vt 0.233887 0.094482
vt 0.225604 0.114382
vt 0.228982 0.111704
vt 0.194336 0.106445
vt 0.193359 0.111328
vt 0.556396 0.321777
vt 0.553711 0.318359
vt 0.201941 0.138724
vt 0.188232 0.151123
vt 0.580611 0.324063
vt 0.547363 0.349365
vt 0.537842 0.344482
vt 0.534180 0.354004
vt 0.536865 0.360596
vt 0.529541 0.354736
vt 0.522461 0.349854
vt 0.531006 0.365234
vt 0.537598 0.367188
vt 0.540039 0.377197
vt 0.529297 0.376465
vt 0.531738 0.390869
vt 0.527100 0.386230
vt 0.532471 0.397705
vt 0.522461 0.390625
vt 0.523926 0.379395
vt 0.517578 0.371338
vt 0.516110 0.385206
vt 0.520085 0.391117
vt 0.509645 0.372627
vt 0.511074 0.374854
vt 0.512207 0.364258
vt 0.520996 0.363281
vt 0.517334 0.353271
vt 0.510010 0.363037
vt 0.509046 0.371709
vt 0.508230 0.371420
vt 0.502244 0.367363
vt 0.507568 0.361328
vt 0.500466 0.366372
vt 0.555042 0.565571
vt 0.561143 0.571517
vt 0.552490 0.569824
vt 0.487378 0.352206
vt 0.500977 0.358887
vt 0.488374 0.353996
vt 0.506836 0.349854
vt 0.504150 0.337891
vt 0.485352 0.331543
vt 0.484786 0.347754
vt 0.562330 0.574915
vt 0.563085 0.580421
vt 0.557617 0.584717
vt 0.477931 0.332324
vt 0.477926 0.327739
vt 0.478322 0.326629
vt 0.534458 0.403886
vt 0.532656 0.402512
vt 0.534721 0.404136
vt 0.525531 0.396409
vt 0.523432 0.394508
vt 0.480404 0.319254
vt 0.492432 0.327637
vt 0.502441 0.323975
vt 0.516357 0.335205
vt 0.485313 0.312949
vt 0.483911 0.314485
vt 0.484692 0.310303
vt 0.498535 0.310303
vt 0.494141 0.301514
vt 0.483276 0.303325
vt 0.483134 0.305169
vt 0.480029 0.295869
vt 0.544189 0.373779
vt 0.780762 0.735107
vt 0.778564 0.726563
vt 0.549072 0.380615
vt 0.519043 0.313721
vt 0.913574 0.400146
vt 0.419922 0.737549
vt 0.432617 0.740234
vt 0.424316 0.748535
vt 0.066650 0.212646
vt 0.080322 0.220459
vt 0.067139 0.218262
vt 0.055908 0.213623
vt 0.052246 0.214844
vt 0.055908 0.217285
vt 0.057373 0.224609
vt 0.050293 0.216553
vt 0.046143 0.229492
vt 0.056152 0.231445
vt 0.047852 0.238281
vt 0.056885 0.239990
vt 0.058350 0.245605
vt 0.066895 0.246094
vt 0.067627 0.253906
vt 0.055420 0.251953
vt 0.063477 0.260010
vt 0.048584 0.252686
vt 0.062500 0.266357
vt 0.042480 0.255127
vt 0.626953 0.972412
vt 0.615479 0.974854
vt 0.044678 0.261475
vt 0.207031 0.792725
vt 0.210693 0.786865
vt 0.207275 0.788330
vt 0.206055 0.786621
vt 0.203369 0.789307
vt 0.073975 0.242432
vt 0.215576 0.220459
vt 0.221924 0.214844
vt 0.221436 0.223633
vt 0.221680 0.227051
vt 0.225342 0.224121
vt 0.228760 0.215088
vt 0.226074 0.214355
vt 0.231445 0.202393
vt 0.233398 0.209961
vt 0.236572 0.207520
vt 0.243896 0.210205
vt 0.238770 0.212891
vt 0.247559 0.195557
vt 0.261230 0.202148
vt 0.260986 0.210693
vt 0.267578 0.192383
vt 0.254639 0.177734
vt 0.243164 0.183594
vt 0.242188 0.189941
vt 0.240723 0.181396
vt 0.234619 0.185059
vt 0.227539 0.173096
vt 0.246582 0.169434
vt 0.254395 0.162598
vt 0.265869 0.173828
vt 0.264160 0.159424
vt 0.274902 0.159668
vt 0.278320 0.165527
vt 0.273926 0.170898
vt 0.278564 0.182861
vt 0.276611 0.189697
vt 0.281250 0.192383
vt 0.948975 0.434082
vt 0.953125 0.426514
vt 0.949951 0.439941
vt 0.941650 0.436035
vt 0.939697 0.434326
vt 0.933105 0.443604
vt 0.928955 0.437988
vt 0.937256 0.432373
vt 0.932861 0.430176
vt 0.935059 0.420898
vt 0.945557 0.417969
vt 0.943604 0.426758
vt 0.927246 0.446533
vt 0.929199 0.448486
vt 0.931152 0.451904
vt 0.929443 0.456299
vt 0.927734 0.457031
vt 0.527832 0.983887
vt 0.522461 0.976318
vt 0.518799 0.982422
vt 0.514893 0.976074
vt 0.517822 0.986328
vt 0.511719 0.983643
vt 0.521240 0.991699
vt 0.524902 0.989014
vt 0.990234 0.165527
vt 0.988525 0.164063
vt 0.994873 0.162842
vt 0.258057 0.149902
vt 0.266602 0.154541
vt 0.979492 0.170166
vt 0.254639 0.156982
vt 0.246582 0.151123
vt 0.930420 0.461182
vt 0.944580 0.444580
vt 0.940430 0.454102
vt 0.932617 0.455322
vt 0.245361 0.155518
vt 0.238525 0.168457
vt 0.231689 0.187500
vt 0.454346 0.745117
vt 0.467773 0.742432
vt 0.456299 0.748291
vt 0.442139 0.749268
vt 0.437256 0.747803
vt 0.445068 0.743408
vt 0.442139 0.739258
vt 0.429932 0.749268
vt 0.430176 0.755127
vt 0.072998 0.234863
vt 0.074707 0.227783
vt 0.074219 0.235596
vt 0.066406 0.240723
vt 0.063232 0.236572
vt 0.065186 0.229980
vt 0.066162 0.222656
vt 0.462646 0.739746
vt 0.974121 0.161133
vt 0.939941 0.413330
vt 0.940430 0.388916
vt 0.930664 0.203613
vt 0.937012 0.206055
vt 0.948975 0.423828
vt 0.219238 0.794678
vt 0.768555 0.989990
vt 0.768311 0.985107
vt 0.766113 0.987793
vt 0.219238 0.796875
vt 0.761963 0.986572
vt 0.763916 0.983154
vt 0.756348 0.983398
vt 0.757080 0.979004
vt 0.754639 0.974121
vt 0.607910 0.969238
vt 0.601807 0.973633
vt 0.593018 0.979492
vt 0.595215 0.973633
vt 0.591064 0.963623
vt 0.587646 0.970703
vt 0.582031 0.967041
vt 0.932129 0.104980
vt 0.929199 0.101074
vt 0.595215 0.961426
vt 0.943848 0.094482
vt 0.943848 0.091064
vt 0.950195 0.093262
vt 0.957520 0.099854
vt 0.212646 0.862061
vt 0.931885 0.114502
vt 0.194939 0.865466
vt 0.653076 0.578857
vt 0.650146 0.580566
vt 0.228760 0.896240
vt 0.078613 0.082764
vt 0.097900 0.066406
vt 0.093237 0.072356
vt 0.195944 0.891501
vt 0.196485 0.890941
vt 0.203369 0.890625
vt 0.010010 0.533203
vt 0.014160 0.530273
vt 0.037598 0.522461
vt 0.037598 0.513428
vt 0.042480 0.521484
vt 0.922607 0.793701
vt 0.926758 0.802246
vt 0.918213 0.796875
vt 0.918213 0.790039
vt 0.915039 0.790039
vt 0.020020 0.828857
vt 0.013184 0.829102
vt 0.016357 0.822754
vt 0.093018 0.210449
vt 0.091309 0.203613
vt 0.092773 0.206299
vt 0.020996 0.837646
vt 0.009033 0.830811
vt 0.019043 0.839844
vt 0.025146 0.843262
vt 0.021240 0.848145
vt 0.016357 0.843018
vt 0.015625 0.845215
vt 0.003174 0.838623
vt 0.096191 0.214355
vt 0.093750 0.213623
vt 0.092041 0.217285
vt 0.673096 0.781006
vt 0.678467 0.773438
vt 0.675049 0.784424
vt 0.680664 0.779541
vt 0.685059 0.781982
vt 0.682129 0.773926
vt 0.912109 0.782715
vt 0.914551 0.782959
vt 0.914307 0.786621
vt 0.677979 0.769531
vt 0.683838 0.772705
vt 0.910156 0.785400
vt 0.909180 0.781982
vt 0.910889 0.779053
vt 0.913818 0.778320
vt 0.911865 0.776123
vt 0.913818 0.774170
vt 0.916260 0.781982
vt 0.920654 0.787598
vt 0.927734 0.789063
vt 0.927734 0.792480
vt 0.802490 0.375000
vt 0.811279 0.371338
vt 0.818115 0.369141
vt 0.822998 0.372803
vt 0.826904 0.384033
vt 0.829346 0.379639
vt 0.835205 0.381348
vt 0.929688 0.778564
vt 0.935059 0.780273
vt 0.927979 0.784424
vt 0.930908 0.773682
vt 0.836914 0.394775
vt 0.830811 0.389648
vt 0.829346 0.395996
vt 0.825928 0.399902
vt 0.828369 0.401123
vt 0.927246 0.773438
vt 0.083740 0.943604
vt 0.087891 0.941162
vt 0.090332 0.944092
vt 0.087402 0.945068
vt 0.082764 0.946289
vt 0.078857 0.944824
vt 0.073975 0.948242
vt 0.076660 0.951172
vt 0.071045 0.953125
vt 0.071533 0.956543
vt 0.076172 0.954834
vt 0.075195 0.956787
vt 0.079834 0.960938
vt 0.966797 0.560059
vt 0.970215 0.560059
vt 0.968750 0.570068
vt 0.972168 0.563232
vt 0.970703 0.569336
vt 0.975830 0.567383
vt 0.062744 0.964111
vt 0.070068 0.957764
vt 0.065674 0.956055
vt 0.070801 0.949219
vt 0.974609 0.563232
vt 0.978027 0.564941
vt 0.107666 0.237793
vt 0.112305 0.232910
vt 0.103516 0.240479
vt 0.098145 0.231689
vt 0.100586 0.226807
vt 0.095459 0.226318
vt 0.095459 0.220947
vt 0.099854 0.222656
vt 0.105225 0.216064
vt 0.100342 0.219727
vt 0.102051 0.214355
vt 0.007324 0.852783
vt 0.009521 0.850342
vt 0.009521 0.843018
vt 0.098145 0.215332
vt 0.099365 0.209717
vt 0.089111 0.222168
vt 0.666504 0.778320
vt 0.673584 0.774170
vt 0.672363 0.771973
vt 0.674805 0.766357
vt 0.672363 0.765625
vt 0.676758 0.761230
vt 0.672607 0.753174
vt 0.677490 0.750977
vt 0.904541 0.778809
vt 0.899658 0.781494
vt 0.899170 0.776123
vt 0.904541 0.776123
vt 0.910156 0.769775
vt 0.899902 0.771729
vt 0.890788 0.778506
vt 0.890942 0.778637
vt 0.671598 0.751597
vt 0.673466 0.750070
vt 0.671419 0.753459
vt 0.671271 0.757293
vt 0.663745 0.773917
vt 0.661789 0.775040
vt 0.662842 0.781982
vt 0.661366 0.776263
vt 0.660071 0.779701
vt 0.659424 0.786621
vt 0.659121 0.783288
vt 0.085258 0.232942
vt 0.084769 0.229133
vt 0.086426 0.228271
vt 0.089355 0.233643
vt 0.085992 0.235885
vt 0.098389 0.245850
vt 0.085832 0.238056
vt 0.086130 0.243522
vt 0.086930 0.247377
vt 0.091553 0.257568
vt 0.089015 0.255516
vt 0.091164 0.264352
vt 0.102295 0.269775
vt 0.090920 0.266040
vt 0.089899 0.271752
vt 0.089920 0.276994
vt 0.106445 0.281738
vt 0.090740 0.283497
vt 0.094780 0.292158
vt 0.095703 0.305420
vt 0.095393 0.303623
vt 0.588830 0.768550
vt 0.589924 0.769484
vt 0.588623 0.768555
vt 0.588747 0.768458
vt 0.588644 0.768201
vt 0.581055 0.760010
vt 0.584355 0.758554
vt 0.867387 0.344438
vt 0.865967 0.350586
vt 0.865288 0.345695
vt 0.862529 0.347530
vt 0.863770 0.356201
vt 0.861862 0.347933
vt 0.873949 0.763799
vt 0.871564 0.761911
vt 0.881104 0.755127
vt 0.882230 0.768865
vt 0.892090 0.754150
vt 0.882773 0.769290
vt 0.888184 0.769287
vt 0.883783 0.769837
vt 0.661389 0.720955
vt 0.659601 0.719299
vt 0.663818 0.719482
vt 0.667236 0.721436
vt 0.664216 0.722207
vt 0.666943 0.723684
vt 0.889995 0.777652
vt 0.886082 0.772560
vt 0.887939 0.771484
vt 0.897461 0.768555
vt 0.906494 0.766602
vt 0.910889 0.761719
vt 0.913818 0.762451
vt 0.917236 0.766113
vt 0.915527 0.759277
vt 0.925781 0.766113
vt 0.925293 0.775879
vt 0.916748 0.771729
vt 0.921875 0.777344
vt 0.924072 0.782227
vt 0.917969 0.778809
vt 0.919922 0.784424
vt 0.917969 0.781738
vt 0.926025 0.758545
vt 0.927490 0.761475
vt 0.082520 0.954834
vt 0.085938 0.949951
vt 0.087891 0.952148
vt 0.082764 0.949463
vt 0.082031 0.957275
vt 0.921387 0.753906
vt 0.926025 0.750977
vt 0.924316 0.740234
vt 0.930664 0.742920
vt 0.961426 0.555664
vt 0.968506 0.554688
vt 0.960693 0.544922
vt 0.930420 0.738525
vt 0.938477 0.735352
vt 0.932129 0.724609
vt 0.946533 0.538818
vt 0.957275 0.541260
vt 0.959473 0.536865
vt 0.963379 0.545410
vt 0.963135 0.533936
vt 0.954834 0.527832
vt 0.966553 0.530029
vt 0.025146 0.944092
vt 0.018066 0.942871
vt 0.019531 0.935791
vt 0.010742 0.940918
vt 0.011230 0.933594
vt 0.973877 0.523438
vt 0.972168 0.535156
vt 0.968018 0.537109
vt 0.977295 0.539063
vt 0.976318 0.546387
vt 0.966309 0.544922
vt 0.971191 0.549072
vt 0.980225 0.550537
vt 0.979736 0.558105
vt 0.975830 0.560791
vt 0.108887 0.250977
vt 0.112305 0.244873
vt 0.096436 0.234863
vt 0.110352 0.264160
vt 0.090117 0.259316
vt 0.116455 0.270508
vt 0.118164 0.283447
vt 0.980225 0.526123
vt 0.120605 0.301270
vt 0.110596 0.301514
vt 0.113393 0.320393
vt 0.113886 0.320268
vt 0.576272 0.277236
vt 0.581364 0.282338
vt 0.574951 0.282959
vt 0.112948 0.320472
vt 0.107666 0.312988
vt 0.581444 0.282955
vt 0.584959 0.287354
vt 0.574951 0.287354
vt 0.576860 0.747113
vt 0.576506 0.747727
vt 0.583911 0.756541
vt 0.582999 0.749671
vt 0.045033 0.344079
vt 0.043032 0.341797
vt 0.045898 0.341797
vt 0.045654 0.345703
vt 0.045614 0.345756
vt 0.867432 0.344482
vt 0.870605 0.344971
vt 0.873535 0.349854
vt 0.874023 0.355957
vt 0.878174 0.351318
vt 0.880859 0.354736
vt 0.877686 0.363281
vt 0.873779 0.364258
vt 0.865967 0.364746
vt 0.869873 0.377197
vt 0.868652 0.381348
vt 0.861328 0.371826
vt 0.861328 0.363037
vt 0.903076 0.757080
vt 0.901855 0.750488
vt 0.909180 0.751953
vt 0.916260 0.750244
vt 0.913086 0.739258
vt 0.920898 0.740479
vt 0.919922 0.735596
vt 0.923096 0.732666
vt 0.927490 0.730957
vt 0.924561 0.721680
vt 0.860107 0.393311
vt 0.865723 0.396973
vt 0.862549 0.401855
vt 0.866211 0.405029
vt 0.861572 0.412842
vt 0.855225 0.408447
vt 0.852295 0.413330
vt 0.574463 0.632080
vt 0.583740 0.628418
vt 0.587646 0.639893
vt 0.591309 0.635498
vt 0.949219 0.531494
vt 0.947266 0.534424
vt 0.592041 0.627930
vt 0.598389 0.635498
vt 0.608390 0.627692
vt 0.608379 0.627686
vt 0.585256 0.612664
vt 0.577881 0.614502
vt 0.583169 0.611044
vt 0.580698 0.609471
vt 0.567627 0.608398
vt 0.577135 0.608398
vt 0.567762 0.604752
vt 0.450237 0.316396
vt 0.447266 0.313965
vt 0.454346 0.310059
vt 0.453262 0.315321
vt 0.712612 0.233921
vt 0.701904 0.228027
vt 0.712171 0.232938
vt 0.704834 0.224609
vt 0.709096 0.229123
vt 0.604343 0.619233
vt 0.608398 0.624512
vt 0.603516 0.622584
vt 0.608398 0.627629
vt 0.019082 0.948290
vt 0.021240 0.950928
vt 0.012939 0.947266
vt 0.018982 0.948232
vt 0.018724 0.948016
vt 0.019041 0.948234
vt 0.013184 0.944092
vt 0.006592 0.946777
vt 0.006836 0.941650
vt 0.007939 0.938315
vt 0.005318 0.937981
vt 0.004492 0.934492
vt 0.008301 0.937500
vt 0.005788 0.935825
vt 0.004236 0.934165
vt 0.009277 0.927979
vt 0.002441 0.939209
vt 0.003056 0.937263
vt 0.000977 0.943359
vt 0.707275 0.239258
vt 0.698730 0.237549
vt 0.691650 0.230225
vt 0.691406 0.224121
vt 0.681641 0.230225
vt 0.687583 0.220603
vt 0.683715 0.223586
vt 0.624906 0.604527
vt 0.613037 0.604248
vt 0.615548 0.602239
vt 0.614527 0.600417
vt 0.609131 0.594238
vt 0.615960 0.595376
vt 0.608346 0.593154
vt 0.603516 0.593262
vt 0.603722 0.590682
vt 0.590820 0.587891
vt 0.598991 0.587437
vt 0.590376 0.581824
vt 0.585205 0.584229
vt 0.588109 0.580454
vt 0.577546 0.574126
vt 0.573960 0.574625
vt 0.574621 0.571634
vt 0.577860 0.574338
vt 0.578125 0.575684
vt 0.578954 0.575081
vt 0.579778 0.575684
vt 0.582998 0.577315
vt 0.577637 0.586182
vt 0.575832 0.580557
vt 0.574697 0.584292
vt 0.703579 0.224020
vt 0.704559 0.224203
vt 0.692465 0.220417
vt 0.573692 0.576871
vt 0.574367 0.578377
vt 0.705181 0.224274
vt 0.574766 0.595321
vt 0.581543 0.602295
vt 0.575981 0.597428
vt 0.581385 0.606231
vt 0.583313 0.607604
vt 0.592280 0.612793
vt 0.586670 0.601074
vt 0.592465 0.612905
vt 0.602539 0.610840
vt 0.593434 0.612839
vt 0.609375 0.613281
vt 0.593716 0.613054
vt 0.594353 0.613539
vt 0.609375 0.617676
vt 0.625977 0.608643
vt 0.617676 0.622314
vt 0.625488 0.618164
vt 0.630859 0.617432
vt 0.632324 0.620117
vt 0.718506 0.868164
vt 0.723633 0.870850
vt 0.717529 0.872070
vt 0.723389 0.876221
vt 0.674740 0.224310
vt 0.674316 0.235107
vt 0.673244 0.224379
vt 0.727488 0.863568
vt 0.724609 0.859375
vt 0.727183 0.862851
vt 0.724738 0.859494
vt 0.724678 0.859393
vt 0.724662 0.859319
vt 0.628855 0.603940
vt 0.628912 0.603906
vt 0.628906 0.604004
vt 0.727718 0.864726
vt 0.728485 0.872236
vt 0.727175 0.862833
vt 0.669291 0.225923
vt 0.680206 0.225381
vt 0.628174 0.624756
vt 0.630615 0.631348
vt 0.010498 0.950684
vt 0.006592 0.949951
vt 0.000488 0.951904
vt 0.002686 0.946289
vt 0.718750 0.881836
vt 0.713623 0.877930
vt 0.621582 0.625244
vt 0.617676 0.630615
vt 0.605957 0.602051
vt 0.583740 0.598145
vt 0.577393 0.594971
vt 0.581787 0.589844
vt 0.584361 0.578318
vt 0.574706 0.593141
vt 0.609296 0.593576
vt 0.615520 0.594904
vt 0.615814 0.594966
vt 0.711426 0.881592
vt 0.710040 0.240384
vt 0.462175 0.312715
vt 0.459473 0.301758
vt 0.465300 0.310583
vt 0.471829 0.304888
vt 0.460205 0.295166
vt 0.473168 0.303448
vt 0.585874 0.738888
vt 0.577564 0.745687
vt 0.583268 0.734216
vt 0.586777 0.735116
vt 0.587956 0.732070
vt 0.593243 0.719767
vt 0.592356 0.723679
vt 0.594270 0.718378
vt 0.593559 0.721037
vt 0.602644 0.712479
vt 0.600965 0.713802
vt 0.601563 0.711182
vt 0.605560 0.711182
vt 0.039135 0.338025
vt 0.039063 0.336426
vt 0.043457 0.336426
vt 0.040922 0.339706
vt 0.047363 0.336182
vt 0.041412 0.340329
vt 0.583187 0.748966
vt 0.048096 0.333740
vt 0.048828 0.337402
vt 0.046210 0.331046
vt 0.040728 0.334181
vt 0.904202 0.405416
vt 0.903076 0.401611
vt 0.903974 0.401492
vt 0.903513 0.399426
vt 0.902466 0.397542
vt 0.893799 0.393066
vt 0.900393 0.392036
vt 0.887086 0.363491
vt 0.883545 0.360352
vt 0.886038 0.360470
vt 0.883057 0.370850
vt 0.879150 0.371826
vt 0.883789 0.381592
vt 0.874023 0.375488
vt 0.883301 0.386963
vt 0.875000 0.387939
vt 0.877441 0.394287
vt 0.870850 0.391602
vt 0.864014 0.383789
vt 0.861084 0.390137
vt 0.870361 0.394531
vt 0.880615 0.399170
vt 0.873291 0.404297
vt 0.883301 0.405029
vt 0.888672 0.403076
vt 0.893311 0.407227
vt 0.895508 0.402588
vt 0.890381 0.397217
vt 0.903564 0.406494
vt 0.895508 0.410156
vt 0.900635 0.413330
vt 0.458008 0.285400
vt 0.468994 0.293213
vt 0.472611 0.296472
vt 0.472693 0.295678
vt 0.903247 0.412974
vt 0.904077 0.407776
vt 0.904236 0.407166
vt 0.594556 0.718845
vt 0.595836 0.715835
vt 0.596289 0.717481
vt 0.036915 0.336068
vt 0.039225 0.335048
vt 0.471725 0.293450
vt 0.441650 0.284668
vt 0.883057 0.409668
vt 0.449951 0.292480
vt 0.439941 0.291016
vt 0.879639 0.411865
vt 0.430908 0.302246
vt 0.414551 0.284424
vt 0.445313 0.303955
vt 0.893799 0.386719
vt 0.897845 0.382224
vt 0.896914 0.379855
vt 0.899974 0.390771
vt 0.884962 0.357635
vt 0.883799 0.354736
vt 0.882549 0.352323
vt 0.882534 0.352287
vt 0.054424 0.327671
vt 0.052002 0.332031
vt 0.054383 0.327695
vt 0.890186 0.370154
vt 0.895205 0.376838
vt 0.586655 0.729085
vt 0.570068 0.618408
vt 0.591338 0.616909
vt 0.598732 0.621239
vt 0.019048 0.948239
vt 0.414063 0.294678
vt 0.002327 0.931222
vt 0.094410 0.290431
vt 0.568115 0.284180
vt 0.089576 0.257855
vt 0.658165 0.786422
vt 0.088379 0.223389
vt 0.666504 0.773438
vt 0.665549 0.772707
vt 0.666504 0.771737
vt 0.669950 0.766027
vt 0.670923 0.763792
vt 0.676765 0.747038
vt 0.679099 0.743082
vt 0.680913 0.735762
vt 0.684570 0.745361
vt 0.666504 0.784912
vt 0.929443 0.771240
vt 0.031738 0.513184
vt 0.793457 0.381592
vt 0.061279 0.940430
vt 0.064697 0.938477
vt 0.069824 0.939697
vt 0.065918 0.933838
vt 0.826172 0.441650
vt 0.824951 0.437012
vt 0.834961 0.435791
vt 0.826660 0.428223
vt 0.072998 0.934814
vt 0.821045 0.430420
vt 0.824463 0.423096
vt 0.813232 0.431396
vt 0.813721 0.443359
vt 0.807129 0.433350
vt 0.808594 0.426025
vt 0.803223 0.425537
vt 0.802734 0.437256
vt 0.811279 0.447266
vt 0.820801 0.447021
vt 0.817383 0.451416
vt 0.056152 0.572510
vt 0.055420 0.577881
vt 0.047119 0.572021
vt 0.044189 0.573730
vt 0.045898 0.580322
vt 0.057617 0.939209
vt 0.829834 0.452393
vt 0.061279 0.934814
vt 0.789551 0.378662
vt 0.770264 0.376953
vt 0.376709 0.725830
vt 0.372559 0.716553
vt 0.233154 0.085938
vt 0.635010 0.698242
vt 0.256592 0.086426
vt 0.940430 0.617920
vt 0.231882 0.848431
vt 0.194875 0.805567
vt 0.203711 0.805146
vt 0.203613 0.189697
vt 0.209473 0.195557
vt 0.199370 0.158679
vt 0.764893 0.752686
vt 0.545952 0.395289
vt 0.773604 0.693667
vt 0.495892 0.421713
vt 0.756421 0.687628
vt 0.512695 0.309326
vt 0.703369 0.762695
vt 0.892822 0.867676
vt 0.563232 0.281250
vt 0.922363 0.875000
vt 0.917725 0.808838
vt 0.180176 0.845215
vt 0.181152 0.844971
vt 0.919922 0.808838
vt 0.881836 0.721436
vt 0.841064 0.742188
vt 0.037598 0.842773
vt 0.851563 0.736149
vt 0.847656 0.747314
vt 0.055908 0.821777
vt 0.053223 0.818359
vt 0.057861 0.817139
vt 0.334961 0.878662
vt 0.338623 0.875732
vt 0.340576 0.878174
vt 0.053955 0.813965
vt 0.337646 0.884521
vt 0.331543 0.880127
vt 0.334716 0.878460
vt 0.331234 0.879267
vt 0.336837 0.871249
vt 0.334833 0.878354
vt 0.338623 0.870605
vt 0.337505 0.869247
vt 0.019876 0.788450
vt 0.016357 0.791260
vt 0.016517 0.789582
vt 0.021433 0.787957
vt 0.020996 0.789307
vt 0.024934 0.786643
vt 0.027351 0.785393
vt 0.025635 0.789795
vt 0.299791 0.886617
vt 0.300660 0.880963
vt 0.303223 0.888184
vt 0.300757 0.880768
vt 0.300895 0.880705
vt 0.306885 0.885010
vt 0.309326 0.882813
vt 0.315674 0.886963
vt 0.045166 0.882568
vt 0.039307 0.889893
vt 0.038330 0.884033
vt 0.042969 0.876953
vt 0.314582 0.878664
vt 0.313408 0.878731
vt 0.306705 0.878761
vt 0.315690 0.878709
vt 0.318268 0.878699
vt 0.322727 0.878530
vt 0.322835 0.878537
vt 0.069336 0.822754
vt 0.067139 0.820068
vt 0.062012 0.818848
vt 0.323824 0.878626
vt 0.199707 0.172363
vt 0.820313 0.679199
vt 0.310303 0.930908
vt 0.465820 0.025635
vt 0.975098 0.863037
vt 0.975232 0.865048
vt 0.979708 0.864135
vt 0.739732 0.927651
vt 0.737839 0.923449
vt 0.736989 0.921896
vt 0.736696 0.921643
vt 0.740967 0.918945
vt 0.735481 0.917726
vt 0.509521 0.817383
vt 0.515921 0.818602
vt 0.852271 0.280135
vt 0.854492 0.279733
vt 0.854492 0.280273
vt 0.841797 0.289307
vt 0.850098 0.285889
vt 0.849609 0.287842
vt 0.857178 0.291260
vt 0.849854 0.300781
vt 0.838867 0.295166
vt 0.833984 0.306885
vt 0.240234 0.930908
vt 0.237305 0.926270
vt 0.249756 0.928223
vt 0.877686 0.938965
vt 0.886475 0.940918
vt 0.885254 0.955078
vt 0.874023 0.957520
vt 0.873535 0.944824
vt 0.872070 0.937988
vt 0.871338 0.939697
vt 0.867188 0.936523
vt 0.862061 0.930664
vt 0.861816 0.934326
vt 0.854004 0.936523
vt 0.845947 0.936768
vt 0.838135 0.935059
vt 0.227051 0.947998
vt 0.230713 0.942383
vt 0.237793 0.944336
vt 0.234131 0.941162
vt 0.237305 0.937256
vt 0.244385 0.934326
vt 0.879639 0.934082
vt 0.234619 0.933105
vt 0.230957 0.926758
vt 0.226563 0.928711
vt 0.831787 0.291504
vt 0.836670 0.291260
vt 0.229980 0.936279
vt 0.217773 0.935791
vt 0.224365 0.938232
vt 0.219971 0.940430
vt 0.212158 0.942627
vt 0.211426 0.951416
vt 0.840820 0.154541
vt 0.852783 0.180664
vt 0.840332 0.165527
vt 0.853760 0.158447
vt 0.858643 0.166260
vt 0.868652 0.172363
vt 0.859863 0.182373
vt 0.204834 0.956543
vt 0.208740 0.961914
vt 0.884766 0.179443
vt 0.868896 0.195801
vt 0.861084 0.196533
vt 0.510254 0.832031
vt 0.500244 0.830078
vt 0.497314 0.829102
vt 0.495850 0.823730
vt 0.873779 0.291260
vt 0.867676 0.295410
vt 0.869141 0.308838
vt 0.857422 0.299072
vt 0.861572 0.307617
vt 0.864502 0.320801
vt 0.873779 0.317871
vt 0.878174 0.337158
vt 0.885742 0.171631
vt 0.907715 0.180176
vt 0.887451 0.184082
vt 0.880859 0.316895
vt 0.878418 0.292969
vt 0.869385 0.197510
vt 0.858643 0.312012
vt 0.848389 0.321777
vt 0.854248 0.325195
vt 0.856445 0.143799
vt 0.858887 0.148926
vt 0.854248 0.147949
vt 0.858398 0.955566
vt 0.866699 0.970459
vt 0.848633 0.974121
vt 0.847900 0.956299
vt 0.850586 0.950439
vt 0.864502 0.943359
vt 0.855957 0.940674
vt 0.861572 0.937988
vt 0.866211 0.940430
vt 0.866699 0.954834
vt 0.871094 0.952148
vt 0.845215 0.942627
vt 0.844727 0.950195
vt 0.836670 0.954346
vt 0.843262 0.144043
vt 0.867188 0.161865
vt 0.879395 0.973633
vt 0.846924 0.311523
vt 0.848877 0.309570
vt 0.863037 0.328613
vt 0.866211 0.334717
vt 0.965820 0.278564
vt 0.961426 0.277100
vt 0.967285 0.276855
vt 0.210693 0.933105
vt 0.219482 0.927734
vt 0.211182 0.923584
vt 0.206299 0.928711
vt 0.203369 0.939697
vt 0.197266 0.931396
vt 0.199707 0.912109
vt 0.206299 0.917969
vt 0.202148 0.901123
vt 0.213867 0.913574
vt 0.986084 0.198242
vt 0.980225 0.198730
vt 0.983398 0.328125
vt 0.988281 0.323975
vt 0.990479 0.330078
vt 0.995117 0.316406
vt 0.988525 0.316406
vt 0.993965 0.315786
vt 0.988646 0.314713
vt 0.984863 0.316650
vt 0.987496 0.314182
vt 0.985405 0.311779
vt 0.985107 0.320557
vt 0.982393 0.212474
vt 0.981985 0.211362
vt 0.983398 0.212646
vt 0.994026 0.315401
vt 0.969482 0.315186
vt 0.966553 0.321533
vt 0.198242 0.955811
vt 0.217041 0.920410
vt 0.856446 0.278992
vt 0.878662 0.275635
vt 0.878827 0.271184
vt 0.487061 0.818604
vt 0.486843 0.818776
vt 0.486821 0.818638
vt 0.486805 0.818510
vt 0.487837 0.814568
vt 0.487508 0.812593
vt 0.986367 0.862024
vt 0.039551 0.503418
vt 0.038463 0.503590
vt 0.517090 0.833008
vt 0.829102 0.833008
vt 0.830566 0.829834
vt 0.039983 0.499511
vt 0.042969 0.501953
vt 0.194336 0.953857
vt 0.189453 0.924805
vt 0.179199 0.932373
vt 0.391357 0.936279
vt 0.981201 0.156006
vt 0.981201 0.153076
vt 0.966553 0.129883
vt 0.416992 0.953613
vt 0.246094 0.499512
vt 0.265869 0.701416
vt 0.289551 0.720215
vt 0.288574 0.728760
vt 0.290283 0.729492
vt 0.300049 0.731689
vt 0.303955 0.738525
vt 0.302490 0.733887
vt 0.304199 0.732910
vt 0.302490 0.723389
vt 0.303955 0.722168
vt 0.310791 0.730713
vt 0.320068 0.714355
vt 0.802356 0.690478
vt 0.809082 0.703369
vt 0.796387 0.696777
vt 0.799239 0.689290
vt 0.346666 0.200207
vt 0.344482 0.196533
vt 0.346665 0.200171
vt 0.347213 0.195416
vt 0.756278 0.533335
vt 0.760498 0.532715
vt 0.763916 0.535645
vt 0.755826 0.534465
vt 0.752170 0.538581
vt 0.759766 0.550537
vt 0.749727 0.540926
vt 0.746338 0.551758
vt 0.747776 0.542768
vt 0.307950 0.739615
vt 0.309639 0.738011
vt 0.313721 0.736572
vt 0.313269 0.736924
vt 0.316406 0.739014
vt 0.314211 0.739316
vt 0.315251 0.741819
vt 0.317372 0.739497
vt 0.805284 0.681674
vt 0.807378 0.680563
vt 0.807861 0.680908
vt 0.805710 0.682505
vt 0.809814 0.684326
vt 0.808938 0.684528
vt 0.314350 0.736864
vt 0.309825 0.742873
vt 0.310015 0.743453
vt 0.309959 0.745292
vt 0.307617 0.743652
vt 0.307854 0.746728
vt 0.307793 0.746681
vt 0.739102 0.549321
vt 0.740027 0.549145
vt 0.741211 0.551514
vt 0.738314 0.549454
vt 0.738095 0.550544
vt 0.736497 0.551744
vt 0.757324 0.552734
vt 0.742102 0.547992
vt 0.740516 0.548851
vt 0.304050 0.751874
vt 0.306874 0.747282
vt 0.724925 0.551891
vt 0.726620 0.553020
vt 0.724609 0.553467
vt 0.770264 0.535156
vt 0.774902 0.532715
vt 0.337646 0.202637
vt 0.340088 0.200684
vt 0.339844 0.207520
vt 0.341309 0.204834
vt 0.343994 0.209717
vt 0.416260 0.275879
vt 0.412842 0.269287
vt 0.417725 0.275879
vt 0.416504 0.269775
vt 0.636475 0.875732
vt 0.637451 0.883789
vt 0.633057 0.884766
vt 0.632813 0.870361
vt 0.400879 0.275635
vt 0.399902 0.264404
vt 0.411865 0.279053
vt 0.404785 0.281494
vt 0.350601 0.219591
vt 0.347656 0.220947
vt 0.347656 0.216797
vt 0.349493 0.216362
vt 0.364529 0.892460
vt 0.364990 0.892619
vt 0.363770 0.892822
vt 0.355469 0.885986
vt 0.363328 0.886814
vt 0.354004 0.880615
vt 0.361258 0.883269
vt 0.359936 0.879402
vt 0.360399 0.870883
vt 0.878381 0.083774
vt 0.877686 0.093506
vt 0.869141 0.084229
vt 0.874920 0.079605
vt 0.869385 0.079590
vt 0.874515 0.077880
vt 0.874769 0.076189
vt 0.874164 0.075408
vt 0.873584 0.073356
vt 0.860352 0.093018
vt 0.859131 0.094727
vt 0.868408 0.097412
vt 0.867188 0.101074
vt 0.877686 0.095947
vt 0.869629 0.103027
vt 0.371872 0.294210
vt 0.371405 0.294377
vt 0.374237 0.293475
vt 0.379883 0.290283
vt 0.378861 0.292326
vt 0.380281 0.291447
vt 0.380787 0.291368
vt 0.383262 0.291719
vt 0.384277 0.283447
vt 0.388391 0.291861
vt 0.401123 0.284912
vt 0.396407 0.288826
vt 0.353070 0.225928
vt 0.354687 0.234376
vt 0.351074 0.227051
vt 0.351318 0.220829
vt 0.394043 0.278320
vt 0.382324 0.273926
vt 0.383301 0.263184
vt 0.396484 0.270020
vt 0.382080 0.253662
vt 0.628662 0.872559
vt 0.376221 0.267334
vt 0.343018 0.883057
vt 0.878418 0.119873
vt 0.868408 0.124023
vt 0.788790 0.691937
vt 0.792480 0.702393
vt 0.787354 0.695557
vt 0.787609 0.693598
vt 0.793836 0.688607
vt 0.794060 0.688486
vt 0.794199 0.688465
vt 0.795654 0.702148
vt 0.801514 0.715088
vt 0.965576 0.009766
vt 0.963623 0.000244
vt 0.981934 0.006592
vt 0.302979 0.716064
vt 0.311523 0.703857
vt 0.304199 0.708740
vt 0.299805 0.703857
vt 0.292480 0.720215
vt 0.316650 0.697266
vt 0.348426 0.206615
vt 0.347618 0.203844
vt 0.349193 0.208817
vt 0.349202 0.215209
vt 0.794922 0.708984
vt 0.787076 0.694595
vt 0.767334 0.533447
vt 0.339844 0.197266
vt 0.318264 0.737625
vt 0.859375 0.132568
vt 0.951660 0.363525
vt 0.203618 0.367216
vt 0.278076 0.936523
vt 0.647461 0.876709
vt 0.727393 0.556087
vt 0.729492 0.575195
vt 0.748535 0.579346
vt 0.735596 0.579590
vt 0.729004 0.574219
vt 0.745850 0.577148
vt 0.732178 0.572021
vt 0.971924 0.450195
vt 0.977783 0.446289
vt 0.973145 0.433105
vt 0.979004 0.435791
vt 0.731934 0.567139
vt 0.727539 0.568848
vt 0.983154 0.430908
vt 0.973877 0.427734
vt 0.962646 0.430420
vt 0.018637 0.343321
vt 0.018555 0.344971
vt 0.021621 0.335389
vt 0.028107 0.322501
vt 0.003174 0.368164
vt 0.729007 0.558132
vt 0.267090 0.746826
vt 0.042480 0.636719
vt 0.036865 0.642334
vt 0.809326 0.828369
vt 0.152344 0.059814
vt 0.169434 0.064209
vt 0.155273 0.056396
vt 0.814209 0.829590
vt 0.155762 0.887939
vt 0.151611 0.877441
vt 0.153809 0.876221
vt 0.168945 0.060547
vt 0.181885 0.053711
vt 0.183350 0.055664
vt 0.187500 0.050049
vt 0.148926 0.867676
vt 0.142090 0.885010
vt 0.147705 0.864502
vt 0.170898 0.081543
vt 0.145264 0.885498
vt 0.145508 0.892090
vt 0.151367 0.866943
vt 0.125000 0.951416
vt 0.399170 0.936523
vt 0.039147 0.502207
vt 0.826631 0.826849
vt 0.231689 0.751465
vt 0.283132 0.060093
vt 0.112404 0.950303
vt 0.111741 0.947110
vt 0.112061 0.951172
vt 0.806152 0.938232
vt 0.812500 0.929443
vt 0.807617 0.941406
vt 0.808350 0.929932
vt 0.814697 0.921875
vt 0.820801 0.921143
vt 0.817871 0.916748
vt 0.812012 0.916260
vt 0.820313 0.912354
vt 0.818451 0.916488
vt 0.821485 0.912662
vt 0.026167 0.206870
vt 0.022234 0.198715
vt 0.026611 0.197754
vt 0.820090 0.908351
vt 0.813965 0.910400
vt 0.817463 0.906320
vt 0.426775 0.947502
vt 0.420654 0.946045
vt 0.425781 0.941650
vt 0.427995 0.944601
vt 0.425379 0.937093
vt 0.427410 0.940547
vt 0.418945 0.937256
vt 0.423273 0.934486
vt 0.821870 0.918723
vt 0.818442 0.916748
vt 0.821289 0.919434
vt 0.431503 0.922622
vt 0.430118 0.923327
vt 0.428467 0.922363
vt 0.430056 0.924718
vt 0.426305 0.930767
vt 0.424072 0.930420
vt 0.424535 0.931809
vt 0.827393 0.920898
vt 0.829834 0.921875
vt 0.264893 0.817627
vt 0.272705 0.806396
vt 0.417236 0.941162
vt 0.265625 0.821045
vt 0.195557 0.050537
vt 0.191650 0.056885
vt 0.196289 0.041992
vt 0.200195 0.041992
vt 0.199463 0.046631
vt 0.205322 0.044189
vt 0.200195 0.049805
vt 0.201416 0.055664
vt 0.195557 0.058838
vt 0.204834 0.040283
vt 0.736328 0.031738
vt 0.742432 0.042236
vt 0.735596 0.037354
vt 0.746826 0.034424
vt 0.745780 0.033139
vt 0.737715 0.026191
vt 0.838123 0.588827
vt 0.838079 0.588731
vt 0.838379 0.588623
vt 0.751927 0.037351
vt 0.752090 0.037453
vt 0.751709 0.037598
vt 0.747301 0.034280
vt 0.746826 0.034019
vt 0.746977 0.034143
vt 0.837283 0.587269
vt 0.835255 0.583515
vt 0.070876 0.386348
vt 0.071099 0.386912
vt 0.070557 0.387207
vt 0.062988 0.385010
vt 0.067657 0.382251
vt 0.058594 0.379883
vt 0.066846 0.379217
vt 0.067139 0.374023
vt 0.067169 0.374045
vt 0.366502 0.796588
vt 0.368223 0.792859
vt 0.377686 0.800781
vt 0.374268 0.805420
vt 0.365949 0.798266
vt 0.365085 0.804400
vt 0.369873 0.807861
vt 0.366418 0.806556
vt 0.366294 0.811440
vt 0.817236 0.569014
vt 0.812909 0.564422
vt 0.812500 0.558594
vt 0.824951 0.566406
vt 0.817500 0.569291
vt 0.822391 0.572380
vt 0.823411 0.573429
vt 0.834500 0.582755
vt 0.832868 0.581293
vt 0.829102 0.575195
vt 0.827946 0.576697
vt 0.826598 0.576140
vt 0.825545 0.575084
vt 0.827148 0.558594
vt 0.820557 0.551025
vt 0.375488 0.812500
vt 0.384521 0.809326
vt 0.380127 0.815430
vt 0.379150 0.796875
vt 0.391113 0.800049
vt 0.381348 0.790771
vt 0.392578 0.794678
vt 0.397705 0.797119
vt 0.412109 0.810059
vt 0.409912 0.792480
vt 0.695313 0.960693
vt 0.687500 0.949463
vt 0.693359 0.945557
vt 0.589111 0.795166
vt 0.591064 0.801514
vt 0.587402 0.800293
vt 0.588867 0.806152
vt 0.577393 0.806396
vt 0.589355 0.818604
vt 0.577509 0.824305
vt 0.582616 0.826532
vt 0.594727 0.819824
vt 0.598389 0.813721
vt 0.598877 0.806885
vt 0.601563 0.809814
vt 0.603760 0.814209
vt 0.606934 0.803955
vt 0.610352 0.816650
vt 0.596436 0.822998
vt 0.609619 0.821289
vt 0.616211 0.821533
vt 0.602539 0.831787
vt 0.623047 0.827148
vt 0.966797 0.497070
vt 0.973877 0.491699
vt 0.971924 0.510254
vt 0.967041 0.507568
vt 0.975342 0.515869
vt 0.971191 0.518555
vt 0.963867 0.518311
vt 0.957520 0.496826
vt 0.955566 0.510498
vt 0.947998 0.496094
vt 0.959473 0.492920
vt 0.967773 0.493164
vt 0.959717 0.478760
vt 0.951904 0.480225
vt 0.676025 0.965332
vt 0.672363 0.972656
vt 0.671143 0.971436
vt 0.669189 0.972656
vt 0.968750 0.477295
vt 0.956787 0.476563
vt 0.073975 0.419678
vt 0.064941 0.431396
vt 0.063232 0.419922
vt 0.079834 0.409180
vt 0.980225 0.477295
vt 0.967041 0.481201
vt 0.972168 0.489014
vt 0.977783 0.484863
vt 0.589212 0.836068
vt 0.596191 0.834717
vt 0.597900 0.838623
vt 0.589007 0.836283
vt 0.081831 0.404520
vt 0.082510 0.406886
vt 0.077082 0.402407
vt 0.076366 0.401773
vt 0.064941 0.398926
vt 0.075880 0.401205
vt 0.069092 0.392578
vt 0.076076 0.400689
vt 0.079990 0.400362
vt 0.073125 0.390200
vt 0.071217 0.387187
vt 0.055664 0.392334
vt 0.061523 0.403809
vt 0.695557 0.987305
vt 0.677002 0.980957
vt 0.697998 0.967529
vt 0.687500 0.967285
vt 0.393066 0.785156
vt 0.407227 0.781250
vt 0.394775 0.780273
vt 0.399902 0.769043
vt 0.388428 0.772461
vt 0.396973 0.764648
vt 0.386475 0.768066
vt 0.388672 0.759521
vt 0.378166 0.765252
vt 0.376921 0.767028
vt 0.376528 0.764958
vt 0.376913 0.761514
vt 0.379395 0.760742
vt 0.382857 0.756546
vt 0.378863 0.757872
vt 0.386446 0.753756
vt 0.387577 0.753287
vt 0.388428 0.753662
vt 0.388627 0.752767
vt 0.053236 0.360081
vt 0.054867 0.362062
vt 0.052490 0.361572
vt 0.058095 0.364708
vt 0.371739 0.780704
vt 0.386475 0.784668
vt 0.371634 0.782607
vt 0.371256 0.783846
vt 0.370046 0.787360
vt 0.376709 0.791992
vt 0.369810 0.787731
vt 0.368458 0.791992
vt 0.368539 0.792544
vt 0.067093 0.373918
vt 0.052490 0.367676
vt 0.061783 0.368587
vt 0.067159 0.374015
vt 0.375732 0.778564
vt 0.371569 0.777593
vt 0.373302 0.775262
vt 0.378906 0.773438
vt 0.374172 0.772880
vt 0.376069 0.768331
vt 0.665263 0.980112
vt 0.670920 0.983189
vt 0.959665 0.902412
vt 0.959350 0.902861
vt 0.954590 0.901123
vt 0.954654 0.907249
vt 0.059165 0.426430
vt 0.056635 0.424163
vt 0.054476 0.422534
vt 0.674521 0.985298
vt 0.677032 0.987707
vt 0.951172 0.898193
vt 0.960284 0.901507
vt 0.810458 0.891711
vt 0.803223 0.895752
vt 0.810367 0.891704
vt 0.870280 0.526609
vt 0.864914 0.524800
vt 0.871582 0.520752
vt 0.874382 0.524858
vt 0.876299 0.523553
vt 0.876953 0.518799
vt 0.877518 0.520323
vt 0.796387 0.896484
vt 0.795428 0.896766
vt 0.794073 0.900980
vt 0.805420 0.897949
vt 0.811279 0.904053
vt 0.809570 0.911133
vt 0.798203 0.920286
vt 0.798485 0.920861
vt 0.804688 0.924316
vt 0.799238 0.922249
vt 0.802072 0.924470
vt 0.801300 0.927139
vt 0.803236 0.929858
vt 0.806152 0.927979
vt 0.804161 0.931142
vt 0.234064 0.970839
vt 0.233154 0.971924
vt 0.233573 0.970459
vt 0.229145 0.970447
vt 0.236325 0.970975
vt 0.805404 0.935645
vt 0.805637 0.936817
vt 0.236397 0.970531
vt 0.237267 0.970541
vt 0.274248 0.067235
vt 0.274868 0.066425
vt 0.960977 0.566371
vt 0.961272 0.566281
vt 0.961670 0.566406
vt 0.961725 0.566296
vt 0.805932 0.938177
vt 0.731668 0.021316
vt 0.718262 0.025146
vt 0.722656 0.019287
vt 0.731695 0.021190
vt 0.731707 0.021467
vt 0.730991 0.025927
vt 0.725830 0.027344
vt 0.736259 0.026082
vt 0.730957 0.031738
vt 0.728760 0.018066
vt 0.731834 0.021141
vt 0.729788 0.015497
vt 0.727624 0.011706
vt 0.810717 0.892026
vt 0.812988 0.897705
vt 0.590332 0.839111
vt 0.588994 0.836818
vt 0.587283 0.828698
vt 0.587290 0.828533
vt 0.587180 0.828514
vt 0.947998 0.907471
vt 0.677979 0.950684
vt 0.947998 0.504150
vt 0.941650 0.498779
vt 0.609375 0.788818
vt 0.609619 0.795654
vt 0.594727 0.795898
vt 0.604492 0.801270
vt 0.609863 0.803711
vt 0.614258 0.804688
vt 0.617188 0.800049
vt 0.620361 0.808105
vt 0.616943 0.811523
vt 0.613281 0.813721
vt 0.617188 0.817871
vt 0.625732 0.816406
vt 0.622559 0.822754
vt 0.626465 0.797852
vt 0.615234 0.791504
vt 0.956299 0.516113
vt 0.956299 0.521484
vt 0.629395 0.808594
vt 0.978271 0.511475
vt 0.576904 0.799072
vt 0.074951 0.926025
vt 0.075195 0.918457
vt 0.067163 0.374022
vt 0.418457 0.944580
vt 0.427510 0.941950
vt 0.457159 0.917388
vt 0.455346 0.916953
vt 0.453369 0.915039
vt 0.452443 0.916768
vt 0.112418 0.950598
vt 0.201904 0.980225
vt 0.898709 0.538932
vt 0.901557 0.541327
vt 0.902321 0.541144
vt 0.790858 0.905744
vt 0.790912 0.905432
vt 0.790789 0.905558
vt 0.878024 0.518235
vt 0.082764 0.929688
vt 0.984863 0.948975
vt 0.984619 0.930664
vt 0.976807 0.948975
vt 0.977783 0.940674
vt 0.970703 0.942139
vt 0.965820 0.933350
vt 0.962828 0.958353
vt 0.963671 0.958893
vt 0.970459 0.953613
vt 0.967010 0.957166
vt 0.971697 0.955006
vt 0.975209 0.954887
vt 0.977888 0.954977
vt 0.983899 0.961311
vt 0.542056 0.821257
vt 0.544920 0.827929
vt 0.409912 0.816650
vt 0.226807 0.049805
vt 0.232422 0.049072
vt 0.224121 0.052490
vt 0.192627 0.061035
vt 0.016766 0.460292
vt 0.018307 0.461491
vt 0.018438 0.461516
vt 0.019378 0.461696
vt 0.751953 0.971924
vt 0.219727 0.077881
vt 0.222656 0.072266
vt 0.228027 0.066406
vt 0.236084 0.068115
vt 0.237305 0.073242
vt 0.244385 0.072266
vt 0.244385 0.074951
vt 0.239746 0.064941
vt 0.859375 0.491211
vt 0.861084 0.500977
vt 0.872070 0.496094
vt 0.869141 0.502441
vt 0.869385 0.504883
vt 0.872803 0.499756
vt 0.876953 0.498047
vt 0.878174 0.501953
vt 0.934570 0.652588
vt 0.939697 0.646729
vt 0.918701 0.649658
vt 0.922363 0.662598
vt 0.939941 0.660889
vt 0.928223 0.664795
vt 0.915527 0.665527
vt 0.915283 0.663330
vt 0.913574 0.660889
vt 0.911133 0.663330
vt 0.907715 0.654053
vt 0.906738 0.663818
vt 0.914063 0.667725
vt 0.903564 0.674805
vt 0.900146 0.661377
vt 0.127197 0.679932
vt 0.119629 0.692139
vt 0.120117 0.675781
vt 0.125244 0.671387
vt 0.134075 0.670761
vt 0.133976 0.670238
vt 0.122559 0.670654
vt 0.133956 0.670189
vt 0.133615 0.667780
vt 0.123535 0.668701
vt 0.133576 0.667610
vt 0.133165 0.666133
vt 0.133017 0.665540
vt 0.134225 0.662164
vt 0.902832 0.681152
vt 0.900146 0.679688
vt 0.682053 0.522982
vt 0.679932 0.521973
vt 0.681942 0.522866
vt 0.681209 0.521927
vt 0.679443 0.520752
vt 0.680676 0.520916
vt 0.679309 0.519465
vt 0.666016 0.511963
vt 0.670387 0.509140
vt 0.135272 0.677011
vt 0.134782 0.685710
vt 0.134859 0.688383
vt 0.134975 0.689173
vt 0.131104 0.691406
vt 0.122559 0.693848
vt 0.125488 0.694580
vt 0.135081 0.692182
vt 0.135019 0.691195
vt 0.130778 0.708171
vt 0.124756 0.698975
vt 0.133530 0.706320
vt 0.133789 0.703369
vt 0.134363 0.705092
vt 0.135297 0.702866
vt 0.135005 0.704401
vt 0.135442 0.702028
vt 0.135408 0.701481
vt 0.135520 0.699039
vt 0.129883 0.708252
vt 0.127197 0.706299
vt 0.121094 0.694824
vt 0.664795 0.511230
vt 0.655273 0.519287
vt 0.653564 0.519043
vt 0.652344 0.525635
vt 0.650879 0.523438
vt 0.898193 0.659668
vt 0.648193 0.531494
vt 0.652100 0.533936
vt 0.656738 0.530273
vt 0.666992 0.528320
vt 0.665283 0.526611
vt 0.664795 0.525146
vt 0.672119 0.525635
vt 0.670654 0.527832
vt 0.672363 0.528564
vt 0.682059 0.522989
vt 0.128853 0.709522
vt 0.129980 0.708605
vt 0.669587 0.508181
vt 0.669913 0.508527
vt 0.135531 0.690400
vt 0.682115 0.523044
vt 0.925293 0.668213
vt 0.920166 0.674072
vt 0.888184 0.505615
vt 0.935791 0.680176
vt 0.253174 0.077393
vt 0.243896 0.076660
vt 0.680420 0.629883
vt 0.678955 0.620361
vt 0.679443 0.606201
vt 0.681396 0.605225
vt 0.042480 0.529297
vt 0.039795 0.941895
vt 0.011230 0.864502
vt 0.041260 0.573975
vt 0.858154 0.620605
vt 0.617188 0.937744
vt 0.876709 0.655762
vt 0.639404 0.700684
vt 0.656738 0.707764
vt 0.274658 0.088135
vt 0.256963 0.099819
vt 0.554199 0.019531
vt 0.949463 0.165771
vt 0.958008 0.174316
vt 0.948730 0.176514
vt 0.148438 0.984863
vt 0.162109 0.984375
vt 0.146240 0.982910
vt 0.137695 0.981445
vt 0.782471 0.350098
vt 0.807861 0.365234
vt 0.299805 0.047607
vt 0.972090 0.329488
vt 0.245361 0.945801
vt 0.246826 0.949951
vt 0.242449 0.950255
vt 0.246262 0.950172
vt 0.246764 0.950176
vt 0.915737 0.585912
vt 0.246973 0.950154
vt 0.910156 0.588379
vt 0.915283 0.594482
vt 0.914307 0.596924
vt 0.706787 0.853516
vt 0.600830 0.844238
vt 0.567139 0.885986
vt 0.159619 0.950066
vt 0.157077 0.948522
vt 0.159503 0.951379
vt 0.160870 0.953236
vt 0.561035 0.984131
vt 0.554567 0.982989
vt 0.155004 0.945532
vt 0.092529 0.824951
vt 0.083984 0.818604
vt 0.177734 0.914307
vt 0.189453 0.917480
vt 0.037109 0.652588
vt 0.894531 0.443115
vt 0.892090 0.437256
vt 0.038821 0.923195
vt 0.848938 0.453740
vt 0.039780 0.922462
vt 0.236328 0.044678
vt 0.092285 0.653320
vt 0.707245 0.552308
vt 0.769531 0.064941
vt 0.767090 0.064697
vt 0.771240 0.059326
vt 0.790527 0.052490
vt 0.796875 0.041992
vt 0.796143 0.034912
vt 0.803711 0.036133
vt 0.804932 0.031982
vt 0.631348 0.018799
vt 0.621826 0.017090
vt 0.629639 0.009521
vt 0.623291 0.023193
vt 0.623426 0.025625
vt 0.624532 0.026466
vt 0.618704 0.022486
vt 0.620935 0.024407
vt 0.618896 0.022217
vt 0.615564 0.021575
vt 0.615723 0.018799
vt 0.634033 0.023438
vt 0.625022 0.027000
vt 0.804688 0.039063
vt 0.801514 0.044922
vt 0.796387 0.050781
vt 0.809814 0.052979
vt 0.811523 0.047363
vt 0.816406 0.049072
vt 0.818848 0.045410
vt 0.806152 0.042480
vt 0.812500 0.053711
vt 0.799316 0.066162
vt 0.792969 0.063477
vt 0.786377 0.059814
vt 0.788086 0.063232
vt 0.808594 0.065430
vt 0.803223 0.069580
vt 0.809082 0.069580
vt 0.448975 0.065186
vt 0.452637 0.060791
vt 0.446777 0.054932
vt 0.453857 0.055908
vt 0.791504 0.524902
vt 0.462402 0.043457
vt 0.465576 0.045654
vt 0.458252 0.039063
vt 0.739746 0.504395
vt 0.733887 0.508545
vt 0.736328 0.495117
vt 0.732178 0.497070
vt 0.455811 0.035156
vt 0.464355 0.031738
vt 0.443848 0.040283
vt 0.455566 0.031982
vt 0.453125 0.029541
vt 0.461670 0.020020
vt 0.725586 0.490234
vt 0.719238 0.501221
vt 0.734723 0.489434
vt 0.728973 0.488278
vt 0.603552 0.079669
vt 0.606093 0.078006
vt 0.603760 0.081543
vt 0.602485 0.080319
vt 0.599609 0.083740
vt 0.599263 0.082310
vt 0.594813 0.083548
vt 0.601318 0.085205
vt 0.736323 0.490206
vt 0.219937 0.540644
vt 0.215576 0.531250
vt 0.218668 0.531250
vt 0.217708 0.529179
vt 0.889159 0.029231
vt 0.888428 0.026855
vt 0.771729 0.490479
vt 0.780816 0.491037
vt 0.774221 0.490179
vt 0.772602 0.489872
vt 0.771049 0.489799
vt 0.772134 0.489824
vt 0.273829 0.816105
vt 0.720847 0.572707
vt 0.914551 0.622803
vt 0.914551 0.615479
vt 0.918213 0.618896
vt 0.815918 0.464355
vt 0.813477 0.468750
vt 0.810059 0.463867
vt 0.811035 0.468750
vt 0.806885 0.471191
vt 0.812012 0.461182
vt 0.717773 0.648926
vt 0.131104 0.978027
vt 0.814453 0.495117
vt 0.521240 0.060059
vt 0.514648 0.073975
vt 0.515869 0.043945
vt 0.289795 0.922607
vt 0.269775 0.913330
vt 0.267334 0.902100
vt 0.262939 0.897217
vt 0.257813 0.905762
vt 0.272705 0.918213
vt 0.261719 0.919922
vt 0.275879 0.924316
vt 0.293457 0.925537
vt 0.681152 0.013428
vt 0.654785 0.011719
vt 0.980957 0.808594
vt 0.971191 0.812012
vt 0.962646 0.808105
vt 0.847168 0.503174
vt 0.853027 0.494141
vt 0.847253 0.503674
vt 0.850780 0.507627
vt 0.847051 0.503455
vt 0.846699 0.503308
vt 0.842041 0.501859
vt 0.840490 0.501739
vt 0.836046 0.501506
vt 0.834472 0.501956
vt 0.832792 0.502226
vt 0.259033 0.924072
vt 0.822685 0.504055
vt 0.017548 0.960223
vt 0.017385 0.964499
vt 0.003906 0.960693
vt 0.017170 0.968404
vt 0.002930 0.971924
vt 0.851318 0.477051
vt 0.265869 0.929199
vt 0.176514 0.968994
vt 0.220215 0.409668
vt 0.553955 0.883789
vt 0.650391 0.016602
vt 0.083740 0.492432
vt 0.078613 0.498779
vt 0.075439 0.492920
vt 0.082520 0.486816
vt 0.084961 0.478760
vt 0.086670 0.489746
vt 0.078369 0.478760
vt 0.079102 0.486328
vt 0.090332 0.478271
vt 0.648682 0.022949
vt 0.063678 0.051541
vt 0.056185 0.054470
vt 0.064007 0.051391
vt 0.064153 0.051294
vt 0.136809 0.489967
vt 0.611883 0.020678
vt 0.424805 0.067627
vt 0.223561 0.548582
vt 0.892578 0.006348
vt 0.047363 0.447754
vt 0.779541 0.033203
vt 0.098633 0.483154
vt 0.074219 0.048340
vt 0.113182 0.466992
vt 0.117001 0.463408
vt 0.118750 0.464263
vt 0.118428 0.462182
vt 0.117886 0.456574
vt 0.120284 0.455784
vt 0.119934 0.452303
vt 0.226807 0.587402
vt 0.228516 0.590332
vt 0.238525 0.588867
vt 0.238525 0.593506
vt 0.242920 0.589355
vt 0.245117 0.592773
vt 0.244385 0.596436
vt 0.247870 0.593822
vt 0.246742 0.592773
vt 0.561477 0.099925
vt 0.562222 0.100336
vt 0.562012 0.101074
vt 0.561525 0.100587
vt 0.560700 0.100729
vt 0.561385 0.101756
vt 0.562160 0.102615
vt 0.563685 0.104312
vt 0.568359 0.109619
vt 0.568471 0.109920
vt 0.567887 0.098918
vt 0.565558 0.099814
vt 0.241054 0.587403
vt 0.571309 0.097727
vt 0.571555 0.097160
vt 0.242934 0.589178
vt 0.243055 0.589301
vt 0.243107 0.589413
vt 0.245441 0.591963
vt 0.212073 0.605172
vt 0.204103 0.604672
vt 0.222656 0.602539
vt 0.216167 0.605378
vt 0.220684 0.604840
vt 0.233887 0.601318
vt 0.228244 0.604288
vt 0.231936 0.604340
vt 0.235540 0.603953
vt 0.243474 0.603475
vt 0.232666 0.597900
vt 0.243578 0.603477
vt 0.248419 0.593980
vt 0.249213 0.595851
vt 0.244629 0.599365
vt 0.250484 0.598432
vt 0.247730 0.605567
vt 0.248294 0.605412
vt 0.251834 0.599822
vt 0.248630 0.605218
vt 0.251764 0.603411
vt 0.253039 0.600311
vt 0.252485 0.602763
vt 0.254178 0.601781
vt 0.243660 0.603482
vt 0.188204 0.607526
vt 0.096680 0.436035
vt 0.196533 0.570801
vt 0.178511 0.606756
vt 0.109530 0.436435
s 0
usemtl Mat_0.011
f 3433/1/1 3434/1/1 3577/1/1
f 3433/1/2 3577/1/2 3437/1/2
f 3438/1/3 3433/1/3 3437/1/3
f 3445/1/3 3441/1/3 3442/1/3
f 3445/1/3 3442/1/3 3434/1/3
f 3444/1/2 3441/1/2 3445/1/2
f 3444/1/3 3443/1/3 3441/1/3
f 3446/1/3 3576/1/3 3575/1/3
f 3574/1/2 3446/1/2 3575/1/2
f 3470/1/3 3446/1/3 3573/1/3
f 4751/1/2 3446/1/2 3470/1/2
f 4751/1/2 3470/1/2 4752/1/2
f 4756/1/2 4803/1/2 3468/1/2
f 4755/1/3 4756/1/3 3468/1/3
f 4757/1/2 4755/1/2 3468/1/2
f 4800/1/3 4757/1/3 3468/1/3
f 4800/1/2 3468/1/2 3466/1/2
f 4800/1/2 3466/1/2 4799/1/2
f 4793/1/2 4798/1/2 3465/1/2
f 4792/1/3 4793/1/3 3465/1/3
f 4792/1/2 3465/1/2 3458/1/2
f 4792/1/2 3458/1/2 4794/1/2
f 4794/1/2 3458/1/2 3478/1/2
f 4794/1/3 3478/1/3 4795/1/3
f 3529/1/2 3448/1/2 3530/1/2
f 3448/1/2 3531/1/2 3530/1/2
f 3448/1/3 3481/1/3 3531/1/3
f 3531/1/3 3481/1/3 3482/1/3
f 3481/1/2 3484/1/2 3483/1/2
f 3484/1/2 3448/1/2 3449/1/2
f 3479/1/2 3457/1/2 3459/1/2
f 3477/1/2 3457/1/2 3479/1/2
f 3479/1/2 3460/1/2 3480/1/2
f 3460/1/2 3528/1/2 3480/1/2
f 3477/1/2 3458/1/2 3457/1/2
f 3460/1/3 3479/1/3 3459/1/3
f 3528/1/2 3460/1/2 3463/1/2
f 3528/1/3 3463/1/3 3529/1/3
f 3529/1/2 3463/1/2 3447/1/2
f 4797/1/3 3464/1/3 3465/1/3
f 4802/1/3 3467/1/3 3468/1/3
f 4801/1/2 3469/1/2 3467/1/2
f 3448/1/2 3484/1/2 3481/1/2
f 3448/1/2 3529/1/2 3447/1/2
f 3561/1/2 3511/1/2 3560/1/2
f 3560/1/2 3511/1/2 3558/1/2
f 3511/1/2 3559/1/2 3558/1/2
f 3559/1/2 3512/1/2 3562/1/2
f 3562/1/2 3512/1/2 3563/1/2
f 3507/1/4 3543/1/4 3544/1/4
f 3502/1/3 3507/1/3 3544/1/3
f 3544/1/5 3501/1/5 3502/1/5
f 3509/1/2 3536/1/2 3508/1/2
f 3508/1/3 3536/1/3 3557/1/3
f 3556/1/2 3508/1/2 3557/1/2
f 3491/1/3 3556/1/3 3555/1/3
f 3491/1/2 3555/1/2 3492/1/2
f 3556/1/6 3489/1/6 3490/1/6
f 3556/1/7 3490/1/7 3541/1/7
f 3556/1/3 3541/1/3 3507/1/3
f 3507/1/8 3541/1/8 3542/1/8
f 3535/1/2 3509/1/2 3537/1/2
f 3509/1/2 3538/1/2 3537/1/2
f 3510/1/3 3538/1/3 3509/1/3
f 3538/1/2 3510/1/2 3539/1/2
f 3539/1/3 3510/1/3 3540/1/3
f 3510/1/3 3561/1/3 3540/1/3
f 3496/1/3 3550/1/3 3549/1/3
f 3548/1/2 3496/1/2 3549/1/2
f 3496/1/3 3548/1/3 3495/1/3
f 3794/1/2 3497/1/2 3498/1/2
f 3794/1/2 3498/1/2 3795/1/2
f 3801/1/2 3497/1/2 3815/1/2
f 3801/1/3 3450/1/3 3497/1/3
f 3552/1/2 3578/1/2 3456/1/2
f 3454/1/2 3552/1/2 3456/1/2
f 3552/1/3 3454/1/3 3553/1/3
f 3462/1/2 3552/1/2 3551/1/2
f 3462/1/3 3551/1/3 3450/1/3
f 3450/1/2 3551/1/2 3550/1/2
f 3552/1/2 3462/1/2 3461/1/2
f 3553/1/2 3454/1/2 3554/1/2
f 3454/1/3 3492/1/3 3554/1/3
f 3492/1/3 3454/1/3 3455/1/3
f 3506/1/2 3492/1/2 3455/1/2
f 3451/1/9 3505/1/9 3453/1/9
f 3506/1/2 3451/1/2 3452/1/2
f 3452/1/10 3494/1/10 3492/1/10
f 3494/1/11 3493/1/11 3492/1/11
f 3488/1/2 3534/1/2 3533/1/2
f 3802/1/3 3488/1/3 3533/1/3
f 3802/1/3 3533/1/3 3803/1/3
f 3495/1/3 3534/1/3 3485/1/3
f 3534/1/12 3487/1/12 3485/1/12
f 3485/1/13 3487/1/13 3486/1/13
f 3803/1/14 3532/1/14 3806/1/14
f 3803/1/2 3533/1/2 3532/1/2
f 3534/1/15 3488/1/15 3487/1/15
f 3505/1/8 3504/1/8 3453/1/8
f 3505/1/3 3451/1/3 3506/1/3
f 3492/1/16 3506/1/16 3452/1/16
f 3552/1/3 3461/1/3 3578/1/3
f 3796/1/3 3795/1/3 3498/1/3
f 3794/1/3 3815/1/3 3497/1/3
f 3497/1/2 3450/1/2 3496/1/2
f 3495/1/2 3548/1/2 3534/1/2
f 3496/1/2 3450/1/2 3550/1/2
f 3492/1/2 3555/1/2 3554/1/2
f 3556/1/2 3491/1/2 3489/1/2
f 3536/1/3 3509/1/3 3535/1/3
f 3514/1/2 3565/1/2 3512/1/2
f 3512/1/2 3565/1/2 3564/1/2
f 3514/1/3 3566/1/3 3565/1/3
f 3475/1/2 3545/1/2 3546/1/2
f 3475/1/2 3546/1/2 3474/1/2
f 3517/1/2 3545/1/2 3516/1/2
f 3517/1/3 3527/1/3 3545/1/3
f 3527/1/2 3547/1/2 3545/1/2
f 3547/1/17 3527/1/17 3526/1/17
f 3547/1/3 3526/1/3 3525/1/3
f 3547/1/3 3525/1/3 3523/1/3
f 3522/1/3 3547/1/3 3523/1/3
f 3524/1/2 3522/1/2 3523/1/2
f 3568/1/2 3513/1/2 3515/1/2
f 3568/1/3 3515/1/3 3473/1/3
f 3472/1/2 3568/1/2 3473/1/2
f 3474/1/3 3570/1/3 3471/1/3
f 3570/1/2 3472/1/2 3471/1/2
f 3472/1/2 3570/1/2 3569/1/2
f 3571/1/2 3472/1/2 3569/1/2
f 3513/1/3 3568/1/3 3567/1/3
f 3566/1/2 3513/1/2 3567/1/2
f 3527/1/18 3518/1/18 3572/1/18
f 3522/1/3 3521/1/3 3519/1/3
f 3520/1/19 3522/1/19 3519/1/19
f 3547/1/20 3522/1/20 3520/1/20
f 3527/1/21 3517/1/21 3518/1/21
f 3545/1/3 3476/1/3 3516/1/3
f 3474/1/3 3546/1/3 3570/1/3
f 3545/1/2 3475/1/2 3476/1/2
f 3568/1/3 3472/1/3 3571/1/3
f 3513/1/2 3566/1/2 3514/1/2
f 3508/1/2 3556/1/2 3507/1/2
f 3499/1/3 3544/1/3 3500/1/3
f 3544/1/3 3499/1/3 3501/1/3
f 3507/1/3 3502/1/3 3503/1/3
f 3507/1/22 3542/1/22 3543/1/22
f 3563/1/3 3512/1/3 3564/1/3
f 3512/1/3 3559/1/3 3511/1/3
f 3511/1/2 3561/1/2 3510/1/2
f 3458/1/3 3477/1/3 3478/1/3
f 4797/1/23 3465/1/23 4798/1/23
f 4799/1/3 3464/1/3 4797/1/3
f 4799/1/3 3466/1/3 3464/1/3
f 4802/1/3 3468/1/3 4803/1/3
f 4801/1/2 3467/1/2 4802/1/2
f 4801/1/2 4813/1/2 3469/1/2
f 4813/1/3 4814/1/3 3469/1/3
f 4752/1/21 3469/1/21 4814/1/21
f 4752/1/3 3470/1/3 3469/1/3
f 3573/1/3 3446/1/3 3574/1/3
f 3576/1/2 3446/1/2 3440/1/2
f 3439/1/2 3576/1/2 3440/1/2
f 3439/1/3 3577/1/3 3576/1/3
f 3436/1/8 3435/1/8 3438/1/8
f 3438/1/3 3435/1/3 3433/1/3
f 3577/1/3 3439/1/3 3437/1/3
f 3434/1/2 3442/1/2 3577/1/2
f 3590/1/24 3624/1/24 3625/1/24
f 3590/1/24 3625/1/24 3580/1/24
f 3891/1/24 3590/1/24 3580/1/24
f 3887/1/24 3624/1/24 3591/1/24
f 3624/1/24 3887/1/24 3623/1/24
f 3887/1/24 3622/1/24 3623/1/24
f 3654/1/24 3631/1/24 3632/1/24
f 3633/1/24 3654/1/24 3632/1/24
f 3633/1/24 3655/1/24 3654/1/24
f 3663/1/24 3611/1/24 3653/1/24
f 3664/1/25 3611/1/25 3663/1/25
f 3652/1/24 3611/1/24 3665/1/24
f 3649/1/24 3611/1/24 3652/1/24
f 3648/1/24 3611/1/24 3649/1/24
f 3606/1/24 3648/1/24 3650/1/24
f 3650/1/26 3605/1/26 3606/1/26
f 3654/1/24 3611/1/24 3610/1/24
f 3654/1/24 3610/1/24 3608/1/24
f 3654/1/24 3608/1/24 3609/1/24
f 3883/1/27 3639/1/27 3882/1/27
f 3639/1/24 3885/1/24 3882/1/24
f 3639/1/24 3602/1/24 3885/1/24
f 3601/1/24 3618/1/24 3598/1/24
f 3598/1/24 3618/1/24 3617/1/24
f 3886/1/24 3598/1/24 3617/1/24
f 3616/1/27 3886/1/27 3617/1/27
f 3594/1/24 3614/1/24 3619/1/24
f 3620/1/24 3594/1/24 3619/1/24
f 3621/1/24 3594/1/24 3620/1/24
f 3594/1/24 3621/1/24 3592/1/24
f 3615/1/24 3596/1/24 3613/1/24
f 3612/1/24 3615/1/24 3613/1/24
f 3598/1/28 3599/1/28 3597/1/28
f 3596/1/24 3614/1/24 3595/1/24
f 3592/1/24 3622/1/24 3593/1/24
f 3592/1/24 3621/1/24 3622/1/24
f 3614/1/29 3594/1/29 3595/1/29
f 3667/1/24 3678/1/24 3666/1/24
f 3668/1/24 3678/1/24 3667/1/24
f 3678/1/24 3668/1/24 3677/1/24
f 3668/1/24 3675/1/24 3676/1/24
f 3675/1/24 3668/1/24 3878/1/24
f 3700/1/24 3675/1/24 3878/1/24
f 3701/1/24 3674/1/24 3700/1/24
f 3701/1/24 3673/1/24 3674/1/24
f 3874/1/30 3680/1/30 3681/1/30
f 3874/1/24 3681/1/24 3869/1/24
f 3864/1/24 3862/1/24 3682/1/24
f 3862/1/24 3876/1/24 3682/1/24
f 3686/1/24 3662/1/24 3643/1/24
f 3643/1/24 3662/1/24 3660/1/24
f 3643/1/24 3660/1/24 3642/1/24
f 3660/1/24 3641/1/24 3642/1/24
f 3641/1/24 3644/1/24 3646/1/24
f 3647/1/24 3879/1/24 3636/1/24
f 3636/1/24 3879/1/24 3880/1/24
f 3636/1/24 3880/1/24 3635/1/24
f 3635/1/24 3880/1/24 3659/1/24
f 3635/1/24 3659/1/24 3634/1/24
f 3634/1/24 3659/1/24 3658/1/24
f 3657/1/24 3634/1/24 3658/1/24
f 3685/1/24 3690/1/24 3689/1/24
f 3685/1/24 3689/1/24 3686/1/24
f 3690/1/24 3685/1/24 3683/1/24
f 3684/1/24 3690/1/24 3683/1/24
f 3836/1/24 3691/1/24 3684/1/24
f 3836/1/24 3823/1/24 3691/1/24
f 3706/1/24 3704/1/24 3705/1/24
f 3705/1/24 3704/1/24 3703/1/24
f 3709/1/27 3702/1/27 3708/1/27
f 3702/1/24 3710/1/24 3708/1/24
f 4684/1/24 3710/1/24 3702/1/24
f 4684/1/24 4685/1/24 3710/1/24
f 4686/1/24 3710/1/24 4685/1/24
f 4705/1/24 4706/1/24 3711/1/24
f 4704/1/24 4705/1/24 3711/1/24
f 4703/1/26 4704/1/26 3711/1/26
f 4686/1/24 4703/1/24 3711/1/24
f 4686/1/24 3711/1/24 3710/1/24
f 3707/1/24 3702/1/24 3709/1/24
f 3706/1/24 3707/1/24 3704/1/24
f 3702/1/24 3707/1/24 3706/1/24
f 4684/1/24 3702/1/24 4683/1/24
f 3713/1/24 3817/1/24 3712/1/24
f 3713/1/24 3736/1/24 3817/1/24
f 3720/1/24 3732/1/24 3733/1/24
f 3720/1/24 3733/1/24 3721/1/24
f 3723/1/24 3732/1/24 3715/1/24
f 3723/1/24 3731/1/24 3732/1/24
f 3724/1/24 3731/1/24 3723/1/24
f 3725/1/24 3751/1/24 3724/1/24
f 3751/1/24 3729/1/24 3724/1/24
f 3751/1/24 3730/1/24 3729/1/24
f 3793/1/24 3757/1/24 3792/1/24
f 3792/1/24 3757/1/24 3758/1/24
f 3792/1/27 3758/1/27 3791/1/27
f 3791/1/24 3758/1/24 3790/1/24
f 3839/1/24 3821/1/24 3838/1/24
f 3821/1/24 3822/1/24 3838/1/24
f 3822/1/24 3859/1/24 3838/1/24
f 3822/1/25 3860/1/25 3859/1/25
f 3822/1/24 3837/1/24 3861/1/24
f 3837/1/24 3822/1/24 3823/1/24
f 3822/1/24 3861/1/24 3860/1/24
f 3773/1/27 3763/1/27 3772/1/27
f 3763/1/31 3771/1/31 3772/1/31
f 3772/1/32 3771/1/32 3770/1/32
f 3774/1/24 3780/1/24 3781/1/24
f 3774/1/24 3781/1/24 3776/1/24
f 3780/1/24 3782/1/24 3779/1/24
f 3778/1/24 3780/1/24 3779/1/24
f 3784/1/24 3764/1/24 3785/1/24
f 3785/1/24 3764/1/24 3767/1/24
f 3785/1/24 3767/1/24 3786/1/24
f 3786/1/24 3767/1/24 3768/1/24
f 3786/1/24 3768/1/24 3787/1/24
f 3722/1/24 3735/1/24 3718/1/24
f 3735/1/24 3719/1/24 3718/1/24
f 3735/1/24 3714/1/24 3719/1/24
f 3714/1/24 3735/1/24 3736/1/24
f 3735/1/24 3722/1/24 3734/1/24
f 3722/1/24 3733/1/24 3734/1/24
f 3727/1/24 3760/1/24 3726/1/24
f 3760/1/24 3742/1/24 3726/1/24
f 3742/1/24 3760/1/24 3789/1/24
f 3742/1/24 3789/1/24 3743/1/24
f 3750/1/24 3746/1/24 3745/1/24
f 3750/1/24 3747/1/24 3746/1/24
f 3750/1/24 3725/1/24 3747/1/24
f 3744/1/24 3750/1/24 3745/1/24
f 3750/1/24 3744/1/24 3748/1/24
f 3754/1/24 3730/1/24 3752/1/24
f 3730/1/24 3754/1/24 3793/1/24
f 3793/1/24 3754/1/24 3753/1/24
f 3755/1/24 3793/1/24 3753/1/24
f 3766/1/24 3777/1/24 3762/1/24
f 3777/1/24 3771/1/24 3762/1/24
f 3776/1/24 3771/1/24 3777/1/24
f 3777/1/24 3766/1/24 3783/1/24
f 3783/1/24 3766/1/24 3765/1/24
f 3783/1/24 3765/1/24 3784/1/24
f 3740/1/24 3769/1/24 3761/1/24
f 3740/1/24 3761/1/24 3741/1/24
f 3738/1/24 3769/1/24 3737/1/24
f 3738/1/24 3768/1/24 3769/1/24
f 3768/1/24 3738/1/24 3788/1/24
f 3769/1/24 3739/1/24 3737/1/24
f 3741/1/24 3759/1/24 3728/1/24
f 3728/1/24 3759/1/24 3760/1/24
f 3741/1/24 3761/1/24 3759/1/24
f 3769/1/24 3740/1/24 3739/1/24
f 3744/1/24 3789/1/24 3749/1/24
f 3807/1/24 3794/1/24 3795/1/24
f 3807/1/24 3795/1/24 3809/1/24
f 3811/1/24 3794/1/24 3810/1/24
f 3811/1/24 3815/1/24 3794/1/24
f 3812/1/24 3815/1/24 3811/1/24
f 3812/1/24 3799/1/24 3815/1/24
f 3799/1/24 3801/1/24 3815/1/24
f 3801/1/30 3798/1/30 3800/1/30
f 3803/1/33 3804/1/33 3802/1/33
f 3803/1/34 3805/1/34 3804/1/34
f 3805/1/35 3803/1/35 3806/1/35
f 3799/1/24 3813/1/24 3814/1/24
f 3801/1/36 3799/1/36 3798/1/36
f 3799/1/25 3812/1/25 3813/1/25
f 3794/1/24 3808/1/24 3810/1/24
f 3795/1/24 3797/1/24 3816/1/24
f 3797/1/24 3795/1/24 3796/1/24
f 3795/1/27 3816/1/27 3809/1/27
f 3794/1/24 3807/1/24 3808/1/24
f 3756/1/24 3793/1/24 3755/1/24
f 3748/1/24 3744/1/24 3749/1/24
f 3789/1/24 3744/1/24 3743/1/24
f 3727/1/27 3728/1/27 3760/1/27
f 3768/1/24 3788/1/24 3787/1/24
f 3784/1/24 3765/1/24 3764/1/24
f 3780/1/24 3775/1/24 3782/1/24
f 3780/1/24 3774/1/24 3775/1/24
f 3776/1/24 3781/1/24 3771/1/24
f 3771/1/24 3763/1/24 3762/1/24
f 3694/1/24 3699/1/24 3693/1/24
f 3699/1/24 3692/1/24 3693/1/24
f 3692/1/24 3699/1/24 3697/1/24
f 3692/1/27 3697/1/27 3698/1/27
f 3698/1/24 3697/1/24 3696/1/24
f 3699/1/24 3694/1/24 3695/1/24
f 3844/1/24 3818/1/24 3819/1/24
f 3820/1/37 3844/1/37 3819/1/37
f 3827/1/38 3840/1/38 3828/1/38
f 3824/1/24 3840/1/24 3827/1/24
f 3825/1/24 3840/1/24 3824/1/24
f 3839/1/24 3825/1/24 3826/1/24
f 3840/1/24 3825/1/24 3839/1/24
f 3840/1/24 3820/1/24 3828/1/24
f 3820/1/39 3840/1/39 3841/1/39
f 3820/1/40 3841/1/40 3842/1/40
f 3820/1/38 3842/1/38 3843/1/38
f 3858/1/24 3831/1/24 3846/1/24
f 3831/1/24 3858/1/24 3830/1/24
f 3830/1/24 3858/1/24 3829/1/24
f 3829/1/24 3858/1/24 3834/1/24
f 3833/1/24 3858/1/24 3835/1/24
f 3858/1/24 3848/1/24 3835/1/24
f 3848/1/24 3856/1/24 3835/1/24
f 3856/1/24 3848/1/24 3847/1/24
f 3856/1/24 3847/1/24 3849/1/24
f 3856/1/24 3849/1/24 3850/1/24
f 3851/1/24 3856/1/24 3850/1/24
f 3857/1/24 3851/1/24 3852/1/24
f 3853/1/24 3857/1/24 3852/1/24
f 3855/1/24 3853/1/24 3852/1/24
f 3857/1/41 3853/1/41 3854/1/41
f 3851/1/24 3857/1/24 3856/1/24
f 3832/1/24 3858/1/24 3833/1/24
f 3834/1/24 3858/1/24 3832/1/24
f 3831/1/24 3845/1/24 3846/1/24
f 3845/1/24 3831/1/24 3818/1/24
f 3844/1/24 3820/1/24 3843/1/24
f 3845/1/24 3818/1/24 3844/1/24
f 3821/1/24 3839/1/24 3826/1/24
f 3757/1/24 3793/1/24 3756/1/24
f 3730/1/24 3751/1/24 3752/1/24
f 3725/1/24 3750/1/24 3751/1/24
f 3731/1/24 3724/1/24 3729/1/24
f 3732/1/24 3716/1/24 3715/1/24
f 3732/1/42 3717/1/42 3716/1/42
f 3733/1/24 3722/1/24 3721/1/24
f 3732/1/27 3720/1/27 3717/1/27
f 3714/1/24 3736/1/24 3713/1/24
f 3671/1/24 3672/1/24 3670/1/24
f 3669/1/24 3671/1/24 3670/1/24
f 3673/1/24 3670/1/24 3672/1/24
f 3679/1/27 3673/1/27 3672/1/27
f 3837/1/24 3823/1/24 3836/1/24
f 3684/1/24 3691/1/24 3690/1/24
f 3686/1/24 3689/1/24 3688/1/24
f 3687/1/24 3686/1/24 3688/1/24
f 3881/1/24 3638/1/24 3637/1/24
f 3881/1/24 3602/1/24 3638/1/24
f 3602/1/24 3881/1/24 3600/1/24
f 3881/1/24 3601/1/24 3600/1/24
f 3604/1/24 3650/1/24 3651/1/24
f 3640/1/24 3604/1/24 3651/1/24
f 3604/1/24 3640/1/24 3884/1/24
f 3603/1/24 3605/1/24 3604/1/24
f 3640/1/24 3883/1/24 3884/1/24
f 3656/1/24 3634/1/24 3657/1/24
f 3655/1/24 3634/1/24 3656/1/24
f 3647/1/24 3661/1/24 3879/1/24
f 3661/1/43 3647/1/43 3645/1/43
f 3661/1/27 3645/1/27 3644/1/27
f 3644/1/24 3641/1/24 3661/1/24
f 3641/1/24 3660/1/24 3661/1/24
f 3662/1/24 3686/1/24 3687/1/24
f 3869/1/24 3873/1/24 3868/1/24
f 3873/1/27 3866/1/27 3868/1/27
f 3873/1/27 3867/1/27 3866/1/27
f 3867/1/24 3871/1/24 3870/1/24
f 3871/1/24 3867/1/24 3872/1/24
f 3867/1/24 3873/1/24 3872/1/24
f 3873/1/24 3869/1/24 3877/1/24
f 3863/1/24 3875/1/24 3862/1/24
f 3875/1/44 3876/1/44 3862/1/44
f 3682/1/24 3865/1/24 3864/1/24
f 3680/1/24 3865/1/24 3682/1/24
f 3869/1/24 3681/1/24 3877/1/24
f 3865/1/24 3680/1/24 3874/1/24
f 3673/1/27 3701/1/27 3670/1/27
f 3700/1/24 3674/1/24 3675/1/24
f 3677/1/24 3668/1/24 3676/1/24
f 3596/1/24 3615/1/24 3614/1/24
f 3612/1/24 3616/1/24 3615/1/24
f 3886/1/24 3616/1/24 3612/1/24
f 3598/1/45 3886/1/45 3599/1/45
f 3601/1/24 3881/1/24 3618/1/24
f 3602/1/24 3639/1/24 3638/1/24
f 3883/1/24 3640/1/24 3639/1/24
f 3605/1/24 3650/1/24 3604/1/24
f 3648/1/24 3606/1/24 3607/1/24
f 3611/1/24 3648/1/24 3607/1/24
f 3665/1/46 3611/1/46 3664/1/46
f 3611/1/24 3654/1/24 3653/1/24
f 3634/1/24 3655/1/24 3633/1/24
f 3654/1/24 3609/1/24 3631/1/24
f 3622/1/24 3887/1/24 3593/1/24
f 3930/1/24 3583/1/24 3584/1/24
f 3930/1/24 3584/1/24 3931/1/24
f 3932/1/24 3630/1/24 4255/1/24
f 3629/1/24 3890/1/24 3628/1/24
f 3890/1/24 3627/1/24 3628/1/24
f 3627/1/27 3890/1/27 3889/1/27
f 3627/1/26 3889/1/26 3582/1/26
f 3627/1/24 3582/1/24 3581/1/24
f 3580/1/24 3627/1/24 3581/1/24
f 3627/1/38 3580/1/38 3626/1/38
f 3890/1/24 3630/1/24 3888/1/24
f 3630/1/24 3890/1/24 3629/1/24
f 3932/1/24 3888/1/24 3630/1/24
f 3921/1/24 3588/1/24 3920/1/24
f 3920/1/24 3588/1/24 3587/1/24
f 3920/1/24 3587/1/24 3918/1/24
f 3918/1/24 3586/1/24 3919/1/24
f 3922/1/24 3919/1/24 3586/1/24
f 3929/1/24 3922/1/24 3586/1/24
f 3929/1/24 3586/1/24 3585/1/24
f 3929/1/24 3585/1/24 3928/1/24
f 3927/1/24 3928/1/24 3585/1/24
f 3927/1/24 3585/1/24 3583/1/24
f 3894/1/24 3892/1/24 3579/1/24
f 3921/1/24 3894/1/24 3579/1/24
f 3918/1/24 3587/1/24 3586/1/24
f 3921/1/24 3579/1/24 3588/1/24
f 3931/1/24 3888/1/24 3932/1/24
f 3931/1/24 3584/1/24 3888/1/24
f 3927/1/24 3583/1/24 3930/1/24
f 3891/1/47 3589/1/47 3590/1/47
f 3580/1/24 3625/1/24 3626/1/24
f 3624/1/24 3590/1/24 3591/1/24
f 3909/1/48 3910/1/48 3908/1/48
f 3909/1/48 3907/1/48 3910/1/48
f 3907/1/48 3937/1/48 3906/1/48
f 3906/1/48 3937/1/48 3905/1/48
f 3939/1/48 3912/1/48 3913/1/48
f 3914/1/48 3939/1/48 3913/1/48
f 3939/1/48 3914/1/48 3940/1/48
f 3938/1/48 3903/1/48 3937/1/48
f 3937/1/48 3903/1/48 3902/1/48
f 3904/1/48 3937/1/48 3902/1/48
f 3956/1/49 3936/1/49 3957/1/49
f 3936/1/48 3914/1/48 3957/1/48
f 3936/1/48 3956/1/48 3935/1/48
f 3964/1/48 3951/1/48 3943/1/48
f 3951/1/48 3942/1/48 3943/1/48
f 3951/1/48 3941/1/48 3942/1/48
f 3941/1/48 3899/1/48 3938/1/48
f 3938/1/48 3899/1/48 3901/1/48
f 4258/1/48 3938/1/48 3901/1/48
f 3967/1/48 3898/1/48 3952/1/48
f 3967/1/48 3952/1/48 3965/1/48
f 3966/1/48 3967/1/48 3965/1/48
f 3898/1/50 3968/1/50 4251/1/50
f 4252/1/48 3898/1/48 4251/1/48
f 3970/1/48 3949/1/48 4252/1/48
f 4252/1/48 3949/1/48 4253/1/48
f 4253/1/48 4261/1/48 3896/1/48
f 4253/1/48 3896/1/48 3898/1/48
f 3895/1/48 3898/1/48 3896/1/48
f 3898/1/48 3895/1/48 3897/1/48
f 3984/1/48 3974/1/48 3975/1/48
f 3976/1/48 3984/1/48 3975/1/48
f 3977/1/48 4250/1/48 3976/1/48
f 4250/1/48 3977/1/48 4249/1/48
f 3973/1/48 3984/1/48 3983/1/48
f 3945/1/48 3973/1/48 3983/1/48
f 3983/1/48 3982/1/48 3945/1/48
f 3970/1/48 3944/1/48 3946/1/48
f 3947/1/48 3970/1/48 3946/1/48
f 3948/1/48 3970/1/48 3947/1/48
f 3986/1/48 3991/1/48 3985/1/48
f 3991/1/48 3986/1/48 3988/1/48
f 3991/1/48 3988/1/48 3990/1/48
f 3991/1/48 3990/1/48 3992/1/48
f 3989/1/48 3986/1/48 4020/1/48
f 4263/1/48 4020/1/48 3986/1/48
f 4263/1/49 3986/1/49 4264/1/49
f 4274/1/48 4275/1/48 4026/1/48
f 4274/1/51 4026/1/51 4018/1/51
f 4274/1/48 4018/1/48 4677/1/48
f 4678/1/48 4677/1/48 4018/1/48
f 4678/1/48 4018/1/48 4019/1/48
f 4678/1/48 4019/1/48 4270/1/48
f 4265/1/48 4266/1/48 4020/1/48
f 4266/1/48 4679/1/48 4020/1/48
f 4267/1/48 4020/1/48 4679/1/48
f 4267/1/48 4019/1/48 4020/1/48
f 4267/1/48 4268/1/48 4019/1/48
f 4268/1/48 4269/1/48 4019/1/48
f 4269/1/48 4270/1/48 4019/1/48
f 4082/1/48 4072/1/48 4073/1/48
f 4082/1/48 4073/1/48 4081/1/48
f 4109/1/48 4072/1/48 4084/1/48
f 4109/1/48 4085/1/48 4072/1/48
f 4085/1/48 4109/1/48 4108/1/48
f 4085/1/48 4108/1/48 4110/1/48
f 4110/1/48 4137/1/48 4085/1/48
f 4294/1/48 4085/1/48 4137/1/48
f 4294/1/48 4137/1/48 4295/1/48
f 4300/1/52 4086/1/52 4296/1/52
f 4296/1/48 4086/1/48 4085/1/48
f 4297/1/48 3987/1/48 4087/1/48
f 4297/1/48 4087/1/48 4298/1/48
f 4300/1/48 4298/1/48 4087/1/48
f 4299/1/48 3987/1/48 4297/1/48
f 4299/1/48 3986/1/48 3987/1/48
f 4300/1/48 4087/1/48 4086/1/48
f 4648/1/48 4052/1/48 4649/1/48
f 4650/1/48 4649/1/48 4052/1/48
f 4662/1/48 4650/1/48 4052/1/48
f 4662/1/48 4052/1/48 4053/1/48
f 4662/1/48 4053/1/48 4661/1/48
f 4028/1/53 4026/1/53 4025/1/53
f 4056/1/48 4034/1/48 4027/1/48
f 4031/1/48 4034/1/48 4056/1/48
f 4032/1/48 4030/1/48 4033/1/48
f 4028/1/48 4034/1/48 4038/1/48
f 4028/1/48 4038/1/48 4036/1/48
f 4036/1/51 4018/1/51 4028/1/51
f 4018/1/48 4036/1/48 4015/1/48
f 4036/1/48 4022/1/48 4015/1/48
f 4015/1/48 4022/1/48 4016/1/48
f 4016/1/48 4057/1/48 4017/1/48
f 4016/1/48 4022/1/48 4057/1/48
f 4036/1/48 4021/1/48 4022/1/48
f 4021/1/48 4036/1/48 4035/1/48
f 4021/1/48 4035/1/48 4023/1/48
f 4023/1/54 4035/1/54 4024/1/54
f 4036/1/48 4038/1/48 4037/1/48
f 4156/1/48 4246/1/48 4155/1/48
f 4246/1/48 4156/1/48 4158/1/48
f 4246/1/48 4158/1/48 4159/1/48
f 4171/1/48 4246/1/48 4159/1/48
f 4178/1/48 4170/1/48 4172/1/48
f 4161/1/48 4170/1/48 4178/1/48
f 4176/1/48 4161/1/48 4178/1/48
f 4162/1/48 4176/1/48 4175/1/48
f 4162/1/48 4175/1/48 4174/1/48
f 4173/1/48 4162/1/48 4174/1/48
f 4169/1/55 4163/1/55 4173/1/55
f 4169/1/48 4164/1/48 4163/1/48
f 4143/1/48 4160/1/48 4177/1/48
f 4143/1/51 4177/1/51 4145/1/51
f 4145/1/48 4147/1/48 4146/1/48
f 4147/1/48 4145/1/48 4154/1/48
f 4147/1/48 4154/1/48 4149/1/48
f 4147/1/48 4149/1/48 4148/1/48
f 4153/1/48 4145/1/48 4152/1/48
f 4152/1/48 4145/1/48 4150/1/48
f 4164/1/56 4168/1/56 4167/1/56
f 4167/1/48 4168/1/48 4166/1/48
f 4166/1/57 4168/1/57 4165/1/57
f 4150/1/48 4145/1/48 4151/1/48
f 4154/1/48 4145/1/48 4153/1/48
f 4145/1/48 4177/1/48 4151/1/48
f 4160/1/48 4143/1/48 4144/1/48
f 4144/1/48 4170/1/48 4160/1/48
f 4168/1/48 4164/1/48 4169/1/48
f 4173/1/52 4163/1/52 4162/1/52
f 4176/1/48 4162/1/48 4161/1/48
f 4170/1/48 4161/1/48 4160/1/48
f 4170/1/48 4144/1/48 4171/1/48
f 4171/1/48 4144/1/48 4246/1/48
f 4158/1/51 4156/1/51 4157/1/51
f 4180/1/48 4195/1/48 4179/1/48
f 4195/1/48 4181/1/48 4179/1/48
f 4194/1/48 4181/1/48 4195/1/48
f 4223/1/48 4193/1/48 4242/1/48
f 4188/1/48 4223/1/48 4242/1/48
f 4242/1/48 4186/1/48 4188/1/48
f 4182/1/48 4243/1/48 4185/1/48
f 4182/1/48 4185/1/48 4184/1/48
f 4189/1/48 4183/1/48 4224/1/48
f 4223/1/48 4189/1/48 4224/1/48
f 4203/1/48 4222/1/48 4221/1/48
f 4203/1/48 4221/1/48 4218/1/48
f 4203/1/48 4218/1/48 4217/1/48
f 4203/1/48 4217/1/48 4219/1/48
f 4220/1/48 4203/1/48 4219/1/48
f 4199/1/48 4215/1/48 4213/1/48
f 4199/1/48 4213/1/48 4212/1/48
f 4199/1/48 4212/1/48 4214/1/48
f 4211/1/48 4199/1/48 4214/1/48
f 4207/1/48 4197/1/48 4206/1/48
f 4197/1/48 4207/1/48 4231/1/48
f 4198/1/48 4211/1/48 4196/1/48
f 4204/1/48 4215/1/48 4205/1/48
f 4201/1/48 4215/1/48 4204/1/48
f 4202/1/48 4216/1/48 4200/1/48
f 4232/1/48 4229/1/48 4208/1/48
f 4229/1/48 4207/1/48 4208/1/48
f 4207/1/48 4229/1/48 4230/1/48
f 4225/1/48 4234/1/48 4235/1/48
f 4225/1/48 4235/1/48 4236/1/48
f 4237/1/48 4225/1/48 4236/1/48
f 4238/1/48 4226/1/48 4237/1/48
f 4226/1/52 4238/1/52 4241/1/52
f 4228/1/48 4234/1/48 4227/1/48
f 4234/1/48 4228/1/48 4233/1/48
f 4228/1/48 4232/1/48 4233/1/48
f 4239/1/48 4240/1/48 4238/1/48
f 4238/1/48 4240/1/48 4241/1/48
f 4237/1/48 4226/1/48 4225/1/48
f 4234/1/48 4225/1/48 4227/1/48
f 4232/1/48 4228/1/48 4229/1/48
f 4216/1/48 4201/1/48 4200/1/48
f 4211/1/48 4197/1/48 4196/1/48
f 4231/1/48 4207/1/48 4230/1/48
f 4197/1/51 4209/1/51 4206/1/51
f 4197/1/48 4210/1/48 4209/1/48
f 4197/1/48 4211/1/48 4210/1/48
f 4199/1/48 4211/1/48 4198/1/48
f 4215/1/48 4199/1/48 4205/1/48
f 4215/1/48 4201/1/48 4216/1/48
f 4216/1/48 4202/1/48 4220/1/48
f 4220/1/48 4202/1/48 4203/1/48
f 4203/1/48 4194/1/48 4222/1/48
f 4183/1/48 4243/1/48 4182/1/48
f 4183/1/48 4189/1/48 4243/1/48
f 4190/1/48 4192/1/48 4191/1/48
f 4187/1/48 4242/1/48 4192/1/48
f 4187/1/48 4192/1/48 4190/1/48
f 4242/1/48 4187/1/48 4186/1/48
f 4189/1/48 4223/1/48 4188/1/48
f 4222/1/48 4193/1/48 4223/1/48
f 4193/1/48 4222/1/48 4194/1/48
f 4195/1/48 4244/1/48 4245/1/48
f 4194/1/48 4203/1/48 4181/1/48
f 4244/1/48 4195/1/48 4180/1/48
f 4011/1/48 3994/1/48 3995/1/48
f 4014/1/48 4011/1/48 3995/1/48
f 4011/1/48 4014/1/48 4012/1/48
f 3994/1/48 4013/1/48 4000/1/48
f 3994/1/48 4000/1/48 3999/1/48
f 3994/1/48 3999/1/48 4001/1/48
f 4006/1/48 3994/1/48 4001/1/48
f 4005/1/48 3997/1/48 4006/1/48
f 4006/1/48 3997/1/48 3996/1/48
f 4005/1/48 4002/1/48 4004/1/48
f 4003/1/48 4002/1/48 4005/1/48
f 4004/1/48 3998/1/48 3997/1/48
f 3997/1/48 4005/1/48 4004/1/48
f 4059/1/48 4007/1/48 4008/1/48
f 4008/1/48 4129/1/48 4059/1/48
f 4059/1/48 4129/1/48 4061/1/48
f 4060/1/48 4007/1/48 4058/1/48
f 4060/1/48 4009/1/48 4007/1/48
f 4009/1/58 4060/1/58 4010/1/58
f 4089/1/48 4063/1/48 4062/1/48
f 4129/1/48 4089/1/48 4062/1/48
f 4089/1/49 4129/1/49 4128/1/49
f 4106/1/48 4089/1/48 4128/1/48
f 4091/1/48 4106/1/48 4105/1/48
f 4103/1/48 4091/1/48 4105/1/48
f 4092/1/48 4103/1/48 4104/1/48
f 4092/1/59 4104/1/59 4125/1/59
f 4092/1/60 4125/1/60 4124/1/60
f 4124/1/48 4093/1/48 4092/1/48
f 4071/1/48 4070/1/48 4069/1/48
f 4069/1/48 4068/1/48 4064/1/48
f 4069/1/48 4064/1/48 4088/1/48
f 4088/1/48 4064/1/48 4142/1/48
f 4063/1/48 4088/1/48 4142/1/48
f 4065/1/48 4068/1/48 4067/1/48
f 4065/1/48 4067/1/48 4066/1/48
f 4068/1/48 4065/1/48 4064/1/48
f 4071/1/48 4069/1/48 4088/1/48
f 4039/1/48 4137/1/48 4138/1/48
f 4039/1/48 4138/1/48 4141/1/48
f 4134/1/48 4039/1/48 4141/1/48
f 4131/1/48 4134/1/48 4133/1/48
f 4135/1/48 4131/1/48 4133/1/48
f 4136/1/48 4132/1/48 4135/1/48
f 4100/1/61 4115/1/61 4102/1/61
f 4102/1/48 4115/1/48 4127/1/48
f 4115/1/48 4119/1/48 4127/1/48
f 4119/1/48 4126/1/48 4127/1/48
f 4117/1/48 4118/1/48 4119/1/48
f 4116/1/48 4113/1/48 4121/1/48
f 4121/1/48 4113/1/48 4111/1/48
f 4099/1/48 4121/1/48 4111/1/48
f 4096/1/48 4097/1/48 4095/1/48
f 4095/1/48 4122/1/48 4096/1/48
f 4094/1/48 4122/1/48 4095/1/48
f 4093/1/57 4122/1/57 4094/1/57
f 4122/1/48 4093/1/48 4123/1/48
f 4121/1/48 4098/1/48 4122/1/48
f 4122/1/48 4098/1/48 4096/1/48
f 4116/1/57 4100/1/57 4101/1/57
f 4114/1/48 4116/1/48 4101/1/48
f 4098/1/48 4121/1/48 4099/1/48
f 4113/1/48 4112/1/48 4111/1/48
f 4113/1/48 4116/1/48 4114/1/48
f 4120/1/48 4126/1/48 4119/1/48
f 4117/1/48 4119/1/48 4115/1/48
f 4115/1/48 4100/1/48 4116/1/48
f 4130/1/48 4040/1/48 4131/1/48
f 4040/1/62 4130/1/62 4043/1/62
f 4659/1/48 4053/1/48 4055/1/48
f 4667/1/48 4050/1/48 4051/1/48
f 4667/1/48 4051/1/48 4648/1/48
f 4665/1/48 4050/1/48 4667/1/48
f 4665/1/48 4666/1/48 4039/1/48
f 4663/1/48 4039/1/48 4666/1/48
f 4663/1/48 4664/1/48 4137/1/48
f 4665/1/48 4039/1/48 4050/1/48
f 4048/1/51 4130/1/51 4047/1/51
f 4047/1/57 4130/1/57 4045/1/57
f 4130/1/48 4008/1/48 4045/1/48
f 4008/1/48 4046/1/48 4045/1/48
f 4046/1/48 4008/1/48 4049/1/48
f 4044/1/49 4130/1/49 4048/1/49
f 4041/1/48 4130/1/48 4042/1/48
f 4042/1/48 4130/1/48 4044/1/48
f 4043/1/48 4130/1/48 4041/1/48
f 4135/1/48 4132/1/48 4131/1/48
f 4040/1/48 4134/1/48 4131/1/48
f 4134/1/48 4040/1/48 4039/1/48
f 4663/1/48 4137/1/48 4039/1/48
f 4139/1/48 4110/1/48 4140/1/48
f 4093/1/57 4124/1/57 4123/1/57
f 4103/1/48 4092/1/48 4091/1/48
f 4106/1/48 4091/1/48 4090/1/48
f 4089/1/48 4106/1/48 4090/1/48
f 4088/1/48 4063/1/48 4089/1/48
f 4061/1/48 4129/1/48 4062/1/48
f 4129/1/48 4008/1/48 4130/1/48
f 4007/1/48 4059/1/48 4058/1/48
f 3994/1/48 4006/1/48 3996/1/48
f 3994/1/48 4011/1/48 4013/1/48
f 4032/1/48 4031/1/48 4030/1/48
f 4034/1/48 4031/1/48 4032/1/48
f 4034/1/48 4028/1/48 4027/1/48
f 4277/1/48 4029/1/48 4026/1/48
f 4277/1/48 4026/1/48 4276/1/48
f 4657/1/48 4055/1/48 4054/1/48
f 4654/1/49 4653/1/49 4054/1/49
f 4653/1/63 4651/1/63 4054/1/63
f 4651/1/52 4652/1/52 4054/1/52
f 4657/1/63 4054/1/63 4652/1/63
f 4657/1/48 4658/1/48 4055/1/48
f 4659/1/48 4055/1/48 4658/1/48
f 4659/1/48 4660/1/48 4053/1/48
f 4660/1/48 4661/1/48 4053/1/48
f 4648/1/48 4051/1/48 4052/1/48
f 4664/1/48 4295/1/48 4137/1/48
f 4296/1/51 4085/1/51 4294/1/51
f 4137/1/48 4110/1/48 4139/1/48
f 4108/1/48 4109/1/48 4107/1/48
f 4072/1/48 4083/1/48 4084/1/48
f 4079/1/48 4074/1/48 4075/1/48
f 4078/1/48 4079/1/48 4075/1/48
f 4080/1/48 4076/1/48 4077/1/48
f 4079/1/48 4076/1/48 4080/1/48
f 4076/1/48 4079/1/48 4078/1/48
f 4081/1/48 4074/1/48 4079/1/48
f 4081/1/48 4073/1/48 4074/1/48
f 4072/1/48 4082/1/48 4083/1/48
f 4028/1/49 4018/1/49 4026/1/49
f 4275/1/48 4276/1/48 4026/1/48
f 4299/1/48 4264/1/48 3986/1/48
f 4263/1/48 4265/1/48 4020/1/48
f 3992/1/48 3990/1/48 3993/1/48
f 3988/1/48 3986/1/48 3989/1/48
f 3981/1/48 4247/1/48 3980/1/48
f 3980/1/48 4247/1/48 4248/1/48
f 4248/1/51 3979/1/51 3980/1/51
f 3979/1/48 4248/1/48 3978/1/48
f 4248/1/48 3977/1/48 3978/1/48
f 3944/1/48 3970/1/48 3969/1/48
f 3944/1/48 3969/1/48 3971/1/48
f 3944/1/48 3971/1/48 3972/1/48
f 3973/1/48 3944/1/48 3972/1/48
f 3944/1/48 3973/1/48 3945/1/48
f 3977/1/48 4248/1/48 4249/1/48
f 3976/1/48 4250/1/48 3984/1/48
f 3984/1/48 3973/1/48 3974/1/48
f 4261/1/48 4254/1/48 4262/1/48
f 4261/1/48 4253/1/48 4254/1/48
f 3949/1/48 3970/1/48 3948/1/48
f 3898/1/48 4252/1/48 4253/1/48
f 3952/1/48 3964/1/48 3965/1/48
f 3964/1/48 3952/1/48 3950/1/48
f 3898/1/48 3967/1/48 3968/1/48
f 3951/1/48 3900/1/48 3899/1/48
f 4259/1/48 3938/1/48 4258/1/48
f 4260/1/64 3938/1/64 4259/1/64
f 3941/1/48 3951/1/48 3899/1/48
f 3951/1/48 3964/1/48 3950/1/48
f 3953/1/48 3930/1/48 3931/1/48
f 3953/1/48 3931/1/48 3932/1/48
f 3925/1/48 3953/1/48 3932/1/48
f 4255/1/48 3925/1/48 3932/1/48
f 3934/1/48 3955/1/48 3933/1/48
f 3934/1/48 3956/1/48 3955/1/48
f 3955/1/48 3923/1/48 3933/1/48
f 3955/1/48 3924/1/48 3923/1/48
f 3955/1/48 3925/1/48 3924/1/48
f 4255/1/48 3926/1/48 3925/1/48
f 3925/1/48 3955/1/48 3953/1/48
f 3927/1/48 3953/1/48 3954/1/48
f 3958/1/48 3927/1/48 3954/1/48
f 3959/1/48 3927/1/48 3958/1/48
f 3920/1/65 3960/1/65 3961/1/65
f 3920/1/66 3961/1/66 3916/1/66
f 3920/1/48 3916/1/48 3921/1/48
f 3963/1/48 3920/1/48 3918/1/48
f 3919/1/48 3963/1/48 3918/1/48
f 3959/1/48 3929/1/48 3928/1/48
f 3917/1/52 3894/1/52 3915/1/52
f 3894/1/48 3916/1/48 3915/1/48
f 4256/1/55 3894/1/55 3917/1/55
f 4256/1/48 3893/1/48 3892/1/48
f 3893/1/48 4256/1/48 4257/1/48
f 3894/1/48 4256/1/48 3892/1/48
f 3929/1/48 3962/1/48 3922/1/48
f 3962/1/48 3919/1/48 3922/1/48
f 3916/1/48 3894/1/48 3921/1/48
f 3920/1/48 3963/1/48 3960/1/48
f 3919/1/48 3962/1/48 3963/1/48
f 3929/1/48 3959/1/48 3962/1/48
f 3927/1/48 3959/1/48 3928/1/48
f 3953/1/51 3927/1/51 3930/1/51
f 3956/1/48 3934/1/48 3935/1/48
f 3903/1/48 3938/1/48 4260/1/48
f 3914/1/48 3936/1/48 3940/1/48
f 3937/1/48 3912/1/48 3939/1/48
f 3912/1/49 3937/1/49 3911/1/49
f 3905/1/48 3937/1/48 3904/1/48
f 3911/1/48 3937/1/48 3907/1/48
f 3907/1/48 3909/1/48 3911/1/48
f 4307/1/67 4263/1/67 4264/1/67
f 4299/1/68 4307/1/68 4264/1/68
f 4299/1/69 4273/1/69 4307/1/69
f 4274/1/70 4307/1/70 4308/1/70
f 4274/1/69 4308/1/69 4275/1/69
f 4307/1/70 4678/1/70 4270/1/70
f 4307/1/70 4270/1/70 4269/1/70
f 4307/1/69 4269/1/69 4268/1/69
f 4307/1/70 4268/1/70 4267/1/70
f 4307/1/69 4267/1/69 4679/1/69
f 4307/1/70 4679/1/70 4266/1/70
f 4307/1/70 4266/1/70 4265/1/70
f 4354/1/70 4278/1/70 4279/1/70
f 4280/1/70 4354/1/70 4279/1/70
f 4340/1/70 4398/1/70 4341/1/70
f 4368/1/70 4341/1/70 4398/1/70
f 4368/1/70 4398/1/70 4397/1/70
f 4368/1/70 4397/1/70 4337/1/70
f 4336/1/70 4368/1/70 4337/1/70
f 4335/1/70 4367/1/70 4336/1/70
f 4335/1/70 4366/1/70 4367/1/70
f 4355/1/70 4369/1/70 4370/1/70
f 4360/1/70 4355/1/70 4370/1/70
f 4360/1/69 4370/1/69 4372/1/69
f 4357/1/69 4359/1/69 4358/1/69
f 4351/1/70 4355/1/70 4356/1/70
f 4351/1/70 4356/1/70 4353/1/70
f 4283/1/70 4354/1/70 4348/1/70
f 4347/1/69 4283/1/69 4348/1/69
f 4349/1/69 4283/1/69 4347/1/69
f 4285/1/70 4350/1/70 4346/1/70
f 4345/1/70 4285/1/70 4346/1/70
f 4285/1/70 4345/1/70 4435/1/70
f 4283/1/70 4350/1/70 4284/1/70
f 4476/1/69 4286/1/69 4287/1/69
f 4484/1/70 4476/1/70 4287/1/70
f 4476/1/70 4484/1/70 4477/1/70
f 4290/1/70 4488/1/70 4489/1/70
f 4290/1/70 4489/1/70 4291/1/70
f 4288/1/70 4488/1/70 4289/1/70
f 4295/1/70 4271/1/70 4294/1/70
f 4271/1/71 4296/1/71 4294/1/71
f 4296/1/69 4271/1/69 4273/1/69
f 4273/1/72 4300/1/72 4296/1/72
f 4273/1/73 4297/1/73 4298/1/73
f 4273/1/69 4298/1/69 4300/1/69
f 4295/1/74 4272/1/74 4271/1/74
f 4649/1/70 4306/1/70 4303/1/70
f 4649/1/70 4303/1/70 4648/1/70
f 4306/1/70 4662/1/70 4661/1/70
f 4306/1/70 4661/1/70 4660/1/70
f 4306/1/70 4660/1/70 4659/1/70
f 4306/1/70 4659/1/70 4658/1/70
f 4306/1/69 4658/1/69 4657/1/69
f 4306/1/70 4657/1/70 4652/1/70
f 4306/1/70 4652/1/70 4651/1/70
f 4306/1/73 4651/1/73 4653/1/73
f 4306/1/75 4653/1/75 4654/1/75
f 4306/1/69 4654/1/69 4655/1/69
f 4306/1/70 4655/1/70 4656/1/70
f 4636/1/70 4306/1/70 4656/1/70
f 4637/1/70 4309/1/70 4635/1/70
f 4309/1/70 4674/1/70 4635/1/70
f 4309/1/70 4676/1/70 4674/1/70
f 4674/1/70 4676/1/70 4675/1/70
f 4312/1/73 4643/1/73 4313/1/73
f 4313/1/70 4643/1/70 4314/1/70
f 4321/1/70 4491/1/70 4320/1/70
f 4491/1/70 4322/1/70 4320/1/70
f 4477/1/70 4322/1/70 4491/1/70
f 4322/1/69 4477/1/69 4323/1/69
f 4479/1/70 4633/1/70 4634/1/70
f 4479/1/70 4634/1/70 4484/1/70
f 4483/1/70 4479/1/70 4484/1/70
f 4480/1/69 4483/1/69 4481/1/69
f 4495/1/70 4474/1/70 4471/1/70
f 4495/1/69 4471/1/69 4470/1/69
f 4472/1/69 4495/1/69 4470/1/69
f 4496/1/70 4472/1/70 4473/1/70
f 4668/1/70 4496/1/70 4473/1/70
f 4468/1/69 4466/1/69 4467/1/69
f 4462/1/70 4466/1/70 4463/1/70
f 4629/1/70 4459/1/70 4458/1/70
f 4457/1/70 4629/1/70 4458/1/70
f 4456/1/69 4455/1/69 4457/1/69
f 4628/1/70 4453/1/70 4452/1/70
f 4464/1/70 4628/1/70 4452/1/70
f 4500/1/70 4464/1/70 4465/1/70
f 4451/1/70 4500/1/70 4465/1/70
f 4501/1/70 4449/1/70 4447/1/70
f 4448/1/70 4501/1/70 4447/1/70
f 4503/1/70 4511/1/70 4510/1/70
f 4503/1/70 4510/1/70 4508/1/70
f 4509/1/70 4503/1/70 4508/1/70
f 4514/1/70 4527/1/70 4526/1/70
f 4525/1/70 4514/1/70 4526/1/70
f 4622/1/69 4514/1/69 4525/1/69
f 4524/1/70 4622/1/70 4525/1/70
f 4620/1/70 4522/1/70 4523/1/70
f 4620/1/70 4523/1/70 4521/1/70
f 4620/1/70 4521/1/70 4520/1/70
f 4620/1/70 4520/1/70 4519/1/70
f 4620/1/70 4519/1/70 4516/1/70
f 4517/1/70 4620/1/70 4516/1/70
f 4604/1/70 4617/1/70 4605/1/70
f 4605/1/70 4617/1/70 4618/1/70
f 4625/1/70 4610/1/70 4612/1/70
f 4625/1/70 4612/1/70 4624/1/70
f 4514/1/70 4611/1/70 4515/1/70
f 4507/1/70 4527/1/70 4513/1/70
f 4505/1/69 4527/1/69 4507/1/69
f 4528/1/70 4504/1/70 4506/1/70
f 4446/1/69 4528/1/69 4506/1/69
f 4509/1/70 4446/1/70 4445/1/70
f 4443/1/70 4509/1/70 4445/1/70
f 4444/1/70 4509/1/70 4443/1/70
f 4455/1/70 4628/1/70 4629/1/70
f 4469/1/70 4442/1/70 4440/1/70
f 4441/1/69 4469/1/69 4440/1/69
f 4475/1/70 4631/1/70 4632/1/70
f 4633/1/70 4475/1/70 4632/1/70
f 4386/1/73 4324/1/73 4325/1/73
f 4386/1/70 4326/1/70 4324/1/70
f 4326/1/70 4386/1/70 4327/1/70
f 4425/1/69 4329/1/69 4328/1/69
f 4425/1/68 4328/1/68 4327/1/68
f 4329/1/70 4425/1/70 4426/1/70
f 4428/1/69 4329/1/69 4426/1/69
f 4332/1/70 4364/1/70 4363/1/70
f 4332/1/70 4363/1/70 4333/1/70
f 4329/1/70 4364/1/70 4330/1/70
f 4364/1/70 4331/1/70 4330/1/70
f 4333/1/70 4365/1/70 4334/1/70
f 4334/1/69 4365/1/69 4366/1/69
f 4418/1/70 4382/1/70 4383/1/70
f 4394/1/70 4418/1/70 4383/1/70
f 4393/1/70 4394/1/70 4383/1/70
f 4406/1/70 4422/1/70 4396/1/70
f 4396/1/70 4422/1/70 4421/1/70
f 4419/1/70 4396/1/70 4421/1/70
f 4384/1/70 4418/1/70 4420/1/70
f 4390/1/70 4384/1/70 4420/1/70
f 4420/1/70 4389/1/70 4390/1/70
f 4387/1/70 4425/1/70 4388/1/70
f 4425/1/76 4386/1/76 4388/1/76
f 4385/1/70 4388/1/70 4386/1/70
f 4387/1/69 4427/1/69 4425/1/69
f 4361/1/70 4333/1/70 4362/1/70
f 4376/1/69 4411/1/69 4375/1/69
f 4414/1/70 4376/1/70 4417/1/70
f 4414/1/70 4417/1/70 4416/1/70
f 4376/1/70 4414/1/70 4413/1/70
f 4376/1/77 4413/1/77 4415/1/77
f 4376/1/78 4415/1/78 4373/1/78
f 4376/1/79 4373/1/79 4411/1/79
f 4400/1/69 4403/1/69 4402/1/69
f 4401/1/70 4400/1/70 4402/1/70
f 4399/1/70 4380/1/70 4400/1/70
f 4380/1/80 4399/1/80 4381/1/80
f 4405/1/70 4379/1/70 4378/1/70
f 4377/1/68 4405/1/68 4378/1/68
f 4374/1/73 4405/1/73 4377/1/73
f 4411/1/70 4405/1/70 4374/1/70
f 4412/1/70 4405/1/70 4411/1/70
f 4423/1/70 4412/1/70 4424/1/70
f 4412/1/70 4423/1/70 4422/1/70
f 4405/1/70 4412/1/70 4406/1/70
f 4379/1/69 4405/1/69 4431/1/69
f 4404/1/70 4379/1/70 4431/1/70
f 4856/1/70 4857/1/70 4399/1/70
f 4858/1/70 4399/1/70 4857/1/70
f 4858/1/70 4432/1/70 4399/1/70
f 4404/1/70 4380/1/70 4379/1/70
f 4380/1/70 4404/1/70 4403/1/70
f 4399/1/81 4432/1/81 4381/1/81
f 4380/1/70 4403/1/70 4400/1/70
f 4411/1/70 4374/1/70 4375/1/70
f 4429/1/69 4409/1/69 4410/1/69
f 4427/1/70 4409/1/70 4429/1/70
f 4409/1/70 4427/1/70 4407/1/70
f 4407/1/70 4427/1/70 4408/1/70
f 4427/1/70 4420/1/70 4408/1/70
f 4389/1/70 4427/1/70 4387/1/70
f 4388/1/70 4385/1/70 4430/1/70
f 4430/1/70 4385/1/70 4391/1/70
f 4385/1/69 4390/1/69 4391/1/69
f 4420/1/70 4427/1/70 4389/1/70
f 4384/1/70 4390/1/70 4385/1/70
f 4395/1/70 4419/1/70 4418/1/70
f 4412/1/69 4422/1/69 4406/1/69
f 4396/1/70 4419/1/70 4395/1/70
f 4394/1/70 4393/1/70 4392/1/70
f 4394/1/70 4395/1/70 4418/1/70
f 4418/1/70 4384/1/70 4382/1/70
f 4433/1/69 4343/1/69 4439/1/69
f 4433/1/70 4439/1/70 4436/1/70
f 4437/1/70 4439/1/70 4438/1/70
f 4439/1/70 4437/1/70 4436/1/70
f 4343/1/69 4433/1/69 4434/1/69
f 4435/1/70 4343/1/70 4434/1/70
f 4343/1/68 4435/1/68 4344/1/68
f 4599/1/70 4533/1/70 4534/1/70
f 4535/1/70 4599/1/70 4534/1/70
f 4599/1/70 4535/1/70 4598/1/70
f 4538/1/70 4599/1/70 4600/1/70
f 4531/1/82 4538/1/82 4600/1/82
f 4600/1/70 4532/1/70 4531/1/70
f 4540/1/70 4529/1/70 4606/1/70
f 4540/1/70 4606/1/70 4554/1/70
f 4551/1/70 4540/1/70 4541/1/70
f 4551/1/70 4541/1/70 4542/1/70
f 4539/1/70 4547/1/70 4546/1/70
f 4545/1/70 4539/1/70 4546/1/70
f 4545/1/70 4592/1/70 4539/1/70
f 4544/1/73 4592/1/73 4543/1/73
f 4544/1/70 4589/1/70 4592/1/70
f 4589/1/70 4591/1/70 4592/1/70
f 4593/1/70 4589/1/70 4594/1/70
f 4589/1/70 4593/1/70 4590/1/70
f 4589/1/70 4544/1/70 4594/1/70
f 4561/1/70 4566/1/70 4565/1/70
f 4564/1/70 4561/1/70 4565/1/70
f 4556/1/70 4561/1/70 4564/1/70
f 4563/1/70 4555/1/70 4557/1/70
f 4563/1/70 4557/1/70 4560/1/70
f 4588/1/70 4566/1/70 4562/1/70
f 4588/1/70 4587/1/70 4566/1/70
f 4557/1/69 4559/1/69 4560/1/69
f 4559/1/70 4557/1/70 4558/1/70
f 4561/1/70 4555/1/70 4563/1/70
f 4555/1/70 4561/1/70 4556/1/70
f 4566/1/69 4561/1/69 4562/1/69
f 4569/1/69 4567/1/69 4568/1/69
f 4569/1/70 4568/1/70 4570/1/70
f 4568/1/70 4572/1/70 4571/1/70
f 4572/1/70 4568/1/70 4585/1/70
f 4572/1/70 4585/1/70 4574/1/70
f 4574/1/70 4582/1/70 4573/1/70
f 4573/1/70 4582/1/70 4581/1/70
f 4573/1/70 4581/1/70 4575/1/70
f 4576/1/69 4583/1/69 4577/1/69
f 4579/1/70 4575/1/70 4578/1/70
f 4578/1/69 4575/1/69 4580/1/69
f 4583/1/70 4579/1/70 4584/1/70
f 4579/1/70 4583/1/70 4576/1/70
f 4575/1/70 4579/1/70 4576/1/70
f 4575/1/70 4581/1/70 4580/1/70
f 4582/1/70 4574/1/70 4586/1/70
f 4574/1/70 4585/1/70 4586/1/70
f 4568/1/69 4571/1/69 4570/1/69
f 4592/1/70 4545/1/70 4543/1/70
f 4547/1/70 4539/1/70 4538/1/70
f 4547/1/70 4538/1/70 4548/1/70
f 4538/1/70 4529/1/70 4548/1/70
f 4548/1/70 4551/1/70 4549/1/70
f 4549/1/70 4551/1/70 4550/1/70
f 4551/1/70 4548/1/70 4540/1/70
f 4553/1/70 4609/1/70 4603/1/70
f 4609/1/70 4601/1/70 4603/1/70
f 4609/1/70 4604/1/70 4602/1/70
f 4609/1/70 4602/1/70 4601/1/70
f 4609/1/70 4553/1/70 4608/1/70
f 4626/1/70 4615/1/70 4616/1/70
f 4623/1/70 4614/1/70 4626/1/70
f 4614/1/70 4623/1/70 4613/1/70
f 4623/1/70 4612/1/70 4613/1/70
f 4626/1/69 4614/1/69 4615/1/69
f 4552/1/70 4606/1/70 4607/1/70
f 4553/1/69 4607/1/69 4608/1/69
f 4552/1/70 4607/1/70 4553/1/70
f 4606/1/70 4552/1/70 4554/1/70
f 4529/1/70 4540/1/70 4548/1/70
f 4529/1/70 4538/1/70 4530/1/70
f 4530/1/69 4538/1/69 4531/1/69
f 4599/1/69 4538/1/69 4537/1/69
f 4596/1/70 4595/1/70 4536/1/70
f 4595/1/83 4597/1/83 4536/1/83
f 4536/1/70 4597/1/70 4598/1/70
f 4598/1/70 4535/1/70 4536/1/70
f 4599/1/68 4537/1/68 4533/1/68
f 4365/1/70 4333/1/70 4361/1/70
f 4333/1/69 4363/1/69 4362/1/69
f 4364/1/70 4332/1/70 4331/1/70
f 4364/1/69 4329/1/69 4670/1/69
f 4670/1/70 4329/1/70 4428/1/70
f 4425/1/70 4327/1/70 4386/1/70
f 4631/1/70 4474/1/70 4630/1/70
f 4630/1/70 4474/1/70 4494/1/70
f 4462/1/70 4442/1/70 4469/1/70
f 4462/1/70 4629/1/70 4442/1/70
f 4629/1/70 4462/1/70 4460/1/70
f 4497/1/69 4464/1/69 4498/1/69
f 4498/1/69 4464/1/69 4499/1/69
f 4448/1/70 4503/1/70 4502/1/70
f 4444/1/70 4669/1/70 4503/1/70
f 4504/1/70 4527/1/70 4505/1/70
f 4515/1/70 4610/1/70 4627/1/70
f 4612/1/70 4623/1/70 4624/1/70
f 4610/1/70 4625/1/70 4627/1/70
f 4515/1/70 4611/1/70 4610/1/70
f 4524/1/70 4620/1/70 4621/1/70
f 4517/1/70 4618/1/70 4619/1/70
f 4604/1/70 4609/1/70 4617/1/70
f 4605/1/70 4618/1/70 4518/1/70
f 4618/1/69 4517/1/69 4518/1/69
f 4620/1/70 4517/1/70 4619/1/70
f 4620/1/70 4524/1/70 4522/1/70
f 4622/1/70 4524/1/70 4621/1/70
f 4514/1/70 4622/1/70 4611/1/70
f 4527/1/70 4514/1/70 4513/1/70
f 4527/1/70 4504/1/70 4528/1/70
f 4528/1/70 4446/1/70 4509/1/70
f 4503/1/70 4509/1/70 4444/1/70
f 4503/1/84 4512/1/84 4511/1/84
f 4503/1/70 4448/1/70 4512/1/70
f 4501/1/70 4448/1/70 4502/1/70
f 4501/1/69 4450/1/69 4449/1/69
f 4501/1/70 4451/1/70 4450/1/70
f 4451/1/70 4501/1/70 4500/1/70
f 4464/1/70 4500/1/70 4499/1/70
f 4628/1/70 4464/1/70 4497/1/70
f 4628/1/73 4454/1/73 4453/1/73
f 4628/1/70 4455/1/70 4454/1/70
f 4457/1/70 4455/1/70 4629/1/70
f 4629/1/70 4460/1/70 4459/1/70
f 4461/1/70 4460/1/70 4462/1/70
f 4466/1/69 4468/1/69 4463/1/69
f 4466/1/70 4462/1/70 4469/1/70
f 4469/1/70 4441/1/70 4668/1/70
f 4668/1/70 4441/1/70 4496/1/70
f 4472/1/70 4496/1/70 4495/1/70
f 4474/1/70 4495/1/70 4494/1/70
f 4474/1/70 4631/1/70 4475/1/70
f 4482/1/70 4481/1/70 4483/1/70
f 4483/1/70 4480/1/70 4479/1/70
f 4475/1/70 4633/1/70 4479/1/70
f 4477/1/70 4634/1/70 4323/1/70
f 4491/1/70 4321/1/70 4490/1/70
f 4303/1/70 4665/1/70 4667/1/70
f 4303/1/69 4666/1/69 4665/1/69
f 4666/1/70 4301/1/70 4663/1/70
f 4301/1/70 4664/1/70 4663/1/70
f 4301/1/70 4295/1/70 4664/1/70
f 4311/1/69 4638/1/69 4639/1/69
f 4640/1/70 4311/1/70 4639/1/70
f 4645/1/70 4642/1/70 4644/1/70
f 4642/1/70 4645/1/70 4317/1/70
f 4642/1/69 4317/1/69 4318/1/69
f 4643/1/70 4318/1/70 4316/1/70
f 4315/1/73 4643/1/73 4316/1/73
f 4645/1/70 4319/1/70 4317/1/70
f 4646/1/69 4319/1/69 4645/1/69
f 4646/1/70 4672/1/70 4319/1/70
f 4672/1/70 4673/1/70 4319/1/70
f 4647/1/69 4671/1/69 4672/1/69
f 4671/1/70 4647/1/70 4493/1/70
f 4492/1/69 4671/1/69 4493/1/69
f 4492/1/70 4321/1/70 4671/1/70
f 4647/1/70 4672/1/70 4646/1/70
f 4642/1/70 4318/1/70 4643/1/70
f 4643/1/70 4640/1/70 4641/1/70
f 4311/1/69 4637/1/69 4638/1/69
f 4321/1/70 4492/1/70 4490/1/70
f 4314/1/85 4643/1/85 4315/1/85
f 4640/1/70 4643/1/70 4312/1/70
f 4640/1/70 4312/1/70 4311/1/70
f 4276/1/70 4308/1/70 4277/1/70
f 4304/1/69 4636/1/69 4305/1/69
f 4636/1/70 4674/1/70 4305/1/70
f 4676/1/70 4309/1/70 4310/1/70
f 4637/1/70 4311/1/70 4309/1/70
f 4635/1/70 4674/1/70 4636/1/70
f 4306/1/86 4636/1/86 4304/1/86
f 4306/1/73 4650/1/73 4662/1/73
f 4303/1/73 4667/1/73 4648/1/73
f 4306/1/69 4649/1/69 4650/1/69
f 4666/1/69 4303/1/69 4302/1/69
f 4301/1/70 4666/1/70 4302/1/70
f 4295/1/69 4301/1/69 4272/1/69
f 4292/1/70 4489/1/70 4486/1/70
f 4292/1/70 4486/1/70 4293/1/70
f 4293/1/70 4486/1/70 4485/1/70
f 4293/1/73 4485/1/73 4487/1/73
f 4489/1/69 4292/1/69 4291/1/69
f 4488/1/70 4290/1/70 4289/1/70
f 4288/1/70 4478/1/70 4488/1/70
f 4286/1/70 4478/1/70 4288/1/70
f 4634/1/70 4477/1/70 4484/1/70
f 4286/1/70 4476/1/70 4478/1/70
f 4435/1/70 4345/1/70 4344/1/70
f 4350/1/70 4285/1/70 4284/1/70
f 4350/1/70 4283/1/70 4349/1/70
f 4352/1/70 4355/1/70 4351/1/70
f 4355/1/69 4359/1/69 4357/1/69
f 4359/1/70 4355/1/70 4360/1/70
f 4369/1/69 4355/1/69 4352/1/69
f 4352/1/70 4281/1/70 4369/1/70
f 4281/1/70 4371/1/70 4369/1/70
f 4342/1/70 4368/1/70 4371/1/70
f 4334/1/69 4366/1/69 4335/1/69
f 4340/1/70 4338/1/70 4339/1/70
f 4336/1/70 4367/1/70 4368/1/70
f 4398/1/70 4340/1/70 4339/1/70
f 4368/1/69 4342/1/69 4341/1/69
f 4342/1/70 4371/1/70 4282/1/70
f 4371/1/69 4281/1/69 4282/1/69
f 4281/1/70 4352/1/70 4280/1/70
f 4280/1/70 4352/1/70 4354/1/70
f 4354/1/70 4283/1/70 4278/1/70
f 4307/1/70 4677/1/70 4678/1/70
f 4308/1/70 4276/1/70 4275/1/70
f 4307/1/73 4274/1/73 4677/1/73
f 4273/1/70 4299/1/70 4297/1/70
f 4307/1/69 4265/1/69 4263/1/69
f 4681/1/87 4710/1/87 4680/1/87
f 4680/1/87 4710/1/87 4682/1/87
f 4710/1/87 4683/1/87 4682/1/87
f 4689/1/87 4686/1/87 4685/1/87
f 4686/1/87 4689/1/87 4687/1/87
f 4686/1/87 4687/1/87 4688/1/87
f 4708/1/87 4686/1/87 4688/1/87
f 4706/1/87 4705/1/87 4707/1/87
f 4703/1/87 4708/1/87 4704/1/87
f 4708/1/87 4705/1/87 4704/1/87
f 4689/1/87 4684/1/87 4690/1/87
f 4690/1/87 4684/1/87 4683/1/87
f 4690/1/87 4683/1/87 4709/1/87
f 4692/1/87 4701/1/87 4691/1/87
f 4701/1/88 4694/1/88 4691/1/88
f 4701/1/87 4695/1/87 4694/1/87
f 4695/1/87 4700/1/87 4696/1/87
f 4696/1/87 4700/1/87 4699/1/87
f 4696/1/87 4699/1/87 4697/1/87
f 4697/1/88 4699/1/88 4698/1/88
f 4692/1/87 4681/1/87 4702/1/87
f 4681/1/87 4692/1/87 4693/1/87
f 4695/1/87 4701/1/87 4700/1/87
f 4701/1/87 4692/1/87 4702/1/87
f 4705/1/87 4708/1/87 4707/1/87
f 4686/1/87 4708/1/87 4703/1/87
f 4684/1/87 4689/1/87 4685/1/87
f 4683/1/89 4710/1/89 4709/1/89
f 4710/1/87 4681/1/87 4693/1/87
f 4720/1/90 4711/1/90 4712/1/90
f 4720/1/87 4712/1/87 4713/1/87
f 4714/1/87 4720/1/87 4713/1/87
f 4718/1/87 4716/1/87 4719/1/87
f 4716/1/87 4917/1/87 4719/1/87
f 4915/1/87 4917/1/87 4716/1/87
f 4723/1/87 4720/1/87 4721/1/87
f 4722/1/87 4723/1/87 4721/1/87
f 4723/1/87 4722/1/87 4724/1/87
f 4727/1/87 4876/1/87 4726/1/87
f 4726/1/87 4876/1/87 4875/1/87
f 4734/1/87 4726/1/87 4875/1/87
f 4728/1/87 4732/1/87 4730/1/87
f 4874/1/91 4728/1/91 4730/1/91
f 4874/1/92 4730/1/92 4731/1/92
f 4729/1/87 4874/1/87 4842/1/87
f 4729/1/87 4842/1/87 4865/1/87
f 4864/1/87 4729/1/87 4865/1/87
f 4867/1/87 4868/1/87 4864/1/87
f 4843/1/87 4865/1/87 4841/1/87
f 4844/1/87 4865/1/87 4843/1/87
f 4870/1/87 4845/1/87 4846/1/87
f 4870/1/87 4846/1/87 4869/1/87
f 4848/1/87 4871/1/87 4847/1/87
f 4871/1/87 4846/1/87 4847/1/87
f 4871/1/87 4848/1/87 4872/1/87
f 4848/1/87 4852/1/87 4853/1/87
f 4848/1/87 4853/1/87 4873/1/87
f 4848/1/87 4854/1/87 4852/1/87
f 4854/1/87 4848/1/87 4849/1/87
f 4854/1/87 4849/1/87 4855/1/87
f 4851/1/87 4857/1/87 4850/1/87
f 4857/1/87 4849/1/87 4850/1/87
f 4849/1/87 4857/1/87 4856/1/87
f 4857/1/87 4860/1/87 4858/1/87
f 4858/1/88 4860/1/88 4859/1/88
f 4857/1/87 4862/1/87 4861/1/87
f 4857/1/93 4861/1/93 4860/1/93
f 4862/1/87 4857/1/87 4851/1/87
f 4862/1/87 4851/1/87 4863/1/87
f 4849/1/87 4856/1/87 4855/1/87
f 4848/1/87 4873/1/87 4872/1/87
f 4846/1/87 4871/1/87 4869/1/87
f 4845/1/87 4870/1/87 4866/1/87
f 4865/1/87 4845/1/87 4866/1/87
f 4845/1/87 4865/1/87 4844/1/87
f 4736/1/87 4737/1/87 4735/1/87
f 4739/1/87 4737/1/87 4736/1/87
f 4740/1/87 4738/1/87 4739/1/87
f 4747/1/87 4741/1/87 4742/1/87
f 4747/1/87 4742/1/87 4743/1/87
f 4744/1/87 4747/1/87 4743/1/87
f 4748/1/87 4744/1/87 4745/1/87
f 4746/1/87 4748/1/87 4745/1/87
f 4748/1/87 4746/1/87 4749/1/87
f 4789/1/94 4751/1/94 4752/1/94
f 4789/1/95 4752/1/95 4814/1/95
f 4789/1/87 4814/1/87 4813/1/87
f 4789/1/87 4813/1/87 4801/1/87
f 4789/1/96 4801/1/96 4802/1/96
f 4789/1/87 4802/1/87 4803/1/87
f 4756/1/87 4789/1/87 4803/1/87
f 4796/1/96 4800/1/96 4799/1/96
f 4796/1/97 4799/1/97 4797/1/97
f 4796/1/98 4797/1/98 4798/1/98
f 4793/1/87 4796/1/87 4798/1/87
f 4794/1/87 4795/1/87 4796/1/87
f 4754/1/87 4789/1/87 4790/1/87
f 4754/1/87 4790/1/87 4812/1/87
f 4812/1/99 4790/1/99 4791/1/99
f 4812/1/100 4791/1/100 4759/1/100
f 4758/1/101 4812/1/101 4759/1/101
f 4811/1/87 4760/1/87 4810/1/87
f 4812/1/87 4760/1/87 4811/1/87
f 4766/1/102 4761/1/102 4762/1/102
f 4806/1/88 4766/1/88 4762/1/88
f 4771/1/87 4804/1/87 4805/1/87
f 4771/1/87 4805/1/87 4783/1/87
f 4806/1/87 4770/1/87 4769/1/87
f 4806/1/99 4769/1/99 4768/1/99
f 4806/1/87 4768/1/87 4767/1/87
f 4765/1/87 4764/1/87 4766/1/87
f 4766/1/87 4764/1/87 4763/1/87
f 4807/1/87 4780/1/87 4781/1/87
f 4780/1/87 4807/1/87 4808/1/87
f 4780/1/87 4808/1/87 4779/1/87
f 4778/1/87 4775/1/87 4746/1/87
f 4746/1/87 4775/1/87 4750/1/87
f 4775/1/87 4772/1/87 4776/1/87
f 4775/1/87 4778/1/87 4772/1/87
f 4778/1/87 4773/1/87 4772/1/87
f 4773/1/87 4809/1/87 4774/1/87
f 4773/1/87 4777/1/87 4809/1/87
f 4777/1/87 4784/1/87 4809/1/87
f 4785/1/87 4779/1/87 4786/1/87
f 4786/1/103 4779/1/103 4787/1/103
f 4784/1/87 4779/1/87 4785/1/87
f 4777/1/87 4773/1/87 4778/1/87
f 4779/1/87 4784/1/87 4777/1/87
f 4779/1/87 4808/1/87 4787/1/87
f 4782/1/87 4807/1/87 4781/1/87
f 4782/1/87 4805/1/87 4807/1/87
f 4805/1/87 4782/1/87 4783/1/87
f 4770/1/87 4804/1/87 4771/1/87
f 4770/1/87 4806/1/87 4804/1/87
f 4766/1/87 4806/1/87 4767/1/87
f 4766/1/99 4763/1/99 4761/1/99
f 4760/1/87 4812/1/87 4758/1/87
f 4789/1/87 4754/1/87 4753/1/87
f 4756/1/87 4796/1/87 4788/1/87
f 4794/1/104 4793/1/104 4792/1/104
f 4793/1/87 4794/1/87 4796/1/87
f 4796/1/88 4757/1/88 4800/1/88
f 4796/1/87 4755/1/87 4757/1/87
f 4796/1/87 4756/1/87 4755/1/87
f 4789/1/87 4756/1/87 4788/1/87
f 4789/1/105 4753/1/105 4751/1/105
f 4749/1/87 4746/1/87 4750/1/87
f 4744/1/87 4748/1/87 4747/1/87
f 4741/1/87 4747/1/87 4815/1/87
f 4739/1/87 4738/1/87 4737/1/87
f 4906/1/87 4886/1/87 4885/1/87
f 4885/1/106 4908/1/106 4906/1/106
f 4892/1/87 4905/1/87 4907/1/87
f 4827/1/87 4892/1/87 4907/1/87
f 4889/1/87 4892/1/87 4827/1/87
f 4826/1/87 4889/1/87 4827/1/87
f 4888/1/87 4826/1/87 4825/1/87
f 4824/1/87 4888/1/87 4825/1/87
f 4888/1/87 4824/1/87 4887/1/87
f 4882/1/89 4889/1/89 4890/1/89
f 4892/1/87 4883/1/87 4891/1/87
f 4883/1/87 4892/1/87 4881/1/87
f 4892/1/87 4882/1/87 4881/1/87
f 4893/1/87 4824/1/87 4894/1/87
f 4894/1/87 4824/1/87 4895/1/87
f 4896/1/87 4823/1/87 4818/1/87
f 4818/1/88 4823/1/88 4822/1/88
f 4820/1/87 4818/1/87 4822/1/87
f 4821/1/87 4820/1/87 4822/1/87
f 4816/1/87 4819/1/87 4725/1/87
f 4816/1/87 4725/1/87 4724/1/87
f 4819/1/87 4816/1/87 4817/1/87
f 4819/1/87 4817/1/87 4820/1/87
f 4820/1/87 4817/1/87 4818/1/87
f 4896/1/87 4824/1/87 4823/1/87
f 4824/1/87 4896/1/87 4895/1/87
f 4887/1/87 4824/1/87 4893/1/87
f 4829/1/87 4911/1/87 4828/1/87
f 4911/1/87 4830/1/87 4828/1/87
f 4830/1/87 4911/1/87 4910/1/87
f 4912/1/94 4830/1/94 4910/1/94
f 4837/1/87 4912/1/87 4878/1/87
f 4879/1/87 4837/1/87 4878/1/87
f 4835/1/87 4913/1/87 4914/1/87
f 4838/1/87 4835/1/87 4914/1/87
f 4904/1/87 4838/1/87 4914/1/87
f 4727/1/87 4903/1/87 4877/1/87
f 4903/1/88 4727/1/88 4840/1/88
f 4839/1/88 4903/1/88 4840/1/88
f 4839/1/87 4904/1/87 4903/1/87
f 4838/1/87 4904/1/87 4839/1/87
f 4835/1/91 4832/1/91 4834/1/91
f 4837/1/87 4880/1/87 4836/1/87
f 4831/1/87 4833/1/87 4834/1/87
f 4831/1/87 4834/1/87 4832/1/87
f 4835/1/87 4838/1/87 4832/1/87
f 4836/1/87 4913/1/87 4835/1/87
f 4836/1/87 4880/1/87 4913/1/87
f 4880/1/87 4837/1/87 4879/1/87
f 4898/1/87 4900/1/87 4897/1/87
f 4897/1/107 4900/1/107 4884/1/107
f 4900/1/87 4885/1/87 4884/1/87
f 4885/1/87 4900/1/87 4909/1/87
f 4900/1/87 4898/1/87 4901/1/87
f 4898/1/87 4902/1/87 4901/1/87
f 4898/1/87 4829/1/87 4902/1/87
f 4829/1/87 4898/1/87 4899/1/87
f 4830/1/87 4912/1/87 4837/1/87
f 4911/1/87 4829/1/87 4899/1/87
f 4826/1/87 4888/1/87 4889/1/87
f 4882/1/87 4892/1/87 4889/1/87
f 4905/1/87 4892/1/87 4886/1/87
f 4885/1/87 4909/1/87 4908/1/87
f 4905/1/87 4886/1/87 4906/1/87
f 4864/1/87 4868/1/87 4729/1/87
f 4865/1/87 4842/1/87 4841/1/87
f 4728/1/87 4874/1/87 4729/1/87
f 4726/1/87 4732/1/87 4728/1/87
f 4732/1/87 4726/1/87 4733/1/87
f 4733/1/87 4726/1/87 4734/1/87
f 4876/1/87 4727/1/87 4877/1/87
f 4722/1/87 4816/1/87 4724/1/87
f 4716/1/87 4717/1/87 4715/1/87
f 4915/1/87 4916/1/87 4917/1/87
f 4717/1/87 4716/1/87 4718/1/87
f 4720/1/87 4723/1/87 4711/1/87
f 434/2/108 430/3/108 433/4/108
f 433/4/109 435/5/109 434/2/109
f 3908/6/110 434/2/110 435/5/110
f 3908/6/110 435/5/110 3909/7/110
f 3910/8/111 3907/9/111 434/2/111
f 3906/10/112 434/2/112 3907/9/112
f 3905/11/113 430/3/113 3906/10/113
f 3905/11/113 428/12/113 430/3/113
f 430/3/114 428/12/114 429/13/114
f 429/13/115 431/14/115 430/3/115
f 429/13/116 427/15/116 431/14/116
f 431/14/117 427/15/117 405/16/117
f 431/14/118 405/16/118 432/17/118
f 433/4/119 431/14/119 432/17/119
f 432/17/120 405/16/120 393/18/120
f 432/17/121 393/18/121 436/19/121
f 432/17/122 436/19/122 435/5/122
f 68/20/123 435/5/123 436/19/123
f 68/20/124 436/19/124 69/21/124
f 3912/22/125 68/23/125 69/24/125
f 3912/22/126 69/24/126 3913/25/126
f 3940/26/127 1/27/127 3939/28/127
f 3937/29/128 3939/28/128 1/27/128
f 3937/30/129 1/31/129 6/32/129
f 3937/30/129 6/32/129 3938/33/129
f 3902/34/130 426/35/130 3904/36/130
f 3904/36/131 426/35/131 428/12/131
f 3902/34/130 425/37/130 426/35/130
f 425/37/132 420/38/132 426/35/132
f 426/35/133 420/38/133 404/39/133
f 426/35/134 404/39/134 427/15/134
f 420/38/135 402/40/135 404/39/135
f 400/41/136 404/39/136 402/40/136
f 401/42/137 400/41/137 402/40/137
f 401/42/138 402/40/138 403/43/138
f 522/44/139 401/45/139 403/46/139
f 523/47/140 522/44/140 403/46/140
f 523/47/141 403/46/141 524/48/141
f 526/49/142 523/47/142 524/48/142
f 527/50/143 526/49/143 524/48/143
f 527/50/144 524/48/144 528/51/144
f 527/50/145 528/51/145 343/52/145
f 342/53/146 527/50/146 343/52/146
f 339/54/147 342/55/147 343/56/147
f 343/52/148 548/57/148 339/58/148
f 339/58/149 548/57/149 340/59/149
f 337/60/150 339/54/150 340/61/150
f 340/59/151 550/62/151 337/63/151
f 337/63/152 550/62/152 336/64/152
f 336/65/153 333/66/153 337/60/153
f 333/66/154 338/67/154 337/60/154
f 333/66/155 323/68/155 338/67/155
f 338/67/156 323/68/156 320/69/156
f 338/67/157 320/69/157 341/70/157
f 338/67/158 341/70/158 339/54/158
f 344/71/159 341/70/159 320/69/159
f 344/71/160 320/69/160 346/72/160
f 346/72/161 348/73/161 344/71/161
f 344/71/162 348/73/162 350/74/162
f 344/71/163 350/74/163 347/75/163
f 345/76/164 344/71/164 347/75/164
f 345/76/165 347/75/165 351/77/165
f 351/78/166 520/79/166 345/80/166
f 520/79/167 523/47/167 345/80/167
f 345/80/168 523/47/168 525/81/168
f 345/80/169 525/81/169 342/53/169
f 521/82/170 523/47/170 520/79/170
f 520/79/171 519/83/171 521/82/171
f 519/83/172 522/44/172 521/82/172
f 519/83/173 398/84/173 522/44/173
f 519/83/174 397/85/174 398/84/174
f 397/86/175 396/87/175 398/88/175
f 398/88/176 396/87/176 400/41/176
f 400/41/177 396/87/177 399/89/177
f 396/87/178 394/90/178 399/89/178
f 399/89/179 394/90/179 393/18/179
f 394/90/180 82/91/180 393/18/180
f 82/91/181 81/92/181 393/18/181
f 81/92/182 82/91/182 80/93/182
f 80/94/183 75/95/183 81/96/183
f 437/97/184 81/92/184 75/98/184
f 72/99/185 437/97/185 75/98/185
f 74/100/186 72/101/186 75/95/186
f 78/102/187 74/100/187 75/95/187
f 76/103/188 74/100/188 78/102/188
f 79/104/189 76/103/189 78/102/189
f 78/102/190 80/94/190 79/104/190
f 80/94/191 24/105/191 79/104/191
f 79/104/192 24/105/192 84/106/192
f 79/104/193 84/106/193 83/107/193
f 83/107/194 77/108/194 79/104/194
f 77/108/195 83/107/195 67/109/195
f 67/109/196 73/110/196 77/108/196
f 77/108/197 73/110/197 76/103/197
f 73/110/198 70/111/198 76/103/198
f 66/112/199 70/111/199 73/110/199
f 66/112/200 69/24/200 70/111/200
f 70/111/201 69/24/201 71/113/201
f 70/111/202 71/113/202 72/101/202
f 3957/114/203 69/24/203 66/112/203
f 3957/114/204 66/112/204 3956/115/204
f 3935/116/205 2/117/205 3936/118/205
f 3940/26/206 3936/118/206 2/117/206
f 3935/116/205 4/119/205 2/117/205
f 8/120/207 2/117/207 4/119/207
f 11/121/208 8/120/208 4/119/208
f 11/121/209 4/119/209 13/122/209
f 3624/123/210 11/121/210 13/122/210
f 3624/123/210 13/122/210 3625/124/210
f 3580/125/211 88/126/211 3891/127/211
f 3589/128/212 3891/127/212 88/126/212
f 3589/128/213 88/126/213 86/129/213
f 3589/128/213 86/129/213 3590/130/213
f 3591/131/214 3590/130/214 86/129/214
f 3591/131/215 86/129/215 84/106/215
f 3591/131/215 84/106/215 3887/132/215
f 3622/133/216 9/134/216 3623/135/216
f 3623/135/217 9/134/217 11/121/217
f 3622/133/218 14/136/218 9/134/218
f 9/134/219 14/136/219 10/137/219
f 7/138/220 9/134/220 10/137/220
f 10/139/221 231/140/221 7/141/221
f 7/141/222 231/140/222 6/142/222
f 6/143/223 5/144/223 7/138/223
f 5/144/224 8/120/224 7/138/224
f 6/142/225 231/140/225 232/145/225
f 232/145/226 231/140/226 230/146/226
f 3943/147/227 232/148/227 230/149/227
f 3943/147/227 230/149/227 3964/150/227
f 3942/151/228 3941/152/228 232/148/228
f 3938/33/229 232/148/229 3941/152/229
f 3901/153/230 420/38/230 4258/154/230
f 3901/153/230 424/155/230 420/38/230
f 424/155/231 421/156/231 420/38/231
f 421/156/232 417/157/232 420/38/232
f 418/158/233 417/157/233 421/156/233
f 422/159/234 418/158/234 421/156/234
f 3898/160/235 422/159/235 421/156/235
f 3898/160/235 421/156/235 3952/161/235
f 3966/162/236 3965/163/236 234/164/236
f 3964/150/237 234/164/237 3965/163/237
f 3967/165/238 3966/162/238 234/164/238
f 3968/166/239 3967/165/239 234/164/239
f 3968/167/240 234/168/240 237/169/240
f 3968/167/241 237/169/241 4251/170/241
f 4251/171/242 251/172/242 4252/173/242
f 4252/173/243 251/172/243 254/174/243
f 4252/173/244 254/174/244 3970/175/244
f 3949/176/245 423/177/245 4253/178/245
f 4254/179/246 4253/178/246 423/177/246
f 4262/180/247 4254/179/247 423/177/247
f 4261/181/248 4262/180/248 423/177/248
f 4261/181/249 423/177/249 419/182/249
f 4261/181/249 419/182/249 3896/183/249
f 3895/184/250 422/159/250 3897/185/250
f 3895/184/250 419/182/250 422/159/250
f 415/186/251 422/159/251 419/182/251
f 416/187/252 415/186/252 419/182/252
f 413/188/253 415/186/253 416/187/253
f 416/189/254 566/190/254 413/191/254
f 413/191/255 566/190/255 540/192/255
f 413/191/256 540/192/256 411/193/256
f 411/194/257 412/195/257 413/188/257
f 411/194/258 408/196/258 412/195/258
f 408/196/259 414/197/259 412/195/259
f 415/186/260 412/195/260 414/197/260
f 415/186/261 414/197/261 418/158/261
f 408/196/262 406/198/262 414/197/262
f 414/197/263 406/198/263 417/157/263
f 417/157/264 406/198/264 402/40/264
f 407/199/265 406/198/265 408/196/265
f 407/199/266 408/196/266 409/200/266
f 410/201/267 407/202/267 409/203/267
f 410/201/268 532/204/268 407/202/268
f 529/205/269 407/202/269 532/204/269
f 533/206/270 529/205/270 532/204/270
f 533/206/271 532/204/271 536/207/271
f 533/206/272 536/207/272 535/208/272
f 534/209/273 533/206/273 535/208/273
f 534/209/274 535/208/274 530/210/274
f 531/211/275 534/209/275 530/210/275
f 528/51/276 531/211/276 530/210/276
f 528/51/277 529/205/277 531/211/277
f 535/208/278 546/212/278 530/210/278
f 530/210/279 546/212/279 548/57/279
f 548/57/280 546/212/280 544/213/280
f 548/57/281 544/213/281 549/214/281
f 549/214/282 544/213/282 547/215/282
f 550/62/283 549/214/283 547/215/283
f 550/62/284 547/215/284 551/216/284
f 550/62/285 551/216/285 335/217/285
f 551/218/286 1297/219/286 335/220/286
f 335/220/287 1297/219/287 1299/221/287
f 335/220/288 1299/221/288 330/222/288
f 335/220/289 330/222/289 332/223/289
f 332/224/290 334/225/290 335/226/290
f 335/226/291 334/225/291 336/65/291
f 332/224/292 329/227/292 334/225/292
f 334/225/293 329/227/293 333/66/293
f 329/227/294 324/228/294 333/66/294
f 329/227/295 325/229/295 324/228/295
f 325/229/296 322/230/296 324/228/296
f 322/230/297 321/231/297 324/228/297
f 324/228/298 321/231/298 323/68/298
f 321/231/299 319/232/299 323/68/299
f 314/233/300 319/232/300 321/231/300
f 314/233/301 316/234/301 319/232/301
f 319/232/302 316/234/302 320/69/302
f 320/69/303 316/234/303 318/235/303
f 316/234/304 315/236/304 318/235/304
f 318/235/305 315/236/305 317/237/305
f 349/238/306 318/235/306 317/237/306
f 349/238/307 317/237/307 353/239/307
f 349/238/308 353/239/308 354/240/308
f 349/238/309 354/240/309 352/241/309
f 352/241/310 350/74/310 349/238/310
f 354/240/311 356/242/311 352/241/311
f 3631/243/312 352/241/312 356/242/312
f 3631/243/312 356/242/312 3632/244/312
f 3654/245/313 3655/246/313 155/247/313
f 3653/248/314 3654/245/314 155/247/314
f 3653/248/315 155/247/315 159/249/315
f 3653/248/315 159/249/315 3663/250/315
f 3663/250/316 154/251/316 3664/252/316
f 3664/252/317 154/251/317 160/253/317
f 3664/252/318 160/253/318 3665/254/318
f 3665/254/319 160/253/319 161/255/319
f 3665/254/319 161/255/319 3652/256/319
f 3648/257/320 3649/258/320 161/255/320
f 3648/257/321 161/255/321 165/259/321
f 3648/257/321 165/259/321 3650/260/321
f 3605/261/322 364/262/322 3606/263/322
f 3606/264/323 364/265/323 366/266/323
f 3606/264/323 366/266/323 3607/267/323
f 3611/268/324 3607/267/324 366/266/324
f 3611/268/325 366/266/325 362/269/325
f 3611/268/325 362/269/325 3610/270/325
f 3608/271/326 357/272/326 3609/273/326
f 3609/273/327 357/272/327 352/241/327
f 352/241/328 357/272/328 351/77/328
f 351/77/329 357/272/329 358/274/329
f 351/77/330 358/274/330 359/275/330
f 359/276/331 518/277/331 351/78/331
f 361/278/332 518/277/332 359/276/332
f 359/275/333 360/279/333 361/280/333
f 361/280/334 360/279/334 363/281/334
f 361/280/335 363/281/335 364/265/335
f 361/280/336 364/265/336 365/282/336
f 364/283/337 392/284/337 365/285/337
f 365/285/338 392/284/338 396/87/338
f 395/286/339 396/87/339 392/284/339
f 37/287/340 395/286/340 392/284/340
f 37/287/341 392/284/341 391/288/341
f 391/289/342 38/290/342 37/291/342
f 36/292/343 37/293/343 38/294/343
f 3882/295/344 36/292/344 38/294/344
f 3882/295/344 38/294/344 3883/296/344
f 3885/297/345 3602/298/345 34/299/345
f 3885/297/346 34/299/346 36/292/346
f 35/300/347 36/292/347 34/299/347
f 32/301/348 35/300/348 34/299/348
f 3598/302/349 32/301/349 34/299/349
f 3598/302/349 34/299/349 3601/303/349
f 3617/304/350 17/305/350 3616/306/350
f 3615/307/351 3616/306/351 17/305/351
f 3614/308/352 3615/307/352 17/305/352
f 3614/308/353 17/305/353 15/309/353
f 3614/308/353 15/309/353 3619/310/353
f 3619/310/354 14/136/354 3620/311/354
f 3621/312/355 3620/311/355 14/136/355
f 3592/313/356 23/314/356 3594/315/356
f 3595/316/357 3594/315/357 23/314/357
f 3596/317/358 3595/316/358 23/314/358
f 3596/317/359 23/314/359 25/318/359
f 3596/317/359 25/318/359 3613/319/359
f 3612/320/360 3613/319/360 25/318/360
f 3612/320/361 25/318/361 31/321/361
f 3612/320/361 31/321/361 3886/322/361
f 3599/323/362 3886/322/362 31/321/362
f 3597/324/363 3599/323/363 31/321/363
f 3597/324/364 31/321/364 32/301/364
f 31/321/365 30/325/365 32/301/365
f 32/301/366 30/325/366 33/326/366
f 30/327/367 395/286/367 33/328/367
f 29/329/368 395/286/368 30/327/368
f 27/330/369 29/331/369 30/325/369
f 27/330/370 30/325/370 25/318/370
f 27/330/371 28/332/371 29/331/371
f 29/329/372 28/333/372 82/91/372
f 27/330/373 26/334/373 28/332/373
f 28/332/374 26/334/374 24/105/374
f 23/314/375 24/105/375 26/334/375
f 23/314/376 26/334/376 27/330/376
f 29/329/377 394/90/377 395/286/377
f 31/321/378 25/318/378 30/325/378
f 23/314/379 27/330/379 25/318/379
f 3592/313/356 24/105/356 23/314/356
f 3592/313/380 3593/335/380 24/105/380
f 3887/132/381 24/105/381 3593/335/381
f 3619/310/354 15/309/354 14/136/354
f 16/336/382 15/309/382 17/305/382
f 16/336/383 17/305/383 18/337/383
f 16/336/384 18/337/384 19/338/384
f 19/339/385 226/340/385 16/341/385
f 16/341/386 226/340/386 10/139/386
f 10/139/387 226/340/387 230/146/387
f 230/146/388 226/340/388 229/342/388
f 230/146/389 229/342/389 233/343/389
f 230/146/390 233/343/390 234/168/390
f 233/343/391 235/344/391 234/168/391
f 234/168/392 235/344/392 236/345/392
f 236/345/393 235/344/393 238/346/393
f 236/345/394 238/346/394 240/347/394
f 236/345/395 240/347/395 237/169/395
f 240/347/396 243/348/396 237/169/396
f 237/169/397 243/348/397 246/349/397
f 237/169/398 246/349/398 247/350/398
f 237/169/399 247/350/399 248/351/399
f 237/169/400 248/351/400 250/352/400
f 237/169/401 250/352/401 251/353/401
f 255/354/402 250/355/402 248/356/402
f 3974/357/403 255/354/403 248/356/403
f 3974/357/404 248/356/404 3975/358/404
f 3975/359/405 582/360/405 3976/361/405
f 3976/361/406 582/360/406 552/362/406
f 3976/361/406 552/362/406 3977/363/406
f 4249/364/407 561/365/407 4250/366/407
f 3984/367/408 4250/366/408 561/365/408
f 3984/367/409 561/365/409 562/368/409
f 3984/367/409 562/368/409 3983/369/409
f 3945/370/410 3982/371/410 562/368/410
f 3944/372/411 3945/370/411 562/368/411
f 3944/372/412 562/368/412 438/373/412
f 3944/372/412 438/373/412 3946/374/412
f 3948/375/413 3947/376/413 438/377/413
f 3948/375/414 438/377/414 439/378/414
f 3948/375/414 439/378/414 3949/176/414
f 439/378/415 438/377/415 423/177/415
f 438/373/416 416/189/416 423/379/416
f 438/373/417 567/380/417 416/189/417
f 416/189/418 567/380/418 568/381/418
f 568/381/419 567/380/419 566/190/419
f 567/380/420 565/382/420 566/190/420
f 565/382/421 564/383/421 566/190/421
f 566/190/422 564/383/422 563/384/422
f 564/383/423 561/365/423 563/384/423
f 563/384/424 561/365/424 559/385/424
f 570/386/425 563/384/425 559/385/425
f 545/387/426 570/386/426 559/385/426
f 559/385/427 558/388/427 545/387/427
f 558/389/428 587/390/428 545/391/428
f 545/391/429 587/390/429 588/392/429
f 545/391/430 588/392/430 547/393/430
f 588/392/431 587/390/431 589/394/431
f 589/395/432 1292/396/432 588/397/432
f 588/397/433 1292/396/433 551/218/433
f 551/218/434 1292/396/434 1294/398/434
f 1294/398/435 1292/396/435 1293/399/435
f 1293/399/436 1295/400/436 1294/398/436
f 1294/398/437 1295/400/437 1296/401/437
f 1298/402/438 1294/398/438 1296/401/438
f 1302/403/439 1298/402/439 1296/401/439
f 1302/403/440 1296/401/440 1304/404/440
f 1305/405/441 1302/403/441 1304/404/441
f 1307/406/442 1305/405/442 1304/404/442
f 1314/407/443 1307/406/443 1304/404/443
f 1314/407/444 1304/404/444 1321/408/444
f 1314/407/445 1321/408/445 1322/409/445
f 1700/410/446 1314/411/446 1322/412/446
f 1700/410/447 1322/412/447 1704/413/447
f 1700/410/448 1704/413/448 1703/414/448
f 1703/414/449 1702/415/449 1700/410/449
f 1702/415/450 1701/416/450 1700/410/450
f 1319/417/451 1701/416/451 1702/415/451
f 1319/417/452 1702/415/452 1320/418/452
f 1315/419/453 1319/420/453 1320/421/453
f 1838/422/454 1315/419/454 1320/421/454
f 1838/422/455 1320/421/455 1699/423/455
f 1838/422/456 1699/423/456 1669/424/456
f 1838/422/457 1669/424/457 1839/425/457
f 1838/422/458 1839/425/458 1837/426/458
f 1839/425/459 1840/427/459 1837/426/459
f 1318/428/460 1837/426/460 1840/427/460
f 1317/429/461 1837/426/461 1318/428/461
f 1316/430/462 1317/429/462 1318/428/462
f 1667/431/463 1316/432/463 1318/433/463
f 1667/431/464 1318/433/464 1669/434/464
f 1676/435/465 1667/431/465 1669/434/465
f 1679/436/466 1676/435/466 1669/434/466
f 1679/436/467 1669/434/467 1682/437/467
f 1687/438/468 1679/436/468 1682/437/468
f 1688/439/469 1687/438/469 1682/437/469
f 1690/440/470 1688/439/470 1682/437/470
f 1690/440/471 1682/437/471 1692/441/471
f 1690/440/472 1692/441/472 1691/442/472
f 3666/443/473 1690/440/473 1691/442/473
f 3666/443/473 1691/442/473 3667/444/473
f 3678/445/474 3677/446/474 1689/447/474
f 3678/448/475 1689/449/475 1690/440/475
f 3677/446/476 3676/450/476 1689/447/476
f 3675/451/477 1689/449/477 3676/452/477
f 3700/453/478 3878/454/478 1693/455/478
f 3700/456/479 1693/457/479 2107/458/479
f 3700/456/479 2107/458/479 3701/459/479
f 3673/460/480 1686/461/480 3674/462/480
f 3674/463/481 1686/464/481 1688/439/481
f 3674/463/481 1688/439/481 3675/451/481
f 3673/460/480 2065/465/480 1686/461/480
f 1686/461/482 2065/465/482 1684/466/482
f 1684/467/483 1685/468/483 1686/464/483
f 1685/468/484 1687/438/484 1686/464/484
f 1681/469/485 1687/438/485 1685/468/485
f 1685/468/486 1680/470/486 1681/469/486
f 1680/470/487 1679/436/487 1681/469/487
f 1680/470/488 1677/471/488 1679/436/488
f 1675/472/489 1679/436/489 1677/471/489
f 1674/473/490 1675/472/490 1677/471/490
f 1674/473/491 1677/471/491 1678/474/491
f 1678/475/492 2083/476/492 1674/477/492
f 2085/478/493 1674/477/493 2083/476/493
f 2085/478/494 2083/476/494 2086/479/494
f 2085/478/495 2086/479/495 2087/480/495
f 2132/481/496 2085/482/496 2087/483/496
f 2133/484/497 2132/481/497 2087/483/497
f 2133/484/498 2087/483/498 2135/485/498
f 2133/484/499 2135/485/499 2134/486/499
f 2131/487/500 2133/484/500 2134/486/500
f 2131/488/501 2134/489/501 2380/490/501
f 2382/491/502 2131/488/502 2380/490/502
f 2382/491/503 2380/490/503 2384/492/503
f 2385/493/504 2382/491/504 2384/492/504
f 2390/494/505 2385/493/505 2384/492/505
f 2390/494/506 2384/492/506 2392/495/506
f 2390/494/507 2392/495/507 2391/496/507
f 2389/497/508 2390/494/508 2391/496/508
f 2391/498/509 2636/499/509 2389/500/509
f 2389/500/510 2636/499/510 2638/501/510
f 2389/500/511 2638/501/511 2388/502/511
f 2388/503/512 2385/493/512 2389/497/512
f 2387/504/513 2385/493/513 2388/503/513
f 2388/502/514 2643/505/514 2387/506/514
f 2643/505/515 2644/507/515 2387/506/515
f 2644/508/516 2386/509/516 2387/510/516
f 2662/511/517 2386/509/517 2644/508/517
f 2615/512/518 2662/511/518 2644/508/518
f 2645/513/519 2662/511/519 2615/512/519
f 2645/513/520 2615/512/520 2617/514/520
f 2645/513/521 2617/514/521 2646/515/521
f 2646/515/522 2648/516/522 2645/513/522
f 2648/516/523 2652/517/523 2645/513/523
f 2652/517/524 2659/518/524 2645/513/524
f 2652/517/525 2658/519/525 2659/518/525
f 2659/518/526 2658/519/526 2660/520/526
f 2659/518/527 2660/520/527 2661/521/527
f 2662/511/528 2659/518/528 2661/521/528
f 2386/509/529 2661/521/529 2660/520/529
f 2386/509/530 2660/520/530 2657/522/530
f 2386/509/531 2657/522/531 2467/523/531
f 2466/524/532 2386/525/532 2467/526/532
f 2466/524/533 2467/526/533 2465/527/533
f 2462/528/534 2466/524/534 2465/527/534
f 2459/529/535 2462/528/535 2465/527/535
f 2459/529/536 2465/527/536 2464/530/536
f 2463/531/537 2459/529/537 2464/530/537
f 2464/530/538 2469/532/538 2463/531/538
f 2469/532/539 2470/533/539 2463/531/539
f 2463/531/540 2470/533/540 2461/534/540
f 2460/535/541 2463/531/541 2461/534/541
f 2458/536/542 2460/535/542 2461/534/542
f 2461/534/543 2487/537/543 2458/536/543
f 2458/536/544 2487/537/544 2457/538/544
f 2455/539/545 2458/536/545 2457/538/545
f 2449/540/546 2455/539/546 2457/538/546
f 2449/540/547 2457/538/547 2450/541/547
f 2450/541/548 2444/542/548 2449/540/548
f 2444/542/549 2445/543/549 2449/540/549
f 2449/540/550 2445/543/550 2451/544/550
f 2451/544/551 2445/543/551 2448/545/551
f 2451/544/552 2448/545/552 2453/546/552
f 2451/544/553 2453/546/553 2455/539/553
f 2453/546/554 2456/547/554 2455/539/554
f 2453/546/555 2454/548/555 2456/547/555
f 2456/547/556 2454/548/556 2452/549/556
f 2456/547/557 2452/549/557 2459/529/557
f 2460/535/558 2456/547/558 2459/529/558
f 2454/548/559 2448/545/559 2452/549/559
f 2448/545/560 2381/550/560 2452/549/560
f 2452/549/561 2381/550/561 2383/551/561
f 2462/528/562 2452/549/562 2383/551/562
f 2381/552/563 2382/491/563 2383/553/563
f 2448/545/564 2130/554/564 2381/550/564
f 2130/555/565 2131/488/565 2381/552/565
f 2130/556/566 2129/557/566 2131/487/566
f 2127/558/567 2129/557/567 2130/556/567
f 2127/559/568 2130/554/568 2439/560/568
f 2127/559/569 2439/560/569 2440/561/569
f 2127/559/570 2440/561/570 2128/562/570
f 2124/563/571 2127/558/571 2128/564/571
f 2128/565/572 2126/566/572 2124/567/572
f 2125/568/573 2124/563/573 2126/569/573
f 2126/566/574 2253/570/574 2125/571/574
f 2142/572/575 2125/573/575 2253/574/575
f 2250/575/576 2142/576/576 2253/577/576
f 2253/570/577 2252/578/577 2250/579/577
f 2251/580/578 2250/575/578 2252/581/578
f 2252/578/579 2248/582/579 2251/583/579
f 2252/578/580 2247/584/580 2248/582/580
f 2247/585/581 2246/586/581 2248/587/581
f 2248/587/582 2246/586/582 2250/575/582
f 2250/575/583 2246/586/583 1898/588/583
f 2249/589/584 1898/588/584 2246/586/584
f 2246/586/585 1894/590/585 2249/589/585
f 2246/586/586 1892/591/586 1894/590/586
f 1892/592/587 1893/593/587 1894/594/587
f 1893/593/588 1895/595/588 1894/594/588
f 1894/594/589 1895/595/589 1897/596/589
f 1894/594/590 1897/596/590 1898/597/590
f 1897/596/591 1863/598/591 1898/597/591
f 2142/576/592 1898/588/592 1863/599/592
f 2141/600/593 2142/601/593 1863/602/593
f 2141/600/594 1863/602/594 2143/603/594
f 2143/603/595 2140/604/595 2141/600/595
f 2138/605/596 2141/600/596 2140/604/596
f 2140/604/597 2136/606/597 2138/605/597
f 2137/607/598 2138/605/598 2136/606/598
f 2136/606/599 2113/608/599 2137/607/599
f 2137/607/600 2113/608/600 2115/609/600
f 2113/610/601 2114/611/601 2115/612/601
f 2115/612/602 2114/611/602 2116/613/602
f 2138/605/603 2115/609/603 2116/614/603
f 2138/605/604 2116/614/604 2121/615/604
f 2116/613/605 2120/616/605 2121/617/605
f 2121/617/606 2120/616/606 2123/618/606
f 2121/617/607 2123/618/607 2124/563/607
f 2123/618/608 2120/616/608 2122/619/608
f 2123/618/609 2122/619/609 2129/557/609
f 2129/557/610 2122/619/610 2110/620/610
f 2129/557/611 2110/620/611 2132/481/611
f 2132/481/612 2110/620/612 2084/621/612
f 2110/620/613 2109/622/613 2084/621/613
f 2109/622/614 1672/623/614 2084/621/614
f 1672/624/615 1674/477/615 2084/625/615
f 1672/626/616 1673/627/616 1674/473/616
f 1671/628/617 1673/627/617 1672/626/617
f 1387/629/618 1671/628/618 1672/626/618
f 1825/630/619 1387/631/619 1672/632/619
f 1825/630/620 1672/632/620 1826/633/620
f 1825/630/621 1826/633/621 1827/634/621
f 1828/635/622 1825/630/622 1827/634/622
f 1828/635/623 1827/634/623 1832/636/623
f 1828/635/624 1832/636/624 1831/637/624
f 1829/638/625 1828/635/625 1831/637/625
f 1829/638/626 1831/637/626 1830/639/626
f 1822/640/627 1829/638/627 1830/639/627
f 1822/640/628 1830/639/628 1821/641/628
f 1819/642/629 1822/640/629 1821/641/629
f 1818/643/630 1819/642/630 1821/641/630
f 2051/644/631 1818/643/631 1821/641/631
f 3680/645/632 2051/644/632 1821/641/632
f 3680/645/632 1821/641/632 3681/646/632
f 3869/647/633 1836/648/633 3874/649/633
f 3865/650/634 3874/651/634 1836/652/634
f 3864/653/635 3865/650/635 1836/652/635
f 3864/654/636 1836/655/636 2056/656/636
f 3864/654/636 2056/656/636 3862/657/636
f 3682/658/637 3876/659/637 2053/660/637
f 3682/658/638 2053/660/638 2051/644/638
f 2051/644/639 2053/660/639 2052/661/639
f 2052/661/640 2049/662/640 2051/644/640
f 2050/663/641 2049/662/641 2052/661/641
f 2050/663/642 2052/661/642 1846/664/642
f 1003/665/643 2050/663/643 1846/664/643
f 1845/666/644 1003/667/644 1846/668/644
f 1846/664/645 2055/669/645 1845/670/645
f 1845/671/646 2055/672/646 1848/673/646
f 1847/674/647 1845/666/647 1848/675/647
f 1847/674/648 1848/675/648 1849/676/648
f 1847/674/649 1849/676/649 1851/677/649
f 1847/674/650 1851/677/650 1850/678/650
f 1844/679/651 1847/674/651 1850/678/651
f 1844/679/652 1850/678/652 1016/680/652
f 1016/680/653 1843/681/653 1844/679/653
f 1844/679/654 1843/681/654 1003/667/654
f 1843/681/655 1004/682/655 1003/667/655
f 1000/683/656 1003/684/656 1004/685/656
f 1005/686/657 1000/683/657 1004/685/657
f 1005/686/658 1004/685/658 1006/687/658
f 1008/688/659 1005/686/659 1006/687/659
f 1008/688/660 1006/687/660 1010/689/660
f 1008/688/661 1010/689/661 1009/690/661
f 998/691/662 1008/688/662 1009/690/662
f 998/691/663 1009/690/663 997/692/663
f 993/693/664 998/691/664 997/692/664
f 992/694/665 993/693/665 997/692/665
f 992/694/666 997/692/666 987/695/666
f 987/695/667 980/696/667 992/694/667
f 983/697/668 980/696/668 987/695/668
f 983/697/669 987/695/669 982/698/669
f 982/698/670 978/699/670 983/697/670
f 979/700/671 978/699/671 982/698/671
f 986/701/672 979/700/672 982/698/672
f 982/698/673 1092/702/673 986/701/673
f 986/701/674 1092/702/674 1093/703/674
f 1097/704/675 986/701/675 1093/703/675
f 1097/704/676 1093/703/676 1096/705/676
f 1099/706/677 1097/704/677 1096/705/677
f 1096/705/678 1098/707/678 1099/706/678
f 985/708/679 1098/707/679 1096/705/679
f 1096/705/680 984/709/680 985/708/680
f 981/710/681 985/708/681 984/709/681
f 972/711/682 981/710/682 984/709/682
f 1071/712/683 972/711/683 984/709/683
f 1073/713/684 1071/712/684 984/709/684
f 1093/703/685 1073/713/685 984/709/685
f 1095/714/686 1073/713/686 1093/703/686
f 1094/715/687 1095/714/687 1093/703/687
f 1093/703/688 1090/716/688 1094/715/688
f 1091/717/689 1090/716/689 1093/703/689
f 1091/717/690 1089/718/690 1090/716/690
f 1087/719/691 1090/716/691 1089/718/691
f 1088/720/692 1087/719/692 1089/718/692
f 1024/721/693 1087/719/693 1088/720/693
f 1024/721/694 1088/720/694 1013/722/694
f 1014/723/695 1024/721/695 1013/722/695
f 1012/724/696 1014/723/696 1013/722/696
f 1011/725/697 1012/724/697 1013/722/697
f 1011/725/698 1013/722/698 991/726/698
f 987/695/699 1011/725/699 991/726/699
f 991/726/700 990/727/700 987/695/700
f 982/698/701 990/727/701 991/726/701
f 1009/690/702 1012/724/702 1011/725/702
f 1012/724/703 1010/689/703 1014/723/703
f 1014/723/704 1010/689/704 1015/728/704
f 1014/723/705 1015/728/705 1021/729/705
f 1021/729/706 1015/728/706 1019/730/706
f 1019/730/707 1022/731/707 1021/729/707
f 1024/721/708 1021/729/708 1022/731/708
f 1022/731/709 1025/732/709 1024/721/709
f 1025/732/710 1080/733/710 1024/721/710
f 1080/733/711 1084/734/711 1024/721/711
f 1084/734/712 1086/735/712 1024/721/712
f 1084/734/713 1085/736/713 1086/735/713
f 1086/735/714 1085/736/714 1083/737/714
f 1086/735/715 1083/737/715 1082/738/715
f 1087/719/716 1086/735/716 1082/738/716
f 1083/737/717 1079/739/717 1082/738/717
f 1081/740/718 1082/738/718 1079/739/718
f 1079/739/719 1078/741/719 1081/740/719
f 1079/739/720 1076/742/720 1078/741/720
f 1076/742/721 1074/743/721 1078/741/721
f 1078/741/722 1074/743/722 1077/744/722
f 1082/738/723 1078/741/723 1077/744/723
f 1095/714/724 1082/738/724 1077/744/724
f 1095/714/725 1090/716/725 1082/738/725
f 1074/743/726 1070/745/726 1077/744/726
f 1077/744/727 1070/745/727 1073/713/727
f 1074/743/728 1068/746/728 1070/745/728
f 1065/747/729 1070/745/729 1068/746/729
f 1066/748/730 1065/747/730 1068/746/730
f 1066/748/731 1068/746/731 1067/749/731
f 1067/749/732 1063/750/732 1066/748/732
f 1063/750/733 1062/751/733 1066/748/733
f 1063/750/734 1060/752/734 1062/751/734
f 1061/753/735 1062/751/735 1060/752/735
f 1060/752/736 1059/754/736 1061/753/736
f 1061/753/737 1059/754/737 936/755/737
f 1118/756/738 936/757/738 1059/758/738
f 1118/756/739 1059/758/739 1119/759/739
f 1118/756/740 1119/759/740 1117/760/740
f 1120/761/741 1117/760/741 1119/759/741
f 1120/761/742 1119/759/742 1122/762/742
f 1120/761/743 1122/762/743 1116/763/743
f 1112/764/744 1120/761/744 1116/763/744
f 1116/763/745 1115/765/745 1112/764/745
f 1115/765/746 1113/766/746 1112/764/746
f 1113/766/747 1110/767/747 1112/764/747
f 1110/767/748 1111/768/748 1112/764/748
f 1117/760/749 1112/764/749 1111/768/749
f 1117/760/750 1111/768/750 936/757/750
f 1111/768/751 932/769/751 936/757/751
f 932/770/752 935/771/752 936/755/752
f 1062/751/753 936/755/753 935/771/753
f 1062/751/754 935/771/754 1064/772/754
f 1062/751/755 1064/772/755 1065/747/755
f 1065/747/756 1064/772/756 948/773/756
f 1065/747/757 948/773/757 1069/774/757
f 1069/774/758 948/773/758 973/775/758
f 1069/774/759 973/775/759 1071/712/759
f 1069/774/760 1071/712/760 1070/745/760
f 947/776/761 973/775/761 948/773/761
f 948/773/762 944/777/762 947/776/762
f 944/777/763 945/778/763 947/776/763
f 947/776/764 945/778/764 946/779/764
f 946/779/765 964/780/765 947/776/765
f 964/780/766 971/781/766 947/776/766
f 964/780/767 968/782/767 971/781/767
f 971/781/768 968/782/768 972/711/768
f 973/775/769 971/781/769 972/711/769
f 968/782/770 974/783/770 972/711/770
f 968/782/771 970/784/771 974/783/771
f 970/784/772 977/785/772 974/783/772
f 974/783/773 977/785/773 979/700/773
f 974/783/774 979/700/774 981/710/774
f 970/784/775 976/786/775 977/785/775
f 977/785/776 976/786/776 978/699/776
f 978/699/777 976/786/777 980/696/777
f 976/787/778 1380/788/778 980/789/778
f 980/789/779 1380/788/779 1381/790/779
f 980/789/780 1381/790/780 1383/791/780
f 980/789/781 1383/791/781 988/792/781
f 988/793/782 989/794/782 980/696/782
f 980/696/783 989/794/783 993/693/783
f 993/693/784 989/794/784 994/795/784
f 994/795/785 989/794/785 995/796/785
f 994/795/786 995/796/786 996/797/786
f 994/795/787 996/797/787 999/798/787
f 994/795/788 999/798/788 998/691/788
f 999/798/789 1005/686/789 998/691/789
f 999/798/790 996/797/790 1000/683/790
f 1000/683/791 996/797/791 1001/799/791
f 1000/683/792 1001/799/792 1002/800/792
f 1001/801/793 1814/802/793 1002/803/793
f 1002/803/794 1814/802/794 1818/643/794
f 2049/662/795 1002/803/795 1818/643/795
f 1818/643/796 1814/802/796 1817/804/796
f 1814/802/797 1815/805/797 1817/804/797
f 1817/804/798 1815/805/798 1816/806/798
f 1817/804/799 1816/806/799 1819/642/799
f 1816/806/800 1820/807/800 1819/642/800
f 1816/806/801 1389/808/801 1820/807/801
f 1820/807/802 1389/808/802 1386/809/802
f 1820/807/803 1386/809/803 1823/810/803
f 1820/807/804 1823/810/804 1822/640/804
f 1822/640/805 1823/810/805 1824/811/805
f 1824/811/806 1823/810/806 1387/631/806
f 1823/810/807 1386/809/807 1387/631/807
f 1386/812/808 1384/813/808 1387/814/808
f 1385/815/809 1384/813/809 1386/812/809
f 1388/816/810 1385/815/810 1386/812/810
f 1383/791/811 1385/815/811 1388/816/811
f 1383/791/812 1384/813/812 1385/815/812
f 1383/791/813 1382/817/813 1384/813/813
f 1382/818/814 1663/819/814 1384/820/814
f 1663/819/815 1670/821/815 1384/820/815
f 1384/820/816 1670/821/816 1671/628/816
f 1670/821/817 1663/819/817 1664/822/817
f 1670/821/818 1664/822/818 1668/823/818
f 1673/627/819 1670/821/819 1668/823/819
f 1673/627/820 1668/823/820 1675/472/820
f 1668/823/821 1676/435/821 1675/472/821
f 1664/822/822 1666/824/822 1668/823/822
f 1668/823/823 1666/824/823 1667/431/823
f 1665/825/824 1667/431/824 1666/824/824
f 1664/822/825 1665/825/825 1666/824/825
f 1662/826/826 1665/825/826 1664/822/826
f 1661/827/827 1662/826/827 1664/822/827
f 1661/827/828 1312/828/828 1662/826/828
f 1662/826/829 1312/828/829 1313/829/829
f 1312/830/830 1311/831/830 1313/832/830
f 1313/832/831 1311/831/831 1310/833/831
f 1313/832/832 1310/833/832 1315/419/832
f 1313/832/833 1315/419/833 1316/430/833
f 1665/825/834 1313/829/834 1316/432/834
f 1315/419/835 1310/833/835 1314/407/835
f 1311/831/836 1309/834/836 1310/833/836
f 1309/834/837 1308/835/837 1310/833/837
f 1310/833/838 1308/835/838 1307/406/838
f 1308/835/839 1306/836/839 1307/406/839
f 292/837/840 1306/836/840 1308/835/840
f 293/838/841 1306/836/841 292/837/841
f 292/839/842 291/840/842 293/841/842
f 293/841/843 291/840/843 294/842/843
f 294/843/844 1303/844/844 293/838/844
f 294/843/845 1301/845/845 1303/844/845
f 1303/844/846 1301/845/846 1302/403/846
f 295/846/847 1301/845/847 294/843/847
f 295/846/848 331/847/848 1301/845/848
f 1301/845/849 331/847/849 1298/402/849
f 330/222/850 1298/402/850 331/847/850
f 330/848/851 331/849/851 328/850/851
f 295/846/852 328/851/852 331/847/852
f 295/852/853 327/853/853 328/850/853
f 327/853/854 329/227/854 328/850/854
f 291/840/855 327/853/855 295/852/855
f 291/840/856 326/854/856 327/853/856
f 327/853/857 326/854/857 325/229/857
f 306/855/858 325/229/858 326/854/858
f 306/855/859 326/854/859 300/856/859
f 306/855/860 300/856/860 301/857/860
f 301/857/861 307/858/861 306/855/861
f 307/858/862 314/233/862 306/855/862
f 314/233/863 322/230/863 306/855/863
f 307/858/864 313/859/864 314/233/864
f 308/860/865 313/859/865 307/858/865
f 304/861/866 308/860/866 307/858/866
f 304/861/867 305/862/867 308/860/867
f 305/862/868 309/863/868 308/860/868
f 308/860/869 309/863/869 311/864/869
f 311/864/870 309/863/870 310/865/870
f 310/865/871 312/866/871 311/864/871
f 317/237/872 311/864/872 312/866/872
f 310/865/873 258/867/873 312/866/873
f 3643/868/874 312/866/874 258/867/874
f 3643/868/874 258/867/874 3686/869/874
f 3641/870/875 312/866/875 3642/871/875
f 3641/870/875 355/872/875 312/866/875
f 353/239/876 312/866/876 355/872/876
f 3646/873/877 355/872/877 3641/870/877
f 3644/874/878 168/875/878 3646/873/878
f 3644/874/878 169/876/878 168/875/878
f 3636/877/879 168/878/879 169/879/879
f 3636/877/879 169/879/879 3647/880/879
f 3635/881/880 3634/882/880 168/878/880
f 3633/883/881 168/875/881 3634/884/881
f 3633/883/882 356/242/882 168/875/882
f 356/242/883 355/872/883 168/875/883
f 3658/885/884 126/886/884 3657/887/884
f 3657/887/885 126/886/885 134/888/885
f 3657/887/885 134/888/885 3656/889/885
f 3656/889/886 134/888/886 155/247/886
f 134/888/887 152/890/887 155/247/887
f 152/890/888 157/891/888 155/247/888
f 157/891/889 158/892/889 155/247/889
f 157/891/890 156/893/890 158/892/890
f 158/892/891 156/893/891 153/894/891
f 158/892/892 153/894/892 159/249/892
f 159/249/893 153/894/893 154/251/893
f 153/894/894 151/895/894 154/251/894
f 151/896/895 253/897/895 154/898/895
f 252/899/896 253/897/896 151/896/896
f 245/900/897 252/899/897 151/896/897
f 150/901/898 245/902/898 151/903/898
f 143/904/899 150/905/899 151/895/899
f 152/890/900 143/904/900 151/895/900
f 152/890/901 142/906/901 143/904/901
f 142/906/902 141/907/902 143/904/902
f 141/907/903 144/908/903 143/904/903
f 144/908/904 149/909/904 143/904/904
f 144/908/905 145/910/905 149/909/905
f 149/909/906 145/910/906 148/911/906
f 149/909/907 148/911/907 150/905/907
f 148/912/908 572/913/908 150/901/908
f 573/914/909 572/913/909 148/912/909
f 575/915/910 573/914/910 148/912/910
f 575/915/911 148/912/911 147/916/911
f 598/917/912 575/915/912 147/916/912
f 598/917/913 147/916/913 146/918/913
f 598/917/914 146/918/914 602/919/914
f 598/917/915 602/919/915 605/920/915
f 598/917/916 605/920/916 593/921/916
f 606/922/917 593/921/917 605/920/917
f 606/922/918 605/920/918 608/923/918
f 609/924/919 606/922/919 608/923/919
f 613/925/920 609/924/920 608/923/920
f 613/925/921 608/923/921 615/926/921
f 616/927/922 613/925/922 615/926/922
f 621/928/923 616/927/923 615/926/923
f 621/928/924 615/926/924 624/929/924
f 621/928/925 624/929/925 623/930/925
f 622/931/926 621/928/926 623/930/926
f 690/932/927 622/933/927 623/934/927
f 690/932/928 623/934/928 604/935/928
f 690/932/929 604/935/929 603/936/929
f 690/932/930 603/936/930 146/937/930
f 139/938/931 690/932/931 146/937/931
f 145/910/932 139/939/932 146/940/932
f 138/941/933 690/932/933 139/938/933
f 136/942/934 138/943/934 139/939/934
f 140/944/935 136/942/935 139/939/935
f 144/908/936 140/944/936 139/939/936
f 132/945/937 136/942/937 140/944/937
f 141/907/938 132/945/938 140/944/938
f 141/907/939 135/946/939 132/945/939
f 133/947/940 132/945/940 135/946/940
f 133/947/941 135/946/941 134/888/941
f 142/906/942 134/888/942 135/946/942
f 133/947/943 131/948/943 132/945/943
f 128/949/944 132/945/944 131/948/944
f 127/950/945 128/949/945 131/948/945
f 127/950/946 131/948/946 126/886/946
f 3662/951/947 127/950/947 126/886/947
f 3662/951/948 3687/952/948 127/950/948
f 3687/952/949 3688/953/949 127/950/949
f 3688/953/950 3689/954/950 127/950/950
f 3690/955/951 127/950/951 3689/954/951
f 3683/956/952 305/862/952 3684/957/952
f 3684/957/953 305/862/953 303/958/953
f 3684/957/953 303/958/953 3836/959/953
f 3823/960/954 129/961/954 3691/962/954
f 3691/963/955 129/964/955 128/949/955
f 3691/963/956 128/949/956 3690/955/956
f 128/949/957 129/964/957 130/965/957
f 129/961/958 675/966/958 130/967/958
f 130/967/959 675/966/959 676/968/959
f 130/967/960 676/968/960 137/969/960
f 136/942/961 130/965/961 137/970/961
f 676/968/962 689/971/962 137/969/962
f 137/969/963 689/971/963 138/941/963
f 676/968/964 688/972/964 689/971/964
f 689/971/965 688/972/965 690/932/965
f 681/973/966 688/972/966 676/968/966
f 676/968/967 677/974/967 681/973/967
f 681/973/968 677/974/968 680/975/968
f 680/975/969 685/976/969 681/973/969
f 681/973/970 685/976/970 687/977/970
f 687/978/971 685/979/971 686/980/971
f 687/978/972 686/980/972 747/981/972
f 687/978/973 747/981/973 622/982/973
f 688/972/974 687/977/974 622/933/974
f 622/982/975 747/981/975 619/983/975
f 747/981/976 620/984/976 619/983/976
f 618/985/977 619/986/977 620/987/977
f 727/988/978 618/989/978 620/984/978
f 727/988/979 723/990/979 618/989/979
f 723/990/980 600/991/980 618/989/980
f 600/992/981 617/993/981 618/985/981
f 600/992/982 614/994/982 617/993/982
f 617/993/983 614/994/983 616/927/983
f 599/995/984 614/994/984 600/992/984
f 597/996/985 599/995/985 600/992/985
f 719/997/986 597/998/986 600/991/986
f 721/999/987 719/997/987 600/991/987
f 720/1000/988 719/997/988 721/999/988
f 720/1000/989 721/999/989 724/1001/989
f 720/1000/990 724/1001/990 722/1002/990
f 712/1003/991 720/1000/991 722/1002/991
f 712/1003/992 722/1002/992 713/1004/992
f 704/1005/993 712/1003/993 713/1004/993
f 713/1004/994 725/1006/994 704/1005/994
f 704/1005/995 725/1006/995 503/1007/995
f 699/1008/996 704/1005/996 503/1007/996
f 496/1009/997 699/1008/997 503/1007/997
f 502/1010/998 496/1011/998 503/1012/998
f 505/1013/999 502/1010/999 503/1012/999
f 505/1013/1000 503/1012/1000 506/1014/1000
f 505/1013/1001 506/1014/1001 507/1015/1001
f 505/1013/1002 507/1015/1002 508/1016/1002
f 509/1017/1003 505/1013/1003 508/1016/1003
f 509/1017/1004 508/1016/1004 488/1018/1004
f 509/1017/1005 488/1018/1005 489/1019/1005
f 509/1017/1006 489/1019/1006 499/1020/1006
f 504/1021/1007 509/1017/1007 499/1020/1007
f 500/1022/1008 504/1021/1008 499/1020/1008
f 493/1023/1009 500/1022/1009 499/1020/1009
f 499/1020/1010 490/1024/1010 493/1023/1010
f 3985/1025/1011 493/1023/1011 490/1024/1011
f 3985/1025/1011 490/1024/1011 3986/1026/1011
f 3991/1027/1012 3992/1028/1012 493/1023/1012
f 3993/1029/1013 493/1023/1013 3992/1028/1013
f 3993/1029/1013 494/1030/1013 493/1023/1013
f 493/1023/1014 494/1030/1014 498/1031/1014
f 498/1031/1015 494/1030/1015 497/1032/1015
f 498/1031/1016 497/1032/1016 501/1033/1016
f 498/1031/1017 501/1033/1017 500/1022/1017
f 497/1032/1018 502/1010/1018 501/1033/1018
f 494/1030/1019 495/1034/1019 497/1032/1019
f 497/1032/1020 495/1034/1020 496/1011/1020
f 495/1034/1021 492/1035/1021 496/1011/1021
f 494/1030/1022 492/1035/1022 495/1034/1022
f 494/1030/1023 491/1036/1023 492/1035/1023
f 4020/1037/1024 492/1035/1024 491/1036/1024
f 4020/1037/1024 491/1036/1024 3989/1038/1024
f 4307/1039/1025 4273/1040/1025 1363/1041/1025
f 4307/1039/1026 1363/1041/1026 1365/1042/1026
f 4307/1039/1027 1365/1042/1027 4308/1043/1027
f 4018/1044/1028 492/1045/1028 4019/1046/1028
f 4018/1044/1028 698/1047/1028 492/1045/1028
f 492/1045/1029 698/1047/1029 699/1008/1029
f 699/1008/1030 698/1047/1030 700/1048/1030
f 698/1047/1031 701/1049/1031 700/1048/1031
f 700/1048/1032 701/1049/1032 703/1050/1032
f 704/1005/1033 700/1048/1033 703/1050/1033
f 703/1050/1034 705/1051/1034 704/1005/1034
f 703/1050/1035 702/1052/1035 705/1051/1035
f 705/1051/1036 702/1052/1036 706/1053/1036
f 705/1051/1037 706/1053/1037 707/1054/1037
f 705/1051/1038 707/1054/1038 711/1055/1038
f 712/1003/1039 705/1051/1039 711/1055/1039
f 711/1055/1040 707/1054/1040 714/1056/1040
f 714/1056/1041 718/1057/1041 711/1055/1041
f 711/1055/1042 718/1057/1042 720/1000/1042
f 714/1056/1043 715/1058/1043 718/1057/1043
f 718/1057/1044 715/1058/1044 716/1059/1044
f 716/1059/1045 719/997/1045 718/1057/1045
f 716/1059/1046 596/1060/1046 719/997/1046
f 716/1059/1047 717/1061/1047 596/1060/1047
f 717/1062/1048 595/1063/1048 596/1064/1048
f 595/1065/1049 594/1066/1049 596/1067/1049
f 596/1067/1050 594/1066/1050 597/996/1050
f 589/394/1051 594/1066/1051 595/1065/1051
f 1293/399/1052 589/395/1052 595/1063/1052
f 594/1066/1053 589/394/1053 590/1068/1053
f 601/1069/1054 594/1066/1054 590/1068/1054
f 590/1068/1055 606/922/1055 601/1069/1055
f 599/995/1056 594/1066/1056 601/1069/1056
f 601/1069/1057 612/1070/1057 599/995/1057
f 601/1069/1058 610/1071/1058 612/1070/1058
f 612/1070/1059 610/1071/1059 611/1072/1059
f 611/1072/1060 613/925/1060 612/1070/1060
f 614/994/1061 612/1070/1061 613/925/1061
f 610/1071/1062 609/924/1062 611/1072/1062
f 601/1069/1063 609/924/1063 610/1071/1063
f 1295/400/1064 595/1063/1064 717/1062/1064
f 716/1059/1065 710/1073/1065 717/1061/1065
f 1300/1074/1066 717/1062/1066 710/1075/1066
f 1324/1076/1067 1300/1074/1067 710/1075/1067
f 1325/1077/1068 1324/1076/1068 710/1075/1068
f 1325/1077/1069 710/1075/1069 708/1078/1069
f 1329/1079/1070 1325/1077/1070 708/1078/1070
f 1329/1079/1071 708/1078/1071 1330/1080/1071
f 1331/1081/1072 1329/1079/1072 1330/1080/1072
f 1332/1082/1073 1331/1081/1073 1330/1080/1073
f 1330/1083/1074 1341/1084/1074 1332/1085/1074
f 1332/1085/1075 1341/1084/1075 1342/1086/1075
f 1332/1085/1076 1342/1086/1076 1344/1087/1076
f 1332/1085/1077 1344/1087/1077 1345/1088/1077
f 1733/1089/1078 1332/1090/1078 1345/1091/1078
f 1733/1089/1079 1345/1091/1079 1734/1092/1079
f 1732/1093/1080 1733/1089/1080 1734/1092/1080
f 1734/1094/1081 1731/1095/1081 1732/1096/1081
f 1731/1097/1082 1730/1098/1082 1732/1093/1082
f 1732/1093/1083 1730/1098/1083 1721/1099/1083
f 1730/1098/1084 1722/1100/1084 1721/1099/1084
f 1722/1100/1085 1719/1101/1085 1721/1099/1085
f 1718/1102/1086 1721/1099/1086 1719/1101/1086
f 1719/1101/1087 1715/1103/1087 1718/1102/1087
f 1715/1103/1088 1327/1104/1088 1718/1102/1088
f 1718/1102/1089 1327/1104/1089 1328/1105/1089
f 1327/1106/1090 1326/1107/1090 1328/1108/1090
f 1326/1107/1091 1329/1079/1091 1328/1108/1091
f 1323/1109/1092 1326/1107/1092 1327/1106/1092
f 1714/1110/1093 1323/1111/1093 1327/1104/1093
f 1712/1112/1094 1323/1111/1094 1714/1110/1094
f 1712/1112/1095 1714/1110/1095 1713/1113/1095
f 1713/1113/1096 1711/1114/1096 1712/1112/1096
f 1711/1114/1097 1322/412/1097 1712/1112/1097
f 1709/1115/1098 1711/1114/1098 1713/1113/1098
f 1713/1113/1099 1715/1103/1099 1709/1115/1099
f 1716/1116/1100 1709/1115/1100 1715/1103/1100
f 1716/1116/1101 1710/1117/1101 1709/1115/1101
f 1708/1118/1102 1709/1115/1102 1710/1117/1102
f 1710/1119/1103 2070/1120/1103 1708/1121/1103
f 1708/1121/1104 2070/1120/1104 2073/1122/1104
f 1708/1121/1105 2073/1122/1105 1707/1123/1105
f 1707/1124/1106 1705/1125/1106 1708/1118/1106
f 1708/1118/1107 1705/1125/1107 1704/413/1107
f 1706/1126/1108 1705/1125/1108 1707/1124/1108
f 1707/1123/1109 2075/1127/1109 1706/1128/1109
f 1706/1128/1110 2075/1127/1110 1697/1129/1110
f 1706/1128/1111 1697/1129/1111 1696/1130/1111
f 1695/1131/1112 1696/1132/1112 1697/1133/1112
f 1697/1129/1113 1694/1134/1113 1695/1135/1113
f 1694/1136/1114 1691/442/1114 1695/1131/1114
f 1693/455/1115 1691/442/1115 1694/1136/1115
f 3668/1137/1116 1691/442/1116 1693/455/1116
f 1697/1129/1117 2080/1138/1117 1694/1134/1117
f 2080/1139/1118 2105/1140/1118 1694/1141/1118
f 2105/1140/1119 2107/1142/1119 1694/1141/1119
f 2106/1143/1120 2107/1142/1120 2105/1140/1120
f 2104/1144/1121 2106/1143/1121 2105/1140/1121
f 2104/1144/1122 2067/1145/1122 2106/1143/1122
f 2106/1143/1123 2067/1145/1123 2064/1146/1123
f 2066/1147/1124 2064/1148/1124 2067/1149/1124
f 2068/1150/1125 2066/1147/1125 2067/1149/1125
f 1683/1151/1126 2068/1152/1126 2067/1145/1126
f 1683/1151/1127 2067/1145/1127 2082/1153/1127
f 1683/1151/1128 2082/1153/1128 2081/1154/1128
f 1678/475/1129 1683/1151/1129 2081/1154/1129
f 1680/1155/1130 1683/1151/1130 1678/475/1130
f 1683/1156/1131 1680/470/1131 1684/467/1131
f 2091/1157/1132 2081/1154/1132 2082/1153/1132
f 2099/1158/1133 2091/1157/1133 2082/1153/1133
f 2101/1159/1134 2099/1158/1134 2082/1153/1134
f 2103/1160/1135 2101/1159/1135 2082/1153/1135
f 2103/1160/1136 2082/1153/1136 2104/1144/1136
f 2103/1160/1137 2104/1144/1137 2080/1139/1137
f 2075/1161/1138 2103/1160/1138 2080/1139/1138
f 2075/1161/1139 2101/1159/1139 2103/1160/1139
f 2075/1161/1140 2102/1162/1140 2101/1159/1140
f 2102/1162/1141 2098/1163/1141 2101/1159/1141
f 2100/1164/1142 2098/1163/1142 2102/1162/1142
f 2100/1164/1143 2102/1162/1143 2078/1165/1143
f 2077/1166/1144 2100/1164/1144 2078/1165/1144
f 2076/1167/1145 2077/1168/1145 2078/1169/1145
f 2076/1167/1146 2078/1169/1146 2079/1170/1146
f 2076/1167/1147 2079/1170/1147 2073/1122/1147
f 2073/1122/1148 2072/1171/1148 2076/1167/1148
f 2073/1122/1149 2074/1172/1149 2072/1171/1149
f 2071/1173/1150 2072/1171/1150 2074/1172/1150
f 2071/1173/1151 2026/1174/1151 2072/1171/1151
f 2072/1175/1152 2026/1176/1152 2254/1177/1152
f 2072/1175/1153 2254/1177/1153 2077/1178/1153
f 2077/1178/1154 2254/1177/1154 2256/1179/1154
f 2077/1178/1155 2256/1179/1155 2096/1180/1155
f 2096/1181/1156 2098/1163/1156 2077/1166/1156
f 2095/1182/1157 2098/1163/1157 2096/1181/1157
f 2093/1183/1158 2095/1182/1158 2096/1181/1158
f 2093/1183/1159 2096/1181/1159 2097/1184/1159
f 2135/485/1160 2093/1185/1160 2097/1186/1160
f 2135/485/1161 2088/1187/1161 2093/1185/1161
f 2088/1188/1162 2092/1189/1162 2093/1183/1162
f 2088/1188/1163 2090/1190/1163 2092/1189/1163
f 2092/1189/1164 2090/1190/1164 2095/1182/1164
f 2095/1182/1165 2090/1190/1165 2094/1191/1165
f 2090/1190/1166 2091/1157/1166 2094/1191/1166
f 2098/1163/1167 2094/1191/1167 2091/1157/1167
f 2089/1192/1168 2091/1157/1168 2090/1190/1168
f 2090/1190/1169 2086/479/1169 2089/1192/1169
f 2088/1188/1170 2086/479/1170 2090/1190/1170
f 2402/1193/1171 2097/1194/1171 2096/1180/1171
f 2402/1193/1172 2096/1180/1172 2404/1195/1172
f 2405/1196/1173 2402/1193/1173 2404/1195/1173
f 2404/1195/1174 2406/1197/1174 2405/1196/1174
f 2405/1196/1175 2406/1197/1175 2403/1198/1175
f 2399/1199/1176 2405/1196/1176 2403/1198/1176
f 2400/1200/1177 2399/1199/1177 2403/1198/1177
f 2407/1201/1178 2400/1200/1178 2403/1198/1178
f 2407/1201/1179 2403/1198/1179 2272/1202/1179
f 2407/1201/1180 2272/1202/1180 2409/1203/1180
f 2407/1201/1181 2409/1203/1181 2411/1204/1181
f 2407/1201/1182 2411/1204/1182 2408/1205/1182
f 2411/1204/1183 2425/1206/1183 2408/1205/1183
f 2425/1206/1184 2428/1207/1184 2408/1205/1184
f 2428/1207/1185 2429/1208/1185 2408/1205/1185
f 2429/1208/1186 2430/1209/1186 2408/1205/1186
f 2408/1205/1187 2430/1209/1187 2401/1210/1187
f 2400/1200/1188 2408/1205/1188 2401/1210/1188
f 2401/1210/1189 2396/1211/1189 2400/1200/1189
f 2396/1211/1190 2398/1212/1190 2400/1200/1190
f 2396/1211/1191 2395/1213/1191 2398/1212/1191
f 2395/1213/1192 2399/1199/1192 2398/1212/1192
f 2395/1213/1193 2134/489/1193 2399/1199/1193
f 2399/1199/1194 2134/489/1194 2097/1194/1194
f 2396/1211/1195 2393/1214/1195 2395/1213/1195
f 2393/1214/1196 2380/490/1196 2395/1213/1196
f 2394/1215/1197 2393/1214/1197 2396/1211/1197
f 2384/492/1198 2393/1214/1198 2394/1215/1198
f 2401/1210/1199 2394/1215/1199 2396/1211/1199
f 2394/1215/1200 2401/1210/1200 2397/1216/1200
f 2392/495/1201 2394/1215/1201 2397/1216/1201
f 2397/1216/1202 2434/1217/1202 2392/495/1202
f 2434/1217/1203 2438/1218/1203 2392/495/1203
f 2434/1217/1204 2435/1219/1204 2438/1218/1204
f 2438/1218/1205 2435/1219/1205 2436/1220/1205
f 2438/1218/1206 2436/1220/1206 2391/496/1206
f 2436/1221/1207 2437/1222/1207 2391/498/1207
f 2436/1220/1208 2432/1223/1208 2437/1224/1208
f 2631/1225/1209 2437/1222/1209 2432/1226/1209
f 2432/1227/1210 3001/1228/1210 2631/1229/1210
f 2631/1229/1211 3001/1228/1211 2632/1230/1211
f 2630/1231/1212 2631/1225/1212 2632/1232/1212
f 2667/1233/1213 2630/1234/1213 2632/1235/1213
f 2938/1236/1214 2667/1237/1214 2632/1238/1214
f 2937/1239/1215 2667/1237/1215 2938/1236/1215
f 2937/1239/1216 2938/1236/1216 2939/1240/1216
f 2941/1241/1217 2937/1239/1217 2939/1240/1217
f 2939/1240/1218 2944/1242/1218 2941/1241/1218
f 2941/1241/1219 2944/1242/1219 2948/1243/1219
f 2950/1244/1220 2941/1241/1220 2948/1243/1220
f 2952/1245/1221 2950/1244/1221 2948/1243/1221
f 2955/1246/1222 2952/1245/1222 2948/1243/1222
f 2955/1246/1223 2948/1243/1223 2956/1247/1223
f 2955/1246/1224 2956/1247/1224 2954/1248/1224
f 2953/1249/1225 2955/1246/1225 2954/1248/1225
f 2542/1250/1226 2953/1249/1226 2954/1248/1226
f 2542/1250/1227 2954/1248/1227 2540/1251/1227
f 2540/1252/1228 2541/1253/1228 2542/1254/1228
f 2542/1254/1229 2541/1253/1229 2543/1255/1229
f 2542/1254/1230 2543/1255/1230 2481/1256/1230
f 2481/1257/1231 2951/1258/1231 2542/1250/1231
f 2478/1259/1232 2951/1258/1232 2481/1257/1232
f 2479/1260/1233 2478/1261/1233 2481/1256/1233
f 2479/1260/1234 2481/1256/1234 2483/1262/1234
f 2483/1262/1235 2547/1263/1235 2479/1260/1235
f 2479/1260/1236 2547/1263/1236 2485/1264/1236
f 2485/1264/1237 2480/1265/1237 2479/1260/1237
f 2480/1265/1238 2477/1266/1238 2479/1260/1238
f 2476/1267/1239 2477/1266/1239 2480/1265/1239
f 2476/1267/1240 2480/1265/1240 2482/1268/1240
f 2476/1267/1241 2482/1268/1241 2484/1269/1241
f 2476/1267/1242 2484/1269/1242 2461/534/1242
f 2461/534/1243 2474/1270/1243 2476/1267/1243
f 2476/1267/1244 2474/1270/1244 2475/1271/1244
f 2474/1270/1245 2473/1272/1245 2475/1271/1245
f 2473/1273/1246 2946/1274/1246 2475/1275/1246
f 2475/1275/1247 2946/1274/1247 2949/1276/1247
f 2475/1275/1248 2949/1276/1248 2478/1259/1248
f 2477/1266/1249 2475/1271/1249 2478/1261/1249
f 2946/1274/1250 2950/1244/1250 2949/1276/1250
f 2473/1273/1251 2941/1241/1251 2946/1274/1251
f 2474/1270/1252 2472/1277/1252 2473/1272/1252
f 2472/1277/1253 2471/1278/1253 2473/1272/1253
f 2471/1279/1254 2936/1280/1254 2473/1273/1254
f 2936/1280/1255 2937/1239/1255 2473/1273/1255
f 2468/1281/1256 2936/1280/1256 2471/1279/1256
f 2470/533/1257 2468/1282/1257 2471/1278/1257
f 2936/1280/1258 2468/1281/1258 2664/1283/1258
f 2936/1280/1259 2664/1283/1259 2667/1237/1259
f 2664/1284/1260 2666/1285/1260 2667/1233/1260
f 2664/1284/1261 2665/1286/1261 2666/1285/1261
f 2666/1285/1262 2665/1286/1262 2627/1287/1262
f 2666/1285/1263 2627/1287/1263 2630/1234/1263
f 2627/1288/1264 2629/1289/1264 2630/1231/1264
f 2627/1288/1265 2626/1290/1265 2629/1289/1265
f 2437/1222/1266 2629/1289/1266 2626/1290/1266
f 2626/1290/1267 2634/1291/1267 2437/1222/1267
f 2437/1222/1268 2634/1291/1268 2635/1292/1268
f 2636/499/1269 2437/1222/1269 2635/1292/1269
f 2635/1292/1270 2637/1293/1270 2636/499/1270
f 2635/1292/1271 2634/1291/1271 2637/1293/1271
f 2637/1293/1272 2634/1291/1272 2639/1294/1272
f 2637/1293/1273 2639/1294/1273 2638/501/1273
f 2639/1294/1274 2640/1295/1274 2638/501/1274
f 2638/501/1275 2640/1295/1275 2641/1296/1275
f 2638/501/1276 2641/1296/1276 2642/1297/1276
f 2642/1297/1277 2641/1296/1277 2621/1298/1277
f 2642/1297/1278 2621/1298/1278 2643/505/1278
f 2643/505/1279 2621/1298/1279 2615/1299/1279
f 2616/1300/1280 2615/1299/1280 2621/1298/1280
f 2622/1301/1281 2616/1300/1281 2621/1298/1281
f 2624/1302/1282 2622/1301/1282 2621/1298/1282
f 2633/1303/1283 2624/1302/1283 2621/1298/1283
f 2640/1295/1284 2633/1303/1284 2621/1298/1284
f 4680/1304/1285 2624/1302/1285 2633/1303/1285
f 4680/1304/1286 2633/1303/1286 4681/1305/1286
f 4682/1306/1287 4683/1307/1287 3702/1308/1287
f 4682/1306/1287 3702/1308/1287 2624/1302/1287
f 3702/1308/1288 3706/1309/1288 2624/1302/1288
f 3705/1310/1289 2624/1302/1289 3706/1309/1289
f 3703/1311/1290 2623/1312/1290 3705/1310/1290
f 3703/1311/1290 2620/1313/1290 2623/1312/1290
f 2620/1313/1291 2622/1301/1291 2623/1312/1291
f 3703/1311/1292 3704/1314/1292 2620/1313/1292
f 3707/1315/1293 2620/1313/1293 3704/1314/1293
f 3707/1315/1293 2619/1316/1293 2620/1313/1293
f 2614/1317/1294 2620/1313/1294 2619/1316/1294
f 2618/1318/1295 2614/1317/1295 2619/1316/1295
f 2647/1319/1296 2618/1320/1296 2619/1321/1296
f 3708/1322/1297 2647/1319/1297 2619/1321/1297
f 3708/1322/1298 2619/1321/1298 3709/1323/1298
f 4708/1324/1299 4688/1325/1299 2649/1326/1299
f 4707/1327/1300 4708/1324/1300 2649/1326/1300
f 4707/1327/1301 2649/1326/1301 3711/1328/1301
f 4707/1327/1301 3711/1328/1301 4706/1329/1301
f 3711/1328/1302 2649/1326/1302 2647/1319/1302
f 3711/1328/1302 2647/1319/1302 3710/1330/1302
f 2650/1331/1303 2647/1319/1303 2649/1326/1303
f 4687/1332/1304 2650/1331/1304 2649/1326/1304
f 2648/516/1305 2647/1319/1305 2650/1331/1305
f 2648/516/1306 2650/1331/1306 2651/1333/1306
f 4689/1334/1307 2651/1333/1307 2650/1331/1307
f 4690/1335/1308 2651/1333/1308 4689/1334/1308
f 4690/1335/1309 4709/1336/1309 2653/1337/1309
f 4709/1336/1310 4710/1338/1310 2653/1337/1310
f 4693/1339/1311 2653/1337/1311 4710/1338/1311
f 4693/1339/1311 2656/1340/1311 2653/1337/1311
f 2653/1337/1312 2656/1340/1312 2655/1341/1312
f 2651/1333/1313 2653/1337/1313 2655/1341/1313
f 2651/1333/1314 2655/1341/1314 2652/517/1314
f 2655/1341/1315 2656/1340/1315 2657/522/1315
f 2658/519/1316 2655/1341/1316 2657/522/1316
f 2663/1342/1317 2657/522/1317 2656/1340/1317
f 2663/1342/1318 2656/1340/1318 2654/1343/1318
f 2663/1342/1319 2654/1343/1319 2468/1344/1319
f 2467/523/1320 2663/1342/1320 2468/1344/1320
f 4691/1345/1321 2654/1343/1321 2656/1340/1321
f 4691/1345/1321 2656/1340/1321 4692/1346/1321
f 4694/1347/1322 4695/1348/1322 2654/1343/1322
f 4696/1349/1323 2654/1343/1323 4695/1348/1323
f 4697/1350/1324 2665/1286/1324 4696/1349/1324
f 4697/1350/1324 2625/1351/1324 2665/1286/1324
f 4697/1352/1325 4698/1353/1325 2625/1354/1325
f 4698/1353/1326 4699/1355/1326 2625/1354/1326
f 4700/1356/1327 2625/1354/1327 4699/1355/1327
f 4700/1356/1327 2626/1290/1327 2625/1354/1327
f 4700/1356/1328 4701/1357/1328 2626/1290/1328
f 4702/1358/1329 2626/1290/1329 4701/1357/1329
f 4702/1358/1329 2628/1359/1329 2626/1290/1329
f 4681/1305/1330 2628/1359/1330 4702/1358/1330
f 4696/1349/1323 2665/1286/1323 2654/1343/1323
f 4691/1345/1331 4694/1347/1331 2654/1343/1331
f 4693/1339/1332 4692/1346/1332 2656/1340/1332
f 4690/1335/1308 2653/1337/1308 2651/1333/1308
f 4687/1332/1304 2649/1326/1304 4688/1325/1304
f 4689/1334/1333 2650/1331/1333 4687/1332/1333
f 3708/1322/1334 3710/1330/1334 2647/1319/1334
f 2646/515/1335 2618/1320/1335 2647/1319/1335
f 2617/1360/1336 2614/1317/1336 2618/1318/1336
f 2614/1317/1337 2616/1300/1337 2620/1313/1337
f 3707/1315/1338 3709/1361/1338 2619/1316/1338
f 3705/1310/1289 2623/1312/1289 2624/1302/1289
f 4681/1305/1330 2633/1303/1330 2628/1359/1330
f 2634/1291/1339 2628/1359/1339 2633/1303/1339
f 4682/1306/1287 2624/1302/1287 4680/1304/1287
f 2623/1312/1340 2622/1301/1340 2624/1302/1340
f 2620/1313/1341 2616/1300/1341 2622/1301/1341
f 2614/1317/1342 2615/1299/1342 2616/1300/1342
f 2641/1296/1343 2640/1295/1343 2621/1298/1343
f 2639/1294/1344 2633/1303/1344 2640/1295/1344
f 2639/1294/1345 2634/1291/1345 2633/1303/1345
f 2634/1291/1346 2626/1290/1346 2628/1359/1346
f 2625/1354/1347 2626/1290/1347 2627/1288/1347
f 2665/1286/1348 2625/1351/1348 2627/1287/1348
f 2664/1284/1349 2654/1343/1349 2665/1286/1349
f 2468/1344/1350 2654/1343/1350 2664/1284/1350
f 2470/533/1351 2471/1278/1351 2472/1277/1351
f 2470/533/1352 2472/1277/1352 2474/1270/1352
f 2484/1269/1353 2482/1268/1353 2486/1362/1353
f 2488/1363/1354 2484/1269/1354 2486/1362/1354
f 2489/1364/1355 2488/1363/1355 2486/1362/1355
f 2489/1364/1356 2486/1362/1356 2491/1365/1356
f 2492/1366/1357 2489/1364/1357 2491/1365/1357
f 2500/1367/1358 2492/1366/1358 2491/1365/1358
f 2507/1368/1359 2500/1367/1359 2491/1365/1359
f 2507/1368/1360 2491/1365/1360 2508/1369/1360
f 2511/1370/1361 2507/1368/1361 2508/1369/1361
f 2512/1371/1362 2511/1370/1362 2508/1369/1362
f 2518/1372/1363 2512/1371/1363 2508/1369/1363
f 2526/1373/1364 2518/1372/1364 2508/1369/1364
f 2546/1374/1365 2526/1373/1365 2508/1369/1365
f 2544/1375/1366 2526/1373/1366 2546/1374/1366
f 2544/1375/1367 2546/1374/1367 2545/1376/1367
f 2545/1376/1368 2543/1255/1368 2544/1375/1368
f 2543/1255/1369 2537/1377/1369 2544/1375/1369
f 2545/1376/1370 2546/1374/1370 2547/1263/1370
f 2547/1263/1371 2546/1374/1371 2491/1365/1371
f 2544/1375/1372 2537/1377/1372 2526/1373/1372
f 2534/1378/1373 2526/1373/1373 2537/1377/1373
f 2534/1378/1374 2537/1377/1374 2535/1379/1374
f 2535/1379/1375 2527/1380/1375 2534/1378/1375
f 2534/1378/1376 2527/1380/1376 2525/1381/1376
f 2524/1382/1377 2525/1381/1377 2527/1380/1377
f 2529/1383/1378 2524/1382/1378 2527/1380/1378
f 2533/1384/1379 2529/1383/1379 2527/1380/1379
f 2531/1385/1380 2529/1383/1380 2533/1384/1380
f 3143/1386/1381 2531/1387/1381 2533/1388/1381
f 3143/1386/1382 2533/1388/1382 2536/1389/1382
f 3143/1386/1383 2536/1389/1383 3145/1390/1383
f 3143/1386/1384 3145/1390/1384 3144/1391/1384
f 2920/1392/1385 3143/1386/1385 3144/1391/1385
f 3144/1391/1386 3146/1393/1386 2920/1392/1386
f 2920/1392/1387 3146/1393/1387 3147/1394/1387
f 2920/1392/1388 3147/1394/1388 2917/1395/1388
f 2917/1396/1389 2919/1397/1389 2920/1398/1389
f 2922/1399/1390 2920/1392/1390 2919/1400/1390
f 2919/1397/1391 2921/1401/1391 2922/1402/1391
f 2922/1402/1392 2921/1401/1392 2924/1403/1392
f 2922/1402/1393 2924/1403/1393 2926/1404/1393
f 2926/1405/1394 3141/1406/1394 2922/1399/1394
f 2926/1405/1395 2523/1407/1395 3141/1406/1395
f 3141/1406/1396 2523/1407/1396 2531/1387/1396
f 3141/1406/1397 2531/1387/1397 3142/1408/1397
f 3141/1406/1398 3142/1408/1398 2920/1392/1398
f 2523/1409/1399 2530/1410/1399 2531/1385/1399
f 2523/1409/1400 2528/1411/1400 2530/1410/1400
f 2530/1410/1401 2528/1411/1401 2532/1412/1401
f 2530/1410/1402 2532/1412/1402 2529/1383/1402
f 2529/1383/1403 2532/1412/1403 2528/1411/1403
f 2523/1409/1404 2524/1382/1404 2528/1411/1404
f 2520/1413/1405 2524/1382/1405 2523/1409/1405
f 2522/1414/1406 2520/1413/1406 2523/1409/1406
f 2521/1415/1407 2520/1413/1407 2522/1414/1407
f 2522/1416/1408 2924/1403/1408 2521/1417/1408
f 2924/1403/1409 2927/1418/1409 2521/1417/1409
f 2927/1418/1410 2915/1419/1410 2521/1417/1410
f 2839/1420/1411 2521/1417/1411 2915/1419/1411
f 2915/1419/1412 2840/1421/1412 2839/1420/1412
f 2836/1422/1413 2839/1423/1413 2840/1424/1413
f 4278/1425/1414 2836/1426/1414 2840/1421/1414
f 4278/1425/1415 2840/1421/1415 4279/1427/1415
f 4279/1427/1416 2914/1428/1416 4280/1429/1416
f 4281/1430/1417 4280/1429/1417 2914/1428/1417
f 4282/1431/1418 4281/1430/1418 2914/1428/1418
f 4342/1432/1419 4282/1431/1419 2914/1428/1419
f 4341/1433/1420 4342/1432/1420 2914/1428/1420
f 4341/1433/1421 2914/1428/1421 2916/1434/1421
f 4341/1433/1422 2916/1434/1422 4340/1435/1422
f 4337/1436/1423 3174/1437/1423 4336/1438/1423
f 4336/1438/1424 3174/1437/1424 3176/1439/1424
f 4336/1438/1424 3176/1439/1424 4335/1440/1424
f 4366/1441/1425 2907/1442/1425 4367/1443/1425
f 4367/1443/1426 2907/1442/1426 2911/1444/1426
f 4367/1443/1426 2911/1444/1426 4368/1445/1426
f 4371/1446/1427 4368/1445/1427 2911/1444/1427
f 4369/1447/1428 4371/1446/1428 2911/1444/1428
f 4369/1447/1429 2911/1444/1429 2910/1448/1429
f 4369/1447/1429 2910/1448/1429 4370/1449/1429
f 4372/1450/1430 2905/1451/1430 4360/1452/1430
f 4359/1453/1431 4360/1452/1431 2905/1451/1431
f 4359/1453/1432 2905/1451/1432 2896/1454/1432
f 4359/1453/1432 2896/1454/1432 4358/1455/1432
f 4358/1455/1433 2893/1456/1433 4357/1457/1433
f 4355/1458/1434 4357/1457/1434 2893/1456/1434
f 4355/1458/1435 2893/1456/1435 2913/1459/1435
f 4355/1458/1436 2913/1459/1436 4356/1460/1436
f 4351/1461/1437 4353/1462/1437 2913/1459/1437
f 4351/1461/1438 2913/1459/1438 2890/1463/1438
f 4351/1461/1438 2890/1463/1438 4352/1464/1438
f 4354/1465/1439 4352/1464/1439 2890/1463/1439
f 4354/1465/1440 2890/1463/1440 2889/1466/1440
f 4354/1465/1441 2889/1466/1441 4348/1467/1441
f 4349/1468/1442 4347/1469/1442 2889/1466/1442
f 4349/1468/1443 2889/1466/1443 2882/1470/1443
f 4349/1468/1444 2882/1470/1444 4350/1471/1444
f 4350/1471/1445 2882/1470/1445 2832/1472/1445
f 4350/1471/1445 2832/1472/1445 4346/1473/1445
f 4285/1474/1446 4435/1475/1446 2835/1476/1446
f 4285/1474/1447 2835/1476/1447 2836/1422/1447
f 4285/1474/1448 2836/1422/1448 4284/1477/1448
f 4283/1478/1449 4284/1479/1449 2836/1426/1449
f 2835/1476/1450 2837/1480/1450 2836/1422/1450
f 2835/1476/1451 2829/1481/1451 2837/1480/1451
f 2837/1480/1452 2829/1481/1452 2838/1482/1452
f 2837/1480/1453 2838/1482/1453 2283/1483/1453
f 2837/1480/1454 2283/1483/1454 2839/1423/1454
f 2283/1484/1455 2281/1485/1455 2839/1420/1455
f 2282/1486/1456 2281/1487/1456 2283/1488/1456
f 2282/1486/1457 2280/1489/1457 2281/1487/1457
f 2280/1489/1458 2278/1490/1458 2281/1487/1458
f 2278/1491/1459 2515/1492/1459 2281/1493/1459
f 2515/1492/1460 2517/1494/1460 2281/1493/1460
f 2281/1493/1461 2517/1494/1461 2519/1495/1461
f 2281/1493/1462 2519/1495/1462 2520/1413/1462
f 2519/1495/1463 2517/1494/1463 2518/1372/1463
f 2519/1495/1464 2518/1372/1464 2525/1381/1464
f 2515/1492/1465 2513/1496/1465 2517/1494/1465
f 2517/1494/1466 2513/1496/1466 2512/1371/1466
f 2513/1496/1467 2509/1497/1467 2512/1371/1467
f 2510/1498/1468 2512/1371/1468 2509/1497/1468
f 2505/1499/1469 2510/1498/1469 2509/1497/1469
f 2506/1500/1470 2505/1499/1470 2509/1497/1470
f 2506/1500/1471 2501/1501/1471 2505/1499/1471
f 2501/1501/1472 2503/1502/1472 2505/1499/1472
f 2505/1499/1473 2503/1502/1473 2504/1503/1473
f 2504/1503/1474 2507/1368/1474 2505/1499/1474
f 2503/1502/1475 2494/1504/1475 2504/1503/1475
f 2504/1503/1476 2494/1504/1476 2500/1367/1476
f 2498/1505/1477 2494/1504/1477 2503/1502/1477
f 2498/1505/1478 2495/1506/1478 2494/1504/1478
f 2495/1506/1479 2493/1507/1479 2494/1504/1479
f 2490/1508/1480 2494/1504/1480 2493/1507/1480
f 2450/541/1481 2490/1508/1481 2493/1507/1481
f 2450/541/1482 2493/1507/1482 2447/1509/1482
f 2490/1508/1483 2492/1366/1483 2494/1504/1483
f 2447/1509/1484 2493/1507/1484 2495/1506/1484
f 2447/1509/1485 2495/1506/1485 2496/1510/1485
f 2447/1511/1486 2496/1512/1486 2446/1513/1486
f 2446/1514/1487 2319/1515/1487 2447/1509/1487
f 2447/1509/1488 2319/1515/1488 2443/1516/1488
f 2447/1509/1489 2443/1516/1489 2444/542/1489
f 2442/1517/1490 2444/542/1490 2443/1516/1490
f 2320/1518/1491 2442/1517/1491 2443/1516/1491
f 2322/1519/1492 2442/1517/1492 2320/1518/1492
f 2320/1520/1493 2321/1521/1493 2322/1522/1493
f 2322/1522/1494 2321/1521/1494 2323/1523/1494
f 2323/1524/1495 2440/561/1495 2322/1519/1495
f 2323/1523/1496 2321/1521/1496 2315/1525/1496
f 2323/1523/1497 2315/1525/1497 2128/565/1497
f 2128/565/1498 2315/1525/1498 2324/1526/1498
f 2324/1526/1499 2315/1525/1499 2325/1527/1499
f 2324/1526/1500 2325/1527/1500 2326/1528/1500
f 2324/1526/1501 2326/1528/1501 2126/566/1501
f 2326/1528/1502 2325/1527/1502 2247/584/1502
f 2325/1527/1503 2244/1529/1503 2247/584/1503
f 2325/1527/1504 2233/1530/1504 2244/1529/1504
f 2233/1531/1505 2243/1532/1505 2244/1533/1505
f 2243/1532/1506 2245/1534/1506 2244/1533/1506
f 2245/1534/1507 2246/586/1507 2244/1533/1507
f 2245/1534/1508 1891/1535/1508 2246/586/1508
f 2243/1532/1509 1891/1535/1509 2245/1534/1509
f 2243/1532/1510 1890/1536/1510 1891/1535/1510
f 1890/1537/1511 1887/1538/1511 1891/1539/1511
f 1891/1539/1512 1887/1538/1512 1892/592/1512
f 1892/592/1513 1887/1538/1513 1886/1540/1513
f 1892/592/1514 1886/1540/1514 1870/1541/1514
f 1886/1540/1515 1868/1542/1515 1870/1541/1515
f 1868/1542/1516 1864/1543/1516 1870/1541/1516
f 1870/1541/1517 1864/1543/1517 1865/1544/1517
f 1895/595/1518 1870/1541/1518 1865/1544/1518
f 1895/595/1519 1865/1544/1519 1896/1545/1519
f 1897/596/1520 1896/1545/1520 1865/1544/1520
f 1859/1546/1521 1865/1544/1521 1864/1543/1521
f 1861/1547/1522 1859/1546/1522 1864/1543/1522
f 1861/1547/1523 1864/1543/1523 1857/1548/1523
f 1857/1548/1524 1851/677/1524 1861/1547/1524
f 1857/1548/1525 1854/1549/1525 1851/677/1525
f 1853/1550/1526 1854/1549/1526 1857/1548/1526
f 1853/1550/1527 1857/1548/1527 1855/1551/1527
f 1605/1552/1528 1853/1550/1528 1855/1551/1528
f 1605/1552/1529 1855/1551/1529 1856/1553/1529
f 1856/1554/1530 1986/1555/1530 1605/1556/1530
f 3712/1557/1531 1605/1558/1531 1986/1559/1531
f 3712/1557/1531 1986/1559/1531 3713/1560/1531
f 3817/1561/1532 3736/1562/1532 1985/1563/1532
f 3817/1561/1533 1985/1563/1533 1605/1558/1533
f 1985/1563/1534 1603/1564/1534 1605/1558/1534
f 1603/1565/1535 1018/1566/1535 1605/1567/1535
f 1603/1565/1536 1020/1568/1536 1018/1566/1536
f 1019/730/1537 1018/1569/1537 1020/1570/1537
f 1007/1571/1538 1018/1569/1538 1019/730/1538
f 1007/1571/1539 1017/1572/1539 1018/1569/1539
f 1017/1573/1540 1853/1550/1540 1018/1574/1540
f 1016/680/1541 1853/1550/1541 1017/1573/1541
f 1016/1575/1542 1017/1572/1542 1007/1571/1542
f 1007/1576/1543 1004/682/1543 1016/680/1543
f 1604/1577/1544 1020/1568/1544 1603/1565/1544
f 1600/1578/1545 1604/1577/1545 1603/1565/1545
f 1602/1579/1546 1600/1578/1546 1603/1565/1546
f 1601/1580/1547 1600/1578/1547 1602/1579/1547
f 1602/1581/1548 1988/1582/1548 1601/1583/1548
f 3732/1584/1549 1601/1583/1549 1988/1582/1549
f 3732/1584/1549 1988/1582/1549 3733/1585/1549
f 3720/1586/1550 3721/1587/1550 1991/1588/1550
f 3720/1586/1551 1991/1588/1551 1990/1589/1551
f 3720/1586/1552 1990/1589/1552 3717/1590/1552
f 3716/1591/1553 3717/1590/1553 1990/1589/1553
f 3715/1592/1554 3716/1591/1554 1990/1589/1554
f 3715/1592/1555 1990/1589/1555 1872/1593/1555
f 3715/1592/1555 1872/1593/1555 3723/1594/1555
f 3723/1594/1556 1875/1595/1556 3724/1596/1556
f 3724/1596/1557 1875/1595/1557 1989/1597/1557
f 3724/1596/1557 1989/1597/1557 3725/1598/1557
f 3729/1599/1558 3730/1600/1558 1597/1601/1558
f 3731/1602/1559 3729/1603/1559 1597/1604/1559
f 3731/1602/1560 1597/1604/1560 1601/1583/1560
f 1597/1601/1561 1599/1605/1561 1601/1580/1561
f 1596/1606/1562 1599/1605/1562 1597/1601/1562
f 3792/1607/1563 1596/1606/1563 1597/1601/1563
f 3792/1607/1563 1597/1601/1563 3793/1608/1563
f 3790/1609/1564 1595/1610/1564 3791/1611/1564
f 3791/1611/1565 1595/1610/1565 1596/1606/1565
f 1595/1610/1566 1029/1612/1566 1596/1606/1566
f 1596/1606/1567 1029/1612/1567 1598/1613/1567
f 1598/1613/1568 1029/1612/1568 1027/1614/1568
f 1598/1613/1569 1027/1614/1569 1026/1615/1569
f 1598/1613/1570 1026/1615/1570 1600/1578/1570
f 1598/1613/1571 1600/1578/1571 1599/1605/1571
f 1025/732/1572 1026/1616/1572 1027/1617/1572
f 1025/732/1573 1027/1617/1573 1028/1618/1573
f 1025/732/1574 1028/1618/1574 1030/1619/1574
f 1028/1618/1575 1031/1620/1575 1030/1619/1575
f 1031/1620/1576 1034/1621/1576 1030/1619/1576
f 1034/1621/1577 1075/1622/1577 1030/1619/1577
f 1030/1619/1578 1075/1622/1578 1076/742/1578
f 1072/1623/1579 1076/742/1579 1075/1622/1579
f 1067/749/1580 1072/1623/1580 1075/1622/1580
f 1072/1623/1581 1068/746/1581 1076/742/1581
f 1067/749/1582 1075/1622/1582 1034/1621/1582
f 1046/1624/1583 1067/749/1583 1034/1621/1583
f 1045/1625/1584 1046/1624/1584 1034/1621/1584
f 1037/1626/1585 1045/1625/1585 1034/1621/1585
f 1032/1627/1586 1037/1626/1586 1034/1621/1586
f 1032/1627/1587 1035/1628/1587 1037/1626/1587
f 1037/1626/1588 1035/1628/1588 1040/1629/1588
f 1037/1626/1589 1040/1629/1589 1044/1630/1589
f 1044/1630/1590 1040/1629/1590 1043/1631/1590
f 1044/1630/1591 1043/1631/1591 1047/1632/1591
f 1044/1630/1592 1047/1632/1592 1046/1624/1592
f 1047/1632/1593 1060/752/1593 1046/1624/1593
f 1047/1632/1594 1054/1633/1594 1060/752/1594
f 1055/1634/1595 1054/1633/1595 1047/1632/1595
f 1047/1632/1596 1053/1635/1596 1055/1634/1596
f 1055/1634/1597 1053/1635/1597 1054/1633/1597
f 1053/1635/1598 1052/1636/1598 1054/1633/1598
f 1054/1633/1599 1052/1636/1599 1056/1637/1599
f 1054/1633/1600 1056/1637/1600 1057/1638/1600
f 1054/1633/1601 1057/1638/1601 1058/1639/1601
f 1054/1633/1602 1058/1639/1602 1059/754/1602
f 1121/1640/1603 1058/1641/1603 1057/1642/1603
f 1121/1640/1604 1057/1642/1604 1123/1643/1604
f 1121/1640/1605 1123/1643/1605 1122/762/1605
f 1122/762/1606 1123/1643/1606 1125/1644/1606
f 1125/1644/1607 1123/1643/1607 1124/1645/1607
f 1125/1644/1608 1124/1645/1608 1126/1646/1608
f 1125/1644/1609 1126/1646/1609 1128/1647/1609
f 1129/1648/1610 1125/1644/1610 1128/1647/1610
f 1130/1649/1611 1129/1648/1611 1128/1647/1611
f 1130/1649/1612 1128/1647/1612 1131/1650/1612
f 1130/1649/1613 1131/1650/1613 1134/1651/1613
f 1130/1649/1614 1134/1651/1614 1135/1652/1614
f 1135/1653/1615 1150/1654/1615 1130/1655/1615
f 1150/1654/1616 1153/1656/1616 1130/1655/1616
f 1130/1655/1617 1153/1656/1617 1159/1657/1617
f 1130/1655/1618 1159/1657/1618 921/1658/1618
f 921/1658/1619 1159/1657/1619 922/1659/1619
f 920/1660/1620 921/1661/1620 922/1662/1620
f 920/1660/1621 922/1662/1621 923/1663/1621
f 920/1660/1622 923/1663/1622 925/1664/1622
f 920/1660/1623 925/1664/1623 924/1665/1623
f 924/1665/1624 919/1666/1624 920/1660/1624
f 917/1667/1625 920/1660/1625 919/1666/1625
f 907/1668/1626 917/1667/1626 919/1666/1626
f 907/1668/1627 919/1666/1627 906/1669/1627
f 904/1670/1628 907/1668/1628 906/1669/1628
f 827/1671/1629 904/1670/1629 906/1669/1629
f 827/1671/1630 906/1669/1630 832/1672/1630
f 832/1673/1631 833/1674/1631 827/1675/1631
f 827/1675/1632 833/1674/1632 834/1676/1632
f 827/1675/1633 834/1676/1633 831/1677/1633
f 830/1678/1634 827/1675/1634 831/1677/1634
f 830/1678/1635 831/1677/1635 829/1679/1635
f 828/1680/1636 830/1678/1636 829/1679/1636
f 824/1681/1637 828/1680/1637 829/1679/1637
f 824/1681/1638 829/1679/1638 823/1682/1638
f 824/1681/1639 823/1682/1639 822/1683/1639
f 822/1684/1640 820/1685/1640 824/1686/1640
f 821/1687/1641 824/1681/1641 820/1688/1641
f 820/1685/1642 816/1689/1642 821/1690/1642
f 816/1691/1643 825/1692/1643 821/1687/1643
f 821/1687/1644 825/1692/1644 826/1693/1644
f 826/1693/1645 825/1692/1645 827/1675/1645
f 828/1680/1646 826/1693/1646 827/1675/1646
f 825/1694/1647 901/1695/1647 827/1671/1647
f 901/1695/1648 903/1696/1648 827/1671/1648
f 901/1695/1649 902/1697/1649 903/1696/1649
f 903/1696/1650 902/1697/1650 808/1698/1650
f 903/1696/1651 808/1698/1651 905/1699/1651
f 903/1696/1652 905/1699/1652 904/1670/1652
f 905/1699/1653 808/1698/1653 908/1700/1653
f 905/1699/1654 908/1700/1654 907/1668/1654
f 908/1700/1655 914/1701/1655 907/1668/1655
f 908/1700/1656 792/1702/1656 914/1701/1656
f 914/1701/1657 792/1702/1657 915/1703/1657
f 914/1701/1658 915/1703/1658 917/1667/1658
f 917/1667/1659 915/1703/1659 916/1704/1659
f 917/1667/1660 916/1704/1660 918/1705/1660
f 916/1706/1661 1115/765/1661 918/1707/1661
f 1114/1708/1662 1115/765/1662 916/1706/1662
f 793/1709/1663 1114/1708/1663 916/1706/1663
f 793/1709/1664 916/1706/1664 791/1710/1664
f 791/1711/1665 750/1712/1665 793/1713/1665
f 793/1713/1666 750/1712/1666 794/1714/1666
f 794/1715/1667 1103/1716/1667 793/1709/1667
f 794/1715/1668 1101/1717/1668 1103/1716/1668
f 1103/1716/1669 1101/1717/1669 1102/1718/1669
f 1102/1718/1670 1107/1719/1670 1103/1716/1670
f 1107/1719/1671 1110/767/1671 1103/1716/1671
f 1107/1719/1672 1108/1720/1672 1110/767/1672
f 1110/767/1673 1108/1720/1673 1109/1721/1673
f 1108/1720/1674 931/1722/1674 1109/1721/1674
f 1109/1721/1675 931/1722/1675 932/769/1675
f 931/1723/1676 930/1724/1676 932/770/1676
f 932/770/1677 930/1724/1677 934/1725/1677
f 934/1725/1678 930/1724/1678 937/1726/1678
f 944/777/1679 934/1725/1679 937/1726/1679
f 934/1725/1680 944/777/1680 935/771/1680
f 937/1726/1681 930/1724/1681 933/1727/1681
f 933/1727/1682 941/1728/1682 937/1726/1682
f 937/1726/1683 941/1728/1683 942/1729/1683
f 942/1729/1684 943/1730/1684 937/1726/1684
f 937/1726/1685 943/1730/1685 945/778/1685
f 942/1729/1686 941/1728/1686 943/1730/1686
f 943/1730/1687 941/1728/1687 939/1731/1687
f 949/1732/1688 943/1730/1688 939/1731/1688
f 949/1732/1689 939/1731/1689 951/1733/1689
f 952/1734/1690 949/1732/1690 951/1733/1690
f 952/1734/1691 951/1733/1691 954/1735/1691
f 1566/1736/1692 952/1737/1692 954/1738/1692
f 1568/1739/1693 1566/1736/1693 954/1738/1693
f 1573/1740/1694 1568/1739/1694 954/1738/1694
f 1573/1740/1695 954/1738/1695 955/1741/1695
f 1573/1740/1696 955/1741/1696 957/1742/1696
f 960/1743/1697 1573/1740/1697 957/1742/1697
f 957/1744/1698 958/1745/1698 960/1746/1698
f 959/1747/1699 960/1743/1699 958/1748/1699
f 958/1745/1700 939/1731/1700 959/1749/1700
f 939/1750/1701 1240/1751/1701 959/1752/1701
f 1240/1751/1702 1241/1753/1702 959/1752/1702
f 959/1752/1703 1241/1753/1703 1242/1754/1703
f 1242/1754/1704 1241/1753/1704 1243/1755/1704
f 1242/1754/1705 1243/1755/1705 1244/1756/1705
f 1244/1757/1706 1572/1758/1706 1242/1759/1706
f 1242/1759/1707 1572/1758/1707 960/1743/1707
f 960/1743/1708 1572/1758/1708 1568/1739/1708
f 1572/1758/1709 1571/1760/1709 1568/1739/1709
f 1571/1760/1710 1560/1761/1710 1568/1739/1710
f 1563/1762/1711 1568/1739/1711 1560/1761/1711
f 1560/1761/1712 1437/1763/1712 1563/1762/1712
f 1563/1762/1713 1437/1763/1713 1566/1736/1713
f 1566/1736/1714 1437/1763/1714 962/1764/1714
f 1437/1765/1715 1434/1766/1715 962/1767/1715
f 962/1767/1716 1434/1766/1716 1438/1768/1716
f 962/1767/1717 1438/1768/1717 963/1769/1717
f 961/1770/1718 962/1771/1718 963/1772/1718
f 961/1770/1719 963/1772/1719 965/1773/1719
f 961/1770/1720 965/1773/1720 968/782/1720
f 968/782/1721 965/1773/1721 966/1774/1721
f 965/1773/1722 963/1772/1722 966/1774/1722
f 966/1774/1723 963/1772/1723 967/1775/1723
f 966/1774/1724 967/1775/1724 969/1776/1724
f 966/1774/1725 969/1776/1725 741/1777/1725
f 966/1774/1726 741/1777/1726 970/784/1726
f 741/1778/1727 975/1779/1727 970/1780/1727
f 741/1778/1728 1379/1781/1728 975/1779/1728
f 1379/1781/1729 1380/788/1729 975/1779/1729
f 1379/1781/1730 1378/1782/1730 1380/788/1730
f 1380/788/1731 1378/1782/1731 1371/1783/1731
f 1380/788/1732 1371/1783/1732 281/1784/1732
f 281/1784/1733 1371/1783/1733 273/1785/1733
f 273/1786/1734 280/1787/1734 281/1788/1734
f 281/1788/1735 280/1787/1735 282/1789/1735
f 1382/817/1736 281/1784/1736 282/1790/1736
f 282/1791/1737 1661/827/1737 1382/818/1737
f 1381/790/1738 281/1784/1738 1382/817/1738
f 282/1789/1739 280/1787/1739 279/1792/1739
f 282/1789/1740 279/1792/1740 283/1793/1740
f 282/1791/1741 283/1794/1741 1312/828/1741
f 283/1793/1742 279/1792/1742 284/1795/1742
f 284/1796/1743 1311/831/1743 283/1797/1743
f 284/1795/1744 279/1792/1744 276/1798/1744
f 284/1795/1745 276/1798/1745 285/1799/1745
f 285/1800/1746 1309/834/1746 284/1796/1746
f 288/1801/1747 1309/834/1747 285/1800/1747
f 285/1799/1748 287/1802/1748 288/1803/1748
f 288/1803/1749 287/1802/1749 291/840/1749
f 291/840/1750 287/1802/1750 290/1804/1750
f 300/856/1751 291/840/1751 290/1804/1751
f 300/856/1752 290/1804/1752 297/1805/1752
f 289/1806/1753 297/1805/1753 290/1804/1753
f 290/1804/1754 286/1807/1754 289/1806/1754
f 286/1807/1755 276/1798/1755 289/1806/1755
f 289/1806/1756 276/1798/1756 275/1808/1756
f 296/1809/1757 289/1806/1757 275/1808/1757
f 296/1809/1758 275/1808/1758 259/1810/1758
f 296/1809/1759 259/1810/1759 298/1811/1759
f 296/1809/1760 298/1811/1760 297/1805/1760
f 297/1805/1761 298/1811/1761 301/857/1761
f 298/1811/1762 302/1812/1762 301/857/1762
f 301/857/1763 302/1812/1763 304/861/1763
f 304/861/1764 302/1812/1764 303/958/1764
f 299/1813/1765 303/958/1765 302/1812/1765
f 299/1813/1766 257/1814/1766 303/958/1766
f 299/1813/1767 259/1810/1767 257/1814/1767
f 3838/1815/1768 257/1814/1768 259/1810/1768
f 3838/1815/1768 259/1810/1768 3839/1816/1768
f 3859/1817/1769 3860/1818/1769 257/1814/1769
f 3860/1818/1770 3861/1819/1770 257/1814/1770
f 3861/1819/1771 3837/1820/1771 257/1814/1771
f 3836/959/1772 257/1814/1772 3837/1820/1772
f 3823/960/1773 3822/1821/1773 674/1822/1773
f 3821/1823/1774 674/1822/1774 3822/1821/1774
f 3821/1823/1774 673/1824/1774 674/1822/1774
f 674/1822/1775 673/1824/1775 678/1825/1775
f 674/1822/1776 678/1825/1776 677/974/1776
f 675/966/1777 674/1822/1777 677/974/1777
f 678/1825/1778 673/1824/1778 679/1826/1778
f 680/975/1779 678/1825/1779 679/1826/1779
f 679/1826/1780 682/1827/1780 680/975/1780
f 679/1826/1781 672/1828/1781 682/1827/1781
f 682/1827/1782 672/1828/1782 683/1829/1782
f 682/1827/1783 683/1829/1783 684/1830/1783
f 684/1831/1784 686/980/1784 682/1832/1784
f 684/1831/1785 745/1833/1785 686/980/1785
f 745/1833/1786 738/1834/1786 686/980/1786
f 735/1835/1787 686/980/1787 738/1834/1787
f 734/1836/1788 735/1835/1788 738/1834/1788
f 734/1836/1789 738/1834/1789 736/1837/1789
f 736/1837/1790 732/1838/1790 734/1836/1790
f 729/1839/1791 734/1836/1791 732/1838/1791
f 732/1838/1792 725/1006/1792 729/1839/1792
f 725/1006/1793 726/1840/1793 729/1839/1793
f 729/1839/1794 726/1840/1794 728/1841/1794
f 726/1840/1795 723/990/1795 728/1841/1795
f 726/1840/1796 724/1001/1796 723/990/1796
f 722/1002/1797 726/1840/1797 725/1006/1797
f 730/1842/1798 725/1006/1798 732/1838/1798
f 730/1842/1799 732/1838/1799 731/1843/1799
f 506/1844/1800 730/1842/1800 731/1843/1800
f 1268/1845/1801 506/1846/1801 731/1847/1801
f 1427/1848/1802 1268/1845/1802 731/1847/1802
f 1427/1848/1803 731/1847/1803 1430/1849/1803
f 1427/1848/1804 1430/1849/1804 1429/1850/1804
f 1428/1851/1805 1427/1848/1805 1429/1850/1805
f 1428/1851/1806 1429/1850/1806 1279/1852/1806
f 1271/1853/1807 1428/1851/1807 1279/1852/1807
f 1277/1854/1808 1271/1853/1808 1279/1852/1808
f 1281/1855/1809 1277/1854/1809 1279/1852/1809
f 1284/1856/1810 1281/1855/1810 1279/1852/1810
f 1279/1852/1811 1431/1857/1811 1284/1856/1811
f 1431/1858/1812 1554/1859/1812 1284/1860/1812
f 1284/1860/1813 1554/1859/1813 1556/1861/1813
f 1284/1860/1814 1556/1861/1814 1557/1862/1814
f 1284/1860/1815 1557/1862/1815 1283/1863/1815
f 1283/1863/1816 1557/1862/1816 1509/1864/1816
f 1508/1865/1817 1283/1866/1817 1509/1867/1817
f 1508/1865/1818 1509/1867/1818 1510/1868/1818
f 1508/1865/1819 1510/1868/1819 1505/1869/1819
f 1506/1870/1820 1508/1865/1820 1505/1869/1820
f 1500/1871/1821 1506/1870/1821 1505/1869/1821
f 1503/1872/1822 1500/1871/1822 1505/1869/1822
f 1503/1872/1823 1505/1869/1823 1504/1873/1823
f 1495/1874/1824 1503/1872/1824 1504/1873/1824
f 1495/1874/1825 1504/1873/1825 1492/1875/1825
f 1492/1875/1826 1494/1876/1826 1495/1874/1826
f 1495/1874/1827 1494/1876/1827 1493/1877/1827
f 1493/1877/1828 1498/1878/1828 1495/1874/1828
f 1495/1874/1829 1498/1878/1829 1501/1879/1829
f 1501/1879/1830 1498/1878/1830 1502/1880/1830
f 1502/1880/1831 1500/1871/1831 1501/1879/1831
f 1502/1880/1832 1498/1878/1832 1500/1871/1832
f 1498/1878/1833 1499/1881/1833 1500/1871/1833
f 1500/1871/1834 1499/1881/1834 1454/1882/1834
f 1499/1881/1835 1458/1883/1835 1454/1882/1835
f 1458/1883/1836 1453/1884/1836 1454/1882/1836
f 1446/1885/1837 1454/1882/1837 1453/1884/1837
f 1448/1886/1838 1446/1885/1838 1453/1884/1838
f 1448/1886/1839 1453/1884/1839 1449/1887/1839
f 1445/1888/1840 1448/1886/1840 1449/1887/1840
f 1450/1889/1841 1445/1888/1841 1449/1887/1841
f 1456/1890/1842 1450/1889/1842 1449/1887/1842
f 1449/1887/1843 1458/1883/1843 1456/1890/1843
f 1463/1891/1844 1456/1890/1844 1458/1883/1844
f 1460/1892/1845 1456/1890/1845 1463/1891/1845
f 1460/1892/1846 1463/1891/1846 1461/1893/1846
f 1459/1894/1847 1460/1892/1847 1461/1893/1847
f 1459/1894/1848 1461/1893/1848 1462/1895/1848
f 4286/1896/1849 1459/1897/1849 1462/1898/1849
f 4286/1896/1849 1462/1898/1849 4287/1899/1849
f 4476/1900/1850 4477/1901/1850 1550/1902/1850
f 4478/1903/1851 4476/1900/1851 1550/1902/1851
f 4488/1904/1852 4478/1905/1852 1550/1906/1852
f 4488/1904/1853 1550/1906/1853 1451/1907/1853
f 4488/1904/1853 1451/1907/1853 4489/1908/1853
f 4290/1909/1854 4291/1910/1854 1457/1911/1854
f 4290/1909/1855 1457/1911/1855 1459/1897/1855
f 4290/1909/1856 1459/1897/1856 4289/1912/1856
f 4288/1913/1857 4289/1912/1857 1459/1897/1857
f 1457/1914/1858 1456/1890/1858 1459/1894/1858
f 4292/1915/1859 1457/1911/1859 4291/1910/1859
f 4292/1915/1859 1841/1916/1859 1457/1911/1859
f 1841/1916/1860 1450/1917/1860 1457/1911/1860
f 1841/1916/1861 1842/1918/1861 1450/1917/1861
f 1450/1917/1862 1842/1918/1862 1451/1907/1862
f 1447/1919/1863 1450/1889/1863 1451/1920/1863
f 1451/1921/1864 1551/1922/1864 1447/1923/1864
f 1551/1922/1865 1441/1924/1865 1447/1923/1865
f 1441/1925/1866 1445/1888/1866 1447/1919/1866
f 1441/1925/1867 1444/1926/1867 1445/1888/1867
f 1441/1925/1868 1440/1927/1868 1444/1926/1868
f 1444/1926/1869 1440/1927/1869 1443/1928/1869
f 1444/1926/1870 1443/1928/1870 1448/1886/1870
f 1440/1927/1871 1288/1929/1871 1443/1928/1871
f 1443/1928/1872 1288/1929/1872 1446/1885/1872
f 1446/1885/1873 1288/1929/1873 1286/1930/1873
f 1446/1885/1874 1286/1930/1874 1452/1931/1874
f 1452/1931/1875 1286/1930/1875 1282/1932/1875
f 1452/1931/1876 1282/1932/1876 1455/1933/1876
f 1452/1931/1877 1455/1933/1877 1454/1882/1877
f 1506/1870/1878 1454/1882/1878 1455/1933/1878
f 1455/1933/1879 1282/1932/1879 1283/1866/1879
f 1282/1934/1880 1281/1855/1880 1283/1935/1880
f 1278/1936/1881 1281/1855/1881 1282/1934/1881
f 1278/1936/1882 1282/1934/1882 1285/1937/1882
f 1278/1936/1883 1285/1937/1883 1276/1938/1883
f 1275/1939/1884 1278/1936/1884 1276/1938/1884
f 1276/1938/1885 1274/1940/1885 1275/1939/1885
f 1274/1940/1886 1273/1941/1886 1275/1939/1886
f 1275/1939/1887 1273/1941/1887 1277/1854/1887
f 1270/1942/1888 1273/1941/1888 1274/1940/1888
f 1270/1942/1889 1274/1940/1889 1272/1943/1889
f 475/1944/1890 1270/1942/1890 1272/1943/1890
f 475/1944/1891 1272/1943/1891 473/1945/1891
f 473/1946/1892 474/1947/1892 475/1948/1892
f 475/1948/1893 474/1947/1893 476/1949/1893
f 476/1949/1894 474/1947/1894 477/1950/1894
f 480/1951/1895 476/1952/1895 477/1953/1895
f 477/1950/1896 479/1954/1896 480/1955/1896
f 479/1954/1897 483/1956/1897 480/1955/1897
f 485/1957/1898 480/1951/1898 483/1958/1898
f 483/1956/1899 484/1959/1899 485/1960/1899
f 485/1960/1900 484/1959/1900 486/1961/1900
f 486/1962/1901 1266/1963/1901 485/1957/1901
f 488/1964/1902 1266/1963/1902 486/1962/1902
f 486/1961/1903 487/1965/1903 488/1966/1903
f 486/1961/1904 99/1967/1904 487/1965/1904
f 487/1965/1905 99/1967/1905 100/1968/1905
f 489/1969/1906 487/1965/1906 100/1968/1906
f 103/1970/1907 489/1019/1907 100/1971/1907
f 100/1972/1908 102/1973/1908 103/1974/1908
f 103/1974/1909 102/1973/1909 104/1975/1909
f 104/1976/1910 113/1977/1910 103/1970/1910
f 103/1970/1911 113/1977/1911 207/1978/1911
f 208/1979/1912 103/1970/1912 207/1978/1912
f 4072/1980/1913 208/1981/1913 207/1982/1913
f 4072/1980/1913 207/1982/1913 4073/1983/1913
f 4082/1984/1914 4081/1985/1914 512/1986/1914
f 4082/1987/1915 512/1988/1915 206/1989/1915
f 4082/1987/1915 206/1989/1915 4083/1990/1915
f 4084/1991/1916 4083/1992/1916 206/1993/1916
f 4084/1991/1917 206/1993/1917 205/1994/1917
f 4084/1991/1917 205/1994/1917 4109/1995/1917
f 4085/1996/1918 4086/1997/1918 208/1979/1918
f 4087/1998/1919 208/1979/1919 4086/1997/1919
f 4087/1998/1919 490/1024/1919 208/1979/1919
f 4087/1998/1920 3987/1999/1920 490/1024/1920
f 4271/2000/1921 4272/2001/1921 1363/1041/1921
f 4272/2001/1922 4301/2002/1922 1363/1041/1922
f 4301/2003/1923 4302/2004/1923 1363/2005/1923
f 4302/2006/1924 4303/2007/1924 1363/1041/1924
f 4306/2008/1925 1363/1041/1925 4303/2007/1925
f 4656/2009/1926 1552/2010/1926 4636/2011/1926
f 4635/2012/1927 4636/2011/1927 1552/2010/1927
f 4635/2012/1928 1552/2010/1928 1545/2013/1928
f 4635/2012/1928 1545/2013/1928 4637/2014/1928
f 4674/2015/1929 4675/2016/1929 1359/2017/1929
f 4305/2018/1930 4674/2015/1930 1359/2017/1930
f 4304/2019/1931 4305/2020/1931 1359/2021/1931
f 4304/2019/1932 1359/2021/1932 1361/2022/1932
f 4304/2019/1932 1361/2022/1932 4306/2008/1932
f 1359/2021/1933 1360/2023/1933 1361/2022/1933
f 1360/2023/1934 1362/2024/1934 1361/2022/1934
f 1361/2022/1935 1362/2024/1935 1364/2025/1935
f 1361/2022/1936 1364/2025/1936 1365/1042/1936
f 1364/2025/1937 1366/2026/1937 1365/1042/1937
f 4025/2027/1938 1365/1042/1938 1366/2026/1938
f 4025/2027/1938 1366/2026/1938 4028/2028/1938
f 4027/2029/1939 4028/2028/1939 1366/2026/1939
f 4027/2029/1940 1366/2026/1940 1355/2030/1940
f 4027/2029/1940 1355/2030/1940 4056/2031/1940
f 4056/2031/1941 1339/2032/1941 4031/2033/1941
f 4030/2034/1942 4031/2033/1942 1339/2032/1942
f 4030/2034/1943 1339/2032/1943 1338/2035/1943
f 4030/2034/1943 1338/2035/1943 4033/2036/1943
f 4032/2037/1944 4033/2036/1944 1338/2035/1944
f 4034/2038/1945 4032/2037/1945 1338/2035/1945
f 4034/2038/1946 1338/2035/1946 1337/2039/1946
f 4034/2038/1946 1337/2039/1946 4038/2040/1946
f 4015/2041/1947 4016/2042/1947 698/1047/1947
f 4017/2043/1948 698/1047/1948 4016/2042/1948
f 4057/2044/1949 701/1049/1949 4017/2043/1949
f 4057/2044/1949 702/1052/1949 701/1049/1949
f 4057/2044/1950 4022/2045/1950 702/1052/1950
f 4021/2046/1951 702/2047/1951 4022/2048/1951
f 4021/2046/1952 4023/2049/1952 706/2050/1952
f 4024/2051/1953 706/2050/1953 4023/2049/1953
f 4024/2051/1953 1333/2052/1953 706/2050/1953
f 1333/2052/1954 1343/2053/1954 706/2050/1954
f 706/2050/1955 1343/2053/1955 708/2054/1955
f 1333/2052/1956 1341/1084/1956 1343/2053/1956
f 1341/1084/1957 1333/2052/1957 1337/2039/1957
f 1341/1084/1958 1337/2039/1958 1340/2055/1958
f 1336/2056/1959 1337/2039/1959 1333/2052/1959
f 4035/2057/1960 1336/2056/1960 1333/2052/1960
f 4035/2057/1960 1333/2052/1960 4024/2051/1960
f 4035/2057/1961 4036/2058/1961 1336/2056/1961
f 4036/2058/1962 4037/2059/1962 1336/2056/1962
f 4038/2040/1963 1336/2056/1963 4037/2059/1963
f 4038/2040/1964 1337/2039/1964 1336/2056/1964
f 1337/2039/1965 1338/2035/1965 1340/2055/1965
f 1340/2055/1966 1338/2035/1966 1339/2032/1966
f 1340/2055/1967 1339/2032/1967 1342/1086/1967
f 1351/2060/1968 1342/1086/1968 1339/2032/1968
f 1351/2060/1969 1339/2032/1969 1355/2030/1969
f 1362/2024/1970 1351/2060/1970 1355/2030/1970
f 1349/2061/1971 1342/1086/1971 1351/2060/1971
f 1349/2061/1972 1351/2060/1972 1352/2062/1972
f 1349/2061/1973 1352/2062/1973 1353/2063/1973
f 2002/2064/1974 1349/2065/1974 1353/2066/1974
f 2002/2064/1975 1353/2066/1975 2003/2067/1975
f 2001/2068/1976 2002/2069/1976 2003/2070/1976
f 2004/2071/1977 2001/2068/1977 2003/2070/1977
f 2004/2071/1978 2003/2070/1978 2006/2072/1978
f 2004/2071/1979 2006/2072/1979 2005/2073/1979
f 1994/2074/1980 2004/2071/1980 2005/2073/1980
f 1994/2074/1981 2005/2073/1981 1992/2075/1981
f 4309/2076/1982 1994/2074/1982 1992/2075/1982
f 4309/2076/1982 1992/2075/1982 4310/2077/1982
f 4310/2077/1983 1992/2075/1983 1357/2078/1983
f 4310/2077/1983 1357/2078/1983 4676/2079/1983
f 4676/2079/1984 1357/2078/1984 1359/2017/1984
f 1357/2080/1985 1356/2081/1985 1359/2021/1985
f 1354/2082/1986 1356/2081/1986 1357/2080/1986
f 1354/2082/1987 1357/2080/1987 1358/2083/1987
f 1358/2084/1988 2003/2070/1988 1354/2085/1988
f 1354/2082/1989 1352/2062/1989 1356/2081/1989
f 1356/2081/1990 1352/2062/1990 1360/2023/1990
f 1357/2078/1991 1992/2075/1991 1358/2084/1991
f 4309/2076/1992 4311/2086/1992 1994/2074/1992
f 4311/2086/1993 4312/2087/1993 1994/2074/1993
f 4313/2088/1994 1994/2074/1994 4312/2087/1994
f 4314/2089/1995 2001/2068/1995 4313/2088/1995
f 4314/2089/1995 2000/2090/1995 2001/2068/1995
f 4315/2091/1996 2000/2090/1996 4314/2089/1996
f 4315/2091/1997 1995/2092/1997 2000/2090/1997
f 1996/2093/1998 2000/2090/1998 1995/2092/1998
f 1995/2092/1999 1993/2094/1999 1996/2093/1999
f 4320/2095/2000 1996/2096/2000 1993/2097/2000
f 4320/2095/2000 1993/2097/2000 4321/2098/2000
f 4323/2099/2001 1996/2096/2001 4322/2100/2001
f 4323/2099/2001 1998/2101/2001 1996/2096/2001
f 1998/2102/2002 1999/2103/2002 1996/2093/2002
f 2012/2104/2003 1999/2105/2003 1998/2106/2003
f 4633/2107/2004 2012/2104/2004 1998/2106/2004
f 4633/2107/2004 1998/2106/2004 4634/2108/2004
f 4483/2109/2005 4484/2110/2005 1462/1898/2005
f 4482/2111/2006 4483/2112/2006 1462/2113/2006
f 4481/2114/2007 4482/2111/2007 1462/2113/2007
f 4481/2114/2008 1462/2113/2008 1464/2115/2008
f 4481/2114/2008 1464/2115/2008 4480/2116/2008
f 4479/2117/2009 4480/2116/2009 1464/2115/2009
f 4475/2118/2010 4479/2117/2010 1464/2115/2010
f 4474/2119/2011 4475/2118/2011 1464/2115/2011
f 4474/2120/2012 1464/2121/2012 1465/2122/2012
f 4474/2120/2012 1465/2122/2012 4471/2123/2012
f 4472/2124/2013 4470/2125/2013 1465/2122/2013
f 4472/2124/2014 1465/2122/2014 1466/2126/2014
f 4472/2124/2014 1466/2126/2014 4473/2127/2014
f 4473/2127/2015 1467/2128/2015 4668/2129/2015
f 4469/2130/2016 4668/2129/2016 1467/2128/2016
f 4466/2131/2017 4469/2130/2017 1467/2128/2017
f 4466/2131/2018 1467/2128/2018 1468/2132/2018
f 4466/2131/2019 1468/2132/2019 4467/2133/2019
f 4467/2133/2020 1469/2134/2020 4468/2135/2020
f 4463/2136/2021 4468/2137/2021 1469/2138/2021
f 4463/2136/2022 1469/2138/2022 1474/2139/2022
f 4463/2136/2022 1474/2139/2022 4462/2140/2022
f 4461/2141/2023 4462/2140/2023 1474/2139/2023
f 4460/2142/2024 4461/2141/2024 1474/2139/2024
f 4459/2143/2025 4460/2144/2025 1474/2145/2025
f 4459/2143/2026 1474/2145/2026 2586/2146/2026
f 4459/2143/2026 2586/2146/2026 4458/2147/2026
f 4458/2147/2027 2587/2148/2027 4457/2149/2027
f 4457/2149/2028 2587/2148/2028 2588/2150/2028
f 4457/2149/2029 2588/2150/2029 4456/2151/2029
f 4455/2152/2030 4456/2151/2030 2588/2150/2030
f 4454/2153/2031 4455/2152/2031 2588/2150/2031
f 4453/2154/2032 4454/2153/2032 2588/2150/2032
f 4452/2155/2033 4453/2154/2033 2588/2150/2033
f 4452/2155/2034 2587/2148/2034 4464/2156/2034
f 4464/2156/2035 2587/2148/2035 1482/2157/2035
f 4464/2156/2035 1482/2157/2035 4465/2158/2035
f 4465/2158/2036 2589/2159/2036 4451/2160/2036
f 4450/2161/2037 4451/2160/2037 2589/2159/2037
f 4449/2162/2038 4450/2161/2038 2589/2159/2038
f 4449/2162/2039 2589/2159/2039 2591/2163/2039
f 4449/2162/2039 2591/2163/2039 4447/2164/2039
f 4447/2164/2040 2593/2165/2040 4448/2166/2040
f 4512/2167/2041 4448/2166/2041 2593/2165/2041
f 4511/2168/2042 4512/2167/2042 2593/2165/2042
f 4511/2168/2043 2593/2165/2043 2594/2169/2043
f 4511/2168/2043 2594/2169/2043 4510/2170/2043
f 4508/2171/2044 2599/2172/2044 4509/2173/2044
f 4528/2174/2045 4509/2173/2045 2599/2172/2045
f 4527/2175/2046 4528/2174/2046 2599/2172/2046
f 4527/2175/2047 2599/2172/2047 2600/2176/2047
f 4527/2175/2047 2600/2176/2047 4526/2177/2047
f 4525/2178/2048 2603/2179/2048 4524/2180/2048
f 4522/2181/2049 4524/2180/2049 2603/2179/2049
f 4522/2181/2050 2603/2179/2050 2604/2182/2050
f 4522/2181/2050 2604/2182/2050 4523/2183/2050
f 4516/2184/2051 3272/2185/2051 4517/2186/2051
f 4518/2187/2052 4517/2186/2052 3272/2185/2052
f 4605/2188/2053 4518/2189/2053 3272/2190/2053
f 4605/2188/2054 3272/2190/2054 3301/2191/2054
f 4605/2188/2054 3301/2191/2054 4604/2192/2054
f 4617/2193/2055 3314/2194/2055 4618/2195/2055
f 4619/2196/2056 4618/2195/2056 3314/2194/2056
f 4619/2196/2057 3314/2194/2057 3119/2197/2057
f 4619/2196/2057 3119/2197/2057 4620/2198/2057
f 4621/2199/2058 4620/2200/2058 3119/2201/2058
f 4621/2199/2059 3119/2201/2059 3114/2202/2059
f 4621/2199/2059 3114/2202/2059 4622/2203/2059
f 4622/2203/2060 3114/2202/2060 3173/2204/2060
f 4622/2203/2060 3173/2204/2060 4611/2205/2060
f 4610/2206/2061 4611/2205/2061 3173/2204/2061
f 4610/2206/2062 3173/2204/2062 3078/2207/2062
f 4610/2206/2062 3078/2207/2062 4612/2208/2062
f 4625/2209/2063 4624/2210/2063 3074/2211/2063
f 4625/2209/2064 3074/2211/2064 3075/2212/2064
f 4625/2209/2065 3075/2212/2065 4627/2213/2065
f 4515/2214/2066 4627/2215/2066 3075/2216/2066
f 4515/2214/2067 3075/2216/2067 2928/2217/2067
f 4515/2214/2067 2928/2217/2067 4514/2218/2067
f 4513/2219/2068 4514/2220/2068 2928/2221/2068
f 4513/2219/2069 2928/2221/2069 2929/2222/2069
f 4513/2219/2069 2929/2222/2069 4507/2223/2069
f 4507/2223/2070 2931/2224/2070 4505/2225/2070
f 4504/2226/2071 4505/2225/2071 2931/2224/2071
f 4504/2226/2072 2931/2224/2072 2932/2227/2072
f 4504/2226/2072 2932/2227/2072 4506/2228/2072
f 4446/2229/2073 4506/2228/2073 2932/2227/2073
f 4446/2229/2074 2932/2227/2074 2821/2230/2074
f 4446/2229/2074 2821/2230/2074 4445/2231/2074
f 4443/2232/2075 2822/2233/2075 4444/2234/2075
f 4669/2235/2076 4444/2234/2076 2822/2233/2076
f 4669/2236/2077 2822/2237/2077 2579/2238/2077
f 4669/2236/2077 2579/2238/2077 4503/2239/2077
f 4502/2240/2078 4503/2241/2078 2579/2242/2078
f 4502/2240/2079 2579/2242/2079 2580/2243/2079
f 4502/2240/2079 2580/2243/2079 4501/2244/2079
f 4501/2244/2080 2580/2243/2080 2578/2245/2080
f 4501/2244/2080 2578/2245/2080 4500/2246/2080
f 4499/2247/2081 4500/2246/2081 2578/2245/2081
f 4498/2248/2082 4499/2247/2082 2578/2245/2082
f 4497/2249/2083 4498/2248/2083 2578/2245/2083
f 4497/2249/2084 2578/2245/2084 2576/2250/2084
f 4497/2249/2084 2576/2250/2084 4628/2251/2084
f 4628/2251/2085 2576/2250/2085 2575/2252/2085
f 4628/2251/2085 2575/2252/2085 4629/2253/2085
f 4442/2254/2086 4629/2253/2086 2575/2252/2086
f 4442/2254/2087 2575/2252/2087 2019/2255/2087
f 4442/2254/2087 2019/2255/2087 4440/2256/2087
f 4440/2257/2088 2018/2258/2088 4441/2259/2088
f 4441/2259/2089 2018/2258/2089 2016/2260/2089
f 4441/2259/2089 2016/2260/2089 4496/2261/2089
f 4495/2262/2090 4496/2263/2090 2016/2264/2090
f 4494/2265/2091 4495/2262/2091 2016/2264/2091
f 4630/2266/2092 4494/2265/2092 2016/2264/2092
f 4631/2267/2093 4630/2268/2093 2016/2260/2093
f 4631/2267/2094 2016/2260/2094 2015/2269/2094
f 4631/2267/2095 2015/2269/2095 4632/2270/2095
f 4632/2270/2096 2015/2269/2096 2012/2104/2096
f 2012/2104/2097 2015/2269/2097 2010/2271/2097
f 2010/2271/2098 2007/2272/2098 2012/2104/2098
f 2012/2104/2099 2007/2272/2099 2009/2273/2099
f 2007/2272/2100 1348/2274/2100 2009/2273/2100
f 2009/2273/2101 1348/2274/2101 1347/2275/2101
f 2009/2273/2102 1347/2275/2102 1350/2276/2102
f 2009/2273/2103 1350/2276/2103 2013/2277/2103
f 2009/2273/2104 2013/2277/2104 1999/2105/2104
f 2013/2277/2105 2014/2278/2105 1999/2105/2105
f 1999/2105/2106 2014/2278/2106 2000/2279/2106
f 2000/2279/2107 2014/2278/2107 2002/2064/2107
f 2002/2064/2108 2014/2278/2108 1350/2276/2108
f 2013/2277/2109 1350/2276/2109 2014/2278/2109
f 1347/2280/2110 1349/2061/2110 1350/2281/2110
f 1346/2282/2111 1347/2280/2111 1348/2283/2111
f 1346/2282/2112 1344/1087/2112 1347/2280/2112
f 2007/2272/2113 1346/2284/2113 1348/2274/2113
f 1734/2285/2114 1346/2284/2114 2007/2272/2114
f 1734/2285/2115 2007/2272/2115 2008/2286/2115
f 2059/2287/2116 1734/1094/2116 2008/2288/2116
f 2059/2287/2117 2008/2288/2117 2011/2289/2117
f 2059/2287/2118 2011/2289/2118 2060/2290/2118
f 2059/2287/2119 2060/2290/2119 2058/2291/2119
f 1731/1095/2120 2059/2287/2120 2058/2291/2120
f 2057/2292/2121 1731/1095/2121 2058/2291/2121
f 2062/2293/2122 2057/2294/2122 2058/2295/2122
f 2058/2291/2123 2061/2296/2123 2062/2297/2123
f 2063/2298/2124 2062/2293/2124 2061/2299/2124
f 2061/2296/2125 2021/2300/2125 2063/2301/2125
f 2023/2302/2126 2063/2303/2126 2021/2304/2126
f 2021/2305/2127 2022/2306/2127 2023/2307/2127
f 2071/1173/2128 2023/2302/2128 2022/2308/2128
f 2071/1173/2129 2022/2308/2129 2025/2309/2129
f 2022/2306/2130 2024/2310/2130 2025/2311/2130
f 2025/2311/2131 2024/2310/2131 2026/2312/2131
f 2024/2310/2132 2027/2313/2132 2026/2312/2132
f 2026/2312/2133 2027/2313/2133 2028/2314/2133
f 2255/2315/2134 2026/1176/2134 2028/2316/2134
f 2255/2315/2135 2028/2316/2135 2258/2317/2135
f 2259/2318/2136 2255/2315/2136 2258/2317/2136
f 2259/2318/2137 2258/2317/2137 2262/2319/2137
f 2259/2318/2138 2262/2319/2138 2267/2320/2138
f 2259/2318/2139 2267/2320/2139 2266/2321/2139
f 2261/2322/2140 2259/2318/2140 2266/2321/2140
f 2261/2322/2141 2266/2321/2141 2268/2323/2141
f 2261/2322/2142 2268/2323/2142 2256/1179/2142
f 2257/2324/2143 2261/2322/2143 2256/1179/2143
f 2406/1197/2144 2256/1179/2144 2268/2323/2144
f 2268/2323/2145 2266/2321/2145 2272/1202/2145
f 2272/1202/2146 2266/2321/2146 2269/2325/2146
f 2269/2325/2147 2273/2326/2147 2272/1202/2147
f 2410/2327/2148 2272/1202/2148 2273/2326/2148
f 2412/2328/2149 2410/2327/2149 2273/2326/2149
f 2412/2328/2150 2273/2326/2150 2414/2329/2150
f 2412/2328/2151 2414/2329/2151 2415/2330/2151
f 2412/2328/2152 2415/2330/2152 2413/2331/2152
f 2413/2331/2153 2409/1203/2153 2412/2328/2153
f 2415/2330/2154 2421/2332/2154 2413/2331/2154
f 2413/2331/2155 2421/2332/2155 2422/2333/2155
f 2413/2331/2156 2422/2333/2156 2411/1204/2156
f 2422/2333/2157 2421/2332/2157 2423/2334/2157
f 2422/2333/2158 2423/2334/2158 2424/2335/2158
f 2422/2333/2159 2424/2335/2159 2426/2336/2159
f 2422/2333/2160 2426/2336/2160 2425/1206/2160
f 2426/2336/2161 2424/2335/2161 2427/2337/2161
f 2430/1209/2162 2426/2336/2162 2427/2337/2162
f 2430/1209/2163 2427/2337/2163 2431/2338/2163
f 2433/2339/2164 2430/1209/2164 2431/2338/2164
f 2433/2339/2165 2431/2338/2165 2435/1219/2165
f 2435/1219/2166 2431/2338/2166 2432/1223/2166
f 2431/2338/2167 2427/2337/2167 2432/1223/2167
f 3004/2340/2168 2427/2341/2168 2424/2342/2168
f 3004/2340/2169 2424/2342/2169 3006/2343/2169
f 3004/2340/2170 3006/2343/2170 3005/2344/2170
f 3003/2345/2171 3004/2340/2171 3005/2344/2171
f 3003/2345/2172 3005/2344/2172 3002/2346/2172
f 3001/1228/2173 3003/2345/2173 3002/2346/2173
f 2940/2347/2174 3001/1228/2174 3002/2346/2174
f 2940/2347/2175 3002/2346/2175 2943/2348/2175
f 2942/2349/2176 2940/2350/2176 2943/2351/2176
f 2942/2349/2177 2943/2351/2177 2945/2352/2177
f 2947/2353/2178 2942/2349/2178 2945/2352/2178
f 4711/2354/2179 2947/2353/2179 2945/2352/2179
f 4711/2354/2180 2945/2352/2180 4712/2355/2180
f 4713/2356/2181 3140/2357/2181 4714/2358/2181
f 4714/2358/2182 3140/2357/2182 3171/2359/2182
f 3171/2359/2183 3140/2357/2183 3136/2360/2183
f 3135/2361/2184 3171/2359/2184 3136/2360/2184
f 4719/2362/2185 3135/2363/2185 3136/2364/2185
f 4719/2362/2185 3136/2364/2185 4718/2365/2185
f 4915/2366/2186 4716/2367/2186 3137/2368/2186
f 4915/2369/2187 3137/2370/2187 3134/2371/2187
f 4915/2369/2188 3134/2371/2188 4916/2372/2188
f 4916/2372/2189 3134/2371/2189 2973/2373/2189
f 4916/2372/2190 2973/2373/2190 4917/2374/2190
f 4917/2374/2191 2973/2373/2191 3135/2363/2191
f 3135/2361/2192 2973/2375/2192 3170/2376/2192
f 3170/2376/2193 3062/2377/2193 3135/2361/2193
f 3170/2376/2194 2974/2378/2194 3062/2377/2194
f 3062/2379/2195 2974/2380/2195 2972/2381/2195
f 3062/2379/2196 2972/2381/2196 2975/2382/2196
f 3171/2359/2197 3062/2377/2197 2975/2383/2197
f 4720/2384/2198 3171/2359/2198 2975/2383/2198
f 4720/2384/2198 2975/2383/2198 4721/2385/2198
f 4723/2386/2199 4724/2387/2199 2966/2388/2199
f 4723/2386/2200 2966/2388/2200 2947/2353/2200
f 2963/2389/2201 2947/2353/2201 2966/2388/2201
f 2963/2389/2202 2966/2388/2202 2964/2390/2202
f 2964/2390/2203 2962/2391/2203 2963/2389/2203
f 2958/2392/2204 2963/2389/2204 2962/2391/2204
f 2961/2393/2205 2958/2392/2205 2962/2391/2205
f 2956/1247/2206 2958/2392/2206 2961/2393/2206
f 2956/1247/2207 2961/2393/2207 2959/2394/2207
f 2957/2395/2208 2956/1247/2208 2959/2394/2208
f 2960/2396/2209 2957/2395/2209 2959/2394/2209
f 3000/2397/2210 2960/2396/2210 2959/2394/2210
f 3000/2397/2211 2959/2394/2211 2965/2398/2211
f 2995/2399/2212 3000/2397/2212 2965/2398/2212
f 2991/2400/2213 2995/2399/2213 2965/2398/2213
f 2986/2401/2214 2991/2400/2214 2965/2398/2214
f 2964/2390/2215 2986/2401/2215 2965/2398/2215
f 2965/2398/2216 2961/2393/2216 2964/2390/2216
f 2964/2390/2217 2982/2402/2217 2986/2401/2217
f 2982/2402/2218 2987/2403/2218 2986/2401/2218
f 2987/2403/2219 2989/2404/2219 2986/2401/2219
f 2987/2403/2220 2988/2405/2220 2989/2404/2220
f 2989/2404/2221 2988/2405/2221 2990/2406/2221
f 2991/2400/2222 2989/2404/2222 2990/2406/2222
f 2991/2400/2223 2990/2406/2223 2992/2407/2223
f 2992/2407/2224 2990/2406/2224 2993/2408/2224
f 2992/2407/2225 2993/2408/2225 2994/2409/2225
f 2992/2407/2226 2994/2409/2226 2996/2410/2226
f 2992/2407/2227 2996/2410/2227 2995/2399/2227
f 2995/2399/2228 2996/2410/2228 2997/2411/2228
f 2995/2399/2229 2997/2411/2229 2998/2412/2229
f 2997/2411/2230 2999/2413/2230 2998/2412/2230
f 2999/2413/2231 3000/2397/2231 2998/2412/2231
f 2997/2411/2232 2960/2396/2232 2999/2413/2232
f 2997/2411/2233 2996/2410/2233 2960/2396/2233
f 2996/2410/2234 2539/2414/2234 2960/2396/2234
f 2996/2410/2235 2994/2409/2235 2539/2414/2235
f 2994/2415/2236 2536/1389/2236 2539/2416/2236
f 2536/2417/2237 2538/2418/2237 2539/2419/2237
f 2539/2419/2238 2538/2418/2238 2540/1252/2238
f 2540/1251/2239 2957/2395/2239 2539/2414/2239
f 2536/2417/2240 2535/1379/2240 2538/2418/2240
f 3148/2420/2241 2994/2415/2241 2993/2421/2241
f 3149/2422/2242 3148/2420/2242 2993/2421/2242
f 3149/2422/2243 2993/2421/2243 3151/2423/2243
f 3152/2424/2244 3149/2422/2244 3151/2423/2244
f 3154/2425/2245 3152/2424/2245 3151/2423/2245
f 3151/2423/2246 3159/2426/2246 3154/2425/2246
f 3159/2426/2247 3160/2427/2247 3154/2425/2247
f 3162/2428/2248 3154/2425/2248 3160/2427/2248
f 3162/2428/2249 3160/2427/2249 3163/2429/2249
f 3369/2430/2250 3162/2431/2250 3163/2432/2250
f 3369/2430/2251 3163/2432/2251 3371/2433/2251
f 3369/2430/2252 3371/2433/2252 3370/2434/2252
f 3357/2435/2253 3369/2430/2253 3370/2434/2253
f 4726/2436/2254 3357/2435/2254 3370/2434/2254
f 4726/2436/2255 3370/2434/2255 4727/2437/2255
f 4734/2438/2256 4875/2439/2256 3276/2440/2256
f 4734/2438/2257 3276/2440/2257 3275/2441/2257
f 4734/2438/2258 3275/2441/2258 4733/2442/2258
f 4732/2443/2259 4733/2442/2259 3275/2441/2259
f 4732/2443/2260 3275/2441/2260 3274/2444/2260
f 4732/2443/2261 3274/2444/2261 4730/2445/2261
f 4874/2446/2262 4731/2447/2262 3312/2448/2262
f 4874/2446/2263 3312/2448/2263 3313/2449/2263
f 4874/2446/2263 3313/2449/2263 4842/2450/2263
f 4864/2451/2264 4865/2452/2264 3355/2453/2264
f 4864/2451/2265 3355/2453/2265 3353/2454/2265
f 4864/2451/2266 3353/2454/2266 4867/2455/2266
f 4867/2455/2267 3356/2456/2267 4868/2457/2267
f 4729/2458/2268 4868/2457/2268 3356/2456/2268
f 4729/2458/2269 3356/2456/2269 3357/2435/2269
f 4729/2458/2269 3357/2435/2269 4728/2459/2269
f 3356/2456/2270 3367/2460/2270 3357/2435/2270
f 3367/2460/2271 3368/2461/2271 3357/2435/2271
f 3367/2460/2272 3166/2462/2272 3368/2461/2272
f 3368/2461/2273 3166/2462/2273 3165/2463/2273
f 3368/2461/2274 3165/2463/2274 3369/2430/2274
f 3164/2464/2275 3165/2465/2275 3166/2466/2275
f 3164/2464/2276 3166/2466/2276 3167/2467/2276
f 3180/2468/2277 3164/2469/2277 3167/2470/2277
f 3180/2468/2278 3167/2470/2278 3181/2471/2278
f 4324/2472/2279 3180/2468/2279 3181/2471/2279
f 4324/2472/2279 3181/2471/2279 4325/2473/2279
f 4326/2474/2280 4327/2475/2280 3179/2476/2280
f 4326/2474/2281 3179/2476/2281 3180/2468/2281
f 3179/2476/2282 3155/2477/2282 3180/2468/2282
f 4328/2478/2283 3155/2477/2283 3179/2476/2283
f 4329/2479/2284 3155/2477/2284 4328/2478/2284
f 4428/2480/2285 4426/2481/2285 3235/2482/2285
f 4428/2480/2286 3235/2482/2286 3234/2483/2286
f 4428/2480/2286 3234/2483/2286 4670/2484/2286
f 4364/2485/2287 4670/2484/2287 3234/2483/2287
f 4364/2485/2288 3234/2483/2288 2912/2486/2288
f 4364/2485/2288 2912/2486/2288 4363/2487/2288
f 4333/2488/2289 3178/2489/2289 4332/2490/2289
f 4331/2491/2290 4332/2490/2290 3178/2489/2290
f 4330/2492/2291 4331/2491/2291 3178/2489/2291
f 4329/2479/2292 4330/2492/2292 3178/2489/2292
f 4333/2488/2293 3177/2493/2293 3178/2489/2293
f 3178/2489/2294 3177/2493/2294 3155/2477/2294
f 3177/2493/2295 3153/2494/2295 3155/2477/2295
f 3153/2495/2296 3154/2425/2296 3155/2496/2296
f 3177/2493/2297 3150/2497/2297 3153/2494/2297
f 3150/2498/2298 3152/2424/2298 3153/2495/2298
f 3176/1439/2299 3150/2497/2299 3177/2493/2299
f 3176/1439/2300 3147/2499/2300 3150/2497/2300
f 3147/1394/2301 3149/2422/2301 3150/2498/2301
f 4333/2488/2302 4334/2500/2302 3177/2493/2302
f 4335/1440/2303 3177/2493/2303 4334/2500/2303
f 4365/2501/2304 2908/2502/2304 4366/2503/2304
f 4365/2501/2304 3233/2504/2304 2908/2502/2304
f 3233/2504/2305 2909/2505/2305 2908/2502/2305
f 2901/2506/2306 2908/2507/2306 2909/2508/2306
f 2902/2509/2307 2901/2510/2307 2909/2511/2307
f 2902/2512/2308 2909/2513/2308 3308/2514/2308
f 2902/2512/2309 3308/2514/2309 3048/2515/2309
f 3047/2516/2310 2902/2517/2310 3048/2518/2310
f 3274/2444/2311 3047/2519/2311 3048/2515/2311
f 3048/2515/2312 3309/2520/2312 3274/2444/2312
f 3274/2444/2313 3309/2520/2313 3312/2448/2313
f 3312/2448/2314 3309/2520/2314 3311/2521/2314
f 3310/2522/2315 3311/2521/2315 3309/2520/2315
f 3308/2514/2316 3310/2522/2316 3309/2520/2316
f 3308/2514/2317 3225/2523/2317 3310/2522/2317
f 3308/2514/2318 3231/2524/2318 3225/2523/2318
f 3230/2525/2319 3225/2526/2319 3231/2527/2319
f 3230/2525/2320 3231/2527/2320 2909/2505/2320
f 3230/2525/2321 3224/2528/2321 3225/2526/2321
f 3224/2528/2322 3220/2529/2322 3225/2526/2322
f 3311/2521/2323 3225/2523/2323 3220/2530/2323
f 3313/2449/2324 3311/2521/2324 3220/2530/2324
f 3313/2449/2325 3220/2530/2325 3216/2531/2325
f 4841/2532/2326 3313/2449/2326 3216/2531/2326
f 4841/2532/2326 3216/2531/2326 4843/2533/2326
f 4843/2534/2327 3215/2535/2327 4844/2536/2327
f 4845/2537/2328 4844/2536/2328 3215/2535/2328
f 4845/2537/2329 3215/2535/2329 3217/2538/2329
f 4845/2537/2330 3217/2538/2330 4846/2539/2330
f 4869/2540/2331 3354/2541/2331 4870/2542/2331
f 4866/2543/2332 4870/2542/2332 3354/2541/2332
f 4866/2543/2333 3354/2541/2333 3355/2453/2333
f 3350/2544/2334 3355/2453/2334 3354/2541/2334
f 3354/2541/2335 3351/2545/2335 3350/2544/2335
f 3351/2545/2336 3349/2546/2336 3350/2544/2336
f 3349/2546/2337 3348/2547/2337 3350/2544/2337
f 3350/2544/2338 3348/2547/2338 3346/2548/2338
f 3353/2454/2339 3350/2544/2339 3346/2548/2339
f 3353/2454/2340 3346/2548/2340 3347/2549/2340
f 3353/2454/2341 3347/2549/2341 3356/2456/2341
f 3347/2549/2342 3366/2550/2342 3356/2456/2342
f 3182/2551/2343 3366/2550/2343 3347/2549/2343
f 4382/2552/2344 3182/2551/2344 3347/2549/2344
f 4382/2552/2344 3347/2549/2344 4383/2553/2344
f 4383/2553/2345 3346/2548/2345 4393/2554/2345
f 4392/2555/2346 4393/2554/2346 3346/2548/2346
f 4392/2555/2347 3346/2548/2347 3345/2556/2347
f 4392/2555/2347 3345/2556/2347 4394/2557/2347
f 4395/2558/2348 4394/2557/2348 3345/2556/2348
f 4396/2559/2349 4395/2558/2349 3345/2556/2349
f 4396/2559/2350 3345/2556/2350 3348/2547/2350
f 4396/2559/2350 3348/2547/2350 4406/2560/2350
f 4421/2561/2351 3244/2562/2351 4419/2563/2351
f 4418/2564/2352 4419/2563/2352 3244/2562/2352
f 4418/2564/2353 3244/2562/2353 3242/2565/2353
f 4418/2564/2353 3242/2565/2353 4420/2566/2353
f 4390/2567/2354 4389/2568/2354 3344/2569/2354
f 4391/2570/2355 4390/2567/2355 3344/2569/2355
f 4430/2571/2356 4391/2570/2356 3344/2569/2356
f 4388/2572/2357 4430/2571/2357 3344/2569/2357
f 4387/2573/2358 4388/2572/2358 3344/2569/2358
f 4386/2574/2359 3182/2575/2359 4385/2576/2359
f 4384/2577/2360 4385/2578/2360 3182/2551/2360
f 4386/2574/2359 3181/2471/2359 3182/2575/2359
f 3169/2579/2361 3182/2551/2361 3181/2580/2361
f 4425/2581/2362 4427/2582/2362 3236/2583/2362
f 4425/2581/2363 3236/2583/2363 3235/2482/2363
f 3235/2482/2364 3236/2583/2364 3237/2584/2364
f 3235/2482/2365 3237/2584/2365 3230/2525/2365
f 2912/2486/2366 3235/2482/2366 3230/2525/2366
f 3233/2504/2367 2912/2486/2367 3230/2525/2367
f 4361/2585/2368 2912/2486/2368 3233/2504/2368
f 4361/2586/2369 4362/2587/2369 2912/2588/2369
f 3237/2584/2370 3240/2589/2370 3230/2525/2370
f 3230/2525/2371 3240/2589/2371 3241/2590/2371
f 3240/2589/2372 3242/2565/2372 3241/2590/2372
f 3241/2590/2373 3242/2565/2373 3243/2591/2373
f 3241/2590/2374 3243/2591/2374 3232/2592/2374
f 3224/2528/2375 3241/2590/2375 3232/2592/2375
f 3228/2593/2376 3224/2528/2376 3232/2592/2376
f 3232/2592/2377 3246/2594/2377 3228/2593/2377
f 3228/2593/2378 3246/2594/2378 3229/2595/2378
f 3229/2595/2379 3227/2596/2379 3228/2593/2379
f 3227/2596/2380 3226/2597/2380 3228/2593/2380
f 3214/2598/2381 3226/2597/2381 3227/2596/2381
f 4411/2599/2382 3214/2598/2382 3227/2596/2382
f 4376/2600/2383 4375/2601/2383 3210/2602/2383
f 4376/2600/2384 3210/2602/2384 3247/2603/2384
f 4376/2600/2384 3247/2603/2384 4417/2604/2384
f 4414/2605/2385 4416/2606/2385 3247/2603/2385
f 4413/2607/2386 4414/2605/2386 3247/2603/2386
f 4373/2608/2387 3213/2609/2387 4411/2610/2387
f 4411/2610/2388 3213/2609/2388 3214/2598/2388
f 4847/2611/2389 3214/2598/2389 3213/2609/2389
f 4847/2611/2389 3213/2609/2389 4848/2612/2389
f 4872/2613/2390 3351/2545/2390 4871/2614/2390
f 4869/2540/2391 4871/2614/2391 3351/2545/2391
f 4872/2613/2390 3352/2615/2390 3351/2545/2390
f 4403/2616/2392 3351/2545/2392 3352/2615/2392
f 4403/2616/2392 3352/2615/2392 4402/2617/2392
f 4852/2618/2393 4400/2619/2393 4401/2620/2393
f 4852/2618/2394 4401/2620/2394 4853/2621/2394
f 4853/2621/2393 3352/2615/2393 4873/2622/2393
f 4854/2623/2395 4855/2624/2395 4399/2625/2395
f 4854/2623/2396 4399/2625/2396 4400/2619/2396
f 4381/2626/2397 3211/2627/2397 4380/2628/2397
f 4379/2629/2398 4380/2628/2398 3211/2627/2398
f 4379/2629/2399 3211/2627/2399 3209/2630/2399
f 4379/2629/2399 3209/2630/2399 4378/2631/2399
f 4374/2632/2400 4377/2633/2400 3209/2630/2400
f 4374/2632/2401 3209/2630/2401 3210/2602/2401
f 4412/2634/2402 4411/2635/2402 3229/2595/2402
f 4424/2636/2403 4412/2634/2403 3229/2595/2403
f 4423/2637/2404 4424/2636/2404 3229/2595/2404
f 4423/2637/2405 3246/2594/2405 4422/2638/2405
f 4422/2638/2406 3246/2594/2406 3245/2639/2406
f 4431/2640/2407 3351/2545/2407 4404/2641/2407
f 4405/2642/2408 3349/2546/2408 4431/2640/2408
f 4377/2633/2409 4378/2631/2409 3209/2630/2409
f 3209/2630/2410 3211/2627/2410 3210/2602/2410
f 3211/2627/2411 3212/2643/2411 3210/2602/2411
f 4415/2644/2412 3210/2602/2412 3212/2643/2412
f 4850/2645/2413 3212/2643/2413 3211/2627/2413
f 4850/2645/2413 3211/2627/2413 4851/2646/2413
f 4858/2647/2414 4859/2648/2414 4432/2649/2414
f 4859/2648/2415 4860/2650/2415 4432/2649/2415
f 4861/2651/2416 4432/2649/2416 4860/2650/2416
f 4861/2651/2417 4381/2652/2417 4432/2649/2417
f 4862/2653/2418 4381/2626/2418 4861/2654/2418
f 4862/2653/2419 4863/2655/2419 3211/2627/2419
f 4863/2655/2420 4851/2646/2420 3211/2627/2420
f 4849/2656/2421 3212/2643/2421 4850/2645/2421
f 4849/2656/2421 3213/2609/2421 3212/2643/2421
f 4862/2653/2418 3211/2627/2418 4381/2626/2418
f 4855/2624/2422 4856/2657/2422 4399/2625/2422
f 4853/2621/2393 4401/2620/2393 3352/2615/2393
f 4854/2623/2396 4400/2619/2396 4852/2618/2396
f 4401/2620/2423 4402/2617/2423 3352/2615/2423
f 4403/2616/2424 4404/2641/2424 3351/2545/2424
f 4872/2613/2425 4873/2622/2425 3352/2615/2425
f 4849/2656/2426 4848/2612/2426 3213/2609/2426
f 4846/2539/2427 3214/2598/2427 4847/2611/2427
f 4373/2608/2428 3212/2643/2428 3213/2609/2428
f 4415/2644/2429 3212/2643/2429 4373/2608/2429
f 4413/2607/2430 3210/2602/2430 4415/2644/2430
f 4416/2606/2431 4417/2604/2431 3247/2603/2431
f 4413/2607/2432 3247/2603/2432 3210/2602/2432
f 4374/2632/2433 3210/2602/2433 4375/2601/2433
f 3214/2598/2434 3222/2658/2434 3226/2597/2434
f 3226/2597/2435 3222/2658/2435 3224/2528/2435
f 3219/2659/2436 3224/2528/2436 3222/2658/2436
f 3222/2658/2437 3223/2660/2437 3219/2659/2437
f 3221/2661/2438 3219/2659/2438 3223/2660/2438
f 3221/2661/2439 3218/2662/2439 3219/2659/2439
f 3218/2662/2440 3216/2663/2440 3219/2659/2440
f 3215/2535/2441 3216/2663/2441 3218/2662/2441
f 3217/2538/2442 3218/2662/2442 3221/2661/2442
f 3222/2658/2443 3217/2538/2443 3221/2661/2443
f 3221/2661/2444 3223/2660/2444 3222/2658/2444
f 3214/2598/2445 3217/2538/2445 3222/2658/2445
f 4411/2664/2446 3227/2596/2446 3229/2595/2446
f 4423/2637/2405 3229/2595/2405 3246/2594/2405
f 3232/2592/2447 3245/2639/2447 3246/2594/2447
f 3228/2593/2448 3226/2597/2448 3224/2528/2448
f 3232/2592/2449 3243/2591/2449 3245/2639/2449
f 3245/2639/2450 3243/2591/2450 3244/2562/2450
f 3240/2589/2451 3239/2665/2451 3242/2565/2451
f 3240/2589/2452 3238/2666/2452 3239/2665/2452
f 4409/2667/2453 3239/2665/2453 3238/2666/2453
f 4409/2667/2453 3238/2666/2453 4410/2668/2453
f 4407/2669/2454 4408/2670/2454 3239/2665/2454
f 4420/2566/2455 3239/2665/2455 4408/2670/2455
f 4429/2671/2456 4410/2668/2456 3238/2666/2456
f 4429/2671/2457 3238/2666/2457 3236/2583/2457
f 4409/2667/2458 4407/2669/2458 3239/2665/2458
f 3237/2584/2459 3238/2666/2459 3240/2589/2459
f 3236/2583/2460 3238/2666/2460 3237/2584/2460
f 4429/2671/2457 3236/2583/2457 4427/2582/2457
f 4389/2568/2461 4387/2573/2461 3344/2569/2461
f 4420/2566/2462 3242/2565/2462 3239/2665/2462
f 3243/2591/2463 3242/2565/2463 3244/2562/2463
f 4421/2561/2351 3245/2639/2351 3244/2562/2351
f 4422/2638/2406 3245/2639/2406 4421/2561/2406
f 4405/2642/2464 4406/2560/2464 3348/2547/2464
f 4382/2552/2465 4384/2577/2465 3182/2551/2465
f 3182/2551/2466 3169/2579/2466 3366/2550/2466
f 3366/2550/2467 3169/2579/2467 3367/2460/2467
f 3367/2460/2468 3169/2579/2468 3168/2672/2468
f 3167/2467/2469 3168/2673/2469 3169/2674/2469
f 4383/2553/2345 3347/2549/2345 3346/2548/2345
f 3345/2556/2470 3346/2548/2470 3348/2547/2470
f 4405/2642/2408 3348/2547/2408 3349/2546/2408
f 4431/2640/2407 3349/2546/2407 3351/2545/2407
f 4869/2540/2331 3351/2545/2331 3354/2541/2331
f 4846/2539/2471 3217/2538/2471 3214/2598/2471
f 3215/2535/2472 3218/2662/2472 3217/2538/2472
f 4843/2534/2473 3216/2663/2473 3215/2535/2473
f 3219/2659/2474 3216/2663/2474 3220/2529/2474
f 3219/2659/2475 3220/2529/2475 3224/2528/2475
f 3230/2525/2476 3241/2590/2476 3224/2528/2476
f 3310/2522/2477 3225/2523/2477 3311/2521/2477
f 3274/2444/2478 3046/2675/2478 3047/2519/2478
f 3046/2676/2479 2899/2677/2479 3047/2516/2479
f 3044/2678/2480 2899/2677/2480 3046/2676/2480
f 3045/2679/2481 3044/2678/2481 3046/2676/2481
f 3046/2675/2482 3273/2680/2482 3045/2681/2482
f 3045/2681/2483 3273/2680/2483 3275/2441/2483
f 3043/2682/2484 3044/2678/2484 3045/2679/2484
f 3045/2681/2485 3277/2683/2485 3043/2684/2485
f 3277/2683/2486 3285/2685/2486 3043/2684/2486
f 3043/2684/2487 3285/2685/2487 3288/2686/2487
f 3043/2684/2488 3288/2686/2488 3042/2687/2488
f 3042/2688/2489 3041/2689/2489 3043/2682/2489
f 3039/2690/2490 3041/2689/2490 3042/2688/2490
f 3042/2687/2491 3291/2691/2491 3039/2692/2491
f 3039/2692/2492 3291/2691/2492 3038/2693/2492
f 3039/2692/2493 3038/2693/2493 3034/2694/2493
f 3039/2690/2494 3034/2695/2494 3032/2696/2494
f 3031/2697/2495 3032/2696/2495 3034/2695/2495
f 3031/2697/2496 3034/2695/2496 3037/2698/2496
f 3031/2697/2497 3037/2698/2497 3036/2699/2497
f 3036/2699/2498 3029/2700/2498 3031/2697/2498
f 3030/2701/2499 3031/2697/2499 3029/2700/2499
f 3028/2702/2500 3030/2701/2500 3029/2700/2500
f 3019/2703/2501 3028/2702/2501 3029/2700/2501
f 3019/2703/2502 3029/2700/2502 3022/2704/2502
f 3015/2705/2503 3019/2703/2503 3022/2704/2503
f 3015/2705/2504 3022/2704/2504 3021/2706/2504
f 3021/2706/2505 3014/2707/2505 3015/2705/2505
f 3014/2707/2506 3012/2708/2506 3015/2705/2506
f 3012/2708/2507 3016/2709/2507 3015/2705/2507
f 3012/2708/2508 2418/2710/2508 3016/2709/2508
f 3016/2709/2509 2418/2710/2509 3017/2711/2509
f 3016/2709/2510 3017/2711/2510 3018/2712/2510
f 3016/2709/2511 3018/2712/2511 3019/2703/2511
f 3018/2712/2512 3020/2713/2512 3019/2703/2512
f 3019/2703/2513 3020/2713/2513 3023/2714/2513
f 3020/2713/2514 3024/2715/2514 3023/2714/2514
f 3027/2716/2515 3023/2714/2515 3024/2715/2515
f 3027/2716/2516 3024/2715/2516 3026/2717/2516
f 3032/2696/2517 3027/2716/2517 3026/2717/2517
f 3041/2689/2518 3032/2696/2518 3026/2717/2518
f 3041/2689/2519 3026/2717/2519 3044/2678/2519
f 3044/2678/2520 3026/2717/2520 2892/2718/2520
f 3044/2678/2521 2892/2718/2521 2895/2719/2521
f 2892/2720/2522 2894/2721/2522 2895/2722/2522
f 2895/2722/2523 2894/2721/2523 2897/2723/2523
f 2895/2722/2524 2897/2723/2524 2898/2724/2524
f 2895/2722/2525 2898/2724/2525 2899/2725/2525
f 2899/2725/2526 2898/2724/2526 2901/2506/2526
f 2907/1442/2527 2901/2506/2527 2898/2724/2527
f 2907/1442/2528 2898/2724/2528 2903/2726/2528
f 2898/2724/2529 2900/2727/2529 2903/2726/2529
f 2900/2727/2530 2904/2728/2530 2903/2726/2530
f 2904/2728/2531 2910/1448/2531 2903/2726/2531
f 2904/2728/2532 2906/2729/2532 2910/1448/2532
f 2904/2728/2533 2905/1451/2533 2906/2729/2533
f 2900/2727/2534 2896/1454/2534 2904/2728/2534
f 2897/2723/2535 2896/1454/2535 2900/2727/2535
f 2897/2723/2536 2900/2727/2536 2898/2724/2536
f 2897/2723/2537 2894/2721/2537 2896/1454/2537
f 2894/2721/2538 2887/2730/2538 2896/1454/2538
f 2896/1454/2539 2887/2730/2539 2893/1456/2539
f 2893/1456/2540 2887/2730/2540 2888/2731/2540
f 2893/1456/2541 2888/2731/2541 2890/1463/2541
f 2888/2731/2542 2886/2732/2542 2890/1463/2542
f 2888/2731/2543 2885/2733/2543 2886/2732/2543
f 2885/2733/2544 2882/1470/2544 2886/2732/2544
f 2883/2734/2545 2882/1470/2545 2885/2733/2545
f 2883/2734/2546 2885/2733/2546 2884/2735/2546
f 2856/2736/2547 2883/2734/2547 2884/2735/2547
f 2856/2736/2548 2884/2735/2548 2855/2737/2548
f 2855/2738/2549 2851/2739/2549 2856/2740/2549
f 2306/2741/2550 2851/2739/2550 2855/2738/2550
f 2306/2741/2551 2855/2738/2551 2308/2742/2551
f 2305/2743/2552 2306/2744/2552 2308/2745/2552
f 3025/2746/2553 2305/2747/2553 2308/2748/2553
f 3025/2746/2554 2308/2748/2554 2858/2749/2554
f 3025/2746/2555 2858/2749/2555 3024/2715/2555
f 3024/2715/2556 2858/2749/2556 2891/2750/2556
f 2858/2751/2557 2857/2752/2557 2891/2753/2557
f 2891/2753/2558 2857/2752/2558 2892/2720/2558
f 2892/2720/2559 2857/2752/2559 2887/2730/2559
f 2855/2737/2560 2887/2730/2560 2857/2752/2560
f 2308/2742/2561 2857/2754/2561 2858/2755/2561
f 3024/2715/2562 2305/2747/2562 3025/2746/2562
f 2303/2756/2563 2306/2744/2563 2305/2743/2563
f 2304/2757/2564 2303/2756/2564 2305/2743/2564
f 3020/2713/2565 2304/2758/2565 2305/2747/2565
f 2302/2759/2566 2303/2756/2566 2304/2757/2566
f 3017/2711/2567 2302/2760/2567 2304/2758/2567
f 3017/2711/2568 2293/2761/2568 2302/2760/2568
f 2302/2760/2569 2293/2761/2569 2295/2762/2569
f 2295/2763/2570 2301/2764/2570 2302/2759/2570
f 2295/2763/2571 2298/2765/2571 2301/2764/2571
f 2301/2764/2572 2298/2765/2572 2300/2766/2572
f 2303/2756/2573 2301/2764/2573 2300/2766/2573
f 2298/2765/2574 2299/2767/2574 2300/2766/2574
f 2299/2768/2575 2307/2769/2575 2300/2770/2575
f 2306/2744/2576 2300/2766/2576 2307/2771/2576
f 2299/2768/2577 2852/2772/2577 2307/2769/2577
f 2307/2769/2578 2852/2772/2578 2854/2773/2578
f 2307/2769/2579 2854/2773/2579 2851/2739/2579
f 2854/2773/2580 2848/2774/2580 2851/2739/2580
f 2848/2774/2581 2827/2775/2581 2851/2739/2581
f 2827/2776/2582 2883/2734/2582 2851/2777/2582
f 2848/2774/2583 2826/2778/2583 2827/2775/2583
f 2827/2779/2584 2826/2780/2584 2828/2781/2584
f 2828/2782/2585 2882/1470/2585 2827/2776/2585
f 2828/2781/2586 2826/2780/2586 2830/2783/2586
f 2828/2781/2587 2830/2783/2587 2831/2784/2587
f 2828/2781/2588 2831/2784/2588 2832/2785/2588
f 2832/2785/2589 2831/2784/2589 2830/2783/2589
f 2832/2785/2590 2830/2783/2590 2833/2786/2590
f 4343/2787/2591 2832/2788/2591 2833/2789/2591
f 4343/2787/2591 2833/2789/2591 4439/2790/2591
f 4433/2791/2592 4436/2792/2592 2834/2793/2592
f 4433/2791/2593 2834/2793/2593 2823/2794/2593
f 4433/2791/2593 2823/2794/2593 4434/2795/2593
f 4434/2795/2594 2823/2794/2594 2835/1476/2594
f 2834/2793/2595 2824/2796/2595 2823/2794/2595
f 2823/2794/2596 2824/2796/2596 2825/2797/2596
f 2825/2797/2597 2826/2780/2597 2823/2794/2597
f 2823/2794/2598 2826/2780/2598 2829/1481/2598
f 2829/2798/2599 2826/2778/2599 2847/2799/2599
f 2825/2797/2600 2824/2796/2600 2826/2780/2600
f 2833/2786/2601 2824/2796/2601 2834/2793/2601
f 4438/2800/2602 2833/2786/2602 2834/2793/2602
f 4438/2800/2602 2834/2793/2602 4437/2801/2602
f 4436/2792/2603 4437/2801/2603 2834/2793/2603
f 4438/2802/2604 4439/2790/2604 2833/2789/2604
f 4343/2787/2605 4344/2803/2605 2832/2788/2605
f 4344/2803/2606 4345/2804/2606 2832/2788/2606
f 2833/2786/2607 2830/2783/2607 2824/2796/2607
f 2830/2783/2608 2826/2780/2608 2824/2796/2608
f 2847/2799/2609 2826/2778/2609 2848/2774/2609
f 2849/2805/2610 2847/2799/2610 2848/2774/2610
f 2852/2772/2611 2849/2805/2611 2848/2774/2611
f 2850/2806/2612 2849/2805/2612 2852/2772/2612
f 2853/2807/2613 2850/2806/2613 2852/2772/2613
f 2290/2808/2614 2850/2806/2614 2853/2807/2614
f 2290/2808/2615 2853/2807/2615 2297/2809/2615
f 2296/2810/2616 2290/2811/2616 2297/2812/2616
f 2296/2810/2617 2297/2812/2617 2298/2765/2617
f 2296/2810/2618 2288/2813/2618 2290/2811/2618
f 2288/2813/2619 2289/2814/2619 2290/2811/2619
f 2289/2815/2620 2847/2799/2620 2290/2808/2620
f 2289/2815/2621 2838/2816/2621 2847/2799/2621
f 2282/2817/2622 2838/2816/2622 2289/2815/2622
f 2288/2813/2623 2282/1486/2623 2289/2814/2623
f 2286/2818/2624 2282/1486/2624 2288/2813/2624
f 2291/2819/2625 2286/2818/2625 2288/2813/2625
f 2291/2819/2626 2288/2813/2626 2293/2820/2626
f 2291/2819/2627 2293/2820/2627 2294/2821/2627
f 2291/2819/2628 2294/2821/2628 2292/2822/2628
f 2292/2822/2629 2287/2823/2629 2291/2819/2629
f 2285/2824/2630 2287/2823/2630 2292/2822/2630
f 2414/2329/2631 2285/2824/2631 2292/2822/2631
f 2414/2329/2632 2292/2822/2632 2416/2825/2632
f 2416/2825/2633 2292/2822/2633 2417/2826/2633
f 2417/2826/2634 2419/2827/2634 2416/2825/2634
f 2416/2825/2635 2419/2827/2635 2420/2828/2635
f 2416/2825/2636 2420/2828/2636 2415/2330/2636
f 2420/2828/2637 2419/2827/2637 2421/2332/2637
f 3010/2829/2638 2421/2830/2638 2419/2831/2638
f 3010/2829/2639 2419/2831/2639 3012/2708/2639
f 3010/2829/2640 3012/2708/2640 3008/2832/2640
f 3008/2832/2641 3012/2708/2641 3011/2833/2641
f 3009/2834/2642 3008/2832/2642 3011/2833/2642
f 3009/2834/2643 3011/2833/2643 3014/2707/2643
f 3009/2834/2644 3014/2707/2644 3013/2835/2644
f 3013/2835/2645 3005/2344/2645 3009/2834/2645
f 3005/2344/2646 3007/2836/2646 3009/2834/2646
f 3009/2834/2647 3007/2836/2647 3008/2832/2647
f 3007/2836/2648 2423/2837/2648 3008/2832/2648
f 3008/2832/2649 2421/2830/2649 3010/2829/2649
f 2417/2826/2650 2418/2838/2650 2419/2827/2650
f 2417/2826/2651 2294/2821/2651 2418/2838/2651
f 2285/2824/2652 2284/2839/2652 2287/2823/2652
f 2287/2823/2653 2284/2839/2653 2286/2818/2653
f 2274/2840/2654 2284/2839/2654 2285/2824/2654
f 2274/2840/2655 2285/2824/2655 2273/2326/2655
f 2270/2841/2656 2274/2840/2656 2273/2326/2656
f 2270/2841/2657 2271/2842/2657 2274/2840/2657
f 2271/2842/2658 2275/2843/2658 2274/2840/2658
f 2271/2842/2659 2263/2844/2659 2275/2843/2659
f 2275/2843/2660 2263/2844/2660 2276/2845/2660
f 2276/2845/2661 2279/2846/2661 2275/2843/2661
f 2279/2846/2662 2282/1486/2662 2275/2843/2662
f 2275/2843/2663 2282/1486/2663 2284/2839/2663
f 2276/2845/2664 2277/2847/2664 2279/2846/2664
f 2277/2847/2665 2280/1489/2665 2279/2846/2665
f 2276/2845/2666 2263/2844/2666 2277/2847/2666
f 2277/2847/2667 2263/2844/2667 2265/2848/2667
f 2277/2847/2668 2265/2848/2668 2278/1490/2668
f 2265/2849/2669 2506/1500/2669 2278/1491/2669
f 2514/2850/2670 2278/1491/2670 2506/1500/2670
f 2514/2850/2671 2506/1500/2671 2513/1496/2671
f 2514/2850/2672 2513/1496/2672 2516/2851/2672
f 2514/2850/2673 2516/2851/2673 2515/1492/2673
f 2264/2852/2674 2506/1500/2674 2265/2849/2674
f 2264/2853/2675 2265/2848/2675 2260/2854/2675
f 2032/2855/2676 2264/2856/2676 2260/2857/2676
f 2032/2855/2677 2260/2857/2677 2030/2858/2677
f 2031/2859/2678 2032/2860/2678 2030/2861/2678
f 2029/2862/2679 2031/2859/2679 2030/2861/2679
f 2028/2314/2680 2029/2862/2680 2030/2861/2680
f 2029/2862/2681 2019/2863/2681 2031/2859/2681
f 2029/2862/2682 2027/2313/2682 2019/2863/2682
f 2027/2313/2683 2018/2258/2683 2019/2863/2683
f 2027/2313/2684 2017/2864/2684 2018/2258/2684
f 2015/2269/2685 2018/2258/2685 2017/2864/2685
f 2031/2859/2686 2019/2863/2686 2032/2860/2686
f 2019/2255/2687 2577/2865/2687 2032/2855/2687
f 2577/2865/2688 2585/2866/2688 2032/2855/2688
f 2032/2855/2689 2585/2866/2689 2502/2867/2689
f 2585/2866/2690 2584/2868/2690 2502/2867/2690
f 2584/2868/2691 2499/2869/2691 2502/2867/2691
f 2499/2870/2692 2501/1501/2692 2502/2871/2692
f 2502/2871/2693 2501/1501/2693 2264/2852/2693
f 2499/2870/2694 2498/1505/2694 2501/1501/2694
f 2497/2872/2695 2498/1505/2695 2499/2870/2695
f 2584/2868/2696 2497/2873/2696 2499/2869/2696
f 2582/2874/2697 2497/2873/2697 2584/2868/2697
f 2582/2874/2698 2583/2875/2698 2497/2873/2698
f 2583/2876/2699 2496/1512/2699 2497/2877/2699
f 2818/2878/2700 2496/1512/2700 2583/2876/2700
f 2820/2879/2701 2818/2878/2701 2583/2876/2701
f 2820/2879/2702 2583/2876/2702 2581/2880/2702
f 2820/2879/2703 2581/2880/2703 2579/2238/2703
f 2819/2881/2704 2818/2878/2704 2820/2879/2704
f 2819/2881/2705 2820/2879/2705 2821/2882/2705
f 2821/2882/2706 2820/2879/2706 2822/2237/2706
f 2817/2883/2707 2818/2878/2707 2819/2881/2707
f 2819/2884/2708 2933/2885/2708 2817/2886/2708
f 2933/2885/2709 2934/2887/2709 2817/2886/2709
f 2817/2886/2710 2934/2887/2710 2816/2888/2710
f 2816/2889/2711 2815/2890/2711 2817/2883/2711
f 2817/2883/2712 2815/2890/2712 2814/2891/2712
f 2817/2883/2713 2814/2891/2713 2813/2892/2713
f 2590/2893/2714 2813/2892/2714 2814/2891/2714
f 2590/2893/2715 2814/2891/2715 2592/2894/2715
f 2591/2163/2716 2590/2895/2716 2592/2896/2716
f 2591/2163/2717 2592/2896/2717 2593/2165/2717
f 2592/2894/2718 2814/2891/2718 2595/2897/2718
f 2594/2169/2719 2592/2896/2719 2595/2898/2719
f 2594/2169/2720 2595/2898/2720 2596/2899/2720
f 2596/2899/2721 2595/2898/2721 2597/2900/2721
f 2596/2899/2722 2597/2900/2722 2598/2901/2722
f 2596/2899/2723 2598/2901/2723 2599/2172/2723
f 2597/2902/2724 2602/2903/2724 2598/2904/2724
f 2601/2905/2725 2598/2901/2725 2602/2906/2725
f 2602/2907/2726 3108/2908/2726 2601/2909/2726
f 2601/2909/2727 3108/2908/2727 2607/2910/2727
f 2606/2911/2728 2601/2905/2728 2607/2912/2728
f 2606/2911/2729 2607/2912/2729 2609/2913/2729
f 2610/2914/2730 2606/2911/2730 2609/2913/2730
f 2610/2914/2731 2609/2913/2731 2611/2915/2731
f 2610/2914/2732 2611/2915/2732 2612/2916/2732
f 2610/2914/2733 2612/2916/2733 2613/2917/2733
f 3271/2918/2734 2610/2919/2734 2613/2920/2734
f 3271/2921/2735 2613/2922/2735 3272/2190/2735
f 2613/2922/2736 3296/2923/2736 3272/2190/2736
f 3296/2923/2737 3297/2924/2737 3272/2190/2737
f 3296/2923/2738 3293/2925/2738 3297/2924/2738
f 3297/2924/2739 3293/2925/2739 3299/2926/2739
f 3297/2924/2740 3299/2926/2740 3301/2191/2740
f 3304/2927/2741 3301/2191/2741 3299/2926/2741
f 3304/2927/2742 3299/2926/2742 3302/2928/2742
f 3305/2929/2743 3304/2927/2743 3302/2928/2743
f 3305/2929/2744 3302/2928/2744 3306/2930/2744
f 3358/2931/2745 3305/2932/2745 3306/2933/2745
f 4533/2934/2746 3358/2935/2746 3306/2936/2746
f 4533/2934/2746 3306/2936/2746 4534/2937/2746
f 4599/2938/2747 4598/2939/2747 3300/2940/2747
f 4599/2938/2748 3300/2940/2748 3295/2941/2748
f 4599/2938/2748 3295/2941/2748 4600/2942/2748
f 4532/2943/2749 3320/2944/2749 4531/2945/2749
f 4530/2946/2750 4531/2945/2750 3320/2944/2750
f 4529/2947/2751 4530/2946/2751 3320/2944/2751
f 4529/2947/2752 3320/2944/2752 3294/2948/2752
f 4529/2947/2752 3294/2948/2752 4606/2949/2752
f 4554/2950/2753 3359/2951/2753 4540/2952/2753
f 4540/2952/2754 3359/2951/2754 3360/2953/2754
f 4540/2952/2754 3360/2953/2754 4541/2954/2754
f 4551/2955/2755 4542/2956/2755 3403/2957/2755
f 4550/2958/2756 4551/2955/2756 3403/2957/2756
f 4550/2958/2757 3403/2957/2757 3404/2959/2757
f 4550/2958/2757 3404/2959/2757 4549/2960/2757
f 4548/2961/2758 4549/2960/2758 3404/2959/2758
f 4547/2962/2759 4548/2963/2759 3404/2964/2759
f 4547/2962/2760 3404/2964/2760 3407/2965/2760
f 4547/2962/2760 3407/2965/2760 4546/2966/2760
f 4592/2967/2761 3360/2968/2761 4539/2969/2761
f 4592/2967/2761 3395/2970/2761 3360/2968/2761
f 3395/2970/2762 3389/2971/2762 3360/2968/2762
f 3389/2971/2763 3385/2972/2763 3360/2968/2763
f 3385/2972/2764 3383/2973/2764 3360/2968/2764
f 3383/2974/2765 3403/2957/2765 3360/2953/2765
f 3380/2975/2766 3383/2973/2766 3385/2972/2766
f 3386/2976/2767 3380/2975/2767 3385/2972/2767
f 3387/2977/2768 3386/2976/2768 3385/2972/2768
f 3384/2978/2769 3386/2976/2769 3387/2977/2769
f 3384/2978/2770 3387/2977/2770 3388/2979/2770
f 3384/2978/2771 3388/2979/2771 3390/2980/2771
f 3384/2978/2772 3390/2980/2772 3391/2981/2772
f 3401/2982/2773 3384/2983/2773 3391/2984/2773
f 3402/2985/2774 3401/2982/2774 3391/2984/2774
f 3402/2985/2775 3391/2984/2775 3392/2986/2775
f 3392/2987/2776 3411/2988/2776 3402/2989/2776
f 3402/2989/2777 3411/2988/2777 3400/2990/2777
f 3400/2990/2778 3411/2988/2778 3413/2991/2778
f 3400/2990/2779 3413/2991/2779 3270/2992/2779
f 3400/2990/2780 3270/2992/2780 3399/2993/2780
f 3399/2994/2781 3384/2983/2781 3400/2995/2781
f 3399/2994/2782 3396/2996/2782 3384/2983/2782
f 3396/2996/2783 3379/2997/2783 3384/2983/2783
f 3379/2998/2784 3381/2999/2784 3384/2978/2784
f 3379/2998/2785 3380/2975/2785 3381/2999/2785
f 3380/2975/2786 3379/2998/2786 3382/3000/2786
f 3379/2997/2787 3269/3001/2787 3382/3002/2787
f 3382/3002/2788 3269/3001/2788 3267/3003/2788
f 3382/3002/2789 3267/3003/2789 3397/3004/2789
f 3406/3005/2790 3382/3006/2790 3397/3007/2790
f 3406/3005/2791 3397/3007/2791 3393/3008/2791
f 4543/3009/2792 3406/3005/2792 3393/3008/2792
f 4543/3009/2793 3393/3008/2793 4544/3010/2793
f 4591/3011/2794 4589/3012/2794 3395/2970/2794
f 4589/3012/2795 4590/3013/2795 3395/2970/2795
f 4593/3014/2796 3395/2970/2796 4590/3013/2796
f 4593/3014/2796 3394/3015/2796 3395/2970/2796
f 4593/3014/2797 4594/3016/2797 3394/3015/2797
f 4544/3017/2798 3394/3015/2798 4594/3016/2798
f 4544/3017/2798 3393/3018/2798 3394/3015/2798
f 3393/3018/2799 3390/2980/2799 3394/3015/2799
f 3394/3015/2800 3390/2980/2800 3389/2971/2800
f 3392/3019/2801 3390/2980/2801 3393/3018/2801
f 4545/3020/2802 3406/3005/2802 4543/3009/2802
f 4545/3020/2802 3407/2965/2802 3406/3005/2802
f 3405/3021/2803 3406/3005/2803 3407/2965/2803
f 3393/3008/2804 3397/3007/2804 3392/3022/2804
f 3397/3004/2805 3398/3023/2805 3392/3024/2805
f 3398/3025/2806 3410/3026/2806 3392/2987/2806
f 3398/3025/2807 3409/3027/2807 3410/3026/2807
f 3410/3026/2808 3409/3027/2808 3411/2988/2808
f 3411/2988/2809 3409/3027/2809 3343/3028/2809
f 3411/2988/2810 3343/3028/2810 3412/3029/2810
f 4735/3030/2811 3412/3029/2811 3343/3028/2811
f 4735/3030/2812 3343/3028/2812 4736/3031/2812
f 4736/3031/2813 3415/3032/2813 4739/3033/2813
f 4739/3033/2814 3415/3032/2814 3416/3034/2814
f 4739/3033/2815 3416/3034/2815 4740/3035/2815
f 4740/3035/2816 3418/3036/2816 4738/3037/2816
f 4738/3037/2817 3418/3036/2817 3414/3038/2817
f 4738/3037/2817 3414/3038/2817 4737/3039/2817
f 4737/3039/2818 3414/3038/2818 3412/3029/2818
f 3413/2991/2819 3412/3029/2819 3414/3038/2819
f 3421/3040/2820 3414/3038/2820 3418/3036/2820
f 3423/3041/2821 3421/3040/2821 3418/3036/2821
f 3423/3041/2822 3418/3036/2822 3425/3042/2822
f 3427/3043/2823 3423/3041/2823 3425/3042/2823
f 3425/3042/2824 3429/3044/2824 3427/3043/2824
f 3427/3043/2825 3429/3044/2825 3428/3045/2825
f 3428/3045/2826 3424/3046/2826 3427/3043/2826
f 3426/3047/2827 3424/3046/2827 3428/3045/2827
f 3428/3045/2828 3432/3048/2828 3426/3047/2828
f 3426/3047/2829 3432/3048/2829 3341/3049/2829
f 3339/3050/2830 3426/3047/2830 3341/3049/2830
f 3340/3051/2831 3339/3052/2831 3341/3053/2831
f 3417/3054/2832 3340/3055/2832 3341/3056/2832
f 4566/3057/2833 3417/3054/2833 3341/3056/2833
f 4566/3057/2833 3341/3056/2833 4565/3058/2833
f 4556/3059/2834 4564/3060/2834 3341/3056/2834
f 4555/3061/2835 4556/3062/2835 3341/3049/2835
f 4557/3063/2836 4555/3061/2836 3341/3049/2836
f 4560/3064/2837 3430/3065/2837 4563/3066/2837
f 4561/3067/2838 4563/3066/2838 3430/3065/2838
f 4561/3067/2839 3430/3065/2839 3429/3044/2839
f 4561/3067/2840 3429/3044/2840 4562/3068/2840
f 4562/3068/2841 3429/3044/2841 3431/3069/2841
f 4562/3068/2841 3431/3069/2841 4588/3070/2841
f 4587/3071/2842 4588/3070/2842 3431/3069/2842
f 4587/3071/2843 3431/3069/2843 3417/3054/2843
f 3429/3044/2844 3417/3054/2844 3431/3069/2844
f 3429/3044/2845 3419/3072/2845 3417/3054/2845
f 3419/3072/2846 3415/3032/2846 3417/3054/2846
f 3429/3044/2847 3418/3036/2847 3419/3072/2847
f 3416/3034/2848 3419/3072/2848 3418/3036/2848
f 4560/3064/2837 3428/3045/2837 3430/3065/2837
f 4559/3073/2849 3428/3045/2849 4560/3064/2849
f 4559/3073/2850 4558/3074/2850 3432/3048/2850
f 4557/3063/2851 3432/3048/2851 4558/3074/2851
f 4564/3060/2852 4565/3058/2852 3341/3056/2852
f 4587/3071/2843 3417/3054/2843 4566/3057/2843
f 3415/3032/2853 3340/3055/2853 3417/3054/2853
f 3415/3032/2854 3342/3075/2854 3340/3055/2854
f 3336/3076/2855 3340/3051/2855 3342/3077/2855
f 3336/3076/2856 3342/3077/2856 3343/3078/2856
f 3415/3032/2857 3343/3028/2857 3342/3075/2857
f 3336/3076/2858 3339/3052/2858 3340/3051/2858
f 3336/3076/2859 3338/3079/2859 3339/3052/2859
f 3334/3080/2860 3338/3079/2860 3336/3076/2860
f 3263/3081/2861 3334/3080/2861 3336/3076/2861
f 3408/3082/2862 3263/3083/2862 3336/3084/2862
f 3408/3082/2863 3336/3084/2863 3409/3027/2863
f 3408/3082/2864 3267/3085/2864 3263/3083/2864
f 3266/3086/2865 3263/3087/2865 3267/3088/2865
f 3266/3086/2866 3267/3088/2866 3268/3089/2866
f 3266/3086/2867 3268/3089/2867 3270/3090/2867
f 3270/2992/2868 3420/3091/2868 3266/3092/2868
f 3266/3092/2869 3420/3091/2869 3265/3093/2869
f 3265/3093/2870 3420/3091/2870 3414/3038/2870
f 3420/3091/2871 3270/2992/2871 3414/3038/2871
f 3270/3090/2872 3268/3089/2872 3269/3094/2872
f 3265/3095/2873 3263/3087/2873 3266/3086/2873
f 3265/3095/2874 3260/3096/2874 3263/3087/2874
f 3261/3097/2875 3263/3087/2875 3260/3096/2875
f 3259/3098/2876 3261/3097/2876 3260/3096/2876
f 3260/3096/2877 3258/3099/2877 3259/3098/2877
f 3257/3100/2878 3259/3098/2878 3258/3099/2878
f 3258/3099/2879 3255/3101/2879 3257/3100/2879
f 3256/3102/2880 3257/3100/2880 3255/3101/2880
f 3254/3103/2881 3256/3102/2881 3255/3101/2881
f 3069/3104/2882 3254/3103/2882 3255/3101/2882
f 3069/3104/2883 3255/3101/2883 2805/3105/2883
f 3068/3106/2884 3069/3107/2884 2805/3108/2884
f 2806/3109/2885 3068/3106/2885 2805/3108/2885
f 2805/3110/2886 2803/3111/2886 2806/3112/2886
f 2806/3112/2887 2803/3111/2887 2807/3113/2887
f 2806/3112/2888 2807/3113/2888 2808/3114/2888
f 2808/3115/2889 3067/3116/2889 2806/3109/2889
f 2165/3117/2890 3067/3116/2890 2808/3115/2890
f 2165/3117/2891 2808/3115/2891 2164/3118/2891
f 2164/3119/2892 2163/3120/2892 2165/3121/2892
f 2165/3121/2893 2163/3120/2893 2166/3122/2893
f 2166/3123/2894 3066/3124/2894 2165/3117/2894
f 2165/3117/2895 3066/3124/2895 2786/3125/2895
f 3066/3124/2896 2171/3126/2896 2786/3125/2896
f 2760/3127/2897 2786/3125/2897 2171/3126/2897
f 2171/3128/2898 2759/3129/2898 2760/3130/2898
f 2753/3131/2899 2760/3127/2899 2759/3132/2899
f 2679/3133/2900 2753/3134/2900 2759/3129/2900
f 2679/3133/2901 2759/3129/2901 2184/3135/2901
f 2676/3136/2902 2679/3133/2902 2184/3135/2902
f 2673/3137/2903 2676/3136/2903 2184/3135/2903
f 2183/3138/2904 2673/3137/2904 2184/3135/2904
f 2180/3139/2905 2183/3140/2905 2184/3141/2905
f 2184/3135/2906 2171/3128/2906 2180/3142/2906
f 2170/3143/2907 2180/3139/2907 2171/3144/2907
f 2167/3145/2908 2170/3143/2908 2171/3144/2908
f 2167/3145/2909 2169/3146/2909 2170/3143/2909
f 2169/3146/2910 2173/3147/2910 2170/3143/2910
f 2173/3147/2911 2174/3148/2911 2170/3143/2911
f 2170/3143/2912 2174/3148/2912 2178/3149/2912
f 2170/3143/2913 2178/3149/2913 2179/3150/2913
f 2180/3139/2914 2179/3150/2914 2178/3149/2914
f 2178/3149/2915 2181/3151/2915 2180/3139/2915
f 2178/3149/2916 2177/3152/2916 2181/3151/2916
f 2181/3151/2917 2177/3152/2917 2182/3153/2917
f 2181/3151/2918 2182/3153/2918 2183/3140/2918
f 2182/3154/2919 2373/3155/2919 2183/3156/2919
f 2373/3157/2920 2669/3158/2920 2183/3138/2920
f 2183/3138/2921 2669/3158/2921 2671/3159/2921
f 2671/3159/2922 2669/3158/2922 2672/3160/2922
f 2671/3159/2923 2672/3160/2923 2674/3161/2923
f 2682/3162/2924 2671/3159/2924 2674/3161/2924
f 2682/3162/2925 2674/3161/2925 2684/3163/2925
f 2682/3162/2926 2684/3163/2926 2686/3164/2926
f 2687/3165/2927 2682/3162/2927 2686/3164/2927
f 2761/3166/2928 2687/3165/2928 2686/3164/2928
f 2761/3166/2929 2686/3164/2929 2763/3167/2929
f 2761/3166/2930 2763/3167/2930 2762/3168/2930
f 2746/3169/2931 2762/3168/2931 2763/3167/2931
f 2746/3169/2932 2763/3167/2932 2765/3170/2932
f 2746/3169/2933 2765/3170/2933 2768/3171/2933
f 2746/3169/2934 2768/3171/2934 2769/3172/2934
f 2746/3169/2935 2769/3172/2935 2731/3173/2935
f 2745/3174/2936 2746/3169/2936 2731/3173/2936
f 2735/3175/2937 2745/3174/2937 2731/3173/2937
f 2733/3176/2938 2735/3175/2938 2731/3173/2938
f 2732/3177/2939 2733/3176/2939 2731/3173/2939
f 2728/3178/2940 2732/3177/2940 2731/3173/2940
f 2729/3179/2941 2728/3178/2941 2731/3173/2941
f 2729/3179/2942 2731/3173/2942 2730/3180/2942
f 2727/3181/2943 2729/3179/2943 2730/3180/2943
f 2727/3181/2944 2730/3180/2944 2713/3182/2944
f 2714/3183/2945 2727/3181/2945 2713/3182/2945
f 2712/3184/2946 2714/3183/2946 2713/3182/2946
f 2709/3185/2947 2712/3184/2947 2713/3182/2947
f 2709/3185/2948 2713/3182/2948 2703/3186/2948
f 2701/3187/2949 2709/3185/2949 2703/3186/2949
f 2703/3186/2950 2702/3188/2950 2701/3187/2950
f 2702/3188/2951 2699/3189/2951 2701/3187/2951
f 2699/3189/2952 2698/3190/2952 2701/3187/2952
f 2698/3191/2953 2707/3192/2953 2701/3193/2953
f 2707/3194/2954 2708/3195/2954 2701/3187/2954
f 2707/3192/2955 2711/3196/2955 2708/3197/2955
f 2710/3198/2956 2708/3195/2956 2711/3199/2956
f 2711/3196/2957 2716/3200/2957 2710/3201/2957
f 2715/3202/2958 2710/3198/2958 2716/3203/2958
f 3433/3204/2959 2715/3205/2959 2716/3200/2959
f 3433/3204/2960 2716/3200/2960 3434/3206/2960
f 3437/3207/2961 2718/3208/2961 3438/3209/2961
f 3436/3210/2962 3438/3211/2962 2718/3212/2962
f 3436/3210/2963 2718/3212/2963 2715/3205/2963
f 3436/3210/2963 2715/3205/2963 3435/3213/2963
f 2717/3214/2964 2715/3202/2964 2718/3208/2964
f 2714/3183/2965 2715/3202/2965 2717/3214/2965
f 2717/3214/2966 2725/3215/2966 2714/3183/2966
f 2717/3214/2967 2721/3216/2967 2725/3215/2967
f 2725/3215/2968 2721/3216/2968 2728/3178/2968
f 2717/3214/2969 2719/3217/2969 2721/3216/2969
f 2721/3216/2970 2719/3217/2970 2720/3218/2970
f 2720/3218/2971 2722/3219/2971 2721/3216/2971
f 2721/3216/2972 2722/3219/2972 2724/3220/2972
f 2732/3177/2973 2721/3216/2973 2724/3220/2973
f 2724/3220/2974 2722/3219/2974 2726/3221/2974
f 2733/3176/2975 2724/3220/2975 2726/3221/2975
f 2733/3176/2976 2726/3221/2976 2734/3222/2976
f 2734/3222/2977 2726/3221/2977 2723/3223/2977
f 2734/3222/2978 2723/3223/2978 2736/3224/2978
f 2734/3222/2979 2736/3224/2979 2735/3175/2979
f 2735/3175/2980 2736/3224/2980 2738/3225/2980
f 2738/3225/2981 2736/3224/2981 2740/3226/2981
f 2744/3227/2982 2738/3225/2982 2740/3226/2982
f 2744/3227/2983 2740/3226/2983 2743/3228/2983
f 2744/3227/2984 2743/3228/2984 2747/3229/2984
f 2744/3227/2985 2747/3229/2985 2746/3169/2985
f 2747/3229/2986 2743/3228/2986 2750/3230/2986
f 2750/3230/2987 2687/3165/2987 2747/3229/2987
f 2687/3165/2988 2762/3168/2988 2747/3229/2988
f 2750/3230/2989 2751/3231/2989 2687/3165/2989
f 2751/3231/2990 2757/3232/2990 2687/3165/2990
f 2687/3165/2991 2757/3232/2991 2683/3233/2991
f 2683/3233/2992 2757/3232/2992 2679/3133/2992
f 2680/3234/2993 2683/3233/2993 2679/3133/2993
f 2678/3235/2994 2680/3234/2994 2679/3133/2994
f 2678/3235/2995 2677/3236/2995 2680/3234/2995
f 2680/3234/2996 2677/3236/2996 2681/3237/2996
f 2677/3236/2997 2682/3162/2997 2681/3237/2997
f 2683/3233/2998 2681/3237/2998 2682/3162/2998
f 2678/3235/2999 2675/3238/2999 2677/3236/2999
f 2675/3238/3000 2671/3159/3000 2677/3236/3000
f 2673/3137/3001 2671/3159/3001 2675/3238/3001
f 2676/3136/3002 2675/3238/3002 2678/3235/3002
f 2680/3234/3003 2681/3237/3003 2683/3233/3003
f 2679/3133/3004 2757/3232/3004 2758/3239/3004
f 2757/3232/3005 2753/3134/3005 2758/3239/3005
f 2751/3231/3006 2753/3134/3006 2757/3232/3006
f 2751/3231/3007 2752/3240/3007 2753/3134/3007
f 2752/3240/3008 2755/3241/3008 2753/3134/3008
f 2753/3134/3009 2755/3241/3009 2756/3242/3009
f 2756/3243/3010 2785/3244/3010 2753/3131/3010
f 2755/3245/3011 2785/3244/3011 2756/3243/3011
f 2776/3246/3012 2785/3244/3012 2755/3245/3012
f 1653/3247/3013 2776/3246/3013 2755/3245/3013
f 2754/3248/3014 1653/3249/3014 2755/3241/3014
f 2754/3248/3015 1652/3250/3015 1653/3249/3015
f 1652/3251/3016 1651/3252/3016 1653/3253/3016
f 1653/3247/3017 1651/3254/3017 1655/3255/3017
f 1653/3247/3018 1655/3255/3018 2775/3256/3018
f 2775/3256/3019 1655/3255/3019 1654/3257/3019
f 2775/3256/3020 1654/3257/3020 2777/3258/3020
f 2775/3256/3021 2777/3258/3021 2779/3259/3021
f 2775/3256/3022 2779/3259/3022 2776/3246/3022
f 2779/3259/3023 2781/3260/3023 2776/3246/3023
f 2784/3261/3024 2776/3246/3024 2781/3260/3024
f 2784/3261/3025 2781/3260/3025 2783/3262/3025
f 2786/3125/3026 2784/3261/3026 2783/3262/3026
f 2783/3262/3027 2788/3263/3027 2786/3125/3027
f 2788/3263/3028 2791/3264/3028 2786/3125/3028
f 3067/3116/3029 2786/3125/3029 2791/3264/3029
f 3067/3116/3030 2791/3264/3030 3068/3106/3030
f 3068/3106/3031 2791/3264/3031 2792/3265/3031
f 2791/3264/3032 2789/3266/3032 2792/3265/3032
f 2792/3265/3033 2789/3266/3033 2793/3267/3033
f 2793/3268/3034 3251/3269/3034 2792/3270/3034
f 3069/3104/3035 2792/3271/3035 3251/3272/3035
f 3251/3269/3036 2793/3268/3036 3330/3273/3036
f 3251/3269/3037 3330/3273/3037 3329/3274/3037
f 3329/3274/3038 3249/3275/3038 3251/3269/3038
f 3249/3276/3039 3250/3277/3039 3251/3272/3039
f 3251/3272/3040 3250/3277/3040 3253/3278/3040
f 3254/3103/3041 3251/3272/3041 3253/3278/3041
f 3253/3278/3042 3250/3277/3042 3252/3279/3042
f 3256/3102/3043 3253/3278/3043 3252/3279/3043
f 3250/3277/3044 3187/3280/3044 3252/3279/3044
f 3252/3279/3045 3187/3280/3045 3188/3281/3045
f 3257/3100/3046 3252/3279/3046 3188/3281/3046
f 3187/3282/3047 3186/3283/3047 3188/3284/3047
f 3188/3284/3048 3186/3283/3048 3189/3285/3048
f 3259/3098/3049 3188/3281/3049 3189/3286/3049
f 3189/3285/3050 3186/3283/3050 3190/3287/3050
f 3189/3285/3051 3190/3287/3051 3191/3288/3051
f 3261/3097/3052 3189/3286/3052 3191/3289/3052
f 3261/3097/3053 3191/3289/3053 3262/3290/3053
f 3262/3290/3054 3191/3289/3054 3193/3291/3054
f 3193/3292/3055 3332/3293/3055 3262/3294/3055
f 3332/3293/3056 3333/3295/3056 3262/3294/3056
f 3262/3294/3057 3333/3295/3057 3334/3080/3057
f 3334/3080/3058 3333/3295/3058 3335/3296/3058
f 3333/3295/3059 3337/3297/3059 3335/3296/3059
f 3335/3296/3060 3337/3297/3060 3265/3298/3060
f 3265/3093/3061 3422/3299/3061 3335/3300/3061
f 3335/3300/3062 3422/3299/3062 3338/3301/3062
f 3338/3301/3063 3422/3299/3063 3424/3046/3063
f 3424/3046/3064 3422/3299/3064 3423/3041/3064
f 3265/3093/3065 3421/3040/3065 3422/3299/3065
f 3265/3298/3066 3337/3297/3066 3264/3302/3066
f 3264/3302/3067 3337/3297/3067 2796/3303/3067
f 3264/3302/3068 2796/3303/3068 2798/3304/3068
f 2798/3305/3069 3260/3096/3069 3264/3306/3069
f 2798/3305/3070 2804/3307/3070 3260/3096/3070
f 2804/3307/3071 2798/3305/3071 2801/3308/3071
f 2801/3309/3072 2803/3111/3072 2804/3310/3072
f 2801/3309/3073 2800/3311/3073 2803/3111/3073
f 2803/3111/3074 2800/3311/3074 2802/3312/3074
f 2799/3313/3075 2802/3312/3075 2800/3311/3075
f 2800/3311/3076 2797/3314/3076 2799/3313/3076
f 4741/3315/3077 2799/3313/3077 2797/3314/3077
f 4741/3315/3077 2797/3314/3077 4742/3316/3077
f 4743/3317/3078 2794/3318/3078 4744/3319/3078
f 4744/3319/3079 2794/3318/3079 2795/3320/3079
f 4744/3319/3079 2795/3320/3079 4745/3321/3079
f 4749/3322/3080 2802/3312/3080 4748/3323/3080
f 4747/3324/3081 4748/3323/3081 2802/3312/3081
f 4749/3322/3080 2809/3325/3080 2802/3312/3080
f 2802/3312/3082 2809/3325/3082 2807/3113/3082
f 2811/3326/3083 2807/3113/3083 2809/3325/3083
f 2811/3326/3084 2809/3325/3084 2810/3327/3084
f 2162/3328/3085 2811/3326/3085 2810/3327/3085
f 2162/3328/3086 2810/3327/3086 2812/3329/3086
f 2162/3328/3087 2812/3329/3087 2160/3330/3087
f 2160/3331/3088 2161/3332/3088 2162/3333/3088
f 2162/3333/3089 2161/3332/3089 2163/3120/3089
f 2163/3120/3090 2161/3332/3090 2168/3334/3090
f 2163/3120/3091 2168/3334/3091 2167/3145/3091
f 2168/3334/3092 2161/3332/3092 2158/3335/3092
f 2169/3146/3093 2168/3334/3093 2158/3335/3093
f 2169/3146/3094 2158/3335/3094 2172/3336/3094
f 2172/3336/3095 2158/3335/3095 2149/3337/3095
f 2172/3336/3096 2149/3337/3096 2148/3338/3096
f 2172/3336/3097 2148/3338/3097 2152/3339/3097
f 2173/3147/3098 2172/3336/3098 2152/3339/3098
f 2173/3147/3099 2152/3339/3099 2155/3340/3099
f 2152/3339/3100 2154/3341/3100 2155/3340/3100
f 2154/3342/3101 2370/3343/3101 2155/3344/3101
f 2177/3345/3102 2155/3344/3102 2370/3343/3102
f 2370/3343/3103 2371/3346/3103 2177/3345/3103
f 2177/3345/3104 2371/3346/3104 2373/3155/3104
f 2373/3155/3105 2371/3346/3105 2374/3347/3105
f 2373/3155/3106 2374/3347/3106 2348/3348/3106
f 2348/3348/3107 2374/3347/3107 2375/3349/3107
f 2879/3350/3108 2348/3351/3108 2375/3352/3108
f 2866/3353/3109 2879/3350/3109 2375/3352/3109
f 2866/3353/3110 2375/3352/3110 2880/3354/3110
f 2866/3353/3111 2880/3354/3111 2865/3355/3111
f 2865/3356/3112 2353/3357/3112 2866/3358/3112
f 2349/3359/3113 2866/3353/3113 2353/3360/3113
f 2352/3361/3114 2349/3362/3114 2353/3363/3114
f 2352/3361/3115 2353/3363/3115 2355/3364/3115
f 2352/3361/3116 2355/3364/3116 2354/3365/3116
f 2347/3366/3117 2352/3361/3117 2354/3365/3117
f 2347/3366/3118 2354/3365/3118 2351/3367/3118
f 2346/3368/3119 2347/3366/3119 2351/3367/3119
f 2346/3368/3120 2351/3367/3120 2350/3369/3120
f 1975/3370/3121 2346/3368/3121 2350/3369/3121
f 2350/3369/3122 1639/3371/3122 1975/3370/3122
f 1975/3370/3123 1639/3371/3123 1967/3372/3123
f 1967/3373/3124 1974/3374/3124 1975/3375/3124
f 1975/3375/3125 1974/3374/3125 1976/3376/3125
f 1980/3377/3126 1975/3370/3126 1976/3378/3126
f 1976/3376/3127 1979/3379/3127 1980/3380/3127
f 1980/3380/3128 1979/3379/3128 1982/3381/3128
f 1982/3381/3129 1977/3382/3129 1980/3380/3129
f 1980/3380/3130 1977/3382/3130 1983/3383/3130
f 2343/3384/3131 1980/3377/3131 1983/3385/3131
f 2343/3384/3132 1983/3385/3132 1984/3386/3132
f 2343/3384/3133 1984/3386/3133 2345/3387/3133
f 2346/3368/3134 2343/3384/3134 2345/3387/3134
f 2345/3387/3135 1984/3386/3135 2344/3388/3135
f 2345/3387/3136 2344/3388/3136 2347/3366/3136
f 2347/3366/3137 2344/3388/3137 2348/3389/3137
f 2347/3366/3138 2348/3389/3138 2349/3362/3138
f 2344/3390/3139 2669/3158/3139 2348/3391/3139
f 2344/3390/3140 2668/3392/3140 2669/3158/3140
f 2669/3158/3141 2668/3392/3141 2670/3393/3141
f 2670/3393/3142 2668/3392/3142 1978/3394/3142
f 2689/3395/3143 2670/3393/3143 1978/3394/3143
f 2689/3395/3144 1978/3394/3144 2690/3396/3144
f 2689/3395/3145 2690/3396/3145 2691/3397/3145
f 2689/3395/3146 2691/3397/3146 2685/3398/3146
f 2688/3399/3147 2689/3395/3147 2685/3398/3147
f 2685/3398/3148 2670/3393/3148 2688/3399/3148
f 2685/3398/3149 2674/3161/3149 2670/3393/3149
f 2691/3397/3150 2693/3400/3150 2685/3398/3150
f 2693/3400/3151 2705/3401/3151 2685/3398/3151
f 2685/3398/3152 2705/3401/3152 2706/3402/3152
f 2685/3398/3153 2706/3402/3153 2686/3164/3153
f 2686/3164/3154 2706/3402/3154 2705/3401/3154
f 2764/3403/3155 2686/3164/3155 2705/3401/3155
f 2764/3403/3156 2705/3401/3156 2766/3404/3156
f 2764/3403/3157 2766/3404/3157 2765/3170/3157
f 2766/3404/3158 2767/3405/3158 2765/3170/3158
f 2766/3404/3159 2705/3401/3159 2767/3405/3159
f 2767/3405/3160 2705/3401/3160 2770/3406/3160
f 2767/3405/3161 2770/3406/3161 2769/3172/3161
f 2769/3172/3162 2770/3406/3162 2772/3407/3162
f 2769/3172/3163 2772/3407/3163 2771/3408/3163
f 2773/3409/3164 2771/3408/3164 2772/3407/3164
f 2772/3407/3165 2774/3410/3165 2773/3409/3165
f 2773/3409/3166 2774/3410/3166 2730/3180/3166
f 2772/3407/3167 2703/3186/3167 2774/3410/3167
f 2731/3173/3168 2771/3408/3168 2773/3409/3168
f 2772/3407/3169 2770/3406/3169 2703/3186/3169
f 2770/3406/3170 2704/3411/3170 2703/3186/3170
f 2704/3411/3171 2700/3412/3171 2703/3186/3171
f 2696/3413/3172 2700/3412/3172 2704/3411/3172
f 2705/3401/3173 2696/3413/3173 2704/3411/3173
f 2694/3414/3174 2700/3412/3174 2696/3413/3174
f 2693/3400/3175 2694/3414/3175 2696/3413/3175
f 2693/3400/3176 1915/3415/3176 2694/3414/3176
f 2694/3414/3177 1915/3415/3177 2695/3416/3177
f 2695/3416/3178 1915/3415/3178 1914/3417/3178
f 2695/3416/3179 1914/3417/3179 2697/3418/3179
f 2697/3418/3180 2699/3189/3180 2695/3416/3180
f 2700/3412/3181 2695/3416/3181 2699/3189/3181
f 2697/3418/3182 1914/3417/3182 1910/3419/3182
f 2697/3418/3183 1910/3419/3183 2698/3190/3183
f 1912/3420/3184 2698/3191/3184 1910/3421/3184
f 1910/3422/3185 1911/3423/3185 1912/3424/3185
f 1911/3425/3186 2861/3426/3186 1912/3420/3186
f 2861/3426/3187 2863/3427/3187 1912/3420/3187
f 1912/3420/3188 2863/3427/3188 2711/3196/3188
f 2861/3426/3189 2862/3428/3189 2863/3427/3189
f 3441/3429/3190 2863/3427/3190 2862/3428/3190
f 3441/3429/3190 2862/3428/3190 3442/3430/3190
f 3444/3431/3191 3445/3432/3191 2716/3200/3191
f 3444/3431/3192 2716/3200/3192 2863/3427/3192
f 3444/3431/3193 2863/3427/3193 3443/3433/3193
f 3577/3434/3194 3442/3430/3194 2862/3428/3194
f 3576/3435/3195 3577/3434/3195 2862/3428/3195
f 3576/3435/3196 2862/3428/3196 2860/3436/3196
f 3576/3435/3196 2860/3436/3196 3575/3437/3196
f 3575/3437/3197 2859/3438/3197 3574/3439/3197
f 3573/3440/3198 3574/3439/3198 2859/3438/3198
f 3573/3440/3199 2859/3438/3199 1904/3441/3199
f 3573/3440/3199 1904/3441/3199 3470/3442/3199
f 4795/3443/3200 1939/3444/3200 4796/3445/3200
f 4788/3446/3201 4796/3445/3201 1939/3444/3201
f 4788/3446/3202 1939/3444/3202 1935/3447/3202
f 4788/3446/3202 1935/3447/3202 4789/3448/3202
f 4789/3448/3203 1935/3447/3203 1940/3449/3203
f 4789/3448/3203 1940/3449/3203 4790/3450/3203
f 4812/3451/3204 2719/3217/3204 4754/3452/3204
f 4753/3453/3205 4754/3452/3205 2719/3217/3205
f 4753/3453/3206 2719/3217/3206 3446/3454/3206
f 3440/3455/3207 3446/3454/3207 2719/3217/3207
f 4758/3456/3208 4759/3457/3208 1940/3449/3208
f 4758/3456/3209 1940/3449/3209 1942/3458/3209
f 4758/3456/3209 1942/3458/3209 4760/3459/3209
f 4760/3459/3210 1942/3458/3210 1941/3460/3210
f 4760/3459/3210 1941/3460/3210 4810/3461/3210
f 4811/3462/3211 2720/3218/3211 4812/3451/3211
f 4811/3462/3211 1941/3463/3211 2720/3218/3211
f 4811/3464/3212 4810/3461/3212 1941/3460/3212
f 2723/3223/3213 1941/3463/3213 1942/3465/3213
f 2737/3466/3214 2723/3223/3214 1942/3465/3214
f 2737/3466/3215 1942/3465/3215 2739/3467/3215
f 2737/3466/3216 2739/3467/3216 2741/3468/3216
f 2737/3466/3217 2741/3468/3217 2740/3226/3217
f 2741/3468/3218 2742/3469/3218 2740/3226/3218
f 2741/3468/3219 1946/3470/3219 2742/3469/3219
f 2742/3469/3220 1946/3470/3220 1947/3471/3220
f 2743/3228/3221 2742/3469/3221 1947/3471/3221
f 2748/3472/3222 2743/3228/3222 1947/3471/3222
f 2748/3472/3223 1947/3471/3223 1951/3473/3223
f 2748/3472/3224 1951/3473/3224 2752/3240/3224
f 2752/3240/3225 1951/3473/3225 1956/3474/3225
f 2752/3240/3226 1956/3474/3226 1965/3475/3226
f 2752/3240/3227 1965/3475/3227 2754/3248/3227
f 1956/3476/3228 1964/3477/3228 1965/3478/3228
f 1965/3478/3229 1964/3477/3229 1652/3479/3229
f 3772/3480/3230 1652/3479/3230 1964/3477/3230
f 3772/3480/3230 1964/3477/3230 3773/3481/3230
f 3770/3482/3231 3771/3483/3231 1651/3252/3231
f 3771/3483/3232 3781/3484/3232 1651/3252/3232
f 3780/3485/3233 1651/3252/3233 3781/3484/3233
f 3776/3486/3234 1659/3487/3234 3774/3488/3234
f 3774/3489/3235 1659/3490/3235 1657/3491/3235
f 3774/3489/3235 1657/3491/3235 3775/3492/3235
f 3782/3493/3236 3775/3492/3236 1657/3491/3236
f 3782/3493/3237 1657/3491/3237 1656/3494/3237
f 3782/3493/3237 1656/3494/3237 3779/3495/3237
f 3778/3496/3238 1654/3497/3238 3780/3485/3238
f 3778/3496/3238 1656/3494/3238 1654/3497/3238
f 2778/3498/3239 1654/3257/3239 1656/3499/3239
f 2778/3498/3240 1656/3499/3240 1658/3500/3240
f 4761/3501/3241 2778/3498/3241 1658/3500/3241
f 4761/3501/3242 1658/3500/3242 4762/3502/3242
f 4762/3502/3243 1660/3503/3243 4806/3504/3243
f 4804/3505/3244 4806/3504/3244 1660/3503/3244
f 4804/3506/3245 1660/3507/3245 2156/3508/3245
f 4804/3506/3245 2156/3508/3245 4805/3509/3245
f 4783/3510/3246 2783/3262/3246 4771/3511/3246
f 4770/3512/3247 4771/3511/3247 2783/3262/3247
f 4770/3512/3248 2783/3262/3248 2782/3513/3248
f 4770/3512/3248 2782/3513/3248 4769/3514/3248
f 4767/3515/3249 4768/3516/3249 2782/3513/3249
f 4767/3515/3250 2782/3513/3250 2781/3260/3250
f 4767/3515/3250 2781/3260/3250 4766/3517/3250
f 4766/3517/3251 2781/3260/3251 2780/3518/3251
f 4766/3517/3251 2780/3518/3251 4765/3519/3251
f 4763/3520/3252 4764/3521/3252 2780/3518/3252
f 4763/3520/3253 2780/3518/3253 2778/3498/3253
f 2778/3498/3254 2780/3518/3254 2779/3259/3254
f 4764/3521/3255 4765/3519/3255 2780/3518/3255
f 4768/3516/3256 4769/3514/3256 2782/3513/3256
f 4783/3510/3246 2787/3522/3246 2783/3262/3246
f 4783/3510/3257 4782/3523/3257 2787/3522/3257
f 4782/3523/3258 4781/3524/3258 2787/3522/3258
f 4780/3525/3259 2787/3522/3259 4781/3524/3259
f 4779/3526/3260 2789/3266/3260 4780/3525/3260
f 4779/3526/3260 2790/3527/3260 2789/3266/3260
f 4779/3526/3261 4777/3528/3261 2790/3527/3261
f 4777/3528/3262 4778/3529/3262 2790/3527/3262
f 4746/3530/3263 2790/3527/3263 4778/3529/3263
f 4750/3531/3264 4775/3532/3264 2810/3327/3264
f 4775/3532/3265 4776/3533/3265 2810/3327/3265
f 4772/3534/3266 2810/3327/3266 4776/3533/3266
f 4772/3534/3267 4773/3535/3267 2812/3329/3267
f 4773/3535/3268 4774/3536/3268 2812/3329/3268
f 4809/3537/3269 2812/3329/3269 4774/3536/3269
f 4809/3537/3270 4784/3538/3270 2160/3330/3270
f 4784/3538/3271 4785/3539/3271 2160/3330/3271
f 4786/3540/3272 2160/3331/3272 4785/3541/3272
f 4787/3542/3273 2159/3543/3273 4786/3540/3273
f 4787/3542/3273 2157/3544/3273 2159/3543/3273
f 2159/3543/3274 2157/3544/3274 2158/3335/3274
f 2157/3544/3275 2151/3545/3275 2158/3335/3275
f 2158/3335/3276 2151/3545/3276 2150/3546/3276
f 2151/3545/3277 2146/3547/3277 2150/3546/3277
f 2146/3547/3278 2149/3337/3278 2150/3546/3278
f 2146/3547/3279 2147/3548/3279 2149/3337/3279
f 2144/3549/3280 2147/3548/3280 2146/3547/3280
f 3785/3550/3281 2144/3549/3281 2146/3547/3281
f 3785/3550/3281 2146/3547/3281 3784/3551/3281
f 3787/3552/3282 2144/3549/3282 3786/3553/3282
f 3787/3552/3282 2048/3554/3282 2144/3549/3282
f 2144/3549/3283 2048/3554/3283 2145/3555/3283
f 2145/3555/3284 2048/3554/3284 2046/3556/3284
f 2147/3548/3285 2145/3555/3285 2046/3556/3285
f 2147/3548/3286 2046/3556/3286 2148/3338/3286
f 2148/3338/3287 2046/3556/3287 2047/3557/3287
f 2046/3558/3288 2044/3559/3288 2047/3560/3288
f 2334/3561/3289 2047/3562/3289 2044/3563/3289
f 2335/3564/3290 2334/3561/3290 2044/3563/3290
f 2335/3564/3291 2044/3563/3291 2336/3565/3291
f 2336/3565/3292 2337/3566/3292 2335/3564/3292
f 2338/3567/3293 2335/3564/3293 2337/3566/3293
f 2337/3566/3294 2339/3568/3294 2338/3567/3294
f 2340/3569/3295 2338/3567/3295 2339/3568/3295
f 2341/3570/3296 2340/3569/3296 2339/3568/3296
f 2339/3568/3297 2342/3571/3297 2341/3570/3297
f 2341/3570/3298 2342/3571/3298 1883/3572/3298
f 2332/3573/3299 2341/3570/3299 1883/3572/3299
f 1885/3574/3300 2332/3573/3300 1883/3572/3300
f 1883/3575/3301 1884/3576/3301 1885/3577/3301
f 1884/3576/3302 1886/1540/3302 1885/3577/3302
f 1881/3578/3303 1886/1540/3303 1884/3576/3303
f 1881/3578/3304 1880/3579/3304 1886/1540/3304
f 1879/3580/3305 1880/3579/3305 1881/3578/3305
f 1879/3580/3306 1881/3578/3306 1882/3581/3306
f 1882/3582/3307 2039/3583/3307 1879/3584/3307
f 1879/3584/3308 2039/3583/3308 1878/3585/3308
f 1878/3586/3309 1869/3587/3309 1879/3580/3309
f 1878/3586/3310 1873/3588/3310 1869/3587/3310
f 1873/3588/3311 1867/3589/3311 1869/3587/3311
f 1867/3589/3312 1866/3590/3312 1869/3587/3312
f 1869/3587/3313 1866/3590/3313 1868/1542/3313
f 1880/3579/3314 1869/3587/3314 1868/1542/3314
f 1857/1548/3315 1866/3590/3315 1867/3589/3315
f 1857/1548/3316 1867/3589/3316 1858/3591/3316
f 1858/3591/3317 1867/3589/3317 1871/3592/3317
f 1858/3591/3318 1871/3592/3318 1872/3593/3318
f 1872/1593/3319 1991/1588/3319 1858/3594/3319
f 1858/3594/3320 1991/1588/3320 1856/1554/3320
f 3722/3595/3321 1856/1554/3321 1991/1588/3321
f 3718/3596/3322 1856/1554/3322 3722/3595/3322
f 3718/3596/3323 3719/3597/3323 1986/1555/3323
f 3719/3598/3324 3714/3599/3324 1986/1559/3324
f 3735/3600/3325 3734/3601/3325 1987/3602/3325
f 3735/3600/3326 1987/3602/3326 1985/1563/3326
f 1602/1581/3327 1985/1563/3327 1987/3602/3327
f 3733/1585/3328 1987/3602/3328 3734/3601/3328
f 1872/3593/3329 1871/3592/3329 1874/3603/3329
f 1872/3593/3330 1874/3603/3330 1875/3604/3330
f 1875/3604/3331 1874/3603/3331 1876/3605/3331
f 1875/3604/3332 1876/3605/3332 1877/3606/3332
f 2038/3607/3333 1877/3608/3333 1876/3609/3333
f 2038/3607/3334 1876/3609/3334 1878/3610/3334
f 2038/3607/3335 1989/3611/3335 1877/3608/3335
f 2037/3612/3336 1989/3611/3336 2038/3607/3336
f 2038/3607/3337 2039/3613/3337 2037/3612/3337
f 2037/3612/3338 2039/3613/3338 2040/3614/3338
f 2037/3612/3339 2040/3614/3339 2036/3615/3339
f 2033/3616/3340 2037/3612/3340 2036/3615/3340
f 2034/3617/3341 2033/3616/3341 2036/3615/3341
f 2034/3617/3342 2036/3615/3342 2035/3618/3342
f 3726/3619/3343 2034/3617/3343 2035/3618/3343
f 3726/3619/3343 2035/3618/3343 3727/3620/3343
f 3742/3621/3344 3743/3622/3344 2033/3616/3344
f 3743/3622/3345 3744/3623/3345 2033/3616/3345
f 3744/3623/3346 3745/3624/3346 2033/3616/3346
f 3746/3625/3347 2033/3616/3347 3745/3624/3347
f 3746/3626/3348 3747/3627/3348 1989/1597/3348
f 3746/3625/3347 1989/3611/3347 2033/3616/3347
f 3750/3628/3349 3748/3629/3349 1611/3630/3349
f 3750/3628/3350 1611/3630/3350 1609/3631/3350
f 3750/3628/3350 1609/3631/3350 3751/3632/3350
f 3752/3633/3351 3751/3632/3351 1609/3631/3351
f 3752/3633/3352 1609/3631/3352 1607/3634/3352
f 3752/3633/3352 1607/3634/3352 3754/3635/3352
f 3753/3636/3353 1606/3637/3353 3755/3638/3353
f 3756/3639/3354 3755/3638/3354 1606/3637/3354
f 3756/3639/3355 1606/3637/3355 1594/3640/3355
f 3756/3639/3355 1594/3640/3355 3757/3641/3355
f 3757/3641/3356 1594/3640/3356 1593/3642/3356
f 1036/3643/3357 1593/3642/3357 1594/3640/3357
f 1036/3643/3358 1594/3640/3358 1039/3644/3358
f 1038/3645/3359 1036/3646/3359 1039/3647/3359
f 1038/3645/3360 1039/3647/3360 1041/3648/3360
f 1038/3645/3361 1041/3648/3361 1040/1629/3361
f 1041/3648/3362 1039/3647/3362 1042/3649/3362
f 1043/1631/3363 1041/3648/3363 1042/3649/3363
f 1048/3650/3364 1043/1631/3364 1042/3649/3364
f 1048/3650/3365 1042/3649/3365 1049/3651/3365
f 1049/3652/3366 1051/3653/3366 1048/3654/3366
f 1050/3655/3367 1048/3650/3367 1051/3656/3367
f 1615/3657/3368 1050/3658/3368 1051/3653/3368
f 1615/3657/3369 1051/3653/3369 1616/3659/3369
f 1615/3657/3370 1616/3659/3370 1617/3660/3370
f 1615/3657/3371 1617/3660/3371 1618/3661/3371
f 1735/3662/3372 1615/3663/3372 1618/3664/3372
f 1735/3662/3373 1618/3664/3373 1737/3665/3373
f 1735/3662/3374 1737/3665/3374 1738/3666/3374
f 1735/3662/3375 1738/3666/3375 1740/3667/3375
f 1735/3662/3376 1740/3667/3376 1736/3668/3376
f 1056/3669/3377 1735/3662/3377 1736/3668/3377
f 1740/3667/3378 1785/3670/3378 1736/3668/3378
f 1785/3670/3379 1784/3671/3379 1736/3668/3379
f 1784/3671/3380 1783/3672/3380 1736/3668/3380
f 1783/3672/3381 1124/3673/3381 1736/3668/3381
f 1057/3674/3382 1736/3668/3382 1124/3673/3382
f 1127/3675/3383 1124/3673/3383 1783/3672/3383
f 1787/3676/3384 1127/3677/3384 1783/3678/3384
f 1787/3676/3385 1783/3678/3385 1788/3679/3385
f 1787/3676/3386 1788/3679/3386 1786/3680/3386
f 1786/3680/3387 1126/3681/3387 1787/3676/3387
f 1592/3682/3388 1126/3681/3388 1786/3680/3388
f 1786/3680/3389 1800/3683/3389 1592/3682/3389
f 1592/3682/3390 1800/3683/3390 1590/3684/3390
f 1590/3685/3391 1128/3686/3391 1592/3687/3391
f 1590/3685/3392 1132/3688/3392 1128/3686/3392
f 1588/3689/3393 1132/3688/3393 1590/3685/3393
f 1589/3690/3394 1588/3689/3394 1590/3685/3394
f 1586/3691/3395 1588/3689/3395 1589/3690/3395
f 1589/3692/3396 1807/3693/3396 1586/3694/3396
f 1586/3694/3397 1807/3693/3397 1809/3695/3397
f 1586/3694/3398 1809/3695/3398 1584/3696/3398
f 1584/3697/3399 1585/3698/3399 1586/3691/3399
f 1586/3691/3400 1585/3698/3400 1581/3699/3400
f 1586/3691/3401 1581/3699/3401 1587/3700/3401
f 1587/3700/3402 1581/3699/3402 1582/3701/3402
f 1587/3700/3403 1582/3701/3403 1591/3702/3403
f 1587/3700/3404 1591/3702/3404 1588/3689/3404
f 1591/3702/3405 1582/3701/3405 1578/3703/3405
f 1591/3702/3406 1578/3703/3406 1132/3688/3406
f 1578/3703/3407 1133/3704/3407 1132/3688/3407
f 1131/1650/3408 1132/3705/3408 1133/3706/3408
f 1578/3703/3409 1262/3707/3409 1133/3704/3409
f 1262/3708/3410 1136/3709/3410 1133/3710/3410
f 1134/1651/3411 1133/3706/3411 1136/3711/3411
f 1137/3712/3412 1134/1651/3412 1136/3711/3412
f 1136/3709/3413 1264/3713/3413 1137/3714/3413
f 1137/3714/3414 1264/3713/3414 1148/3715/3414
f 1148/3716/3415 1146/3717/3415 1137/3718/3415
f 1137/3718/3416 1146/3717/3416 1135/1653/3416
f 1148/3716/3417 785/3719/3417 1146/3717/3417
f 787/3720/3418 1146/3717/3418 785/3719/3418
f 785/3721/3419 786/3722/3419 787/3723/3419
f 787/3723/3420 786/3722/3420 788/3724/3420
f 788/3725/3421 911/3726/3421 787/3720/3421
f 787/3720/3422 911/3726/3422 1145/3727/3422
f 1145/3727/3423 911/3726/3423 1147/3728/3423
f 1151/3729/3424 1145/3727/3424 1147/3728/3424
f 1151/3729/3425 1147/3728/3425 1149/3730/3425
f 1162/3731/3426 1151/3729/3426 1149/3730/3426
f 1182/3732/3427 1162/3731/3427 1149/3730/3427
f 1182/3732/3428 1149/3730/3428 1154/3733/3428
f 1182/3732/3429 1154/3733/3429 1183/3734/3429
f 1184/3735/3430 1182/3732/3430 1183/3734/3430
f 1183/3734/3431 1157/3736/3431 1184/3735/3431
f 1184/3735/3432 1157/3736/3432 1179/3737/3432
f 1181/3738/3433 1184/3735/3433 1179/3737/3433
f 1179/3737/3434 1162/3731/3434 1181/3738/3434
f 1179/3737/3435 1175/3739/3435 1162/3731/3435
f 1175/3739/3436 1164/3740/3436 1162/3731/3436
f 1164/3740/3437 1160/3741/3437 1162/3731/3437
f 1163/3742/3438 1160/3741/3438 1164/3740/3438
f 1167/3743/3439 1163/3742/3439 1164/3740/3439
f 1174/3744/3440 1167/3743/3440 1164/3740/3440
f 851/3745/3441 1174/3744/3441 1164/3740/3441
f 848/3746/3442 1174/3744/3442 851/3745/3442
f 851/3747/3443 852/3748/3443 848/3749/3443
f 848/3749/3444 852/3748/3444 850/3750/3444
f 846/3751/3445 848/3749/3445 850/3750/3445
f 846/3751/3446 850/3750/3446 849/3752/3446
f 845/3753/3447 846/3751/3447 849/3752/3447
f 845/3753/3448 849/3752/3448 841/3754/3448
f 842/3755/3449 845/3753/3449 841/3754/3449
f 837/3756/3450 842/3755/3450 841/3754/3450
f 831/1677/3451 837/3756/3451 841/3754/3451
f 841/3754/3452 863/3757/3452 831/1677/3452
f 831/1677/3453 863/3757/3453 840/3758/3453
f 863/3757/3454 864/3759/3454 840/3758/3454
f 840/3758/3455 864/3759/3455 865/3760/3455
f 840/3758/3456 865/3760/3456 460/3761/3456
f 829/1679/3457 840/3758/3457 460/3761/3457
f 460/3761/3458 865/3760/3458 867/3762/3458
f 460/3761/3459 867/3762/3459 456/3763/3459
f 456/3764/3460 459/3765/3460 460/3766/3460
f 460/3766/3461 459/3765/3461 461/3767/3461
f 461/3768/3462 823/1682/3462 460/3761/3462
f 810/3769/3463 823/1682/3463 461/3768/3463
f 462/3770/3464 810/3771/3464 461/3772/3464
f 810/3771/3465 462/3770/3465 801/3773/3465
f 801/3773/3466 811/3774/3466 810/3771/3466
f 811/3774/3467 815/3775/3467 810/3771/3467
f 810/3771/3468 815/3775/3468 817/3776/3468
f 817/3776/3469 819/3777/3469 810/3771/3469
f 810/3771/3470 819/3777/3470 822/1684/3470
f 817/3776/3471 818/3778/3471 819/3777/3471
f 819/3777/3472 818/3778/3472 816/1689/3472
f 817/3776/3473 816/1689/3473 818/3778/3473
f 817/3776/3474 815/3775/3474 816/1689/3474
f 815/3775/3475 813/3779/3475 816/1689/3475
f 815/3775/3476 812/3780/3476 813/3779/3476
f 812/3780/3477 809/3781/3477 813/3779/3477
f 813/3779/3478 809/3781/3478 814/3782/3478
f 825/1694/3479 813/3783/3479 814/3784/3479
f 902/1697/3480 814/3784/3480 809/3785/3480
f 807/3786/3481 809/3781/3481 812/3780/3481
f 807/3786/3482 812/3780/3482 811/3774/3482
f 808/3787/3483 809/3781/3483 807/3786/3483
f 808/3788/3484 807/3789/3484 806/3790/3484
f 808/3788/3485 806/3790/3485 910/3791/3485
f 909/3792/3486 808/1698/3486 910/3793/3486
f 909/3792/3487 910/3793/3487 911/3794/3487
f 909/3792/3488 911/3794/3488 790/3795/3488
f 909/3792/3489 790/3795/3489 789/3796/3489
f 909/3792/3490 789/3796/3490 792/1702/3490
f 789/3797/3491 791/1711/3491 792/3798/3491
f 788/3724/3492 789/3797/3492 790/3799/3492
f 788/3724/3493 781/3800/3493 789/3797/3493
f 789/3797/3494 781/3800/3494 750/1712/3494
f 781/3800/3495 749/3801/3495 750/1712/3495
f 749/3802/3496 748/3803/3496 750/3804/3496
f 752/3805/3497 750/3804/3497 748/3803/3497
f 4155/3806/3498 752/3805/3498 748/3803/3498
f 4155/3806/3498 748/3803/3498 4156/3807/3498
f 4171/3808/3499 4159/3809/3499 748/3803/3499
f 4170/3810/3500 4171/3808/3500 748/3803/3500
f 4172/3811/3501 4170/3810/3501 748/3803/3501
f 4172/3811/3502 749/3802/3502 4178/3812/3502
f 4178/3813/3503 781/3800/3503 4176/3814/3503
f 4176/3814/3504 781/3800/3504 782/3815/3504
f 4176/3814/3504 782/3815/3504 4175/3816/3504
f 4173/3817/3505 4174/3818/3505 753/3819/3505
f 4173/3817/3506 753/3819/3506 754/3820/3506
f 4173/3817/3506 754/3820/3506 4169/3821/3506
f 4164/3822/3507 757/3823/3507 4163/3824/3507
f 4163/3824/3508 757/3823/3508 758/3825/3508
f 4163/3824/3508 758/3825/3508 4162/3826/3508
f 4161/3827/3509 4162/3826/3509 758/3825/3509
f 4160/3828/3510 4161/3827/3510 758/3825/3510
f 4160/3828/3511 758/3825/3511 757/3823/3511
f 4160/3828/3511 757/3823/3511 4177/3829/3511
f 4145/3830/3512 773/3831/3512 4143/3832/3512
f 4143/3832/3513 773/3831/3513 774/3833/3513
f 4143/3832/3513 774/3833/3513 4144/3834/3513
f 4246/3835/3514 4144/3834/3514 774/3833/3514
f 4246/3835/3515 774/3833/3515 752/3805/3515
f 752/3805/3516 774/3833/3516 775/3836/3516
f 795/3837/3517 752/3838/3517 775/3839/3517
f 796/3840/3518 795/3837/3518 775/3839/3518
f 796/3840/3519 775/3839/3519 778/3841/3519
f 796/3840/3520 778/3841/3520 797/3842/3520
f 794/1714/3521 796/3840/3521 797/3842/3521
f 794/1715/3522 797/3843/3522 1100/3844/3522
f 1100/3844/3523 797/3843/3523 1102/1718/3523
f 1102/1718/3524 797/3843/3524 1104/3845/3524
f 1102/1718/3525 1104/3845/3525 1106/3846/3525
f 1106/3846/3526 1104/3845/3526 1105/3847/3526
f 1106/3846/3527 1105/3847/3527 1108/1720/3527
f 1104/3845/3528 928/3848/3528 1105/3847/3528
f 1105/3847/3529 928/3848/3529 931/1722/3529
f 1104/3845/3530 797/3843/3530 928/3848/3530
f 778/3849/3531 928/3850/3531 797/3851/3531
f 928/3850/3532 778/3849/3532 929/3852/3532
f 928/3850/3533 929/3852/3533 930/1724/3533
f 929/3852/3534 778/3849/3534 777/3853/3534
f 929/3852/3535 777/3853/3535 780/3854/3535
f 933/1727/3536 929/3852/3536 780/3854/3536
f 940/3855/3537 933/1727/3537 780/3854/3537
f 940/3855/3538 780/3854/3538 939/1731/3538
f 780/3854/3539 938/3856/3539 939/1731/3539
f 780/3854/3540 770/3857/3540 938/3856/3540
f 764/3858/3541 938/3859/3541 770/3860/3541
f 769/3861/3542 764/3862/3542 770/3863/3542
f 769/3861/3543 770/3863/3543 772/3864/3543
f 776/3865/3544 769/3861/3544 772/3864/3544
f 777/3866/3545 776/3865/3545 772/3864/3545
f 777/3866/3546 772/3864/3546 779/3867/3546
f 779/3867/3547 772/3864/3547 780/3868/3547
f 775/3836/3548 776/3865/3548 777/3866/3548
f 776/3865/3549 773/3831/3549 769/3861/3549
f 771/3869/3550 769/3861/3550 773/3831/3550
f 771/3869/3551 766/3870/3551 769/3861/3551
f 768/3871/3552 766/3870/3552 771/3869/3552
f 4147/3872/3553 768/3871/3553 771/3869/3553
f 4147/3872/3553 771/3869/3553 4146/3873/3553
f 4148/3874/3554 4149/3875/3554 767/3876/3554
f 4148/3874/3555 767/3876/3555 768/3871/3555
f 4154/3877/3556 767/3876/3556 4149/3875/3556
f 4154/3877/3556 765/3878/3556 767/3876/3556
f 767/3876/3557 765/3878/3557 766/3870/3557
f 762/3879/3558 766/3870/3558 765/3878/3558
f 761/3880/3559 762/3879/3559 765/3878/3559
f 4153/3881/3560 761/3880/3560 765/3878/3560
f 4152/3882/3561 761/3880/3561 4153/3881/3561
f 4150/3883/3562 760/3884/3562 4152/3882/3562
f 4150/3883/3562 759/3885/3562 760/3884/3562
f 1235/3886/3563 760/3887/3563 759/3888/3563
f 1260/3889/3564 1235/3886/3564 759/3888/3564
f 1264/3713/3565 1260/3889/3565 759/3888/3565
f 1264/3713/3566 759/3888/3566 757/3890/3566
f 1264/3713/3567 757/3890/3567 1265/3891/3567
f 1265/3891/3568 757/3890/3568 756/3892/3568
f 1265/3891/3569 756/3892/3569 1148/3715/3569
f 1148/3715/3570 756/3892/3570 784/3893/3570
f 755/3894/3571 784/3895/3571 756/3896/3571
f 4167/3897/3572 755/3898/3572 756/3899/3572
f 4167/3897/3572 756/3899/3572 4164/3822/3572
f 4165/3900/3573 755/3898/3573 4166/3901/3573
f 4165/3900/3573 754/3820/3573 755/3898/3573
f 754/3902/3574 783/3903/3574 755/3904/3574
f 4165/3900/3575 4168/3905/3575 754/3820/3575
f 4167/3897/3576 4166/3901/3576 755/3898/3576
f 755/3904/3577 783/3903/3577 784/3906/3577
f 784/3906/3578 783/3903/3578 785/3721/3578
f 1259/3907/3579 1235/3886/3579 1260/3889/3579
f 1261/3908/3580 1259/3907/3580 1260/3889/3580
f 1136/3709/3581 1261/3908/3581 1260/3889/3581
f 1254/3909/3582 1259/3907/3582 1261/3908/3582
f 1254/3909/3583 1261/3908/3583 1262/3708/3583
f 1254/3909/3584 1262/3708/3584 1251/3910/3584
f 1251/3910/3585 1252/3911/3585 1254/3909/3585
f 1252/3911/3586 1255/3912/3586 1254/3909/3586
f 1255/3912/3587 1258/3913/3587 1254/3909/3587
f 1255/3912/3588 1253/3914/3588 1258/3913/3588
f 1258/3913/3589 1253/3914/3589 1257/3915/3589
f 1258/3913/3590 1257/3915/3590 1235/3886/3590
f 1256/3916/3591 1235/3886/3591 1257/3915/3591
f 1256/3916/3592 1233/3917/3592 1235/3886/3592
f 1256/3916/3593 1237/3918/3593 1233/3917/3593
f 1236/3919/3594 1233/3917/3594 1237/3918/3594
f 1239/3920/3595 1236/3919/3595 1237/3918/3595
f 1245/3921/3596 1239/3920/3596 1237/3918/3596
f 1253/3914/3597 1245/3921/3597 1237/3918/3597
f 1252/3911/3598 1245/3921/3598 1253/3914/3598
f 1249/3922/3599 1245/3921/3599 1252/3911/3599
f 1249/3922/3600 1246/3923/3600 1245/3921/3600
f 1244/1756/3601 1245/3921/3601 1246/3923/3601
f 1244/1756/3602 1246/3923/3602 1247/3924/3602
f 1247/3925/3603 1579/3926/3603 1244/3927/3603
f 1244/3927/3604 1579/3926/3604 1569/3928/3604
f 1569/3929/3605 1571/1760/3605 1244/1757/3605
f 1567/3930/3606 1571/1760/3606 1569/3929/3606
f 1565/3931/3607 1567/3930/3607 1569/3929/3607
f 1565/3931/3608 1569/3929/3608 1570/3932/3608
f 1570/3933/3609 1516/3934/3609 1565/3935/3609
f 1565/3935/3610 1516/3934/3610 1515/3936/3610
f 1515/3937/3611 1564/3938/3611 1565/3931/3611
f 1512/3939/3612 1564/3938/3612 1515/3937/3612
f 1514/3940/3613 1512/3941/3613 1515/3942/3613
f 1513/3943/3614 1512/3941/3614 1514/3940/3614
f 1514/3940/3615 1518/3944/3615 1513/3943/3615
f 1518/3944/3616 1527/3945/3616 1513/3943/3616
f 1513/3943/3617 1527/3945/3617 1531/3946/3617
f 1513/3943/3618 1531/3946/3618 1489/3947/3618
f 1492/1875/3619 1513/3943/3619 1489/3947/3619
f 1490/3948/3620 1492/1875/3620 1489/3947/3620
f 1480/3949/3621 1490/3948/3621 1489/3947/3621
f 1488/3950/3622 1480/3949/3622 1489/3947/3622
f 1496/3951/3623 1488/3950/3623 1489/3947/3623
f 1488/3950/3624 1496/3951/3624 1487/3952/3624
f 1486/3953/3625 1488/3950/3625 1487/3952/3625
f 1485/3954/3626 1486/3953/3626 1487/3952/3626
f 1487/3952/3627 1538/3955/3627 1485/3954/3627
f 1538/3955/3628 1539/3956/3628 1485/3954/3628
f 1485/3957/3629 1539/3958/3629 2446/1513/3629
f 1485/3957/3630 2446/1513/3630 1483/3959/3630
f 1483/3960/3631 1481/3961/3631 1485/3954/3631
f 1482/3962/3632 1481/3961/3632 1483/3960/3632
f 2590/2893/3633 1482/3963/3633 1483/3959/3633
f 2589/2159/3634 1482/2157/3634 2590/2895/3634
f 1479/3964/3635 1481/3961/3635 1482/3962/3635
f 1479/3964/3636 1477/3965/3636 1481/3961/3636
f 1481/3961/3637 1477/3965/3637 1484/3966/3637
f 1481/3961/3638 1484/3966/3638 1486/3953/3638
f 1486/3953/3639 1484/3966/3639 1480/3949/3639
f 1484/3966/3640 1477/3965/3640 1480/3949/3640
f 1477/3965/3641 1476/3967/3641 1480/3949/3641
f 1480/3949/3642 1476/3967/3642 1472/3968/3642
f 1476/3967/3643 1469/2134/3643 1472/3968/3643
f 1469/2134/3644 1468/2132/3644 1472/3968/3644
f 1472/3968/3645 1468/2132/3645 1470/3969/3645
f 1490/3948/3646 1472/3968/3646 1470/3969/3646
f 1490/3948/3647 1470/3969/3647 1491/3970/3647
f 1491/3970/3648 1470/3969/3648 1475/3971/3648
f 1491/3970/3649 1475/3971/3649 1493/1877/3649
f 1493/1877/3650 1475/3971/3650 1471/3972/3650
f 1493/1877/3651 1471/3972/3651 1497/3973/3651
f 1497/3973/3652 1471/3972/3652 1463/1891/3652
f 1497/3973/3653 1463/1891/3653 1499/1881/3653
f 1471/3972/3654 1466/2126/3654 1463/1891/3654
f 1475/3971/3655 1466/2126/3655 1471/3972/3655
f 1470/3969/3656 1466/2126/3656 1475/3971/3656
f 1467/2128/3657 1466/2126/3657 1470/3969/3657
f 1473/3974/3658 1469/2134/3658 1476/3967/3658
f 1473/3974/3659 1476/3967/3659 1477/3965/3659
f 1473/3974/3660 1477/3965/3660 1478/3975/3660
f 2586/2146/3661 1473/3976/3661 1478/3977/3661
f 2586/2146/3662 1478/3977/3662 2587/2148/3662
f 2587/2148/3663 1478/3977/3663 1479/3978/3663
f 1478/3975/3664 1477/3965/3664 1479/3964/3664
f 1483/3959/3665 2446/1513/3665 2813/2892/3665
f 1538/3955/3666 1537/3979/3666 1539/3956/3666
f 1537/3980/3667 2319/3981/3667 1539/3982/3667
f 1537/3980/3668 2318/3983/3668 2319/3981/3668
f 2319/3981/3669 2318/3983/3669 2320/1520/3669
f 1534/3984/3670 2318/3983/3670 1537/3980/3670
f 1536/3985/3671 1534/3986/3671 1537/3979/3671
f 1535/3987/3672 1534/3986/3672 1536/3985/3672
f 1535/3987/3673 1536/3985/3673 1487/3952/3673
f 1535/3987/3674 1533/3988/3674 1534/3986/3674
f 1533/3988/3675 1530/3989/3675 1534/3986/3675
f 1534/3984/3676 1530/3990/3676 2311/3991/3676
f 1534/3984/3677 2311/3991/3677 2316/3992/3677
f 2311/3991/3678 2317/3993/3678 2316/3992/3678
f 2318/3983/3679 2316/3992/3679 2317/3993/3679
f 2318/3983/3680 2317/3993/3680 2321/1521/3680
f 2311/3991/3681 2314/3994/3681 2317/3993/3681
f 2317/3993/3682 2314/3994/3682 2315/1525/3682
f 2314/3994/3683 2232/3995/3683 2315/1525/3683
f 2315/1525/3684 2232/3995/3684 2233/1530/3684
f 2232/3996/3685 2231/3997/3685 2233/1531/3685
f 2231/3997/3686 2242/3998/3686 2233/1531/3686
f 2231/3997/3687 2240/3999/3687 2242/3998/3687
f 2240/3999/3688 2243/1532/3688 2242/3998/3688
f 2234/4000/3689 2240/3999/3689 2231/3997/3689
f 2228/4001/3690 2234/4000/3690 2231/3997/3690
f 2230/4002/3691 2228/4001/3691 2231/3997/3691
f 2229/4003/3692 2228/4001/3692 2230/4002/3692
f 2310/4004/3693 2229/4005/3693 2230/4006/3693
f 2310/4004/3694 2230/4006/3694 2312/4007/3694
f 2310/4004/3695 2312/4007/3695 2313/4008/3695
f 2310/4004/3696 2313/4008/3696 2311/3991/3696
f 1526/4009/3697 2310/4004/3697 2311/3991/3697
f 1524/4010/3698 2310/4004/3698 1526/4009/3698
f 1525/4011/3699 1524/4012/3699 1526/4013/3699
f 1528/4014/3700 1525/4011/3700 1526/4013/3700
f 1528/4014/3701 1526/4013/3701 1529/4015/3701
f 1528/4014/3702 1529/4015/3702 1527/3945/3702
f 1522/4016/3703 1528/4014/3703 1527/3945/3703
f 1527/3945/3704 1529/4015/3704 1532/4017/3704
f 1532/4017/3705 1529/4015/3705 1530/3989/3705
f 1529/4015/3706 1526/4013/3706 1530/3989/3706
f 1522/4016/3707 1525/4011/3707 1528/4014/3707
f 1522/4016/3708 1524/4012/3708 1525/4011/3708
f 1522/4016/3709 1523/4018/3709 1524/4012/3709
f 1523/4019/3710 2187/4020/3710 1524/4010/3710
f 1524/4010/3711 2187/4020/3711 2309/4021/3711
f 2309/4021/3712 2187/4020/3712 2229/4005/3712
f 2229/4005/3713 2187/4020/3713 2190/4022/3713
f 2187/4023/3714 2189/4024/3714 2190/4025/3714
f 2189/4024/3715 2191/4026/3715 2190/4025/3715
f 2191/4026/3716 2193/4027/3716 2190/4025/3716
f 2193/4027/3717 2225/4028/3717 2190/4025/3717
f 2190/4025/3718 2225/4028/3718 2227/4029/3718
f 2190/4025/3719 2227/4029/3719 2228/4001/3719
f 2228/4001/3720 2227/4029/3720 2222/4030/3720
f 2227/4029/3721 2225/4028/3721 2222/4030/3721
f 2226/4031/3722 2222/4030/3722 2225/4028/3722
f 2225/4028/3723 2223/4032/3723 2226/4031/3723
f 2226/4031/3724 2223/4032/3724 2222/4030/3724
f 2223/4032/3725 2220/4033/3725 2222/4030/3725
f 2220/4033/3726 2218/4034/3726 2222/4030/3726
f 2222/4030/3727 2218/4034/3727 2224/4035/3727
f 2235/4036/3728 2222/4030/3728 2224/4035/3728
f 2235/4036/3729 2224/4035/3729 2236/4037/3729
f 2235/4036/3730 2236/4037/3730 2234/4000/3730
f 2236/4037/3731 2224/4035/3731 2237/4038/3731
f 2236/4037/3732 2237/4038/3732 2238/4039/3732
f 2236/4037/3733 2238/4039/3733 2239/4040/3733
f 2240/3999/3734 2236/4037/3734 2239/4040/3734
f 2239/4040/3735 1889/4041/3735 2240/3999/3735
f 2240/3999/3736 1889/4041/3736 1890/1536/3736
f 2241/4042/3737 1889/4041/3737 2239/4040/3737
f 2555/4043/3738 2241/4044/3738 2239/4045/3738
f 2549/4046/3739 2241/4044/3739 2555/4043/3739
f 2549/4046/3740 2555/4043/3740 2554/4047/3740
f 2552/4048/3741 2549/4046/3741 2554/4047/3741
f 2552/4048/3742 2554/4047/3742 2553/4049/3742
f 2550/4050/3743 2552/4048/3743 2553/4049/3743
f 2550/4050/3744 2553/4049/3744 2551/4051/3744
f 2363/4052/3745 2550/4050/3745 2551/4051/3745
f 2551/4051/3746 2379/4053/3746 2363/4052/3746
f 2363/4052/3747 2379/4053/3747 2364/4054/3747
f 2362/4055/3748 2363/4056/3748 2364/4057/3748
f 2365/4058/3749 2362/4055/3749 2364/4057/3749
f 2372/4059/3750 2365/4058/3750 2364/4057/3750
f 2378/4060/3751 2372/4059/3751 2364/4057/3751
f 2376/4061/3752 2372/4059/3752 2378/4060/3752
f 2376/4061/3753 2378/4060/3753 2377/4062/3753
f 2375/3349/3754 2376/4061/3754 2377/4062/3754
f 2377/4062/3755 2378/4060/3755 2379/4063/3755
f 2379/4053/3756 2574/4064/3756 2377/4065/3756
f 2880/3354/3757 2377/4066/3757 2574/4067/3757
f 2880/3354/3758 2574/4067/3758 2881/4068/3758
f 2573/4069/3759 2881/4070/3759 2574/4071/3759
f 2573/4069/3760 2574/4071/3760 2572/4072/3760
f 2572/4073/3761 2570/4074/3761 2573/4075/3761
f 2571/4076/3762 2573/4069/3762 2570/4077/3762
f 2570/4074/3763 2568/4078/3763 2571/4079/3763
f 2568/4080/3764 2876/4081/3764 2571/4082/3764
f 2876/4081/3765 2877/4083/3765 2571/4082/3765
f 2571/4082/3766 2877/4083/3766 2878/4084/3766
f 2878/4085/3767 2881/4068/3767 2571/4086/3767
f 2868/4087/3768 2881/4068/3768 2878/4085/3768
f 2865/3355/3769 2881/4068/3769 2868/4087/3769
f 2867/4088/3770 2865/3356/3770 2868/4089/3770
f 2867/4088/3771 2868/4089/3771 2870/4090/3771
f 2867/4088/3772 2870/4090/3772 2869/4091/3772
f 2844/4092/3773 2867/4088/3773 2869/4091/3773
f 2844/4092/3774 2869/4091/3774 2846/4093/3774
f 2844/4092/3775 2846/4093/3775 2843/4094/3775
f 2843/4095/3776 2841/4096/3776 2844/4097/3776
f 2844/4092/3777 2841/4098/3777 2357/4099/3777
f 2844/4092/3778 2357/4099/3778 2864/4100/3778
f 2864/4100/3779 2357/4099/3779 2865/3356/3779
f 2357/4101/3780 2841/4096/3780 2842/4102/3780
f 2357/4101/3781 2842/4102/3781 1757/4103/3781
f 1754/4104/3782 2357/4105/3782 1757/4106/3782
f 1756/4107/3783 1754/4108/3783 1757/4109/3783
f 1762/4110/3784 1756/4107/3784 1757/4109/3784
f 1762/4110/3785 1757/4109/3785 1763/4111/3785
f 1762/4110/3786 1763/4111/3786 1764/4112/3786
f 1765/4113/3787 1762/4110/3787 1764/4112/3787
f 1765/4113/3788 1764/4112/3788 1766/4114/3788
f 1765/4113/3789 1766/4114/3789 1768/4115/3789
f 1765/4113/3790 1768/4115/3790 1770/4116/3790
f 1765/4113/3791 1770/4116/3791 1767/4117/3791
f 1767/4117/3792 1760/4118/3792 1765/4113/3792
f 1761/4119/3793 1765/4113/3793 1760/4118/3793
f 1760/4118/3794 1756/4107/3794 1761/4119/3794
f 1755/4120/3795 1756/4107/3795 1760/4118/3795
f 1755/4120/3796 1760/4118/3796 1759/4121/3796
f 1752/4122/3797 1755/4120/3797 1759/4121/3797
f 1752/4122/3798 1759/4121/3798 1758/4123/3798
f 1758/4123/3799 1750/4124/3799 1752/4122/3799
f 1750/4124/3800 1747/4125/3800 1752/4122/3800
f 1752/4122/3801 1747/4125/3801 1751/4126/3801
f 1747/4125/3802 1749/4127/3802 1751/4126/3802
f 1751/4126/3803 1749/4127/3803 1753/4128/3803
f 1755/4120/3804 1751/4126/3804 1753/4128/3804
f 1753/4128/3805 1749/4127/3805 1754/4108/3805
f 1749/4129/3806 2358/4130/3806 1754/4131/3806
f 2356/4132/3807 1754/4104/3807 2358/4133/3807
f 2356/4132/3808 2358/4133/3808 2355/3364/3808
f 2355/3364/3809 2358/4133/3809 2359/4134/3809
f 2359/4134/3810 2358/4133/3810 2360/4135/3810
f 2361/4136/3811 2359/4134/3811 2360/4135/3811
f 2361/4136/3812 2360/4135/3812 2362/4055/3812
f 2354/3365/3813 2359/4134/3813 2361/4136/3813
f 1749/4129/3814 2360/4137/3814 2358/4130/3814
f 1748/4138/3815 2360/4137/3815 1749/4129/3815
f 1748/4138/3816 2550/4050/3816 2360/4137/3816
f 1748/4138/3817 2548/4139/3817 2550/4050/3817
f 2550/4050/3818 2548/4139/3818 2549/4046/3818
f 2548/4139/3819 2328/4140/3819 2549/4046/3819
f 2548/4139/3820 1742/4141/3820 2328/4140/3820
f 1742/4142/3821 2327/4143/3821 2328/4144/3821
f 2328/4144/3822 2327/4143/3822 2332/3573/3822
f 2328/4144/3823 2332/3573/3823 1888/4145/3823
f 2241/4044/3824 2328/4140/3824 1888/4146/3824
f 2327/4143/3825 2340/3569/3825 2332/3573/3825
f 1625/4147/3826 2327/4143/3826 1742/4142/3826
f 1625/4148/3827 1742/4149/3827 1626/4150/3827
f 1624/4151/3828 1625/4152/3828 1626/4153/3828
f 1741/4154/3829 1624/4155/3829 1626/4150/3829
f 1626/4150/3830 1743/4156/3830 1741/4154/3830
f 1745/4157/3831 1741/4154/3831 1743/4156/3831
f 1743/4156/3832 1746/4158/3832 1745/4157/3832
f 1746/4158/3833 1750/4124/3833 1745/4157/3833
f 1743/4156/3834 1744/4159/3834 1746/4158/3834
f 1746/4158/3835 1744/4159/3835 1747/4125/3835
f 1747/4125/3836 1744/4159/3836 1748/4160/3836
f 1743/4156/3837 1742/4149/3837 1744/4159/3837
f 1740/3667/3838 1741/4154/3838 1745/4157/3838
f 1739/4161/3839 1741/4154/3839 1740/3667/3839
f 1739/4161/3840 1622/4162/3840 1741/4154/3840
f 1739/4161/3841 1618/3664/3841 1622/4162/3841
f 1618/3661/3842 1620/4163/3842 1622/4164/3842
f 1622/4164/3843 1620/4163/3843 1623/4165/3843
f 1622/4164/3844 1623/4165/3844 1624/4151/3844
f 1623/4165/3845 1620/4163/3845 1628/4166/3845
f 1623/4165/3846 1628/4166/3846 1627/4167/3846
f 1625/4152/3847 1623/4165/3847 1627/4167/3847
f 1627/4167/3848 1628/4166/3848 1629/4168/3848
f 2329/4169/3849 1627/4170/3849 1629/4171/3849
f 2329/4169/3850 1629/4171/3850 2330/4172/3850
f 2329/4169/3851 2330/4172/3851 2331/4173/3851
f 2329/4169/3852 2331/4173/3852 2327/4143/3852
f 2331/4173/3853 2338/3567/3853 2327/4143/3853
f 2331/4173/3854 2330/4172/3854 2333/4174/3854
f 2333/4174/3855 2335/3564/3855 2331/4173/3855
f 2333/4174/3856 2330/4172/3856 2153/4175/3856
f 2333/4174/3857 2153/4175/3857 2047/3562/3857
f 2152/3339/3858 2047/3557/3858 2153/4176/3858
f 2330/4177/3859 2369/4178/3859 2153/4179/3859
f 2153/4179/3860 2369/4178/3860 2154/3342/3860
f 1629/4180/3861 2369/4178/3861 2330/4177/3861
f 1629/4180/3862 2368/4181/3862 2369/4178/3862
f 2369/4178/3863 2368/4181/3863 2365/4058/3863
f 2370/3343/3864 2369/4178/3864 2365/4058/3864
f 2368/4181/3865 2366/4182/3865 2365/4058/3865
f 2366/4182/3866 2361/4136/3866 2365/4058/3866
f 2351/3367/3867 2361/4136/3867 2366/4182/3867
f 2351/3367/3868 2366/4182/3868 2367/4183/3868
f 2367/4183/3869 2366/4182/3869 2368/4181/3869
f 1629/4180/3870 2367/4183/3870 2368/4181/3870
f 1631/4184/3871 2367/4183/3871 1629/4180/3871
f 1629/4168/3872 1630/4185/3872 1631/4186/3872
f 1630/4185/3873 1632/4187/3873 1631/4186/3873
f 1631/4186/3874 1632/4187/3874 1634/4188/3874
f 1631/4186/3875 1634/4188/3875 1635/4189/3875
f 2350/3369/3876 1631/4184/3876 1635/4190/3876
f 1634/4188/3877 1636/4191/3877 1635/4189/3877
f 1635/4189/3878 1636/4191/3878 1638/4192/3878
f 1635/4189/3879 1638/4192/3879 1639/4193/3879
f 1639/4193/3880 1638/4192/3880 1640/4194/3880
f 1640/4194/3881 1638/4192/3881 1641/4195/3881
f 1641/4196/3882 1966/4197/3882 1640/4198/3882
f 1640/4198/3883 1966/4197/3883 1967/3373/3883
f 1967/3373/3884 1966/4197/3884 1969/4199/3884
f 1969/4199/3885 1966/4197/3885 1968/4200/3885
f 1968/4200/3886 1970/4201/3886 1969/4199/3886
f 1970/4201/3887 1971/4202/3887 1969/4199/3887
f 1969/4199/3888 1971/4202/3888 1917/4203/3888
f 1969/4199/3889 1917/4203/3889 1918/4204/3889
f 1969/4199/3890 1918/4204/3890 1972/4205/3890
f 1969/4199/3891 1972/4205/3891 1974/3374/3891
f 1974/3374/3892 1972/4205/3892 1973/4206/3892
f 1974/3374/3893 1973/4206/3893 1977/3382/3893
f 1979/3379/3894 1974/3374/3894 1977/3382/3894
f 1977/3382/3895 1973/4206/3895 1978/4207/3895
f 1977/3382/3896 1978/4207/3896 1981/4208/3896
f 1972/4205/3897 1918/4204/3897 1973/4206/3897
f 2692/4209/3898 1973/4210/3898 1918/4211/3898
f 2693/3400/3899 2692/4209/3899 1918/4211/3899
f 2693/3400/3900 1918/4211/3900 1916/4212/3900
f 2690/3396/3901 1973/4210/3901 2692/4209/3901
f 1917/4203/3902 1916/4213/3902 1918/4204/3902
f 1913/4214/3903 1916/4213/3903 1917/4203/3903
f 1919/4215/3904 1913/4214/3904 1917/4203/3904
f 1924/4216/3905 1919/4215/3905 1917/4203/3905
f 1970/4201/3906 1924/4216/3906 1917/4203/3906
f 1970/4201/3907 1957/4217/3907 1924/4216/3907
f 1957/4217/3908 1953/4218/3908 1924/4216/3908
f 1953/4218/3909 1922/4219/3909 1924/4216/3909
f 1952/4220/3910 1922/4219/3910 1953/4218/3910
f 1954/4221/3911 1952/4220/3911 1953/4218/3911
f 1949/4222/3912 1952/4220/3912 1954/4221/3912
f 1955/4223/3913 1949/4222/3913 1954/4221/3913
f 1955/4223/3914 1954/4221/3914 1958/4224/3914
f 1955/4223/3915 1958/4224/3915 1960/4225/3915
f 1955/4223/3916 1960/4225/3916 1959/4226/3916
f 1956/3476/3917 1955/4223/3917 1959/4226/3917
f 1960/4225/3918 1962/4227/3918 1959/4226/3918
f 1962/4227/3919 1650/4228/3919 1959/4226/3919
f 3762/4229/3920 1959/4226/3920 1650/4228/3920
f 3762/4229/3921 1650/4228/3921 3766/4230/3921
f 3776/3486/3922 3777/4231/3922 2151/3545/3922
f 3783/4232/3923 2151/3545/3923 3777/4231/3923
f 3766/4233/3924 1648/4234/3924 3765/4235/3924
f 3764/4236/3925 3765/4235/3925 1648/4234/3925
f 3764/4236/3926 1648/4234/3926 1646/4237/3926
f 1647/4238/3927 1646/4237/3927 1648/4234/3927
f 1650/4228/3928 1647/4239/3928 1648/4240/3928
f 1643/4241/3929 1646/4237/3929 1647/4238/3929
f 1962/4227/3930 1643/4242/3930 1647/4239/3930
f 1962/4227/3931 1641/4196/3931 1643/4242/3931
f 1641/4195/3932 1642/4243/3932 1643/4241/3932
f 1642/4243/3933 1644/4244/3933 1643/4241/3933
f 1644/4244/3934 1645/4245/3934 1643/4241/3934
f 1644/4244/3935 1637/4246/3935 1645/4245/3935
f 1645/4245/3936 1637/4246/3936 1619/4247/3936
f 1645/4245/3937 1619/4247/3937 1614/4248/3937
f 1645/4245/3938 1614/4248/3938 1649/4249/3938
f 3769/4250/3939 1645/4245/3939 1649/4249/3939
f 3769/4250/3939 1649/4249/3939 3761/4251/3939
f 3741/4252/3940 2043/4253/3940 3740/4254/3940
f 3740/4254/3941 2043/4253/3941 2045/4255/3941
f 3740/4254/3941 2045/4255/3941 3739/4256/3941
f 3737/4257/3942 3739/4256/3942 2045/4255/3942
f 3737/4257/3943 2045/4255/3943 2048/4258/3943
f 3737/4257/3944 2048/4258/3944 3738/4259/3944
f 3788/4260/3945 3738/4259/3945 2048/4258/3945
f 2043/4253/3946 2044/3559/3946 2045/4255/3946
f 2043/4253/3947 2042/4261/3947 2044/3559/3947
f 2036/3615/3948 2042/4261/3948 2043/4253/3948
f 2036/3615/3949 2041/4262/3949 2042/4261/3949
f 2336/3565/3950 2042/4263/3950 2041/4264/3950
f 3741/4252/3940 2035/3618/3940 2043/4253/3940
f 3741/4252/3951 3728/4265/3951 2035/3618/3951
f 3759/4266/3952 1613/4267/3952 3760/4268/3952
f 3759/4266/3952 1649/4249/3952 1613/4267/3952
f 3759/4266/3953 3761/4251/3953 1649/4249/3953
f 3769/4250/3954 3768/4269/3954 1645/4245/3954
f 1649/4249/3955 1614/4248/3955 1613/4267/3955
f 1612/4270/3956 1613/4267/3956 1614/4248/3956
f 1612/4270/3957 1614/4248/3957 1051/3653/3957
f 1611/3630/3958 1613/4267/3958 1612/4270/3958
f 1612/4270/3959 1049/3652/3959 1611/3630/3959
f 1610/4271/3960 1611/3630/3960 1049/3652/3960
f 1608/4272/3961 1610/4271/3961 1049/3652/3961
f 1039/3644/3962 1608/4272/3962 1049/3652/3962
f 1608/4272/3963 1609/3631/3963 1610/4271/3963
f 3789/4273/3964 1613/4267/3964 1611/3630/3964
f 3789/4273/3964 1611/3630/3964 3749/4274/3964
f 1616/3659/3965 1614/4248/3965 1619/4247/3965
f 1621/4275/3966 1616/3659/3966 1619/4247/3966
f 1633/4276/3967 1621/4275/3967 1619/4247/3967
f 1632/4187/3968 1621/4275/3968 1633/4276/3968
f 1633/4276/3969 1619/4247/3969 1637/4246/3969
f 1633/4276/3970 1637/4246/3970 1636/4191/3970
f 1642/4243/3971 1636/4191/3971 1637/4246/3971
f 1642/4243/3972 1637/4246/3972 1644/4244/3972
f 1961/4277/3973 1641/4196/3973 1962/4227/3973
f 1961/4277/3974 1963/4278/3974 1641/4196/3974
f 1961/4277/3975 1957/4217/3975 1963/4278/3975
f 1968/4200/3976 1963/4278/3976 1957/4217/3976
f 1961/4277/3977 1958/4224/3977 1957/4217/3977
f 1643/4241/3978 1645/4245/3978 1646/4237/3978
f 3767/4279/3979 1646/4237/3979 1645/4245/3979
f 3766/4233/3924 1650/4280/3924 1648/4234/3924
f 3762/4229/3980 3763/4281/3980 1959/4226/3980
f 1962/4227/3981 1647/4239/3981 1650/4228/3981
f 1960/4225/3982 1961/4277/3982 1962/4227/3982
f 1960/4225/3983 1958/4224/3983 1961/4277/3983
f 1958/4224/3984 1954/4221/3984 1957/4217/3984
f 1951/4282/3985 1949/4222/3985 1955/4223/3985
f 1950/4283/3986 1952/4220/3986 1949/4222/3986
f 1948/4284/3987 1950/4283/3987 1949/4222/3987
f 1947/4285/3988 1948/4284/3988 1949/4222/3988
f 1947/4285/3989 1925/4286/3989 1948/4284/3989
f 1948/4284/3990 1925/4286/3990 1922/4219/3990
f 1921/4287/3991 1922/4219/3991 1925/4286/3991
f 1928/4288/3992 1921/4287/3992 1925/4286/3992
f 1946/4289/3993 1928/4288/3993 1925/4286/3993
f 1946/4289/3994 1943/4290/3994 1928/4288/3994
f 1943/4290/3995 1935/3447/3995 1928/4288/3995
f 1934/4291/3996 1928/4288/3996 1935/3447/3996
f 1938/4292/3997 1934/4291/3997 1935/3447/3997
f 1936/4293/3998 1934/4291/3998 1938/4292/3998
f 1936/4293/3999 1938/4292/3999 1937/4294/3999
f 1937/4294/4000 1932/4295/4000 1936/4293/4000
f 1936/4293/4001 1932/4295/4001 1933/4296/4001
f 1931/4297/4002 1933/4296/4002 1932/4295/4002
f 3530/4298/4003 1931/4297/4003 1932/4295/4003
f 3530/4298/4003 1932/4295/4003 3529/4299/4003
f 3482/4300/4004 1931/4297/4004 3531/4301/4004
f 3482/4300/4004 1929/4302/4004 1931/4297/4004
f 1931/4297/4005 1929/4302/4005 1930/4303/4005
f 1929/4302/4006 1923/4304/4006 1930/4303/4006
f 1930/4303/4007 1923/4304/4007 1928/4288/4007
f 1927/4305/4008 1923/4304/4008 1929/4302/4008
f 3481/4306/4009 1927/4305/4009 1929/4302/4009
f 3483/4307/4010 1927/4305/4010 3481/4306/4010
f 3483/4307/4011 3484/4308/4011 1926/4309/4011
f 3449/4310/4012 1926/4309/4012 3484/4308/4012
f 3449/4311/4013 3448/4312/4013 625/4313/4013
f 3447/4314/4014 625/4315/4014 3448/4316/4014
f 3447/4314/4015 1909/4317/4015 625/4315/4015
f 1909/4317/4016 1926/4309/4016 625/4315/4016
f 1909/4317/4017 1923/4304/4017 1926/4309/4017
f 1909/4317/4018 1921/4287/4018 1923/4304/4018
f 1908/4318/4019 1921/4287/4019 1909/4317/4019
f 626/4319/4020 1908/4318/4020 1909/4317/4020
f 3463/4320/4021 626/4319/4021 1909/4317/4021
f 3463/4321/4022 3460/4322/4022 626/4323/4022
f 3460/4324/4023 3459/4325/4023 626/4319/4023
f 3457/4326/4024 626/4319/4024 3459/4325/4024
f 3477/4327/4025 3479/4328/4025 1937/4294/4025
f 3477/4327/4026 1937/4294/4026 1939/3444/4026
f 3477/4327/4027 1939/3444/4027 3478/4329/4027
f 3480/4330/4028 1937/4294/4028 3479/4328/4028
f 3480/4330/4029 3528/4331/4029 1932/4295/4029
f 3457/4326/4030 3458/4332/4030 1905/4333/4030
f 3457/4326/4024 1905/4333/4024 626/4319/4024
f 626/4319/4031 1905/4333/4031 1908/4318/4031
f 1908/4318/4032 1905/4333/4032 1907/4334/4032
f 1907/4334/4033 1920/4335/4033 1908/4318/4033
f 1907/4334/4034 1919/4215/4034 1920/4335/4034
f 1920/4335/4035 1919/4215/4035 1922/4219/4035
f 3464/4336/4036 1907/4334/4036 1905/4333/4036
f 3464/4336/4036 1905/4333/4036 3465/4337/4036
f 3466/4338/4037 1907/4334/4037 3464/4336/4037
f 3466/4338/4037 1906/4339/4037 1907/4334/4037
f 1906/4339/4038 1913/4214/4038 1907/4334/4038
f 1906/4339/4039 1910/3422/4039 1913/4214/4039
f 1910/3422/4040 1906/4339/4040 1904/4340/4040
f 3467/4341/4041 1904/4340/4041 1906/4339/4041
f 3467/4341/4041 1906/4339/4041 3468/4342/4041
f 3467/4341/4042 3469/4343/4042 1904/4340/4042
f 1908/4318/4043 1920/4335/4043 1921/4287/4043
f 3463/4320/4021 1909/4317/4021 3447/4314/4021
f 3449/4310/4012 625/4315/4012 1926/4309/4012
f 3483/4307/4010 1926/4309/4010 1927/4305/4010
f 1926/4309/4044 1923/4304/4044 1927/4305/4044
f 3481/4306/4009 1929/4302/4009 3482/4300/4009
f 3528/4331/4045 3529/4299/4045 1932/4295/4045
f 3530/4298/4046 3531/4301/4046 1931/4297/4046
f 1931/4297/4047 1930/4303/4047 1933/4296/4047
f 1933/4296/4048 1930/4303/4048 1934/4291/4048
f 3480/4330/4028 1932/4295/4028 1937/4294/4028
f 1937/4294/4049 1938/4292/4049 1939/3444/4049
f 1936/4293/4050 1933/4296/4050 1934/4291/4050
f 1934/4291/4051 1930/4303/4051 1928/4288/4051
f 1945/4344/4052 1943/4290/4052 1946/4289/4052
f 2739/3467/4053 1945/4345/4053 1946/3470/4053
f 2739/3467/4054 1944/4346/4054 1945/4345/4054
f 1944/4347/4055 1943/4290/4055 1945/4344/4055
f 1942/3458/4056 1943/4290/4056 1944/4347/4056
f 1928/4288/4057 1923/4304/4057 1921/4287/4057
f 1920/4335/4058 1922/4219/4058 1921/4287/4058
f 1948/4284/4059 1922/4219/4059 1950/4283/4059
f 1950/4283/4060 1922/4219/4060 1952/4220/4060
f 1954/4221/4061 1953/4218/4061 1957/4217/4061
f 1922/4219/4062 1919/4215/4062 1924/4216/4062
f 1907/4334/4063 1913/4214/4063 1919/4215/4063
f 1913/4214/4064 1915/4348/4064 1916/4213/4064
f 1970/4201/4065 1917/4203/4065 1971/4202/4065
f 1968/4200/4066 1957/4217/4066 1970/4201/4066
f 1966/4197/4067 1963/4278/4067 1968/4200/4067
f 1966/4197/4068 1641/4196/4068 1963/4278/4068
f 1638/4192/4069 1642/4243/4069 1641/4195/4069
f 1638/4192/4070 1636/4191/4070 1642/4243/4070
f 1634/4188/4071 1633/4276/4071 1636/4191/4071
f 1634/4188/4072 1632/4187/4072 1633/4276/4072
f 1630/4185/4073 1621/4275/4073 1632/4187/4073
f 1630/4185/4074 1628/4166/4074 1621/4275/4074
f 2350/3369/4075 2367/4183/4075 1631/4184/4075
f 2327/4143/4076 1627/4170/4076 2329/4169/4076
f 1629/4168/4077 1628/4166/4077 1630/4185/4077
f 1628/4166/4078 1620/4163/4078 1621/4275/4078
f 1617/3660/4079 1621/4275/4079 1620/4163/4079
f 1741/4154/4080 1622/4162/4080 1624/4155/4080
f 1624/4151/4081 1623/4165/4081 1625/4152/4081
f 1626/4150/4082 1742/4149/4082 1743/4156/4082
f 1627/4170/4083 2327/4143/4083 1625/4147/4083
f 1744/4349/4084 1742/4141/4084 2548/4139/4084
f 1744/4349/4085 2548/4139/4085 1748/4138/4085
f 1747/4125/4086 1748/4160/4086 1749/4127/4086
f 1746/4158/4087 1747/4125/4087 1750/4124/4087
f 1750/4124/4088 1758/4123/4088 1745/4157/4088
f 1758/4123/4089 1782/4350/4089 1745/4157/4089
f 1745/4157/4090 1782/4350/4090 1785/3670/4090
f 1780/4351/4091 1782/4350/4091 1758/4123/4091
f 1780/4351/4092 1781/4352/4092 1782/4350/4092
f 1782/4350/4093 1781/4352/4093 1783/3672/4093
f 1789/4353/4094 1783/3678/4094 1781/4354/4094
f 1789/4353/4095 1781/4354/4095 1790/4355/4095
f 1789/4353/4096 1790/4355/4096 1788/3679/4096
f 1788/3679/4097 1790/4355/4097 1791/4356/4097
f 1792/4357/4098 1788/3679/4098 1791/4356/4098
f 1791/4356/4099 1793/4358/4099 1792/4357/4099
f 1793/4358/4100 1796/4359/4100 1792/4357/4100
f 1792/4357/4101 1796/4359/4101 1799/4360/4101
f 1792/4357/4102 1799/4360/4102 1786/3680/4102
f 1801/4361/4103 1799/4360/4103 1796/4359/4103
f 1801/4361/4104 1796/4359/4104 1803/4362/4104
f 1801/4361/4105 1803/4362/4105 1802/4363/4105
f 1589/3692/4106 1801/4361/4106 1802/4363/4106
f 1800/3683/4107 1801/4361/4107 1589/3692/4107
f 1803/4362/4108 1805/4364/4108 1802/4363/4108
f 1810/4365/4109 1802/4363/4109 1805/4364/4109
f 1810/4365/4110 1805/4364/4110 1808/4366/4110
f 1810/4365/4111 1808/4366/4111 1521/4367/4111
f 1810/4365/4112 1521/4367/4112 1809/3695/4112
f 1809/3695/4113 1521/4367/4113 1811/4368/4113
f 1811/4368/4114 1521/4367/4114 1519/4369/4114
f 1812/4370/4115 1811/4368/4115 1519/4369/4115
f 1812/4370/4116 1519/4369/4116 1517/4371/4116
f 1812/4370/4117 1517/4371/4117 1583/4372/4117
f 1584/3696/4118 1812/4370/4118 1583/4372/4118
f 1583/4373/4119 1580/4374/4119 1584/3697/4119
f 1570/3933/4120 1580/4374/4120 1583/4373/4120
f 1583/4372/4121 1517/4371/4121 1516/4375/4121
f 1514/3940/4122 1516/4376/4122 1517/4377/4122
f 1518/3944/4123 1517/4377/4123 1519/4378/4123
f 1518/3944/4124 1519/4378/4124 1520/4379/4124
f 1520/4379/4125 1522/4016/4125 1518/3944/4125
f 1520/4379/4126 1521/4380/4126 1522/4016/4126
f 1584/3696/4127 1811/4368/4127 1812/4370/4127
f 1520/4379/4128 1519/4378/4128 1521/4380/4128
f 1808/4366/4129 1797/4381/4129 1521/4367/4129
f 1521/4382/4130 1797/4383/4130 2185/4384/4130
f 1521/4382/4131 2185/4384/4131 1523/4385/4131
f 1523/4385/4132 2185/4384/4132 2186/4386/4132
f 2185/4384/4133 2188/4387/4133 2186/4386/4133
f 2189/4024/4134 2186/4386/4134 2188/4387/4134
f 2185/4384/4135 1775/4388/4135 2188/4387/4135
f 2188/4387/4136 1775/4388/4136 2192/4389/4136
f 2195/4390/4137 2188/4387/4137 2192/4389/4137
f 2195/4390/4138 2192/4389/4138 2197/4391/4138
f 2195/4390/4139 2197/4391/4139 2196/4392/4139
f 2194/4393/4140 2195/4390/4140 2196/4392/4140
f 2194/4393/4141 2196/4392/4141 2193/4027/4141
f 2193/4027/4142 2188/4387/4142 2194/4393/4142
f 2196/4392/4143 2200/4394/4143 2193/4027/4143
f 2200/4394/4144 2219/4395/4144 2193/4027/4144
f 2219/4395/4145 2221/4396/4145 2193/4027/4145
f 2221/4396/4146 2223/4032/4146 2193/4027/4146
f 2219/4395/4147 2220/4033/4147 2221/4396/4147
f 2215/4397/4148 2220/4033/4148 2219/4395/4148
f 2200/4394/4149 2215/4397/4149 2219/4395/4149
f 2203/4398/4150 2215/4397/4150 2200/4394/4150
f 2202/4399/4151 2203/4398/4151 2200/4394/4151
f 2199/4400/4152 2202/4399/4152 2200/4394/4152
f 2199/4400/4153 2201/4401/4153 2202/4399/4153
f 2199/4400/4154 2198/4402/4154 2201/4401/4154
f 2201/4401/4155 2198/4402/4155 1769/4403/4155
f 2201/4401/4156 1769/4403/4156 2204/4404/4156
f 2201/4401/4157 2204/4404/4157 2203/4398/4157
f 2204/4404/4158 2205/4405/4158 2203/4398/4158
f 2205/4405/4159 2211/4406/4159 2203/4398/4159
f 2205/4405/4160 2208/4407/4160 2211/4406/4160
f 2211/4406/4161 2208/4407/4161 2210/4408/4161
f 2211/4406/4162 2210/4408/4162 2212/4409/4162
f 2211/4406/4163 2212/4409/4163 2213/4410/4163
f 2211/4406/4164 2213/4410/4164 2214/4411/4164
f 2215/4397/4165 2211/4406/4165 2214/4411/4165
f 2215/4397/4166 2214/4411/4166 2216/4412/4166
f 2216/4412/4167 2217/4413/4167 2215/4397/4167
f 2215/4397/4168 2217/4413/4168 2218/4034/4168
f 2562/4414/4169 2218/4415/4169 2217/4416/4169
f 2562/4414/4170 2217/4416/4170 2563/4417/4170
f 2562/4414/4171 2563/4417/4171 2561/4418/4171
f 2561/4418/4172 2563/4417/4172 2564/4419/4172
f 2561/4418/4173 2564/4419/4173 2558/4420/4173
f 2560/4421/4174 2561/4418/4174 2558/4420/4174
f 2557/4422/4175 2560/4421/4175 2558/4420/4175
f 2553/4049/4176 2557/4422/4176 2558/4420/4176
f 2553/4049/4177 2556/4423/4177 2557/4422/4177
f 2557/4422/4178 2556/4423/4178 2237/4424/4178
f 2557/4422/4179 2237/4424/4179 2559/4425/4179
f 2557/4422/4180 2559/4425/4180 2560/4421/4180
f 2560/4421/4181 2559/4425/4181 2561/4418/4181
f 2561/4418/4182 2559/4425/4182 2218/4415/4182
f 2558/4420/4183 2564/4419/4183 2565/4426/4183
f 2558/4420/4184 2565/4426/4184 2551/4051/4184
f 2565/4426/4185 2572/4073/4185 2551/4051/4185
f 2564/4419/4186 2566/4427/4186 2565/4426/4186
f 2566/4427/4187 2568/4078/4187 2565/4426/4187
f 2566/4427/4188 2567/4428/4188 2568/4078/4188
f 2568/4078/4189 2567/4428/4189 2210/4429/4189
f 2568/4078/4190 2210/4429/4190 2569/4430/4190
f 2569/4431/4191 2874/4432/4191 2568/4080/4191
f 2569/4431/4192 2873/4433/4192 2874/4432/4192
f 2873/4433/4193 2875/4434/4193 2874/4432/4193
f 2876/4081/4194 2874/4432/4194 2875/4434/4194
f 2873/4433/4195 2870/4090/4195 2875/4434/4195
f 2875/4434/4196 2870/4090/4196 2877/4083/4196
f 2873/4433/4197 2872/4435/4197 2870/4090/4197
f 2872/4435/4198 2871/4436/4198 2870/4090/4198
f 2846/4093/4199 2871/4436/4199 2872/4435/4199
f 2846/4093/4200 2872/4435/4200 2845/4437/4200
f 2845/4437/4201 2872/4435/4201 2209/4438/4201
f 2207/4439/4202 2845/4440/4202 2209/4441/4202
f 2208/4407/4203 2207/4442/4203 2209/4443/4203
f 1763/4444/4204 2845/4440/4204 2207/4439/4204
f 2206/4445/4205 1763/4446/4205 2207/4442/4205
f 2206/4445/4206 2207/4442/4206 2205/4405/4206
f 2205/4405/4207 1763/4446/4207 2206/4445/4207
f 1763/4444/4208 2843/4095/4208 2845/4440/4208
f 2842/4102/4209 2843/4095/4209 1763/4444/4209
f 2209/4438/4210 2872/4435/4210 2873/4433/4210
f 2209/4438/4211 2873/4433/4211 2569/4431/4211
f 2569/4430/4212 2210/4429/4212 2209/4447/4212
f 2566/4427/4213 2214/4448/4213 2567/4428/4213
f 2564/4419/4214 2214/4448/4214 2566/4427/4214
f 2564/4419/4215 2563/4417/4215 2214/4448/4215
f 2563/4417/4216 2217/4416/4216 2214/4448/4216
f 2561/4418/4217 2218/4415/4217 2562/4414/4217
f 2216/4412/4218 2214/4411/4218 2217/4413/4218
f 2567/4428/4219 2214/4448/4219 2213/4449/4219
f 2567/4428/4220 2213/4449/4220 2212/4450/4220
f 2567/4428/4221 2212/4450/4221 2210/4429/4221
f 2208/4407/4222 2209/4443/4222 2210/4408/4222
f 2205/4405/4223 2207/4442/4223 2208/4407/4223
f 2204/4404/4224 1764/4451/4224 2205/4405/4224
f 2204/4404/4225 1769/4403/4225 1766/4452/4225
f 2198/4402/4226 1773/4453/4226 1769/4403/4226
f 1772/4454/4227 1769/4455/4227 1773/4456/4227
f 1772/4454/4228 1773/4456/4228 1774/4457/4228
f 1774/4457/4229 1776/4458/4229 1772/4454/4229
f 1778/4459/4230 1772/4454/4230 1776/4458/4230
f 1778/4459/4231 1776/4458/4231 1779/4460/4231
f 1778/4459/4232 1779/4460/4232 1767/4117/4232
f 1779/4460/4233 1780/4351/4233 1767/4117/4233
f 1767/4117/4234 1780/4351/4234 1759/4121/4234
f 1776/4458/4235 1780/4351/4235 1779/4460/4235
f 1776/4458/4236 1777/4461/4236 1780/4351/4236
f 1776/4458/4237 1775/4462/4237 1777/4461/4237
f 1795/4463/4238 1777/4464/4238 1775/4465/4238
f 1795/4463/4239 1775/4465/4239 1797/4381/4239
f 1806/4466/4240 1795/4463/4240 1797/4381/4240
f 1804/4467/4241 1795/4463/4241 1806/4466/4241
f 1804/4467/4242 1806/4466/4242 1805/4364/4242
f 1804/4467/4243 1798/4468/4243 1795/4463/4243
f 1794/4469/4244 1795/4463/4244 1798/4468/4244
f 1794/4469/4245 1798/4468/4245 1796/4359/4245
f 1803/4362/4246 1798/4468/4246 1804/4467/4246
f 1794/4469/4247 1777/4464/4247 1795/4463/4247
f 1790/4355/4248 1777/4464/4248 1794/4469/4248
f 1790/4355/4249 1794/4469/4249 1793/4358/4249
f 1770/4116/4250 1772/4454/4250 1778/4459/4250
f 1771/4470/4251 1772/4454/4251 1770/4116/4251
f 1774/4457/4252 1775/4462/4252 1776/4458/4252
f 1774/4457/4253 1773/4456/4253 1775/4462/4253
f 1771/4470/4254 1769/4455/4254 1772/4454/4254
f 1768/4115/4255 1769/4455/4255 1771/4470/4255
f 2198/4402/4256 2192/4389/4256 1773/4453/4256
f 2199/4400/4257 2192/4389/4257 2198/4402/4257
f 2196/4392/4258 2192/4389/4258 2199/4400/4258
f 2202/4399/4259 2201/4401/4259 2203/4398/4259
f 2203/4398/4260 2211/4406/4260 2215/4397/4260
f 2196/4392/4261 2199/4400/4261 2200/4394/4261
f 2196/4392/4262 2197/4391/4262 2192/4389/4262
f 2194/4393/4263 2188/4387/4263 2195/4390/4263
f 2192/4389/4264 1775/4388/4264 1773/4453/4264
f 2185/4384/4265 1797/4383/4265 1775/4388/4265
f 1806/4466/4266 1797/4381/4266 1808/4366/4266
f 1806/4466/4267 1808/4366/4267 1805/4364/4267
f 1802/4363/4268 1810/4365/4268 1809/3695/4268
f 1803/4362/4269 1804/4467/4269 1805/4364/4269
f 1803/4362/4270 1796/4359/4270 1798/4468/4270
f 1800/3683/4271 1799/4360/4271 1801/4361/4271
f 1793/4358/4272 1794/4469/4272 1796/4359/4272
f 1791/4356/4273 1790/4355/4273 1793/4358/4273
f 1790/4355/4274 1781/4354/4274 1777/4464/4274
f 1780/4351/4275 1777/4461/4275 1781/4352/4275
f 1759/4121/4276 1780/4351/4276 1758/4123/4276
f 1752/4122/4277 1751/4126/4277 1755/4120/4277
f 1753/4128/4278 1756/4107/4278 1755/4120/4278
f 1767/4117/4279 1759/4121/4279 1760/4118/4279
f 1770/4116/4280 1778/4459/4280 1767/4117/4280
f 1768/4115/4281 1771/4470/4281 1770/4116/4281
f 1768/4115/4282 1766/4114/4282 1769/4455/4282
f 2204/4404/4283 1766/4452/4283 1764/4451/4283
f 1761/4119/4284 1762/4110/4284 1765/4113/4284
f 2205/4405/4285 1764/4451/4285 1763/4446/4285
f 1756/4107/4286 1762/4110/4286 1761/4119/4286
f 1753/4128/4287 1754/4108/4287 1756/4107/4287
f 2356/4132/4288 2357/4105/4288 1754/4104/4288
f 2356/4132/4289 2353/3363/4289 2357/4105/4289
f 1757/4103/4290 2842/4102/4290 1763/4444/4290
f 2842/4102/4291 2841/4096/4291 2843/4095/4291
f 2845/4440/4292 2843/4095/4292 2846/4471/4292
f 2846/4093/4293 2869/4091/4293 2871/4436/4293
f 2864/4100/4294 2867/4088/4294 2844/4092/4294
f 2871/4436/4295 2869/4091/4295 2870/4090/4295
f 2877/4083/4296 2870/4090/4296 2868/4089/4296
f 2864/4100/4297 2865/3356/4297 2867/4088/4297
f 2878/4084/4298 2877/4083/4298 2868/4089/4298
f 2875/4434/4299 2877/4083/4299 2876/4081/4299
f 2568/4080/4300 2874/4432/4300 2876/4081/4300
f 2565/4426/4301 2568/4078/4301 2570/4074/4301
f 2565/4426/4302 2570/4074/4302 2572/4073/4302
f 2881/4070/4303 2573/4069/4303 2571/4076/4303
f 2379/4053/4304 2572/4073/4304 2574/4064/4304
f 2376/4061/4305 2374/3347/4305 2372/4059/4305
f 2371/3346/4306 2365/4058/4306 2372/4059/4306
f 2361/4136/4307 2362/4055/4307 2365/4058/4307
f 2362/4055/4308 2360/4135/4308 2363/4056/4308
f 2379/4063/4309 2378/4060/4309 2364/4057/4309
f 2551/4051/4310 2572/4073/4310 2379/4053/4310
f 2360/4137/4311 2550/4050/4311 2363/4052/4311
f 2553/4049/4312 2558/4420/4312 2551/4051/4312
f 2554/4047/4313 2556/4423/4313 2553/4049/4313
f 2554/4047/4314 2238/4472/4314 2556/4423/4314
f 2550/4050/4315 2549/4046/4315 2552/4048/4315
f 2555/4043/4316 2238/4472/4316 2554/4047/4316
f 2241/4044/4317 2549/4046/4317 2328/4140/4317
f 2241/4044/4318 1888/4146/4318 1889/4473/4318
f 1888/4474/4319 1887/1538/4319 1889/4475/4319
f 1885/3577/4320 1887/1538/4320 1888/4474/4320
f 2555/4043/4321 2239/4045/4321 2238/4472/4321
f 2556/4423/4322 2238/4472/4322 2237/4424/4322
f 2559/4425/4323 2237/4424/4323 2224/4476/4323
f 2234/4000/4324 2222/4030/4324 2235/4036/4324
f 2559/4425/4325 2224/4476/4325 2218/4415/4325
f 2215/4397/4326 2218/4034/4326 2220/4033/4326
f 2221/4396/4327 2220/4033/4327 2223/4032/4327
f 2193/4027/4328 2223/4032/4328 2225/4028/4328
f 2191/4026/4329 2188/4387/4329 2193/4027/4329
f 2189/4024/4330 2188/4387/4330 2191/4026/4330
f 2187/4023/4331 2186/4386/4331 2189/4024/4331
f 1523/4385/4332 2186/4386/4332 2187/4023/4332
f 1522/4016/4333 1521/4380/4333 1523/4018/4333
f 1524/4010/4334 2309/4021/4334 2310/4004/4334
f 2313/4008/4335 2312/4007/4335 2314/3994/4335
f 2312/4007/4336 2230/4006/4336 2232/3995/4336
f 2310/4004/4337 2309/4021/4337 2229/4005/4337
f 2190/4025/4338 2228/4001/4338 2229/4003/4338
f 2228/4001/4339 2222/4030/4339 2234/4000/4339
f 2234/4000/4340 2236/4037/4340 2240/3999/4340
f 2230/4002/4341 2231/3997/4341 2232/3996/4341
f 2314/3994/4342 2312/4007/4342 2232/3995/4342
f 2313/4008/4343 2314/3994/4343 2311/3991/4343
f 1526/4009/4344 2311/3991/4344 1530/3990/4344
f 1532/4017/4345 1530/3989/4345 1533/3988/4345
f 1532/4017/4346 1533/3988/4346 1496/3951/4346
f 1496/3951/4347 1531/3946/4347 1532/4017/4347
f 1496/3951/4348 1533/3988/4348 1535/3987/4348
f 1534/3984/4349 2316/3992/4349 2318/3983/4349
f 1538/3955/4350 1536/3985/4350 1537/3979/4350
f 1487/3952/4351 1536/3985/4351 1538/3955/4351
f 1481/3961/4352 1486/3953/4352 1485/3954/4352
f 1496/3951/4353 1535/3987/4353 1487/3952/4353
f 1486/3953/4354 1480/3949/4354 1488/3950/4354
f 1490/3948/4355 1480/3949/4355 1472/3968/4355
f 1490/3948/4356 1491/3970/4356 1492/1875/4356
f 1489/3947/4357 1531/3946/4357 1496/3951/4357
f 1527/3945/4358 1532/4017/4358 1531/3946/4358
f 1518/3944/4359 1522/4016/4359 1527/3945/4359
f 1514/3940/4360 1517/4377/4360 1518/3944/4360
f 1513/3943/4361 1504/1873/4361 1512/3941/4361
f 1512/3941/4362 1504/1873/4362 1507/4477/4362
f 1507/4478/4363 1564/3938/4363 1512/3939/4363
f 1507/4478/4364 1562/4479/4364 1564/3938/4364
f 1571/1760/4365 1564/3938/4365 1562/4479/4365
f 1511/4480/4366 1562/4479/4366 1507/4478/4366
f 1507/4477/4367 1510/1868/4367 1511/4481/4367
f 1510/4482/4368 1561/4483/4368 1511/4480/4368
f 1558/4484/4369 1561/4483/4369 1510/4482/4369
f 1558/4484/4370 1559/4485/4370 1561/4483/4370
f 1561/4483/4371 1559/4485/4371 1560/1761/4371
f 1562/4479/4372 1561/4483/4372 1560/1761/4372
f 1559/4485/4373 1555/4486/4373 1560/1761/4373
f 1556/1861/4374 1555/4486/4374 1559/4485/4374
f 1556/1861/4375 1559/4485/4375 1558/4484/4375
f 1511/4480/4376 1561/4483/4376 1562/4479/4376
f 1514/3940/4377 1515/3942/4377 1516/4376/4377
f 1570/3933/4378 1583/4373/4378 1516/3934/4378
f 1569/3928/4379 1580/4374/4379 1570/3933/4379
f 1565/3931/4380 1564/3938/4380 1567/3930/4380
f 1567/3930/4381 1564/3938/4381 1571/1760/4381
f 1569/3928/4382 1579/3926/4382 1580/4374/4382
f 1579/3926/4383 1581/3699/4383 1580/4374/4383
f 1579/3926/4384 1576/4487/4384 1581/3699/4384
f 1247/3925/4385 1576/4487/4385 1579/3926/4385
f 1575/4488/4386 1576/4487/4386 1247/3925/4386
f 1248/4489/4387 1575/4488/4387 1247/3925/4387
f 1248/4489/4388 1574/4490/4388 1575/4488/4388
f 1575/4488/4389 1574/4490/4389 1263/4491/4389
f 1250/4492/4390 1263/4491/4390 1574/4490/4390
f 1263/4491/4391 1250/4492/4391 1251/4493/4391
f 1250/4494/4392 1249/3922/4392 1251/3910/4392
f 1248/4495/4393 1249/3922/4393 1250/4494/4393
f 1250/4492/4394 1574/4490/4394 1248/4489/4394
f 1575/4488/4395 1263/4491/4395 1576/4487/4395
f 1576/4487/4396 1263/4491/4396 1577/4496/4396
f 1582/3701/4397 1576/4487/4397 1577/4496/4397
f 1577/4496/4398 1263/4491/4398 1578/3703/4398
f 1247/3924/4399 1246/3923/4399 1248/4495/4399
f 1248/4495/4400 1246/3923/4400 1249/3922/4400
f 1243/1755/4401 1239/3920/4401 1245/3921/4401
f 1238/4497/4402 1236/3919/4402 1239/3920/4402
f 1238/4497/4403 1239/3920/4403 1234/4498/4403
f 1241/1753/4404 1234/4498/4404 1239/3920/4404
f 1234/4498/4405 1236/3919/4405 1238/4497/4405
f 1232/4499/4406 1236/3919/4406 1234/4498/4406
f 938/3859/4407 1232/4499/4407 1234/4498/4407
f 1240/1751/4408 938/3859/4408 1234/4498/4408
f 1232/4499/4409 1233/3917/4409 1236/3919/4409
f 1232/4499/4410 763/4500/4410 1233/3917/4410
f 1233/3917/4411 763/4500/4411 760/3887/4411
f 762/3879/4412 760/3884/4412 763/4501/4412
f 762/3879/4413 763/4501/4413 764/3862/4413
f 1232/4499/4414 764/3858/4414 763/4500/4414
f 1253/3914/4415 1237/3918/4415 1256/3916/4415
f 1253/3914/4416 1256/3916/4416 1257/3915/4416
f 1252/3911/4417 1253/3914/4417 1255/3912/4417
f 1249/3922/4418 1252/3911/4418 1251/3910/4418
f 1251/3910/4419 1262/3708/4419 1263/4502/4419
f 1258/3913/4420 1259/3907/4420 1254/3909/4420
f 1258/3913/4421 1235/3886/4421 1259/3907/4421
f 1233/3917/4422 760/3887/4422 1235/3886/4422
f 4150/3883/4423 4151/4503/4423 759/3885/4423
f 4177/3829/4424 759/3885/4424 4151/4503/4424
f 4152/3882/3561 760/3884/3561 761/3880/3561
f 761/3880/4425 760/3884/4425 762/3879/4425
f 762/3879/4426 764/3862/4426 766/3870/4426
f 4153/3881/3560 765/3878/3560 4154/3877/3560
f 4145/3830/4427 4146/3873/4427 771/3869/4427
f 4148/3874/3555 768/3871/3555 4147/3872/3555
f 767/3876/4428 766/3870/4428 768/3871/4428
f 766/3870/4429 764/3862/4429 769/3861/4429
f 938/3859/4430 764/3858/4430 1232/4499/4430
f 772/4504/4431 770/3857/4431 780/3854/4431
f 780/3854/4432 777/3853/4432 779/4505/4432
f 775/3836/4433 777/3866/4433 778/4506/4433
f 794/1714/4434 795/3837/4434 796/3840/4434
f 794/1714/4435 751/4507/4435 795/3837/4435
f 795/3837/4436 751/4507/4436 752/3838/4436
f 774/3833/4437 776/3865/4437 775/3836/4437
f 774/3833/4438 773/3831/4438 776/3865/4438
f 4145/3830/4439 771/3869/4439 773/3831/4439
f 4177/3829/4424 757/3823/4424 759/3885/4424
f 4164/3822/3507 756/3899/3507 757/3823/3507
f 4168/3905/4440 4169/3821/4440 754/3820/4440
f 753/4508/4441 783/3903/4441 754/3902/4441
f 753/4508/4442 782/3815/4442 783/3903/4442
f 783/3903/4443 782/3815/4443 786/3722/4443
f 4175/3816/4444 753/4508/4444 4174/4509/4444
f 4175/3816/4444 782/3815/4444 753/4508/4444
f 786/3722/4445 782/3815/4445 781/3800/4445
f 4159/3809/4446 4158/4510/4446 748/3803/4446
f 4158/4510/4447 4157/4511/4447 748/3803/4447
f 4157/4511/4448 4156/3807/4448 748/3803/4448
f 4246/3835/3515 752/3805/3515 4155/3806/3515
f 751/4512/4449 750/3804/4449 752/3805/4449
f 4172/3811/3502 748/3803/3502 749/3802/3502
f 4178/3813/3503 749/3801/3503 781/3800/3503
f 911/3794/4450 910/3793/4450 912/4513/4450
f 911/3794/4451 912/4513/4451 913/4514/4451
f 912/4515/4452 805/4516/4452 913/4517/4452
f 1225/4518/4453 913/4519/4453 805/4520/4453
f 1226/4521/4454 1225/4518/4454 805/4520/4454
f 389/4522/4455 1226/4521/4455 805/4520/4455
f 805/4523/4456 471/4524/4456 389/4525/4456
f 470/4526/4457 389/4527/4457 471/4528/4457
f 804/4529/4458 470/4530/4458 471/4524/4458
f 803/4531/4459 470/4530/4459 804/4529/4459
f 803/4531/4460 804/4529/4460 806/4532/4460
f 803/4531/4461 806/4532/4461 802/4533/4461
f 800/4534/4462 803/4531/4462 802/4533/4462
f 799/4535/4463 800/4534/4463 802/4533/4463
f 799/4535/4464 802/4533/4464 801/3773/4464
f 802/4533/4465 807/3786/4465 801/3773/4465
f 799/4535/4466 469/4536/4466 800/4534/4466
f 800/4534/4467 469/4536/4467 470/4530/4467
f 469/4537/4468 387/4538/4468 470/4526/4468
f 469/4537/4469 384/4539/4469 387/4538/4469
f 384/4540/4470 385/4541/4470 387/4542/4470
f 387/4542/4471 385/4541/4471 388/4543/4471
f 387/4542/4472 388/4543/4472 389/4544/4472
f 388/4543/4473 390/4545/4473 389/4544/4473
f 388/4543/4474 385/4541/4474 390/4545/4474
f 386/4546/4475 390/4547/4475 385/4548/4475
f 385/4541/4476 379/4549/4476 386/4550/4476
f 386/4546/4477 379/4551/4477 373/4552/4477
f 386/4546/4478 373/4552/4478 1187/4553/4478
f 1192/4554/4479 386/4546/4479 1187/4553/4479
f 1192/4554/4480 1187/4553/4480 1190/4555/4480
f 1192/4554/4481 1190/4555/4481 1193/4556/4481
f 1192/4554/4482 1193/4556/4482 1194/4557/4482
f 1192/4554/4483 1194/4557/4483 390/4547/4483
f 1194/4557/4484 1224/4558/4484 390/4547/4484
f 1224/4558/4485 1225/4518/4485 390/4547/4485
f 1224/4558/4486 1155/4559/4486 1225/4518/4486
f 1225/4518/4487 1155/4559/4487 1152/4560/4487
f 1154/3733/4488 1152/4561/4488 1155/4562/4488
f 1154/3733/4489 1155/4562/4489 1156/4563/4489
f 1154/3733/4490 1156/4563/4490 1157/3736/4490
f 1157/3736/4491 1156/4563/4491 1158/4564/4491
f 1185/4565/4492 1157/3736/4492 1158/4564/4492
f 1186/4566/4493 1185/4565/4493 1158/4564/4493
f 1186/4566/4494 1158/4564/4494 1180/4567/4494
f 1219/4568/4495 1180/4569/4495 1158/4570/4495
f 1219/4568/4496 853/4571/4496 1180/4569/4496
f 853/4572/4497 1178/4573/4497 1180/4567/4497
f 1180/4567/4498 1178/4573/4498 1179/3737/4498
f 1179/3737/4499 1185/4565/4499 1180/4567/4499
f 1177/4574/4500 1179/3737/4500 1178/4573/4500
f 853/4572/4501 1177/4574/4501 1178/4573/4501
f 1176/4575/4502 1177/4574/4502 853/4572/4502
f 852/4576/4503 1176/4575/4503 853/4572/4503
f 1176/4575/4504 1175/3739/4504 1177/4574/4504
f 851/3745/4505 1175/3739/4505 1176/4575/4505
f 1219/4568/4506 855/4577/4506 853/4571/4506
f 854/4578/4507 853/4579/4507 855/4580/4507
f 854/4578/4508 855/4580/4508 856/4581/4508
f 854/4578/4509 856/4581/4509 858/4582/4509
f 854/4578/4510 858/4582/4510 857/4583/4510
f 850/3750/4511 854/4578/4511 857/4583/4511
f 859/4584/4512 857/4583/4512 858/4582/4512
f 859/4584/4513 858/4582/4513 861/4585/4513
f 862/4586/4514 859/4584/4514 861/4585/4514
f 869/4587/4515 862/4586/4515 861/4585/4515
f 869/4587/4516 861/4585/4516 870/4588/4516
f 869/4587/4517 870/4588/4517 871/4589/4517
f 869/4587/4518 871/4589/4518 872/4590/4518
f 872/4591/4519 890/4592/4519 869/4593/4519
f 869/4593/4520 890/4592/4520 891/4594/4520
f 869/4593/4521 891/4594/4521 868/4595/4521
f 868/4595/4522 891/4594/4522 457/4596/4522
f 457/4597/4523 867/3762/4523 868/4598/4523
f 868/4598/4524 867/3762/4524 866/4599/4524
f 868/4598/4525 866/4599/4525 862/4586/4525
f 864/3759/4526 862/4586/4526 866/4599/4526
f 864/3759/4527 860/4600/4527 862/4586/4527
f 891/4594/4528 892/4601/4528 457/4596/4528
f 892/4601/4529 454/4602/4529 457/4596/4529
f 454/4603/4530 456/3764/4530 457/4604/4530
f 454/4603/4531 453/4605/4531 456/3764/4531
f 456/3764/4532 453/4605/4532 455/4606/4532
f 456/3764/4533 455/4606/4533 458/4607/4533
f 458/4607/4534 455/4606/4534 381/4608/4534
f 458/4607/4535 381/4608/4535 464/4609/4535
f 458/4607/4536 464/4609/4536 463/4610/4536
f 459/3765/4537 458/4607/4537 463/4610/4537
f 459/3765/4538 463/4610/4538 462/4611/4538
f 462/4611/4539 463/4610/4539 465/4612/4539
f 462/4611/4540 465/4612/4540 466/4613/4540
f 466/4614/4541 798/4615/4541 462/3770/4541
f 798/4615/4542 799/4535/4542 462/3770/4542
f 798/4615/4543 468/4616/4543 799/4535/4543
f 798/4615/4544 466/4614/4544 468/4616/4544
f 466/4613/4545 467/4617/4545 468/4618/4545
f 468/4618/4546 467/4617/4546 469/4537/4546
f 469/4537/4547 467/4617/4547 463/4610/4547
f 466/4613/4548 465/4612/4548 467/4617/4548
f 467/4617/4549 465/4612/4549 463/4610/4549
f 469/4537/4550 463/4610/4550 464/4609/4550
f 464/4609/4551 381/4608/4551 384/4539/4551
f 384/4539/4552 381/4608/4552 377/4619/4552
f 377/4620/4553 383/4621/4553 384/4540/4553
f 383/4621/4554 377/4620/4554 376/4622/4554
f 383/4621/4555 376/4622/4555 379/4549/4555
f 378/4623/4556 379/4549/4556 376/4622/4556
f 376/4622/4557 374/4624/4557 378/4623/4557
f 378/4623/4558 374/4624/4558 373/4625/4558
f 374/4624/4559 372/4626/4559 373/4625/4559
f 372/4626/4560 371/4627/4560 373/4625/4560
f 1188/4628/4561 373/4552/4561 371/4629/4561
f 1188/4628/4562 371/4629/4562 370/4630/4562
f 1188/4628/4563 370/4630/4563 1189/4631/4563
f 1190/4555/4564 1188/4628/4564 1189/4631/4564
f 1189/4631/4565 1191/4632/4565 1190/4555/4565
f 1189/4631/4566 370/4630/4566 1191/4632/4566
f 1195/4633/4567 1191/4632/4567 370/4630/4567
f 4179/4634/4568 1195/4633/4568 370/4630/4568
f 4179/4634/4569 370/4630/4569 4180/4635/4569
f 4194/4636/4570 4195/4637/4570 372/4626/4570
f 4193/4638/4571 4194/4636/4571 372/4626/4571
f 4242/4639/4572 4193/4638/4572 372/4626/4572
f 4186/4640/4573 377/4620/4573 4188/4641/4573
f 4188/4641/4574 377/4620/4574 380/4642/4574
f 4188/4641/4574 380/4642/4574 4189/4643/4574
f 4243/4644/4575 4189/4643/4575 380/4642/4575
f 4243/4644/4576 380/4642/4576 382/4645/4576
f 4243/4644/4577 382/4645/4577 4185/4646/4577
f 4182/4647/4578 4184/4648/4578 382/4649/4578
f 4182/4647/4579 382/4649/4579 451/4650/4579
f 4182/4647/4580 451/4650/4580 4183/4651/4580
f 4183/4651/4581 451/4650/4581 446/4652/4581
f 4183/4651/4582 446/4652/4582 4224/4653/4582
f 4223/4654/4583 4224/4653/4583 446/4652/4583
f 4222/4655/4584 4223/4654/4584 446/4652/4584
f 4222/4655/4585 446/4652/4585 441/4656/4585
f 4222/4655/4586 441/4656/4586 4221/4657/4586
f 4219/4658/4587 440/4659/4587 4220/4660/4587
f 4216/4661/4588 4220/4660/4588 440/4659/4588
f 4215/4662/4589 4216/4661/4589 440/4659/4589
f 4215/4662/4590 440/4659/4590 448/4663/4590
f 4215/4662/4590 448/4663/4590 4213/4664/4590
f 4214/4665/4591 211/4666/4591 4211/4667/4591
f 4210/4668/4592 4211/4669/4592 211/4670/4592
f 4209/4671/4593 4210/4668/4593 211/4670/4593
f 4206/4672/4594 4209/4671/4594 211/4670/4594
f 4206/4672/4595 211/4670/4595 209/4673/4595
f 4206/4672/4595 209/4673/4595 4207/4674/4595
f 4231/4675/4596 1392/4676/4596 4197/4677/4596
f 4196/4678/4597 4197/4677/4597 1392/4676/4597
f 4196/4678/4598 1392/4676/4598 1202/4679/4598
f 4196/4678/4598 1202/4679/4598 4198/4680/4598
f 4199/4681/4599 4198/4682/4599 1202/4683/4599
f 4205/4684/4600 4199/4681/4600 1202/4683/4600
f 4205/4684/4601 1202/4683/4601 1201/4685/4601
f 4205/4684/4601 1201/4685/4601 4204/4686/4601
f 4204/4686/4602 368/4687/4602 4201/4688/4602
f 4200/4689/4603 4201/4690/4603 368/4691/4603
f 4200/4689/4604 368/4691/4604 369/4692/4604
f 4200/4689/4604 369/4692/4604 4202/4693/4604
f 4203/4694/4605 4202/4693/4605 369/4692/4605
f 4181/4695/4606 4203/4696/4606 369/4697/4606
f 4181/4695/4607 369/4697/4607 1195/4633/4607
f 1195/4633/4608 369/4697/4608 1196/4698/4608
f 1197/4699/4609 1195/4633/4609 1196/4698/4609
f 1197/4699/4610 1196/4698/4610 1199/4700/4610
f 1197/4699/4611 1199/4700/4611 1198/4701/4611
f 1191/4632/4612 1197/4699/4612 1198/4701/4612
f 1191/4632/4613 1198/4701/4613 1193/4556/4613
f 1213/4702/4614 1193/4556/4614 1198/4701/4614
f 1198/4701/4615 1209/4703/4615 1213/4702/4615
f 1209/4703/4616 877/4704/4616 1213/4702/4616
f 877/4704/4617 855/4577/4617 1213/4702/4617
f 1213/4702/4618 855/4577/4618 1217/4705/4618
f 1213/4702/4619 1217/4705/4619 1218/4706/4619
f 1220/4707/4620 1218/4706/4620 1217/4705/4620
f 1220/4707/4621 1217/4705/4621 1156/4708/4621
f 1221/4709/4622 1220/4707/4622 1156/4708/4622
f 1221/4709/4623 1156/4708/4623 1223/4710/4623
f 1221/4709/4624 1223/4710/4624 1222/4711/4624
f 1194/4557/4625 1221/4709/4625 1222/4711/4625
f 1222/4711/4626 1223/4710/4626 1194/4557/4626
f 1193/4556/4627 1220/4707/4627 1221/4709/4627
f 1219/4568/4628 1156/4708/4628 1217/4705/4628
f 1218/4706/4629 1220/4707/4629 1193/4556/4629
f 1209/4703/4630 873/4712/4630 877/4704/4630
f 877/4704/4631 873/4712/4631 874/4713/4631
f 874/4714/4632 876/4715/4632 877/4716/4632
f 876/4715/4633 856/4581/4633 877/4716/4633
f 874/4714/4634 875/4717/4634 876/4715/4634
f 876/4715/4635 875/4717/4635 858/4582/4635
f 874/4714/4636 861/4585/4636 875/4717/4636
f 873/4718/4637 871/4589/4637 874/4714/4637
f 1209/4703/4638 1212/4719/4638 873/4712/4638
f 873/4712/4639 1212/4719/4639 872/4720/4639
f 872/4720/4640 1212/4719/4640 1210/4721/4640
f 872/4720/4641 1210/4721/4641 889/4722/4641
f 889/4723/4642 883/4724/4642 872/4591/4642
f 888/4725/4643 883/4724/4643 889/4723/4643
f 889/4722/4644 1214/4726/4644 888/4727/4644
f 888/4727/4645 1214/4726/4645 887/4728/4645
f 887/4729/4646 886/4730/4646 888/4725/4646
f 888/4725/4647 886/4730/4647 884/4731/4647
f 888/4725/4648 884/4731/4648 885/4732/4648
f 880/4733/4649 885/4732/4649 884/4731/4649
f 884/4731/4650 637/4734/4650 880/4733/4650
f 695/4735/4651 880/4733/4651 637/4734/4651
f 637/4736/4652 694/4737/4652 695/4738/4652
f 695/4738/4653 694/4737/4653 692/4739/4653
f 695/4738/4654 692/4739/4654 696/4740/4654
f 696/4741/4655 878/4742/4655 695/4735/4655
f 878/4742/4656 879/4743/4656 695/4735/4656
f 878/4742/4657 445/4744/4657 879/4743/4657
f 879/4743/4658 445/4744/4658 443/4745/4658
f 879/4743/4659 443/4745/4659 881/4746/4659
f 879/4743/4660 881/4746/4660 880/4733/4660
f 881/4746/4661 443/4745/4661 882/4747/4661
f 882/4747/4662 883/4724/4662 881/4746/4662
f 885/4732/4663 881/4746/4663 883/4724/4663
f 882/4747/4664 443/4745/4664 883/4724/4664
f 883/4724/4665 443/4745/4665 442/4748/4665
f 883/4724/4666 442/4748/4666 444/4749/4666
f 447/4750/4667 883/4724/4667 444/4749/4667
f 444/4751/4668 446/4652/4668 447/4752/4668
f 446/4652/4669 453/4605/4669 447/4752/4669
f 446/4652/4670 452/4753/4670 453/4605/4670
f 890/4592/4671 883/4724/4671 447/4750/4671
f 442/4754/4672 441/4656/4672 444/4751/4672
f 4217/4755/4673 441/4656/4673 442/4754/4673
f 440/4659/4674 442/4754/4674 443/4756/4674
f 440/4659/4675 443/4756/4675 445/4757/4675
f 449/4758/4676 445/4744/4676 878/4742/4676
f 448/4663/4677 445/4757/4677 449/4759/4677
f 450/4760/4678 448/4663/4678 449/4759/4678
f 3560/4761/4679 450/4760/4679 449/4759/4679
f 3560/4761/4680 449/4759/4680 3561/4762/4680
f 3558/4763/4681 3559/4764/4681 210/4765/4681
f 3558/4766/4682 210/4767/4682 450/4760/4682
f 211/4666/4683 450/4760/4683 210/4767/4683
f 3562/4768/4684 210/4765/4684 3559/4764/4684
f 3562/4768/4685 3563/4769/4685 209/4770/4685
f 3564/4771/4686 209/4673/4686 3563/4772/4686
f 4208/4773/4686 209/4673/4686 3564/4771/4686
f 4208/4773/4686 3564/4771/4686 4232/4774/4686
f 4230/4775/4687 4229/4776/4687 1143/4777/4687
f 4230/4775/4688 1143/4777/4688 1144/4778/4688
f 4230/4775/4689 1144/4778/4689 4231/4779/4689
f 1392/4676/4690 1144/4780/4690 1143/4781/4690
f 1392/4676/4691 1143/4781/4691 1141/4782/4691
f 1392/4676/4692 1141/4782/4692 1393/4783/4692
f 1393/4783/4693 1141/4782/4693 1140/4784/4693
f 1393/4783/4694 1140/4784/4694 1395/4785/4694
f 1393/4783/4695 1395/4785/4695 1396/4786/4695
f 1393/4783/4696 1396/4786/4696 1394/4787/4696
f 1202/4679/4697 1393/4783/4697 1394/4787/4697
f 1394/4787/4698 1408/4788/4698 1202/4679/4698
f 1394/4787/4699 1405/4789/4699 1408/4788/4699
f 1408/4788/4700 1405/4789/4700 1409/4790/4700
f 1408/4788/4701 1409/4790/4701 1203/4791/4701
f 1201/4792/4702 1408/4788/4702 1203/4791/4702
f 1200/4793/4703 1201/4685/4703 1203/4794/4703
f 1200/4793/4704 1203/4794/4704 1204/4795/4704
f 1200/4793/4705 1204/4795/4705 1199/4700/4705
f 1199/4700/4706 1204/4795/4706 1206/4796/4706
f 1199/4700/4707 1206/4796/4707 1209/4703/4707
f 1206/4796/4708 1204/4795/4708 1205/4797/4708
f 1206/4796/4709 1205/4797/4709 1207/4798/4709
f 1207/4798/4710 1210/4721/4710 1206/4796/4710
f 1207/4798/4711 1208/4799/4711 1210/4721/4711
f 1210/4721/4712 1208/4799/4712 1211/4800/4712
f 1215/4801/4713 1210/4721/4713 1211/4800/4713
f 1216/4802/4714 1215/4801/4714 1211/4800/4714
f 1211/4803/4715 1418/4804/4715 1216/4805/4715
f 1216/4805/4716 1418/4804/4716 1420/4806/4716
f 1216/4805/4717 1420/4806/4717 632/4807/4717
f 1216/4805/4718 632/4807/4718 887/4808/4718
f 887/4808/4719 632/4807/4719 634/4809/4719
f 632/4810/4720 633/4811/4720 634/4812/4720
f 634/4812/4721 633/4811/4721 635/4813/4721
f 635/4814/4722 884/4731/4722 634/4815/4722
f 635/4813/4723 633/4811/4723 636/4816/4723
f 635/4813/4724 636/4816/4724 637/4817/4724
f 3543/4818/4725 637/4817/4725 636/4816/4725
f 3543/4818/4726 636/4816/4726 3544/4819/4726
f 3501/4820/4727 630/4821/4727 3502/4822/4727
f 3503/4823/4728 3502/4822/4728 630/4821/4728
f 3503/4823/4729 630/4821/4729 629/4824/4729
f 3503/4823/4730 629/4824/4730 3507/4825/4730
f 3508/4826/4731 3507/4825/4731 629/4824/4731
f 3508/4827/4732 629/4828/4732 1901/4829/4732
f 3508/4827/4732 1901/4829/4732 3509/4830/4732
f 3557/4831/4733 42/4832/4733 3556/4833/4733
f 3556/4833/4734 42/4832/4734 41/4834/4734
f 3556/4833/4734 41/4834/4734 3555/4835/4734
f 3492/4836/4735 638/4837/4735 3491/4838/4735
f 3489/4839/4736 3491/4838/4736 638/4837/4736
f 3489/4840/4737 638/4841/4737 642/4842/4737
f 3489/4840/4738 642/4842/4738 3490/4843/4738
f 3541/4844/4739 694/4737/4739 3542/4845/4739
f 3541/4844/4740 693/4846/4740 694/4737/4740
f 3490/4843/4741 693/4846/4741 3541/4844/4741
f 3490/4843/4742 642/4842/4742 693/4846/4742
f 642/4842/4743 647/4847/4743 693/4846/4743
f 693/4846/4744 647/4847/4744 692/4739/4744
f 647/4847/4745 691/4848/4745 692/4739/4745
f 3537/4849/4746 692/4739/4746 691/4848/4746
f 3537/4849/4746 691/4848/4746 3535/4850/4746
f 3539/4851/4747 697/4852/4747 3538/4853/4747
f 3538/4853/4748 697/4852/4748 692/4739/4748
f 3539/4851/4749 696/4740/4749 697/4852/4749
f 3540/4854/4750 696/4740/4750 3539/4851/4750
f 3540/4854/4750 449/4855/4750 696/4740/4750
f 3535/4850/4751 691/4848/4751 40/4856/4751
f 3535/4850/4751 40/4856/4751 3536/4857/4751
f 691/4848/4752 43/4858/4752 40/4856/4752
f 42/4832/4753 40/4859/4753 43/4860/4753
f 42/4832/4754 43/4860/4754 44/4861/4754
f 45/4862/4755 42/4832/4755 44/4861/4755
f 45/4862/4756 44/4861/4756 46/4863/4756
f 3550/4864/4757 45/4862/4757 46/4863/4757
f 3550/4864/4757 46/4863/4757 3549/4865/4757
f 3495/4866/4758 650/4867/4758 3496/4868/4758
f 3497/4869/4759 3496/4868/4759 650/4867/4759
f 3497/4869/4760 650/4867/4760 654/4870/4760
f 3497/4869/4760 654/4870/4760 3498/4871/4760
f 3809/4872/4761 655/4873/4761 3807/4874/4761
f 3807/4874/4762 655/4873/4762 656/4875/4762
f 3807/4874/4762 656/4875/4762 3808/4876/4762
f 3810/4877/4763 3808/4876/4763 656/4875/4763
f 3810/4877/4764 656/4875/4764 659/4878/4764
f 3810/4877/4764 659/4878/4764 3811/4879/4764
f 3800/4880/4765 3450/4881/4765 3801/4882/4765
f 3800/4880/4766 3798/4883/4766 627/4884/4766
f 3798/4883/4766 3799/4885/4766 627/4884/4766
f 3799/4885/4767 3814/4886/4767 627/4884/4767
f 3813/4887/4768 627/4884/4768 3814/4886/4768
f 3813/4887/4768 628/4888/4768 627/4884/4768
f 3578/4889/4769 627/4884/4769 628/4888/4769
f 3578/4889/4769 628/4888/4769 3456/4890/4769
f 3552/4891/4770 3553/4892/4770 41/4834/4770
f 3552/4891/4771 41/4834/4771 45/4862/4771
f 3552/4891/4771 45/4862/4771 3551/4893/4771
f 3462/4894/4772 3450/4881/4772 627/4884/4772
f 3461/4895/4773 3462/4894/4773 627/4884/4773
f 3553/4892/4774 3554/4896/4774 41/4834/4774
f 3455/4897/4775 639/4898/4775 3506/4899/4775
f 3505/4900/4776 3506/4899/4776 639/4898/4776
f 3504/4901/4777 3505/4900/4777 639/4898/4777
f 3453/4902/4778 3504/4901/4778 639/4898/4778
f 3453/4902/4779 639/4898/4779 652/4903/4779
f 3453/4902/4780 652/4903/4780 3451/4904/4780
f 3451/4904/4781 652/4903/4781 651/4905/4781
f 3451/4904/4782 651/4905/4782 3452/4906/4782
f 3452/4906/4783 651/4905/4783 649/4907/4783
f 3452/4906/4783 649/4907/4783 3494/4908/4783
f 3492/4836/4784 3493/4909/4784 640/4910/4784
f 3494/4908/4785 640/4910/4785 3493/4909/4785
f 3494/4908/4786 649/4907/4786 640/4910/4786
f 648/4911/4787 640/4910/4787 649/4907/4787
f 650/4867/4788 648/4911/4788 649/4907/4788
f 648/4911/4789 641/4912/4789 640/4910/4789
f 638/4837/4790 640/4910/4790 641/4912/4790
f 645/4913/4791 641/4912/4791 648/4911/4791
f 645/4913/4792 648/4911/4792 122/4914/4792
f 123/4915/4793 645/4913/4793 122/4914/4793
f 122/4916/4794 47/4917/4794 123/4918/4794
f 123/4918/4795 47/4917/4795 46/4919/4795
f 3534/4920/4796 46/4863/4796 47/4921/4796
f 3534/4920/4797 47/4921/4797 3533/4922/4797
f 3805/4923/4798 121/4924/4798 3804/4925/4798
f 3804/4925/4799 121/4924/4799 3488/4926/4799
f 3487/4927/4800 3488/4926/4800 121/4924/4800
f 3486/4928/4801 3487/4927/4801 121/4924/4801
f 3485/4929/4802 3486/4930/4802 121/4931/4802
f 3485/4929/4803 121/4931/4803 648/4911/4803
f 3485/4929/4804 648/4911/4804 3495/4866/4804
f 3805/4923/4798 47/4917/4798 121/4924/4798
f 3806/4932/4805 47/4917/4805 3805/4923/4805
f 3806/4932/4805 3532/4933/4805 47/4917/4805
f 3804/4925/4806 3488/4926/4806 3802/4934/4806
f 3532/4935/4807 3533/4922/4807 47/4921/4807
f 3534/4920/4808 3548/4936/4808 46/4863/4808
f 121/4924/4809 47/4917/4809 122/4916/4809
f 646/4937/4810 645/4913/4810 123/4915/4810
f 646/4937/4811 123/4915/4811 647/4938/4811
f 643/4939/4812 646/4940/4812 647/4847/4812
f 647/4847/4813 123/4941/4813 124/4942/4813
f 123/4918/4814 44/4943/4814 124/4944/4814
f 643/4945/4815 645/4913/4815 646/4937/4815
f 122/4914/4816 648/4911/4816 121/4931/4816
f 643/4945/4817 641/4912/4817 645/4913/4817
f 642/4946/4818 641/4912/4818 643/4945/4818
f 649/4907/4819 651/4905/4819 650/4867/4819
f 650/4867/4820 651/4905/4820 653/4947/4820
f 653/4947/4821 651/4905/4821 652/4903/4821
f 655/4873/4822 653/4947/4822 652/4903/4822
f 654/4870/4823 653/4947/4823 655/4873/4823
f 657/4948/4824 652/4903/4824 639/4898/4824
f 657/4948/4825 639/4898/4825 644/4949/4825
f 657/4948/4826 644/4949/4826 658/4950/4826
f 657/4948/4827 658/4950/4827 656/4875/4827
f 658/4950/4828 644/4949/4828 628/4888/4828
f 659/4878/4829 658/4950/4829 628/4888/4829
f 3812/4951/4830 659/4878/4830 628/4888/4830
f 3454/4952/4831 628/4888/4831 644/4949/4831
f 656/4875/4832 652/4903/4832 657/4948/4832
f 3455/4897/4775 644/4949/4775 639/4898/4775
f 3454/4952/4831 644/4949/4831 3455/4897/4831
f 3454/4952/4833 3456/4890/4833 628/4888/4833
f 3578/4889/4834 3461/4895/4834 627/4884/4834
f 3812/4951/4830 628/4888/4830 3813/4887/4830
f 3800/4880/4765 627/4884/4765 3450/4881/4765
f 3812/4951/4835 3811/4879/4835 659/4878/4835
f 656/4875/4836 658/4950/4836 659/4878/4836
f 655/4873/4837 652/4903/4837 656/4875/4837
f 3809/4872/4761 654/4870/4761 655/4873/4761
f 3809/4872/4838 3816/4953/4838 654/4870/4838
f 3797/4954/4839 654/4870/4839 3816/4953/4839
f 3797/4954/4839 3796/4955/4839 3498/4871/4839
f 3797/4954/4839 3498/4871/4839 654/4870/4839
f 654/4870/4840 650/4867/4840 653/4947/4840
f 3495/4866/4758 648/4911/4758 650/4867/4758
f 3548/4936/4841 3549/4865/4841 46/4863/4841
f 3550/4864/4842 3551/4893/4842 45/4862/4842
f 123/4918/4843 46/4919/4843 44/4943/4843
f 124/4944/4844 44/4943/4844 43/4956/4844
f 691/4848/4845 124/4942/4845 43/4858/4845
f 3538/4853/4846 692/4739/4846 3537/4849/4846
f 647/4847/4847 124/4942/4847 691/4848/4847
f 643/4939/4848 647/4847/4848 642/4842/4848
f 638/4837/4849 641/4912/4849 642/4946/4849
f 3492/4836/4735 640/4910/4735 638/4837/4735
f 3554/4896/4850 3555/4835/4850 41/4834/4850
f 41/4834/4851 42/4832/4851 45/4862/4851
f 3557/4831/4852 40/4859/4852 42/4832/4852
f 3557/4831/4853 3536/4957/4853 40/4859/4853
f 3510/4958/4854 3509/4830/4854 1901/4829/4854
f 3510/4958/4855 1901/4829/4855 1900/4959/4855
f 3510/4958/4855 1900/4959/4855 3511/4960/4855
f 3512/4961/4856 3511/4960/4856 1900/4959/4856
f 3512/4961/4857 1900/4959/4857 1903/4962/4857
f 3512/4961/4857 1903/4962/4857 3514/4963/4857
f 4234/4964/4858 3565/4965/4858 3566/4966/4858
f 4234/4964/4858 3566/4966/4858 4235/4967/4858
f 4236/4968/4859 3568/4969/4859 4237/4970/4859
f 4237/4970/4860 3568/4969/4860 3571/4971/4860
f 4237/4970/4861 3571/4971/4861 4238/4972/4861
f 4226/4973/4862 4241/4974/4862 367/4975/4862
f 4225/4976/4863 4226/4973/4863 367/4975/4863
f 4225/4977/4864 367/4978/4864 1139/4979/4864
f 4225/4977/4864 1139/4979/4864 4227/4980/4864
f 4227/4980/4865 1139/4979/4865 1142/4981/4865
f 4227/4980/4865 1142/4981/4865 4228/4982/4865
f 4232/4774/4866 3565/4965/4866 4233/4983/4866
f 4228/4982/4867 1142/4981/4867 1143/4777/4867
f 1142/4981/4868 1139/4979/4868 1138/4984/4868
f 1142/4981/4869 1138/4984/4869 1141/4985/4869
f 367/4978/4870 1138/4984/4870 1139/4979/4870
f 3545/4986/4871 1138/4984/4871 367/4978/4871
f 3545/4986/4871 367/4978/4871 3546/4987/4871
f 3474/4988/4872 1406/4989/4872 3475/4990/4872
f 3476/4991/4873 3475/4990/4873 1406/4989/4873
f 3516/4992/4874 3476/4991/4874 1406/4989/4874
f 3516/4992/4875 1406/4989/4875 1404/4993/4875
f 3516/4992/4875 1404/4993/4875 3517/4994/4875
f 3523/4995/4876 1397/4996/4876 3524/4997/4876
f 3523/4995/4876 1398/4998/4876 1397/4996/4876
f 1397/4996/4877 1398/4998/4877 1396/4786/4877
f 1396/4786/4878 1398/4998/4878 1399/4999/4878
f 1398/4998/4879 1400/5000/4879 1399/4999/4879
f 1399/4999/4880 1400/5000/4880 1401/5001/4880
f 1399/4999/4881 1401/5001/4881 1394/4787/4881
f 1400/5000/4882 1403/5002/4882 1401/5001/4882
f 1414/5003/4883 1401/5001/4883 1403/5002/4883
f 1414/5003/4884 1403/5002/4884 1415/5004/4884
f 1414/5003/4885 1415/5004/4885 1413/5005/4885
f 1409/4790/4886 1414/5003/4886 1413/5005/4886
f 1205/5006/4887 1409/4790/4887 1413/5005/4887
f 1205/5006/4888 1413/5005/4888 1208/5007/4888
f 1208/5007/4889 1413/5005/4889 1416/5008/4889
f 1416/5008/4890 1413/5005/4890 1415/5004/4890
f 1415/5004/4891 1417/5009/4891 1416/5008/4891
f 1416/5008/4892 1417/5009/4892 1419/5010/4892
f 1416/5008/4893 1419/5010/4893 1418/4804/4893
f 1423/5011/4894 1419/5010/4894 1417/5009/4894
f 1423/5011/4895 1417/5009/4895 1424/5012/4895
f 1425/5013/4896 1423/5011/4896 1424/5012/4896
f 1424/5012/4897 1426/5014/4897 1425/5013/4897
f 1406/4989/4898 1425/5013/4898 1426/5014/4898
f 1426/5014/4899 1407/5015/4899 1406/4989/4899
f 1410/5016/4900 1425/5013/4900 1406/4989/4900
f 1412/5017/4901 1425/5013/4901 1410/5016/4901
f 1410/5016/4902 1411/5018/4902 1412/5017/4902
f 1903/4962/4903 1412/5019/4903 1411/5020/4903
f 3513/5021/4904 1903/4962/4904 1411/5020/4904
f 3513/5021/4904 1411/5020/4904 3515/5022/4904
f 3473/5023/4905 1410/5016/4905 3472/5024/4905
f 3471/5025/4906 3472/5024/4906 1410/5016/4906
f 3474/4988/4907 3471/5025/4907 1410/5016/4907
f 4239/5026/4908 3571/4971/4908 3569/5027/4908
f 4239/5026/4908 3569/5027/4908 4240/5028/4908
f 4240/5028/4908 3569/5027/4908 367/4975/4908
f 3569/5029/4909 3570/5030/4909 367/4978/4909
f 3473/5031/4910 3515/5022/4910 1411/5020/4910
f 1903/4962/4911 1422/5032/4911 1412/5019/4911
f 1422/5033/4912 1423/5011/4912 1412/5017/4912
f 1902/5034/4913 1422/5032/4913 1903/4962/4913
f 1902/5034/4914 1421/5035/4914 1422/5032/4914
f 1421/5036/4915 1419/5010/4915 1422/5033/4915
f 1420/4806/4916 1419/5010/4916 1421/5036/4916
f 631/5037/4917 1420/5038/4917 1421/5035/4917
f 631/5037/4918 1421/5035/4918 1899/5039/4918
f 631/5037/4919 1899/5039/4919 629/4828/4919
f 1899/5039/4920 1421/5035/4920 1900/4959/4920
f 1900/4959/4921 1421/5035/4921 1902/5034/4921
f 3473/5023/4905 1411/5018/4905 1410/5016/4905
f 1424/5012/4922 1407/5015/4922 1426/5014/4922
f 1412/5017/4923 1423/5011/4923 1425/5013/4923
f 1424/5012/4924 1417/5009/4924 1407/5015/4924
f 1422/5033/4925 1419/5010/4925 1423/5011/4925
f 1415/5004/4926 1407/5015/4926 1417/5009/4926
f 1415/5004/4927 1403/5002/4927 1407/5015/4927
f 1403/5002/4928 1404/4993/4928 1407/5015/4928
f 1402/5040/4929 1404/4993/4929 1403/5002/4929
f 1414/5003/4930 1409/4790/4930 1401/5001/4930
f 1400/5000/4931 1402/5040/4931 1403/5002/4931
f 3572/5041/4932 1402/5040/4932 1400/5000/4932
f 3572/5041/4932 1400/5000/4932 3527/5042/4932
f 3572/5041/4933 3518/5043/4933 1402/5040/4933
f 3517/4994/4934 1402/5040/4934 3518/5043/4934
f 3527/5042/4935 1400/5000/4935 1398/4998/4935
f 3522/5044/4936 3524/4997/4936 1397/4996/4936
f 3522/5044/4937 1397/4996/4937 1395/4785/4937
f 3522/5044/4937 1395/4785/4937 3521/5045/4937
f 3519/5046/4938 1140/4784/4938 3520/5047/4938
f 3520/5048/4939 1140/5049/4939 1138/4984/4939
f 3520/5048/4940 1138/4984/4940 3547/5050/4940
f 3519/5046/4941 3521/5045/4941 1395/4785/4941
f 3523/4995/4942 3525/5051/4942 1398/4998/4942
f 3525/5051/4943 3526/5052/4943 1398/4998/4943
f 3527/5042/4944 1398/4998/4944 3526/5052/4944
f 3517/4994/4934 1404/4993/4934 1402/5040/4934
f 1407/5015/4945 1404/4993/4945 1406/4989/4945
f 3474/4988/4872 1410/5016/4872 1406/4989/4872
f 3570/5030/4946 3546/4987/4946 367/4978/4946
f 3545/4986/4947 3547/5050/4947 1138/4984/4947
f 4240/5028/4908 367/4975/4908 4241/4974/4908
f 4239/5026/4860 4238/4972/4860 3571/4971/4860
f 4236/4968/4859 3567/5053/4859 3568/4969/4859
f 4235/4967/4948 3567/5053/4948 4236/4968/4948
f 4235/4967/4948 3566/4966/4948 3567/5053/4948
f 4234/4964/4866 4233/4983/4866 3565/4965/4866
f 3513/5021/4949 3514/4963/4949 1903/4962/4949
f 1902/5034/4950 1903/4962/4950 1900/4959/4950
f 1901/4829/4951 1899/5039/4951 1900/4959/4951
f 629/4828/4952 1899/5039/4952 1901/4829/4952
f 629/4824/4953 630/4821/4953 631/5054/4953
f 631/5054/4954 630/4821/4954 632/4810/4954
f 3501/4820/4727 636/4816/4727 630/4821/4727
f 3501/4820/4955 3499/5055/4955 636/4816/4955
f 3499/5055/4956 3500/5056/4956 636/4816/4956
f 3500/5056/4957 3544/4819/4957 636/4816/4957
f 3542/4845/4958 637/4736/4958 3543/5057/4958
f 636/4816/4959 633/4811/4959 630/4821/4959
f 632/4810/4960 630/4821/4960 633/4811/4960
f 1420/5038/4961 631/5037/4961 632/5058/4961
f 1420/4806/4962 1418/4804/4962 1419/5010/4962
f 1211/4803/4963 1416/5008/4963 1418/4804/4963
f 887/4728/4964 1215/4801/4964 1216/4802/4964
f 1214/4726/4965 1210/4721/4965 1215/4801/4965
f 1208/5007/4966 1416/5008/4966 1211/4803/4966
f 1207/4798/4967 1205/4797/4967 1208/4799/4967
f 1204/4795/4968 1203/4794/4968 1205/4797/4968
f 1200/4793/4969 368/4687/4969 1201/4685/4969
f 1196/4698/4970 368/4687/4970 1200/4793/4970
f 1203/4791/4971 1409/4790/4971 1205/5006/4971
f 1409/4790/4972 1405/4789/4972 1401/5001/4972
f 1405/4789/4973 1394/4787/4973 1401/5001/4973
f 1396/4786/4974 1399/4999/4974 1394/4787/4974
f 1395/4785/4975 1397/4996/4975 1396/4786/4975
f 3519/5046/4976 1395/4785/4976 1140/4784/4976
f 1138/4984/4977 1140/5049/4977 1141/4985/4977
f 1142/4981/4978 1141/4985/4978 1143/4777/4978
f 4228/4982/4867 1143/4777/4867 4229/4776/4867
f 4232/4774/4866 3564/4771/4866 3565/4965/4866
f 3562/4768/4684 209/4770/4684 210/4765/4684
f 3540/4854/4979 3561/5059/4979 449/4855/4979
f 3558/4766/4682 450/4760/4682 3560/4761/4682
f 4212/5060/4980 448/4663/4980 450/4760/4980
f 449/4758/4981 878/4742/4981 696/4741/4981
f 696/4740/4982 692/4739/4982 697/4852/4982
f 694/4737/4983 693/4846/4983 692/4739/4983
f 3542/4845/4958 694/4737/4958 637/4736/4958
f 695/4735/4984 879/4743/4984 880/4733/4984
f 637/4734/4985 884/4731/4985 635/4814/4985
f 885/4732/4986 880/4733/4986 881/4746/4986
f 634/4815/4987 884/4731/4987 886/4730/4987
f 634/4815/4988 886/4730/4988 887/4729/4988
f 1214/4726/4989 1215/4801/4989 887/4728/4989
f 888/4725/4990 885/4732/4990 883/4724/4990
f 889/4722/4991 1210/4721/4991 1214/4726/4991
f 1212/4719/4992 1206/4796/4992 1210/4721/4992
f 1209/4703/4993 1206/4796/4993 1212/4719/4993
f 1213/4702/4994 1218/4706/4994 1193/4556/4994
f 1199/4700/4995 1209/4703/4995 1198/4701/4995
f 1196/4698/4996 1200/4793/4996 1199/4700/4996
f 1196/4698/4997 369/4697/4997 368/4687/4997
f 4204/4686/4602 1201/4685/4602 368/4687/4602
f 1202/4679/4998 1408/4788/4998 1201/4792/4998
f 1392/4676/4999 1393/4783/4999 1202/4679/4999
f 4231/4675/5000 1144/4780/5000 1392/4676/5000
f 4208/4773/5001 4207/4674/5001 209/4673/5001
f 210/4765/5002 209/4770/5002 211/5061/5002
f 4214/4665/4591 450/4760/4591 211/4666/4591
f 4212/5060/4980 450/4760/4980 4214/4665/4980
f 4212/5060/5003 4213/4664/5003 448/4663/5003
f 440/4659/5004 445/4757/5004 448/4663/5004
f 4219/4658/4587 442/4754/4587 440/4659/4587
f 4217/4755/4673 442/4754/4673 4219/4658/4673
f 4217/4755/5005 4218/5062/5005 441/4656/5005
f 4218/5062/5006 4221/4657/5006 441/4656/5006
f 444/4751/5007 441/4656/5007 446/4652/5007
f 446/4652/5008 451/4650/5008 452/4753/5008
f 452/4753/5009 451/4650/5009 382/4649/5009
f 455/4606/5010 452/4753/5010 382/4649/5010
f 4184/5063/5011 4185/4646/5011 382/4645/5011
f 381/4608/5012 382/4649/5012 380/5064/5012
f 4186/4640/4573 375/5065/4573 377/4620/4573
f 4186/4640/5013 4187/5066/5013 375/5065/5013
f 4187/5066/5014 4190/5067/5014 375/5065/5014
f 4191/5068/5015 375/5065/5015 4190/5067/5015
f 4191/5068/5016 4192/5069/5016 374/4624/5016
f 4242/4639/5017 374/4624/5017 4192/5069/5017
f 4191/5068/5015 374/4624/5015 375/5065/5015
f 4245/5070/5018 372/4626/5018 4195/4637/5018
f 4244/5071/5019 371/4627/5019 4245/5070/5019
f 4244/5071/5020 4180/5072/5020 370/5073/5020
f 4181/4695/4607 1195/4633/4607 4179/4634/4607
f 1191/4632/5021 1195/4633/5021 1197/4699/5021
f 4244/5071/5022 370/5073/5022 371/4627/5022
f 4245/5070/5018 371/4627/5018 372/4626/5018
f 4242/4639/5017 372/4626/5017 374/4624/5017
f 375/5065/5023 374/4624/5023 376/4622/5023
f 377/4620/5024 375/5065/5024 376/4622/5024
f 380/4642/5025 377/4620/5025 381/5074/5025
f 455/4606/5026 382/4649/5026 381/4608/5026
f 453/4605/5027 452/4753/5027 455/4606/5027
f 447/4752/5028 453/4605/5028 454/4603/5028
f 892/4601/5029 447/4750/5029 454/4602/5029
f 891/4594/5030 447/4750/5030 892/4601/5030
f 891/4594/5031 890/4592/5031 447/4750/5031
f 872/4591/5032 883/4724/5032 890/4592/5032
f 872/4590/5033 871/4589/5033 873/4718/5033
f 874/4714/5034 871/4589/5034 870/4588/5034
f 874/4714/5035 870/4588/5035 861/4585/5035
f 868/4598/5036 862/4586/5036 869/4587/5036
f 860/4600/5037 859/4584/5037 862/4586/5037
f 849/3752/5038 859/4584/5038 860/4600/5038
f 875/4717/5039 861/4585/5039 858/4582/5039
f 849/3752/5040 857/4583/5040 859/4584/5040
f 876/4715/5041 858/4582/5041 856/4581/5041
f 856/5075/5042 855/4577/5042 877/4704/5042
f 850/3750/5043 853/4579/5043 854/4578/5043
f 1217/4705/5044 855/4577/5044 1219/4568/5044
f 1186/4566/5045 1180/4567/5045 1185/4565/5045
f 1219/4568/5046 1158/4570/5046 1156/4708/5046
f 1223/4710/5047 1156/4708/5047 1155/4559/5047
f 1224/4558/5048 1223/4710/5048 1155/4559/5048
f 1194/4557/5049 1223/4710/5049 1224/4558/5049
f 1193/4556/5050 1221/4709/5050 1194/4557/5050
f 1193/4556/5051 1190/4555/5051 1191/4632/5051
f 1187/4553/5052 1188/4628/5052 1190/4555/5052
f 1187/4553/5053 373/4552/5053 1188/4628/5053
f 378/4623/5054 373/4625/5054 379/4549/5054
f 383/4621/5055 379/4549/5055 385/4541/5055
f 386/4546/5056 1192/4554/5056 390/4547/5056
f 383/4621/5057 385/4541/5057 384/4540/5057
f 469/4537/5058 464/4609/5058 384/4539/5058
f 799/4535/5059 468/4616/5059 469/4536/5059
f 800/4534/5060 470/4530/5060 803/4531/5060
f 470/4526/5061 387/4538/5061 389/4527/5061
f 804/4529/5062 471/4524/5062 805/4523/5062
f 910/3791/5063 804/5076/5063 805/4516/5063
f 390/4547/5064 1226/4521/5064 389/4522/5064
f 390/4547/5065 1225/4518/5065 1226/4521/5065
f 1225/4518/5066 1152/4560/5066 913/4519/5066
f 1149/3730/5067 913/5077/5067 1152/4561/5067
f 910/3791/5068 805/4516/5068 912/4515/5068
f 910/3791/5069 806/3790/5069 804/5076/5069
f 802/4533/5070 806/4532/5070 807/3786/5070
f 811/3774/5071 812/3780/5071 815/3775/5071
f 801/3773/5072 807/3786/5072 811/3774/5072
f 462/3770/5073 799/4535/5073 801/3773/5073
f 461/3767/5074 459/3765/5074 462/4611/5074
f 456/3764/5075 458/4607/5075 459/3765/5075
f 456/3763/5076 867/3762/5076 457/4597/5076
f 867/3762/5077 865/3760/5077 866/4599/5077
f 864/3759/5078 866/4599/5078 865/3760/5078
f 863/3757/5079 860/4600/5079 864/3759/5079
f 841/3754/5080 860/4600/5080 863/3757/5080
f 837/3756/5081 835/5078/5081 842/3755/5081
f 842/3755/5082 835/5078/5082 838/5079/5082
f 842/3755/5083 838/5079/5083 843/5080/5083
f 843/5080/5084 838/5079/5084 844/5081/5084
f 844/5082/5085 1172/5083/5085 843/5084/5085
f 843/5084/5086 1172/5083/5086 847/5085/5086
f 846/3751/5087 843/5080/5087 847/5086/5087
f 847/5085/5088 1172/5083/5088 1170/5087/5088
f 847/5085/5089 1170/5087/5089 1173/5088/5089
f 847/5085/5090 1173/5088/5090 848/3746/5090
f 1173/5088/5091 1170/5087/5091 1167/3743/5091
f 1168/5089/5092 1167/3743/5092 1170/5087/5092
f 1168/5089/5093 1170/5087/5093 1169/5090/5093
f 1169/5090/5094 1166/5091/5094 1168/5089/5094
f 1166/5091/5095 1165/5092/5095 1168/5089/5095
f 1166/5091/5096 1161/5093/5096 1165/5092/5096
f 1161/5093/5097 1163/3742/5097 1165/5092/5097
f 923/5094/5098 1161/5093/5098 1166/5091/5098
f 923/5094/5099 1166/5091/5099 1169/5090/5099
f 923/5094/5100 1169/5090/5100 926/5095/5100
f 926/5095/5101 1169/5090/5101 1171/5096/5101
f 926/5095/5102 1171/5096/5102 839/5097/5102
f 925/1664/5103 926/5098/5103 839/5099/5103
f 927/5100/5104 925/1664/5104 839/5099/5104
f 836/5101/5105 927/5100/5105 839/5099/5105
f 836/5101/5106 839/5099/5106 835/5102/5106
f 835/5078/5107 833/1674/5107 836/5103/5107
f 832/1672/5108 927/5100/5108 836/5101/5108
f 832/1672/5109 925/1664/5109 927/5100/5109
f 839/5097/5110 1171/5096/5110 838/5104/5110
f 844/5082/5111 1171/5096/5111 1169/5090/5111
f 1168/5089/5112 1165/5092/5112 1167/3743/5112
f 1172/5083/5113 1169/5090/5113 1170/5087/5113
f 844/5082/5114 1169/5090/5114 1172/5083/5114
f 838/5104/5115 1171/5096/5115 844/5082/5115
f 838/5079/5116 835/5078/5116 839/5105/5116
f 834/1676/5117 835/5078/5117 837/3756/5117
f 842/3755/5118 843/5080/5118 845/3753/5118
f 849/3752/5119 860/4600/5119 841/3754/5119
f 845/3753/5120 843/5080/5120 846/3751/5120
f 850/3750/5121 857/4583/5121 849/3752/5121
f 846/3751/5122 847/5086/5122 848/3749/5122
f 850/3750/5123 852/3748/5123 853/4579/5123
f 851/3745/5124 1176/4575/5124 852/4576/5124
f 1173/5088/5125 1174/3744/5125 848/3746/5125
f 1173/5088/5126 1167/3743/5126 1174/3744/5126
f 1165/5092/5127 1163/3742/5127 1167/3743/5127
f 1161/5093/5128 1160/3741/5128 1163/3742/5128
f 1161/5093/5129 1159/1657/5129 1160/3741/5129
f 851/3745/5130 1164/3740/5130 1175/3739/5130
f 1177/4574/5131 1175/3739/5131 1179/3737/5131
f 1179/3737/5132 1157/3736/5132 1185/4565/5132
f 1181/3738/5133 1182/3732/5133 1184/3735/5133
f 1183/3734/5134 1154/3733/5134 1157/3736/5134
f 1149/3730/5135 1152/4561/5135 1154/3733/5135
f 1181/3738/5136 1162/3731/5136 1182/3732/5136
f 1160/3741/5137 1151/3729/5137 1162/3731/5137
f 1160/3741/5138 1153/1656/5138 1151/3729/5138
f 1147/3728/5139 913/5077/5139 1149/3730/5139
f 1145/3727/5140 1151/3729/5140 1150/1654/5140
f 1150/1654/5141 1146/3717/5141 1145/3727/5141
f 1147/3728/5142 911/3726/5142 913/5077/5142
f 790/5106/5143 911/3726/5143 788/3725/5143
f 788/3724/5144 786/3722/5144 781/3800/5144
f 783/3903/5145 786/3722/5145 785/3721/5145
f 787/3720/5146 1145/3727/5146 1146/3717/5146
f 1148/3716/5147 784/5107/5147 785/3719/5147
f 1264/3713/5148 1265/3891/5148 1148/3715/5148
f 1260/3889/5149 1264/3713/5149 1136/3709/5149
f 1262/3708/5150 1261/3908/5150 1136/3709/5150
f 1578/3703/5151 1263/4491/5151 1262/3707/5151
f 1582/3701/5152 1577/4496/5152 1578/3703/5152
f 1576/4487/5153 1582/3701/5153 1581/3699/5153
f 1585/3698/5154 1580/4374/5154 1581/3699/5154
f 1584/3697/5155 1580/4374/5155 1585/3698/5155
f 1809/3695/5156 1811/4368/5156 1584/3696/5156
f 1809/3695/5157 1807/3693/5157 1802/4363/5157
f 1807/3693/5158 1589/3692/5158 1802/4363/5158
f 1586/3691/5159 1587/3700/5159 1588/3689/5159
f 1591/3702/5160 1132/3688/5160 1588/3689/5160
f 1590/3684/5161 1800/3683/5161 1589/3692/5161
f 1786/3680/5162 1799/4360/5162 1800/3683/5162
f 1786/3680/5163 1788/3679/5163 1792/4357/5163
f 1788/3679/5164 1783/3678/5164 1789/4353/5164
f 1787/3676/5165 1126/3681/5165 1127/3677/5165
f 1782/4350/5166 1783/3672/5166 1784/3671/5166
f 1785/3670/5167 1782/4350/5167 1784/3671/5167
f 1745/4157/5168 1785/3670/5168 1740/3667/5168
f 1740/3667/5169 1738/3666/5169 1739/4161/5169
f 1737/3665/5170 1739/4161/5170 1738/3666/5170
f 1737/3665/5171 1618/3664/5171 1739/4161/5171
f 1052/5108/5172 1615/3663/5172 1735/3662/5172
f 1618/3661/5173 1617/3660/5173 1620/4163/5173
f 1617/3660/5174 1616/3659/5174 1621/4275/5174
f 1616/3659/5175 1051/3653/5175 1614/4248/5175
f 1615/3663/5176 1052/5108/5176 1050/5109/5176
f 1048/3650/5177 1050/3655/5177 1052/1636/5177
f 1049/3652/5178 1612/4270/5178 1051/3653/5178
f 1043/1631/5179 1048/3650/5179 1053/1635/5179
f 1039/3644/5180 1049/3652/5180 1042/5110/5180
f 1035/1628/5181 1036/3646/5181 1038/3645/5181
f 1035/1628/5182 1033/5111/5182 1036/3646/5182
f 1594/3640/5183 1608/4272/5183 1039/3644/5183
f 1594/3640/5184 1607/3634/5184 1608/4272/5184
f 1036/3643/5185 1033/5112/5185 1593/3642/5185
f 1593/3642/5186 1033/5112/5186 1595/1610/5186
f 1606/3637/5187 1607/3634/5187 1594/3640/5187
f 3753/3636/3353 1607/3634/3353 1606/3637/3353
f 3753/3636/5188 3754/3635/5188 1607/3634/5188
f 1607/3634/5189 1609/3631/5189 1608/4272/5189
f 1610/4271/5190 1609/3631/5190 1611/3630/5190
f 3748/3629/5191 3749/4274/5191 1611/3630/5191
f 3789/4273/5192 3760/4268/5192 1613/4267/5192
f 3728/4265/5193 3727/3620/5193 2035/3618/5193
f 3742/3621/5194 2034/3617/5194 3726/3619/5194
f 2036/3615/5195 2043/4253/5195 2035/3618/5195
f 3742/3621/5196 2033/3616/5196 2034/3617/5196
f 2036/3615/5197 2040/3614/5197 2041/4262/5197
f 2337/3566/5198 2041/4264/5198 2040/5113/5198
f 2342/3571/5199 2040/5113/5199 2039/3583/5199
f 2033/3616/5200 1989/3611/5200 2037/3612/5200
f 1876/3605/5201 1874/3603/5201 1873/3588/5201
f 1874/3603/5202 1871/3592/5202 1873/3588/5202
f 1871/3592/5203 1867/3589/5203 1873/3588/5203
f 1876/3605/5204 1873/3588/5204 1878/3586/5204
f 2038/3607/5205 1878/3610/5205 2039/3613/5205
f 1882/3582/5206 2342/3571/5206 2039/3583/5206
f 1882/3581/5207 1881/3578/5207 1883/3575/5207
f 1879/3580/5208 1869/3587/5208 1880/3579/5208
f 1883/3575/5209 1881/3578/5209 1884/3576/5209
f 1888/4145/5210 2332/3573/5210 1885/3574/5210
f 1883/3572/5211 2342/3571/5211 1882/3582/5211
f 2342/3571/5212 2339/3568/5212 2040/5113/5212
f 2332/3573/5213 2340/3569/5213 2341/3570/5213
f 2327/4143/5214 2338/3567/5214 2340/3569/5214
f 2337/3566/5215 2040/5113/5215 2339/3568/5215
f 2338/3567/5216 2331/4173/5216 2335/3564/5216
f 2336/3565/5217 2041/4264/5217 2337/3566/5217
f 2336/3565/5218 2044/3563/5218 2042/4263/5218
f 2333/4174/5219 2334/3561/5219 2335/3564/5219
f 2333/4174/5220 2047/3562/5220 2334/3561/5220
f 2045/4255/5221 2044/3559/5221 2046/3558/5221
f 2045/4255/5222 2046/3558/5222 2048/4258/5222
f 3787/3552/5223 3788/5114/5223 2048/3554/5223
f 3767/4279/3979 1645/4245/3979 3768/4269/3979
f 3764/4236/3926 1646/4237/3926 3767/4279/3926
f 3783/4232/5224 3784/3551/5224 2146/3547/5224
f 3785/3550/5225 3786/3553/5225 2144/3549/5225
f 2144/3549/5226 2145/3555/5226 2147/3548/5226
f 3783/4232/3923 2146/3547/3923 2151/3545/3923
f 2156/3508/5227 2151/3545/5227 2157/3544/5227
f 4808/5115/5228 2156/3508/5228 2157/3544/5228
f 1659/3487/5229 2151/3545/5229 2156/3508/5229
f 4808/5115/5228 2157/3544/5228 4787/3542/5228
f 4786/3540/3272 2159/3543/3272 2160/3331/3272
f 4746/3530/3263 2795/3320/3263 2790/3527/3263
f 4808/5115/5230 4807/5116/5230 2156/3508/5230
f 4780/3525/3259 2789/3266/3259 2787/3522/3259
f 2788/3263/5231 2787/3522/5231 2789/3266/5231
f 4807/5116/5232 4805/3509/5232 2156/3508/5232
f 1659/3487/5233 2156/3508/5233 1660/3507/5233
f 4762/3502/5234 1658/3500/5234 1660/3503/5234
f 1658/5117/5235 1657/3491/5235 1660/5118/5235
f 4763/3520/5236 2778/3498/5236 4761/3501/5236
f 3778/3496/5237 3779/3495/5237 1656/3494/5237
f 1656/3494/5238 1657/3491/5238 1658/5117/5238
f 1660/5118/5239 1657/3491/5239 1659/3490/5239
f 3776/3486/3234 2151/3545/3234 1659/3487/3234
f 3780/3485/5240 1654/3497/5240 1651/3252/5240
f 3773/3481/5241 1959/4226/5241 3763/4281/5241
f 3773/3481/5242 1964/3477/5242 1959/4226/5242
f 3770/3482/5243 1652/3251/5243 3772/5119/5243
f 1959/4226/5244 1964/3477/5244 1956/3476/5244
f 1951/4282/5245 1955/4223/5245 1956/3476/5245
f 1947/4285/5246 1949/4222/5246 1951/4282/5246
f 2743/3228/5247 2748/3472/5247 2749/5120/5247
f 2749/5120/5248 2748/3472/5248 2751/3231/5248
f 1946/4289/5249 1925/4286/5249 1947/4285/5249
f 2741/3468/5250 2739/3467/5250 1946/3470/5250
f 2739/3467/5251 1942/3465/5251 1944/4346/5251
f 2722/3219/5252 1941/3463/5252 2723/3223/5252
f 1940/3449/5253 1943/4290/5253 1942/3458/5253
f 4759/3457/5254 4791/5121/5254 1940/3449/5254
f 4791/5121/5255 4790/3450/5255 1940/3449/5255
f 1940/3449/5256 1935/3447/5256 1943/4290/5256
f 1939/3444/5257 1938/4292/5257 1935/3447/5257
f 4795/3443/3200 3478/4329/3200 1939/3444/3200
f 3458/4332/5258 3465/4337/5258 1905/4333/5258
f 3466/4338/5259 3468/4342/5259 1906/4339/5259
f 4753/3453/5260 3446/3454/5260 4751/5122/5260
f 3469/5123/5261 3470/3442/5261 1904/3441/5261
f 1904/3441/5262 2859/3438/5262 2860/3436/5262
f 1904/3441/5263 2860/3436/5263 1911/3425/5263
f 3440/3455/5264 2717/3214/5264 3439/5124/5264
f 3437/3207/5265 3439/5124/5265 2717/3214/5265
f 3575/3437/5266 2860/3436/5266 2859/3438/5266
f 3441/3429/5267 3443/3433/5267 2863/3427/5267
f 2860/3436/5268 2862/3428/5268 2861/3426/5268
f 1911/3425/5269 2860/3436/5269 2861/3426/5269
f 1910/3422/5270 1904/4340/5270 1911/3423/5270
f 1913/4214/5271 1910/3422/5271 1914/5125/5271
f 1913/4214/5272 1914/5125/5272 1915/4348/5272
f 2693/3400/5273 1916/4212/5273 1915/3415/5273
f 2694/3414/5274 2695/3416/5274 2700/3412/5274
f 2770/3406/5275 2705/3401/5275 2704/3411/5275
f 2705/3401/5276 2693/3400/5276 2696/3413/5276
f 2691/3397/5277 2692/4209/5277 2693/3400/5277
f 2690/3396/5278 2692/4209/5278 2691/3397/5278
f 2690/3396/5279 1978/3394/5279 1973/4210/5279
f 2688/3399/5280 2670/3393/5280 2689/3395/5280
f 2668/3392/5281 1981/5126/5281 1978/3394/5281
f 2668/3392/5282 2344/3390/5282 1981/5126/5282
f 1981/5127/5283 2344/3388/5283 1984/3386/5283
f 1983/3383/5284 1981/4208/5284 1984/5128/5284
f 1983/3383/5285 1977/3382/5285 1981/4208/5285
f 1982/3381/5286 1979/3379/5286 1977/3382/5286
f 1980/3377/5287 2343/3384/5287 1975/3370/5287
f 1976/3376/5288 1974/3374/5288 1979/3379/5288
f 1969/4199/5289 1974/3374/5289 1967/3373/5289
f 1967/3372/5290 1639/3371/5290 1640/5129/5290
f 2350/3369/5291 1635/4190/5291 1639/3371/5291
f 1975/3370/5292 2343/3384/5292 2346/3368/5292
f 2351/3367/5293 2367/4183/5293 2350/3369/5293
f 2345/3387/5294 2347/3366/5294 2346/3368/5294
f 2354/3365/5295 2361/4136/5295 2351/3367/5295
f 2355/3364/5296 2359/4134/5296 2354/3365/5296
f 2355/3364/5297 2353/3363/5297 2356/4132/5297
f 2347/3366/5298 2349/3362/5298 2352/3361/5298
f 2865/3356/5299 2357/4099/5299 2353/3357/5299
f 2880/3354/5300 2881/4068/5300 2865/3355/5300
f 2880/3354/5301 2375/3352/5301 2377/4066/5301
f 2349/3359/5302 2879/3350/5302 2866/3353/5302
f 2879/3350/5303 2349/3359/5303 2348/3351/5303
f 2375/3349/5304 2374/3347/5304 2376/4061/5304
f 2374/3347/5305 2371/3346/5305 2372/4059/5305
f 2370/3343/5306 2365/4058/5306 2371/3346/5306
f 2176/5130/5307 2155/3344/5307 2177/3345/5307
f 2174/3148/5308 2176/5131/5308 2177/3152/5308
f 2174/3148/5309 2175/5132/5309 2176/5131/5309
f 2174/3148/5310 2155/3340/5310 2175/5132/5310
f 2175/5133/5311 2155/3344/5311 2176/5130/5311
f 2154/3342/5312 2369/4178/5312 2370/3343/5312
f 2152/3339/5313 2153/4176/5313 2154/3341/5313
f 2152/3339/5314 2148/3338/5314 2047/3557/5314
f 2149/3337/5315 2147/3548/5315 2148/3338/5315
f 2158/3335/5316 2150/3546/5316 2149/3337/5316
f 2161/3332/5317 2159/3543/5317 2158/3335/5317
f 2160/3331/5318 2159/3543/5318 2161/3332/5318
f 4809/3537/3269 2160/3330/3269 2812/3329/3269
f 4772/3534/3266 2812/3329/3266 2810/3327/3266
f 2164/5134/5319 2811/3326/5319 2162/3328/5319
f 4750/3531/5320 2810/3327/5320 2809/3325/5320
f 4750/3531/5320 2809/3325/5320 4749/3322/5320
f 4746/3530/5321 4745/3321/5321 2795/3320/5321
f 2794/3318/5322 2790/3527/5322 2795/3320/5322
f 2793/3267/5323 2790/3527/5323 2794/3318/5323
f 4743/3317/3078 2796/5135/3078 2794/3318/3078
f 3330/3273/5324 2794/5136/5324 2796/3303/5324
f 4742/3316/5325 2796/5135/5325 4743/3317/5325
f 4747/3324/5326 2799/3313/5326 4815/5137/5326
f 4742/3316/5325 2797/3314/5325 2796/5135/5325
f 4741/3315/5327 4815/5137/5327 2799/3313/5327
f 2798/5138/5328 2797/3314/5328 2800/3311/5328
f 4747/3324/5326 2802/3312/5326 2799/3313/5326
f 2798/5138/5329 2800/3311/5329 2801/3309/5329
f 2796/5135/5330 2797/3314/5330 2798/5138/5330
f 3337/3297/5331 3330/3273/5331 2796/3303/5331
f 3333/3295/5332 3330/3273/5332 3337/3297/5332
f 3332/3293/5333 3329/3274/5333 3333/3295/5333
f 3331/5139/5334 3329/3274/5334 3332/3293/5334
f 3331/5139/5335 3332/3293/5335 3196/5140/5335
f 3195/5141/5336 3331/5139/5336 3196/5140/5336
f 3194/5142/5337 3195/5143/5337 3196/5144/5337
f 3196/5140/5338 3193/3292/5338 3194/5145/5338
f 3193/5146/5339 3192/5147/5339 3194/5142/5339
f 4567/5148/5340 3194/5142/5340 3192/5147/5340
f 4567/5148/5340 3192/5147/5340 4568/5149/5340
f 4570/5150/5341 3194/5142/5341 4569/5151/5341
f 4570/5150/5341 3133/5152/5341 3194/5142/5341
f 4570/5150/5342 4571/5153/5342 3133/5152/5342
f 4572/5154/5343 3133/5155/5343 4571/5156/5343
f 4572/5154/5344 4574/5157/5344 3132/5158/5344
f 4573/5159/5345 3132/5158/5345 4574/5157/5345
f 4573/5159/5346 4575/5160/5346 3131/5161/5346
f 4575/5162/5347 4576/5163/5347 3131/5164/5347
f 4577/5165/5348 3131/5164/5348 4576/5163/5348
f 4583/5166/5349 3183/5167/5349 4577/5165/5349
f 4583/5166/5350 3184/5168/5350 3183/5167/5350
f 3183/5167/5351 3184/5168/5351 3185/5169/5351
f 3183/5170/5352 3185/5171/5352 3248/5172/5352
f 3183/5170/5353 3248/5172/5353 3131/5173/5353
f 3131/5173/5354 3248/5172/5354 3249/3276/5354
f 3248/5172/5355 3185/5171/5355 3250/3277/5355
f 4578/5174/5356 3185/5169/5356 3184/5168/5356
f 4578/5174/5356 3184/5168/5356 4579/5175/5356
f 4584/5176/5357 4579/5175/5357 3184/5168/5357
f 4580/5177/5358 3185/5169/5358 4578/5174/5358
f 4580/5177/5358 3186/3283/5358 3185/5169/5358
f 4580/5177/5359 4581/5178/5359 3186/3283/5359
f 4583/5166/5360 4584/5176/5360 3184/5168/5360
f 4577/5165/5348 3183/5167/5348 3131/5164/5348
f 4581/5178/5361 4582/5179/5361 3186/3283/5361
f 4586/5180/5362 3186/3283/5362 4582/5179/5362
f 4573/5159/5345 3131/5161/5345 3132/5158/5345
f 3131/5181/5363 3329/3274/5363 3132/5182/5363
f 3132/5182/5364 3329/3274/5364 3133/5183/5364
f 4585/5184/5365 3190/3287/5365 4586/5180/5365
f 4585/5184/5365 3192/5147/5365 3190/3287/5365
f 4572/5154/5343 3132/5158/5343 3133/5155/5343
f 4585/5184/5366 4568/5149/5366 3192/5147/5366
f 4567/5148/5367 4569/5151/5367 3194/5142/5367
f 3194/5142/5368 3133/5152/5368 3195/5143/5368
f 3133/5183/5369 3331/5139/5369 3195/5141/5369
f 3133/5183/5370 3329/3274/5370 3331/5139/5370
f 3196/5140/5371 3332/3293/5371 3193/3292/5371
f 3191/3288/5372 3192/5147/5372 3193/5146/5372
f 3191/3288/5373 3190/3287/5373 3192/5147/5373
f 4586/5180/5362 3190/3287/5362 3186/3283/5362
f 3185/5169/5374 3186/3283/5374 3187/3282/5374
f 3250/3277/5375 3185/5171/5375 3187/3280/5375
f 3248/5172/5376 3250/3277/5376 3249/3276/5376
f 3131/5181/5377 3249/3275/5377 3329/3274/5377
f 3333/3295/5378 3329/3274/5378 3330/3273/5378
f 3330/3273/5379 2793/3268/5379 2794/5136/5379
f 2793/3267/5380 2789/3266/5380 2790/3527/5380
f 2788/3263/5381 2789/3266/5381 2791/3264/5381
f 2783/3262/5382 2787/3522/5382 2788/3263/5382
f 2781/3260/5383 2782/3513/5383 2783/3262/5383
f 2779/3259/5384 2780/3518/5384 2781/3260/5384
f 2779/3259/5385 2777/3258/5385 2778/3498/5385
f 2777/3258/5386 1654/3257/5386 2778/3498/5386
f 1651/3252/5387 1654/3497/5387 1655/5185/5387
f 3770/3482/5243 1651/3252/5243 1652/3251/5243
f 2754/3248/5388 1965/3475/5388 1652/3250/5388
f 1653/3247/5389 2775/3256/5389 2776/3246/5389
f 2776/3246/5390 2784/3261/5390 2785/3244/5390
f 2760/3127/5391 2785/3244/5391 2784/3261/5391
f 2754/3248/5392 2755/3241/5392 2752/3240/5392
f 2748/3472/5393 2752/3240/5393 2751/3231/5393
f 2749/5120/5394 2751/3231/5394 2750/3230/5394
f 2750/3230/5395 2743/3228/5395 2749/5120/5395
f 2740/3226/5396 2742/3469/5396 2743/3228/5396
f 2738/3225/5397 2744/3227/5397 2745/3174/5397
f 2740/3226/5398 2736/3224/5398 2737/3466/5398
f 2736/3224/5399 2723/3223/5399 2737/3466/5399
f 2726/3221/5400 2722/3219/5400 2723/3223/5400
f 2720/3218/5401 1941/3463/5401 2722/3219/5401
f 4812/3451/3204 2720/3218/3204 2719/3217/3204
f 3440/3455/5264 2719/3217/5264 2717/3214/5264
f 3437/3207/5402 2717/3214/5402 2718/3208/5402
f 3445/3432/5403 3434/3206/5403 2716/3200/5403
f 3433/3204/5404 3435/3213/5404 2715/3205/5404
f 2710/3198/5405 2715/3202/5405 2714/3183/5405
f 2711/3196/5406 2863/3427/5406 2716/3200/5406
f 2709/3185/5407 2708/3195/5407 2710/3198/5407
f 1912/3420/5408 2711/3196/5408 2707/3192/5408
f 1912/3420/5409 2707/3192/5409 2698/3191/5409
f 2697/3418/5410 2698/3190/5410 2699/3189/5410
f 2700/3412/5411 2699/3189/5411 2702/3188/5411
f 2700/3412/5412 2702/3188/5412 2703/3186/5412
f 2701/3187/5413 2708/3195/5413 2709/3185/5413
f 2774/3410/5414 2703/3186/5414 2713/3182/5414
f 2709/3185/5415 2710/3198/5415 2712/3184/5415
f 2712/3184/5416 2710/3198/5416 2714/3183/5416
f 2714/3183/5417 2725/3215/5417 2727/3181/5417
f 2774/3410/5418 2713/3182/5418 2730/3180/5418
f 2727/3181/5419 2725/3215/5419 2729/3179/5419
f 2731/3173/5420 2773/3409/5420 2730/3180/5420
f 2729/3179/5421 2725/3215/5421 2728/3178/5421
f 2728/3178/5422 2721/3216/5422 2732/3177/5422
f 2732/3177/5423 2724/3220/5423 2733/3176/5423
f 2733/3176/5424 2734/3222/5424 2735/3175/5424
f 2738/3225/5425 2745/3174/5425 2735/3175/5425
f 2745/3174/5426 2744/3227/5426 2746/3169/5426
f 2731/3173/5427 2769/3172/5427 2771/3408/5427
f 2769/3172/5428 2768/3171/5428 2767/3405/5428
f 2768/3171/5429 2765/3170/5429 2767/3405/5429
f 2765/3170/5430 2763/3167/5430 2764/3403/5430
f 2747/3229/5431 2762/3168/5431 2746/3169/5431
f 2763/3167/5432 2686/3164/5432 2764/3403/5432
f 2687/3165/5433 2761/3166/5433 2762/3168/5433
f 2683/3233/5434 2682/3162/5434 2687/3165/5434
f 2686/3164/5435 2684/3163/5435 2685/3398/5435
f 2684/3163/5436 2674/3161/5436 2685/3398/5436
f 2682/3162/5437 2677/3236/5437 2671/3159/5437
f 2674/3161/5438 2672/3160/5438 2670/3393/5438
f 2672/3160/5439 2669/3158/5439 2670/3393/5439
f 2348/3391/5440 2669/3158/5440 2373/3157/5440
f 2177/3345/5441 2373/3155/5441 2182/3154/5441
f 2178/3149/5442 2174/3148/5442 2177/3152/5442
f 2173/3147/5443 2155/3340/5443 2174/3148/5443
f 2169/3146/5444 2172/3336/5444 2173/3147/5444
f 2167/3145/5445 2168/3334/5445 2169/3146/5445
f 2170/3143/5446 2179/3150/5446 2180/3139/5446
f 2181/3151/5447 2183/3140/5447 2180/3139/5447
f 2183/3138/5448 2671/3159/5448 2673/3137/5448
f 2673/3137/5449 2675/3238/5449 2676/3136/5449
f 2676/3136/5450 2678/3235/5450 2679/3133/5450
f 2679/3133/5451 2758/3239/5451 2753/3134/5451
f 2753/3131/5452 2785/3244/5452 2760/3127/5452
f 2184/3135/5453 2759/3129/5453 2171/3128/5453
f 2760/3127/5454 2784/3261/5454 2786/3125/5454
f 2171/3126/5455 3066/3124/5455 2167/5186/5455
f 2167/5186/5456 3066/3124/5456 2166/3123/5456
f 2166/3122/5457 2163/3120/5457 2167/3145/5457
f 2162/3333/5458 2163/3120/5458 2164/3119/5458
f 2808/3114/5459 2811/3326/5459 2164/5134/5459
f 2165/3117/5460 2786/3125/5460 3067/3116/5460
f 2808/3114/5461 2807/3113/5461 2811/3326/5461
f 2807/3113/5462 2803/3111/5462 2802/3312/5462
f 2804/3310/5463 2803/3111/5463 2805/3110/5463
f 2805/3105/5464 3258/3099/5464 2804/3307/5464
f 3067/3116/5465 3068/3106/5465 2806/3109/5465
f 3068/3106/5466 2792/3265/5466 3069/3107/5466
f 3069/3104/5467 3251/3272/5467 3254/3103/5467
f 3254/3103/5468 3253/3278/5468 3256/3102/5468
f 3256/3102/5469 3252/3279/5469 3257/3100/5469
f 2805/3105/5470 3255/3101/5470 3258/3099/5470
f 3257/3100/5471 3188/3281/5471 3259/3098/5471
f 2804/3307/5472 3258/3099/5472 3260/3096/5472
f 3259/3098/5473 3189/3286/5473 3261/3097/5473
f 3261/3097/5474 3262/3290/5474 3263/3087/5474
f 3264/3306/5475 3260/3096/5475 3265/3095/5475
f 3267/3085/5476 3408/3082/5476 3398/3025/5476
f 3262/3294/5477 3334/3080/5477 3263/3081/5477
f 3334/3080/5478 3335/3296/5478 3338/3079/5478
f 3338/3301/5479 3426/3047/5479 3339/3050/5479
f 4557/3063/2851 3341/3049/2851 3432/3048/2851
f 4559/3073/2849 3432/3048/2849 3428/3045/2849
f 3338/3301/5480 3424/3046/5480 3426/3047/5480
f 3428/3045/5481 3429/3044/5481 3430/3065/5481
f 3424/3046/5482 3423/3041/5482 3427/3043/5482
f 3429/3044/5483 3425/3042/5483 3418/3036/5483
f 3422/3299/5484 3421/3040/5484 3423/3041/5484
f 3265/3093/5485 3414/3038/5485 3421/3040/5485
f 4740/3035/2816 3416/3034/2816 3418/3036/2816
f 3416/3034/5486 3415/3032/5486 3419/3072/5486
f 4736/3031/5487 3343/3028/5487 3415/3032/5487
f 4737/3039/2818 3412/3029/2818 4735/3030/2818
f 3409/3027/5488 3336/3084/5488 3343/3028/5488
f 3408/3082/5489 3409/3027/5489 3398/3025/5489
f 3405/3021/5490 3382/3006/5490 3406/3005/5490
f 3405/3021/5491 3383/5187/5491 3382/3006/5491
f 3404/2964/5492 3383/5187/5492 3405/3021/5492
f 3397/3004/5493 3267/3003/5493 3398/3023/5493
f 3268/3089/5494 3267/3088/5494 3269/3094/5494
f 3269/3001/5495 3379/2997/5495 3396/2996/5495
f 3269/3001/5496 3396/2996/5496 3399/2994/5496
f 3269/3001/5497 3399/2994/5497 3270/5188/5497
f 3413/2991/5498 3414/3038/5498 3270/2992/5498
f 3413/2991/5499 3411/2988/5499 3412/3029/5499
f 3410/3026/5500 3411/2988/5500 3392/2987/5500
f 3400/2995/5501 3401/2982/5501 3402/2985/5501
f 3400/2995/5502 3384/2983/5502 3401/2982/5502
f 3391/2981/5503 3390/2980/5503 3392/3019/5503
f 3390/2980/5504 3388/2979/5504 3389/2971/5504
f 3387/2977/5505 3389/2971/5505 3388/2979/5505
f 3381/2999/5506 3386/2976/5506 3384/2978/5506
f 3381/2999/5507 3380/2975/5507 3386/2976/5507
f 3380/2975/5508 3382/3000/5508 3383/2973/5508
f 3387/2977/5509 3385/2972/5509 3389/2971/5509
f 3389/2971/5510 3395/2970/5510 3394/3015/5510
f 4592/2967/5511 4591/3011/5511 3395/2970/5511
f 4539/2969/5512 3359/5189/5512 4538/5190/5512
f 4537/5191/5513 4538/5190/5513 3359/5189/5513
f 4537/5191/5514 3359/5189/5514 3358/2935/5514
f 4545/3020/5515 4546/2966/5515 3407/2965/5515
f 3405/3021/5516 3407/2965/5516 3404/2964/5516
f 3404/2959/5517 3403/2957/5517 3383/2974/5517
f 4541/2954/5518 3403/2957/5518 4542/2956/5518
f 4541/2954/5518 3360/2953/5518 3403/2957/5518
f 4539/2969/5512 3360/2968/5512 3359/5189/5512
f 4554/2950/2753 3358/2931/2753 3359/2951/2753
f 4554/2950/5519 4552/5192/5519 3358/2931/5519
f 4552/5192/5520 4553/5193/5520 3358/2931/5520
f 4603/5194/5521 3358/2931/5521 4553/5193/5521
f 4601/5195/5522 3305/2932/5522 4603/5194/5522
f 4601/5195/5522 3303/5196/5522 3305/2932/5522
f 4601/5195/5523 4602/5197/5523 3303/5196/5523
f 4604/2192/5524 3303/5198/5524 4602/5199/5524
f 4609/5200/5525 4608/5201/5525 3316/5202/5525
f 4609/5200/5526 3316/5202/5526 3315/5203/5526
f 4609/5200/5526 3315/5203/5526 4617/2193/5526
f 3316/5202/5527 3322/5204/5527 3315/5203/5527
f 3315/5203/5528 3322/5204/5528 3324/5205/5528
f 3324/5205/5529 3321/5206/5529 3315/5203/5529
f 3315/5203/5530 3321/5206/5530 3317/5207/5530
f 3130/5208/5531 3315/5203/5531 3317/5207/5531
f 3130/5208/5532 3317/5207/5532 3094/5209/5532
f 3093/5210/5533 3130/5211/5533 3094/5212/5533
f 3091/5213/5534 3093/5214/5534 3094/5215/5534
f 3091/5213/5535 3094/5215/5535 3095/5216/5535
f 3091/5213/5536 3095/5216/5536 3090/5217/5536
f 3089/5218/5537 3091/5213/5537 3090/5217/5537
f 3090/5217/5538 3088/5219/5538 3089/5218/5538
f 3088/5219/5539 3087/5220/5539 3089/5218/5539
f 3089/5218/5540 3087/5220/5540 3085/5221/5540
f 3087/5220/5541 3084/5222/5541 3085/5221/5541
f 3084/5222/5542 3081/5223/5542 3085/5221/5542
f 3081/5223/5543 3106/5224/5543 3085/5221/5543
f 3085/5221/5544 3106/5224/5544 3107/5225/5544
f 3107/5226/5545 3127/5227/5545 3085/5228/5545
f 3127/5227/5546 3128/5229/5546 3085/5228/5546
f 3085/5228/5547 3128/5229/5547 3129/5230/5547
f 3085/5228/5548 3129/5230/5548 3092/5231/5548
f 3091/5213/5549 3085/5221/5549 3092/5232/5549
f 3092/5231/5550 3129/5230/5550 3093/5210/5550
f 3093/5210/5551 3129/5230/5551 3125/5233/5551
f 3093/5210/5552 3125/5233/5552 3126/5234/5552
f 3125/5233/5553 3121/5235/5553 3126/5234/5553
f 3121/5236/5554 3315/5203/5554 3126/5237/5554
f 3121/5236/5555 3314/2194/5555 3315/5203/5555
f 3124/5238/5556 3121/5235/5556 3125/5233/5556
f 3122/5239/5557 3121/5235/5557 3124/5238/5557
f 3122/5239/5558 3124/5238/5558 3123/5240/5558
f 3117/5241/5559 3122/5239/5559 3123/5240/5559
f 3117/5241/5560 3123/5240/5560 3127/5227/5560
f 3111/5242/5561 3122/5239/5561 3117/5241/5561
f 3115/5243/5562 3111/5242/5562 3117/5241/5562
f 3107/5244/5563 3115/5245/5563 3117/5246/5563
f 3107/5244/5564 3197/5247/5564 3115/5245/5564
f 3115/5245/5565 3197/5247/5565 3200/5248/5565
f 3200/5248/5566 3201/5249/5566 3115/5245/5566
f 3115/5245/5567 3201/5249/5567 3116/5250/5567
f 2612/5251/5568 3115/5243/5568 3116/5252/5568
f 3116/5250/5569 3201/5249/5569 3202/5253/5569
f 3116/5250/5570 3202/5253/5570 3206/5254/5570
f 3116/5250/5571 3206/5254/5571 3207/5255/5571
f 3293/2925/5572 3116/5256/5572 3207/5257/5572
f 3293/2925/5573 3207/5257/5573 3294/5258/5573
f 3293/2925/5574 3294/5258/5574 3295/2941/5574
f 3293/2925/5575 3295/2941/5575 3298/5259/5575
f 3316/5202/5576 3294/2948/5576 3207/5260/5576
f 3321/5206/5577 3316/5202/5577 3207/5260/5577
f 3321/5206/5578 3207/5260/5578 3323/5261/5578
f 3323/5261/5579 3325/5262/5579 3321/5206/5579
f 3326/5263/5580 3321/5206/5580 3325/5262/5580
f 3327/5264/5581 3326/5263/5581 3325/5262/5581
f 3203/5265/5582 3327/5264/5582 3325/5262/5582
f 3325/5262/5583 3328/5266/5583 3203/5265/5583
f 3328/5266/5584 3204/5267/5584 3203/5265/5584
f 3202/5253/5585 3203/5268/5585 3204/5269/5585
f 3202/5253/5586 3204/5269/5586 3205/5270/5586
f 3328/5266/5587 3205/5271/5587 3204/5267/5587
f 3328/5266/5588 3325/5262/5588 3205/5271/5588
f 3325/5262/5589 3208/5272/5589 3205/5271/5589
f 3206/5254/5590 3205/5270/5590 3208/5273/5590
f 3319/5274/5591 3327/5264/5591 3203/5265/5591
f 3097/5275/5592 3319/5274/5592 3203/5265/5592
f 3097/5275/5593 3203/5265/5593 3198/5276/5593
f 3097/5277/5594 3198/5278/5594 3101/5279/5594
f 3099/5280/5595 3097/5281/5595 3101/5282/5595
f 3099/5280/5596 3101/5282/5596 3103/5283/5596
f 3099/5280/5597 3103/5283/5597 3102/5284/5597
f 3083/5285/5598 3099/5280/5598 3102/5284/5598
f 3083/5285/5599 3102/5284/5599 3079/5286/5599
f 3079/5286/5600 3082/5287/5600 3083/5285/5600
f 3082/5287/5601 3086/5288/5601 3083/5285/5601
f 3086/5288/5602 3090/5217/5602 3083/5285/5602
f 3090/5217/5603 3100/5289/5603 3083/5285/5603
f 3090/5217/5604 3098/5290/5604 3100/5289/5604
f 3100/5289/5605 3098/5290/5605 3095/5216/5605
f 3100/5289/5606 3095/5216/5606 3099/5280/5606
f 3082/5287/5607 3084/5222/5607 3086/5288/5607
f 3079/5286/5608 3081/5223/5608 3082/5287/5608
f 3079/5286/5609 3080/5291/5609 3081/5223/5609
f 3079/5286/5610 3102/5284/5610 3080/5291/5610
f 3102/5284/5611 3105/5292/5611 3080/5291/5611
f 3105/5292/5612 3104/5293/5612 3080/5291/5612
f 3080/5291/5613 3104/5293/5613 3106/5224/5613
f 3105/5292/5614 3103/5283/5614 3104/5293/5614
f 3100/5289/5615 3099/5280/5615 3083/5285/5615
f 3102/5284/5616 3103/5283/5616 3105/5292/5616
f 3103/5283/5617 3101/5282/5617 3104/5293/5617
f 3197/5247/5618 3104/5294/5618 3101/5279/5618
f 3101/5279/5619 3199/5295/5619 3197/5247/5619
f 3095/5216/5620 3097/5281/5620 3099/5280/5620
f 3095/5216/5621 3096/5296/5621 3097/5281/5621
f 3096/5297/5622 3318/5298/5622 3097/5275/5622
f 3096/5297/5623 3317/5207/5623 3318/5298/5623
f 3317/5207/5624 3326/5263/5624 3318/5298/5624
f 3318/5298/5625 3326/5263/5625 3319/5274/5625
f 3101/5279/5626 3198/5278/5626 3199/5295/5626
f 3198/5276/5627 3203/5265/5627 3199/5299/5627
f 3199/5299/5628 3203/5265/5628 3201/5300/5628
f 3097/5275/5629 3318/5298/5629 3319/5274/5629
f 3319/5274/5630 3326/5263/5630 3327/5264/5630
f 3323/5261/5631 3208/5272/5631 3325/5262/5631
f 3323/5261/5632 3207/5260/5632 3208/5272/5632
f 2613/2922/5633 3116/5256/5633 3293/2925/5633
f 3208/5301/5634 3207/5302/5634 3206/5303/5634
f 3206/5254/5635 3202/5253/5635 3205/5270/5635
f 3202/5253/5636 3201/5249/5636 3203/5268/5636
f 3200/5248/5637 3199/5295/5637 3201/5249/5637
f 3197/5247/5638 3199/5295/5638 3200/5248/5638
f 3107/5244/5639 3104/5294/5639 3197/5247/5639
f 2612/5251/5640 3111/5242/5640 3115/5243/5640
f 3122/5239/5641 3111/5242/5641 3112/5304/5641
f 3122/5239/5642 3112/5304/5642 3120/5305/5642
f 3118/5306/5643 3120/5305/5643 3112/5304/5643
f 3110/5307/5644 3118/5306/5644 3112/5304/5644
f 3109/5308/5645 3110/5307/5645 3112/5304/5645
f 3109/5308/5646 2930/5309/5646 3110/5307/5646
f 3110/5307/5647 2930/5309/5647 3074/5310/5647
f 3110/5307/5648 3074/5310/5648 3113/5311/5648
f 3113/5311/5649 3074/5310/5649 3076/5312/5649
f 3113/5311/5650 3076/5312/5650 3114/5313/5650
f 3118/5306/5651 3113/5311/5651 3114/5313/5651
f 3076/5314/5652 3172/5315/5652 3114/2202/5652
f 3076/5314/5653 3078/2207/5653 3172/5315/5653
f 3076/5316/5654 3077/5317/5654 3078/5318/5654
f 3078/5318/5655 3077/5317/5655 3073/5319/5655
f 3077/5317/5656 3071/5320/5656 3073/5319/5656
f 4615/5321/5657 3073/5319/5657 3071/5320/5657
f 4615/5321/5657 3071/5320/5657 4616/5322/5657
f 4616/5322/5658 3070/5323/5658 4626/5324/5658
f 4623/5325/5659 4626/5324/5659 3070/5323/5659
f 4623/5325/5660 3070/5323/5660 3074/2211/5660
f 3074/2211/5661 3070/5323/5661 3072/5326/5661
f 3070/5323/5662 3071/5320/5662 3072/5326/5662
f 4614/5327/5663 4613/5328/5663 3073/5329/5663
f 4612/2208/5664 3073/5329/5664 4613/5328/5664
f 4616/5322/5658 3071/5320/5658 3070/5323/5658
f 4615/5321/5665 4614/5330/5665 3073/5319/5665
f 3077/5317/5666 3072/5326/5666 3071/5320/5666
f 3076/5316/5667 3072/5326/5667 3077/5317/5667
f 3074/2211/5668 3072/5326/5668 3076/5316/5668
f 2928/5331/5669 3074/2211/5669 2930/5332/5669
f 2607/2910/5670 2930/5309/5670 3109/5308/5670
f 2607/2910/5671 3109/5308/5671 2611/5333/5671
f 2611/5333/5672 3109/5308/5672 3111/5242/5672
f 3110/5307/5673 3113/5311/5673 3118/5306/5673
f 3118/5306/5674 3119/5334/5674 3120/5305/5674
f 3120/5305/5675 3119/5334/5675 3121/5235/5675
f 3109/5308/5676 3112/5304/5676 3111/5242/5676
f 3128/5229/5677 3123/5240/5677 3124/5238/5677
f 3122/5239/5678 3120/5305/5678 3121/5235/5678
f 3129/5230/5679 3124/5238/5679 3125/5233/5679
f 3129/5230/5680 3128/5229/5680 3124/5238/5680
f 3127/5227/5681 3123/5240/5681 3128/5229/5681
f 3117/5241/5682 3127/5227/5682 3107/5226/5682
f 3106/5224/5683 3104/5293/5683 3107/5225/5683
f 3080/5291/5684 3106/5224/5684 3081/5223/5684
f 3082/5287/5685 3081/5223/5685 3084/5222/5685
f 3086/5288/5686 3084/5222/5686 3087/5220/5686
f 3086/5288/5687 3087/5220/5687 3088/5219/5687
f 3086/5288/5688 3088/5219/5688 3090/5217/5688
f 3089/5218/5689 3085/5221/5689 3091/5213/5689
f 3090/5217/5690 3095/5216/5690 3098/5290/5690
f 3095/5216/5691 3094/5215/5691 3096/5296/5691
f 3091/5213/5692 3092/5232/5692 3093/5214/5692
f 3093/5210/5693 3126/5234/5693 3130/5211/5693
f 3094/5209/5694 3317/5207/5694 3096/5297/5694
f 3126/5237/5695 3315/5203/5695 3130/5208/5695
f 3317/5207/5696 3321/5206/5696 3326/5263/5696
f 3324/5205/5697 3322/5204/5697 3321/5206/5697
f 3316/5202/5698 3321/5206/5698 3322/5204/5698
f 4608/5201/5699 4607/5335/5699 3316/5202/5699
f 4606/2949/5700 3316/5202/5700 4607/5335/5700
f 4606/2949/5700 3294/2948/5700 3316/5202/5700
f 3294/2948/5701 3320/2944/5701 3295/5336/5701
f 4532/2943/2749 3295/5336/2749 3320/2944/2749
f 4532/2943/5702 4600/5337/5702 3295/5336/5702
f 3298/5259/5703 3295/2941/5703 3300/2940/5703
f 3302/2928/5704 3298/5259/5704 3300/2940/5704
f 3307/5338/5705 3302/2928/5705 3300/2940/5705
f 4597/5339/5706 3307/5338/5706 3300/2940/5706
f 4597/5339/5707 4595/5340/5707 3307/5338/5707
f 4595/5340/5708 4596/5341/5708 3307/5338/5708
f 4536/5342/5709 3307/5338/5709 4596/5341/5709
f 4536/5342/5709 3306/2930/5709 3307/5338/5709
f 4536/5342/5710 4535/5343/5710 3306/2930/5710
f 4597/5339/5706 3300/2940/5706 4598/2939/5706
f 4535/5344/5711 4534/2937/5711 3306/2936/5711
f 4537/5191/5514 3358/2935/5514 4533/2934/5514
f 4603/5194/5521 3305/2932/5521 3358/2931/5521
f 3302/2928/5712 3307/5338/5712 3306/2930/5712
f 3303/5198/5713 3304/2927/5713 3305/2929/5713
f 3299/2926/5714 3298/5259/5714 3302/2928/5714
f 3301/2191/5715 3304/2927/5715 3303/5198/5715
f 3299/2926/5716 3293/2925/5716 3298/5259/5716
f 2613/2922/5717 3293/2925/5717 3296/2923/5717
f 3271/2918/5718 2608/5345/5718 2610/2919/5718
f 4519/5346/5719 2608/5345/5719 3271/2918/5719
f 2612/5347/5720 3116/5256/5720 2613/2922/5720
f 2611/5333/5721 3111/5242/5721 2612/5251/5721
f 2608/5348/5722 2606/2911/5722 2610/2914/5722
f 2605/5349/5723 2606/2911/5723 2608/5348/5723
f 4521/5350/5724 2605/5351/5724 2608/5345/5724
f 2604/2182/5725 2606/2911/5725 2605/5349/5725
f 2609/5352/5726 2607/2910/5726 2611/5333/5726
f 2603/2179/5727 2601/2905/5727 2606/2911/5727
f 2603/2179/5728 2600/2176/5728 2601/2905/5728
f 2607/2910/5729 3108/2908/5729 2930/5309/5729
f 3108/2908/5730 2929/5353/5730 2930/5309/5730
f 3108/2908/5731 2935/5354/5731 2929/5353/5731
f 2816/2888/5732 2929/2222/5732 2935/5355/5732
f 2597/2902/5733 2816/5356/5733 2935/5357/5733
f 2602/2907/5734 2935/5354/5734 3108/2908/5734
f 2600/2176/5735 2598/2901/5735 2601/2905/5735
f 2597/2902/5736 2935/5357/5736 2602/2903/5736
f 2595/2897/5737 2815/2890/5737 2597/5358/5737
f 1483/3959/5738 2813/2892/5738 2590/2893/5738
f 2595/2897/5739 2814/2891/5739 2815/2890/5739
f 2597/5358/5740 2815/2890/5740 2816/2889/5740
f 2816/2888/5741 2934/2887/5741 2929/2222/5741
f 2934/2887/5742 2931/2224/5742 2929/2222/5742
f 2933/2885/5743 2931/2224/5743 2934/2887/5743
f 2819/2884/5744 2932/2227/5744 2933/2885/5744
f 2817/2883/5745 2813/2892/5745 2818/2878/5745
f 2818/2878/5746 2813/2892/5746 2496/1512/5746
f 2582/2874/5747 2581/5359/5747 2583/2875/5747
f 2580/2243/5748 2581/5359/5748 2582/2874/5748
f 2580/2243/5749 2582/2874/5749 2576/2250/5749
f 2582/2874/5750 2585/2866/5750 2576/2250/5750
f 2582/2874/5751 2584/2868/5751 2585/2866/5751
f 2576/2250/5752 2585/2866/5752 2577/2865/5752
f 2258/2317/5753 2030/5360/5753 2260/2854/5753
f 2258/2317/5754 2260/2854/5754 2263/2844/5754
f 2032/2855/5755 2502/2867/5755 2264/2856/5755
f 2260/2854/5756 2265/2848/5756 2263/2844/5756
f 2271/2842/5757 2262/2319/5757 2263/2844/5757
f 2270/2841/5758 2262/2319/5758 2271/2842/5758
f 2275/2843/5759 2284/2839/5759 2274/2840/5759
f 2417/2826/5760 2292/2822/5760 2294/2821/5760
f 2287/2823/5761 2286/2818/5761 2291/2819/5761
f 2284/2839/5762 2282/1486/5762 2286/2818/5762
f 2288/2813/5763 2296/2810/5763 2295/2763/5763
f 2297/2809/5764 2853/2807/5764 2299/2768/5764
f 2290/2808/5765 2849/2805/5765 2850/2806/5765
f 2290/2808/5766 2847/2799/5766 2849/2805/5766
f 2852/2772/5767 2848/2774/5767 2854/2773/5767
f 2299/2768/5768 2853/2807/5768 2852/2772/5768
f 2298/2765/5769 2297/2812/5769 2299/2767/5769
f 2296/2810/5770 2298/2765/5770 2295/2763/5770
f 2293/2820/5771 2288/2813/5771 2295/2763/5771
f 3017/2711/5772 2294/5361/5772 2293/2761/5772
f 2302/2759/5773 2301/2764/5773 2303/2756/5773
f 2303/2756/5774 2300/2766/5774 2306/2744/5774
f 2308/2742/5775 2855/2738/5775 2857/2754/5775
f 2307/2769/5776 2851/2739/5776 2306/2741/5776
f 2855/2737/5777 2884/2735/5777 2887/2730/5777
f 2851/2777/5778 2883/2734/5778 2856/2736/5778
f 2827/2776/5779 2882/1470/5779 2883/2734/5779
f 2884/2735/5780 2885/2733/5780 2888/2731/5780
f 2884/2735/5781 2888/2731/5781 2887/2730/5781
f 2892/2720/5782 2887/2730/5782 2894/2721/5782
f 3026/2717/5783 2891/2750/5783 2892/2718/5783
f 3024/2715/5784 2891/2750/5784 3026/2717/5784
f 3028/2702/5785 3023/2714/5785 3027/2716/5785
f 3020/2713/5786 2305/2747/5786 3024/2715/5786
f 3018/2712/5787 2304/2758/5787 3020/2713/5787
f 3018/2712/5788 3017/2711/5788 2304/2758/5788
f 3017/2711/5789 2418/2710/5789 2294/5361/5789
f 3012/2708/5790 2419/2831/5790 2418/2710/5790
f 3014/2707/5791 3011/2833/5791 3012/2708/5791
f 3014/2707/5792 3021/2706/5792 3013/2835/5792
f 3021/2706/5793 3059/5362/5793 3013/2835/5793
f 3013/2835/5794 3059/5362/5794 3002/2346/5794
f 3059/5362/5795 3060/5363/5795 3002/2346/5795
f 3060/5363/5796 3061/5364/5796 3002/2346/5796
f 3002/2346/5797 3061/5364/5797 2972/2381/5797
f 2972/2381/5798 3061/5364/5798 3058/5365/5798
f 2972/2381/5799 3058/5365/5799 3057/5366/5799
f 3058/5365/5800 3056/5367/5800 3057/5366/5800
f 3055/5368/5801 3057/5366/5801 3056/5367/5801
f 3054/5369/5802 3055/5368/5802 3056/5367/5802
f 3054/5369/5803 3052/5370/5803 3055/5368/5803
f 3055/5368/5804 3052/5370/5804 3053/5371/5804
f 3052/5370/5805 3050/5372/5805 3053/5371/5805
f 4886/5373/5806 3053/5374/5806 3050/5375/5806
f 4886/5373/5806 3050/5375/5806 4885/5376/5806
f 4908/5377/5807 2981/5378/5807 4906/5379/5807
f 4905/5380/5808 4906/5379/5808 2981/5378/5808
f 4905/5381/5809 2981/5382/5809 2980/5383/5809
f 4905/5381/5809 2980/5383/5809 4907/5384/5809
f 4827/5385/5810 2979/5386/5810 4826/5387/5810
f 4826/5387/5811 2979/5386/5811 2977/5388/5811
f 4826/5387/5811 2977/5388/5811 4825/5389/5811
f 4887/5390/5812 3053/5371/5812 4888/5391/5812
f 4888/5391/5813 3053/5371/5813 3064/5392/5813
f 4888/5391/5813 3064/5392/5813 4889/5393/5813
f 4889/5393/5814 3064/5392/5814 3065/5394/5814
f 4889/5393/5814 3065/5394/5814 4890/5395/5814
f 4882/5396/5815 4890/5395/5815 3065/5394/5815
f 4881/5397/5816 4882/5396/5816 3065/5394/5816
f 4883/5398/5817 4881/5399/5817 3065/5400/5817
f 4891/5401/5818 4883/5398/5818 3065/5400/5818
f 4891/5401/5819 3064/5402/5819 4892/5403/5819
f 4891/5401/5819 3065/5400/5819 3064/5402/5819
f 4892/5404/5820 3064/5392/5820 3053/5371/5820
f 4887/5390/5812 3057/5366/5812 3053/5371/5812
f 4887/5390/5821 4893/5405/5821 3057/5366/5821
f 4894/5406/5822 3057/5366/5822 4893/5405/5822
f 4894/5406/5823 4895/5407/5823 3063/5408/5823
f 4895/5407/5824 4896/5409/5824 3063/5408/5824
f 4818/5410/5825 3063/5408/5825 4896/5409/5825
f 4821/5411/5826 4822/5412/5826 2976/5413/5826
f 4820/5414/5827 4821/5411/5827 2976/5413/5827
f 4819/5415/5828 4820/5414/5828 2976/5413/5828
f 4725/5416/5829 4819/5415/5829 2976/5413/5829
f 4725/5416/5830 2976/5413/5830 2966/2388/5830
f 2976/5413/5831 2977/5388/5831 2966/2388/5831
f 2966/2388/5832 2977/5388/5832 2978/5417/5832
f 4824/5418/5833 2977/5388/5833 2976/5413/5833
f 4824/5418/5834 2976/5413/5834 4823/5419/5834
f 4816/5420/5835 3057/5366/5835 4817/5421/5835
f 4818/5410/5836 4817/5421/5836 3057/5366/5836
f 4816/5420/5837 2975/2382/5837 3057/5366/5837
f 4816/5422/5838 4722/5423/5838 2975/5424/5838
f 4822/5412/5839 4823/5419/5839 2976/5413/5839
f 4818/5410/5840 3057/5366/5840 3063/5408/5840
f 4894/5406/5841 3063/5408/5841 3057/5366/5841
f 4824/5418/5842 4825/5389/5842 2977/5388/5842
f 2978/5417/5843 2977/5388/5843 2979/5386/5843
f 2978/5417/5844 2979/5386/5844 2964/2390/5844
f 4827/5385/5810 2980/5383/5810 2979/5386/5810
f 2982/2402/5845 2979/5386/5845 2980/5383/5845
f 2980/5383/5846 2984/5425/5846 2982/2402/5846
f 2982/2402/5847 2984/5425/5847 2985/5426/5847
f 2984/5427/5848 2983/5428/5848 2985/5429/5848
f 2985/5429/5849 2983/5428/5849 3361/5430/5849
f 2985/5429/5850 3361/5430/5850 3362/5431/5850
f 3362/5432/5851 3157/5433/5851 2985/5434/5851
f 2985/5434/5852 3157/5433/5852 2988/5435/5852
f 3156/5436/5853 2988/5437/5853 3157/5438/5853
f 3156/5436/5854 3157/5438/5854 3158/5439/5854
f 3159/2426/5855 3156/5436/5855 3158/5439/5855
f 3378/5440/5856 3158/5441/5856 3157/5433/5856
f 3378/5440/5857 3157/5433/5857 3363/5442/5857
f 3364/5443/5858 3378/5440/5858 3363/5442/5858
f 4828/5444/5859 3364/5445/5859 3363/5446/5859
f 4828/5444/5859 3363/5446/5859 4829/5447/5859
f 4912/5448/5860 4910/5449/5860 3289/5450/5860
f 4912/5448/5861 3289/5450/5861 3284/5451/5861
f 4912/5448/5862 3284/5451/5862 4878/5452/5862
f 4878/5452/5863 3280/5453/5863 4879/5454/5863
f 4880/5455/5864 4879/5454/5864 3280/5453/5864
f 4913/5456/5865 4880/5455/5865 3280/5453/5865
f 4913/5457/5866 3280/5458/5866 3279/5459/5866
f 4913/5457/5866 3279/5459/5866 4914/5460/5866
f 4914/5460/5867 3278/5461/5867 4904/5462/5867
f 4903/5463/5868 4904/5462/5868 3278/5461/5868
f 4877/5464/5869 4903/5463/5869 3278/5461/5869
f 4877/5464/5870 3278/5461/5870 3276/2440/5870
f 4877/5464/5870 3276/2440/5870 4876/5465/5870
f 3276/2440/5871 3278/5461/5871 3277/2683/5871
f 3278/5461/5872 3279/5459/5872 3277/2683/5872
f 3277/2683/5873 3279/5459/5873 3281/5466/5873
f 3277/2683/5874 3281/5466/5874 3283/5467/5874
f 3283/5467/5875 3281/5466/5875 3282/5468/5875
f 3285/2685/5876 3283/5467/5876 3282/5468/5876
f 3282/5468/5877 3286/5469/5877 3285/2685/5877
f 3282/5468/5878 3284/5470/5878 3286/5469/5878
f 3286/5469/5879 3284/5470/5879 3287/5471/5879
f 3288/2686/5880 3286/5469/5880 3287/5471/5880
f 3282/5468/5881 3280/5458/5881 3284/5470/5881
f 3279/5459/5882 3282/5468/5882 3281/5466/5882
f 4839/5472/5883 4840/5473/5883 3370/2434/5883
f 4839/5472/5884 3371/2433/5884 4838/5474/5884
f 4838/5474/5885 3371/2433/5885 3373/5475/5885
f 4838/5474/5885 3373/5475/5885 4832/5476/5885
f 4831/5477/5886 4832/5476/5886 3373/5475/5886
f 4833/5478/5887 4831/5477/5887 3373/5475/5887
f 4834/5479/5888 4833/5478/5888 3373/5475/5888
f 4834/5479/5889 3373/5475/5889 3374/5480/5889
f 4834/5479/5889 3374/5480/5889 4835/5481/5889
f 4835/5481/5890 3374/5480/5890 3365/5482/5890
f 4835/5481/5890 3365/5482/5890 4836/5483/5890
f 4837/5484/5891 4836/5485/5891 3365/5486/5891
f 4837/5484/5892 3365/5486/5892 3364/5445/5892
f 4837/5484/5892 3364/5445/5892 4830/5487/5892
f 3365/5482/5893 3376/5488/5893 3364/5443/5893
f 3365/5482/5894 3374/5480/5894 3376/5488/5894
f 3376/5488/5895 3374/5480/5895 3375/5489/5895
f 3375/5489/5896 3377/5490/5896 3376/5488/5896
f 3377/5490/5897 3161/5491/5897 3376/5488/5897
f 3378/5440/5898 3376/5488/5898 3161/5491/5898
f 3377/5490/5899 3160/5492/5899 3161/5491/5899
f 3160/2427/5900 3158/5439/5900 3161/5493/5900
f 3377/5490/5901 3372/5494/5901 3160/5492/5901
f 3375/5489/5902 3372/5494/5902 3377/5490/5902
f 3374/5480/5903 3372/5494/5903 3375/5489/5903
f 3374/5480/5904 3373/5475/5904 3372/5494/5904
f 3373/5475/5905 3371/2433/5905 3372/5494/5905
f 4914/5460/5867 3279/5459/5867 3278/5461/5867
f 3279/5459/5906 3280/5458/5906 3282/5468/5906
f 4878/5452/5863 3284/5451/5863 3280/5453/5863
f 3287/5495/5907 3284/5451/5907 3289/5450/5907
f 3042/2687/5908 3287/5471/5908 3289/5496/5908
f 3042/2687/5909 3289/5496/5909 3290/5497/5909
f 4899/5498/5910 3290/5499/5910 3289/5500/5910
f 4899/5498/5911 3289/5500/5911 4911/5501/5911
f 4899/5498/5912 4898/5502/5912 3290/5499/5912
f 4897/5503/5913 3290/5499/5913 4898/5502/5913
f 4884/5504/5914 3292/5505/5914 4897/5503/5914
f 4884/5504/5915 3050/5375/5915 3292/5505/5915
f 3038/5506/5916 3292/5505/5916 3050/5375/5916
f 3040/5507/5917 3038/5508/5917 3050/5509/5917
f 3049/5510/5918 3040/5511/5918 3050/5372/5918
f 3049/5510/5919 3035/5512/5919 3040/5511/5919
f 3036/2699/5920 3040/5511/5920 3035/5512/5920
f 3033/5513/5921 3036/2699/5921 3035/5512/5921
f 3022/2704/5922 3033/5513/5922 3035/5512/5922
f 3021/2706/5923 3035/5512/5923 3049/5510/5923
f 3021/2706/5924 3049/5510/5924 3051/5514/5924
f 3049/5510/5925 3054/5369/5925 3051/5514/5925
f 3054/5369/5926 3058/5365/5926 3051/5514/5926
f 3037/2698/5927 3038/5515/5927 3040/5511/5927
f 4900/5516/5928 3361/5430/5928 4909/5517/5928
f 4908/5377/5929 4909/5517/5929 3361/5430/5929
f 4900/5516/5930 4901/5518/5930 3362/5431/5930
f 4902/5519/5931 3362/5431/5931 4901/5518/5931
f 4902/5519/5931 3363/5446/5931 3362/5431/5931
f 4897/5503/5913 3292/5505/5913 3290/5499/5913
f 3291/5520/5932 3290/5499/5932 3292/5505/5932
f 4910/5521/5933 4911/5501/5933 3289/5500/5933
f 4902/5519/5934 4829/5447/5934 3363/5446/5934
f 4828/5444/5935 4830/5487/5935 3364/5445/5935
f 3364/5443/5936 3376/5488/5936 3378/5440/5936
f 3378/5440/5937 3161/5491/5937 3158/5441/5937
f 3151/2423/5938 2988/5437/5938 3156/5436/5938
f 3363/5442/5939 3157/5433/5939 3362/5432/5939
f 4900/5516/5928 3362/5431/5928 3361/5430/5928
f 3361/5430/5940 2983/5428/5940 2981/5378/5940
f 2983/5522/5941 2984/5425/5941 2980/5383/5941
f 4827/5385/5942 4907/5384/5942 2980/5383/5942
f 2980/5523/5943 2981/5378/5943 2983/5428/5943
f 4908/5377/5944 3361/5430/5944 2981/5378/5944
f 4884/5504/5945 4885/5376/5945 3050/5375/5945
f 4892/5404/5820 3053/5371/5820 4886/5524/5820
f 3049/5510/5946 3050/5372/5946 3052/5370/5946
f 3049/5510/5947 3052/5370/5947 3054/5369/5947
f 3055/5368/5948 3053/5371/5948 3057/5366/5948
f 3054/5369/5949 3056/5367/5949 3058/5365/5949
f 3061/5364/5950 3051/5514/5950 3058/5365/5950
f 3060/5363/5951 3051/5514/5951 3061/5364/5951
f 3059/5362/5952 3051/5514/5952 3060/5363/5952
f 3059/5362/5953 3021/2706/5953 3051/5514/5953
f 3021/2706/5954 3022/2704/5954 3035/5512/5954
f 3016/2709/5955 3019/2703/5955 3015/2705/5955
f 3022/2704/5956 3029/2700/5956 3033/5513/5956
f 3028/2702/5957 3019/2703/5957 3023/2714/5957
f 3028/2702/5958 3027/2716/5958 3030/2701/5958
f 3030/2701/5959 3027/2716/5959 3031/2697/5959
f 3033/5513/5960 3029/2700/5960 3036/2699/5960
f 3037/2698/5961 3040/5511/5961 3036/2699/5961
f 3027/2716/5962 3032/2696/5962 3031/2697/5962
f 3037/2698/5963 3034/2695/5963 3038/5515/5963
f 3038/2693/5964 3291/2691/5964 3292/5525/5964
f 3042/2687/5965 3290/5497/5965 3291/2691/5965
f 3039/2690/5966 3032/2696/5966 3041/2689/5966
f 3042/2687/5967 3288/2686/5967 3287/5471/5967
f 3288/2686/5968 3285/2685/5968 3286/5469/5968
f 3277/2683/5969 3283/5467/5969 3285/2685/5969
f 3045/2681/5970 3276/2440/5970 3277/2683/5970
f 3041/2689/5971 3044/2678/5971 3043/2682/5971
f 3044/2678/5972 2895/2719/5972 2899/2677/5972
f 3273/2680/5973 3046/2675/5973 3274/2444/5973
f 3047/2516/5974 2899/2677/5974 2902/2517/5974
f 3048/2515/5975 3308/2514/5975 3309/2520/5975
f 3308/2514/5976 2909/2513/5976 3231/2524/5976
f 2899/2725/5977 2901/2506/5977 2902/5526/5977
f 2901/2506/5978 2907/1442/5978 2908/2507/5978
f 3230/2525/5979 2909/2505/5979 3233/2504/5979
f 4361/2585/2368 3233/2504/2368 4365/2501/2368
f 4362/5527/5980 4363/2487/5980 2912/2486/5980
f 2912/2486/5981 3234/2483/5981 3235/2482/5981
f 4425/2581/2363 3235/2482/2363 4426/2481/2363
f 4329/2479/2284 3178/2489/2284 3155/2477/2284
f 4328/2478/2283 3179/2476/2283 4327/2475/2283
f 4386/2574/5982 4325/2473/5982 3181/2471/5982
f 4326/2474/2281 3180/2468/2281 4324/2472/2281
f 3181/2471/5983 3167/2470/5983 3169/5528/5983
f 3180/2468/5984 3155/2477/5984 3164/2469/5984
f 3155/2496/5985 3162/2428/5985 3164/2464/5985
f 3167/2467/5986 3166/2466/5986 3168/2673/5986
f 3164/2464/5987 3162/2428/5987 3165/2465/5987
f 3367/2460/5988 3168/2672/5988 3166/2462/5988
f 3366/2550/5989 3367/2460/5989 3356/2456/5989
f 4867/2455/2267 3353/2454/2267 3356/2456/2267
f 3350/2544/5990 3353/2454/5990 3355/2453/5990
f 4866/2543/2333 3355/2453/2333 4865/2452/2333
f 4841/2532/5991 4842/2450/5991 3313/2449/5991
f 3312/2448/5992 3311/2521/5992 3313/2449/5992
f 4730/2445/5993 3312/2448/5993 4731/2447/5993
f 4730/2445/5993 3274/2444/5993 3312/2448/5993
f 3275/2441/5994 3273/2680/5994 3274/2444/5994
f 3275/2441/5995 3276/2440/5995 3045/2681/5995
f 4875/2439/5996 4876/5465/5996 3276/2440/5996
f 4840/5473/5997 4727/2437/5997 3370/2434/5997
f 4726/2436/5998 4728/2459/5998 3357/2435/5998
f 3368/2461/5999 3369/2430/5999 3357/2435/5999
f 4839/5472/6000 3370/2434/6000 3371/2433/6000
f 3371/2433/6001 3163/2432/6001 3372/5494/6001
f 3369/2430/6002 3165/2463/6002 3162/2431/6002
f 3372/5494/6003 3163/2432/6003 3160/5492/6003
f 3162/2428/6004 3155/2496/6004 3154/2425/6004
f 3159/2426/6005 3158/5439/6005 3160/2427/6005
f 3151/2423/6006 3156/5436/6006 3159/2426/6006
f 3153/2495/6007 3152/2424/6007 3154/2425/6007
f 3150/2498/6008 3149/2422/6008 3152/2424/6008
f 3147/1394/6009 3148/2420/6009 3149/2422/6009
f 3146/1393/6010 2994/2415/6010 3148/2420/6010
f 3146/1393/6011 3145/1390/6011 2994/2415/6011
f 3151/2423/6012 2993/2421/6012 2990/5529/6012
f 3151/2423/6013 2990/5529/6013 2988/5437/6013
f 2987/2403/6014 2985/5426/6014 2988/2405/6014
f 2982/2402/6015 2985/5426/6015 2987/2403/6015
f 2964/2390/6016 2979/5386/6016 2982/2402/6016
f 2986/2401/6017 2989/2404/6017 2991/2400/6017
f 2991/2400/6018 2992/2407/6018 2995/2399/6018
f 2998/2412/6019 3000/2397/6019 2995/2399/6019
f 2999/2413/6020 2960/2396/6020 3000/2397/6020
f 2539/2414/6021 2957/2395/6021 2960/2396/6021
f 2959/2394/6022 2961/2393/6022 2965/2398/6022
f 2961/2393/6023 2962/2391/6023 2964/2390/6023
f 2966/2388/6024 2978/5417/6024 2964/2390/6024
f 2958/2392/6025 2947/2353/6025 2963/2389/6025
f 2958/2392/6026 2944/1242/6026 2947/2353/6026
f 4725/5416/6027 2966/2388/6027 4724/2387/6027
f 4722/5423/6028 4721/5530/6028 2975/5424/6028
f 2975/2382/6029 2972/2381/6029 3057/5366/6029
f 2973/5531/6030 2972/5532/6030 2974/5533/6030
f 2971/5534/6031 2972/5532/6031 2973/5531/6031
f 2970/5535/6032 2972/5532/6032 2971/5534/6032
f 2968/5536/6033 2970/5535/6033 2971/5534/6033
f 2971/5537/6034 3137/2370/6034 2968/5538/6034
f 2968/5538/6035 3137/2370/6035 3138/5539/6035
f 2968/5538/6036 3138/5539/6036 2969/5540/6036
f 2967/5541/6037 2968/5536/6037 2969/5542/6037
f 2967/5541/6038 2945/2352/6038 2968/5536/6038
f 2969/5540/6039 3138/5539/6039 2967/5543/6039
f 3138/5539/6040 3140/5544/6040 2967/5543/6040
f 3138/5539/6041 3139/5545/6041 3140/5544/6041
f 3138/5539/6042 3137/2370/6042 3139/5545/6042
f 4715/5546/6043 3139/5547/6043 3137/2368/6043
f 4715/5546/6044 4717/5548/6044 3139/5547/6044
f 4718/5549/6045 3139/5547/6045 4717/5548/6045
f 2968/5536/6046 2945/2352/6046 2970/5535/6046
f 2970/5535/6047 2943/2351/6047 2972/5532/6047
f 3170/2376/6048 2973/2375/6048 2974/2378/6048
f 2971/5537/6049 2973/2373/6049 3134/2371/6049
f 3134/2371/6050 3137/2370/6050 2971/5537/6050
f 4715/5546/6043 3137/2368/6043 4716/2367/6043
f 4718/5549/6045 3136/2360/6045 3139/5547/6045
f 4917/2374/6051 3135/2363/6051 4719/2362/6051
f 3135/2361/6052 3062/2377/6052 3171/2359/6052
f 3136/2360/6053 3140/2357/6053 3139/5547/6053
f 4713/2356/6054 2967/5550/6054 3140/2357/6054
f 4714/2358/2182 3171/2359/2182 4720/2384/2182
f 4712/2355/6055 2967/5541/6055 4713/5551/6055
f 4712/2355/6056 2945/2352/6056 2967/5541/6056
f 4723/2386/6057 2947/2353/6057 4711/2354/6057
f 2944/1242/6058 2942/2349/6058 2947/2353/6058
f 2970/5535/6059 2945/2352/6059 2943/2351/6059
f 2939/1240/6060 2940/2350/6060 2942/2349/6060
f 3002/2346/6061 2972/2381/6061 2943/2348/6061
f 2938/5552/6062 3001/1228/6062 2940/2347/6062
f 3001/1228/6063 2427/2341/6063 3003/2345/6063
f 3005/2344/6064 3013/2835/6064 3002/2346/6064
f 3006/2343/6065 3007/2836/6065 3005/2344/6065
f 3006/2343/6066 2424/2342/6066 3007/2836/6066
f 3003/2345/6067 2427/2341/6067 3004/2340/6067
f 3007/2836/6068 2424/2342/6068 2423/2837/6068
f 3008/2832/6069 2423/2837/6069 2421/2830/6069
f 2420/2828/6070 2421/2332/6070 2415/2330/6070
f 2414/2329/6071 2416/2825/6071 2415/2330/6071
f 2414/2329/6072 2273/2326/6072 2285/2824/6072
f 2409/1203/6073 2410/2327/6073 2412/2328/6073
f 2269/2325/6074 2270/2841/6074 2273/2326/6074
f 2267/2320/6075 2270/2841/6075 2269/2325/6075
f 2257/2324/6076 2259/2318/6076 2261/2322/6076
f 2266/2321/6077 2267/2320/6077 2269/2325/6077
f 2267/2320/6078 2262/2319/6078 2270/2841/6078
f 2258/2317/6079 2263/2844/6079 2262/2319/6079
f 2257/2324/6080 2255/2315/6080 2259/2318/6080
f 2254/1177/6081 2255/2315/6081 2257/2324/6081
f 2258/2317/6082 2028/2316/6082 2030/5360/6082
f 2028/2314/6083 2027/2313/6083 2029/2862/6083
f 2024/2310/6084 2017/2864/6084 2027/2313/6084
f 2024/2310/6085 2020/5553/6085 2017/2864/6085
f 2011/5554/6086 2017/2864/6086 2020/5553/6086
f 2011/5554/6087 2020/5553/6087 2021/2305/6087
f 2010/2271/6088 2017/2864/6088 2011/5554/6088
f 2022/2306/6089 2020/5553/6089 2024/2310/6089
f 2070/1120/6090 2023/2302/6090 2071/1173/6090
f 2021/2305/6091 2020/5553/6091 2022/2306/6091
f 2023/2302/6092 2069/5555/6092 2063/2303/6092
f 2069/5556/6093 1724/5557/6093 2063/2298/6093
f 1717/5558/6094 1724/5557/6094 2069/5556/6094
f 1710/1119/6095 1717/5559/6095 2069/5555/6095
f 1717/5560/6096 1723/5561/6096 1724/5562/6096
f 1724/5557/6097 1723/5563/6097 1727/5564/6097
f 2062/2293/6098 1724/5557/6098 1727/5564/6098
f 2062/2293/6099 1727/5564/6099 1729/5565/6099
f 1729/5565/6100 1727/5564/6100 1726/5566/6100
f 1726/5567/6101 1728/5568/6101 1729/5569/6101
f 2057/2294/6102 1729/5565/6102 1728/5570/6102
f 1726/5567/6103 1725/5571/6103 1728/5568/6103
f 1728/5568/6104 1725/5571/6104 1722/1100/6104
f 1720/5572/6105 1722/1100/6105 1725/5571/6105
f 1720/5572/6106 1725/5571/6106 1723/5561/6106
f 1723/5561/6107 1725/5571/6107 1726/5567/6107
f 1723/5561/6108 1726/5567/6108 1727/5573/6108
f 1717/5560/6109 1720/5572/6109 1723/5561/6109
f 1717/5560/6110 1716/1116/6110 1720/5572/6110
f 1720/5572/6111 1716/1116/6111 1719/1101/6111
f 1710/1119/6112 2069/5555/6112 2023/2302/6112
f 2061/2296/6113 2060/2290/6113 2021/2300/6113
f 2063/2298/6114 1724/5557/6114 2062/2293/6114
f 2062/2293/6115 1729/5565/6115 2057/2294/6115
f 1731/1095/6116 2057/2292/6116 1728/5574/6116
f 2058/2291/6117 2060/2290/6117 2061/2296/6117
f 2060/2290/6118 2011/2289/6118 2021/2300/6118
f 2008/2286/6119 2010/2271/6119 2011/5554/6119
f 2008/2286/6120 2007/2272/6120 2010/2271/6120
f 2010/2271/6121 2015/2269/6121 2017/2864/6121
f 2015/2269/6122 2016/2260/6122 2018/2258/6122
f 4440/2257/2088 2019/2863/2088 2018/2258/2088
f 2019/2255/6123 2575/2252/6123 2577/2865/6123
f 2577/2865/6124 2575/2252/6124 2576/2250/6124
f 2578/2245/6125 2580/2243/6125 2576/2250/6125
f 2580/2243/6126 2579/2242/6126 2581/5359/6126
f 2820/2879/6127 2579/2238/6127 2822/2237/6127
f 4443/2232/2075 2821/2230/2075 2822/2233/2075
f 4443/2232/6128 4445/2231/6128 2821/2230/6128
f 2821/2230/6129 2932/2227/6129 2819/2884/6129
f 2933/2885/6130 2932/2227/6130 2931/2224/6130
f 4507/2223/2070 2929/2222/2070 2931/2224/2070
f 2929/2222/6131 2928/2221/6131 2930/5575/6131
f 3075/2212/6132 3074/2211/6132 2928/5331/6132
f 4623/5325/5660 3074/2211/5660 4624/2210/5660
f 4612/2208/6133 3078/2207/6133 3073/5329/6133
f 3172/5315/6134 3078/2207/6134 3173/2204/6134
f 3172/5315/6135 3173/2204/6135 3114/2202/6135
f 3118/5306/6136 3114/5313/6136 3119/5334/6136
f 3119/2197/6137 3314/2194/6137 3121/5236/6137
f 4617/2193/2055 3315/5203/2055 3314/2194/2055
f 4604/2192/5524 3301/2191/5524 3303/5198/5524
f 3297/2924/6138 3301/2191/6138 3272/2190/6138
f 4516/2184/2051 3271/2918/2051 3272/2185/2051
f 4519/5346/5719 3271/2918/5719 4516/2184/5719
f 4519/5346/6139 4520/5576/6139 2608/5345/6139
f 4521/5350/5724 2608/5345/5724 4520/5576/5724
f 4523/2183/6140 2605/5349/6140 4521/5577/6140
f 4523/2183/6140 2604/2182/6140 2605/5349/6140
f 2603/2179/6141 2606/2911/6141 2604/2182/6141
f 4525/2178/2048 2600/2176/2048 2603/2179/2048
f 4525/2178/6142 4526/2177/6142 2600/2176/6142
f 2599/2172/6143 2598/2901/6143 2600/2176/6143
f 4508/2171/2044 2596/2899/2044 2599/2172/2044
f 4510/2170/6144 2596/2899/6144 4508/2171/6144
f 4510/2170/6144 2594/2169/6144 2596/2899/6144
f 2593/2165/6145 2592/2896/6145 2594/2169/6145
f 4447/2164/2040 2591/2163/2040 2593/2165/2040
f 2589/2159/6146 2590/2895/6146 2591/2163/6146
f 4465/2158/2036 1482/2157/2036 2589/2159/2036
f 2587/2148/6147 1479/3978/6147 1482/2157/6147
f 4452/2155/2034 2588/2150/2034 2587/2148/2034
f 4458/2147/2027 2586/2146/2027 2587/2148/2027
f 1473/3976/6148 2586/2146/6148 1474/2145/6148
f 1473/3974/6149 1474/5578/6149 1469/2134/6149
f 4467/2133/2020 1468/2132/2020 1469/2134/2020
f 1467/2128/6150 1470/3969/6150 1468/2132/6150
f 4473/2127/2015 1466/2126/2015 1467/2128/2015
f 1465/2122/6151 1461/1893/6151 1466/2126/6151
f 4470/2125/6152 4471/2123/6152 1465/2122/6152
f 1464/2121/6153 1461/1893/6153 1465/2122/6153
f 4632/2270/2096 2012/2104/2096 4633/2107/2096
f 2009/2273/6154 1999/2105/6154 2012/2104/6154
f 4323/2099/6155 4634/5579/6155 1998/2101/6155
f 4490/5580/6156 1550/1902/6156 4491/5581/6156
f 4490/5580/6156 1548/5582/6156 1550/1902/6156
f 1548/5583/6157 1549/5584/6157 1550/5585/6157
f 1548/5583/6158 1547/5586/6158 1549/5584/6158
f 1549/5584/6159 1547/5586/6159 1542/5587/6159
f 1549/5584/6160 1542/5587/6160 1551/1922/6160
f 1551/1922/6161 1542/5587/6161 1442/5588/6161
f 1541/5589/6162 1442/5588/6162 1542/5587/6162
f 1541/5589/6163 1542/5587/6163 1540/5590/6163
f 1540/5590/6164 1231/5591/6164 1541/5589/6164
f 3994/5592/6165 1541/5589/6165 1231/5591/6165
f 3994/5592/6165 1231/5591/6165 3995/5593/6165
f 4011/5594/6166 4012/5595/6166 1231/5596/6166
f 4011/5597/6167 1231/5591/6167 898/5598/6167
f 4011/5597/6167 898/5598/6167 4013/5599/6167
f 4013/5600/6168 898/5601/6168 897/5602/6168
f 4013/5600/6168 897/5602/6168 4000/5603/6168
f 4006/5604/6169 4001/5605/6169 897/5602/6169
f 4006/5604/6170 897/5602/6170 1228/5606/6170
f 4006/5604/6170 1228/5606/6170 4005/5607/6170
f 3997/5608/6171 1541/5589/6171 3996/5609/6171
f 3997/5608/6171 1230/5610/6171 1541/5589/6171
f 3997/5611/6172 3998/5612/6172 1230/5613/6172
f 3998/5612/6173 4004/5614/6173 1230/5613/6173
f 4002/5615/6174 1230/5613/6174 4004/5614/6174
f 4005/5607/6175 1229/5616/6175 4003/5617/6175
f 4002/5615/6176 4003/5617/6176 1229/5616/6176
f 4002/5615/6177 1229/5616/6177 1230/5613/6177
f 1442/5588/6178 1230/5610/6178 1229/5618/6178
f 1442/5588/6179 1229/5618/6179 1228/5619/6179
f 1228/5620/6180 1441/1925/6180 1442/5621/6180
f 4005/5607/6175 1228/5606/6175 1229/5616/6175
f 897/5602/6181 1227/5622/6181 1228/5606/6181
f 1288/1929/6182 1228/5620/6182 1227/5623/6182
f 1289/5624/6183 1288/5625/6183 1227/5626/6183
f 1289/5624/6184 1227/5626/6184 896/5627/6184
f 1291/5628/6185 1289/5624/6185 896/5627/6185
f 1291/5628/6186 896/5627/6186 895/5629/6186
f 1290/5630/6187 1291/5628/6187 895/5629/6187
f 1272/1943/6188 1290/5630/6188 895/5629/6188
f 1280/5631/6189 1290/5630/6189 1272/1943/6189
f 1272/1943/6190 1276/1938/6190 1280/5631/6190
f 1276/1938/6191 1287/5632/6191 1280/5631/6191
f 1287/5632/6192 1289/5624/6192 1280/5631/6192
f 1280/5631/6193 1289/5624/6193 1290/5630/6193
f 895/5629/6194 896/5627/6194 894/5633/6194
f 894/5634/6195 473/5635/6195 895/5636/6195
f 893/5637/6196 473/5635/6196 894/5634/6196
f 4007/5638/6197 893/5637/6197 894/5634/6197
f 4007/5638/6197 894/5634/6197 4008/5639/6197
f 4059/5640/6198 4061/5641/6198 472/5642/6198
f 4058/5643/6199 4059/5644/6199 472/5645/6199
f 4058/5643/6200 472/5645/6200 893/5637/6200
f 4058/5643/6201 893/5637/6201 4060/5646/6201
f 4009/5647/6202 4010/5648/6202 893/5637/6202
f 4010/5648/6203 4060/5646/6203 893/5637/6203
f 4061/5641/6204 4062/5649/6204 472/5642/6204
f 4063/5650/6205 472/5642/6205 4062/5649/6205
f 4106/5651/6206 4128/5652/6206 53/5653/6206
f 4106/5651/6207 53/5653/6207 52/5654/6207
f 4106/5651/6208 52/5654/6208 4105/5655/6208
f 4105/5655/6209 51/5656/6209 4103/5657/6209
f 4103/5657/6210 51/5656/6210 50/5658/6210
f 4103/5657/6211 50/5658/6211 4104/5659/6211
f 4092/5660/6212 4093/5661/6212 101/5662/6212
f 4092/5660/6213 101/5662/6213 96/5663/6213
f 4092/5660/6213 96/5663/6213 4091/5664/6213
f 4090/5665/6214 4091/5664/6214 96/5663/6214
f 4090/5665/6215 96/5663/6215 95/5666/6215
f 4090/5665/6215 95/5666/6215 4089/5667/6215
f 4088/5668/6216 4089/5667/6216 95/5666/6216
f 4071/5669/6217 4088/5670/6217 95/5671/6217
f 4071/5669/6218 95/5671/6218 481/5672/6218
f 4071/5669/6219 481/5672/6219 4070/5673/6219
f 4069/5674/6220 4070/5673/6220 481/5672/6220
f 4069/5674/6221 481/5672/6221 479/1954/6221
f 4069/5674/6222 479/1954/6222 4068/5675/6222
f 4142/5676/6223 473/1946/6223 4063/5650/6223
f 4064/5677/6224 474/1947/6224 4142/5676/6224
f 4064/5677/6224 478/5678/6224 474/1947/6224
f 4064/5677/6225 4065/5679/6225 478/5678/6225
f 4065/5679/6226 4066/5680/6226 478/5678/6226
f 4066/5680/6227 4067/5681/6227 478/5678/6227
f 4068/5675/6228 478/5678/6228 4067/5681/6228
f 4068/5675/6229 479/1954/6229 478/5678/6229
f 481/5672/6230 95/5671/6230 482/5682/6230
f 483/1956/6231 481/5672/6231 482/5682/6231
f 482/5682/6232 95/5671/6232 97/5683/6232
f 482/5682/6233 97/5683/6233 484/1959/6233
f 484/1959/6234 97/5683/6234 99/1967/6234
f 97/5684/6235 98/5685/6235 99/5686/6235
f 97/5684/6236 96/5663/6236 98/5685/6236
f 95/5666/6237 96/5663/6237 97/5684/6237
f 98/5685/6238 96/5663/6238 101/5662/6238
f 102/1973/6239 98/5685/6239 101/5662/6239
f 102/1973/6240 101/5662/6240 105/5687/6240
f 102/1973/6241 105/5687/6241 106/5688/6241
f 106/5688/6242 105/5687/6242 108/5689/6242
f 106/5688/6243 108/5689/6243 109/5690/6243
f 106/5688/6244 109/5690/6244 104/1975/6244
f 104/1975/6245 109/5690/6245 111/5691/6245
f 104/1975/6246 111/5691/6246 112/5692/6246
f 112/5692/6247 111/5691/6247 114/5693/6247
f 114/5694/6248 197/5695/6248 112/5696/6248
f 197/5697/6249 196/5698/6249 112/5699/6249
f 112/5699/6250 196/5698/6250 199/5700/6250
f 204/5701/6251 112/5699/6251 199/5700/6251
f 204/5701/6252 199/5700/6252 174/5702/6252
f 204/5701/6253 174/5702/6253 205/1994/6253
f 4107/5703/6254 205/1994/6254 174/5702/6254
f 4107/5703/6254 174/5702/6254 4108/5704/6254
f 203/5705/6255 174/5702/6255 199/5700/6255
f 202/5706/6256 203/5705/6256 199/5700/6256
f 198/5707/6257 202/5706/6257 199/5700/6257
f 198/5707/6258 200/5708/6258 202/5706/6258
f 202/5706/6259 200/5708/6259 201/5709/6259
f 200/5708/6260 194/5710/6260 201/5709/6260
f 201/5709/6261 194/5710/6261 179/5711/6261
f 201/5709/6262 179/5711/6262 203/5705/6262
f 203/5705/6263 179/5711/6263 172/5712/6263
f 175/5713/6264 172/5712/6264 179/5711/6264
f 175/5713/6265 179/5711/6265 176/5714/6265
f 173/5715/6266 175/5713/6266 176/5714/6266
f 173/5715/6267 176/5714/6267 177/5716/6267
f 215/5717/6268 173/5718/6268 177/5719/6268
f 220/5720/6269 215/5717/6269 177/5719/6269
f 220/5720/6270 177/5719/6270 180/5721/6270
f 220/5720/6271 180/5721/6271 185/5722/6271
f 220/5720/6272 185/5722/6272 186/5723/6272
f 220/5720/6273 186/5723/6273 218/5724/6273
f 218/5724/6274 186/5723/6274 191/5725/6274
f 191/5725/6275 219/5726/6275 218/5724/6275
f 219/5726/6276 216/5727/6276 218/5724/6276
f 214/5728/6277 218/5724/6277 216/5727/6277
f 213/5729/6278 214/5728/6278 216/5727/6278
f 213/5729/6279 216/5727/6279 217/5730/6279
f 217/5731/6280 223/5732/6280 213/5733/6280
f 213/5733/6281 223/5732/6281 60/5734/6281
f 59/5735/6282 213/5729/6282 60/5736/6282
f 59/5737/6283 60/5738/6283 58/5739/6283
f 59/5737/6284 58/5739/6284 61/5740/6284
f 59/5735/6285 61/5741/6285 212/5742/6285
f 212/5742/6286 61/5741/6286 170/5743/6286
f 212/5742/6287 170/5743/6287 214/5728/6287
f 170/5743/6288 173/5718/6288 214/5728/6288
f 171/5744/6289 173/5718/6289 170/5743/6289
f 4137/5745/6290 171/5746/6290 170/5747/6290
f 4137/5745/6291 170/5747/6291 4138/5748/6291
f 4134/5749/6292 4141/5750/6292 61/5740/6292
f 4133/5751/6293 4134/5749/6293 61/5740/6293
f 4133/5751/6294 58/5739/6294 4135/5752/6294
f 4135/5752/6295 58/5739/6295 56/5753/6295
f 4135/5752/6295 56/5753/6295 4136/5754/6295
f 4136/5754/6296 55/5755/6296 4132/5756/6296
f 4131/5757/6297 4132/5756/6297 55/5755/6297
f 4130/5758/6298 4131/5757/6298 55/5755/6298
f 4130/5758/6299 55/5755/6299 53/5653/6299
f 4130/5758/6299 53/5653/6299 4129/5759/6299
f 54/5760/6300 53/5653/6300 55/5755/6300
f 54/5760/6301 55/5755/6301 56/5753/6301
f 54/5760/6302 56/5753/6302 57/5761/6302
f 57/5762/6303 222/5763/6303 54/5764/6303
f 54/5764/6304 222/5763/6304 224/5765/6304
f 54/5764/6305 224/5765/6305 114/5694/6305
f 114/5693/6306 115/5766/6306 54/5767/6306
f 54/5767/6307 115/5766/6307 116/5768/6307
f 54/5767/6308 116/5768/6308 52/5769/6308
f 52/5769/6309 116/5768/6309 118/5770/6309
f 52/5769/6310 118/5770/6310 51/5771/6310
f 51/5771/6311 118/5770/6311 120/5772/6311
f 51/5771/6312 120/5772/6312 49/5773/6312
f 4102/5774/6313 49/5773/6313 120/5772/6313
f 4102/5774/6313 120/5772/6313 4100/5775/6313
f 4127/5776/6314 4126/5777/6314 94/5778/6314
f 4127/5776/6315 94/5778/6315 49/5773/6315
f 4119/5779/6316 49/5773/6316 94/5778/6316
f 4119/5779/6316 94/5778/6316 4120/5780/6316
f 4118/5781/6317 49/5773/6317 4119/5779/6317
f 4118/5781/6318 4117/5782/6318 48/5783/6318
f 4117/5782/6319 4115/5784/6319 48/5783/6319
f 4115/5785/6320 4116/5786/6320 48/5787/6320
f 4121/5788/6321 48/5787/6321 4116/5786/6321
f 4111/5789/6322 110/5790/6322 4099/5791/6322
f 4099/5791/6323 110/5790/6323 108/5689/6323
f 4099/5791/6323 108/5689/6323 4098/5792/6323
f 4096/5793/6324 4098/5792/6324 108/5689/6324
f 4096/5793/6325 108/5689/6325 107/5794/6325
f 4096/5793/6325 107/5794/6325 4097/5795/6325
f 4095/5796/6326 105/5687/6326 4094/5797/6326
f 4095/5796/6326 107/5794/6326 105/5687/6326
f 4123/5798/6327 49/5799/6327 4122/5800/6327
f 4121/5788/6328 4122/5800/6328 49/5799/6328
f 4123/5798/6327 50/5658/6327 49/5799/6327
f 4123/5798/6329 4124/5801/6329 50/5658/6329
f 4095/5796/6330 4097/5795/6330 107/5794/6330
f 115/5766/6331 108/5689/6331 110/5790/6331
f 4111/5789/6322 117/5802/6322 110/5790/6322
f 110/5790/6332 117/5802/6332 116/5768/6332
f 4111/5789/6333 4112/5803/6333 117/5802/6333
f 4113/5804/6334 117/5802/6334 4112/5803/6334
f 4113/5804/6334 119/5805/6334 117/5802/6334
f 117/5802/6335 119/5805/6335 118/5770/6335
f 4113/5804/6336 4114/5806/6336 119/5805/6336
f 4114/5806/6337 4101/5807/6337 119/5805/6337
f 4100/5775/6338 119/5805/6338 4101/5807/6338
f 4121/5788/6321 49/5799/6321 48/5787/6321
f 4118/5781/6317 48/5783/6317 49/5773/6317
f 4126/5777/6339 4120/5780/6339 94/5778/6339
f 4100/5775/6338 120/5772/6338 119/5805/6338
f 4127/5776/6315 49/5773/6315 4102/5774/6315
f 120/5772/6340 118/5770/6340 119/5805/6340
f 118/5770/6341 116/5768/6341 117/5802/6341
f 116/5768/6342 115/5766/6342 110/5790/6342
f 109/5690/6343 115/5766/6343 114/5693/6343
f 224/5765/6344 222/5763/6344 223/5732/6344
f 3693/5808/6345 223/5732/6345 222/5763/6345
f 3693/5808/6345 222/5763/6345 3694/5809/6345
f 3692/5810/6346 3698/5811/6346 60/5812/6346
f 3696/5813/6347 60/5812/6347 3698/5811/6347
f 3696/5814/6348 3697/5815/6348 58/5739/6348
f 3699/5816/6349 58/5739/6349 3697/5815/6349
f 3699/5816/6349 57/5761/6349 58/5739/6349
f 3695/5817/6350 57/5762/6350 3699/5818/6350
f 3695/5817/6351 3694/5809/6351 222/5763/6351
f 3692/5810/6352 223/5819/6352 3693/5820/6352
f 3695/5817/6350 222/5763/6350 57/5762/6350
f 4043/5821/6353 1334/5822/6353 4040/5823/6353
f 4039/5824/6354 4040/5825/6354 1334/5826/6354
f 4050/5827/6355 4039/5824/6355 1334/5826/6355
f 4051/5828/6356 4050/5827/6356 1334/5826/6356
f 4051/5828/6357 1334/5826/6357 1335/5829/6357
f 4051/5828/6357 1335/5829/6357 4052/5830/6357
f 1334/5822/6358 1552/2010/6358 1335/5831/6358
f 4053/5832/6359 1335/5831/6359 1552/2010/6359
f 4053/5832/6359 1552/2010/6359 4055/5833/6359
f 4043/5821/6360 1553/5834/6360 1334/5822/6360
f 1545/2013/6361 1334/5822/6361 1553/5834/6361
f 1545/2013/6362 1553/5834/6362 899/5835/6362
f 899/5835/6363 1543/5836/6363 1545/2013/6363
f 4638/5837/6364 1545/2013/6364 1543/5836/6364
f 4638/5837/6364 1543/5836/6364 4639/5838/6364
f 4639/5838/6365 1544/5839/6365 4640/5840/6365
f 4641/5841/6366 4640/5840/6366 1544/5839/6366
f 4643/5842/6367 4641/5841/6367 1544/5839/6367
f 4642/5843/6368 4643/5842/6368 1544/5839/6368
f 4642/5843/6369 1544/5839/6369 1546/5844/6369
f 4642/5843/6370 1546/5844/6370 4644/5845/6370
f 4317/5846/6371 1997/5847/6371 4318/5848/6371
f 4316/5849/6372 4318/5848/6372 1997/5847/6372
f 4316/5849/6373 1997/5847/6373 1995/2092/6373
f 4317/5846/6371 1995/2092/6371 1997/5847/6371
f 4319/5850/6374 1995/2092/6374 4317/5846/6374
f 4645/5851/6375 1547/5586/6375 4646/5852/6375
f 4645/5851/6376 1546/5844/6376 1547/5586/6376
f 4319/5850/6377 4673/5853/6377 1993/2094/6377
f 4673/5853/6378 4672/5854/6378 1993/2094/6378
f 4672/5855/6379 4671/5856/6379 1993/2097/6379
f 4492/5857/6380 4493/5858/6380 1548/5859/6380
f 4493/5858/6381 4647/5860/6381 1548/5859/6381
f 4646/5852/6382 1548/5583/6382 4647/5861/6382
f 4645/5851/6383 4644/5845/6383 1546/5844/6383
f 1544/5839/6384 1540/5590/6384 1546/5844/6384
f 1543/5836/6385 1540/5590/6385 1544/5839/6385
f 1543/5836/6386 898/5598/6386 1540/5590/6386
f 4639/5838/6365 1543/5836/6365 1544/5839/6365
f 898/5598/6387 1543/5836/6387 899/5835/6387
f 4047/5862/6388 898/5863/6388 899/5864/6388
f 4047/5862/6388 899/5864/6388 4048/5865/6388
f 4045/5866/6389 4046/5867/6389 897/5868/6389
f 4049/5869/6390 897/5868/6390 4046/5867/6390
f 4049/5869/6390 896/5870/6390 897/5868/6390
f 4008/5639/6391 896/5870/6391 4049/5869/6391
f 4048/5865/6392 900/5871/6392 4044/5872/6392
f 4042/5873/6393 4044/5872/6393 900/5871/6393
f 4041/5874/6394 4042/5873/6394 900/5871/6394
f 4041/5875/6395 900/5876/6395 1553/5834/6395
f 4048/5865/6396 899/5864/6396 900/5871/6396
f 4045/5866/6397 898/5863/6397 4047/5862/6397
f 899/5835/6398 1553/5834/6398 900/5876/6398
f 4041/5875/6395 1553/5834/6395 4043/5821/6395
f 4136/5754/6399 56/5753/6399 55/5755/6399
f 57/5761/6400 56/5753/6400 58/5739/6400
f 4138/5748/6401 61/5877/6401 4141/5878/6401
f 4137/5745/6402 4139/5879/6402 171/5746/6402
f 4140/5880/6403 171/5746/6403 4139/5879/6403
f 4110/5881/6404 172/5712/6404 4140/5880/6404
f 4110/5881/6405 174/5702/6405 172/5712/6405
f 4140/5880/6406 172/5712/6406 171/5746/6406
f 171/5746/6407 172/5712/6407 173/5715/6407
f 4138/5748/6401 170/5747/6401 61/5877/6401
f 4133/5751/6294 61/5740/6294 58/5739/6294
f 3696/5813/6347 58/5882/6347 60/5812/6347
f 59/5735/6408 212/5742/6408 213/5729/6408
f 3692/5810/6352 60/5812/6352 223/5819/6352
f 217/5731/6409 224/5765/6409 223/5732/6409
f 219/5883/6410 224/5765/6410 217/5731/6410
f 197/5695/6411 224/5765/6411 219/5883/6411
f 193/5884/6412 197/5885/6412 219/5726/6412
f 212/5742/6413 214/5728/6413 213/5729/6413
f 214/5728/6414 215/5717/6414 218/5724/6414
f 217/5730/6415 216/5727/6415 219/5726/6415
f 193/5884/6416 219/5726/6416 191/5725/6416
f 191/5886/6417 190/5887/6417 193/5888/6417
f 193/5888/6418 190/5887/6418 195/5889/6418
f 193/5888/6419 195/5889/6419 196/5698/6419
f 196/5698/6420 195/5889/6420 198/5707/6420
f 198/5707/6421 195/5889/6421 194/5710/6421
f 195/5889/6422 190/5887/6422 194/5710/6422
f 192/5890/6423 194/5710/6423 190/5887/6423
f 187/5891/6424 192/5890/6424 190/5887/6424
f 190/5887/6425 188/5892/6425 187/5891/6425
f 188/5892/6426 184/5893/6426 187/5891/6426
f 184/5893/6427 183/5894/6427 187/5891/6427
f 187/5891/6428 183/5894/6428 182/5895/6428
f 183/5894/6429 181/5896/6429 182/5895/6429
f 181/5896/6430 176/5714/6430 182/5895/6430
f 180/5897/6431 176/5714/6431 181/5896/6431
f 178/5898/6432 176/5714/6432 180/5897/6432
f 180/5897/6433 181/5896/6433 183/5894/6433
f 180/5897/6434 183/5894/6434 184/5893/6434
f 186/5899/6435 184/5893/6435 188/5892/6435
f 186/5899/6436 188/5892/6436 189/5900/6436
f 221/5901/6437 186/5723/6437 189/5902/6437
f 221/5901/6438 189/5902/6438 191/5725/6438
f 189/5900/6439 188/5892/6439 190/5887/6439
f 187/5891/6440 182/5895/6440 192/5890/6440
f 192/5890/6441 182/5895/6441 194/5710/6441
f 189/5900/6442 190/5887/6442 191/5886/6442
f 191/5725/6443 186/5723/6443 221/5901/6443
f 185/5903/6444 184/5893/6444 186/5899/6444
f 180/5897/6445 184/5893/6445 185/5903/6445
f 180/5721/6446 177/5719/6446 178/5904/6446
f 218/5724/6447 215/5717/6447 220/5720/6447
f 214/5728/6448 173/5718/6448 215/5717/6448
f 177/5716/6449 176/5714/6449 178/5898/6449
f 182/5895/6450 176/5714/6450 179/5711/6450
f 173/5715/6451 172/5712/6451 175/5713/6451
f 194/5710/6452 182/5895/6452 179/5711/6452
f 198/5707/6453 194/5710/6453 200/5708/6453
f 201/5709/6454 203/5705/6454 202/5706/6454
f 203/5705/6455 172/5712/6455 174/5702/6455
f 112/5699/6456 204/5701/6456 113/5905/6456
f 510/5906/6457 113/1977/6457 204/5907/6457
f 510/5906/6458 204/5907/6458 206/1989/6458
f 199/5700/6459 196/5698/6459 198/5707/6459
f 193/5888/6460 196/5698/6460 197/5697/6460
f 114/5694/6461 224/5765/6461 197/5695/6461
f 114/5693/6462 111/5691/6462 109/5690/6462
f 115/5766/6463 109/5690/6463 108/5689/6463
f 108/5689/6464 105/5687/6464 107/5794/6464
f 4094/5797/6465 105/5687/6465 101/5662/6465
f 4094/5797/6465 101/5662/6465 4093/5661/6465
f 4124/5801/6466 4125/5908/6466 50/5658/6466
f 4125/5908/6467 4104/5659/6467 50/5658/6467
f 49/5799/6468 50/5658/6468 51/5656/6468
f 4105/5655/6209 52/5654/6209 51/5656/6209
f 52/5654/6469 53/5653/6469 54/5760/6469
f 4128/5652/6470 4129/5759/6470 53/5653/6470
f 4063/5650/6205 473/1946/6205 472/5642/6205
f 4007/5638/6471 4009/5647/6471 893/5637/6471
f 893/5637/6472 472/5645/6472 473/5635/6472
f 4008/5639/6391 894/5634/6391 896/5870/6391
f 1290/5630/6473 1289/5624/6473 1291/5628/6473
f 1287/5632/6474 1288/5625/6474 1289/5624/6474
f 1227/5622/6475 897/5602/6475 896/5909/6475
f 4001/5605/6476 3999/5910/6476 897/5602/6476
f 3999/5910/6477 4000/5603/6477 897/5602/6477
f 4045/5866/6478 897/5868/6478 898/5863/6478
f 4012/5911/6479 4014/5912/6479 1231/5913/6479
f 4014/5912/6480 3995/5914/6480 1231/5913/6480
f 3994/5592/6481 3996/5609/6481 1541/5589/6481
f 898/5598/6482 1231/5591/6482 1540/5590/6482
f 1546/5844/6483 1540/5590/6483 1542/5587/6483
f 1541/5589/6484 1230/5610/6484 1442/5588/6484
f 1547/5586/6485 1546/5844/6485 1542/5587/6485
f 4646/5852/6382 1547/5586/6382 1548/5583/6382
f 4490/5580/6486 4492/5915/6486 1548/5582/6486
f 4671/5856/6487 4321/2098/6487 1993/2097/6487
f 4320/2095/6488 4322/2100/6488 1996/2096/6488
f 4319/5850/6374 1993/2094/6374 1995/2092/6374
f 1996/2093/6489 1999/2103/6489 2000/2090/6489
f 4316/5849/6373 1995/2092/6373 4315/2091/6373
f 4313/2088/1994 2001/2068/1994 1994/2074/1994
f 1992/2075/6490 2005/2073/6490 1358/2084/6490
f 1358/2084/6491 2005/2073/6491 2006/2072/6491
f 1358/2084/6492 2006/2072/6492 2003/2070/6492
f 1994/2074/6493 2001/2068/6493 2004/2071/6493
f 2001/2068/6494 2000/2090/6494 2002/2069/6494
f 1354/2085/6495 2003/2070/6495 1353/5916/6495
f 2002/2064/6496 1350/2276/6496 1349/2065/6496
f 1353/2063/6497 1352/2062/6497 1354/2082/6497
f 1360/2023/6498 1352/2062/6498 1351/2060/6498
f 1347/2280/6499 1342/1086/6499 1349/2061/6499
f 4056/2031/6500 1355/2030/6500 1339/2032/6500
f 4025/2027/6501 4026/5917/6501 1365/1042/6501
f 4026/5917/6502 4029/5918/6502 1365/1042/6502
f 4308/1043/1026 4029/5918/1026 4277/5919/1026
f 1364/2025/6503 1355/2030/6503 1366/2026/6503
f 1364/2025/6504 1362/2024/6504 1355/2030/6504
f 1360/2023/6505 1351/2060/6505 1362/2024/6505
f 1356/2081/6506 1360/2023/6506 1359/2021/6506
f 4676/2079/6507 1359/2017/6507 4675/2016/6507
f 4638/5837/6508 4637/2014/6508 1545/2013/6508
f 1545/2013/6509 1552/2010/6509 1334/5822/6509
f 4656/2009/1926 4055/5833/1926 1552/2010/1926
f 4655/5920/1926 4055/5833/1926 4656/2009/1926
f 4655/5920/1926 4054/5921/1926 4055/5833/1926
f 4655/5920/6510 4654/5922/6510 4054/5921/6510
f 4053/5923/6511 4052/5830/6511 1335/5829/6511
f 4306/2008/6512 1361/2022/6512 1363/1041/6512
f 4110/5881/6513 4108/5704/6513 174/5702/6513
f 4107/5703/6514 4109/1995/6514 205/1994/6514
f 204/5701/6515 205/1994/6515 206/1993/6515
f 510/5906/6516 206/1989/6516 512/1988/6516
f 511/5924/6517 510/5906/6517 512/1988/6517
f 512/1986/6518 513/5925/6518 511/5926/6518
f 513/5925/6519 515/5927/6519 511/5926/6519
f 511/5926/6520 515/5927/6520 517/5928/6520
f 511/5926/6521 517/5928/6521 516/5929/6521
f 516/5929/6522 207/5930/6522 511/5926/6522
f 4074/5931/6523 207/5930/6523 516/5929/6523
f 4074/5931/6523 516/5929/6523 4075/5932/6523
f 4075/5932/6524 514/5933/6524 4078/5934/6524
f 4076/5935/6525 4078/5934/6525 514/5933/6525
f 4076/5935/6526 514/5933/6526 515/5927/6526
f 4076/5935/6526 515/5927/6526 4077/5936/6526
f 4077/5936/6527 513/5925/6527 4080/5937/6527
f 4079/5938/6528 4080/5937/6528 513/5925/6528
f 514/5933/6529 516/5929/6529 515/5927/6529
f 4075/5932/6524 516/5929/6524 514/5933/6524
f 516/5929/6530 517/5928/6530 515/5927/6530
f 4077/5936/6527 515/5927/6527 513/5925/6527
f 4079/5938/6531 513/5925/6531 512/1986/6531
f 207/1978/6532 510/5906/6532 511/5924/6532
f 4079/5938/6531 512/1986/6531 4081/1985/6531
f 4074/5939/6533 4073/1983/6533 207/1982/6533
f 4072/1980/6534 4085/5940/6534 208/1981/6534
f 208/1979/6535 490/1024/6535 103/1970/6535
f 207/1978/6536 113/1977/6536 510/5906/6536
f 104/1975/6537 112/5692/6537 113/5941/6537
f 102/1973/6538 106/5688/6538 104/1975/6538
f 100/1972/6539 98/5685/6539 102/1973/6539
f 99/5686/6540 98/5685/6540 100/1972/6540
f 486/1961/6541 484/1959/6541 99/1967/6541
f 482/5682/6542 484/1959/6542 483/1956/6542
f 485/1957/6543 1266/1963/6543 480/1951/6543
f 480/1951/6544 1266/1963/6544 1267/5942/6544
f 1266/1963/6545 507/5943/6545 1267/5942/6545
f 479/1954/6546 481/5672/6546 483/1956/6546
f 477/1950/6547 478/5678/6547 479/1954/6547
f 480/1951/6548 1267/5942/6548 476/1952/6548
f 476/1952/6549 1267/5942/6549 1269/5944/6549
f 476/1952/6550 1269/5944/6550 1270/1942/6550
f 1269/5944/6551 1267/5942/6551 1268/1845/6551
f 1269/5944/6552 1268/1845/6552 1271/1853/6552
f 1273/1941/6553 1269/5944/6553 1271/1853/6553
f 474/1947/6554 478/5678/6554 477/1950/6554
f 4142/5676/6223 474/1947/6223 473/1946/6223
f 473/1945/6555 1272/1943/6555 895/5629/6555
f 476/1952/6556 1270/1942/6556 475/1944/6556
f 1270/1942/6557 1269/5944/6557 1273/1941/6557
f 1272/1943/6558 1274/1940/6558 1276/1938/6558
f 1275/1939/6559 1277/1854/6559 1278/1936/6559
f 1276/1938/6560 1285/1937/6560 1287/5632/6560
f 1287/5632/6561 1285/1937/6561 1286/5945/6561
f 1285/1937/6562 1282/1934/6562 1286/5945/6562
f 1287/5632/6563 1286/5945/6563 1288/5625/6563
f 1228/5620/6564 1288/1929/6564 1440/1927/6564
f 1228/5620/6565 1440/1927/6565 1441/1925/6565
f 1551/1922/6566 1442/5588/6566 1441/1924/6566
f 1549/5584/6567 1551/1922/6567 1451/1921/6567
f 4293/5946/6568 1842/1918/6568 1841/1916/6568
f 4293/5946/6569 4487/5947/6569 1842/1918/6569
f 4487/5947/6570 4485/5948/6570 1842/1918/6570
f 4485/5948/6571 4486/5949/6571 1842/1918/6571
f 4489/1908/6572 1842/1918/6572 4486/5949/6572
f 4293/5946/6568 1841/1916/6568 4292/1915/6568
f 4489/1908/6572 1451/1907/6572 1842/1918/6572
f 1550/5585/6573 1549/5584/6573 1451/1921/6573
f 4477/1901/6574 4491/5581/6574 1550/1902/6574
f 4484/2110/6575 4287/1899/6575 1462/1898/6575
f 4286/1896/6576 4288/1913/6576 1459/1897/6576
f 1462/1895/6577 1461/1893/6577 1464/2121/6577
f 1466/2126/6578 1461/1893/6578 1463/1891/6578
f 1459/1894/6579 1456/1890/6579 1460/1892/6579
f 1450/1889/6580 1456/1890/6580 1457/1914/6580
f 1447/1919/6581 1445/1888/6581 1450/1889/6581
f 1444/1926/6582 1448/1886/6582 1445/1888/6582
f 1448/1886/6583 1443/1928/6583 1446/1885/6583
f 1446/1885/6584 1452/1931/6584 1454/1882/6584
f 1458/1883/6585 1449/1887/6585 1453/1884/6585
f 1499/1881/6586 1463/1891/6586 1458/1883/6586
f 1497/3973/6587 1499/1881/6587 1498/1878/6587
f 1493/1877/6588 1497/3973/6588 1498/1878/6588
f 1494/1876/6589 1491/3970/6589 1493/1877/6589
f 1492/1875/6590 1491/3970/6590 1494/1876/6590
f 1513/3943/6591 1492/1875/6591 1504/1873/6591
f 1495/1874/6592 1501/1879/6592 1503/1872/6592
f 1504/1873/6593 1505/1869/6593 1507/4477/6593
f 1503/1872/6594 1501/1879/6594 1500/1871/6594
f 1506/1870/6595 1500/1871/6595 1454/1882/6595
f 1506/1870/6596 1455/1933/6596 1508/1865/6596
f 1505/1869/6597 1510/1868/6597 1507/4477/6597
f 1509/1864/6598 1558/4484/6598 1510/4482/6598
f 1508/1865/6599 1455/1933/6599 1283/1866/6599
f 1509/1864/6600 1557/1862/6600 1558/4484/6600
f 1558/4484/6601 1557/1862/6601 1556/1861/6601
f 1556/1861/6602 1554/1859/6602 1555/4486/6602
f 1554/1859/6603 1431/1858/6603 1555/4486/6603
f 1555/4486/6604 1431/1858/6604 1436/5950/6604
f 1555/4486/6605 1436/5950/6605 1437/1763/6605
f 1436/5951/6606 1435/5952/6606 1437/1765/6606
f 1431/1857/6607 1435/5952/6607 1436/5951/6607
f 1431/1857/6608 1432/5953/6608 1435/5952/6608
f 1435/5952/6609 1432/5953/6609 1434/1766/6609
f 1430/1849/6610 1434/1766/6610 1432/5953/6610
f 1430/1849/6611 1433/5954/6611 1434/1766/6611
f 1439/5955/6612 1434/1766/6612 1433/5954/6612
f 1439/5955/6613 1433/5954/6613 737/5956/6613
f 969/5957/6614 1439/5955/6614 737/5956/6614
f 1433/5954/6615 733/5958/6615 737/5956/6615
f 733/5959/6616 736/1837/6616 737/5960/6616
f 737/5960/6617 736/1837/6617 739/5961/6617
f 737/5960/6618 739/5961/6618 740/5962/6618
f 737/5960/6619 740/5962/6619 741/5963/6619
f 741/5963/6620 740/5962/6620 742/5964/6620
f 742/5964/6621 740/5962/6621 739/5961/6621
f 742/5964/6622 739/5961/6622 743/5965/6622
f 742/5964/6623 743/5965/6623 744/5966/6623
f 744/5967/6624 1378/1782/6624 742/5968/6624
f 744/5967/6625 1377/5969/6625 1378/1782/6625
f 1375/5970/6626 1377/5969/6626 744/5967/6626
f 745/5971/6627 1375/5970/6627 744/5967/6627
f 745/5971/6628 1373/5972/6628 1375/5970/6628
f 1375/5970/6629 1373/5972/6629 1372/5973/6629
f 1372/5973/6630 1376/5974/6630 1375/5970/6630
f 1372/5973/6631 1374/5975/6631 1376/5974/6631
f 1374/5975/6632 1377/5969/6632 1376/5974/6632
f 1374/5975/6633 1370/5976/6633 1377/5969/6633
f 1377/5969/6634 1370/5976/6634 1369/5977/6634
f 1377/5969/6635 1369/5977/6635 1371/1783/6635
f 1368/5978/6636 1369/5977/6636 1370/5976/6636
f 1368/5978/6637 1370/5976/6637 1367/5979/6637
f 1367/5979/6638 668/5980/6638 1368/5978/6638
f 1368/5978/6639 668/5980/6639 666/5981/6639
f 667/5982/6640 666/5983/6640 668/5984/6640
f 667/5982/6641 668/5984/6641 669/5985/6641
f 3818/5986/6642 667/5982/6642 669/5985/6642
f 3818/5986/6642 669/5985/6642 3819/5987/6642
f 3819/5987/6643 670/5988/6643 3820/5989/6643
f 3828/5990/6644 3820/5989/6644 670/5988/6644
f 3828/5990/6645 670/5988/6645 671/5991/6645
f 3828/5990/6646 671/5991/6646 3827/5992/6646
f 3824/5993/6647 673/1824/6647 3825/5994/6647
f 3826/5995/6648 3825/5994/6648 673/1824/6648
f 3824/5993/6649 671/5991/6649 673/1824/6649
f 673/1824/6650 671/5991/6650 672/1828/6650
f 3824/5993/6651 3827/5992/6651 671/5991/6651
f 671/5991/6652 670/5988/6652 672/1828/6652
f 668/5980/6653 672/5996/6653 670/5997/6653
f 3842/5998/6654 261/5999/6654 3843/6000/6654
f 3844/6001/6655 3843/6000/6655 261/5999/6655
f 3844/6001/6656 261/5999/6656 263/6002/6656
f 3844/6001/6657 263/6002/6657 3845/6003/6657
f 3846/6004/6658 3845/6003/6658 263/6002/6658
f 3846/6004/6659 263/6002/6659 265/6005/6659
f 3846/6004/6659 265/6005/6659 3858/6006/6659
f 3831/6007/6660 3830/6008/6660 667/5982/6660
f 3829/6009/6661 667/5982/6661 3830/6008/6661
f 3834/6010/6662 666/5983/6662 3829/6009/6662
f 3834/6010/6662 662/6011/6662 666/5983/6662
f 665/6012/6663 666/5983/6663 662/6011/6663
f 660/6013/6664 665/6012/6664 662/6011/6664
f 3835/6014/6665 660/6013/6665 662/6011/6665
f 3835/6014/6665 662/6011/6665 3833/6015/6665
f 3850/6016/6666 663/6017/6666 3851/6018/6666
f 3851/6018/6667 663/6017/6667 661/6019/6667
f 3851/6018/6667 661/6019/6667 3852/6020/6667
f 3853/6021/6668 3855/6022/6668 661/6019/6668
f 3854/6023/6669 660/6013/6669 3857/6024/6669
f 3856/6025/6670 3857/6024/6670 660/6013/6670
f 3854/6023/6669 663/6017/6669 660/6013/6669
f 3853/6021/6671 663/6017/6671 3854/6023/6671
f 3855/6022/6672 3852/6020/6672 661/6019/6672
f 3853/6021/6671 661/6019/6671 663/6017/6671
f 3850/6016/6666 664/6026/6666 663/6017/6666
f 664/6026/6673 256/6027/6673 663/6017/6673
f 663/6017/6674 256/6027/6674 268/6028/6674
f 665/6012/6675 663/6017/6675 268/6028/6675
f 256/6029/6676 267/6030/6676 268/6031/6676
f 267/6030/6677 270/6032/6677 268/6031/6677
f 268/6031/6678 270/6032/6678 272/6033/6678
f 268/6031/6679 272/6033/6679 273/1786/6679
f 1369/5977/6680 268/6034/6680 273/1785/6680
f 1369/5977/6681 666/5981/6681 268/6034/6681
f 277/6035/6682 273/1786/6682 272/6033/6682
f 277/6035/6683 272/6033/6683 270/6032/6683
f 270/6032/6684 278/6036/6684 277/6035/6684
f 277/6035/6685 278/6036/6685 279/1792/6685
f 278/6036/6686 270/6032/6686 271/6037/6686
f 278/6036/6687 271/6037/6687 276/1798/6687
f 271/6037/6688 274/6038/6688 276/1798/6688
f 269/6039/6689 274/6038/6689 271/6037/6689
f 266/6040/6690 269/6039/6690 271/6037/6690
f 264/6041/6691 269/6039/6691 266/6040/6691
f 263/6002/6692 264/6041/6692 266/6040/6692
f 264/6041/6693 262/6042/6693 269/6039/6693
f 264/6041/6694 261/5999/6694 262/6042/6694
f 274/6038/6695 269/6039/6695 262/6042/6695
f 274/6038/6696 262/6042/6696 275/1808/6696
f 275/1808/6697 262/6042/6697 260/6043/6697
f 3841/6044/6698 260/6043/6698 262/6042/6698
f 266/6040/6699 271/6037/6699 270/6032/6699
f 267/6030/6700 266/6040/6700 270/6032/6700
f 267/6030/6701 265/6005/6701 266/6040/6701
f 256/6029/6702 265/6005/6702 267/6030/6702
f 3847/6045/6703 256/6027/6703 664/6026/6703
f 3850/6016/6704 3849/6046/6704 664/6026/6704
f 3847/6045/6703 664/6026/6703 3849/6046/6703
f 3847/6047/6705 3848/6048/6705 256/6029/6705
f 3858/6006/6706 256/6029/6706 3848/6048/6706
f 3832/6049/6707 3833/6015/6707 662/6011/6707
f 3835/6014/6708 3856/6025/6708 660/6013/6708
f 665/6012/6709 660/6013/6709 663/6017/6709
f 665/6012/6710 268/6028/6710 666/5983/6710
f 3834/6010/6711 3832/6049/6711 662/6011/6711
f 3858/6006/6706 265/6005/6706 256/6029/6706
f 263/6002/6712 266/6040/6712 265/6005/6712
f 263/6002/6713 261/5999/6713 264/6041/6713
f 3842/5998/6714 262/6042/6714 261/5999/6714
f 3841/6044/6715 262/6042/6715 3842/5998/6715
f 3840/6050/6716 260/6043/6716 3841/6044/6716
f 3840/6050/6717 259/1810/6717 260/6043/6717
f 3819/5987/6718 669/5985/6718 670/5988/6718
f 3818/5986/6719 3831/6007/6719 667/5982/6719
f 669/5985/6720 668/5984/6720 670/5988/6720
f 3829/6009/6661 666/5983/6661 667/5982/6661
f 672/5996/6721 668/5980/6721 1367/5979/6721
f 1372/5973/6722 1367/5979/6722 1370/5976/6722
f 1372/5973/6723 746/6051/6723 1367/5979/6723
f 683/6052/6724 1367/5979/6724 746/6051/6724
f 1368/5978/6725 666/5981/6725 1369/5977/6725
f 1372/5973/6726 1370/5976/6726 1374/5975/6726
f 746/6051/6727 1372/5973/6727 1373/5972/6727
f 746/6051/6728 1373/5972/6728 745/5971/6728
f 1376/5974/6729 1377/5969/6729 1375/5970/6729
f 744/5966/6730 743/5965/6730 745/1833/6730
f 743/5965/6731 739/5961/6731 738/1834/6731
f 1433/5954/6732 731/1847/6732 733/5958/6732
f 1429/1850/6733 1432/5953/6733 1431/1857/6733
f 1283/1935/6734 1281/1855/6734 1284/1856/6734
f 1278/1936/6735 1277/1854/6735 1281/1855/6735
f 1277/1854/6736 1273/1941/6736 1271/1853/6736
f 1279/1852/6737 1429/1850/6737 1431/1857/6737
f 1271/1853/6738 1427/1848/6738 1428/1851/6738
f 1429/1850/6739 1430/1849/6739 1432/5953/6739
f 1430/1849/6740 731/1847/6740 1433/5954/6740
f 1268/1845/6741 1427/1848/6741 1271/1853/6741
f 1267/5942/6742 506/1846/6742 1268/1845/6742
f 731/1843/6743 732/1838/6743 733/5959/6743
f 729/1839/6744 728/1841/6744 734/1836/6744
f 733/5959/6745 732/1838/6745 736/1837/6745
f 739/5961/6746 736/1837/6746 738/1834/6746
f 734/1836/6747 728/1841/6747 735/1835/6747
f 735/1835/6748 728/1841/6748 727/988/6748
f 735/1835/6749 727/988/6749 686/980/6749
f 745/1833/6750 743/5965/6750 738/1834/6750
f 684/1831/6751 746/6053/6751 745/1833/6751
f 683/6052/6752 746/6051/6752 684/6054/6752
f 672/5996/6753 1367/5979/6753 683/6052/6753
f 679/1826/6754 673/1824/6754 672/1828/6754
f 3821/1823/6755 3826/5995/6755 673/1824/6755
f 3840/6050/6756 3839/1816/6756 259/1810/6756
f 3838/1815/6757 3859/1817/6757 257/1814/6757
f 298/1811/6758 299/1813/6758 302/1812/6758
f 298/1811/6759 259/1810/6759 299/1813/6759
f 275/1808/6760 260/6043/6760 259/1810/6760
f 276/1798/6761 274/6038/6761 275/1808/6761
f 289/1806/6762 296/1809/6762 297/1805/6762
f 287/1802/6763 286/1807/6763 290/1804/6763
f 285/1799/6764 286/1807/6764 287/1802/6764
f 292/837/6765 1309/834/6765 288/1801/6765
f 285/1799/6766 276/1798/6766 286/1807/6766
f 279/1792/6767 278/6036/6767 276/1798/6767
f 280/1787/6768 277/6035/6768 279/1792/6768
f 280/1787/6769 273/1786/6769 277/6035/6769
f 1369/5977/6770 273/1785/6770 1371/1783/6770
f 1378/1782/6771 1377/5969/6771 1371/1783/6771
f 742/5968/6772 1378/1782/6772 1379/1781/6772
f 742/5968/6773 1379/1781/6773 741/1778/6773
f 969/5957/6774 737/5956/6774 741/6055/6774
f 967/6056/6775 1439/5955/6775 969/5957/6775
f 963/1769/6776 1439/5955/6776 967/6056/6776
f 961/1770/6777 952/1734/6777 962/1771/6777
f 961/1770/6778 953/6057/6778 952/1734/6778
f 950/6058/6779 952/1734/6779 953/6057/6779
f 950/6058/6780 953/6057/6780 946/779/6780
f 946/779/6781 949/1732/6781 950/6058/6781
f 953/6057/6782 961/1770/6782 964/780/6782
f 1438/1768/6783 1439/5955/6783 963/1769/6783
f 1434/1766/6784 1439/5955/6784 1438/1768/6784
f 1437/1765/6785 1435/5952/6785 1434/1766/6785
f 1560/1761/6786 1555/4486/6786 1437/1763/6786
f 1571/1760/6787 1562/4479/6787 1560/1761/6787
f 1244/1757/6788 1571/1760/6788 1572/1758/6788
f 1243/1755/6789 1245/3921/6789 1244/1756/6789
f 1243/1755/6790 1241/1753/6790 1239/3920/6790
f 1240/1751/6791 1234/4498/6791 1241/1753/6791
f 938/3859/6792 1240/1751/6792 939/1750/6792
f 1242/1759/6793 960/1743/6793 959/1747/6793
f 956/6059/6794 958/1745/6794 957/1744/6794
f 951/1733/6795 958/1745/6795 956/6059/6795
f 955/6060/6796 951/1733/6796 956/6059/6796
f 955/6060/6797 956/6059/6797 957/1744/6797
f 960/1743/6798 1568/1739/6798 1573/1740/6798
f 1563/1762/6799 1566/1736/6799 1568/1739/6799
f 1566/1736/6800 962/1764/6800 952/1737/6800
f 954/1735/6801 951/1733/6801 955/6060/6801
f 950/6058/6802 949/1732/6802 952/1734/6802
f 958/1745/6803 951/1733/6803 939/1731/6803
f 943/1730/6804 949/1732/6804 946/779/6804
f 941/1728/6805 940/3855/6805 939/1731/6805
f 933/1727/6806 940/3855/6806 941/1728/6806
f 930/1724/6807 929/3852/6807 933/1727/6807
f 928/3850/6808 930/1724/6808 931/1723/6808
f 1108/1720/6809 1105/3847/6809 931/1722/6809
f 1106/3846/6810 1108/1720/6810 1107/1719/6810
f 1102/1718/6811 1106/3846/6811 1107/1719/6811
f 1100/3844/6812 1102/1718/6812 1101/1717/6812
f 794/1715/6813 1100/3844/6813 1101/1717/6813
f 794/1714/6814 750/1712/6814 751/4507/6814
f 789/3797/6815 750/1712/6815 791/1711/6815
f 1103/1716/6816 1114/1708/6816 793/1709/6816
f 1103/1716/6817 1113/766/6817 1114/1708/6817
f 915/1703/6818 791/6061/6818 916/1704/6818
f 915/1703/6819 792/1702/6819 791/6061/6819
f 909/3792/6820 792/1702/6820 908/1700/6820
f 908/1700/6821 808/1698/6821 909/3792/6821
f 902/1697/6822 809/3785/6822 808/1698/6822
f 901/1695/6823 814/3784/6823 902/1697/6823
f 825/1694/6824 814/3784/6824 901/1695/6824
f 825/1692/6825 816/1691/6825 813/6062/6825
f 819/3777/6826 816/1689/6826 820/1685/6826
f 821/1687/6827 826/1693/6827 824/1681/6827
f 822/1684/6828 819/3777/6828 820/1685/6828
f 810/3771/6829 822/1684/6829 823/6063/6829
f 460/3761/6830 823/1682/6830 829/1679/6830
f 824/1681/6831 826/1693/6831 828/1680/6831
f 840/3758/6832 829/1679/6832 831/1677/6832
f 828/1680/6833 827/1675/6833 830/1678/6833
f 834/1676/6834 837/3756/6834 831/1677/6834
f 834/1676/6835 833/1674/6835 835/5078/6835
f 832/1672/6836 836/5101/6836 833/6064/6836
f 906/1669/6837 924/1665/6837 832/1672/6837
f 827/1671/6838 903/1696/6838 904/1670/6838
f 904/1670/6839 905/1699/6839 907/1668/6839
f 914/1701/6840 917/1667/6840 907/1668/6840
f 917/1667/6841 918/1705/6841 920/1660/6841
f 906/1669/6842 919/1666/6842 924/1665/6842
f 832/1672/6843 924/1665/6843 925/1664/6843
f 925/1664/6844 923/1663/6844 926/5098/6844
f 922/1659/6845 1161/5093/6845 923/5094/6845
f 920/1660/6846 918/1705/6846 921/1661/6846
f 918/1707/6847 1116/763/6847 921/6065/6847
f 1116/763/6848 1129/1648/6848 921/6065/6848
f 922/1659/6849 1159/1657/6849 1161/5093/6849
f 1159/1657/6850 1153/1656/6850 1160/3741/6850
f 1150/1654/6851 1151/3729/6851 1153/1656/6851
f 1135/1653/6852 1146/3717/6852 1150/1654/6852
f 1135/1652/6853 1134/1651/6853 1137/3712/6853
f 1134/1651/6854 1131/1650/6854 1133/3706/6854
f 1131/1650/6855 1128/1647/6855 1132/3705/6855
f 921/6065/6856 1129/1648/6856 1130/1649/6856
f 1116/763/6857 1125/1644/6857 1129/1648/6857
f 1592/3687/6858 1128/3686/6858 1126/6066/6858
f 1126/1646/6859 1124/1645/6859 1127/6067/6859
f 1123/1643/6860 1057/1642/6860 1124/1645/6860
f 1119/759/6861 1058/1641/6861 1121/1640/6861
f 1056/3669/6862 1736/3668/6862 1057/3674/6862
f 1052/5108/6863 1735/3662/6863 1056/3669/6863
f 1053/1635/6864 1048/3650/6864 1052/1636/6864
f 1043/1631/6865 1053/1635/6865 1047/1632/6865
f 1040/1629/6866 1041/3648/6866 1043/1631/6866
f 1040/1629/6867 1035/1628/6867 1038/3645/6867
f 1032/1627/6868 1033/5111/6868 1035/1628/6868
f 1032/1627/6869 1029/6068/6869 1033/5111/6869
f 1031/1620/6870 1029/6068/6870 1032/1627/6870
f 1037/1626/6871 1044/1630/6871 1045/1625/6871
f 1045/1625/6872 1044/1630/6872 1046/1624/6872
f 1031/1620/6873 1032/1627/6873 1034/1621/6873
f 1028/1618/6874 1029/6068/6874 1031/1620/6874
f 1025/732/6875 1023/6069/6875 1026/1616/6875
f 1604/1577/6876 1026/1615/6876 1023/6070/6876
f 1028/1618/6877 1027/1617/6877 1029/6068/6877
f 1595/1610/6878 1033/5112/6878 1029/1612/6878
f 3790/1609/1564 1593/3642/1564 1595/1610/1564
f 3790/1609/6879 3758/6071/6879 1593/3642/6879
f 3757/3641/3356 1593/3642/3356 3758/6071/3356
f 3791/1611/1565 1596/1606/1565 3792/1607/1565
f 1596/1606/6880 1598/1613/6880 1599/1605/6880
f 3730/1600/6881 3793/1608/6881 1597/1601/6881
f 3747/3627/6882 3725/1598/6882 1989/1597/6882
f 1875/1595/6883 1877/6072/6883 1989/1597/6883
f 3723/1594/1556 1872/1593/1556 1875/1595/1556
f 1872/1593/6884 1990/1589/6884 1991/1588/6884
f 3722/3595/3321 1991/1588/3321 3721/1587/3321
f 3733/1585/3328 1988/1582/3328 1987/3602/3328
f 3731/1602/6885 1601/1583/6885 3732/1584/6885
f 1602/1581/6886 1987/3602/6886 1988/1582/6886
f 1601/1580/6887 1599/1605/6887 1600/1578/6887
f 1604/1577/6888 1600/1578/6888 1026/1615/6888
f 1604/1577/6889 1023/6070/6889 1020/1568/6889
f 1022/731/6890 1020/1570/6890 1023/6069/6890
f 1602/1581/6891 1603/1564/6891 1985/1563/6891
f 3735/3600/6892 1985/1563/6892 3736/1562/6892
f 3714/3599/6893 3713/1560/6893 1986/1559/6893
f 3817/1561/1533 1605/1558/1533 3712/1557/1533
f 3718/3596/3322 1986/1555/3322 1856/1554/3322
f 1856/1553/6894 1855/1551/6894 1858/3591/6894
f 1018/1574/6895 1853/1550/6895 1605/1552/6895
f 1858/3591/6896 1855/1551/6896 1857/1548/6896
f 1853/1550/6897 1850/678/6897 1854/1549/6897
f 1857/1548/6898 1864/1543/6898 1866/3590/6898
f 1861/1547/6899 1851/677/6899 1859/1546/6899
f 1859/1546/6900 1851/677/6900 1852/6073/6900
f 1859/1546/6901 1852/6073/6901 1860/6074/6901
f 1859/1546/6902 1860/6074/6902 1862/6075/6902
f 1862/6075/6903 1860/6074/6903 1863/598/6903
f 1865/1544/6904 1862/6075/6904 1863/598/6904
f 1852/6076/6905 2140/604/6905 1860/6077/6905
f 2139/6078/6906 2140/604/6906 1852/6076/6906
f 1849/6079/6907 2139/6078/6907 1852/6076/6907
f 1859/1546/6908 1862/6075/6908 1865/1544/6908
f 1866/3590/6909 1864/1543/6909 1868/1542/6909
f 1886/1540/6910 1880/3579/6910 1868/1542/6910
f 1885/3577/6911 1886/1540/6911 1887/1538/6911
f 1889/4475/6912 1887/1538/6912 1890/1537/6912
f 2240/3999/6913 1890/1536/6913 2243/1532/6913
f 2242/3998/6914 2243/1532/6914 2233/1531/6914
f 2325/1527/6915 2315/1525/6915 2233/1530/6915
f 2321/1521/6916 2317/3993/6916 2315/1525/6916
f 2318/3983/6917 2321/1521/6917 2320/1520/6917
f 2322/1519/6918 2440/561/6918 2442/1517/6918
f 2442/1517/6919 2440/561/6919 2441/6080/6919
f 2442/1517/6920 2441/6080/6920 2444/542/6920
f 2320/1518/6921 2443/1516/6921 2319/1515/6921
f 1539/6081/6922 2319/1515/6922 2446/1514/6922
f 2446/1513/6923 2496/1512/6923 2813/2892/6923
f 2496/1510/6924 2495/1506/6924 2497/2872/6924
f 2497/2872/6925 2495/1506/6925 2498/1505/6925
f 2498/1505/6926 2503/1502/6926 2501/1501/6926
f 2264/2852/6927 2501/1501/6927 2506/1500/6927
f 2505/1499/6928 2507/1368/6928 2510/1498/6928
f 2506/1500/6929 2509/1497/6929 2513/1496/6929
f 2515/1492/6930 2516/2851/6930 2513/1496/6930
f 2278/1491/6931 2514/2850/6931 2515/1492/6931
f 2277/2847/6932 2278/1490/6932 2280/1489/6932
f 2279/2846/6933 2280/1489/6933 2282/1486/6933
f 2282/2817/6934 2283/6082/6934 2838/2816/6934
f 2829/2798/6935 2847/2799/6935 2838/2816/6935
f 2835/1476/6936 2823/2794/6936 2829/1481/6936
f 4434/2795/2594 2835/1476/2594 4435/1475/2594
f 4345/6083/6937 4346/1473/6937 2832/1472/6937
f 2832/1472/6938 2882/1470/6938 2828/2782/6938
f 2886/2732/6939 2882/1470/6939 2889/1466/6939
f 4347/1469/6940 4348/1467/6940 2889/1466/6940
f 2890/1463/6941 2886/2732/6941 2889/1466/6941
f 4353/1462/6942 4356/1460/6942 2913/1459/6942
f 2913/1459/6943 2893/1456/6943 2890/1463/6943
f 4358/1455/6944 2896/1454/6944 2893/1456/6944
f 2904/2728/6945 2896/1454/6945 2905/1451/6945
f 4372/1450/1430 2906/2729/1430 2905/1451/1430
f 4370/1449/6946 2906/2729/6946 4372/1450/6946
f 4370/1449/6946 2910/1448/6946 2906/2729/6946
f 2911/1444/6947 2903/2726/6947 2910/1448/6947
f 2907/1442/6948 2903/2726/6948 2911/1444/6948
f 4366/1441/1425 2908/2507/1425 2907/1442/1425
f 4335/1440/6949 3176/1439/6949 3177/2493/6949
f 3174/1437/6950 2917/6084/6950 3176/1439/6950
f 3174/1437/6951 3175/6085/6951 2917/6084/6951
f 4338/6086/6952 2917/6084/6952 3175/6085/6952
f 4338/6086/6952 3175/6085/6952 4339/6087/6952
f 4398/6088/6953 4339/6087/6953 3175/6085/6953
f 4340/1435/6954 2917/1396/6954 4338/6089/6954
f 4337/1436/1423 3175/6085/1423 3174/1437/1423
f 4337/1436/6955 4397/6090/6955 3175/6085/6955
f 4397/6090/6956 4398/6088/6956 3175/6085/6956
f 4340/1435/6954 2916/1434/6954 2917/1396/6954
f 2917/1396/6957 2916/1434/6957 2918/6091/6957
f 2921/1401/6958 2918/6091/6958 2916/1434/6958
f 2921/1401/6959 2916/1434/6959 2923/6092/6959
f 2921/1401/6960 2923/6092/6960 2925/6093/6960
f 2923/6092/6961 2927/1418/6961 2925/6093/6961
f 2923/6092/6962 2916/1434/6962 2915/1419/6962
f 2916/1434/6963 2914/1428/6963 2915/1419/6963
f 4279/1427/1416 2840/1421/1416 2914/1428/1416
f 4278/1425/6964 4283/1478/6964 2836/1426/6964
f 2837/1480/6965 2839/1423/6965 2836/1422/6965
f 2914/1428/6966 2840/1421/6966 2915/1419/6966
f 2839/1420/6967 2281/1485/6967 2521/1417/6967
f 2923/6092/6968 2915/1419/6968 2927/1418/6968
f 2925/6093/6969 2927/1418/6969 2924/1403/6969
f 2281/1493/6970 2520/1413/6970 2521/1415/6970
f 2520/1413/6971 2519/1495/6971 2524/1382/6971
f 2523/1407/6972 2926/1405/6972 2522/6094/6972
f 2926/1404/6973 2924/1403/6973 2522/1416/6973
f 2921/1401/6974 2925/6093/6974 2924/1403/6974
f 2919/1397/6975 2918/6091/6975 2921/1401/6975
f 2922/1399/6976 3141/1406/6976 2920/1392/6976
f 2917/1396/6977 2918/6091/6977 2919/1397/6977
f 3176/1439/6978 2917/6084/6978 3147/2499/6978
f 3146/1393/6979 3148/2420/6979 3147/1394/6979
f 3142/1408/6980 3143/1386/6980 2920/1392/6980
f 3144/1391/6981 3145/1390/6981 3146/1393/6981
f 3145/1390/6982 2536/1389/6982 2994/2415/6982
f 2533/1384/6983 2535/1379/6983 2536/2417/6983
f 3142/1408/6984 2531/1387/6984 3143/1386/6984
f 2531/1385/6985 2530/1410/6985 2529/1383/6985
f 2528/1411/6986 2524/1382/6986 2529/1383/6986
f 2519/1495/6987 2525/1381/6987 2524/1382/6987
f 2533/1384/6988 2527/1380/6988 2535/1379/6988
f 2538/2418/6989 2535/1379/6989 2537/1377/6989
f 2541/1253/6990 2538/2418/6990 2537/1377/6990
f 2534/1378/6991 2525/1381/6991 2526/1373/6991
f 2525/1381/6992 2518/1372/6992 2526/1373/6992
f 2517/1494/6993 2512/1371/6993 2518/1372/6993
f 2510/1498/6994 2511/1370/6994 2512/1371/6994
f 2510/1498/6995 2507/1368/6995 2511/1370/6995
f 2546/1374/6996 2508/1369/6996 2491/1365/6996
f 2504/1503/6997 2500/1367/6997 2507/1368/6997
f 2500/1367/6998 2494/1504/6998 2492/1366/6998
f 2490/1508/6999 2489/1364/6999 2492/1366/6999
f 2457/538/7000 2489/1364/7000 2490/1508/7000
f 2491/1365/7001 2486/1362/7001 2485/1264/7001
f 2457/538/7002 2488/1363/7002 2489/1364/7002
f 2487/537/7003 2484/1269/7003 2488/1363/7003
f 2486/1362/7004 2482/1268/7004 2485/1264/7004
f 2476/1267/7005 2475/1271/7005 2477/1266/7005
f 2482/1268/7006 2480/1265/7006 2485/1264/7006
f 2547/1263/7007 2491/1365/7007 2485/1264/7007
f 2545/1376/7008 2547/1263/7008 2483/1262/7008
f 2481/1256/7009 2545/1376/7009 2483/1262/7009
f 2477/1266/7010 2478/1261/7010 2479/1260/7010
f 2478/1259/7011 2949/1276/7011 2951/1258/7011
f 2949/1276/7012 2952/1245/7012 2951/1258/7012
f 2953/1249/7013 2951/1258/7013 2952/1245/7013
f 2481/1256/7014 2543/1255/7014 2545/1376/7014
f 2543/1255/7015 2541/1253/7015 2537/1377/7015
f 2540/1252/7016 2538/2418/7016 2541/1253/7016
f 2540/1251/7017 2954/1248/7017 2957/2395/7017
f 2542/1250/7018 2951/1258/7018 2953/1249/7018
f 2957/2395/7019 2954/1248/7019 2956/1247/7019
f 2956/1247/7020 2948/1243/7020 2958/2392/7020
f 2953/1249/7021 2952/1245/7021 2955/1246/7021
f 2949/1276/7022 2950/1244/7022 2952/1245/7022
f 2946/1274/7023 2941/1241/7023 2950/1244/7023
f 2958/2392/7024 2948/1243/7024 2944/1242/7024
f 2939/1240/7025 2942/2349/7025 2944/1242/7025
f 2473/1273/7026 2937/1239/7026 2941/1241/7026
f 2939/1240/7027 2938/1236/7027 2940/2350/7027
f 2936/1280/7028 2667/1237/7028 2937/1239/7028
f 2666/1285/7029 2630/1234/7029 2667/1233/7029
f 2630/1231/7030 2629/1289/7030 2631/1225/7030
f 2632/1230/7031 3001/1228/7031 2938/5552/7031
f 2427/2341/7032 3001/1228/7032 2432/1227/7032
f 2631/1225/7033 2629/1289/7033 2437/1222/7033
f 2435/1219/7034 2432/1223/7034 2436/1220/7034
f 2433/2339/7035 2435/1219/7035 2434/1217/7035
f 2401/1210/7036 2433/2339/7036 2434/1217/7036
f 2401/1210/7037 2434/1217/7037 2397/1216/7037
f 2401/1210/7038 2430/1209/7038 2433/2339/7038
f 2429/1208/7039 2426/2336/7039 2430/1209/7039
f 2428/1207/7040 2426/2336/7040 2429/1208/7040
f 2425/1206/7041 2426/2336/7041 2428/1207/7041
f 2411/1204/7042 2422/2333/7042 2425/1206/7042
f 2411/1204/7043 2409/1203/7043 2413/2331/7043
f 2409/1203/7044 2272/1202/7044 2410/2327/7044
f 2403/1198/7045 2268/2323/7045 2272/1202/7045
f 2400/1200/7046 2407/1201/7046 2408/1205/7046
f 2400/1200/7047 2398/1212/7047 2399/1199/7047
f 2406/1197/7048 2268/2323/7048 2403/1198/7048
f 2404/1195/7049 2256/1179/7049 2406/1197/7049
f 2399/1199/7050 2402/1193/7050 2405/1196/7050
f 2399/1199/7051 2097/1194/7051 2402/1193/7051
f 2092/1189/7052 2095/1182/7052 2093/1183/7052
f 2095/1182/7053 2094/1191/7053 2098/1163/7053
f 2404/1195/7054 2096/1180/7054 2256/1179/7054
f 2254/1177/7055 2257/2324/7055 2256/1179/7055
f 2254/1177/7056 2026/1176/7056 2255/2315/7056
f 2071/1173/7057 2025/2309/7057 2026/1174/7057
f 2071/1173/7058 2074/1172/7058 2073/1122/7058
f 2073/1122/7059 2079/1170/7059 2075/1127/7059
f 2076/1167/7060 2072/1171/7060 2077/1168/7060
f 2078/1165/7061 2102/1162/7061 2079/6095/7061
f 2077/1166/7062 2098/1163/7062 2100/1164/7062
f 2079/6095/7063 2102/1162/7063 2075/1161/7063
f 2098/1163/7064 2099/1158/7064 2101/1159/7064
f 2098/1163/7065 2091/1157/7065 2099/1158/7065
f 2089/1192/7066 2081/1154/7066 2091/1157/7066
f 2089/1192/7067 2083/476/7067 2081/1154/7067
f 1684/6096/7068 2068/1152/7068 1683/1151/7068
f 1684/466/7069 2066/1147/7069 2068/1150/7069
f 3671/6097/7070 2064/1148/7070 2066/1147/7070
f 3671/6097/7070 2066/1147/7070 3672/6098/7070
f 3669/6099/7071 3670/6100/7071 2064/1148/7071
f 3701/459/7072 2064/6101/7072 3670/6102/7072
f 3672/6098/7073 2065/465/7073 3679/6103/7073
f 3672/6098/7074 2066/1147/7074 2065/465/7074
f 3671/6097/7075 3669/6099/7075 2064/1148/7075
f 2104/1144/7076 2082/1153/7076 2067/1145/7076
f 2106/1143/7077 2064/1146/7077 2107/1142/7077
f 2080/1139/7078 2104/1144/7078 2105/1140/7078
f 1695/1131/7079 1692/441/7079 1696/1132/7079
f 1692/441/7080 1698/6104/7080 1696/1132/7080
f 1696/1132/7081 1698/6104/7081 1699/6105/7081
f 1699/6106/7082 1705/1125/7082 1696/6107/7082
f 1697/1129/7083 2075/1127/7083 2080/1138/7083
f 1696/6107/7084 1705/1125/7084 1706/1126/7084
f 1707/1123/7085 2073/1122/7085 2075/1127/7085
f 2073/1122/7086 2070/1120/7086 2071/1173/7086
f 1710/1119/7087 2023/2302/7087 2070/1120/7087
f 1708/1118/7088 1704/413/7088 1709/1115/7088
f 1710/1117/7089 1716/1116/7089 1717/5560/7089
f 1704/413/7090 1711/1114/7090 1709/1115/7090
f 1713/1113/7091 1714/1110/7091 1715/1103/7091
f 1712/1112/7092 1322/412/7092 1323/1111/7092
f 1323/1109/7093 1325/1077/7093 1326/1107/7093
f 1321/408/7094 1325/1077/7094 1323/1109/7094
f 1715/1103/7095 1714/1110/7095 1327/1104/7095
f 1716/1116/7096 1715/1103/7096 1719/1101/7096
f 1718/1102/7097 1328/1105/7097 1721/1099/7097
f 1721/1099/7098 1328/1105/7098 1332/1090/7098
f 1720/5572/7099 1719/1101/7099 1722/1100/7099
f 1728/5568/7100 1722/1100/7100 1730/1098/7100
f 1728/5568/7101 1730/1098/7101 1731/1097/7101
f 1731/1095/7102 1734/1094/7102 2059/2287/7102
f 1732/1093/7103 1721/1099/7103 1733/1089/7103
f 1345/6108/7104 1346/2284/7104 1734/2285/7104
f 1733/1089/7105 1721/1099/7105 1332/1090/7105
f 1345/1088/7106 1344/1087/7106 1346/2282/7106
f 1347/2280/7107 1344/1087/7107 1342/1086/7107
f 1340/2055/7108 1342/1086/7108 1341/1084/7108
f 1330/1083/7109 1343/2053/7109 1341/1084/7109
f 1328/1108/7110 1331/1081/7110 1332/1082/7110
f 1328/1108/7111 1329/1079/7111 1331/1081/7111
f 708/2054/7112 1343/2053/7112 1330/1083/7112
f 1326/1107/7113 1325/1077/7113 1329/1079/7113
f 709/6109/7114 708/6110/7114 710/1073/7114
f 709/6109/7115 710/1073/7115 715/1058/7115
f 707/1054/7116 708/6110/7116 709/6109/7116
f 1321/408/7117 1324/1076/7117 1325/1077/7117
f 1324/1076/7118 1304/404/7118 1300/1074/7118
f 1300/1074/7119 1296/401/7119 717/1062/7119
f 715/1058/7120 710/1073/7120 716/1059/7120
f 709/6109/7121 715/1058/7121 714/1056/7121
f 714/1056/7122 707/1054/7122 709/6109/7122
f 707/1054/7123 706/1053/7123 708/6110/7123
f 4021/2046/1951 706/2050/1951 702/2047/1951
f 703/1050/7124 701/1049/7124 702/1052/7124
f 4017/2043/7125 701/1049/7125 698/1047/7125
f 4018/1044/7126 4015/2041/7126 698/1047/7126
f 4308/1043/1027 1365/1042/1027 4029/5918/1027
f 1361/2022/7127 1365/1042/7127 1363/1041/7127
f 4273/1040/7128 4271/2000/7128 1363/1041/7128
f 3988/6111/7129 3989/1038/7129 491/1036/7129
f 4020/6112/7130 4019/1046/7130 492/1045/7130
f 3990/6113/7131 491/1036/7131 494/1030/7131
f 3990/6113/7131 494/1030/7131 3993/1029/7131
f 3990/6113/7132 3988/6111/7132 491/1036/7132
f 3987/1999/7133 3986/1026/7133 490/1024/7133
f 3985/1025/7134 3991/1027/7134 493/1023/7134
f 490/1024/7135 499/1020/7135 103/1970/7135
f 493/1023/7136 498/1031/7136 500/1022/7136
f 500/1022/7137 501/1033/7137 504/1021/7137
f 501/1033/7138 505/1013/7138 504/1021/7138
f 499/1020/7139 489/1019/7139 103/1970/7139
f 488/1966/7140 487/1965/7140 489/1969/7140
f 1266/1963/7141 488/1964/7141 508/6114/7141
f 504/1021/7142 505/1013/7142 509/1017/7142
f 1266/1963/7143 508/6114/7143 507/5943/7143
f 1267/5942/7144 507/5943/7144 506/1846/7144
f 503/1007/7145 730/1842/7145 506/1844/7145
f 501/1033/7146 502/1010/7146 505/1013/7146
f 502/1010/7147 497/1032/7147 496/1011/7147
f 492/1045/7148 699/1008/7148 496/1009/7148
f 699/1008/7149 700/1048/7149 704/1005/7149
f 503/1007/7150 725/1006/7150 730/1842/7150
f 704/1005/7151 705/1051/7151 712/1003/7151
f 713/1004/7152 722/1002/7152 725/1006/7152
f 711/1055/7153 720/1000/7153 712/1003/7153
f 722/1002/7154 724/1001/7154 726/1840/7154
f 724/1001/7155 721/999/7155 723/990/7155
f 720/1000/7156 718/1057/7156 719/997/7156
f 719/997/7157 596/1060/7157 597/998/7157
f 597/996/7158 594/1066/7158 599/995/7158
f 599/995/7159 612/1070/7159 614/994/7159
f 721/999/7160 600/991/7160 723/990/7160
f 728/1841/7161 723/990/7161 727/988/7161
f 618/985/7162 617/993/7162 619/986/7162
f 617/993/7163 621/928/7163 619/986/7163
f 747/981/7164 727/988/7164 620/984/7164
f 747/981/7165 686/980/7165 727/988/7165
f 685/976/7166 682/1827/7166 686/6115/7166
f 680/975/7167 682/1827/7167 685/976/7167
f 677/974/7168 678/1825/7168 680/975/7168
f 681/973/7169 687/977/7169 688/972/7169
f 675/966/7170 677/974/7170 676/968/7170
f 129/961/7171 674/1822/7171 675/966/7171
f 3823/960/954 674/1822/954 129/961/954
f 3836/959/1772 303/958/1772 257/1814/1772
f 3683/956/952 258/867/952 305/862/952
f 3683/956/7172 3685/6116/7172 258/867/7172
f 3690/955/951 128/949/951 127/950/951
f 128/949/7173 130/965/7173 132/945/7173
f 126/886/7174 131/948/7174 133/947/7174
f 136/942/7175 132/945/7175 130/965/7175
f 136/942/7176 137/970/7176 138/943/7176
f 689/971/7177 690/932/7177 138/941/7177
f 602/919/7178 603/6117/7178 604/6118/7178
f 602/919/7179 604/6118/7179 607/6119/7179
f 604/6118/7180 624/929/7180 607/6119/7180
f 690/932/7181 688/972/7181 622/933/7181
f 619/986/7182 621/928/7182 622/931/7182
f 623/930/7183 624/929/7183 604/6118/7183
f 624/929/7184 615/926/7184 607/6119/7184
f 617/993/7185 616/927/7185 621/928/7185
f 614/994/7186 613/925/7186 616/927/7186
f 615/926/7187 608/923/7187 607/6119/7187
f 611/1072/7188 609/924/7188 613/925/7188
f 601/1069/7189 606/922/7189 609/924/7189
f 608/923/7190 605/920/7190 607/6119/7190
f 606/922/7191 590/1068/7191 593/921/7191
f 591/6120/7192 593/921/7192 590/1068/7192
f 586/6121/7193 591/6120/7193 590/1068/7193
f 587/390/7194 586/6121/7194 590/1068/7194
f 557/6122/7195 586/6121/7195 587/390/7195
f 585/6123/7196 586/6121/7196 557/6122/7196
f 554/6124/7197 585/6123/7197 557/6122/7197
f 556/6125/7198 554/6126/7198 557/6127/7198
f 556/6125/7199 557/6127/7199 558/388/7199
f 555/6128/7200 554/6126/7200 556/6125/7200
f 3981/6129/7201 555/6128/7201 556/6125/7201
f 3981/6129/7201 556/6125/7201 4247/6130/7201
f 3979/6131/7202 555/6128/7202 3980/6132/7202
f 3979/6131/7202 553/6133/7202 555/6128/7202
f 3978/6134/7203 553/6133/7203 3979/6131/7203
f 3978/6134/7204 552/6135/7204 553/6133/7204
f 553/6133/7205 552/6135/7205 554/6126/7205
f 4247/6130/7206 560/6136/7206 4248/6137/7206
f 4249/364/7207 4248/6137/7207 560/6136/7207
f 4247/6130/7206 556/6125/7206 560/6136/7206
f 560/6136/7208 556/6125/7208 559/385/7208
f 3981/6129/7209 3980/6132/7209 555/6128/7209
f 555/6128/7210 553/6133/7210 554/6126/7210
f 552/362/7211 585/6123/7211 554/6124/7211
f 585/6123/7212 584/6138/7212 586/6121/7212
f 586/6121/7213 584/6138/7213 581/6139/7213
f 586/6121/7214 581/6139/7214 578/6140/7214
f 577/6141/7215 578/6140/7215 581/6139/7215
f 577/6141/7216 581/6139/7216 579/6142/7216
f 249/6143/7217 577/6141/7217 579/6142/7217
f 249/6143/7218 579/6142/7218 582/360/7218
f 249/6143/7219 582/360/7219 248/6144/7219
f 579/6142/7220 584/6138/7220 582/360/7220
f 579/6142/7221 583/6145/7221 584/6138/7221
f 247/6146/7222 577/6141/7222 249/6143/7222
f 579/6142/7223 581/6139/7223 583/6145/7223
f 577/6141/7224 571/6147/7224 578/6140/7224
f 578/6140/7225 571/6147/7225 576/6148/7225
f 591/6120/7226 578/6140/7226 576/6148/7226
f 591/6120/7227 576/6148/7227 592/6149/7227
f 592/6149/7228 576/6148/7228 580/6150/7228
f 592/6149/7229 580/6150/7229 575/915/7229
f 593/921/7230 592/6149/7230 575/915/7230
f 576/6148/7231 575/915/7231 580/6150/7231
f 576/6148/7232 571/6147/7232 573/914/7232
f 246/6151/7233 571/6147/7233 577/6141/7233
f 246/6151/7234 574/6152/7234 571/6147/7234
f 574/6152/7235 572/913/7235 571/6147/7235
f 245/902/7236 572/913/7236 574/6152/7236
f 245/902/7237 574/6152/7237 243/6153/7237
f 243/348/7238 244/6154/7238 245/900/7238
f 245/900/7239 244/6154/7239 242/6155/7239
f 243/348/7240 242/6155/7240 244/6154/7240
f 243/348/7241 241/6156/7241 242/6155/7241
f 238/346/7242 242/6155/7242 241/6156/7242
f 238/346/7243 239/6157/7243 242/6155/7243
f 252/899/7244 242/6155/7244 239/6157/7244
f 584/6138/7245 583/6145/7245 581/6139/7245
f 585/6123/7246 582/360/7246 584/6138/7246
f 591/6120/7247 586/6121/7247 578/6140/7247
f 591/6120/7248 592/6149/7248 593/921/7248
f 602/919/7249 607/6119/7249 605/920/7249
f 602/919/7250 146/918/7250 603/6117/7250
f 145/910/7251 146/940/7251 147/6158/7251
f 593/921/7252 575/915/7252 598/917/7252
f 576/6148/7253 573/914/7253 575/915/7253
f 571/6147/7254 572/913/7254 573/914/7254
f 145/910/7255 147/6158/7255 148/911/7255
f 144/908/7256 139/939/7256 145/910/7256
f 141/907/7257 140/944/7257 144/908/7257
f 142/906/7258 135/946/7258 141/907/7258
f 149/909/7259 150/905/7259 143/904/7259
f 150/901/7260 572/913/7260 245/902/7260
f 245/900/7261 242/6155/7261 252/899/7261
f 252/899/7262 239/6157/7262 253/897/7262
f 253/897/7263 239/6157/7263 162/6159/7263
f 253/897/7264 162/6159/7264 160/6160/7264
f 235/344/7265 162/6159/7265 239/6157/7265
f 235/344/7266 163/6161/7266 162/6159/7266
f 161/255/7267 162/6162/7267 163/6163/7267
f 161/255/7268 163/6163/7268 164/6164/7268
f 164/6164/7269 163/6163/7269 166/6165/7269
f 164/6164/7270 166/6165/7270 165/259/7270
f 228/6166/7271 166/6167/7271 163/6161/7271
f 228/6166/7272 163/6161/7272 227/6168/7272
f 227/6168/7273 167/6169/7273 228/6166/7273
f 226/340/7274 167/6169/7274 227/6168/7274
f 226/340/7275 225/6170/7275 167/6169/7275
f 225/6170/7276 22/6171/7276 167/6169/7276
f 22/6172/7277 166/6165/7277 167/6173/7277
f 3640/6174/7278 166/6165/7278 22/6172/7278
f 3640/6174/7278 22/6172/7278 3639/6175/7278
f 3638/6176/7279 3639/6177/7279 22/6178/7279
f 3637/6179/7280 3638/6176/7280 22/6178/7280
f 3637/6179/7281 22/6178/7281 21/6180/7281
f 3637/6179/7281 21/6180/7281 3881/6181/7281
f 3618/6182/7282 3881/6181/7282 21/6180/7282
f 3618/6182/7283 21/6180/7283 18/337/7283
f 18/337/7284 21/6180/7284 20/6183/7284
f 22/6178/7285 20/6183/7285 21/6180/7285
f 19/338/7286 20/6183/7286 22/6178/7286
f 3640/6174/7287 3651/6184/7287 166/6165/7287
f 3650/260/7288 166/6165/7288 3651/6184/7288
f 3884/6185/7289 39/6186/7289 3604/6187/7289
f 3603/6188/7290 3604/6187/7290 39/6186/7290
f 3605/261/7291 3603/6189/7291 39/6190/7291
f 3884/6185/7289 38/294/7289 39/6186/7289
f 19/339/7292 22/6171/7292 225/6170/7292
f 228/6166/7293 167/6169/7293 166/6167/7293
f 235/344/7294 227/6168/7294 163/6161/7294
f 152/890/7295 151/895/7295 153/894/7295
f 152/890/7296 153/894/7296 156/893/7296
f 152/890/7297 156/893/7297 157/891/7297
f 142/906/7298 152/890/7298 134/888/7298
f 126/886/7299 133/947/7299 134/888/7299
f 3658/885/884 125/6191/884 126/886/884
f 3660/6192/7300 126/886/7300 125/6191/7300
f 3660/6192/7301 125/6191/7301 3661/6193/7301
f 3879/6194/7302 3661/6193/7302 125/6191/7302
f 3658/885/7303 3659/6195/7303 125/6191/7303
f 3659/6195/7304 3880/6196/7304 125/6191/7304
f 3880/6196/7305 3879/6194/7305 125/6191/7305
f 3645/6197/7306 3647/880/7306 169/879/7306
f 3636/877/7307 3635/881/7307 168/878/7307
f 3644/874/7308 3645/6198/7308 169/876/7308
f 3646/873/877 168/875/877 355/872/877
f 3662/951/7309 126/886/7309 3660/6192/7309
f 3685/6116/7310 3686/869/7310 258/867/7310
f 3643/868/7311 3642/871/7311 312/866/7311
f 309/863/7312 258/867/7312 310/865/7312
f 305/862/7313 258/867/7313 309/863/7313
f 303/958/7314 305/862/7314 304/861/7314
f 308/860/7315 311/864/7315 313/859/7315
f 313/859/7316 311/864/7316 315/236/7316
f 301/857/7317 304/861/7317 307/858/7317
f 297/1805/7318 301/857/7318 300/856/7318
f 300/856/7319 326/854/7319 291/840/7319
f 294/842/7320 291/840/7320 295/852/7320
f 288/1803/7321 291/840/7321 292/839/7321
f 293/838/7322 1303/844/7322 1306/836/7322
f 1306/836/7323 1303/844/7323 1305/405/7323
f 292/837/7324 1308/835/7324 1309/834/7324
f 284/1796/7325 1309/834/7325 1311/831/7325
f 283/1797/7326 1311/831/7326 1312/830/7326
f 282/1791/7327 1312/828/7327 1661/827/7327
f 1662/826/7328 1313/829/7328 1665/825/7328
f 1661/827/7329 1664/822/7329 1663/819/7329
f 1382/818/7330 1661/827/7330 1663/819/7330
f 1388/816/7331 1386/812/7331 1389/6199/7331
f 1388/816/7332 1389/6199/7332 1390/6200/7332
f 1391/6201/7333 1388/816/7333 1390/6200/7333
f 1391/6201/7334 1390/6200/7334 988/792/7334
f 1391/6201/7335 988/792/7335 1388/816/7335
f 1816/806/7336 1390/6202/7336 1389/808/7336
f 1815/805/7337 1390/6202/7337 1816/806/7337
f 1813/6203/7338 1390/6202/7338 1815/805/7338
f 1813/6203/7339 989/6204/7339 1390/6202/7339
f 1813/6203/7340 1815/805/7340 1814/802/7340
f 995/6205/7341 1813/6203/7341 1814/802/7341
f 1001/801/7342 995/6205/7342 1814/802/7342
f 1001/801/7343 996/6206/7343 995/6205/7343
f 989/6204/7344 1813/6203/7344 995/6205/7344
f 1390/6202/7345 989/6204/7345 988/6207/7345
f 1383/791/7346 1388/816/7346 988/792/7346
f 1383/791/7347 1381/790/7347 1382/817/7347
f 1381/790/7348 1380/788/7348 281/1784/7348
f 975/1779/7349 1380/788/7349 976/787/7349
f 975/6208/7350 976/786/7350 970/784/7350
f 966/1774/7351 970/784/7351 968/782/7351
f 961/1770/7352 968/782/7352 964/780/7352
f 953/6057/7353 964/780/7353 946/779/7353
f 945/778/7354 943/1730/7354 946/779/7354
f 937/1726/7355 945/778/7355 944/777/7355
f 935/771/7356 944/777/7356 948/773/7356
f 947/776/7357 971/781/7357 973/775/7357
f 1064/772/7358 935/771/7358 948/773/7358
f 932/770/7359 934/1725/7359 935/771/7359
f 1109/1721/7360 932/769/7360 1111/768/7360
f 1109/1721/7361 1111/768/7361 1110/767/7361
f 1103/1716/7362 1110/767/7362 1113/766/7362
f 1114/1708/7363 1113/766/7363 1115/765/7363
f 918/1707/7364 1115/765/7364 1116/763/7364
f 1122/762/7365 1125/1644/7365 1116/763/7365
f 1122/762/7366 1119/759/7366 1121/1640/7366
f 1112/764/7367 1117/760/7367 1120/761/7367
f 1119/759/7368 1059/758/7368 1058/1641/7368
f 1117/760/7369 936/757/7369 1118/756/7369
f 1060/752/7370 1054/1633/7370 1059/754/7370
f 1061/753/7371 936/755/7371 1062/751/7371
f 1046/1624/7372 1060/752/7372 1063/750/7372
f 1046/1624/7373 1063/750/7373 1067/749/7373
f 1072/1623/7374 1067/749/7374 1068/746/7374
f 1066/748/7375 1062/751/7375 1065/747/7375
f 1065/747/7376 1069/774/7376 1070/745/7376
f 1076/742/7377 1068/746/7377 1074/743/7377
f 1030/1619/7378 1076/742/7378 1079/739/7378
f 1030/1619/7379 1079/739/7379 1080/733/7379
f 1081/740/7380 1078/741/7380 1082/738/7380
f 1080/733/7381 1079/739/7381 1083/737/7381
f 1084/734/7382 1083/737/7382 1085/736/7382
f 1080/733/7383 1083/737/7383 1084/734/7383
f 1030/1619/7384 1080/733/7384 1025/732/7384
f 1022/731/7385 1023/6069/7385 1025/732/7385
f 1019/730/7386 1020/1570/7386 1022/731/7386
f 1007/1571/7387 1019/730/7387 1015/728/7387
f 1015/728/7388 1010/689/7388 1007/1571/7388
f 1014/723/7389 1021/729/7389 1024/721/7389
f 1013/722/7390 1088/720/7390 991/726/7390
f 1088/720/7391 1091/717/7391 991/726/7391
f 991/726/7392 1091/717/7392 1092/702/7392
f 1024/721/7393 1086/735/7393 1087/719/7393
f 1087/719/7394 1082/738/7394 1090/716/7394
f 1088/720/7395 1089/718/7395 1091/717/7395
f 1094/715/7396 1090/716/7396 1095/714/7396
f 1095/714/7397 1077/744/7397 1073/713/7397
f 1070/745/7398 1071/712/7398 1073/713/7398
f 1071/712/7399 973/775/7399 972/711/7399
f 974/783/7400 981/710/7400 972/711/7400
f 981/710/7401 979/700/7401 985/708/7401
f 1098/707/7402 985/708/7402 986/701/7402
f 1099/706/7403 1098/707/7403 1097/704/7403
f 1093/703/7404 984/709/7404 1096/705/7404
f 1098/707/7405 986/701/7405 1097/704/7405
f 1091/717/7406 1093/703/7406 1092/702/7406
f 991/726/7407 1092/702/7407 982/698/7407
f 985/708/7408 979/700/7408 986/701/7408
f 979/700/7409 977/785/7409 978/699/7409
f 982/698/7410 987/695/7410 990/727/7410
f 983/697/7411 978/699/7411 980/696/7411
f 997/692/7412 1011/725/7412 987/695/7412
f 980/696/7413 993/693/7413 992/694/7413
f 993/693/7414 994/795/7414 998/691/7414
f 997/692/7415 1009/690/7415 1011/725/7415
f 1009/690/7416 1010/689/7416 1012/724/7416
f 1010/689/7417 1006/687/7417 1007/1571/7417
f 998/691/7418 1005/686/7418 1008/688/7418
f 1006/687/7419 1004/685/7419 1007/1571/7419
f 999/798/7420 1000/683/7420 1005/686/7420
f 1000/683/7421 1002/800/7421 1003/684/7421
f 1016/680/7422 1004/682/7422 1843/681/7422
f 1016/680/7423 1850/678/7423 1853/1550/7423
f 1854/1549/7424 1850/678/7424 1851/677/7424
f 1851/677/7425 1849/676/7425 1852/6073/7425
f 1848/6209/7426 2139/6078/7426 1849/6079/7426
f 1848/6209/7427 2136/606/7427 2139/6078/7427
f 1844/679/7428 1845/666/7428 1847/674/7428
f 1848/673/7429 2055/672/7429 2113/610/7429
f 1846/664/7430 2054/6210/7430 2055/669/7430
f 2054/6211/7431 2056/6212/7431 2055/6213/7431
f 2056/6214/7432 2112/6215/7432 2055/672/7432
f 2114/611/7433 2055/672/7433 2112/6215/7433
f 2114/611/7434 2112/6215/7434 2117/6216/7434
f 2114/611/7435 2117/6216/7435 2119/6217/7435
f 2120/616/7436 2114/611/7436 2119/6217/7436
f 2119/6217/7437 2117/6216/7437 2118/6218/7437
f 2119/6217/7438 2118/6218/7438 2122/619/7438
f 2117/6216/7439 2112/6215/7439 2118/6218/7439
f 2118/6218/7440 2112/6215/7440 2110/620/7440
f 2112/6215/7441 2111/6219/7441 2110/620/7441
f 2111/6219/7442 2108/6220/7442 2110/620/7442
f 1833/6221/7443 2108/6220/7443 2111/6219/7443
f 1833/6221/7444 2111/6219/7444 1836/6222/7444
f 1836/648/7445 1835/6223/7445 1833/6224/7445
f 1835/6225/7446 1832/6226/7446 1833/6227/7446
f 1834/6228/7447 1832/636/7447 1835/6229/7447
f 3868/6230/7448 1834/6228/7448 1835/6229/7448
f 3868/6230/7449 1835/6229/7449 3869/6231/7449
f 3866/6232/7450 3867/6233/7450 1834/6228/7450
f 3870/6234/7451 1834/6228/7451 3867/6233/7451
f 3871/6235/7452 1831/637/7452 3870/6234/7452
f 3871/6235/7453 3872/6236/7453 1830/639/7453
f 3872/6236/7454 3873/6237/7454 1830/639/7454
f 3877/6238/7455 1830/639/7455 3873/6237/7455
f 3870/6234/7451 1831/637/7451 1834/6228/7451
f 3868/6230/7456 3866/6232/7456 1834/6228/7456
f 1833/6221/7457 1826/6239/7457 2108/6220/7457
f 2108/6220/7458 1826/6239/7458 2109/622/7458
f 2056/6214/7459 2111/6219/7459 2112/6215/7459
f 2053/660/7460 2054/6210/7460 1846/664/7460
f 3875/6240/7461 2054/6210/7461 2053/660/7461
f 3875/6241/7462 3863/6242/7462 2054/6243/7462
f 3862/6244/7463 2054/6243/7463 3863/6242/7463
f 1844/679/7464 1003/667/7464 1845/666/7464
f 1002/803/7465 2050/663/7465 1003/665/7465
f 1002/803/7466 2049/662/7466 2050/663/7466
f 2052/661/7467 2053/660/7467 1846/664/7467
f 3875/6240/7468 2053/660/7468 3876/659/7468
f 3862/6244/7463 2056/6245/7463 2054/6243/7463
f 1836/6222/7469 2111/6219/7469 2056/6214/7469
f 3869/647/633 1835/6223/633 1836/648/633
f 3877/6238/7470 3681/646/7470 1821/641/7470
f 3682/658/7471 2051/644/7471 3680/645/7471
f 2049/662/7472 1818/643/7472 2051/644/7472
f 1817/804/7473 1819/642/7473 1818/643/7473
f 1819/642/7474 1820/807/7474 1822/640/7474
f 3877/6238/7455 1821/641/7455 1830/639/7455
f 1822/640/7475 1824/811/7475 1829/638/7475
f 3871/6235/7452 1830/639/7452 1831/637/7452
f 1829/638/7476 1824/811/7476 1828/635/7476
f 1834/6228/7477 1831/637/7477 1832/636/7477
f 1832/636/7478 1827/634/7478 1833/6246/7478
f 1824/811/7479 1825/630/7479 1828/635/7479
f 1833/6221/7480 1827/6247/7480 1826/6239/7480
f 1824/811/7481 1387/631/7481 1825/630/7481
f 1384/820/7482 1671/628/7482 1387/629/7482
f 1671/628/7483 1670/821/7483 1673/627/7483
f 2109/622/7484 1826/6239/7484 1672/623/7484
f 2108/6220/7485 2109/622/7485 2110/620/7485
f 2122/619/7486 2118/6218/7486 2110/620/7486
f 2119/6217/7487 2122/619/7487 2120/616/7487
f 2116/613/7488 2114/611/7488 2120/616/7488
f 2113/610/7489 2055/672/7489 2114/611/7489
f 1848/6209/7490 2113/608/7490 2136/606/7490
f 2137/607/7491 2115/609/7491 2138/605/7491
f 2139/6078/7492 2136/606/7492 2140/604/7492
f 2138/605/7493 2121/615/7493 2141/600/7493
f 2141/600/7494 2121/615/7494 2125/6248/7494
f 1860/6077/7495 2140/604/7495 2143/603/7495
f 1860/6077/7496 2143/603/7496 1863/602/7496
f 1897/596/7497 1865/1544/7497 1863/598/7497
f 1897/596/7498 1895/595/7498 1896/1545/7498
f 1893/593/7499 1870/1541/7499 1895/595/7499
f 1892/592/7500 1870/1541/7500 1893/593/7500
f 2246/586/7501 1891/1535/7501 1892/591/7501
f 2249/589/7502 1894/590/7502 1898/588/7502
f 2244/1533/7503 2246/586/7503 2247/585/7503
f 2326/1528/7504 2247/584/7504 2252/578/7504
f 2248/587/7505 2250/575/7505 2251/580/7505
f 2326/1528/7506 2252/578/7506 2253/570/7506
f 2250/575/7507 1898/588/7507 2142/576/7507
f 2141/600/7508 2125/6248/7508 2142/601/7508
f 2126/566/7509 2326/1528/7509 2253/570/7509
f 2121/617/7510 2124/563/7510 2125/568/7510
f 2128/565/7511 2324/1526/7511 2126/566/7511
f 2124/563/7512 2123/618/7512 2127/558/7512
f 2128/562/7513 2440/561/7513 2323/1524/7513
f 2440/561/7514 2439/560/7514 2441/6080/7514
f 2441/6080/7515 2439/560/7515 2130/554/7515
f 2441/6080/7516 2130/554/7516 2445/543/7516
f 2123/618/7517 2129/557/7517 2127/558/7517
f 2453/546/7518 2448/545/7518 2454/548/7518
f 2445/543/7519 2130/554/7519 2448/545/7519
f 2441/6080/7520 2445/543/7520 2444/542/7520
f 2447/1509/7521 2444/542/7521 2450/541/7521
f 2457/538/7522 2490/1508/7522 2450/541/7522
f 2451/544/7523 2455/539/7523 2449/540/7523
f 2455/539/7524 2456/547/7524 2458/536/7524
f 2487/537/7525 2488/1363/7525 2457/538/7525
f 2461/534/7526 2484/1269/7526 2487/537/7526
f 2458/536/7527 2456/547/7527 2460/535/7527
f 2470/533/7528 2474/1270/7528 2461/534/7528
f 2469/532/7529 2468/1282/7529 2470/533/7529
f 2469/532/7530 2465/527/7530 2468/1282/7530
f 2460/535/7531 2459/529/7531 2463/531/7531
f 2464/530/7532 2465/527/7532 2469/532/7532
f 2459/529/7533 2452/549/7533 2462/528/7533
f 2462/528/7534 2383/551/7534 2466/524/7534
f 2465/527/7535 2467/526/7535 2468/1282/7535
f 2466/524/7536 2383/551/7536 2386/525/7536
f 2383/553/7537 2385/493/7537 2386/6249/7537
f 2467/523/7538 2657/522/7538 2663/1342/7538
f 2660/520/7539 2658/519/7539 2657/522/7539
f 2652/517/7540 2655/1341/7540 2658/519/7540
f 2648/516/7541 2651/1333/7541 2652/517/7541
f 2646/515/7542 2647/1319/7542 2648/516/7542
f 2646/515/7543 2617/514/7543 2618/1320/7543
f 2615/1299/7544 2614/1317/7544 2617/1360/7544
f 2645/513/7545 2659/518/7545 2662/511/7545
f 2662/511/7546 2661/521/7546 2386/509/7546
f 2643/505/7547 2615/1299/7547 2644/507/7547
f 2642/1297/7548 2643/505/7548 2388/502/7548
f 2386/6249/7549 2385/493/7549 2387/504/7549
f 2638/501/7550 2642/1297/7550 2388/502/7550
f 2638/501/7551 2636/499/7551 2637/1293/7551
f 2391/498/7552 2437/1222/7552 2636/499/7552
f 2438/1218/7553 2391/496/7553 2392/495/7553
f 2384/492/7554 2394/1215/7554 2392/495/7554
f 2389/497/7555 2385/493/7555 2390/494/7555
f 2383/553/7556 2382/491/7556 2385/493/7556
f 2393/1214/7557 2384/492/7557 2380/490/7557
f 2381/552/7558 2131/488/7558 2382/491/7558
f 2395/1213/7559 2380/490/7559 2134/489/7559
f 2129/557/7560 2133/484/7560 2131/487/7560
f 2134/486/7561 2135/485/7561 2097/1186/7561
f 2135/485/7562 2087/483/7562 2088/1187/7562
f 2129/557/7563 2132/481/7563 2133/484/7563
f 2132/481/7564 2084/621/7564 2085/482/7564
f 2087/480/7565 2086/479/7565 2088/1188/7565
f 2086/479/7566 2083/476/7566 2089/1192/7566
f 2084/625/7567 1674/477/7567 2085/478/7567
f 1678/475/7568 2081/1154/7568 2083/476/7568
f 1673/627/7569 1675/472/7569 1674/473/7569
f 1678/474/7570 1677/471/7570 1680/470/7570
f 1684/467/7571 1680/470/7571 1685/468/7571
f 2065/465/7572 2066/1147/7572 1684/466/7572
f 3673/460/7573 3679/6103/7573 2065/465/7573
f 3701/459/7072 2107/458/7072 2064/6101/7072
f 1694/1141/7574 2107/1142/7574 1693/6250/7574
f 3668/1137/1116 1693/455/1116 3878/454/1116
f 3675/451/477 1688/439/477 1689/449/477
f 3668/1137/7575 3667/444/7575 1691/442/7575
f 3678/448/7576 1690/440/7576 3666/443/7576
f 1695/1131/7577 1691/442/7577 1692/441/7577
f 1698/6104/7578 1692/441/7578 1682/437/7578
f 1689/449/7579 1688/439/7579 1690/440/7579
f 1686/464/7580 1687/438/7580 1688/439/7580
f 1681/469/7581 1679/436/7581 1687/438/7581
f 1698/6104/7582 1682/437/7582 1669/434/7582
f 1675/472/7583 1676/435/7583 1679/436/7583
f 1676/435/7584 1668/823/7584 1667/431/7584
f 1665/825/7585 1316/432/7585 1667/431/7585
f 1316/430/7586 1315/419/7586 1317/429/7586
f 1315/419/7587 1837/426/7587 1317/429/7587
f 1318/428/7588 1840/427/7588 1839/425/7588
f 1839/425/7589 1669/424/7589 1318/428/7589
f 1699/6105/7590 1698/6104/7590 1669/434/7590
f 1320/418/7591 1705/1125/7591 1699/6106/7591
f 1320/418/7592 1703/414/7592 1705/1125/7592
f 1837/426/7593 1315/419/7593 1838/422/7593
f 1315/419/7594 1314/407/7594 1319/420/7594
f 1314/411/7595 1701/416/7595 1319/417/7595
f 1320/418/7596 1702/415/7596 1703/414/7596
f 1705/1125/7597 1703/414/7597 1704/413/7597
f 1711/1114/7598 1704/413/7598 1322/412/7598
f 1314/411/7599 1700/410/7599 1701/416/7599
f 1322/409/7600 1321/408/7600 1323/1109/7600
f 1321/408/7601 1304/404/7601 1324/1076/7601
f 1310/833/7602 1307/406/7602 1314/407/7602
f 1306/836/7603 1305/405/7603 1307/406/7603
f 1303/844/7604 1302/403/7604 1305/405/7604
f 1304/404/7605 1296/401/7605 1300/1074/7605
f 1298/402/7606 1302/403/7606 1301/845/7606
f 1297/219/7607 1294/398/7607 1298/402/7607
f 1296/401/7608 1295/400/7608 717/1062/7608
f 1293/399/7609 595/1063/7609 1295/400/7609
f 1292/396/7610 589/395/7610 1293/399/7610
f 587/390/7611 590/1068/7611 589/394/7611
f 557/6122/7612 587/390/7612 558/389/7612
f 556/6125/7613 558/388/7613 559/385/7613
f 541/6251/7614 570/386/7614 545/387/7614
f 544/213/7615 541/6252/7615 545/6253/7615
f 543/6254/7616 541/6252/7616 544/213/7616
f 543/6254/7617 542/6255/7617 541/6252/7617
f 542/6255/7618 539/6256/7618 541/6252/7618
f 539/6256/7619 540/6257/7619 541/6252/7619
f 537/6258/7620 539/6256/7620 542/6255/7620
f 537/6258/7621 542/6255/7621 538/6259/7621
f 538/6259/7622 536/207/7622 537/6258/7622
f 537/6258/7623 410/201/7623 539/6256/7623
f 539/6256/7624 410/201/7624 411/6260/7624
f 538/6259/7625 542/6255/7625 543/6254/7625
f 538/6259/7626 543/6254/7626 535/208/7626
f 540/192/7627 570/386/7627 541/6251/7627
f 540/192/7628 569/6261/7628 570/386/7628
f 540/192/7629 563/384/7629 569/6261/7629
f 570/386/7630 569/6261/7630 563/384/7630
f 560/6136/7631 559/385/7631 561/365/7631
f 565/382/7632 562/368/7632 564/383/7632
f 438/373/7633 565/382/7633 567/380/7633
f 3972/6262/7634 255/354/7634 3973/6263/7634
f 3972/6262/7634 254/174/7634 255/354/7634
f 3972/6262/7635 3971/6264/7635 254/174/7635
f 3971/6264/7636 3969/6265/7636 254/174/7636
f 3947/376/7637 3946/6266/7637 438/377/7637
f 438/373/7638 562/368/7638 565/382/7638
f 3982/371/7639 3983/369/7639 562/368/7639
f 564/383/7640 562/368/7640 561/365/7640
f 4249/364/407 560/6136/407 561/365/407
f 3978/6134/7641 3977/6267/7641 552/6135/7641
f 552/362/7642 582/360/7642 585/6123/7642
f 3975/359/405 248/6144/405 582/360/405
f 3974/357/7643 3973/6263/7643 255/354/7643
f 254/174/7644 250/355/7644 255/354/7644
f 248/351/7645 247/350/7645 249/6268/7645
f 246/6151/7646 577/6141/7646 247/6146/7646
f 243/6153/7647 574/6152/7647 246/6151/7647
f 240/347/7648 241/6156/7648 243/348/7648
f 240/347/7649 238/346/7649 241/6156/7649
f 235/344/7650 239/6157/7650 238/346/7650
f 233/343/7651 227/6168/7651 235/344/7651
f 233/343/7652 229/342/7652 227/6168/7652
f 226/340/7653 227/6168/7653 229/342/7653
f 19/339/7654 225/6170/7654 226/340/7654
f 19/338/7655 18/337/7655 20/6183/7655
f 10/137/7656 15/309/7656 16/336/7656
f 3617/304/7657 18/337/7657 17/305/7657
f 3618/6182/7283 18/337/7283 3617/304/7283
f 3600/6269/7658 3601/303/7658 34/299/7658
f 3597/324/364 32/301/364 3598/302/364
f 32/301/7659 33/326/7659 35/300/7659
f 35/300/7660 33/326/7660 36/292/7660
f 3602/298/7661 3600/6269/7661 34/299/7661
f 3884/6185/7662 3883/296/7662 38/294/7662
f 3885/297/7663 36/292/7663 3882/295/7663
f 36/292/7664 33/326/7664 37/293/7664
f 391/289/7665 39/6190/7665 38/290/7665
f 364/262/7666 39/6190/7666 391/289/7666
f 33/328/7667 395/286/7667 37/287/7667
f 364/262/7668 391/289/7668 392/6270/7668
f 363/281/7669 360/279/7669 362/269/7669
f 357/272/7670 362/269/7670 360/279/7670
f 518/277/7671 361/278/7671 365/6271/7671
f 518/277/7672 365/6271/7672 397/85/7672
f 359/275/7673 358/274/7673 360/279/7673
f 360/279/7674 358/274/7674 357/272/7674
f 3608/271/326 362/269/326 357/272/326
f 3608/271/7675 3610/270/7675 362/269/7675
f 363/281/7676 362/269/7676 366/266/7676
f 363/281/7677 366/266/7677 364/265/7677
f 3605/261/322 39/6190/322 364/262/322
f 3650/260/7678 165/259/7678 166/6165/7678
f 165/259/7679 161/255/7679 164/6164/7679
f 3649/258/7680 3652/256/7680 161/255/7680
f 161/255/7681 160/253/7681 162/6162/7681
f 253/897/7682 160/6160/7682 154/898/7682
f 3663/250/316 159/249/316 154/251/316
f 158/892/7683 159/249/7683 155/247/7683
f 3656/889/886 155/247/886 3655/246/886
f 3633/883/7684 3632/244/7684 356/242/7684
f 3609/273/327 352/241/327 3631/243/327
f 354/240/7685 355/872/7685 356/242/7685
f 353/239/7686 355/872/7686 354/240/7686
f 353/239/7687 317/237/7687 312/866/7687
f 348/73/7688 318/235/7688 349/238/7688
f 315/236/7689 311/864/7689 317/237/7689
f 313/859/7690 315/236/7690 316/234/7690
f 313/859/7691 316/234/7691 314/233/7691
f 314/233/7692 321/231/7692 322/230/7692
f 306/855/7693 322/230/7693 325/229/7693
f 327/853/7694 325/229/7694 329/227/7694
f 332/224/7695 328/850/7695 329/227/7695
f 330/848/7696 328/850/7696 332/224/7696
f 330/222/7697 1299/221/7697 1298/402/7697
f 1299/221/7698 1297/219/7698 1298/402/7698
f 551/218/7699 1294/398/7699 1297/219/7699
f 547/393/7700 588/392/7700 551/6272/7700
f 544/213/7701 545/6253/7701 547/215/7701
f 546/212/7702 543/6254/7702 544/213/7702
f 535/208/7703 543/6254/7703 546/212/7703
f 531/211/7704 533/206/7704 534/209/7704
f 535/208/7705 536/207/7705 538/6259/7705
f 536/207/7706 532/204/7706 537/6258/7706
f 531/211/7707 529/205/7707 533/206/7707
f 524/48/7708 407/202/7708 529/205/7708
f 537/6258/7709 532/204/7709 410/201/7709
f 409/200/7710 408/196/7710 410/6273/7710
f 403/43/7711 406/198/7711 407/199/7711
f 410/6273/7712 408/196/7712 411/194/7712
f 539/6256/7713 411/6260/7713 540/6257/7713
f 540/192/7714 566/190/7714 563/384/7714
f 568/381/7715 566/190/7715 416/189/7715
f 413/188/7716 412/195/7716 415/186/7716
f 3895/184/7717 3896/183/7717 419/182/7717
f 416/187/7718 419/182/7718 423/177/7718
f 3949/176/7719 439/378/7719 423/177/7719
f 3969/6265/7720 3970/175/7720 254/174/7720
f 254/174/7721 251/172/7721 250/355/7721
f 4251/171/242 237/6274/242 251/172/242
f 234/168/7722 236/345/7722 237/169/7722
f 3950/6275/7723 3952/161/7723 421/156/7723
f 3898/160/7724 3897/185/7724 422/159/7724
f 415/186/7725 418/158/7725 422/159/7725
f 418/158/7726 414/197/7726 417/157/7726
f 3950/6275/7727 421/156/7727 424/155/7727
f 3950/6275/7727 424/155/7727 3951/6276/7727
f 3900/6277/7728 3951/6276/7728 424/155/7728
f 3899/6278/7729 3900/6277/7729 424/155/7729
f 4258/154/7730 425/37/7730 4259/6279/7730
f 4260/6280/7731 4259/6279/7731 425/37/7731
f 3903/6281/7732 4260/6280/7732 425/37/7732
f 3901/153/7733 3899/6278/7733 424/155/7733
f 3964/150/7734 230/149/7734 234/164/7734
f 3943/147/7735 3942/151/7735 232/148/7735
f 10/139/7736 230/146/7736 231/140/7736
f 7/138/7737 8/120/7737 9/134/7737
f 10/137/7738 14/136/7738 15/309/7738
f 3622/133/7739 3621/312/7739 14/136/7739
f 84/106/7740 86/129/7740 85/6282/7740
f 87/6283/7741 85/6282/7741 86/129/7741
f 83/107/7742 85/6282/7742 87/6283/7742
f 86/129/7743 88/126/7743 87/6283/7743
f 87/6283/7744 88/126/7744 89/6284/7744
f 90/6285/7745 87/6283/7745 89/6284/7745
f 90/6285/7746 89/6284/7746 93/6286/7746
f 90/6285/7747 93/6286/7747 92/6287/7747
f 91/6288/7748 90/6285/7748 92/6287/7748
f 3583/6289/7749 91/6288/7749 92/6287/7749
f 3583/6289/7750 92/6287/7750 3584/6290/7750
f 4255/6291/7751 3630/6292/7751 3/6293/7751
f 4255/6291/7752 3/6293/7752 3926/6294/7752
f 3925/6295/7753 3926/6294/7753 3/6293/7753
f 3924/6296/7754 3925/6295/7754 3/6293/7754
f 3923/6297/7755 3924/6296/7755 3/6293/7755
f 3933/6298/7756 3923/6297/7756 3/6293/7756
f 3933/6298/7757 3/6293/7757 12/6299/7757
f 3933/6298/7758 12/6299/7758 3934/6300/7758
f 3934/6300/7759 12/6299/7759 4/119/7759
f 3628/6301/7760 4/119/7760 12/6299/7760
f 3628/6301/7760 12/6299/7760 3629/6302/7760
f 3580/125/7761 3581/6303/7761 89/6284/7761
f 3627/6304/7762 3626/6305/7762 13/122/7762
f 3582/6306/7763 89/6284/7763 3581/6303/7763
f 3582/6306/7764 3889/6307/7764 93/6286/7764
f 3889/6307/7765 3890/6308/7765 93/6286/7765
f 3888/6309/7766 93/6286/7766 3890/6308/7766
f 3627/6304/7767 4/119/7767 3628/6301/7767
f 3629/6302/7768 12/6299/7768 3/6293/7768
f 3629/6302/7769 3/6293/7769 3630/6292/7769
f 3953/6310/7770 3955/6311/7770 66/112/7770
f 3953/6310/7771 66/112/7771 65/6312/7771
f 3953/6310/7771 65/6312/7771 3954/6313/7771
f 3958/6314/7772 63/6315/7772 3959/6316/7772
f 3962/6317/7773 3959/6316/7773 63/6315/7773
f 3963/6318/7774 3962/6317/7774 63/6315/7774
f 3960/6319/7775 3963/6318/7775 63/6315/7775
f 3960/6319/7776 63/6315/7776 64/6320/7776
f 3960/6319/7777 64/6320/7777 3961/6321/7777
f 3585/6322/7778 3586/6323/7778 62/6324/7778
f 3585/6322/7779 62/6324/7779 91/6288/7779
f 64/6320/7780 91/6288/7780 62/6324/7780
f 3587/6325/7781 62/6324/7781 3586/6323/7781
f 3915/6326/7781 62/6324/7781 3587/6325/7781
f 3915/6326/7781 3587/6325/7781 3917/6327/7781
f 3917/6327/7782 3588/6328/7782 4256/6329/7782
f 4257/6330/7783 4256/6329/7783 3588/6328/7783
f 4257/6330/7784 3588/6328/7784 3579/6331/7784
f 4257/6330/7784 3579/6331/7784 3893/6332/7784
f 3892/6333/7785 3893/6332/7785 3579/6331/7785
f 3915/6326/7786 3916/6334/7786 62/6324/7786
f 3917/6327/7783 3587/6325/7783 3588/6328/7783
f 3961/6321/7787 62/6324/7787 3916/6334/7787
f 3961/6321/7788 64/6320/7788 62/6324/7788
f 63/6315/7789 65/6312/7789 64/6320/7789
f 67/109/7790 64/6320/7790 65/6312/7790
f 67/109/7791 87/6283/7791 64/6320/7791
f 3958/6314/7772 65/6312/7772 63/6315/7772
f 3958/6314/7792 3954/6313/7792 65/6312/7792
f 67/109/7793 65/6312/7793 66/112/7793
f 3888/6309/7794 3584/6290/7794 92/6287/7794
f 3585/6322/7779 91/6288/7779 3583/6289/7779
f 64/6320/7795 90/6285/7795 91/6288/7795
f 3888/6309/7796 92/6287/7796 93/6286/7796
f 3582/6306/7797 93/6286/7797 89/6284/7797
f 64/6320/7798 87/6283/7798 90/6285/7798
f 3580/125/211 89/6284/211 88/126/211
f 3626/6305/7799 3625/124/7799 13/122/7799
f 3623/135/217 11/121/217 3624/123/217
f 3627/6304/7767 13/122/7767 4/119/7767
f 9/134/7800 8/120/7800 11/121/7800
f 5/144/7801 2/117/7801 8/120/7801
f 1/27/7802 2/117/7802 5/144/7802
f 3934/6300/7759 4/119/7759 3935/116/7759
f 3955/6311/7803 3956/115/7803 66/112/7803
f 3957/114/7804 3914/6335/7804 69/24/7804
f 66/112/7805 73/110/7805 67/109/7805
f 83/107/7806 87/6283/7806 67/109/7806
f 83/107/7807 84/106/7807 85/6282/7807
f 3887/132/7808 84/106/7808 24/105/7808
f 80/94/7809 28/332/7809 24/105/7809
f 77/108/7810 76/103/7810 79/104/7810
f 76/103/7811 70/111/7811 74/100/7811
f 70/111/7812 72/101/7812 74/100/7812
f 71/6336/7813 437/97/7813 72/99/7813
f 436/19/7814 437/97/7814 71/6336/7814
f 436/19/7815 81/92/7815 437/97/7815
f 78/102/7816 75/95/7816 80/94/7816
f 82/6337/7817 28/332/7817 80/94/7817
f 29/329/7818 82/91/7818 394/90/7818
f 395/286/7819 394/90/7819 396/87/7819
f 365/285/7820 396/87/7820 397/86/7820
f 518/277/7821 397/85/7821 519/83/7821
f 520/79/7822 518/277/7822 519/83/7822
f 351/78/7823 518/277/7823 520/79/7823
f 347/75/7824 352/241/7824 351/77/7824
f 342/55/7825 344/71/7825 345/76/7825
f 347/75/7826 350/74/7826 352/241/7826
f 350/74/7827 348/73/7827 349/238/7827
f 346/72/7828 318/235/7828 348/73/7828
f 346/72/7829 320/69/7829 318/235/7829
f 342/55/7830 341/70/7830 344/71/7830
f 323/68/7831 319/232/7831 320/69/7831
f 333/66/7832 324/228/7832 323/68/7832
f 336/65/7833 334/225/7833 333/66/7833
f 550/62/7834 335/217/7834 336/64/7834
f 340/59/7835 549/214/7835 550/62/7835
f 337/60/7836 338/67/7836 339/54/7836
f 548/57/7837 549/214/7837 340/59/7837
f 530/210/7838 548/57/7838 343/52/7838
f 339/54/7839 341/70/7839 342/55/7839
f 342/53/7840 525/81/7840 527/50/7840
f 343/52/7841 528/51/7841 530/210/7841
f 524/48/7842 529/205/7842 528/51/7842
f 527/50/7843 525/81/7843 526/49/7843
f 525/81/7844 523/47/7844 526/49/7844
f 407/202/7845 524/48/7845 403/46/7845
f 521/82/7846 522/44/7846 523/47/7846
f 522/44/7847 398/84/7847 401/45/7847
f 403/43/7848 402/40/7848 406/198/7848
f 398/88/7849 400/41/7849 401/42/7849
f 400/41/7850 399/89/7850 404/39/7850
f 399/89/7851 405/16/7851 404/39/7851
f 417/157/7852 402/40/7852 420/38/7852
f 4258/154/7730 420/38/7730 425/37/7730
f 3902/34/7853 3903/6281/7853 425/37/7853
f 3938/33/229 6/32/229 232/148/229
f 1/27/7854 5/144/7854 6/143/7854
f 3940/26/127 2/117/127 1/27/127
f 3914/6335/7855 3913/25/7855 69/24/7855
f 3912/22/7856 3911/6338/7856 68/23/7856
f 3909/7/7857 68/20/7857 3911/6339/7857
f 69/21/7858 436/19/7858 71/6336/7858
f 436/19/7859 393/18/7859 81/92/7859
f 399/89/7860 393/18/7860 405/16/7860
f 427/15/7861 404/39/7861 405/16/7861
f 429/13/7862 426/35/7862 427/15/7862
f 428/12/7863 426/35/7863 429/13/7863
f 3904/36/7864 428/12/7864 3905/11/7864
f 3909/7/7857 435/5/7857 68/20/7857
f 3908/6/7865 3910/8/7865 434/2/7865
f 433/4/7866 432/17/7866 435/5/7866
f 430/3/7867 431/14/7867 433/4/7867
f 3906/10/112 430/3/112 434/2/112
o Object.2
v 0.326259 0.740226 0.098695
v 0.333905 0.732598 0.098495
v 0.326767 0.738204 0.102814
v 0.324832 0.740254 0.103985
v 0.327121 0.743428 0.102600
v 0.329159 0.746685 0.101367
vn 0.5177 -0.0000 0.8555
vn 0.5177 -0.0000 0.8556
vn -0.6871 -0.6821 -0.2502
vn 0.2481 0.2730 -0.9295
vn -0.8629 0.4671 -0.1927
vn -0.8342 0.5022 -0.2277
vn -0.7674 -0.6079 -0.2039
vt 0.000000 0.000000
vt 0.973427 0.355628
vt 0.974854 0.355411
vt 0.974854 0.355957
vt 0.975217 0.356787
vt 0.975384 0.355987
vt 0.975314 0.355453
s 0
usemtl Mat_0.011
f 4920/6340/7868 4922/6340/7868 4921/6340/7868
f 4920/6340/7869 4923/6340/7869 4922/6340/7869
f 4919/6340/7869 4923/6340/7869 4920/6340/7869
f 4919/6341/7870 4920/6342/7870 4918/6343/7870
f 4923/6344/7871 4919/6341/7871 4918/6343/7871
f 4922/6345/7872 4923/6344/7872 4918/6343/7872
f 4921/6346/7873 4922/6345/7873 4918/6343/7873
f 4920/6342/7874 4921/6346/7874 4918/6343/7874
o Object.3
v 0.590197 -0.429354 -0.063683
v 0.593363 -0.428965 -0.058509
v 0.591681 -0.429773 -0.057491
v 0.595869 -0.427098 -0.060025
v 0.591813 -0.414701 -0.057570
v 0.591286 -0.423682 -0.057251
vn 0.5177 -0.0000 0.8556
vn 0.5178 -0.0002 0.8555
vn 0.3542 -0.9235 -0.1475
vn 0.4858 -0.8421 -0.2341
vn 0.4261 0.3079 -0.8507
vn -0.9916 0.0622 0.1130
vn -0.9710 -0.0721 0.2280
vt 0.000000 0.000000
vt 0.249324 0.022799
vt 0.249087 0.022708
vt 0.250000 0.022461
vt 0.249367 0.023938
vt 0.311872 0.894471
vt 0.311763 0.892371
vt 0.312256 0.892090
vt 0.312604 0.893099
vt 0.248313 0.022351
s 0
usemtl Mat_0.011
f 4929/6347/7875 4927/6347/7875 4928/6347/7875
f 4927/6347/7875 4929/6347/7875 4926/6347/7875
f 4927/6347/7876 4926/6347/7876 4925/6347/7876
f 4925/6348/7877 4926/6349/7877 4924/6350/7877
f 4927/6351/7878 4925/6348/7878 4924/6350/7878
f 4928/6352/7879 4927/6353/7879 4924/6354/7879
f 4929/6355/7880 4928/6352/7880 4924/6354/7880
f 4926/6349/7881 4929/6356/7881 4924/6350/7881
o Object.4
v -0.526596 -0.613839 -0.098618
v -0.541285 -0.631473 -0.106117
v -0.536905 -0.585274 -0.132434
v -0.539153 -0.593491 -0.155436
v -0.552602 -0.673176 -0.118258
v -0.525820 -0.629497 -0.138645
v -0.504426 -0.566981 -0.176191
v -0.505047 -0.631822 -0.156909
v -0.480901 -0.600235 -0.141232
v -0.538572 -0.701624 -0.091864
v -0.518302 -0.696508 -0.107241
v -0.498729 -0.640775 -0.138199
v -0.511635 -0.667595 -0.106670
v -0.489892 -0.648759 -0.107145
v -0.482839 -0.585042 -0.123074
v -0.512566 -0.646743 -0.090159
v -0.505861 -0.609459 -0.112445
v -0.505434 -0.545974 -0.119934
v -0.499156 -0.680152 -0.081342
v -0.540587 -0.350754 -0.097727
v -0.543998 -0.324980 -0.112522
v -0.533882 -0.317636 -0.151861
v -0.541634 -0.385209 -0.138519
v -0.521984 -0.394821 -0.130079
v -0.523728 -0.406681 -0.151841
v -0.525782 -0.348545 -0.143644
v -0.510899 -0.317888 -0.146793
v -0.504543 -0.379551 -0.176578
v -0.492605 -0.372729 -0.183186
v -0.504814 -0.284925 -0.132996
v -0.505589 -0.280099 -0.107600
v -0.482877 -0.301455 -0.127017
v -0.473731 -0.374590 -0.171269
v -0.490009 -0.341413 -0.130302
v -0.486869 -0.317035 -0.114131
v -0.517410 -0.258163 -0.074928
v -0.467258 -0.328042 -0.097581
v -0.514348 -0.269848 -0.064691
v -0.474080 -0.328895 -0.067961
v -0.476017 -0.292172 -0.070320
v -0.501985 -0.282173 -0.045729
v -0.509814 -0.320639 -0.065975
v -0.540354 -0.522294 -0.155417
v -0.518960 -0.514697 -0.171133
v -0.525588 -0.510628 -0.145321
v -0.522681 -0.544463 -0.131794
v -0.522139 -0.557098 -0.112716
v -0.515550 -0.472219 -0.120002
v -0.528417 -0.463150 -0.128064
v -0.539153 -0.446291 -0.159273
v -0.527138 -0.434896 -0.172373
v -0.535587 -0.354126 -0.166036
v -0.520860 -0.422184 -0.183438
v -0.522759 -0.363389 -0.177780
v -0.514542 -0.463111 -0.171385
v -0.497528 -0.426059 -0.186733
v -0.502605 -0.536208 -0.180745
v -0.495667 -0.470553 -0.179970
v -0.508612 -0.552873 -0.164331
v -0.481676 -0.531285 -0.160184
v -0.471948 -0.511674 -0.144119
v -0.485474 -0.471909 -0.158827
v -0.480397 -0.394937 -0.164350
v -0.484893 -0.430051 -0.154913
v -0.485280 -0.428423 -0.132240
v -0.494931 -0.361373 -0.121465
v -0.511519 -0.347421 -0.075223
v -0.489738 -0.512682 -0.126203
v -0.498690 -0.468886 -0.126048
v -0.520897 -0.244947 -0.063120
v -0.518218 -0.249373 -0.060442
v -0.517746 -0.252005 -0.059970
v -0.502300 -0.281031 -0.044523
v -0.502390 -0.284913 -0.044613
v -0.506135 -0.305371 -0.048358
v -0.516523 -0.318890 -0.058746
v -0.500642 -0.301395 -0.042865
v -0.536621 -0.348834 -0.078845
v -0.533600 -0.341000 -0.075823
v -0.540170 -0.349964 -0.082394
v -0.542474 -0.349627 -0.084697
v -0.529600 -0.659799 -0.071823
v -0.534307 -0.645296 -0.076530
v -0.519781 -0.673205 -0.062004
v -0.513281 -0.692403 -0.055504
v -0.525503 -0.704344 -0.067726
v -0.521811 -0.705187 -0.064034
v -0.533856 -0.706950 -0.076079
v -0.540167 -0.269435 -0.082390
v -0.541571 -0.270849 -0.083795
v -0.526564 -0.252587 -0.068788
v -0.542493 -0.705484 -0.084716
v -0.546437 -0.703331 -0.088660
v -0.543345 -0.716523 -0.085568
v -0.561740 -0.685530 -0.103963
v -0.562748 -0.662477 -0.104971
v -0.563066 -0.658626 -0.105289
v -0.541999 -0.271390 -0.084222
v -0.542348 -0.271567 -0.084571
v -0.555198 -0.298076 -0.097422
v -0.553466 -0.307246 -0.095689
v -0.548988 -0.327195 -0.091211
v -0.549405 -0.337320 -0.091628
v -0.561428 -0.657804 -0.103651
v -0.562606 -0.657268 -0.104830
v -0.549470 -0.647777 -0.091693
v -0.543357 -0.641480 -0.085580
v -0.514220 -0.700442 -0.056443
v -0.520051 -0.323176 -0.062274
vn -0.7071 -0.0000 0.7071
vn -0.7072 -0.0000 0.7070
vn -0.7068 -0.0000 0.7074
vn -0.7071 -0.0001 0.7071
vn -0.7071 0.0001 0.7071
vn -0.2055 -0.9480 0.2429
vn 0.9232 -0.1766 0.3413
vn -0.1179 -0.3174 0.9409
vn -0.8493 -0.5221 -0.0778
vn -0.1986 -0.9785 0.0558
vn 0.0116 -0.9561 0.2927
vn 0.3187 -0.4698 0.8232
vn -0.0996 -0.1718 0.9801
vn 0.9899 0.1414 0.0068
vn 0.9875 0.1574 0.0056
vn 0.7092 0.0130 0.7049
vn 0.2800 0.0539 0.9585
vn 0.2727 0.0523 0.9607
vn 0.2474 0.0654 0.9667
vn 0.3191 0.1089 0.9414
vn -0.1768 0.5282 0.8305
vn 0.4495 0.3973 0.8000
vn 0.5038 0.4102 0.7602
vn -0.7571 0.6028 0.2517
vn -0.5138 0.4609 0.7236
vn -0.5139 0.4609 0.7235
vn -0.9445 0.3277 -0.0247
vn -0.8316 -0.1133 -0.5437
vn -0.8316 -0.1134 -0.5437
vn 0.6903 0.4305 0.5815
vn 0.9085 0.2836 -0.3070
vn 0.3880 -0.7353 -0.5557
vn -0.8944 0.1026 -0.4353
vn -0.0033 -0.8791 -0.4766
vn -0.1292 -0.7079 -0.6944
vn -0.2916 -0.7239 -0.6252
vn 0.6218 -0.1585 0.7669
vn 0.6194 -0.6690 -0.4108
vn 0.9539 -0.2239 0.2000
vn 0.6076 -0.7103 -0.3555
vn 0.8496 -0.3994 -0.3444
vn 0.9844 -0.0684 0.1623
vn 0.9788 -0.0930 0.1823
vn 0.9022 -0.1048 -0.4183
vn 0.8162 0.0653 -0.5740
vn 0.9004 0.0674 -0.4298
vn 0.8997 -0.0286 -0.4356
vn 0.8490 -0.0933 -0.5201
vn 0.9530 -0.0413 0.3003
vn 0.9462 -0.0347 0.3217
vn 0.8795 -0.1328 0.4570
vn 0.8487 -0.1920 0.4927
vn 0.9798 -0.1817 0.0838
vn 0.7097 0.3237 -0.6257
vn 0.7002 0.5325 -0.4756
vn 0.9720 0.0658 0.2257
vn 0.7018 0.0825 0.7076
vn 0.7558 0.1478 0.6379
vn 0.7558 0.1479 0.6379
vn -0.6841 0.5588 -0.4687
vn -0.9315 -0.2293 -0.2823
vn -0.9325 -0.2645 -0.2458
vn 0.4021 -0.7318 0.5503
vn 0.3804 -0.7539 0.5356
vn -0.9927 -0.0786 0.0919
vn -0.7492 0.2375 -0.6183
vn -0.5121 0.1022 -0.8529
vn -0.9037 -0.0909 0.4184
vn 0.4919 0.7695 -0.4072
vn 0.6538 0.7462 0.1256
vn 0.1532 0.0996 -0.9832
vn -0.1049 0.1970 -0.9748
vn -0.1825 -0.3036 -0.9352
vn -0.6321 -0.3071 -0.7115
vn -0.8449 -0.0466 -0.5329
vn 0.0566 -0.0097 -0.9984
vn -0.6977 -0.0826 -0.7117
vn -0.9478 -0.2443 -0.2049
vn -0.4852 0.8360 -0.2564
vn -0.5897 -0.0097 -0.8075
vn -0.0392 -0.1856 -0.9819
vn -0.6644 0.3556 -0.6574
vn -0.1638 -0.4661 -0.8694
vn -0.6588 -0.2086 -0.7228
vn -0.6562 0.0510 -0.7529
vn 0.7089 -0.2073 -0.6742
vn 0.8850 0.4241 -0.1921
vn -0.7492 -0.3076 -0.5865
vn 0.5992 -0.6609 -0.4518
vn -0.9945 -0.0168 0.1032
vn -0.6644 0.2238 0.7131
vn -0.6736 0.2237 0.7044
vn -0.9968 -0.0719 0.0344
vn -0.5680 -0.0777 0.8193
vn -0.4926 0.0720 0.8673
vn -0.9951 0.0945 0.0282
vn -0.8637 0.2548 0.4348
vn 0.3078 0.1480 0.9399
vn -0.5695 -0.0774 0.8183
vn -0.2971 0.7922 0.5331
vn 0.2647 0.2129 0.9405
vn -0.8913 0.1741 0.4187
vn -0.9188 0.3165 0.2358
vn -0.9571 -0.1477 0.2494
vn -0.8219 0.3968 -0.4087
vn -0.4707 0.0360 -0.8815
vn -0.3962 0.0527 -0.9167
vn -0.6538 0.0515 -0.7549
vn -0.6811 0.2603 -0.6843
vn -0.5879 0.3019 -0.7505
vn 0.2195 -0.8493 -0.4802
vn -0.3888 0.4159 -0.8221
vn 0.5446 0.4720 -0.6933
vn 0.6189 0.7749 -0.1283
vn -0.9754 0.2092 -0.0695
vn -0.2495 0.7138 -0.6544
vn -0.2496 0.7138 -0.6544
vn -0.0886 0.6680 -0.7388
vn -0.1922 0.7812 -0.5940
vn 0.8933 0.4489 0.0218
vn 0.9151 0.3733 0.1524
vn 0.6011 -0.4317 -0.6725
vn 0.9034 0.4032 -0.1457
vn -0.1139 0.6450 -0.7556
vn 0.8873 0.4147 -0.2021
vn 0.9846 0.1681 -0.0471
vn 0.1301 0.8257 -0.5489
vn -0.1921 0.7812 -0.5940
vn 0.2089 -0.1997 -0.9573
vn -0.9374 -0.1236 0.3256
vn -0.5396 -0.7204 0.4358
vn -0.9037 -0.3142 -0.2910
vn 0.1303 0.8257 -0.5488
vn 0.9601 -0.0288 0.2781
vn -0.1329 -0.7351 0.6649
vn 0.5149 0.8323 0.2053
vn 0.3689 0.7662 -0.5262
vn 0.7633 0.2843 0.5801
vn 0.4986 0.4935 -0.7126
vn 0.2159 -0.3770 -0.9007
vn 0.5618 0.2565 -0.7866
vn -0.4583 -0.1523 -0.8757
vn 0.7072 -0.0664 -0.7039
vn 0.3371 -0.2460 -0.9088
vn 0.8017 -0.3867 -0.4557
vn 0.7049 -0.5172 -0.4855
vn -0.1410 -0.5846 -0.7990
vn 0.8175 -0.4258 -0.3879
vn 0.6545 -0.7295 -0.1985
vn 0.4766 -0.5326 0.6994
vn 0.8958 -0.1534 0.4171
vn -0.8163 -0.0608 -0.5744
vn -0.0003 -0.4228 -0.9062
vn -0.7416 0.3837 0.5502
vn -0.7930 0.5753 0.2003
vn -0.4357 0.5863 0.6829
vn 0.2300 0.6791 0.6971
vn 0.6018 0.1304 0.7879
vn 0.5383 0.0952 0.8374
vn 0.3291 0.0460 0.9432
vn 0.7035 0.0975 0.7040
vn 0.7938 0.0457 -0.6065
vn 0.9198 -0.0548 0.3886
vn 0.1501 0.1007 0.9835
vn -0.5455 -0.6333 0.5489
vn -0.5084 0.0564 -0.8593
vn 0.3857 -0.7260 0.5693
vn 0.9317 -0.0722 0.3560
vn 0.4262 -0.9018 0.0722
vt 0.000000 0.000000
vt 0.924561 0.080078
vt 0.928955 0.067871
vt 0.934082 0.070557
vt 0.887451 0.159424
vt 0.896973 0.154053
vt 0.888916 0.164307
vt 0.882419 0.159230
vt 0.883347 0.160652
vt 0.888939 0.064900
vt 0.892183 0.064326
vt 0.889648 0.067383
vt 0.881504 0.158512
vt 0.882568 0.156738
vt 0.893066 0.151123
vt 0.881851 0.158677
vt 0.887207 0.145264
vt 0.892578 0.137451
vt 0.897461 0.136963
vt 0.893555 0.121338
vt 0.888184 0.122314
vt 0.887451 0.131104
vt 0.883545 0.116455
vt 0.886963 0.108398
vt 0.881348 0.104980
vt 0.487793 0.844727
vt 0.474854 0.844238
vt 0.481201 0.842285
vt 0.485352 0.841309
vt 0.493449 0.842587
vt 0.492066 0.841309
vt 0.489304 0.874548
vt 0.490310 0.878246
vt 0.485840 0.878662
vt 0.476563 0.879639
vt 0.489070 0.874312
vt 0.474121 0.874512
vt 0.489161 0.874042
vt 0.487061 0.867676
vt 0.489452 0.873328
vt 0.496208 0.848770
vt 0.494364 0.846369
vt 0.490479 0.849121
vt 0.486084 0.854248
vt 0.493827 0.853057
vt 0.494412 0.851930
vt 0.494991 0.858889
vt 0.493466 0.860470
vt 0.491943 0.860107
vt 0.493092 0.861670
vt 0.490678 0.867917
vt 0.487793 0.859131
vt 0.493691 0.856613
vt 0.479004 0.855469
vt 0.483398 0.849609
vt 0.473389 0.849854
vt 0.891357 0.104980
vt 0.896729 0.116943
vt 0.897949 0.128662
vt 0.903809 0.128174
vt 0.906494 0.136230
vt 0.900879 0.143311
vt 0.902344 0.147217
vt 0.915283 0.091064
vt 0.916992 0.076416
vt 0.919434 0.072021
vt 0.924561 0.071777
vt 0.924316 0.063232
vt 0.927734 0.056885
vt 0.931747 0.058850
vt 0.928513 0.057015
vt 0.901092 0.061248
vt 0.908277 0.057230
vt 0.900146 0.073730
vt 0.895264 0.068604
vt 0.898584 0.062626
vt 0.894378 0.063441
vt 0.932786 0.061968
vt 0.935051 0.066924
vt 0.936349 0.068573
vt 0.887939 0.080566
vt 0.896240 0.079102
vt 0.884277 0.088379
vt 0.918213 0.145020
vt 0.921875 0.134277
vt 0.921387 0.148438
vt 0.910156 0.145752
vt 0.914551 0.144287
vt 0.911621 0.135010
vt 0.909180 0.127441
vt 0.913574 0.131836
vt 0.907715 0.117188
vt 0.916504 0.128174
vt 0.915527 0.115723
vt 0.911621 0.113525
vt 0.905273 0.102783
vt 0.901611 0.111572
vt 0.900391 0.108398
vt 0.478516 0.866211
vt 0.467041 0.864502
vt 0.476318 0.859131
vt 0.902832 0.116211
vt 0.912354 0.102051
vt 0.916992 0.109375
vt 0.921387 0.123291
vt 0.924072 0.121094
vt 0.924316 0.134521
vt 0.882568 0.131592
vt 0.920898 0.107666
vt 0.917969 0.105469
vt 0.917725 0.095459
vt 0.903320 0.076660
vt 0.903320 0.089355
vt 0.907227 0.090088
vt 0.908447 0.148193
vt 0.910400 0.072510
vt 0.911377 0.066406
vt 0.908523 0.057131
vt 0.908362 0.057214
vt 0.909089 0.056885
vt 0.914250 0.054596
vt 0.915283 0.056885
vt 0.918701 0.057617
vt 0.927769 0.056601
vt 0.916061 0.053473
vt 0.916912 0.054034
vt 0.917515 0.054426
vt 0.883545 0.080078
vt 0.495702 0.849992
vt 0.484375 0.882813
vt 0.490288 0.880279
vt 0.491661 0.882384
vt 0.474365 0.835449
vt 0.941217 0.069164
s 0
usemtl Mat_0.011
f 5010/6357/7882 5007/6357/7882 5008/6357/7882
f 5010/6357/7882 5008/6357/7882 5032/6357/7882
f 5033/6357/7882 5011/6357/7882 5012/6357/7882
f 5033/6357/7882 5012/6357/7882 5035/6357/7882
f 5026/6357/7883 5033/6357/7883 5034/6357/7883
f 5011/6357/7882 5026/6357/7882 5025/6357/7882
f 5024/6357/7882 5011/6357/7882 5025/6357/7882
f 5011/6357/7882 5024/6357/7882 5013/6357/7882
f 5024/6357/7882 5014/6357/7882 5013/6357/7882
f 5015/6357/7882 5016/6357/7882 5037/6357/7882
f 5037/6357/7884 5017/6357/7884 5015/6357/7884
f 5017/6357/7882 5037/6357/7882 5021/6357/7882
f 5023/6357/7882 5017/6357/7882 5021/6357/7882
f 5029/6357/7882 5006/6357/7882 5003/6357/7882
f 5002/6357/7882 5029/6357/7882 5003/6357/7882
f 5029/6357/7882 5002/6357/7882 5028/6357/7882
f 5031/6357/7882 5006/6357/7882 5030/6357/7882
f 5006/6357/7885 5031/6357/7885 5004/6357/7885
f 5004/6357/7882 5031/6357/7882 5005/6357/7882
f 5031/6357/7882 5038/6357/7882 5005/6357/7882
f 5032/6357/7882 5038/6357/7882 5031/6357/7882
f 5002/6357/7882 5019/6357/7882 5027/6357/7882
f 5002/6357/7885 5018/6357/7885 5019/6357/7885
f 5018/6357/7882 5002/6357/7882 5001/6357/7882
f 5018/6357/7882 5001/6357/7882 5020/6357/7882
f 5020/6357/7882 5000/6357/7882 4999/6357/7882
f 5020/6357/7882 5001/6357/7882 5000/6357/7882
f 5002/6357/7886 5027/6357/7886 5028/6357/7886
f 5006/6357/7882 5029/6357/7882 5030/6357/7882
f 5037/6357/7882 5022/6357/7882 5021/6357/7882
f 5022/6357/7882 5037/6357/7882 5014/6357/7882
f 5022/6357/7882 5014/6357/7882 5024/6357/7882
f 5035/6357/7882 5012/6357/7882 5036/6357/7882
f 5011/6357/7885 5033/6357/7885 5026/6357/7885
f 5032/6357/7882 5008/6357/7882 5038/6357/7882
f 5009/6357/7885 5007/6357/7885 5010/6357/7885
f 4963/6358/7887 4968/6359/7887 4971/6360/7887
f 4996/6361/7888 4963/6362/7888 4971/6363/7888
f 5007/6364/7889 4996/6361/7889 4971/6363/7889
f 5007/6364/7889 4971/6363/7889 5008/6365/7889
f 5010/6366/7890 5032/6367/7890 4949/6368/7890
f 5010/6369/7891 4949/6370/7891 4995/6371/7891
f 5010/6369/7891 4995/6371/7891 5009/6372/7891
f 5009/6372/7892 4995/6371/7892 4996/6361/7892
f 4995/6371/7893 4949/6370/7893 4953/6373/7893
f 4995/6371/7894 4953/6373/7894 4994/6374/7894
f 4993/6375/7895 4995/6371/7895 4994/6374/7895
f 4990/6376/7896 4993/6375/7896 4994/6374/7896
f 4997/6377/7897 4990/6376/7897 4994/6374/7897
f 4994/6374/7898 4998/6378/7898 4997/6377/7898
f 4998/6378/7899 4947/6379/7899 4997/6377/7899
f 4997/6377/7900 4947/6379/7900 4944/6380/7900
f 4944/6380/7901 4947/6379/7901 4946/6381/7901
f 4945/6382/7902 4944/6383/7902 4946/6384/7902
f 4946/6384/7903 4930/6385/7903 4945/6382/7903
f 5011/6386/7904 4945/6382/7904 4930/6385/7904
f 5011/6386/7904 4930/6385/7904 5012/6387/7904
f 5033/6388/7905 5035/6389/7905 4931/6390/7905
f 5033/6388/7906 4931/6390/7906 4932/6391/7906
f 5033/6388/7907 4932/6391/7907 5034/6392/7907
f 5034/6392/7908 4933/6393/7908 5026/6394/7908
f 5026/6394/7909 4933/6393/7909 4934/6395/7909
f 5026/6394/7910 4934/6395/7910 5025/6396/7910
f 5014/6397/7911 4945/6382/7911 5013/6398/7911
f 5014/6397/7911 4948/6399/7911 4945/6382/7911
f 4942/6400/7912 4945/6382/7912 4948/6399/7912
f 5015/6401/7913 4942/6400/7913 4948/6399/7913
f 5015/6401/7913 4948/6399/7913 5016/6402/7913
f 5023/6403/7914 5021/6404/7914 4939/6405/7914
f 5021/6404/7915 5022/6406/7915 4939/6405/7915
f 5024/6407/7916 4939/6405/7916 5022/6406/7916
f 5024/6407/7916 4934/6395/7916 4939/6405/7916
f 4934/6395/7917 4940/6408/7917 4939/6405/7917
f 4939/6405/7918 4940/6408/7918 4942/6400/7918
f 5017/6409/7919 4939/6405/7919 4942/6400/7919
f 4942/6400/7920 4940/6408/7920 4941/6410/7920
f 4941/6410/7921 4943/6411/7921 4942/6400/7921
f 4941/6410/7922 4938/6412/7922 4943/6411/7922
f 4943/6411/7923 4938/6412/7923 4944/6383/7923
f 4938/6413/7924 4990/6376/7924 4944/6380/7924
f 4938/6413/7925 4989/6414/7925 4990/6376/7925
f 4989/6414/7926 4991/6415/7926 4990/6376/7926
f 4989/6414/7927 4987/6416/7927 4991/6415/7927
f 4991/6415/7928 4987/6416/7928 4985/6417/7928
f 4991/6415/7929 4985/6417/7929 4992/6418/7929
f 4991/6415/7930 4992/6418/7930 4993/6375/7930
f 4993/6375/7931 4992/6418/7931 4963/6362/7931
f 4992/6418/7932 4962/6419/7932 4963/6362/7932
f 4962/6420/7933 4961/6421/7933 4963/6358/7933
f 4961/6421/7934 4964/6422/7934 4963/6358/7934
f 4963/6358/7935 4964/6422/7935 4966/6423/7935
f 4966/6423/7936 4964/6422/7936 4969/6424/7936
f 4966/6423/7937 4969/6424/7937 4968/6359/7937
f 4969/6424/7938 4970/6425/7938 4968/6359/7938
f 5006/6426/7939 4968/6359/7939 4970/6425/7939
f 5006/6426/7940 4970/6425/7940 5003/6427/7940
f 5029/6428/7941 5028/6429/7941 4951/6430/7941
f 5029/6428/7942 4951/6430/7942 4950/6431/7942
f 5029/6428/7942 4950/6431/7942 5030/6432/7942
f 5030/6432/7943 4950/6431/7943 4949/6368/7943
f 5030/6432/7943 4949/6368/7943 5031/6433/7943
f 5004/6434/7944 5005/6435/7944 4971/6360/7944
f 5005/6435/7945 5038/6436/7945 4971/6360/7945
f 4949/6368/7946 4950/6431/7946 4952/6437/7946
f 4955/6438/7947 4952/6437/7947 4950/6431/7947
f 4954/6439/7948 4952/6437/7948 4955/6438/7948
f 4981/6440/7949 4954/6441/7949 4955/6442/7949
f 4981/6440/7950 4955/6442/7950 4957/6443/7950
f 4983/6444/7951 4981/6440/7951 4957/6443/7951
f 4983/6444/7952 4957/6443/7952 4982/6445/7952
f 4985/6417/7953 4982/6445/7953 4957/6443/7953
f 4984/6446/7954 4982/6445/7954 4985/6417/7954
f 4984/6446/7955 4980/6447/7955 4982/6445/7955
f 4980/6447/7956 4981/6440/7956 4982/6445/7956
f 4984/6446/7957 4973/6448/7957 4980/6447/7957
f 4979/6449/7958 4980/6447/7958 4973/6448/7958
f 4974/6450/7959 4979/6449/7959 4973/6448/7959
f 4972/6451/7960 4974/6450/7960 4973/6448/7960
f 4933/6452/7961 4972/6451/7961 4973/6448/7961
f 4973/6448/7962 4988/6453/7962 4933/6452/7962
f 4933/6452/7963 4988/6453/7963 4936/6454/7963
f 4935/6455/7964 4933/6393/7964 4936/6456/7964
f 4935/6455/7965 4936/6456/7965 4937/6457/7965
f 4935/6455/7966 4937/6457/7966 4934/6395/7966
f 4937/6457/7967 4936/6456/7967 4938/6412/7967
f 4936/6454/7968 4988/6453/7968 4938/6413/7968
f 4973/6448/7969 4986/6458/7969 4988/6453/7969
f 4988/6453/7970 4986/6458/7970 4989/6414/7970
f 4932/6459/7971 4972/6451/7971 4933/6452/7971
f 4972/6451/7972 4932/6459/7972 4974/6450/7972
f 4974/6450/7973 4932/6459/7973 4975/6460/7973
f 4975/6460/7974 4978/6461/7974 4974/6450/7974
f 4975/6460/7975 4977/6462/7975 4978/6461/7975
f 4978/6461/7976 4977/6462/7976 4953/6463/7976
f 4978/6461/7977 4953/6463/7977 4954/6441/7977
f 4979/6449/7978 4978/6461/7978 4954/6441/7978
f 4998/6378/7979 4953/6373/7979 4977/6464/7979
f 4975/6460/7980 4947/6465/7980 4977/6462/7980
f 4976/6466/7981 4947/6465/7981 4975/6460/7981
f 4976/6466/7982 4930/6467/7982 4947/6465/7982
f 4976/6466/7983 4932/6459/7983 4930/6467/7983
f 4975/6460/7984 4932/6459/7984 4976/6466/7984
f 4974/6450/7985 4978/6461/7985 4979/6449/7985
f 4979/6449/7986 4954/6441/7986 4980/6447/7986
f 4973/6448/7987 4984/6446/7987 4986/6458/7987
f 4984/6446/7988 4987/6416/7988 4986/6458/7988
f 4982/6445/7989 4981/6440/7989 4983/6444/7989
f 4955/6438/7990 4956/6468/7990 4957/6469/7990
f 4957/6469/7991 4956/6468/7991 4958/6470/7991
f 4962/6419/7992 4957/6443/7992 4958/6471/7992
f 4958/6470/7993 4956/6468/7993 4959/6472/7993
f 4958/6470/7994 4959/6472/7994 4961/6421/7994
f 4961/6421/7995 4959/6472/7995 4960/6473/7995
f 4956/6468/7996 4960/6473/7996 4959/6472/7996
f 5019/6474/7997 4960/6473/7997 4956/6468/7997
f 5019/6474/7998 4956/6468/7998 5027/6475/7998
f 5018/6476/7999 5020/6477/7999 4965/6478/7999
f 5018/6476/8000 4965/6478/8000 4960/6473/8000
f 4960/6473/8001 4965/6478/8001 4964/6422/8001
f 4964/6422/8002 4965/6478/8002 4967/6479/8002
f 4967/6479/8003 4965/6478/8003 4970/6425/8003
f 5002/6480/8004 4970/6425/8004 4965/6478/8004
f 5020/6477/8005 4999/6481/8005 4965/6478/8005
f 4999/6481/8006 5000/6482/8006 4965/6478/8006
f 5000/6482/8007 5001/6483/8007 4965/6478/8007
f 5002/6480/8004 4965/6478/8004 5001/6483/8004
f 5027/6475/8008 4956/6468/8008 4951/6430/8008
f 5018/6476/8009 4960/6473/8009 5019/6474/8009
f 4955/6438/8010 4951/6430/8010 4956/6468/8010
f 4980/6447/8011 4954/6441/8011 4981/6440/8011
f 4953/6484/8012 4952/6437/8012 4954/6439/8012
f 4955/6438/8013 4950/6431/8013 4951/6430/8013
f 5027/6475/8014 4951/6430/8014 5028/6429/8014
f 5002/6480/8015 5003/6427/8015 4970/6425/8015
f 5004/6434/8016 4968/6359/8016 5006/6426/8016
f 4967/6479/8017 4970/6425/8017 4969/6424/8017
f 4969/6424/8018 4964/6422/8018 4967/6479/8018
f 4961/6421/8019 4960/6473/8019 4964/6422/8019
f 4958/6470/8020 4961/6421/8020 4962/6420/8020
f 4992/6418/8021 4957/6443/8021 4962/6419/8021
f 4992/6418/8022 4985/6417/8022 4957/6443/8022
f 4984/6446/8023 4985/6417/8023 4987/6416/8023
f 4989/6414/8024 4986/6458/8024 4987/6416/8024
f 4988/6453/8025 4989/6414/8025 4938/6413/8025
f 4937/6457/8026 4938/6412/8026 4941/6410/8026
f 4937/6457/8027 4941/6410/8027 4940/6408/8027
f 4934/6395/8028 4937/6457/8028 4940/6408/8028
f 5017/6409/8029 5023/6403/8029 4939/6405/8029
f 5037/6485/8030 5016/6402/8030 4948/6399/8030
f 5017/6409/7919 4942/6400/7919 5015/6401/7919
f 4943/6411/8031 4945/6382/8031 4942/6400/8031
f 5014/6397/8032 5037/6485/8032 4948/6399/8032
f 5024/6407/8033 5025/6396/8033 4934/6395/8033
f 4934/6395/8034 4933/6393/8034 4935/6455/8034
f 5034/6392/7908 4932/6391/7908 4933/6393/7908
f 4931/6390/8035 4930/6486/8035 4932/6391/8035
f 5036/6487/8036 4930/6486/8036 4931/6390/8036
f 5036/6487/8036 4931/6390/8036 5035/6389/8036
f 5036/6487/8037 5012/6488/8037 4930/6486/8037
f 5011/6386/8038 5013/6398/8038 4945/6382/8038
f 4943/6411/8039 4944/6383/8039 4945/6382/8039
f 4947/6489/8040 4930/6385/8040 4946/6384/8040
f 4998/6378/8041 4977/6464/8041 4947/6379/8041
f 4990/6376/8042 4997/6377/8042 4944/6380/8042
f 4991/6415/8043 4993/6375/8043 4990/6376/8043
f 4993/6375/8044 4963/6362/8044 4995/6371/8044
f 4994/6374/8045 4953/6373/8045 4998/6378/8045
f 4949/6368/8046 4952/6437/8046 4953/6484/8046
f 5032/6367/8047 5031/6433/8047 4949/6368/8047
f 5038/6436/8048 5008/6490/8048 4971/6360/8048
f 5009/6372/7892 4996/6361/7892 5007/6364/7892
f 4995/6371/8049 4963/6362/8049 4996/6361/8049
f 5004/6434/8016 4971/6360/8016 4968/6359/8016
f 4963/6358/8050 4966/6423/8050 4968/6359/8050
o Object.5
v -0.333042 0.696275 0.113365
v -0.328058 0.696788 0.129718
v -0.344315 0.687313 0.113460
v -0.338910 0.708203 0.118866
vn -0.7071 -0.0000 0.7071
vn 0.6131 -0.7731 -0.1626
vn 0.8118 0.5210 -0.2637
vn -0.2481 0.3024 -0.9203
vt 0.000000 0.000000
vt 0.128463 0.451964
vt 0.123218 0.450590
vt 0.126221 0.450439
vt 0.127171 0.449058
s 0
usemtl Mat_0.011
f 5041/6491/8051 5040/6491/8051 5042/6491/8051
f 5040/6492/8052 5041/6493/8052 5039/6494/8052
f 5042/6495/8053 5040/6492/8053 5039/6494/8053
f 5041/6493/8054 5042/6495/8054 5039/6494/8054
o Object.6
v 0.138131 -0.948508 0.101709
v 0.123762 -0.947423 0.087330
v 0.133345 -0.925099 0.042149
v 0.160223 -0.909053 0.050128
v 0.154409 -0.918277 -0.038040
v 0.168556 -0.903162 -0.036446
v 0.197546 -0.946105 -0.084152
v 0.193845 -0.894868 -0.009609
v 0.206538 -0.912696 -0.059202
v 0.207565 -0.897348 -0.032106
v 0.244811 -0.948896 -0.091225
v 0.226246 -0.894790 0.019891
v 0.253958 -0.930602 -0.061372
v 0.245160 -0.901224 0.007145
v 0.199174 -0.917270 0.070747
v 0.243280 -0.913471 0.035768
v 0.208456 -0.929905 0.081381
v 0.176210 -0.955717 0.108908
v 0.235955 -0.954864 0.075930
v 0.267852 -0.931300 0.022729
v 0.283684 -0.959360 0.010157
v 0.282560 -0.966724 0.110594
v 0.371450 -0.962383 0.025633
v 0.418230 -0.957732 -0.028363
v 0.357691 -0.957267 -0.060016
v 0.361684 -0.964011 0.062709
v 0.314245 -0.963546 0.095517
v 0.311686 -0.955717 -0.002209
v 0.329786 -0.956337 0.027026
v 0.307985 -0.961375 0.064405
v 0.284983 -0.963003 0.053272
v 0.306183 -0.957500 0.033012
v 0.323662 -0.955329 -0.044997
v 0.280468 -0.957190 -0.022683
v 0.267561 -0.925021 0.004637
v 0.267871 -0.943935 -0.066716
v 0.423114 -0.955252 -0.078706
v 0.201699 -0.956665 -0.090812
v 0.186775 -0.957252 -0.081211
v 0.217294 -0.956447 -0.094374
v 0.382757 -0.956483 -0.093795
v 0.351348 -0.957825 -0.071853
v 0.413062 -0.955546 -0.109109
v 0.450448 -0.956230 -0.097925
v 0.452026 -0.957830 -0.071771
v 0.448123 -0.959229 -0.048894
v 0.153158 -0.959097 -0.051045
v 0.141933 -0.960488 -0.028311
v 0.171384 -0.957951 -0.069793
v 0.132121 -0.962653 0.007088
v 0.126720 -0.963941 0.028142
v 0.269747 -0.957137 -0.083100
v 0.271873 -0.957249 -0.081272
v 0.259663 -0.956712 -0.090051
v 0.243834 -0.956288 -0.096979
v 0.233890 -0.956340 -0.096130
v 0.277552 -0.958186 -0.065942
v 0.305939 -0.958509 -0.060664
v 0.287774 -0.958457 -0.061519
v 0.345423 -0.958290 -0.064252
v 0.269085 -0.964404 0.035718
v 0.267756 -0.964537 0.037899
v 0.266936 -0.964606 0.039023
v 0.244326 -0.966599 0.071602
v 0.269712 -0.964652 0.039777
v 0.271113 -0.965856 0.059453
v 0.269482 -0.964533 0.037821
v 0.394111 -0.965565 0.054701
v 0.413494 -0.963267 0.017133
v 0.435589 -0.962303 0.001375
v 0.122792 -0.968247 0.098546
v 0.150966 -0.968944 0.109946
v 0.117335 -0.967573 0.087524
v 0.111776 -0.967234 0.081987
v 0.111285 -0.966500 0.069996
v 0.213807 -0.967981 0.094198
v 0.199672 -0.968493 0.102573
v 0.189045 -0.968831 0.108100
v 0.166366 -0.969067 0.111956
v 0.270317 -0.968123 0.096526
v 0.272148 -0.969267 0.115226
v 0.275857 -0.969723 0.122689
v 0.278798 -0.958800 -0.055913
v 0.436955 -0.955698 -0.106619
v 0.291809 -0.968188 0.123969
v 0.283176 -0.970121 0.129193
v 0.372918 -0.966800 0.074888
v 0.383474 -0.966409 0.068500
v 0.394192 -0.966012 0.062014
v 0.291831 -0.968183 0.123955
v 0.304727 -0.966224 0.116151
v 0.320846 -0.964385 0.106398
v 0.332999 -0.964345 0.099044
v 0.364539 -0.964756 0.079958
v 0.381683 -0.965684 0.069584
vn -0.0000 -0.9981 -0.0611
vn -0.0000 -0.9981 -0.0610
vn -0.0001 -0.9981 -0.0611
vn -0.0000 -0.9982 -0.0607
vn -0.0000 -0.9981 -0.0612
vn -0.0004 -0.9981 -0.0617
vn 0.5177 0.0001 0.8555
vn 0.5325 -0.0108 0.8463
vn 0.5177 -0.0000 0.8556
vn 0.5177 -0.0000 0.8555
vn 0.5178 -0.0000 0.8555
vn -0.0172 0.9987 0.0475
vn 0.0753 0.9956 0.0564
vn 0.0752 0.9956 0.0564
vn -0.1773 0.9808 0.0809
vn -0.1756 0.9800 0.0931
vn 0.8238 0.2334 0.5166
vn 0.7624 0.3410 0.5500
vn 0.5869 0.1235 0.8002
vn 0.4702 0.3402 0.8144
vn 0.4212 0.3610 0.8320
vn 0.4213 0.3610 0.8320
vn 0.1657 0.1018 0.9809
vn -0.1209 0.3048 0.9447
vn 0.0076 0.9999 -0.0122
vn -0.0307 0.9995 0.0005
vn -0.0549 0.9983 -0.0176
vn -0.0820 0.9966 -0.0030
vn -0.0214 0.9842 -0.1756
vn 0.0128 0.9770 -0.2128
vn -0.0662 0.9968 -0.0450
vn -0.0448 0.9990 -0.0035
vn 0.0693 0.9972 0.0284
vn 0.0900 0.9949 0.0450
vn 0.1411 0.9878 -0.0664
vn -0.0379 0.9983 0.0446
vn -0.0176 0.9922 0.1235
vn 0.0535 0.9850 0.1640
vn 0.0508 0.9969 0.0593
vn -0.1146 0.9891 0.0921
vn -0.0705 0.9956 0.0616
vn -0.1770 0.9826 0.0563
vn -0.2030 0.9759 0.0796
vn -0.1731 0.9741 0.1456
vn -0.1087 0.9773 0.1821
vn -0.0596 0.9870 0.1491
vn -0.0490 0.9931 0.1063
vn 0.0317 0.9978 0.0577
vn 0.0356 0.9987 0.0372
vn 0.0727 0.9969 0.0310
vn 0.0626 0.9962 0.0603
vn 0.0371 0.9961 0.0801
vn 0.0626 0.9962 0.0602
vn 0.0462 0.9910 0.1254
vn 0.1100 0.9900 0.0880
vn -0.1104 0.9761 0.1872
vn 0.0356 0.9987 0.0373
vn -0.1319 0.9828 0.1289
vn 0.1458 0.9859 0.0817
vn -0.0960 0.9926 0.0750
vn 0.9072 0.4161 -0.0614
vn 0.8837 0.4533 -0.1163
vn 0.7070 0.6844 -0.1783
vn 0.7222 0.6570 0.2164
vn 0.6629 0.6716 0.3309
vn 0.6538 0.4641 0.5976
vn 0.5113 0.7775 0.3662
vn 0.2378 0.9622 -0.1328
vn 0.4149 0.8543 -0.3130
vn 0.2906 0.8278 -0.4799
vn -0.0750 0.8689 -0.4893
vn -0.2818 0.6216 -0.7308
vn -0.0872 0.6110 -0.7868
vn -0.5249 0.2967 -0.7978
vn -0.5678 0.3524 -0.7439
vn -0.7041 0.2351 -0.6701
vn -0.8885 0.1638 -0.4287
vn -0.9431 0.2216 -0.2479
vn -0.9431 0.2427 -0.2271
vn 0.3479 0.5468 -0.7616
vn 0.4190 0.7114 -0.5643
vn 0.4810 0.7088 -0.5161
vn -0.9087 0.2699 -0.3186
vn -0.8615 0.5034 0.0660
vn -0.5515 0.7884 0.2726
vn -0.5145 0.8574 0.0088
vn -0.3411 0.9395 0.0311
vn -0.1414 0.9781 0.1527
vn -0.0165 0.9177 0.3969
vn -0.1286 0.8135 0.5672
vn 0.0417 0.6611 0.7491
vn 0.3757 0.7426 0.5544
vn -0.7170 0.6848 -0.1301
vn -0.3886 0.8046 0.4490
vn -0.6809 0.2239 0.6973
vn -0.7524 0.5199 0.4043
vn 0.8042 0.5319 -0.2654
vn -0.0700 0.6184 -0.7827
vn -0.2034 0.4639 -0.8622
vn -0.4570 0.5049 -0.7322
vn -0.1249 0.9750 -0.1837
vn 0.2696 0.7821 -0.5619
vn 0.0627 0.9955 -0.0715
vn 0.3531 0.7716 0.5291
vn 0.6221 0.7453 -0.2397
vn 0.8270 0.5580 -0.0686
vn -0.0214 0.9842 -0.1755
vn -0.3685 0.1391 0.9192
vn 0.0071 0.7253 0.6884
vn 0.5864 0.5083 0.6308
vn 0.7722 0.2621 0.5788
vn 0.7721 0.2620 0.5790
vn 0.8878 0.4390 0.1381
vn -0.1149 0.9929 0.0323
vn -0.1774 0.9808 0.0808
vn -0.1699 0.9828 0.0722
vn 0.1034 0.9916 0.0783
vn 0.0377 0.9993 0.0027
vn -0.0256 0.9976 0.0637
vt 0.000000 0.000000
vt 0.497070 0.455322
vt 0.500732 0.448730
vt 0.501465 0.457275
vt 0.494870 0.458051
vt 0.497068 0.459627
vt 0.037653 0.160461
vt 0.034180 0.163574
vt 0.037444 0.160310
vt 0.033203 0.159912
vt 0.037231 0.160136
vt 0.035400 0.156250
vt 0.037576 0.160118
vt 0.042852 0.159274
vt 0.037742 0.160087
vt 0.043213 0.157471
vt 0.047161 0.157048
vt 0.044678 0.153076
vt 0.049025 0.156041
vt 0.050049 0.152588
vt 0.050049 0.155078
vt 0.052304 0.151925
vt 0.051025 0.148193
vt 0.053066 0.150234
vt 0.494386 0.456025
vt 0.495371 0.451925
vt 0.497520 0.449348
vt 0.499973 0.447259
vt 0.500768 0.447192
vt 0.023874 0.158206
vt 0.020752 0.163086
vt 0.021002 0.161726
vt 0.024851 0.156202
vt 0.024658 0.160645
vt 0.025973 0.155649
vt 0.029541 0.157715
vt 0.029785 0.162109
vt 0.028809 0.169922
vt 0.031982 0.165771
vt 0.037354 0.165771
vt 0.033447 0.171387
vt 0.040283 0.168457
vt 0.038086 0.162842
vt 0.044434 0.166260
vt 0.043840 0.164056
vt 0.039793 0.161764
vt 0.045645 0.165452
vt 0.046228 0.166354
vt 0.045133 0.168068
vt 0.046351 0.167522
vt 0.045130 0.168069
vt 0.043310 0.168845
vt 0.040968 0.169827
vt 0.039444 0.170639
vt 0.035207 0.172756
vt 0.032985 0.173882
vt 0.031401 0.174655
vt 0.030607 0.174162
vt 0.025291 0.173879
vt 0.022206 0.175214
vt 0.020020 0.171387
vt 0.503287 0.460009
vt 0.499613 0.460558
vt 0.033447 0.155273
vt 0.025879 0.153076
vt 0.034912 0.151123
vt 0.037842 0.153076
vt 0.036621 0.149414
vt 0.031982 0.145508
vt 0.026855 0.150879
vt 0.028564 0.144287
vt 0.033447 0.140625
vt 0.024902 0.141357
vt 0.023279 0.144279
vt 0.022931 0.147104
vt 0.023378 0.142025
vt 0.025145 0.139171
vt 0.027084 0.137271
vt 0.033447 0.138428
vt 0.032639 0.135395
vt 0.037265 0.135606
vt 0.043921 0.136622
vt 0.046818 0.137566
vt 0.022940 0.151412
vt 0.022647 0.148574
vt 0.023438 0.148926
vt 0.023389 0.153190
vt 0.023638 0.153556
vt 0.050444 0.142962
vt 0.044678 0.141846
vt 0.051316 0.144148
vt 0.049805 0.145508
vt 0.043701 0.145020
vt 0.035156 0.144775
vt 0.043457 0.150879
vt 0.051778 0.145184
vt 0.052886 0.146178
vt 0.024972 0.154890
s 0
usemtl Mat_0.011
f 5087/6496/8055 5108/6496/8055 5086/6496/8055
f 5086/6496/8056 5108/6496/8056 5107/6496/8056
f 5109/6496/8057 5086/6496/8057 5107/6496/8057
f 5120/6496/8058 5103/6496/8058 5104/6496/8058
f 5120/6496/8059 5104/6496/8059 5105/6496/8059
f 5106/6496/8055 5120/6496/8055 5105/6496/8055
f 5126/6496/8056 5121/6496/8056 5114/6496/8056
f 5126/6496/8056 5114/6496/8056 5085/6496/8056
f 5085/6496/8055 5102/6496/8055 5083/6496/8055
f 5083/6496/8055 5102/6496/8055 5084/6496/8055
f 5102/6496/8055 5115/6496/8055 5100/6496/8055
f 5100/6496/8056 5115/6496/8056 5116/6496/8056
f 5100/6496/8056 5116/6496/8056 5101/6496/8056
f 5131/6496/8056 5130/6496/8056 5110/6496/8056
f 5129/6496/8056 5110/6496/8056 5130/6496/8056
f 5129/6496/8056 5111/6496/8056 5110/6496/8056
f 5123/6496/8060 5112/6496/8060 5111/6496/8060
f 5112/6496/8056 5122/6496/8056 5088/6496/8056
f 5122/6496/8055 5087/6496/8055 5088/6496/8055
f 5128/6496/8056 5111/6496/8056 5129/6496/8056
f 5128/6496/8055 5124/6496/8055 5111/6496/8055
f 5123/6496/8056 5111/6496/8056 5124/6496/8056
f 5122/6496/8055 5112/6496/8055 5123/6496/8055
f 5098/6496/8056 5090/6496/8056 5082/6496/8056
f 5082/6496/8056 5090/6496/8056 5089/6496/8056
f 5082/6496/8055 5089/6496/8055 5080/6496/8055
f 5089/6496/8056 5081/6496/8056 5080/6496/8056
f 5081/6496/8055 5089/6496/8055 5091/6496/8055
f 5096/6496/8055 5093/6496/8055 5092/6496/8055
f 5096/6496/8056 5092/6496/8056 5097/6496/8056
f 5095/6496/8056 5093/6496/8056 5094/6496/8056
f 5095/6496/8055 5117/6496/8055 5093/6496/8055
f 5125/6496/8056 5116/6496/8056 5117/6496/8056
f 5125/6496/8055 5117/6496/8055 5099/6496/8055
f 5117/6496/8056 5095/6496/8056 5099/6496/8056
f 5092/6496/8056 5098/6496/8056 5097/6496/8056
f 5093/6496/8056 5096/6496/8056 5094/6496/8056
f 5098/6496/8056 5092/6496/8056 5090/6496/8056
f 5116/6496/8059 5125/6496/8059 5101/6496/8059
f 5115/6496/8055 5102/6496/8055 5113/6496/8055
f 5102/6496/8056 5114/6496/8056 5113/6496/8056
f 5114/6496/8055 5102/6496/8055 5085/6496/8055
f 5103/6496/8055 5121/6496/8055 5126/6496/8055
f 5086/6496/8055 5103/6496/8055 5126/6496/8055
f 5119/6496/8056 5106/6496/8056 5118/6496/8056
f 5120/6496/8059 5106/6496/8059 5119/6496/8059
f 5103/6496/8055 5120/6496/8055 5121/6496/8055
f 5103/6496/8056 5086/6496/8056 5109/6496/8056
f 5087/6496/8056 5122/6496/8056 5108/6496/8056
f 5128/6496/8061 5134/6496/8061 5127/6496/8061
f 5134/6496/8062 5132/6496/8062 5127/6496/8062
f 5134/6496/8063 5133/6496/8063 5132/6496/8063
f 5134/6496/8064 5128/6496/8064 5135/6496/8064
f 5128/6496/8063 5136/6496/8063 5135/6496/8063
f 5136/6496/8065 5128/6496/8065 5129/6496/8065
f 5136/6496/8063 5129/6496/8063 5137/6496/8063
f 5137/6496/8063 5130/6496/8063 5131/6496/8063
f 5137/6496/8065 5129/6496/8065 5130/6496/8065
f 5079/6497/8066 5067/6498/8066 5066/6499/8066
f 5086/6500/8067 5079/6497/8067 5066/6499/8067
f 5086/6500/8068 5066/6499/8068 5087/6501/8068
f 5107/6502/8069 5074/6503/8069 5109/6504/8069
f 5109/6504/8070 5074/6503/8070 5063/6505/8070
f 5109/6504/8070 5063/6505/8070 5103/6506/8070
f 5103/6506/8071 5063/6505/8071 5062/6507/8071
f 5103/6506/8071 5062/6507/8071 5104/6508/8071
f 5106/6509/8072 5105/6510/8072 5061/6511/8072
f 5118/6512/8073 5106/6509/8073 5061/6511/8073
f 5118/6512/8074 5061/6511/8074 5059/6513/8074
f 5118/6512/8074 5059/6513/8074 5119/6514/8074
f 5119/6514/8075 5059/6513/8075 5060/6515/8075
f 5119/6514/8076 5060/6515/8076 5120/6516/8076
f 5121/6517/8077 5120/6516/8077 5060/6515/8077
f 5121/6517/8078 5060/6515/8078 5043/6518/8078
f 5121/6517/8078 5043/6518/8078 5114/6519/8078
f 5126/6520/8079 5085/6521/8079 5079/6497/8079
f 5083/6522/8080 5079/6497/8080 5085/6521/8080
f 5083/6522/8081 5084/6523/8081 5067/6498/8081
f 5084/6523/8082 5102/6524/8082 5067/6498/8082
f 5100/6525/8083 5067/6526/8083 5102/6527/8083
f 5100/6525/8084 5101/6528/8084 5075/6529/8084
f 5125/6530/8085 5075/6529/8085 5101/6528/8085
f 5125/6530/8085 5076/6531/8085 5075/6529/8085
f 5076/6531/8086 5070/6532/8086 5075/6529/8086
f 5075/6529/8087 5070/6532/8087 5067/6526/8087
f 5065/6533/8088 5067/6526/8088 5070/6532/8088
f 5071/6534/8089 5065/6533/8089 5070/6532/8089
f 5074/6503/8090 5071/6534/8090 5070/6532/8090
f 5074/6503/8091 5072/6535/8091 5071/6534/8091
f 5072/6535/8092 5068/6536/8092 5071/6534/8092
f 5069/6537/8093 5068/6536/8093 5072/6535/8093
f 5073/6538/8094 5069/6537/8094 5072/6535/8094
f 5064/6539/8095 5069/6537/8095 5073/6538/8095
f 5122/6540/8096 5064/6539/8096 5073/6538/8096
f 5122/6540/8096 5073/6538/8096 5108/6541/8096
f 5122/6540/8097 5123/6542/8097 5064/6539/8097
f 5123/6542/8098 5124/6543/8098 5064/6539/8098
f 5127/6544/8099 5064/6539/8099 5124/6543/8099
f 5127/6544/8099 5124/6543/8099 5128/6545/8099
f 5132/6546/8100 5133/6547/8100 5064/6539/8100
f 5134/6548/8101 5064/6539/8101 5133/6547/8101
f 5134/6548/8102 5135/6549/8102 5069/6537/8102
f 5136/6550/8103 5069/6537/8103 5135/6549/8103
f 5136/6550/8104 5137/6551/8104 5068/6536/8104
f 5131/6552/8105 5068/6536/8105 5137/6551/8105
f 5110/6553/8106 5111/6554/8106 5065/6533/8106
f 5110/6553/8107 5065/6533/8107 5068/6536/8107
f 5112/6555/8108 5065/6533/8108 5111/6554/8108
f 5112/6555/8108 5066/6556/8108 5065/6533/8108
f 5112/6557/8109 5088/6558/8109 5066/6499/8109
f 5131/6552/8107 5110/6553/8107 5068/6536/8107
f 5127/6544/8110 5132/6546/8110 5064/6539/8110
f 5134/6548/8101 5069/6537/8101 5064/6539/8101
f 5136/6550/8111 5068/6536/8111 5069/6537/8111
f 5073/6538/8112 5072/6535/8112 5074/6503/8112
f 5068/6536/8113 5065/6533/8113 5071/6534/8113
f 5063/6505/8114 5070/6532/8114 5076/6531/8114
f 5063/6505/8115 5076/6531/8115 5077/6559/8115
f 5077/6559/8116 5076/6531/8116 5078/6560/8116
f 5077/6559/8117 5078/6560/8117 5056/6561/8117
f 5062/6507/8118 5077/6559/8118 5056/6561/8118
f 5062/6507/8119 5056/6561/8119 5058/6562/8119
f 5062/6507/8120 5058/6562/8120 5061/6511/8120
f 5054/6563/8121 5058/6562/8121 5056/6561/8121
f 5052/6564/8122 5054/6563/8122 5056/6561/8122
f 5052/6564/8123 5056/6561/8123 5055/6565/8123
f 5055/6565/8124 5051/6566/8124 5052/6564/8124
f 5048/6567/8125 5052/6564/8125 5051/6566/8125
f 5049/6568/8126 5048/6567/8126 5051/6566/8126
f 5082/6569/8127 5049/6568/8127 5051/6566/8127
f 5082/6569/8127 5051/6566/8127 5098/6570/8127
f 5080/6571/8128 5081/6572/8128 5049/6568/8128
f 5091/6573/8129 5049/6568/8129 5081/6572/8129
f 5091/6573/8129 5047/6574/8129 5049/6568/8129
f 5091/6573/8130 5089/6575/8130 5047/6574/8130
f 5089/6575/8131 5090/6576/8131 5047/6574/8131
f 5090/6576/8132 5092/6577/8132 5047/6574/8132
f 5093/6578/8133 5047/6574/8133 5092/6577/8133
f 5096/6579/8134 5097/6580/8134 5053/6581/8134
f 5096/6579/8135 5053/6581/8135 5055/6565/8135
f 5096/6579/8135 5055/6565/8135 5094/6582/8135
f 5094/6582/8136 5055/6565/8136 5078/6560/8136
f 5094/6582/8136 5078/6560/8136 5095/6583/8136
f 5093/6578/8137 5117/6584/8137 5045/6585/8137
f 5116/6586/8138 5045/6585/8138 5117/6584/8138
f 5116/6586/8138 5044/6587/8138 5045/6585/8138
f 5045/6585/8139 5044/6587/8139 5046/6588/8139
f 5048/6567/8140 5045/6585/8140 5046/6588/8140
f 5048/6567/8141 5046/6588/8141 5050/6589/8141
f 5054/6563/8142 5050/6589/8142 5046/6588/8142
f 5054/6563/8143 5046/6588/8143 5057/6590/8143
f 5057/6590/8144 5046/6588/8144 5043/6518/8144
f 5057/6590/8145 5043/6518/8145 5059/6513/8145
f 5057/6590/8146 5059/6513/8146 5058/6562/8146
f 5047/6574/8147 5045/6585/8147 5048/6567/8147
f 5046/6588/8148 5044/6587/8148 5043/6518/8148
f 5115/6591/8149 5043/6518/8149 5044/6587/8149
f 5115/6591/8150 5113/6592/8150 5043/6518/8150
f 5099/6593/8151 5095/6583/8151 5078/6560/8151
f 5098/6570/8152 5053/6581/8152 5097/6580/8152
f 5093/6578/8133 5045/6585/8133 5047/6574/8133
f 5098/6570/8152 5051/6566/8152 5053/6581/8152
f 5082/6569/8153 5080/6571/8153 5049/6568/8153
f 5049/6568/8154 5047/6574/8154 5048/6567/8154
f 5048/6567/8155 5050/6589/8155 5052/6564/8155
f 5053/6581/8156 5051/6566/8156 5055/6565/8156
f 5052/6564/8157 5050/6589/8157 5054/6563/8157
f 5054/6563/8158 5057/6590/8158 5058/6562/8158
f 5056/6561/8159 5078/6560/8159 5055/6565/8159
f 5099/6593/8160 5078/6560/8160 5076/6531/8160
f 5099/6593/8160 5076/6531/8160 5125/6530/8160
f 5115/6591/8149 5044/6587/8149 5116/6586/8149
f 5100/6525/8161 5075/6529/8161 5067/6526/8161
f 5113/6592/8162 5114/6519/8162 5043/6518/8162
f 5059/6513/8163 5043/6518/8163 5060/6515/8163
f 5058/6562/8164 5059/6513/8164 5061/6511/8164
f 5104/6508/8165 5061/6511/8165 5105/6510/8165
f 5104/6508/8166 5062/6507/8166 5061/6511/8166
f 5063/6505/8167 5077/6559/8167 5062/6507/8167
f 5063/6505/8168 5074/6503/8168 5070/6532/8168
f 5107/6502/8169 5073/6538/8169 5074/6503/8169
f 5107/6502/8170 5108/6541/8170 5073/6538/8170
f 5088/6558/8171 5087/6501/8171 5066/6499/8171
f 5086/6500/8172 5126/6520/8172 5079/6497/8172
f 5065/6533/8173 5066/6556/8173 5067/6526/8173
f 5083/6522/8080 5067/6498/8080 5079/6497/8080
o Object.7
v -0.070199 -0.974320 0.215219
v -0.098560 -0.975638 0.240412
v -0.099548 -0.970135 0.266418
v -0.087000 -0.961996 0.240799
v -0.093608 -0.963391 0.275875
v -0.077049 -0.954709 0.235373
v -0.087727 -0.961996 0.291823
v -0.082960 -0.953857 0.266340
v -0.068145 -0.945795 0.239830
v -0.041979 -0.965174 0.206693
v -0.059890 -0.942074 0.245876
v -0.065723 -0.941997 0.266476
v -0.018877 -0.969825 0.184252
v -0.038600 -0.935718 0.248706
v -0.055103 -0.938354 0.290564
v -0.019960 -0.937733 0.248105
v -0.071648 -0.953934 0.303683
v -0.079452 -0.976956 0.304245
v -0.057380 -0.951841 0.311357
v -0.041882 -0.934013 0.297966
v -0.045254 -0.952539 0.317481
v -0.032285 -0.936881 0.308043
v -0.021205 -0.934245 0.292075
v -0.007876 -0.937966 0.262678
v -0.014816 -0.939826 0.304555
v 0.002922 -0.943702 0.293742
v -0.000465 -0.965561 0.194581
v 0.009542 -0.954089 0.236148
v 0.031263 -0.965639 0.250508
v 0.025323 -0.968894 0.280371
v 0.017578 -0.954709 0.285893
v -0.081486 -0.980733 0.302698
v -0.076688 -0.980939 0.306063
v -0.089896 -0.980141 0.293023
v -0.097156 -0.979674 0.285388
v -0.098342 -0.979439 0.281532
v -0.015623 -0.973195 0.179456
v -0.000671 -0.973353 0.182033
v -0.020347 -0.973234 0.180091
v 0.012985 -0.979754 0.286684
v 0.025412 -0.978987 0.274140
v -0.006190 -0.980771 0.303321
v -0.044444 -0.982117 0.325331
v -0.045245 -0.982078 0.324685
v 0.036555 -0.977090 0.243126
v 0.032420 -0.978272 0.262463
v 0.038298 -0.975805 0.222125
v 0.036356 -0.975498 0.217110
v 0.029016 -0.974997 0.208918
v -0.059385 -0.981441 0.314266
v -0.046450 -0.982070 0.324555
v -0.067760 -0.975191 0.212080
v -0.070676 -0.975369 0.214994
v -0.036799 -0.973849 0.190147
v -0.103111 -0.978402 0.264586
v -0.099349 -0.976997 0.241614
v -0.099802 -0.979149 0.276801
v -0.097371 -0.976812 0.238580
v -0.045746 -0.982091 0.324905
v -0.065750 -0.981222 0.310686
v -0.031925 -0.956415 0.319867
v -0.040787 -0.977139 0.325230
v -0.029694 -0.958850 0.318517
v -0.023085 -0.952039 0.314518
v 0.005880 -0.963201 0.296991
v -0.000579 -0.959957 0.300899
v -0.005424 -0.952926 0.303830
v -0.008962 -0.980933 0.305972
v -0.010580 -0.980993 0.306951
v -0.012051 -0.981048 0.307841
v -0.005293 -0.977915 0.303751
v 0.002488 -0.972755 0.299043
v 0.007873 -0.969185 0.295785
v -0.014435 -0.981136 0.309283
v -0.014652 -0.950818 0.309415
v -0.039657 -0.982069 0.324546
vn -0.0000 -0.9981 -0.0610
vn -0.0000 -0.9981 -0.0611
vn 0.0004 -0.9981 -0.0624
vn -0.0000 -0.9981 -0.0608
vn -0.0000 -0.9981 -0.0615
vn -0.0000 -0.9982 -0.0607
vn -0.0000 -0.9981 -0.0612
vn 0.0001 -0.9981 -0.0609
vn 0.5177 -0.0000 0.8556
vn 0.5177 -0.0000 0.8555
vn -0.5844 0.7983 0.1457
vn -0.2546 0.9340 0.2507
vn -0.7842 0.5786 -0.2242
vn -0.1992 0.9781 -0.0601
vn -0.6111 0.7768 0.1519
vn -0.3728 0.7966 0.4759
vn -0.4914 0.7542 0.4354
vn -0.2794 0.7200 0.6353
vn -0.4109 0.6956 0.5893
vn 0.2497 0.9676 0.0376
vn 0.1066 0.9939 -0.0273
vn 0.0820 0.8911 -0.4464
vn 0.0446 0.8929 -0.4480
vn 0.0995 0.8446 -0.5261
vn -0.9054 0.3313 0.2655
vn -0.9014 0.4155 -0.1222
vn -0.8379 0.0037 -0.5458
vn -0.6129 0.4222 -0.6679
vn -0.4015 0.7534 -0.5208
vn -0.3461 0.7820 -0.5184
vn -0.4015 0.7534 -0.5207
vn -0.4039 0.6141 -0.6781
vn -0.0122 0.8589 -0.5119
vn -0.1689 0.8134 -0.5567
vn -0.2805 0.6385 -0.7167
vn -0.6622 0.7348 -0.1466
vn -0.6520 0.4206 -0.6309
vn -0.6185 0.7811 -0.0855
vn -0.6746 0.7316 -0.0980
vn -0.8833 0.3645 0.2949
vn -0.8837 0.3643 0.2940
vn -0.7144 0.1308 0.6874
vn -0.7441 0.1322 0.6549
vn -0.6510 0.2383 0.7207
vn -0.3814 0.1516 0.9119
vn 0.5439 0.8237 -0.1602
vn 0.9261 0.3641 0.0991
vn 0.9319 0.2907 0.2170
vn -0.4286 0.2268 0.8746
vn -0.6146 0.1183 0.7799
vn 0.3878 0.2185 0.8955
vn -0.5559 0.4229 0.7157
vn -0.5559 0.4229 0.7156
vn 0.5423 0.3465 0.7654
vn 0.4417 0.3683 0.8181
vn -0.4220 0.7273 0.5413
vn 0.7379 0.3594 0.5713
vn 0.5071 0.8532 0.1219
vn 0.1101 0.9910 -0.0755
vn 0.2625 0.9611 0.0862
vn 0.6180 0.7831 -0.0702
vn 0.5701 0.8175 -0.0819
vn 0.5833 0.2188 0.7823
vn 0.6662 -0.3114 0.6777
vn 0.6331 -0.3060 0.7110
vn 0.6332 -0.3060 0.7110
vn 0.6598 0.0689 0.7483
vn 0.6667 -0.3873 0.6368
vn 0.6780 0.1689 0.7153
vn 0.5044 0.8606 -0.0707
vn 0.3281 0.8874 -0.3239
vn 0.4311 0.8378 -0.3350
vn 0.1620 -0.0990 0.9818
vn 0.7378 0.3594 0.5713
vn 0.8286 -0.2888 0.4796
vn 0.8896 0.3999 0.2205
vn -0.4838 0.1180 0.8672
vn -0.5748 -0.0256 0.8179
vn -0.6512 0.4304 -0.6251
vn -0.5835 0.5123 -0.6301
vn -0.7503 0.6404 -0.1640
vn 0.4685 0.7471 -0.4716
vn -0.0886 0.7856 -0.6123
vn 0.3895 0.8676 -0.3092
vn -0.3474 0.7807 -0.5194
vn -0.3435 0.9354 -0.0839
vn -0.4286 0.2269 0.8746
vn -0.2851 0.9571 -0.0521
vn -0.4837 0.1180 0.8672
vn -0.2796 0.9588 -0.0499
vn -0.5424 0.8213 0.1771
vn -0.4309 0.9018 0.0334
vn -0.7335 0.6610 -0.1582
vt 0.000000 0.000000
vt 0.056396 0.312012
vt 0.054199 0.311279
vt 0.054443 0.309326
vt 0.060303 0.313232
vt 0.058838 0.311035
vt 0.059570 0.308105
vt 0.056152 0.307617
vt 0.057861 0.306152
vt 0.061279 0.306641
vt 0.059814 0.305176
vt 0.062012 0.305176
vt 0.065918 0.311279
vt 0.063232 0.312256
vt 0.067871 0.320313
vt 0.070068 0.318359
vt 0.068629 0.320848
vt 0.070738 0.320035
vt 0.052382 0.313422
vt 0.052278 0.311502
vt 0.053467 0.312988
vt 0.054688 0.315918
vt 0.054391 0.315829
vt 0.054854 0.316266
vt 0.059082 0.319336
vt 0.058993 0.319450
vt 0.059555 0.319642
vt 0.063965 0.319092
vt 0.065179 0.321087
vt 0.067787 0.321071
vt 0.059570 0.314697
vt 0.058105 0.315430
vt 0.056641 0.315186
vt 0.052199 0.310734
vt 0.052186 0.310267
vt 0.052285 0.308644
vt 0.053303 0.307244
vt 0.053955 0.307129
vt 0.055617 0.304940
vt 0.054137 0.306474
vt 0.074611 0.313261
vt 0.072510 0.308594
vt 0.074619 0.312428
vt 0.073784 0.308594
vt 0.071045 0.303711
vt 0.072766 0.305523
vt 0.058436 0.303107
vt 0.058321 0.303163
vt 0.056328 0.304201
vt 0.058494 0.303065
vt 0.058652 0.302955
vt 0.061671 0.303471
vt 0.059480 0.302892
vt 0.066221 0.303389
vt 0.064941 0.304443
vt 0.064825 0.303398
vt 0.063274 0.303610
vt 0.064209 0.306152
vt 0.062051 0.303406
vt 0.066895 0.308838
vt 0.067627 0.304443
vt 0.070557 0.311768
vt 0.069824 0.304932
vt 0.068126 0.302951
vt 0.067163 0.302587
vt 0.067145 0.300887
vt 0.066472 0.300761
vt 0.067229 0.300678
vt 0.070025 0.302220
vt 0.067917 0.301745
vt 0.068452 0.302338
vt 0.071888 0.303374
vt 0.073783 0.314821
vt 0.059656 0.302427
s 0
usemtl Mat_0.011
f 5192/6594/8174 5174/6594/8174 5175/6594/8174
f 5186/6594/8175 5192/6594/8175 5175/6594/8175
f 5192/6594/8174 5186/6594/8174 5194/6594/8174
f 5191/6594/8174 5195/6594/8174 5190/6594/8174
f 5191/6594/8175 5190/6594/8175 5189/6594/8175
f 5173/6594/8174 5186/6594/8174 5172/6594/8174
f 5172/6594/8174 5186/6594/8174 5171/6594/8174
f 5184/6594/8174 5197/6594/8174 5170/6594/8174
f 5184/6594/8175 5170/6594/8175 5185/6594/8175
f 5188/6594/8174 5182/6594/8174 5183/6594/8174
f 5178/6594/8175 5188/6594/8175 5183/6594/8175
f 5188/6594/8174 5178/6594/8174 5196/6594/8174
f 5196/6594/8176 5178/6594/8176 5181/6594/8176
f 5181/6594/8174 5178/6594/8174 5180/6594/8174
f 5211/6594/8177 5177/6594/8177 5207/6594/8177
f 5207/6594/8178 5177/6594/8178 5179/6594/8178
f 5207/6594/8179 5179/6594/8179 5206/6594/8179
f 5205/6594/8180 5206/6594/8180 5179/6594/8180
f 5211/6594/8181 5178/6594/8181 5177/6594/8181
f 5213/6594/8174 5178/6594/8174 5211/6594/8174
f 5185/6594/8174 5169/6594/8174 5186/6594/8174
f 5213/6594/8175 5180/6594/8175 5178/6594/8175
f 5182/6594/8175 5188/6594/8175 5187/6594/8175
f 5197/6594/8174 5182/6594/8174 5187/6594/8174
f 5185/6594/8174 5170/6594/8174 5169/6594/8174
f 5182/6594/8175 5197/6594/8175 5184/6594/8175
f 5186/6594/8175 5169/6594/8175 5171/6594/8175
f 5176/6594/8175 5195/6594/8175 5191/6594/8175
f 5176/6594/8174 5193/6594/8174 5195/6594/8174
f 5174/6594/8175 5193/6594/8175 5176/6594/8175
f 5194/6594/8175 5186/6594/8175 5173/6594/8175
f 5174/6594/8174 5192/6594/8174 5193/6594/8174
f 5200/6594/8182 5198/6594/8182 5199/6594/8182
f 5212/6594/8182 5200/6594/8182 5199/6594/8182
f 5212/6594/8183 5199/6594/8183 5204/6594/8183
f 5213/6594/8182 5202/6594/8182 5203/6594/8182
f 5204/6594/8182 5213/6594/8182 5203/6594/8182
f 5202/6594/8182 5213/6594/8182 5211/6594/8182
f 5207/6594/8183 5202/6594/8183 5211/6594/8183
f 5208/6594/8183 5206/6594/8183 5205/6594/8183
f 5208/6594/8182 5202/6594/8182 5206/6594/8182
f 5209/6594/8183 5202/6594/8183 5208/6594/8183
f 5202/6594/8182 5209/6594/8182 5210/6594/8182
f 5206/6594/8183 5202/6594/8183 5207/6594/8183
f 5204/6594/8182 5199/6594/8182 5213/6594/8182
f 5201/6594/8182 5200/6594/8182 5212/6594/8182
f 5145/6595/8184 5142/6596/8184 5144/6597/8184
f 5148/6598/8185 5145/6595/8185 5144/6597/8185
f 5148/6598/8186 5144/6597/8186 5149/6599/8186
f 5152/6600/8187 5148/6598/8187 5149/6599/8187
f 5149/6599/8188 5154/6601/8188 5152/6600/8188
f 5152/6600/8189 5154/6601/8189 5156/6602/8189
f 5157/6603/8190 5152/6600/8190 5156/6602/8190
f 5157/6603/8191 5156/6602/8191 5158/6604/8191
f 5157/6603/8192 5158/6604/8192 5159/6605/8192
f 5157/6603/8193 5159/6605/8193 5153/6606/8193
f 5151/6607/8194 5157/6603/8194 5153/6606/8194
f 5150/6608/8195 5151/6607/8195 5153/6606/8195
f 5153/6606/8196 5164/6609/8196 5150/6608/8196
f 5174/6610/8197 5150/6608/8197 5164/6609/8197
f 5174/6610/8197 5164/6609/8197 5175/6611/8197
f 5192/6612/8198 5194/6613/8198 5140/6614/8198
f 5192/6612/8199 5140/6614/8199 5139/6615/8199
f 5192/6612/8199 5139/6615/8199 5193/6616/8199
f 5195/6617/8200 5193/6616/8200 5139/6615/8200
f 5195/6617/8201 5139/6615/8201 5138/6618/8201
f 5195/6617/8201 5138/6618/8201 5190/6619/8201
f 5189/6620/8202 5147/6621/8202 5191/6622/8202
f 5191/6622/8203 5147/6621/8203 5150/6608/8203
f 5191/6622/8203 5150/6608/8203 5176/6623/8203
f 5189/6620/8204 5138/6618/8204 5147/6621/8204
f 5138/6618/8205 5146/6624/8205 5147/6621/8205
f 5146/6624/8206 5148/6598/8206 5147/6621/8206
f 5147/6621/8207 5148/6598/8207 5151/6607/8207
f 5138/6618/8208 5143/6625/8208 5146/6624/8208
f 5146/6624/8209 5143/6625/8209 5145/6595/8209
f 5141/6626/8210 5143/6625/8210 5138/6618/8210
f 5141/6626/8211 5142/6596/8211 5143/6625/8211
f 5141/6626/8212 5140/6614/8212 5142/6596/8212
f 5173/6627/8213 5142/6596/8213 5140/6614/8213
f 5172/6628/8214 5142/6596/8214 5173/6627/8214
f 5172/6628/8215 5171/6629/8215 5144/6597/8215
f 5169/6630/8216 5144/6597/8216 5171/6629/8216
f 5169/6630/8216 5155/6631/8216 5144/6597/8216
f 5154/6601/8217 5144/6597/8217 5155/6631/8217
f 5197/6632/8218 5154/6601/8218 5155/6631/8218
f 5197/6632/8218 5155/6631/8218 5170/6633/8218
f 5185/6634/8219 5166/6635/8219 5184/6636/8219
f 5182/6637/8220 5184/6636/8220 5166/6635/8220
f 5182/6637/8221 5166/6635/8221 5167/6638/8221
f 5182/6637/8221 5167/6638/8221 5183/6639/8221
f 5196/6640/8222 5156/6602/8222 5188/6641/8222
f 5187/6642/8223 5188/6641/8223 5156/6602/8223
f 5181/6643/8224 5158/6604/8224 5196/6640/8224
f 5180/6644/8225 5159/6605/8225 5181/6643/8225
f 5198/6645/8226 5159/6605/8226 5180/6644/8226
f 5198/6645/8226 5180/6644/8226 5199/6646/8226
f 5204/6647/8227 5162/6648/8227 5212/6649/8227
f 5201/6650/8228 5212/6649/8228 5162/6648/8228
f 5201/6650/8229 5162/6648/8229 5160/6651/8229
f 5201/6650/8229 5160/6651/8229 5200/6652/8229
f 5200/6652/8230 5160/6651/8230 5159/6605/8230
f 5160/6651/8231 5162/6648/8231 5161/6653/8231
f 5153/6606/8232 5160/6651/8232 5161/6653/8232
f 5161/6653/8233 5162/6648/8233 5163/6654/8233
f 5165/6655/8234 5161/6653/8234 5163/6654/8234
f 5168/6656/8235 5165/6655/8235 5163/6654/8235
f 5202/6657/8236 5168/6656/8236 5163/6654/8236
f 5202/6657/8236 5163/6654/8236 5203/6658/8236
f 5208/6659/8237 5205/6660/8237 5179/6661/8237
f 5208/6659/8238 5177/6662/8238 5209/6663/8238
f 5209/6663/8238 5177/6662/8238 5167/6638/8238
f 5209/6663/8239 5167/6638/8239 5210/6664/8239
f 5210/6664/8240 5167/6638/8240 5168/6656/8240
f 5177/6662/8241 5178/6665/8241 5167/6638/8241
f 5208/6659/8238 5179/6661/8238 5177/6662/8238
f 5204/6647/8242 5203/6658/8242 5163/6654/8242
f 5210/6664/8240 5168/6656/8240 5202/6657/8240
f 5166/6635/8243 5165/6655/8243 5168/6656/8243
f 5164/6609/8244 5161/6653/8244 5165/6655/8244
f 5186/6666/8245 5164/6609/8245 5165/6655/8245
f 5186/6666/8245 5165/6655/8245 5185/6634/8245
f 5204/6647/8227 5163/6654/8227 5162/6648/8227
f 5213/6667/8246 5199/6646/8246 5180/6644/8246
f 5200/6652/8247 5159/6605/8247 5198/6645/8247
f 5178/6665/8248 5183/6639/8248 5167/6638/8248
f 5166/6635/8249 5168/6656/8249 5167/6638/8249
f 5185/6634/8219 5165/6655/8219 5166/6635/8219
f 5187/6642/8250 5154/6601/8250 5197/6632/8250
f 5169/6630/8251 5170/6633/8251 5155/6631/8251
f 5189/6620/8252 5190/6619/8252 5138/6618/8252
f 5139/6615/8253 5141/6626/8253 5138/6618/8253
f 5139/6615/8254 5140/6614/8254 5141/6626/8254
f 5173/6627/8213 5140/6614/8213 5194/6613/8213
f 5186/6666/8255 5175/6611/8255 5164/6609/8255
f 5174/6610/8256 5176/6623/8256 5150/6608/8256
f 5153/6606/8257 5161/6653/8257 5164/6609/8257
f 5147/6621/8258 5151/6607/8258 5150/6608/8258
f 5153/6606/8259 5159/6605/8259 5160/6651/8259
f 5181/6643/8224 5159/6605/8224 5158/6604/8224
f 5196/6640/8260 5158/6604/8260 5156/6602/8260
f 5157/6603/8261 5151/6607/8261 5152/6600/8261
f 5187/6642/8262 5156/6602/8262 5154/6601/8262
f 5151/6607/8263 5148/6598/8263 5152/6600/8263
f 5154/6601/8264 5149/6599/8264 5144/6597/8264
f 5146/6624/8265 5145/6595/8265 5148/6598/8265
f 5172/6628/8214 5144/6597/8214 5142/6596/8214
f 5143/6625/8266 5142/6596/8266 5145/6595/8266
o Object.8
v 0.058412 -0.961065 0.262852
v 0.073174 -0.946260 0.249888
v 0.059682 -0.972073 0.241129
v 0.066871 -0.958972 0.243977
v 0.103860 -0.950446 0.194542
v 0.131717 -0.969670 0.164350
v 0.117125 -0.935873 0.200937
v 0.118840 -0.923936 0.212952
v 0.147966 -0.953857 0.181656
v 0.130360 -0.917812 0.217719
v 0.162839 -0.956182 0.179388
v 0.176986 -0.949981 0.186617
v 0.055880 -0.978002 0.258044
v 0.058761 -0.976853 0.239254
v 0.057448 -0.976982 0.241368
v 0.069733 -0.975678 0.220050
v 0.101257 -0.972708 0.171489
v 0.126860 -0.972206 0.163282
v 0.136239 -0.972146 0.162294
v 0.153812 -0.972239 0.163826
v 0.159721 -0.972239 0.163822
v 0.179587 -0.972624 0.170122
v 0.186177 -0.972695 0.171271
v 0.192848 -0.972814 0.173223
v 0.057321 -0.977479 0.249497
v 0.130378 -0.916754 0.221654
v 0.134225 -0.917118 0.219326
v 0.127449 -0.917217 0.223426
v 0.113761 -0.920169 0.231710
v 0.106902 -0.922635 0.235860
v 0.070300 -0.946079 0.258009
v 0.073705 -0.941910 0.255948
v 0.059062 -0.959030 0.264809
v 0.058835 -0.962763 0.264946
v 0.058965 -0.963546 0.264868
v 0.059757 -0.968333 0.264388
v 0.120798 -0.976131 0.227451
v 0.082247 -0.977558 0.250779
v 0.077155 -0.977746 0.253861
v 0.192953 -0.959644 0.183789
v 0.184431 -0.949926 0.188945
v 0.195239 -0.962251 0.182405
v 0.203007 -0.973088 0.177704
v 0.138411 -0.975479 0.216793
v 0.180858 -0.946937 0.191108
v 0.168192 -0.938863 0.198772
v 0.175518 -0.943548 0.194339
v 0.154459 -0.931099 0.207082
v 0.096138 -0.928063 0.242374
v 0.089177 -0.933255 0.246586
v 0.082259 -0.936616 0.250772
v 0.060058 -0.978379 0.264206
vn -0.0000 -0.9981 -0.0611
vn -0.0001 -0.9981 -0.0610
vn -0.0000 -0.9981 -0.0610
vn -0.0000 -0.9981 -0.0609
vn 0.5177 -0.0000 0.8555
vn 0.5177 -0.0000 0.8556
vn 0.5176 -0.0000 0.8556
vn 0.1445 0.5934 -0.7918
vn -0.8282 -0.0350 0.5594
vn -0.9703 0.1882 -0.1521
vn -0.9099 0.4146 0.0112
vn -0.8069 0.3437 -0.4804
vn -0.8265 0.3362 -0.4516
vn -0.7226 0.5363 -0.4363
vn -0.2266 0.7133 -0.6633
vn -0.0921 0.5312 -0.8422
vn 0.0653 0.7054 -0.7058
vn 0.0653 0.7053 -0.7058
vn -0.0006 0.6961 -0.7179
vn 0.2409 0.6510 -0.7198
vn 0.0031 0.7080 -0.7062
vn 0.1319 0.7542 -0.6432
vn -0.3594 0.8913 -0.2763
vn -0.4764 0.8281 -0.2953
vn -0.5805 0.7379 -0.3444
vn -0.6927 0.5586 -0.4561
vn -0.6927 0.5586 -0.4562
vn 0.2020 0.7210 -0.6629
vn 0.1142 0.7739 -0.6230
vn 0.1184 0.7739 -0.6222
vn 0.0157 0.7435 -0.6686
vn 0.2331 0.6074 -0.7594
vn -0.9837 -0.1690 0.0617
vn -0.9837 -0.1689 0.0619
vn -0.9658 0.0680 0.2502
vn -0.7930 0.5344 -0.2925
vn -0.7930 0.5344 -0.2926
vn -0.7935 0.5314 -0.2967
vn -0.7095 0.5542 -0.4353
vn -0.6460 0.6458 -0.4070
vn -0.5845 0.7069 -0.3984
vn -0.8055 0.5083 -0.3046
vn -0.8062 0.5118 -0.2967
vn 0.3443 0.5703 -0.7458
vn -0.3395 0.6196 -0.7077
vn -0.0248 0.7109 -0.7028
vn -0.2955 0.9229 -0.2470
vn -0.0655 0.9637 -0.2590
vn -0.0676 0.6890 -0.7216
vn 0.0055 0.7356 -0.6774
vn -0.2266 0.7133 -0.6632
vn -0.7318 0.5019 -0.4610
vn 0.2331 0.6074 -0.7595
vt 0.000000 0.000000
vt 0.874926 0.783906
vt 0.870361 0.785156
vt 0.874521 0.782993
vt 0.866528 0.808796
vt 0.867970 0.809376
vt 0.867247 0.810153
vt 0.869629 0.806885
vt 0.868979 0.808445
vt 0.869912 0.807639
vt 0.870157 0.807307
vt 0.871839 0.804307
vt 0.871338 0.796387
vt 0.875720 0.796538
vt 0.875977 0.791504
vt 0.876346 0.792281
vt 0.876405 0.790775
vt 0.872314 0.789063
vt 0.876064 0.788013
vt 0.872559 0.786865
vt 0.875968 0.787149
vt 0.864746 0.792480
vt 0.866538 0.788921
vt 0.864288 0.792023
vt 0.864147 0.793235
vt 0.866455 0.793945
vt 0.864098 0.795752
vt 0.864144 0.797097
vt 0.864436 0.799120
vt 0.868896 0.794189
vt 0.864693 0.800657
vt 0.869376 0.784753
vt 0.869930 0.784121
vt 0.868812 0.785558
vt 0.867915 0.786762
vt 0.871450 0.782556
vt 0.871858 0.782136
vt 0.874169 0.782059
vt 0.866120 0.808134
vt 0.866054 0.808026
vt 0.866211 0.807617
vt 0.865824 0.807521
vt 0.865182 0.804638
vt 0.865967 0.803711
vt 0.867920 0.805176
vt 0.864777 0.802036
vt 0.864930 0.803785
vt 0.873392 0.780534
vt 0.864227 0.792740
s 0
usemtl Mat_0.011
f 5252/6668/8267 5235/6668/8267 5236/6668/8267
f 5252/6668/8268 5236/6668/8268 5251/6668/8268
f 5265/6668/8267 5226/6668/8267 5235/6668/8267
f 5238/6668/8269 5235/6668/8269 5226/6668/8269
f 5231/6668/8267 5229/6668/8267 5230/6668/8267
f 5233/6668/8269 5229/6668/8269 5232/6668/8269
f 5234/6668/8269 5227/6668/8269 5233/6668/8269
f 5250/6668/8269 5236/6668/8269 5237/6668/8269
f 5250/6668/8267 5237/6668/8267 5257/6668/8267
f 5256/6668/8269 5257/6668/8269 5237/6668/8269
f 5229/6668/8269 5231/6668/8269 5232/6668/8269
f 5233/6668/8267 5227/6668/8267 5229/6668/8267
f 5227/6668/8270 5234/6668/8270 5228/6668/8270
f 5234/6668/8267 5238/6668/8267 5228/6668/8267
f 5235/6668/8269 5238/6668/8269 5234/6668/8269
f 5250/6668/8267 5251/6668/8267 5236/6668/8267
f 5265/6668/8269 5235/6668/8269 5252/6668/8269
f 5252/6668/8271 5251/6668/8271 5249/6668/8271
f 5265/6668/8272 5252/6668/8272 5249/6668/8272
f 5239/6668/8271 5261/6668/8271 5240/6668/8271
f 5261/6668/8272 5239/6668/8272 5241/6668/8272
f 5242/6668/8271 5261/6668/8271 5241/6668/8271
f 5263/6668/8272 5253/6668/8272 5262/6668/8272
f 5262/6668/8272 5253/6668/8272 5254/6668/8272
f 5258/6668/8272 5262/6668/8272 5254/6668/8272
f 5243/6668/8272 5260/6668/8272 5259/6668/8272
f 5260/6668/8271 5262/6668/8271 5258/6668/8271
f 5253/6668/8272 5263/6668/8272 5255/6668/8272
f 5257/6668/8271 5246/6668/8271 5250/6668/8271
f 5246/6668/8272 5251/6668/8272 5250/6668/8272
f 5251/6668/8271 5246/6668/8271 5247/6668/8271
f 5251/6668/8273 5247/6668/8273 5248/6668/8273
f 5245/6668/8272 5256/6668/8272 5264/6668/8272
f 5256/6668/8271 5263/6668/8271 5264/6668/8271
f 5245/6668/8272 5257/6668/8272 5256/6668/8272
f 5257/6668/8272 5245/6668/8272 5244/6668/8272
f 5246/6668/8272 5257/6668/8272 5244/6668/8272
f 5263/6668/8272 5256/6668/8272 5255/6668/8272
f 5262/6668/8272 5260/6668/8272 5243/6668/8272
f 5243/6668/8272 5259/6668/8272 5242/6668/8272
f 5242/6668/8272 5259/6668/8272 5261/6668/8272
f 5251/6668/8272 5248/6668/8272 5249/6668/8272
f 5235/6669/8274 5225/6670/8274 5236/6671/8274
f 5249/6672/8275 5226/6673/8275 5265/6674/8275
f 5226/6673/8276 5216/6675/8276 5238/6676/8276
f 5228/6677/8277 5238/6676/8277 5216/6675/8277
f 5227/6678/8278 5228/6677/8278 5216/6675/8278
f 5229/6679/8279 5227/6678/8279 5216/6675/8279
f 5229/6679/8280 5216/6675/8280 5218/6680/8280
f 5229/6679/8280 5218/6680/8280 5230/6681/8280
f 5230/6681/8281 5219/6682/8281 5231/6683/8281
f 5232/6684/8282 5231/6683/8282 5219/6682/8282
f 5232/6684/8283 5219/6682/8283 5222/6685/8283
f 5232/6684/8284 5222/6685/8284 5233/6686/8284
f 5233/6686/8285 5222/6685/8285 5224/6687/8285
f 5233/6686/8285 5224/6687/8285 5234/6688/8285
f 5235/6669/8286 5234/6688/8286 5224/6687/8286
f 5224/6687/8287 5222/6685/8287 5223/6689/8287
f 5261/6690/8288 5224/6687/8288 5223/6689/8288
f 5261/6690/8288 5223/6689/8288 5240/6691/8288
f 5241/6692/8289 5221/6693/8289 5242/6694/8289
f 5243/6695/8290 5242/6694/8290 5221/6693/8290
f 5262/6696/8291 5243/6695/8291 5221/6693/8291
f 5262/6696/8292 5221/6693/8292 5220/6697/8292
f 5262/6696/8293 5220/6697/8293 5263/6698/8293
f 5258/6699/8294 5254/6700/8294 5225/6670/8294
f 5260/6701/8295 5258/6699/8295 5225/6670/8295
f 5259/6702/8296 5260/6701/8296 5225/6670/8296
f 5259/6702/8297 5225/6670/8297 5224/6687/8297
f 5253/6703/8298 5225/6670/8298 5254/6700/8298
f 5255/6704/8298 5236/6671/8298 5253/6703/8298
f 5255/6704/8298 5237/6705/8298 5236/6671/8298
f 5248/6706/8299 5247/6707/8299 5214/6708/8299
f 5249/6672/8300 5248/6706/8300 5214/6708/8300
f 5247/6707/8301 5246/6709/8301 5214/6708/8301
f 5244/6710/8302 5214/6708/8302 5246/6709/8302
f 5244/6710/8303 5215/6711/8303 5214/6708/8303
f 5217/6712/8304 5214/6708/8304 5215/6711/8304
f 5217/6712/8305 5215/6711/8305 5218/6680/8305
f 5264/6713/8306 5218/6680/8306 5215/6711/8306
f 5264/6713/8306 5215/6711/8306 5245/6714/8306
f 5263/6698/8307 5218/6680/8307 5264/6713/8307
f 5214/6708/8308 5217/6712/8308 5216/6675/8308
f 5244/6710/8309 5245/6714/8309 5215/6711/8309
f 5255/6704/8310 5256/6715/8310 5237/6705/8310
f 5263/6698/8307 5220/6697/8307 5218/6680/8307
f 5218/6680/8311 5220/6697/8311 5219/6682/8311
f 5222/6685/8312 5220/6697/8312 5221/6693/8312
f 5241/6692/8289 5223/6689/8289 5221/6693/8289
f 5241/6692/8313 5239/6716/8313 5223/6689/8313
f 5239/6716/8314 5240/6691/8314 5223/6689/8314
f 5259/6702/8297 5224/6687/8297 5261/6690/8297
f 5222/6685/8315 5221/6693/8315 5223/6689/8315
f 5219/6682/8316 5220/6697/8316 5222/6685/8316
f 5230/6681/8317 5218/6680/8317 5219/6682/8317
f 5217/6712/8318 5218/6680/8318 5216/6675/8318
f 5226/6673/8276 5214/6708/8276 5216/6675/8276
f 5249/6672/8275 5214/6708/8275 5226/6673/8275
f 5253/6703/8319 5236/6671/8319 5225/6670/8319
f 5235/6669/8274 5224/6687/8274 5225/6670/8274
